time_s	mv
0.0	-0.236475
0.001	0.157934
0.002	0.418187
0.003	0.461226
0.004	0.289504
0.005	-0.037184
0.006	-0.44281
0.007	-0.863064
0.008	-1.252962
0.009	-1.583506
0.01	-1.836597
0.011	-2.001394
0.012	-2.076222
0.013	-2.073113
0.014	-2.014618
0.015	-1.918587
0.016	-1.7803
0.017	-1.575227
0.018	-1.292924
0.019	-0.966695
0.02	-0.660829
0.021	-0.435897
0.022	-0.32923
0.023	-0.351248
0.024	-0.486378
0.025	-0.697087
0.026	-0.932249
0.027	-1.140317
0.028	-1.286163
0.029	-1.363492
0.03	-1.391423
0.031	-1.397295
0.032	-1.399942
0.033	-1.404364
0.034	-1.406702
0.035	-1.399795
0.036	-1.380045
0.037	-1.363128
0.038	-1.391372
0.039	-1.503092
0.04	-1.686132
0.041	-1.877529
0.042	-2.011421
0.043	-2.059357
0.044	-2.03458
0.045	-1.97466
0.046	-1.923539
0.047	-1.918609
0.048	-1.978488
0.049	-2.093129
0.05	-2.225657
0.051	-2.328746
0.052	-2.364137
0.053	-2.314197
0.054	-2.184378
0.055	-1.999588
0.056	-1.800505
0.057	-1.646214
0.058	-1.607962
0.059	-1.725754
0.06	-1.959192
0.061	-2.203684
0.062	-2.361582
0.063	-2.393495
0.064	-2.31922
0.065	-2.191195
0.066	-2.066981
0.067	-1.990135
0.068	-1.980097
0.069	-2.03018
0.07	-2.112101
0.071	-2.185847
0.072	-2.213186
0.073	-2.170638
0.074	-2.057687
0.075	-1.894587
0.076	-1.699857
0.077	-1.466816
0.078	-1.179519
0.079	-0.848026
0.08	-0.514403
0.081	-0.237106
0.082	-0.07231
0.083	-0.050891
0.084	-0.165361
0.085	-0.379501
0.086	-0.650821
0.087	-0.948084
0.088	-1.2516
0.089	-1.540733
0.09	-1.78591
0.091	-1.954818
0.092	-2.027651
0.093	-2.008506
0.094	-1.920935
0.095	-1.786373
0.096	-1.598912
0.097	-1.32345
0.098	-0.934081
0.099	-0.456697
0.1	0.030324
0.101	0.426358
0.102	0.64515
0.103	0.647949
0.104	0.455154
0.105	0.130885
0.106	-0.244569
0.107	-0.601354
0.108	-0.897336
0.109	-1.11946
0.11	-1.272735
0.111	-1.367953
0.112	-1.414213
0.113	-1.417776
0.114	-1.385537
0.115	-1.325572
0.116	-1.242036
0.117	-1.139069
0.118	-1.037391
0.119	-0.968767
0.12	-0.945559
0.121	-0.955273
0.122	-0.98341
0.123	-1.025536
0.124	-1.079493
0.125	-1.133185
0.126	-1.163879
0.127	-1.151725
0.128	-1.093735
0.129	-1.005478
0.13	-0.912001
0.131	-0.837189
0.132	-0.797376
0.133	-0.800817
0.134	-0.849022
0.135	-0.93255
0.136	-1.023528
0.137	-1.082959
0.138	-1.089573
0.139	-1.054943
0.14	-1.004541
0.141	-0.959548
0.142	-0.9355
0.143	-0.939826
0.144	-0.965563
0.145	-0.989414
0.146	-0.977023
0.147	-0.896464
0.148	-0.738682
0.149	-0.531679
0.15	-0.331241
0.151	-0.19212
0.152	-0.143916
0.153	-0.187007
0.154	-0.303265
0.155	-0.470728
0.156	-0.674184
0.157	-0.913882
0.158	-1.208324
0.159	-1.564541
0.16	-1.936648
0.161	-2.237909
0.162	-2.396837
0.163	-2.39228
0.164	-2.24948
0.165	-2.021263
0.166	-1.770098
0.167	-1.551361
0.168	-1.399227
0.169	-1.319857
0.17	-1.294504
0.171	-1.291043
0.172	-1.27958
0.173	-1.245455
0.174	-1.193479
0.175	-1.14551
0.176	-1.136203
0.177	-1.210121
0.178	-1.411433
0.179	-1.745118
0.18	-2.139092
0.181	-2.471239
0.182	-2.643073
0.183	-2.624073
0.184	-2.443693
0.185	-2.161092
0.186	-1.842473
0.187	-1.549859
0.188	-1.328208
0.189	-1.190885
0.19	-1.118092
0.191	-1.073653
0.192	-1.029948
0.193	-0.984628
0.194	-0.957066
0.195	-0.963828
0.196	-0.988971
0.197	-0.981298
0.198	-0.891866
0.199	-0.713317
0.2	-0.484272
0.201	-0.269211
0.202	-0.129343
0.203	-0.094274
0.204	-0.152869
0.205	-0.266943
0.206	-0.394521
0.207	-0.508834
0.208	-0.602616
0.209	-0.677992
0.21	-0.73527
0.211	-0.772023
0.212	-0.790274
0.213	-0.802204
0.214	-0.826858
0.215	-0.871539
0.216	-0.905572
0.217	-0.864726
0.218	-0.7024
0.219	-0.432747
0.22	-0.123337
0.221	0.139074
0.222	0.284682
0.223	0.287483
0.224	0.170345
0.225	-0.009692
0.226	-0.184381
0.227	-0.298139
0.228	-0.327946
0.229	-0.289525
0.23	-0.222799
0.231	-0.168031
0.232	-0.151694
0.233	-0.185472
0.234	-0.269807
0.235	-0.396392
0.236	-0.551384
0.237	-0.7288
0.238	-0.942652
0.239	-1.20265
0.24	-1.475143
0.241	-1.693282
0.242	-1.805241
0.243	-1.800634
0.244	-1.701125
0.245	-1.538529
0.246	-1.340925
0.247	-1.131543
0.248	-0.931948
0.249	-0.761718
0.25	-0.634779
0.251	-0.555588
0.252	-0.519169
0.253	-0.517345
0.254	-0.545274
0.255	-0.602032
0.256	-0.692816
0.257	-0.838932
0.258	-1.073771
0.259	-1.401902
0.26	-1.761003
0.261	-2.048413
0.262	-2.187485
0.263	-2.162554
0.264	-2.007478
0.265	-1.776855
0.266	-1.52526
0.267	-1.298068
0.268	-1.124364
0.269	-1.011766
0.27	-0.94934
0.271	-0.917382
0.272	-0.897253
0.273	-0.878174
0.274	-0.860077
0.275	-0.849469
0.276	-0.854278
0.277	-0.887781
0.278	-0.970194
0.279	-1.106252
0.28	-1.261119
0.281	-1.378724
0.282	-1.423037
0.283	-1.39177
0.284	-1.301204
0.285	-1.171824
0.286	-1.027894
0.287	-0.899413
0.288	-0.812712
0.289	-0.775095
0.29	-0.770629
0.291	-0.773441
0.292	-0.767324
0.293	-0.756079
0.294	-0.755515
0.295	-0.768541
0.296	-0.759111
0.297	-0.658572
0.298	-0.41874
0.299	-0.059596
0.3	0.337225
0.301	0.667597
0.302	0.846592
0.303	0.841736
0.304	0.682061
0.305	0.438039
0.306	0.187995
0.307	-0.010658
0.308	-0.13564
0.309	-0.196681
0.31	-0.21982
0.311	-0.230648
0.312	-0.247136
0.313	-0.281406
0.314	-0.339666
0.315	-0.417166
0.316	-0.49494
0.317	-0.549961
0.318	-0.577711
0.319	-0.593908
0.32	-0.609499
0.321	-0.622662
0.322	-0.632822
0.323	-0.643519
0.324	-0.65183
0.325	-0.641974
0.326	-0.589526
0.327	-0.474507
0.328	-0.298551
0.329	-0.094063
0.33	0.087495
0.331	0.202376
0.332	0.233236
0.333	0.187021
0.334	0.081793
0.335	-0.064299
0.336	-0.241069
0.337	-0.454994
0.338	-0.726004
0.339	-1.053826
0.34	-1.385658
0.341	-1.63895
0.342	-1.755796
0.343	-1.728278
0.344	-1.588321
0.345	-1.387347
0.346	-1.179282
0.347	-1.008168
0.348	-0.89862
0.349	-0.850566
0.35	-0.842648
0.351	-0.844693
0.352	-0.831907
0.353	-0.793792
0.354	-0.737677
0.355	-0.687261
0.356	-0.677111
0.357	-0.749165
0.358	-0.940925
0.359	-1.246271
0.36	-1.587653
0.361	-1.854893
0.362	-1.972979
0.363	-1.928048
0.364	-1.750843
0.365	-1.494119
0.366	-1.218294
0.367	-0.979237
0.368	-0.813362
0.369	-0.724819
0.37	-0.686854
0.371	-0.661733
0.372	-0.62642
0.373	-0.584778
0.374	-0.557729
0.375	-0.556839
0.376	-0.556498
0.377	-0.496858
0.378	-0.330246
0.379	-0.063362
0.38	0.243561
0.381	0.506108
0.382	0.65424
0.383	0.662623
0.384	0.55449
0.385	0.382127
0.386	0.199359
0.387	0.04089
0.388	-0.0813
0.389	-0.168816
0.39	-0.227196
0.391	-0.261861
0.392	-0.280909
0.393	-0.299597
0.394	-0.335097
0.395	-0.386637
0.396	-0.415858
0.397	-0.359959
0.398	-0.182265
0.399	0.091164
0.4	0.385588
0.401	0.617231
0.402	0.726807
0.403	0.698237
0.404	0.560184
0.405	0.373018
0.406	0.206546
0.407	0.113838
0.408	0.110942
0.409	0.174021
0.41	0.256777
0.411	0.315171
0.412	0.322745
0.413	0.271469
0.414	0.165434
0.415	0.018426
0.416	-0.15127
0.417	-0.339806
0.418	-0.563857
0.419	-0.826953
0.42	-1.087384
0.421	-1.279467
0.422	-1.360284
0.423	-1.328513
0.424	-1.211552
0.425	-1.045014
0.426	-0.861444
0.427	-0.688405
0.428	-0.546817
0.429	-0.446425
0.43	-0.383709
0.431	-0.347229
0.432	-0.326178
0.433	-0.315693
0.434	-0.318266
0.435	-0.341893
0.436	-0.401141
0.437	-0.52513
0.438	-0.748083
0.439	-1.06441
0.44	-1.399786
0.441	-1.650782
0.442	-1.750543
0.443	-1.694132
0.444	-1.520701
0.445	-1.285295
0.446	-1.040665
0.447	-0.827933
0.448	-0.670649
0.449	-0.572532
0.45	-0.52083
0.451	-0.494468
0.452	-0.473948
0.453	-0.449533
0.454	-0.424878
0.455	-0.414057
0.456	-0.428382
0.457	-0.464252
0.458	-0.509416
0.459	-0.551981
0.46	-0.578979
0.461	-0.581224
0.462	-0.561323
0.463	-0.527964
0.464	-0.48495
0.465	-0.431251
0.466	-0.371312
0.467	-0.320075
0.468	-0.292573
0.469	-0.289896
0.47	-0.298855
0.471	-0.304272
0.472	-0.302052
0.473	-0.303802
0.474	-0.324549
0.475	-0.35632
0.476	-0.35099
0.477	-0.239341
0.478	0.016405
0.479	0.383844
0.48	0.7723
0.481	1.075958
0.482	1.217631
0.483	1.178066
0.484	0.997608
0.485	0.751992
0.486	0.519207
0.487	0.352022
0.488	0.265357
0.489	0.242085
0.49	0.250083
0.491	0.257684
0.492	0.241779
0.493	0.190623
0.494	0.103965
0.495	-0.006827
0.496	-0.120303
0.497	-0.217783
0.498	-0.299543
0.499	-0.375854
0.5	-0.444487
0.501	-0.493282
0.502	-0.516794
0.503	-0.517099
0.504	-0.493729
0.505	-0.438316
0.506	-0.33743
0.507	-0.182722
0.508	0.015023
0.509	0.220953
0.51	0.390385
0.511	0.490638
0.512	0.510965
0.513	0.45833
0.514	0.348408
0.515	0.196171
0.516	0.008134
0.517	-0.223444
0.518	-0.513359
0.519	-0.849767
0.52	-1.171343
0.521	-1.398274
0.522	-1.482463
0.523	-1.424588
0.524	-1.259767
0.525	-1.03829
0.526	-0.812004
0.527	-0.622726
0.528	-0.492226
0.529	-0.418964
0.53	-0.384172
0.531	-0.363616
0.532	-0.339979
0.533	-0.310695
0.534	-0.286937
0.535	-0.286464
0.536	-0.3278
0.537	-0.430503
0.538	-0.608754
0.539	-0.84535
0.54	-1.078738
0.541	-1.235917
0.542	-1.276882
0.543	-1.205915
0.544	-1.054996
0.545	-0.863518
0.546	-0.666996
0.547	-0.494856
0.548	-0.368613
0.549	-0.296263
0.55	-0.26635
0.551	-0.249417
0.552	-0.214755
0.553	-0.151135
0.554	-0.070279
0.555	0.00252
0.556	0.032496
0.557	-0.024473
0.558	-0.203477
0.559	-0.489502
0.56	-0.801945
0.561	-1.040563
0.562	-1.146997
0.563	-1.123346
0.564	-1.0099
0.565	-0.857025
0.566	-0.71198
0.567	-0.613207
0.568	-0.578471
0.569	-0.595035
0.57	-0.627567
0.571	-0.639772
0.572	-0.613874
0.573	-0.55651
0.574	-0.486883
0.575	-0.411541
0.576	-0.305051
0.577	-0.122501
0.578	0.160077
0.579	0.516715
0.58	0.876834
0.581	1.153714
0.582	1.280955
0.583	1.240243
0.584	1.062611
0.585	0.805472
0.586	0.523956
0.587	0.253189
0.588	0.009561
0.589	-0.196173
0.59	-0.351294
0.591	-0.44623
0.592	-0.483191
0.593	-0.4773
0.594	-0.446462
0.595	-0.390172
0.596	-0.271723
0.597	-0.036823
0.598	0.333045
0.599	0.788584
0.6	1.22996
0.601	1.549109
0.602	1.673499
0.603	1.592258
0.604	1.352275
0.605	1.033563
0.606	0.719295
0.607	0.470224
0.608	0.309603
0.609	0.224454
0.61	0.18363
0.611	0.159071
0.612	0.134682
0.613	0.103881
0.614	0.066129
0.615	0.025702
0.616	-0.012688
0.617	-0.056328
0.618	-0.126967
0.619	-0.233933
0.62	-0.351789
0.621	-0.439648
0.622	-0.474538
0.623	-0.460602
0.624	-0.416231
0.625	-0.358385
0.626	-0.296619
0.627	-0.236669
0.628	-0.184636
0.629	-0.146329
0.63	-0.123668
0.631	-0.112072
0.632	-0.102722
0.633	-0.089585
0.634	-0.074133
0.635	-0.064427
0.636	-0.077964
0.637	-0.148383
0.638	-0.308925
0.639	-0.549489
0.64	-0.801257
0.641	-0.979079
0.642	-1.035527
0.643	-0.977096
0.644	-0.845754
0.645	-0.692457
0.646	-0.560136
0.647	-0.476612
0.648	-0.450105
0.649	-0.467755
0.65	-0.501895
0.651	-0.522744
0.652	-0.510189
0.653	-0.459504
0.654	-0.381096
0.655	-0.295273
0.656	-0.230383
0.657	-0.225121
0.658	-0.311333
0.659	-0.476984
0.66	-0.657992
0.661	-0.781128
0.662	-0.811318
0.663	-0.758014
0.664	-0.651144
0.665	-0.522376
0.666	-0.403694
0.667	-0.325436
0.668	-0.303094
0.669	-0.325892
0.67	-0.362085
0.671	-0.379775
0.672	-0.366987
0.673	-0.33509
0.674	-0.301073
0.675	-0.25677
0.676	-0.150729
0.677	0.085489
0.678	0.475537
0.679	0.962065
0.68	1.430767
0.681	1.764329
0.682	1.888644
0.683	1.795514
0.684	1.536543
0.685	1.194822
0.686	0.851196
0.687	0.560185
0.688	0.342423
0.689	0.193046
0.69	0.096867
0.691	0.038522
0.692	0.00348
0.693	-0.023161
0.694	-0.049037
0.695	-0.062037
0.696	-0.031454
0.697	0.068357
0.698	0.230799
0.699	0.417601
0.7	0.583026
0.701	0.690419
0.702	0.716938
0.703	0.660125
0.704	0.543567
0.705	0.412689
0.706	0.319333
0.707	0.299064
0.708	0.352878
0.709	0.447564
0.71	0.535618
0.711	0.580502
0.712	0.569767
0.713	0.510716
0.714	0.419547
0.715	0.31204
0.716	0.190979
0.717	0.036334
0.718	-0.176479
0.719	-0.4353
0.72	-0.680038
0.721	-0.842436
0.722	-0.889512
0.723	-0.831465
0.724	-0.705309
0.725	-0.557759
0.726	-0.433567
0.727	-0.364779
0.728	-0.360311
0.729	-0.402655
0.73	-0.456907
0.731	-0.488006
0.732	-0.475118
0.733	-0.416112
0.734	-0.325972
0.735	-0.234664
0.736	-0.185656
0.737	-0.229906
0.738	-0.398667
0.739	-0.662885
0.74	-0.932259
0.741	-1.111009
0.742	-1.152528
0.743	-1.06763
0.744	-0.900925
0.745	-0.70557
0.746	-0.526805
0.747	-0.393126
0.748	-0.314938
0.749	-0.287203
0.75	-0.292398
0.751	-0.306807
0.752	-0.311276
0.753	-0.298311
0.754	-0.267582
0.755	-0.212033
0.756	-0.107474
0.757	0.074967
0.758	0.338839
0.759	0.649315
0.76	0.945138
0.761	1.159122
0.762	1.243768
0.763	1.192491
0.764	1.038734
0.765	0.83403
0.766	0.621858
0.767	0.424708
0.768	0.250734
0.769	0.10712
0.77	0.003641
0.771	-0.053703
0.772	-0.070523
0.773	-0.065526
0.774	-0.058039
0.775	-0.043096
0.776	0.02195
0.777	0.190384
0.778	0.476165
0.779	0.831599
0.78	1.167475
0.781	1.39441
0.782	1.460969
0.783	1.369978
0.784	1.169726
0.785	0.931402
0.786	0.723201
0.787	0.587279
0.788	0.528904
0.789	0.524026
0.79	0.538755
0.791	0.546375
0.792	0.532648
0.793	0.491732
0.794	0.421718
0.795	0.326258
0.796	0.210986
0.797	0.068339
0.798	-0.117007
0.799	-0.333862
0.8	-0.533756
0.801	-0.6639
0.802	-0.700517
0.803	-0.652604
0.804	-0.546712
0.805	-0.411278
0.806	-0.269633
0.807	-0.140086
0.808	-0.036252
0.809	0.035728
0.81	0.08009
0.811	0.107862
0.812	0.128082
0.813	0.141824
0.814	0.141767
0.815	0.115693
0.816	0.045001
0.817	-0.100299
0.818	-0.341015
0.819	-0.646689
0.82	-0.932567
0.821	-1.111933
0.822	-1.145689
0.823	-1.049152
0.824	-0.869567
0.825	-0.66191
0.826	-0.47441
0.827	-0.339182
0.828	-0.265902
0.829	-0.242111
0.83	-0.241132
0.831	-0.235776
0.832	-0.21182
0.833	-0.172582
0.834	-0.130374
0.835	-0.093568
0.836	-0.065525
0.837	-0.053858
0.838	-0.068204
0.839	-0.10322
0.84	-0.134876
0.841	-0.140732
0.842	-0.117968
0.843	-0.080296
0.844	-0.043392
0.845	-0.015682
0.846	-0.000173
0.847	-0.000141
0.848	-0.018905
0.849	-0.054406
0.85	-0.097286
0.851	-0.13528
0.852	-0.160468
0.853	-0.173302
0.854	-0.172807
0.855	-0.135147
0.856	-0.00916
0.857	0.249828
0.858	0.63441
0.859	1.07476
0.86	1.469084
0.861	1.724744
0.862	1.790846
0.863	1.674444
0.864	1.432165
0.865	1.142037
0.866	0.872914
0.867	0.664672
0.868	0.525156
0.869	0.442394
0.87	0.399223
0.871	0.378603
0.872	0.362753
0.873	0.335361
0.874	0.289033
0.875	0.231979
0.876	0.182319
0.877	0.147632
0.878	0.116339
0.879	0.077831
0.88	0.037981
0.881	0.007484
0.882	-0.010719
0.883	-0.017092
0.884	-0.006392
0.885	0.033812
0.886	0.116106
0.887	0.242584
0.888	0.396907
0.889	0.546922
0.89	0.65971
0.891	0.71653
0.892	0.714749
0.893	0.661419
0.894	0.567987
0.895	0.443813
0.896	0.28576
0.897	0.074522
0.898	-0.202816
0.899	-0.515875
0.9	-0.791601
0.901	-0.96016
0.902	-0.993278
0.903	-0.906158
0.904	-0.739945
0.905	-0.546649
0.906	-0.378268
0.907	-0.272045
0.908	-0.23644
0.909	-0.250159
0.91	-0.276261
0.911	-0.281175
0.912	-0.248464
0.913	-0.183288
0.914	-0.108207
0.915	-0.056396
0.916	-0.069163
0.917	-0.189857
0.918	-0.433449
0.919	-0.750392
0.92	-1.04014
0.921	-1.211367
0.922	-1.226971
0.923	-1.10469
0.924	-0.893538
0.925	-0.650833
0.926	-0.427602
0.927	-0.259723
0.928	-0.161505
0.929	-0.123924
0.93	-0.121714
0.931	-0.127412
0.932	-0.12486
0.933	-0.113194
0.934	-0.0959
0.935	-0.058286
0.936	0.042677
0.937	0.250267
0.938	0.56586
0.939	0.937555
0.94	1.280606
0.941	1.511142
0.942	1.580346
0.943	1.49086
0.944	1.287674
0.945	1.035156
0.946	0.792843
0.947	0.597097
0.948	0.455377
0.949	0.355257
0.95	0.280259
0.951	0.219696
0.952	0.1682
0.953	0.122661
0.954	0.085636
0.955	0.077323
0.956	0.138085
0.957	0.300118
0.958	0.553486
0.959	0.845384
0.96	1.102726
0.961	1.258618
0.962	1.279717
0.963	1.179859
0.964	1.00993
0.965	0.834101
0.966	0.705602
0.967	0.650444
0.968	0.662556
0.969	0.712212
0.97	0.764387
0.971	0.793067
0.972	0.782615
0.973	0.723362
0.974	0.612074
0.975	0.455761
0.976	0.26597
0.977	0.048073
0.978	-0.188025
0.979	-0.406339
0.98	-0.556842
0.981	-0.612293
0.982	-0.582371
0.983	-0.49773
0.984	-0.388906
0.985	-0.275762
0.986	-0.167392
0.987	-0.067971
0.988	0.016671
0.989	0.079126
0.99	0.117219
0.991	0.137152
0.992	0.147603
0.993	0.153531
0.994	0.158717
0.995	0.172501
0.996	0.205889
0.997	0.25468
0.998	0.297719
0.999	0.32012
1.0	0.323766
1.001	0.313406
1.002	0.28776
1.003	0.245171
1.004	0.192323
1.005	0.147387
1.006	0.132803
1.007	0.159942
1.008	0.218728
1.009	0.283358
1.01	0.329076
1.011	0.345931
1.012	0.339741
1.013	0.321754
1.014	0.298369
1.015	0.26733
1.016	0.212036
1.017	0.098591
1.018	-0.095908
1.019	-0.341966
1.02	-0.565284
1.021	-0.698999
1.022	-0.720661
1.023	-0.651659
1.024	-0.537442
1.025	-0.427187
1.026	-0.359569
1.027	-0.353751
1.028	-0.404126
1.029	-0.482381
1.03	-0.549192
1.031	-0.570495
1.032	-0.52997
1.033	-0.433017
1.034	-0.302957
1.035	-0.172643
1.036	-0.08139
1.037	-0.072991
1.038	-0.167695
1.039	-0.328738
1.04	-0.4811
1.041	-0.565901
1.042	-0.567328
1.043	-0.502449
1.044	-0.402791
1.045	-0.304609
1.046	-0.244235
1.047	-0.246633
1.048	-0.309603
1.049	-0.400321
1.05	-0.471537
1.051	-0.488207
1.052	-0.446105
1.053	-0.367791
1.054	-0.275395
1.055	-0.155181
1.056	0.050537
1.057	0.39775
1.058	0.87857
1.059	1.40629
1.06	1.855343
1.061	2.118477
1.062	2.147792
1.063	1.963831
1.064	1.635696
1.065	1.247469
1.066	0.868676
1.067	0.541053
1.068	0.281422
1.069	0.092499
1.07	-0.027895
1.071	-0.085651
1.072	-0.094734
1.073	-0.076233
1.074	-0.043215
1.075	0.017243
1.076	0.13666
1.077	0.329362
1.078	0.569307
1.079	0.805172
1.08	0.986563
1.081	1.077279
1.082	1.061711
1.083	0.950089
1.084	0.77879
1.085	0.601654
1.086	0.471756
1.087	0.418223
1.088	0.433038
1.089	0.480832
1.09	0.522487
1.091	0.534018
1.092	0.511196
1.093	0.46202
1.094	0.398617
1.095	0.331574
1.096	0.256002
1.097	0.141936
1.098	-0.036228
1.099	-0.255015
1.1	-0.449204
1.101	-0.563197
1.102	-0.58301
1.103	-0.530267
1.104	-0.441848
1.105	-0.354718
1.106	-0.29807
1.107	-0.2877
1.108	-0.32106
1.109	-0.377093
1.11	-0.424761
1.111	-0.437005
1.112	-0.401258
1.113	-0.321085
1.114	-0.21392
1.115	-0.111794
1.116	-0.06424
1.117	-0.128376
1.118	-0.326595
1.119	-0.60509
1.12	-0.857798
1.121	-0.997893
1.122	-1.000929
1.123	-0.896274
1.124	-0.736521
1.125	-0.573646
1.126	-0.447302
1.127	-0.378387
1.128	-0.366565
1.129	-0.391832
1.13	-0.419412
1.131	-0.414362
1.132	-0.363651
1.133	-0.28238
1.134	-0.191695
1.135	-0.088921
1.136	0.057624
1.137	0.277649
1.138	0.564988
1.139	0.875288
1.14	1.14314
1.141	1.304675
1.142	1.325019
1.143	1.213035
1.144	1.010706
1.145	0.767736
1.146	0.519519
1.147	0.282567
1.148	0.067441
1.149	-0.109061
1.15	-0.227722
1.151	-0.279782
1.152	-0.274141
1.153	-0.232103
1.154	-0.168193
1.155	-0.065364
1.156	0.124867
1.157	0.438206
1.158	0.853127
1.159	1.292021
1.16	1.652616
1.161	1.847589
1.162	1.839859
1.163	1.653435
1.164	1.356687
1.165	1.032912
1.166	0.75129
1.167	0.546984
1.168	0.419228
1.169	0.346677
1.17	0.305823
1.171	0.280806
1.172	0.263592
1.173	0.249505
1.174	0.234009
1.175	0.213431
1.176	0.17953
1.177	0.109407
1.178	-0.015815
1.179	-0.17579
1.18	-0.318936
1.181	-0.404678
1.182	-0.424527
1.183	-0.392546
1.184	-0.327536
1.185	-0.241873
1.186	-0.141603
1.187	-0.034175
1.188	0.066684
1.189	0.145751
1.19	0.196121
1.191	0.222529
1.192	0.234773
1.193	0.239101
1.194	0.233594
1.195	0.207462
1.196	0.137495
1.197	-0.010404
1.198	-0.248522
1.199	-0.529829
1.2	-0.767492
1.201	-0.894356
1.202	-0.895911
1.203	-0.801731
1.204	-0.661251
1.205	-0.524419
1.206	-0.430146
1.207	-0.396549
1.208	-0.415785
1.209	-0.459597
1.21	-0.492172
1.211	-0.484945
1.212	-0.428251
1.213	-0.333353
1.214	-0.223042
1.215	-0.119849
1.216	-0.046306
1.217	-0.028514
1.218	-0.077009
1.219	-0.163673
1.22	-0.238028
1.221	-0.266231
1.222	-0.247565
1.223	-0.203655
1.224	-0.159917
1.225	-0.134294
1.226	-0.136888
1.227	-0.172074
1.228	-0.235728
1.229	-0.311907
1.23	-0.377057
1.231	-0.410674
1.232	-0.404534
1.233	-0.362835
1.234	-0.286041
1.235	-0.146866
1.236	0.1054
1.237	0.496983
1.238	0.988348
1.239	1.483801
1.24	1.871901
1.241	2.066945
1.242	2.038906
1.243	1.819672
1.244	1.482804
1.245	1.110431
1.246	0.766812
1.247	0.487239
1.248	0.280941
1.249	0.143531
1.25	0.06706
1.251	0.039529
1.252	0.041744
1.253	0.052891
1.254	0.06555
1.255	0.097303
1.256	0.178284
1.257	0.31654
1.258	0.48349
1.259	0.637227
1.26	0.744362
1.261	0.782344
1.262	0.74234
1.263	0.636637
1.264	0.49957
1.265	0.377699
1.266	0.311708
1.267	0.317785
1.268	0.37993
1.269	0.460535
1.27	0.522807
1.271	0.547286
1.272	0.531858
1.273	0.483872
1.274	0.415092
1.275	0.33396
1.276	0.230963
1.277	0.077715
1.278	-0.138895
1.279	-0.381421
1.28	-0.580347
1.281	-0.685377
1.282	-0.690088
1.283	-0.621418
1.284	-0.520086
1.285	-0.428713
1.286	-0.383949
1.287	-0.40358
1.288	-0.475468
1.289	-0.561896
1.29	-0.618779
1.291	-0.615668
1.292	-0.545682
1.293	-0.424573
1.294	-0.283367
1.295	-0.16241
1.296	-0.110982
1.297	-0.176571
1.298	-0.365538
1.299	-0.614173
1.3	-0.823983
1.301	-0.926837
1.302	-0.912391
1.303	-0.812215
1.304	-0.672606
1.305	-0.53699
1.306	-0.438079
1.307	-0.39287
1.308	-0.398604
1.309	-0.433733
1.31	-0.467551
1.311	-0.474583
1.312	-0.444593
1.313	-0.380775
1.314	-0.285745
1.315	-0.144106
1.316	0.074978
1.317	0.384116
1.318	0.752813
1.319	1.119141
1.32	1.411002
1.321	1.565167
1.322	1.55053
1.323	1.3811
1.324	1.107704
1.325	0.795859
1.326	0.501361
1.327	0.254386
1.328	0.060244
1.329	-0.087138
1.33	-0.192456
1.331	-0.256154
1.332	-0.278715
1.333	-0.261627
1.334	-0.199162
1.335	-0.067322
1.336	0.167163
1.337	0.509055
1.338	0.911326
1.339	1.295374
1.34	1.580163
1.341	1.702568
1.342	1.640765
1.343	1.425993
1.344	1.128247
1.345	0.826842
1.346	0.581511
1.347	0.417183
1.348	0.32725
1.349	0.288314
1.35	0.276351
1.351	0.27538
1.352	0.276025
1.353	0.271172
1.354	0.256365
1.355	0.230205
1.356	0.184342
1.357	0.097529
1.358	-0.040501
1.359	-0.20213
1.36	-0.337989
1.361	-0.414519
1.362	-0.427988
1.363	-0.395475
1.364	-0.342118
1.365	-0.293562
1.366	-0.272101
1.367	-0.289579
1.368	-0.338703
1.369	-0.393746
1.37	-0.423666
1.371	-0.407498
1.372	-0.34238
1.373	-0.243623
1.374	-0.13863
1.375	-0.059717
1.376	-0.044997
1.377	-0.132588
1.378	-0.32502
1.379	-0.562878
1.38	-0.758444
1.381	-0.853011
1.382	-0.839109
1.383	-0.747496
1.384	-0.625085
1.385	-0.517672
1.386	-0.458151
1.387	-0.458007
1.388	-0.503819
1.389	-0.562562
1.39	-0.596236
1.391	-0.579541
1.392	-0.509499
1.393	-0.401261
1.394	-0.27467
1.395	-0.141606
1.396	-0.007635
1.397	0.115901
1.398	0.215331
1.399	0.287955
1.4	0.336526
1.401	0.356096
1.402	0.337955
1.403	0.284232
1.404	0.212347
1.405	0.14268
1.406	0.085096
1.407	0.03916
1.408	0.003425
1.409	-0.018723
1.41	-0.021871
1.411	-0.005737
1.412	0.020467
1.413	0.038667
1.414	0.024703
1.415	-0.048552
1.416	-0.210283
1.417	-0.482085
1.418	-0.843265
1.419	-1.209605
1.42	-1.473219
1.421	-1.565399
1.422	-1.480929
1.423	-1.261297
1.424	-0.965582
1.425	-0.649118
1.426	-0.354909
1.427	-0.112445
1.428	0.062781
1.429	0.169926
1.43	0.220226
1.431	0.228548
1.432	0.203918
1.433	0.150247
1.434	0.082304
1.435	0.045189
1.436	0.106442
1.437	0.310116
1.438	0.635457
1.439	0.999443
1.44	1.29543
1.441	1.443077
1.442	1.422355
1.443	1.27236
1.444	1.062956
1.445	0.860367
1.446	0.703835
1.447	0.602765
1.448	0.548424
1.449	0.526004
1.45	0.519563
1.451	0.510622
1.452	0.476637
1.453	0.398694
1.454	0.2832
1.455	0.178564
1.456	0.153623
1.457	0.246139
1.458	0.433721
1.459	0.650047
1.46	0.82119
1.461	0.897174
1.462	0.868679
1.463	0.765941
1.464	0.644856
1.465	0.566139
1.466	0.571598
1.467	0.66527
1.468	0.812202
1.469	0.958535
1.47	1.056232
1.471	1.076532
1.472	1.011001
1.473	0.865843
1.474	0.657942
1.475	0.408847
1.476	0.127488
1.477	-0.193915
1.478	-0.546155
1.479	-0.874949
1.48	-1.106976
1.481	-1.197263
1.482	-1.146156
1.483	-0.986077
1.484	-0.763448
1.485	-0.527548
1.486	-0.321555
1.487	-0.17179
1.488	-0.080258
1.489	-0.028198
1.49	0.00897
1.491	0.045444
1.492	0.078652
1.493	0.094854
1.494	0.076807
1.495	0.001681
1.496	-0.163811
1.497	-0.445759
1.498	-0.820641
1.499	-1.199008
1.5	-1.471272
1.501	-1.570548
1.502	-1.494426
1.503	-1.285506
1.504	-1.002542
1.505	-0.703033
1.506	-0.434596
1.507	-0.226304
1.508	-0.084012
1.509	0.003659
1.51	0.053972
1.511	0.080499
1.512	0.086963
1.513	0.070515
1.514	0.034786
1.515	-0.003478
1.516	-0.025035
1.517	-0.023525
1.518	-0.004363
1.519	0.027739
1.52	0.068685
1.521	0.107859
1.522	0.132956
1.523	0.140619
1.524	0.139655
1.525	0.144451
1.526	0.163749
1.527	0.194085
1.528	0.223214
1.529	0.238937
1.53	0.234605
1.531	0.208621
1.532	0.162088
1.533	0.100747
1.534	0.044565
1.535	0.036804
1.536	0.131218
1.537	0.352847
1.538	0.668613
1.539	0.997087
1.54	1.244677
1.541	1.346274
1.542	1.291998
1.543	1.125686
1.544	0.919517
1.545	0.742457
1.546	0.636977
1.547	0.609608
1.548	0.63704
1.549	0.683795
1.55	0.718704
1.551	0.720527
1.552	0.676828
1.553	0.584092
1.554	0.448387
1.555	0.282278
1.556	0.094627
1.557	-0.115279
1.558	-0.340132
1.559	-0.546618
1.56	-0.691433
1.561	-0.74973
1.562	-0.721499
1.563	-0.620433
1.564	-0.4649
1.565	-0.275649
1.566	-0.074911
1.567	0.11501
1.568	0.27443
1.569	0.390693
1.57	0.461224
1.571	0.490511
1.572	0.482488
1.573	0.436097
1.574	0.345481
1.575	0.199578
1.576	-0.019365
1.577	-0.323257
1.578	-0.68612
1.579	-1.032231
1.58	-1.273785
1.581	-1.359811
1.582	-1.290927
1.583	-1.104711
1.584	-0.856631
1.585	-0.605747
1.586	-0.400839
1.587	-0.266158
1.588	-0.195899
1.589	-0.163027
1.59	-0.136389
1.591	-0.097036
1.592	-0.046646
1.593	-0.004544
1.594	0.004439
1.595	-0.040017
1.596	-0.154311
1.597	-0.345154
1.598	-0.586778
1.599	-0.815316
1.6	-0.962993
1.601	-0.995908
1.602	-0.920449
1.603	-0.768176
1.604	-0.578889
1.605	-0.389477
1.606	-0.229695
1.607	-0.119052
1.608	-0.061034
1.609	-0.041566
1.61	-0.038833
1.611	-0.038555
1.612	-0.041215
1.613	-0.053786
1.614	-0.066067
1.615	-0.03018
1.616	0.119777
1.617	0.411316
1.618	0.800125
1.619	1.189482
1.62	1.475907
1.621	1.592125
1.622	1.529231
1.623	1.3308
1.624	1.069088
1.625	0.817559
1.626	0.628067
1.627	0.516938
1.628	0.466604
1.629	0.444455
1.63	0.423214
1.631	0.387104
1.632	0.328309
1.633	0.247829
1.634	0.16357
1.635	0.110485
1.636	0.117913
1.637	0.182716
1.638	0.273405
1.639	0.356878
1.64	0.411652
1.641	0.425403
1.642	0.395346
1.643	0.334249
1.644	0.274006
1.645	0.258202
1.646	0.320081
1.647	0.457699
1.648	0.628982
1.649	0.774235
1.65	0.84803
1.651	0.836475
1.652	0.751374
1.653	0.614562
1.654	0.446538
1.655	0.25382
1.656	0.019626
1.657	-0.274827
1.658	-0.608832
1.659	-0.914845
1.66	-1.118822
1.661	-1.181781
1.662	-1.108913
1.663	-0.936122
1.664	-0.714611
1.665	-0.500711
1.666	-0.343097
1.667	-0.263217
1.668	-0.244819
1.669	-0.247233
1.67	-0.232927
1.671	-0.187523
1.672	-0.122294
1.673	-0.06441
1.674	-0.044651
1.675	-0.094276
1.676	-0.247007
1.677	-0.519132
1.678	-0.871912
1.679	-1.209971
1.68	-1.433456
1.681	-1.490743
1.682	-1.388496
1.683	-1.170461
1.684	-0.894121
1.685	-0.617331
1.686	-0.387824
1.687	-0.230711
1.688	-0.142581
1.689	-0.099502
1.69	-0.074352
1.691	-0.052991
1.692	-0.038928
1.693	-0.041062
1.694	-0.052346
1.695	-0.038556
1.696	0.044658
1.697	0.214933
1.698	0.445729
1.699	0.681794
1.7	0.863509
1.701	0.947891
1.702	0.924526
1.703	0.81757
1.704	0.67117
1.705	0.528215
1.706	0.414641
1.707	0.33537
1.708	0.281361
1.709	0.2407
1.71	0.205213
1.711	0.169192
1.712	0.126145
1.713	0.075155
1.714	0.035427
1.715	0.050352
1.716	0.163737
1.717	0.381194
1.718	0.657403
1.719	0.920096
1.72	1.101523
1.721	1.160222
1.722	1.093792
1.723	0.938866
1.724	0.757523
1.725	0.615895
1.726	0.558559
1.727	0.588124
1.728	0.666212
1.729	0.738311
1.73	0.763793
1.731	0.729736
1.732	0.645077
1.733	0.527101
1.734	0.390458
1.735	0.236885
1.736	0.047658
1.737	-0.199172
1.738	-0.488769
1.739	-0.758241
1.74	-0.936313
1.741	-0.987459
1.742	-0.92043
1.743	-0.77038
1.744	-0.576975
1.745	-0.370093
1.746	-0.168881
1.747	0.009801
1.748	0.148255
1.749	0.236841
1.75	0.281937
1.751	0.299251
1.752	0.298105
1.753	0.271949
1.754	0.202103
1.755	0.065556
1.756	-0.161373
1.757	-0.48589
1.758	-0.866416
1.759	-1.212457
1.76	-1.433214
1.761	-1.483791
1.762	-1.372496
1.763	-1.144378
1.764	-0.863161
1.765	-0.594377
1.766	-0.387278
1.767	-0.261002
1.768	-0.202462
1.769	-0.178007
1.77	-0.153914
1.771	-0.114949
1.772	-0.069516
1.773	-0.038909
1.774	-0.039847
1.775	-0.074045
1.776	-0.133939
1.777	-0.211095
1.778	-0.290287
1.779	-0.347353
1.78	-0.364013
1.781	-0.338264
1.782	-0.279983
1.783	-0.202743
1.784	-0.119535
1.785	-0.043454
1.786	0.011484
1.787	0.035727
1.788	0.031479
1.789	0.012014
1.79	-0.007318
1.791	-0.019706
1.792	-0.031487
1.793	-0.051617
1.794	-0.066429
1.795	-0.026221
1.796	0.126453
1.797	0.40615
1.798	0.762396
1.799	1.102581
1.8	1.337139
1.801	1.416641
1.802	1.343703
1.803	1.162914
1.804	0.940806
1.805	0.743009
1.806	0.612018
1.807	0.55396
1.808	0.543998
1.809	0.546695
1.81	0.534315
1.811	0.492702
1.812	0.418573
1.813	0.317934
1.814	0.212025
1.815	0.134607
1.816	0.105816
1.817	0.114652
1.818	0.136826
1.819	0.15751
1.82	0.171634
1.821	0.175643
1.822	0.167234
1.823	0.152546
1.824	0.151992
1.825	0.194316
1.826	0.296635
1.827	0.444554
1.828	0.595902
1.829	0.711086
1.83	0.775602
1.831	0.791842
1.832	0.763951
1.833	0.700911
1.834	0.633206
1.835	0.616071
1.836	0.697116
1.837	0.87704
1.838	1.107667
1.839	1.318057
1.84	1.441099
1.841	1.436077
1.842	1.303646
1.843	1.084771
1.844	0.842801
1.845	0.637252
1.846	0.502347
1.847	0.439454
1.848	0.425589
1.849	0.431791
1.85	0.436951
1.851	0.429663
1.852	0.403796
1.853	0.355062
1.854	0.282127
1.855	0.1835
1.856	0.04617
1.857	-0.145029
1.858	-0.37297
1.859	-0.581636
1.86	-0.71373
1.861	-0.745095
1.862	-0.687708
1.863	-0.575349
1.864	-0.450807
1.865	-0.356795
1.866	-0.323051
1.867	-0.352668
1.868	-0.419654
1.869	-0.481674
1.87	-0.501236
1.871	-0.463199
1.872	-0.378912
1.873	-0.27687
1.874	-0.19127
1.875	-0.162163
1.876	-0.235594
1.877	-0.434087
1.878	-0.716511
1.879	-0.987414
1.88	-1.155856
1.881	-1.182822
1.882	-1.085202
1.883	-0.91184
1.884	-0.718152
1.885	-0.551992
1.886	-0.445226
1.887	-0.405073
1.888	-0.412345
1.889	-0.433317
1.89	-0.437384
1.891	-0.409388
1.892	-0.353354
1.893	-0.284751
1.894	-0.215043
1.895	-0.148114
1.896	-0.091885
1.897	-0.057804
1.898	-0.044178
1.899	-0.034481
1.9	-0.015964
1.901	0.008358
1.902	0.026083
1.903	0.027822
1.904	0.012875
1.905	-0.014096
1.906	-0.050066
1.907	-0.095421
1.908	-0.148241
1.909	-0.200176
1.91	-0.240663
1.911	-0.264123
1.912	-0.270845
1.913	-0.256988
1.914	-0.198467
1.915	-0.049365
1.916	0.226255
1.917	0.612995
1.918	1.03946
1.919	1.410247
1.92	1.641931
1.921	1.68931
1.922	1.558273
1.923	1.30094
1.924	0.995886
1.925	0.719419
1.926	0.51765
1.927	0.39679
1.928	0.337771
1.929	0.316753
1.93	0.313914
1.931	0.312021
1.932	0.295966
1.933	0.259663
1.934	0.212299
1.935	0.170347
1.936	0.137606
1.937	0.10112
1.938	0.053287
1.939	0.003701
1.94	-0.035339
1.941	-0.060794
1.942	-0.074336
1.943	-0.074553
1.944	-0.057842
1.945	-0.025082
1.946	0.016013
1.947	0.055302
1.948	0.086014
1.949	0.106975
1.95	0.121156
1.951	0.131706
1.952	0.137508
1.953	0.132077
1.954	0.103578
1.955	0.030035
1.956	-0.120633
1.957	-0.36262
1.958	-0.655816
1.959	-0.916836
1.96	-1.072087
1.961	-1.094554
1.962	-1.001885
1.963	-0.836627
1.964	-0.650401
1.965	-0.49299
1.966	-0.39859
1.967	-0.372826
1.968	-0.392433
1.969	-0.420133
1.97	-0.423789
1.971	-0.388923
1.972	-0.321368
1.973	-0.24248
1.974	-0.180972
1.975	-0.168799
1.976	-0.238554
1.977	-0.400375
1.978	-0.613132
1.979	-0.799969
1.98	-0.898853
1.981	-0.892207
1.982	-0.799571
1.983	-0.657502
1.984	-0.505099
1.985	-0.3761
1.986	-0.293886
1.987	-0.266348
1.988	-0.28251
1.989	-0.317165
1.99	-0.344201
1.991	-0.349771
1.992	-0.334333
1.993	-0.300037
1.994	-0.228515
1.995	-0.072349
1.996	0.212298
1.997	0.617454
1.998	1.072828
1.999	1.474274
2.0	1.724881
2.001	1.773268
2.002	1.630101
2.003	1.355534
2.004	1.030957
2.005	0.729314
2.006	0.494296
2.007	0.33427
2.008	0.231371
2.009	0.160463
2.01	0.104671
2.011	0.057547
2.012	0.017946
2.013	-0.009704
2.014	-0.009256
2.015	0.04214
2.016	0.151075
2.017	0.296878
2.018	0.446923
2.019	0.56854
2.02	0.631889
2.021	0.621378
2.022	0.546843
2.023	0.441649
2.024	0.349971
2.025	0.308585
2.026	0.331008
2.027	0.403421
2.028	0.494639
2.029	0.572055
2.03	0.61336
2.031	0.609127
2.032	0.557693
2.033	0.461096
2.034	0.326288
2.035	0.157397
2.036	-0.057274
2.037	-0.325726
2.038	-0.614131
2.039	-0.853634
2.04	-0.986413
2.041	-0.994683
2.042	-0.898277
2.043	-0.739792
2.044	-0.571114
2.045	-0.442014
2.046	-0.384959
2.047	-0.399566
2.048	-0.451941
2.049	-0.494439
2.05	-0.492022
2.051	-0.437015
2.052	-0.347118
2.053	-0.254662
2.054	-0.195982
2.055	-0.210036
2.056	-0.336604
2.057	-0.584593
2.058	-0.895766
2.059	-1.166565
2.06	-1.312321
2.061	-1.306482
2.062	-1.174715
2.063	-0.968158
2.064	-0.741519
2.065	-0.542367
2.066	-0.402518
2.067	-0.32948
2.068	-0.306561
2.069	-0.304366
2.07	-0.297487
2.071	-0.277135
2.072	-0.250678
2.073	-0.22494
2.074	-0.184183
2.075	-0.087993
2.076	0.097507
2.077	0.364773
2.078	0.66409
2.079	0.928144
2.08	1.09675
2.081	1.136409
2.082	1.050923
2.083	0.876982
2.084	0.666608
2.085	0.465799
2.086	0.30036
2.087	0.174798
2.088	0.081896
2.089	0.01319
2.09	-0.037234
2.091	-0.075029
2.092	-0.106196
2.093	-0.12613
2.094	-0.104502
2.095	0.007077
2.096	0.236068
2.097	0.556621
2.098	0.899013
2.099	1.182538
2.1	1.343037
2.101	1.350883
2.102	1.219333
2.103	1.000013
2.104	0.766165
2.105	0.586887
2.106	0.498284
2.107	0.489382
2.108	0.519003
2.109	0.548201
2.11	0.556179
2.111	0.533707
2.112	0.474899
2.113	0.379036
2.114	0.253321
2.115	0.102703
2.116	-0.083505
2.117	-0.313631
2.118	-0.558979
2.119	-0.761221
2.12	-0.87416
2.121	-0.885534
2.122	-0.808892
2.123	-0.669389
2.124	-0.496979
2.125	-0.323076
2.126	-0.174193
2.127	-0.064107
2.128	0.008686
2.129	0.055653
2.13	0.088567
2.131	0.111779
2.132	0.121542
2.133	0.108361
2.134	0.05635
2.135	-0.059935
2.136	-0.270177
2.137	-0.576254
2.138	-0.919542
2.139	-1.203164
2.14	-1.351864
2.141	-1.344789
2.142	-1.206949
2.143	-0.987815
2.144	-0.746253
2.145	-0.537738
2.146	-0.39751
2.147	-0.329105
2.148	-0.308942
2.149	-0.302849
2.15	-0.283852
2.151	-0.243638
2.152	-0.192439
2.153	-0.148078
2.154	-0.123623
2.155	-0.125313
2.156	-0.159248
2.157	-0.225505
2.158	-0.302818
2.159	-0.358048
2.16	-0.37243
2.161	-0.348371
2.162	-0.298283
2.163	-0.235172
2.164	-0.171058
2.165	-0.119441
2.166	-0.093872
2.167	-0.099625
2.168	-0.127775
2.169	-0.160564
2.17	-0.182735
2.171	-0.189517
2.172	-0.186252
2.173	-0.174584
2.174	-0.129671
2.175	0.000926
2.176	0.255792
2.177	0.617341
2.178	1.01275
2.179	1.344593
2.18	1.530316
2.181	1.535855
2.182	1.383841
2.183	1.13694
2.184	0.871426
2.185	0.650968
2.186	0.506798
2.187	0.433048
2.188	0.400724
2.189	0.379182
2.19	0.349621
2.191	0.306047
2.192	0.24998
2.193	0.187863
2.194	0.134408
2.195	0.105362
2.196	0.095369
2.197	0.081046
2.198	0.052475
2.199	0.020479
2.2	-0.003692
2.201	-0.018835
2.202	-0.027265
2.203	-0.023401
2.204	0.0116
2.205	0.100331
2.206	0.248038
2.207	0.42802
2.208	0.59056
2.209	0.691016
2.21	0.711962
2.211	0.663248
2.212	0.567461
2.213	0.444604
2.214	0.301897
2.215	0.124542
2.216	-0.121496
2.217	-0.449387
2.218	-0.807839
2.219	-1.101364
2.22	-1.254707
2.221	-1.248878
2.222	-1.112618
2.223	-0.898999
2.224	-0.668853
2.225	-0.478605
2.226	-0.362663
2.227	-0.319375
2.228	-0.316625
2.229	-0.314162
2.23	-0.286064
2.231	-0.231336
2.232	-0.170384
2.233	-0.130575
2.234	-0.133846
2.235	-0.199837
2.236	-0.347943
2.237	-0.572857
2.238	-0.821422
2.239	-1.015845
2.24	-1.101238
2.241	-1.067654
2.242	-0.940276
2.243	-0.759355
2.244	-0.566578
2.245	-0.398759
2.246	-0.280739
2.247	-0.216932
2.248	-0.191248
2.249	-0.180344
2.25	-0.169423
2.251	-0.159034
2.252	-0.160563
2.253	-0.177498
2.254	-0.179828
2.255	-0.101244
2.256	0.123402
2.257	0.507342
2.258	0.987048
2.259	1.441182
2.26	1.746334
2.261	1.832377
2.262	1.700456
2.263	1.403033
2.264	1.008872
2.265	0.577303
2.266	0.153971
2.267	-0.221813
2.268	-0.515766
2.269	-0.70515
2.27	-0.784025
2.271	-0.764046
2.272	-0.671239
2.273	-0.534532
2.274	-0.368964
2.275	-0.175965
2.276	0.035111
2.277	0.240743
2.278	0.418893
2.279	0.553562
2.28	0.629652
2.281	0.636213
2.282	0.573271
2.283	0.453425
2.284	0.297
2.285	0.124948
2.286	-0.046205
2.287	-0.204783
2.288	-0.339529
2.289	-0.43714
2.29	-0.487368
2.291	-0.489542
2.292	-0.450287
2.293	-0.369266
2.294	-0.222635
2.295	0.02939
2.296	0.400623
2.297	0.846433
2.298	1.278805
2.299	1.604965
2.3	1.758674
2.301	1.718615
2.302	1.511264
2.303	1.19915
2.304	0.860814
2.305	0.567257
2.306	0.359457
2.307	0.236917
2.308	0.168631
2.309	0.120346
2.31	0.074864
2.311	0.032524
2.312	0.001931
2.313	-0.005349
2.314	0.019981
2.315	0.070431
2.316	0.113299
2.317	0.11502
2.318	0.075675
2.319	0.02288
2.32	-0.02158
2.321	-0.05401
2.322	-0.077405
2.323	-0.089936
2.324	-0.084439
2.325	-0.055982
2.326	-0.008137
2.327	0.048213
2.328	0.101252
2.329	0.143132
2.33	0.171157
2.331	0.185788
2.332	0.186812
2.333	0.171167
2.334	0.129251
2.335	0.036766
2.336	-0.138684
2.337	-0.39975
2.338	-0.690379
2.339	-0.924653
2.34	-1.042562
2.341	-1.034623
2.342	-0.930532
2.343	-0.778391
2.344	-0.630259
2.345	-0.530121
2.346	-0.499143
2.347	-0.526235
2.348	-0.574571
2.349	-0.60205
2.35	-0.581496
2.351	-0.50928
2.352	-0.401945
2.353	-0.287717
2.354	-0.199961
2.355	-0.175508
2.356	-0.246844
2.357	-0.412417
2.358	-0.615934
2.359	-0.777877
2.36	-0.847735
2.361	-0.822015
2.362	-0.728315
2.363	-0.604746
2.364	-0.488973
2.365	-0.412114
2.366	-0.391019
2.367	-0.420794
2.368	-0.475571
2.369	-0.521129
2.37	-0.532454
2.371	-0.503995
2.372	-0.443312
2.373	-0.350657
2.374	-0.199222
2.375	0.058105
2.376	0.444283
2.377	0.91922
2.378	1.389939
2.379	1.750097
2.38	1.918835
2.381	1.86978
2.382	1.636826
2.383	1.294254
2.384	0.926016
2.385	0.597199
2.386	0.339108
2.387	0.153083
2.388	0.025013
2.389	-0.06025
2.39	-0.111939
2.391	-0.135173
2.392	-0.133245
2.393	-0.102598
2.394	-0.027538
2.395	0.107152
2.396	0.29105
2.397	0.486851
2.398	0.655098
2.399	0.766715
2.4	0.800992
2.401	0.750292
2.402	0.628166
2.403	0.471301
2.404	0.331881
2.405	0.257049
2.406	0.263053
2.407	0.325361
2.408	0.39614
2.409	0.434395
2.41	0.425752
2.411	0.381832
2.412	0.323615
2.413	0.26294
2.414	0.193202
2.415	0.088453
2.416	-0.082263
2.417	-0.31898
2.418	-0.570993
2.419	-0.767679
2.42	-0.863611
2.421	-0.853213
2.422	-0.761224
2.423	-0.630499
2.424	-0.511759
2.425	-0.449037
2.426	-0.460469
2.427	-0.527145
2.428	-0.602576
2.429	-0.638138
2.43	-0.607134
2.431	-0.513752
2.432	-0.386266
2.433	-0.264479
2.434	-0.190788
2.435	-0.207474
2.436	-0.344918
2.437	-0.588563
2.438	-0.863884
2.439	-1.076021
2.44	-1.165026
2.441	-1.125598
2.442	-0.992579
2.443	-0.817696
2.444	-0.653286
2.445	-0.541244
2.446	-0.500004
2.447	-0.516562
2.448	-0.554715
2.449	-0.574834
2.45	-0.55317
2.451	-0.491184
2.452	-0.407496
2.453	-0.313876
2.454	-0.193063
2.455	-0.005368
2.456	0.273375
2.457	0.619059
2.458	0.96352
2.459	1.226661
2.46	1.350005
2.461	1.316081
2.462	1.148875
2.463	0.898452
2.464	0.619006
2.465	0.351527
2.466	0.118748
2.467	-0.069222
2.468	-0.206943
2.469	-0.291006
2.47	-0.323633
2.471	-0.316387
2.472	-0.284819
2.473	-0.229105
2.474	-0.118388
2.475	0.091175
2.476	0.411436
2.477	0.796762
2.478	1.162172
2.479	1.422185
2.48	1.52185
2.481	1.450928
2.482	1.242727
2.483	0.9614
2.484	0.681875
2.485	0.466045
2.486	0.34062
2.487	0.291117
2.488	0.280366
2.489	0.274574
2.49	0.256914
2.491	0.226231
2.492	0.189007
2.493	0.15272
2.494	0.117955
2.495	0.065683
2.496	-0.039072
2.497	-0.209131
2.498	-0.405016
2.499	-0.561249
2.5	-0.636606
2.501	-0.632194
2.502	-0.575248
2.503	-0.496377
2.504	-0.417223
2.505	-0.349345
2.506	-0.298685
2.507	-0.268379
2.508	-0.256525
2.509	-0.253613
2.51	-0.245609
2.511	-0.221312
2.512	-0.177648
2.513	-0.125078
2.514	-0.095805
2.515	-0.14032
2.516	-0.297302
2.517	-0.55241
2.518	-0.830854
2.519	-1.041858
2.52	-1.131237
2.521	-1.096582
2.522	-0.970886
2.523	-0.803199
2.524	-0.647264
2.525	-0.548549
2.526	-0.524839
2.527	-0.556218
2.528	-0.598344
2.529	-0.608485
2.53	-0.565862
2.531	-0.477675
2.532	-0.368844
2.533	-0.262513
2.534	-0.168722
2.535	-0.090578
2.536	-0.033316
2.537	0.001482
2.538	0.023327
2.539	0.042433
2.54	0.057264
2.541	0.05918
2.542	0.042999
2.543	0.008555
2.544	-0.045121
2.545	-0.123105
2.546	-0.22771
2.547	-0.346552
2.548	-0.451515
2.549	-0.513846
2.55	-0.521091
2.551	-0.480998
2.552	-0.409836
2.553	-0.309526
2.554	-0.149206
2.555	0.119137
2.556	0.511182
2.557	0.978773
2.558	1.425501
2.559	1.746088
2.56	1.867754
2.561	1.777571
2.562	1.520781
2.563	1.175981
2.564	0.824301
2.565	0.524553
2.566	0.301277
2.567	0.14992
2.568	0.053786
2.569	-0.002182
2.57	-0.028598
2.571	-0.033954
2.572	-0.024112
2.573	0.002203
2.574	0.055255
2.575	0.141539
2.576	0.246506
2.577	0.342741
2.578	0.411837
2.579	0.445779
2.58	0.437978
2.581	0.385677
2.582	0.298061
2.583	0.199229
2.584	0.122198
2.585	0.093527
2.586	0.117025
2.587	0.171066
2.588	0.223587
2.589	0.252736
2.59	0.255994
2.591	0.243132
2.592	0.223713
2.593	0.19856
2.594	0.154221
2.595	0.059703
2.596	-0.11688
2.597	-0.367779
2.598	-0.629293
2.599	-0.821034
2.6	-0.897528
2.601	-0.864119
2.602	-0.761231
2.603	-0.641365
2.604	-0.551708
2.605	-0.522512
2.606	-0.55794
2.607	-0.63464
2.608	-0.712819
2.609	-0.752821
2.61	-0.729337
2.611	-0.639538
2.612	-0.502717
2.613	-0.352472
2.614	-0.230526
2.615	-0.185041
2.616	-0.251875
2.617	-0.417217
2.618	-0.610444
2.619	-0.749548
2.62	-0.791546
2.621	-0.744347
2.622	-0.647423
2.623	-0.54626
2.624	-0.475569
2.625	-0.453873
2.626	-0.483327
2.627	-0.549606
2.628	-0.62445
2.629	-0.67573
2.63	-0.68114
2.631	-0.635617
2.632	-0.545954
2.633	-0.411046
2.634	-0.202774
2.635	0.122524
2.636	0.578482
2.637	1.111415
2.638	1.610402
2.639	1.956804
2.64	2.076657
2.641	1.965216
2.642	1.6764
2.643	1.290475
2.644	0.881218
2.645	0.499875
2.646	0.175798
2.647	-0.076134
2.648	-0.247724
2.649	-0.336411
2.65	-0.351918
2.651	-0.318349
2.652	-0.260276
2.653	-0.178567
2.654	-0.04087
2.655	0.192472
2.656	0.52379
2.657	0.899588
2.658	1.234706
2.659	1.451197
2.66	1.504902
2.661	1.395935
2.662	1.165083
2.663	0.878321
2.664	0.605282
2.665	0.397343
2.666	0.272678
2.667	0.217299
2.668	0.201541
2.669	0.199611
2.67	0.198539
2.671	0.194055
2.672	0.185358
2.673	0.174254
2.674	0.156282
2.675	0.107115
2.676	-0.004736
2.677	-0.178668
2.678	-0.368276
2.679	-0.516517
2.68	-0.594614
2.681	-0.603626
2.682	-0.551554
2.683	-0.4387
2.684	-0.262184
2.685	-0.02931
2.686	0.233784
2.687	0.486407
2.688	0.68782
2.689	0.810608
2.69	0.844084
2.691	0.788856
2.692	0.65396
2.693	0.46254
2.694	0.249564
2.695	0.0407
2.696	-0.159094
2.697	-0.346553
2.698	-0.502119
2.699	-0.600042
2.7	-0.627317
2.701	-0.587848
2.702	-0.493905
2.703	-0.356937
2.704	-0.186181
2.705	0.005236
2.706	0.195961
2.707	0.361013
2.708	0.481386
2.709	0.548652
2.71	0.562374
2.711	0.525129
2.712	0.438975
2.713	0.305039
2.714	0.117839
2.715	-0.143066
2.716	-0.492995
2.717	-0.897696
2.718	-1.266285
2.719	-1.502512
2.72	-1.558538
2.721	-1.4459
2.722	-1.213734
2.723	-0.923052
2.724	-0.630892
2.725	-0.380724
2.726	-0.195414
2.727	-0.075881
2.728	-0.006802
2.729	0.032611
2.73	0.057127
2.731	0.069419
2.732	0.06199
2.733	0.021598
2.734	-0.071711
2.735	-0.245129
2.736	-0.512599
2.737	-0.839008
2.738	-1.138932
2.739	-1.326549
2.74	-1.362476
2.741	-1.2567
2.742	-1.045931
2.743	-0.777449
2.744	-0.504185
2.745	-0.275355
2.746	-0.118809
2.747	-0.030656
2.748	0.015418
2.749	0.046023
2.75	0.069358
2.751	0.072742
2.752	0.043039
2.753	-0.002453
2.754	-0.004562
2.755	0.107859
2.756	0.362304
2.757	0.712528
2.758	1.06091
2.759	1.307544
2.76	1.392656
2.761	1.316435
2.762	1.130382
2.763	0.908033
2.764	0.713234
2.765	0.579719
2.766	0.508615
2.767	0.480935
2.768	0.472642
2.769	0.463284
2.77	0.437027
2.771	0.381315
2.772	0.292652
2.773	0.188799
2.774	0.107976
2.775	0.082479
2.776	0.113206
2.777	0.175764
2.778	0.241097
2.779	0.284406
2.78	0.289702
2.781	0.258343
2.782	0.21256
2.783	0.189334
2.784	0.22678
2.785	0.344318
2.786	0.525813
2.787	0.722335
2.788	0.876969
2.789	0.951214
2.79	0.934499
2.791	0.838593
2.792	0.684915
2.793	0.490996
2.794	0.260538
2.795	-0.019354
2.796	-0.358428
2.797	-0.726185
2.798	-1.047519
2.799	-1.247296
2.8	-1.292629
2.801	-1.197146
2.802	-1.002929
2.803	-0.763361
2.804	-0.53005
2.805	-0.340707
2.806	-0.212163
2.807	-0.140975
2.808	-0.108732
2.809	-0.09139
2.81	-0.071378
2.811	-0.045457
2.812	-0.02502
2.813	-0.034454
2.814	-0.110652
2.815	-0.295647
2.816	-0.606008
2.817	-0.992803
2.818	-1.348017
2.819	-1.566459
2.82	-1.6003
2.821	-1.466134
2.822	-1.219848
2.823	-0.927172
2.824	-0.64488
2.825	-0.413375
2.826	-0.252676
2.827	-0.158091
2.828	-0.104146
2.829	-0.06212
2.83	-0.020226
2.831	0.010059
2.832	0.009412
2.833	-0.019509
2.834	-0.03527
2.835	0.019236
2.836	0.172128
2.837	0.399698
2.838	0.637494
2.839	0.813153
2.84	0.882074
2.841	0.844007
2.842	0.73358
2.843	0.596635
2.844	0.46802
2.845	0.361642
2.846	0.276711
2.847	0.210925
2.848	0.165986
2.849	0.142104
2.85	0.129938
2.851	0.110319
2.852	0.068388
2.853	0.019871
2.854	0.020348
2.855	0.128396
2.856	0.354889
2.857	0.650112
2.858	0.929191
2.859	1.111694
2.86	1.155617
2.861	1.06969
2.862	0.903078
2.863	0.72331
2.864	0.591405
2.865	0.540566
2.866	0.565788
2.867	0.631742
2.868	0.695637
2.869	0.726429
2.87	0.708917
2.871	0.639143
2.872	0.52049
2.873	0.363509
2.874	0.17855
2.875	-0.039653
2.876	-0.301881
2.877	-0.587091
2.878	-0.835274
2.879	-0.986649
2.88	-1.017352
2.881	-0.940937
2.882	-0.789234
2.883	-0.595575
2.884	-0.389188
2.885	-0.19499
2.886	-0.032477
2.887	0.087519
2.888	0.165133
2.889	0.20823
2.89	0.224427
2.891	0.21512
2.892	0.177281
2.893	0.105312
2.894	-0.018644
2.895	-0.228145
2.896	-0.539425
2.897	-0.907243
2.898	-1.233344
2.899	-1.42653
2.9	-1.450462
2.901	-1.325892
2.902	-1.104828
2.903	-0.844942
2.904	-0.596367
2.905	-0.394986
2.906	-0.25614
2.907	-0.173753
2.908	-0.129338
2.909	-0.103837
2.91	-0.085532
2.911	-0.073616
2.912	-0.073364
2.913	-0.085951
2.914	-0.109615
2.915	-0.150377
2.916	-0.215913
2.917	-0.294488
2.918	-0.355264
2.919	-0.37414
2.92	-0.350374
2.921	-0.298843
2.922	-0.234654
2.923	-0.166617
2.924	-0.102306
2.925	-0.055139
2.926	-0.037612
2.927	-0.045521
2.928	-0.058228
2.929	-0.058393
2.93	-0.048243
2.931	-0.045506
2.932	-0.061191
2.933	-0.073208
2.934	-0.02117
2.935	0.155395
2.936	0.462814
2.937	0.838878
2.938	1.183578
2.939	1.403564
2.94	1.450326
2.941	1.336401
2.942	1.121993
2.943	0.883607
2.944	0.683518
2.945	0.552751
2.946	0.48988
2.947	0.471984
2.948	0.471069
2.949	0.465288
2.95	0.439553
2.951	0.3842
2.952	0.299455
2.953	0.199133
2.954	0.102799
2.955	0.017528
2.956	-0.065416
2.957	-0.14892
2.958	-0.219966
2.959	-0.265357
2.96	-0.282754
2.961	-0.274068
2.962	-0.234626
2.963	-0.150605
2.964	-0.007425
2.965	0.195025
2.966	0.430455
2.967	0.650691
2.968	0.807189
2.969	0.873118
2.97	0.84933
2.971	0.753779
2.972	0.606964
2.973	0.421878
2.974	0.196474
2.975	-0.086766
2.976	-0.433929
2.977	-0.802397
2.978	-1.109455
2.979	-1.283808
2.98	-1.301645
2.981	-1.184628
2.982	-0.980587
2.983	-0.746441
2.984	-0.535207
2.985	-0.383323
2.986	-0.300716
2.987	-0.271033
2.988	-0.263646
2.989	-0.249999
2.99	-0.216009
2.991	-0.166393
2.992	-0.121681
2.993	-0.110483
2.994	-0.164652
2.995	-0.315656
2.996	-0.568765
2.997	-0.871052
2.998	-1.128559
2.999	-1.263958
3.0	-1.253035
3.001	-1.119174
3.002	-0.90992
3.003	-0.676538
3.004	-0.461624
3.005	-0.294236
3.006	-0.187985
3.007	-0.139159
3.008	-0.129057
3.009	-0.134615
3.01	-0.141682
3.011	-0.148667
3.012	-0.154511
3.013	-0.135572
3.014	-0.037484
3.015	0.189541
3.016	0.541016
3.017	0.948962
3.018	1.312951
3.019	1.542065
3.02	1.590227
3.021	1.469751
3.022	1.238636
3.023	0.971389
3.024	0.727608
3.025	0.536005
3.026	0.399931
3.027	0.311679
3.028	0.261873
3.029	0.239122
3.03	0.224673
3.031	0.194211
3.032	0.13537
3.033	0.071134
3.034	0.056783
3.035	0.137253
3.036	0.30877
3.037	0.522858
3.038	0.713573
3.039	0.824798
3.04	0.831768
3.041	0.748576
3.042	0.620404
3.043	0.506123
3.044	0.455544
3.045	0.48857
3.046	0.587726
3.047	0.710048
3.048	0.809189
3.049	0.852817
3.05	0.82786
3.051	0.734946
3.052	0.583062
3.053	0.388804
3.054	0.163987
3.055	-0.100256
3.056	-0.411137
3.057	-0.732652
3.058	-0.992966
3.059	-1.133101
3.06	-1.136756
3.061	-1.025749
3.062	-0.842461
3.063	-0.635716
3.064	-0.451844
3.065	-0.324255
3.066	-0.261137
3.067	-0.242999
3.068	-0.23702
3.069	-0.217877
3.07	-0.179611
3.071	-0.134077
3.072	-0.102824
3.073	-0.111897
3.074	-0.195425
3.075	-0.392119
3.076	-0.708093
3.077	-1.078146
3.078	-1.389963
3.079	-1.553172
3.08	-1.541032
3.081	-1.382561
3.082	-1.132698
3.083	-0.849184
3.084	-0.58228
3.085	-0.367404
3.086	-0.218387
3.087	-0.128578
3.088	-0.080108
3.089	-0.055218
3.09	-0.045461
3.091	-0.052402
3.092	-0.075411
3.093	-0.097474
3.094	-0.088058
3.095	-0.026109
3.096	0.083188
3.097	0.216915
3.098	0.347001
3.099	0.443674
3.1	0.483658
3.101	0.462719
3.102	0.399076
3.103	0.32272
3.104	0.257441
3.105	0.2086
3.106	0.166518
3.107	0.124395
3.108	0.091603
3.109	0.084397
3.11	0.107279
3.111	0.148221
3.112	0.187117
3.113	0.203087
3.114	0.170811
3.115	0.058627
3.116	-0.143801
3.117	-0.391536
3.118	-0.602798
3.119	-0.71622
3.12	-0.722538
3.121	-0.651737
3.122	-0.543295
3.123	-0.431534
3.124	-0.34801
3.125	-0.316714
3.126	-0.338929
3.127	-0.388993
3.128	-0.429691
3.129	-0.435021
3.13	-0.403983
3.131	-0.355281
3.132	-0.300396
3.133	-0.212706
3.134	-0.029794
3.135	0.297425
3.136	0.751538
3.137	1.243523
3.138	1.653975
3.139	1.885062
3.14	1.896069
3.141	1.710755
3.142	1.39837
3.143	1.041758
3.144	0.70904
3.145	0.438076
3.146	0.237453
3.147	0.099843
3.148	0.013787
3.149	-0.032933
3.15	-0.054227
3.151	-0.064311
3.152	-0.067104
3.153	-0.04309
3.154	0.040328
3.155	0.191868
3.156	0.380397
3.157	0.560386
3.158	0.694697
3.159	0.756438
3.16	0.732794
3.161	0.633989
3.162	0.494823
3.163	0.365324
3.164	0.292417
3.165	0.297482
3.166	0.364385
3.167	0.450654
3.168	0.513432
3.169	0.528781
3.17	0.494465
3.171	0.423392
3.172	0.333369
3.173	0.233951
3.174	0.114168
3.175	-0.056175
3.176	-0.292679
3.177	-0.557593
3.178	-0.775704
3.179	-0.889606
3.18	-0.88916
3.181	-0.801123
3.182	-0.66739
3.183	-0.531432
3.184	-0.430135
3.185	-0.383716
3.186	-0.389302
3.187	-0.425096
3.188	-0.460864
3.189	-0.469494
3.19	-0.43747
3.191	-0.368977
3.192	-0.283387
3.193	-0.213925
3.194	-0.208598
3.195	-0.317078
3.196	-0.548684
3.197	-0.839268
3.198	-1.083381
3.199	-1.203074
3.2	-1.182003
3.201	-1.053016
3.202	-0.869207
3.203	-0.681317
3.204	-0.526926
3.205	-0.426454
3.206	-0.381959
3.207	-0.379408
3.208	-0.395641
3.209	-0.407711
3.21	-0.400892
3.211	-0.371343
3.212	-0.318083
3.213	-0.226527
3.214	-0.066566
3.215	0.179244
3.216	0.490661
3.217	0.815632
3.218	1.087059
3.219	1.242752
3.22	1.252342
3.221	1.131337
3.222	0.928043
3.223	0.695366
3.224	0.469072
3.225	0.264321
3.226	0.087495
3.227	-0.051927
3.228	-0.142656
3.229	-0.182079
3.23	-0.182744
3.231	-0.166441
3.232	-0.145131
3.233	-0.097457
3.234	0.028308
3.235	0.267747
3.236	0.599612
3.237	0.953096
3.238	1.239445
3.239	1.386312
3.24	1.367258
3.241	1.209059
3.242	0.975018
3.243	0.738233
3.244	0.555668
3.245	0.451263
3.246	0.414573
3.247	0.414885
3.248	0.421779
3.249	0.417245
3.25	0.393919
3.251	0.348565
3.252	0.279645
3.253	0.188495
3.254	0.072574
3.255	-0.083482
3.256	-0.287455
3.257	-0.507365
3.258	-0.683589
3.259	-0.77237
3.26	-0.76695
3.261	-0.688064
3.262	-0.565794
3.263	-0.428295
3.264	-0.299091
3.265	-0.195403
3.266	-0.124946
3.267	-0.084368
3.268	-0.061203
3.269	-0.040884
3.27	-0.01629
3.271	0.007267
3.272	0.015724
3.273	-0.009241
3.274	-0.095731
3.275	-0.277941
3.276	-0.557463
3.277	-0.87052
3.278	-1.118958
3.279	-1.233364
3.28	-1.202585
3.281	-1.061846
3.282	-0.866108
3.283	-0.66885
3.284	-0.511133
3.285	-0.414839
3.286	-0.377774
3.287	-0.376624
3.288	-0.38047
3.289	-0.366433
3.29	-0.328147
3.291	-0.275288
3.292	-0.222797
3.293	-0.176593
3.294	-0.1359
3.295	-0.107939
3.296	-0.101586
3.297	-0.107617
3.298	-0.105527
3.299	-0.086894
3.3	-0.060639
3.301	-0.040728
3.302	-0.035112
3.303	-0.044269
3.304	-0.065958
3.305	-0.099815
3.306	-0.146192
3.307	-0.199986
3.308	-0.24918
3.309	-0.282579
3.31	-0.297883
3.311	-0.298244
3.312	-0.27555
3.313	-0.19427
3.314	-0.002153
3.315	0.324279
3.316	0.743968
3.317	1.16638
3.318	1.492948
3.319	1.651599
3.32	1.620324
3.321	1.432617
3.322	1.158706
3.323	0.873997
3.324	0.632845
3.325	0.458707
3.326	0.349371
3.327	0.289023
3.328	0.259421
3.329	0.244331
3.33	0.227541
3.331	0.194843
3.332	0.144436
3.333	0.091138
3.334	0.051016
3.335	0.021503
3.336	-0.012204
3.337	-0.052828
3.338	-0.089211
3.339	-0.113955
3.34	-0.12837
3.341	-0.132792
3.342	-0.11813
3.343	-0.067966
3.344	0.029333
3.345	0.168018
3.346	0.322691
3.347	0.45879
3.348	0.547875
3.349	0.577622
3.35	0.551512
3.351	0.481057
3.352	0.377368
3.353	0.243376
3.354	0.06595
3.355	-0.17742
3.356	-0.482784
3.357	-0.792691
3.358	-1.025529
3.359	-1.128742
3.36	-1.098909
3.361	-0.968207
3.362	-0.785118
3.363	-0.602125
3.364	-0.464396
3.365	-0.395504
3.366	-0.388817
3.367	-0.413301
3.368	-0.431101
3.369	-0.4158
3.37	-0.36179
3.371	-0.28305
3.372	-0.207424
3.373	-0.17154
3.374	-0.217005
3.375	-0.376731
3.376	-0.639405
3.377	-0.92987
3.378	-1.148987
3.379	-1.234051
3.38	-1.179925
3.381	-1.021683
3.382	-0.810316
3.383	-0.596705
3.384	-0.421317
3.385	-0.306987
3.386	-0.255418
3.387	-0.249321
3.388	-0.261587
3.389	-0.268979
3.39	-0.262456
3.391	-0.244106
3.392	-0.209067
3.393	-0.125048
3.394	0.061865
3.395	0.382324
3.396	0.803748
3.397	1.238345
3.398	1.581509
3.399	1.752204
3.4	1.723033
3.401	1.525409
3.402	1.2294
3.403	0.913645
3.404	0.638046
3.405	0.429516
3.406	0.284848
3.407	0.184882
3.408	0.110709
3.409	0.052043
3.41	0.004869
3.411	-0.031662
3.412	-0.047853
3.413	-0.013309
3.414	0.109345
3.415	0.327368
3.416	0.602209
3.417	0.870353
3.418	1.067837
3.419	1.1484
3.42	1.101562
3.421	0.957918
3.422	0.775609
3.423	0.617079
3.424	0.525583
3.425	0.510852
3.426	0.551365
3.427	0.610843
3.428	0.656445
3.429	0.667881
3.43	0.636814
3.431	0.561299
3.432	0.442843
3.433	0.286229
3.434	0.090739
3.435	-0.153913
3.436	-0.440517
3.437	-0.719446
3.438	-0.922744
3.439	-1.007607
3.44	-0.971693
3.441	-0.843217
3.442	-0.666981
3.443	-0.492977
3.444	-0.363991
3.445	-0.301346
3.446	-0.296435
3.447	-0.316666
3.448	-0.32443
3.449	-0.29749
3.45	-0.238051
3.451	-0.16769
3.452	-0.117045
3.453	-0.120397
3.454	-0.215873
3.455	-0.4319
3.456	-0.749334
3.457	-1.084479
3.458	-1.3319
3.459	-1.42511
3.46	-1.359355
3.461	-1.175528
3.462	-0.93276
3.463	-0.689135
3.464	-0.490732
3.465	-0.361456
3.466	-0.297341
3.467	-0.273461
3.468	-0.259972
3.469	-0.237649
3.47	-0.205954
3.471	-0.177154
3.472	-0.156124
3.473	-0.123695
3.474	-0.04592
3.475	0.096113
3.476	0.287547
3.477	0.488239
3.478	0.652328
3.479	0.743841
3.48	0.74795
3.481	0.675073
3.482	0.554191
3.483	0.41876
3.484	0.292994
3.485	0.186316
3.486	0.098295
3.487	0.027444
3.488	-0.025865
3.489	-0.063109
3.49	-0.090765
3.491	-0.115137
3.492	-0.125177
3.493	-0.079413
3.494	0.074551
3.495	0.353363
3.496	0.712184
3.497	1.065252
3.498	1.325679
3.499	1.436334
3.5	1.385537
3.501	1.206784
3.502	0.964958
3.503	0.734835
3.504	0.575851
3.505	0.508781
3.506	0.510252
3.507	0.533604
3.508	0.5383
3.509	0.505603
3.51	0.437133
3.511	0.345895
3.512	0.246462
3.513	0.143712
3.514	0.022169
3.515	-0.145807
3.516	-0.362537
3.517	-0.582867
3.518	-0.745656
3.519	-0.815979
3.52	-0.792101
3.521	-0.690315
3.522	-0.533637
3.523	-0.349067
3.524	-0.164963
3.525	-0.004366
3.526	0.121154
3.527	0.211415
3.528	0.271722
3.529	0.304759
3.53	0.305549
3.531	0.266813
3.532	0.191316
3.533	0.099678
3.534	0.025684
3.535	-0.001437
3.536	0.027669
3.537	0.100818
3.538	0.189046
3.539	0.256316
3.54	0.276209
3.541	0.245912
3.542	0.187528
3.543	0.136731
3.544	0.124485
3.545	0.159684
3.546	0.225144
3.547	0.291723
3.548	0.336459
3.549	0.34946
3.55	0.33074
3.551	0.287123
3.552	0.229328
3.553	0.160841
3.554	0.064921
3.555	-0.085616
3.556	-0.291665
3.557	-0.507487
3.558	-0.669337
3.559	-0.739426
3.56	-0.720422
3.561	-0.642524
3.562	-0.547564
3.563	-0.479508
3.564	-0.472993
3.565	-0.536207
3.566	-0.642898
3.567	-0.745366
3.568	-0.797998
3.569	-0.775795
3.57	-0.681657
3.571	-0.540666
3.572	-0.388646
3.573	-0.26941
3.574	-0.23596
3.575	-0.328906
3.576	-0.534377
3.577	-0.774244
3.578	-0.954475
3.579	-1.021583
3.58	-0.977189
3.581	-0.858554
3.582	-0.71402
3.583	-0.587522
3.584	-0.510546
3.585	-0.494863
3.586	-0.52784
3.587	-0.578226
3.588	-0.612089
3.589	-0.608112
3.59	-0.562659
3.591	-0.482356
3.592	-0.367318
3.593	-0.197725
3.594	0.054427
3.595	0.391174
3.596	0.771566
3.597	1.126703
3.598	1.383504
3.599	1.488004
3.6	1.425372
3.601	1.223521
3.602	0.938386
3.603	0.631618
3.604	0.350626
3.605	0.117832
3.606	-0.065143
3.607	-0.203161
3.608	-0.298186
3.609	-0.350675
3.61	-0.363329
3.611	-0.338278
3.612	-0.267419
3.613	-0.125406
3.614	0.116831
3.615	0.45928
3.616	0.854506
3.617	1.220424
3.618	1.470024
3.619	1.545879
3.62	1.444185
3.621	1.212611
3.622	0.926405
3.623	0.658538
3.624	0.455973
3.625	0.330905
3.626	0.268951
3.627	0.245423
3.628	0.238837
3.629	0.235701
3.63	0.227946
3.631	0.209928
3.632	0.178142
3.633	0.128287
3.634	0.046773
3.635	-0.084519
3.636	-0.260563
3.637	-0.440349
3.638	-0.573503
3.639	-0.632796
3.64	-0.620594
3.641	-0.556904
3.642	-0.467671
3.643	-0.379375
3.644	-0.314875
3.645	-0.285385
3.646	-0.284499
3.647	-0.292362
3.648	-0.286787
3.649	-0.254202
3.65	-0.195978
3.651	-0.127898
3.652	-0.074104
3.653	-0.064218
3.654	-0.135307
3.655	-0.313985
3.656	-0.577548
3.657	-0.847895
3.658	-1.038708
3.659	-1.10415
3.66	-1.049195
3.661	-0.913131
3.662	-0.74884
3.663	-0.606752
3.664	-0.522446
3.665	-0.505677
3.666	-0.536594
3.667	-0.576234
3.668	-0.587019
3.669	-0.550169
3.67	-0.470459
3.671	-0.368699
3.672	-0.266291
3.673	-0.173002
3.674	-0.092069
3.675	-0.029915
3.676	0.011047
3.677	0.039486
3.678	0.063756
3.679	0.0815
3.68	0.084248
3.681	0.066235
3.682	0.02682
3.683	-0.032854
3.684	-0.111502
3.685	-0.204959
3.686	-0.302426
3.687	-0.385476
3.688	-0.434453
3.689	-0.440521
3.69	-0.410958
3.691	-0.35733
3.692	-0.271391
3.693	-0.112649
3.694	0.167113
3.695	0.574576
3.696	1.048961
3.697	1.484403
3.698	1.777837
3.699	1.868857
3.7	1.755864
3.701	1.488671
3.702	1.146004
3.703	0.808606
3.704	0.535703
3.705	0.35056
3.706	0.241384
3.707	0.17852
3.708	0.136083
3.709	0.101923
3.71	0.073407
3.711	0.052587
3.712	0.048481
3.713	0.071559
3.714	0.114323
3.715	0.147988
3.716	0.149983
3.717	0.125175
3.718	0.093175
3.719	0.064821
3.72	0.036815
3.721	0.003352
3.722	-0.031005
3.723	-0.049355
3.724	-0.035044
3.725	0.011653
3.726	0.070817
3.727	0.117371
3.728	0.137347
3.729	0.133232
3.73	0.118026
3.731	0.103936
3.732	0.091411
3.733	0.059606
3.734	-0.032523
3.735	-0.215915
3.736	-0.469677
3.737	-0.721477
3.738	-0.895827
3.739	-0.956341
3.74	-0.91049
3.741	-0.792957
3.742	-0.650598
3.743	-0.53243
3.744	-0.475121
3.745	-0.486009
3.746	-0.53882
3.747	-0.588458
3.748	-0.595379
3.749	-0.544284
3.75	-0.447179
3.751	-0.332075
3.752	-0.229509
3.753	-0.168276
3.754	-0.176528
3.755	-0.269684
3.756	-0.425287
3.757	-0.583281
3.758	-0.684846
3.759	-0.706343
3.76	-0.659173
3.761	-0.571517
3.762	-0.475055
3.763	-0.400456
3.764	-0.371637
3.765	-0.395339
3.766	-0.454805
3.767	-0.51676
3.768	-0.549033
3.769	-0.537046
3.77	-0.487519
3.771	-0.412965
3.772	-0.304996
3.773	-0.121905
3.774	0.184819
3.775	0.619689
3.776	1.118935
3.777	1.573966
3.778	1.877495
3.779	1.964752
3.78	1.834451
3.781	1.541433
3.782	1.168871
3.783	0.796588
3.784	0.476915
3.785	0.228292
3.786	0.04727
3.787	-0.075986
3.788	-0.150119
3.789	-0.182962
3.79	-0.183895
3.791	-0.16005
3.792	-0.10501
3.793	0.003318
3.794	0.179003
3.795	0.403566
3.796	0.633955
3.797	0.824516
3.798	0.936932
3.799	0.947267
3.8	0.85625
3.801	0.693057
3.802	0.50915
3.803	0.362652
3.804	0.293731
3.805	0.303669
3.806	0.356943
3.807	0.407147
3.808	0.42426
3.809	0.403912
3.81	0.359694
3.811	0.308262
3.812	0.25641
3.813	0.192898
3.814	0.086208
3.815	-0.093424
3.816	-0.331714
3.817	-0.563508
3.818	-0.719318
3.819	-0.769315
3.82	-0.727713
3.821	-0.63365
3.822	-0.531597
3.823	-0.457937
3.824	-0.432347
3.825	-0.454648
3.826	-0.507715
3.827	-0.563559
3.828	-0.591709
3.829	-0.570215
3.83	-0.49425
3.831	-0.378078
3.832	-0.254281
3.833	-0.174262
3.834	-0.200057
3.835	-0.367725
3.836	-0.641762
3.837	-0.922228
3.838	-1.109095
3.839	-1.155857
3.84	-1.074654
3.841	-0.912684
3.842	-0.727872
3.843	-0.573482
3.844	-0.485554
3.845	-0.469888
3.846	-0.49994
3.847	-0.53292
3.848	-0.532853
3.849	-0.486611
3.85	-0.406287
3.851	-0.313895
3.852	-0.213146
3.853	-0.074794
3.854	0.140434
3.855	0.442014
3.856	0.790657
3.857	1.110531
3.858	1.323386
3.859	1.383123
3.86	1.289799
3.861	1.080581
3.862	0.807888
3.863	0.518327
3.864	0.242779
3.865	-0.000791
3.866	-0.198802
3.867	-0.337758
3.868	-0.409094
3.869	-0.417242
3.87	-0.380129
3.871	-0.315555
3.872	-0.216427
3.873	-0.042061
3.874	0.247984
3.875	0.646272
3.876	1.085218
3.877	1.464757
3.878	1.695282
3.879	1.731657
3.88	1.583736
3.881	1.305747
3.882	0.974715
3.883	0.666103
3.884	0.43195
3.885	0.286521
3.886	0.20981
3.887	0.170089
3.888	0.145054
3.889	0.12609
3.89	0.111919
3.891	0.103153
3.892	0.099599
3.893	0.091752
3.894	0.05092
3.895	-0.053793
3.896	-0.215659
3.897	-0.382734
3.898	-0.498508
3.899	-0.540431
3.9	-0.521703
3.901	-0.469241
3.902	-0.403453
3.903	-0.332618
3.904	-0.259485
3.905	-0.190221
3.906	-0.135285
3.907	-0.101465
3.908	-0.084784
3.909	-0.072706
3.91	-0.053372
3.911	-0.022311
3.912	0.012084
3.913	0.018175
3.914	-0.056621
3.915	-0.246658
3.916	-0.520071
3.917	-0.785719
3.918	-0.955258
3.919	-0.994306
3.92	-0.925284
3.921	-0.799807
3.922	-0.670985
3.923	-0.578542
3.924	-0.543351
3.925	-0.564313
3.926	-0.616797
3.927	-0.659864
3.928	-0.655392
3.929	-0.588319
3.93	-0.472469
3.931	-0.338134
3.932	-0.213762
3.933	-0.120891
3.934	-0.081335
3.935	-0.108078
3.936	-0.182464
3.937	-0.260127
3.938	-0.304967
3.939	-0.308775
3.94	-0.284068
3.941	-0.250247
3.942	-0.227495
3.943	-0.235462
3.944	-0.288341
3.945	-0.384424
3.946	-0.49942
3.947	-0.594794
3.948	-0.638203
3.949	-0.619503
3.95	-0.549197
3.951	-0.44042
3.952	-0.284637
3.953	-0.04369
3.954	0.317425
3.955	0.783072
3.956	1.278328
3.957	1.698814
3.958	1.950186
3.959	1.985213
3.96	1.82126
3.961	1.524735
3.962	1.175851
3.963	0.838459
3.964	0.548545
3.965	0.31971
3.966	0.155337
3.967	0.054392
3.968	0.007245
3.969	-0.008368
3.97	-0.021395
3.971	-0.051172
3.972	-0.089233
3.973	-0.098273
3.974	-0.040827
3.975	0.088648
3.976	0.262142
3.977	0.435963
3.978	0.566987
3.979	0.627849
3.98	0.617982
3.981	0.56187
3.982	0.495208
3.983	0.447822
3.984	0.432593
3.985	0.443747
3.986	0.46372
3.987	0.474286
3.988	0.463245
3.989	0.42274
3.99	0.348392
3.991	0.248457
3.992	0.155447
3.993	0.120533
3.994	0.18092
3.995	0.328693
3.996	0.517139
3.997	0.688775
3.998	0.795663
3.999	0.812996
4.0	0.748115
4.001	0.639007
4.002	0.541669
4.003	0.509247
4.004	0.5674
4.005	0.698375
4.006	0.848674
4.007	0.957773
4.008	0.98726
4.009	0.931101
4.01	0.806132
4.011	0.636134
4.012	0.438124
4.013	0.210369
4.014	-0.068963
4.015	-0.411298
4.016	-0.7768
4.017	-1.082545
4.018	-1.255804
4.019	-1.271925
4.02	-1.151691
4.021	-0.937634
4.022	-0.67326
4.023	-0.394327
4.024	-0.130199
4.025	0.093824
4.026	0.262016
4.027	0.374562
4.028	0.441641
4.029	0.470144
4.03	0.456973
4.031	0.391052
4.032	0.258771
4.033	0.044318
4.034	-0.270423
4.035	-0.679085
4.036	-1.116501
4.037	-1.477396
4.038	-1.67577
4.039	-1.680894
4.04	-1.513547
4.041	-1.227617
4.042	-0.892858
4.043	-0.577261
4.044	-0.328916
4.045	-0.163991
4.046	-0.067953
4.047	-0.010194
4.048	0.035726
4.049	0.077398
4.05	0.103098
4.051	0.093839
4.052	0.040302
4.053	-0.04979
4.054	-0.163326
4.055	-0.288321
4.056	-0.403112
4.057	-0.479501
4.058	-0.502103
4.059	-0.473327
4.06	-0.403412
4.061	-0.303767
4.062	-0.188272
4.063	-0.075523
4.064	0.015107
4.065	0.072069
4.066	0.097363
4.067	0.10403
4.068	0.105241
4.069	0.102225
4.07	0.083743
4.071	0.044585
4.072	0.012157
4.073	0.048104
4.074	0.205641
4.075	0.48211
4.076	0.8145
4.077	1.110079
4.078	1.287163
4.079	1.309224
4.08	1.194475
4.081	1.000563
4.082	0.798549
4.083	0.646527
4.084	0.570649
4.085	0.561353
4.086	0.586147
4.087	0.609585
4.088	0.607494
4.089	0.569346
4.09	0.492621
4.091	0.381422
4.092	0.252696
4.093	0.128253
4.094	0.010459
4.095	-0.114102
4.096	-0.242138
4.097	-0.348265
4.098	-0.409972
4.099	-0.422234
4.1	-0.391591
4.101	-0.322072
4.102	-0.205348
4.103	-0.026724
4.104	0.212963
4.105	0.480661
4.106	0.720695
4.107	0.882747
4.108	0.942432
4.109	0.90318
4.11	0.78588
4.111	0.615495
4.112	0.409976
4.113	0.167313
4.114	-0.137427
4.115	-0.514274
4.116	-0.911583
4.117	-1.232498
4.118	-1.399248
4.119	-1.392663
4.12	-1.245069
4.121	-1.012522
4.122	-0.753945
4.123	-0.522956
4.124	-0.358012
4.125	-0.267103
4.126	-0.225117
4.127	-0.192947
4.128	-0.143601
4.129	-0.077239
4.13	-0.017878
4.131	0.004053
4.132	-0.032473
4.133	-0.139687
4.134	-0.326538
4.135	-0.582161
4.136	-0.853913
4.137	-1.065786
4.138	-1.163667
4.139	-1.136757
4.14	-1.007095
4.141	-0.811008
4.142	-0.589733
4.143	-0.386296
4.144	-0.235216
4.145	-0.147456
4.146	-0.107437
4.147	-0.087867
4.148	-0.069706
4.149	-0.05308
4.15	-0.052071
4.151	-0.070465
4.152	-0.073858
4.153	0.006604
4.154	0.225528
4.155	0.572899
4.156	0.971378
4.157	1.314352
4.158	1.512458
4.159	1.527823
4.16	1.382976
4.161	1.142941
4.162	0.883602
4.163	0.663282
4.164	0.507635
4.165	0.412057
4.166	0.35701
4.167	0.322293
4.168	0.291977
4.169	0.253052
4.17	0.196143
4.171	0.124156
4.172	0.062629
4.173	0.049557
4.174	0.100472
4.175	0.193787
4.176	0.295189
4.177	0.376688
4.178	0.416049
4.179	0.401553
4.18	0.3425
4.181	0.271033
4.182	0.232466
4.183	0.266784
4.184	0.385908
4.185	0.561039
4.186	0.734671
4.187	0.851374
4.188	0.882327
4.189	0.828127
4.19	0.708246
4.191	0.547093
4.192	0.360305
4.193	0.144268
4.194	-0.121859
4.195	-0.443734
4.196	-0.775311
4.197	-1.03613
4.198	-1.166289
4.199	-1.154964
4.2	-1.029933
4.201	-0.836651
4.202	-0.624585
4.203	-0.437376
4.204	-0.302375
4.205	-0.225487
4.206	-0.194663
4.207	-0.187495
4.208	-0.180599
4.209	-0.159995
4.21	-0.127074
4.211	-0.097931
4.212	-0.101725
4.213	-0.18062
4.214	-0.37685
4.215	-0.691271
4.216	-1.050884
4.217	-1.342219
4.218	-1.481468
4.219	-1.44919
4.22	-1.278166
4.221	-1.025166
4.222	-0.749664
4.223	-0.503757
4.224	-0.323254
4.225	-0.216196
4.226	-0.161882
4.227	-0.127932
4.228	-0.092387
4.229	-0.054895
4.23	-0.032074
4.231	-0.037422
4.232	-0.054621
4.233	-0.034337
4.234	0.068797
4.235	0.258732
4.236	0.495254
4.237	0.712593
4.238	0.848359
4.239	0.873584
4.24	0.802002
4.241	0.674381
4.242	0.533637
4.243	0.406868
4.244	0.30201
4.245	0.217171
4.246	0.151856
4.247	0.108903
4.248	0.086814
4.249	0.073199
4.25	0.049874
4.251	0.012085
4.252	-0.007435
4.253	0.056317
4.254	0.248964
4.255	0.552418
4.256	0.892282
4.257	1.173742
4.258	1.321062
4.259	1.307958
4.26	1.162926
4.261	0.951503
4.262	0.748916
4.263	0.612827
4.264	0.564793
4.265	0.58743
4.266	0.639308
4.267	0.679463
4.268	0.683297
4.269	0.641784
4.27	0.554411
4.271	0.42669
4.272	0.270056
4.273	0.09094
4.274	-0.121071
4.275	-0.371319
4.276	-0.625487
4.277	-0.821581
4.278	-0.914574
4.279	-0.898308
4.28	-0.795887
4.281	-0.64093
4.282	-0.466475
4.283	-0.302384
4.284	-0.171575
4.285	-0.083644
4.286	-0.032804
4.287	-0.003497
4.288	0.019126
4.289	0.039895
4.29	0.051162
4.291	0.039341
4.292	-0.010827
4.293	-0.124967
4.294	-0.335928
4.295	-0.642942
4.296	-0.978366
4.297	-1.240389
4.298	-1.357914
4.299	-1.319835
4.3	-1.160946
4.301	-0.934166
4.302	-0.69116
4.303	-0.474036
4.304	-0.309941
4.305	-0.205864
4.306	-0.149435
4.307	-0.119037
4.308	-0.096337
4.309	-0.073713
4.31	-0.055763
4.311	-0.054313
4.312	-0.082885
4.313	-0.161039
4.314	-0.313019
4.315	-0.536462
4.316	-0.77603
4.317	-0.952853
4.318	-1.018538
4.319	-0.972702
4.32	-0.842089
4.321	-0.658355
4.322	-0.455043
4.323	-0.269913
4.324	-0.134564
4.325	-0.057926
4.326	-0.023213
4.327	-0.004118
4.328	0.013341
4.329	0.021538
4.33	0.004462
4.331	-0.033793
4.332	-0.047328
4.333	0.039078
4.334	0.275902
4.335	0.640037
4.336	1.041256
4.337	1.367856
4.338	1.533959
4.339	1.511902
4.34	1.337333
4.341	1.085787
4.342	0.83711
4.343	0.646314
4.344	0.532152
4.345	0.482973
4.346	0.47113
4.347	0.467814
4.348	0.450976
4.349	0.404767
4.35	0.321682
4.351	0.212895
4.352	0.11248
4.353	0.059656
4.354	0.068475
4.355	0.120554
4.356	0.186766
4.357	0.241792
4.358	0.265034
4.359	0.247533
4.36	0.201195
4.361	0.158526
4.362	0.160761
4.363	0.237699
4.364	0.388707
4.365	0.5783
4.366	0.752117
4.367	0.862486
4.368	0.886045
4.369	0.825206
4.37	0.697523
4.371	0.522616
4.372	0.312414
4.373	0.063651
4.374	-0.237104
4.375	-0.580964
4.376	-0.911021
4.377	-1.149946
4.378	-1.249811
4.379	-1.209132
4.38	-1.058841
4.381	-0.845371
4.382	-0.620766
4.383	-0.433085
4.384	-0.313329
4.385	-0.262928
4.386	-0.252735
4.387	-0.24228
4.388	-0.20569
4.389	-0.142097
4.39	-0.067508
4.391	3.7e-05
4.392	0.046538
4.393	0.053128
4.394	-0.006287
4.395	-0.137661
4.396	-0.302199
4.397	-0.439813
4.398	-0.513055
4.399	-0.521192
4.4	-0.484711
4.401	-0.426337
4.402	-0.363199
4.403	-0.307537
4.404	-0.268232
4.405	-0.249964
4.406	-0.250434
4.407	-0.259239
4.408	-0.261918
4.409	-0.247259
4.41	-0.212548
4.411	-0.166624
4.412	-0.133694
4.413	-0.155763
4.414	-0.277329
4.415	-0.501273
4.416	-0.762612
4.417	-0.968648
4.418	-1.060967
4.419	-1.034209
4.42	-0.916962
4.421	-0.752311
4.422	-0.589265
4.423	-0.471927
4.424	-0.422236
4.425	-0.429465
4.426	-0.457993
4.427	-0.468605
4.428	-0.439274
4.429	-0.373884
4.43	-0.294094
4.431	-0.22148
4.432	-0.163743
4.433	-0.116192
4.434	-0.07456
4.435	-0.037832
4.436	-0.001741
4.437	0.035861
4.438	0.066555
4.439	0.078744
4.44	0.069629
4.441	0.044943
4.442	0.009048
4.443	-0.041257
4.444	-0.110588
4.445	-0.193579
4.446	-0.2723
4.447	-0.325438
4.448	-0.341487
4.449	-0.325962
4.45	-0.293654
4.451	-0.244714
4.452	-0.143291
4.453	0.068465
4.454	0.419384
4.455	0.871003
4.456	1.327433
4.457	1.675911
4.458	1.832649
4.459	1.775486
4.46	1.545969
4.461	1.224674
4.462	0.89783
4.463	0.628227
4.464	0.440286
4.465	0.324812
4.466	0.256935
4.467	0.213072
4.468	0.178468
4.469	0.146308
4.47	0.113834
4.471	0.083185
4.472	0.064899
4.473	0.067187
4.474	0.079102
4.475	0.081565
4.476	0.071576
4.477	0.058182
4.478	0.044577
4.479	0.026758
4.48	0.003471
4.481	-0.016092
4.482	-0.01242
4.483	0.033082
4.484	0.120829
4.485	0.226695
4.486	0.316378
4.487	0.366687
4.488	0.373719
4.489	0.346403
4.49	0.296236
4.491	0.229488
4.492	0.141613
4.493	0.01157
4.494	-0.188516
4.495	-0.454329
4.496	-0.725467
4.497	-0.920651
4.498	-0.992152
4.499	-0.944525
4.5	-0.8184
4.501	-0.665308
4.502	-0.530267
4.503	-0.443108
4.504	-0.412987
4.505	-0.427867
4.506	-0.461821
4.507	-0.485501
4.508	-0.476449
4.509	-0.42776
4.51	-0.350176
4.511	-0.266168
4.512	-0.204684
4.513	-0.201311
4.514	-0.286111
4.515	-0.451174
4.516	-0.637876
4.517	-0.773158
4.518	-0.815938
4.519	-0.76853
4.52	-0.659588
4.521	-0.525517
4.522	-0.402414
4.523	-0.32164
4.524	-0.298685
4.525	-0.322443
4.526	-0.360143
4.527	-0.378076
4.528	-0.362083
4.529	-0.323031
4.53	-0.282275
4.531	-0.239826
4.532	-0.15032
4.533	0.056476
4.534	0.416494
4.535	0.887559
4.536	1.360729
4.537	1.71367
4.538	1.865031
4.539	1.800529
4.54	1.566289
4.541	1.24052
4.542	0.900665
4.543	0.60118
4.544	0.366349
4.545	0.196801
4.546	0.083543
4.547	0.016353
4.548	-0.017333
4.549	-0.03407
4.55	-0.048046
4.551	-0.055956
4.552	-0.028855
4.553	0.066707
4.554	0.231796
4.555	0.428513
4.556	0.607431
4.557	0.728631
4.558	0.766953
4.559	0.71783
4.56	0.602869
4.561	0.466294
4.562	0.360925
4.563	0.326772
4.564	0.370683
4.565	0.462753
4.566	0.555283
4.567	0.609153
4.568	0.607546
4.569	0.553138
4.57	0.460544
4.571	0.347645
4.572	0.221092
4.573	0.065226
4.574	-0.144194
4.575	-0.401514
4.576	-0.652823
4.577	-0.829111
4.578	-0.892834
4.579	-0.850751
4.58	-0.737003
4.581	-0.593806
4.582	-0.461497
4.583	-0.371292
4.584	-0.335679
4.585	-0.344372
4.586	-0.371851
4.587	-0.389885
4.588	-0.378334
4.589	-0.332426
4.59	-0.26337
4.591	-0.194737
4.592	-0.163594
4.593	-0.220018
4.594	-0.400891
4.595	-0.684509
4.596	-0.982198
4.597	-1.191447
4.598	-1.255985
4.599	-1.180645
4.6	-1.00996
4.601	-0.800714
4.602	-0.603078
4.603	-0.4513
4.604	-0.360139
4.605	-0.324713
4.606	-0.325023
4.607	-0.335974
4.608	-0.33822
4.609	-0.323152
4.61	-0.2897
4.611	-0.232934
4.612	-0.132202
4.613	0.040108
4.614	0.289641
4.615	0.586258
4.616	0.874989
4.617	1.092159
4.618	1.187454
4.619	1.148399
4.62	1.004211
4.621	0.804515
4.622	0.592331
4.623	0.391096
4.624	0.209851
4.625	0.055902
4.626	-0.059164
4.627	-0.125811
4.628	-0.147475
4.629	-0.142541
4.63	-0.131018
4.631	-0.111422
4.632	-0.045946
4.633	0.119082
4.634	0.403421
4.635	0.7652
4.636	1.117918
4.637	1.368881
4.638	1.458252
4.639	1.381699
4.64	1.185284
4.641	0.941294
4.642	0.719736
4.643	0.5651
4.644	0.486501
4.645	0.464128
4.646	0.466147
4.647	0.466068
4.648	0.450191
4.649	0.413492
4.65	0.353749
4.651	0.270967
4.652	0.165768
4.653	0.030257
4.654	-0.149022
4.655	-0.363413
4.656	-0.568479
4.657	-0.71092
4.658	-0.762332
4.659	-0.726634
4.66	-0.626663
4.661	-0.487632
4.662	-0.32888
4.663	-0.166136
4.664	-0.015794
4.665	0.106482
4.666	0.191464
4.667	0.239926
4.668	0.259287
4.669	0.255815
4.67	0.229155
4.671	0.17313
4.672	0.074495
4.673	-0.092931
4.674	-0.350834
4.675	-0.674261
4.676	-0.982797
4.677	-1.187927
4.678	-1.244137
4.679	-1.160761
4.68	-0.983595
4.681	-0.770572
4.682	-0.574012
4.683	-0.429703
4.684	-0.35009
4.685	-0.323472
4.686	-0.321881
4.687	-0.316076
4.688	-0.28956
4.689	-0.243563
4.69	-0.192385
4.691	-0.151836
4.692	-0.131534
4.693	-0.140656
4.694	-0.188874
4.695	-0.268313
4.696	-0.346025
4.697	-0.386856
4.698	-0.378231
4.699	-0.331471
4.7	-0.26749
4.701	-0.204686
4.702	-0.155882
4.703	-0.12936
4.704	-0.129085
4.705	-0.152594
4.706	-0.188721
4.707	-0.221654
4.708	-0.241271
4.709	-0.248738
4.71	-0.246565
4.711	-0.217777
4.712	-0.117459
4.713	0.103935
4.714	0.457456
4.715	0.889657
4.716	1.298241
4.717	1.578599
4.718	1.669493
4.719	1.573201
4.72	1.344697
4.721	1.061229
4.722	0.79086
4.723	0.573965
4.724	0.422216
4.725	0.328862
4.726	0.279196
4.727	0.256332
4.728	0.242634
4.729	0.219604
4.73	0.174817
4.731	0.114448
4.732	0.059876
4.733	0.022939
4.734	-0.006569
4.735	-0.041932
4.736	-0.081072
4.737	-0.113819
4.738	-0.135163
4.739	-0.144559
4.74	-0.137147
4.741	-0.098296
4.742	-0.008251
4.743	0.142388
4.744	0.338106
4.745	0.539858
4.746	0.702141
4.747	0.791729
4.748	0.796956
4.749	0.726141
4.75	0.599203
4.751	0.436331
4.752	0.244374
4.753	0.009049
4.754	-0.285335
4.755	-0.615628
4.756	-0.912426
4.757	-1.103065
4.758	-1.154282
4.759	-1.078152
4.76	-0.915233
4.761	-0.718337
4.762	-0.540968
4.763	-0.422708
4.764	-0.374786
4.765	-0.378366
4.766	-0.397819
4.767	-0.39991
4.768	-0.368619
4.769	-0.308621
4.77	-0.238866
4.771	-0.186587
4.772	-0.187222
4.773	-0.280801
4.774	-0.487008
4.775	-0.769629
4.776	-1.040259
4.777	-1.211035
4.778	-1.241325
4.779	-1.142757
4.78	-0.957766
4.781	-0.738058
4.782	-0.531721
4.783	-0.373701
4.784	-0.278354
4.785	-0.238373
4.786	-0.232167
4.787	-0.236023
4.788	-0.23518
4.789	-0.227531
4.79	-0.214032
4.791	-0.178849
4.792	-0.079302
4.793	0.130746
4.794	0.45762
4.795	0.849386
4.796	1.216364
4.797	1.469203
4.798	1.553743
4.799	1.46841
4.8	1.257458
4.801	0.988305
4.802	0.725836
4.803	0.511531
4.804	0.356216
4.805	0.248859
4.806	0.171825
4.807	0.112847
4.808	0.068343
4.809	0.037463
4.81	0.012548
4.811	-0.023292
4.812	-0.086399
4.813	-0.17943
4.814	-0.283952
4.815	-0.365067
4.816	-0.391631
4.817	-0.357503
4.818	-0.283052
4.819	-0.198217
4.82	-0.126956
4.821	-0.085166
4.822	-0.085581
4.823	-0.136867
4.824	-0.233591
4.825	-0.349367
4.826	-0.446229
4.827	-0.494389
4.828	-0.486527
4.829	-0.436651
4.83	-0.361044
4.831	-0.25006
4.832	-0.059266
4.833	0.2554
4.834	0.687218
4.835	1.165847
4.836	1.585976
4.837	1.849392
4.838	1.902174
4.839	1.752095
4.84	1.457985
4.841	1.101646
4.842	0.758434
4.843	0.476111
4.844	0.269307
4.845	0.130373
4.846	0.044956
4.847	-0.000158
4.848	-0.016755
4.849	-0.014956
4.85	-0.000821
4.851	0.026741
4.852	0.072321
4.853	0.127948
4.854	0.16908
4.855	0.179028
4.856	0.164113
4.857	0.137747
4.858	0.104961
4.859	0.065823
4.86	0.024955
4.861	-0.004151
4.862	-0.003079
4.863	0.039843
4.864	0.117309
4.865	0.20344
4.866	0.270137
4.867	0.303611
4.868	0.306218
4.869	0.287873
4.87	0.257493
4.871	0.215997
4.872	0.14823
4.873	0.021369
4.874	-0.189057
4.875	-0.45799
4.876	-0.711339
4.877	-0.875608
4.878	-0.919754
4.879	-0.859185
4.88	-0.737681
4.881	-0.607413
4.882	-0.514014
4.883	-0.484337
4.884	-0.516893
4.885	-0.5831
4.886	-0.64204
4.887	-0.658226
4.888	-0.613959
4.889	-0.514458
4.89	-0.384353
4.891	-0.258556
4.892	-0.177694
4.893	-0.185055
4.894	-0.301905
4.895	-0.494447
4.896	-0.684213
4.897	-0.799436
4.898	-0.812697
4.899	-0.74114
4.9	-0.625842
4.901	-0.509953
4.902	-0.425668
4.903	-0.390502
4.904	-0.405681
4.905	-0.455076
4.906	-0.510206
4.907	-0.542489
4.908	-0.536183
4.909	-0.492346
4.91	-0.416909
4.911	-0.295622
4.912	-0.084052
4.913	0.259188
4.914	0.723976
4.915	1.234823
4.916	1.678747
4.917	1.95302
4.918	2.005266
4.919	1.845309
4.92	1.531265
4.921	1.144105
4.922	0.761567
4.923	0.438312
4.924	0.195579
4.925	0.025565
4.926	-0.089881
4.927	-0.163615
4.928	-0.202216
4.929	-0.210899
4.93	-0.191607
4.931	-0.132214
4.932	-0.005656
4.933	0.20475
4.934	0.478646
4.935	0.762066
4.936	0.991321
4.937	1.115709
4.938	1.113212
4.939	0.996762
4.94	0.808972
4.941	0.607171
4.942	0.44392
4.943	0.349577
4.944	0.32361
4.945	0.341248
4.946	0.372044
4.947	0.394587
4.948	0.397829
4.949	0.376045
4.95	0.329076
4.951	0.263206
4.952	0.17813
4.953	0.053596
4.954	-0.130212
4.955	-0.353946
4.956	-0.559144
4.957	-0.689769
4.958	-0.724978
4.959	-0.679652
4.96	-0.58818
4.961	-0.491019
4.962	-0.426497
4.963	-0.419679
4.964	-0.469072
4.965	-0.544507
4.966	-0.602933
4.967	-0.61026
4.968	-0.555283
4.969	-0.45189
4.97	-0.330039
4.971	-0.224681
4.972	-0.177222
4.973	-0.236122
4.974	-0.42374
4.975	-0.694528
4.976	-0.950437
4.977	-1.104712
4.978	-1.125536
4.979	-1.033286
4.98	-0.8755
4.981	-0.704642
4.982	-0.564625
4.983	-0.482249
4.984	-0.461007
4.985	-0.480587
4.986	-0.507019
4.987	-0.510403
4.988	-0.478618
4.989	-0.417055
4.99	-0.335304
4.991	-0.230324
4.992	-0.083007
4.993	0.120261
4.994	0.365357
4.995	0.615918
4.996	0.829006
4.997	0.963158
4.998	0.989983
4.999	0.90768
5.0	0.741984
5.001	0.533223
5.002	0.319166
5.003	0.123749
5.004	-0.04395
5.005	-0.181854
5.006	-0.285666
5.007	-0.348712
5.008	-0.370022
5.009	-0.356297
5.01	-0.309106
5.011	-0.207326
5.012	-0.009117
5.013	0.312027
5.014	0.729609
5.015	1.167547
5.016	1.531726
5.017	1.741086
5.018	1.753959
5.019	1.582187
5.02	1.28474
5.021	0.94637
5.022	0.648846
5.023	0.441544
5.024	0.326768
5.025	0.271615
5.026	0.236393
5.027	0.197937
5.028	0.154731
5.029	0.117001
5.03	0.094459
5.031	0.088561
5.032	0.08377
5.033	0.042943
5.034	-0.066201
5.035	-0.22977
5.036	-0.392056
5.037	-0.501689
5.038	-0.540785
5.039	-0.518423
5.04	-0.451693
5.041	-0.354287
5.042	-0.236214
5.043	-0.109643
5.044	0.008766
5.045	0.103936
5.046	0.170014
5.047	0.210824
5.048	0.232977
5.049	0.238592
5.05	0.223027
5.051	0.177464
5.052	0.086534
5.053	-0.075633
5.054	-0.319938
5.055	-0.604911
5.056	-0.850371
5.057	-0.991337
5.058	-1.009258
5.059	-0.926005
5.06	-0.785446
5.061	-0.638506
5.062	-0.530799
5.063	-0.489101
5.064	-0.510479
5.065	-0.563563
5.066	-0.604198
5.067	-0.597104
5.068	-0.53149
5.069	-0.422656
5.07	-0.301698
5.071	-0.201525
5.072	-0.151609
5.073	-0.179374
5.074	-0.292443
5.075	-0.453377
5.076	-0.595304
5.077	-0.667893
5.078	-0.661017
5.079	-0.595531
5.08	-0.503873
5.081	-0.417493
5.082	-0.362405
5.083	-0.35423
5.084	-0.391551
5.085	-0.454443
5.086	-0.511528
5.087	-0.534781
5.088	-0.514424
5.089	-0.460035
5.09	-0.380212
5.091	-0.253762
5.092	-0.028519
5.093	0.334711
5.094	0.814276
5.095	1.323103
5.096	1.744213
5.097	1.979565
5.098	1.986583
5.099	1.786329
5.1	1.447099
5.101	1.056149
5.102	0.690939
5.103	0.398849
5.104	0.191447
5.105	0.054721
5.106	-0.032646
5.107	-0.086085
5.108	-0.113789
5.109	-0.121177
5.11	-0.107179
5.111	-0.053179
5.112	0.067598
5.113	0.255342
5.114	0.47196
5.115	0.668947
5.116	0.809505
5.117	0.86894
5.118	0.835446
5.119	0.718181
5.12	0.552679
5.121	0.391657
5.122	0.282238
5.123	0.244886
5.124	0.267997
5.125	0.321038
5.126	0.373952
5.127	0.407132
5.128	0.410753
5.129	0.381947
5.13	0.324203
5.131	0.244691
5.132	0.14152
5.133	-0.005738
5.134	-0.211108
5.135	-0.444516
5.136	-0.641771
5.137	-0.752292
5.138	-0.765842
5.139	-0.704948
5.14	-0.607695
5.141	-0.517338
5.142	-0.473942
5.143	-0.498753
5.144	-0.58028
5.145	-0.678009
5.146	-0.742745
5.147	-0.739902
5.148	-0.663646
5.149	-0.535442
5.15	-0.390581
5.151	-0.26777
5.152	-0.210704
5.153	-0.263319
5.154	-0.435976
5.155	-0.674096
5.156	-0.884285
5.157	-0.996046
5.158	-0.993386
5.159	-0.903396
5.16	-0.770372
5.161	-0.638195
5.162	-0.542606
5.163	-0.503649
5.164	-0.518068
5.165	-0.56057
5.166	-0.596829
5.167	-0.600226
5.168	-0.562516
5.169	-0.491789
5.17	-0.394922
5.171	-0.255322
5.172	-0.034147
5.173	0.292465
5.174	0.699103
5.175	1.116081
5.176	1.456424
5.177	1.644768
5.178	1.644115
5.179	1.46807
5.18	1.17072
5.181	0.822485
5.182	0.48493
5.183	0.194046
5.184	-0.039563
5.185	-0.216622
5.186	-0.337905
5.187	-0.404044
5.188	-0.420014
5.189	-0.394217
5.19	-0.327286
5.191	-0.197086
5.192	0.034173
5.193	0.378148
5.194	0.79172
5.195	1.196259
5.196	1.508754
5.197	1.662745
5.198	1.628908
5.199	1.426906
5.2	1.118394
5.201	0.786132
5.202	0.504965
5.203	0.313868
5.204	0.20828
5.205	0.160056
5.206	0.14369
5.207	0.14467
5.208	0.152934
5.209	0.158486
5.21	0.15352
5.211	0.134923
5.212	0.097642
5.213	0.024818
5.214	-0.096222
5.215	-0.244729
5.216	-0.375215
5.217	-0.454053
5.218	-0.475283
5.219	-0.451658
5.22	-0.404633
5.221	-0.361688
5.222	-0.351806
5.223	-0.39154
5.224	-0.47133
5.225	-0.557297
5.226	-0.608369
5.227	-0.596638
5.228	-0.519919
5.229	-0.400474
5.23	-0.272454
5.231	-0.170672
5.232	-0.131762
5.233	-0.192332
5.234	-0.359079
5.235	-0.582174
5.236	-0.782942
5.237	-0.906206
5.238	-0.936623
5.239	-0.879626
5.24	-0.742677
5.241	-0.533459
5.242	-0.266796
5.243	0.031029
5.244	0.323331
5.245	0.570153
5.246	0.740383
5.247	0.819681
5.248	0.807387
5.249	0.710524
5.25	0.541811
5.251	0.314948
5.252	0.033786
5.253	-0.308252
5.254	-0.699156
5.255	-1.07955
5.256	-1.364749
5.257	-1.495458
5.258	-1.460856
5.259	-1.289127
5.26	-1.030005
5.261	-0.741521
5.262	-0.477898
5.263	-0.275284
5.264	-0.142312
5.265	-0.063788
5.266	-0.01554
5.267	0.020425
5.268	0.048387
5.269	0.058755
5.27	0.033175
5.271	-0.048192
5.272	-0.204601
5.273	-0.450837
5.274	-0.771095
5.275	-1.097065
5.276	-1.337833
5.277	-1.433842
5.278	-1.377616
5.279	-1.199806
5.28	-0.948253
5.281	-0.672502
5.282	-0.414156
5.283	-0.202605
5.284	-0.052586
5.285	0.037519
5.286	0.081454
5.287	0.093895
5.288	0.080797
5.289	0.041322
5.29	-0.015937
5.291	-0.050932
5.292	0.003692
5.293	0.194301
5.294	0.503593
5.295	0.857205
5.296	1.158333
5.297	1.327144
5.298	1.33263
5.299	1.19896
5.3	0.987224
5.301	0.767911
5.302	0.595151
5.303	0.490624
5.304	0.44301
5.305	0.422485
5.306	0.400771
5.307	0.361868
5.308	0.299499
5.309	0.213296
5.31	0.115256
5.311	0.042134
5.312	0.046819
5.313	0.159296
5.314	0.359675
5.315	0.589485
5.316	0.7783
5.317	0.871433
5.318	0.85317
5.319	0.751158
5.32	0.621712
5.321	0.52626
5.322	0.506957
5.323	0.570763
5.324	0.689609
5.325	0.816934
5.326	0.909851
5.327	0.941558
5.328	0.900126
5.329	0.783272
5.33	0.59923
5.331	0.366529
5.332	0.098053
5.333	-0.20929
5.334	-0.547637
5.335	-0.868458
5.336	-1.10226
5.337	-1.202884
5.338	-1.166126
5.339	-1.020221
5.34	-0.808931
5.341	-0.579844
5.342	-0.376876
5.343	-0.229535
5.344	-0.14211
5.345	-0.094945
5.346	-0.060687
5.347	-0.022461
5.348	0.018397
5.349	0.044852
5.35	0.033724
5.351	-0.037041
5.352	-0.193474
5.353	-0.460443
5.354	-0.822628
5.355	-1.198504
5.356	-1.479579
5.357	-1.594684
5.358	-1.535529
5.359	-1.340722
5.36	-1.068654
5.361	-0.778391
5.362	-0.518817
5.363	-0.320598
5.364	-0.190548
5.365	-0.113835
5.366	-0.066901
5.367	-0.033583
5.368	-0.01286
5.369	-0.012674
5.37	-0.035233
5.371	-0.067538
5.372	-0.089066
5.373	-0.089999
5.374	-0.07427
5.375	-0.046068
5.376	-0.007505
5.377	0.03295
5.378	0.062563
5.379	0.075382
5.38	0.077584
5.381	0.081379
5.382	0.094203
5.383	0.113877
5.384	0.131911
5.385	0.139589
5.386	0.132636
5.387	0.111031
5.388	0.074162
5.389	0.022813
5.39	-0.025816
5.391	-0.027264
5.392	0.072914
5.393	0.297902
5.394	0.614949
5.395	0.948742
5.396	1.211145
5.397	1.334149
5.398	1.299079
5.399	1.141921
5.4	0.931861
5.401	0.739747
5.402	0.611958
5.403	0.559674
5.404	0.565504
5.405	0.598813
5.406	0.628726
5.407	0.631062
5.408	0.590666
5.409	0.50273
5.41	0.375951
5.411	0.232013
5.412	0.091903
5.413	-0.040093
5.414	-0.167711
5.415	-0.281599
5.416	-0.36287
5.417	-0.401159
5.418	-0.39751
5.419	-0.355179
5.42	-0.274002
5.421	-0.153008
5.422	0.003062
5.423	0.178659
5.424	0.347998
5.425	0.483696
5.426	0.567915
5.427	0.595883
5.428	0.571151
5.429	0.499763
5.43	0.384991
5.431	0.222267
5.432	-0.003814
5.433	-0.308874
5.434	-0.67489
5.435	-1.030705
5.436	-1.286568
5.437	-1.386918
5.438	-1.328942
5.439	-1.14847
5.44	-0.900774
5.441	-0.646267
5.442	-0.435293
5.443	-0.293677
5.444	-0.218193
5.445	-0.184817
5.446	-0.163547
5.447	-0.132869
5.448	-0.088868
5.449	-0.045003
5.45	-0.025517
5.451	-0.058752
5.452	-0.172497
5.453	-0.381847
5.454	-0.662845
5.455	-0.943081
5.456	-1.138179
5.457	-1.19987
5.458	-1.129814
5.459	-0.962748
5.46	-0.745129
5.461	-0.521988
5.462	-0.330097
5.463	-0.192273
5.464	-0.113392
5.465	-0.081662
5.466	-0.076233
5.467	-0.079088
5.468	-0.084267
5.469	-0.094468
5.47	-0.100739
5.471	-0.061839
5.472	0.082423
5.473	0.362208
5.474	0.742672
5.475	1.135474
5.476	1.438746
5.477	1.5795
5.478	1.539905
5.479	1.35615
5.48	1.09744
5.481	0.838524
5.482	0.633441
5.483	0.499997
5.484	0.424867
5.485	0.385559
5.486	0.366957
5.487	0.357712
5.488	0.340448
5.489	0.295108
5.49	0.218402
5.491	0.140771
5.492	0.109334
5.493	0.145885
5.494	0.231923
5.495	0.32898
5.496	0.399643
5.497	0.420177
5.498	0.389513
5.499	0.329735
5.5	0.277533
5.501	0.270791
5.502	0.332654
5.503	0.458147
5.504	0.614381
5.505	0.757612
5.506	0.852718
5.507	0.880579
5.508	0.835337
5.509	0.720768
5.51	0.5484
5.511	0.33119
5.512	0.070723
5.513	-0.239974
5.514	-0.584306
5.515	-0.902667
5.516	-1.121828
5.517	-1.199184
5.518	-1.138003
5.519	-0.974632
5.52	-0.759861
5.521	-0.547093
5.522	-0.382041
5.523	-0.287292
5.524	-0.252902
5.525	-0.24621
5.526	-0.233435
5.527	-0.196828
5.528	-0.141156
5.529	-0.089069
5.53	-0.069443
5.531	-0.11329
5.532	-0.257019
5.533	-0.523777
5.534	-0.882489
5.535	-1.239193
5.536	-1.486727
5.537	-1.563575
5.538	-1.471637
5.539	-1.25667
5.54	-0.979674
5.541	-0.69867
5.542	-0.460213
5.543	-0.290402
5.544	-0.188542
5.545	-0.133694
5.546	-0.101531
5.547	-0.078398
5.548	-0.064818
5.549	-0.067499
5.55	-0.080639
5.551	-0.072293
5.552	0.00115
5.553	0.160323
5.554	0.383917
5.555	0.619734
5.556	0.808353
5.557	0.904973
5.558	0.894802
5.559	0.796247
5.56	0.649769
5.561	0.498926
5.562	0.373891
5.563	0.284233
5.564	0.223226
5.565	0.179233
5.566	0.143477
5.567	0.109327
5.568	0.069718
5.569	0.022811
5.57	-0.013702
5.571	0.004878
5.572	0.128463
5.573	0.367764
5.574	0.675936
5.575	0.974952
5.576	1.190505
5.577	1.274286
5.578	1.21777
5.579	1.05458
5.58	0.848481
5.581	0.67157
5.582	0.577301
5.583	0.577225
5.584	0.637864
5.585	0.703373
5.586	0.727904
5.587	0.693865
5.588	0.608435
5.589	0.491004
5.59	0.359887
5.591	0.217811
5.592	0.044366
5.593	-0.186992
5.594	-0.469311
5.595	-0.744951
5.596	-0.940708
5.597	-1.014793
5.598	-0.967993
5.599	-0.826011
5.6	-0.623268
5.601	-0.397142
5.602	-0.182781
5.603	-0.004625
5.604	0.128183
5.605	0.218854
5.606	0.276351
5.607	0.308229
5.608	0.315016
5.609	0.289436
5.61	0.219501
5.611	0.087804
5.612	-0.130399
5.613	-0.448083
5.614	-0.829974
5.615	-1.188216
5.616	-1.428587
5.617	-1.499584
5.618	-1.404475
5.619	-1.186126
5.62	-0.90717
5.621	-0.632185
5.622	-0.410787
5.623	-0.264719
5.624	-0.18557
5.625	-0.145464
5.626	-0.11527
5.627	-0.079503
5.628	-0.040245
5.629	-0.012522
5.63	-0.015212
5.631	-0.061871
5.632	-0.159659
5.633	-0.307604
5.634	-0.482487
5.635	-0.636442
5.636	-0.723493
5.637	-0.725015
5.638	-0.65019
5.639	-0.523391
5.64	-0.374103
5.641	-0.230933
5.642	-0.116774
5.643	-0.044635
5.644	-0.014381
5.645	-0.013028
5.646	-0.022432
5.647	-0.031495
5.648	-0.041917
5.649	-0.059122
5.65	-0.071518
5.651	-0.035739
5.652	0.103954
5.653	0.367409
5.654	0.712505
5.655	1.053675
5.656	1.301509
5.657	1.400071
5.658	1.345044
5.659	1.176773
5.66	0.959232
5.661	0.755346
5.662	0.604542
5.663	0.512384
5.664	0.459422
5.665	0.421289
5.666	0.382852
5.667	0.33883
5.668	0.28978
5.669	0.243365
5.67	0.220382
5.671	0.257423
5.672	0.390273
5.673	0.622035
5.674	0.911813
5.675	1.192821
5.676	1.396024
5.677	1.471451
5.678	1.404649
5.679	1.218642
5.68	0.96155
5.681	0.687607
5.682	0.438657
5.683	0.234017
5.684	0.073672
5.685	-0.049905
5.686	-0.141133
5.687	-0.199094
5.688	-0.221989
5.689	-0.208024
5.69	-0.146884
5.691	-0.014049
5.692	0.211298
5.693	0.517296
5.694	0.85488
5.695	1.155636
5.696	1.352369
5.697	1.402657
5.698	1.30743
5.699	1.108861
5.7	0.871189
5.701	0.656734
5.702	0.504998
5.703	0.423583
5.704	0.394817
5.705	0.391549
5.706	0.39158
5.707	0.382822
5.708	0.359501
5.709	0.317156
5.71	0.253102
5.711	0.164454
5.712	0.037438
5.713	-0.145097
5.714	-0.370025
5.715	-0.584013
5.716	-0.728076
5.717	-0.773087
5.718	-0.725719
5.719	-0.615758
5.72	-0.4813
5.721	-0.358054
5.722	-0.272046
5.723	-0.232966
5.724	-0.230878
5.725	-0.241349
5.726	-0.238456
5.727	-0.20802
5.728	-0.153141
5.729	-0.092044
5.73	-0.051555
5.731	-0.06394
5.732	-0.16743
5.733	-0.385205
5.734	-0.68496
5.735	-0.977015
5.736	-1.168111
5.737	-1.212885
5.738	-1.122687
5.739	-0.945161
5.74	-0.740218
5.741	-0.562462
5.742	-0.447579
5.743	-0.403378
5.744	-0.410367
5.745	-0.43266
5.746	-0.435704
5.747	-0.402619
5.748	-0.339227
5.749	-0.264289
5.75	-0.193425
5.751	-0.133577
5.752	-0.091514
5.753	-0.075579
5.754	-0.08245
5.755	-0.093446
5.756	-0.090778
5.757	-0.071875
5.758	-0.047465
5.759	-0.030465
5.76	-0.028099
5.761	-0.042979
5.762	-0.076992
5.763	-0.129631
5.764	-0.193231
5.765	-0.253106
5.766	-0.29398
5.767	-0.308385
5.768	-0.300672
5.769	-0.276486
5.77	-0.218855
5.771	-0.080665
5.772	0.182553
5.773	0.566389
5.774	1.004462
5.775	1.396768
5.776	1.65259
5.777	1.722125
5.778	1.607775
5.779	1.357235
5.78	1.045007
5.781	0.748789
5.782	0.524063
5.783	0.386039
5.784	0.3134
5.785	0.271256
5.786	0.232797
5.787	0.187027
5.788	0.135576
5.789	0.087102
5.79	0.05348
5.791	0.042081
5.792	0.044291
5.793	0.039107
5.794	0.0151
5.795	-0.01968
5.796	-0.052009
5.797	-0.076547
5.798	-0.092524
5.799	-0.094858
5.8	-0.071956
5.801	-0.012237
5.802	0.086245
5.803	0.210202
5.804	0.334482
5.805	0.433439
5.806	0.491378
5.807	0.503616
5.808	0.471765
5.809	0.401517
5.81	0.29933
5.811	0.161689
5.812	-0.031153
5.813	-0.293478
5.814	-0.59646
5.815	-0.867737
5.816	-1.037092
5.817	-1.075579
5.818	-0.997776
5.819	-0.843892
5.82	-0.665068
5.821	-0.513426
5.822	-0.426496
5.823	-0.410809
5.824	-0.440516
5.825	-0.474211
5.826	-0.476745
5.827	-0.433495
5.828	-0.353266
5.829	-0.260864
5.83	-0.187834
5.831	-0.170671
5.832	-0.247675
5.833	-0.433432
5.834	-0.686959
5.835	-0.922938
5.836	-1.064003
5.837	-1.079575
5.838	-0.985142
5.839	-0.820824
5.84	-0.633461
5.841	-0.467037
5.842	-0.354099
5.843	-0.305947
5.844	-0.308987
5.845	-0.333514
5.846	-0.350356
5.847	-0.344994
5.848	-0.320039
5.849	-0.281315
5.85	-0.212682
5.851	-0.065958
5.852	0.207003
5.853	0.605441
5.854	1.064671
5.855	1.480857
5.856	1.752873
5.857	1.822652
5.858	1.694689
5.859	1.425558
5.86	1.095229
5.861	0.776713
5.862	0.514544
5.863	0.319857
5.864	0.181958
5.865	0.084917
5.866	0.016842
5.867	-0.030086
5.868	-0.061476
5.869	-0.077676
5.87	-0.064353
5.871	0.008668
5.872	0.161715
5.873	0.37755
5.874	0.609165
5.875	0.804665
5.876	0.921089
5.877	0.934582
5.878	0.849878
5.879	0.700882
5.88	0.542281
5.881	0.43261
5.882	0.408951
5.883	0.465491
5.884	0.556459
5.885	0.626243
5.886	0.641142
5.887	0.598299
5.888	0.51408
5.889	0.407965
5.89	0.290179
5.891	0.152833
5.892	-0.028348
5.893	-0.26719
5.894	-0.53463
5.895	-0.766541
5.896	-0.905638
5.897	-0.92989
5.898	-0.852413
5.899	-0.708997
5.9	-0.546949
5.901	-0.415773
5.902	-0.351804
5.903	-0.35933
5.904	-0.406904
5.905	-0.44714
5.906	-0.443677
5.907	-0.387153
5.908	-0.296161
5.909	-0.206005
5.91	-0.153387
5.911	-0.173125
5.912	-0.300708
5.913	-0.546678
5.914	-0.860104
5.915	-1.143052
5.916	-1.308969
5.917	-1.323308
5.918	-1.203917
5.919	-1.000039
5.92	-0.770181
5.921	-0.566961
5.922	-0.426178
5.923	-0.356736
5.924	-0.338556
5.925	-0.335844
5.926	-0.319212
5.927	-0.280842
5.928	-0.233162
5.929	-0.192712
5.93	-0.156945
5.931	-0.097368
5.932	0.015175
5.933	0.183101
5.934	0.380517
5.935	0.565238
5.936	0.693842
5.937	0.738683
5.938	0.69809
5.939	0.593935
5.94	0.458538
5.941	0.319336
5.942	0.191587
5.943	0.080578
5.944	-0.011578
5.945	-0.080622
5.946	-0.122823
5.947	-0.142787
5.948	-0.153504
5.949	-0.160252
5.95	-0.137579
5.951	-0.029051
5.952	0.211143
5.953	0.569546
5.954	0.970377
5.955	1.314229
5.956	1.519358
5.957	1.54724
5.958	1.410849
5.959	1.166037
5.96	0.890469
5.961	0.657222
5.962	0.509779
5.963	0.448773
5.964	0.440992
5.965	0.444386
5.966	0.429665
5.967	0.386116
5.968	0.315989
5.969	0.230781
5.97	0.147618
5.971	0.073111
5.972	-0.011645
5.973	-0.132402
5.974	-0.282955
5.975	-0.421329
5.976	-0.505897
5.977	-0.523714
5.978	-0.487338
5.979	-0.414948
5.98	-0.315669
5.981	-0.189986
5.982	-0.041779
5.983	0.111245
5.984	0.240921
5.985	0.323369
5.986	0.3523
5.987	0.339865
5.988	0.303223
5.989	0.248202
5.99	0.165086
5.991	0.03298
5.992	-0.174046
5.993	-0.461226
5.994	-0.781705
5.995	-1.052172
5.996	-1.204932
5.997	-1.218015
5.998	-1.10956
5.999	-0.921282
6.0	-0.706875
6.001	-0.520703
6.002	-0.400318
6.003	-0.350927
6.004	-0.346197
6.005	-0.346948
6.006	-0.324861
6.007	-0.275725
6.008	-0.215382
6.009	-0.166607
6.01	-0.149094
6.011	-0.178903
6.012	-0.271857
6.013	-0.428987
6.014	-0.613525
6.015	-0.763828
6.016	-0.834396
6.017	-0.815731
6.018	-0.724317
6.019	-0.587492
6.02	-0.437595
6.021	-0.309004
6.022	-0.22835
6.023	-0.2026
6.024	-0.21623
6.025	-0.240894
6.026	-0.252697
6.027	-0.246318
6.028	-0.232681
6.029	-0.216997
6.03	-0.172446
6.031	-0.039541
6.032	0.230906
6.033	0.628097
6.034	1.075758
6.035	1.464669
6.036	1.696849
6.037	1.725861
6.038	1.571284
6.039	1.300888
6.04	0.997789
6.041	0.729533
6.042	0.529835
6.043	0.399099
6.044	0.31873
6.045	0.266366
6.046	0.224533
6.047	0.182001
6.048	0.13228
6.049	0.078113
6.05	0.041813
6.051	0.059073
6.052	0.145971
6.053	0.280629
6.054	0.423071
6.055	0.536052
6.056	0.591165
6.057	0.576058
6.058	0.50107
6.059	0.398734
6.06	0.316587
6.061	0.300851
6.062	0.371495
6.063	0.505911
6.064	0.650247
6.065	0.750684
6.066	0.777798
6.067	0.730109
6.068	0.623492
6.069	0.478486
6.07	0.312387
6.071	0.128213
6.072	-0.09447
6.073	-0.371652
6.074	-0.669997
6.075	-0.915302
6.076	-1.045887
6.077	-1.045959
6.078	-0.940984
6.079	-0.777344
6.08	-0.604644
6.081	-0.464199
6.082	-0.380034
6.083	-0.353244
6.084	-0.363574
6.085	-0.377469
6.086	-0.361845
6.087	-0.302077
6.088	-0.215131
6.089	-0.143217
6.09	-0.124955
6.091	-0.173029
6.092	-0.280389
6.093	-0.426357
6.094	-0.570412
6.095	-0.666818
6.096	-0.693717
6.097	-0.658725
6.098	-0.582665
6.099	-0.485813
6.1	-0.384323
6.101	-0.291287
6.102	-0.217368
6.103	-0.168299
6.104	-0.141115
6.105	-0.124361
6.106	-0.10485
6.107	-0.076506
6.108	-0.04334
6.109	-0.016063
6.11	-0.008713
6.111	-0.042575
6.112	-0.148076
6.113	-0.337863
6.114	-0.572479
6.115	-0.776497
6.116	-0.89105
6.117	-0.901422
6.118	-0.82855
6.119	-0.711137
6.12	-0.593612
6.121	-0.516013
6.122	-0.499831
6.123	-0.537572
6.124	-0.597026
6.125	-0.637677
6.126	-0.629547
6.127	-0.565898
6.128	-0.463242
6.129	-0.349292
6.13	-0.250644
6.131	-0.193558
6.132	-0.206485
6.133	-0.298009
6.134	-0.431997
6.135	-0.547076
6.136	-0.600756
6.137	-0.587606
6.138	-0.528478
6.139	-0.452693
6.14	-0.386519
6.141	-0.350444
6.142	-0.356969
6.143	-0.403715
6.144	-0.470251
6.145	-0.526747
6.146	-0.549522
6.147	-0.532175
6.148	-0.483631
6.149	-0.408062
6.15	-0.277281
6.151	-0.034097
6.152	0.356741
6.153	0.862159
6.154	1.38509
6.155	1.80434
6.156	2.023339
6.157	2.00569
6.158	1.780424
6.159	1.422032
6.16	1.020571
6.161	0.653779
6.162	0.367258
6.163	0.168136
6.164	0.037567
6.165	-0.04764
6.166	-0.103169
6.167	-0.138024
6.168	-0.156207
6.169	-0.151381
6.17	-0.100371
6.171	0.023689
6.172	0.218115
6.173	0.441572
6.174	0.643368
6.175	0.786067
6.176	0.84538
6.177	0.810484
6.178	0.690599
6.179	0.519147
6.18	0.34877
6.181	0.233212
6.182	0.20098
6.183	0.238777
6.184	0.302946
6.185	0.352172
6.186	0.37011
6.187	0.35912
6.188	0.322999
6.189	0.263856
6.19	0.185336
6.191	0.082567
6.192	-0.064991
6.193	-0.267553
6.194	-0.492168
6.195	-0.676611
6.196	-0.774538
6.197	-0.778231
6.198	-0.710189
6.199	-0.607119
6.2	-0.510911
6.201	-0.46085
6.202	-0.477789
6.203	-0.549687
6.204	-0.63552
6.205	-0.687875
6.206	-0.676901
6.207	-0.601153
6.208	-0.483716
6.209	-0.359126
6.21	-0.264064
6.211	-0.240035
6.212	-0.327519
6.213	-0.52965
6.214	-0.784056
6.215	-0.995337
6.216	-1.096574
6.217	-1.076201
6.218	-0.96383
6.219	-0.805094
6.22	-0.645761
6.221	-0.523773
6.222	-0.46098
6.223	-0.45528
6.224	-0.481541
6.225	-0.505446
6.226	-0.502032
6.227	-0.466181
6.228	-0.407662
6.229	-0.332227
6.23	-0.221575
6.231	-0.038144
6.232	0.237013
6.233	0.576783
6.234	0.920451
6.235	1.197532
6.236	1.347364
6.237	1.34073
6.238	1.191741
6.239	0.948785
6.24	0.671914
6.241	0.41018
6.242	0.188911
6.243	0.012529
6.244	-0.122154
6.245	-0.216211
6.246	-0.270064
6.247	-0.289074
6.248	-0.280453
6.249	-0.239641
6.25	-0.137623
6.251	0.068163
6.252	0.391642
6.253	0.789398
6.254	1.179893
6.255	1.477765
6.256	1.617796
6.257	1.575492
6.258	1.376518
6.259	1.086599
6.26	0.788798
6.261	0.554432
6.262	0.416594
6.263	0.36204
6.264	0.348545
6.265	0.335438
6.266	0.30419
6.267	0.257811
6.268	0.208818
6.269	0.168694
6.27	0.139064
6.271	0.100541
6.272	0.014842
6.273	-0.138735
6.274	-0.327733
6.275	-0.487506
6.276	-0.572772
6.277	-0.578974
6.278	-0.528128
6.279	-0.446895
6.28	-0.35644
6.281	-0.274709
6.282	-0.216953
6.283	-0.187952
6.284	-0.177068
6.285	-0.165293
6.286	-0.137818
6.287	-0.092266
6.288	-0.040055
6.289	-0.001782
6.29	-0.001426
6.291	-0.067398
6.292	-0.227435
6.293	-0.476456
6.294	-0.752833
6.295	-0.970408
6.296	-1.07221
6.297	-1.050453
6.298	-0.934469
6.299	-0.772333
6.3	-0.616208
6.301	-0.50885
6.302	-0.470292
6.303	-0.49013
6.304	-0.53278
6.305	-0.555961
6.306	-0.532191
6.307	-0.460036
6.308	-0.359559
6.309	-0.257598
6.31	-0.173233
6.311	-0.116783
6.312	-0.097818
6.313	-0.116829
6.314	-0.152532
6.315	-0.176444
6.316	-0.176186
6.317	-0.158205
6.318	-0.136355
6.319	-0.122449
6.32	-0.125094
6.321	-0.152095
6.322	-0.207365
6.323	-0.284104
6.324	-0.363294
6.325	-0.420343
6.326	-0.437753
6.327	-0.415561
6.328	-0.366623
6.329	-0.293562
6.33	-0.165282
6.331	0.073062
6.332	0.449605
6.333	0.923363
6.334	1.393867
6.335	1.748049
6.336	1.90659
6.337	1.848662
6.338	1.611031
6.339	1.268557
6.34	0.906581
6.341	0.594005
6.342	0.365109
6.343	0.217378
6.344	0.126727
6.345	0.068701
6.346	0.029617
6.347	0.00406
6.348	-0.010374
6.349	-0.010064
6.35	0.016226
6.351	0.070723
6.352	0.130725
6.353	0.166163
6.354	0.169819
6.355	0.155648
6.356	0.1347
6.357	0.105102
6.358	0.062794
6.359	0.01733
6.36	-0.004021
6.361	0.028257
6.362	0.119868
6.363	0.243219
6.364	0.358843
6.365	0.440889
6.366	0.480791
6.367	0.478332
6.368	0.435827
6.369	0.358619
6.37	0.252517
6.371	0.110958
6.372	-0.085206
6.373	-0.33471
6.374	-0.590002
6.375	-0.783191
6.376	-0.872282
6.377	-0.857332
6.378	-0.767636
6.379	-0.645957
6.38	-0.539323
6.381	-0.487446
6.382	-0.505545
6.383	-0.574284
6.384	-0.64882
6.385	-0.682717
6.386	-0.650774
6.387	-0.557417
6.388	-0.428469
6.389	-0.298562
6.39	-0.207674
6.391	-0.201585
6.392	-0.315297
6.393	-0.536456
6.394	-0.791306
6.395	-0.986195
6.396	-1.064583
6.397	-1.025375
6.398	-0.904006
6.399	-0.747527
6.4	-0.601126
6.401	-0.500874
6.402	-0.463428
6.403	-0.478917
6.404	-0.517343
6.405	-0.544559
6.406	-0.537989
6.407	-0.494932
6.408	-0.424967
6.409	-0.327152
6.41	-0.172811
6.411	0.08076
6.412	0.448485
6.413	0.889054
6.414	1.317557
6.415	1.639379
6.416	1.78344
6.417	1.727243
6.418	1.501731
6.419	1.173723
6.42	0.818412
6.421	0.493928
6.422	0.22844
6.423	0.02562
6.424	-0.12052
6.425	-0.216168
6.426	-0.266661
6.427	-0.277845
6.428	-0.254005
6.429	-0.188776
6.43	-0.05656
6.431	0.172819
6.432	0.497246
6.433	0.867515
6.434	1.209446
6.435	1.450208
6.436	1.537996
6.437	1.4592
6.438	1.243737
6.439	0.955777
6.44	0.674389
6.441	0.466015
6.442	0.356912
6.443	0.325582
6.444	0.325099
6.445	0.316358
6.446	0.286145
6.447	0.243998
6.448	0.207683
6.449	0.187204
6.45	0.173487
6.451	0.134114
6.452	0.027773
6.453	-0.154518
6.454	-0.364902
6.455	-0.532057
6.456	-0.612203
6.457	-0.604263
6.458	-0.534903
6.459	-0.442639
6.46	-0.369478
6.461	-0.350404
6.462	-0.396854
6.463	-0.487016
6.464	-0.575789
6.465	-0.617931
6.466	-0.588391
6.467	-0.490565
6.468	-0.351762
6.469	-0.212463
6.47	-0.118908
6.471	-0.119889
6.472	-0.248755
6.473	-0.486988
6.474	-0.755123
6.475	-0.957918
6.476	-1.039076
6.477	-0.998099
6.478	-0.873722
6.479	-0.71979
6.48	-0.587627
6.481	-0.513861
6.482	-0.508909
6.483	-0.552882
6.484	-0.606619
6.485	-0.630688
6.486	-0.601409
6.487	-0.518279
6.488	-0.400107
6.489	-0.270324
6.49	-0.14366
6.491	-0.029193
6.492	0.062587
6.493	0.127387
6.494	0.173374
6.495	0.209688
6.496	0.234408
6.497	0.237094
6.498	0.20835
6.499	0.146009
6.5	0.054369
6.501	-0.060084
6.502	-0.189272
6.503	-0.319597
6.504	-0.430607
6.505	-0.501312
6.506	-0.519676
6.507	-0.487148
6.508	-0.413004
6.509	-0.29555
6.51	-0.105217
6.511	0.198175
6.512	0.618129
6.513	1.096254
6.514	1.534134
6.515	1.835683
6.516	1.942745
6.517	1.852339
6.518	1.611226
6.519	1.292625
6.52	0.966414
6.521	0.677554
6.522	0.443431
6.523	0.265331
6.524	0.138993
6.525	0.056856
6.526	0.006667
6.527	-0.027689
6.528	-0.060122
6.529	-0.087043
6.53	-0.072451
6.531	0.035998
6.532	0.260633
6.533	0.567675
6.534	0.883142
6.535	1.125992
6.536	1.240631
6.537	1.216605
6.538	1.085887
6.539	0.90524
6.54	0.734717
6.541	0.617405
6.542	0.565311
6.543	0.559841
6.544	0.569604
6.545	0.571011
6.546	0.552591
6.547	0.505052
6.548	0.418718
6.549	0.29878
6.55	0.178803
6.551	0.103587
6.552	0.093272
6.553	0.132945
6.554	0.191063
6.555	0.237616
6.556	0.254989
6.557	0.244295
6.558	0.22507
6.559	0.229004
6.56	0.28795
6.561	0.417557
6.562	0.605048
6.563	0.811255
6.564	0.987033
6.565	1.093114
6.566	1.110507
6.567	1.037417
6.568	0.882027
6.569	0.659777
6.57	0.386621
6.571	0.065373
6.572	-0.30692
6.573	-0.703789
6.574	-1.056117
6.575	-1.287423
6.576	-1.356783
6.577	-1.270796
6.578	-1.069373
6.579	-0.805855
6.58	-0.533894
6.581	-0.298693
6.582	-0.126064
6.583	-0.015607
6.584	0.052515
6.585	0.100656
6.586	0.139771
6.587	0.165758
6.588	0.163273
6.589	0.112854
6.59	-0.008789
6.591	-0.232748
6.592	-0.575387
6.593	-0.994673
6.594	-1.387102
6.595	-1.643921
6.596	-1.708821
6.597	-1.59054
6.598	-1.340061
6.599	-1.022725
6.6	-0.701185
6.601	-0.424965
6.602	-0.220829
6.603	-0.08894
6.604	-0.010092
6.605	0.038702
6.606	0.069825
6.607	0.08109
6.608	0.064767
6.609	0.023882
6.61	-0.019747
6.611	-0.039206
6.612	-0.023942
6.613	0.018846
6.614	0.0769
6.615	0.136428
6.616	0.181589
6.617	0.201887
6.618	0.200263
6.619	0.190926
6.62	0.188426
6.621	0.198236
6.622	0.215123
6.623	0.228888
6.624	0.231808
6.625	0.221099
6.626	0.194895
6.627	0.149007
6.628	0.085882
6.629	0.031232
6.63	0.036651
6.631	0.15306
6.632	0.389147
6.633	0.695741
6.634	0.991142
6.635	1.197905
6.636	1.268561
6.637	1.199479
6.638	1.030347
6.639	0.828562
6.64	0.66485
6.641	0.586167
6.642	0.596351
6.643	0.658442
6.644	0.718679
6.645	0.735342
6.646	0.693296
6.647	0.599578
6.648	0.47249
6.649	0.332507
6.65	0.189269
6.651	0.029381
6.652	-0.169845
6.653	-0.402566
6.654	-0.621541
6.655	-0.771382
6.656	-0.824136
6.657	-0.781959
6.658	-0.661165
6.659	-0.480896
6.66	-0.261066
6.661	-0.024263
6.662	0.203808
6.663	0.397944
6.664	0.539792
6.665	0.621161
6.666	0.641693
6.667	0.605302
6.668	0.51691
6.669	0.378156
6.67	0.182376
6.671	-0.086395
6.672	-0.433888
6.673	-0.821434
6.674	-1.165291
6.675	-1.38298
6.676	-1.436019
6.677	-1.334626
6.678	-1.120725
6.679	-0.852777
6.68	-0.592829
6.681	-0.388988
6.682	-0.260567
6.683	-0.196433
6.684	-0.166486
6.685	-0.139703
6.686	-0.100412
6.687	-0.053943
6.688	-0.020262
6.689	-0.024562
6.69	-0.092087
6.691	-0.244771
6.692	-0.485503
6.693	-0.773181
6.694	-1.028321
6.695	-1.177701
6.696	-1.190998
6.697	-1.081886
6.698	-0.889142
6.699	-0.659004
6.7	-0.435548
6.701	-0.254427
6.702	-0.135274
6.703	-0.076332
6.704	-0.058445
6.705	-0.05758
6.706	-0.058636
6.707	-0.061699
6.708	-0.071811
6.709	-0.073944
6.71	-0.01816
6.711	0.154551
6.712	0.460861
6.713	0.849854
6.714	1.22349
6.715	1.482446
6.716	1.568872
6.717	1.484088
6.718	1.278182
6.719	1.024871
6.72	0.79391
6.721	0.628024
6.722	0.533196
6.723	0.487288
6.724	0.459625
6.725	0.427236
6.726	0.379038
6.727	0.31164
6.728	0.228351
6.729	0.147979
6.73	0.10518
6.731	0.12365
6.732	0.19305
6.733	0.28164
6.734	0.358832
6.735	0.401853
6.736	0.398588
6.737	0.35479
6.738	0.296552
6.739	0.26233
6.74	0.287067
6.741	0.384576
6.742	0.537776
6.743	0.705781
6.744	0.844297
6.745	0.922026
6.746	0.923812
6.747	0.846775
6.748	0.69704
6.749	0.489845
6.75	0.242231
6.751	-0.043174
6.752	-0.36905
6.753	-0.706877
6.754	-0.990968
6.755	-1.15825
6.756	-1.183762
6.757	-1.083061
6.758	-0.896407
6.759	-0.675529
6.76	-0.474924
6.761	-0.33718
6.762	-0.275145
6.763	-0.267247
6.764	-0.273037
6.765	-0.258468
6.766	-0.213788
6.767	-0.154689
6.768	-0.109049
6.769	-0.104002
6.77	-0.168471
6.771	-0.336109
6.772	-0.617541
6.773	-0.962546
6.774	-1.271154
6.775	-1.45181
6.776	-1.466611
6.777	-1.333404
6.778	-1.101701
6.779	-0.829444
6.78	-0.571414
6.781	-0.370504
6.782	-0.245043
6.783	-0.183405
6.784	-0.156716
6.785	-0.139367
6.786	-0.121774
6.787	-0.110865
6.788	-0.114958
6.789	-0.119721
6.79	-0.083304
6.791	0.035199
6.792	0.242056
6.793	0.501698
6.794	0.753362
6.795	0.935049
6.796	1.006547
6.797	0.963939
6.798	0.837329
6.799	0.673815
6.8	0.516652
6.801	0.390317
6.802	0.298152
6.803	0.231869
6.804	0.181809
6.805	0.139401
6.806	0.095507
6.807	0.042987
6.808	-0.013351
6.809	-0.044781
6.81	-0.00155
6.811	0.155029
6.812	0.415706
6.813	0.722845
6.814	0.999807
6.815	1.179159
6.816	1.223409
6.817	1.137221
6.818	0.964495
6.819	0.772104
6.82	0.626487
6.821	0.568176
6.822	0.593839
6.823	0.660473
6.824	0.713943
6.825	0.720059
6.826	0.674023
6.827	0.58737
6.828	0.469743
6.829	0.32304
6.83	0.145746
6.831	-0.067301
6.832	-0.31671
6.833	-0.575698
6.834	-0.791391
6.835	-0.917607
6.836	-0.937859
6.837	-0.86156
6.838	-0.709851
6.839	-0.507897
6.84	-0.283619
6.841	-0.064563
6.842	0.126913
6.843	0.276222
6.844	0.376873
6.845	0.429289
6.846	0.437117
6.847	0.402677
6.848	0.325605
6.849	0.202964
6.85	0.024884
6.851	-0.226694
6.852	-0.553643
6.853	-0.908406
6.854	-1.20532
6.855	-1.371471
6.856	-1.380985
6.857	-1.25259
6.858	-1.031353
6.859	-0.773532
6.86	-0.534417
6.861	-0.35392
6.862	-0.244572
6.863	-0.1917
6.864	-0.166917
6.865	-0.145953
6.866	-0.120865
6.867	-0.100633
6.868	-0.100762
6.869	-0.127274
6.87	-0.170647
6.871	-0.21919
6.872	-0.266432
6.873	-0.301041
6.874	-0.308205
6.875	-0.284304
6.876	-0.238693
6.877	-0.182707
6.878	-0.123542
6.879	-0.067096
6.88	-0.022184
6.881	2.5e-05
6.882	-0.007026
6.883	-0.037697
6.884	-0.075349
6.885	-0.104193
6.886	-0.121719
6.887	-0.138344
6.888	-0.160557
6.889	-0.165177
6.89	-0.092151
6.891	0.116092
6.892	0.460216
6.893	0.872314
6.894	1.247632
6.895	1.489618
6.896	1.548929
6.897	1.438061
6.898	1.216973
6.899	0.963829
6.9	0.745755
6.901	0.599062
6.902	0.523475
6.903	0.492204
6.904	0.472698
6.905	0.442225
6.906	0.389121
6.907	0.308542
6.908	0.204835
6.909	0.097205
6.91	0.009675
6.911	-0.053256
6.912	-0.107448
6.913	-0.160834
6.914	-0.202359
6.915	-0.219511
6.916	-0.211633
6.917	-0.185286
6.918	-0.140844
6.919	-0.063637
6.92	0.068581
6.921	0.262803
6.922	0.492651
6.923	0.705497
6.924	0.849195
6.925	0.895153
6.926	0.843995
6.927	0.715509
6.928	0.536038
6.929	0.330634
6.93	0.108047
6.931	-0.150533
6.932	-0.460555
6.933	-0.786658
6.934	-1.050469
6.935	-1.185886
6.936	-1.175547
6.937	-1.04546
6.938	-0.841687
6.939	-0.615379
6.94	-0.420269
6.941	-0.304579
6.942	-0.287855
6.943	-0.344357
6.944	-0.416859
6.945	-0.451901
6.946	-0.427523
6.947	-0.356762
6.948	-0.270448
6.949	-0.19525
6.95	-0.148894
6.951	-0.151278
6.952	-0.21538
6.953	-0.320931
6.954	-0.42103
6.955	-0.47749
6.956	-0.479058
6.957	-0.435056
6.958	-0.363452
6.959	-0.283663
6.96	-0.214231
6.961	-0.170653
6.962	-0.159443
6.963	-0.172835
6.964	-0.191745
6.965	-0.197253
6.966	-0.181972
6.967	-0.153117
6.968	-0.127252
6.969	-0.1223
6.97	-0.159577
6.971	-0.269219
6.972	-0.464077
6.973	-0.702235
6.974	-0.902739
6.975	-1.001617
6.976	-0.983874
6.977	-0.875693
6.978	-0.721668
6.979	-0.56777
6.98	-0.452621
6.981	-0.399084
6.982	-0.406309
6.983	-0.450426
6.984	-0.495875
6.985	-0.512815
6.986	-0.491235
6.987	-0.44163
6.988	-0.381604
6.989	-0.318816
6.99	-0.249167
6.991	-0.173046
6.992	-0.099689
6.993	-0.031996
6.994	0.035098
6.995	0.099438
6.996	0.147599
6.997	0.165802
6.998	0.150436
6.999	0.107669
7.0	0.044749
7.001	-0.034905
7.002	-0.128162
7.003	-0.226093
7.004	-0.313099
7.005	-0.37433
7.006	-0.405635
7.007	-0.413689
7.008	-0.397286
7.009	-0.323887
7.01	-0.135736
7.011	0.204427
7.012	0.669641
7.013	1.170458
7.014	1.593692
7.015	1.846002
7.016	1.883815
7.017	1.722685
7.018	1.426269
7.019	1.081563
7.02	0.769403
7.021	0.537708
7.022	0.389811
7.023	0.297362
7.024	0.226116
7.025	0.154838
7.026	0.079053
7.027	0.004935
7.028	-0.053829
7.029	-0.076801
7.03	-0.052137
7.031	0.001628
7.032	0.047725
7.033	0.069812
7.034	0.078661
7.035	0.085171
7.036	0.087558
7.037	0.082454
7.038	0.076043
7.039	0.082278
7.04	0.112562
7.041	0.166158
7.042	0.229281
7.043	0.283576
7.044	0.315603
7.045	0.319547
7.046	0.294418
7.047	0.242731
7.048	0.170386
7.049	0.081487
7.05	-0.032533
7.051	-0.194857
7.052	-0.414593
7.053	-0.652613
7.054	-0.837621
7.055	-0.917341
7.056	-0.884352
7.057	-0.76554
7.058	-0.603348
7.059	-0.445971
7.06	-0.339108
7.061	-0.309442
7.062	-0.350911
7.063	-0.429032
7.064	-0.499555
7.065	-0.528484
7.066	-0.504865
7.067	-0.440788
7.068	-0.361681
7.069	-0.299756
7.07	-0.294911
7.071	-0.386497
7.072	-0.57898
7.073	-0.813806
7.074	-0.998638
7.075	-1.067998
7.076	-1.011309
7.077	-0.860023
7.078	-0.662669
7.079	-0.467916
7.08	-0.316614
7.081	-0.234357
7.082	-0.223891
7.083	-0.265095
7.084	-0.325929
7.085	-0.377623
7.086	-0.405122
7.087	-0.406943
7.088	-0.380684
7.089	-0.301278
7.09	-0.120526
7.091	0.194201
7.092	0.620936
7.093	1.084421
7.094	1.484067
7.095	1.730359
7.096	1.77939
7.097	1.645476
7.098	1.38695
7.099	1.078867
7.1	0.785709
7.101	0.54248
7.102	0.35265
7.103	0.202529
7.104	0.078103
7.105	-0.027249
7.106	-0.114063
7.107	-0.179428
7.108	-0.212666
7.109	-0.184313
7.11	-0.05226
7.111	0.200169
7.112	0.538166
7.113	0.892417
7.114	1.185959
7.115	1.354579
7.116	1.369912
7.117	1.252134
7.118	1.059086
7.119	0.859826
7.12	0.707694
7.121	0.623601
7.122	0.595172
7.123	0.591026
7.124	0.580728
7.125	0.546538
7.126	0.482485
7.127	0.38879
7.128	0.269221
7.129	0.131264
7.13	-0.02142
7.131	-0.198841
7.132	-0.405705
7.133	-0.610117
7.134	-0.755117
7.135	-0.800805
7.136	-0.744766
7.137	-0.613767
7.138	-0.448965
7.139	-0.296714
7.14	-0.200018
7.141	-0.18301
7.142	-0.237813
7.143	-0.328466
7.144	-0.409989
7.145	-0.44979
7.146	-0.440133
7.147	-0.397014
7.148	-0.348537
7.149	-0.324833
7.15	-0.360675
7.151	-0.491695
7.152	-0.71826
7.153	-0.97589
7.154	-1.167575
7.155	-1.226046
7.156	-1.142303
7.157	-0.953849
7.158	-0.718638
7.159	-0.494048
7.16	-0.325474
7.161	-0.23798
7.162	-0.229081
7.163	-0.271026
7.164	-0.326673
7.165	-0.368247
7.166	-0.386444
7.167	-0.38754
7.168	-0.378293
7.169	-0.347417
7.17	-0.269622
7.171	-0.133735
7.172	0.045305
7.173	0.240704
7.174	0.423227
7.175	0.562893
7.176	0.637428
7.177	0.641641
7.178	0.587503
7.179	0.495338
7.18	0.383463
7.181	0.262161
7.182	0.135398
7.183	0.008423
7.184	-0.108999
7.185	-0.208353
7.186	-0.288277
7.187	-0.349925
7.188	-0.380704
7.189	-0.339621
7.19	-0.169991
7.191	0.153962
7.192	0.591801
7.193	1.052134
7.194	1.433828
7.195	1.659874
7.196	1.698795
7.197	1.570342
7.198	1.333849
7.199	1.065885
7.2	0.833912
7.201	0.672677
7.202	0.574801
7.203	0.504493
7.204	0.42619
7.205	0.325898
7.206	0.211154
7.207	0.096475
7.208	-0.007523
7.209	-0.091617
7.21	-0.146237
7.211	-0.17228
7.212	-0.180959
7.213	-0.17604
7.214	-0.15168
7.215	-0.106918
7.216	-0.04923
7.217	0.014064
7.218	0.081917
7.219	0.156395
7.22	0.234913
7.221	0.307302
7.222	0.359942
7.223	0.381698
7.224	0.367221
7.225	0.317578
7.226	0.238651
7.227	0.138413
7.228	0.024586
7.229	-0.101031
7.23	-0.252068
7.231	-0.452198
7.232	-0.699633
7.233	-0.940452
7.234	-1.097493
7.235	-1.122627
7.236	-1.016754
7.237	-0.816737
7.238	-0.576436
7.239	-0.354502
7.24	-0.202006
7.241	-0.145499
7.242	-0.17658
7.243	-0.258853
7.244	-0.348197
7.245	-0.41271
7.246	-0.441804
7.247	-0.442798
7.248	-0.432622
7.249	-0.432444
7.25	-0.467341
7.251	-0.560345
7.252	-0.705878
7.253	-0.851838
7.254	-0.929714
7.255	-0.9014
7.256	-0.772968
7.257	-0.578617
7.258	-0.362611
7.259	-0.169637
7.26	-0.03732
7.261	0.012708
7.262	-0.018405
7.263	-0.107714
7.264	-0.221208
7.265	-0.329542
7.266	-0.418566
7.267	-0.484311
7.268	-0.513613
7.269	-0.465377
7.27	-0.279455
7.271	0.076214
7.272	0.564547
7.273	1.088184
7.274	1.530817
7.275	1.800732
7.276	1.862591
7.277	1.742488
7.278	1.506304
7.279	1.228353
7.28	0.964428
7.281	0.738899
7.282	0.54883
7.283	0.378668
7.284	0.21578
7.285	0.057535
7.286	-0.091588
7.287	-0.223092
7.288	-0.319302
7.289	-0.348426
7.29	-0.280286
7.291	-0.116103
7.292	0.107461
7.293	0.34347
7.294	0.551092
7.295	0.698409
7.296	0.768831
7.297	0.767738
7.298	0.723051
7.299	0.677939
7.3	0.67141
7.301	0.712856
7.302	0.771986
7.303	0.797668
7.304	0.750359
7.305	0.622026
7.306	0.434386
7.307	0.222714
7.308	0.018837
7.309	-0.160014
7.31	-0.322172
7.311	-0.497841
7.312	-0.698266
7.313	-0.88086
7.314	-0.976494
7.315	-0.944175
7.316	-0.792249
7.317	-0.564145
7.318	-0.31554
7.319	-0.099526
7.32	0.040993
7.321	0.083091
7.322	0.033927
7.323	-0.072059
7.324	-0.191601
7.325	-0.29385
7.326	-0.369932
7.327	-0.427722
7.328	-0.481753
7.329	-0.549738
7.33	-0.65696
7.331	-0.827692
7.332	-1.049996
7.333	-1.256748
7.334	-1.362369
7.335	-1.317082
7.336	-1.126902
7.337	-0.839168
7.338	-0.518618
7.339	-0.230134
7.34	-0.026763
7.341	0.063843
7.342	0.047898
7.343	-0.041913
7.344	-0.165319
7.345	-0.292216
7.346	-0.410572
7.347	-0.51849
7.348	-0.602027
7.349	-0.619162
7.35	-0.514779
7.351	-0.261406
7.352	0.112047
7.353	0.530005
7.354	0.904807
7.355	1.169439
7.356	1.295864
7.357	1.295267
7.358	1.202921
7.359	1.057301
7.36	0.884498
7.361	0.694877
7.362	0.490809
7.363	0.2772
7.364	0.066368
7.365	-0.123763
7.366	-0.276727
7.367	-0.389839
7.368	-0.478803
7.369	-0.563332
7.37	-0.654143
7.371	-0.752569
7.372	-0.841429
7.373	-0.878227
7.374	-0.820538
7.375	-0.660041
7.376	-0.428197
7.377	-0.178308
7.378	0.035654
7.379	0.171852
7.38	0.204526
7.381	0.127366
7.382	-0.042922
7.383	-0.269914
7.384	-0.508553
7.385	-0.719266
7.386	-0.877506
7.387	-0.969543
7.388	-0.97223
7.389	-0.83711
7.39	-0.510654
7.391	0.015558
7.392	0.673976
7.393	1.339462
7.394	1.879538
7.395	2.202864
7.396	2.2823
7.397	2.149049
7.398	1.869823
7.399	1.519974
7.4	1.160764
7.401	0.8249
7.402	0.515983
7.403	0.22378
7.404	-0.057633
7.405	-0.322008
7.406	-0.553001
7.407	-0.727759
7.408	-0.814387
7.409	-0.773309
7.41	-0.581761
7.411	-0.264299
7.412	0.11393
7.413	0.484318
7.414	0.795687
7.415	1.013688
7.416	1.123178
7.417	1.134541
7.418	1.078833
7.419	0.99081
7.42	0.893421
7.421	0.790764
7.422	0.671278
7.423	0.520818
7.424	0.33469
7.425	0.119686
7.426	-0.109026
7.427	-0.328375
7.428	-0.509126
7.429	-0.630065
7.43	-0.697717
7.431	-0.741873
7.432	-0.778994
7.433	-0.787185
7.434	-0.727283
7.435	-0.580594
7.436	-0.362556
7.437	-0.11368
7.438	0.112006
7.439	0.255534
7.44	0.26842
7.441	0.1361
7.442	-0.110317
7.443	-0.408694
7.444	-0.694559
7.445	-0.923245
7.446	-1.076745
7.447	-1.15567
7.448	-1.167665
7.449	-1.130032
7.45	-1.080087
7.451	-1.060351
7.452	-1.076893
7.453	-1.082794
7.454	-1.015196
7.455	-0.84294
7.456	-0.580357
7.457	-0.2737
7.458	0.016698
7.459	0.229947
7.46	0.31765
7.461	0.259533
7.462	0.072975
7.463	-0.194887
7.464	-0.489282
7.465	-0.767657
7.466	-1.00408
7.467	-1.177334
7.468	-1.251673
7.469	-1.169191
7.47	-0.875345
7.471	-0.367595
7.472	0.282085
7.473	0.952758
7.474	1.520224
7.475	1.898019
7.476	2.059877
7.477	2.032769
7.478	1.868826
7.479	1.617239
7.48	1.309749
7.481	0.960957
7.482	0.579611
7.483	0.180838
7.484	-0.212925
7.485	-0.579827
7.486	-0.900915
7.487	-1.150027
7.488	-1.280077
7.489	-1.224189
7.49	-0.929309
7.491	-0.406641
7.492	0.254573
7.493	0.924433
7.494	1.481107
7.495	1.846584
7.496	2.003605
7.497	1.986615
7.498	1.855444
7.499	1.669007
7.5	1.465427
7.501	1.251824
7.502	1.01056
7.503	0.719428
7.504	0.371557
7.505	-0.01705
7.506	-0.411044
7.507	-0.761912
7.508	-1.017016
7.509	-1.138879
7.51	-1.130136
7.511	-1.034459
7.512	-0.898189
7.513	-0.735587
7.514	-0.53712
7.515	-0.295544
7.516	-0.016437
7.517	0.280212
7.518	0.555009
7.519	0.749628
7.52	0.805481
7.521	0.694709
7.522	0.43833
7.523	0.094092
7.524	-0.274869
7.525	-0.625543
7.526	-0.93837
7.527	-1.201109
7.528	-1.392472
7.529	-1.488209
7.53	-1.488218
7.531	-1.423248
7.532	-1.321482
7.533	-1.181316
7.534	-0.982961
7.535	-0.711543
7.536	-0.368989
7.537	0.017205
7.538	0.387257
7.539	0.658058
7.54	0.753479
7.541	0.642162
7.542	0.355355
7.543	-0.031847
7.544	-0.442474
7.545	-0.829865
7.546	-1.177284
7.547	-1.471616
7.548	-1.676892
7.549	-1.735372
7.55	-1.605413
7.551	-1.300063
7.552	-0.882094
7.553	-0.428778
7.554	-0.002184
7.555	0.367911
7.556	0.68383
7.557	0.956116
7.558	1.172202
7.559	1.286161
7.56	1.24244
7.561	1.015313
7.562	0.631402
7.563	0.157725
7.564	-0.336043
7.565	-0.810772
7.566	-1.255621
7.567	-1.648435
7.568	-1.912906
7.569	-1.920485
7.57	-1.559095
7.571	-0.826202
7.572	0.136695
7.573	1.103693
7.574	1.872698
7.575	2.34806
7.576	2.551672
7.577	2.568812
7.578	2.47637
7.579	2.303463
7.58	2.040865
7.581	1.676502
7.582	1.221665
7.583	0.70986
7.584	0.175084
7.585	-0.366886
7.586	-0.910775
7.587	-1.425908
7.588	-1.824794
7.589	-1.985277
7.59	-1.829611
7.591	-1.3894
7.592	-0.792859
7.593	-0.193492
7.594	0.301823
7.595	0.669449
7.596	0.956495
7.597	1.225653
7.598	1.494661
7.599	1.715931
7.6	1.809309
7.601	1.719228
7.602	1.450904
7.603	1.057342
7.604	0.590584
7.605	0.066034
7.606	-0.522275
7.607	-1.147274
7.608	-1.709183
7.609	-2.064975
7.61	-2.11885
7.611	-1.889053
7.612	-1.488092
7.613	-1.047914
7.614	-0.650712
7.615	-0.296024
7.616	0.077338
7.617	0.517853
7.618	0.986271
7.619	1.345771
7.62	1.439562
7.621	1.199542
7.622	0.69468
7.623	0.078704
7.624	-0.51712
7.625	-1.056076
7.626	-1.574834
7.627	-2.092258
7.628	-2.536869
7.629	-2.769277
7.63	-2.686132
7.631	-2.30728
7.632	-1.765772
7.633	-1.221926
7.634	-0.771825
7.635	-0.399974
7.636	-0.008218
7.637	0.485324
7.638	1.046524
7.639	1.511611
7.64	1.684358
7.641	1.471735
7.642	0.946442
7.643	0.2846
7.644	-0.366647
7.645	-0.978417
7.646	-1.609325
7.647	-2.276752
7.648	-2.842773
7.649	-3.031792
7.65	-2.598338
7.651	-1.527023
7.652	-0.093495
7.653	1.276656
7.654	2.247174
7.655	2.737698
7.656	2.908659
7.657	2.988069
7.658	3.080763
7.659	3.105834
7.66	2.895087
7.661	2.358383
7.662	1.573943
7.663	0.727422
7.664	-0.041037
7.665	-0.739296
7.666	-1.47612
7.667	-2.295366
7.668	-3.035027
7.669	-3.357826
7.67	-2.969895
7.671	-1.862692
7.672	-0.368435
7.673	1.022104
7.674	1.945254
7.675	2.355369
7.676	2.489595
7.677	2.639732
7.678	2.915066
7.679	3.178041
7.68	3.183846
7.681	2.794109
7.682	2.087881
7.683	1.284197
7.684	0.548617
7.685	-0.141256
7.686	-0.942311
7.687	-1.939757
7.688	-2.967237
7.689	-3.638201
7.69	-3.605324
7.691	-2.8375
7.692	-1.671523
7.693	-0.599156
7.694	0.05054
7.695	0.31122
7.696	0.510265
7.697	0.974508
7.698	1.745389
7.699	2.539599
7.7	2.974926
7.701	2.85356
7.702	2.289881
7.703	1.63257
7.704	1.27969
7.705	1.536211
7.706	2.503579
7.707	3.905328
7.708	5.140126
7.709	5.758522
7.71	5.681515
7.711	4.862476
7.712	3.241883
7.713	1.136177
7.714	-0.804933
7.715	-2.152688
7.716	-3.026289
7.717	-3.796741
7.718	-4.578014
7.719	-5.1904
7.72	-5.419697
7.721	-5.04422
7.722	-3.932294
7.723	-2.314334
7.724	-0.646243
7.725	0.856129
7.726	2.300943
7.727	3.694918
7.728	4.723912
7.729	5.140581
7.73	4.991635
7.731	4.275565
7.732	2.892141
7.733	1.064791
7.734	-0.647716
7.735	-1.867553
7.736	-2.733551
7.737	-3.633004
7.738	-4.635734
7.739	-5.376043
7.74	-5.474963
7.741	-4.822197
7.742	-3.553837
7.743	-2.007501
7.744	-0.546627
7.745	0.732749
7.746	1.986317
7.747	3.216079
7.748	4.102449
7.749	4.422764
7.75	4.272042
7.751	3.680619
7.752	2.530088
7.753	0.968448
7.754	-0.550123
7.755	-1.704973
7.756	-2.585649
7.757	-3.469036
7.758	-4.362596
7.759	-4.936546
7.76	-4.907003
7.761	-4.250338
7.762	-3.120381
7.763	-1.785115
7.764	-0.507972
7.765	0.662936
7.766	1.853062
7.767	3.000045
7.768	3.751424
7.769	3.9189
7.77	3.678098
7.771	3.124211
7.772	2.139827
7.773	0.814573
7.774	-0.458404
7.775	-1.367577
7.776	-1.986926
7.777	-2.628392
7.778	-3.37874
7.779	-3.944229
7.78	-4.014175
7.781	-3.536608
7.782	-2.645665
7.783	-1.57265
7.784	-0.549537
7.785	0.382358
7.786	1.359871
7.787	2.349988
7.788	3.013527
7.789	3.155679
7.79	2.966383
7.791	2.568973
7.792	1.830567
7.793	0.758093
7.794	-0.361372
7.795	-1.27166
7.796	-2.009726
7.797	-2.789466
7.798	-3.621792
7.799	-4.183522
7.8	-4.141148
7.801	-3.476658
7.802	-2.449864
7.803	-1.370542
7.804	-0.420657
7.805	0.435181
7.806	1.342145
7.807	2.221464
7.808	2.71479
7.809	2.684591
7.81	2.414516
7.811	2.08073
7.812	1.522864
7.813	0.673177
7.814	-0.221185
7.815	-0.873471
7.816	-1.286435
7.817	-1.727098
7.818	-2.338695
7.819	-2.899913
7.82	-3.064328
7.821	-2.711526
7.822	-1.995266
7.823	-1.175114
7.824	-0.441573
7.825	0.210142
7.826	0.917365
7.827	1.626363
7.828	2.004436
7.829	1.9287
7.83	1.709656
7.831	1.545924
7.832	1.238952
7.833	0.620774
7.834	-0.150276
7.835	-0.798514
7.836	-1.252685
7.837	-1.678168
7.838	-2.192505
7.839	-2.660233
7.84	-2.827578
7.841	-2.5675
7.842	-1.947142
7.843	-1.145648
7.844	-0.343788
7.845	0.399186
7.846	1.146784
7.847	1.829798
7.848	2.155614
7.849	2.044108
7.85	1.815766
7.851	1.645111
7.852	1.299496
7.853	0.595453
7.854	-0.298744
7.855	-1.082565
7.856	-1.663847
7.857	-2.194912
7.858	-2.75755
7.859	-3.156385
7.86	-3.126311
7.861	-2.626166
7.862	-1.838801
7.863	-0.987869
7.864	-0.213199
7.865	0.500828
7.866	1.284813
7.867	2.117486
7.868	2.70509
7.869	2.822959
7.87	2.554467
7.871	2.057008
7.872	1.371885
7.873	0.526812
7.874	-0.33721
7.875	-1.014824
7.876	-1.445711
7.877	-1.779324
7.878	-2.129767
7.879	-2.387846
7.88	-2.370238
7.881	-2.03034
7.882	-1.459764
7.883	-0.800118
7.884	-0.17541
7.885	0.40911
7.886	1.074424
7.887	1.816502
7.888	2.359764
7.889	2.474212
7.89	2.233934
7.891	1.806047
7.892	1.235732
7.893	0.521762
7.894	-0.228903
7.895	-0.818725
7.896	-1.184134
7.897	-1.476717
7.898	-1.807447
7.899	-2.059607
7.9	-2.053922
7.901	-1.752817
7.902	-1.245285
7.903	-0.661433
7.904	-0.116402
7.905	0.386103
7.906	0.965687
7.907	1.625552
7.908	2.111369
7.909	2.210149
7.91	1.991911
7.911	1.61582
7.912	1.123053
7.913	0.488091
7.914	-0.226299
7.915	-0.847736
7.916	-1.28329
7.917	-1.609947
7.918	-1.884209
7.919	-2.011797
7.92	-1.888127
7.921	-1.532127
7.922	-1.040052
7.923	-0.518614
7.924	-0.058792
7.925	0.343919
7.926	0.811575
7.927	1.365688
7.928	1.782925
7.929	1.868525
7.93	1.687522
7.931	1.383415
7.932	0.981302
7.933	0.447024
7.934	-0.143321
7.935	-0.592307
7.936	-0.817487
7.937	-0.96352
7.938	-1.164147
7.939	-1.348815
7.94	-1.371899
7.941	-1.185235
7.942	-0.836822
7.943	-0.422949
7.944	-0.053418
7.945	0.253493
7.946	0.616662
7.947	1.078564
7.948	1.447392
7.949	1.54645
7.95	1.430491
7.951	1.216314
7.952	0.903195
7.953	0.428824
7.954	-0.171591
7.955	-0.734001
7.956	-1.144072
7.957	-1.431728
7.958	-1.62052
7.959	-1.638114
7.96	-1.440033
7.961	-1.089567
7.962	-0.680714
7.963	-0.283068
7.964	0.049174
7.965	0.336389
7.966	0.700254
7.967	1.156109
7.968	1.48014
7.969	1.495041
7.97	1.29703
7.971	1.045638
7.972	0.748821
7.973	0.342483
7.974	-0.11366
7.975	-0.422567
7.976	-0.499114
7.977	-0.497156
7.978	-0.578386
7.979	-0.708377
7.98	-0.763315
7.981	-0.687678
7.982	-0.496498
7.983	-0.251342
7.984	-0.05064
7.985	0.086188
7.986	0.296181
7.987	0.654634
7.988	0.980561
7.989	1.0832
7.99	1.008873
7.991	0.873994
7.992	0.669598
7.993	0.321622
7.994	-0.136958
7.995	-0.534917
7.996	-0.763943
7.997	-0.890603
7.998	-0.985676
7.999	-1.002547
8.0	-0.890201
8.001	-0.679521
8.002	-0.421422
8.003	-0.154173
8.004	0.076617
8.005	0.288523
8.006	0.598819
8.007	1.009903
8.008	1.276685
8.009	1.221218
8.01	0.976514
8.011	0.7393
8.012	0.518532
8.013	0.227079
8.014	-0.094773
8.015	-0.258086
8.016	-0.189642
8.017	-0.070437
8.018	-0.092851
8.019	-0.237493
8.02	-0.368103
8.021	-0.393625
8.022	-0.296429
8.023	-0.133885
8.024	-0.021872
8.025	0.009793
8.026	0.103978
8.027	0.344472
8.028	0.560513
8.029	0.587993
8.03	0.510594
8.031	0.460552
8.032	0.402889
8.033	0.216097
8.034	-0.097394
8.035	-0.371666
8.036	-0.499705
8.037	-0.555985
8.038	-0.619198
8.039	-0.644711
8.04	-0.574601
8.041	-0.423397
8.042	-0.227162
8.043	-0.027499
8.044	0.11478
8.045	0.215944
8.046	0.406874
8.047	0.696688
8.048	0.847683
8.049	0.716566
8.05	0.482875
8.051	0.353319
8.052	0.292922
8.053	0.156057
8.054	-0.042451
8.055	-0.107747
8.056	0.040754
8.057	0.218234
8.058	0.223131
8.059	0.071479
8.06	-0.091811
8.061	-0.159938
8.062	-0.105252
8.063	0.011277
8.064	0.066083
8.065	0.02802
8.066	0.034971
8.067	0.154419
8.068	0.217297
8.069	0.118171
8.07	0.027477
8.071	0.097562
8.072	0.216693
8.073	0.178958
8.074	-0.029192
8.075	-0.216248
8.076	-0.264973
8.077	-0.265143
8.078	-0.310382
8.079	-0.355008
8.08	-0.327175
8.081	-0.220835
8.082	-0.058576
8.083	0.114659
8.084	0.224701
8.085	0.263381
8.086	0.322855
8.087	0.400881
8.088	0.331565
8.089	0.091913
8.09	-0.078453
8.091	-0.02261
8.092	0.118638
8.093	0.123308
8.094	-0.006889
8.095	-0.052405
8.096	0.099901
8.097	0.294603
8.098	0.345883
8.099	0.256853
8.1	0.138136
8.101	0.071495
8.102	0.083104
8.103	0.126704
8.104	0.101211
8.105	0.00394
8.106	0.022082
8.107	0.303386
8.108	0.664972
8.109	0.752521
8.11	0.52537
8.111	0.290396
8.112	0.201128
8.113	0.106835
8.114	-0.072043
8.115	-0.193569
8.116	-0.166732
8.117	-0.099261
8.118	-0.099749
8.119	-0.134327
8.12	-0.130751
8.121	-0.069069
8.122	0.038812
8.123	0.144715
8.124	0.170052
8.125	0.136914
8.126	0.233258
8.127	0.57401
8.128	0.937751
8.129	0.967844
8.13	0.657513
8.131	0.343229
8.132	0.191669
8.133	0.068059
8.134	-0.087503
8.135	-0.121664
8.136	0.047326
8.137	0.26609
8.138	0.356695
8.139	0.31111
8.14	0.219439
8.141	0.155755
8.142	0.15381
8.143	0.174574
8.144	0.10966
8.145	-0.061351
8.146	-0.166581
8.147	-0.056235
8.148	0.146837
8.149	0.208667
8.15	0.131844
8.151	0.101138
8.152	0.136476
8.153	0.082886
8.154	-0.076348
8.155	-0.161281
8.156	-0.079423
8.157	0.048029
8.158	0.096536
8.159	0.084088
8.16	0.074695
8.161	0.094495
8.162	0.147445
8.163	0.19865
8.164	0.171304
8.165	0.078204
8.166	0.095689
8.167	0.345038
8.168	0.644541
8.169	0.680526
8.17	0.436773
8.171	0.195101
8.172	0.089291
8.173	-0.008064
8.174	-0.150273
8.175	-0.195388
8.176	-0.064859
8.177	0.117389
8.178	0.214752
8.179	0.225278
8.18	0.203668
8.181	0.187614
8.182	0.204865
8.183	0.23915
8.184	0.215103
8.185	0.122518
8.186	0.083812
8.187	0.159182
8.188	0.202902
8.189	0.088543
8.19	-0.067922
8.191	-0.092623
8.192	-0.026174
8.193	-0.034967
8.194	-0.124028
8.195	-0.122135
8.196	0.036297
8.197	0.207729
8.198	0.262354
8.199	0.225971
8.2	0.178113
8.201	0.162806
8.202	0.194264
8.203	0.233605
8.204	0.192147
8.205	0.06666
8.206	-0.002142
8.207	0.058875
8.208	0.106428
8.209	0.008518
8.21	-0.12811
8.211	-0.133356
8.212	-0.049077
8.213	-0.055701
8.214	-0.184292
8.215	-0.277667
8.216	-0.241118
8.217	-0.148759
8.218	-0.077891
8.219	-0.014955
8.22	0.061336
8.221	0.143537
8.222	0.229558
8.223	0.292479
8.224	0.266292
8.225	0.162953
8.226	0.114118
8.227	0.168087
8.228	0.1752
8.229	0.025678
8.23	-0.151077
8.231	-0.180235
8.232	-0.103375
8.233	-0.08502
8.234	-0.127786
8.235	-0.06822
8.236	0.137712
8.237	0.326767
8.238	0.366884
8.239	0.299483
8.24	0.225837
8.241	0.20315
8.242	0.240321
8.243	0.281116
8.244	0.227844
8.245	0.081303
8.246	-0.016093
8.247	0.006902
8.248	0.017571
8.249	-0.095971
8.25	-0.219127
8.251	-0.194587
8.252	-0.083543
8.253	-0.075017
8.254	-0.206523
8.255	-0.339618
8.256	-0.384353
8.257	-0.372594
8.258	-0.318552
8.259	-0.187552
8.26	0.004311
8.261	0.197291
8.262	0.361243
8.263	0.468767
8.264	0.456005
8.265	0.310669
8.266	0.132251
8.267	-0.015425
8.268	-0.208613
8.269	-0.477724
8.27	-0.656887
8.271	-0.583394
8.272	-0.337568
8.273	-0.131898
8.274	-0.023809
8.275	0.101534
8.276	0.286632
8.277	0.433622
8.278	0.484867
8.279	0.485516
8.28	0.469785
8.281	0.42682
8.282	0.353381
8.283	0.242436
8.284	0.073369
8.285	-0.103862
8.286	-0.173297
8.287	-0.142338
8.288	-0.186328
8.289	-0.383072
8.29	-0.556951
8.291	-0.515296
8.292	-0.309107
8.293	-0.120539
8.294	0.025106
8.295	0.259873
8.296	0.601368
8.297	0.879037
8.298	0.961393
8.299	0.882243
8.3	0.733792
8.301	0.576146
8.302	0.431866
8.303	0.264936
8.304	0.006183
8.305	-0.314763
8.306	-0.543248
8.307	-0.608468
8.308	-0.634047
8.309	-0.714326
8.31	-0.73333
8.311	-0.555636
8.312	-0.267362
8.313	-0.066129
8.314	0.011515
8.315	0.087077
8.316	0.203965
8.317	0.283366
8.318	0.301442
8.319	0.321394
8.32	0.366049
8.321	0.399161
8.322	0.391538
8.323	0.318359
8.324	0.159008
8.325	-0.027263
8.326	-0.12207
8.327	-0.129988
8.328	-0.20834
8.329	-0.41309
8.33	-0.56567
8.331	-0.494469
8.332	-0.277417
8.333	-0.105704
8.334	0.002065
8.335	0.183598
8.336	0.465326
8.337	0.70029
8.338	0.782163
8.339	0.746178
8.34	0.661797
8.341	0.562894
8.342	0.456708
8.343	0.307567
8.344	0.058599
8.345	-0.250862
8.346	-0.472347
8.347	-0.54694
8.348	-0.591477
8.349	-0.67889
8.35	-0.688826
8.351	-0.508352
8.352	-0.241976
8.353	-0.071651
8.354	0.002288
8.355	0.120296
8.356	0.30973
8.357	0.454138
8.358	0.496206
8.359	0.490691
8.36	0.481243
8.361	0.460347
8.362	0.411913
8.363	0.309027
8.364	0.12566
8.365	-0.08118
8.366	-0.192571
8.367	-0.208534
8.368	-0.275913
8.369	-0.44625
8.37	-0.558475
8.371	-0.471585
8.372	-0.276252
8.373	-0.147484
8.374	-0.083384
8.375	0.059321
8.376	0.309518
8.377	0.534014
8.378	0.638109
8.379	0.646427
8.38	0.603317
8.381	0.52575
8.382	0.423037
8.383	0.277267
8.384	0.054907
8.385	-0.194716
8.386	-0.344455
8.387	-0.373935
8.388	-0.418789
8.389	-0.540393
8.39	-0.60143
8.391	-0.483256
8.392	-0.280437
8.393	-0.15306
8.394	-0.088908
8.395	0.043127
8.396	0.252174
8.397	0.412291
8.398	0.46716
8.399	0.47255
8.4	0.469733
8.401	0.450225
8.402	0.398909
8.403	0.288761
8.404	0.095234
8.405	-0.118881
8.406	-0.228094
8.407	-0.228715
8.408	-0.270035
8.409	-0.413603
8.41	-0.512842
8.411	-0.4357
8.412	-0.265704
8.413	-0.166198
8.414	-0.14172
8.415	-0.067985
8.416	0.08753
8.417	0.235405
8.418	0.326927
8.419	0.385557
8.42	0.414712
8.421	0.399208
8.422	0.348558
8.423	0.256909
8.424	0.091815
8.425	-0.104667
8.426	-0.211339
8.427	-0.209721
8.428	-0.231448
8.429	-0.336076
8.43	-0.402768
8.431	-0.332913
8.432	-0.210472
8.433	-0.152708
8.434	-0.101796
8.435	0.086418
8.436	0.385149
8.437	0.604313
8.438	0.638453
8.439	0.547037
8.44	0.427819
8.441	0.336684
8.442	0.282321
8.443	0.209765
8.444	0.04546
8.445	-0.173441
8.446	-0.305993
8.447	-0.313757
8.448	-0.32246
8.449	-0.399085
8.45	-0.432894
8.451	-0.330687
8.452	-0.187065
8.453	-0.149225
8.454	-0.201259
8.455	-0.213354
8.456	-0.150652
8.457	-0.081213
8.458	-0.025688
8.459	0.04992
8.46	0.142471
8.461	0.221249
8.462	0.271955
8.463	0.270012
8.464	0.187733
8.465	0.076149
8.466	0.033064
8.467	0.037522
8.468	-0.044777
8.469	-0.233909
8.47	-0.368171
8.471	-0.332338
8.472	-0.215667
8.473	-0.148709
8.474	-0.087506
8.475	0.096399
8.476	0.368701
8.477	0.555768
8.478	0.584804
8.479	0.530469
8.48	0.46981
8.481	0.422833
8.482	0.376936
8.483	0.286344
8.484	0.112205
8.485	-0.0858
8.486	-0.192885
8.487	-0.220535
8.488	-0.306324
8.489	-0.47553
8.49	-0.561988
8.491	-0.447439
8.492	-0.243377
8.493	-0.135567
8.494	-0.150691
8.495	-0.191319
8.496	-0.215062
8.497	-0.231873
8.498	-0.196589
8.499	-0.060141
8.5	0.13125
8.501	0.288852
8.502	0.367985
8.503	0.36069
8.504	0.288653
8.505	0.230932
8.506	0.248134
8.507	0.250435
8.508	0.081104
8.509	-0.232776
8.51	-0.460849
8.511	-0.452744
8.512	-0.307939
8.513	-0.188075
8.514	-0.080276
8.515	0.123294
8.516	0.389072
8.517	0.562463
8.518	0.58665
8.519	0.536204
8.52	0.480578
8.521	0.433625
8.522	0.378789
8.523	0.27055
8.524	0.074849
8.525	-0.14294
8.526	-0.266068
8.527	-0.305307
8.528	-0.390109
8.529	-0.536743
8.53	-0.588381
8.531	-0.452767
8.532	-0.254896
8.533	-0.164983
8.534	-0.184723
8.535	-0.20817
8.536	-0.20309
8.537	-0.193565
8.538	-0.143331
8.539	-0.006
8.54	0.175954
8.541	0.318427
8.542	0.376843
8.543	0.339269
8.544	0.219359
8.545	0.093703
8.546	0.047454
8.547	0.041329
8.548	-0.048006
8.549	-0.219189
8.55	-0.318288
8.551	-0.267184
8.552	-0.177086
8.553	-0.156681
8.554	-0.122338
8.555	0.0749
8.556	0.391912
8.557	0.625141
8.558	0.668261
8.559	0.583055
8.56	0.467565
8.561	0.376767
8.562	0.31299
8.563	0.214479
8.564	0.014869
8.565	-0.234649
8.566	-0.393307
8.567	-0.424256
8.568	-0.43101
8.569	-0.457871
8.57	-0.4153
8.571	-0.266926
8.572	-0.135519
8.573	-0.135532
8.574	-0.207454
8.575	-0.219697
8.576	-0.161901
8.577	-0.108742
8.578	-0.063925
8.579	0.018603
8.58	0.130429
8.581	0.225913
8.582	0.27655
8.583	0.260746
8.584	0.176831
8.585	0.095266
8.586	0.095763
8.587	0.124489
8.588	0.043253
8.589	-0.148644
8.59	-0.287673
8.591	-0.279202
8.592	-0.214684
8.593	-0.192332
8.594	-0.136564
8.595	0.080488
8.596	0.399859
8.597	0.622286
8.598	0.655041
8.599	0.564071
8.6	0.44308
8.601	0.344813
8.602	0.275906
8.603	0.185823
8.604	0.023528
8.605	-0.155954
8.606	-0.239044
8.607	-0.236022
8.608	-0.273142
8.609	-0.374107
8.61	-0.413807
8.611	-0.326919
8.612	-0.216292
8.613	-0.191203
8.614	-0.202821
8.615	-0.142621
8.616	-0.027953
8.617	0.046523
8.618	0.070967
8.619	0.101597
8.62	0.153243
8.621	0.202355
8.622	0.229533
8.623	0.212928
8.624	0.151929
8.625	0.116214
8.626	0.16656
8.627	0.215311
8.628	0.108441
8.629	-0.136241
8.63	-0.323386
8.631	-0.336927
8.632	-0.266822
8.633	-0.228241
8.634	-0.172495
8.635	0.007209
8.636	0.261063
8.637	0.430133
8.638	0.456547
8.639	0.406336
8.64	0.347465
8.641	0.307013
8.642	0.278088
8.643	0.209331
8.644	0.060015
8.645	-0.107388
8.646	-0.188783
8.647	-0.20553
8.648	-0.274443
8.649	-0.39904
8.65	-0.442341
8.651	-0.339346
8.652	-0.202034
8.653	-0.150007
8.654	-0.14418
8.655	-0.086731
8.656	0.001289
8.657	0.035644
8.658	0.027715
8.659	0.051351
8.66	0.122289
8.661	0.203767
8.662	0.259462
8.663	0.257727
8.664	0.200019
8.665	0.159007
8.666	0.19008
8.667	0.205247
8.668	0.068349
8.669	-0.18067
8.67	-0.341191
8.671	-0.313946
8.672	-0.216509
8.673	-0.190263
8.674	-0.210838
8.675	-0.178153
8.676	-0.096365
8.677	-0.035383
8.678	0.008169
8.679	0.081718
8.68	0.181763
8.681	0.270289
8.682	0.314112
8.683	0.27681
8.684	0.151394
8.685	0.016099
8.686	-0.040431
8.687	-0.052199
8.688	-0.107879
8.689	-0.168802
8.69	-0.110129
8.691	0.066479
8.692	0.205525
8.693	0.200826
8.694	0.121331
8.695	0.085866
8.696	0.10012
8.697	0.106958
8.698	0.110473
8.699	0.142152
8.7	0.183272
8.701	0.1976
8.702	0.171795
8.703	0.095884
8.704	-0.018767
8.705	-0.100669
8.706	-0.097921
8.707	-0.088677
8.708	-0.187849
8.709	-0.352332
8.71	-0.411498
8.711	-0.298621
8.712	-0.127236
8.713	0.002471
8.714	0.155619
8.715	0.423552
8.716	0.722288
8.717	0.871358
8.718	0.816272
8.719	0.646623
8.72	0.461369
8.721	0.307969
8.722	0.181175
8.723	0.024628
8.724	-0.201266
8.725	-0.429702
8.726	-0.55198
8.727	-0.576608
8.728	-0.600451
8.729	-0.62085
8.73	-0.525198
8.731	-0.291498
8.732	-0.061826
8.733	0.03882
8.734	0.048983
8.735	0.064427
8.736	0.086555
8.737	0.078377
8.738	0.072371
8.739	0.112134
8.74	0.172227
8.741	0.202895
8.742	0.181733
8.743	0.103266
8.744	-0.00835
8.745	-0.079141
8.746	-0.0718
8.747	-0.078312
8.748	-0.206552
8.749	-0.391206
8.75	-0.448578
8.751	-0.320142
8.752	-0.135618
8.753	-0.004164
8.754	0.136673
8.755	0.379537
8.756	0.650997
8.757	0.790495
8.758	0.756148
8.759	0.627784
8.76	0.481291
8.761	0.345373
8.762	0.21007
8.763	0.030148
8.764	-0.215611
8.765	-0.449392
8.766	-0.567503
8.767	-0.589953
8.768	-0.614278
8.769	-0.629226
8.77	-0.521739
8.771	-0.28061
8.772	-0.053307
8.773	0.040797
8.774	0.04438
8.775	0.05171
8.776	0.066143
8.777	0.059426
8.778	0.069571
8.779	0.133723
8.78	0.211395
8.781	0.239045
8.782	0.191984
8.783	0.07819
8.784	-0.056764
8.785	-0.127504
8.786	-0.104629
8.787	-0.093744
8.788	-0.208091
8.789	-0.382416
8.79	-0.435167
8.791	-0.310186
8.792	-0.132201
8.793	-0.00337
8.794	0.135854
8.795	0.370406
8.796	0.628845
8.797	0.763958
8.798	0.743733
8.799	0.640926
8.8	0.512149
8.801	0.371153
8.802	0.206232
8.803	-0.020216
8.804	-0.318113
8.805	-0.595994
8.806	-0.728398
8.807	-0.708938
8.808	-0.632983
8.809	-0.531305
8.81	-0.354296
8.811	-0.126618
8.812	0.025745
8.813	0.044139
8.814	0.02685
8.815	0.081723
8.816	0.174855
8.817	0.21707
8.818	0.206282
8.819	0.189945
8.82	0.17724
8.821	0.152056
8.822	0.102068
8.823	0.010058
8.824	-0.116525
8.825	-0.206195
8.826	-0.200951
8.827	-0.164904
8.828	-0.203431
8.829	-0.287292
8.83	-0.286317
8.831	-0.170163
8.832	-0.048525
8.833	0.010608
8.834	0.093246
8.835	0.290718
8.836	0.526524
8.837	0.649336
8.838	0.620103
8.839	0.505549
8.84	0.370487
8.841	0.244753
8.842	0.12219
8.843	-0.044832
8.844	-0.280659
8.845	-0.503818
8.846	-0.601849
8.847	-0.587639
8.848	-0.560619
8.849	-0.528519
8.85	-0.409361
8.851	-0.202249
8.852	-0.02371
8.853	0.053706
8.854	0.097399
8.855	0.185623
8.856	0.275741
8.857	0.292889
8.858	0.254614
8.859	0.218567
8.86	0.193148
8.861	0.156694
8.862	0.094452
8.863	-0.003618
8.864	-0.115455
8.865	-0.166795
8.866	-0.125738
8.867	-0.091915
8.868	-0.176994
8.869	-0.323127
8.87	-0.362346
8.871	-0.242569
8.872	-0.078228
8.873	0.039974
8.874	0.169292
8.875	0.378747
8.876	0.592355
8.877	0.680213
8.878	0.625471
8.879	0.501904
8.88	0.366217
8.881	0.238677
8.882	0.114983
8.883	-0.034474
8.884	-0.212522
8.885	-0.348126
8.886	-0.384687
8.887	-0.386961
8.888	-0.448111
8.889	-0.522168
8.89	-0.471981
8.891	-0.273029
8.892	-0.05646
8.893	0.069417
8.894	0.135373
8.895	0.200759
8.896	0.236725
8.897	0.20618
8.898	0.157781
8.899	0.149093
8.9	0.163938
8.901	0.159903
8.902	0.118199
8.903	0.025886
8.904	-0.109518
8.905	-0.219414
8.906	-0.242723
8.907	-0.22969
8.908	-0.266477
8.909	-0.318062
8.91	-0.271778
8.911	-0.12484
8.912	0.000479
8.913	0.051533
8.914	0.136625
8.915	0.349697
8.916	0.599236
8.917	0.716265
8.918	0.652299
8.919	0.481126
8.92	0.291693
8.921	0.140693
8.922	0.040159
8.923	-0.041439
8.924	-0.122938
8.925	-0.165603
8.926	-0.147378
8.927	-0.142497
8.928	-0.224103
8.929	-0.323858
8.93	-0.305838
8.931	-0.16339
8.932	-0.028637
8.933	0.022102
8.934	0.062154
8.935	0.166461
8.936	0.276691
8.937	0.302307
8.938	0.256237
8.939	0.203683
8.94	0.166525
8.941	0.129544
8.942	0.068796
8.943	-0.044032
8.944	-0.199904
8.945	-0.319144
8.946	-0.340906
8.947	-0.322961
8.948	-0.350674
8.949	-0.382211
8.95	-0.305589
8.951	-0.128369
8.952	0.013829
8.953	0.045959
8.954	0.04382
8.955	0.098208
8.956	0.184512
8.957	0.234791
8.958	0.245316
8.959	0.241284
8.96	0.218229
8.961	0.162795
8.962	0.070976
8.963	-0.062165
8.964	-0.213582
8.965	-0.311142
8.966	-0.317051
8.967	-0.301899
8.968	-0.344819
8.969	-0.394405
8.97	-0.334694
8.971	-0.167087
8.972	-0.013715
8.973	0.063653
8.974	0.14077
8.975	0.282321
8.976	0.418421
8.977	0.454373
8.978	0.403814
8.979	0.331244
8.98	0.256645
8.981	0.167022
8.982	0.048048
8.983	-0.112288
8.984	-0.287319
8.985	-0.392372
8.986	-0.383273
8.987	-0.343367
8.988	-0.369953
8.989	-0.413982
8.99	-0.349989
8.991	-0.173094
8.992	-0.014481
8.993	0.030636
8.994	-0.00183
8.995	-0.038551
8.996	-0.062558
8.997	-0.072928
8.998	-0.050345
8.999	-0.002078
9.0	0.033028
9.001	0.033562
9.002	-0.000512
9.003	-0.075669
9.004	-0.178776
9.005	-0.244218
9.006	-0.225345
9.007	-0.179253
9.008	-0.186519
9.009	-0.215002
9.01	-0.171752
9.011	-0.060923
9.012	0.02282
9.013	0.060819
9.014	0.161618
9.015	0.382708
9.016	0.603236
9.017	0.669844
9.018	0.571466
9.019	0.398762
9.02	0.228925
9.021	0.093903
9.022	-0.018345
9.023	-0.15583
9.024	-0.333202
9.025	-0.474317
9.026	-0.501066
9.027	-0.452548
9.028	-0.414792
9.029	-0.373598
9.03	-0.252894
9.031	-0.06888
9.032	0.06283
9.033	0.078102
9.034	0.033066
9.035	-0.004787
9.036	-0.038191
9.037	-0.072156
9.038	-0.069843
9.039	-0.021375
9.04	0.0262
9.041	0.031075
9.042	-0.009143
9.043	-0.07683
9.044	-0.130914
9.045	-0.114471
9.046	-0.038244
9.047	-0.013961
9.048	-0.116069
9.049	-0.253846
9.05	-0.272703
9.051	-0.15044
9.052	0.001335
9.053	0.124074
9.054	0.285827
9.055	0.521319
9.056	0.718599
9.057	0.753343
9.058	0.636259
9.059	0.457911
9.06	0.28086
9.061	0.125519
9.062	-0.017934
9.063	-0.181597
9.064	-0.363581
9.065	-0.492872
9.066	-0.520041
9.067	-0.504267
9.068	-0.518074
9.069	-0.512814
9.07	-0.384217
9.071	-0.144918
9.072	0.068314
9.073	0.161145
9.074	0.164478
9.075	0.13435
9.076	0.076345
9.077	0.010542
9.078	-0.002303
9.079	0.050208
9.08	0.103727
9.081	0.096825
9.082	0.019258
9.083	-0.105501
9.084	-0.228088
9.085	-0.282969
9.086	-0.255602
9.087	-0.219815
9.088	-0.237532
9.089	-0.252487
9.09	-0.170181
9.091	-0.013951
9.092	0.105062
9.093	0.172488
9.094	0.307848
9.095	0.564765
9.096	0.806266
9.097	0.866165
9.098	0.732913
9.099	0.509694
9.1	0.29333
9.101	0.12648
9.102	-0.012103
9.103	-0.190268
9.104	-0.436492
9.105	-0.668633
9.106	-0.774862
9.107	-0.746435
9.108	-0.645718
9.109	-0.483156
9.11	-0.237659
9.111	0.027366
9.112	0.189974
9.113	0.227296
9.114	0.251627
9.115	0.34561
9.116	0.440637
9.117	0.420919
9.118	0.276356
9.119	0.097103
9.12	-0.017961
9.121	-0.017132
9.122	0.077148
9.123	0.179829
9.124	0.230229
9.125	0.258583
9.126	0.309245
9.127	0.339409
9.128	0.283817
9.129	0.174933
9.13	0.095504
9.131	0.039202
9.132	-0.077438
9.133	-0.260541
9.134	-0.401912
9.135	-0.436953
9.136	-0.431055
9.137	-0.449548
9.138	-0.455621
9.139	-0.388675
9.14	-0.24519
9.141	-0.05896
9.142	0.128088
9.143	0.274921
9.144	0.375915
9.145	0.471918
9.146	0.56839
9.147	0.582205
9.148	0.453068
9.149	0.25999
9.15	0.128835
9.151	0.059229
9.152	-0.056259
9.153	-0.253425
9.154	-0.439552
9.155	-0.534119
9.156	-0.559392
9.157	-0.549979
9.158	-0.484387
9.159	-0.346608
9.16	-0.166121
9.161	0.01565
9.162	0.159911
9.163	0.226808
9.164	0.215986
9.165	0.192119
9.166	0.203319
9.167	0.205186
9.168	0.142038
9.169	0.056839
9.17	0.026724
9.171	0.026068
9.172	-0.042395
9.173	-0.188287
9.174	-0.307405
9.175	-0.338505
9.176	-0.338639
9.177	-0.356445
9.178	-0.348509
9.179	-0.266223
9.18	-0.126316
9.181	0.025555
9.182	0.153678
9.183	0.237135
9.184	0.291777
9.185	0.365778
9.186	0.453497
9.187	0.46151
9.188	0.335026
9.189	0.162273
9.19	0.065617
9.191	0.032779
9.192	-0.054074
9.193	-0.247968
9.194	-0.482288
9.195	-0.677202
9.196	-0.801293
9.197	-0.818013
9.198	-0.686404
9.199	-0.438232
9.2	-0.171091
9.201	0.040167
9.202	0.177927
9.203	0.249682
9.204	0.278615
9.205	0.311722
9.206	0.370959
9.207	0.406376
9.208	0.364865
9.209	0.27808
9.21	0.202508
9.211	0.111509
9.212	-0.056544
9.213	-0.255466
9.214	-0.340139
9.215	-0.260368
9.216	-0.140877
9.217	-0.106613
9.218	-0.143432
9.219	-0.169957
9.22	-0.138371
9.221	-0.047124
9.222	0.065956
9.223	0.13687
9.224	0.142254
9.225	0.142154
9.226	0.192894
9.227	0.251875
9.228	0.249713
9.229	0.204614
9.23	0.168777
9.231	0.112384
9.232	-0.04256
9.233	-0.290711
9.234	-0.52708
9.235	-0.67595
9.236	-0.746664
9.237	-0.745555
9.238	-0.646785
9.239	-0.46279
9.24	-0.25263
9.241	-0.061567
9.242	0.095707
9.243	0.214532
9.244	0.311512
9.245	0.42307
9.246	0.535027
9.247	0.556953
9.248	0.43677
9.249	0.251531
9.25	0.11016
9.251	0.015154
9.252	-0.099059
9.253	-0.2145
9.254	-0.221291
9.255	-0.095772
9.256	0.03272
9.257	0.052516
9.258	-0.009575
9.259	-0.068339
9.26	-0.075623
9.261	-0.027143
9.262	0.045855
9.263	0.091193
9.264	0.098251
9.265	0.121941
9.266	0.187177
9.267	0.224358
9.268	0.172677
9.269	0.081957
9.27	0.034165
9.271	0.013875
9.272	-0.065611
9.273	-0.223576
9.274	-0.383091
9.275	-0.489616
9.276	-0.557069
9.277	-0.581695
9.278	-0.521962
9.279	-0.377188
9.28	-0.201546
9.281	-0.04123
9.282	0.091095
9.283	0.202013
9.284	0.318844
9.285	0.464432
9.286	0.585649
9.287	0.567931
9.288	0.38012
9.289	0.145015
9.29	0.004044
9.291	-0.04088
9.292	-0.081886
9.293	-0.132899
9.294	-0.109311
9.295	0.004161
9.296	0.095681
9.297	0.084943
9.298	0.017552
9.299	-0.027254
9.3	-0.019986
9.301	0.028535
9.302	0.084877
9.303	0.110929
9.304	0.111411
9.305	0.134542
9.306	0.181534
9.307	0.173509
9.308	0.069728
9.309	-0.046471
9.31	-0.073423
9.311	-0.035996
9.312	-0.048482
9.313	-0.157083
9.314	-0.302688
9.315	-0.432887
9.316	-0.542465
9.317	-0.594647
9.318	-0.526641
9.319	-0.347708
9.32	-0.14122
9.321	0.023608
9.322	0.134744
9.323	0.222677
9.324	0.336409
9.325	0.491367
9.326	0.605934
9.327	0.551966
9.328	0.318509
9.329	0.062076
9.33	-0.064741
9.331	-0.081318
9.332	-0.106073
9.333	-0.153275
9.334	-0.110581
9.335	0.057156
9.336	0.213905
9.337	0.230129
9.338	0.129505
9.339	0.018706
9.34	-0.024192
9.341	0.014116
9.342	0.08124
9.343	0.093353
9.344	0.02266
9.345	-0.060311
9.346	-0.079233
9.347	-0.04685
9.348	-0.010598
9.349	0.03562
9.35	0.105068
9.351	0.132671
9.352	0.031646
9.353	-0.176957
9.354	-0.377121
9.355	-0.504764
9.356	-0.583749
9.357	-0.61384
9.358	-0.54786
9.359	-0.383449
9.36	-0.181489
9.361	-0.000748
9.362	0.133184
9.363	0.217207
9.364	0.276207
9.365	0.348125
9.366	0.416572
9.367	0.406203
9.368	0.294099
9.369	0.165394
9.37	0.098405
9.371	0.054621
9.372	-0.039932
9.373	-0.14116
9.374	-0.116781
9.375	0.052279
9.376	0.218051
9.377	0.25567
9.378	0.187054
9.379	0.099751
9.38	0.04976
9.381	0.044945
9.382	0.052227
9.383	0.021928
9.384	-0.048947
9.385	-0.09621
9.386	-0.076483
9.387	-0.033804
9.388	-0.021295
9.389	-0.014535
9.39	0.023127
9.391	0.04424
9.392	-0.032501
9.393	-0.199418
9.394	-0.363557
9.395	-0.475126
9.396	-0.552414
9.397	-0.577391
9.398	-0.496873
9.399	-0.323573
9.4	-0.135958
9.401	0.006369
9.402	0.094407
9.403	0.149978
9.404	0.216586
9.405	0.327079
9.406	0.435333
9.407	0.435099
9.408	0.297342
9.409	0.125836
9.41	0.024846
9.411	-0.02194
9.412	-0.082726
9.413	-0.134618
9.414	-0.080253
9.415	0.081403
9.416	0.219256
9.417	0.241186
9.418	0.182076
9.419	0.114276
9.42	0.071644
9.421	0.055058
9.422	0.045721
9.423	0.020763
9.424	-0.004946
9.425	0.01701
9.426	0.081516
9.427	0.104078
9.428	0.037953
9.429	-0.048116
9.43	-0.069448
9.431	-0.04751
9.432	-0.069202
9.433	-0.152918
9.434	-0.236989
9.435	-0.297077
9.436	-0.360039
9.437	-0.401214
9.438	-0.35608
9.439	-0.22686
9.44	-0.083932
9.441	0.019367
9.442	0.081572
9.443	0.136527
9.444	0.236014
9.445	0.396018
9.446	0.528936
9.447	0.505988
9.448	0.324737
9.449	0.131235
9.45	0.036758
9.451	-0.006917
9.452	-0.094716
9.453	-0.191853
9.454	-0.169718
9.455	-0.013919
9.456	0.130177
9.457	0.147204
9.458	0.066375
9.459	-0.019352
9.46	-0.047808
9.461	-0.011148
9.462	0.043375
9.463	0.043907
9.464	-0.025257
9.465	-0.091318
9.466	-0.088592
9.467	-0.044291
9.468	-0.013001
9.469	0.012504
9.47	0.053999
9.471	0.064808
9.472	-0.017482
9.473	-0.151789
9.474	-0.225937
9.475	-0.220565
9.476	-0.223061
9.477	-0.267125
9.478	-0.291068
9.479	-0.247544
9.48	-0.148338
9.481	-0.02538
9.482	0.090012
9.483	0.176541
9.484	0.247472
9.485	0.332279
9.486	0.405931
9.487	0.391539
9.488	0.271412
9.489	0.134086
9.49	0.061387
9.491	0.020917
9.492	-0.063802
9.493	-0.168465
9.494	-0.186719
9.495	-0.100812
9.496	-0.017309
9.497	-0.00768
9.498	-0.034417
9.499	-0.039005
9.5	-0.004768
9.501	0.052606
9.502	0.09551
9.503	0.082771
9.504	0.020967
9.505	-0.026446
9.506	-0.023672
9.507	-0.011348
9.508	-0.024485
9.509	-0.02613
9.51	0.015304
9.511	0.042003
9.512	-0.020609
9.513	-0.138138
9.514	-0.204841
9.515	-0.202618
9.516	-0.207881
9.517	-0.241245
9.518	-0.241862
9.519	-0.175993
9.52	-0.071253
9.521	0.031912
9.522	0.109455
9.523	0.159682
9.524	0.211912
9.525	0.294248
9.526	0.367511
9.527	0.348303
9.528	0.226923
9.529	0.099235
9.53	0.041925
9.531	0.011962
9.532	-0.076277
9.533	-0.212824
9.534	-0.305674
9.535	-0.321874
9.536	-0.312248
9.537	-0.295597
9.538	-0.236588
9.539	-0.127091
9.54	0.001886
9.541	0.127305
9.542	0.234309
9.543	0.289142
9.544	0.266145
9.545	0.181702
9.546	0.054887
9.547	-0.115553
9.548	-0.287375
9.549	-0.355566
9.55	-0.261916
9.551	-0.085785
9.552	0.03023
9.553	0.022882
9.554	-0.073091
9.555	-0.212279
9.556	-0.350055
9.557	-0.400618
9.558	-0.306528
9.559	-0.127976
9.56	0.015087
9.561	0.058359
9.562	0.0244
9.563	-0.016792
9.564	-0.00025
9.565	0.077965
9.566	0.143658
9.567	0.123177
9.568	0.039626
9.569	-0.010628
9.57	0.016426
9.571	0.056448
9.572	0.045914
9.573	0.048662
9.574	0.183022
9.575	0.420637
9.576	0.583015
9.577	0.55928
9.578	0.402486
9.579	0.222454
9.58	0.087421
9.581	0.006313
9.582	-0.062271
9.583	-0.172292
9.584	-0.31864
9.585	-0.424435
9.586	-0.434317
9.587	-0.3745
9.588	-0.285882
9.589	-0.163318
9.59	-0.012749
9.591	0.090755
9.592	0.072313
9.593	-0.040164
9.594	-0.150946
9.595	-0.223287
9.596	-0.281037
9.597	-0.306696
9.598	-0.256235
9.599	-0.147137
9.6	-0.044877
9.601	0.008742
9.602	0.013655
9.603	-0.007082
9.604	-0.013574
9.605	0.023945
9.606	0.074717
9.607	0.071143
9.608	0.009592
9.609	-0.031425
9.61	-0.00638
9.611	0.030735
9.612	0.025351
9.613	0.03931
9.614	0.18202
9.615	0.422415
9.616	0.590291
9.617	0.584157
9.618	0.453188
9.619	0.290298
9.62	0.148847
9.621	0.037623
9.622	-0.069255
9.623	-0.203047
9.624	-0.345238
9.625	-0.427015
9.626	-0.414498
9.627	-0.351213
9.628	-0.279871
9.629	-0.18344
9.63	-0.053027
9.631	0.047843
9.632	0.046458
9.633	-0.041665
9.634	-0.139558
9.635	-0.219074
9.636	-0.292223
9.637	-0.320408
9.638	-0.25392
9.639	-0.125525
9.64	-0.017764
9.641	0.025068
9.642	0.014907
9.643	-0.006435
9.644	0.012661
9.645	0.09088
9.646	0.166648
9.647	0.150032
9.648	0.044358
9.649	-0.047405
9.65	-0.055586
9.651	-0.017707
9.652	0.011104
9.653	0.071848
9.654	0.244318
9.655	0.482058
9.656	0.627837
9.657	0.603592
9.658	0.46777
9.659	0.30698
9.66	0.164589
9.661	0.046419
9.662	-0.065372
9.663	-0.187689
9.664	-0.294347
9.665	-0.331264
9.666	-0.299907
9.667	-0.266894
9.668	-0.259746
9.669	-0.224223
9.67	-0.120113
9.671	-0.000371
9.672	0.050115
9.673	0.022918
9.674	-0.031076
9.675	-0.100607
9.676	-0.192897
9.677	-0.250605
9.678	-0.209266
9.679	-0.097268
9.68	0.000876
9.681	0.03855
9.682	0.030835
9.683	0.029869
9.684	0.09112
9.685	0.210794
9.686	0.288793
9.687	0.220681
9.688	0.035715
9.689	-0.119561
9.69	-0.143121
9.691	-0.070345
9.692	0.014651
9.693	0.110809
9.694	0.268645
9.695	0.44824
9.696	0.53211
9.697	0.483425
9.698	0.372327
9.699	0.263536
9.7	0.168327
9.701	0.075011
9.702	-0.028348
9.703	-0.137656
9.704	-0.216521
9.705	-0.230366
9.706	-0.207843
9.707	-0.209447
9.708	-0.223349
9.709	-0.171486
9.71	-0.042711
9.711	0.061061
9.712	0.055686
9.713	-0.008439
9.714	-0.026527
9.715	0.00123
9.716	-0.0082
9.717	-0.068803
9.718	-0.116031
9.719	-0.111708
9.72	-0.068252
9.721	-0.011245
9.722	0.034231
9.723	0.053979
9.724	0.065174
9.725	0.093914
9.726	0.120464
9.727	0.096268
9.728	0.028813
9.729	-0.009869
9.73	0.014406
9.731	0.042808
9.732	0.018401
9.733	-0.004548
9.734	0.07306
9.735	0.229022
9.736	0.330068
9.737	0.309036
9.738	0.218388
9.739	0.130904
9.74	0.076958
9.741	0.048333
9.742	0.00823
9.743	-0.08114
9.744	-0.204691
9.745	-0.295187
9.746	-0.31589
9.747	-0.293879
9.748	-0.248548
9.749	-0.156948
9.75	-0.026733
9.751	0.063148
9.752	0.052113
9.753	-0.010675
9.754	-0.034111
9.755	-0.020667
9.756	-0.036846
9.757	-0.080361
9.758	-0.091581
9.759	-0.053885
9.76	-0.00104
9.761	0.034383
9.762	0.041784
9.763	0.032978
9.764	0.040721
9.765	0.082497
9.766	0.11705
9.767	0.086401
9.768	0.0081
9.769	-0.032954
9.77	-0.001963
9.771	0.033928
9.772	0.003834
9.773	-0.05971
9.774	-0.069461
9.775	-0.019466
9.776	0.020715
9.777	0.029677
9.778	0.04267
9.779	0.069522
9.78	0.085806
9.781	0.07168
9.782	0.019491
9.783	-0.064574
9.784	-0.143156
9.785	-0.171713
9.786	-0.15943
9.787	-0.157355
9.788	-0.170501
9.789	-0.145244
9.79	-0.067025
9.791	-0.002556
9.792	-0.008015
9.793	-0.04274
9.794	-0.031907
9.795	0.010388
9.796	0.015661
9.797	-0.011664
9.798	-0.014404
9.799	0.016137
9.8	0.04168
9.801	0.036756
9.802	0.008872
9.803	-0.008788
9.804	0.025464
9.805	0.112812
9.806	0.179686
9.807	0.144492
9.808	0.026637
9.809	-0.066745
9.81	-0.07433
9.811	-0.045988
9.812	-0.055931
9.813	-0.095293
9.814	-0.102747
9.815	-0.075767
9.816	-0.057859
9.817	-0.042693
9.818	0.003361
9.819	0.064106
9.82	0.092963
9.821	0.070278
9.822	0.009962
9.823	-0.053469
9.824	-0.072411
9.825	-0.029628
9.826	0.015008
9.827	-0.017419
9.828	-0.111984
9.829	-0.171208
9.83	-0.14224
9.831	-0.073377
9.832	-0.029778
9.833	0.002121
9.834	0.071103
9.835	0.149263
9.836	0.157761
9.837	0.085479
9.838	-0.005002
9.839	-0.058789
9.84	-0.06114
9.841	-0.026001
9.842	0.011817
9.843	0.020862
9.844	0.014539
9.845	0.03685
9.846	0.088513
9.847	0.118911
9.848	0.108503
9.849	0.094465
9.85	0.094258
9.851	0.062651
9.852	-0.035612
9.853	-0.145756
9.854	-0.182886
9.855	-0.153294
9.856	-0.129205
9.857	-0.130667
9.858	-0.122779
9.859	-0.089165
9.86	-0.040489
9.861	0.010239
9.862	0.045385
9.863	0.050574
9.864	0.042694
9.865	0.052703
9.866	0.070366
9.867	0.055258
9.868	0.010048
9.869	-0.01366
9.87	0.00322
9.871	0.012063
9.872	-0.022152
9.873	-0.045912
9.874	0.007511
9.875	0.094788
9.876	0.112937
9.877	0.048891
9.878	-0.02185
9.879	-0.045989
9.88	-0.025428
9.881	0.015671
9.882	0.051115
9.883	0.069567
9.884	0.089769
9.885	0.129338
9.886	0.155684
9.887	0.118189
9.888	0.034808
9.889	-0.013286
9.89	0.007335
9.891	0.028585
9.892	-0.030157
9.893	-0.160969
9.894	-0.298807
9.895	-0.410645
9.896	-0.483671
9.897	-0.475309
9.898	-0.362559
9.899	-0.195399
9.9	-0.046735
9.901	0.050734
9.902	0.10582
9.903	0.147433
9.904	0.204738
9.905	0.269277
9.906	0.27865
9.907	0.185158
9.908	0.037642
9.909	-0.055915
9.91	-0.053724
9.911	-0.020623
9.912	-0.023377
9.913	-0.035749
9.914	-0.002373
9.915	0.046139
9.916	0.039004
9.917	-0.01143
9.918	-0.036154
9.919	-0.01313
9.92	0.026262
9.921	0.05065
9.922	0.05273
9.923	0.049292
9.924	0.072365
9.925	0.126046
9.926	0.151437
9.927	0.08962
9.928	-0.021841
9.929	-0.078271
9.93	-0.042394
9.931	0.004915
9.932	-0.035816
9.933	-0.177401
9.934	-0.364114
9.935	-0.542715
9.936	-0.659345
9.937	-0.649503
9.938	-0.507054
9.939	-0.306432
9.94	-0.121618
9.941	0.025204
9.942	0.138275
9.943	0.223881
9.944	0.294369
9.945	0.355548
9.946	0.382283
9.947	0.343873
9.948	0.259843
9.949	0.184846
9.95	0.126724
9.951	0.035945
9.952	-0.094598
9.953	-0.170165
9.954	-0.10195
9.955	0.049229
9.956	0.135502
9.957	0.105776
9.958	0.028335
9.959	-0.022995
9.96	-0.025807
9.961	0.002886
9.962	0.022222
9.963	-0.001486
9.964	-0.047673
9.965	-0.051578
9.966	0.023005
9.967	0.155263
9.968	0.309699
9.969	0.454093
9.97	0.536605
9.971	0.51113
9.972	0.417452
9.973	0.392818
9.974	0.532736
9.975	0.749042
9.976	0.854523
9.977	0.771532
9.978	0.570207
9.979	0.350577
9.98	0.165288
9.981	0.015906
9.982	-0.130958
9.983	-0.306004
9.984	-0.484643
9.985	-0.597831
9.986	-0.612736
9.987	-0.554783
9.988	-0.4414
9.989	-0.262729
9.99	-0.048055
9.991	0.116269
9.992	0.175716
9.993	0.171865
9.994	0.170347
9.995	0.165096
9.996	0.124275
9.997	0.075725
9.998	0.063035
9.999	0.072614
10.0	0.059701
10.001	0.005329
10.002	-0.073453
10.003	-0.139836
10.004	-0.158879
10.005	-0.133634
10.006	-0.116585
10.007	-0.148736
10.008	-0.191757
10.009	-0.165602
10.01	-0.057372
10.011	0.058701
10.012	0.127013
10.013	0.188486
10.014	0.304524
10.015	0.437729
10.016	0.494855
10.017	0.456363
10.018	0.372339
10.019	0.275312
10.02	0.163217
10.021	0.027114
10.022	-0.140365
10.023	-0.331114
10.024	-0.497448
10.025	-0.579873
10.026	-0.572241
10.027	-0.515445
10.028	-0.422638
10.029	-0.271936
10.03	-0.081957
10.031	0.071588
10.032	0.140444
10.033	0.160387
10.034	0.183123
10.035	0.19372
10.036	0.16298
10.037	0.123783
10.038	0.116893
10.039	0.120146
10.04	0.084363
10.041	-0.001886
10.042	-0.102046
10.043	-0.157722
10.044	-0.12908
10.045	-0.043679
10.046	0.004284
10.047	-0.051405
10.048	-0.16059
10.049	-0.209112
10.05	-0.150265
10.051	-0.036475
10.052	0.081847
10.053	0.235849
10.054	0.45953
10.055	0.675186
10.056	0.760161
10.057	0.691391
10.058	0.535895
10.059	0.351554
10.06	0.160047
10.061	-0.027203
10.062	-0.196105
10.063	-0.322713
10.064	-0.374481
10.065	-0.351859
10.066	-0.319071
10.067	-0.336836
10.068	-0.372709
10.069	-0.337788
10.07	-0.203736
10.071	-0.035654
10.072	0.092336
10.073	0.171695
10.074	0.21869
10.075	0.215065
10.076	0.15798
10.077	0.105956
10.078	0.104088
10.079	0.121153
10.08	0.1028
10.081	0.038028
10.082	-0.049197
10.083	-0.131127
10.084	-0.177465
10.085	-0.168076
10.086	-0.12702
10.087	-0.100391
10.088	-0.089698
10.089	-0.055582
10.09	0.007417
10.091	0.05367
10.092	0.071955
10.093	0.136523
10.094	0.303526
10.095	0.494418
10.096	0.571391
10.097	0.495532
10.098	0.336136
10.099	0.172808
10.1	0.045711
10.101	-0.045737
10.102	-0.136236
10.103	-0.256971
10.104	-0.385049
10.105	-0.460354
10.106	-0.458443
10.107	-0.403954
10.108	-0.313974
10.109	-0.183253
10.11	-0.034226
10.111	0.073068
10.112	0.116061
10.113	0.151185
10.114	0.225599
10.115	0.290477
10.116	0.273297
10.117	0.187055
10.118	0.097057
10.119	0.033312
10.12	-0.013926
10.121	-0.057686
10.122	-0.102152
10.123	-0.139403
10.124	-0.149158
10.125	-0.128424
10.126	-0.116093
10.127	-0.145637
10.128	-0.180702
10.129	-0.149501
10.13	-0.046151
10.131	0.052797
10.132	0.090481
10.133	0.099282
10.134	0.130395
10.135	0.165657
10.136	0.162486
10.137	0.131955
10.138	0.107479
10.139	0.089212
10.14	0.05703
10.141	-0.003595
10.142	-0.101333
10.143	-0.230572
10.144	-0.353715
10.145	-0.425831
10.146	-0.442763
10.147	-0.425961
10.148	-0.366907
10.149	-0.239337
10.15	-0.067898
10.151	0.071152
10.152	0.140543
10.153	0.186963
10.154	0.253974
10.155	0.300363
10.156	0.272558
10.157	0.197818
10.158	0.134621
10.159	0.091981
10.16	0.043211
10.161	-0.026401
10.162	-0.106975
10.163	-0.171002
10.164	-0.188808
10.165	-0.165892
10.166	-0.154574
10.167	-0.188204
10.168	-0.218768
10.169	-0.169199
10.17	-0.041813
10.171	0.074311
10.172	0.107393
10.173	0.070165
10.174	0.009947
10.175	-0.053516
10.176	-0.10071
10.177	-0.089668
10.178	-0.014865
10.179	0.064242
10.18	0.081459
10.181	0.015875
10.182	-0.111348
10.183	-0.253702
10.184	-0.35619
10.185	-0.394085
10.186	-0.394233
10.187	-0.388313
10.188	-0.355637
10.189	-0.252528
10.19	-0.092879
10.191	0.051187
10.192	0.139215
10.193	0.206177
10.194	0.284255
10.195	0.332978
10.196	0.310564
10.197	0.251616
10.198	0.206032
10.199	0.16465
10.2	0.08963
10.201	-0.027468
10.202	-0.154713
10.203	-0.237713
10.204	-0.235986
10.205	-0.172879
10.206	-0.128034
10.207	-0.140139
10.208	-0.14751
10.209	-0.079772
10.21	0.026433
10.211	0.071485
10.212	0.033951
10.213	0.003256
10.214	0.052948
10.215	0.140495
10.216	0.181097
10.217	0.156445
10.218	0.101457
10.219	0.04393
10.22	-0.008675
10.221	-0.062586
10.222	-0.136881
10.223	-0.241663
10.224	-0.344153
10.225	-0.386286
10.226	-0.349573
10.227	-0.266609
10.228	-0.166101
10.229	-0.058109
10.23	0.03018
10.231	0.064209
10.232	0.069513
10.233	0.138808
10.234	0.307763
10.235	0.471239
10.236	0.502987
10.237	0.398245
10.238	0.239923
10.239	0.095378
10.24	-0.0141
10.241	-0.097558
10.242	-0.178953
10.243	-0.267707
10.244	-0.332962
10.245	-0.33672
10.246	-0.289412
10.247	-0.229977
10.248	-0.164091
10.249	-0.073437
10.25	0.025316
10.251	0.078788
10.252	0.064769
10.253	0.025211
10.254	0.002021
10.255	-0.01517
10.256	-0.040567
10.257	-0.052055
10.258	-0.035336
10.259	-0.015504
10.26	-0.022849
10.261	-0.062305
10.262	-0.120353
10.263	-0.17327
10.264	-0.193052
10.265	-0.175996
10.266	-0.158096
10.267	-0.168331
10.268	-0.178855
10.269	-0.138741
10.27	-0.048707
10.271	0.040739
10.272	0.117094
10.273	0.234052
10.274	0.404628
10.275	0.533329
10.276	0.526028
10.277	0.403611
10.278	0.25097
10.279	0.119581
10.28	0.015137
10.281	-0.074946
10.282	-0.164618
10.283	-0.248991
10.284	-0.299444
10.285	-0.303555
10.286	-0.291956
10.287	-0.290759
10.288	-0.270313
10.289	-0.182402
10.29	-0.039588
10.291	0.080614
10.292	0.11951
10.293	0.088158
10.294	0.0205
10.295	-0.067452
10.296	-0.143392
10.297	-0.154306
10.298	-0.094264
10.299	-0.022991
10.3	-0.000572
10.301	-0.036482
10.302	-0.095968
10.303	-0.13117
10.304	-0.117885
10.305	-0.086621
10.306	-0.100909
10.307	-0.175928
10.308	-0.239267
10.309	-0.206856
10.31	-0.082742
10.311	0.05721
10.312	0.17649
10.313	0.313727
10.314	0.479069
10.315	0.58937
10.316	0.571384
10.317	0.456834
10.318	0.321032
10.319	0.197445
10.32	0.079142
10.321	-0.047445
10.322	-0.182628
10.323	-0.302745
10.324	-0.372658
10.325	-0.389111
10.326	-0.391448
10.327	-0.399673
10.328	-0.368791
10.329	-0.244899
10.33	-0.052454
10.331	0.114813
10.332	0.188919
10.333	0.176394
10.334	0.110016
10.335	0.012238
10.336	-0.069936
10.337	-0.072909
10.338	0.002656
10.339	0.077697
10.34	0.076931
10.341	-0.006237
10.342	-0.115783
10.343	-0.178372
10.344	-0.162572
10.345	-0.118462
10.346	-0.13238
10.347	-0.219441
10.348	-0.289521
10.349	-0.246229
10.35	-0.095882
10.351	0.07679
10.352	0.223668
10.353	0.369619
10.354	0.521026
10.355	0.611632
10.356	0.593011
10.357	0.504431
10.358	0.403455
10.359	0.294045
10.36	0.149373
10.361	-0.038848
10.362	-0.24216
10.363	-0.403202
10.364	-0.473829
10.365	-0.464864
10.366	-0.431104
10.367	-0.38807
10.368	-0.286677
10.369	-0.105468
10.37	0.079935
10.371	0.167018
10.372	0.136263
10.373	0.055233
10.374	-0.01738
10.375	-0.079761
10.376	-0.126353
10.377	-0.121627
10.378	-0.06245
10.379	-0.000597
10.38	0.011265
10.381	-0.039673
10.382	-0.133368
10.383	-0.231759
10.384	-0.291736
10.385	-0.295011
10.386	-0.264084
10.387	-0.223495
10.388	-0.160374
10.389	-0.059342
10.39	0.047008
10.391	0.1126
10.392	0.166279
10.393	0.318254
10.394	0.615744
10.395	0.917616
10.396	1.007078
10.397	0.817045
10.398	0.47751
10.399	0.177303
10.4	0.0322
10.401	0.051974
10.402	0.179112
10.403	0.348269
10.404	0.514276
10.405	0.632452
10.406	0.651857
10.407	0.560397
10.408	0.41115
10.409	0.263612
10.41	0.113688
10.411	-0.071742
10.412	-0.255718
10.413	-0.330911
10.414	-0.257484
10.415	-0.13696
10.416	-0.086057
10.417	-0.105618
10.418	-0.121418
10.419	-0.083554
10.42	0.005203
10.421	0.110147
10.422	0.190636
10.423	0.230097
10.424	0.248696
10.425	0.269699
10.426	0.282996
10.427	0.266488
10.428	0.226762
10.429	0.179902
10.43	0.104421
10.431	-0.039882
10.432	-0.241067
10.433	-0.427112
10.434	-0.552943
10.435	-0.636559
10.436	-0.677066
10.437	-0.624486
10.438	-0.462666
10.439	-0.247642
10.44	-0.048444
10.441	0.108172
10.442	0.237637
10.443	0.371655
10.444	0.521238
10.445	0.641644
10.446	0.655084
10.447	0.537011
10.448	0.354752
10.449	0.189933
10.45	0.05347
10.451	-0.089808
10.452	-0.232004
10.453	-0.306297
10.454	-0.285435
10.455	-0.232315
10.456	-0.205017
10.457	-0.186574
10.458	-0.140176
10.459	-0.06557
10.46	0.014083
10.461	0.078937
10.462	0.120836
10.463	0.150034
10.464	0.189687
10.465	0.239342
10.466	0.256902
10.467	0.210341
10.468	0.128273
10.469	0.060737
10.47	0.009251
10.471	-0.066322
10.472	-0.174635
10.473	-0.272509
10.474	-0.340049
10.475	-0.404713
10.476	-0.457952
10.477	-0.439156
10.478	-0.327467
10.479	-0.175113
10.48	-0.041704
10.481	0.060436
10.482	0.16293
10.483	0.308218
10.484	0.495991
10.485	0.643115
10.486	0.638371
10.487	0.463975
10.488	0.226108
10.489	0.047829
10.49	-0.041478
10.491	-0.099846
10.492	-0.176291
10.493	-0.260179
10.494	-0.331524
10.495	-0.391546
10.496	-0.418219
10.497	-0.365855
10.498	-0.232363
10.499	-0.072803
10.5	0.059375
10.501	0.146201
10.502	0.185238
10.503	0.177664
10.504	0.148583
10.505	0.139718
10.506	0.16261
10.507	0.192126
10.508	0.206496
10.509	0.194955
10.51	0.131871
10.511	-0.003586
10.512	-0.162379
10.513	-0.243506
10.514	-0.223364
10.515	-0.193302
10.516	-0.223479
10.517	-0.276912
10.518	-0.283474
10.519	-0.217574
10.52	-0.09447
10.521	0.053842
10.522	0.193137
10.523	0.304976
10.524	0.390254
10.525	0.442045
10.526	0.43448
10.527	0.361274
10.528	0.261951
10.529	0.178413
10.53	0.097978
10.531	-0.021194
10.532	-0.162437
10.533	-0.242804
10.534	-0.226356
10.535	-0.17926
10.536	-0.168098
10.537	-0.178684
10.538	-0.1648
10.539	-0.108541
10.54	-0.021428
10.541	0.069954
10.542	0.133751
10.543	0.153724
10.544	0.146131
10.545	0.135591
10.546	0.121076
10.547	0.094751
10.548	0.075119
10.549	0.078278
10.55	0.070243
10.551	5.5e-05
10.552	-0.115846
10.553	-0.200458
10.554	-0.228598
10.555	-0.255021
10.556	-0.302407
10.557	-0.317808
10.558	-0.258735
10.559	-0.143116
10.56	-0.013794
10.561	0.100873
10.562	0.195744
10.563	0.281606
10.564	0.363004
10.565	0.41221
10.566	0.387141
10.567	0.290319
10.568	0.18406
10.569	0.121709
10.57	0.080791
10.571	-0.001663
10.572	-0.133846
10.573	-0.253387
10.574	-0.316693
10.575	-0.341585
10.576	-0.34003
10.577	-0.288472
10.578	-0.183981
10.579	-0.065845
10.58	0.02561
10.581	0.077811
10.582	0.098356
10.583	0.105519
10.584	0.118462
10.585	0.132292
10.586	0.118355
10.587	0.07094
10.588	0.029327
10.589	0.023884
10.59	0.023611
10.591	-0.022172
10.592	-0.100308
10.593	-0.143718
10.594	-0.136931
10.595	-0.136825
10.596	-0.16468
10.597	-0.171749
10.598	-0.125602
10.599	-0.052387
10.6	0.008444
10.601	0.04834
10.602	0.090445
10.603	0.164583
10.604	0.269738
10.605	0.351595
10.606	0.342002
10.607	0.237211
10.608	0.113407
10.609	0.042909
10.61	0.015142
10.611	-0.039534
10.612	-0.163116
10.613	-0.333073
10.614	-0.506006
10.615	-0.638416
10.616	-0.663581
10.617	-0.537238
10.618	-0.309538
10.619	-0.087903
10.62	0.060734
10.621	0.136387
10.622	0.158754
10.623	0.142315
10.624	0.117145
10.625	0.121974
10.626	0.161542
10.627	0.206776
10.628	0.230948
10.629	0.210525
10.63	0.116339
10.631	-0.047271
10.632	-0.194527
10.633	-0.209721
10.634	-0.092849
10.635	0.01987
10.636	0.025236
10.637	-0.048084
10.638	-0.116861
10.639	-0.130812
10.64	-0.085061
10.641	-0.004991
10.642	0.070871
10.643	0.121177
10.644	0.160265
10.645	0.206942
10.646	0.245966
10.647	0.249951
10.648	0.219984
10.649	0.169547
10.65	0.084737
10.651	-0.060876
10.652	-0.244946
10.653	-0.396298
10.654	-0.481781
10.655	-0.526308
10.656	-0.533155
10.657	-0.47235
10.658	-0.346453
10.659	-0.198684
10.66	-0.066936
10.661	0.030763
10.662	0.082804
10.663	0.092426
10.664	0.088977
10.665	0.097916
10.666	0.111057
10.667	0.110559
10.668	0.098614
10.669	0.080213
10.67	0.037611
10.671	-0.042255
10.672	-0.109412
10.673	-0.08088
10.674	0.03302
10.675	0.114446
10.676	0.088585
10.677	0.000185
10.678	-0.069802
10.679	-0.084209
10.68	-0.048446
10.681	0.015087
10.682	0.084203
10.683	0.151379
10.684	0.218921
10.685	0.269234
10.686	0.264183
10.687	0.196151
10.688	0.113011
10.689	0.063315
10.69	0.030161
10.691	-0.049647
10.692	-0.201887
10.693	-0.390834
10.694	-0.576511
10.695	-0.725213
10.696	-0.771417
10.697	-0.664415
10.698	-0.445171
10.699	-0.212071
10.7	-0.03064
10.701	0.098895
10.702	0.215472
10.703	0.351354
10.704	0.4884
10.705	0.554383
10.706	0.487873
10.707	0.313502
10.708	0.131282
10.709	0.021266
10.71	-0.02537
10.711	-0.061154
10.712	-0.084583
10.713	-0.044936
10.714	0.043964
10.715	0.088595
10.716	0.048674
10.717	-0.01458
10.718	-0.036024
10.719	-0.010223
10.72	0.035025
10.721	0.078083
10.722	0.117477
10.723	0.165677
10.724	0.224263
10.725	0.258793
10.726	0.223438
10.727	0.126104
10.728	0.038923
10.729	0.017735
10.73	0.030586
10.731	-0.005511
10.732	-0.130219
10.733	-0.316199
10.734	-0.520823
10.735	-0.691999
10.736	-0.742391
10.737	-0.616187
10.738	-0.370013
10.739	-0.126407
10.74	0.034801
10.741	0.12471
10.742	0.213817
10.743	0.357608
10.744	0.5266
10.745	0.612493
10.746	0.536856
10.747	0.348937
10.748	0.179813
10.749	0.094006
10.75	0.029618
10.751	-0.083073
10.752	-0.185921
10.753	-0.150213
10.754	0.025585
10.755	0.180487
10.756	0.18943
10.757	0.086821
10.758	-0.01855
10.759	-0.055476
10.76	-0.0189
10.761	0.047685
10.762	0.084051
10.763	0.062918
10.764	0.019979
10.765	0.012613
10.766	0.055993
10.767	0.123156
10.768	0.183438
10.769	0.203554
10.77	0.137225
10.771	-0.034957
10.772	-0.253963
10.773	-0.419027
10.774	-0.497054
10.775	-0.530036
10.776	-0.529725
10.777	-0.463485
10.778	-0.33135
10.779	-0.177358
10.78	-0.038558
10.781	0.081755
10.782	0.199658
10.783	0.324773
10.784	0.442325
10.785	0.513067
10.786	0.500534
10.787	0.410132
10.788	0.288896
10.789	0.170507
10.79	0.043297
10.791	-0.099913
10.792	-0.193069
10.793	-0.140345
10.794	0.034535
10.795	0.176926
10.796	0.185902
10.797	0.103612
10.798	0.018759
10.799	-0.021576
10.8	-0.015691
10.801	0.012726
10.802	0.033527
10.803	0.038448
10.804	0.050744
10.805	0.087313
10.806	0.127701
10.807	0.145558
10.808	0.14262
10.809	0.122829
10.81	0.060588
10.811	-0.074959
10.812	-0.268574
10.813	-0.465299
10.814	-0.633254
10.815	-0.756306
10.816	-0.779134
10.817	-0.655635
10.818	-0.428188
10.819	-0.191959
10.82	-0.01348
10.821	0.07527
10.822	0.045618
10.823	-0.101158
10.824	-0.296099
10.825	-0.44553
10.826	-0.500198
10.827	-0.457245
10.828	-0.330309
10.829	-0.157679
10.83	-0.009851
10.831	0.061466
10.832	0.082986
10.833	0.123209
10.834	0.182524
10.835	0.197502
10.836	0.159648
10.837	0.12251
10.838	0.106057
10.839	0.078592
10.84	0.01393
10.841	-0.073105
10.842	-0.137733
10.843	-0.141413
10.844	-0.089789
10.845	-0.03769
10.846	-0.039431
10.847	-0.086972
10.848	-0.115804
10.849	-0.083397
10.85	-0.01699
10.851	0.035738
10.852	0.087861
10.853	0.197238
10.854	0.35081
10.855	0.452355
10.856	0.452779
10.857	0.389916
10.858	0.304091
10.859	0.1988
10.86	0.069509
10.861	-0.074757
10.862	-0.211487
10.863	-0.30893
10.864	-0.344736
10.865	-0.33444
10.866	-0.318118
10.867	-0.304082
10.868	-0.257216
10.869	-0.157627
10.87	-0.039098
10.871	0.050823
10.872	0.114829
10.873	0.187309
10.874	0.24853
10.875	0.243092
10.876	0.184794
10.877	0.139939
10.878	0.125384
10.879	0.099286
10.88	0.0301
10.881	-0.06175
10.882	-0.117764
10.883	-0.089451
10.884	0.006888
10.885	0.082599
10.886	0.05598
10.887	-0.055606
10.888	-0.150883
10.889	-0.150945
10.89	-0.068236
10.891	0.035067
10.892	0.14012
10.893	0.272674
10.894	0.407082
10.895	0.466713
10.896	0.434684
10.897	0.364091
10.898	0.287789
10.899	0.19316
10.9	0.067368
10.901	-0.073328
10.902	-0.188655
10.903	-0.23822
10.904	-0.22093
10.905	-0.190675
10.906	-0.196651
10.907	-0.211494
10.908	-0.167043
10.909	-0.060048
10.91	0.030919
10.911	0.049733
10.912	0.046061
10.913	0.10732
10.914	0.215844
10.915	0.260546
10.916	0.19577
10.917	0.085637
10.918	0.0028
10.919	-0.033089
10.92	-0.037519
10.921	-0.033183
10.922	-0.034419
10.923	-0.038208
10.924	-0.031688
10.925	-0.016529
10.926	-0.011117
10.927	-0.017231
10.928	-0.007938
10.929	0.029702
10.93	0.059403
10.931	0.039964
10.932	-0.000335
10.933	0.009542
10.934	0.069813
10.935	0.105191
10.936	0.084177
10.937	0.046871
10.938	0.026858
10.939	0.021752
10.94	0.017162
10.941	0.000369
10.942	-0.035298
10.943	-0.082752
10.944	-0.124508
10.945	-0.151647
10.946	-0.166825
10.947	-0.162559
10.948	-0.118493
10.949	-0.037927
10.95	0.032286
10.951	0.053358
10.952	0.059905
10.953	0.117391
10.954	0.204484
10.955	0.227605
10.956	0.163221
10.957	0.079725
10.958	0.031468
10.959	0.014218
10.96	0.002395
10.961	-0.015575
10.962	-0.03169
10.963	-0.029876
10.964	-0.008584
10.965	0.004162
10.966	-0.020184
10.967	-0.06336
10.968	-0.071253
10.969	-0.024704
10.97	0.026304
10.971	0.024562
10.972	-0.013686
10.973	-0.024007
10.974	0.002425
10.975	0.016905
10.976	0.010687
10.977	0.019165
10.978	0.049235
10.979	0.07124
10.98	0.060971
10.981	0.021683
10.982	-0.023102
10.983	-0.04895
10.984	-0.053713
10.985	-0.063371
10.986	-0.097947
10.987	-0.134501
10.988	-0.126251
10.989	-0.064241
10.99	0.00254
10.991	0.028606
10.992	0.039247
10.993	0.091599
10.994	0.166532
10.995	0.186223
10.996	0.141861
10.997	0.096484
10.998	0.081064
10.999	0.070173
11.0	0.035284
11.001	-0.019382
11.002	-0.061508
11.003	-0.058333
11.004	-0.013905
11.005	0.021153
11.006	0.000698
11.007	-0.056056
11.008	-0.082565
11.009	-0.04949
11.01	-0.002123
11.011	-0.003373
11.012	-0.059793
11.013	-0.128146
11.014	-0.185248
11.015	-0.227702
11.016	-0.219599
11.017	-0.132824
11.018	-0.012029
11.019	0.064172
11.02	0.061542
11.021	0.013295
11.022	-0.012832
11.023	0.027203
11.024	0.107067
11.025	0.14577
11.026	0.088433
11.027	-0.030183
11.028	-0.118704
11.029	-0.124258
11.03	-0.074234
11.031	-0.020908
11.032	0.033199
11.033	0.115053
11.034	0.192567
11.035	0.200626
11.036	0.152815
11.037	0.118498
11.038	0.116403
11.039	0.10989
11.04	0.072413
11.041	0.012052
11.042	-0.051295
11.043	-0.100079
11.044	-0.113619
11.045	-0.080988
11.046	-0.018356
11.047	0.048657
11.048	0.102704
11.049	0.121682
11.05	0.074488
11.051	-0.04505
11.052	-0.182127
11.053	-0.261239
11.054	-0.275061
11.055	-0.271116
11.056	-0.260991
11.057	-0.220393
11.058	-0.149722
11.059	-0.076334
11.06	-0.02259
11.061	0.000808
11.062	-0.011004
11.063	-0.047284
11.064	-0.077251
11.065	-0.077941
11.066	-0.055469
11.067	-0.024647
11.068	0.009162
11.069	0.034854
11.07	0.027758
11.071	-0.010465
11.072	-0.010892
11.073	0.095098
11.074	0.252347
11.075	0.323732
11.076	0.262079
11.077	0.141099
11.078	0.042714
11.079	-0.005419
11.08	-0.014194
11.081	-0.008679
11.082	-0.009114
11.083	-0.01457
11.084	-0.011536
11.085	-0.001925
11.086	-0.00133
11.087	-0.007292
11.088	0.003407
11.089	0.035609
11.09	0.050807
11.091	0.003228
11.092	-0.101134
11.093	-0.214645
11.094	-0.312943
11.095	-0.390231
11.096	-0.408584
11.097	-0.334417
11.098	-0.200472
11.099	-0.074375
11.1	0.007191
11.101	0.055024
11.102	0.102132
11.103	0.166685
11.104	0.226699
11.105	0.232748
11.106	0.160295
11.107	0.048669
11.108	-0.028553
11.109	-0.038323
11.11	-0.016469
11.111	-0.002082
11.112	0.034278
11.113	0.140037
11.114	0.266973
11.115	0.306469
11.116	0.237827
11.117	0.137561
11.118	0.067974
11.119	0.03483
11.12	0.019276
11.121	0.007319
11.122	0.000328
11.123	0.008398
11.124	0.026266
11.125	0.022581
11.126	-0.024189
11.127	-0.084388
11.128	-0.098354
11.129	-0.047331
11.13	0.012128
11.131	-0.000295
11.132	-0.111427
11.133	-0.286821
11.134	-0.476733
11.135	-0.616752
11.136	-0.621875
11.137	-0.46568
11.138	-0.232718
11.139	-0.042153
11.14	0.054994
11.141	0.099777
11.142	0.171397
11.143	0.304021
11.144	0.437169
11.145	0.45951
11.146	0.324844
11.147	0.112943
11.148	-0.043396
11.149	-0.083151
11.15	-0.051763
11.151	-0.015447
11.152	0.026929
11.153	0.108548
11.154	0.195
11.155	0.213222
11.156	0.167884
11.157	0.126664
11.158	0.120909
11.159	0.130618
11.16	0.129202
11.161	0.100224
11.162	0.030623
11.163	-0.072391
11.164	-0.161309
11.165	-0.180547
11.166	-0.11841
11.167	-0.008524
11.168	0.101354
11.169	0.159046
11.17	0.115797
11.171	-0.034236
11.172	-0.22505
11.173	-0.368382
11.174	-0.440175
11.175	-0.467299
11.176	-0.447587
11.177	-0.361054
11.178	-0.228943
11.179	-0.100055
11.18	-0.000969
11.181	0.075242
11.182	0.146561
11.183	0.219918
11.184	0.281973
11.185	0.306336
11.186	0.278618
11.187	0.218302
11.188	0.159622
11.189	0.104941
11.19	0.026518
11.191	-0.066972
11.192	-0.091307
11.193	0.028491
11.194	0.228346
11.195	0.350623
11.196	0.325834
11.197	0.216921
11.198	0.111869
11.199	0.049656
11.2	0.023335
11.201	0.004708
11.202	-0.030704
11.203	-0.07923
11.204	-0.108928
11.205	-0.096435
11.206	-0.05312
11.207	-0.00198
11.208	0.046442
11.209	0.077448
11.21	0.057999
11.211	-0.031993
11.212	-0.158767
11.213	-0.26438
11.214	-0.336072
11.215	-0.384998
11.216	-0.383402
11.217	-0.302496
11.218	-0.175051
11.219	-0.063499
11.22	0.007256
11.221	0.064645
11.222	0.153282
11.223	0.287264
11.224	0.421302
11.225	0.473435
11.226	0.400013
11.227	0.245691
11.228	0.09868
11.229	0.007047
11.23	-0.042816
11.231	-0.068125
11.232	-0.033075
11.233	0.098232
11.234	0.260519
11.235	0.333694
11.236	0.286515
11.237	0.188039
11.238	0.105006
11.239	0.052749
11.24	0.018636
11.241	-0.009744
11.242	-0.033813
11.243	-0.042473
11.244	-0.023362
11.245	0.023888
11.246	0.098868
11.247	0.206833
11.248	0.329454
11.249	0.41634
11.25	0.430209
11.251	0.393531
11.252	0.386474
11.253	0.469495
11.254	0.595257
11.255	0.657717
11.256	0.621339
11.257	0.526599
11.258	0.404779
11.259	0.253123
11.26	0.066181
11.261	-0.143376
11.262	-0.345173
11.263	-0.499971
11.264	-0.579305
11.265	-0.587343
11.266	-0.549409
11.267	-0.471575
11.268	-0.336278
11.269	-0.147296
11.27	0.046691
11.271	0.193165
11.272	0.289016
11.273	0.355248
11.274	0.37481
11.275	0.329132
11.276	0.263236
11.277	0.228891
11.278	0.205284
11.279	0.133416
11.28	-0.002891
11.281	-0.151937
11.282	-0.233118
11.283	-0.204933
11.284	-0.114297
11.285	-0.065978
11.286	-0.113345
11.287	-0.192124
11.288	-0.196481
11.289	-0.106994
11.29	-0.001806
11.291	0.062481
11.292	0.133959
11.293	0.281413
11.294	0.461196
11.295	0.551366
11.296	0.498522
11.297	0.354512
11.298	0.195702
11.299	0.062924
11.3	-0.043666
11.301	-0.151597
11.302	-0.289988
11.303	-0.447245
11.304	-0.559717
11.305	-0.568456
11.306	-0.475252
11.307	-0.325207
11.308	-0.161998
11.309	-0.020317
11.31	0.069481
11.311	0.113122
11.312	0.17396
11.313	0.297635
11.314	0.422474
11.315	0.444334
11.316	0.351438
11.317	0.217626
11.318	0.101339
11.319	0.01273
11.32	-0.057303
11.321	-0.116336
11.322	-0.164462
11.323	-0.193666
11.324	-0.199015
11.325	-0.190501
11.326	-0.179915
11.327	-0.157504
11.328	-0.099637
11.329	-0.007669
11.33	0.075991
11.331	0.113879
11.332	0.123243
11.333	0.142026
11.334	0.160264
11.335	0.143161
11.336	0.101825
11.337	0.074748
11.338	0.065993
11.339	0.047968
11.34	-0.002978
11.341	-0.09624
11.342	-0.228431
11.343	-0.37304
11.344	-0.481498
11.345	-0.516598
11.346	-0.475707
11.347	-0.37265
11.348	-0.221598
11.349	-0.054239
11.35	0.078253
11.351	0.156102
11.352	0.222601
11.353	0.315648
11.354	0.389211
11.355	0.374067
11.356	0.28454
11.357	0.188949
11.358	0.119079
11.359	0.060871
11.36	-0.003473
11.361	-0.071223
11.362	-0.123146
11.363	-0.14346
11.364	-0.141911
11.365	-0.150137
11.366	-0.180836
11.367	-0.199736
11.368	-0.158689
11.369	-0.057326
11.37	0.047598
11.371	0.107238
11.372	0.136814
11.373	0.177021
11.374	0.219077
11.375	0.225877
11.376	0.202199
11.377	0.176953
11.378	0.148684
11.379	0.093828
11.38	0.003809
11.381	-0.104868
11.382	-0.20466
11.383	-0.273515
11.384	-0.308934
11.385	-0.327695
11.386	-0.33745
11.387	-0.313756
11.388	-0.227462
11.389	-0.094895
11.39	0.027305
11.391	0.109775
11.392	0.185712
11.393	0.285708
11.394	0.365468
11.395	0.363957
11.396	0.297564
11.397	0.224191
11.398	0.160422
11.399	0.083442
11.4	-0.020275
11.401	-0.130545
11.402	-0.205034
11.403	-0.216956
11.404	-0.189159
11.405	-0.175926
11.406	-0.200493
11.407	-0.223544
11.408	-0.187268
11.409	-0.086883
11.41	0.017919
11.411	0.062879
11.412	0.035126
11.413	-0.036657
11.414	-0.121153
11.415	-0.177918
11.416	-0.155324
11.417	-0.052747
11.418	0.053697
11.419	0.08092
11.42	0.008575
11.421	-0.119309
11.422	-0.234206
11.423	-0.289557
11.424	-0.292281
11.425	-0.287665
11.426	-0.300689
11.427	-0.30129
11.428	-0.243993
11.429	-0.129716
11.43	-0.003536
11.431	0.105788
11.432	0.216426
11.433	0.337758
11.434	0.417565
11.435	0.40791
11.436	0.340948
11.437	0.274038
11.438	0.2102
11.439	0.115189
11.44	-0.022375
11.441	-0.165905
11.442	-0.253637
11.443	-0.251676
11.444	-0.193809
11.445	-0.153392
11.446	-0.158861
11.447	-0.157049
11.448	-0.09027
11.449	0.012781
11.45	0.065244
11.451	0.030561
11.452	-0.037726
11.453	-0.076789
11.454	-0.090323
11.455	-0.105926
11.456	-0.112896
11.457	-0.090991
11.458	-0.053142
11.459	-0.028827
11.46	-0.036025
11.461	-0.080563
11.462	-0.158187
11.463	-0.243604
11.464	-0.295169
11.465	-0.286821
11.466	-0.224449
11.467	-0.130451
11.468	-0.032698
11.469	0.037206
11.47	0.063642
11.471	0.083583
11.472	0.17929
11.473	0.377279
11.474	0.57245
11.475	0.626255
11.476	0.515438
11.477	0.326635
11.478	0.149241
11.479	0.019055
11.48	-0.071486
11.481	-0.146008
11.482	-0.218052
11.483	-0.276167
11.484	-0.298086
11.485	-0.279558
11.486	-0.234332
11.487	-0.169167
11.488	-0.08159
11.489	0.012891
11.49	0.07297
11.491	0.07215
11.492	0.030256
11.493	-0.022441
11.494	-0.082435
11.495	-0.140184
11.496	-0.156926
11.497	-0.116424
11.498	-0.057278
11.499	-0.027549
11.5	-0.037276
11.501	-0.058845
11.502	-0.055499
11.503	-0.017549
11.504	0.020238
11.505	0.011573
11.506	-0.045519
11.507	-0.100638
11.508	-0.101667
11.509	-0.045458
11.51	0.030811
11.511	0.114534
11.512	0.243738
11.513	0.427559
11.514	0.577864
11.515	0.592651
11.516	0.476055
11.517	0.312462
11.518	0.165682
11.519	0.047265
11.52	-0.055621
11.521	-0.152481
11.522	-0.238346
11.523	-0.298459
11.524	-0.327115
11.525	-0.336197
11.526	-0.330822
11.527	-0.287722
11.528	-0.182005
11.529	-0.035443
11.53	0.084868
11.531	0.126909
11.532	0.093698
11.533	0.013571
11.534	-0.090335
11.535	-0.175084
11.536	-0.181833
11.537	-0.105686
11.538	-0.013747
11.539	0.02362
11.54	-0.006615
11.541	-0.058277
11.542	-0.070735
11.543	-0.029554
11.544	0.011395
11.545	-0.014081
11.546	-0.103714
11.547	-0.181017
11.548	-0.173205
11.549	-0.081421
11.55	0.037345
11.551	0.152443
11.552	0.292359
11.553	0.468285
11.554	0.606465
11.555	0.62405
11.556	0.532241
11.557	0.400649
11.558	0.268274
11.559	0.131069
11.56	-0.020059
11.561	-0.173769
11.562	-0.299436
11.563	-0.370579
11.564	-0.393896
11.565	-0.401607
11.566	-0.40299
11.567	-0.362028
11.568	-0.24304
11.569	-0.069605
11.57	0.084354
11.571	0.160795
11.572	0.155362
11.573	0.091041
11.574	-0.005745
11.575	-0.082666
11.576	-0.07643
11.577	0.010092
11.578	0.093048
11.579	0.090282
11.58	-0.002645
11.581	-0.11013
11.582	-0.139702
11.583	-0.071045
11.584	0.012502
11.585	0.008247
11.586	-0.09285
11.587	-0.199321
11.588	-0.220357
11.589	-0.154666
11.59	-0.065521
11.591	0.027224
11.592	0.189109
11.593	0.454631
11.594	0.712756
11.595	0.802749
11.596	0.688003
11.597	0.462602
11.598	0.236444
11.599	0.061875
11.6	-0.070041
11.601	-0.201728
11.602	-0.362753
11.603	-0.526654
11.604	-0.621202
11.605	-0.593673
11.606	-0.452935
11.607	-0.249317
11.608	-0.044879
11.609	0.099206
11.61	0.144075
11.611	0.101486
11.612	0.026602
11.613	-0.040624
11.614	-0.101746
11.615	-0.147786
11.616	-0.142559
11.617	-0.082331
11.618	-0.017151
11.619	0.000835
11.62	-0.036342
11.621	-0.095328
11.622	-0.134596
11.623	-0.136449
11.624	-0.115695
11.625	-0.099958
11.626	-0.096972
11.627	-0.084486
11.628	-0.04205
11.629	0.018921
11.63	0.077012
11.631	0.157218
11.632	0.330956
11.633	0.605001
11.634	0.849307
11.635	0.915178
11.636	0.784027
11.637	0.547758
11.638	0.300397
11.639	0.085765
11.64	-0.094652
11.641	-0.257544
11.642	-0.409068
11.643	-0.527275
11.644	-0.581016
11.645	-0.562354
11.646	-0.483689
11.647	-0.356071
11.648	-0.192956
11.649	-0.026651
11.65	0.100373
11.651	0.172215
11.652	0.210512
11.653	0.227886
11.654	0.206875
11.655	0.151815
11.656	0.106511
11.657	0.092112
11.658	0.075483
11.659	0.016929
11.66	-0.079161
11.661	-0.164512
11.662	-0.187333
11.663	-0.143717
11.664	-0.092641
11.665	-0.100247
11.666	-0.164093
11.667	-0.209817
11.668	-0.167747
11.669	-0.049171
11.67	0.055746
11.671	0.066837
11.672	-0.013495
11.673	-0.142947
11.674	-0.301276
11.675	-0.453073
11.676	-0.521074
11.677	-0.458819
11.678	-0.301191
11.679	-0.11842
11.68	0.04944
11.681	0.20972
11.682	0.38718
11.683	0.57567
11.684	0.715478
11.685	0.732218
11.686	0.608905
11.687	0.40653
11.688	0.203112
11.689	0.028699
11.69	-0.128979
11.691	-0.263903
11.692	-0.327357
11.693	-0.297728
11.694	-0.232314
11.695	-0.193349
11.696	-0.173236
11.697	-0.134813
11.698	-0.071407
11.699	-0.000491
11.7	0.065597
11.701	0.128656
11.702	0.199842
11.703	0.282569
11.704	0.348864
11.705	0.350923
11.706	0.274088
11.707	0.158944
11.708	0.057782
11.709	-0.016359
11.71	-0.088851
11.711	-0.175312
11.712	-0.258373
11.713	-0.329407
11.714	-0.404428
11.715	-0.46614
11.716	-0.452956
11.717	-0.339224
11.718	-0.174822
11.719	-0.028469
11.72	0.074426
11.721	0.156224
11.722	0.249741
11.723	0.358991
11.724	0.454785
11.725	0.503576
11.726	0.491654
11.727	0.425725
11.728	0.316636
11.729	0.16107
11.73	-0.044195
11.731	-0.250703
11.732	-0.3605
11.733	-0.332043
11.734	-0.243881
11.735	-0.198156
11.736	-0.208084
11.737	-0.217853
11.738	-0.178612
11.739	-0.08014
11.74	0.050786
11.741	0.163584
11.742	0.21547
11.743	0.206852
11.744	0.177921
11.745	0.165096
11.746	0.172523
11.747	0.182308
11.748	0.170137
11.749	0.107201
11.75	-0.021123
11.751	-0.172523
11.752	-0.259944
11.753	-0.252962
11.754	-0.223624
11.755	-0.240967
11.756	-0.280599
11.757	-0.277947
11.758	-0.207932
11.759	-0.089037
11.76	0.05017
11.761	0.190524
11.762	0.319845
11.763	0.423149
11.764	0.476858
11.765	0.458832
11.766	0.375548
11.767	0.269872
11.768	0.180636
11.769	0.095696
11.77	-0.030853
11.771	-0.208915
11.772	-0.389431
11.773	-0.525097
11.774	-0.608595
11.775	-0.629278
11.776	-0.557719
11.777	-0.39745
11.778	-0.200199
11.779	-0.023467
11.78	0.101881
11.781	0.170495
11.782	0.190829
11.783	0.17929
11.784	0.153309
11.785	0.12405
11.786	0.099818
11.787	0.09023
11.788	0.091621
11.789	0.071591
11.79	-0.002688
11.791	-0.109291
11.792	-0.178605
11.793	-0.183762
11.794	-0.177617
11.795	-0.200418
11.796	-0.217259
11.797	-0.182434
11.798	-0.102624
11.799	-0.014436
11.8	0.063026
11.801	0.139215
11.802	0.23009
11.803	0.328155
11.804	0.391552
11.805	0.37702
11.806	0.29007
11.807	0.187234
11.808	0.116193
11.809	0.063186
11.81	-0.023763
11.811	-0.166203
11.812	-0.331572
11.813	-0.477387
11.814	-0.577435
11.815	-0.595291
11.816	-0.497301
11.817	-0.309773
11.818	-0.114648
11.819	0.019733
11.82	0.086063
11.821	0.125592
11.822	0.181275
11.823	0.254991
11.824	0.303151
11.825	0.280839
11.826	0.192297
11.827	0.090638
11.828	0.0229
11.829	-0.014538
11.83	-0.054599
11.831	-0.100299
11.832	-0.1151
11.833	-0.092928
11.834	-0.083495
11.835	-0.106625
11.836	-0.115385
11.837	-0.075236
11.838	-0.012737
11.839	0.027458
11.84	0.032671
11.841	0.023209
11.842	0.02527
11.843	0.053315
11.844	0.110607
11.845	0.18843
11.846	0.263608
11.847	0.306647
11.848	0.286842
11.849	0.177168
11.85	-0.022588
11.851	-0.257887
11.852	-0.43807
11.853	-0.517929
11.854	-0.529363
11.855	-0.507469
11.856	-0.446943
11.857	-0.342137
11.858	-0.212347
11.859	-0.082115
11.86	0.033725
11.861	0.123495
11.862	0.17706
11.863	0.199891
11.864	0.213539
11.865	0.230222
11.866	0.240459
11.867	0.228304
11.868	0.18073
11.869	0.086121
11.87	-0.047954
11.871	-0.159055
11.872	-0.156795
11.873	-0.040126
11.874	0.070625
11.875	0.075517
11.876	-0.001656
11.877	-0.076608
11.878	-0.097407
11.879	-0.061011
11.88	0.008886
11.881	0.080785
11.882	0.134773
11.883	0.173304
11.884	0.204108
11.885	0.221301
11.886	0.216551
11.887	0.193875
11.888	0.158976
11.889	0.098604
11.89	-0.015712
11.891	-0.188744
11.892	-0.384138
11.893	-0.561786
11.894	-0.692256
11.895	-0.730137
11.896	-0.638001
11.897	-0.443278
11.898	-0.225476
11.899	-0.047497
11.9	0.082134
11.901	0.191822
11.902	0.305755
11.903	0.412341
11.904	0.466404
11.905	0.430283
11.906	0.316904
11.907	0.18442
11.908	0.083946
11.909	0.016549
11.91	-0.043715
11.911	-0.080936
11.912	-0.039715
11.913	0.07071
11.914	0.148375
11.915	0.124911
11.916	0.042562
11.917	-0.021436
11.918	-0.035031
11.919	-0.009316
11.92	0.034143
11.921	0.083305
11.922	0.136381
11.923	0.187032
11.924	0.211814
11.925	0.186004
11.926	0.117582
11.927	0.050632
11.928	0.021489
11.929	0.014042
11.93	-0.026021
11.931	-0.127212
11.932	-0.265748
11.933	-0.408369
11.934	-0.530099
11.935	-0.580338
11.936	-0.50803
11.937	-0.33387
11.938	-0.14226
11.939	-0.002494
11.94	0.082484
11.941	0.161541
11.942	0.275105
11.943	0.400753
11.944	0.460947
11.945	0.397704
11.946	0.239289
11.947	0.080805
11.948	-0.004682
11.949	-0.026438
11.95	-0.037207
11.951	-0.046605
11.952	-0.015191
11.953	0.053805
11.954	0.091003
11.955	0.064659
11.956	0.024613
11.957	0.020749
11.958	0.046275
11.959	0.066448
11.96	0.065963
11.961	0.063342
11.962	0.087561
11.963	0.137742
11.964	0.169513
11.965	0.139209
11.966	0.059352
11.967	-0.009108
11.968	-0.027336
11.969	-0.032673
11.97	-0.102034
11.971	-0.254576
11.972	-0.423766
11.973	-0.546378
11.974	-0.61694
11.975	-0.630325
11.976	-0.558182
11.977	-0.402254
11.978	-0.210059
11.979	-0.032052
11.98	0.111339
11.981	0.221538
11.982	0.30087
11.983	0.347892
11.984	0.362965
11.985	0.351564
11.986	0.324274
11.987	0.289455
11.988	0.234906
11.989	0.129175
11.99	-0.028026
11.991	-0.153906
11.992	-0.133132
11.993	0.033772
11.994	0.198374
11.995	0.234032
11.996	0.157516
11.997	0.06303
11.998	0.016496
11.999	0.024354
12.0	0.054512
12.001	0.065963
12.002	0.0382
12.003	-0.007721
12.004	-0.025244
12.005	0.010078
12.006	0.07985
12.007	0.146311
12.008	0.171251
12.009	0.119854
12.01	-0.019636
12.011	-0.205115
12.012	-0.357597
12.013	-0.441638
12.014	-0.48216
12.015	-0.48336
12.016	-0.415134
12.017	-0.282707
12.018	-0.13774
12.019	-0.022282
12.02	0.066687
12.021	0.16078
12.022	0.27968
12.023	0.403151
12.024	0.479243
12.025	0.466809
12.026	0.375284
12.027	0.253707
12.028	0.137385
12.029	0.023556
12.03	-0.090031
12.031	-0.151672
12.032	-0.085205
12.033	0.089287
12.034	0.236491
12.035	0.257747
12.036	0.181921
12.037	0.092035
12.038	0.037365
12.039	0.020974
12.04	0.024645
12.041	0.029933
12.042	0.031501
12.043	0.039197
12.044	0.059238
12.045	0.078689
12.046	0.082318
12.047	0.072545
12.048	0.056322
12.049	0.020463
12.05	-0.059295
12.051	-0.173492
12.052	-0.276737
12.053	-0.35217
12.054	-0.415471
12.055	-0.444864
12.056	-0.392926
12.057	-0.265643
12.058	-0.124085
12.059	-0.015204
12.06	0.069148
12.061	0.173589
12.062	0.326836
12.063	0.493687
12.064	0.583589
12.065	0.530964
12.066	0.363314
12.067	0.173033
12.068	0.033407
12.069	-0.047629
12.07	-0.09547
12.071	-0.097967
12.072	-0.010898
12.073	0.13999
12.074	0.243658
12.075	0.234323
12.076	0.156967
12.077	0.086926
12.078	0.05402
12.079	0.047821
12.08	0.052468
12.081	0.064927
12.082	0.090499
12.083	0.124896
12.084	0.14203
12.085	0.113126
12.086	0.045201
12.087	-0.015484
12.088	-0.032301
12.089	-0.023998
12.09	-0.043034
12.091	-0.107337
12.092	-0.188609
12.093	-0.27293
12.094	-0.363712
12.095	-0.421475
12.096	-0.394626
12.097	-0.30211
12.098	-0.21159
12.099	-0.165497
12.1	-0.168599
12.101	-0.20665
12.102	-0.252444
12.103	-0.284042
12.104	-0.308936
12.105	-0.347154
12.106	-0.386465
12.107	-0.379439
12.108	-0.29304
12.109	-0.148172
12.11	0.000854
12.111	0.127228
12.112	0.238528
12.113	0.313988
12.114	0.312687
12.115	0.255669
12.116	0.208613
12.117	0.18689
12.118	0.14633
12.119	0.055329
12.12	-0.062108
12.121	-0.153332
12.122	-0.190093
12.123	-0.182312
12.124	-0.151443
12.125	-0.111038
12.126	-0.064922
12.127	-0.013229
12.128	0.034441
12.129	0.050902
12.13	0.012495
12.131	-0.057363
12.132	-0.099446
12.133	-0.099454
12.134	-0.098532
12.135	-0.10971
12.136	-0.102441
12.137	-0.065549
12.138	-0.023963
12.139	-0.005823
12.14	-0.023617
12.141	-0.078371
12.142	-0.1609
12.143	-0.244556
12.144	-0.294553
12.145	-0.292561
12.146	-0.242124
12.147	-0.155932
12.148	-0.056805
12.149	0.0168
12.15	0.043638
12.151	0.06809
12.152	0.160129
12.153	0.296433
12.154	0.364199
12.155	0.312762
12.156	0.202525
12.157	0.10532
12.158	0.041595
12.159	-0.000337
12.16	-0.032834
12.161	-0.056726
12.162	-0.067503
12.163	-0.068727
12.164	-0.075265
12.165	-0.09599
12.166	-0.114279
12.167	-0.0975
12.168	-0.036629
12.169	0.027741
12.17	0.038799
12.171	-0.011235
12.172	-0.077446
12.173	-0.132277
12.174	-0.180103
12.175	-0.198307
12.176	-0.150651
12.177	-0.054182
12.178	0.029587
12.179	0.056475
12.18	0.030112
12.181	-0.016152
12.182	-0.054407
12.183	-0.081812
12.184	-0.113922
12.185	-0.156928
12.186	-0.186468
12.187	-0.165098
12.188	-0.088876
12.189	-0.004065
12.19	0.044914
12.191	0.07943
12.192	0.15481
12.193	0.253739
12.194	0.292697
12.195	0.249485
12.196	0.18419
12.197	0.141485
12.198	0.109803
12.199	0.061537
12.2	-0.004578
12.201	-0.060277
12.202	-0.077709
12.203	-0.063767
12.204	-0.05929
12.205	-0.091675
12.206	-0.136153
12.207	-0.138668
12.208	-0.078487
12.209	0.000306
12.21	0.027938
12.211	-0.022154
12.212	-0.118902
12.213	-0.224835
12.214	-0.307974
12.215	-0.312892
12.216	-0.208505
12.217	-0.051997
12.218	0.055473
12.219	0.064002
12.22	0.012802
12.221	-0.01114
12.222	0.045682
12.223	0.146034
12.224	0.191069
12.225	0.12132
12.226	-0.018401
12.227	-0.124746
12.228	-0.138349
12.229	-0.085094
12.23	-0.020081
12.231	0.047466
12.232	0.143122
12.233	0.240215
12.234	0.266382
12.235	0.211045
12.236	0.130762
12.237	0.067098
12.238	0.026987
12.239	0.004222
12.24	-0.017878
12.241	-0.063593
12.242	-0.140019
12.243	-0.213728
12.244	-0.230722
12.245	-0.169073
12.246	-0.05711
12.247	0.055691
12.248	0.121814
12.249	0.103518
12.25	-0.006631
12.251	-0.159153
12.252	-0.27444
12.253	-0.325981
12.254	-0.343702
12.255	-0.330743
12.256	-0.264165
12.257	-0.160218
12.258	-0.068492
12.259	-0.017665
12.26	0.004266
12.261	0.026402
12.262	0.064873
12.263	0.111429
12.264	0.141637
12.265	0.137591
12.266	0.107827
12.267	0.075489
12.268	0.046605
12.269	0.006297
12.27	-0.041672
12.271	-0.035044
12.272	0.09481
12.273	0.299746
12.274	0.431423
12.275	0.411553
12.276	0.293739
12.277	0.165553
12.278	0.068755
12.279	0.002472
12.28	-0.047062
12.281	-0.089811
12.282	-0.124534
12.283	-0.139672
12.284	-0.13073
12.285	-0.109594
12.286	-0.085673
12.287	-0.053408
12.288	-0.011385
12.289	0.015246
12.29	-0.008087
12.291	-0.075563
12.292	-0.144325
12.293	-0.200841
12.294	-0.255995
12.295	-0.27973
12.296	-0.230514
12.297	-0.129886
12.298	-0.042777
12.299	-0.004016
12.3	0.010607
12.301	0.053297
12.302	0.147496
12.303	0.252368
12.304	0.290322
12.305	0.222802
12.306	0.092246
12.307	-0.018031
12.308	-0.057667
12.309	-0.041275
12.31	-0.006115
12.311	0.056604
12.312	0.182107
12.313	0.330329
12.314	0.395716
12.315	0.344405
12.316	0.243462
12.317	0.156838
12.318	0.091317
12.319	0.029359
12.32	-0.031109
12.321	-0.071709
12.322	-0.076856
12.323	-0.058258
12.324	-0.053683
12.325	-0.090571
12.326	-0.147235
12.327	-0.163912
12.328	-0.106017
12.329	-0.012127
12.33	0.037221
12.331	-0.002881
12.332	-0.118907
12.333	-0.279138
12.334	-0.430793
12.335	-0.480127
12.336	-0.373274
12.337	-0.174829
12.338	-0.005641
12.339	0.069178
12.34	0.076366
12.341	0.082688
12.342	0.117843
12.343	0.158486
12.344	0.17763
12.345	0.176513
12.346	0.170483
12.347	0.167495
12.348	0.153865
12.349	0.100255
12.35	0.012539
12.351	-0.02233
12.352	0.091916
12.353	0.309342
12.354	0.454451
12.355	0.423904
12.356	0.277249
12.357	0.130377
12.358	0.047013
12.359	0.022566
12.36	0.013289
12.361	-0.031159
12.362	-0.12791
12.363	-0.234072
12.364	-0.280668
12.365	-0.23655
12.366	-0.124178
12.367	0.010224
12.368	0.113616
12.369	0.131664
12.37	0.043292
12.371	-0.101709
12.372	-0.220966
12.373	-0.2899
12.374	-0.334939
12.375	-0.346982
12.376	-0.291097
12.377	-0.178611
12.378	-0.063321
12.379	0.016158
12.38	0.065727
12.381	0.113713
12.382	0.170877
12.383	0.217034
12.384	0.224378
12.385	0.18892
12.386	0.137284
12.387	0.101591
12.388	0.08274
12.389	0.048825
12.39	-0.009499
12.391	-0.027291
12.392	0.07716
12.393	0.266158
12.394	0.393579
12.395	0.381527
12.396	0.28363
12.397	0.18136
12.398	0.106162
12.399	0.049007
12.4	-0.008838
12.401	-0.079901
12.402	-0.158504
12.403	-0.216597
12.404	-0.226242
12.405	-0.186058
12.406	-0.113659
12.407	-0.02721
12.408	0.045765
12.409	0.063296
12.41	0.001233
12.411	-0.10997
12.412	-0.210602
12.413	-0.282873
12.414	-0.338137
12.415	-0.346207
12.416	-0.269009
12.417	-0.13734
12.418	-0.026575
12.419	0.022869
12.42	0.037809
12.421	0.076461
12.422	0.164892
12.423	0.265975
12.424	0.312137
12.425	0.268731
12.426	0.165894
12.427	0.067464
12.428	0.009237
12.429	-0.022616
12.43	-0.044845
12.431	-0.018719
12.432	0.109985
12.433	0.294384
12.434	0.405946
12.435	0.390926
12.436	0.306399
12.437	0.21711
12.438	0.138303
12.439	0.060078
12.44	-0.021378
12.441	-0.097096
12.442	-0.149678
12.443	-0.16555
12.444	-0.153246
12.445	-0.135872
12.446	-0.118694
12.447	-0.086178
12.448	-0.03471
12.449	0.008343
12.45	0.008467
12.451	-0.031782
12.452	-0.082406
12.453	-0.140796
12.454	-0.210305
12.455	-0.242914
12.456	-0.189924
12.457	-0.081107
12.458	0.005587
12.459	0.031313
12.46	0.033311
12.461	0.084729
12.462	0.215526
12.463	0.364984
12.464	0.422688
12.465	0.331886
12.466	0.147229
12.467	-0.017183
12.468	-0.087437
12.469	-0.074882
12.47	-0.027037
12.471	0.051754
12.472	0.183136
12.473	0.320973
12.474	0.373968
12.475	0.32973
12.476	0.256017
12.477	0.196252
12.478	0.138934
12.479	0.064864
12.48	-0.017576
12.481	-0.077517
12.482	-0.091972
12.483	-0.072726
12.484	-0.050756
12.485	-0.029472
12.486	0.012891
12.487	0.072421
12.488	0.107547
12.489	0.075209
12.49	-0.023108
12.491	-0.120224
12.492	-0.14474
12.493	-0.117107
12.494	-0.118114
12.495	-0.163154
12.496	-0.191683
12.497	-0.161711
12.498	-0.085697
12.499	0.005279
12.5	0.092768
12.501	0.170448
12.502	0.231741
12.503	0.267536
12.504	0.270764
12.505	0.241407
12.506	0.192759
12.507	0.145711
12.508	0.102685
12.509	0.040697
12.51	-0.037846
12.511	-0.059909
12.512	0.047295
12.513	0.228999
12.514	0.3364
12.515	0.301534
12.516	0.188843
12.517	0.091668
12.518	0.051588
12.519	0.053757
12.52	0.050156
12.521	-0.011525
12.522	-0.146819
12.523	-0.299166
12.524	-0.36031
12.525	-0.259289
12.526	-0.038416
12.527	0.18477
12.528	0.321007
12.529	0.348484
12.53	0.291974
12.531	0.20642
12.532	0.141397
12.533	0.095206
12.534	0.04618
12.535	0.013582
12.536	0.024794
12.537	0.055316
12.538	0.053111
12.539	-0.003096
12.54	-0.089563
12.541	-0.164714
12.542	-0.20404
12.543	-0.215882
12.544	-0.225608
12.545	-0.241913
12.546	-0.242191
12.547	-0.195102
12.548	-0.097631
12.549	0.016786
12.55	0.122357
12.551	0.24351
12.552	0.407525
12.553	0.557881
12.554	0.595008
12.555	0.504467
12.556	0.360462
12.557	0.223193
12.558	0.09919
12.559	-0.023349
12.56	-0.141461
12.561	-0.236459
12.562	-0.292899
12.563	-0.315177
12.564	-0.324047
12.565	-0.329761
12.566	-0.310403
12.567	-0.230994
12.568	-0.092841
12.569	0.046676
12.57	0.118948
12.571	0.102249
12.572	0.01954
12.573	-0.098931
12.574	-0.206626
12.575	-0.232948
12.576	-0.153711
12.577	-0.035041
12.578	0.031963
12.579	0.0143
12.58	-0.045505
12.581	-0.076158
12.582	-0.048041
12.583	-0.005696
12.584	-0.020001
12.585	-0.104418
12.586	-0.193875
12.587	-0.209186
12.588	-0.132312
12.589	-0.012215
12.59	0.103225
12.591	0.223045
12.592	0.369163
12.593	0.493842
12.594	0.519346
12.595	0.447869
12.596	0.346393
12.597	0.251425
12.598	0.148979
12.599	0.02137
12.6	-0.118263
12.601	-0.233223
12.602	-0.295769
12.603	-0.315013
12.604	-0.32743
12.605	-0.347903
12.606	-0.34093
12.607	-0.258771
12.608	-0.106355
12.609	0.046237
12.61	0.117285
12.611	0.070837
12.612	-0.074824
12.613	-0.265117
12.614	-0.406729
12.615	-0.400241
12.616	-0.238623
12.617	-0.034891
12.618	0.079142
12.619	0.060006
12.62	-0.028593
12.621	-0.081035
12.622	-0.048577
12.623	0.013459
12.624	0.010617
12.625	-0.081228
12.626	-0.188784
12.627	-0.218293
12.628	-0.144008
12.629	-0.014341
12.63	0.11855
12.631	0.254671
12.632	0.409015
12.633	0.53583
12.634	0.565343
12.635	0.50215
12.636	0.402223
12.637	0.290824
12.638	0.166003
12.639	0.034556
12.64	-0.098808
12.641	-0.243287
12.642	-0.390478
12.643	-0.491881
12.644	-0.494739
12.645	-0.39184
12.646	-0.223173
12.647	-0.047958
12.648	0.07337
12.649	0.098681
12.65	0.032262
12.651	-0.070172
12.652	-0.149812
12.653	-0.197079
12.654	-0.222649
12.655	-0.209521
12.656	-0.14613
12.657	-0.067683
12.658	-0.025394
12.659	-0.03507
12.66	-0.067125
12.661	-0.078558
12.662	-0.053001
12.663	-0.011695
12.664	0.011786
12.665	0.005755
12.666	-0.009755
12.667	-0.010022
12.668	0.003585
12.669	0.013384
12.67	0.033262
12.671	0.130061
12.672	0.341342
12.673	0.575357
12.674	0.681476
12.675	0.612517
12.676	0.442065
12.677	0.257958
12.678	0.098352
12.679	-0.038361
12.68	-0.165185
12.681	-0.286028
12.682	-0.384315
12.683	-0.432725
12.684	-0.420747
12.685	-0.360063
12.686	-0.264212
12.687	-0.145289
12.688	-0.02777
12.689	0.053049
12.69	0.077846
12.691	0.06569
12.692	0.044398
12.693	0.010496
12.694	-0.037926
12.695	-0.063553
12.696	-0.038874
12.697	0.00421
12.698	0.010616
12.699	-0.033928
12.7	-0.085849
12.701	-0.083679
12.702	-0.01152
12.703	0.074376
12.704	0.094632
12.705	0.027259
12.706	-0.069919
12.707	-0.117297
12.708	-0.08502
12.709	-0.003094
12.71	0.100488
12.711	0.247568
12.712	0.451113
12.713	0.633352
12.714	0.685992
12.715	0.597152
12.716	0.442661
12.717	0.284373
12.718	0.134446
12.719	-0.013253
12.72	-0.153843
12.721	-0.266726
12.722	-0.332889
12.723	-0.358224
12.724	-0.369464
12.725	-0.377328
12.726	-0.355579
12.727	-0.268573
12.728	-0.118784
12.729	0.039983
12.73	0.147042
12.731	0.184197
12.732	0.163596
12.733	0.094186
12.734	0.005084
12.735	-0.037716
12.736	-0.001636
12.737	0.060263
12.738	0.067622
12.739	0.001021
12.74	-0.075577
12.741	-0.073702
12.742	0.02535
12.743	0.132744
12.744	0.13105
12.745	-0.00224
12.746	-0.166796
12.747	-0.235551
12.748	-0.166184
12.749	-0.013748
12.75	0.15801
12.751	0.348777
12.752	0.573245
12.753	0.765828
12.754	0.812336
12.755	0.680095
12.756	0.450095
12.757	0.229022
12.758	0.071336
12.759	-0.032968
12.76	-0.130918
12.761	-0.264977
12.762	-0.42861
12.763	-0.557443
12.764	-0.581917
12.765	-0.485111
12.766	-0.304798
12.767	-0.101738
12.768	0.060236
12.769	0.131878
12.77	0.113343
12.771	0.063411
12.772	0.036325
12.773	0.020629
12.774	-0.013497
12.775	-0.04495
12.776	-0.038539
12.777	-0.007073
12.778	0.005685
12.779	-0.021412
12.78	-0.069488
12.781	-0.106201
12.782	-0.117684
12.783	-0.115627
12.784	-0.118127
12.785	-0.123648
12.786	-0.106684
12.787	-0.04854
12.788	0.028756
12.789	0.082719
12.79	0.11779
12.791	0.205568
12.792	0.391484
12.793	0.596693
12.794	0.687299
12.795	0.623106
12.796	0.46866
12.797	0.296383
12.798	0.133641
12.799	-0.024064
12.8	-0.186688
12.801	-0.353071
12.802	-0.501186
12.803	-0.592473
12.804	-0.596012
12.805	-0.510372
12.806	-0.358417
12.807	-0.173935
12.808	-0.003045
12.809	0.105657
12.81	0.137273
12.811	0.12738
12.812	0.114511
12.813	0.092331
12.814	0.052869
12.815	0.032749
12.816	0.057836
12.817	0.089287
12.818	0.066727
12.819	-0.021071
12.82	-0.122833
12.821	-0.17079
12.822	-0.141781
12.823	-0.080493
12.824	-0.056268
12.825	-0.090584
12.826	-0.13487
12.827	-0.127587
12.828	-0.059901
12.829	0.028595
12.83	0.111673
12.831	0.212944
12.832	0.352176
12.833	0.480149
12.834	0.528539
12.835	0.492706
12.836	0.409344
12.837	0.293302
12.838	0.136456
12.839	-0.054657
12.84	-0.242964
12.841	-0.381248
12.842	-0.444491
12.843	-0.446292
12.844	-0.425683
12.845	-0.406852
12.846	-0.370777
12.847	-0.281554
12.848	-0.136845
12.849	0.020813
12.85	0.145738
12.851	0.229423
12.852	0.274485
12.853	0.261193
12.854	0.190218
12.855	0.108947
12.856	0.05273
12.857	0.010612
12.858	-0.038347
12.859	-0.097288
12.86	-0.160542
12.861	-0.222099
12.862	-0.267488
12.863	-0.27412
12.864	-0.23279
12.865	-0.157121
12.866	-0.068145
12.867	0.015237
12.868	0.071752
12.869	0.082982
12.87	0.062883
12.871	0.068595
12.872	0.137506
12.873	0.226822
12.874	0.265115
12.875	0.23726
12.876	0.176478
12.877	0.107242
12.878	0.030178
12.879	-0.060625
12.88	-0.169049
12.881	-0.293725
12.882	-0.414181
12.883	-0.488096
12.884	-0.482026
12.885	-0.399396
12.886	-0.269328
12.887	-0.122842
12.888	0.009316
12.889	0.099635
12.89	0.157926
12.891	0.238119
12.892	0.359192
12.893	0.450935
12.894	0.438827
12.895	0.339486
12.896	0.219836
12.897	0.112781
12.898	0.011591
12.899	-0.090788
12.9	-0.183789
12.901	-0.249164
12.902	-0.278571
12.903	-0.282052
12.904	-0.277068
12.905	-0.265269
12.906	-0.22509
12.907	-0.135029
12.908	-0.008502
12.909	0.103478
12.91	0.161324
12.911	0.176329
12.912	0.176902
12.913	0.163246
12.914	0.133523
12.915	0.113626
12.916	0.117221
12.917	0.113445
12.918	0.061799
12.919	-0.040633
12.92	-0.155588
12.921	-0.240253
12.922	-0.282189
12.923	-0.301348
12.924	-0.322248
12.925	-0.340284
12.926	-0.316783
12.927	-0.218039
12.928	-0.061077
12.929	0.096397
12.93	0.221633
12.931	0.335373
12.932	0.447075
12.933	0.506783
12.934	0.475712
12.935	0.389154
12.936	0.298157
12.937	0.203879
12.938	0.078702
12.939	-0.081014
12.94	-0.237518
12.941	-0.341254
12.942	-0.375939
12.943	-0.373264
12.944	-0.375866
12.945	-0.384473
12.946	-0.352973
12.947	-0.245179
12.948	-0.094309
12.949	0.012833
12.95	0.028092
12.951	-0.005011
12.952	-0.027872
12.953	-0.054289
12.954	-0.115892
12.955	-0.17758
12.956	-0.179047
12.957	-0.111807
12.958	-0.012489
12.959	0.087848
12.96	0.188625
12.961	0.305004
12.962	0.431523
12.963	0.521484
12.964	0.517323
12.965	0.409634
12.966	0.254557
12.967	0.124716
12.968	0.041689
12.969	-0.041602
12.97	-0.186926
12.971	-0.408108
12.972	-0.666529
12.973	-0.898099
12.974	-1.025502
12.975	-0.985658
12.976	-0.78003
12.977	-0.47913
12.978	-0.167569
12.979	0.106376
12.98	0.333997
12.981	0.515918
12.982	0.643056
12.983	0.704137
12.984	0.695939
12.985	0.6267
12.986	0.515663
12.987	0.3781
12.988	0.206674
12.989	-0.004999
12.99	-0.20189
12.991	-0.274444
12.992	-0.184604
12.993	-0.043793
12.994	0.009224
12.995	-0.039958
12.996	-0.103822
12.997	-0.105233
12.998	-0.031824
12.999	0.078427
13.0	0.17138
13.001	0.20763
13.002	0.189884
13.003	0.162046
13.004	0.165692
13.005	0.202399
13.006	0.242722
13.007	0.250274
13.008	0.188066
13.009	0.033558
13.01	-0.185221
13.011	-0.391488
13.012	-0.531923
13.013	-0.616588
13.014	-0.653976
13.015	-0.608841
13.016	-0.462653
13.017	-0.259634
13.018	-0.065553
13.019	0.093099
13.02	0.236139
13.021	0.386846
13.022	0.531515
13.023	0.621536
13.024	0.61594
13.025	0.521375
13.026	0.387051
13.027	0.255516
13.028	0.123867
13.029	-0.027496
13.03	-0.167048
13.031	-0.211109
13.032	-0.129784
13.033	-0.011717
13.034	0.038809
13.035	0.01833
13.036	-0.00924
13.037	-0.004094
13.038	0.026218
13.039	0.058276
13.04	0.077469
13.041	0.081747
13.042	0.080166
13.043	0.086265
13.044	0.104003
13.045	0.124078
13.046	0.13658
13.047	0.1325
13.048	0.091361
13.049	-0.009735
13.05	-0.160507
13.051	-0.309399
13.052	-0.41923
13.053	-0.496069
13.054	-0.530042
13.055	-0.4764
13.056	-0.32921
13.057	-0.152749
13.058	-0.017625
13.059	0.066707
13.06	0.150037
13.061	0.281884
13.062	0.450833
13.063	0.579529
13.064	0.588241
13.065	0.470027
13.066	0.295748
13.067	0.141301
13.068	0.026983
13.069	-0.067024
13.07	-0.139961
13.071	-0.150989
13.072	-0.089108
13.073	-0.0166
13.074	0.011385
13.075	0.012136
13.076	0.023926
13.077	0.046316
13.078	0.054603
13.079	0.043132
13.08	0.037039
13.081	0.066259
13.082	0.132489
13.083	0.1989
13.084	0.215376
13.085	0.165325
13.086	0.083152
13.087	0.011678
13.088	-0.051148
13.089	-0.142851
13.09	-0.258672
13.091	-0.323857
13.092	-0.300627
13.093	-0.257239
13.094	-0.263015
13.095	-0.29409
13.096	-0.286551
13.097	-0.215528
13.098	-0.098796
13.099	0.035184
13.1	0.162875
13.101	0.269317
13.102	0.351635
13.103	0.411532
13.104	0.442143
13.105	0.431631
13.106	0.375114
13.107	0.274605
13.108	0.131551
13.109	-0.04374
13.11	-0.196674
13.111	-0.23846
13.112	-0.149121
13.113	-0.028211
13.114	0.016106
13.115	-0.020388
13.116	-0.068703
13.117	-0.074702
13.118	-0.032122
13.119	0.032589
13.12	0.081416
13.121	0.087884
13.122	0.061897
13.123	0.043654
13.124	0.06044
13.125	0.101146
13.126	0.135826
13.127	0.139998
13.128	0.094113
13.129	-0.009669
13.13	-0.132195
13.131	-0.198694
13.132	-0.192782
13.133	-0.184457
13.134	-0.22017
13.135	-0.258769
13.136	-0.243817
13.137	-0.170668
13.138	-0.069735
13.139	0.034665
13.14	0.138356
13.141	0.242927
13.142	0.335694
13.143	0.387689
13.144	0.37561
13.145	0.306954
13.146	0.218133
13.147	0.140698
13.148	0.06746
13.149	-0.034569
13.15	-0.166136
13.151	-0.277484
13.152	-0.334415
13.153	-0.357297
13.154	-0.361728
13.155	-0.323802
13.156	-0.230145
13.157	-0.109164
13.158	-0.00209
13.159	0.071832
13.16	0.118379
13.161	0.147782
13.162	0.161572
13.163	0.155662
13.164	0.128559
13.165	0.090862
13.166	0.064446
13.167	0.05757
13.168	0.043017
13.169	-0.013598
13.17	-0.096508
13.171	-0.147684
13.172	-0.154594
13.173	-0.169797
13.174	-0.212132
13.175	-0.229504
13.176	-0.180532
13.177	-0.085681
13.178	0.007619
13.179	0.076587
13.18	0.136531
13.181	0.211045
13.182	0.291601
13.183	0.33381
13.184	0.303064
13.185	0.216959
13.186	0.131467
13.187	0.083599
13.188	0.051381
13.189	-0.022165
13.19	-0.166576
13.191	-0.357998
13.192	-0.551153
13.193	-0.696373
13.194	-0.726621
13.195	-0.599335
13.196	-0.361111
13.197	-0.123129
13.198	0.030759
13.199	0.101312
13.2	0.152206
13.201	0.238721
13.202	0.347803
13.203	0.406569
13.204	0.359588
13.205	0.231171
13.206	0.100874
13.207	0.022896
13.208	-0.01669
13.209	-0.059403
13.21	-0.107363
13.211	-0.125189
13.212	-0.113742
13.213	-0.119221
13.214	-0.14517
13.215	-0.137253
13.216	-0.070483
13.217	0.013773
13.218	0.061295
13.219	0.065102
13.22	0.070561
13.221	0.125891
13.222	0.22315
13.223	0.294056
13.224	0.276005
13.225	0.177623
13.226	0.068806
13.227	0.007199
13.228	-0.014953
13.229	-0.053846
13.23	-0.153952
13.231	-0.307181
13.232	-0.471896
13.233	-0.602107
13.234	-0.646974
13.235	-0.573768
13.236	-0.40637
13.237	-0.210418
13.238	-0.04105
13.239	0.082734
13.24	0.163767
13.241	0.208403
13.242	0.227692
13.243	0.23972
13.244	0.255944
13.245	0.271523
13.246	0.268754
13.247	0.220191
13.248	0.104379
13.249	-0.058491
13.25	-0.182506
13.251	-0.168099
13.252	-0.02681
13.253	0.104691
13.254	0.123412
13.255	0.055964
13.256	-0.014305
13.257	-0.038516
13.258	-0.017817
13.259	0.02256
13.26	0.056632
13.261	0.072406
13.262	0.079636
13.263	0.097134
13.264	0.127958
13.265	0.15672
13.266	0.166412
13.267	0.143904
13.268	0.073549
13.269	-0.055398
13.27	-0.218812
13.271	-0.361607
13.272	-0.459231
13.273	-0.523969
13.274	-0.539388
13.275	-0.467888
13.276	-0.321339
13.277	-0.161553
13.278	-0.035663
13.279	0.062533
13.28	0.174159
13.281	0.324865
13.282	0.482721
13.283	0.570056
13.284	0.533512
13.285	0.396682
13.286	0.232056
13.287	0.095055
13.288	-0.006766
13.289	-0.086319
13.29	-0.121354
13.291	-0.065205
13.292	0.057467
13.293	0.140669
13.294	0.125037
13.295	0.057602
13.296	0.009419
13.297	0.001557
13.298	0.01515
13.299	0.031833
13.3	0.052389
13.301	0.086617
13.302	0.131482
13.303	0.161277
13.304	0.147998
13.305	0.095139
13.306	0.040149
13.307	0.01443
13.308	0.003923
13.309	-0.037039
13.31	-0.127535
13.311	-0.243755
13.312	-0.366695
13.313	-0.482965
13.314	-0.535621
13.315	-0.464111
13.316	-0.291888
13.317	-0.109984
13.318	0.014565
13.319	0.093429
13.32	0.196358
13.321	0.37017
13.322	0.564257
13.323	0.655747
13.324	0.567524
13.325	0.346888
13.326	0.119946
13.327	-0.017777
13.328	-0.063374
13.329	-0.068093
13.33	-0.050827
13.331	0.013708
13.332	0.10972
13.333	0.158576
13.334	0.11733
13.335	0.027149
13.336	-0.042358
13.337	-0.047698
13.338	0.009171
13.339	0.084453
13.34	0.11763
13.341	0.074647
13.342	-0.013076
13.343	-0.067203
13.344	-0.03618
13.345	0.062342
13.346	0.167914
13.347	0.216327
13.348	0.159131
13.349	-0.007567
13.35	-0.213775
13.351	-0.359734
13.352	-0.4217
13.353	-0.453889
13.354	-0.473482
13.355	-0.436942
13.356	-0.323557
13.357	-0.167119
13.358	-0.014603
13.359	0.114478
13.36	0.227627
13.361	0.330174
13.362	0.406747
13.363	0.434337
13.364	0.40846
13.365	0.348563
13.366	0.277282
13.367	0.194281
13.368	0.077022
13.369	-0.071168
13.37	-0.171101
13.371	-0.119343
13.372	0.065361
13.373	0.221557
13.374	0.220286
13.375	0.076367
13.376	-0.112791
13.377	-0.255304
13.378	-0.310798
13.379	-0.29592
13.38	-0.249499
13.381	-0.199367
13.382	-0.16131
13.383	-0.147104
13.384	-0.156991
13.385	-0.168806
13.386	-0.14833
13.387	-0.083001
13.388	-0.006706
13.389	0.025467
13.39	-0.002794
13.391	-0.058037
13.392	-0.116002
13.393	-0.173685
13.394	-0.197265
13.395	-0.1448
13.396	-0.038105
13.397	0.048892
13.398	0.059592
13.399	-0.008759
13.4	-0.121266
13.401	-0.238334
13.402	-0.331473
13.403	-0.384897
13.404	-0.392135
13.405	-0.348004
13.406	-0.249283
13.407	-0.114193
13.408	0.009546
13.409	0.08372
13.41	0.129722
13.411	0.198449
13.412	0.274762
13.413	0.28809
13.414	0.231507
13.415	0.170487
13.416	0.141321
13.417	0.117544
13.418	0.062004
13.419	-0.02325
13.42	-0.097487
13.421	-0.123479
13.422	-0.108764
13.423	-0.099461
13.424	-0.125579
13.425	-0.162589
13.426	-0.156851
13.427	-0.086643
13.428	0.006955
13.429	0.053852
13.43	0.01897
13.431	-0.078888
13.432	-0.206105
13.433	-0.318815
13.434	-0.341674
13.435	-0.231913
13.436	-0.052128
13.437	0.078263
13.438	0.088996
13.439	0.005149
13.44	-0.090971
13.441	-0.134735
13.442	-0.128607
13.443	-0.125174
13.444	-0.159973
13.445	-0.207164
13.446	-0.209196
13.447	-0.146709
13.448	-0.062879
13.449	-0.008916
13.45	0.034205
13.451	0.143973
13.452	0.320325
13.453	0.440655
13.454	0.415642
13.455	0.287788
13.456	0.150785
13.457	0.057237
13.458	0.005218
13.459	-0.03552
13.46	-0.096383
13.461	-0.185215
13.462	-0.26864
13.463	-0.290471
13.464	-0.223862
13.465	-0.096215
13.466	0.036334
13.467	0.118538
13.468	0.111142
13.469	0.008145
13.47	-0.14532
13.471	-0.277583
13.472	-0.360147
13.473	-0.405628
13.474	-0.397963
13.475	-0.31077
13.476	-0.174592
13.477	-0.057969
13.478	0.000742
13.479	0.018443
13.48	0.037395
13.481	0.080843
13.482	0.134536
13.483	0.165431
13.484	0.156387
13.485	0.122252
13.486	0.088059
13.487	0.056947
13.488	0.013987
13.489	-0.032655
13.49	-0.019201
13.491	0.118392
13.492	0.326741
13.493	0.457349
13.494	0.436032
13.495	0.318995
13.496	0.192029
13.497	0.092633
13.498	0.016026
13.499	-0.052583
13.5	-0.12014
13.501	-0.180027
13.502	-0.214534
13.503	-0.211792
13.504	-0.178197
13.505	-0.127129
13.506	-0.067672
13.507	-0.011894
13.508	0.016351
13.509	-0.002868
13.51	-0.05022
13.511	-0.082929
13.512	-0.102529
13.513	-0.138541
13.514	-0.168578
13.515	-0.144158
13.516	-0.073429
13.517	-0.011849
13.518	0.008118
13.519	0.010911
13.52	0.051327
13.521	0.153941
13.522	0.271364
13.523	0.316232
13.524	0.247707
13.525	0.112629
13.526	-0.005017
13.527	-0.057926
13.528	-0.056885
13.529	-0.026876
13.53	0.051082
13.531	0.210779
13.532	0.398901
13.533	0.493062
13.534	0.448376
13.535	0.332349
13.536	0.219916
13.537	0.130059
13.538	0.048735
13.539	-0.03162
13.54	-0.098909
13.541	-0.137245
13.542	-0.149918
13.543	-0.161183
13.544	-0.187994
13.545	-0.212355
13.546	-0.193993
13.547	-0.117722
13.548	-0.02315
13.549	0.025842
13.55	0.000619
13.551	-0.085386
13.552	-0.216094
13.553	-0.354978
13.554	-0.412702
13.555	-0.328173
13.556	-0.154989
13.557	-0.006666
13.558	0.053904
13.559	0.059262
13.56	0.096682
13.561	0.212824
13.562	0.345998
13.563	0.375788
13.564	0.251278
13.565	0.047558
13.566	-0.107452
13.567	-0.143854
13.568	-0.087659
13.569	0.000641
13.57	0.107713
13.571	0.252458
13.572	0.394234
13.573	0.44725
13.574	0.401168
13.575	0.325987
13.576	0.265746
13.577	0.202693
13.578	0.107968
13.579	-0.011137
13.58	-0.114335
13.581	-0.169483
13.582	-0.186229
13.583	-0.194312
13.584	-0.186474
13.585	-0.124596
13.586	-0.009729
13.587	0.095251
13.588	0.116796
13.589	0.036426
13.59	-0.084761
13.591	-0.167607
13.592	-0.207685
13.593	-0.248795
13.594	-0.280677
13.595	-0.252801
13.596	-0.160009
13.597	-0.049448
13.598	0.033439
13.599	0.080378
13.6	0.110097
13.601	0.13599
13.602	0.15091
13.603	0.142659
13.604	0.116632
13.605	0.095182
13.606	0.09289
13.607	0.093312
13.608	0.062537
13.609	0.004166
13.61	-0.004423
13.611	0.118272
13.612	0.325714
13.613	0.464255
13.614	0.452494
13.615	0.344345
13.616	0.226356
13.617	0.136488
13.618	0.067707
13.619	-0.001533
13.62	-0.08712
13.621	-0.185243
13.622	-0.26702
13.623	-0.297039
13.624	-0.261385
13.625	-0.172721
13.626	-0.060176
13.627	0.032455
13.628	0.060218
13.629	0.013821
13.63	-0.058873
13.631	-0.098091
13.632	-0.108589
13.633	-0.131386
13.634	-0.150607
13.635	-0.11851
13.636	-0.042543
13.637	0.021258
13.638	0.036985
13.639	0.024216
13.64	0.033685
13.641	0.091303
13.642	0.166142
13.643	0.199567
13.644	0.164
13.645	0.08793
13.646	0.022885
13.647	-0.009666
13.648	-0.029309
13.649	-0.052877
13.65	-0.047678
13.651	0.034472
13.652	0.162535
13.653	0.244069
13.654	0.247484
13.655	0.215598
13.656	0.179233
13.657	0.129703
13.658	0.054951
13.659	-0.034825
13.66	-0.112856
13.661	-0.155407
13.662	-0.160526
13.663	-0.151776
13.664	-0.152218
13.665	-0.154854
13.666	-0.135834
13.667	-0.091336
13.668	-0.046072
13.669	-0.024839
13.67	-0.019233
13.671	-0.009092
13.672	-0.014329
13.673	-0.057823
13.674	-0.096383
13.675	-0.073082
13.676	-0.004517
13.677	0.041716
13.678	0.029782
13.679	-0.005167
13.68	0.009934
13.681	0.110403
13.682	0.242327
13.683	0.298856
13.684	0.223192
13.685	0.066332
13.686	-0.065777
13.687	-0.108396
13.688	-0.080822
13.689	-0.046474
13.69	-0.035925
13.691	-0.031264
13.692	-0.025763
13.693	-0.039584
13.694	-0.070589
13.695	-0.089285
13.696	-0.077801
13.697	-0.040662
13.698	0.006697
13.699	0.043102
13.7	0.047194
13.701	0.014733
13.702	-0.029182
13.703	-0.047833
13.704	-0.024951
13.705	0.024534
13.706	0.069011
13.707	0.077943
13.708	0.034822
13.709	-0.039661
13.71	-0.076266
13.711	-0.021426
13.712	0.07443
13.713	0.105092
13.714	0.04714
13.715	-0.029161
13.716	-0.063073
13.717	-0.050394
13.718	-0.014717
13.719	0.025593
13.72	0.06464
13.721	0.099526
13.722	0.123241
13.723	0.127046
13.724	0.109482
13.725	0.083847
13.726	0.069766
13.727	0.066088
13.728	0.037817
13.729	-0.049104
13.73	-0.181431
13.731	-0.313285
13.732	-0.419179
13.733	-0.4855
13.734	-0.474162
13.735	-0.364065
13.736	-0.199785
13.737	-0.053119
13.738	0.040513
13.739	0.09856
13.74	0.159669
13.741	0.235494
13.742	0.291501
13.743	0.281347
13.744	0.199917
13.745	0.093781
13.746	0.01891
13.747	-0.009536
13.748	-0.022558
13.749	-0.045433
13.75	-0.053076
13.751	-0.0133
13.752	0.036581
13.753	0.031399
13.754	-0.01679
13.755	-0.041143
13.756	-0.017954
13.757	0.019194
13.758	0.03634
13.759	0.038498
13.76	0.056134
13.761	0.103866
13.762	0.155365
13.763	0.162721
13.764	0.108581
13.765	0.03254
13.766	-0.006774
13.767	0.003782
13.768	0.014213
13.769	-0.03978
13.77	-0.178066
13.771	-0.369562
13.772	-0.561033
13.773	-0.678048
13.774	-0.640591
13.775	-0.443943
13.776	-0.190259
13.777	-0.003283
13.778	0.071035
13.779	0.085609
13.78	0.129948
13.781	0.236834
13.782	0.343694
13.783	0.357843
13.784	0.258369
13.785	0.118855
13.786	0.027519
13.787	-0.00728
13.788	-0.05074
13.789	-0.129881
13.79	-0.165569
13.791	-0.071616
13.792	0.098452
13.793	0.196883
13.794	0.163529
13.795	0.068447
13.796	0.001969
13.797	-0.00333
13.798	0.031209
13.799	0.055491
13.8	0.012809
13.801	-0.119507
13.802	-0.28343
13.803	-0.360842
13.804	-0.281735
13.805	-0.094535
13.806	0.094019
13.807	0.210583
13.808	0.244064
13.809	0.247545
13.81	0.3216
13.811	0.521624
13.812	0.757049
13.813	0.860951
13.814	0.769735
13.815	0.560149
13.816	0.336913
13.817	0.150353
13.818	-0.001676
13.819	-0.143015
13.82	-0.295071
13.821	-0.45188
13.822	-0.569677
13.823	-0.599477
13.824	-0.527841
13.825	-0.377814
13.826	-0.189134
13.827	-0.011893
13.828	0.104914
13.829	0.149478
13.83	0.164323
13.831	0.192346
13.832	0.213967
13.833	0.190717
13.834	0.141777
13.835	0.110307
13.836	0.093525
13.837	0.054266
13.838	-0.023484
13.839	-0.111278
13.84	-0.1636
13.841	-0.164285
13.842	-0.142162
13.843	-0.136809
13.844	-0.154208
13.845	-0.161511
13.846	-0.124294
13.847	-0.047379
13.848	0.030658
13.849	0.09046
13.85	0.16663
13.851	0.29667
13.852	0.438736
13.853	0.506163
13.854	0.476173
13.855	0.391833
13.856	0.28498
13.857	0.154252
13.858	-0.005207
13.859	-0.183754
13.86	-0.360267
13.861	-0.50617
13.862	-0.591245
13.863	-0.598331
13.864	-0.531353
13.865	-0.405421
13.866	-0.242131
13.867	-0.078105
13.868	0.045636
13.869	0.117709
13.87	0.168812
13.871	0.224668
13.872	0.258559
13.873	0.240123
13.874	0.198239
13.875	0.173064
13.876	0.149108
13.877	0.081542
13.878	-0.037816
13.879	-0.159251
13.88	-0.214563
13.881	-0.181502
13.882	-0.110643
13.883	-0.0792
13.884	-0.115169
13.885	-0.17265
13.886	-0.183608
13.887	-0.124466
13.888	-0.029566
13.889	0.052152
13.89	0.106984
13.891	0.146629
13.892	0.166085
13.893	0.162553
13.894	0.165179
13.895	0.188285
13.896	0.191498
13.897	0.123329
13.898	-0.018369
13.899	-0.179151
13.9	-0.289262
13.901	-0.31657
13.902	-0.291833
13.903	-0.27811
13.904	-0.302833
13.905	-0.327966
13.906	-0.296575
13.907	-0.191924
13.908	-0.045203
13.909	0.102269
13.91	0.233462
13.911	0.334194
13.912	0.364337
13.913	0.305271
13.914	0.201281
13.915	0.106388
13.916	0.033205
13.917	-0.027935
13.918	-0.082641
13.919	-0.133636
13.92	-0.184402
13.921	-0.229803
13.922	-0.250269
13.923	-0.228777
13.924	-0.168937
13.925	-0.088878
13.926	-0.008164
13.927	0.051736
13.928	0.066348
13.929	0.030586
13.93	-0.022171
13.931	-0.056132
13.932	-0.076096
13.933	-0.096664
13.934	-0.100844
13.935	-0.072319
13.936	-0.033243
13.937	-0.019436
13.938	-0.044455
13.939	-0.099325
13.94	-0.168231
13.941	-0.235029
13.942	-0.282906
13.943	-0.297242
13.944	-0.270401
13.945	-0.205101
13.946	-0.115272
13.947	-0.024968
13.948	0.042883
13.949	0.097842
13.95	0.187857
13.951	0.328804
13.952	0.446557
13.953	0.452564
13.954	0.352792
13.955	0.222452
13.956	0.111301
13.957	0.019911
13.958	-0.063615
13.959	-0.13677
13.96	-0.187032
13.961	-0.209644
13.962	-0.215982
13.963	-0.222574
13.964	-0.228578
13.965	-0.208304
13.966	-0.136442
13.967	-0.025949
13.968	0.067808
13.969	0.092415
13.97	0.039788
13.971	-0.066002
13.972	-0.191706
13.973	-0.281702
13.974	-0.273549
13.975	-0.168156
13.976	-0.044063
13.977	0.016495
13.978	-0.005801
13.979	-0.06595
13.98	-0.104879
13.981	-0.105193
13.982	-0.101287
13.983	-0.132366
13.984	-0.189891
13.985	-0.220511
13.986	-0.179369
13.987	-0.074841
13.988	0.044753
13.989	0.151443
13.99	0.265865
13.991	0.398236
13.992	0.492019
13.993	0.488109
13.994	0.40894
13.995	0.316195
13.996	0.228772
13.997	0.124461
13.998	-0.007354
13.999	-0.139232
14.0	-0.228043
14.001	-0.257417
14.002	-0.256401
14.003	-0.268353
14.004	-0.296745
14.005	-0.293741
14.006	-0.213167
14.007	-0.070219
14.008	0.062396
14.009	0.119303
14.01	0.098123
14.011	0.043369
14.012	-0.014288
14.013	-0.067724
14.014	-0.100134
14.015	-0.094759
14.016	-0.063992
14.017	-0.036791
14.018	-0.026346
14.019	-0.022214
14.02	-0.010866
14.021	0.004354
14.022	0.01075
14.023	0.009089
14.024	0.015559
14.025	0.042058
14.026	0.078597
14.027	0.093969
14.028	0.06978
14.029	0.04894
14.03	0.124817
14.031	0.329655
14.032	0.551415
14.033	0.636445
14.034	0.549659
14.035	0.37281
14.036	0.193757
14.037	0.047329
14.038	-0.073122
14.039	-0.189542
14.04	-0.316147
14.041	-0.436649
14.042	-0.504998
14.043	-0.483008
14.044	-0.373676
14.045	-0.214107
14.046	-0.054357
14.047	0.05529
14.048	0.083667
14.049	0.043546
14.05	-0.01352
14.051	-0.05198
14.052	-0.082308
14.053	-0.10935
14.054	-0.10346
14.055	-0.054777
14.056	-0.005205
14.057	-0.003613
14.058	-0.052028
14.059	-0.103814
14.06	-0.110128
14.061	-0.067124
14.062	-0.015665
14.063	0.002371
14.064	-0.016448
14.065	-0.039036
14.066	-0.035328
14.067	-0.007358
14.068	0.028573
14.069	0.089216
14.07	0.230578
14.071	0.45842
14.072	0.663886
14.073	0.724433
14.074	0.63032
14.075	0.458581
14.076	0.275539
14.077	0.102597
14.078	-0.060623
14.079	-0.213064
14.08	-0.344626
14.081	-0.436637
14.082	-0.473121
14.083	-0.454961
14.084	-0.393144
14.085	-0.294098
14.086	-0.166616
14.087	-0.034694
14.088	0.069413
14.089	0.131509
14.09	0.165523
14.091	0.177128
14.092	0.148851
14.093	0.091533
14.094	0.056351
14.095	0.064761
14.096	0.073944
14.097	0.031625
14.098	-0.058955
14.099	-0.134204
14.1	-0.126703
14.101	-0.036988
14.102	0.052956
14.103	0.055198
14.104	-0.035413
14.105	-0.139292
14.106	-0.169918
14.107	-0.103675
14.108	0.021391
14.109	0.170061
14.11	0.34539
14.111	0.531573
14.112	0.652845
14.113	0.649989
14.114	0.551586
14.115	0.421406
14.116	0.282633
14.117	0.124567
14.118	-0.052581
14.119	-0.220091
14.12	-0.338109
14.121	-0.390648
14.122	-0.404946
14.123	-0.421913
14.124	-0.443336
14.125	-0.424201
14.126	-0.320144
14.127	-0.137145
14.128	0.065471
14.129	0.223908
14.13	0.309441
14.131	0.313098
14.132	0.23793
14.133	0.13357
14.134	0.076381
14.135	0.081493
14.136	0.088825
14.137	0.049764
14.138	-0.021756
14.139	-0.087008
14.14	-0.128885
14.141	-0.152529
14.142	-0.165336
14.143	-0.167011
14.144	-0.149007
14.145	-0.099791
14.146	-0.021002
14.147	0.058728
14.148	0.107457
14.149	0.144284
14.15	0.237629
14.151	0.405577
14.152	0.55656
14.153	0.587403
14.154	0.493907
14.155	0.343588
14.156	0.194027
14.157	0.063363
14.158	-0.055573
14.159	-0.175725
14.16	-0.30363
14.161	-0.427684
14.162	-0.515456
14.163	-0.532764
14.164	-0.465935
14.165	-0.326787
14.166	-0.149159
14.167	0.016025
14.168	0.126063
14.169	0.187719
14.17	0.251168
14.171	0.331283
14.172	0.373255
14.173	0.337905
14.174	0.260925
14.175	0.190755
14.176	0.126529
14.177	0.040622
14.178	-0.070523
14.179	-0.174412
14.18	-0.234107
14.181	-0.245234
14.182	-0.239803
14.183	-0.248742
14.184	-0.262092
14.185	-0.23548
14.186	-0.141266
14.187	-0.007822
14.188	0.103969
14.189	0.163176
14.19	0.190204
14.191	0.208024
14.192	0.209896
14.193	0.198091
14.194	0.198472
14.195	0.211282
14.196	0.193309
14.197	0.103651
14.198	-0.051275
14.199	-0.220538
14.2	-0.349538
14.201	-0.419788
14.202	-0.45086
14.203	-0.463631
14.204	-0.449381
14.205	-0.378803
14.206	-0.239724
14.207	-0.062292
14.208	0.102471
14.209	0.232414
14.21	0.344242
14.211	0.436453
14.212	0.467861
14.213	0.429329
14.214	0.36965
14.215	0.317863
14.216	0.240645
14.217	0.095821
14.218	-0.103261
14.219	-0.285293
14.22	-0.376729
14.221	-0.367049
14.222	-0.320417
14.223	-0.310056
14.224	-0.339276
14.225	-0.34139
14.226	-0.262253
14.227	-0.12722
14.228	-0.017944
14.229	0.015237
14.23	0.003192
14.231	-0.005946
14.232	-0.025155
14.233	-0.089585
14.234	-0.178322
14.235	-0.222566
14.236	-0.17287
14.237	-0.036998
14.238	0.134463
14.239	0.278111
14.24	0.347894
14.241	0.346861
14.242	0.325195
14.243	0.32978
14.244	0.361894
14.245	0.385712
14.246	0.355299
14.247	0.230942
14.248	0.004545
14.249	-0.27083
14.25	-0.505471
14.251	-0.6554
14.252	-0.741771
14.253	-0.770451
14.254	-0.704793
14.255	-0.533806
14.256	-0.305309
14.257	-0.080562
14.258	0.117624
14.259	0.304834
14.26	0.492011
14.261	0.651919
14.262	0.734549
14.263	0.713083
14.264	0.606285
14.265	0.457599
14.266	0.295569
14.267	0.117387
14.268	-0.07835
14.269	-0.240354
14.27	-0.281062
14.271	-0.187794
14.272	-0.068079
14.273	-0.02391
14.274	-0.04492
14.275	-0.06216
14.276	-0.038683
14.277	0.016953
14.278	0.082065
14.279	0.138313
14.28	0.175447
14.281	0.196582
14.282	0.213706
14.283	0.229631
14.284	0.235456
14.285	0.223818
14.286	0.185522
14.287	0.101962
14.288	-0.038481
14.289	-0.212253
14.29	-0.367681
14.291	-0.481938
14.292	-0.567567
14.293	-0.603723
14.294	-0.540109
14.295	-0.379919
14.296	-0.19335
14.297	-0.044873
14.298	0.06627
14.299	0.193799
14.3	0.37701
14.301	0.582119
14.302	0.714772
14.303	0.698106
14.304	0.540654
14.305	0.325842
14.306	0.137129
14.307	0.000488
14.308	-0.104672
14.309	-0.186343
14.31	-0.21666
14.311	-0.193394
14.312	-0.166355
14.313	-0.159766
14.314	-0.140071
14.315	-0.083161
14.316	-0.011468
14.317	0.042872
14.318	0.072065
14.319	0.078334
14.32	0.054198
14.321	0.01074
14.322	0.001119
14.323	0.068736
14.324	0.18828
14.325	0.28274
14.326	0.282626
14.327	0.164278
14.328	-0.040538
14.329	-0.242347
14.33	-0.339043
14.331	-0.321553
14.332	-0.285885
14.333	-0.300697
14.334	-0.334041
14.335	-0.322919
14.336	-0.245963
14.337	-0.120381
14.338	0.028844
14.339	0.180546
14.34	0.315424
14.341	0.417937
14.342	0.47742
14.343	0.485754
14.344	0.441672
14.345	0.355759
14.346	0.241868
14.347	0.10012
14.348	-0.075289
14.349	-0.251928
14.35	-0.359993
14.351	-0.378257
14.352	-0.362664
14.353	-0.354743
14.354	-0.333196
14.355	-0.269447
14.356	-0.16845
14.357	-0.052851
14.358	0.05714
14.359	0.145349
14.36	0.199196
14.361	0.217715
14.362	0.21353
14.363	0.200633
14.364	0.184469
14.365	0.16327
14.366	0.129234
14.367	0.065461
14.368	-0.037267
14.369	-0.142465
14.37	-0.185746
14.371	-0.167637
14.372	-0.164705
14.373	-0.210969
14.374	-0.251551
14.375	-0.230143
14.376	-0.149611
14.377	-0.045313
14.378	0.060425
14.379	0.169388
14.38	0.282823
14.381	0.378187
14.382	0.41725
14.383	0.378687
14.384	0.283726
14.385	0.18451
14.386	0.116212
14.387	0.058894
14.388	-0.039786
14.389	-0.199425
14.39	-0.386312
14.391	-0.560544
14.392	-0.690416
14.393	-0.720714
14.394	-0.60899
14.395	-0.392738
14.396	-0.165532
14.397	0.002296
14.398	0.105194
14.399	0.182919
14.4	0.266499
14.401	0.339854
14.402	0.356523
14.403	0.294669
14.404	0.186828
14.405	0.091925
14.406	0.040595
14.407	0.010476
14.408	-0.036011
14.409	-0.091038
14.41	-0.11103
14.411	-0.09977
14.412	-0.112987
14.413	-0.156398
14.414	-0.16847
14.415	-0.115081
14.416	-0.030649
14.417	0.034147
14.418	0.070086
14.419	0.11027
14.42	0.183936
14.421	0.272404
14.422	0.31513
14.423	0.270536
14.424	0.165829
14.425	0.073327
14.426	0.036692
14.427	0.028036
14.428	-0.020589
14.429	-0.151317
14.43	-0.353124
14.431	-0.582846
14.432	-0.766588
14.433	-0.801484
14.434	-0.638812
14.435	-0.354146
14.436	-0.084615
14.437	0.08993
14.438	0.189923
14.439	0.276148
14.44	0.370276
14.441	0.445491
14.442	0.474263
14.443	0.458135
14.444	0.41453
14.445	0.35145
14.446	0.25487
14.447	0.104443
14.448	-0.081773
14.449	-0.213415
14.45	-0.185283
14.451	-0.018626
14.452	0.128489
14.453	0.144875
14.454	0.067479
14.455	-0.008801
14.456	-0.031596
14.457	-0.004208
14.458	0.042211
14.459	0.072215
14.46	0.067004
14.461	0.042901
14.462	0.039125
14.463	0.076902
14.464	0.141101
14.465	0.196347
14.466	0.202206
14.467	0.126265
14.468	-0.032949
14.469	-0.226661
14.47	-0.382642
14.471	-0.477854
14.472	-0.53537
14.473	-0.543384
14.474	-0.464762
14.475	-0.313722
14.476	-0.153016
14.477	-0.027766
14.478	0.071717
14.479	0.187142
14.48	0.336948
14.481	0.483581
14.482	0.559586
14.483	0.526737
14.484	0.407624
14.485	0.259879
14.486	0.12504
14.487	0.007996
14.488	-0.092337
14.489	-0.133361
14.49	-0.055897
14.491	0.102675
14.492	0.21022
14.493	0.197218
14.494	0.116674
14.495	0.046057
14.496	0.012378
14.497	0.004565
14.498	0.007344
14.499	0.015141
14.5	0.031328
14.501	0.058392
14.502	0.084387
14.503	0.090341
14.504	0.074845
14.505	0.054526
14.506	0.039331
14.507	0.015505
14.508	-0.043205
14.509	-0.137904
14.51	-0.241084
14.511	-0.343818
14.512	-0.444033
14.513	-0.490147
14.514	-0.42463
14.515	-0.270269
14.516	-0.111676
14.517	-0.006782
14.518	0.062497
14.519	0.163102
14.52	0.332399
14.521	0.516838
14.522	0.601857
14.523	0.518847
14.524	0.313352
14.525	0.101048
14.526	-0.03052
14.527	-0.075717
14.528	-0.075499
14.529	-0.038235
14.53	0.059707
14.531	0.18138
14.532	0.233109
14.533	0.191285
14.534	0.124322
14.535	0.087225
14.536	0.073391
14.537	0.054803
14.538	0.026227
14.539	0.011881
14.54	0.03504
14.541	0.081216
14.542	0.104204
14.543	0.08204
14.544	0.051503
14.545	0.060104
14.546	0.09117
14.547	0.071141
14.548	-0.038369
14.549	-0.17811
14.55	-0.252205
14.551	-0.253452
14.552	-0.260201
14.553	-0.300789
14.554	-0.319258
14.555	-0.269384
14.556	-0.162206
14.557	-0.033982
14.558	0.091936
14.559	0.209868
14.56	0.312225
14.561	0.38
14.562	0.395331
14.563	0.357938
14.564	0.28899
14.565	0.216511
14.566	0.14702
14.567	0.056624
14.568	-0.064371
14.569	-0.156845
14.57	-0.1366
14.571	-0.02075
14.572	0.070866
14.573	0.069441
14.574	0.018542
14.575	-0.012847
14.576	-0.000134
14.577	0.039275
14.578	0.073443
14.579	0.075852
14.58	0.038856
14.581	-0.017617
14.582	-0.058162
14.583	-0.058857
14.584	-0.02107
14.585	0.034218
14.586	0.072501
14.587	0.05356
14.588	-0.03677
14.589	-0.153118
14.59	-0.227598
14.591	-0.258685
14.592	-0.295225
14.593	-0.328617
14.594	-0.299036
14.595	-0.193855
14.596	-0.064764
14.597	0.036909
14.598	0.108456
14.599	0.182154
14.6	0.276194
14.601	0.363854
14.602	0.393298
14.603	0.341169
14.604	0.240783
14.605	0.149378
14.606	0.088227
14.607	0.025416
14.608	-0.076178
14.609	-0.200301
14.61	-0.290366
14.611	-0.327666
14.612	-0.336529
14.613	-0.310722
14.614	-0.222621
14.615	-0.091031
14.616	0.02457
14.617	0.083013
14.618	0.093091
14.619	0.094394
14.62	0.113859
14.621	0.141415
14.622	0.146666
14.623	0.114554
14.624	0.062305
14.625	0.021243
14.626	0.000206
14.627	-0.024454
14.628	-0.075207
14.629	-0.133072
14.63	-0.158314
14.631	-0.162884
14.632	-0.189465
14.633	-0.214554
14.634	-0.175698
14.635	-0.07576
14.636	0.018921
14.637	0.061898
14.638	0.074233
14.639	0.118542
14.64	0.23001
14.641	0.365949
14.642	0.432111
14.643	0.371777
14.644	0.222913
14.645	0.077139
14.646	-0.008627
14.647	-0.050775
14.648	-0.104985
14.649	-0.20184
14.65	-0.32117
14.651	-0.434328
14.652	-0.529673
14.653	-0.589717
14.654	-0.594825
14.655	-0.543102
14.656	-0.449592
14.657	-0.345567
14.658	-0.276186
14.659	-0.281893
14.66	-0.365089
14.661	-0.470834
14.662	-0.51966
14.663	-0.467921
14.664	-0.33012
14.665	-0.156587
14.666	-0.009141
14.667	0.060533
14.668	0.045458
14.669	0.003252
14.67	0.004326
14.671	0.042085
14.672	0.055198
14.673	0.035876
14.674	0.027464
14.675	0.040532
14.676	0.042774
14.677	0.01245
14.678	-0.029709
14.679	-0.041702
14.68	-0.008567
14.681	0.0377
14.682	0.052153
14.683	0.022855
14.684	-0.02108
14.685	-0.041927
14.686	-0.032688
14.687	-0.016119
14.688	0.004541
14.689	0.086096
14.69	0.288233
14.691	0.549407
14.692	0.71004
14.693	0.690537
14.694	0.547579
14.695	0.367971
14.696	0.193615
14.697	0.031118
14.698	-0.120406
14.699	-0.257717
14.7	-0.369588
14.701	-0.437495
14.702	-0.448788
14.703	-0.40725
14.704	-0.323979
14.705	-0.211109
14.706	-0.092006
14.707	-0.000379
14.708	0.045258
14.709	0.066809
14.71	0.097731
14.711	0.121493
14.712	0.102725
14.713	0.06754
14.714	0.066551
14.715	0.089621
14.716	0.081712
14.717	0.019113
14.718	-0.056112
14.719	-0.071887
14.72	0.001786
14.721	0.111651
14.722	0.161055
14.723	0.100956
14.724	-0.023364
14.725	-0.120043
14.726	-0.133098
14.727	-0.077813
14.728	-0.006018
14.729	0.060221
14.73	0.132318
14.731	0.193311
14.732	0.209376
14.733	0.198459
14.734	0.202404
14.735	0.215639
14.736	0.200008
14.737	0.139576
14.738	0.044808
14.739	-0.077558
14.74	-0.21859
14.741	-0.334333
14.742	-0.363599
14.743	-0.287105
14.744	-0.146964
14.745	-0.012449
14.746	0.062911
14.747	0.063094
14.748	0.0207
14.749	0.015405
14.75	0.10519
14.751	0.235207
14.752	0.287042
14.753	0.224371
14.754	0.113763
14.755	0.025404
14.756	-0.02111
14.757	-0.03718
14.758	-0.036083
14.759	-0.024859
14.76	-0.008944
14.761	0.005555
14.762	0.013038
14.763	0.011527
14.764	0.007822
14.765	0.014804
14.766	0.032509
14.767	0.033746
14.768	-0.009128
14.769	-0.080429
14.77	-0.138443
14.771	-0.175749
14.772	-0.207505
14.773	-0.214459
14.774	-0.168301
14.775	-0.088125
14.776	-0.020468
14.777	0.012113
14.778	0.024691
14.779	0.045837
14.78	0.081923
14.781	0.105543
14.782	0.085186
14.783	0.023287
14.784	-0.042056
14.785	-0.070044
14.786	-0.052671
14.787	-0.019219
14.788	0.007361
14.789	0.051502
14.79	0.141393
14.791	0.230417
14.792	0.239291
14.793	0.170649
14.794	0.096703
14.795	0.058204
14.796	0.038861
14.797	0.012858
14.798	-0.017928
14.799	-0.031597
14.8	-0.019106
14.801	-0.002167
14.802	-0.014481
14.803	-0.061816
14.804	-0.105959
14.805	-0.098101
14.806	-0.033424
14.807	0.031576
14.808	0.023675
14.809	-0.08714
14.81	-0.274956
14.811	-0.480474
14.812	-0.615023
14.813	-0.588909
14.814	-0.398797
14.815	-0.15227
14.816	0.024871
14.817	0.086047
14.818	0.080865
14.819	0.093755
14.82	0.15682
14.821	0.216647
14.822	0.19555
14.823	0.082628
14.824	-0.050215
14.825	-0.117825
14.826	-0.096051
14.827	-0.02717
14.828	0.042541
14.829	0.116253
14.83	0.212539
14.831	0.293939
14.832	0.302955
14.833	0.254735
14.834	0.208852
14.835	0.181224
14.836	0.147492
14.837	0.097279
14.838	0.036285
14.839	-0.04355
14.84	-0.146711
14.841	-0.23574
14.842	-0.251968
14.843	-0.174697
14.844	-0.039602
14.845	0.089839
14.846	0.151569
14.847	0.109551
14.848	-0.018565
14.849	-0.161043
14.85	-0.250248
14.851	-0.285454
14.852	-0.299154
14.853	-0.285505
14.854	-0.221739
14.855	-0.124896
14.856	-0.038969
14.857	0.014795
14.858	0.054565
14.859	0.108717
14.86	0.176673
14.861	0.227053
14.862	0.23415
14.863	0.202772
14.864	0.157757
14.865	0.116955
14.866	0.073602
14.867	0.013232
14.868	-0.041061
14.869	-0.013507
14.87	0.144108
14.871	0.351797
14.872	0.462938
14.873	0.426658
14.874	0.309674
14.875	0.18984
14.876	0.095391
14.877	0.020201
14.878	-0.049243
14.879	-0.120672
14.88	-0.186702
14.881	-0.225005
14.882	-0.218938
14.883	-0.173107
14.884	-0.103779
14.885	-0.030433
14.886	0.021488
14.887	0.026821
14.888	-0.018916
14.889	-0.086274
14.89	-0.14324
14.891	-0.192721
14.892	-0.235818
14.893	-0.23376
14.894	-0.162163
14.895	-0.062124
14.896	0.001659
14.897	0.011356
14.898	0.012483
14.899	0.066098
14.9	0.181577
14.901	0.295805
14.902	0.325922
14.903	0.246387
14.904	0.110267
14.905	-0.004611
14.906	-0.059015
14.907	-0.06283
14.908	-0.029291
14.909	0.066045
14.91	0.235824
14.911	0.405301
14.912	0.471144
14.913	0.420999
14.914	0.32084
14.915	0.219522
14.916	0.12087
14.917	0.019031
14.918	-0.075113
14.919	-0.138017
14.92	-0.155557
14.921	-0.143492
14.922	-0.139365
14.923	-0.162312
14.924	-0.189113
14.925	-0.179417
14.926	-0.118918
14.927	-0.03678
14.928	0.021968
14.929	0.037865
14.93	0.012374
14.931	-0.055868
14.932	-0.145188
14.933	-0.197301
14.934	-0.180406
14.935	-0.123605
14.936	-0.064611
14.937	-0.010392
14.938	0.045923
14.939	0.103308
14.94	0.152511
14.941	0.185601
14.942	0.199955
14.943	0.195474
14.944	0.173944
14.945	0.138874
14.946	0.086937
14.947	0.010331
14.948	-0.064468
14.949	-0.059778
14.95	0.069472
14.951	0.244259
14.952	0.32947
14.953	0.282447
14.954	0.169788
14.955	0.071363
14.956	0.020579
14.957	0.00728
14.958	-0.000454
14.959	-0.032853
14.96	-0.094419
14.961	-0.156016
14.962	-0.179701
14.963	-0.151672
14.964	-0.087729
14.965	-0.016483
14.966	0.030682
14.967	0.027855
14.968	-0.015967
14.969	-0.046912
14.97	-0.030043
14.971	-0.006701
14.972	-0.030499
14.973	-0.079658
14.974	-0.094548
14.975	-0.060295
14.976	-0.009023
14.977	0.031037
14.978	0.064115
14.979	0.108553
14.98	0.163393
14.981	0.20089
14.982	0.19171
14.983	0.137905
14.984	0.077539
14.985	0.048827
14.986	0.047327
14.987	0.029919
14.988	-0.02897
14.989	-0.100451
14.99	-0.142982
14.991	-0.158092
14.992	-0.162335
14.993	-0.140477
14.994	-0.077066
14.995	0.002899
14.996	0.05635
14.997	0.065674
14.998	0.05122
14.999	0.04466
15.0	0.053466
15.001	0.055277
15.002	0.027932
15.003	-0.020374
15.004	-0.055607
15.005	-0.052536
15.006	-0.024069
15.007	-0.007475
15.008	-0.015042
15.009	-0.014954
15.01	0.014166
15.011	0.035954
15.012	0.015993
15.013	-0.011734
15.014	0.001446
15.015	0.044227
15.016	0.06683
15.017	0.048527
15.018	0.022497
15.019	0.039674
15.02	0.109978
15.021	0.180441
15.022	0.183569
15.023	0.108582
15.024	0.013722
15.025	-0.034455
15.026	-0.027285
15.027	-0.016936
15.028	-0.064999
15.029	-0.195765
15.03	-0.387638
15.031	-0.581223
15.032	-0.688189
15.033	-0.642748
15.034	-0.468226
15.035	-0.256172
15.036	-0.081517
15.037	0.039178
15.038	0.125733
15.039	0.195126
15.04	0.245594
15.041	0.272141
15.042	0.281561
15.043	0.28215
15.044	0.2692
15.045	0.224743
15.046	0.129566
15.047	-0.010446
15.048	-0.134513
15.049	-0.145067
15.05	-0.011771
15.051	0.158599
15.052	0.228972
15.053	0.177426
15.054	0.08136
15.055	0.011305
15.056	-0.015012
15.057	-0.013414
15.058	-0.008136
15.059	-0.016587
15.06	-0.034066
15.061	-0.034103
15.062	0.001907
15.063	0.062988
15.064	0.120677
15.065	0.145495
15.066	0.113915
15.067	0.016053
15.068	-0.133033
15.069	-0.292832
15.07	-0.429647
15.071	-0.532959
15.072	-0.578104
15.073	-0.524014
15.074	-0.373592
15.075	-0.19043
15.076	-0.041265
15.077	0.054632
15.078	0.11432
15.079	0.14118
15.08	0.107483
15.081	0.005781
15.082	-0.110772
15.083	-0.170941
15.084	-0.143419
15.085	-0.047039
15.086	0.067256
15.087	0.151731
15.088	0.20243
15.089	0.256046
15.09	0.32513
15.091	0.365026
15.092	0.343164
15.093	0.290823
15.094	0.245854
15.095	0.195573
15.096	0.10495
15.097	-0.026009
15.098	-0.148288
15.099	-0.205217
15.1	-0.188834
15.101	-0.149644
15.102	-0.143365
15.103	-0.174242
15.104	-0.195921
15.105	-0.163646
15.106	-0.078226
15.107	0.023021
15.108	0.115381
15.109	0.213899
15.11	0.32814
15.111	0.418663
15.112	0.447242
15.113	0.42756
15.114	0.383609
15.115	0.304069
15.116	0.165815
15.117	-0.023516
15.118	-0.219706
15.119	-0.370474
15.12	-0.448935
15.121	-0.467351
15.122	-0.458891
15.123	-0.438138
15.124	-0.385626
15.125	-0.280438
15.126	-0.133552
15.127	0.020496
15.128	0.160454
15.129	0.294222
15.13	0.417262
15.131	0.483711
15.132	0.455713
15.133	0.349607
15.134	0.214372
15.135	0.08978
15.136	-0.010151
15.137	-0.089554
15.138	-0.15829
15.139	-0.222577
15.14	-0.273738
15.141	-0.28806
15.142	-0.250381
15.143	-0.171831
15.144	-0.078815
15.145	0.003266
15.146	0.052086
15.147	0.050343
15.148	0.007749
15.149	-0.032133
15.15	-0.04213
15.151	-0.041664
15.152	-0.046738
15.153	-0.039585
15.154	-0.011291
15.155	0.011884
15.156	-0.000791
15.157	-0.054746
15.158	-0.135001
15.159	-0.221864
15.16	-0.295424
15.161	-0.336372
15.162	-0.331774
15.163	-0.280226
15.164	-0.193781
15.165	-0.094712
15.166	-0.007972
15.167	0.053598
15.168	0.116519
15.169	0.234177
15.17	0.401612
15.171	0.52264
15.172	0.515417
15.173	0.403062
15.174	0.262906
15.175	0.13869
15.176	0.029543
15.177	-0.072547
15.178	-0.160198
15.179	-0.218123
15.18	-0.241947
15.181	-0.245713
15.182	-0.247373
15.183	-0.2451
15.184	-0.214284
15.185	-0.13463
15.186	-0.023529
15.187	0.065203
15.188	0.088518
15.189	0.046394
15.19	-0.041427
15.191	-0.148327
15.192	-0.218101
15.193	-0.194571
15.194	-0.093513
15.195	0.002719
15.196	0.026642
15.197	-0.016923
15.198	-0.062229
15.199	-0.047807
15.2	0.017362
15.201	0.058113
15.202	0.014526
15.203	-0.090805
15.204	-0.174885
15.205	-0.172033
15.206	-0.085502
15.207	0.034396
15.208	0.159898
15.209	0.306198
15.21	0.461209
15.211	0.551172
15.212	0.528865
15.213	0.435199
15.214	0.331653
15.215	0.229259
15.216	0.105928
15.217	-0.041144
15.218	-0.176717
15.219	-0.257954
15.22	-0.279137
15.221	-0.281098
15.222	-0.30697
15.223	-0.347702
15.224	-0.344273
15.225	-0.25073
15.226	-0.089741
15.227	0.062488
15.228	0.144912
15.229	0.152297
15.23	0.10754
15.231	0.029619
15.232	-0.051834
15.233	-0.095187
15.234	-0.085859
15.235	-0.050445
15.236	-0.025105
15.237	-0.021879
15.238	-0.027047
15.239	-0.026599
15.24	-0.024844
15.241	-0.032565
15.242	-0.043869
15.243	-0.037804
15.244	-0.00196
15.245	0.048889
15.246	0.078103
15.247	0.069478
15.248	0.077392
15.249	0.196695
15.25	0.432445
15.251	0.645926
15.252	0.696394
15.253	0.580743
15.254	0.393267
15.255	0.214119
15.256	0.066328
15.257	-0.063888
15.258	-0.198974
15.259	-0.347006
15.26	-0.482159
15.261	-0.552955
15.262	-0.522326
15.263	-0.396392
15.264	-0.21587
15.265	-0.036654
15.266	0.084721
15.267	0.116728
15.268	0.081155
15.269	0.035622
15.27	0.00508
15.271	-0.030591
15.272	-0.065633
15.273	-0.058965
15.274	-0.006473
15.275	0.039337
15.276	0.027863
15.277	-0.036054
15.278	-0.097996
15.279	-0.108458
15.28	-0.071008
15.281	-0.032983
15.282	-0.032038
15.283	-0.059532
15.284	-0.075392
15.285	-0.054485
15.286	-0.009418
15.287	0.0391
15.288	0.113336
15.289	0.269121
15.29	0.493984
15.291	0.670111
15.292	0.69988
15.293	0.600376
15.294	0.443385
15.295	0.272171
15.296	0.094497
15.297	-0.08571
15.298	-0.251584
15.299	-0.378902
15.3	-0.449659
15.301	-0.463861
15.302	-0.437406
15.303	-0.381012
15.304	-0.290457
15.305	-0.167645
15.306	-0.037723
15.307	0.065384
15.308	0.131475
15.309	0.175842
15.31	0.193656
15.311	0.162795
15.312	0.108742
15.313	0.09015
15.314	0.11219
15.315	0.114352
15.316	0.045328
15.317	-0.074484
15.318	-0.162256
15.319	-0.145073
15.32	-0.03731
15.321	0.058821
15.322	0.049048
15.323	-0.059396
15.324	-0.171849
15.325	-0.201345
15.326	-0.139479
15.327	-0.040089
15.328	0.070281
15.329	0.232919
15.33	0.454497
15.331	0.628812
15.332	0.644319
15.333	0.506937
15.334	0.308359
15.335	0.130454
15.336	0.000237
15.337	-0.106382
15.338	-0.238609
15.339	-0.422141
15.34	-0.612373
15.341	-0.712829
15.342	-0.657652
15.343	-0.467515
15.344	-0.227292
15.345	-0.024606
15.346	0.091641
15.347	0.12586
15.348	0.143099
15.349	0.223255
15.35	0.355875
15.351	0.434101
15.352	0.391365
15.353	0.271392
15.354	0.150299
15.355	0.059191
15.356	-0.011547
15.357	-0.075185
15.358	-0.130893
15.359	-0.171199
15.36	-0.193111
15.361	-0.199512
15.362	-0.192412
15.363	-0.16496
15.364	-0.104502
15.365	-0.012215
15.366	0.078766
15.367	0.121562
15.368	0.105112
15.369	0.060879
15.37	0.007147
15.371	-0.059875
15.372	-0.111426
15.373	-0.101112
15.374	-0.035647
15.375	0.026561
15.376	0.034003
15.377	-0.024348
15.378	-0.126185
15.379	-0.24035
15.38	-0.341828
15.381	-0.410279
15.382	-0.426303
15.383	-0.376079
15.384	-0.261552
15.385	-0.10915
15.386	0.03458
15.387	0.137367
15.388	0.223251
15.389	0.344031
15.39	0.481274
15.391	0.541657
15.392	0.483555
15.393	0.364784
15.394	0.25175
15.395	0.15441
15.396	0.050544
15.397	-0.066613
15.398	-0.173715
15.399	-0.242145
15.4	-0.270653
15.401	-0.286837
15.402	-0.309656
15.403	-0.317597
15.404	-0.267592
15.405	-0.147861
15.406	-0.004296
15.407	0.095062
15.408	0.120262
15.409	0.089152
15.41	0.023767
15.411	-0.053902
15.412	-0.091526
15.413	-0.048788
15.414	0.037883
15.415	0.084121
15.416	0.041728
15.417	-0.053855
15.418	-0.109574
15.419	-0.061785
15.42	0.046791
15.421	0.098409
15.422	0.026531
15.423	-0.113843
15.424	-0.209201
15.425	-0.195135
15.426	-0.094287
15.427	0.037071
15.428	0.181941
15.429	0.355968
15.43	0.52527
15.431	0.605524
15.432	0.571021
15.433	0.478569
15.434	0.374809
15.435	0.249693
15.436	0.07842
15.437	-0.127239
15.438	-0.313341
15.439	-0.424316
15.44	-0.454237
15.441	-0.451467
15.442	-0.458747
15.443	-0.458494
15.444	-0.395376
15.445	-0.250015
15.446	-0.075191
15.447	0.04155
15.448	0.052939
15.449	-0.012892
15.45	-0.107212
15.451	-0.20094
15.452	-0.250667
15.453	-0.215822
15.454	-0.119757
15.455	-0.033724
15.456	-0.009525
15.457	-0.04441
15.458	-0.097802
15.459	-0.134299
15.46	-0.148974
15.461	-0.152117
15.462	-0.143713
15.463	-0.112254
15.464	-0.054249
15.465	0.009792
15.466	0.051016
15.467	0.077607
15.468	0.165159
15.469	0.394029
15.47	0.709494
15.471	0.924719
15.472	0.916373
15.473	0.726825
15.474	0.470584
15.475	0.227436
15.476	0.01936
15.477	-0.16538
15.478	-0.341808
15.479	-0.504766
15.48	-0.62313
15.481	-0.661449
15.482	-0.607254
15.483	-0.475003
15.484	-0.297864
15.485	-0.120815
15.486	0.015635
15.487	0.100239
15.488	0.166503
15.489	0.2551
15.49	0.340329
15.491	0.356185
15.492	0.301147
15.493	0.232435
15.494	0.17468
15.495	0.101353
15.496	-0.011168
15.497	-0.141874
15.498	-0.234162
15.499	-0.246325
15.5	-0.198533
15.501	-0.159175
15.502	-0.171559
15.503	-0.205481
15.504	-0.195787
15.505	-0.120936
15.506	-0.03804
15.507	-0.031216
15.508	-0.109771
15.509	-0.20097
15.51	-0.26876
15.511	-0.341272
15.512	-0.404581
15.513	-0.392685
15.514	-0.283135
15.515	-0.122715
15.516	0.029734
15.517	0.155489
15.518	0.277838
15.519	0.418079
15.52	0.551
15.521	0.615603
15.522	0.574397
15.523	0.451578
15.524	0.305966
15.525	0.172391
15.526	0.037585
15.527	-0.134326
15.528	-0.357488
15.529	-0.607987
15.53	-0.846498
15.531	-1.010804
15.532	-1.007004
15.533	-0.795804
15.534	-0.464447
15.535	-0.156876
15.536	0.044914
15.537	0.163974
15.538	0.283541
15.539	0.457646
15.54	0.644513
15.541	0.738232
15.542	0.684331
15.543	0.540172
15.544	0.392894
15.545	0.251475
15.546	0.067491
15.547	-0.155723
15.548	-0.316435
15.549	-0.310217
15.55	-0.177115
15.551	-0.075314
15.552	-0.091088
15.553	-0.166836
15.554	-0.203858
15.555	-0.156281
15.556	-0.040214
15.557	0.097231
15.558	0.210273
15.559	0.278708
15.56	0.314171
15.561	0.338448
15.562	0.357493
15.563	0.359411
15.564	0.32588
15.565	0.239869
15.566	0.088034
15.567	-0.128218
15.568	-0.368753
15.569	-0.572777
15.57	-0.718715
15.571	-0.810014
15.572	-0.812857
15.573	-0.690693
15.574	-0.474701
15.575	-0.240075
15.576	-0.03628
15.577	0.140353
15.578	0.322531
15.579	0.52041
15.58	0.686063
15.581	0.743727
15.582	0.664522
15.583	0.494424
15.584	0.305996
15.585	0.140568
15.586	-0.002577
15.587	-0.124783
15.588	-0.180349
15.589	-0.117315
15.59	0.014778
15.591	0.087179
15.592	0.04971
15.593	-0.027867
15.594	-0.064794
15.595	-0.041326
15.596	0.017607
15.597	0.083269
15.598	0.14513
15.599	0.202615
15.6	0.245269
15.601	0.251265
15.602	0.210538
15.603	0.14352
15.604	0.086819
15.605	0.054481
15.606	0.017383
15.607	-0.063736
15.608	-0.185396
15.609	-0.311937
15.61	-0.43353
15.611	-0.545653
15.612	-0.587792
15.613	-0.499334
15.614	-0.310604
15.615	-0.112848
15.616	0.033842
15.617	0.146509
15.618	0.290563
15.619	0.493288
15.62	0.680153
15.621	0.727144
15.622	0.587669
15.623	0.342215
15.624	0.120792
15.625	-0.004756
15.626	-0.053753
15.627	-0.074587
15.628	-0.067083
15.629	-0.002235
15.63	0.085327
15.631	0.113593
15.632	0.072719
15.633	0.028888
15.634	0.024263
15.635	0.050327
15.636	0.089458
15.637	0.1253
15.638	0.125839
15.639	0.06794
15.64	-0.017328
15.641	-0.061004
15.642	-0.022096
15.643	0.078681
15.644	0.179494
15.645	0.211372
15.646	0.129444
15.647	-0.048668
15.648	-0.231015
15.649	-0.324626
15.65	-0.338123
15.651	-0.347804
15.652	-0.368471
15.653	-0.347277
15.654	-0.256986
15.655	-0.124972
15.656	0.008275
15.657	0.127735
15.658	0.240968
15.659	0.346918
15.66	0.420218
15.661	0.433468
15.662	0.388992
15.663	0.318048
15.664	0.247786
15.665	0.171498
15.666	0.059655
15.667	-0.08871
15.668	-0.209407
15.669	-0.22445
15.67	-0.149183
15.671	-0.079951
15.672	-0.06187
15.673	-0.057412
15.674	-0.030641
15.675	0.012352
15.676	0.050868
15.677	0.077524
15.678	0.097648
15.679	0.115665
15.68	0.128289
15.681	0.128776
15.682	0.116623
15.683	0.102196
15.684	0.093368
15.685	0.074336
15.686	0.015162
15.687	-0.086744
15.688	-0.183086
15.689	-0.221148
15.69	-0.219613
15.691	-0.233118
15.692	-0.24978
15.693	-0.215062
15.694	-0.126755
15.695	-0.035862
15.696	0.020984
15.697	0.059651
15.698	0.125826
15.699	0.237358
15.7	0.350767
15.701	0.395198
15.702	0.340998
15.703	0.227375
15.704	0.121252
15.705	0.05453
15.706	0.001877
15.707	-0.088055
15.708	-0.237665
15.709	-0.421364
15.71	-0.595437
15.711	-0.700808
15.712	-0.66322
15.713	-0.469136
15.714	-0.21155
15.715	-0.012088
15.716	0.077363
15.717	0.089138
15.718	0.082848
15.719	0.089093
15.72	0.110134
15.721	0.148906
15.722	0.20711
15.723	0.265101
15.724	0.282131
15.725	0.220871
15.726	0.077976
15.727	-0.094144
15.728	-0.193493
15.729	-0.150711
15.73	-0.02828
15.731	0.037414
15.732	-0.002581
15.733	-0.081784
15.734	-0.121517
15.735	-0.096936
15.736	-0.02662
15.737	0.057291
15.738	0.127403
15.739	0.172189
15.74	0.198858
15.741	0.218361
15.742	0.230297
15.743	0.227374
15.744	0.203864
15.745	0.151682
15.746	0.053258
15.747	-0.102561
15.748	-0.288702
15.749	-0.454656
15.75	-0.57655
15.751	-0.644734
15.752	-0.624954
15.753	-0.498763
15.754	-0.311605
15.755	-0.133754
15.756	0.00246
15.757	0.114962
15.758	0.238446
15.759	0.37631
15.76	0.481416
15.761	0.495846
15.762	0.410536
15.763	0.273658
15.764	0.145373
15.765	0.052636
15.766	-0.016902
15.767	-0.071974
15.768	-0.076758
15.769	0.001921
15.77	0.108562
15.771	0.141967
15.772	0.086122
15.773	0.014097
15.774	-0.016804
15.775	-0.007725
15.776	0.016449
15.777	0.044536
15.778	0.083589
15.779	0.135474
15.78	0.177429
15.781	0.175231
15.782	0.119635
15.783	0.043962
15.784	-0.002261
15.785	-0.003683
15.786	-0.00144
15.787	-0.053311
15.788	-0.176115
15.789	-0.344333
15.79	-0.522187
15.791	-0.651093
15.792	-0.647561
15.793	-0.48646
15.794	-0.249888
15.795	-0.051515
15.796	0.063285
15.797	0.144035
15.798	0.275264
15.799	0.472796
15.8	0.638301
15.801	0.644179
15.802	0.465632
15.803	0.206903
15.804	0.00415
15.805	-0.081963
15.806	-0.084384
15.807	-0.053329
15.808	0.017814
15.809	0.155782
15.81	0.306624
15.811	0.355602
15.812	0.26537
15.813	0.116437
15.814	0.011441
15.815	-0.007875
15.816	0.034412
15.817	0.082179
15.818	0.082199
15.819	0.021469
15.82	-0.054317
15.821	-0.079607
15.822	-0.029166
15.823	0.068826
15.824	0.160905
15.825	0.191207
15.826	0.120619
15.827	-0.041058
15.828	-0.226855
15.829	-0.370315
15.83	-0.465408
15.831	-0.526006
15.832	-0.521808
15.833	-0.419517
15.834	-0.24772
15.835	-0.074673
15.836	0.056417
15.837	0.154146
15.838	0.248264
15.839	0.342088
15.84	0.40369
15.841	0.402953
15.842	0.345104
15.843	0.264575
15.844	0.190994
15.845	0.120912
15.846	0.032378
15.847	-0.061762
15.848	-0.090321
15.849	0.002198
15.85	0.155689
15.851	0.244597
15.852	0.226794
15.853	0.16168
15.854	0.109036
15.855	0.078521
15.856	0.05498
15.857	0.027528
15.858	-0.0055
15.859	-0.037642
15.86	-0.056043
15.861	-0.052223
15.862	-0.029838
15.863	0.003211
15.864	0.037835
15.865	0.052993
15.866	0.021971
15.867	-0.056494
15.868	-0.143069
15.869	-0.199755
15.87	-0.237484
15.871	-0.272858
15.872	-0.270402
15.873	-0.194419
15.874	-0.077309
15.875	0.013406
15.876	0.052465
15.877	0.081409
15.878	0.160825
15.879	0.298437
15.88	0.426712
15.881	0.461172
15.882	0.383365
15.883	0.258811
15.884	0.162216
15.885	0.091716
15.886	-0.015124
15.887	-0.175524
15.888	-0.309051
15.889	-0.329468
15.89	-0.260537
15.891	-0.19614
15.892	-0.175427
15.893	-0.164146
15.894	-0.124622
15.895	-0.052793
15.896	0.029728
15.897	0.08583
15.898	0.078862
15.899	0.012914
15.9	-0.048133
15.901	-0.035536
15.902	0.054645
15.903	0.162677
15.904	0.217101
15.905	0.178141
15.906	0.053304
15.907	-0.099357
15.908	-0.188156
15.909	-0.166687
15.91	-0.098898
15.911	-0.081254
15.912	-0.1224
15.913	-0.157768
15.914	-0.14182
15.915	-0.078738
15.916	0.007751
15.917	0.099981
15.918	0.187482
15.919	0.262226
15.92	0.317117
15.921	0.342359
15.922	0.327992
15.923	0.276112
15.924	0.202643
15.925	0.11711
15.926	0.004451
15.927	-0.152538
15.928	-0.334746
15.929	-0.501135
15.93	-0.627941
15.931	-0.699054
15.932	-0.691249
15.933	-0.605145
15.934	-0.480792
15.935	-0.368247
15.936	-0.300978
15.937	-0.291096
15.938	-0.331157
15.939	-0.394145
15.94	-0.439657
15.941	-0.43676
15.942	-0.382007
15.943	-0.289691
15.944	-0.178
15.945	-0.070543
15.946	0.003215
15.947	0.027226
15.948	0.018569
15.949	0.000175
15.95	-0.031123
15.951	-0.066948
15.952	-0.06377
15.953	-0.006228
15.954	0.053524
15.955	0.052834
15.956	-0.010518
15.957	-0.073886
15.958	-0.067776
15.959	0.015865
15.96	0.107671
15.961	0.122369
15.962	0.042078
15.963	-0.070017
15.964	-0.13605
15.965	-0.126162
15.966	-0.059327
15.967	0.045028
15.968	0.199969
15.969	0.401559
15.97	0.572446
15.971	0.626513
15.972	0.564679
15.973	0.448419
15.974	0.31628
15.975	0.169049
15.976	0.009568
15.977	-0.13304
15.978	-0.219743
15.979	-0.238529
15.98	-0.222992
15.981	-0.225318
15.982	-0.26296
15.983	-0.298757
15.984	-0.280744
15.985	-0.2009
15.986	-0.10812
15.987	-0.04407
15.988	0.016263
15.989	0.105614
15.99	0.179704
15.991	0.172745
15.992	0.097598
15.993	0.021089
15.994	-0.018159
15.995	-0.025335
15.996	-0.018565
15.997	-0.009884
15.998	-0.004447
15.999	-0.003566
16.0	-0.00553
16.001	-0.005712
16.002	0.001177
16.003	0.016648
16.004	0.03624
16.005	0.04725
16.006	0.036679
16.007	0.026737
16.008	0.08352
16.009	0.235533
16.01	0.401174
16.011	0.463834
16.012	0.399075
16.013	0.273989
16.014	0.157003
16.015	0.070852
16.016	0.004718
16.017	-0.06265
16.018	-0.147752
16.019	-0.245877
16.02	-0.324761
16.021	-0.348756
16.022	-0.307854
16.023	-0.217406
16.024	-0.103992
16.025	-0.003085
16.026	0.052637
16.027	0.071692
16.028	0.107071
16.029	0.179305
16.03	0.229979
16.031	0.205273
16.032	0.135183
16.033	0.080831
16.034	0.058223
16.035	0.043584
16.036	0.018903
16.037	-0.005001
16.038	-0.006465
16.039	0.013784
16.04	0.026117
16.041	0.00323
16.042	-0.045382
16.043	-0.077166
16.044	-0.057761
16.045	-0.000632
16.046	0.038866
16.047	0.015594
16.048	-0.067329
16.049	-0.178036
16.05	-0.2831
16.051	-0.335223
16.052	-0.286178
16.053	-0.147366
16.054	0.001325
16.055	0.080297
16.056	0.073008
16.057	0.024762
16.058	-0.010202
16.059	-0.01875
16.06	-0.03032
16.061	-0.072732
16.062	-0.131925
16.063	-0.160561
16.064	-0.127115
16.065	-0.051691
16.066	0.018381
16.067	0.068664
16.068	0.129063
16.069	0.207907
16.07	0.25609
16.071	0.240239
16.072	0.197672
16.073	0.174582
16.074	0.161761
16.075	0.119471
16.076	0.036831
16.077	-0.048415
16.078	-0.08573
16.079	-0.067677
16.08	-0.043431
16.081	-0.064536
16.082	-0.125384
16.083	-0.16818
16.084	-0.14264
16.085	-0.058303
16.086	0.01903
16.087	0.016493
16.088	-0.099143
16.089	-0.30494
16.09	-0.519337
16.091	-0.621122
16.092	-0.535278
16.093	-0.316942
16.094	-0.101893
16.095	0.024134
16.096	0.073794
16.097	0.100424
16.098	0.133905
16.099	0.168039
16.1	0.185133
16.101	0.181243
16.102	0.168409
16.103	0.157833
16.104	0.140563
16.105	0.091578
16.106	0.008558
16.107	-0.048761
16.108	0.012745
16.109	0.203714
16.11	0.398894
16.111	0.463845
16.112	0.388231
16.113	0.254322
16.114	0.13444
16.115	0.049296
16.116	-0.013228
16.117	-0.07194
16.118	-0.137811
16.119	-0.201637
16.12	-0.234126
16.121	-0.213154
16.122	-0.1466
16.123	-0.062293
16.124	0.009216
16.125	0.041038
16.126	0.01769
16.127	-0.046773
16.128	-0.109314
16.129	-0.147837
16.13	-0.180677
16.131	-0.206368
16.132	-0.186866
16.133	-0.114146
16.134	-0.035364
16.135	0.002406
16.136	0.004707
16.137	0.022949
16.138	0.10093
16.139	0.222171
16.14	0.311684
16.141	0.302454
16.142	0.200077
16.143	0.071722
16.144	-0.020104
16.145	-0.059209
16.146	-0.059312
16.147	-0.01476
16.148	0.107185
16.149	0.291234
16.15	0.439167
16.151	0.468156
16.152	0.395282
16.153	0.288593
16.154	0.186326
16.155	0.088396
16.156	-0.008616
16.157	-0.092125
16.158	-0.142687
16.159	-0.155114
16.16	-0.149835
16.161	-0.156513
16.162	-0.180618
16.163	-0.193725
16.164	-0.162177
16.165	-0.086115
16.166	-0.006199
16.167	0.039106
16.168	0.044278
16.169	0.009196
16.17	-0.066832
16.171	-0.14043
16.172	-0.142866
16.173	-0.065761
16.174	0.025742
16.175	0.071748
16.176	0.074787
16.177	0.076161
16.178	0.09849
16.179	0.129078
16.18	0.149747
16.181	0.158378
16.182	0.160788
16.183	0.156939
16.184	0.138023
16.185	0.089448
16.186	0.008909
16.187	-0.055714
16.188	-0.020898
16.189	0.125419
16.19	0.273821
16.191	0.310548
16.192	0.235082
16.193	0.126477
16.194	0.049914
16.195	0.01838
16.196	0.006422
16.197	-0.02453
16.198	-0.100656
16.199	-0.206936
16.2	-0.287136
16.201	-0.292099
16.202	-0.220692
16.203	-0.10877
16.204	-0.00094
16.205	0.059882
16.206	0.050414
16.207	0.001694
16.208	-0.018854
16.209	0.003037
16.21	0.007601
16.211	-0.035969
16.212	-0.081165
16.213	-0.080218
16.214	-0.039933
16.215	0.004724
16.216	0.036199
16.217	0.066963
16.218	0.112896
16.219	0.162602
16.22	0.182388
16.221	0.152715
16.222	0.092917
16.223	0.045857
16.224	0.036227
16.225	0.042275
16.226	0.019069
16.227	-0.042768
16.228	-0.102491
16.229	-0.13022
16.23	-0.140518
16.231	-0.140164
16.232	-0.104901
16.233	-0.030588
16.234	0.0435
16.235	0.07401
16.236	0.054416
16.237	0.012284
16.238	-0.023839
16.239	-0.047796
16.24	-0.071283
16.241	-0.101093
16.242	-0.122886
16.243	-0.111371
16.244	-0.061977
16.245	-0.007871
16.246	0.012226
16.247	0.005916
16.248	0.017501
16.249	0.05123
16.25	0.059191
16.251	0.030386
16.252	0.015126
16.253	0.04344
16.254	0.08289
16.255	0.085724
16.256	0.048669
16.257	0.018662
16.258	0.042303
16.259	0.109324
16.26	0.154765
16.261	0.126648
16.262	0.041329
16.263	-0.035351
16.264	-0.055299
16.265	-0.032909
16.266	-0.02588
16.267	-0.074518
16.268	-0.164176
16.269	-0.254266
16.27	-0.320033
16.271	-0.344907
16.272	-0.312045
16.273	-0.22772
16.274	-0.12562
16.275	-0.036393
16.276	0.034884
16.277	0.097183
16.278	0.150894
16.279	0.187535
16.28	0.206251
16.281	0.216093
16.282	0.222954
16.283	0.219565
16.284	0.182516
16.285	0.088631
16.286	-0.046172
16.287	-0.139727
16.288	-0.09414
16.289	0.077609
16.29	0.23325
16.291	0.261647
16.292	0.185007
16.293	0.087899
16.294	0.023504
16.295	-0.004058
16.296	-0.013543
16.297	-0.0245
16.298	-0.04658
16.299	-0.069796
16.3	-0.069074
16.301	-0.031816
16.302	0.026761
16.303	0.07881
16.304	0.0989
16.305	0.065425
16.306	-0.034311
16.307	-0.183975
16.308	-0.339291
16.309	-0.472404
16.31	-0.572048
16.311	-0.595527
16.312	-0.500741
16.313	-0.320308
16.314	-0.142332
16.315	-0.02606
16.316	0.041585
16.317	0.11816
16.318	0.241853
16.319	0.38499
16.32	0.470381
16.321	0.443549
16.322	0.323949
16.323	0.17769
16.324	0.055732
16.325	-0.031361
16.326	-0.086827
16.327	-0.080436
16.328	0.034486
16.329	0.223058
16.33	0.360037
16.331	0.365708
16.332	0.277707
16.333	0.174458
16.334	0.094378
16.335	0.035201
16.336	-0.011057
16.337	-0.040268
16.338	-0.043313
16.339	-0.02286
16.34	-0.00145
16.341	-0.004834
16.342	-0.033765
16.343	-0.061743
16.344	-0.064096
16.345	-0.047885
16.346	-0.045524
16.347	-0.069658
16.348	-0.10315
16.349	-0.147705
16.35	-0.216759
16.351	-0.270724
16.352	-0.245162
16.353	-0.141424
16.354	-0.025986
16.355	0.045882
16.356	0.072562
16.357	0.07857
16.358	0.057986
16.359	-0.030182
16.36	-0.194548
16.361	-0.370455
16.362	-0.465795
16.363	-0.429177
16.364	-0.275938
16.365	-0.068943
16.366	0.125892
16.367	0.284915
16.368	0.418745
16.369	0.507725
16.37	0.509914
16.371	0.445246
16.372	0.379411
16.373	0.327789
16.374	0.249275
16.375	0.121354
16.376	-0.029812
16.377	-0.168456
16.378	-0.27703
16.379	-0.342386
16.38	-0.349443
16.381	-0.29594
16.382	-0.197649
16.383	-0.081906
16.384	0.019312
16.385	0.075943
16.386	0.072179
16.387	0.029866
16.388	-0.003488
16.389	-0.01615
16.39	-0.03267
16.391	-0.047632
16.392	-0.031804
16.393	0.007173
16.394	0.026002
16.395	-0.004338
16.396	-0.0724
16.397	-0.142774
16.398	-0.188493
16.399	-0.207185
16.4	-0.212467
16.401	-0.213331
16.402	-0.201931
16.403	-0.162983
16.404	-0.094589
16.405	-0.017026
16.406	0.053828
16.407	0.150804
16.408	0.323371
16.409	0.528262
16.41	0.637474
16.411	0.591193
16.412	0.449548
16.413	0.292675
16.414	0.150746
16.415	0.020187
16.416	-0.101125
16.417	-0.201084
16.418	-0.265239
16.419	-0.295466
16.42	-0.31042
16.421	-0.321443
16.422	-0.313047
16.423	-0.255692
16.424	-0.140655
16.425	-0.004699
16.426	0.08741
16.427	0.095547
16.428	0.025919
16.429	-0.097873
16.43	-0.232041
16.431	-0.292778
16.432	-0.226059
16.433	-0.084959
16.434	0.019666
16.435	0.026986
16.436	-0.025362
16.437	-0.041493
16.438	0.034768
16.439	0.150838
16.44	0.189885
16.441	0.092773
16.442	-0.078738
16.443	-0.201294
16.444	-0.199315
16.445	-0.09454
16.446	0.047335
16.447	0.203699
16.448	0.390211
16.449	0.567317
16.45	0.643318
16.451	0.595885
16.452	0.490714
16.453	0.380423
16.454	0.260657
16.455	0.108415
16.456	-0.07722
16.457	-0.271636
16.458	-0.444448
16.459	-0.565617
16.46	-0.599415
16.461	-0.521335
16.462	-0.349085
16.463	-0.14139
16.464	0.031302
16.465	0.11437
16.466	0.10065
16.467	0.052884
16.468	0.053276
16.469	0.100497
16.47	0.118846
16.471	0.0822
16.472	0.038315
16.473	0.021418
16.474	0.016156
16.475	-0.00344
16.476	-0.036224
16.477	-0.060564
16.478	-0.065604
16.479	-0.064109
16.48	-0.074144
16.481	-0.092861
16.482	-0.09419
16.483	-0.056046
16.484	0.008309
16.485	0.055783
16.486	0.068821
16.487	0.10359
16.488	0.237502
16.489	0.441402
16.49	0.581059
16.491	0.576177
16.492	0.466802
16.493	0.327322
16.494	0.193232
16.495	0.062301
16.496	-0.076603
16.497	-0.225917
16.498	-0.373648
16.499	-0.490819
16.5	-0.541125
16.501	-0.504459
16.502	-0.3902
16.503	-0.229894
16.504	-0.068755
16.505	0.045639
16.506	0.092121
16.507	0.103008
16.508	0.131917
16.509	0.17213
16.51	0.171351
16.511	0.134682
16.512	0.115035
16.513	0.118438
16.514	0.097511
16.515	0.021193
16.516	-0.082824
16.517	-0.15047
16.518	-0.142254
16.519	-0.085279
16.52	-0.048546
16.521	-0.071818
16.522	-0.1251
16.523	-0.144295
16.524	-0.100918
16.525	-0.025651
16.526	0.031767
16.527	0.058333
16.528	0.079136
16.529	0.098989
16.53	0.101505
16.531	0.105999
16.532	0.141166
16.533	0.1797
16.534	0.159651
16.535	0.05432
16.536	-0.097427
16.537	-0.221328
16.538	-0.26874
16.539	-0.255417
16.54	-0.239881
16.541	-0.260419
16.542	-0.295588
16.543	-0.290053
16.544	-0.213006
16.545	-0.085518
16.546	0.04894
16.547	0.180297
16.548	0.325545
16.549	0.450531
16.55	0.475049
16.551	0.380758
16.552	0.234697
16.553	0.106201
16.554	0.016375
16.555	-0.046333
16.556	-0.099466
16.557	-0.154676
16.558	-0.209422
16.559	-0.243563
16.56	-0.235928
16.561	-0.183489
16.562	-0.100118
16.563	-0.008035
16.564	0.066417
16.565	0.096059
16.566	0.066746
16.567	0.003494
16.568	-0.045541
16.569	-0.07054
16.57	-0.093625
16.571	-0.105315
16.572	-0.078957
16.573	-0.028627
16.574	0.000493
16.575	-0.017002
16.576	-0.065418
16.577	-0.109224
16.578	-0.127529
16.579	-0.127074
16.58	-0.127162
16.581	-0.135654
16.582	-0.138566
16.583	-0.113275
16.584	-0.054504
16.585	0.015286
16.586	0.078754
16.587	0.166916
16.588	0.317352
16.589	0.476244
16.59	0.531619
16.591	0.457514
16.592	0.328604
16.593	0.209289
16.594	0.106063
16.595	0.003458
16.596	-0.098009
16.597	-0.17709
16.598	-0.215777
16.599	-0.223726
16.6	-0.230474
16.601	-0.249333
16.602	-0.256703
16.603	-0.212529
16.604	-0.104328
16.605	0.025559
16.606	0.106323
16.607	0.099019
16.608	0.016252
16.609	-0.109938
16.61	-0.22963
16.611	-0.265375
16.612	-0.182474
16.613	-0.048541
16.614	0.029471
16.615	0.009426
16.616	-0.050807
16.617	-0.050084
16.618	0.050555
16.619	0.17381
16.62	0.196822
16.621	0.08031
16.622	-0.088444
16.623	-0.180635
16.624	-0.14863
16.625	-0.058932
16.626	0.016871
16.627	0.117684
16.628	0.322288
16.629	0.57632
16.63	0.71004
16.631	0.637948
16.632	0.433734
16.633	0.221078
16.634	0.068879
16.635	-0.026152
16.636	-0.108167
16.637	-0.22264
16.638	-0.376073
16.639	-0.515074
16.64	-0.562127
16.641	-0.481857
16.642	-0.305804
16.643	-0.101587
16.644	0.063435
16.645	0.142407
16.646	0.134414
16.647	0.098576
16.648	0.100385
16.649	0.128674
16.65	0.123703
16.651	0.080719
16.652	0.046137
16.653	0.036152
16.654	0.022684
16.655	-0.016963
16.656	-0.067888
16.657	-0.097294
16.658	-0.093943
16.659	-0.078739
16.66	-0.078027
16.661	-0.092174
16.662	-0.09327
16.663	-0.055536
16.664	0.010598
16.665	0.067064
16.666	0.104554
16.667	0.17818
16.668	0.342472
16.669	0.542074
16.67	0.646283
16.671	0.602269
16.672	0.46794
16.673	0.31385
16.674	0.163328
16.675	0.009056
16.676	-0.154819
16.677	-0.320788
16.678	-0.468748
16.679	-0.568462
16.68	-0.591208
16.681	-0.529083
16.682	-0.398664
16.683	-0.229264
16.684	-0.0596
16.685	0.068005
16.686	0.134224
16.687	0.165115
16.688	0.19863
16.689	0.222558
16.69	0.203816
16.691	0.165295
16.692	0.15111
16.693	0.146997
16.694	0.098916
16.695	-0.012146
16.696	-0.140319
16.697	-0.213116
16.698	-0.198639
16.699	-0.13831
16.7	-0.106387
16.701	-0.133839
16.702	-0.178815
16.703	-0.175286
16.704	-0.101027
16.705	0.009115
16.706	0.108141
16.707	0.186608
16.708	0.260847
16.709	0.318552
16.71	0.333896
16.711	0.323009
16.712	0.313949
16.713	0.287665
16.714	0.197394
16.715	0.027532
16.716	-0.184658
16.717	-0.376375
16.718	-0.501264
16.719	-0.551895
16.72	-0.552095
16.721	-0.524826
16.722	-0.464788
16.723	-0.351731
16.724	-0.189278
16.725	-0.019769
16.726	0.11449
16.727	0.228685
16.728	0.364112
16.729	0.487843
16.73	0.512384
16.731	0.419272
16.732	0.274981
16.733	0.141821
16.734	0.03454
16.735	-0.057104
16.736	-0.142889
16.737	-0.225306
16.738	-0.29562
16.739	-0.333161
16.74	-0.320465
16.741	-0.257599
16.742	-0.158545
16.743	-0.04338
16.744	0.063213
16.745	0.132264
16.746	0.145513
16.747	0.118536
16.748	0.083544
16.749	0.04809
16.75	0.010209
16.751	-0.00644
16.752	0.015802
16.753	0.047786
16.754	0.040428
16.755	-0.026328
16.756	-0.133058
16.757	-0.244935
16.758	-0.335745
16.759	-0.392337
16.76	-0.40959
16.761	-0.386328
16.762	-0.321108
16.763	-0.2131
16.764	-0.074727
16.765	0.063951
16.766	0.188082
16.767	0.325366
16.768	0.491953
16.769	0.623522
16.77	0.634752
16.771	0.530858
16.772	0.385754
16.773	0.244023
16.774	0.101287
16.775	-0.051341
16.776	-0.19758
16.777	-0.30464
16.778	-0.355555
16.779	-0.369369
16.78	-0.378941
16.781	-0.386593
16.782	-0.353945
16.783	-0.245727
16.784	-0.091381
16.785	0.012587
16.786	0.00515
16.787	-0.052323
16.788	-0.061503
16.789	-0.028662
16.79	-0.029563
16.791	-0.075597
16.792	-0.108756
16.793	-0.091115
16.794	-0.033686
16.795	0.039868
16.796	0.122719
16.797	0.221859
16.798	0.335594
16.799	0.43336
16.8	0.465622
16.801	0.407561
16.802	0.285702
16.803	0.151557
16.804	0.036828
16.805	-0.065267
16.806	-0.177471
16.807	-0.302238
16.808	-0.427858
16.809	-0.550504
16.81	-0.642394
16.811	-0.635036
16.812	-0.494626
16.813	-0.278567
16.814	-0.080009
16.815	0.05774
16.816	0.162747
16.817	0.284928
16.818	0.431192
16.819	0.559609
16.82	0.628133
16.821	0.622772
16.822	0.547929
16.823	0.414385
16.824	0.231308
16.825	0.008803
16.826	-0.20872
16.827	-0.329495
16.828	-0.297506
16.829	-0.183187
16.83	-0.116371
16.831	-0.138126
16.832	-0.18363
16.833	-0.178829
16.834	-0.100751
16.835	0.026367
16.836	0.155629
16.837	0.244092
16.838	0.276938
16.839	0.274007
16.84	0.26686
16.841	0.268075
16.842	0.264721
16.843	0.234722
16.844	0.158222
16.845	0.024661
16.846	-0.141127
16.847	-0.271803
16.848	-0.323919
16.849	-0.337363
16.85	-0.369863
16.851	-0.403001
16.852	-0.375703
16.853	-0.270801
16.854	-0.123784
16.855	0.026285
16.856	0.169284
16.857	0.310793
16.858	0.439878
16.859	0.520833
16.86	0.51971
16.861	0.439001
16.862	0.32191
16.863	0.215134
16.864	0.12314
16.865	0.007195
16.866	-0.161747
16.867	-0.362126
16.868	-0.547901
16.869	-0.688495
16.87	-0.751747
16.871	-0.694407
16.872	-0.516437
16.873	-0.285407
16.874	-0.081764
16.875	0.06385
16.876	0.181617
16.877	0.315211
16.878	0.459449
16.879	0.551267
16.88	0.531336
16.881	0.407809
16.882	0.249927
16.883	0.123925
16.884	0.040096
16.885	-0.035778
16.886	-0.122261
16.887	-0.192666
16.888	-0.224558
16.889	-0.246443
16.89	-0.282128
16.891	-0.291254
16.892	-0.227221
16.893	-0.110544
16.894	-0.003668
16.895	0.060613
16.896	0.107004
16.897	0.180928
16.898	0.288538
16.899	0.375723
16.9	0.376916
16.901	0.285141
16.902	0.162138
16.903	0.075722
16.904	0.033537
16.905	-0.015993
16.906	-0.126162
16.907	-0.303174
16.908	-0.506023
16.909	-0.67699
16.91	-0.760867
16.911	-0.720135
16.912	-0.562759
16.913	-0.345233
16.914	-0.132501
16.915	0.043503
16.916	0.185487
16.917	0.301094
16.918	0.383894
16.919	0.425827
16.92	0.433682
16.921	0.420204
16.922	0.386791
16.923	0.318954
16.924	0.195922
16.925	0.0196
16.926	-0.150601
16.927	-0.213407
16.928	-0.128852
16.929	0.008487
16.93	0.069489
16.931	0.033332
16.932	-0.027399
16.933	-0.0515
16.934	-0.031228
16.935	0.011898
16.936	0.053002
16.937	0.075186
16.938	0.081022
16.939	0.092216
16.94	0.124263
16.941	0.168743
16.942	0.204386
16.943	0.207819
16.944	0.155507
16.945	0.033476
16.946	-0.145316
16.947	-0.337664
16.948	-0.504216
16.949	-0.628998
16.95	-0.682154
16.951	-0.618647
16.952	-0.444653
16.953	-0.236063
16.954	-0.070971
16.955	0.036718
16.956	0.135344
16.957	0.274413
16.958	0.442986
16.959	0.568916
16.96	0.581521
16.961	0.474635
16.962	0.307923
16.963	0.150864
16.964	0.03345
16.965	-0.050372
16.966	-0.094995
16.967	-0.061196
16.968	0.0554
16.969	0.170472
16.97	0.198206
16.971	0.149799
16.972	0.091289
16.973	0.055642
16.974	0.033536
16.975	0.013469
16.976	0.003245
16.977	0.020681
16.978	0.069738
16.979	0.123195
16.98	0.139116
16.981	0.104407
16.982	0.049388
16.983	0.010313
16.984	-0.018136
16.985	-0.081638
16.986	-0.195359
16.987	-0.301502
16.988	-0.349461
16.989	-0.368418
16.99	-0.4003
16.991	-0.422385
16.992	-0.385608
16.993	-0.280656
16.994	-0.13687
16.995	0.013618
16.996	0.151774
16.997	0.265898
16.998	0.347428
16.999	0.393884
17.0	0.407264
17.001	0.388413
17.002	0.337069
17.003	0.254513
17.004	0.139913
17.005	0.000545
17.006	-0.107903
17.007	-0.08897
17.008	0.078019
17.009	0.265916
17.01	0.323615
17.011	0.233087
17.012	0.091654
17.013	-0.005119
17.014	-0.025504
17.015	0.006235
17.016	0.040882
17.017	0.038035
17.018	-0.003541
17.019	-0.04443
17.02	-0.04403
17.021	0.00161
17.022	0.063481
17.023	0.105852
17.024	0.098688
17.025	0.027247
17.026	-0.079705
17.027	-0.154913
17.028	-0.170394
17.029	-0.175494
17.03	-0.210783
17.031	-0.241504
17.032	-0.216812
17.033	-0.137898
17.034	-0.043108
17.035	0.042519
17.036	0.126617
17.037	0.22249
17.038	0.315798
17.039	0.367196
17.04	0.34743
17.041	0.268802
17.042	0.179487
17.043	0.11923
17.044	0.077472
17.045	0.006496
17.046	-0.117786
17.047	-0.26715
17.048	-0.403016
17.049	-0.505987
17.05	-0.544145
17.051	-0.476116
17.052	-0.311781
17.053	-0.12237
17.054	0.018546
17.055	0.086688
17.056	0.107652
17.057	0.117588
17.058	0.127052
17.059	0.121202
17.06	0.08864
17.061	0.042738
17.062	0.012428
17.063	0.011258
17.064	0.016518
17.065	-0.007928
17.066	-0.062064
17.067	-0.105818
17.068	-0.123168
17.069	-0.146595
17.07	-0.18352
17.071	-0.183903
17.072	-0.116502
17.073	-0.019735
17.074	0.045328
17.075	0.063647
17.076	0.076521
17.077	0.131161
17.078	0.222287
17.079	0.286557
17.08	0.265212
17.081	0.16837
17.082	0.065439
17.083	0.011389
17.084	-0.010263
17.085	-0.067271
17.086	-0.20312
17.087	-0.388061
17.088	-0.556701
17.089	-0.666768
17.09	-0.692722
17.091	-0.613924
17.092	-0.444367
17.093	-0.2391
17.094	-0.055429
17.095	0.080688
17.096	0.169317
17.097	0.214052
17.098	0.221107
17.099	0.213419
17.1	0.220694
17.101	0.249215
17.102	0.272821
17.103	0.249845
17.104	0.14989
17.105	-0.012974
17.106	-0.157059
17.107	-0.17496
17.108	-0.054369
17.109	0.082587
17.11	0.12075
17.111	0.069704
17.112	0.009084
17.113	-0.010257
17.114	0.011224
17.115	0.049259
17.116	0.07804
17.117	0.08248
17.118	0.071132
17.119	0.071489
17.12	0.10047
17.121	0.148081
17.122	0.188734
17.123	0.191651
17.124	0.129027
17.125	-0.007461
17.126	-0.19018
17.127	-0.366141
17.128	-0.504797
17.129	-0.603087
17.13	-0.632205
17.131	-0.550319
17.132	-0.374069
17.133	-0.179415
17.134	-0.030059
17.135	0.073736
17.136	0.180145
17.137	0.325059
17.138	0.482473
17.139	0.578188
17.14	0.556575
17.141	0.430285
17.142	0.262867
17.143	0.111031
17.144	-0.009257
17.145	-0.103168
17.146	-0.146445
17.147	-0.088683
17.148	0.054049
17.149	0.172934
17.15	0.188751
17.151	0.131677
17.152	0.072776
17.153	0.043181
17.154	0.034177
17.155	0.032032
17.156	0.035822
17.157	0.054144
17.158	0.088274
17.159	0.117423
17.16	0.113941
17.161	0.076344
17.162	0.031077
17.163	0.001709
17.164	-0.017196
17.165	-0.057556
17.166	-0.142578
17.167	-0.266449
17.168	-0.415989
17.169	-0.563081
17.17	-0.632987
17.171	-0.555756
17.172	-0.355233
17.173	-0.136064
17.174	0.014971
17.175	0.098015
17.176	0.185673
17.177	0.341117
17.178	0.533428
17.179	0.643839
17.18	0.578202
17.181	0.363756
17.182	0.122027
17.183	-0.038275
17.184	-0.095873
17.185	-0.097324
17.186	-0.075194
17.187	-0.019601
17.188	0.056075
17.189	0.09434
17.19	0.076287
17.191	0.048015
17.192	0.044636
17.193	0.058207
17.194	0.079188
17.195	0.108221
17.196	0.126719
17.197	0.104009
17.198	0.043921
17.199	-0.005201
17.2	0.001901
17.201	0.063483
17.202	0.13658
17.203	0.168773
17.204	0.120413
17.205	-0.011524
17.206	-0.164967
17.207	-0.246003
17.208	-0.234103
17.209	-0.205925
17.21	-0.226508
17.211	-0.285809
17.212	-0.340051
17.213	-0.355563
17.214	-0.325469
17.215	-0.265974
17.216	-0.194067
17.217	-0.118558
17.218	-0.054146
17.219	-0.025447
17.22	-0.04197
17.221	-0.078884
17.222	-0.098485
17.223	-0.08459
17.224	-0.050633
17.225	-0.013254
17.226	0.050746
17.227	0.186984
17.228	0.368339
17.229	0.485197
17.23	0.47297
17.231	0.374592
17.232	0.261839
17.233	0.161617
17.234	0.064332
17.235	-0.036553
17.236	-0.127546
17.237	-0.188694
17.238	-0.215996
17.239	-0.227047
17.24	-0.239932
17.241	-0.247021
17.242	-0.218529
17.243	-0.137567
17.244	-0.031436
17.245	0.04232
17.246	0.050534
17.247	0.004386
17.248	-0.07961
17.249	-0.180557
17.25	-0.235603
17.251	-0.187334
17.252	-0.066078
17.253	0.035229
17.254	0.055835
17.255	0.020226
17.256	0.013274
17.257	0.093916
17.258	0.218793
17.259	0.271431
17.26	0.182842
17.261	0.00471
17.262	-0.142431
17.263	-0.175668
17.264	-0.10441
17.265	0.009502
17.266	0.134671
17.267	0.281654
17.268	0.424211
17.269	0.488204
17.27	0.454074
17.271	0.38254
17.272	0.321844
17.273	0.259026
17.274	0.159835
17.275	0.01726
17.276	-0.146376
17.277	-0.306573
17.278	-0.4371
17.279	-0.494254
17.28	-0.441667
17.281	-0.290814
17.282	-0.097788
17.283	0.066486
17.284	0.140363
17.285	0.103686
17.286	0.006702
17.287	-0.069747
17.288	-0.108297
17.289	-0.150972
17.29	-0.195834
17.291	-0.19115
17.292	-0.122431
17.293	-0.033064
17.294	0.027891
17.295	0.049539
17.296	0.054984
17.297	0.06434
17.298	0.070903
17.299	0.056768
17.3	0.024498
17.301	0.001119
17.302	0.010151
17.303	0.042255
17.304	0.058784
17.305	0.042656
17.306	0.050298
17.307	0.167328
17.308	0.37492
17.309	0.533703
17.31	0.546119
17.311	0.445923
17.312	0.315806
17.313	0.198805
17.314	0.093917
17.315	-0.010312
17.316	-0.117744
17.317	-0.222744
17.318	-0.309237
17.319	-0.356342
17.32	-0.349899
17.321	-0.287278
17.322	-0.179389
17.323	-0.059742
17.324	0.021593
17.325	0.037037
17.326	0.018297
17.327	0.024267
17.328	0.053991
17.329	0.055211
17.33	0.029006
17.331	0.02903
17.332	0.066891
17.333	0.094885
17.334	0.070706
17.335	0.008263
17.336	-0.034707
17.337	-0.016876
17.338	0.040033
17.339	0.072637
17.34	0.043083
17.341	-0.023319
17.342	-0.067704
17.343	-0.060047
17.344	-0.024804
17.345	-0.005843
17.346	-0.009891
17.347	-0.002699
17.348	0.023486
17.349	0.039926
17.35	0.053636
17.351	0.098161
17.352	0.158056
17.353	0.173709
17.354	0.11081
17.355	-0.001688
17.356	-0.095794
17.357	-0.122799
17.358	-0.096233
17.359	-0.07724
17.36	-0.10964
17.361	-0.172098
17.362	-0.204121
17.363	-0.172355
17.364	-0.096567
17.365	-0.015138
17.366	0.066781
17.367	0.171485
17.368	0.274503
17.369	0.30177
17.37	0.230652
17.371	0.120247
17.372	0.035686
17.373	-0.004676
17.374	-0.017512
17.375	-0.025865
17.376	-0.045383
17.377	-0.077506
17.378	-0.103636
17.379	-0.098114
17.38	-0.053997
17.381	0.011589
17.382	0.072112
17.383	0.102312
17.384	0.079566
17.385	-0.005936
17.386	-0.123439
17.387	-0.21539
17.388	-0.26595
17.389	-0.297845
17.39	-0.299921
17.391	-0.241248
17.392	-0.138816
17.393	-0.047778
17.394	-0.001501
17.395	0.013755
17.396	0.035304
17.397	0.083504
17.398	0.139527
17.399	0.162245
17.4	0.131658
17.401	0.070209
17.402	0.016812
17.403	-0.010062
17.404	-0.021236
17.405	-0.027753
17.406	0.00111
17.407	0.107925
17.408	0.250565
17.409	0.319435
17.41	0.276969
17.411	0.187606
17.412	0.115391
17.413	0.067279
17.414	0.022274
17.415	-0.026907
17.416	-0.064881
17.417	-0.075681
17.418	-0.066127
17.419	-0.063392
17.42	-0.086133
17.421	-0.11913
17.422	-0.123346
17.423	-0.078246
17.424	-0.014502
17.425	0.007985
17.426	-0.040096
17.427	-0.142196
17.428	-0.275418
17.429	-0.402868
17.43	-0.443887
17.431	-0.346056
17.432	-0.165601
17.433	-0.014422
17.434	0.048054
17.435	0.059107
17.436	0.109321
17.437	0.242765
17.438	0.391184
17.439	0.432289
17.44	0.3218
17.441	0.143912
17.442	0.022798
17.443	-0.003966
17.444	-0.004526
17.445	-0.034218
17.446	-0.032414
17.447	0.100558
17.448	0.326403
17.449	0.472156
17.45	0.435534
17.451	0.280294
17.452	0.128414
17.453	0.046192
17.454	0.025416
17.455	0.017355
17.456	-0.029038
17.457	-0.130097
17.458	-0.242904
17.459	-0.294267
17.46	-0.246141
17.461	-0.122272
17.462	0.02006
17.463	0.120616
17.464	0.132162
17.465	0.048832
17.466	-0.071496
17.467	-0.155086
17.468	-0.197904
17.469	-0.241983
17.47	-0.275869
17.471	-0.24865
17.472	-0.156696
17.473	-0.050078
17.474	0.025988
17.475	0.07045
17.476	0.11126
17.477	0.161696
17.478	0.20167
17.479	0.203244
17.48	0.165842
17.481	0.118344
17.482	0.088739
17.483	0.073492
17.484	0.043276
17.485	-0.006094
17.486	-0.012128
17.487	0.097136
17.488	0.280474
17.489	0.400466
17.49	0.388643
17.491	0.298453
17.492	0.204257
17.493	0.129596
17.494	0.061163
17.495	-0.016527
17.496	-0.107965
17.497	-0.203742
17.498	-0.278753
17.499	-0.305338
17.5	-0.273747
17.501	-0.194497
17.502	-0.090126
17.503	0.002927
17.504	0.041899
17.505	0.009476
17.506	-0.062215
17.507	-0.124316
17.508	-0.174116
17.509	-0.228377
17.51	-0.249162
17.511	-0.18707
17.512	-0.068466
17.513	0.026917
17.514	0.052046
17.515	0.03412
17.516	0.040672
17.517	0.106671
17.518	0.194719
17.519	0.23326
17.52	0.189353
17.521	0.097187
17.522	0.019265
17.523	-0.014218
17.524	-0.023028
17.525	-0.037874
17.526	-0.049575
17.527	-0.021888
17.528	0.034887
17.529	0.071703
17.53	0.086564
17.531	0.113241
17.532	0.144847
17.533	0.137665
17.534	0.072368
17.535	-0.017421
17.536	-0.07216
17.537	-0.059175
17.538	-0.005488
17.539	0.024214
17.54	-0.007962
17.541	-0.075198
17.542	-0.122766
17.543	-0.131396
17.544	-0.13082
17.545	-0.148027
17.546	-0.146394
17.547	-0.06658
17.548	0.057459
17.549	0.11786
17.55	0.076843
17.551	-0.003035
17.552	-0.053488
17.553	-0.057567
17.554	-0.033249
17.555	-0.003421
17.556	0.016393
17.557	0.024332
17.558	0.035775
17.559	0.066871
17.56	0.113146
17.561	0.153762
17.562	0.16839
17.563	0.142682
17.564	0.064035
17.565	-0.070316
17.566	-0.230147
17.567	-0.367746
17.568	-0.465651
17.569	-0.521036
17.57	-0.503225
17.571	-0.392673
17.572	-0.231424
17.573	-0.088325
17.574	0.003147
17.575	0.058617
17.576	0.111929
17.577	0.177109
17.578	0.234587
17.579	0.252209
17.58	0.219594
17.581	0.157264
17.582	0.093683
17.583	0.040618
17.584	-0.008724
17.585	-0.050781
17.586	-0.04457
17.587	0.041778
17.588	0.152256
17.589	0.188116
17.59	0.134514
17.591	0.061738
17.592	0.0226
17.593	0.013082
17.594	0.009422
17.595	0.005417
17.596	0.014757
17.597	0.046675
17.598	0.085973
17.599	0.101871
17.6	0.078612
17.601	0.034604
17.602	0.006823
17.603	0.01056
17.604	0.015611
17.605	-0.02496
17.606	-0.124612
17.607	-0.261278
17.608	-0.408346
17.609	-0.520884
17.61	-0.525085
17.611	-0.393244
17.612	-0.196304
17.613	-0.03685
17.614	0.045859
17.615	0.101656
17.616	0.21378
17.617	0.400457
17.618	0.569067
17.619	0.594536
17.62	0.445101
17.621	0.210963
17.622	0.018577
17.623	-0.068394
17.624	-0.073225
17.625	-0.045358
17.626	0.005727
17.627	0.087853
17.628	0.159056
17.629	0.163154
17.63	0.121265
17.631	0.101638
17.632	0.124066
17.633	0.151286
17.634	0.143023
17.635	0.077811
17.636	-0.076301
17.637	-0.354281
17.638	-0.700434
17.639	-0.94066
17.64	-0.927088
17.641	-0.676893
17.642	-0.336498
17.643	-0.053741
17.644	0.103483
17.645	0.164269
17.646	0.226592
17.647	0.364262
17.648	0.531807
17.649	0.611166
17.65	0.552972
17.651	0.409057
17.652	0.24869
17.653	0.103021
17.654	-0.02671
17.655	-0.146524
17.656	-0.258306
17.657	-0.354469
17.658	-0.415966
17.659	-0.423735
17.66	-0.375138
17.661	-0.28368
17.662	-0.167415
17.663	-0.04877
17.664	0.045511
17.665	0.112735
17.666	0.192428
17.667	0.308951
17.668	0.406496
17.669	0.409426
17.67	0.32749
17.671	0.22941
17.672	0.149162
17.673	0.071808
17.674	-0.020551
17.675	-0.118259
17.676	-0.19229
17.677	-0.225236
17.678	-0.230315
17.679	-0.234359
17.68	-0.242705
17.681	-0.229449
17.682	-0.165024
17.683	-0.054275
17.684	0.054172
17.685	0.105849
17.686	0.086395
17.687	0.01796
17.688	-0.072489
17.689	-0.145914
17.69	-0.147148
17.691	-0.064758
17.692	0.035579
17.693	0.071021
17.694	0.018951
17.695	-0.066619
17.696	-0.109212
17.697	-0.08503
17.698	-0.045631
17.699	-0.060074
17.7	-0.136137
17.701	-0.209117
17.702	-0.20755
17.703	-0.121228
17.704	0.000941
17.705	0.116229
17.706	0.230637
17.707	0.353738
17.708	0.440234
17.709	0.441059
17.71	0.381529
17.711	0.318016
17.712	0.256891
17.713	0.16227
17.714	0.016536
17.715	-0.146216
17.716	-0.264003
17.717	-0.305121
17.718	-0.300556
17.719	-0.306808
17.72	-0.337618
17.721	-0.347004
17.722	-0.281155
17.723	-0.139842
17.724	0.016979
17.725	0.119404
17.726	0.140642
17.727	0.100009
17.728	0.026071
17.729	-0.052265
17.73	-0.094853
17.731	-0.080366
17.732	-0.03613
17.733	-0.00958
17.734	-0.019289
17.735	-0.043841
17.736	-0.052229
17.737	-0.037473
17.738	-0.017964
17.739	-0.009763
17.74	-0.007184
17.741	0.00762
17.742	0.038081
17.743	0.06026
17.744	0.052548
17.745	0.045834
17.746	0.121704
17.747	0.316343
17.748	0.535031
17.749	0.633866
17.75	0.572364
17.751	0.420812
17.752	0.256792
17.753	0.10827
17.754	-0.031227
17.755	-0.172638
17.756	-0.315579
17.757	-0.440711
17.758	-0.511834
17.759	-0.499181
17.76	-0.405261
17.761	-0.261632
17.762	-0.109159
17.763	0.012895
17.764	0.075258
17.765	0.075632
17.766	0.046268
17.767	0.01768
17.768	-0.015263
17.769	-0.052282
17.77	-0.055596
17.771	-0.007964
17.772	0.043839
17.773	0.03813
17.774	-0.033236
17.775	-0.115442
17.776	-0.140821
17.777	-0.091484
17.778	-0.017497
17.779	0.011593
17.78	-0.023544
17.781	-0.077859
17.782	-0.096684
17.783	-0.065324
17.784	-0.001214
17.785	0.090612
17.786	0.237864
17.787	0.441804
17.788	0.619425
17.789	0.675368
17.79	0.605902
17.791	0.474761
17.792	0.326218
17.793	0.163623
17.794	-0.01334
17.795	-0.180458
17.796	-0.299393
17.797	-0.349617
17.798	-0.347991
17.799	-0.332359
17.8	-0.317706
17.801	-0.276307
17.802	-0.180039
17.803	-0.058017
17.804	0.020293
17.805	0.036841
17.806	0.058025
17.807	0.132141
17.808	0.205094
17.809	0.199608
17.81	0.123156
17.811	0.040684
17.812	-0.009691
17.813	-0.034273
17.814	-0.052954
17.815	-0.07832
17.816	-0.111669
17.817	-0.142919
17.818	-0.155236
17.819	-0.136371
17.82	-0.087379
17.821	-0.022642
17.822	0.037472
17.823	0.074023
17.824	0.079616
17.825	0.084863
17.826	0.15815
17.827	0.324127
17.828	0.496024
17.829	0.553671
17.83	0.471584
17.831	0.319332
17.832	0.16991
17.833	0.05065
17.834	-0.044124
17.835	-0.128726
17.836	-0.212533
17.837	-0.291067
17.838	-0.344109
17.839	-0.350492
17.84	-0.304922
17.841	-0.217801
17.842	-0.107768
17.843	-0.002798
17.844	0.068765
17.845	0.113511
17.846	0.17724
17.847	0.272424
17.848	0.33494
17.849	0.307789
17.85	0.220716
17.851	0.138134
17.852	0.080483
17.853	0.027084
17.854	-0.039234
17.855	-0.10813
17.856	-0.154927
17.857	-0.170519
17.858	-0.172787
17.859	-0.183942
17.86	-0.199163
17.861	-0.186297
17.862	-0.120075
17.863	-0.016956
17.864	0.068755
17.865	0.091688
17.866	0.051606
17.867	-0.025191
17.868	-0.112348
17.869	-0.169067
17.87	-0.148836
17.871	-0.057851
17.872	0.03389
17.873	0.057958
17.874	0.010558
17.875	-0.046429
17.876	-0.04724
17.877	0.007993
17.878	0.049869
17.879	0.014783
17.88	-0.082936
17.881	-0.163258
17.882	-0.159294
17.883	-0.075615
17.884	0.033793
17.885	0.136063
17.886	0.243062
17.887	0.3517
17.888	0.40868
17.889	0.382299
17.89	0.314421
17.891	0.255553
17.892	0.199842
17.893	0.109337
17.894	-0.027186
17.895	-0.171284
17.896	-0.266104
17.897	-0.292324
17.898	-0.288122
17.899	-0.301096
17.9	-0.328261
17.901	-0.318744
17.902	-0.234752
17.903	-0.104504
17.904	-0.009012
17.905	-0.008454
17.906	-0.086702
17.907	-0.186556
17.908	-0.271784
17.909	-0.317354
17.91	-0.293103
17.911	-0.202476
17.912	-0.097642
17.913	-0.033697
17.914	-0.023692
17.915	-0.042251
17.916	-0.060878
17.917	-0.071277
17.918	-0.077144
17.919	-0.07433
17.92	-0.049451
17.921	0.002585
17.922	0.061749
17.923	0.090869
17.924	0.0783
17.925	0.079014
17.926	0.183466
17.927	0.400522
17.928	0.604296
17.929	0.659841
17.93	0.55711
17.931	0.380905
17.932	0.207325
17.933	0.05962
17.934	-0.073699
17.935	-0.209653
17.936	-0.351654
17.937	-0.476702
17.938	-0.540222
17.939	-0.509511
17.94	-0.392588
17.941	-0.229952
17.942	-0.071304
17.943	0.040972
17.944	0.086322
17.945	0.08086
17.946	0.06844
17.947	0.06756
17.948	0.053825
17.949	0.023658
17.95	0.013939
17.951	0.036086
17.952	0.04888
17.953	0.00994
17.954	-0.073395
17.955	-0.148174
17.956	-0.163845
17.957	-0.120046
17.958	-0.06763
17.959	-0.05695
17.96	-0.08658
17.961	-0.111645
17.962	-0.097665
17.963	-0.04764
17.964	0.023642
17.965	0.131928
17.966	0.316614
17.967	0.557375
17.968	0.741265
17.969	0.77155
17.97	0.661187
17.971	0.485937
17.972	0.298919
17.973	0.112111
17.974	-0.074559
17.975	-0.249771
17.976	-0.390653
17.977	-0.47714
17.978	-0.506891
17.979	-0.493886
17.98	-0.447819
17.981	-0.362731
17.982	-0.232666
17.983	-0.073824
17.984	0.076192
17.985	0.190099
17.986	0.265549
17.987	0.292044
17.988	0.251931
17.989	0.176189
17.99	0.131344
17.991	0.13221
17.992	0.121906
17.993	0.04557
17.994	-0.084122
17.995	-0.190853
17.996	-0.199259
17.997	-0.115134
17.998	-0.037149
17.999	-0.060119
18.0	-0.173592
18.001	-0.277529
18.002	-0.279532
18.003	-0.163521
18.004	0.018321
18.005	0.208958
18.006	0.38454
18.007	0.521329
18.008	0.57765
18.009	0.544004
18.01	0.458799
18.011	0.351705
18.012	0.221892
18.013	0.074057
18.014	-0.074533
18.015	-0.223274
18.016	-0.384137
18.017	-0.539974
18.018	-0.634323
18.019	-0.617989
18.02	-0.492845
18.021	-0.304956
18.022	-0.112497
18.023	0.035232
18.024	0.118586
18.025	0.173225
18.026	0.26114
18.027	0.377709
18.028	0.438041
18.029	0.392792
18.03	0.286564
18.031	0.18235
18.032	0.096289
18.033	0.011613
18.034	-0.083038
18.035	-0.176688
18.036	-0.249349
18.037	-0.294205
18.038	-0.319975
18.039	-0.331457
18.04	-0.314561
18.041	-0.246888
18.042	-0.125937
18.043	0.013393
18.044	0.119998
18.045	0.174199
18.046	0.198268
18.047	0.207326
18.048	0.190288
18.049	0.15749
18.05	0.144669
18.051	0.154226
18.052	0.142414
18.053	0.068583
18.054	-0.062904
18.055	-0.207689
18.056	-0.321624
18.057	-0.393539
18.058	-0.438399
18.059	-0.459511
18.06	-0.424547
18.061	-0.293371
18.062	-0.085694
18.063	0.089047
18.064	0.111395
18.065	-0.034389
18.066	-0.264517
18.067	-0.497854
18.068	-0.690225
18.069	-0.785543
18.07	-0.727399
18.071	-0.530316
18.072	-0.280371
18.073	-0.058169
18.074	0.123643
18.075	0.314706
18.076	0.555616
18.077	0.802062
18.078	0.936369
18.079	0.873018
18.08	0.642218
18.081	0.360829
18.082	0.13365
18.083	-0.012983
18.084	-0.108701
18.085	-0.164939
18.086	-0.160125
18.087	-0.112274
18.088	-0.092492
18.089	-0.124847
18.09	-0.150816
18.091	-0.115973
18.092	-0.02669
18.093	0.077963
18.094	0.166711
18.095	0.221147
18.096	0.226181
18.097	0.189969
18.098	0.161362
18.099	0.187641
18.1	0.260747
18.101	0.324152
18.102	0.316327
18.103	0.200788
18.104	-0.012414
18.105	-0.249602
18.106	-0.41371
18.107	-0.482096
18.108	-0.516601
18.109	-0.549452
18.11	-0.537781
18.111	-0.441671
18.112	-0.277195
18.113	-0.089559
18.114	0.092058
18.115	0.264598
18.116	0.425639
18.117	0.551643
18.118	0.608059
18.119	0.580046
18.12	0.488442
18.121	0.370745
18.122	0.243515
18.123	0.0909
18.124	-0.092087
18.125	-0.245952
18.126	-0.279213
18.127	-0.187488
18.128	-0.080128
18.129	-0.046455
18.13	-0.068371
18.131	-0.080866
18.132	-0.050935
18.133	0.010804
18.134	0.078672
18.135	0.133681
18.136	0.167042
18.137	0.178823
18.138	0.176745
18.139	0.172242
18.14	0.172706
18.141	0.174125
18.142	0.156049
18.143	0.087791
18.144	-0.042493
18.145	-0.197174
18.146	-0.313185
18.147	-0.377541
18.148	-0.426918
18.149	-0.456099
18.15	-0.411849
18.151	-0.282514
18.152	-0.12381
18.153	0.003563
18.154	0.090607
18.155	0.174176
18.156	0.28537
18.157	0.405152
18.158	0.473561
18.159	0.448052
18.16	0.347636
18.161	0.230903
18.162	0.133518
18.163	0.041284
18.164	-0.076337
18.165	-0.21712
18.166	-0.342246
18.167	-0.427878
18.168	-0.475184
18.169	-0.46133
18.17	-0.356903
18.171	-0.190659
18.172	-0.038984
18.173	0.044545
18.174	0.072324
18.175	0.103159
18.176	0.180803
18.177	0.285432
18.178	0.348696
18.179	0.319805
18.18	0.213755
18.181	0.092546
18.182	0.003927
18.183	-0.051416
18.184	-0.096177
18.185	-0.127982
18.186	-0.115579
18.187	-0.068269
18.188	-0.054216
18.189	-0.106614
18.19	-0.176528
18.191	-0.198693
18.192	-0.152494
18.193	-0.058601
18.194	0.047161
18.195	0.130557
18.196	0.17482
18.197	0.193839
18.198	0.217547
18.199	0.258811
18.2	0.302139
18.201	0.316454
18.202	0.270569
18.203	0.145882
18.204	-0.052057
18.205	-0.27824
18.206	-0.464486
18.207	-0.581477
18.208	-0.641629
18.209	-0.635299
18.21	-0.538794
18.211	-0.373551
18.212	-0.198682
18.213	-0.054377
18.214	0.06668
18.215	0.197798
18.216	0.35245
18.217	0.496784
18.218	0.570304
18.219	0.538891
18.22	0.424276
18.221	0.279454
18.222	0.144037
18.223	0.024525
18.224	-0.081938
18.225	-0.139974
18.226	-0.098004
18.227	0.00958
18.228	0.069524
18.229	0.034445
18.23	-0.034377
18.231	-0.068194
18.232	-0.055728
18.233	-0.020552
18.234	0.017673
18.235	0.057234
18.236	0.104894
18.237	0.155551
18.238	0.184603
18.239	0.170841
18.24	0.123408
18.241	0.074716
18.242	0.046899
18.243	0.023865
18.244	-0.041094
18.245	-0.17804
18.246	-0.373188
18.247	-0.590859
18.248	-0.770529
18.249	-0.815621
18.25	-0.672458
18.251	-0.40765
18.252	-0.152446
18.253	0.011626
18.254	0.105549
18.255	0.214903
18.256	0.391074
18.257	0.578492
18.258	0.658784
18.259	0.577797
18.26	0.406642
18.261	0.2594
18.262	0.167468
18.263	0.070955
18.264	-0.061883
18.265	-0.147694
18.266	-0.071774
18.267	0.133629
18.268	0.285781
18.269	0.26313
18.27	0.118857
18.271	-0.019324
18.272	-0.070646
18.273	-0.035546
18.274	0.029396
18.275	0.056766
18.276	0.015064
18.277	-0.063189
18.278	-0.106524
18.279	-0.070383
18.28	0.026661
18.281	0.127081
18.282	0.17298
18.283	0.125437
18.284	-0.013451
18.285	-0.178441
18.286	-0.284686
18.287	-0.324291
18.288	-0.356451
18.289	-0.390527
18.29	-0.372617
18.291	-0.27812
18.292	-0.142955
18.293	-0.015155
18.294	0.090935
18.295	0.190256
18.296	0.289957
18.297	0.368445
18.298	0.392655
18.299	0.353255
18.3	0.277556
18.301	0.203032
18.302	0.136953
18.303	0.052423
18.304	-0.058804
18.305	-0.134871
18.306	-0.0933
18.307	0.04302
18.308	0.148572
18.309	0.151837
18.31	0.096261
18.311	0.051024
18.312	0.039348
18.313	0.045646
18.314	0.051023
18.315	0.049574
18.316	0.042945
18.317	0.033674
18.318	0.024736
18.319	0.021375
18.32	0.029945
18.321	0.050133
18.322	0.062912
18.323	0.034708
18.324	-0.049936
18.325	-0.1561
18.326	-0.227147
18.327	-0.261998
18.328	-0.299477
18.329	-0.322345
18.33	-0.275005
18.331	-0.160453
18.332	-0.043635
18.333	0.024588
18.334	0.055437
18.335	0.101184
18.336	0.193777
18.337	0.302082
18.338	0.354996
18.339	0.311967
18.34	0.203874
18.341	0.0975
18.342	0.026282
18.343	-0.030599
18.344	-0.106655
18.345	-0.196641
18.346	-0.261223
18.347	-0.289318
18.348	-0.298552
18.349	-0.272156
18.35	-0.181937
18.351	-0.057105
18.352	0.03424
18.353	0.057156
18.354	0.043898
18.355	0.062651
18.356	0.148199
18.357	0.258471
18.358	0.309203
18.359	0.255476
18.36	0.131705
18.361	0.009583
18.362	-0.074208
18.363	-0.140122
18.364	-0.214534
18.365	-0.26072
18.366	-0.210781
18.367	-0.092215
18.368	-0.022931
18.369	-0.052744
18.37	-0.117354
18.371	-0.140997
18.372	-0.103935
18.373	-0.028665
18.374	0.050288
18.375	0.104144
18.376	0.125679
18.377	0.135344
18.378	0.15848
18.379	0.198091
18.38	0.235284
18.381	0.242879
18.382	0.196053
18.383	0.079987
18.384	-0.101638
18.385	-0.31096
18.386	-0.491514
18.387	-0.618205
18.388	-0.686917
18.389	-0.667913
18.39	-0.540078
18.391	-0.344706
18.392	-0.154911
18.393	-0.010547
18.394	0.102627
18.395	0.221753
18.396	0.358115
18.397	0.475467
18.398	0.518346
18.399	0.464032
18.4	0.342723
18.401	0.206759
18.402	0.08816
18.403	-0.013567
18.404	-0.099235
18.405	-0.128246
18.406	-0.059068
18.407	0.054809
18.408	0.101111
18.409	0.053525
18.41	-0.014776
18.411	-0.041204
18.412	-0.022994
18.413	0.013721
18.414	0.049389
18.415	0.082412
18.416	0.118493
18.417	0.15143
18.418	0.160934
18.419	0.135633
18.42	0.090022
18.421	0.051462
18.422	0.031143
18.423	0.006683
18.424	-0.057746
18.425	-0.167717
18.426	-0.297468
18.427	-0.430204
18.428	-0.542935
18.429	-0.569235
18.43	-0.461317
18.431	-0.265201
18.432	-0.077812
18.433	0.046874
18.434	0.137004
18.435	0.262523
18.436	0.44545
18.437	0.60883
18.438	0.638241
18.439	0.49746
18.44	0.265907
18.441	0.06566
18.442	-0.03714
18.443	-0.063072
18.444	-0.05926
18.445	-0.026539
18.446	0.055638
18.447	0.14368
18.448	0.160439
18.449	0.11122
18.45	0.070524
18.451	0.076109
18.452	0.104483
18.453	0.118892
18.454	0.103316
18.455	0.05665
18.456	-0.016501
18.457	-0.087481
18.458	-0.103139
18.459	-0.03502
18.46	0.084914
18.461	0.188367
18.462	0.212671
18.463	0.12668
18.464	-0.046193
18.465	-0.224257
18.466	-0.331053
18.467	-0.375555
18.468	-0.412896
18.469	-0.438396
18.47	-0.39885
18.471	-0.279781
18.472	-0.121855
18.473	0.02815
18.474	0.154615
18.475	0.263847
18.476	0.354557
18.477	0.409424
18.478	0.412895
18.479	0.371082
18.48	0.309631
18.481	0.247597
18.482	0.172668
18.483	0.055873
18.484	-0.093669
18.485	-0.198503
18.486	-0.177736
18.487	-0.055035
18.488	0.051942
18.489	0.056712
18.49	-0.027933
18.491	-0.128494
18.492	-0.187235
18.493	-0.202675
18.494	-0.202677
18.495	-0.203176
18.496	-0.20436
18.497	-0.20787
18.498	-0.220155
18.499	-0.237244
18.5	-0.235177
18.501	-0.186023
18.502	-0.091608
18.503	0.002661
18.504	0.043152
18.505	0.017308
18.506	-0.049713
18.507	-0.134095
18.508	-0.205108
18.509	-0.20796
18.51	-0.122217
18.511	-0.005931
18.512	0.059498
18.513	0.046379
18.514	0.000558
18.515	-0.004846
18.516	0.053518
18.517	0.116353
18.518	0.101648
18.519	-0.003682
18.52	-0.127998
18.521	-0.184606
18.522	-0.145636
18.523	-0.050313
18.524	0.053923
18.525	0.164475
18.526	0.29139
18.527	0.390034
18.528	0.401049
18.529	0.343494
18.53	0.283533
18.531	0.239406
18.532	0.175653
18.533	0.065854
18.534	-0.067232
18.535	-0.170548
18.536	-0.21264
18.537	-0.216166
18.538	-0.23302
18.539	-0.281035
18.54	-0.316638
18.541	-0.280568
18.542	-0.164947
18.543	-0.025598
18.544	0.069993
18.545	0.098437
18.546	0.078907
18.547	0.02913
18.548	-0.038883
18.549	-0.091037
18.55	-0.093703
18.551	-0.054662
18.552	-0.011227
18.553	0.01173
18.554	0.020463
18.555	0.032802
18.556	0.049603
18.557	0.05579
18.558	0.046548
18.559	0.036666
18.56	0.042573
18.561	0.062172
18.562	0.070819
18.563	0.047576
18.564	0.020087
18.565	0.070942
18.566	0.25104
18.567	0.477909
18.568	0.597854
18.569	0.553945
18.57	0.414209
18.571	0.26328
18.572	0.134882
18.573	0.023621
18.574	-0.087285
18.575	-0.208999
18.576	-0.330721
18.577	-0.41514
18.578	-0.424903
18.579	-0.355145
18.58	-0.233489
18.581	-0.100935
18.582	0.00014
18.583	0.040987
18.584	0.027887
18.585	0.003915
18.586	0.00349
18.587	0.008262
18.588	-0.008031
18.589	-0.02015
18.59	0.004599
18.591	0.044283
18.592	0.049383
18.593	0.007337
18.594	-0.039308
18.595	-0.034556
18.596	0.032248
18.597	0.110449
18.598	0.134589
18.599	0.085896
18.6	0.006235
18.601	-0.046121
18.602	-0.047817
18.603	-0.021594
18.604	-0.0044
18.605	-0.005422
18.606	-0.013048
18.607	-0.029943
18.608	-0.050238
18.609	-0.033224
18.61	0.040734
18.611	0.123948
18.612	0.146728
18.613	0.08232
18.614	-0.043071
18.615	-0.180612
18.616	-0.287298
18.617	-0.341355
18.618	-0.344161
18.619	-0.299805
18.62	-0.200854
18.621	-0.059982
18.622	0.060424
18.623	0.094318
18.624	0.054295
18.625	0.033496
18.626	0.09332
18.627	0.177231
18.628	0.188364
18.629	0.115549
18.63	0.02542
18.631	-0.027417
18.632	-0.036074
18.633	-0.01868
18.634	0.004959
18.635	0.020596
18.636	0.025162
18.637	0.03022
18.638	0.048775
18.639	0.078442
18.64	0.104697
18.641	0.115165
18.642	0.101678
18.643	0.056355
18.644	-0.0086
18.645	-0.043468
18.646	-0.010655
18.647	0.053701
18.648	0.083053
18.649	0.066807
18.65	0.04169
18.651	0.030006
18.652	0.025845
18.653	0.012563
18.654	-0.029581
18.655	-0.114339
18.656	-0.227988
18.657	-0.322693
18.658	-0.348526
18.659	-0.293951
18.66	-0.19016
18.661	-0.081591
18.662	-0.001859
18.663	0.033349
18.664	0.042055
18.665	0.076565
18.666	0.15969
18.667	0.232142
18.668	0.223083
18.669	0.147322
18.67	0.073702
18.671	0.036186
18.672	0.020428
18.673	0.006729
18.674	-0.002592
18.675	0.006351
18.676	0.032824
18.677	0.052811
18.678	0.039544
18.679	-0.006256
18.68	-0.050117
18.681	-0.05396
18.682	-0.017888
18.683	0.012834
18.684	-0.007535
18.685	-0.081981
18.686	-0.183911
18.687	-0.285969
18.688	-0.347023
18.689	-0.31702
18.69	-0.197448
18.691	-0.057739
18.692	0.029581
18.693	0.051439
18.694	0.057603
18.695	0.1063
18.696	0.196444
18.697	0.25783
18.698	0.221564
18.699	0.095274
18.7	-0.042287
18.701	-0.113893
18.702	-0.104637
18.703	-0.054446
18.704	0.003437
18.705	0.07742
18.706	0.170514
18.707	0.233761
18.708	0.225986
18.709	0.180815
18.71	0.153346
18.711	0.144065
18.712	0.114144
18.713	0.04679
18.714	-0.027071
18.715	-0.059832
18.716	-0.039779
18.717	-0.010623
18.718	-0.028863
18.719	-0.098934
18.72	-0.163745
18.721	-0.167328
18.722	-0.121115
18.723	-0.096689
18.724	-0.149687
18.725	-0.265758
18.726	-0.394419
18.727	-0.501732
18.728	-0.556525
18.729	-0.518526
18.73	-0.384816
18.731	-0.210325
18.732	-0.060475
18.733	0.04046
18.734	0.111824
18.735	0.178398
18.736	0.237261
18.737	0.26574
18.738	0.254823
18.739	0.219864
18.74	0.180859
18.741	0.140497
18.742	0.081713
18.743	-0.00216
18.744	-0.064842
18.745	-0.018658
18.746	0.162656
18.747	0.369957
18.748	0.459191
18.749	0.400677
18.75	0.271484
18.751	0.149039
18.752	0.059857
18.753	-0.004892
18.754	-0.065741
18.755	-0.138252
18.756	-0.214295
18.757	-0.260347
18.758	-0.247669
18.759	-0.179516
18.76	-0.084886
18.761	-0.001596
18.762	0.035111
18.763	0.009696
18.764	-0.054961
18.765	-0.107046
18.766	-0.121287
18.767	-0.125351
18.768	-0.137771
18.769	-0.129547
18.77	-0.080302
18.771	-0.020072
18.772	0.008923
18.773	0.005995
18.774	0.015172
18.775	0.077716
18.776	0.182486
18.777	0.267771
18.778	0.275219
18.779	0.200968
18.78	0.093937
18.781	0.006787
18.782	-0.042938
18.783	-0.064306
18.784	-0.05146
18.785	0.031777
18.786	0.187216
18.787	0.333121
18.788	0.385532
18.789	0.348139
18.79	0.274973
18.791	0.195641
18.792	0.109061
18.793	0.015062
18.794	-0.072644
18.795	-0.13498
18.796	-0.161108
18.797	-0.160215
18.798	-0.157125
18.799	-0.164711
18.8	-0.168319
18.801	-0.146473
18.802	-0.097577
18.803	-0.04321
18.804	-0.004915
18.805	0.013702
18.806	0.00575
18.807	-0.04256
18.808	-0.104063
18.809	-0.114258
18.81	-0.052769
18.811	0.025845
18.812	0.057675
18.813	0.036249
18.814	0.008001
18.815	0.015718
18.816	0.059477
18.817	0.114548
18.818	0.163931
18.819	0.199428
18.82	0.210768
18.821	0.187665
18.822	0.122575
18.823	0.0153
18.824	-0.101405
18.825	-0.161088
18.826	-0.13511
18.827	-0.077241
18.828	-0.052204
18.829	-0.060715
18.83	-0.066094
18.831	-0.048906
18.832	-0.014655
18.833	0.01863
18.834	0.02596
18.835	-0.011486
18.836	-0.082522
18.837	-0.143353
18.838	-0.152081
18.839	-0.103977
18.84	-0.030551
18.841	0.028173
18.842	0.04419
18.843	0.012152
18.844	-0.032021
18.845	-0.026305
18.846	0.037822
18.847	0.086179
18.848	0.060407
18.849	-0.006819
18.85	-0.050048
18.851	-0.047832
18.852	-0.020014
18.853	0.014128
18.854	0.056029
18.855	0.112571
18.856	0.173027
18.857	0.208236
18.858	0.19419
18.859	0.137805
18.86	0.076091
18.861	0.042043
18.862	0.027904
18.863	-0.008881
18.864	-0.096096
18.865	-0.218417
18.866	-0.346093
18.867	-0.453342
18.868	-0.495054
18.869	-0.42736
18.87	-0.269928
18.871	-0.101058
18.872	0.011771
18.873	0.059898
18.874	0.084937
18.875	0.128682
18.876	0.186669
18.877	0.212996
18.878	0.1729
18.879	0.083275
18.88	-0.002568
18.881	-0.04498
18.882	-0.050155
18.883	-0.048977
18.884	-0.045103
18.885	-0.009241
18.886	0.055696
18.887	0.092387
18.888	0.073148
18.889	0.043922
18.89	0.050309
18.891	0.077571
18.892	0.083173
18.893	0.056325
18.894	0.031849
18.895	0.051195
18.896	0.112189
18.897	0.160517
18.898	0.141925
18.899	0.06117
18.9	-0.02172
18.901	-0.053912
18.902	-0.041702
18.903	-0.03828
18.904	-0.088946
18.905	-0.197019
18.906	-0.335916
18.907	-0.466568
18.908	-0.53744
18.909	-0.507658
18.91	-0.384171
18.911	-0.214124
18.912	-0.03907
18.913	0.128774
18.914	0.271838
18.915	0.328169
18.916	0.242015
18.917	0.051094
18.918	-0.131175
18.919	-0.214777
18.92	-0.184934
18.921	-0.084862
18.922	0.02067
18.923	0.088365
18.924	0.13644
18.925	0.220542
18.926	0.338364
18.927	0.407741
18.928	0.37627
18.929	0.281668
18.93	0.182365
18.931	0.095449
18.932	0.010104
18.933	-0.076229
18.934	-0.146067
18.935	-0.181373
18.936	-0.186852
18.937	-0.185907
18.938	-0.193008
18.939	-0.196414
18.94	-0.170656
18.941	-0.10596
18.942	-0.024853
18.943	0.042339
18.944	0.106143
18.945	0.214349
18.946	0.369426
18.947	0.493269
18.948	0.517855
18.949	0.455532
18.95	0.353068
18.951	0.232318
18.952	0.092482
18.953	-0.062316
18.954	-0.215808
18.955	-0.349634
18.956	-0.44897
18.957	-0.502945
18.958	-0.504557
18.959	-0.449627
18.96	-0.339317
18.961	-0.19185
18.962	-0.047268
18.963	0.060055
18.964	0.140295
18.965	0.232373
18.966	0.330296
18.967	0.375644
18.968	0.348558
18.969	0.294019
18.97	0.244379
18.971	0.179452
18.972	0.069459
18.973	-0.073881
18.974	-0.196883
18.975	-0.250778
18.976	-0.239932
18.977	-0.217249
18.978	-0.22533
18.979	-0.251372
18.98	-0.244355
18.981	-0.170714
18.982	-0.051098
18.983	0.053446
18.984	0.089472
18.985	0.045404
18.986	-0.056251
18.987	-0.163924
18.988	-0.196067
18.989	-0.105308
18.99	0.051376
18.991	0.153529
18.992	0.124395
18.993	-0.01439
18.994	-0.175394
18.995	-0.279606
18.996	-0.309113
18.997	-0.293662
18.998	-0.251725
18.999	-0.170425
19.0	-0.051705
19.001	0.055863
19.002	0.097425
19.003	0.075435
19.004	0.071462
19.005	0.182781
19.006	0.392992
19.007	0.557487
19.008	0.565496
19.009	0.441033
19.01	0.272637
19.011	0.1214
19.012	0.001874
19.013	-0.096147
19.014	-0.188122
19.015	-0.281008
19.016	-0.357771
19.017	-0.381484
19.018	-0.330652
19.019	-0.222106
19.02	-0.094301
19.021	0.015815
19.022	0.079711
19.023	0.081358
19.024	0.03449
19.025	-0.020782
19.026	-0.067084
19.027	-0.113707
19.028	-0.140776
19.029	-0.113695
19.03	-0.049082
19.031	-0.006346
19.032	-0.021027
19.033	-0.071881
19.034	-0.106797
19.035	-0.092054
19.036	-0.042008
19.037	-0.004372
19.038	-0.011811
19.039	-0.050124
19.04	-0.079113
19.041	-0.073818
19.042	-0.038112
19.043	0.018521
19.044	0.120546
19.045	0.307522
19.046	0.539376
19.047	0.689395
19.048	0.678358
19.049	0.545032
19.05	0.371022
19.051	0.20179
19.052	0.045524
19.053	-0.095476
19.054	-0.210922
19.055	-0.288997
19.056	-0.32712
19.057	-0.336554
19.058	-0.331749
19.059	-0.310818
19.06	-0.254104
19.061	-0.148603
19.062	-0.015937
19.063	0.090824
19.064	0.130878
19.065	0.099117
19.066	0.002656
19.067	-0.127892
19.068	-0.209543
19.069	-0.174837
19.07	-0.060695
19.071	0.028115
19.072	0.027658
19.073	-0.031133
19.074	-0.056593
19.075	0.013323
19.076	0.137028
19.077	0.19771
19.078	0.12166
19.079	-0.045751
19.08	-0.18619
19.081	-0.210798
19.082	-0.117622
19.083	0.03806
19.084	0.220961
19.085	0.430757
19.086	0.625847
19.087	0.710252
19.088	0.639464
19.089	0.465719
19.09	0.269709
19.091	0.105514
19.092	-0.009512
19.093	-0.094484
19.094	-0.191771
19.095	-0.329292
19.096	-0.477158
19.097	-0.557593
19.098	-0.516024
19.099	-0.36782
19.1	-0.174036
19.101	0.000172
19.102	0.103453
19.103	0.118927
19.104	0.090998
19.105	0.089935
19.106	0.117428
19.107	0.110657
19.108	0.056269
19.109	0.007332
19.11	-0.005847
19.111	-0.005099
19.112	-0.020055
19.113	-0.051368
19.114	-0.076509
19.115	-0.081479
19.116	-0.078181
19.117	-0.087264
19.118	-0.109122
19.119	-0.119313
19.12	-0.091954
19.121	-0.028558
19.122	0.036465
19.123	0.07587
19.124	0.123206
19.125	0.245448
19.126	0.428054
19.127	0.557153
19.128	0.556911
19.129	0.459786
19.13	0.331434
19.131	0.201582
19.132	0.068241
19.133	-0.07497
19.134	-0.228908
19.135	-0.384376
19.136	-0.513144
19.137	-0.577127
19.138	-0.554164
19.139	-0.44939
19.14	-0.287735
19.141	-0.11006
19.142	0.032635
19.143	0.110432
19.144	0.149532
19.145	0.202303
19.146	0.261651
19.147	0.270377
19.148	0.226602
19.149	0.185003
19.15	0.163626
19.151	0.125017
19.152	0.037328
19.153	-0.078374
19.154	-0.162204
19.155	-0.173533
19.156	-0.134213
19.157	-0.106444
19.158	-0.126391
19.159	-0.167825
19.16	-0.17159
19.161	-0.107492
19.162	-0.005268
19.163	0.072594
19.164	0.088457
19.165	0.052691
19.166	-0.01349
19.167	-0.084485
19.168	-0.101171
19.169	-0.024662
19.17	0.091487
19.171	0.144059
19.172	0.078451
19.173	-0.072786
19.174	-0.228353
19.175	-0.324315
19.176	-0.354218
19.177	-0.354248
19.178	-0.349056
19.179	-0.314989
19.18	-0.214739
19.181	-0.07178
19.182	0.032651
19.183	0.059683
19.184	0.079369
19.185	0.191923
19.186	0.374662
19.187	0.488418
19.188	0.453948
19.189	0.321157
19.19	0.174005
19.191	0.053065
19.192	-0.041376
19.193	-0.121776
19.194	-0.198935
19.195	-0.27351
19.196	-0.325856
19.197	-0.325958
19.198	-0.264175
19.199	-0.161496
19.2	-0.05047
19.201	0.040368
19.202	0.086161
19.203	0.06992
19.204	0.006776
19.205	-0.061529
19.206	-0.120397
19.207	-0.17599
19.208	-0.198277
19.209	-0.153283
19.21	-0.070631
19.211	-0.017997
19.212	-0.028463
19.213	-0.075985
19.214	-0.108832
19.215	-0.097789
19.216	-0.058687
19.217	-0.033541
19.218	-0.046016
19.219	-0.077503
19.22	-0.091219
19.221	-0.068921
19.222	-0.019644
19.223	0.046589
19.224	0.157444
19.225	0.347168
19.226	0.559351
19.227	0.666578
19.228	0.616847
19.229	0.472259
19.23	0.30963
19.231	0.156408
19.232	0.01014
19.233	-0.125749
19.234	-0.234089
19.235	-0.299392
19.236	-0.323563
19.237	-0.326172
19.238	-0.324338
19.239	-0.309737
19.24	-0.253457
19.241	-0.140514
19.242	-0.000277
19.243	0.108471
19.244	0.151746
19.245	0.136001
19.246	0.069358
19.247	-0.028396
19.248	-0.089143
19.249	-0.060252
19.25	0.016242
19.251	0.049642
19.252	0.000235
19.253	-0.083553
19.254	-0.109651
19.255	-0.034197
19.256	0.079643
19.257	0.114574
19.258	0.019757
19.259	-0.138138
19.26	-0.239981
19.261	-0.214027
19.262	-0.079151
19.263	0.099931
19.264	0.291305
19.265	0.495527
19.266	0.6654
19.267	0.717233
19.268	0.644308
19.269	0.520609
19.27	0.396782
19.271	0.267973
19.272	0.120458
19.273	-0.042861
19.274	-0.219173
19.275	-0.404831
19.276	-0.561356
19.277	-0.621809
19.278	-0.551748
19.279	-0.380512
19.28	-0.171312
19.281	0.013477
19.282	0.126307
19.283	0.158579
19.284	0.163084
19.285	0.203882
19.286	0.262759
19.287	0.264973
19.288	0.200094
19.289	0.125951
19.29	0.075673
19.291	0.032446
19.292	-0.02617
19.293	-0.093601
19.294	-0.143609
19.295	-0.163476
19.296	-0.167827
19.297	-0.177622
19.298	-0.191449
19.299	-0.183929
19.3	-0.13147
19.301	-0.040419
19.302	0.054132
19.303	0.135128
19.304	0.248691
19.305	0.452328
19.306	0.693887
19.307	0.828094
19.308	0.783055
19.309	0.616625
19.31	0.415551
19.311	0.218889
19.312	0.027041
19.313	-0.165132
19.314	-0.354631
19.315	-0.525895
19.316	-0.648111
19.317	-0.689711
19.318	-0.639647
19.319	-0.509127
19.32	-0.322244
19.321	-0.117869
19.322	0.054378
19.323	0.16599
19.324	0.239549
19.325	0.314339
19.326	0.372699
19.327	0.366886
19.328	0.313335
19.329	0.267728
19.33	0.232671
19.331	0.159988
19.332	0.022751
19.333	-0.143463
19.334	-0.267284
19.335	-0.307734
19.336	-0.291263
19.337	-0.273407
19.338	-0.267106
19.339	-0.221883
19.34	-0.090266
19.341	0.080827
19.342	0.169088
19.343	0.108984
19.344	-0.037698
19.345	-0.167669
19.346	-0.258781
19.347	-0.344708
19.348	-0.402111
19.349	-0.367825
19.35	-0.237721
19.351	-0.073632
19.352	0.065827
19.353	0.174894
19.354	0.287983
19.355	0.423169
19.356	0.541469
19.357	0.572665
19.358	0.487146
19.359	0.330132
19.36	0.178298
19.361	0.065552
19.362	-0.046661
19.363	-0.216479
19.364	-0.436512
19.365	-0.634688
19.366	-0.766858
19.367	-0.837142
19.368	-0.829312
19.369	-0.711099
19.37	-0.49632
19.371	-0.24317
19.372	-0.001159
19.373	0.217746
19.374	0.418152
19.375	0.587804
19.376	0.696611
19.377	0.723416
19.378	0.673659
19.379	0.57177
19.38	0.438273
19.381	0.271058
19.382	0.060199
19.383	-0.164004
19.384	-0.309945
19.385	-0.301276
19.386	-0.189577
19.387	-0.111454
19.388	-0.122473
19.389	-0.161043
19.39	-0.154798
19.391	-0.089228
19.392	0.006968
19.393	0.096999
19.394	0.154454
19.395	0.173274
19.396	0.174019
19.397	0.187949
19.398	0.223781
19.399	0.258589
19.4	0.258998
19.401	0.197283
19.402	0.059164
19.403	-0.140236
19.404	-0.34434
19.405	-0.490535
19.406	-0.572341
19.407	-0.613995
19.408	-0.595763
19.409	-0.484063
19.41	-0.305335
19.411	-0.126826
19.412	0.014339
19.413	0.136609
19.414	0.277705
19.415	0.440703
19.416	0.576887
19.417	0.624336
19.418	0.563193
19.419	0.430163
19.42	0.278371
19.421	0.132461
19.422	-0.009683
19.423	-0.136344
19.424	-0.194303
19.425	-0.140667
19.426	-0.028985
19.427	0.034556
19.428	0.022372
19.429	-0.00759
19.43	-0.008269
19.431	0.016798
19.432	0.045063
19.433	0.066669
19.434	0.086912
19.435	0.114364
19.436	0.149036
19.437	0.17524
19.438	0.17263
19.439	0.139003
19.44	0.090707
19.441	0.040093
19.442	-0.020036
19.443	-0.102173
19.444	-0.191853
19.445	-0.263041
19.446	-0.324353
19.447	-0.384796
19.448	-0.398384
19.449	-0.320947
19.45	-0.184876
19.451	-0.06327
19.452	0.013212
19.453	0.084717
19.454	0.21829
19.455	0.427111
19.456	0.624637
19.457	0.682568
19.458	0.551486
19.459	0.306648
19.46	0.072989
19.461	-0.072306
19.462	-0.132021
19.463	-0.147221
19.464	-0.133344
19.465	-0.084498
19.466	-0.030839
19.467	-0.018443
19.468	-0.038892
19.469	-0.051764
19.47	-0.04572
19.471	-0.024617
19.472	0.016757
19.473	0.067295
19.474	0.090668
19.475	0.068306
19.476	0.032025
19.477	0.032224
19.478	0.080881
19.479	0.142212
19.48	0.170391
19.481	0.137119
19.482	0.034415
19.483	-0.110238
19.484	-0.224753
19.485	-0.255847
19.486	-0.2426
19.487	-0.259153
19.488	-0.301655
19.489	-0.305461
19.49	-0.239014
19.491	-0.124025
19.492	0.004883
19.493	0.129226
19.494	0.245606
19.495	0.346728
19.496	0.410674
19.497	0.415741
19.498	0.363725
19.499	0.281796
19.5	0.200872
19.501	0.127619
19.502	0.036761
19.503	-0.092218
19.504	-0.232455
19.505	-0.33495
19.506	-0.390398
19.507	-0.415773
19.508	-0.39767
19.509	-0.3124
19.51	-0.178422
19.511	-0.044738
19.512	0.056337
19.513	0.129139
19.514	0.192817
19.515	0.248961
19.516	0.276029
19.517	0.252885
19.518	0.185829
19.519	0.110735
19.52	0.062992
19.521	0.040971
19.522	0.008532
19.523	-0.052926
19.524	-0.110222
19.525	-0.129327
19.526	-0.138124
19.527	-0.174936
19.528	-0.208477
19.529	-0.181831
19.53	-0.095203
19.531	0.001392
19.532	0.069513
19.533	0.117559
19.534	0.179329
19.535	0.262294
19.536	0.324536
19.537	0.313009
19.538	0.2237
19.539	0.112058
19.54	0.041143
19.541	0.022199
19.542	0.006898
19.543	-0.063236
19.544	-0.203767
19.545	-0.385216
19.546	-0.56031
19.547	-0.661623
19.548	-0.61593
19.549	-0.420603
19.55	-0.171279
19.551	0.022558
19.552	0.131246
19.553	0.204491
19.554	0.28992
19.555	0.377675
19.556	0.431193
19.557	0.438269
19.558	0.413728
19.559	0.373095
19.56	0.312475
19.561	0.207155
19.562	0.043699
19.563	-0.132028
19.564	-0.219129
19.565	-0.160956
19.566	-0.033934
19.567	0.031031
19.568	-0.000874
19.569	-0.061826
19.57	-0.084445
19.571	-0.05632
19.572	-0.002629
19.573	0.04358
19.574	0.058023
19.575	0.039553
19.576	0.016975
19.577	0.026627
19.578	0.075833
19.579	0.136878
19.58	0.16997
19.581	0.140879
19.582	0.032308
19.583	-0.138545
19.584	-0.31491
19.585	-0.443111
19.586	-0.517867
19.587	-0.546813
19.588	-0.50569
19.589	-0.381668
19.59	-0.2186
19.591	-0.078148
19.592	0.021796
19.593	0.114169
19.594	0.236652
19.595	0.381984
19.596	0.493711
19.597	0.513719
19.598	0.43501
19.599	0.304522
19.6	0.1738
19.601	0.05949
19.602	-0.043899
19.603	-0.120322
19.604	-0.116961
19.605	-0.012202
19.606	0.117498
19.607	0.170832
19.608	0.136645
19.609	0.076463
19.61	0.035243
19.611	0.013764
19.612	-0.000934
19.613	-0.010913
19.614	-0.009243
19.615	0.008823
19.616	0.037461
19.617	0.057762
19.618	0.052554
19.619	0.026762
19.62	0.00059
19.621	-0.017749
19.622	-0.045962
19.623	-0.106133
19.624	-0.192423
19.625	-0.286356
19.626	-0.381474
19.627	-0.448969
19.628	-0.428653
19.629	-0.304426
19.63	-0.142355
19.631	-0.022986
19.632	0.03814
19.633	0.098059
19.634	0.2253
19.635	0.417453
19.636	0.575433
19.637	0.584415
19.638	0.425971
19.639	0.192362
19.64	-0.000154
19.641	-0.095111
19.642	-0.108311
19.643	-0.069923
19.644	0.029142
19.645	0.194423
19.646	0.34972
19.647	0.38111
19.648	0.26519
19.649	0.092172
19.65	-0.031288
19.651	-0.060654
19.652	-0.020084
19.653	0.027386
19.654	0.024139
19.655	-0.034461
19.656	-0.091642
19.657	-0.08632
19.658	-0.014898
19.659	0.073591
19.66	0.126406
19.661	0.113119
19.662	0.026615
19.663	-0.09895
19.664	-0.188936
19.665	-0.203892
19.666	-0.192886
19.667	-0.21571
19.668	-0.25456
19.669	-0.253363
19.67	-0.194407
19.671	-0.100408
19.672	0.003982
19.673	0.11091
19.674	0.21843
19.675	0.31167
19.676	0.363042
19.677	0.354138
19.678	0.294167
19.679	0.214533
19.68	0.144364
19.681	0.083984
19.682	0.006315
19.683	-0.097345
19.684	-0.18679
19.685	-0.22314
19.686	-0.225491
19.687	-0.22822
19.688	-0.218688
19.689	-0.166646
19.69	-0.077865
19.691	0.012056
19.692	0.074622
19.693	0.104084
19.694	0.105418
19.695	0.085223
19.696	0.05422
19.697	0.023888
19.698	0.002736
19.699	-0.000315
19.7	0.017119
19.701	0.033529
19.702	0.013672
19.703	-0.045323
19.704	-0.100184
19.705	-0.124489
19.706	-0.149136
19.707	-0.194468
19.708	-0.218361
19.709	-0.178562
19.71	-0.093272
19.711	-0.012823
19.712	0.040329
19.713	0.091654
19.714	0.177257
19.715	0.288482
19.716	0.362784
19.717	0.340819
19.718	0.228507
19.719	0.094583
19.72	0.007965
19.721	-0.023207
19.722	-0.053118
19.723	-0.14297
19.724	-0.308597
19.725	-0.516094
19.726	-0.698526
19.727	-0.766058
19.728	-0.655463
19.729	-0.403568
19.73	-0.13538
19.731	0.039402
19.732	0.109507
19.733	0.149535
19.734	0.231938
19.735	0.345871
19.736	0.41594
19.737	0.407129
19.738	0.360745
19.739	0.317302
19.74	0.26298
19.741	0.157415
19.742	-0.009483
19.743	-0.17709
19.744	-0.243632
19.745	-0.178875
19.746	-0.078651
19.747	-0.050852
19.748	-0.094753
19.749	-0.136574
19.75	-0.126918
19.751	-0.069879
19.752	0.005918
19.753	0.072643
19.754	0.111582
19.755	0.123401
19.756	0.131593
19.757	0.158034
19.758	0.195715
19.759	0.215906
19.76	0.190529
19.761	0.101861
19.762	-0.048538
19.763	-0.217832
19.764	-0.321616
19.765	-0.303852
19.766	-0.205602
19.767	-0.122236
19.768	-0.104098
19.769	-0.126557
19.77	-0.145478
19.771	-0.153696
19.772	-0.177094
19.773	-0.240958
19.774	-0.348968
19.775	-0.474026
19.776	-0.565318
19.777	-0.579319
19.778	-0.507496
19.779	-0.372071
19.78	-0.208761
19.781	-0.061436
19.782	0.030975
19.783	0.066675
19.784	0.083199
19.785	0.099965
19.786	0.091927
19.787	0.053878
19.788	0.03064
19.789	0.048693
19.79	0.072986
19.791	0.054625
19.792	-0.006619
19.793	-0.060092
19.794	-0.057279
19.795	-0.004448
19.796	0.038721
19.797	0.018782
19.798	-0.055666
19.799	-0.122469
19.8	-0.12862
19.801	-0.078508
19.802	-0.014178
19.803	0.046631
19.804	0.129793
19.805	0.242839
19.806	0.335045
19.807	0.362837
19.808	0.342609
19.809	0.304027
19.81	0.241728
19.811	0.135731
19.812	-0.007531
19.813	-0.150114
19.814	-0.25282
19.815	-0.304803
19.816	-0.324674
19.817	-0.336196
19.818	-0.341816
19.819	-0.318415
19.82	-0.244588
19.821	-0.130639
19.822	-0.014364
19.823	0.076334
19.824	0.143583
19.825	0.182214
19.826	0.164903
19.827	0.098894
19.828	0.034239
19.829	-0.000117
19.83	-0.01484
19.831	-0.02632
19.832	-0.040636
19.833	-0.063811
19.834	-0.103731
19.835	-0.149929
19.836	-0.166682
19.837	-0.126511
19.838	-0.039628
19.839	0.057314
19.84	0.123925
19.841	0.12953
19.842	0.064008
19.843	-0.047575
19.844	-0.150398
19.845	-0.211941
19.846	-0.243589
19.847	-0.248558
19.848	-0.206466
19.849	-0.121558
19.85	-0.035747
19.851	0.011308
19.852	0.011477
19.853	-0.021922
19.854	-0.074346
19.855	-0.128824
19.856	-0.159982
19.857	-0.150729
19.858	-0.108296
19.859	-0.054054
19.86	-0.007189
19.861	0.018644
19.862	0.020686
19.863	0.03136
19.864	0.10571
19.865	0.234188
19.866	0.320874
19.867	0.300796
19.868	0.211296
19.869	0.121085
19.87	0.055049
19.871	0.002845
19.872	-0.043849
19.873	-0.079775
19.874	-0.095249
19.875	-0.088791
19.876	-0.074235
19.877	-0.070083
19.878	-0.07758
19.879	-0.077757
19.88	-0.052225
19.881	-0.008467
19.882	0.014546
19.883	-0.018897
19.884	-0.108403
19.885	-0.232056
19.886	-0.353766
19.887	-0.408964
19.888	-0.346853
19.889	-0.19724
19.89	-0.052391
19.891	0.019628
19.892	0.030203
19.893	0.049171
19.894	0.130802
19.895	0.249823
19.896	0.315388
19.897	0.259218
19.898	0.105207
19.899	-0.05153
19.9	-0.125682
19.901	-0.1037
19.902	-0.030719
19.903	0.061822
19.904	0.180917
19.905	0.303749
19.906	0.358437
19.907	0.319379
19.908	0.244011
19.909	0.186822
19.91	0.142648
19.911	0.08119
19.912	-0.001892
19.913	-0.074248
19.914	-0.100733
19.915	-0.085989
19.916	-0.073469
19.917	-0.091049
19.918	-0.107513
19.919	-0.069413
19.92	0.017763
19.921	0.077638
19.922	0.045139
19.923	-0.058303
19.924	-0.151351
19.925	-0.196094
19.926	-0.226852
19.927	-0.261163
19.928	-0.262476
19.929	-0.206071
19.93	-0.115631
19.931	-0.029479
19.932	0.038966
19.933	0.10093
19.934	0.161362
19.935	0.203664
19.936	0.208272
19.937	0.17534
19.938	0.126812
19.939	0.090134
19.94	0.072581
19.941	0.050362
19.942	0.006169
19.943	-0.012367
19.944	0.079846
19.945	0.274888
19.946	0.436931
19.947	0.454772
19.948	0.352021
19.949	0.221058
19.95	0.122526
19.951	0.060645
19.952	0.010109
19.953	-0.05593
19.954	-0.148149
19.955	-0.247561
19.956	-0.312082
19.957	-0.308195
19.958	-0.236017
19.959	-0.123611
19.96	-0.011311
19.961	0.05537
19.962	0.04575
19.963	-0.021187
19.964	-0.087327
19.965	-0.12772
19.966	-0.164672
19.967	-0.191864
19.968	-0.165766
19.969	-0.082449
19.97	0.003438
19.971	0.040833
19.972	0.035329
19.973	0.036351
19.974	0.08016
19.975	0.14886
19.976	0.186646
19.977	0.157423
19.978	0.081882
19.979	0.014847
19.98	-0.011854
19.981	-0.015004
19.982	-0.020346
19.983	-0.002287
19.984	0.100211
19.985	0.275924
19.986	0.415907
19.987	0.442482
19.988	0.382954
19.989	0.29775
19.99	0.209473
19.991	0.110354
19.992	-0.001433
19.993	-0.109522
19.994	-0.193466
19.995	-0.243046
19.996	-0.260208
19.997	-0.253892
19.998	-0.229136
19.999	-0.180939
20.0	-0.109864
20.001	-0.038704
20.002	0.000617
20.003	0.004209
20.004	-4.4e-05
20.005	-0.008586
20.006	-0.043578
20.007	-0.07832
20.008	-0.053993
20.009	0.025226
20.01	0.087292
20.011	0.077647
20.012	0.018948
20.013	-0.009346
20.014	0.052465
20.015	0.177156
20.016	0.263168
20.017	0.228924
20.018	0.093154
20.019	-0.048391
20.02	-0.11576
20.021	-0.101407
20.022	-0.048638
20.023	0.01257
20.024	0.088676
20.025	0.168145
20.026	0.206002
20.027	0.187965
20.028	0.141817
20.029	0.091995
20.03	0.049374
20.031	0.018853
20.032	-0.008279
20.033	-0.056342
20.034	-0.140277
20.035	-0.231207
20.036	-0.267853
20.037	-0.217118
20.038	-0.106729
20.039	0.004043
20.04	0.067498
20.041	0.063021
20.042	0.002193
20.043	-0.053076
20.044	-0.026171
20.045	0.067837
20.046	0.124567
20.047	0.093775
20.048	0.028088
20.049	-0.011244
20.05	-0.016204
20.051	-0.007552
20.052	0.002263
20.053	0.015829
20.054	0.03914
20.055	0.070027
20.056	0.094404
20.057	0.097893
20.058	0.082645
20.059	0.065156
20.06	0.056428
20.061	0.042891
20.062	-0.006417
20.063	-0.095275
20.064	-0.186411
20.065	-0.256639
20.066	-0.309936
20.067	-0.32363
20.068	-0.261837
20.069	-0.141413
20.07	-0.025997
20.071	0.037526
20.072	0.055845
20.073	0.071108
20.074	0.111914
20.075	0.161936
20.076	0.176696
20.077	0.129995
20.078	0.043509
20.079	-0.028848
20.08	-0.048966
20.081	-0.029663
20.082	-0.009648
20.083	0.010994
20.084	0.066219
20.085	0.135295
20.086	0.145565
20.087	0.090361
20.088	0.040737
20.089	0.038117
20.09	0.056264
20.091	0.054906
20.092	0.030811
20.093	0.019592
20.094	0.052142
20.095	0.109848
20.096	0.133128
20.097	0.082377
20.098	-0.01621
20.099	-0.091299
20.1	-0.09314
20.101	-0.04275
20.102	-0.010713
20.103	-0.043287
20.104	-0.128917
20.105	-0.240068
20.106	-0.347735
20.107	-0.394298
20.108	-0.339447
20.109	-0.21926
20.11	-0.099673
20.111	-0.006839
20.112	0.071426
20.113	0.147649
20.114	0.214012
20.115	0.253095
20.116	0.259734
20.117	0.24518
20.118	0.22458
20.119	0.204365
20.12	0.171353
20.121	0.097525
20.122	-0.015622
20.123	-0.091987
20.124	-0.037683
20.125	0.120083
20.126	0.235235
20.127	0.221074
20.128	0.128825
20.129	0.049177
20.13	0.020231
20.131	0.024665
20.132	0.027148
20.133	0.000999
20.134	-0.058146
20.135	-0.123836
20.136	-0.153428
20.137	-0.123212
20.138	-0.046447
20.139	0.040946
20.14	0.097939
20.141	0.08598
20.142	-0.009861
20.143	-0.150253
20.144	-0.264544
20.145	-0.330453
20.146	-0.373793
20.147	-0.382859
20.148	-0.316025
20.149	-0.1845
20.15	-0.054535
20.151	0.024151
20.152	0.06413
20.153	0.116343
20.154	0.208667
20.155	0.311323
20.156	0.363827
20.157	0.333279
20.158	0.243116
20.159	0.145291
20.16	0.067077
20.161	-0.003627
20.162	-0.073677
20.163	-0.094969
20.164	-0.002934
20.165	0.167129
20.166	0.286388
20.167	0.290183
20.168	0.229765
20.169	0.170728
20.17	0.124933
20.171	0.072675
20.172	0.005359
20.173	-0.062582
20.174	-0.109482
20.175	-0.123126
20.176	-0.107308
20.177	-0.07939
20.178	-0.054854
20.179	-0.034379
20.18	-0.016581
20.181	-0.015899
20.182	-0.052282
20.183	-0.116822
20.184	-0.175136
20.185	-0.224334
20.186	-0.280308
20.187	-0.304818
20.188	-0.243228
20.189	-0.115076
20.19	0.009752
20.191	0.104286
20.192	0.208581
20.193	0.355094
20.194	0.494392
20.195	0.518701
20.196	0.363086
20.197	0.080176
20.198	-0.186704
20.199	-0.306893
20.2	-0.257195
20.201	-0.129051
20.202	-0.023439
20.203	0.065912
20.204	0.213373
20.205	0.400661
20.206	0.503653
20.207	0.45931
20.208	0.329051
20.209	0.19695
20.21	0.090911
20.211	-0.005664
20.212	-0.115798
20.213	-0.249321
20.214	-0.391834
20.215	-0.498021
20.216	-0.515187
20.217	-0.42767
20.218	-0.268572
20.219	-0.092203
20.22	0.047916
20.221	0.109774
20.222	0.083782
20.223	0.013551
20.224	-0.033155
20.225	-0.039516
20.226	-0.037895
20.227	-0.032035
20.228	-0.000463
20.229	0.0418
20.23	0.049016
20.231	-0.000742
20.232	-0.079616
20.233	-0.136351
20.234	-0.145082
20.235	-0.122761
20.236	-0.100076
20.237	-0.089277
20.238	-0.079813
20.239	-0.055396
20.24	-0.016258
20.241	0.019795
20.242	0.050056
20.243	0.120843
20.244	0.282053
20.245	0.480033
20.246	0.583521
20.247	0.54162
20.248	0.417723
20.249	0.281478
20.25	0.148938
20.251	0.009113
20.252	-0.140062
20.253	-0.283695
20.254	-0.39689
20.255	-0.45529
20.256	-0.450793
20.257	-0.395463
20.258	-0.304593
20.259	-0.18858
20.26	-0.064363
20.261	0.035979
20.262	0.077102
20.263	0.052005
20.264	-0.014944
20.265	-0.103062
20.266	-0.185137
20.267	-0.202933
20.268	-0.127645
20.269	-0.01692
20.27	0.037489
20.271	0.000509
20.272	-0.076784
20.273	-0.10616
20.274	-0.046003
20.275	0.054654
20.276	0.100847
20.277	0.045613
20.278	-0.06649
20.279	-0.147852
20.28	-0.144621
20.281	-0.066856
20.282	0.04945
20.283	0.203854
20.284	0.409672
20.285	0.604495
20.286	0.68009
20.287	0.615038
20.288	0.481533
20.289	0.337939
20.29	0.187825
20.291	0.020886
20.292	-0.14924
20.293	-0.285982
20.294	-0.359559
20.295	-0.377356
20.296	-0.379273
20.297	-0.392184
20.298	-0.396073
20.299	-0.34493
20.3	-0.217072
20.301	-0.045558
20.302	0.103581
20.303	0.188044
20.304	0.204763
20.305	0.156351
20.306	0.064898
20.307	0.003078
20.308	0.025754
20.309	0.09376
20.31	0.123473
20.311	0.082686
20.312	0.009187
20.313	-0.045867
20.314	-0.067491
20.315	-0.070297
20.316	-0.067934
20.317	-0.061185
20.318	-0.043082
20.319	-0.007789
20.32	0.036425
20.321	0.067556
20.322	0.091416
20.323	0.176617
20.324	0.382223
20.325	0.633261
20.326	0.760569
20.327	0.687208
20.328	0.486885
20.329	0.273083
20.33	0.106492
20.331	-0.013378
20.332	-0.119937
20.333	-0.246898
20.334	-0.396834
20.335	-0.52713
20.336	-0.578412
20.337	-0.52292
20.338	-0.380679
20.339	-0.19765
20.34	-0.024833
20.341	0.09146
20.342	0.135671
20.343	0.147047
20.344	0.175655
20.345	0.205782
20.346	0.185963
20.347	0.125601
20.348	0.079883
20.349	0.064235
20.35	0.045472
20.351	-0.002564
20.352	-0.063708
20.353	-0.09906
20.354	-0.092241
20.355	-0.069338
20.356	-0.071974
20.357	-0.10934
20.358	-0.142747
20.359	-0.124019
20.36	-0.048695
20.361	0.03778
20.362	0.096325
20.363	0.146892
20.364	0.231836
20.365	0.329761
20.366	0.37367
20.367	0.349425
20.368	0.297416
20.369	0.23946
20.37	0.16076
20.371	0.044706
20.372	-0.100752
20.373	-0.248452
20.374	-0.371873
20.375	-0.455862
20.376	-0.493406
20.377	-0.477804
20.378	-0.401656
20.379	-0.267782
20.38	-0.104919
20.381	0.037715
20.382	0.127754
20.383	0.180873
20.384	0.228366
20.385	0.255144
20.386	0.230771
20.387	0.184925
20.388	0.16796
20.389	0.167597
20.39	0.126842
20.391	0.021111
20.392	-0.107643
20.393	-0.186273
20.394	-0.179928
20.395	-0.130268
20.396	-0.114084
20.397	-0.160464
20.398	-0.219595
20.399	-0.217114
20.4	-0.131122
20.401	-0.009444
20.402	0.079009
20.403	0.101803
20.404	0.071061
20.405	0.010331
20.406	-0.045287
20.407	-0.045096
20.408	0.016315
20.409	0.073638
20.41	0.067999
20.411	0.003141
20.412	-0.090694
20.413	-0.201044
20.414	-0.319924
20.415	-0.410622
20.416	-0.419494
20.417	-0.327946
20.418	-0.174259
20.419	-0.023937
20.42	0.068889
20.421	0.086642
20.422	0.066664
20.423	0.094598
20.424	0.223198
20.425	0.383188
20.426	0.448753
20.427	0.385294
20.428	0.258761
20.429	0.135087
20.43	0.031852
20.431	-0.059894
20.432	-0.148866
20.433	-0.235272
20.434	-0.307058
20.435	-0.341689
20.436	-0.324266
20.437	-0.260055
20.438	-0.165558
20.439	-0.0616
20.44	0.025748
20.441	0.069572
20.442	0.058248
20.443	0.01383
20.444	-0.029372
20.445	-0.065108
20.446	-0.095127
20.447	-0.095807
20.448	-0.054367
20.449	-0.006005
20.45	-0.00016
20.451	-0.046539
20.452	-0.104861
20.453	-0.123243
20.454	-0.087953
20.455	-0.036488
20.456	-0.020123
20.457	-0.053186
20.458	-0.100889
20.459	-0.115649
20.46	-0.079752
20.461	-0.011753
20.462	0.073588
20.463	0.199593
20.464	0.376572
20.465	0.530989
20.466	0.566141
20.467	0.478605
20.468	0.341378
20.469	0.205841
20.47	0.075064
20.471	-0.05856
20.472	-0.184762
20.473	-0.278114
20.474	-0.321956
20.475	-0.329036
20.476	-0.329717
20.477	-0.334565
20.478	-0.319192
20.479	-0.250374
20.48	-0.124861
20.481	0.014441
20.482	0.107588
20.483	0.124389
20.484	0.070505
20.485	-0.031359
20.486	-0.130282
20.487	-0.154058
20.488	-0.083159
20.489	0.012024
20.49	0.042301
20.491	-0.010597
20.492	-0.076904
20.493	-0.06415
20.494	0.043603
20.495	0.151917
20.496	0.144518
20.497	0.004677
20.498	-0.167344
20.499	-0.247561
20.5	-0.188272
20.501	-0.035053
20.502	0.14472
20.503	0.327857
20.504	0.503751
20.505	0.61312
20.506	0.593731
20.507	0.464161
20.508	0.297247
20.509	0.14804
20.51	0.036124
20.511	-0.048705
20.512	-0.140296
20.513	-0.27228
20.514	-0.437729
20.515	-0.573177
20.516	-0.603437
20.517	-0.504741
20.518	-0.316961
20.519	-0.10793
20.52	0.058631
20.521	0.140253
20.522	0.139988
20.523	0.111746
20.524	0.102595
20.525	0.096755
20.526	0.061821
20.527	0.017262
20.528	0.001063
20.529	0.007964
20.53	0.000955
20.531	-0.038345
20.532	-0.089845
20.533	-0.12252
20.534	-0.130084
20.535	-0.132654
20.536	-0.147746
20.537	-0.165137
20.538	-0.152886
20.539	-0.091347
20.54	-0.00105
20.541	0.07796
20.542	0.147544
20.543	0.26997
20.544	0.479186
20.545	0.689758
20.546	0.769427
20.547	0.684855
20.548	0.50766
20.549	0.314592
20.55	0.134215
20.551	-0.036504
20.552	-0.201699
20.553	-0.355298
20.554	-0.48299
20.555	-0.565535
20.556	-0.584353
20.557	-0.530362
20.558	-0.408232
20.559	-0.238005
20.56	-0.059823
20.561	0.077386
20.562	0.150767
20.563	0.181112
20.564	0.193974
20.565	0.180272
20.566	0.137117
20.567	0.106836
20.568	0.118405
20.569	0.132952
20.57	0.087793
20.571	-0.029184
20.572	-0.163324
20.573	-0.24252
20.574	-0.243514
20.575	-0.211462
20.576	-0.207619
20.577	-0.241171
20.578	-0.261159
20.579	-0.214179
20.58	-0.099891
20.581	0.03715
20.582	0.164175
20.583	0.293033
20.584	0.435791
20.585	0.550387
20.586	0.585025
20.587	0.546437
20.588	0.469185
20.589	0.355678
20.59	0.186202
20.591	-0.033101
20.592	-0.252697
20.593	-0.410732
20.594	-0.481463
20.595	-0.491979
20.596	-0.48904
20.597	-0.488463
20.598	-0.458942
20.599	-0.359234
20.6	-0.185997
20.601	0.018244
20.602	0.202812
20.603	0.347764
20.604	0.44532
20.605	0.471442
20.606	0.421536
20.607	0.330932
20.608	0.231125
20.609	0.127254
20.61	0.015885
20.611	-0.102071
20.612	-0.221419
20.613	-0.334494
20.614	-0.424421
20.615	-0.459885
20.616	-0.407176
20.617	-0.246193
20.618	0.004351
20.619	0.248683
20.62	0.345483
20.621	0.228893
20.622	-0.017198
20.623	-0.222065
20.624	-0.282255
20.625	-0.251253
20.626	-0.239204
20.627	-0.264916
20.628	-0.265326
20.629	-0.196962
20.63	-0.073006
20.631	0.068308
20.632	0.193541
20.633	0.282493
20.634	0.333247
20.635	0.360676
20.636	0.378277
20.637	0.383329
20.638	0.363113
20.639	0.302203
20.64	0.181292
20.641	-0.011164
20.642	-0.253221
20.643	-0.487033
20.644	-0.665494
20.645	-0.781624
20.646	-0.823928
20.647	-0.754849
20.648	-0.570109
20.649	-0.331266
20.65	-0.113106
20.651	0.061349
20.652	0.226378
20.653	0.419535
20.654	0.623088
20.655	0.764291
20.656	0.776826
20.657	0.657975
20.658	0.465425
20.659	0.263496
20.66	0.080158
20.661	-0.084787
20.662	-0.214101
20.663	-0.255732
20.664	-0.193741
20.665	-0.105056
20.666	-0.073759
20.667	-0.091379
20.668	-0.096942
20.669	-0.063504
20.67	-0.008114
20.671	0.047925
20.672	0.101524
20.673	0.16102
20.674	0.22878
20.675	0.287442
20.676	0.305665
20.677	0.268559
20.678	0.195289
20.679	0.115745
20.68	0.039044
20.681	-0.05111
20.682	-0.170103
20.683	-0.308267
20.684	-0.449444
20.685	-0.581113
20.686	-0.657733
20.687	-0.613067
20.688	-0.442492
20.689	-0.226258
20.69	-0.052469
20.691	0.062081
20.692	0.17655
20.693	0.357464
20.694	0.590659
20.695	0.763946
20.696	0.760902
20.697	0.572577
20.698	0.303129
20.699	0.07695
20.7	-0.050817
20.701	-0.10688
20.702	-0.132184
20.703	-0.123679
20.704	-0.073595
20.705	-0.028542
20.706	-0.046485
20.707	-0.116809
20.708	-0.171962
20.709	-0.159092
20.71	-0.075391
20.711	0.03985
20.712	0.127212
20.713	0.142536
20.714	0.095739
20.715	0.048503
20.716	0.057483
20.717	0.12312
20.718	0.196503
20.719	0.223597
20.72	0.173085
20.721	0.04242
20.722	-0.125672
20.723	-0.253562
20.724	-0.307236
20.725	-0.33393
20.726	-0.376021
20.727	-0.401292
20.728	-0.357748
20.729	-0.244149
20.73	-0.099901
20.731	0.042916
20.732	0.180347
20.733	0.316789
20.734	0.43673
20.735	0.504365
20.736	0.492102
20.737	0.408364
20.738	0.29518
20.739	0.19274
20.74	0.10142
20.741	-0.009095
20.742	-0.139248
20.743	-0.236252
20.744	-0.26502
20.745	-0.259894
20.746	-0.259705
20.747	-0.24738
20.748	-0.192792
20.749	-0.102931
20.75	-0.008163
20.751	0.074592
20.752	0.154436
20.753	0.242853
20.754	0.323696
20.755	0.357569
20.756	0.319571
20.757	0.228133
20.758	0.132669
20.759	0.070459
20.76	0.032312
20.761	-0.021364
20.762	-0.102284
20.763	-0.17559
20.764	-0.221532
20.765	-0.267116
20.766	-0.316301
20.767	-0.316729
20.768	-0.235731
20.769	-0.111743
20.77	-0.008539
20.771	0.053052
20.772	0.107952
20.773	0.197473
20.774	0.311093
20.775	0.38265
20.776	0.353121
20.777	0.234841
20.778	0.10408
20.779	0.027902
20.78	0.001071
20.781	-0.041112
20.782	-0.151101
20.783	-0.320446
20.784	-0.500011
20.785	-0.639364
20.786	-0.694715
20.787	-0.637816
20.788	-0.480386
20.789	-0.273287
20.79	-0.073175
20.791	0.087431
20.792	0.198589
20.793	0.256205
20.794	0.264403
20.795	0.249213
20.796	0.246641
20.797	0.268854
20.798	0.292581
20.799	0.276656
20.8	0.185063
20.801	0.017836
20.802	-0.15735
20.803	-0.236127
20.804	-0.191357
20.805	-0.116721
20.806	-0.102404
20.807	-0.131524
20.808	-0.136748
20.809	-0.091066
20.81	-0.015937
20.811	0.057264
20.812	0.107514
20.813	0.125809
20.814	0.12186
20.815	0.122509
20.816	0.147008
20.817	0.189045
20.818	0.22579
20.819	0.228033
20.82	0.165122
20.821	0.024384
20.822	-0.160058
20.823	-0.315849
20.824	-0.402308
20.825	-0.439332
20.826	-0.440075
20.827	-0.382291
20.828	-0.264835
20.829	-0.131906
20.83	-0.026524
20.831	0.056794
20.832	0.163222
20.833	0.319922
20.834	0.490114
20.835	0.594131
20.836	0.577092
20.837	0.453262
20.838	0.28809
20.839	0.140127
20.84	0.023475
20.841	-0.074527
20.842	-0.14033
20.843	-0.126589
20.844	-0.036727
20.845	0.041893
20.846	0.04779
20.847	0.01451
20.848	-0.001453
20.849	0.00809
20.85	0.019258
20.851	0.02023
20.852	0.022813
20.853	0.04496
20.854	0.089225
20.855	0.132351
20.856	0.140857
20.857	0.105938
20.858	0.053379
20.859	0.013173
20.86	-0.012893
20.861	-0.050544
20.862	-0.113749
20.863	-0.182256
20.864	-0.241126
20.865	-0.295969
20.866	-0.324759
20.867	-0.283262
20.868	-0.175465
20.869	-0.064585
20.87	-0.003506
20.871	0.024157
20.872	0.09064
20.873	0.248587
20.874	0.459588
20.875	0.612403
20.876	0.629974
20.877	0.53617
20.878	0.402087
20.879	0.264949
20.88	0.117385
20.881	-0.043304
20.882	-0.155024
20.883	-0.11836
20.884	0.061056
20.885	0.228119
20.886	0.245801
20.887	0.132379
20.888	0.000248
20.889	-0.064951
20.89	-0.04849
20.891	0.010762
20.892	0.052972
20.893	0.037619
20.894	-0.020274
20.895	-0.060854
20.896	-0.03932
20.897	0.033488
20.898	0.110256
20.899	0.147112
20.9	0.116531
20.901	0.011252
20.902	-0.129648
20.903	-0.233311
20.904	-0.278589
20.905	-0.31499
20.906	-0.361993
20.907	-0.370566
20.908	-0.302903
20.909	-0.180904
20.91	-0.050221
20.911	0.068406
20.912	0.184873
20.913	0.305515
20.914	0.406723
20.915	0.448815
20.916	0.411152
20.917	0.313075
20.918	0.202379
20.919	0.115315
20.92	0.044216
20.921	-0.035038
20.922	-0.093508
20.923	-0.057273
20.924	0.072875
20.925	0.183679
20.926	0.187311
20.927	0.114217
20.928	0.042992
20.929	0.014235
20.93	0.020788
20.931	0.036857
20.932	0.040481
20.933	0.020581
20.934	-0.01806
20.935	-0.055784
20.936	-0.072916
20.937	-0.061949
20.938	-0.026127
20.939	0.018661
20.94	0.036677
20.941	-0.006536
20.942	-0.097752
20.943	-0.1823
20.944	-0.240851
20.945	-0.300554
20.946	-0.348958
20.947	-0.326636
20.948	-0.2179
20.949	-0.078747
20.95	0.027953
20.951	0.094607
20.952	0.162906
20.953	0.264488
20.954	0.373047
20.955	0.420186
20.956	0.363813
20.957	0.235193
20.958	0.111747
20.959	0.043617
20.96	0.010724
20.961	-0.04211
20.962	-0.132203
20.963	-0.224759
20.964	-0.295167
20.965	-0.346571
20.966	-0.355112
20.967	-0.281066
20.968	-0.140142
20.969	-0.004183
20.97	0.068276
20.971	0.0827
20.972	0.09297
20.973	0.140316
20.974	0.207114
20.975	0.233811
20.976	0.183073
20.977	0.08
20.978	-0.012322
20.979	-0.053119
20.98	-0.057816
20.981	-0.07119
20.982	-0.109481
20.983	-0.149984
20.984	-0.188596
20.985	-0.246195
20.986	-0.302728
20.987	-0.307987
20.988	-0.249581
20.989	-0.153641
20.99	-0.047426
20.991	0.05167
20.992	0.127317
20.993	0.165813
20.994	0.174559
20.995	0.183464
20.996	0.213281
20.997	0.254029
20.998	0.276238
20.999	0.245102
21.0	0.131461
21.001	-0.066392
21.002	-0.299312
21.003	-0.488585
21.004	-0.601127
21.005	-0.656643
21.006	-0.64948
21.007	-0.549703
21.008	-0.373499
21.009	-0.183624
21.01	-0.031347
21.011	0.074059
21.012	0.146638
21.013	0.194946
21.014	0.220839
21.015	0.231664
21.016	0.234677
21.017	0.227156
21.018	0.200386
21.019	0.143634
21.02	0.046663
21.021	-0.081753
21.022	-0.183983
21.023	-0.185725
21.024	-0.104123
21.025	-0.047206
21.026	-0.066845
21.027	-0.110172
21.028	-0.117878
21.029	-0.085317
21.03	-0.03511
21.031	0.019654
21.032	0.079178
21.033	0.144653
21.034	0.208602
21.035	0.250946
21.036	0.251134
21.037	0.210039
21.038	0.14854
21.039	0.082373
21.04	0.003239
21.041	-0.110854
21.042	-0.251772
21.043	-0.368453
21.044	-0.426454
21.045	-0.433362
21.046	-0.389706
21.047	-0.2851
21.048	-0.148341
21.049	-0.048128
21.05	-0.037946
21.051	-0.117666
21.052	-0.24624
21.053	-0.375448
21.054	-0.469789
21.055	-0.511933
21.056	-0.500712
21.057	-0.439271
21.058	-0.329775
21.059	-0.189815
21.06	-0.059553
21.061	0.02525
21.062	0.070656
21.063	0.111053
21.064	0.141168
21.065	0.126607
21.066	0.090182
21.067	0.08896
21.068	0.118369
21.069	0.115436
21.07	0.042173
21.071	-0.063686
21.072	-0.116728
21.073	-0.065601
21.074	0.046321
21.075	0.112302
21.076	0.063308
21.077	-0.067278
21.078	-0.180698
21.079	-0.203842
21.08	-0.140354
21.081	-0.041472
21.082	0.069346
21.083	0.213357
21.084	0.373755
21.085	0.467502
21.086	0.440873
21.087	0.324779
21.088	0.185629
21.089	0.069354
21.09	-0.013599
21.091	-0.082633
21.092	-0.172411
21.093	-0.297522
21.094	-0.418303
21.095	-0.464387
21.096	-0.400918
21.097	-0.257464
21.098	-0.100002
21.099	0.011657
21.1	0.048385
21.101	0.023882
21.102	0.004919
21.103	0.062164
21.104	0.168653
21.105	0.219946
21.106	0.176613
21.107	0.096705
21.108	0.03847
21.109	0.007101
21.11	-0.01648
21.111	-0.038881
21.112	-0.050874
21.113	-0.044704
21.114	-0.025929
21.115	-0.011144
21.116	-0.01337
21.117	-0.026702
21.118	-0.03049
21.119	-0.014097
21.12	0.002783
21.121	-0.009396
21.122	-0.03658
21.123	-0.028479
21.124	0.016278
21.125	0.043831
21.126	0.038639
21.127	0.035234
21.128	0.046235
21.129	0.048274
21.13	0.022887
21.131	-0.020876
21.132	-0.058095
21.133	-0.074884
21.134	-0.082412
21.135	-0.101791
21.136	-0.136204
21.137	-0.162782
21.138	-0.152414
21.139	-0.098814
21.14	-0.030767
21.141	0.018725
21.142	0.06286
21.143	0.139301
21.144	0.221425
21.145	0.233517
21.146	0.171525
21.147	0.107816
21.148	0.083151
21.149	0.072908
21.15	0.041561
21.151	-0.008898
21.152	-0.042334
21.153	-0.033268
21.154	-0.002907
21.155	-0.002379
21.156	-0.056723
21.157	-0.131569
21.158	-0.161908
21.159	-0.117203
21.16	-0.036297
21.161	0.011963
21.162	0.001243
21.163	-0.04405
21.164	-0.106965
21.165	-0.176878
21.166	-0.201654
21.167	-0.136007
21.168	-0.01799
21.169	0.065504
21.17	0.067953
21.171	0.023946
21.172	0.013479
21.173	0.077588
21.174	0.163822
21.175	0.173293
21.176	0.068473
21.177	-0.084432
21.178	-0.180768
21.179	-0.170981
21.18	-0.090544
21.181	-0.001807
21.182	0.085377
21.183	0.203667
21.184	0.330363
21.185	0.375936
21.186	0.302681
21.187	0.173419
21.188	0.070273
21.189	0.023408
21.19	0.012461
21.191	-0.002176
21.192	-0.055733
21.193	-0.155276
21.194	-0.260424
21.195	-0.30587
21.196	-0.255395
21.197	-0.12807
21.198	0.020077
21.199	0.122773
21.2	0.127369
21.201	0.029401
21.202	-0.107015
21.203	-0.19935
21.204	-0.235272
21.205	-0.256179
21.206	-0.261063
21.207	-0.213969
21.208	-0.120745
21.209	-0.030317
21.21	0.022137
21.211	0.047828
21.212	0.082849
21.213	0.13979
21.214	0.190187
21.215	0.199773
21.216	0.167972
21.217	0.124702
21.218	0.095965
21.219	0.07523
21.22	0.035107
21.221	-0.021525
21.222	-0.02616
21.223	0.093715
21.224	0.290405
21.225	0.418302
21.226	0.406926
21.227	0.311887
21.228	0.208537
21.229	0.122101
21.23	0.043362
21.231	-0.039591
21.232	-0.128876
21.233	-0.214211
21.234	-0.273715
21.235	-0.286355
21.236	-0.247798
21.237	-0.170105
21.238	-0.075436
21.239	0.002272
21.24	0.026818
21.241	-0.011853
21.242	-0.077018
21.243	-0.119075
21.244	-0.140521
21.245	-0.169346
21.246	-0.180612
21.247	-0.131299
21.248	-0.041632
21.249	0.023664
21.25	0.031451
21.251	0.014138
21.252	0.035576
21.253	0.122241
21.254	0.226829
21.255	0.268885
21.256	0.213121
21.257	0.099623
21.258	-0.002144
21.259	-0.055268
21.26	-0.068628
21.261	-0.054784
21.262	0.018012
21.263	0.185293
21.264	0.384877
21.265	0.490667
21.266	0.461349
21.267	0.359908
21.268	0.248491
21.269	0.139764
21.27	0.026678
21.271	-0.085485
21.272	-0.1758
21.273	-0.223976
21.274	-0.23172
21.275	-0.226552
21.276	-0.231123
21.277	-0.234451
21.278	-0.209105
21.279	-0.147756
21.28	-0.075599
21.281	-0.028085
21.282	-0.01319
21.283	-0.019004
21.284	-0.055274
21.285	-0.122602
21.286	-0.161417
21.287	-0.116324
21.288	-0.019727
21.289	0.045341
21.29	0.039245
21.291	0.006744
21.292	0.03629
21.293	0.166281
21.294	0.322396
21.295	0.37211
21.296	0.255865
21.297	0.046245
21.298	-0.124314
21.299	-0.176333
21.3	-0.129725
21.301	-0.052996
21.302	0.021605
21.303	0.105661
21.304	0.182873
21.305	0.199165
21.306	0.141522
21.307	0.059289
21.308	0.003469
21.309	-0.010867
21.31	0.000754
21.311	0.006297
21.312	-0.024731
21.313	-0.097706
21.314	-0.18031
21.315	-0.222425
21.316	-0.196104
21.317	-0.11561
21.318	-0.022241
21.319	0.039725
21.32	0.039693
21.321	-0.012936
21.322	-0.055084
21.323	-0.030991
21.324	0.023941
21.325	0.027618
21.326	-0.026469
21.327	-0.072869
21.328	-0.072207
21.329	-0.040128
21.33	-0.005163
21.331	0.026672
21.332	0.067642
21.333	0.119428
21.334	0.158547
21.335	0.156132
21.336	0.111124
21.337	0.057634
21.338	0.033986
21.339	0.040301
21.34	0.031262
21.341	-0.036898
21.342	-0.156555
21.343	-0.284859
21.344	-0.394889
21.345	-0.464879
21.346	-0.448532
21.347	-0.325696
21.348	-0.149685
21.349	-0.003465
21.35	0.066912
21.351	0.071866
21.352	0.050173
21.353	0.028077
21.354	0.003363
21.355	-0.035412
21.356	-0.080031
21.357	-0.101506
21.358	-0.079388
21.359	-0.029565
21.36	0.004292
21.361	-0.001438
21.362	-0.017788
21.363	-0.008134
21.364	0.00419
21.365	-0.022236
21.366	-0.059929
21.367	-0.050941
21.368	0.002796
21.369	0.046859
21.37	0.045237
21.371	0.018519
21.372	0.017919
21.373	0.066451
21.374	0.126409
21.375	0.133955
21.376	0.069952
21.377	-0.015599
21.378	-0.055881
21.379	-0.037219
21.38	-0.010097
21.381	-0.036848
21.382	-0.137251
21.383	-0.285123
21.384	-0.437049
21.385	-0.530193
21.386	-0.491907
21.387	-0.31771
21.388	-0.102597
21.389	0.047741
21.39	0.107171
21.391	0.114358
21.392	0.10139
21.393	0.071812
21.394	0.035729
21.395	0.026213
21.396	0.0662
21.397	0.137475
21.398	0.190652
21.399	0.175353
21.4	0.07486
21.401	-0.061426
21.402	-0.126664
21.403	-0.050751
21.404	0.099245
21.405	0.184164
21.406	0.155707
21.407	0.077377
21.408	0.018868
21.409	-0.001991
21.41	-0.002013
21.411	-0.004812
21.412	-0.026585
21.413	-0.06386
21.414	-0.089206
21.415	-0.073122
21.416	-0.012727
21.417	0.066707
21.418	0.12709
21.419	0.130693
21.42	0.057666
21.421	-0.072197
21.422	-0.19717
21.423	-0.264137
21.424	-0.283726
21.425	-0.290342
21.426	-0.274213
21.427	-0.210893
21.428	-0.118796
21.429	-0.041558
21.43	0.006101
21.431	0.055749
21.432	0.148999
21.433	0.283787
21.434	0.402219
21.435	0.43807
21.436	0.374873
21.437	0.254689
21.438	0.13328
21.439	0.036277
21.44	-0.040813
21.441	-0.092447
21.442	-0.074581
21.443	0.03772
21.444	0.173576
21.445	0.229426
21.446	0.192505
21.447	0.127696
21.448	0.08036
21.449	0.04761
21.45	0.014207
21.451	-0.018933
21.452	-0.035915
21.453	-0.023987
21.454	0.007758
21.455	0.030029
21.456	0.023087
21.457	-0.001907
21.458	-0.020155
21.459	-0.023478
21.46	-0.029734
21.461	-0.059393
21.462	-0.105268
21.463	-0.150083
21.464	-0.200199
21.465	-0.253401
21.466	-0.263813
21.467	-0.196361
21.468	-0.080616
21.469	0.027746
21.47	0.10578
21.471	0.160727
21.472	0.188606
21.473	0.158998
21.474	0.046058
21.475	-0.133584
21.476	-0.314339
21.477	-0.413523
21.478	-0.385262
21.479	-0.2514
21.48	-0.078633
21.481	0.075485
21.482	0.19616
21.483	0.282588
21.484	0.310666
21.485	0.273172
21.486	0.213659
21.487	0.166312
21.488	0.114803
21.489	0.035747
21.49	-0.066588
21.491	-0.175539
21.492	-0.279427
21.493	-0.363713
21.494	-0.400526
21.495	-0.366326
21.496	-0.268088
21.497	-0.139918
21.498	-0.022181
21.499	0.052575
21.5	0.070368
21.501	0.056495
21.502	0.080571
21.503	0.188308
21.504	0.326459
21.505	0.397156
21.506	0.368651
21.507	0.278696
21.508	0.16642
21.509	0.045895
21.51	-0.077944
21.511	-0.19761
21.512	-0.303896
21.513	-0.384995
21.514	-0.425208
21.515	-0.412948
21.516	-0.349106
21.517	-0.247522
21.518	-0.132061
21.519	-0.030492
21.52	0.038695
21.521	0.090733
21.522	0.176337
21.523	0.313823
21.524	0.433128
21.525	0.449462
21.526	0.367358
21.527	0.25474
21.528	0.152558
21.529	0.054874
21.53	-0.051547
21.531	-0.158039
21.532	-0.239414
21.533	-0.278821
21.534	-0.283544
21.535	-0.274332
21.536	-0.259554
21.537	-0.224582
21.538	-0.149871
21.539	-0.042419
21.54	0.055564
21.541	0.105685
21.542	0.112092
21.543	0.096836
21.544	0.062278
21.545	0.01722
21.546	0.000401
21.547	0.029061
21.548	0.061852
21.549	0.045822
21.55	-0.0216
21.551	-0.083591
21.552	-0.074191
21.553	0.008145
21.554	0.083068
21.555	0.066966
21.556	-0.037717
21.557	-0.14759
21.558	-0.178639
21.559	-0.113135
21.56	0.002635
21.561	0.122972
21.562	0.247009
21.563	0.373951
21.564	0.452041
21.565	0.436023
21.566	0.359004
21.567	0.283033
21.568	0.217933
21.569	0.12966
21.57	0.000765
21.571	-0.138025
21.572	-0.233465
21.573	-0.263432
21.574	-0.261714
21.575	-0.280887
21.576	-0.327581
21.577	-0.347091
21.578	-0.27967
21.579	-0.127774
21.58	0.038927
21.581	0.145039
21.582	0.163294
21.583	0.105102
21.584	-0.003967
21.585	-0.111343
21.586	-0.153393
21.587	-0.120271
21.588	-0.061784
21.589	-0.026305
21.59	-0.023901
21.591	-0.035288
21.592	-0.04125
21.593	-0.043557
21.594	-0.054082
21.595	-0.068934
21.596	-0.066066
21.597	-0.028531
21.598	0.03388
21.599	0.083616
21.6	0.089871
21.601	0.082839
21.602	0.150319
21.603	0.329833
21.604	0.523742
21.605	0.593635
21.606	0.511833
21.607	0.357321
21.608	0.207706
21.609	0.084549
21.61	-0.028462
21.611	-0.15399
21.612	-0.300836
21.613	-0.447667
21.614	-0.5443
21.615	-0.544662
21.616	-0.441834
21.617	-0.269094
21.618	-0.080718
21.619	0.062563
21.62	0.117755
21.621	0.094159
21.622	0.049803
21.623	0.026656
21.624	0.009997
21.625	-0.016246
21.626	-0.024233
21.627	0.006827
21.628	0.044343
21.629	0.037858
21.63	-0.021381
21.631	-0.088226
21.632	-0.108398
21.633	-0.075325
21.634	-0.03535
21.635	-0.032854
21.636	-0.063706
21.637	-0.086415
21.638	-0.069599
21.639	-0.02279
21.64	0.025246
21.641	0.081578
21.642	0.200561
21.643	0.398484
21.644	0.584462
21.645	0.647907
21.646	0.578636
21.647	0.442358
21.648	0.288265
21.649	0.12412
21.65	-0.051558
21.651	-0.225154
21.652	-0.370673
21.653	-0.464128
21.654	-0.496836
21.655	-0.47873
21.656	-0.422725
21.657	-0.330047
21.658	-0.204599
21.659	-0.072001
21.66	0.031566
21.661	0.093106
21.662	0.135029
21.663	0.171074
21.664	0.179205
21.665	0.155196
21.666	0.137516
21.667	0.143395
21.668	0.132152
21.669	0.056017
21.67	-0.07368
21.671	-0.178161
21.672	-0.173936
21.673	-0.059398
21.674	0.064764
21.675	0.082393
21.676	-0.027123
21.677	-0.175168
21.678	-0.253712
21.679	-0.222124
21.68	-0.111765
21.681	0.04063
21.682	0.239061
21.683	0.474795
21.684	0.664704
21.685	0.708445
21.686	0.587693
21.687	0.373506
21.688	0.15701
21.689	-0.009845
21.69	-0.128201
21.691	-0.234051
21.692	-0.35981
21.693	-0.491876
21.694	-0.569275
21.695	-0.53838
21.696	-0.40315
21.697	-0.219983
21.698	-0.056356
21.699	0.042389
21.7	0.067425
21.701	0.060135
21.702	0.091516
21.703	0.177699
21.704	0.245713
21.705	0.229619
21.706	0.15173
21.707	0.073702
21.708	0.019632
21.709	-0.025233
21.71	-0.074221
21.711	-0.120051
21.712	-0.146898
21.713	-0.149963
21.714	-0.140267
21.715	-0.131062
21.716	-0.120872
21.717	-0.093041
21.718	-0.035229
21.719	0.036533
21.72	0.082457
21.721	0.085638
21.722	0.074036
21.723	0.068846
21.724	0.05178
21.725	0.016678
21.726	-0.002919
21.727	0.012243
21.728	0.034268
21.729	0.022912
21.73	-0.035246
21.731	-0.123889
21.732	-0.217594
21.733	-0.298371
21.734	-0.355894
21.735	-0.379861
21.736	-0.357036
21.737	-0.278489
21.738	-0.152818
21.739	-0.014715
21.74	0.092829
21.741	0.162903
21.742	0.22937
21.743	0.297684
21.744	0.316209
21.745	0.259639
21.746	0.177524
21.747	0.121678
21.748	0.084079
21.749	0.026298
21.75	-0.063219
21.751	-0.152639
21.752	-0.201468
21.753	-0.205296
21.754	-0.200949
21.755	-0.223622
21.756	-0.260833
21.757	-0.257693
21.758	-0.173779
21.759	-0.034101
21.76	0.082869
21.761	0.109211
21.762	0.030448
21.763	-0.125195
21.764	-0.295643
21.765	-0.383767
21.766	-0.320836
21.767	-0.14799
21.768	0.011317
21.769	0.060343
21.77	0.001505
21.771	-0.078701
21.772	-0.093822
21.773	-0.042933
21.774	-0.008577
21.775	-0.058804
21.776	-0.167492
21.777	-0.241827
21.778	-0.213336
21.779	-0.094569
21.78	0.050487
21.781	0.184233
21.782	0.321927
21.783	0.463875
21.784	0.544296
21.785	0.501271
21.786	0.359056
21.787	0.196348
21.788	0.067089
21.789	-0.025046
21.79	-0.104373
21.791	-0.199252
21.792	-0.322257
21.793	-0.448456
21.794	-0.519521
21.795	-0.487043
21.796	-0.352325
21.797	-0.162833
21.798	0.0147
21.799	0.118103
21.8	0.120578
21.801	0.060669
21.802	0.01819
21.803	0.027673
21.804	0.048482
21.805	0.045649
21.806	0.036043
21.807	0.037183
21.808	0.030854
21.809	-0.007681
21.81	-0.069649
21.811	-0.114053
21.812	-0.109729
21.813	-0.070478
21.814	-0.038378
21.815	-0.036179
21.816	-0.047571
21.817	-0.040622
21.818	-0.004932
21.819	0.037603
21.82	0.06607
21.821	0.108799
21.822	0.229512
21.823	0.422754
21.824	0.5755
21.825	0.593085
21.826	0.494802
21.827	0.352533
21.828	0.205754
21.829	0.05542
21.83	-0.102645
21.831	-0.26011
21.832	-0.398379
21.833	-0.493903
21.834	-0.526856
21.835	-0.493377
21.836	-0.403657
21.837	-0.271896
21.838	-0.121161
21.839	0.012883
21.84	0.100779
21.841	0.14922
21.842	0.19506
21.843	0.24359
21.844	0.256135
21.845	0.22508
21.846	0.189752
21.847	0.165326
21.848	0.11791
21.849	0.017101
21.85	-0.11281
21.851	-0.200222
21.852	-0.189243
21.853	-0.101483
21.854	-0.02536
21.855	-0.032785
21.856	-0.111099
21.857	-0.181941
21.858	-0.177071
21.859	-0.089696
21.86	0.041896
21.861	0.197363
21.862	0.389688
21.863	0.589902
21.864	0.706132
21.865	0.687798
21.866	0.578314
21.867	0.438552
21.868	0.28176
21.869	0.09518
21.87	-0.115331
21.871	-0.315133
21.872	-0.462354
21.873	-0.537992
21.874	-0.558648
21.875	-0.55115
21.876	-0.514537
21.877	-0.421783
21.878	-0.258496
21.879	-0.054537
21.88	0.126607
21.881	0.249167
21.882	0.337203
21.883	0.404891
21.884	0.408985
21.885	0.325071
21.886	0.201358
21.887	0.09864
21.888	0.030984
21.889	-0.02135
21.89	-0.074771
21.891	-0.130419
21.892	-0.18371
21.893	-0.2253
21.894	-0.228342
21.895	-0.14821
21.896	0.039356
21.897	0.277842
21.898	0.432071
21.899	0.389287
21.9	0.156704
21.901	-0.134433
21.902	-0.326968
21.903	-0.381206
21.904	-0.387762
21.905	-0.415475
21.906	-0.431168
21.907	-0.376482
21.908	-0.242709
21.909	-0.063402
21.91	0.123324
21.911	0.29242
21.912	0.430029
21.913	0.530624
21.914	0.592757
21.915	0.611107
21.916	0.578021
21.917	0.492245
21.918	0.357699
21.919	0.17286
21.92	-0.066268
21.921	-0.33561
21.922	-0.579561
21.923	-0.765268
21.924	-0.889019
21.925	-0.918532
21.926	-0.810184
21.927	-0.58348
21.928	-0.31709
21.929	-0.076904
21.93	0.126731
21.931	0.321427
21.932	0.524421
21.933	0.705629
21.934	0.799799
21.935	0.765175
21.936	0.623755
21.937	0.436185
21.938	0.250124
21.939	0.076124
21.94	-0.091403
21.941	-0.225882
21.942	-0.277104
21.943	-0.257697
21.944	-0.249355
21.945	-0.286125
21.946	-0.312724
21.947	-0.272394
21.948	-0.168855
21.949	-0.040999
21.95	0.084128
21.951	0.206483
21.952	0.332237
21.953	0.444959
21.954	0.503682
21.955	0.476948
21.956	0.37759
21.957	0.255703
21.958	0.152867
21.959	0.062092
21.96	-0.058468
21.961	-0.226449
21.962	-0.415919
21.963	-0.601551
21.964	-0.758935
21.965	-0.820374
21.966	-0.72216
21.967	-0.494161
21.968	-0.238341
21.969	-0.031386
21.97	0.132942
21.971	0.322026
21.972	0.576483
21.973	0.830634
21.974	0.945881
21.975	0.842473
21.976	0.578757
21.977	0.294505
21.978	0.094295
21.979	-0.014808
21.98	-0.083956
21.981	-0.135837
21.982	-0.150182
21.983	-0.139495
21.984	-0.157612
21.985	-0.20348
21.986	-0.209741
21.987	-0.141624
21.988	-0.036461
21.989	0.050102
21.99	0.100494
21.991	0.136273
21.992	0.173587
21.993	0.200075
21.994	0.210586
21.995	0.22951
21.996	0.270793
21.997	0.308775
21.998	0.294413
21.999	0.181416
22.0	-0.036009
22.001	-0.289303
22.002	-0.479075
22.003	-0.579963
22.004	-0.640219
22.005	-0.668239
22.006	-0.615673
22.007	-0.464808
22.008	-0.257199
22.009	-0.047134
22.01	0.142264
22.011	0.316979
22.012	0.476307
22.013	0.591876
22.014	0.630067
22.015	0.58922
22.016	0.50229
22.017	0.403756
22.018	0.2966
22.019	0.154221
22.02	-0.029361
22.021	-0.187619
22.022	-0.224567
22.023	-0.14443
22.024	-0.064931
22.025	-0.062306
22.026	-0.09663
22.027	-0.099422
22.028	-0.052456
22.029	0.019402
22.03	0.085049
22.031	0.124095
22.032	0.13088
22.033	0.119655
22.034	0.116232
22.035	0.136028
22.036	0.174544
22.037	0.212837
22.038	0.21784
22.039	0.149845
22.04	-0.003623
22.041	-0.195566
22.042	-0.351052
22.043	-0.450797
22.044	-0.523419
22.045	-0.550698
22.046	-0.479846
22.047	-0.317633
22.048	-0.135158
22.049	0.007799
22.05	0.114497
22.051	0.232947
22.052	0.390523
22.053	0.548824
22.054	0.63183
22.055	0.597315
22.056	0.473223
22.057	0.325522
22.058	0.195546
22.059	0.076482
22.06	-0.047761
22.061	-0.14681
22.062	-0.160107
22.063	-0.096468
22.064	-0.042055
22.065	-0.036298
22.066	-0.037726
22.067	-0.012915
22.068	0.022732
22.069	0.042793
22.07	0.045842
22.071	0.053031
22.072	0.083869
22.073	0.135103
22.074	0.178261
22.075	0.184205
22.076	0.154459
22.077	0.116367
22.078	0.085534
22.079	0.047007
22.08	-0.022716
22.081	-0.116761
22.082	-0.204883
22.083	-0.290222
22.084	-0.392454
22.085	-0.474174
22.086	-0.472528
22.087	-0.379521
22.088	-0.233702
22.089	-0.071205
22.09	0.087769
22.091	0.228174
22.092	0.337706
22.093	0.416163
22.094	0.472437
22.095	0.507431
22.096	0.509224
22.097	0.462241
22.098	0.354141
22.099	0.178278
22.1	-0.050088
22.101	-0.263616
22.102	-0.375945
22.103	-0.384416
22.104	-0.369181
22.105	-0.370345
22.106	-0.353778
22.107	-0.287577
22.108	-0.179185
22.109	-0.05131
22.11	0.079337
22.111	0.20139
22.112	0.304027
22.113	0.377727
22.114	0.415865
22.115	0.417293
22.116	0.387442
22.117	0.331299
22.118	0.245344
22.119	0.118848
22.12	-0.042951
22.121	-0.185969
22.122	-0.24334
22.123	-0.23345
22.124	-0.243277
22.125	-0.294444
22.126	-0.321552
22.127	-0.275005
22.128	-0.168191
22.129	-0.040384
22.13	0.08582
22.131	0.211618
22.132	0.338381
22.133	0.445554
22.134	0.497654
22.135	0.47504
22.136	0.395637
22.137	0.301426
22.138	0.216805
22.139	0.120012
22.14	-0.028588
22.141	-0.225257
22.142	-0.420853
22.143	-0.583933
22.144	-0.701718
22.145	-0.726669
22.146	-0.615754
22.147	-0.405223
22.148	-0.181688
22.149	-0.001711
22.15	0.143573
22.151	0.301315
22.152	0.489792
22.153	0.654634
22.154	0.709237
22.155	0.62217
22.156	0.448991
22.157	0.279195
22.158	0.160538
22.159	0.072613
22.16	-0.02368
22.161	-0.117583
22.162	-0.166388
22.163	-0.184089
22.164	-0.227421
22.165	-0.285079
22.166	-0.285405
22.167	-0.203979
22.168	-0.087363
22.169	0.011238
22.17	0.085863
22.171	0.171238
22.172	0.290101
22.173	0.410153
22.174	0.461959
22.175	0.408841
22.176	0.290182
22.177	0.184047
22.178	0.12817
22.179	0.084262
22.18	-0.016432
22.181	-0.199025
22.182	-0.429359
22.183	-0.656642
22.184	-0.823179
22.185	-0.860409
22.186	-0.744337
22.187	-0.524457
22.188	-0.273427
22.189	-0.037037
22.19	0.175934
22.191	0.371225
22.192	0.538233
22.193	0.648922
22.194	0.687259
22.195	0.666688
22.196	0.612673
22.197	0.534404
22.198	0.412911
22.199	0.222483
22.2	-0.016395
22.201	-0.206262
22.202	-0.246206
22.203	-0.165466
22.204	-0.102631
22.205	-0.127155
22.206	-0.180538
22.207	-0.183881
22.208	-0.117868
22.209	-0.011693
22.21	0.093576
22.211	0.16498
22.212	0.192122
22.213	0.199041
22.214	0.226712
22.215	0.292683
22.216	0.375454
22.217	0.431509
22.218	0.411722
22.219	0.278966
22.22	0.038618
22.221	-0.244015
22.222	-0.484539
22.223	-0.653338
22.224	-0.758885
22.225	-0.77132
22.226	-0.652219
22.227	-0.433272
22.228	-0.197262
22.229	0.000263
22.23	0.168274
22.231	0.348469
22.232	0.551284
22.233	0.728322
22.234	0.813364
22.235	0.781822
22.236	0.665187
22.237	0.514428
22.238	0.353898
22.239	0.176741
22.24	-0.010717
22.241	-0.147235
22.242	-0.164178
22.243	-0.096558
22.244	-0.059146
22.245	-0.092823
22.246	-0.136428
22.247	-0.134114
22.248	-0.087323
22.249	-0.021569
22.25	0.0502
22.251	0.131419
22.252	0.227109
22.253	0.328069
22.254	0.405707
22.255	0.431698
22.256	0.405149
22.257	0.345854
22.258	0.263164
22.259	0.143701
22.26	-0.02744
22.261	-0.231509
22.262	-0.426201
22.263	-0.594351
22.264	-0.722011
22.265	-0.748992
22.266	-0.628579
22.267	-0.406601
22.268	-0.182098
22.269	-0.011007
22.27	0.13492
22.271	0.325479
22.272	0.584519
22.273	0.837469
22.274	0.959081
22.275	0.885537
22.276	0.670214
22.277	0.426482
22.278	0.232464
22.279	0.091633
22.28	-0.023646
22.281	-0.098419
22.282	-0.090002
22.283	-0.030578
22.284	-0.025475
22.285	-0.117447
22.286	-0.235313
22.287	-0.28262
22.288	-0.218633
22.289	-0.068718
22.29	0.099828
22.291	0.216132
22.292	0.255334
22.293	0.262276
22.294	0.306176
22.295	0.406885
22.296	0.516151
22.297	0.562124
22.298	0.496376
22.299	0.308375
22.3	0.033721
22.301	-0.240121
22.302	-0.429755
22.303	-0.539902
22.304	-0.628564
22.305	-0.691907
22.306	-0.666614
22.307	-0.525492
22.308	-0.30447
22.309	-0.056384
22.31	0.188692
22.311	0.423569
22.312	0.63828
22.313	0.80487
22.314	0.890369
22.315	0.880918
22.316	0.79209
22.317	0.654602
22.318	0.482019
22.319	0.25771
22.32	-0.019908
22.321	-0.27925
22.322	-0.409242
22.323	-0.375234
22.324	-0.256578
22.325	-0.151162
22.326	-0.094368
22.327	-0.074689
22.328	-0.074549
22.329	-0.080464
22.33	-0.077035
22.331	-0.048411
22.332	0.013817
22.333	0.10413
22.334	0.20031
22.335	0.274911
22.336	0.316625
22.337	0.332
22.338	0.322834
22.339	0.268145
22.34	0.142418
22.341	-0.042362
22.342	-0.241632
22.343	-0.424556
22.344	-0.563188
22.345	-0.601616
22.346	-0.510174
22.347	-0.341136
22.348	-0.180745
22.349	-0.06672
22.35	0.035931
22.351	0.190161
22.352	0.409888
22.353	0.622554
22.354	0.725663
22.355	0.683339
22.356	0.551827
22.357	0.417548
22.358	0.325107
22.359	0.258517
22.36	0.187941
22.361	0.125338
22.362	0.097556
22.363	0.073821
22.364	-0.000355
22.365	-0.103054
22.366	-0.158462
22.367	-0.139523
22.368	-0.084354
22.369	-0.034792
22.37	0.009371
22.371	0.081556
22.372	0.200614
22.373	0.334956
22.374	0.422323
22.375	0.429069
22.376	0.38305
22.377	0.342552
22.378	0.33144
22.379	0.309703
22.38	0.221156
22.381	0.067192
22.382	-0.096403
22.383	-0.2392
22.384	-0.372964
22.385	-0.481946
22.386	-0.51489
22.387	-0.447619
22.388	-0.302018
22.389	-0.114234
22.39	0.092369
22.391	0.304669
22.392	0.50248
22.393	0.657857
22.394	0.752985
22.395	0.789643
22.396	0.778943
22.397	0.724941
22.398	0.613813
22.399	0.427547
22.4	0.193378
22.401	0.007405
22.402	-0.050065
22.403	-0.027126
22.404	-0.04748
22.405	-0.14718
22.406	-0.248568
22.407	-0.271478
22.408	-0.203552
22.409	-0.083431
22.41	0.040129
22.411	0.131801
22.412	0.186741
22.413	0.23713
22.414	0.321623
22.415	0.444405
22.416	0.571924
22.417	0.655731
22.418	0.6454
22.419	0.503513
22.42	0.242048
22.421	-0.062746
22.422	-0.329254
22.423	-0.538951
22.424	-0.697877
22.425	-0.766243
22.426	-0.699515
22.427	-0.520929
22.428	-0.302769
22.429	-0.096601
22.43	0.10159
22.431	0.322477
22.432	0.56639
22.433	0.783704
22.434	0.91574
22.435	0.944622
22.436	0.896606
22.437	0.80335
22.438	0.664893
22.439	0.460667
22.44	0.205219
22.441	-0.022898
22.442	-0.149004
22.443	-0.198602
22.444	-0.254836
22.445	-0.330263
22.446	-0.365306
22.447	-0.324928
22.448	-0.22997
22.449	-0.114758
22.45	0.008297
22.451	0.145572
22.452	0.301469
22.453	0.464746
22.454	0.610572
22.455	0.714686
22.456	0.766322
22.457	0.760703
22.458	0.679182
22.459	0.496436
22.46	0.217788
22.461	-0.102094
22.462	-0.400201
22.463	-0.653157
22.464	-0.840434
22.465	-0.901014
22.466	-0.797296
22.467	-0.581298
22.468	-0.348798
22.469	-0.149179
22.47	0.04713
22.471	0.300954
22.472	0.62222
22.473	0.935169
22.474	1.13326
22.475	1.166267
22.476	1.068049
22.477	0.905386
22.478	0.713115
22.479	0.48193
22.48	0.202384
22.481	-0.08947
22.482	-0.338343
22.483	-0.530625
22.484	-0.669356
22.485	-0.718755
22.486	-0.646819
22.487	-0.488019
22.488	-0.31364
22.489	-0.159471
22.49	0.000975
22.491	0.219963
22.492	0.511027
22.493	0.812578
22.494	1.022641
22.495	1.081781
22.496	1.014025
22.497	0.880824
22.498	0.714533
22.499	0.50229
22.5	0.224494
22.501	-0.094704
22.502	-0.398795
22.503	-0.659897
22.504	-0.873264
22.505	-1.000323
22.506	-0.986005
22.507	-0.824107
22.508	-0.563066
22.509	-0.258816
22.51	0.058573
22.511	0.381419
22.512	0.704822
22.513	1.010951
22.514	1.261956
22.515	1.410377
22.516	1.423584
22.517	1.29534
22.518	1.033807
22.519	0.651672
22.52	0.189866
22.521	-0.260585
22.522	-0.612208
22.523	-0.853103
22.524	-1.011443
22.525	-1.075712
22.526	-1.01213
22.527	-0.828129
22.528	-0.570533
22.529	-0.28121
22.53	0.025177
22.531	0.350125
22.532	0.686632
22.533	1.003859
22.534	1.254401
22.535	1.396508
22.536	1.409783
22.537	1.294546
22.538	1.057795
22.539	0.705572
22.54	0.26817
22.541	-0.180651
22.542	-0.573183
22.543	-0.89885
22.544	-1.15243
22.545	-1.271855
22.546	-1.196685
22.547	-0.951908
22.548	-0.625863
22.549	-0.28797
22.55	0.0546
22.551	0.430665
22.552	0.843784
22.553	1.237759
22.554	1.523517
22.555	1.640961
22.556	1.594164
22.557	1.427531
22.558	1.167967
22.559	0.797024
22.56	0.290357
22.561	-0.325964
22.562	-0.971317
22.563	-1.534572
22.564	-1.881892
22.565	-1.904157
22.566	-1.612716
22.567	-1.150759
22.568	-0.681983
22.569	-0.275958
22.57	0.114793
22.571	0.575758
22.572	1.11343
22.573	1.612904
22.574	1.921888
22.575	1.972462
22.576	1.814193
22.577	1.544394
22.578	1.218731
22.579	0.827077
22.58	0.349649
22.581	-0.184507
22.582	-0.714528
22.583	-1.18585
22.584	-1.521611
22.585	-1.615391
22.586	-1.42923
22.587	-1.059056
22.588	-0.658405
22.589	-0.310997
22.59	0.01967
22.591	0.425626
22.592	0.937153
22.593	1.460922
22.594	1.837559
22.595	1.965952
22.596	1.867911
22.597	1.635514
22.598	1.328155
22.599	0.928232
22.6	0.388498
22.601	-0.293463
22.602	-1.04792
22.603	-1.750989
22.604	-2.258553
22.605	-2.475285
22.606	-2.420109
22.607	-2.206294
22.608	-1.979368
22.609	-1.898968
22.61	-2.161471
22.611	-2.950176
22.612	-4.238535
22.613	-5.67998
22.614	-6.802336
22.615	-7.280839
22.616	-7.031363
22.617	-6.15571
22.618	-4.8308
22.619	-3.21054
22.62	-1.401033
22.621	0.496838
22.622	2.333543
22.623	3.901253
22.624	4.984901
22.625	5.436
22.626	5.221423
22.627	4.432622
22.628	3.252088
22.629	1.875535
22.63	0.43831
22.631	-0.986163
22.632	-2.331504
22.633	-3.499063
22.634	-4.364767
22.635	-4.816105
22.636	-4.79387
22.637	-4.312152
22.638	-3.436455
22.639	-2.24108
22.64	-0.797317
22.641	0.79359
22.642	2.363939
22.643	3.695093
22.644	4.587525
22.645	4.921773
22.646	4.680234
22.647	3.953406
22.648	2.920041
22.649	1.777191
22.65	0.658405
22.651	-0.39038
22.652	-1.364578
22.653	-2.239489
22.654	-2.943866
22.655	-3.378715
22.656	-3.462267
22.657	-3.162941
22.658	-2.495912
22.659	-1.499615
22.66	-0.233882
22.661	1.187194
22.662	2.575634
22.663	3.712504
22.664	4.427034
22.665	4.639748
22.666	4.35454
22.667	3.641608
22.668	2.617195
22.669	1.405495
22.67	0.109851
22.671	-1.180401
22.672	-2.367825
22.673	-3.342429
22.674	-3.998731
22.675	-4.261857
22.676	-4.113035
22.677	-3.596431
22.678	-2.792668
22.679	-1.77587
22.68	-0.602074
22.681	0.648139
22.682	1.835587
22.683	2.8012
22.684	3.429799
22.685	3.666671
22.686	3.500165
22.687	2.951588
22.688	2.072692
22.689	0.937328
22.69	-0.361279
22.691	-1.699977
22.692	-2.925919
22.693	-3.882869
22.694	-4.449912
22.695	-4.572081
22.696	-4.271476
22.697	-3.637434
22.698	-2.787623
22.699	-1.812279
22.7	-0.759986
22.701	0.313784
22.702	1.308979
22.703	2.112874
22.704	2.648092
22.705	2.874783
22.706	2.774005
22.707	2.349424
22.708	1.637685
22.709	0.707948
22.71	-0.349455
22.711	-1.429197
22.712	-2.411357
22.713	-3.173408
22.714	-3.61866
22.715	-3.704159
22.716	-3.448688
22.717	-2.920485
22.718	-2.206264
22.719	-1.372712
22.72	-0.465071
22.721	0.45291
22.722	1.284698
22.723	1.936995
22.724	2.351104
22.725	2.497075
22.726	2.365723
22.727	1.991038
22.728	1.472707
22.729	0.944832
22.73	0.498586
22.731	0.137397
22.732	-0.187655
22.733	-0.510815
22.734	-0.818421
22.735	-1.05845
22.736	-1.170897
22.737	-1.113885
22.738	-0.86676
22.739	-0.422576
22.74	0.194632
22.741	0.900427
22.742	1.568416
22.743	2.092439
22.744	2.421173
22.745	2.538263
22.746	2.435435
22.747	2.127635
22.748	1.684318
22.749	1.214255
22.75	0.802921
22.751	0.467087
22.752	0.172755
22.753	-0.111111
22.754	-0.378496
22.755	-0.591734
22.756	-0.709592
22.757	-0.709736
22.758	-0.586745
22.759	-0.335658
22.76	0.041608
22.761	0.502651
22.762	0.959244
22.763	1.322051
22.764	1.54094
22.765	1.600984
22.766	1.503381
22.767	1.27355
22.768	0.980957
22.769	0.718319
22.77	0.53952
22.771	0.424433
22.772	0.311885
22.773	0.157601
22.774	-0.037826
22.775	-0.235088
22.776	-0.378816
22.777	-0.420585
22.778	-0.325493
22.779	-0.07016
22.78	0.33705
22.781	0.825278
22.782	1.278297
22.783	1.600927
22.784	1.758859
22.785	1.75773
22.786	1.606811
22.787	1.310479
22.788	0.883234
22.789	0.356085
22.79	-0.232551
22.791	-0.833453
22.792	-1.374091
22.793	-1.771919
22.794	-1.970072
22.795	-1.958281
22.796	-1.76939
22.797	-1.466947
22.798	-1.119749
22.799	-0.768165
22.8	-0.42125
22.801	-0.088281
22.802	0.206287
22.803	0.44346
22.804	0.621859
22.805	0.736799
22.806	0.761103
22.807	0.656297
22.808	0.3978
22.809	-0.013236
22.81	-0.547429
22.811	-1.135375
22.812	-1.667984
22.813	-2.036951
22.814	-2.182806
22.815	-2.106946
22.816	-1.85713
22.817	-1.508867
22.818	-1.138226
22.819	-0.790235
22.82	-0.474336
22.821	-0.190904
22.822	0.052064
22.823	0.247905
22.824	0.396603
22.825	0.49096
22.826	0.507839
22.827	0.429239
22.828	0.26952
22.829	0.066922
22.83	-0.146476
22.831	-0.351611
22.832	-0.529018
22.833	-0.658345
22.834	-0.727482
22.835	-0.732054
22.836	-0.674857
22.837	-0.570495
22.838	-0.438293
22.839	-0.286162
22.84	-0.11296
22.841	0.070784
22.842	0.238782
22.843	0.36718
22.844	0.445577
22.845	0.469152
22.846	0.433053
22.847	0.354982
22.848	0.29949
22.849	0.345596
22.85	0.516901
22.851	0.756602
22.852	0.968122
22.853	1.070681
22.854	1.033014
22.855	0.880314
22.856	0.674208
22.857	0.4795
22.858	0.346018
22.859	0.307425
22.86	0.371576
22.861	0.505294
22.862	0.645668
22.863	0.738128
22.864	0.761401
22.865	0.717269
22.866	0.612398
22.867	0.462355
22.868	0.298791
22.869	0.1513
22.87	0.026767
22.871	-0.082194
22.872	-0.178583
22.873	-0.258192
22.874	-0.313778
22.875	-0.336169
22.876	-0.319412
22.877	-0.269471
22.878	-0.199395
22.879	-0.111797
22.88	0.001044
22.881	0.133347
22.882	0.255113
22.883	0.336518
22.884	0.373873
22.885	0.377024
22.886	0.342043
22.887	0.251102
22.888	0.085818
22.889	-0.166109
22.89	-0.495659
22.891	-0.853272
22.892	-1.1599
22.893	-1.346637
22.894	-1.382769
22.895	-1.277025
22.896	-1.070551
22.897	-0.828528
22.898	-0.617215
22.899	-0.469565
22.9	-0.374757
22.901	-0.307856
22.902	-0.258076
22.903	-0.220725
22.904	-0.181038
22.905	-0.127349
22.906	-0.075539
22.907	-0.065031
22.908	-0.13258
22.909	-0.293767
22.91	-0.533555
22.911	-0.801863
22.912	-1.028262
22.913	-1.154238
22.914	-1.155946
22.915	-1.043811
22.916	-0.854158
22.917	-0.642531
22.918	-0.464548
22.919	-0.344885
22.92	-0.271244
22.921	-0.226224
22.922	-0.208311
22.923	-0.213881
22.924	-0.224168
22.925	-0.223848
22.926	-0.21183
22.927	-0.176028
22.928	-0.067025
22.929	0.175944
22.93	0.55899
22.931	1.004764
22.932	1.393002
22.933	1.624615
22.934	1.661224
22.935	1.527449
22.936	1.284512
22.937	0.996564
22.938	0.716605
22.939	0.490426
22.94	0.346901
22.941	0.275087
22.942	0.230846
22.943	0.17952
22.944	0.120098
22.945	0.06465
22.946	0.018124
22.947	-0.00626
22.948	0.032307
22.949	0.177882
22.95	0.427395
22.951	0.71774
22.952	0.963189
22.953	1.100147
22.954	1.108803
22.955	1.011098
22.956	0.853065
22.957	0.683658
22.958	0.546425
22.959	0.477636
22.96	0.486508
22.961	0.534896
22.962	0.560639
22.963	0.52931
22.964	0.452845
22.965	0.359228
22.966	0.257658
22.967	0.137642
22.968	-0.013325
22.969	-0.203785
22.97	-0.432501
22.971	-0.670649
22.972	-0.861348
22.973	-0.950967
22.974	-0.919417
22.975	-0.784361
22.976	-0.593648
22.977	-0.415461
22.978	-0.311384
22.979	-0.300715
22.98	-0.356323
22.981	-0.437709
22.982	-0.514241
22.983	-0.55986
22.984	-0.551796
22.985	-0.487917
22.986	-0.399824
22.987	-0.340215
22.988	-0.35652
22.989	-0.475175
22.99	-0.689843
22.991	-0.947766
22.992	-1.1623
22.993	-1.258363
22.994	-1.209539
22.995	-1.038395
22.996	-0.799657
22.997	-0.564887
22.998	-0.396597
22.999	-0.317963
23.0	-0.312591
23.001	-0.352452
23.002	-0.413531
23.003	-0.470472
23.004	-0.498698
23.005	-0.490533
23.006	-0.456513
23.007	-0.39686
23.008	-0.277678
23.009	-0.055011
23.01	0.273323
23.011	0.649544
23.012	0.986452
23.013	1.210703
23.014	1.289832
23.015	1.236259
23.016	1.08908
23.017	0.88759
23.018	0.662473
23.019	0.443941
23.02	0.257738
23.021	0.108851
23.022	-0.016685
23.023	-0.128585
23.024	-0.219937
23.025	-0.281707
23.026	-0.311912
23.027	-0.292044
23.028	-0.171015
23.029	0.096889
23.03	0.496226
23.031	0.942451
23.032	1.324696
23.033	1.556541
23.034	1.605617
23.035	1.496088
23.036	1.286899
23.037	1.042566
23.038	0.818974
23.039	0.658536
23.04	0.574161
23.041	0.53608
23.042	0.491997
23.043	0.408812
23.044	0.292238
23.045	0.167267
23.046	0.050839
23.047	-0.049957
23.048	-0.13014
23.049	-0.192901
23.05	-0.24879
23.051	-0.297125
23.052	-0.320411
23.053	-0.302641
23.054	-0.243319
23.055	-0.154638
23.056	-0.058945
23.057	0.010086
23.058	0.020713
23.059	-0.031861
23.06	-0.121793
23.061	-0.219585
23.062	-0.310877
23.063	-0.38463
23.064	-0.423506
23.065	-0.419928
23.066	-0.391429
23.067	-0.373799
23.068	-0.405895
23.069	-0.515645
23.07	-0.699553
23.071	-0.908201
23.072	-1.066071
23.073	-1.114868
23.074	-1.038993
23.075	-0.861834
23.076	-0.633977
23.077	-0.422945
23.078	-0.289271
23.079	-0.252809
23.08	-0.288523
23.081	-0.359586
23.082	-0.44157
23.083	-0.513534
23.084	-0.550821
23.085	-0.542632
23.086	-0.503216
23.087	-0.455596
23.088	-0.411969
23.089	-0.372698
23.09	-0.333893
23.091	-0.289067
23.092	-0.230849
23.093	-0.156996
23.094	-0.071961
23.095	0.016223
23.096	0.094477
23.097	0.14099
23.098	0.135921
23.099	0.081356
23.1	-0.001462
23.101	-0.096935
23.102	-0.201986
23.103	-0.307866
23.104	-0.394222
23.105	-0.44603
23.106	-0.45757
23.107	-0.406226
23.108	-0.23793
23.109	0.09336
23.11	0.566841
23.111	1.085619
23.112	1.524
23.113	1.785798
23.114	1.838344
23.115	1.712018
23.116	1.472035
23.117	1.185908
23.118	0.909937
23.119	0.687579
23.12	0.535892
23.121	0.431722
23.122	0.332103
23.123	0.214668
23.124	0.08906
23.125	-0.024854
23.126	-0.113334
23.127	-0.15956
23.128	-0.134499
23.129	-0.018413
23.13	0.170371
23.131	0.381397
23.132	0.5621
23.133	0.678138
23.134	0.719378
23.135	0.698225
23.136	0.637852
23.137	0.557542
23.138	0.472605
23.139	0.400965
23.14	0.351425
23.141	0.307124
23.142	0.240339
23.143	0.145573
23.144	0.04407
23.145	-0.043706
23.146	-0.118823
23.147	-0.199736
23.148	-0.309464
23.149	-0.465192
23.15	-0.661821
23.151	-0.857141
23.152	-0.986624
23.153	-1.002365
23.154	-0.897805
23.155	-0.70427
23.156	-0.477247
23.157	-0.281557
23.158	-0.166862
23.159	-0.14442
23.16	-0.192915
23.161	-0.284806
23.162	-0.396502
23.163	-0.499176
23.164	-0.561096
23.165	-0.569963
23.166	-0.545307
23.167	-0.522361
23.168	-0.529531
23.169	-0.579176
23.17	-0.660855
23.171	-0.738026
23.172	-0.766347
23.173	-0.72178
23.174	-0.611289
23.175	-0.465392
23.176	-0.329293
23.177	-0.255304
23.178	-0.282085
23.179	-0.408663
23.18	-0.597004
23.181	-0.801334
23.182	-0.983691
23.183	-1.106471
23.184	-1.134842
23.185	-1.059521
23.186	-0.910066
23.187	-0.742323
23.188	-0.617317
23.189	-0.581869
23.19	-0.642784
23.191	-0.751408
23.192	-0.83011
23.193	-0.822804
23.194	-0.721295
23.195	-0.557158
23.196	-0.384012
23.197	-0.260945
23.198	-0.228588
23.199	-0.289381
23.2	-0.416124
23.201	-0.5767
23.202	-0.740986
23.203	-0.872903
23.204	-0.937098
23.205	-0.918744
23.206	-0.824666
23.207	-0.655779
23.208	-0.389572
23.209	-0.007827
23.21	0.462746
23.211	0.947095
23.212	1.352461
23.213	1.604395
23.214	1.671701
23.215	1.570304
23.216	1.344107
23.217	1.040523
23.218	0.702246
23.219	0.369473
23.22	0.071206
23.221	-0.185865
23.222	-0.405192
23.223	-0.578237
23.224	-0.685883
23.225	-0.717303
23.226	-0.671122
23.227	-0.530477
23.228	-0.254183
23.229	0.181918
23.23	0.735151
23.231	1.299135
23.232	1.752699
23.233	2.008564
23.234	2.038782
23.235	1.874191
23.236	1.581909
23.237	1.237463
23.238	0.9084
23.239	0.643268
23.24	0.453787
23.241	0.310123
23.242	0.172119
23.243	0.028157
23.244	-0.102132
23.245	-0.195649
23.246	-0.242533
23.247	-0.238559
23.248	-0.182781
23.249	-0.089922
23.25	0.012794
23.251	0.107401
23.252	0.191935
23.253	0.267144
23.254	0.32743
23.255	0.361721
23.256	0.352922
23.257	0.278299
23.258	0.124075
23.259	-0.095839
23.26	-0.344098
23.261	-0.581877
23.262	-0.778273
23.263	-0.904318
23.264	-0.936191
23.265	-0.873995
23.266	-0.750123
23.267	-0.614824
23.268	-0.521182
23.269	-0.513007
23.27	-0.596579
23.271	-0.720786
23.272	-0.806164
23.273	-0.7987
23.274	-0.694697
23.275	-0.52973
23.276	-0.359374
23.277	-0.242219
23.278	-0.21678
23.279	-0.282401
23.28	-0.406363
23.281	-0.548608
23.282	-0.675005
23.283	-0.756198
23.284	-0.77209
23.285	-0.723757
23.286	-0.631506
23.287	-0.514936
23.288	-0.381201
23.289	-0.234454
23.29	-0.084923
23.291	0.057147
23.292	0.186985
23.293	0.298908
23.294	0.381532
23.295	0.422514
23.296	0.411533
23.297	0.340002
23.298	0.209016
23.299	0.037495
23.3	-0.148308
23.301	-0.331896
23.302	-0.502806
23.303	-0.641513
23.304	-0.724013
23.305	-0.738797
23.306	-0.68081
23.307	-0.525077
23.308	-0.225954
23.309	0.237101
23.31	0.813159
23.311	1.388825
23.312	1.84119
23.313	2.085978
23.314	2.09986
23.315	1.916743
23.316	1.603617
23.317	1.234895
23.318	0.878723
23.319	0.584533
23.32	0.365298
23.321	0.195704
23.322	0.041253
23.323	-0.107322
23.324	-0.231771
23.325	-0.310656
23.326	-0.330721
23.327	-0.276558
23.328	-0.131987
23.329	0.095169
23.33	0.362704
23.331	0.616437
23.332	0.813164
23.333	0.926472
23.334	0.94807
23.335	0.888044
23.336	0.768766
23.337	0.618095
23.338	0.468005
23.339	0.346355
23.34	0.256696
23.341	0.173505
23.342	0.070637
23.343	-0.047685
23.344	-0.15116
23.345	-0.214085
23.346	-0.236226
23.347	-0.240397
23.348	-0.262123
23.349	-0.336053
23.35	-0.467806
23.351	-0.615432
23.352	-0.714816
23.353	-0.723816
23.354	-0.640542
23.355	-0.495525
23.356	-0.340759
23.357	-0.236517
23.358	-0.224363
23.359	-0.303767
23.36	-0.440267
23.361	-0.592197
23.362	-0.72178
23.363	-0.793328
23.364	-0.783492
23.365	-0.698731
23.366	-0.576934
23.367	-0.471367
23.368	-0.432989
23.369	-0.492918
23.37	-0.638628
23.371	-0.806761
23.372	-0.916742
23.373	-0.918598
23.374	-0.811785
23.375	-0.633099
23.376	-0.439252
23.377	-0.291069
23.378	-0.230372
23.379	-0.261489
23.38	-0.35886
23.381	-0.488549
23.382	-0.616017
23.383	-0.705878
23.384	-0.733929
23.385	-0.698973
23.386	-0.606015
23.387	-0.43219
23.388	-0.126607
23.389	0.33838
23.39	0.917223
23.391	1.49631
23.392	1.945227
23.393	2.172946
23.394	2.158495
23.395	1.944663
23.396	1.605124
23.397	1.2117
23.398	0.821571
23.399	0.476174
23.4	0.195014
23.401	-0.026417
23.402	-0.200194
23.403	-0.327246
23.404	-0.400492
23.405	-0.420022
23.406	-0.387607
23.407	-0.281864
23.408	-0.061927
23.409	0.285858
23.41	0.714577
23.411	1.133782
23.412	1.450753
23.413	1.605772
23.414	1.588864
23.415	1.433376
23.416	1.195885
23.417	0.939552
23.418	0.723949
23.419	0.586012
23.42	0.515918
23.421	0.463478
23.422	0.382301
23.423	0.26603
23.424	0.141773
23.425	0.038229
23.426	-0.034922
23.427	-0.086638
23.428	-0.141077
23.429	-0.229642
23.43	-0.36091
23.431	-0.497727
23.432	-0.582044
23.433	-0.580265
23.434	-0.499405
23.435	-0.374757
23.436	-0.25669
23.437	-0.198892
23.438	-0.235019
23.439	-0.357821
23.44	-0.527432
23.441	-0.697526
23.442	-0.827489
23.443	-0.883306
23.444	-0.848613
23.445	-0.739084
23.446	-0.598208
23.447	-0.480068
23.448	-0.437626
23.449	-0.50582
23.45	-0.67073
23.451	-0.860893
23.452	-0.987362
23.453	-0.996567
23.454	-0.889506
23.455	-0.708227
23.456	-0.514629
23.457	-0.370013
23.458	-0.312091
23.459	-0.340842
23.46	-0.428502
23.461	-0.540112
23.462	-0.64184
23.463	-0.701693
23.464	-0.699765
23.465	-0.640116
23.466	-0.53908
23.467	-0.399637
23.468	-0.210083
23.469	0.030775
23.47	0.298011
23.471	0.550612
23.472	0.748729
23.473	0.864454
23.474	0.888238
23.475	0.828724
23.476	0.703089
23.477	0.529173
23.478	0.328751
23.479	0.127745
23.48	-0.05589
23.481	-0.217503
23.482	-0.353716
23.483	-0.452324
23.484	-0.500816
23.485	-0.497336
23.486	-0.437318
23.487	-0.288601
23.488	-0.002739
23.489	0.430022
23.49	0.945691
23.491	1.433335
23.492	1.787032
23.493	1.942151
23.494	1.890465
23.495	1.673732
23.496	1.36059
23.497	1.024379
23.498	0.729208
23.499	0.513284
23.5	0.372601
23.501	0.269455
23.502	0.168734
23.503	0.065432
23.504	-0.023653
23.505	-0.082815
23.506	-0.104717
23.507	-0.08642
23.508	-0.033778
23.509	0.031144
23.51	0.083103
23.511	0.116167
23.512	0.141393
23.513	0.166526
23.514	0.188262
23.515	0.197863
23.516	0.185237
23.517	0.142654
23.518	0.072734
23.519	-0.011005
23.52	-0.097945
23.521	-0.188095
23.522	-0.277887
23.523	-0.346778
23.524	-0.370257
23.525	-0.343361
23.526	-0.286285
23.527	-0.236214
23.528	-0.239843
23.529	-0.333959
23.53	-0.509682
23.531	-0.701806
23.532	-0.829287
23.533	-0.846062
23.534	-0.75678
23.535	-0.603383
23.536	-0.446028
23.537	-0.341765
23.538	-0.320449
23.539	-0.375197
23.54	-0.477488
23.541	-0.595591
23.542	-0.696993
23.543	-0.747211
23.544	-0.722565
23.545	-0.627789
23.546	-0.49575
23.547	-0.37007
23.548	-0.291488
23.549	-0.286773
23.55	-0.348064
23.551	-0.427014
23.552	-0.466898
23.553	-0.440563
23.554	-0.357699
23.555	-0.25064
23.556	-0.160285
23.557	-0.121929
23.558	-0.148921
23.559	-0.230145
23.56	-0.345452
23.561	-0.47566
23.562	-0.596492
23.563	-0.67681
23.564	-0.693372
23.565	-0.64155
23.566	-0.519552
23.567	-0.301999
23.568	0.050975
23.569	0.54314
23.57	1.10925
23.571	1.635982
23.572	2.009963
23.573	2.160602
23.574	2.08142
23.575	1.821511
23.576	1.455828
23.577	1.057091
23.578	0.683408
23.579	0.372872
23.58	0.1358
23.581	-0.041438
23.582	-0.17314
23.583	-0.258034
23.584	-0.289893
23.585	-0.272686
23.586	-0.212105
23.587	-0.097681
23.588	0.086766
23.589	0.331584
23.59	0.593753
23.591	0.819682
23.592	0.967626
23.593	1.017153
23.594	0.972261
23.595	0.858667
23.596	0.713153
23.597	0.571546
23.598	0.461459
23.599	0.395761
23.6	0.365151
23.601	0.342852
23.602	0.305938
23.603	0.249297
23.604	0.176296
23.605	0.088374
23.606	-0.002254
23.607	-0.053587
23.608	-0.009293
23.609	0.153506
23.61	0.398613
23.611	0.652996
23.612	0.846157
23.613	0.937883
23.614	0.929253
23.615	0.855289
23.616	0.765269
23.617	0.706239
23.618	0.711999
23.619	0.787332
23.62	0.895857
23.621	0.97643
23.622	0.983397
23.623	0.910542
23.624	0.777614
23.625	0.603039
23.626	0.395208
23.627	0.158293
23.628	-0.109651
23.629	-0.412216
23.63	-0.727985
23.631	-0.998298
23.632	-1.157354
23.633	-1.170541
23.634	-1.044783
23.635	-0.819284
23.636	-0.552677
23.637	-0.304292
23.638	-0.112324
23.639	0.01318
23.64	0.077686
23.641	0.091489
23.642	0.072127
23.643	0.043564
23.644	0.021688
23.645	-0.000758
23.646	-0.051263
23.647	-0.162556
23.648	-0.363958
23.649	-0.665996
23.65	-1.028787
23.651	-1.358096
23.652	-1.554365
23.653	-1.566284
23.654	-1.403249
23.655	-1.118209
23.656	-0.785759
23.657	-0.47769
23.658	-0.238534
23.659	-0.079591
23.66	0.006148
23.661	0.032201
23.662	0.019542
23.663	-0.006615
23.664	-0.031616
23.665	-0.060049
23.666	-0.103754
23.667	-0.164424
23.668	-0.234386
23.669	-0.306444
23.67	-0.370847
23.671	-0.410305
23.672	-0.409441
23.673	-0.364813
23.674	-0.282703
23.675	-0.174244
23.676	-0.05625
23.677	0.049926
23.678	0.128195
23.679	0.174737
23.68	0.192274
23.681	0.183544
23.682	0.154356
23.683	0.114138
23.684	0.065324
23.685	0.002846
23.686	-0.058445
23.687	-0.061669
23.688	0.063531
23.689	0.340258
23.69	0.713765
23.691	1.078735
23.692	1.335397
23.693	1.431725
23.694	1.374831
23.695	1.215373
23.696	1.018837
23.697	0.843464
23.698	0.72951
23.699	0.688458
23.7	0.696146
23.701	0.707323
23.702	0.68554
23.703	0.620087
23.704	0.517318
23.705	0.385836
23.706	0.238166
23.707	0.095036
23.708	-0.029367
23.709	-0.138888
23.71	-0.239107
23.711	-0.319674
23.712	-0.362907
23.713	-0.360382
23.714	-0.314488
23.715	-0.231443
23.716	-0.117908
23.717	0.02077
23.718	0.181695
23.719	0.355657
23.72	0.514497
23.721	0.619071
23.722	0.646667
23.723	0.604408
23.724	0.514097
23.725	0.391656
23.726	0.24064
23.727	0.052464
23.728	-0.191731
23.729	-0.50166
23.73	-0.844278
23.731	-1.141363
23.732	-1.31422
23.733	-1.327579
23.734	-1.195824
23.735	-0.965531
23.736	-0.698678
23.737	-0.455701
23.738	-0.273497
23.739	-0.157412
23.74	-0.096999
23.741	-0.080902
23.742	-0.093701
23.743	-0.113538
23.744	-0.125718
23.745	-0.134667
23.746	-0.1598
23.747	-0.226037
23.748	-0.35613
23.749	-0.554255
23.75	-0.785011
23.751	-0.979852
23.752	-1.076992
23.753	-1.054089
23.754	-0.926178
23.755	-0.727714
23.756	-0.503708
23.757	-0.302836
23.758	-0.15995
23.759	-0.083155
23.76	-0.060583
23.761	-0.07346
23.762	-0.100881
23.763	-0.125053
23.764	-0.14178
23.765	-0.156969
23.766	-0.157906
23.767	-0.091615
23.768	0.106377
23.769	0.451656
23.77	0.88328
23.771	1.291297
23.772	1.569463
23.773	1.660263
23.774	1.572505
23.775	1.364761
23.776	1.110301
23.777	0.87045
23.778	0.684605
23.779	0.565259
23.78	0.496148
23.781	0.445648
23.782	0.390173
23.783	0.324079
23.784	0.250174
23.785	0.170711
23.786	0.096365
23.787	0.057109
23.788	0.083348
23.789	0.174043
23.79	0.29659
23.791	0.410814
23.792	0.48471
23.793	0.502469
23.794	0.470897
23.795	0.416511
23.796	0.374107
23.797	0.37703
23.798	0.447544
23.799	0.579166
23.8	0.727027
23.801	0.830714
23.802	0.853935
23.803	0.799425
23.804	0.689963
23.805	0.544221
23.806	0.369383
23.807	0.163514
23.808	-0.083727
23.809	-0.377577
23.81	-0.688801
23.811	-0.95073
23.812	-1.098013
23.813	-1.103323
23.814	-0.982558
23.815	-0.781672
23.816	-0.561534
23.817	-0.379525
23.818	-0.268065
23.819	-0.226251
23.82	-0.232668
23.821	-0.261362
23.822	-0.285693
23.823	-0.282013
23.824	-0.244082
23.825	-0.192816
23.826	-0.167211
23.827	-0.210376
23.828	-0.360426
23.829	-0.626193
23.83	-0.955716
23.831	-1.247959
23.832	-1.41025
23.833	-1.404134
23.834	-1.248547
23.835	-0.998356
23.836	-0.720728
23.837	-0.475374
23.838	-0.29893
23.839	-0.198329
23.84	-0.157742
23.841	-0.15134
23.842	-0.153117
23.843	-0.146418
23.844	-0.133199
23.845	-0.12848
23.846	-0.130574
23.847	-0.09957
23.848	0.016523
23.849	0.233763
23.85	0.513995
23.851	0.784125
23.852	0.972547
23.853	1.04087
23.854	0.994689
23.855	0.871024
23.856	0.714088
23.857	0.558556
23.858	0.427645
23.859	0.33227
23.86	0.266832
23.861	0.215796
23.862	0.168142
23.863	0.12065
23.864	0.069357
23.865	0.011172
23.866	-0.033509
23.867	-0.009478
23.868	0.13708
23.869	0.405228
23.87	0.730081
23.871	1.020322
23.872	1.20079
23.873	1.237682
23.874	1.145
23.875	0.973395
23.876	0.788111
23.877	0.648623
23.878	0.593055
23.879	0.622378
23.88	0.696035
23.881	0.755116
23.882	0.75852
23.883	0.698246
23.884	0.586106
23.885	0.439847
23.886	0.282933
23.887	0.138063
23.888	0.01007
23.889	-0.112423
23.89	-0.231171
23.891	-0.326508
23.892	-0.375119
23.893	-0.368762
23.894	-0.315479
23.895	-0.234359
23.896	-0.154185
23.897	-0.107136
23.898	-0.111511
23.899	-0.160272
23.9	-0.229508
23.901	-0.293752
23.902	-0.33155
23.903	-0.328371
23.904	-0.286569
23.905	-0.229705
23.906	-0.193253
23.907	-0.218015
23.908	-0.34545
23.909	-0.588575
23.91	-0.896844
23.911	-1.171336
23.912	-1.324473
23.913	-1.32223
23.914	-1.182615
23.915	-0.954259
23.916	-0.697349
23.917	-0.46605
23.918	-0.292485
23.919	-0.183849
23.92	-0.131231
23.921	-0.114827
23.922	-0.108739
23.923	-0.095324
23.924	-0.076649
23.925	-0.06924
23.926	-0.086045
23.927	-0.123968
23.928	-0.171974
23.929	-0.221878
23.93	-0.263342
23.931	-0.282661
23.932	-0.274179
23.933	-0.242878
23.934	-0.194587
23.935	-0.132423
23.936	-0.06423
23.937	-0.004371
23.938	0.036922
23.939	0.059091
23.94	0.064258
23.941	0.053816
23.942	0.032593
23.943	0.006217
23.944	-0.026088
23.945	-0.063819
23.946	-0.080963
23.947	-0.016901
23.948	0.185741
23.949	0.525304
23.95	0.928763
23.951	1.287465
23.952	1.505716
23.953	1.539645
23.954	1.409986
23.955	1.183069
23.956	0.936954
23.957	0.735182
23.958	0.613451
23.959	0.572221
23.96	0.578388
23.961	0.585232
23.962	0.560915
23.963	0.499566
23.964	0.408463
23.965	0.295281
23.966	0.172856
23.967	0.062041
23.968	-0.026133
23.969	-0.099244
23.97	-0.163916
23.971	-0.214069
23.972	-0.241894
23.973	-0.245391
23.974	-0.224256
23.975	-0.177167
23.976	-0.10381
23.977	-0.005023
23.978	0.116291
23.979	0.24766
23.98	0.36277
23.981	0.433765
23.982	0.450062
23.983	0.420876
23.984	0.359255
23.985	0.267805
23.986	0.141319
23.987	-0.028222
23.988	-0.254851
23.989	-0.541413
23.99	-0.847328
23.991	-1.096748
23.992	-1.226056
23.993	-1.215175
23.994	-1.083942
23.995	-0.876735
23.996	-0.649115
23.997	-0.450861
23.998	-0.308375
23.999	-0.222028
24.0	-0.178825
24.001	-0.16202
24.002	-0.15319
24.003	-0.138446
24.004	-0.119047
24.005	-0.113331
24.006	-0.143838
24.007	-0.226866
24.008	-0.374282
24.009	-0.582279
24.01	-0.809377
24.011	-0.98797
24.012	-1.066201
24.013	-1.031995
24.014	-0.90557
24.015	-0.722621
24.016	-0.52337
24.017	-0.34373
24.018	-0.205614
24.019	-0.115597
24.02	-0.070653
24.021	-0.057304
24.022	-0.049129
24.023	-0.019024
24.024	0.039598
24.025	0.105441
24.026	0.141794
24.027	0.109638
24.028	-0.024654
24.029	-0.265
24.03	-0.55865
24.031	-0.816331
24.032	-0.967708
24.033	-0.991884
24.034	-0.908618
24.035	-0.760444
24.036	-0.601067
24.037	-0.479587
24.038	-0.419964
24.039	-0.415143
24.04	-0.440543
24.041	-0.468141
24.042	-0.473109
24.043	-0.442262
24.044	-0.382148
24.045	-0.310853
24.046	-0.234351
24.047	-0.136312
24.048	0.000877
24.049	0.172548
24.05	0.353193
24.051	0.508101
24.052	0.603681
24.053	0.621436
24.054	0.566636
24.055	0.461602
24.056	0.330755
24.057	0.192033
24.058	0.058754
24.059	-0.058179
24.06	-0.152913
24.061	-0.224006
24.062	-0.26896
24.063	-0.285374
24.064	-0.278413
24.065	-0.253073
24.066	-0.186029
24.067	-0.019449
24.068	0.291892
24.069	0.727349
24.07	1.197454
24.071	1.584271
24.072	1.793264
24.073	1.78954
24.074	1.602317
24.075	1.303055
24.076	0.975093
24.077	0.690489
24.078	0.494236
24.079	0.391407
24.08	0.34959
24.081	0.325006
24.082	0.29106
24.083	0.244334
24.084	0.190767
24.085	0.134319
24.086	0.079564
24.087	0.029224
24.088	-0.029794
24.089	-0.11625
24.09	-0.222934
24.091	-0.315946
24.092	-0.365951
24.093	-0.367374
24.094	-0.332604
24.095	-0.278992
24.096	-0.221455
24.097	-0.168537
24.098	-0.12093
24.099	-0.078486
24.1	-0.048212
24.101	-0.037651
24.102	-0.042115
24.103	-0.047144
24.104	-0.04416
24.105	-0.038864
24.106	-0.047836
24.107	-0.097813
24.108	-0.222108
24.109	-0.431009
24.11	-0.680296
24.111	-0.890312
24.112	-0.999369
24.113	-0.9919
24.114	-0.889925
24.115	-0.735571
24.116	-0.579891
24.117	-0.469188
24.118	-0.424599
24.119	-0.433845
24.12	-0.464977
24.121	-0.48541
24.122	-0.472112
24.123	-0.418025
24.124	-0.337461
24.125	-0.258703
24.126	-0.20691
24.127	-0.198813
24.128	-0.246815
24.129	-0.348489
24.13	-0.471315
24.131	-0.566464
24.132	-0.601259
24.133	-0.572664
24.134	-0.497294
24.135	-0.399447
24.136	-0.307059
24.137	-0.246027
24.138	-0.228882
24.139	-0.24952
24.14	-0.289521
24.141	-0.327697
24.142	-0.346629
24.143	-0.339365
24.144	-0.312484
24.145	-0.270273
24.146	-0.184758
24.147	0.005947
24.148	0.34554
24.149	0.805679
24.15	1.290327
24.151	1.682012
24.152	1.88929
24.153	1.878764
24.154	1.681237
24.155	1.369787
24.156	1.026702
24.157	0.719263
24.158	0.487078
24.159	0.336111
24.16	0.244327
24.161	0.181869
24.162	0.130262
24.163	0.084301
24.164	0.04423
24.165	0.015495
24.166	0.017134
24.167	0.077439
24.168	0.20486
24.169	0.370745
24.17	0.530461
24.171	0.647172
24.172	0.696119
24.173	0.668505
24.174	0.578318
24.175	0.459848
24.176	0.356323
24.177	0.306652
24.178	0.330357
24.179	0.412696
24.18	0.506928
24.181	0.563483
24.182	0.561425
24.183	0.511011
24.184	0.43271
24.185	0.339488
24.186	0.231262
24.187	0.092737
24.188	-0.101103
24.189	-0.355409
24.19	-0.626211
24.191	-0.839628
24.192	-0.941739
24.193	-0.923634
24.194	-0.813326
24.195	-0.658869
24.196	-0.513644
24.197	-0.419388
24.198	-0.390492
24.199	-0.413374
24.2	-0.460594
24.201	-0.503302
24.202	-0.515419
24.203	-0.47965
24.204	-0.399308
24.205	-0.302857
24.206	-0.23432
24.207	-0.241852
24.208	-0.36426
24.209	-0.598488
24.21	-0.876235
24.211	-1.097428
24.212	-1.191912
24.213	-1.147203
24.214	-0.996162
24.215	-0.793759
24.216	-0.596942
24.217	-0.44751
24.218	-0.363277
24.219	-0.340002
24.22	-0.3562
24.221	-0.379327
24.222	-0.37984
24.223	-0.347935
24.224	-0.296521
24.225	-0.240369
24.226	-0.16196
24.227	-0.005412
24.228	0.276399
24.229	0.669034
24.23	1.092143
24.231	1.437296
24.232	1.618692
24.233	1.60912
24.234	1.44117
24.235	1.179646
24.236	0.888664
24.237	0.614032
24.238	0.383171
24.239	0.207706
24.24	0.084375
24.241	0.003158
24.242	-0.043724
24.243	-0.06431
24.244	-0.071807
24.245	-0.072616
24.246	-0.042034
24.247	0.07313
24.248	0.307171
24.249	0.632785
24.25	0.970052
24.251	1.228665
24.252	1.346331
24.253	1.308673
24.254	1.148062
24.255	0.926007
24.256	0.71014
24.257	0.554931
24.258	0.486988
24.259	0.495139
24.26	0.537083
24.261	0.566985
24.262	0.561224
24.263	0.519083
24.264	0.446191
24.265	0.346692
24.266	0.225529
24.267	0.080427
24.268	-0.103949
24.269	-0.331175
24.27	-0.564955
24.271	-0.744833
24.272	-0.827645
24.273	-0.807535
24.274	-0.708395
24.275	-0.569129
24.276	-0.432038
24.277	-0.330572
24.278	-0.277781
24.279	-0.265736
24.28	-0.275238
24.281	-0.285019
24.282	-0.276634
24.283	-0.240942
24.284	-0.186661
24.285	-0.139001
24.286	-0.129698
24.287	-0.194558
24.288	-0.365767
24.289	-0.637034
24.29	-0.938988
24.291	-1.173197
24.292	-1.272468
24.293	-1.226961
24.294	-1.070855
24.295	-0.859216
24.296	-0.649836
24.297	-0.486262
24.298	-0.385569
24.299	-0.34042
24.3	-0.330637
24.301	-0.332546
24.302	-0.325391
24.303	-0.299261
24.304	-0.258913
24.305	-0.215686
24.306	-0.174429
24.307	-0.132303
24.308	-0.090613
24.309	-0.056407
24.31	-0.029519
24.311	-0.00224
24.312	0.027091
24.313	0.051487
24.314	0.064641
24.315	0.065624
24.316	0.0559
24.317	0.037649
24.318	0.01473
24.319	-0.010469
24.32	-0.040321
24.321	-0.076214
24.322	-0.112337
24.323	-0.141524
24.324	-0.16085
24.325	-0.158874
24.326	-0.09752
24.327	0.0769
24.328	0.386844
24.329	0.788835
24.33	1.190681
24.331	1.495082
24.332	1.634435
24.333	1.591047
24.334	1.398804
24.335	1.125425
24.336	0.84736
24.337	0.626749
24.338	0.492499
24.339	0.434052
24.34	0.416701
24.341	0.40687
24.342	0.386429
24.343	0.349974
24.344	0.29602
24.345	0.226507
24.346	0.152769
24.347	0.088909
24.348	0.034567
24.349	-0.021297
24.35	-0.079154
24.351	-0.127719
24.352	-0.158663
24.353	-0.169765
24.354	-0.158922
24.355	-0.12319
24.356	-0.061785
24.357	0.02372
24.358	0.127762
24.359	0.235146
24.36	0.322884
24.361	0.37387
24.362	0.386976
24.363	0.371326
24.364	0.332808
24.365	0.266805
24.366	0.160184
24.367	-0.005934
24.368	-0.248321
24.369	-0.553841
24.37	-0.860538
24.371	-1.086891
24.372	-1.180238
24.373	-1.135085
24.374	-0.982108
24.375	-0.773487
24.376	-0.569495
24.377	-0.418055
24.378	-0.336493
24.379	-0.312149
24.38	-0.317584
24.381	-0.323398
24.382	-0.306094
24.383	-0.257708
24.384	-0.192146
24.385	-0.139423
24.386	-0.13198
24.387	-0.196098
24.388	-0.344858
24.389	-0.559432
24.39	-0.780348
24.391	-0.936469
24.392	-0.985453
24.393	-0.925968
24.394	-0.785254
24.395	-0.60474
24.396	-0.429483
24.397	-0.295677
24.398	-0.218845
24.399	-0.193382
24.4	-0.201738
24.401	-0.221913
24.402	-0.234203
24.403	-0.231268
24.404	-0.219656
24.405	-0.198092
24.406	-0.128925
24.407	0.052174
24.408	0.380881
24.409	0.81948
24.41	1.266331
24.411	1.604711
24.412	1.755318
24.413	1.704516
24.414	1.49757
24.415	1.209038
24.416	0.911942
24.417	0.65932
24.418	0.476865
24.419	0.361552
24.42	0.290149
24.421	0.237543
24.422	0.190215
24.423	0.143898
24.424	0.095545
24.425	0.049585
24.426	0.032125
24.427	0.077805
24.428	0.192058
24.429	0.341235
24.43	0.479594
24.431	0.571532
24.432	0.5979
24.433	0.559397
24.434	0.477036
24.435	0.386852
24.436	0.331415
24.437	0.347201
24.438	0.443755
24.439	0.588526
24.44	0.721432
24.441	0.79175
24.442	0.782447
24.443	0.7052
24.444	0.580922
24.445	0.425389
24.446	0.242536
24.447	0.023803
24.448	-0.236365
24.449	-0.513748
24.45	-0.752992
24.451	-0.902735
24.452	-0.945772
24.453	-0.896785
24.454	-0.784403
24.455	-0.637813
24.456	-0.478958
24.457	-0.319078
24.458	-0.164776
24.459	-0.027995
24.46	0.07568
24.461	0.139664
24.462	0.171545
24.463	0.183561
24.464	0.181545
24.465	0.164979
24.466	0.133121
24.467	0.081475
24.468	-0.002682
24.469	-0.12252
24.47	-0.253633
24.471	-0.358965
24.472	-0.415761
24.473	-0.42302
24.474	-0.393694
24.475	-0.347297
24.476	-0.305324
24.477	-0.283968
24.478	-0.286609
24.479	-0.30516
24.48	-0.326931
24.481	-0.336545
24.482	-0.318049
24.483	-0.265376
24.484	-0.190998
24.485	-0.120942
24.486	-0.085318
24.487	-0.116927
24.488	-0.24135
24.489	-0.446913
24.49	-0.672436
24.491	-0.841375
24.492	-0.907452
24.493	-0.869953
24.494	-0.761614
24.495	-0.630758
24.496	-0.525877
24.497	-0.479608
24.498	-0.495875
24.499	-0.551848
24.5	-0.612375
24.501	-0.643591
24.502	-0.622671
24.503	-0.546883
24.504	-0.43555
24.505	-0.315504
24.506	-0.203635
24.507	-0.108479
24.508	-0.038944
24.509	0.001453
24.51	0.022269
24.511	0.037205
24.512	0.050451
24.513	0.056012
24.514	0.045686
24.515	0.013076
24.516	-0.046547
24.517	-0.133334
24.518	-0.239757
24.519	-0.352202
24.52	-0.453109
24.521	-0.523014
24.522	-0.546906
24.523	-0.522904
24.524	-0.460661
24.525	-0.358846
24.526	-0.181665
24.527	0.123592
24.528	0.568527
24.529	1.088364
24.53	1.568679
24.531	1.899346
24.532	2.014227
24.533	1.907828
24.534	1.629147
24.535	1.257816
24.536	0.877254
24.537	0.554178
24.538	0.322271
24.539	0.17566
24.54	0.083942
24.541	0.01958
24.542	-0.027572
24.543	-0.056433
24.544	-0.06346
24.545	-0.041668
24.546	0.018796
24.547	0.116986
24.548	0.22876
24.549	0.320364
24.55	0.37401
24.551	0.389231
24.552	0.368085
24.553	0.31384
24.554	0.239183
24.555	0.166726
24.556	0.121607
24.557	0.122024
24.558	0.169723
24.559	0.245326
24.56	0.316728
24.561	0.359067
24.562	0.367609
24.563	0.350416
24.564	0.314802
24.565	0.26297
24.566	0.188602
24.567	0.070709
24.568	-0.113234
24.569	-0.352355
24.57	-0.590532
24.571	-0.761309
24.572	-0.829071
24.573	-0.798238
24.574	-0.700504
24.575	-0.581833
24.576	-0.490714
24.577	-0.460959
24.578	-0.496055
24.579	-0.569742
24.58	-0.64181
24.581	-0.675313
24.582	-0.647765
24.583	-0.557725
24.584	-0.426875
24.585	-0.294596
24.586	-0.208615
24.587	-0.216442
24.588	-0.34508
24.589	-0.568655
24.59	-0.806759
24.591	-0.972698
24.592	-1.022372
24.593	-0.96202
24.594	-0.828723
24.595	-0.671421
24.596	-0.536961
24.597	-0.455685
24.598	-0.433431
24.599	-0.455954
24.6	-0.498031
24.601	-0.531359
24.602	-0.533922
24.603	-0.498617
24.604	-0.429642
24.605	-0.321432
24.606	-0.138489
24.607	0.168538
24.608	0.611116
24.609	1.130506
24.61	1.616288
24.611	1.952829
24.612	2.065989
24.613	1.949293
24.614	1.656393
24.615	1.270304
24.616	0.871433
24.617	0.517525
24.618	0.236855
24.619	0.030978
24.62	-0.114152
24.621	-0.211943
24.622	-0.266886
24.623	-0.280557
24.624	-0.256695
24.625	-0.190128
24.626	-0.054308
24.627	0.181124
24.628	0.51143
24.629	0.882298
24.63	1.212154
24.631	1.425524
24.632	1.478798
24.633	1.372637
24.634	1.148559
24.635	0.873682
24.636	0.620245
24.637	0.442282
24.638	0.356331
24.639	0.340024
24.64	0.352756
24.641	0.362793
24.642	0.358878
24.643	0.341396
24.644	0.309067
24.645	0.257714
24.646	0.182704
24.647	0.071406
24.648	-0.091684
24.649	-0.295832
24.65	-0.494146
24.651	-0.633592
24.652	-0.687049
24.653	-0.659045
24.654	-0.576199
24.655	-0.477929
24.656	-0.406464
24.657	-0.390565
24.658	-0.430795
24.659	-0.500778
24.66	-0.562415
24.661	-0.582021
24.662	-0.541705
24.663	-0.446193
24.664	-0.322956
24.665	-0.212452
24.666	-0.157787
24.667	-0.200899
24.668	-0.364473
24.669	-0.618218
24.67	-0.878273
24.671	-1.056342
24.672	-1.107718
24.673	-1.039814
24.674	-0.893795
24.675	-0.724496
24.676	-0.584221
24.677	-0.505417
24.678	-0.490162
24.679	-0.515908
24.68	-0.549343
24.681	-0.55891
24.682	-0.526116
24.683	-0.453162
24.684	-0.357458
24.685	-0.252163
24.686	-0.132479
24.687	0.014384
24.688	0.188384
24.689	0.37009
24.69	0.52992
24.691	0.638866
24.692	0.676386
24.693	0.637714
24.694	0.535801
24.695	0.393542
24.696	0.233349
24.697	0.073342
24.698	-0.071938
24.699	-0.192487
24.7	-0.282947
24.701	-0.338911
24.702	-0.356921
24.703	-0.340774
24.704	-0.297656
24.705	-0.215714
24.706	-0.051921
24.707	0.23816
24.708	0.650223
24.709	1.113613
24.71	1.521578
24.711	1.778395
24.712	1.833006
24.713	1.691001
24.714	1.406003
24.715	1.057412
24.716	0.726579
24.717	0.474526
24.718	0.322355
24.719	0.248708
24.72	0.211859
24.721	0.179161
24.722	0.141046
24.723	0.104508
24.724	0.079433
24.725	0.070655
24.726	0.071857
24.727	0.058246
24.728	-0.002078
24.729	-0.113668
24.73	-0.240332
24.731	-0.3362
24.732	-0.380266
24.733	-0.379268
24.734	-0.350593
24.735	-0.308197
24.736	-0.259086
24.737	-0.206541
24.738	-0.15453
24.739	-0.108613
24.74	-0.071962
24.741	-0.041171
24.742	-0.009078
24.743	0.026578
24.744	0.058804
24.745	0.073025
24.746	0.046549
24.747	-0.051311
24.748	-0.239321
24.749	-0.491076
24.75	-0.735469
24.751	-0.901259
24.752	-0.956106
24.753	-0.909454
24.754	-0.796195
24.755	-0.663695
24.756	-0.560666
24.757	-0.518872
24.758	-0.538255
24.759	-0.59077
24.76	-0.637864
24.761	-0.646223
24.762	-0.597837
24.763	-0.496725
24.764	-0.36752
24.765	-0.244637
24.766	-0.162971
24.767	-0.153951
24.768	-0.230852
24.769	-0.36721
24.77	-0.504423
24.771	-0.590093
24.772	-0.605426
24.773	-0.561904
24.774	-0.485249
24.775	-0.405621
24.776	-0.352257
24.777	-0.34481
24.778	-0.38412
24.779	-0.451625
24.78	-0.518556
24.781	-0.557105
24.782	-0.55028
24.783	-0.498094
24.784	-0.409815
24.785	-0.278264
24.786	-0.063522
24.787	0.27845
24.788	0.743715
24.789	1.260811
24.79	1.716114
24.791	2.000691
24.792	2.054691
24.793	1.887009
24.794	1.561998
24.795	1.167317
24.796	0.782897
24.797	0.461799
24.798	0.224221
24.799	0.062733
24.8	-0.042961
24.801	-0.109335
24.802	-0.142716
24.803	-0.14499
24.804	-0.118259
24.805	-0.057211
24.806	0.056259
24.807	0.232606
24.808	0.450299
24.809	0.664509
24.81	0.830733
24.811	0.914968
24.812	0.899478
24.813	0.790442
24.814	0.619086
24.815	0.434275
24.816	0.289045
24.817	0.221624
24.818	0.235185
24.819	0.293443
24.82	0.345289
24.821	0.359531
24.822	0.337371
24.823	0.297823
24.824	0.257658
24.825	0.220887
24.826	0.172618
24.827	0.078253
24.828	-0.090797
24.829	-0.31646
24.83	-0.533385
24.831	-0.67555
24.832	-0.716347
24.833	-0.67217
24.834	-0.584345
24.835	-0.501501
24.836	-0.46742
24.837	-0.505769
24.838	-0.605259
24.839	-0.723362
24.84	-0.808703
24.841	-0.822594
24.842	-0.750876
24.843	-0.608785
24.844	-0.435733
24.845	-0.279655
24.846	-0.187477
24.847	-0.202891
24.848	-0.342922
24.849	-0.566357
24.85	-0.787429
24.851	-0.928862
24.852	-0.959142
24.853	-0.892684
24.854	-0.770965
24.855	-0.644022
24.856	-0.555909
24.857	-0.53098
24.858	-0.565175
24.859	-0.62985
24.86	-0.686027
24.861	-0.700789
24.862	-0.659538
24.863	-0.569392
24.864	-0.447966
24.865	-0.297668
24.866	-0.091753
24.867	0.200403
24.868	0.572716
24.869	0.970057
24.87	1.309011
24.871	1.512885
24.872	1.542865
24.873	1.410865
24.874	1.169033
24.875	0.882254
24.876	0.601736
24.877	0.357276
24.878	0.164621
24.879	0.031174
24.88	-0.043844
24.881	-0.068551
24.882	-0.057872
24.883	-0.035623
24.884	-0.031829
24.885	-0.068675
24.886	-0.15146
24.887	-0.27817
24.888	-0.4409
24.889	-0.610616
24.89	-0.741546
24.891	-0.798292
24.892	-0.771804
24.893	-0.674255
24.894	-0.527514
24.895	-0.355973
24.896	-0.182979
24.897	-0.027496
24.898	0.097359
24.899	0.183772
24.9	0.230538
24.901	0.242964
24.902	0.22664
24.903	0.181651
24.904	0.110362
24.905	0.041307
24.906	0.038521
24.907	0.163301
24.908	0.419775
24.909	0.74406
24.91	1.040156
24.911	1.225749
24.912	1.263044
24.913	1.166398
24.914	0.989283
24.915	0.800343
24.916	0.659753
24.917	0.601432
24.918	0.621507
24.919	0.681349
24.92	0.731132
24.921	0.736715
24.922	0.687594
24.923	0.587612
24.924	0.44895
24.925	0.294074
24.926	0.146011
24.927	0.008071
24.928	-0.132651
24.929	-0.275938
24.93	-0.398007
24.931	-0.472858
24.932	-0.491475
24.933	-0.457988
24.934	-0.374738
24.935	-0.237638
24.936	-0.045403
24.937	0.190487
24.938	0.442868
24.939	0.673525
24.94	0.844712
24.941	0.93261
24.942	0.932043
24.943	0.848303
24.944	0.690307
24.945	0.471166
24.946	0.199438
24.947	-0.13122
24.948	-0.518764
24.949	-0.915596
24.95	-1.238556
24.951	-1.418752
24.952	-1.43318
24.953	-1.301121
24.954	-1.068238
24.955	-0.794088
24.956	-0.538741
24.957	-0.343906
24.958	-0.219265
24.959	-0.146982
24.96	-0.099402
24.961	-0.055289
24.962	-0.008358
24.963	0.031576
24.964	0.043241
24.965	-6.9e-05
24.966	-0.128374
24.967	-0.368597
24.968	-0.715394
24.969	-1.102061
24.97	-1.422944
24.971	-1.593819
24.972	-1.587963
24.973	-1.428717
24.974	-1.165689
24.975	-0.858053
24.976	-0.562798
24.977	-0.320258
24.978	-0.145645
24.979	-0.034536
24.98	0.027163
24.981	0.055805
24.982	0.06143
24.983	0.044137
24.984	0.007305
24.985	-0.019533
24.986	0.023447
24.987	0.189837
24.988	0.478806
24.989	0.827067
24.99	1.14025
24.991	1.333335
24.992	1.364601
24.993	1.248968
24.994	1.043449
24.995	0.817459
24.996	0.626813
24.997	0.49998
24.998	0.435626
24.999	0.410289
25.0	0.394348
25.001	0.367593
25.002	0.32298
25.003	0.260297
25.004	0.185322
25.005	0.119879
25.006	0.100874
25.007	0.151536
25.008	0.258542
25.009	0.385004
25.01	0.492006
25.011	0.548578
25.012	0.54065
25.013	0.478747
25.014	0.396403
25.015	0.339988
25.016	0.353229
25.017	0.455837
25.018	0.625219
25.019	0.802111
25.02	0.923433
25.021	0.955529
25.022	0.901481
25.023	0.78432
25.024	0.626029
25.025	0.438318
25.026	0.219456
25.027	-0.04737
25.028	-0.369385
25.029	-0.707018
25.03	-0.983921
25.031	-1.137549
25.032	-1.148876
25.033	-1.035696
25.034	-0.838308
25.035	-0.611279
25.036	-0.410458
25.037	-0.272462
25.038	-0.201527
25.039	-0.174736
25.04	-0.158815
25.041	-0.127186
25.042	-0.07251
25.043	-0.010819
25.044	0.024951
25.045	-0.001517
25.046	-0.121369
25.047	-0.356745
25.048	-0.697753
25.049	-1.075989
25.05	-1.387204
25.051	-1.549835
25.052	-1.538258
25.053	-1.376122
25.054	-1.116088
25.055	-0.822905
25.056	-0.556908
25.057	-0.356147
25.058	-0.228122
25.059	-0.156563
25.06	-0.115002
25.061	-0.080599
25.062	-0.046212
25.063	-0.02337
25.064	-0.026364
25.065	-0.044861
25.066	-0.037646
25.067	0.036142
25.068	0.183102
25.069	0.372036
25.07	0.550539
25.071	0.668033
25.072	0.698583
25.073	0.649452
25.074	0.550923
25.075	0.437342
25.076	0.332456
25.077	0.246366
25.078	0.180317
25.079	0.131834
25.08	0.097751
25.081	0.074846
25.082	0.05664
25.083	0.031025
25.084	-0.006452
25.085	-0.025554
25.086	0.037891
25.087	0.231701
25.088	0.540293
25.089	0.888836
25.09	1.180824
25.091	1.339555
25.092	1.336855
25.093	1.197586
25.094	0.98301
25.095	0.765944
25.096	0.607896
25.097	0.539962
25.098	0.552072
25.099	0.602417
25.1	0.644061
25.101	0.647295
25.102	0.603637
25.103	0.517248
25.104	0.397552
25.105	0.256302
25.106	0.097504
25.107	-0.092824
25.108	-0.325151
25.109	-0.570538
25.11	-0.768557
25.111	-0.871609
25.112	-0.870025
25.113	-0.782722
25.114	-0.635677
25.115	-0.448412
25.116	-0.23344
25.117	-0.004043
25.118	0.216945
25.119	0.397332
25.12	0.509685
25.121	0.546987
25.122	0.521666
25.123	0.451304
25.124	0.348533
25.125	0.215385
25.126	0.034932
25.127	-0.222858
25.128	-0.562002
25.129	-0.924726
25.13	-1.215883
25.131	-1.36435
25.132	-1.35373
25.133	-1.210808
25.134	-0.984358
25.135	-0.733582
25.136	-0.516633
25.137	-0.369668
25.138	-0.292417
25.139	-0.256726
25.14	-0.228887
25.141	-0.187166
25.142	-0.129594
25.143	-0.0738
25.144	-0.046406
25.145	-0.068836
25.146	-0.154305
25.147	-0.309889
25.148	-0.522078
25.149	-0.741684
25.15	-0.90461
25.151	-0.970171
25.152	-0.934152
25.153	-0.816188
25.154	-0.646054
25.155	-0.459448
25.156	-0.293547
25.157	-0.175047
25.158	-0.109982
25.159	-0.085262
25.16	-0.079513
25.161	-0.075781
25.162	-0.07069
25.163	-0.072441
25.164	-0.081745
25.165	-0.065353
25.166	0.042572
25.167	0.290099
25.168	0.65763
25.169	1.06195
25.17	1.396419
25.171	1.57486
25.172	1.565346
25.173	1.398118
25.174	1.14393
25.175	0.880642
25.176	0.667157
25.177	0.530123
25.178	0.462786
25.179	0.436485
25.18	0.420263
25.181	0.394812
25.182	0.352192
25.183	0.290419
25.184	0.214163
25.185	0.140434
25.186	0.093008
25.187	0.079307
25.188	0.083432
25.189	0.088777
25.19	0.089931
25.191	0.083599
25.192	0.066941
25.193	0.045988
25.194	0.038839
25.195	0.070463
25.196	0.162208
25.197	0.316601
25.198	0.50522
25.199	0.676331
25.2	0.783051
25.201	0.807084
25.202	0.757729
25.203	0.654358
25.204	0.512357
25.205	0.337808
25.206	0.123005
25.207	-0.150065
25.208	-0.479196
25.209	-0.811804
25.21	-1.066397
25.211	-1.184917
25.212	-1.158091
25.213	-1.016849
25.214	-0.813583
25.215	-0.604764
25.216	-0.435427
25.217	-0.327667
25.218	-0.278562
25.219	-0.267875
25.22	-0.269214
25.221	-0.259149
25.222	-0.225099
25.223	-0.172949
25.224	-0.128109
25.225	-0.127418
25.226	-0.21215
25.227	-0.41634
25.228	-0.730839
25.229	-1.077888
25.23	-1.34886
25.231	-1.469356
25.232	-1.424608
25.233	-1.245229
25.234	-0.986274
25.235	-0.710927
25.236	-0.474733
25.237	-0.310329
25.238	-0.219439
25.239	-0.17838
25.24	-0.15481
25.241	-0.126934
25.242	-0.094839
25.243	-0.075463
25.244	-0.079402
25.245	-0.081428
25.246	-0.020285
25.247	0.154606
25.248	0.436462
25.249	0.75978
25.25	1.033745
25.251	1.185288
25.252	1.189862
25.253	1.0734
25.254	0.890357
25.255	0.695416
25.256	0.525304
25.257	0.396497
25.258	0.309958
25.259	0.256473
25.26	0.224045
25.261	0.20203
25.262	0.177644
25.263	0.136265
25.264	0.078173
25.265	0.039661
25.266	0.082938
25.267	0.246673
25.268	0.506934
25.269	0.78946
25.27	1.011212
25.271	1.115048
25.272	1.087001
25.273	0.956257
25.274	0.781062
25.275	0.627307
25.276	0.546095
25.277	0.555217
25.278	0.632341
25.279	0.728265
25.28	0.793894
25.281	0.801286
25.282	0.745471
25.283	0.63339
25.284	0.477743
25.285	0.29335
25.286	0.082785
25.287	-0.1677
25.288	-0.457293
25.289	-0.741273
25.29	-0.951508
25.291	-1.042217
25.292	-1.009718
25.293	-0.881296
25.294	-0.696727
25.295	-0.496841
25.296	-0.316782
25.297	-0.179345
25.298	-0.091088
25.299	-0.042003
25.3	-0.008253
25.301	0.037148
25.302	0.105485
25.303	0.182856
25.304	0.247264
25.305	0.292935
25.306	0.326173
25.307	0.343328
25.308	0.333267
25.309	0.297968
25.31	0.251686
25.311	0.203886
25.312	0.154289
25.313	0.101565
25.314	0.053554
25.315	0.029908
25.316	0.052296
25.317	0.12611
25.318	0.2293
25.319	0.322852
25.32	0.375167
25.321	0.378359
25.322	0.345073
25.323	0.292232
25.324	0.228976
25.325	0.152949
25.326	0.043941
25.327	-0.129295
25.328	-0.369097
25.329	-0.622498
25.33	-0.815194
25.331	-0.902207
25.332	-0.881613
25.333	-0.780927
25.334	-0.643562
25.335	-0.51972
25.336	-0.451653
25.337	-0.454474
25.338	-0.508276
25.339	-0.569942
25.34	-0.596235
25.341	-0.56385
25.342	-0.477506
25.343	-0.364403
25.344	-0.260652
25.345	-0.20186
25.346	-0.222332
25.347	-0.34583
25.348	-0.557682
25.349	-0.792356
25.35	-0.967646
25.351	-1.033209
25.352	-0.986991
25.353	-0.859891
25.354	-0.69549
25.355	-0.539008
25.356	-0.428554
25.357	-0.381879
25.358	-0.38899
25.359	-0.420559
25.36	-0.444525
25.361	-0.440517
25.362	-0.408249
25.363	-0.360755
25.364	-0.297572
25.365	-0.180653
25.366	0.052023
25.367	0.432949
25.368	0.92031
25.369	1.408158
25.37	1.77697
25.371	1.943067
25.372	1.885992
25.373	1.647026
25.374	1.303507
25.375	0.936699
25.376	0.608153
25.377	0.349252
25.378	0.163818
25.379	0.039732
25.38	-0.038746
25.381	-0.084433
25.382	-0.107451
25.383	-0.115039
25.384	-0.102442
25.385	-0.04371
25.386	0.093707
25.387	0.313145
25.388	0.574769
25.389	0.818493
25.39	0.98943
25.391	1.051264
25.392	0.996574
25.393	0.850889
25.394	0.665333
25.395	0.500974
25.396	0.408183
25.397	0.404327
25.398	0.463777
25.399	0.534515
25.4	0.570911
25.401	0.555244
25.402	0.495563
25.403	0.410771
25.404	0.31616
25.405	0.21378
25.406	0.087103
25.407	-0.090224
25.408	-0.320112
25.409	-0.555956
25.41	-0.730527
25.411	-0.803376
25.412	-0.776325
25.413	-0.679124
25.414	-0.552217
25.415	-0.435358
25.416	-0.356803
25.417	-0.3257
25.418	-0.333767
25.419	-0.362554
25.42	-0.389032
25.421	-0.391038
25.422	-0.356214
25.423	-0.289709
25.424	-0.216526
25.425	-0.179558
25.426	-0.230277
25.427	-0.401817
25.428	-0.672482
25.429	-0.961655
25.43	-1.175512
25.431	-1.257884
25.432	-1.203954
25.433	-1.045391
25.434	-0.833812
25.435	-0.628698
25.436	-0.480357
25.437	-0.40988
25.438	-0.402588
25.439	-0.421362
25.44	-0.427958
25.441	-0.400327
25.442	-0.340856
25.443	-0.270752
25.444	-0.209121
25.445	-0.152017
25.446	-0.076459
25.447	0.034186
25.448	0.174832
25.449	0.322256
25.45	0.443794
25.451	0.510059
25.452	0.510307
25.453	0.456075
25.454	0.369755
25.455	0.270299
25.456	0.167049
25.457	0.063978
25.458	-0.032636
25.459	-0.11195
25.46	-0.163323
25.461	-0.183547
25.462	-0.180812
25.463	-0.169186
25.464	-0.147709
25.465	-0.078068
25.466	0.100056
25.467	0.413614
25.468	0.819758
25.469	1.22178
25.47	1.513733
25.471	1.625974
25.472	1.550335
25.473	1.333786
25.474	1.051887
25.475	0.779975
25.476	0.572152
25.477	0.448949
25.478	0.396047
25.479	0.379609
25.48	0.369125
25.481	0.348604
25.482	0.312604
25.483	0.259583
25.484	0.190958
25.485	0.110065
25.486	0.012118
25.487	-0.118518
25.488	-0.283689
25.489	-0.450952
25.49	-0.573277
25.491	-0.622869
25.492	-0.601287
25.493	-0.527137
25.494	-0.420073
25.495	-0.293132
25.496	-0.154783
25.497	-0.015422
25.498	0.108866
25.499	0.200705
25.5	0.251526
25.501	0.265969
25.502	0.254013
25.503	0.220647
25.504	0.164063
25.505	0.073948
25.506	-0.07449
25.507	-0.305729
25.508	-0.603952
25.509	-0.898518
25.51	-1.104228
25.511	-1.173027
25.512	-1.10989
25.513	-0.956472
25.514	-0.767465
25.515	-0.593287
25.516	-0.468508
25.517	-0.404148
25.518	-0.388255
25.519	-0.395224
25.52	-0.397901
25.521	-0.377353
25.522	-0.329221
25.523	-0.265433
25.524	-0.208125
25.525	-0.183762
25.526	-0.223181
25.527	-0.348365
25.528	-0.541893
25.529	-0.7399
25.53	-0.870546
25.531	-0.898035
25.532	-0.831459
25.533	-0.705375
25.534	-0.558476
25.535	-0.422504
25.536	-0.31838
25.537	-0.255671
25.538	-0.233589
25.539	-0.241672
25.54	-0.26267
25.541	-0.280314
25.542	-0.287029
25.543	-0.280762
25.544	-0.246998
25.545	-0.143117
25.546	0.084923
25.547	0.45331
25.548	0.907823
25.549	1.342815
25.55	1.649539
25.551	1.76039
25.552	1.671469
25.553	1.435392
25.554	1.131391
25.555	0.832908
25.556	0.587959
25.557	0.414041
25.558	0.30426
25.559	0.24005
25.56	0.202914
25.561	0.177829
25.562	0.150744
25.563	0.113182
25.564	0.074828
25.565	0.066278
25.566	0.117866
25.567	0.229962
25.568	0.369734
25.569	0.494873
25.57	0.571966
25.571	0.582222
25.572	0.527071
25.573	0.431171
25.574	0.335621
25.575	0.283776
25.576	0.30376
25.577	0.393283
25.578	0.517815
25.579	0.628074
25.58	0.68637
25.581	0.681032
25.582	0.620375
25.583	0.518973
25.584	0.388713
25.585	0.230828
25.586	0.029278
25.587	-0.233427
25.588	-0.539136
25.589	-0.823732
25.59	-1.015266
25.591	-1.0765
25.592	-1.013903
25.593	-0.863964
25.594	-0.678326
25.595	-0.510351
25.596	-0.399107
25.597	-0.356302
25.598	-0.365594
25.599	-0.39423
25.6	-0.408981
25.601	-0.388843
25.602	-0.331244
25.603	-0.253038
25.604	-0.187289
25.605	-0.177666
25.606	-0.270357
25.607	-0.489545
25.608	-0.800526
25.609	-1.109132
25.61	-1.315663
25.611	-1.36886
25.612	-1.275632
25.613	-1.080452
25.614	-0.842505
25.615	-0.617783
25.616	-0.444752
25.617	-0.338177
25.618	-0.291869
25.619	-0.284895
25.62	-0.290099
25.621	-0.286087
25.622	-0.266267
25.623	-0.235194
25.624	-0.191665
25.625	-0.113355
25.626	0.032582
25.627	0.256482
25.628	0.529269
25.629	0.794194
25.63	0.989092
25.631	1.070503
25.632	1.030573
25.633	0.895943
25.634	0.712784
25.635	0.528351
25.636	0.37583
25.637	0.26668
25.638	0.192265
25.639	0.134684
25.64	0.081451
25.641	0.031192
25.642	-0.013016
25.643	-0.047223
25.644	-0.055371
25.645	8.5e-05
25.646	0.157163
25.647	0.415478
25.648	0.724012
25.649	1.004636
25.65	1.185966
25.651	1.229795
25.652	1.142763
25.653	0.969757
25.654	0.7744
25.655	0.616565
25.656	0.532994
25.657	0.526364
25.658	0.568874
25.659	0.620256
25.66	0.648467
25.661	0.638635
25.662	0.587753
25.663	0.49644
25.664	0.368983
25.665	0.211082
25.666	0.016665
25.667	-0.225953
25.668	-0.500245
25.669	-0.750713
25.67	-0.9162
25.671	-0.965754
25.672	-0.905818
25.673	-0.767373
25.674	-0.590982
25.675	-0.416225
25.676	-0.272798
25.677	-0.173915
25.678	-0.116142
25.679	-0.084554
25.68	-0.060996
25.681	-0.033237
25.682	-0.001221
25.683	0.022006
25.684	0.01491
25.685	-0.050718
25.686	-0.210361
25.687	-0.483988
25.688	-0.834838
25.689	-1.167826
25.69	-1.384073
25.691	-1.434519
25.692	-1.330167
25.693	-1.120434
25.694	-0.867717
25.695	-0.629641
25.696	-0.445327
25.697	-0.327599
25.698	-0.266189
25.699	-0.238063
25.7	-0.2188
25.701	-0.192826
25.702	-0.159226
25.703	-0.127199
25.704	-0.105375
25.705	-0.09916
25.706	-0.116657
25.707	-0.165845
25.708	-0.238776
25.709	-0.306961
25.71	-0.340831
25.711	-0.330349
25.712	-0.285521
25.713	-0.223444
25.714	-0.157944
25.715	-0.097597
25.716	-0.048105
25.717	-0.013895
25.718	0.002006
25.719	-0.000972
25.72	-0.018816
25.721	-0.043976
25.722	-0.071481
25.723	-0.097738
25.724	-0.105496
25.725	-0.053956
25.726	0.106606
25.727	0.401848
25.728	0.803296
25.729	1.224898
25.73	1.557205
25.731	1.716794
25.732	1.675646
25.733	1.458688
25.734	1.120843
25.735	0.721688
25.736	0.31136
25.737	-0.071074
25.738	-0.393628
25.739	-0.627877
25.74	-0.753105
25.741	-0.768554
25.742	-0.699003
25.743	-0.578755
25.744	-0.418788
25.745	-0.190703
25.746	0.143516
25.747	0.581378
25.748	1.059181
25.749	1.475691
25.75	1.738644
25.751	1.801704
25.752	1.674425
25.753	1.408207
25.754	1.070764
25.755	0.724266
25.756	0.413668
25.757	0.162807
25.758	-0.022109
25.759	-0.144095
25.76	-0.209816
25.761	-0.229347
25.762	-0.216138
25.763	-0.179536
25.764	-0.108555
25.765	0.032285
25.766	0.272837
25.767	0.598074
25.768	0.945243
25.769	1.234596
25.77	1.401163
25.771	1.414254
25.772	1.284115
25.773	1.055807
25.774	0.794362
25.775	0.56633
25.776	0.419074
25.777	0.362102
25.778	0.365967
25.779	0.385633
25.78	0.388906
25.781	0.367024
25.782	0.326977
25.783	0.28011
25.784	0.232793
25.785	0.175166
25.786	0.075981
25.787	-0.094329
25.788	-0.322057
25.789	-0.544614
25.79	-0.695151
25.791	-0.744502
25.792	-0.705184
25.793	-0.612502
25.794	-0.507184
25.795	-0.42478
25.796	-0.386387
25.797	-0.392834
25.798	-0.42747
25.799	-0.464937
25.8	-0.479645
25.801	-0.453377
25.802	-0.382679
25.803	-0.281551
25.804	-0.180535
25.805	-0.127866
25.806	-0.181694
25.807	-0.372718
25.808	-0.660768
25.809	-0.945489
25.81	-1.130254
25.811	-1.17354
25.812	-1.092083
25.813	-0.93525
25.814	-0.759704
25.815	-0.613235
25.816	-0.524329
25.817	-0.497074
25.818	-0.514152
25.819	-0.54643
25.82	-0.563633
25.821	-0.54398
25.822	-0.481203
25.823	-0.383535
25.824	-0.263434
25.825	-0.131147
25.826	-0.001715
25.827	0.105077
25.828	0.18153
25.829	0.235512
25.83	0.272633
25.831	0.286817
25.832	0.269359
25.833	0.219286
25.834	0.144644
25.835	0.057288
25.836	-0.034342
25.837	-0.126897
25.838	-0.214056
25.839	-0.280404
25.84	-0.309664
25.841	-0.298649
25.842	-0.259527
25.843	-0.205182
25.844	-0.124162
25.845	0.029607
25.846	0.302888
25.847	0.69101
25.848	1.125114
25.849	1.501652
25.85	1.725117
25.851	1.747444
25.852	1.584458
25.853	1.30079
25.854	0.978712
25.855	0.688697
25.856	0.471796
25.857	0.335773
25.858	0.262796
25.859	0.226077
25.86	0.205522
25.861	0.191026
25.862	0.176986
25.863	0.160564
25.864	0.145828
25.865	0.140381
25.866	0.139444
25.867	0.124698
25.868	0.08812
25.869	0.04165
25.87	4.9e-05
25.871	-0.031712
25.872	-0.055299
25.873	-0.072444
25.874	-0.082895
25.875	-0.08659
25.876	-0.085713
25.877	-0.083641
25.878	-0.082558
25.879	-0.081449
25.88	-0.074604
25.881	-0.054533
25.882	-0.020392
25.883	0.016834
25.884	0.037285
25.885	0.012386
25.886	-0.095527
25.887	-0.30569
25.888	-0.580115
25.889	-0.83406
25.89	-0.990927
25.891	-1.021301
25.892	-0.943272
25.893	-0.802853
25.894	-0.653574
25.895	-0.540651
25.896	-0.488804
25.897	-0.4956
25.898	-0.535068
25.899	-0.570578
25.9	-0.570231
25.901	-0.518625
25.902	-0.421732
25.903	-0.303989
25.904	-0.198624
25.905	-0.142051
25.906	-0.171815
25.907	-0.30288
25.908	-0.497145
25.909	-0.677804
25.91	-0.780314
25.911	-0.785285
25.912	-0.713731
25.913	-0.604196
25.914	-0.494039
25.915	-0.411127
25.916	-0.370433
25.917	-0.372937
25.918	-0.406837
25.919	-0.45022
25.92	-0.478561
25.921	-0.476531
25.922	-0.443185
25.923	-0.38007
25.924	-0.266945
25.925	-0.055055
25.926	0.295752
25.927	0.765795
25.928	1.267849
25.929	1.687424
25.93	1.930587
25.931	1.954155
25.932	1.774216
25.933	1.454076
25.934	1.077814
25.935	0.720697
25.936	0.428617
25.937	0.21494
25.938	0.072747
25.939	-0.010617
25.94	-0.047692
25.941	-0.05364
25.942	-0.047568
25.943	-0.040379
25.944	-0.017227
25.945	0.056624
25.946	0.200493
25.947	0.393377
25.948	0.587688
25.949	0.735717
25.95	0.80326
25.951	0.776424
25.952	0.667022
25.953	0.511297
25.954	0.359421
25.955	0.258687
25.956	0.234244
25.957	0.27725
25.958	0.352107
25.959	0.418205
25.96	0.449862
25.961	0.441763
25.962	0.400453
25.963	0.335388
25.964	0.254572
25.965	0.153621
25.966	0.007095
25.967	-0.204697
25.968	-0.453686
25.969	-0.671808
25.97	-0.801545
25.971	-0.826997
25.972	-0.768231
25.973	-0.664048
25.974	-0.560087
25.975	-0.498145
25.976	-0.501154
25.977	-0.561669
25.978	-0.645032
25.979	-0.706473
25.98	-0.711425
25.981	-0.648403
25.982	-0.529791
25.983	-0.38547
25.984	-0.256729
25.985	-0.19357
25.986	-0.246052
25.987	-0.430007
25.988	-0.692065
25.989	-0.932319
25.99	-1.069638
25.991	-1.079847
25.992	-0.986977
25.993	-0.837204
25.994	-0.680122
25.995	-0.557513
25.996	-0.492781
25.997	-0.485408
25.998	-0.515084
25.999	-0.551176
26.0	-0.564489
26.001	-0.539464
26.002	-0.477688
26.003	-0.385602
26.004	-0.254789
26.005	-0.058171
26.006	0.223224
26.007	0.571245
26.008	0.932287
26.009	1.235819
26.01	1.414939
26.011	1.43164
26.012	1.292734
26.013	1.043408
26.014	0.745968
26.015	0.456577
26.016	0.209638
26.017	0.015799
26.018	-0.128867
26.019	-0.231394
26.02	-0.294947
26.021	-0.319622
26.022	-0.306939
26.023	-0.255746
26.024	-0.147476
26.025	0.053025
26.026	0.362114
26.027	0.746668
26.028	1.134048
26.029	1.439608
26.03	1.593576
26.031	1.567302
26.032	1.384405
26.033	1.108095
26.034	0.814627
26.035	0.567053
26.036	0.397821
26.037	0.305829
26.038	0.268415
26.039	0.25915
26.04	0.259761
26.041	0.260966
26.042	0.256495
26.043	0.239583
26.044	0.205989
26.045	0.150483
26.046	0.055678
26.047	-0.092518
26.048	-0.271978
26.049	-0.43134
26.05	-0.529709
26.051	-0.557034
26.052	-0.526945
26.053	-0.463631
26.054	-0.393921
26.055	-0.341997
26.056	-0.322211
26.057	-0.333129
26.058	-0.358658
26.059	-0.375087
26.06	-0.361244
26.061	-0.308939
26.062	-0.227799
26.063	-0.141736
26.064	-0.080877
26.065	-0.079711
26.066	-0.175007
26.067	-0.376666
26.068	-0.634734
26.069	-0.860411
26.07	-0.984284
26.071	-0.988418
26.072	-0.898559
26.073	-0.76176
26.074	-0.628546
26.075	-0.540449
26.076	-0.517007
26.077	-0.548705
26.078	-0.603888
26.079	-0.643793
26.08	-0.638231
26.081	-0.577811
26.082	-0.476057
26.083	-0.35652
26.084	-0.234498
26.085	-0.115201
26.086	-0.007504
26.087	0.076374
26.088	0.135343
26.089	0.177219
26.09	0.203518
26.091	0.206397
26.092	0.17767
26.093	0.11622
26.094	0.027345
26.095	-0.082111
26.096	-0.205314
26.097	-0.332141
26.098	-0.446402
26.099	-0.528827
26.1	-0.564577
26.101	-0.550666
26.102	-0.496441
26.103	-0.406947
26.104	-0.257078
26.105	0.00485
26.106	0.40739
26.107	0.911529
26.108	1.419759
26.109	1.818838
26.11	2.021831
26.111	1.996297
26.112	1.771027
26.113	1.419589
26.114	1.028867
26.115	0.669256
26.116	0.37989
26.117	0.170736
26.118	0.035636
26.119	-0.035894
26.12	-0.056723
26.121	-0.045066
26.122	-0.021622
26.123	0.001974
26.124	0.032612
26.125	0.085296
26.126	0.157186
26.127	0.224123
26.128	0.266513
26.129	0.280766
26.13	0.267014
26.131	0.224042
26.132	0.156814
26.133	0.080631
26.134	0.015792
26.135	-0.021655
26.136	-0.026315
26.137	-0.004919
26.138	0.028112
26.139	0.060236
26.14	0.087124
26.141	0.108651
26.142	0.122766
26.143	0.126289
26.144	0.114462
26.145	0.071472
26.146	-0.030996
26.147	-0.204849
26.148	-0.414995
26.149	-0.598353
26.15	-0.711502
26.151	-0.748146
26.152	-0.718987
26.153	-0.626356
26.154	-0.460331
26.155	-0.215668
26.156	0.091188
26.157	0.418948
26.158	0.713104
26.159	0.92577
26.16	1.030061
26.161	1.019676
26.162	0.901554
26.163	0.694078
26.164	0.425453
26.165	0.118916
26.166	-0.219655
26.167	-0.580751
26.168	-0.920177
26.169	-1.171366
26.17	-1.287323
26.171	-1.26101
26.172	-1.116805
26.173	-0.895233
26.174	-0.644356
26.175	-0.412526
26.176	-0.234157
26.177	-0.117456
26.178	-0.047253
26.179	-0.00044
26.18	0.038904
26.181	0.071795
26.182	0.084555
26.183	0.057416
26.184	-0.028781
26.185	-0.197796
26.186	-0.473548
26.187	-0.84354
26.188	-1.230963
26.189	-1.528596
26.19	-1.661853
26.191	-1.616576
26.192	-1.42551
26.193	-1.143596
26.194	-0.831271
26.195	-0.543389
26.196	-0.317024
26.197	-0.163257
26.198	-0.070528
26.199	-0.017422
26.2	0.013661
26.201	0.028206
26.202	0.020684
26.203	-0.013224
26.204	-0.061746
26.205	-0.099845
26.206	-0.111883
26.207	-0.099749
26.208	-0.068423
26.209	-0.022749
26.21	0.02483
26.211	0.059636
26.212	0.077451
26.213	0.086906
26.214	0.101009
26.215	0.127994
26.216	0.166456
26.217	0.205715
26.218	0.2322
26.219	0.238088
26.22	0.223775
26.221	0.192272
26.222	0.144676
26.223	0.086468
26.224	0.047654
26.225	0.089451
26.226	0.262135
26.227	0.552303
26.228	0.882736
26.229	1.153818
26.23	1.288461
26.231	1.263921
26.232	1.116206
26.233	0.915945
26.234	0.734679
26.235	0.619668
26.236	0.583999
26.237	0.61016
26.238	0.662914
26.239	0.706465
26.24	0.715853
26.241	0.676956
26.242	0.584167
26.243	0.44434
26.244	0.279467
26.245	0.114777
26.246	-0.039988
26.247	-0.186575
26.248	-0.316614
26.249	-0.41128
26.25	-0.458324
26.251	-0.456315
26.252	-0.408012
26.253	-0.316966
26.254	-0.188763
26.255	-0.033508
26.256	0.132327
26.257	0.287134
26.258	0.410339
26.259	0.489281
26.26	0.521099
26.261	0.508796
26.262	0.454224
26.263	0.353994
26.264	0.200538
26.265	-0.019065
26.266	-0.31873
26.267	-0.683757
26.268	-1.046763
26.269	-1.317014
26.27	-1.433857
26.271	-1.388308
26.272	-1.212223
26.273	-0.960645
26.274	-0.69554
26.275	-0.468791
26.276	-0.308668
26.277	-0.215682
26.278	-0.168779
26.279	-0.138978
26.28	-0.104935
26.281	-0.063084
26.282	-0.027735
26.283	-0.022946
26.284	-0.07128
26.285	-0.189854
26.286	-0.388839
26.287	-0.650547
26.288	-0.913027
26.289	-1.098965
26.29	-1.161466
26.291	-1.099257
26.292	-0.942951
26.293	-0.735693
26.294	-0.520289
26.295	-0.332345
26.296	-0.19473
26.297	-0.113248
26.298	-0.077301
26.299	-0.066681
26.3	-0.063695
26.301	-0.06427
26.302	-0.075297
26.303	-0.092716
26.304	-0.076178
26.305	0.042537
26.306	0.305924
26.307	0.684521
26.308	1.085976
26.309	1.402288
26.31	1.556812
26.311	1.529867
26.312	1.356688
26.313	1.106027
26.314	0.852799
26.315	0.653752
26.316	0.532272
26.317	0.477007
26.318	0.456027
26.319	0.437952
26.32	0.404177
26.321	0.346914
26.322	0.265025
26.323	0.171603
26.324	0.101745
26.325	0.092944
26.326	0.150576
26.327	0.244483
26.328	0.337127
26.329	0.401947
26.33	0.423434
26.331	0.397378
26.332	0.335441
26.333	0.268081
26.334	0.239271
26.335	0.28797
26.336	0.421401
26.337	0.602199
26.338	0.767473
26.339	0.864617
26.34	0.874392
26.341	0.80815
26.342	0.685988
26.343	0.519604
26.344	0.312753
26.345	0.062494
26.346	-0.238389
26.347	-0.575931
26.348	-0.894279
26.349	-1.121583
26.35	-1.213812
26.351	-1.169631
26.352	-1.018931
26.353	-0.809201
26.354	-0.596472
26.355	-0.431289
26.356	-0.339065
26.357	-0.309732
26.358	-0.307687
26.359	-0.295289
26.36	-0.253786
26.361	-0.190319
26.362	-0.129234
26.363	-0.098994
26.364	-0.129143
26.365	-0.253056
26.366	-0.493445
26.367	-0.82629
26.368	-1.167356
26.369	-1.414491
26.37	-1.504911
26.371	-1.434366
26.372	-1.239899
26.373	-0.976328
26.374	-0.702263
26.375	-0.469005
26.376	-0.30576
26.377	-0.211935
26.378	-0.165886
26.379	-0.141348
26.38	-0.121112
26.381	-0.104536
26.382	-0.100879
26.383	-0.10776
26.384	-0.095503
26.385	-0.019327
26.386	0.145417
26.387	0.379814
26.388	0.630824
26.389	0.835346
26.39	0.943287
26.391	0.937175
26.392	0.837178
26.393	0.687244
26.394	0.533626
26.395	0.40773
26.396	0.319668
26.397	0.262925
26.398	0.224403
26.399	0.192245
26.4	0.15804
26.401	0.115854
26.402	0.064679
26.403	0.019302
26.404	0.020326
26.405	0.118147
26.406	0.330053
26.407	0.617519
26.408	0.906871
26.409	1.122098
26.41	1.210781
26.411	1.162334
26.412	1.0099
26.413	0.815614
26.414	0.64895
26.415	0.563013
26.416	0.571903
26.417	0.643641
26.418	0.721104
26.419	0.75631
26.42	0.729951
26.421	0.648284
26.422	0.529602
26.423	0.390551
26.424	0.236611
26.425	0.056351
26.426	-0.171212
26.427	-0.443302
26.428	-0.709621
26.429	-0.900506
26.43	-0.974274
26.431	-0.932528
26.432	-0.804722
26.433	-0.627887
26.434	-0.43367
26.435	-0.243983
26.436	-0.07522
26.437	0.05676
26.438	0.141946
26.439	0.186791
26.44	0.209923
26.441	0.221926
26.442	0.214124
26.443	0.165942
26.444	0.055192
26.445	-0.139439
26.446	-0.428227
26.447	-0.782011
26.448	-1.122352
26.449	-1.359386
26.45	-1.439882
26.451	-1.361898
26.452	-1.161674
26.453	-0.89625
26.454	-0.629012
26.455	-0.413522
26.456	-0.276211
26.457	-0.209739
26.458	-0.183517
26.459	-0.163316
26.46	-0.129125
26.461	-0.083809
26.462	-0.048298
26.463	-0.044336
26.464	-0.079074
26.465	-0.148575
26.466	-0.246844
26.467	-0.358663
26.468	-0.454015
26.469	-0.504277
26.47	-0.499357
26.471	-0.446212
26.472	-0.359501
26.473	-0.256144
26.474	-0.153736
26.475	-0.069713
26.476	-0.017201
26.477	0.001735
26.478	-0.001973
26.479	-0.012258
26.48	-0.020214
26.481	-0.03002
26.482	-0.051226
26.483	-0.075017
26.484	-0.052986
26.485	0.082633
26.486	0.361084
26.487	0.738822
26.488	1.119325
26.489	1.399656
26.49	1.513565
26.491	1.45336
26.492	1.263676
26.493	1.016963
26.494	0.785832
26.495	0.621168
26.496	0.538392
26.497	0.517591
26.498	0.521617
26.499	0.51843
26.5	0.490197
26.501	0.430145
26.502	0.340157
26.503	0.233759
26.504	0.132466
26.505	0.047327
26.506	-0.03208
26.507	-0.118295
26.508	-0.202665
26.509	-0.263293
26.51	-0.287908
26.511	-0.279759
26.512	-0.245296
26.513	-0.1803
26.514	-0.068538
26.515	0.102883
26.516	0.322732
26.517	0.549735
26.518	0.729667
26.519	0.822661
26.52	0.819559
26.521	0.736372
26.522	0.598446
26.523	0.428993
26.524	0.23577
26.525	-0.000511
26.526	-0.305604
26.527	-0.663444
26.528	-1.000526
26.529	-1.230208
26.53	-1.305631
26.531	-1.232047
26.532	-1.048766
26.533	-0.810473
26.534	-0.576516
26.535	-0.397412
26.536	-0.295048
26.537	-0.254241
26.538	-0.23786
26.539	-0.212634
26.54	-0.165771
26.541	-0.106651
26.542	-0.059113
26.543	-0.051436
26.544	-0.112862
26.545	-0.273498
26.546	-0.545443
26.547	-0.889069
26.548	-1.21277
26.549	-1.422506
26.55	-1.470874
26.551	-1.36519
26.552	-1.146905
26.553	-0.87091
26.554	-0.594372
26.555	-0.365846
26.556	-0.211148
26.557	-0.127186
26.558	-0.090515
26.559	-0.074263
26.56	-0.063511
26.561	-0.059974
26.562	-0.069568
26.563	-0.078939
26.564	-0.041325
26.565	0.103106
26.566	0.377257
26.567	0.73825
26.568	1.097192
26.569	1.360534
26.57	1.466891
26.571	1.408224
26.572	1.226624
26.573	0.990232
26.574	0.763795
26.575	0.587547
26.576	0.470391
26.577	0.399275
26.578	0.358937
26.579	0.345166
26.58	0.358044
26.581	0.386309
26.582	0.408025
26.583	0.408341
26.584	0.38877
26.585	0.355073
26.586	0.305877
26.587	0.243665
26.588	0.1856
26.589	0.149728
26.59	0.137071
26.591	0.133323
26.592	0.122875
26.593	0.098077
26.594	0.058741
26.595	0.007957
26.596	-0.051018
26.597	-0.114811
26.598	-0.177241
26.599	-0.228519
26.6	-0.259991
26.601	-0.269184
26.602	-0.253413
26.603	-0.193707
26.604	-0.049465
26.605	0.217887
26.606	0.603548
26.607	1.043045
26.608	1.439707
26.609	1.705217
26.61	1.786937
26.611	1.681475
26.612	1.433687
26.613	1.119006
26.614	0.814684
26.615	0.572745
26.616	0.409823
26.617	0.315765
26.618	0.268407
26.619	0.245628
26.62	0.230881
26.621	0.212152
26.622	0.183256
26.623	0.149967
26.624	0.126049
26.625	0.114392
26.626	0.100159
26.627	0.071136
26.628	0.033442
26.629	8.8e-05
26.63	-0.023852
26.631	-0.039805
26.632	-0.048182
26.633	-0.046494
26.634	-0.032627
26.635	-0.008396
26.636	0.02024
26.637	0.04641
26.638	0.066205
26.639	0.079864
26.64	0.089965
26.641	0.098698
26.642	0.104062
26.643	0.095429
26.644	0.049906
26.645	-0.066403
26.646	-0.276021
26.647	-0.552717
26.648	-0.819318
26.649	-0.995679
26.65	-1.043886
26.651	-0.973834
26.652	-0.825199
26.653	-0.650552
26.654	-0.501958
26.655	-0.414742
26.656	-0.395276
26.657	-0.422615
26.658	-0.461276
26.659	-0.477184
26.66	-0.450896
26.661	-0.383098
26.662	-0.291779
26.663	-0.20638
26.664	-0.162979
26.665	-0.198146
26.666	-0.329274
26.667	-0.52678
26.668	-0.718842
26.669	-0.836624
26.67	-0.851734
26.671	-0.777398
26.672	-0.649221
26.673	-0.507626
26.674	-0.388404
26.675	-0.316505
26.676	-0.29988
26.677	-0.327133
26.678	-0.373216
26.679	-0.410574
26.68	-0.420675
26.681	-0.400226
26.682	-0.353664
26.683	-0.270946
26.684	-0.112394
26.685	0.168721
26.686	0.577899
26.687	1.055114
26.688	1.494698
26.689	1.790856
26.69	1.881293
26.691	1.766354
26.692	1.49908
26.693	1.159313
26.694	0.825388
26.695	0.550797
26.696	0.353626
26.697	0.222625
26.698	0.134178
26.699	0.069191
26.7	0.019618
26.701	-0.01599
26.702	-0.036808
26.703	-0.033563
26.704	0.015438
26.705	0.126248
26.706	0.288618
26.707	0.468824
26.708	0.623788
26.709	0.714296
26.71	0.719836
26.711	0.648044
26.712	0.531596
26.713	0.416106
26.714	0.34421
26.715	0.339413
26.716	0.396093
26.717	0.483675
26.718	0.564558
26.719	0.611467
26.72	0.612589
26.721	0.567017
26.722	0.478476
26.723	0.353742
26.724	0.198038
26.725	0.003245
26.726	-0.241798
26.727	-0.515729
26.728	-0.758131
26.729	-0.908169
26.73	-0.940248
26.731	-0.867672
26.732	-0.728543
26.733	-0.573209
26.734	-0.453666
26.735	-0.405843
26.736	-0.431749
26.737	-0.498735
26.738	-0.558022
26.739	-0.569691
26.74	-0.520025
26.741	-0.42387
26.742	-0.313608
26.743	-0.226119
26.744	-0.201311
26.745	-0.281804
26.746	-0.485762
26.747	-0.770138
26.748	-1.040466
26.749	-1.207352
26.75	-1.231891
26.751	-1.129186
26.752	-0.945614
26.753	-0.735898
26.754	-0.550388
26.755	-0.425267
26.756	-0.370923
26.757	-0.368903
26.758	-0.385259
26.759	-0.390052
26.76	-0.370193
26.761	-0.331675
26.762	-0.286318
26.763	-0.226957
26.764	-0.11885
26.765	0.073895
26.766	0.352568
26.767	0.674355
26.768	0.970256
26.769	1.172595
26.77	1.2398
26.771	1.169992
26.772	0.997139
26.773	0.773189
26.774	0.547665
26.775	0.352963
26.776	0.200018
26.777	0.085567
26.778	0.002747
26.779	-0.054583
26.78	-0.093116
26.781	-0.119681
26.782	-0.133177
26.783	-0.111083
26.784	-0.009214
26.785	0.207005
26.786	0.523749
26.787	0.877102
26.788	1.184054
26.789	1.373137
26.79	1.405966
26.791	1.288884
26.792	1.069227
26.793	0.818617
26.794	0.609581
26.795	0.489726
26.796	0.462328
26.797	0.488997
26.798	0.517342
26.799	0.511679
26.8	0.463786
26.801	0.385199
26.802	0.294922
26.803	0.206575
26.804	0.11466
26.805	-0.009409
26.806	-0.192285
26.807	-0.417989
26.808	-0.625686
26.809	-0.754924
26.81	-0.783599
26.811	-0.727221
26.812	-0.616996
26.813	-0.482583
26.814	-0.347835
26.815	-0.232289
26.816	-0.148814
26.817	-0.097486
26.818	-0.06593
26.819	-0.038647
26.82	-0.007447
26.821	0.023532
26.822	0.040103
26.823	0.023018
26.824	-0.052505
26.825	-0.215985
26.826	-0.476321
26.827	-0.788287
26.828	-1.064765
26.829	-1.229327
26.83	-1.252097
26.831	-1.148116
26.832	-0.959377
26.833	-0.740402
26.834	-0.546511
26.835	-0.417506
26.836	-0.36227
26.837	-0.358115
26.838	-0.367382
26.839	-0.358601
26.84	-0.320029
26.841	-0.261091
26.842	-0.202461
26.843	-0.159064
26.844	-0.131496
26.845	-0.116722
26.846	-0.114387
26.847	-0.116916
26.848	-0.111183
26.849	-0.093353
26.85	-0.070704
26.851	-0.050708
26.852	-0.0356
26.853	-0.02652
26.854	-0.02855
26.855	-0.049723
26.856	-0.093353
26.857	-0.150961
26.858	-0.204414
26.859	-0.237035
26.86	-0.244675
26.861	-0.236264
26.862	-0.219621
26.863	-0.177026
26.864	-0.056012
26.865	0.194885
26.866	0.573097
26.867	1.009205
26.868	1.397026
26.869	1.638216
26.87	1.682656
26.871	1.544296
26.872	1.286121
26.873	0.989688
26.874	0.725463
26.875	0.533659
26.876	0.41876
26.877	0.357957
26.878	0.320628
26.879	0.285499
26.88	0.243505
26.881	0.191869
26.882	0.132799
26.883	0.077726
26.884	0.040919
26.885	0.019933
26.886	-0.004493
26.887	-0.041772
26.888	-0.081203
26.889	-0.109507
26.89	-0.124025
26.891	-0.128639
26.892	-0.122289
26.893	-0.091696
26.894	-0.017164
26.895	0.109554
26.896	0.270341
26.897	0.424967
26.898	0.532521
26.899	0.571908
26.9	0.546705
26.901	0.473979
26.902	0.370611
26.903	0.246964
26.904	0.097575
26.905	-0.105033
26.906	-0.379504
26.907	-0.690251
26.908	-0.955858
26.909	-1.10479
26.91	-1.113978
26.911	-1.006805
26.912	-0.83138
26.913	-0.641547
26.914	-0.486236
26.915	-0.398173
26.916	-0.379391
26.917	-0.398958
26.918	-0.412081
26.919	-0.387225
26.92	-0.321359
26.921	-0.236829
26.922	-0.167355
26.923	-0.143832
26.924	-0.19225
26.925	-0.336724
26.926	-0.577651
26.927	-0.862316
26.928	-1.102752
26.929	-1.228791
26.93	-1.21874
26.931	-1.092901
26.932	-0.893033
26.933	-0.668148
26.934	-0.466915
26.935	-0.32571
26.936	-0.254569
26.937	-0.235193
26.938	-0.234976
26.939	-0.227778
26.94	-0.208735
26.941	-0.191458
26.942	-0.183641
26.943	-0.156304
26.944	-0.041046
26.945	0.223491
26.946	0.63199
26.947	1.100939
26.948	1.509868
26.949	1.75547
26.95	1.790614
26.951	1.635086
26.952	1.356854
26.953	1.038207
26.954	0.745596
26.955	0.514346
26.956	0.349877
26.957	0.240177
26.958	0.168876
26.959	0.121239
26.96	0.083408
26.961	0.042536
26.962	-0.002712
26.963	-0.028794
26.964	0.003867
26.965	0.115526
26.966	0.284913
26.967	0.465544
26.968	0.610829
26.969	0.685673
26.97	0.674689
26.971	0.589759
26.972	0.469152
26.973	0.365794
26.974	0.327716
26.975	0.375591
26.976	0.489793
26.977	0.620474
26.978	0.71502
26.979	0.741883
26.98	0.696453
26.981	0.592483
26.982	0.451004
26.983	0.29123
26.984	0.117319
26.985	-0.089916
26.986	-0.34591
26.987	-0.620932
26.988	-0.848618
26.989	-0.975015
26.99	-0.986372
26.991	-0.901447
26.992	-0.753966
26.993	-0.581372
26.994	-0.417721
26.995	-0.287151
26.996	-0.200032
26.997	-0.153183
26.998	-0.133168
26.999	-0.12322
27.0	-0.112265
27.001	-0.099988
27.002	-0.097439
27.003	-0.125484
27.004	-0.210727
27.005	-0.374309
27.006	-0.60539
27.007	-0.843871
27.008	-1.011478
27.009	-1.065129
27.01	-1.014838
27.011	-0.899334
27.012	-0.752936
27.013	-0.592308
27.014	-0.424812
27.015	-0.260183
27.016	-0.112131
27.017	0.007697
27.018	0.09445
27.019	0.148813
27.02	0.17277
27.021	0.168374
27.022	0.139343
27.023	0.088939
27.024	0.009922
27.025	-0.120426
27.026	-0.314893
27.027	-0.541578
27.028	-0.735563
27.029	-0.846054
27.03	-0.861316
27.031	-0.800139
27.032	-0.696354
27.033	-0.591353
27.034	-0.526417
27.035	-0.525491
27.036	-0.580372
27.037	-0.654861
27.038	-0.704469
27.039	-0.69767
27.04	-0.628722
27.041	-0.516072
27.042	-0.389296
27.043	-0.277982
27.044	-0.211928
27.045	-0.221254
27.046	-0.31458
27.047	-0.454824
27.048	-0.578456
27.049	-0.640867
27.05	-0.635073
27.051	-0.579434
27.052	-0.500713
27.053	-0.426698
27.054	-0.384046
27.055	-0.390884
27.056	-0.445412
27.057	-0.523104
27.058	-0.588828
27.059	-0.615071
27.06	-0.593588
27.061	-0.533086
27.062	-0.440063
27.063	-0.292549
27.064	-0.039561
27.065	0.35372
27.066	0.859095
27.067	1.385661
27.068	1.815045
27.069	2.047107
27.07	2.039456
27.071	1.818959
27.072	1.461987
27.073	1.060652
27.074	0.6916
27.075	0.396497
27.076	0.181406
27.077	0.032437
27.078	-0.067293
27.079	-0.129541
27.08	-0.16125
27.081	-0.167016
27.082	-0.145941
27.083	-0.082506
27.084	0.047657
27.085	0.246581
27.086	0.479728
27.087	0.699137
27.088	0.862321
27.089	0.935469
27.09	0.902486
27.091	0.775237
27.092	0.593376
27.093	0.413987
27.094	0.291613
27.095	0.253164
27.096	0.283915
27.097	0.33913
27.098	0.374544
27.099	0.370417
27.1	0.332997
27.101	0.280339
27.102	0.226918
27.103	0.174802
27.104	0.107039
27.105	-0.011288
27.106	-0.200498
27.107	-0.427505
27.108	-0.621826
27.109	-0.729766
27.11	-0.740926
27.111	-0.676675
27.112	-0.573352
27.113	-0.476171
27.114	-0.430634
27.115	-0.460591
27.116	-0.550445
27.117	-0.652579
27.118	-0.713607
27.119	-0.69999
27.12	-0.610849
27.121	-0.47476
27.122	-0.334594
27.123	-0.232664
27.124	-0.208888
27.125	-0.297682
27.126	-0.498167
27.127	-0.749325
27.128	-0.959945
27.129	-1.064724
27.13	-1.049333
27.131	-0.940242
27.132	-0.78354
27.133	-0.628595
27.134	-0.51773
27.135	-0.474608
27.136	-0.493265
27.137	-0.540586
27.138	-0.575102
27.139	-0.568681
27.14	-0.51757
27.141	-0.43846
27.142	-0.347872
27.143	-0.234485
27.144	-0.058289
27.145	0.209862
27.146	0.552885
27.147	0.91015
27.148	1.20217
27.149	1.361511
27.15	1.359366
27.151	1.212749
27.152	0.97057
27.153	0.690077
27.154	0.418192
27.155	0.183377
27.156	-0.003504
27.157	-0.140947
27.158	-0.229231
27.159	-0.271442
27.16	-0.277768
27.161	-0.261822
27.162	-0.224811
27.163	-0.138276
27.164	0.046624
27.165	0.353661
27.166	0.745912
27.167	1.139577
27.168	1.442638
27.169	1.586823
27.17	1.548299
27.171	1.353201
27.172	1.065885
27.173	0.766563
27.174	0.525744
27.175	0.380976
27.176	0.325581
27.177	0.320454
27.178	0.322913
27.179	0.309089
27.18	0.275603
27.181	0.229735
27.182	0.182036
27.183	0.138653
27.184	0.087347
27.185	-0.004467
27.186	-0.156902
27.187	-0.341742
27.188	-0.498198
27.189	-0.581901
27.19	-0.588737
27.191	-0.543175
27.192	-0.47672
27.193	-0.415304
27.194	-0.376241
27.195	-0.367177
27.196	-0.384872
27.197	-0.416176
27.198	-0.442275
27.199	-0.44459
27.2	-0.411141
27.201	-0.342203
27.202	-0.252523
27.203	-0.172437
27.204	-0.150232
27.205	-0.238576
27.206	-0.448966
27.207	-0.718863
27.208	-0.94775
27.209	-1.064519
27.21	-1.055327
27.211	-0.948131
27.212	-0.7893
27.213	-0.630529
27.214	-0.518091
27.215	-0.476435
27.216	-0.495941
27.217	-0.538722
27.218	-0.560926
27.219	-0.53555
27.22	-0.462275
27.221	-0.361719
27.222	-0.259967
27.223	-0.173326
27.224	-0.106602
27.225	-0.064134
27.226	-0.047815
27.227	-0.045167
27.228	-0.03897
27.229	-0.026015
27.23	-0.015587
27.231	-0.015907
27.232	-0.028961
27.233	-0.055786
27.234	-0.101034
27.235	-0.168927
27.236	-0.253959
27.237	-0.337286
27.238	-0.39471
27.239	-0.410721
27.24	-0.387236
27.241	-0.337337
27.242	-0.264572
27.243	-0.141657
27.244	0.083174
27.245	0.439467
27.246	0.892332
27.247	1.350212
27.248	1.704562
27.249	1.871397
27.25	1.822947
27.251	1.594122
27.252	1.261841
27.253	0.913017
27.254	0.614856
27.255	0.398537
27.256	0.261261
27.257	0.180765
27.258	0.13299
27.259	0.102835
27.26	0.083306
27.261	0.071264
27.262	0.07007
27.263	0.094059
27.264	0.157122
27.265	0.251161
27.266	0.348741
27.267	0.427013
27.268	0.474124
27.269	0.480575
27.27	0.440579
27.271	0.360041
27.272	0.259711
27.273	0.170307
27.274	0.119189
27.275	0.115185
27.276	0.144001
27.277	0.17931
27.278	0.200231
27.279	0.201678
27.28	0.191768
27.281	0.17984
27.282	0.165805
27.283	0.136598
27.284	0.063419
27.285	-0.089734
27.286	-0.327243
27.287	-0.592943
27.288	-0.802538
27.289	-0.90104
27.29	-0.885192
27.291	-0.790088
27.292	-0.666256
27.293	-0.560856
27.294	-0.504702
27.295	-0.505498
27.296	-0.548738
27.297	-0.605009
27.298	-0.64057
27.299	-0.629002
27.3	-0.560297
27.301	-0.444314
27.302	-0.31043
27.303	-0.205245
27.304	-0.187708
27.305	-0.307539
27.306	-0.558996
27.307	-0.859422
27.308	-1.097046
27.309	-1.199783
27.31	-1.159753
27.311	-1.015012
27.312	-0.822187
27.313	-0.639327
27.314	-0.514667
27.315	-0.471255
27.316	-0.495756
27.317	-0.546337
27.318	-0.575861
27.319	-0.555551
27.32	-0.486664
27.321	-0.391366
27.322	-0.28347
27.323	-0.140126
27.324	0.091245
27.325	0.444485
27.326	0.888878
27.327	1.332208
27.328	1.666254
27.329	1.815139
27.33	1.760434
27.331	1.538485
27.332	1.217741
27.333	0.870368
27.334	0.551242
27.335	0.290168
27.336	0.095666
27.337	-0.035404
27.338	-0.110192
27.339	-0.138441
27.34	-0.134371
27.341	-0.113184
27.342	-0.074487
27.343	0.012371
27.344	0.190964
27.345	0.474008
27.346	0.819181
27.347	1.147474
27.348	1.379506
27.349	1.463382
27.35	1.388335
27.351	1.185123
27.352	0.91526
27.353	0.652428
27.354	0.458857
27.355	0.361469
27.356	0.343398
27.357	0.361989
27.358	0.377702
27.359	0.3713
27.36	0.343193
27.361	0.302711
27.362	0.258181
27.363	0.208415
27.364	0.13249
27.365	-0.003739
27.366	-0.208523
27.367	-0.435418
27.368	-0.612517
27.369	-0.695064
27.37	-0.684734
27.371	-0.614995
27.372	-0.530536
27.373	-0.473773
27.374	-0.473867
27.375	-0.536005
27.376	-0.638121
27.377	-0.739859
27.378	-0.79915
27.379	-0.788017
27.38	-0.701185
27.381	-0.555044
27.382	-0.383591
27.383	-0.238497
27.384	-0.18543
27.385	-0.277374
27.386	-0.506869
27.387	-0.788786
27.388	-1.010786
27.389	-1.103193
27.39	-1.063761
27.391	-0.936526
27.392	-0.779245
27.393	-0.641722
27.394	-0.555705
27.395	-0.530197
27.396	-0.552786
27.397	-0.597521
27.398	-0.633908
27.399	-0.635385
27.4	-0.587878
27.401	-0.491971
27.402	-0.354611
27.403	-0.180126
27.404	0.026157
27.405	0.248544
27.406	0.465345
27.407	0.657075
27.408	0.800273
27.409	0.866883
27.41	0.841587
27.411	0.733467
27.412	0.568888
27.413	0.375992
27.414	0.174098
27.415	-0.024527
27.416	-0.204869
27.417	-0.345681
27.418	-0.428193
27.419	-0.446595
27.42	-0.409984
27.421	-0.334242
27.422	-0.224011
27.423	-0.055412
27.424	0.211285
27.425	0.586716
27.426	1.024331
27.427	1.435766
27.428	1.726525
27.429	1.833041
27.43	1.747649
27.431	1.515959
27.432	1.21035
27.433	0.897976
27.434	0.620724
27.435	0.395012
27.436	0.224721
27.437	0.11067
27.438	0.048333
27.439	0.022241
27.44	0.007549
27.441	-0.017842
27.442	-0.052561
27.443	-0.057259
27.444	0.02733
27.445	0.231303
27.446	0.524267
27.447	0.830988
27.448	1.06918
27.449	1.183105
27.45	1.162755
27.451	1.041927
27.452	0.879112
27.453	0.733409
27.454	0.644757
27.455	0.622348
27.456	0.645966
27.457	0.681024
27.458	0.69628
27.459	0.672392
27.46	0.602069
27.461	0.489915
27.462	0.354653
27.463	0.228497
27.464	0.141965
27.465	0.100818
27.466	0.087826
27.467	0.08605
27.468	0.08695
27.469	0.084565
27.47	0.077128
27.471	0.07416
27.472	0.098602
27.473	0.18047
27.474	0.340736
27.475	0.570261
27.476	0.821975
27.477	1.029781
27.478	1.142041
27.479	1.142189
27.48	1.044361
27.481	0.875717
27.482	0.658929
27.483	0.400029
27.484	0.085596
27.485	-0.298385
27.486	-0.727075
27.487	-1.12169
27.488	-1.389427
27.489	-1.477259
27.49	-1.389681
27.491	-1.172779
27.492	-0.891016
27.493	-0.60864
27.494	-0.374312
27.495	-0.210626
27.496	-0.11444
27.497	-0.066362
27.498	-0.041747
27.499	-0.02026
27.5	0.005985
27.501	0.027446
27.502	0.017429
27.503	-0.06431
27.504	-0.261976
27.505	-0.593331
27.506	-1.011866
27.507	-1.411645
27.508	-1.682807
27.509	-1.763657
27.51	-1.652574
27.511	-1.392918
27.512	-1.052474
27.513	-0.704132
27.514	-0.408173
27.515	-0.196891
27.516	-0.067936
27.517	0.006278
27.518	0.056646
27.519	0.097433
27.52	0.121292
27.521	0.111096
27.522	0.064765
27.523	0.016846
27.524	0.025369
27.525	0.127281
27.526	0.310147
27.527	0.520346
27.528	0.690991
27.529	0.77454
27.53	0.762894
27.531	0.683057
27.532	0.576396
27.533	0.477302
27.534	0.402901
27.535	0.354935
27.536	0.327287
27.537	0.31319
27.538	0.306786
27.539	0.298123
27.54	0.27069
27.541	0.211889
27.542	0.134405
27.543	0.087671
27.544	0.133193
27.545	0.295698
27.546	0.539724
27.547	0.789844
27.548	0.969131
27.549	1.031581
27.55	0.976509
27.551	0.842988
27.552	0.692016
27.553	0.58393
27.554	0.556427
27.555	0.610518
27.556	0.712554
27.557	0.813061
27.558	0.870618
27.559	0.864725
27.56	0.792385
27.561	0.66008
27.562	0.481568
27.563	0.27042
27.564	0.024277
27.565	-0.267824
27.566	-0.589157
27.567	-0.880964
27.568	-1.075496
27.569	-1.136593
27.57	-1.070389
27.571	-0.910666
27.572	-0.699434
27.573	-0.475813
27.574	-0.272056
27.575	-0.109286
27.576	0.006291
27.577	0.081453
27.578	0.128169
27.579	0.155597
27.58	0.165707
27.581	0.152396
27.582	0.103561
27.583	-0.001461
27.584	-0.195554
27.585	-0.500128
27.586	-0.880462
27.587	-1.240766
27.588	-1.478424
27.589	-1.540542
27.59	-1.436065
27.591	-1.21331
27.592	-0.933084
27.593	-0.652202
27.594	-0.41348
27.595	-0.238469
27.596	-0.126901
27.597	-0.063444
27.598	-0.028021
27.599	-0.006112
27.6	0.005628
27.601	0.002634
27.602	-0.019199
27.603	-0.060444
27.604	-0.123746
27.605	-0.213702
27.606	-0.32061
27.607	-0.41315
27.608	-0.459755
27.609	-0.451559
27.61	-0.40092
27.611	-0.325512
27.612	-0.238139
27.613	-0.147368
27.614	-0.061433
27.615	0.010041
27.616	0.057919
27.617	0.077899
27.618	0.073086
27.619	0.050268
27.62	0.013986
27.621	-0.028996
27.622	-0.055107
27.623	-0.017773
27.624	0.132585
27.625	0.408906
27.626	0.76378
27.627	1.105735
27.628	1.340958
27.629	1.41363
27.63	1.326384
27.631	1.132267
27.632	0.906123
27.633	0.71368
27.634	0.591001
27.635	0.539923
27.636	0.538188
27.637	0.555267
27.638	0.564884
27.639	0.549399
27.64	0.498202
27.641	0.408713
27.642	0.292027
27.643	0.169682
27.644	0.054744
27.645	-0.056856
27.646	-0.167806
27.647	-0.265129
27.648	-0.331911
27.649	-0.361134
27.65	-0.353273
27.651	-0.307992
27.652	-0.22074
27.653	-0.085632
27.654	0.095422
27.655	0.302686
27.656	0.499561
27.657	0.648294
27.658	0.72655
27.659	0.731367
27.66	0.672921
27.661	0.564586
27.662	0.414067
27.663	0.217667
27.664	-0.040948
27.665	-0.37152
27.666	-0.74107
27.667	-1.070415
27.668	-1.279731
27.669	-1.332062
27.67	-1.238872
27.671	-1.043108
27.672	-0.802201
27.673	-0.573088
27.674	-0.396486
27.675	-0.286983
27.676	-0.234288
27.677	-0.212596
27.678	-0.193842
27.679	-0.161135
27.68	-0.115782
27.681	-0.074974
27.682	-0.065669
27.683	-0.12046
27.684	-0.272309
27.685	-0.532268
27.686	-0.85698
27.687	-1.15401
27.688	-1.334608
27.689	-1.359468
27.69	-1.24353
27.691	-1.034136
27.692	-0.786155
27.693	-0.54666
27.694	-0.349338
27.695	-0.211954
27.696	-0.134729
27.697	-0.103344
27.698	-0.097212
27.699	-0.100233
27.7	-0.107868
27.701	-0.119952
27.702	-0.117808
27.703	-0.050482
27.704	0.138845
27.705	0.462576
27.706	0.865266
27.707	1.245359
27.708	1.501991
27.709	1.578054
27.71	1.478657
27.711	1.260278
27.712	0.999288
27.713	0.758098
27.714	0.568188
27.715	0.434724
27.716	0.350538
27.717	0.305477
27.718	0.286797
27.719	0.275732
27.72	0.248658
27.721	0.189897
27.722	0.115872
27.723	0.082459
27.724	0.147616
27.725	0.322881
27.726	0.5634
27.727	0.793344
27.728	0.941685
27.729	0.971625
27.73	0.891489
27.731	0.746517
27.732	0.599904
27.733	0.509843
27.734	0.507903
27.735	0.586281
27.736	0.7037
27.737	0.809318
27.738	0.86538
27.739	0.853991
27.74	0.772622
27.741	0.628635
27.742	0.437138
27.743	0.212152
27.744	-0.048686
27.745	-0.352738
27.746	-0.674476
27.747	-0.949239
27.748	-1.113832
27.749	-1.143122
27.75	-1.052222
27.751	-0.878718
27.752	-0.667383
27.753	-0.462421
27.754	-0.298626
27.755	-0.190995
27.756	-0.131861
27.757	-0.099343
27.758	-0.071813
27.759	-0.040084
27.76	-0.01104
27.761	-0.000742
27.762	-0.027721
27.763	-0.118858
27.764	-0.31056
27.765	-0.616455
27.766	-0.986275
27.767	-1.316974
27.768	-1.513864
27.769	-1.53822
27.77	-1.408863
27.771	-1.176414
27.772	-0.898983
27.773	-0.63
27.774	-0.410281
27.775	-0.258647
27.776	-0.169276
27.777	-0.12182
27.778	-0.095742
27.779	-0.079991
27.78	-0.075806
27.781	-0.087545
27.782	-0.10549
27.783	-0.103169
27.784	-0.058063
27.785	0.030582
27.786	0.146282
27.787	0.265614
27.788	0.361482
27.789	0.409934
27.79	0.402829
27.791	0.35315
27.792	0.287457
27.793	0.231942
27.794	0.199858
27.795	0.187541
27.796	0.181593
27.797	0.169639
27.798	0.144785
27.799	0.103688
27.8	0.046619
27.801	-0.015367
27.802	-0.049229
27.803	-0.000764
27.804	0.173527
27.805	0.465297
27.806	0.810362
27.807	1.11924
27.808	1.311201
27.809	1.343675
27.81	1.229326
27.811	1.027377
27.812	0.814408
27.813	0.653389
27.814	0.574848
27.815	0.573166
27.816	0.616511
27.817	0.665774
27.818	0.690252
27.819	0.670983
27.82	0.598909
27.821	0.476435
27.822	0.317964
27.823	0.141141
27.824	-0.047811
27.825	-0.250655
27.826	-0.452648
27.827	-0.618225
27.828	-0.716182
27.829	-0.736911
27.83	-0.687034
27.831	-0.577162
27.832	-0.417052
27.833	-0.21856
27.834	0.000292
27.835	0.214371
27.836	0.395878
27.837	0.522906
27.838	0.586105
27.839	0.587758
27.84	0.534528
27.841	0.431362
27.842	0.279767
27.843	0.074344
27.844	-0.199253
27.845	-0.54192
27.846	-0.907593
27.847	-1.212883
27.848	-1.386942
27.849	-1.404959
27.85	-1.285092
27.851	-1.070621
27.852	-0.815473
27.853	-0.573584
27.854	-0.387285
27.855	-0.274321
27.856	-0.220475
27.857	-0.187376
27.858	-0.136812
27.859	-0.056229
27.86	0.037656
27.861	0.117782
27.862	0.163284
27.863	0.156405
27.864	0.074174
27.865	-0.093881
27.866	-0.314924
27.867	-0.52108
27.868	-0.654165
27.869	-0.695176
27.87	-0.659644
27.871	-0.579273
27.872	-0.489879
27.873	-0.425211
27.874	-0.407761
27.875	-0.43864
27.876	-0.496737
27.877	-0.549777
27.878	-0.569109
27.879	-0.540357
27.88	-0.467156
27.881	-0.368951
27.882	-0.276633
27.883	-0.232276
27.884	-0.284447
27.885	-0.454439
27.886	-0.697918
27.887	-0.922976
27.888	-1.052095
27.889	-1.060711
27.89	-0.970699
27.891	-0.825569
27.892	-0.670633
27.893	-0.541647
27.894	-0.459682
27.895	-0.429582
27.896	-0.440188
27.897	-0.468328
27.898	-0.488736
27.899	-0.48532
27.9	-0.454505
27.901	-0.396861
27.902	-0.300677
27.903	-0.135419
27.904	0.124197
27.905	0.465661
27.906	0.835404
27.907	1.15742
27.908	1.357679
27.909	1.394224
27.91	1.276057
27.911	1.053671
27.912	0.78986
27.913	0.532301
27.914	0.304942
27.915	0.116988
27.916	-0.026188
27.917	-0.119989
27.918	-0.164908
27.919	-0.172746
27.92	-0.164537
27.921	-0.152933
27.922	-0.118162
27.923	-0.007336
27.924	0.224066
27.925	0.566186
27.926	0.951294
27.927	1.28327
27.928	1.47613
27.929	1.489226
27.93	1.34032
27.931	1.091933
27.932	0.824358
27.933	0.606714
27.934	0.474925
27.935	0.425552
27.936	0.427443
27.937	0.442658
27.938	0.444104
27.939	0.420782
27.94	0.371352
27.941	0.297877
27.942	0.206302
27.943	0.099437
27.944	-0.036702
27.945	-0.216654
27.946	-0.419209
27.947	-0.591345
27.948	-0.688499
27.949	-0.698725
27.95	-0.638473
27.951	-0.538199
27.952	-0.4305
27.953	-0.343464
27.954	-0.295359
27.955	-0.288411
27.956	-0.307024
27.957	-0.32532
27.958	-0.320833
27.959	-0.28537
27.96	-0.227391
27.961	-0.167535
27.962	-0.131538
27.963	-0.151005
27.964	-0.26433
27.965	-0.485499
27.966	-0.765182
27.967	-1.009595
27.968	-1.142245
27.969	-1.14117
27.97	-1.032656
27.971	-0.865484
27.972	-0.689644
27.973	-0.545639
27.974	-0.457059
27.975	-0.425061
27.976	-0.430431
27.977	-0.443415
27.978	-0.437664
27.979	-0.402395
27.98	-0.344866
27.981	-0.280441
27.982	-0.218166
27.983	-0.159035
27.984	-0.108656
27.985	-0.077208
27.986	-0.062121
27.987	-0.047599
27.988	-0.024585
27.989	-9.7e-05
27.99	0.012355
27.991	0.005991
27.992	-0.015685
27.993	-0.045587
27.994	-0.080085
27.995	-0.119482
27.996	-0.16312
27.997	-0.205508
27.998	-0.238433
27.999	-0.257495
28.0	-0.264192
28.001	-0.252659
28.002	-0.19016
28.003	-0.022941
28.004	0.281438
28.005	0.695458
28.006	1.136839
28.007	1.503244
28.008	1.709062
28.009	1.716198
28.01	1.546926
28.011	1.269151
28.012	0.964846
28.013	0.700399
28.014	0.509335
28.015	0.392232
28.016	0.330828
28.017	0.302601
28.018	0.287553
28.019	0.269027
28.02	0.233947
28.021	0.179242
28.022	0.11967
28.023	0.076785
28.024	0.052152
28.025	0.027379
28.026	-0.006064
28.027	-0.039036
28.028	-0.06384
28.029	-0.082024
28.03	-0.09512
28.031	-0.09632
28.032	-0.071505
28.033	-0.008022
28.034	0.093946
28.035	0.216219
28.036	0.329892
28.037	0.409903
28.038	0.4444
28.039	0.433676
28.04	0.385184
28.041	0.307908
28.042	0.204495
28.043	0.062518
28.044	-0.143706
28.045	-0.421549
28.046	-0.724761
28.047	-0.971311
28.048	-1.098714
28.049	-1.09366
28.05	-0.982667
28.051	-0.8115
28.052	-0.631648
28.053	-0.489541
28.054	-0.411857
28.055	-0.396076
28.056	-0.415959
28.057	-0.436588
28.058	-0.429969
28.059	-0.386179
28.06	-0.315151
28.061	-0.239582
28.062	-0.187764
28.063	-0.192306
28.064	-0.284465
28.065	-0.466631
28.066	-0.687374
28.067	-0.866086
28.068	-0.945921
28.069	-0.917475
28.07	-0.806821
28.071	-0.653965
28.072	-0.498025
28.073	-0.370956
28.074	-0.293484
28.075	-0.269628
28.076	-0.285162
28.077	-0.315337
28.078	-0.337371
28.079	-0.339836
28.08	-0.323415
28.081	-0.287303
28.082	-0.205994
28.083	-0.027655
28.084	0.284242
28.085	0.70772
28.086	1.162924
28.087	1.543734
28.088	1.759298
28.089	1.77016
28.09	1.597936
28.091	1.308129
28.092	0.982218
28.093	0.690106
28.094	0.46949
28.095	0.321292
28.096	0.223749
28.097	0.152775
28.098	0.093955
28.099	0.042565
28.1	-0.001238
28.101	-0.031516
28.102	-0.026932
28.103	0.046257
28.104	0.204266
28.105	0.425028
28.106	0.658965
28.107	0.847155
28.108	0.94045
28.109	0.921118
28.11	0.810415
28.111	0.657529
28.112	0.519635
28.113	0.44079
28.114	0.436424
28.115	0.490146
28.116	0.565565
28.117	0.626728
28.118	0.651855
28.119	0.632776
28.12	0.568039
28.121	0.459411
28.122	0.312324
28.123	0.128479
28.124	-0.102862
28.125	-0.382968
28.126	-0.670714
28.127	-0.89605
28.128	-1.006478
28.129	-0.991822
28.13	-0.877869
28.131	-0.710096
28.132	-0.541457
28.133	-0.421067
28.134	-0.376134
28.135	-0.398006
28.136	-0.448331
28.137	-0.481231
28.138	-0.466095
28.139	-0.399964
28.14	-0.305835
28.141	-0.219721
28.142	-0.179038
28.143	-0.223916
28.144	-0.39152
28.145	-0.678297
28.146	-1.010459
28.147	-1.278168
28.148	-1.401533
28.149	-1.362945
28.15	-1.196253
28.151	-0.959171
28.152	-0.710825
28.153	-0.49978
28.154	-0.35549
28.155	-0.280955
28.156	-0.254615
28.157	-0.245434
28.158	-0.230774
28.159	-0.205479
28.16	-0.178976
28.161	-0.157699
28.162	-0.12239
28.163	-0.031688
28.164	0.140637
28.165	0.378722
28.166	0.634538
28.167	0.850405
28.168	0.97753
28.169	0.992281
28.17	0.903863
28.171	0.747394
28.172	0.567159
28.173	0.40016
28.174	0.265824
28.175	0.165405
28.176	0.091481
28.177	0.037492
28.178	-0.001692
28.179	-0.033362
28.18	-0.063575
28.181	-0.083369
28.182	-0.05595
28.183	0.071036
28.184	0.321434
28.185	0.658736
28.186	1.003907
28.187	1.273972
28.188	1.408424
28.189	1.385437
28.19	1.227739
28.191	0.994047
28.192	0.759791
28.193	0.591321
28.194	0.520018
28.195	0.530262
28.196	0.572942
28.197	0.597403
28.198	0.577133
28.199	0.512234
28.2	0.417371
28.201	0.309447
28.202	0.195057
28.203	0.060067
28.204	-0.121838
28.205	-0.355406
28.206	-0.600023
28.207	-0.79215
28.208	-0.887338
28.209	-0.876852
28.21	-0.778475
28.211	-0.622811
28.212	-0.446325
28.213	-0.286201
28.214	-0.16878
28.215	-0.0985
28.216	-0.059924
28.217	-0.031649
28.218	0.000271
28.219	0.036771
28.22	0.066906
28.221	0.07227
28.222	0.029699
28.223	-0.090463
28.224	-0.315622
28.225	-0.635767
28.226	-0.979167
28.227	-1.246242
28.228	-1.36819
28.229	-1.331818
28.23	-1.168075
28.231	-0.931337
28.232	-0.683417
28.233	-0.478752
28.234	-0.348152
28.235	-0.289543
28.236	-0.274296
28.237	-0.266187
28.238	-0.24054
28.239	-0.19314
28.24	-0.137352
28.241	-0.094889
28.242	-0.085889
28.243	-0.125753
28.244	-0.225564
28.245	-0.376813
28.246	-0.536865
28.247	-0.650444
28.248	-0.685084
28.249	-0.640839
28.25	-0.537997
28.251	-0.40424
28.252	-0.268342
28.253	-0.155915
28.254	-0.083953
28.255	-0.05536
28.256	-0.058154
28.257	-0.072439
28.258	-0.082208
28.259	-0.083906
28.26	-0.082804
28.261	-0.075528
28.262	-0.030092
28.263	0.107955
28.264	0.370702
28.265	0.729008
28.266	1.101877
28.267	1.395002
28.268	1.538497
28.269	1.511794
28.27	1.345585
28.271	1.103562
28.272	0.857015
28.273	0.660719
28.274	0.537758
28.275	0.478707
28.276	0.454179
28.277	0.43397
28.278	0.399785
28.279	0.344647
28.28	0.268087
28.281	0.18126
28.282	0.119703
28.283	0.138558
28.284	0.278208
28.285	0.531865
28.286	0.844888
28.287	1.135322
28.288	1.322436
28.289	1.357795
28.29	1.241052
28.291	1.012132
28.292	0.73002
28.293	0.449284
28.294	0.204373
28.295	0.007881
28.296	-0.140827
28.297	-0.244889
28.298	-0.305151
28.299	-0.322581
28.3	-0.298736
28.301	-0.226983
28.302	-0.08398
28.303	0.156308
28.304	0.488111
28.305	0.860788
28.306	1.20221
28.307	1.444652
28.308	1.540245
28.309	1.47481
28.31	1.273657
28.311	0.995012
28.312	0.714206
28.313	0.498182
28.314	0.377526
28.315	0.336394
28.316	0.330837
28.317	0.320167
28.318	0.288274
28.319	0.24432
28.32	0.206682
28.321	0.184093
28.322	0.165488
28.323	0.119011
28.324	0.007172
28.325	-0.1766
28.326	-0.387516
28.327	-0.558994
28.328	-0.646736
28.329	-0.643566
28.33	-0.570913
28.331	-0.467428
28.332	-0.378939
28.333	-0.344495
28.334	-0.379053
28.335	-0.46372
28.336	-0.554026
28.337	-0.602809
28.338	-0.582626
28.339	-0.495072
28.34	-0.365883
28.341	-0.234015
28.342	-0.143567
28.343	-0.141532
28.344	-0.264848
28.345	-0.503754
28.346	-0.783797
28.347	-1.006176
28.348	-1.105957
28.349	-1.074391
28.35	-0.945814
28.351	-0.774286
28.352	-0.615196
28.353	-0.511604
28.354	-0.480838
28.355	-0.508193
28.356	-0.556162
28.357	-0.583241
28.358	-0.562282
28.359	-0.49097
28.36	-0.388108
28.361	-0.277329
28.362	-0.171581
28.363	-0.07432
28.364	0.008997
28.365	0.072005
28.366	0.116461
28.367	0.148314
28.368	0.167436
28.369	0.167585
28.37	0.143713
28.371	0.096801
28.372	0.03202
28.373	-0.04635
28.374	-0.135087
28.375	-0.227127
28.376	-0.308799
28.377	-0.363473
28.378	-0.380511
28.379	-0.362659
28.38	-0.321173
28.381	-0.253572
28.382	-0.124071
28.383	0.118983
28.384	0.493275
28.385	0.949863
28.386	1.388849
28.387	1.705053
28.388	1.830007
28.389	1.751497
28.39	1.50975
28.391	1.178712
28.392	0.841276
28.393	0.564511
28.394	0.379334
28.395	0.275967
28.396	0.222114
28.397	0.187585
28.398	0.156395
28.399	0.125039
28.4	0.096441
28.401	0.079192
28.402	0.085876
28.403	0.116801
28.404	0.14697
28.405	0.147573
28.406	0.11776
28.407	0.078962
28.408	0.046133
28.409	0.017511
28.41	-0.013932
28.411	-0.046683
28.412	-0.067078
28.413	-0.058475
28.414	-0.017246
28.415	0.039992
28.416	0.0878
28.417	0.110257
28.418	0.108209
28.419	0.093188
28.42	0.078475
28.421	0.07036
28.422	0.055559
28.423	-0.005864
28.424	-0.159245
28.425	-0.40658
28.426	-0.683018
28.427	-0.89768
28.428	-0.994068
28.429	-0.969882
28.43	-0.858931
28.431	-0.709384
28.432	-0.572365
28.433	-0.490415
28.434	-0.47962
28.435	-0.520388
28.436	-0.569979
28.437	-0.58657
28.438	-0.548326
28.439	-0.460522
28.44	-0.348563
28.441	-0.243451
28.442	-0.175362
28.443	-0.176113
28.444	-0.268312
28.445	-0.436863
28.446	-0.621626
28.447	-0.753844
28.448	-0.797696
28.449	-0.757819
28.45	-0.66224
28.451	-0.545672
28.452	-0.441947
28.453	-0.379751
28.454	-0.37366
28.455	-0.414376
28.456	-0.471162
28.457	-0.50924
28.458	-0.50859
28.459	-0.469929
28.46	-0.403973
28.461	-0.308028
28.462	-0.147068
28.463	0.130016
28.464	0.539447
28.465	1.029952
28.466	1.499398
28.467	1.836945
28.468	1.966334
28.469	1.873758
28.47	1.606044
28.471	1.245015
28.472	0.875357
28.473	0.558488
28.474	0.319743
28.475	0.153862
28.476	0.043236
28.477	-0.027464
28.478	-0.06834
28.479	-0.086596
28.48	-0.085491
28.481	-0.058223
28.482	0.015117
28.483	0.151932
28.484	0.341447
28.485	0.545025
28.486	0.719729
28.487	0.830732
28.488	0.854101
28.489	0.784964
28.49	0.644396
28.491	0.477032
28.492	0.338385
28.493	0.271992
28.494	0.286372
28.495	0.350855
28.496	0.416667
28.497	0.447113
28.498	0.433431
28.499	0.388731
28.5	0.331775
28.501	0.273377
28.502	0.207321
28.503	0.105844
28.504	-0.063742
28.505	-0.298105
28.506	-0.540249
28.507	-0.716525
28.508	-0.786087
28.509	-0.755415
28.51	-0.662403
28.511	-0.555101
28.512	-0.477362
28.513	-0.459337
28.514	-0.506862
28.515	-0.594824
28.516	-0.675719
28.517	-0.702453
28.518	-0.651816
28.519	-0.534192
28.52	-0.385956
28.521	-0.252898
28.522	-0.179795
28.523	-0.209531
28.524	-0.366647
28.525	-0.622589
28.526	-0.893118
28.527	-1.086533
28.528	-1.15253
28.529	-1.092954
28.53	-0.945411
28.531	-0.762801
28.532	-0.598413
28.533	-0.493618
28.534	-0.463966
28.535	-0.491505
28.536	-0.534555
28.537	-0.551622
28.538	-0.522666
28.539	-0.454265
28.54	-0.367038
28.541	-0.269847
28.542	-0.139407
28.543	0.065262
28.544	0.360353
28.545	0.71218
28.546	1.048606
28.547	1.289967
28.548	1.382076
28.549	1.315839
28.55	1.124331
28.551	0.862577
28.552	0.583522
28.553	0.324345
28.554	0.105168
28.555	-0.066125
28.556	-0.186597
28.557	-0.255188
28.558	-0.277336
28.559	-0.267725
28.56	-0.239654
28.561	-0.183567
28.562	-0.05756
28.563	0.186415
28.564	0.554383
28.565	0.987129
28.566	1.383973
28.567	1.648442
28.568	1.723969
28.569	1.608608
28.57	1.350072
28.571	1.026374
28.572	0.719798
28.573	0.4911
28.574	0.361371
28.575	0.311378
28.576	0.300801
28.577	0.294218
28.578	0.275176
28.579	0.242752
28.58	0.203092
28.581	0.165017
28.582	0.1294
28.583	0.074265
28.584	-0.033007
28.585	-0.195211
28.586	-0.369168
28.587	-0.4985
28.588	-0.554144
28.589	-0.543505
28.59	-0.493839
28.591	-0.432874
28.592	-0.379645
28.593	-0.344624
28.594	-0.331593
28.595	-0.337176
28.596	-0.350632
28.597	-0.357267
28.598	-0.343918
28.599	-0.303611
28.6	-0.238717
28.601	-0.163818
28.602	-0.111525
28.603	-0.132951
28.604	-0.269427
28.605	-0.504808
28.606	-0.758026
28.607	-0.937146
28.608	-0.996342
28.609	-0.946373
28.61	-0.830133
28.611	-0.695831
28.612	-0.583354
28.613	-0.519385
28.614	-0.512063
28.615	-0.544813
28.616	-0.580584
28.617	-0.582196
28.618	-0.534053
28.619	-0.44723
28.62	-0.345858
28.621	-0.247977
28.622	-0.157263
28.623	-0.071985
28.624	0.003948
28.625	0.066146
28.626	0.116314
28.627	0.153729
28.628	0.169513
28.629	0.15541
28.63	0.112668
28.631	0.048966
28.632	-0.031369
28.633	-0.130183
28.634	-0.246526
28.635	-0.366237
28.636	-0.463658
28.637	-0.515403
28.638	-0.514408
28.639	-0.472347
28.64	-0.404083
28.641	-0.301483
28.642	-0.121663
28.643	0.185196
28.644	0.623932
28.645	1.129526
28.646	1.590277
28.647	1.895062
28.648	1.97697
28.649	1.835782
28.65	1.53059
28.651	1.150903
28.652	0.782937
28.653	0.483056
28.654	0.269089
28.655	0.131121
28.656	0.048794
28.657	0.003705
28.658	-0.01656
28.659	-0.020197
28.66	-0.011628
28.661	0.012673
28.662	0.061512
28.663	0.130929
28.664	0.1973
28.665	0.239562
28.666	0.255364
28.667	0.249293
28.668	0.220507
28.669	0.167255
28.67	0.09632
28.671	0.026428
28.672	-0.017467
28.673	-0.018346
28.674	0.020207
28.675	0.075696
28.676	0.122508
28.677	0.147074
28.678	0.150831
28.679	0.143492
28.68	0.133597
28.681	0.121532
28.682	0.094052
28.683	0.020695
28.684	-0.127256
28.685	-0.336866
28.686	-0.546797
28.687	-0.691526
28.688	-0.742752
28.689	-0.71295
28.69	-0.637793
28.691	-0.559524
28.692	-0.515155
28.693	-0.525418
28.694	-0.586932
28.695	-0.674012
28.696	-0.7493
28.697	-0.778065
28.698	-0.741497
28.699	-0.642647
28.7	-0.502242
28.701	-0.351319
28.702	-0.22936
28.703	-0.182188
28.704	-0.239264
28.705	-0.380228
28.706	-0.53982
28.707	-0.655531
28.708	-0.701547
28.709	-0.681075
28.71	-0.604809
28.711	-0.485547
28.712	-0.34485
28.713	-0.210915
28.714	-0.104098
28.715	-0.025994
28.716	0.036222
28.717	0.094558
28.718	0.146718
28.719	0.174736
28.72	0.154794
28.721	0.06673
28.722	-0.10545
28.723	-0.375766
28.724	-0.73948
28.725	-1.1437
28.726	-1.494023
28.727	-1.703871
28.728	-1.734176
28.729	-1.595863
28.73	-1.332292
28.731	-1.002787
28.732	-0.670331
28.733	-0.387049
28.734	-0.179221
28.735	-0.043079
28.736	0.043302
28.737	0.101353
28.738	0.138493
28.739	0.14573
28.74	0.109249
28.741	0.031474
28.742	-0.058395
28.743	-0.122064
28.744	-0.138318
28.745	-0.109021
28.746	-0.052198
28.747	0.006457
28.748	0.046575
28.749	0.064301
28.75	0.071491
28.751	0.084912
28.752	0.114005
28.753	0.15485
28.754	0.195369
28.755	0.226149
28.756	0.24496
28.757	0.251885
28.758	0.241582
28.759	0.202022
28.76	0.127098
28.761	0.041911
28.762	0.012065
28.763	0.105824
28.764	0.339333
28.765	0.659768
28.766	0.971466
28.767	1.181238
28.768	1.239069
28.769	1.153148
28.77	0.97745
28.771	0.786044
28.772	0.645472
28.773	0.591856
28.774	0.620029
28.775	0.691805
28.776	0.759932
28.777	0.789002
28.778	0.761013
28.779	0.671585
28.78	0.527664
28.781	0.351032
28.782	0.172927
28.783	0.010304
28.784	-0.142259
28.785	-0.286662
28.786	-0.404733
28.787	-0.47464
28.788	-0.489273
28.789	-0.455023
28.79	-0.379932
28.791	-0.265794
28.792	-0.110886
28.793	0.079518
28.794	0.283936
28.795	0.467929
28.796	0.599783
28.797	0.663353
28.798	0.657836
28.799	0.59015
28.8	0.4706
28.801	0.309741
28.802	0.10537
28.803	-0.165182
28.804	-0.51502
28.805	-0.902476
28.806	-1.236129
28.807	-1.431347
28.808	-1.455829
28.809	-1.331724
28.81	-1.110953
28.811	-0.85041
28.812	-0.598949
28.813	-0.391192
28.814	-0.242347
28.815	-0.147941
28.816	-0.09198
28.817	-0.057352
28.818	-0.033043
28.819	-0.018688
28.82	-0.022732
28.821	-0.056401
28.822	-0.137184
28.823	-0.29192
28.824	-0.530578
28.825	-0.811057
28.826	-1.050324
28.827	-1.177211
28.828	-1.169174
28.829	-1.047588
28.83	-0.852864
28.831	-0.626065
28.832	-0.405724
28.833	-0.227102
28.834	-0.110046
28.835	-0.047597
28.836	-0.014482
28.837	0.010324
28.838	0.027899
28.839	0.023592
28.84	-0.01004
28.841	-0.04521
28.842	-0.013851
28.843	0.151668
28.844	0.461082
28.845	0.849648
28.846	1.210655
28.847	1.44469
28.848	1.500544
28.849	1.390717
28.85	1.176394
28.851	0.935095
28.852	0.730111
28.853	0.593797
28.854	0.526044
28.855	0.504694
28.856	0.501813
28.857	0.494566
28.858	0.465513
28.859	0.40247
28.86	0.30726
28.861	0.205122
28.862	0.13729
28.863	0.131754
28.864	0.181411
28.865	0.256253
28.866	0.325179
28.867	0.363415
28.868	0.357394
28.869	0.312592
28.87	0.255128
28.871	0.222814
28.872	0.249068
28.873	0.345892
28.874	0.494141
28.875	0.650184
28.876	0.767271
28.877	0.816488
28.878	0.792718
28.879	0.706228
28.88	0.571672
28.881	0.400096
28.882	0.19022
28.883	-0.07438
28.884	-0.400112
28.885	-0.747119
28.886	-1.037124
28.887	-1.202306
28.888	-1.219377
28.889	-1.10775
28.89	-0.911679
28.891	-0.685149
28.892	-0.47991
28.893	-0.332092
28.894	-0.25178
28.895	-0.22353
28.896	-0.217984
28.897	-0.207375
28.898	-0.177761
28.899	-0.133651
28.9	-0.095567
28.901	-0.093943
28.902	-0.165971
28.903	-0.34985
28.904	-0.652619
28.905	-1.013803
28.906	-1.325203
28.907	-1.495745
28.908	-1.493882
28.909	-1.343628
28.91	-1.099447
28.911	-0.822617
28.912	-0.564595
28.913	-0.359122
28.914	-0.220938
28.915	-0.1463
28.916	-0.116326
28.917	-0.107294
28.918	-0.104023
28.919	-0.104559
28.92	-0.110233
28.921	-0.105578
28.922	-0.050197
28.923	0.094159
28.924	0.326927
28.925	0.604522
28.926	0.860986
28.927	1.03251
28.928	1.081927
28.929	1.011994
28.93	0.859381
28.931	0.676688
28.932	0.512106
28.933	0.39353
28.934	0.322313
28.935	0.281207
28.936	0.252709
28.937	0.229733
28.938	0.207469
28.939	0.172787
28.94	0.116051
28.941	0.060045
28.942	0.064238
28.943	0.181469
28.944	0.410739
28.945	0.6942
28.946	0.947362
28.947	1.09677
28.948	1.110543
28.949	1.006793
28.95	0.839937
28.951	0.677076
28.952	0.573116
28.953	0.551618
28.954	0.599465
28.955	0.678932
28.956	0.748668
28.957	0.779246
28.958	0.756457
28.959	0.67588
28.96	0.540249
28.961	0.362573
28.962	0.156093
28.963	-0.084027
28.964	-0.363947
28.965	-0.652463
28.966	-0.885801
28.967	-1.010994
28.968	-1.012567
28.969	-0.908885
28.97	-0.736984
28.971	-0.539573
28.972	-0.356839
28.973	-0.21865
28.974	-0.135469
28.975	-0.095312
28.976	-0.073194
28.977	-0.048063
28.978	-0.014747
28.979	0.015862
28.98	0.024493
28.981	-0.009605
28.982	-0.112196
28.983	-0.315149
28.984	-0.623929
28.985	-0.979105
28.986	-1.276869
28.987	-1.433119
28.988	-1.422552
28.989	-1.27245
28.99	-1.036207
28.991	-0.7719
28.992	-0.531065
28.993	-0.348969
28.994	-0.235948
28.995	-0.178267
28.996	-0.149502
28.997	-0.125813
28.998	-0.098239
28.999	-0.074402
29.0	-0.066525
29.001	-0.077695
29.002	-0.103293
29.003	-0.143441
29.004	-0.200549
29.005	-0.261872
29.006	-0.301688
29.007	-0.304177
29.008	-0.273496
29.009	-0.223722
29.01	-0.165784
29.011	-0.104422
29.012	-0.043844
29.013	0.008322
29.014	0.043468
29.015	0.05736
29.016	0.052534
29.017	0.035211
29.018	0.008978
29.019	-0.0267
29.02	-0.063359
29.021	-0.064776
29.022	0.027205
29.023	0.250519
29.024	0.584249
29.025	0.95437
29.026	1.268736
29.027	1.451625
29.028	1.468391
29.029	1.334651
29.03	1.107416
29.031	0.863809
29.032	0.67442
29.033	0.576579
29.034	0.560789
29.035	0.583512
29.036	0.597132
29.037	0.573425
29.038	0.507862
29.039	0.411228
29.04	0.300965
29.041	0.195927
29.042	0.105801
29.043	0.019138
29.044	-0.081022
29.045	-0.187348
29.046	-0.273711
29.047	-0.322874
29.048	-0.333171
29.049	-0.307184
29.05	-0.244463
29.051	-0.143442
29.052	-0.006898
29.053	0.153129
29.054	0.314403
29.055	0.450894
29.056	0.543648
29.057	0.585972
29.058	0.578946
29.059	0.525704
29.06	0.428396
29.061	0.285172
29.062	0.085372
29.063	-0.188988
29.064	-0.535151
29.065	-0.897354
29.066	-1.185709
29.067	-1.331574
29.068	-1.317683
29.069	-1.170183
29.07	-0.939732
29.071	-0.687376
29.072	-0.470035
29.073	-0.322753
29.074	-0.248588
29.075	-0.223938
29.076	-0.214144
29.077	-0.191067
29.078	-0.146139
29.079	-0.092532
29.08	-0.056113
29.081	-0.06456
29.082	-0.144043
29.083	-0.315524
29.084	-0.571096
29.085	-0.851235
29.086	-1.069309
29.087	-1.163938
29.088	-1.12331
29.089	-0.975045
29.09	-0.765509
29.091	-0.54284
29.092	-0.347553
29.093	-0.207251
29.094	-0.130856
29.095	-0.106393
29.096	-0.109062
29.097	-0.115854
29.098	-0.116964
29.099	-0.116563
29.1	-0.11668
29.101	-0.090476
29.102	0.019782
29.103	0.258276
29.104	0.610323
29.105	1.002802
29.106	1.336837
29.107	1.529441
29.108	1.546614
29.109	1.4095
29.11	1.177133
29.111	0.921598
29.112	0.704179
29.113	0.556597
29.114	0.47517
29.115	0.433291
29.116	0.402583
29.117	0.365484
29.118	0.314831
29.119	0.249555
29.12	0.176537
29.121	0.119216
29.122	0.109963
29.123	0.157878
29.124	0.238429
29.125	0.320719
29.126	0.385031
29.127	0.418533
29.128	0.414261
29.129	0.377938
29.13	0.333498
29.131	0.316904
29.132	0.355512
29.133	0.449103
29.134	0.57151
29.135	0.691096
29.136	0.786755
29.137	0.844869
29.138	0.852302
29.139	0.801706
29.14	0.706632
29.141	0.617297
29.142	0.610904
29.143	0.740488
29.144	0.991519
29.145	1.290456
29.146	1.540903
29.147	1.661892
29.148	1.619457
29.149	1.434895
29.15	1.167931
29.151	0.88961
29.152	0.656907
29.153	0.496574
29.154	0.403878
29.155	0.355705
29.156	0.32881
29.157	0.309867
29.158	0.292981
29.159	0.273201
29.16	0.244397
29.161	0.201399
29.162	0.135283
29.163	0.026096
29.164	-0.137259
29.165	-0.325964
29.166	-0.483057
29.167	-0.566056
29.168	-0.567912
29.169	-0.50831
29.17	-0.417362
29.171	-0.32542
29.172	-0.258026
29.173	-0.229691
29.174	-0.238519
29.175	-0.267224
29.176	-0.290325
29.177	-0.28554
29.178	-0.245099
29.179	-0.179853
29.18	-0.11318
29.181	-0.073338
29.182	-0.096107
29.183	-0.22045
29.184	-0.451203
29.185	-0.727424
29.186	-0.953138
29.187	-1.059553
29.188	-1.034321
29.189	-0.910714
29.19	-0.742368
29.191	-0.582321
29.192	-0.470939
29.193	-0.427357
29.194	-0.443594
29.195	-0.488418
29.196	-0.522882
29.197	-0.51815
29.198	-0.465822
29.199	-0.378694
29.2	-0.281091
29.201	-0.194951
29.202	-0.139306
29.203	-0.136223
29.204	-0.192823
29.205	-0.278827
29.206	-0.344856
29.207	-0.361005
29.208	-0.330001
29.209	-0.27396
29.21	-0.216936
29.211	-0.175794
29.212	-0.159521
29.213	-0.171867
29.214	-0.211033
29.215	-0.265882
29.216	-0.317288
29.217	-0.348217
29.218	-0.353119
29.219	-0.334962
29.22	-0.287695
29.221	-0.177719
29.222	0.046828
29.223	0.409686
29.224	0.868707
29.225	1.32906
29.226	1.685328
29.227	1.858837
29.228	1.823476
29.229	1.613147
29.23	1.302938
29.231	0.97389
29.232	0.684623
29.233	0.462725
29.234	0.310511
29.235	0.216323
29.236	0.165003
29.237	0.141634
29.238	0.129198
29.239	0.11114
29.24	0.084368
29.241	0.066615
29.242	0.080192
29.243	0.12582
29.244	0.181805
29.245	0.227805
29.246	0.255199
29.247	0.259006
29.248	0.236055
29.249	0.192339
29.25	0.147279
29.251	0.127976
29.252	0.155153
29.253	0.229945
29.254	0.331628
29.255	0.428396
29.256	0.492861
29.257	0.512108
29.258	0.487514
29.259	0.427738
29.26	0.342158
29.261	0.233884
29.262	0.089957
29.263	-0.114012
29.264	-0.378545
29.265	-0.652611
29.266	-0.860887
29.267	-0.954673
29.268	-0.931303
29.269	-0.821106
29.27	-0.668862
29.271	-0.52272
29.272	-0.424091
29.273	-0.393323
29.274	-0.420509
29.275	-0.471418
29.276	-0.505837
29.277	-0.496413
29.278	-0.43814
29.279	-0.346583
29.28	-0.251337
29.281	-0.191495
29.282	-0.213162
29.283	-0.354686
29.284	-0.607835
29.285	-0.896595
29.286	-1.11877
29.287	-1.209169
29.288	-1.161901
29.289	-1.012303
29.29	-0.81161
29.291	-0.610875
29.292	-0.450657
29.293	-0.353123
29.294	-0.318266
29.295	-0.326532
29.296	-0.348563
29.297	-0.359324
29.298	-0.348816
29.299	-0.319412
29.3	-0.26921
29.301	-0.17398
29.302	0.00809
29.303	0.299222
29.304	0.670638
29.305	1.050763
29.306	1.354324
29.307	1.51207
29.308	1.496791
29.309	1.331685
29.31	1.075795
29.311	0.798131
29.312	0.552557
29.313	0.363701
29.314	0.228867
29.315	0.13136
29.316	0.05577
29.317	-0.004797
29.318	-0.051743
29.319	-0.0838
29.32	-0.089056
29.321	-0.034861
29.322	0.118181
29.323	0.377989
29.324	0.702415
29.325	1.018785
29.326	1.251892
29.327	1.347315
29.328	1.292185
29.329	1.1204
29.33	0.897136
29.331	0.692679
29.332	0.556603
29.333	0.50263
29.334	0.511306
29.335	0.54705
29.336	0.576826
29.337	0.579932
29.338	0.547826
29.339	0.478672
29.34	0.374436
29.341	0.240651
29.342	0.077574
29.343	-0.124993
29.344	-0.363395
29.345	-0.596326
29.346	-0.766095
29.347	-0.837503
29.348	-0.810008
29.349	-0.70774
29.35	-0.567936
29.351	-0.432549
29.352	-0.338174
29.353	-0.30289
29.354	-0.317619
29.355	-0.351006
29.356	-0.366917
29.357	-0.343878
29.358	-0.284224
29.359	-0.209444
29.36	-0.149747
29.361	-0.137828
29.362	-0.209384
29.363	-0.392164
29.364	-0.670523
29.365	-0.968246
29.366	-1.18878
29.367	-1.272215
29.368	-1.215345
29.369	-1.055695
29.37	-0.846463
29.371	-0.639791
29.372	-0.477318
29.373	-0.380172
29.374	-0.342733
29.375	-0.338806
29.376	-0.336878
29.377	-0.315707
29.378	-0.27359
29.379	-0.224951
29.38	-0.184583
29.381	-0.154792
29.382	-0.130646
29.383	-0.112094
29.384	-0.100949
29.385	-0.090851
29.386	-0.072451
29.387	-0.045964
29.388	-0.021075
29.389	-0.006582
29.39	-0.003049
29.391	-0.005067
29.392	-0.009218
29.393	-0.017645
29.394	-0.033679
29.395	-0.055856
29.396	-0.078139
29.397	-0.095979
29.398	-0.111144
29.399	-0.126925
29.4	-0.12913
29.401	-0.071108
29.402	0.105808
29.403	0.422433
29.404	0.831633
29.405	1.236812
29.406	1.536338
29.407	1.662046
29.408	1.599006
29.409	1.384949
29.41	1.093559
29.411	0.809135
29.412	0.598746
29.413	0.488152
29.414	0.456446
29.415	0.457449
29.416	0.449601
29.417	0.411976
29.418	0.343533
29.419	0.256169
29.42	0.170125
29.421	0.107053
29.422	0.072703
29.423	0.04614
29.424	0.002508
29.425	-0.056154
29.426	-0.108533
29.427	-0.141408
29.428	-0.154864
29.429	-0.149782
29.43	-0.121952
29.431	-0.067935
29.432	0.008086
29.433	0.094141
29.434	0.176019
29.435	0.243034
29.436	0.28987
29.437	0.313741
29.438	0.310405
29.439	0.275529
29.44	0.207189
29.441	0.099651
29.442	-0.064634
29.443	-0.302974
29.444	-0.598547
29.445	-0.886745
29.446	-1.090264
29.447	-1.165162
29.448	-1.11329
29.449	-0.966649
29.45	-0.770922
29.451	-0.576977
29.452	-0.429729
29.453	-0.35063
29.454	-0.329025
29.455	-0.333
29.456	-0.329633
29.457	-0.300717
29.458	-0.248729
29.459	-0.191649
29.46	-0.151719
29.461	-0.150578
29.462	-0.211611
29.463	-0.349858
29.464	-0.545944
29.465	-0.740655
29.466	-0.870024
29.467	-0.902816
29.468	-0.844936
29.469	-0.722781
29.47	-0.569113
29.471	-0.416901
29.472	-0.29548
29.473	-0.223429
29.474	-0.200505
29.475	-0.208353
29.476	-0.223348
29.477	-0.231228
29.478	-0.231457
29.479	-0.228024
29.48	-0.208923
29.481	-0.129086
29.482	0.07232
29.483	0.41982
29.484	0.867431
29.485	1.313597
29.486	1.644259
29.487	1.780096
29.488	1.707034
29.489	1.473413
29.49	1.161986
29.491	0.856276
29.492	0.614043
29.493	0.454301
29.494	0.362239
29.495	0.308408
29.496	0.267166
29.497	0.223071
29.498	0.169248
29.499	0.107573
29.5	0.053829
29.501	0.039668
29.502	0.094483
29.503	0.216468
29.504	0.371161
29.505	0.515374
29.506	0.612313
29.507	0.637528
29.508	0.587305
29.509	0.483568
29.51	0.370047
29.511	0.299071
29.512	0.308717
29.513	0.400286
29.514	0.534583
29.515	0.65365
29.516	0.712648
29.517	0.69748
29.518	0.619557
29.519	0.500348
29.52	0.35894
29.521	0.202026
29.522	0.015043
29.523	-0.224663
29.524	-0.507265
29.525	-0.774693
29.526	-0.958811
29.527	-1.024133
29.528	-0.974317
29.529	-0.838369
29.53	-0.659716
29.531	-0.489741
29.532	-0.374866
29.533	-0.334506
29.534	-0.349255
29.535	-0.375029
29.536	-0.371758
29.537	-0.325071
29.538	-0.250108
29.539	-0.179712
29.54	-0.146444
29.541	-0.175116
29.542	-0.289337
29.543	-0.502006
29.544	-0.783624
29.545	-1.057839
29.546	-1.243678
29.547	-1.298257
29.548	-1.224448
29.549	-1.054765
29.55	-0.834376
29.551	-0.611632
29.552	-0.429567
29.553	-0.312664
29.554	-0.256815
29.555	-0.234319
29.556	-0.21361
29.557	-0.178249
29.558	-0.132468
29.559	-0.096196
29.56	-0.097863
29.561	-0.169856
29.562	-0.339534
29.563	-0.604585
29.564	-0.910772
29.565	-1.168578
29.566	-1.304248
29.567	-1.296401
29.568	-1.172244
29.569	-0.983577
29.57	-0.786118
29.571	-0.626902
29.572	-0.535837
29.573	-0.51806
29.574	-0.551622
29.575	-0.59738
29.576	-0.617682
29.577	-0.591965
29.578	-0.520987
29.579	-0.420867
29.58	-0.311353
29.581	-0.207187
29.582	-0.122229
29.583	-0.071947
29.584	-0.058245
29.585	-0.062201
29.586	-0.06338
29.587	-0.057587
29.588	-0.053426
29.589	-0.060606
29.59	-0.084258
29.591	-0.126379
29.592	-0.187561
29.593	-0.265336
29.594	-0.35106
29.595	-0.428631
29.596	-0.479594
29.597	-0.493701
29.598	-0.473898
29.599	-0.425666
29.6	-0.334815
29.601	-0.156227
29.602	0.160695
29.603	0.620907
29.604	1.156443
29.605	1.64919
29.606	1.982042
29.607	2.084818
29.608	1.954519
29.609	1.647242
29.61	1.252298
29.611	0.861329
29.612	0.541839
29.613	0.32139
29.614	0.188095
29.615	0.109006
29.616	0.054631
29.617	0.01134
29.618	-0.022446
29.619	-0.042839
29.62	-0.040249
29.621	-0.003951
29.622	0.062343
29.623	0.136886
29.624	0.197254
29.625	0.232911
29.626	0.240889
29.627	0.219737
29.628	0.1717
29.629	0.107798
29.63	0.047822
29.631	0.012857
29.632	0.01447
29.633	0.048796
29.634	0.100749
29.635	0.153698
29.636	0.19543
29.637	0.218727
29.638	0.220068
29.639	0.198795
29.64	0.156967
29.641	0.092068
29.642	-0.014479
29.643	-0.184081
29.644	-0.403765
29.645	-0.617403
29.646	-0.763442
29.647	-0.813141
29.648	-0.775939
29.649	-0.683925
29.65	-0.577607
29.651	-0.497546
29.652	-0.472759
29.653	-0.506712
29.654	-0.57403
29.655	-0.63341
29.656	-0.648755
29.657	-0.605353
29.658	-0.512725
29.659	-0.395781
29.66	-0.285083
29.661	-0.215951
29.662	-0.228667
29.663	-0.348005
29.664	-0.548677
29.665	-0.7554
29.666	-0.891271
29.667	-0.922263
29.668	-0.860756
29.669	-0.743279
29.67	-0.610767
29.671	-0.50014
29.672	-0.438211
29.673	-0.433098
29.674	-0.469984
29.675	-0.518286
29.676	-0.547349
29.677	-0.541124
29.678	-0.502003
29.679	-0.436529
29.68	-0.330342
29.681	-0.137834
29.682	0.190241
29.683	0.655647
29.684	1.188528
29.685	1.673207
29.686	1.996983
29.687	2.091794
29.688	1.955015
29.689	1.642814
29.69	1.24285
29.691	0.841875
29.692	0.499274
29.693	0.237294
29.694	0.051049
29.695	-0.074662
29.696	-0.154168
29.697	-0.198121
29.698	-0.214498
29.699	-0.204282
29.7	-0.14988
29.701	-0.014388
29.702	0.22938
29.703	0.564442
29.704	0.930066
29.705	1.248425
29.706	1.449155
29.707	1.489396
29.708	1.368704
29.709	1.12991
29.71	0.846004
29.711	0.596935
29.712	0.439162
29.713	0.38187
29.714	0.389435
29.715	0.410064
29.716	0.406836
29.717	0.370638
29.718	0.314175
29.719	0.255628
29.72	0.202316
29.721	0.141484
29.722	0.042759
29.723	-0.117361
29.724	-0.322285
29.725	-0.517019
29.726	-0.647522
29.727	-0.690784
29.728	-0.65451
29.729	-0.565655
29.73	-0.463873
29.731	-0.394506
29.732	-0.391291
29.733	-0.45608
29.734	-0.554626
29.735	-0.634787
29.736	-0.653993
29.737	-0.598453
29.738	-0.485083
29.739	-0.349565
29.74	-0.233158
29.741	-0.178821
29.742	-0.229361
29.743	-0.403744
29.744	-0.66281
29.745	-0.917545
29.746	-1.082886
29.747	-1.12038
29.748	-1.041413
29.749	-0.888034
29.75	-0.713043
29.751	-0.566478
29.752	-0.483391
29.753	-0.470428
29.754	-0.502666
29.755	-0.538719
29.756	-0.542858
29.757	-0.500338
29.758	-0.420621
29.759	-0.325789
29.76	-0.228876
29.761	-0.122922
29.762	0.004658
29.763	0.153696
29.764	0.309832
29.765	0.449497
29.766	0.545391
29.767	0.576904
29.768	0.539664
29.769	0.446604
29.77	0.320391
29.771	0.182451
29.772	0.045994
29.773	-0.081823
29.774	-0.192731
29.775	-0.274816
29.776	-0.318209
29.777	-0.323231
29.778	-0.301637
29.779	-0.263927
29.78	-0.194822
29.781	-0.044965
29.782	0.233632
29.783	0.637434
29.784	1.096529
29.785	1.502143
29.786	1.75407
29.787	1.800562
29.788	1.651209
29.789	1.364776
29.79	1.02438
29.791	0.710164
29.792	0.476206
29.793	0.336534
29.794	0.269106
29.795	0.238674
29.796	0.218703
29.797	0.19695
29.798	0.170396
29.799	0.140986
29.8	0.115034
29.801	0.095264
29.802	0.065571
29.803	-0.000911
29.804	-0.106887
29.805	-0.219057
29.806	-0.298138
29.807	-0.329102
29.808	-0.32213
29.809	-0.295378
29.81	-0.260708
29.811	-0.221329
29.812	-0.177705
29.813	-0.134206
29.814	-0.099023
29.815	-0.077038
29.816	-0.06475
29.817	-0.053744
29.818	-0.038184
29.819	-0.017553
29.82	0.001248
29.821	-0.00671
29.822	-0.08633
29.823	-0.268422
29.824	-0.524278
29.825	-0.770633
29.826	-0.926596
29.827	-0.960793
29.828	-0.893711
29.829	-0.772144
29.83	-0.644076
29.831	-0.545353
29.832	-0.494589
29.833	-0.491335
29.834	-0.518357
29.835	-0.549586
29.836	-0.559535
29.837	-0.531109
29.838	-0.461748
29.839	-0.364077
29.84	-0.262334
29.841	-0.192316
29.842	-0.195296
29.843	-0.288842
29.844	-0.439832
29.845	-0.582213
29.846	-0.663115
29.847	-0.66755
29.848	-0.61035
29.849	-0.518833
29.85	-0.423469
29.851	-0.354311
29.852	-0.334298
29.853	-0.367501
29.854	-0.432289
29.855	-0.491055
29.856	-0.512716
29.857	-0.489732
29.858	-0.435229
29.859	-0.361392
29.86	-0.252041
29.861	-0.055558
29.862	0.276963
29.863	0.737025
29.864	1.246249
29.865	1.689448
29.866	1.960694
29.867	2.004038
29.868	1.831556
29.869	1.50967
29.87	1.126991
29.871	0.762067
29.872	0.463035
29.873	0.243936
29.874	0.095805
29.875	0.003329
29.876	-0.046099
29.877	-0.064077
29.878	-0.062413
29.879	-0.045625
29.88	-0.001055
29.881	0.096253
29.882	0.256528
29.883	0.456321
29.884	0.653362
29.885	0.807533
29.886	0.886782
29.887	0.873007
29.888	0.77106
29.889	0.610211
29.89	0.43541
29.891	0.291091
29.892	0.203033
29.893	0.16917
29.894	0.167129
29.895	0.172107
29.896	0.171311
29.897	0.165871
29.898	0.161987
29.899	0.161426
29.9	0.15709
29.901	0.127994
29.902	0.03808
29.903	-0.136075
29.904	-0.365749
29.905	-0.578316
29.906	-0.708812
29.907	-0.735432
29.908	-0.677774
29.909	-0.577996
29.91	-0.483176
29.911	-0.432251
29.912	-0.445434
29.913	-0.516439
29.914	-0.613721
29.915	-0.693953
29.916	-0.719828
29.917	-0.673212
29.918	-0.560207
29.919	-0.408605
29.92	-0.260775
29.921	-0.169458
29.922	-0.190216
29.923	-0.345929
29.924	-0.588308
29.925	-0.818361
29.926	-0.952118
29.927	-0.962806
29.928	-0.876067
29.929	-0.742494
29.93	-0.612173
29.931	-0.520386
29.932	-0.483529
29.933	-0.499769
29.934	-0.550792
29.935	-0.606487
29.936	-0.635988
29.937	-0.620986
29.938	-0.56024
29.939	-0.458604
29.94	-0.30495
29.941	-0.064334
29.942	0.291611
29.943	0.743408
29.944	1.21747
29.945	1.614136
29.946	1.845957
29.947	1.870484
29.948	1.702689
29.949	1.40094
29.95	1.036667
29.951	0.667203
29.952	0.328101
29.953	0.040657
29.954	-0.180209
29.955	-0.323341
29.956	-0.385467
29.957	-0.378857
29.958	-0.329883
29.959	-0.259056
29.96	-0.154096
29.961	0.029511
29.962	0.325735
29.963	0.715166
29.964	1.124601
29.965	1.45912
29.966	1.640601
29.967	1.635716
29.968	1.462957
29.969	1.1807
29.97	0.864942
29.971	0.58468
29.972	0.381533
29.973	0.26125
29.974	0.202787
29.975	0.177971
29.976	0.166942
29.977	0.160967
29.978	0.155976
29.979	0.149278
29.98	0.141174
29.981	0.124658
29.982	0.071698
29.983	-0.044494
29.984	-0.208836
29.985	-0.369728
29.986	-0.482103
29.987	-0.529763
29.988	-0.515501
29.989	-0.444055
29.99	-0.315025
29.991	-0.128739
29.992	0.101596
29.993	0.344378
29.994	0.558737
29.995	0.710696
29.996	0.782804
29.997	0.7726
29.998	0.685491
29.999	0.533583
30.0	0.342687
30.001	0.145933
30.002	-0.040653
30.003	-0.219038
30.004	-0.381165
30.005	-0.502751
30.006	-0.564127
30.007	-0.56199
30.008	-0.504182
30.009	-0.398893
30.01	-0.247169
30.011	-0.046624
30.012	0.193734
30.013	0.443133
30.014	0.65783
30.015	0.801815
30.016	0.859337
30.017	0.832807
30.018	0.734092
30.019	0.576683
30.02	0.371305
30.021	0.116946
30.022	-0.204304
30.023	-0.595324
30.024	-1.000945
30.025	-1.323908
30.026	-1.486655
30.027	-1.469574
30.028	-1.305042
30.029	-1.051213
30.03	-0.769707
30.031	-0.5137
30.032	-0.319199
30.033	-0.196453
30.034	-0.127788
30.035	-0.079096
30.036	-0.023071
30.037	0.04164
30.038	0.090633
30.039	0.091238
30.04	0.020126
30.041	-0.13557
30.042	-0.383114
30.043	-0.706303
30.044	-1.042437
30.045	-1.303029
30.046	-1.423709
30.047	-1.38933
30.048	-1.224433
30.049	-0.972963
30.05	-0.686118
30.051	-0.416948
30.052	-0.208235
30.053	-0.075902
30.054	-0.005413
30.055	0.032298
30.056	0.058458
30.057	0.073462
30.058	0.061921
30.059	0.019085
30.06	-0.018884
30.061	0.02154
30.062	0.201314
30.063	0.516163
30.064	0.891656
30.065	1.22188
30.066	1.417875
30.067	1.44194
30.068	1.315655
30.069	1.101857
30.07	0.87362
30.071	0.68662
30.072	0.564511
30.073	0.501126
30.074	0.475259
30.075	0.464373
30.076	0.449561
30.077	0.414862
30.078	0.348693
30.079	0.254516
30.08	0.163655
30.081	0.124225
30.082	0.161632
30.083	0.258068
30.084	0.374383
30.085	0.473246
30.086	0.525098
30.087	0.515868
30.088	0.456391
30.089	0.381782
30.09	0.339759
30.091	0.371311
30.092	0.488438
30.093	0.66257
30.094	0.836862
30.095	0.9558
30.096	0.988626
30.097	0.93274
30.098	0.805005
30.099	0.629398
30.1	0.423054
30.101	0.184463
30.102	-0.104975
30.103	-0.448644
30.104	-0.798563
30.105	-1.072657
30.106	-1.20953
30.107	-1.197458
30.108	-1.064588
30.109	-0.858166
30.11	-0.630895
30.111	-0.43051
30.112	-0.287136
30.113	-0.206355
30.114	-0.173728
30.115	-0.164797
30.116	-0.155729
30.117	-0.133609
30.118	-0.10148
30.119	-0.076709
30.12	-0.089583
30.121	-0.183494
30.122	-0.400769
30.123	-0.740016
30.124	-1.123863
30.125	-1.433527
30.126	-1.580789
30.127	-1.544725
30.128	-1.36025
30.129	-1.088327
30.13	-0.791494
30.131	-0.52257
30.132	-0.319484
30.133	-0.195479
30.134	-0.132889
30.135	-0.097239
30.136	-0.062671
30.137	-0.026358
30.138	-0.004359
30.139	-0.010802
30.14	-0.030419
30.141	-0.014221
30.142	0.084187
30.143	0.270003
30.144	0.503404
30.145	0.718578
30.146	0.853199
30.147	0.878651
30.148	0.809378
30.149	0.686749
30.15	0.553565
30.151	0.436109
30.152	0.341071
30.153	0.265215
30.154	0.206872
30.155	0.167841
30.156	0.146098
30.157	0.129728
30.158	0.101391
30.159	0.056234
30.16	0.02548
30.161	0.072676
30.162	0.244001
30.163	0.524237
30.164	0.843206
30.165	1.11016
30.166	1.251835
30.167	1.242414
30.168	1.109129
30.169	0.914825
30.17	0.731416
30.171	0.613795
30.172	0.581632
30.173	0.616346
30.174	0.676037
30.175	0.720017
30.176	0.7246
30.177	0.682007
30.178	0.592417
30.179	0.460405
30.18	0.295484
30.181	0.103501
30.182	-0.12442
30.183	-0.391323
30.184	-0.66085
30.185	-0.869237
30.186	-0.969982
30.187	-0.956052
30.188	-0.849943
30.189	-0.683098
30.19	-0.482782
30.191	-0.271395
30.192	-0.070214
30.193	0.10038
30.194	0.225648
30.195	0.301655
30.196	0.334081
30.197	0.330528
30.198	0.293565
30.199	0.221354
30.2	0.10854
30.201	-0.063282
30.202	-0.322759
30.203	-0.667646
30.204	-1.030278
30.205	-1.309103
30.206	-1.433257
30.207	-1.392563
30.208	-1.224549
30.209	-0.986544
30.21	-0.734533
30.211	-0.513186
30.212	-0.350037
30.213	-0.250667
30.214	-0.200098
30.215	-0.173927
30.216	-0.151917
30.217	-0.125908
30.218	-0.101391
30.219	-0.091396
30.22	-0.108316
30.221	-0.167275
30.222	-0.288348
30.223	-0.470831
30.224	-0.668107
30.225	-0.811594
30.226	-0.858359
30.227	-0.80837
30.228	-0.688184
30.229	-0.529692
30.23	-0.362234
30.231	-0.214151
30.232	-0.109089
30.233	-0.053484
30.234	-0.031142
30.235	-0.016852
30.236	0.002273
30.237	0.017418
30.238	0.010635
30.239	-0.016979
30.24	-0.02283
30.241	0.065575
30.242	0.297615
30.243	0.651224
30.244	1.038801
30.245	1.352595
30.246	1.511165
30.247	1.489285
30.248	1.321414
30.249	1.07939
30.25	0.839441
30.251	0.655132
30.252	0.546057
30.253	0.501986
30.254	0.495744
30.255	0.498071
30.256	0.486599
30.257	0.445802
30.258	0.368637
30.259	0.26639
30.26	0.172734
30.261	0.12604
30.262	0.139372
30.263	0.193104
30.264	0.257161
30.265	0.30722
30.266	0.325567
30.267	0.305436
30.268	0.257855
30.269	0.21065
30.27	0.197544
30.271	0.241651
30.272	0.342129
30.273	0.472615
30.274	0.593464
30.275	0.670043
30.276	0.685562
30.277	0.641884
30.278	0.550884
30.279	0.423874
30.28	0.262825
30.281	0.053973
30.282	-0.223703
30.283	-0.562593
30.284	-0.900591
30.285	-1.151614
30.286	-1.25977
30.287	-1.220166
30.288	-1.065599
30.289	-0.846715
30.29	-0.618233
30.291	-0.42676
30.292	-0.298409
30.293	-0.233227
30.294	-0.210569
30.295	-0.201935
30.296	-0.18475
30.297	-0.151075
30.298	-0.109144
30.299	-0.081728
30.3	-0.103599
30.301	-0.216882
30.302	-0.453633
30.303	-0.796431
30.304	-1.15853
30.305	-1.427748
30.306	-1.532408
30.307	-1.465956
30.308	-1.268858
30.309	-1.000396
30.31	-0.718521
30.311	-0.468035
30.312	-0.275859
30.313	-0.151283
30.314	-0.087844
30.315	-0.06749
30.316	-0.06973
30.317	-0.081885
30.318	-0.09966
30.319	-0.113713
30.32	-0.091943
30.321	0.016039
30.322	0.240037
30.323	0.555867
30.324	0.893437
30.325	1.168047
30.326	1.312332
30.327	1.302026
30.328	1.163714
30.329	0.958755
30.33	0.75121
30.331	0.579725
30.332	0.453712
30.333	0.367876
30.334	0.314151
30.335	0.284254
30.336	0.266455
30.337	0.242595
30.338	0.194247
30.339	0.122936
30.34	0.068827
30.341	0.094773
30.342	0.236895
30.343	0.472482
30.344	0.732615
30.345	0.93694
30.346	1.028129
30.347	0.993821
30.348	0.866527
30.349	0.70673
30.35	0.579641
30.351	0.530876
30.352	0.568737
30.353	0.663894
30.354	0.768232
30.355	0.838584
30.356	0.8499
30.357	0.795316
30.358	0.67882
30.359	0.51032
30.36	0.303458
30.361	0.063855
30.362	-0.216201
30.363	-0.528827
30.364	-0.823718
30.365	-1.032382
30.366	-1.112862
30.367	-1.065203
30.368	-0.919656
30.369	-0.720373
30.37	-0.513695
30.371	-0.338776
30.372	-0.218212
30.373	-0.151905
30.374	-0.120296
30.375	-0.097945
30.376	-0.06915
30.377	-0.035085
30.378	-0.010094
30.379	-0.014339
30.38	-0.072563
30.381	-0.217662
30.382	-0.47618
30.383	-0.827432
30.384	-1.185664
30.385	-1.444188
30.386	-1.537491
30.387	-1.463565
30.388	-1.265383
30.389	-1.001547
30.39	-0.727669
30.391	-0.488293
30.392	-0.309647
30.393	-0.194794
30.394	-0.12882
30.395	-0.091314
30.396	-0.067722
30.397	-0.055616
30.398	-0.060923
30.399	-0.082801
30.4	-0.103538
30.401	-0.099517
30.402	-0.061146
30.403	0.003329
30.404	0.07955
30.405	0.152792
30.406	0.206663
30.407	0.228436
30.408	0.218044
30.409	0.189675
30.41	0.162394
30.411	0.145685
30.412	0.132881
30.413	0.110181
30.414	0.073189
30.415	0.033479
30.416	0.008843
30.417	0.009283
30.418	0.031008
30.419	0.058399
30.42	0.066348
30.421	0.019836
30.422	-0.112712
30.423	-0.324156
30.424	-0.553191
30.425	-0.722236
30.426	-0.787994
30.427	-0.754087
30.428	-0.652195
30.429	-0.522319
30.43	-0.404601
30.431	-0.333938
30.432	-0.326954
30.433	-0.370383
30.434	-0.427043
30.435	-0.458151
30.436	-0.445302
30.437	-0.397447
30.438	-0.336973
30.439	-0.2674
30.44	-0.148095
30.441	0.087014
30.442	0.471594
30.443	0.962614
30.444	1.450014
30.445	1.810018
30.446	1.960846
30.447	1.889032
30.448	1.642052
30.449	1.299868
30.45	0.942365
30.451	0.627117
30.452	0.381526
30.453	0.207896
30.454	0.096433
30.455	0.034389
30.456	0.006973
30.457	-0.003092
30.458	-0.009964
30.459	-0.010517
30.46	0.023652
30.461	0.125071
30.462	0.294004
30.463	0.492108
30.464	0.669376
30.465	0.785593
30.466	0.81624
30.467	0.757707
30.468	0.631936
30.469	0.482589
30.47	0.361547
30.471	0.308791
30.472	0.333012
30.473	0.407585
30.474	0.488263
30.475	0.53802
30.476	0.539866
30.477	0.494639
30.478	0.414731
30.479	0.316336
30.48	0.204872
30.481	0.063249
30.482	-0.134361
30.483	-0.383536
30.484	-0.630876
30.485	-0.80698
30.486	-0.873316
30.487	-0.835978
30.488	-0.729766
30.489	-0.599627
30.49	-0.490481
30.491	-0.437167
30.492	-0.45009
30.493	-0.509303
30.494	-0.576253
30.495	-0.612991
30.496	-0.596772
30.497	-0.526915
30.498	-0.422123
30.499	-0.313143
30.5	-0.242122
30.501	-0.262143
30.502	-0.411755
30.503	-0.67065
30.504	-0.951586
30.505	-1.152929
30.506	-1.2182
30.507	-1.150842
30.508	-0.992932
30.509	-0.798491
30.51	-0.61643
30.511	-0.481966
30.512	-0.41066
30.513	-0.395479
30.514	-0.411887
30.515	-0.43077
30.516	-0.431496
30.517	-0.407205
30.518	-0.360031
30.519	-0.287621
30.52	-0.170543
30.521	0.018747
30.522	0.285859
30.523	0.599031
30.524	0.901203
30.525	1.128826
30.526	1.232095
30.527	1.194865
30.528	1.039821
30.529	0.815796
30.53	0.577561
30.531	0.367162
30.532	0.202375
30.533	0.07878
30.534	-0.015928
30.535	-0.089407
30.536	-0.143395
30.537	-0.177683
30.538	-0.188835
30.539	-0.161385
30.54	-0.061379
30.541	0.14634
30.542	0.460201
30.543	0.827392
30.544	1.16683
30.545	1.399437
30.546	1.474068
30.547	1.387321
30.548	1.183629
30.549	0.934342
30.55	0.709283
30.551	0.553096
30.552	0.47505
30.553	0.455398
30.554	0.462363
30.555	0.468991
30.556	0.460094
30.557	0.428718
30.558	0.371404
30.559	0.287862
30.56	0.179189
30.561	0.03913
30.562	-0.143484
30.563	-0.35894
30.564	-0.563756
30.565	-0.70649
30.566	-0.759771
30.567	-0.726871
30.568	-0.630008
30.569	-0.497653
30.57	-0.357712
30.571	-0.234372
30.572	-0.14336
30.573	-0.087301
30.574	-0.056503
30.575	-0.03537
30.576	-0.01179
30.577	0.01515
30.578	0.033974
30.579	0.026514
30.58	-0.029362
30.581	-0.163271
30.582	-0.396047
30.583	-0.701013
30.584	-0.997207
30.585	-1.196492
30.586	-1.252988
30.587	-1.173719
30.588	-1.001362
30.589	-0.792226
30.59	-0.599343
30.591	-0.460568
30.592	-0.389588
30.593	-0.373207
30.594	-0.379737
30.595	-0.3765
30.596	-0.346214
30.597	-0.292467
30.598	-0.233145
30.599	-0.185248
30.6	-0.153465
30.601	-0.136659
30.602	-0.13713
30.603	-0.151766
30.604	-0.164678
30.605	-0.160568
30.606	-0.138384
30.607	-0.108248
30.608	-0.080974
30.609	-0.062957
30.61	-0.058029
30.611	-0.06956
30.612	-0.099258
30.613	-0.143507
30.614	-0.190508
30.615	-0.224881
30.616	-0.23902
30.617	-0.238601
30.618	-0.230858
30.619	-0.20065
30.62	-0.09987
30.621	0.125728
30.622	0.486528
30.623	0.923928
30.624	1.334384
30.625	1.617552
30.626	1.714254
30.627	1.621676
30.628	1.387058
30.629	1.086657
30.63	0.799337
30.631	0.581665
30.632	0.451695
30.633	0.390425
30.634	0.361111
30.635	0.332714
30.636	0.2911
30.637	0.235089
30.638	0.1714
30.639	0.115683
30.64	0.084406
30.641	0.07426
30.642	0.059874
30.643	0.022564
30.644	-0.028578
30.645	-0.07125
30.646	-0.094416
30.647	-0.102284
30.648	-0.100934
30.649	-0.084863
30.65	-0.036597
30.651	0.057009
30.652	0.186682
30.653	0.322587
30.654	0.433674
30.655	0.501552
30.656	0.520069
30.657	0.489782
30.658	0.414994
30.659	0.301811
30.66	0.150218
30.661	-0.054176
30.662	-0.324107
30.663	-0.63428
30.664	-0.915662
30.665	-1.097127
30.666	-1.145724
30.667	-1.071498
30.668	-0.911522
30.669	-0.715936
30.67	-0.538479
30.671	-0.421449
30.672	-0.377983
30.673	-0.387621
30.674	-0.410497
30.675	-0.40993
30.676	-0.370126
30.677	-0.300062
30.678	-0.224151
30.679	-0.171584
30.68	-0.173719
30.681	-0.262382
30.682	-0.450885
30.683	-0.704335
30.684	-0.943465
30.685	-1.091766
30.686	-1.115663
30.687	-1.026305
30.688	-0.859833
30.689	-0.661112
30.69	-0.475504
30.691	-0.33947
30.692	-0.268985
30.693	-0.25466
30.694	-0.269292
30.695	-0.283869
30.696	-0.282789
30.697	-0.268414
30.698	-0.247635
30.699	-0.206553
30.7	-0.097782
30.701	0.133792
30.702	0.500234
30.703	0.944967
30.704	1.364132
30.705	1.652457
30.706	1.746158
30.707	1.644326
30.708	1.400417
30.709	1.093603
30.71	0.797596
30.711	0.557939
30.712	0.385995
30.713	0.270032
30.714	0.191412
30.715	0.135057
30.716	0.091193
30.717	0.052853
30.718	0.017864
30.719	-0.001555
30.72	0.02273
30.721	0.111134
30.722	0.252159
30.723	0.41035
30.724	0.547601
30.725	0.632248
30.726	0.644976
30.727	0.58746
30.728	0.485224
30.729	0.382463
30.73	0.328762
30.731	0.355989
30.732	0.456845
30.733	0.586147
30.734	0.688239
30.735	0.727026
30.736	0.696292
30.737	0.611195
30.738	0.492684
30.739	0.354952
30.74	0.197261
30.741	-0.000514
30.742	-0.258855
30.743	-0.55743
30.744	-0.827339
30.745	-0.996461
30.746	-1.033378
30.747	-0.952956
30.748	-0.79888
30.749	-0.624667
30.75	-0.478259
30.751	-0.389345
30.752	-0.362958
30.753	-0.382309
30.754	-0.417407
30.755	-0.436191
30.756	-0.41676
30.757	-0.356083
30.758	-0.272951
30.759	-0.207093
30.76	-0.212139
30.761	-0.337398
30.762	-0.59492
30.763	-0.930902
30.764	-1.242389
30.765	-1.434336
30.766	-1.462938
30.767	-1.339663
30.768	-1.112069
30.769	-0.842356
30.77	-0.592017
30.771	-0.407709
30.772	-0.305875
30.773	-0.26818
30.774	-0.256641
30.775	-0.237979
30.776	-0.200914
30.777	-0.158168
30.778	-0.129892
30.779	-0.115007
30.78	-0.078739
30.781	0.022455
30.782	0.203712
30.783	0.43753
30.784	0.666085
30.785	0.828925
30.786	0.89015
30.787	0.849736
30.788	0.736427
30.789	0.590012
30.79	0.443899
30.791	0.31615
30.792	0.211363
30.793	0.129314
30.794	0.071177
30.795	0.036688
30.796	0.017633
30.797	-0.001373
30.798	-0.029073
30.799	-0.044822
30.8	0.006466
30.801	0.177468
30.802	0.469683
30.803	0.822387
30.804	1.142202
30.805	1.345321
30.806	1.389542
30.807	1.2844
30.808	1.080996
30.809	0.850864
30.81	0.662018
30.811	0.556715
30.812	0.53673
30.813	0.56786
30.814	0.604453
30.815	0.613373
30.816	0.580849
30.817	0.507248
30.818	0.401642
30.819	0.27679
30.82	0.136657
30.821	-0.035183
30.822	-0.258254
30.823	-0.515585
30.824	-0.747129
30.825	-0.890976
30.826	-0.921678
30.827	-0.852621
30.828	-0.716483
30.829	-0.547829
30.83	-0.376067
30.831	-0.223536
30.832	-0.104433
30.833	-0.024078
30.834	0.020835
30.835	0.040033
30.836	0.04439
30.837	0.040064
30.838	0.02826
30.839	0.012605
30.84	0.009804
30.841	0.045546
30.842	0.131424
30.843	0.253922
30.844	0.384082
30.845	0.487723
30.846	0.534469
30.847	0.509799
30.848	0.424488
30.849	0.314617
30.85	0.228302
30.851	0.201431
30.852	0.235256
30.853	0.296268
30.854	0.342287
30.855	0.349901
30.856	0.320812
30.857	0.27097
30.858	0.218592
30.859	0.174097
30.86	0.124703
30.861	0.0293
30.862	-0.147756
30.863	-0.388186
30.864	-0.620767
30.865	-0.77415
30.866	-0.819774
30.867	-0.77274
30.868	-0.671737
30.869	-0.564122
30.87	-0.496688
30.871	-0.500297
30.872	-0.571628
30.873	-0.671299
30.874	-0.745537
30.875	-0.754079
30.876	-0.686187
30.877	-0.561222
30.878	-0.416284
30.879	-0.291436
30.88	-0.22851
30.881	-0.272138
30.882	-0.440828
30.883	-0.689766
30.884	-0.926113
30.885	-1.068419
30.886	-1.086703
30.887	-0.999404
30.888	-0.850275
30.889	-0.689008
30.89	-0.560099
30.891	-0.493604
30.892	-0.494747
30.893	-0.539995
30.894	-0.58885
30.895	-0.606512
30.896	-0.580713
30.897	-0.520087
30.898	-0.434236
30.899	-0.307468
30.9	-0.092137
30.901	0.2554
30.902	0.723422
30.903	1.233558
30.904	1.673642
30.905	1.94232
30.906	1.986418
30.907	1.816765
30.908	1.495432
30.909	1.105979
30.91	0.723642
30.911	0.396512
30.912	0.141702
30.913	-0.044427
30.914	-0.170765
30.915	-0.244459
30.916	-0.274291
30.917	-0.271456
30.918	-0.239081
30.919	-0.158603
30.92	0.006384
30.921	0.277139
30.922	0.6278
30.923	0.99207
30.924	1.292282
30.925	1.462744
30.926	1.4687
30.927	1.319153
30.928	1.064735
30.929	0.781653
30.93	0.546044
30.931	0.40432
30.932	0.35549
30.933	0.360475
30.934	0.371498
30.935	0.359184
30.936	0.320701
30.937	0.269874
30.938	0.222032
30.939	0.18208
30.94	0.134146
30.941	0.040276
30.942	-0.128425
30.943	-0.348864
30.944	-0.552648
30.945	-0.677905
30.946	-0.705209
30.947	-0.65488
30.948	-0.566654
30.949	-0.483008
30.95	-0.439957
30.951	-0.45923
30.952	-0.537306
30.953	-0.639542
30.954	-0.713725
30.955	-0.718156
30.956	-0.642446
30.957	-0.508715
30.958	-0.358735
30.959	-0.238731
30.96	-0.193885
30.961	-0.266319
30.962	-0.467215
30.963	-0.742989
30.964	-0.996152
30.965	-1.14604
30.966	-1.163835
30.967	-1.067058
30.968	-0.9
30.969	-0.717595
30.97	-0.572068
30.971	-0.49753
30.972	-0.495865
30.973	-0.536081
30.974	-0.572057
30.975	-0.567577
30.976	-0.512773
30.977	-0.422992
30.978	-0.321991
30.979	-0.218875
30.98	-0.099398
30.981	0.053525
30.982	0.236739
30.983	0.428013
30.984	0.594641
30.985	0.700689
30.986	0.722433
30.987	0.661044
30.988	0.539492
30.989	0.387556
30.99	0.226987
30.991	0.069072
30.992	-0.077497
30.993	-0.200942
30.994	-0.287305
30.995	-0.326958
30.996	-0.323104
30.997	-0.291582
30.998	-0.243379
30.999	-0.159353
31.0	0.010413
31.001	0.305156
31.002	0.708564
31.003	1.144814
31.004	1.509803
31.005	1.714204
31.006	1.718407
31.007	1.54222
31.008	1.250288
31.009	0.925361
31.01	0.640145
31.011	0.436654
31.012	0.319483
31.013	0.26504
31.014	0.241121
31.015	0.224052
31.016	0.203258
31.017	0.175706
31.018	0.143534
31.019	0.118354
31.02	0.112151
31.021	0.114896
31.022	0.100952
31.023	0.062622
31.024	0.016343
31.025	-0.020897
31.026	-0.045895
31.027	-0.06508
31.028	-0.084779
31.029	-0.105769
31.03	-0.12445
31.031	-0.138051
31.032	-0.148115
31.033	-0.157332
31.034	-0.163792
31.035	-0.161063
31.036	-0.143695
31.037	-0.111999
31.038	-0.073829
31.039	-0.046195
31.04	-0.061738
31.041	-0.166363
31.042	-0.381376
31.043	-0.660834
31.044	-0.910232
31.045	-1.051374
31.046	-1.06257
31.047	-0.971951
31.048	-0.829801
31.049	-0.68586
31.05	-0.577476
31.051	-0.522693
31.052	-0.518062
31.053	-0.543155
31.054	-0.568924
31.055	-0.568065
31.056	-0.525773
31.057	-0.444802
31.058	-0.341606
31.059	-0.241642
31.06	-0.181157
31.061	-0.202173
31.062	-0.321412
31.063	-0.49877
31.064	-0.656473
31.065	-0.734546
31.066	-0.721792
31.067	-0.644936
31.068	-0.541362
31.069	-0.441298
31.07	-0.366974
31.071	-0.335823
31.072	-0.352468
31.073	-0.397777
31.074	-0.43666
31.075	-0.441427
31.076	-0.408247
31.077	-0.353369
31.078	-0.288043
31.079	-0.188446
31.08	0.003773
31.081	0.333521
31.082	0.780913
31.083	1.259125
31.084	1.653418
31.085	1.868648
31.086	1.864942
31.087	1.667191
31.088	1.3466
31.089	0.988714
31.09	0.664107
31.091	0.410374
31.092	0.232295
31.093	0.117413
31.094	0.050612
31.095	0.018434
31.096	0.007493
31.097	0.005416
31.098	0.009252
31.099	0.036065
31.1	0.114396
31.101	0.250655
31.102	0.415232
31.103	0.568076
31.104	0.677921
31.105	0.721029
31.106	0.685567
31.107	0.581354
31.108	0.441001
31.109	0.310645
31.11	0.232606
31.111	0.225141
31.112	0.27305
31.113	0.339218
31.114	0.388535
31.115	0.404268
31.116	0.387662
31.117	0.348852
31.118	0.296955
31.119	0.23155
31.12	0.135167
31.121	-0.024588
31.122	-0.262227
31.123	-0.536589
31.124	-0.768194
31.125	-0.895842
31.126	-0.906756
31.127	-0.827344
31.128	-0.702823
31.129	-0.582534
31.13	-0.508076
31.131	-0.499546
31.132	-0.547277
31.133	-0.6178
31.134	-0.669708
31.135	-0.67022
31.136	-0.607108
31.137	-0.491933
31.138	-0.354825
31.139	-0.238536
31.14	-0.196804
31.141	-0.281612
31.142	-0.50144
31.143	-0.789137
31.144	-1.03614
31.145	-1.16205
31.146	-1.148781
31.147	-1.029122
31.148	-0.858318
31.149	-0.689702
31.15	-0.562286
31.151	-0.496301
31.152	-0.490176
31.153	-0.521847
31.154	-0.558777
31.155	-0.571843
31.156	-0.546023
31.157	-0.482382
31.158	-0.384966
31.159	-0.237777
31.16	-0.002942
31.161	0.342318
31.162	0.770918
31.163	1.209123
31.164	1.562955
31.165	1.753064
31.166	1.745374
31.167	1.558801
31.168	1.251162
31.169	0.895874
31.17	0.558741
31.171	0.280703
31.172	0.072256
31.173	-0.076413
31.174	-0.176918
31.175	-0.232323
31.176	-0.24233
31.177	-0.214468
31.178	-0.160876
31.179	-0.072535
31.18	0.090049
31.181	0.356182
31.182	0.70252
31.183	1.057614
31.184	1.334051
31.185	1.463764
31.186	1.424458
31.187	1.243734
31.188	0.983479
31.189	0.716026
31.19	0.500722
31.191	0.367597
31.192	0.31225
31.193	0.305777
31.194	0.316172
31.195	0.323716
31.196	0.320367
31.197	0.302716
31.198	0.26933
31.199	0.219655
31.2	0.144166
31.201	0.018341
31.202	-0.170805
31.203	-0.390515
31.204	-0.57607
31.205	-0.677988
31.206	-0.687572
31.207	-0.629466
31.208	-0.543169
31.209	-0.469982
31.21	-0.443912
31.211	-0.479268
31.212	-0.561498
31.213	-0.652484
31.214	-0.70841
31.215	-0.698917
31.216	-0.618426
31.217	-0.48632
31.218	-0.337397
31.219	-0.213963
31.22	-0.167679
31.221	-0.249112
31.222	-0.464928
31.223	-0.746969
31.224	-0.98789
31.225	-1.109856
31.226	-1.097881
31.227	-0.986807
31.228	-0.831701
31.229	-0.685645
31.23	-0.588123
31.231	-0.557316
31.232	-0.584917
31.233	-0.639175
31.234	-0.679539
31.235	-0.674832
31.236	-0.614354
31.237	-0.507736
31.238	-0.372937
31.239	-0.220885
31.24	-0.055939
31.241	0.108117
31.242	0.249339
31.243	0.357804
31.244	0.435651
31.245	0.479354
31.246	0.477002
31.247	0.420929
31.248	0.31691
31.249	0.182514
31.25	0.03853
31.251	-0.100206
31.252	-0.227022
31.253	-0.336623
31.254	-0.418974
31.255	-0.462641
31.256	-0.462442
31.257	-0.418691
31.258	-0.325561
31.259	-0.158965
31.26	0.115119
31.261	0.502178
31.262	0.951744
31.263	1.377751
31.264	1.69511
31.265	1.843217
31.266	1.8032
31.267	1.604274
31.268	1.309466
31.269	0.989072
31.27	0.697904
31.271	0.464101
31.272	0.29042
31.273	0.166329
31.274	0.080152
31.275	0.020854
31.276	-0.025424
31.277	-0.071592
31.278	-0.114588
31.279	-0.120981
31.28	-0.038425
31.281	0.161068
31.282	0.450185
31.283	0.760998
31.284	1.017026
31.285	1.158738
31.286	1.165461
31.287	1.062939
31.288	0.907498
31.289	0.758421
31.29	0.655465
31.291	0.610763
31.292	0.613255
31.293	0.639125
31.294	0.66288
31.295	0.663277
31.296	0.622708
31.297	0.530211
31.298	0.394262
31.299	0.249803
31.3	0.14045
31.301	0.086494
31.302	0.075884
31.303	0.085647
31.304	0.098418
31.305	0.102582
31.306	0.094087
31.307	0.082272
31.308	0.091199
31.309	0.151915
31.31	0.285865
31.311	0.48765
31.312	0.720256
31.313	0.928763
31.314	1.063809
31.315	1.099576
31.316	1.036467
31.317	0.891382
31.318	0.685474
31.319	0.432504
31.32	0.128594
31.321	-0.240259
31.322	-0.660313
31.323	-1.063057
31.324	-1.356538
31.325	-1.481056
31.326	-1.431379
31.327	-1.24371
31.328	-0.974658
31.329	-0.686423
31.33	-0.433872
31.331	-0.250063
31.332	-0.138777
31.333	-0.080625
31.334	-0.04792
31.335	-0.019391
31.336	0.011436
31.337	0.035788
31.338	0.032044
31.339	-0.033004
31.34	-0.201119
31.341	-0.503475
31.342	-0.917395
31.343	-1.345572
31.344	-1.663624
31.345	-1.790779
31.346	-1.71701
31.347	-1.485094
31.348	-1.161538
31.349	-0.814958
31.35	-0.501178
31.351	-0.254555
31.352	-0.086624
31.353	0.01008
31.354	0.054878
31.355	0.068342
31.356	0.062335
31.357	0.039873
31.358	0.006657
31.359	-0.014637
31.36	0.013262
31.361	0.114539
31.362	0.278558
31.363	0.467467
31.364	0.633031
31.365	0.73186
31.366	0.743684
31.367	0.681063
31.368	0.581209
31.369	0.485023
31.37	0.415299
31.371	0.371744
31.372	0.34518
31.373	0.330367
31.374	0.325322
31.375	0.323452
31.376	0.308785
31.377	0.263115
31.378	0.18735
31.379	0.120648
31.38	0.126404
31.381	0.244531
31.382	0.457655
31.383	0.70094
31.384	0.895505
31.385	0.983541
31.386	0.952546
31.387	0.835798
31.388	0.693116
31.389	0.58586
31.39	0.553884
31.391	0.60131
31.392	0.698919
31.393	0.802219
31.394	0.872187
31.395	0.886009
31.396	0.836469
31.397	0.725277
31.398	0.558772
31.399	0.346956
31.4	0.094611
31.401	-0.203051
31.402	-0.534276
31.403	-0.846604
31.404	-1.070857
31.405	-1.164013
31.406	-1.123548
31.407	-0.976029
31.408	-0.761127
31.409	-0.519696
31.41	-0.286982
31.411	-0.089115
31.412	0.060123
31.413	0.161161
31.414	0.224614
31.415	0.261286
31.416	0.273883
31.417	0.2562
31.418	0.196222
31.419	0.076691
31.42	-0.127602
31.421	-0.4373
31.422	-0.829313
31.423	-1.21777
31.424	-1.496464
31.425	-1.599866
31.426	-1.525531
31.427	-1.317377
31.428	-1.037847
31.429	-0.748507
31.43	-0.499435
31.431	-0.319353
31.432	-0.209554
31.433	-0.149779
31.434	-0.112867
31.435	-0.079366
31.436	-0.046442
31.437	-0.025697
31.438	-0.029631
31.439	-0.060852
31.44	-0.116817
31.441	-0.196872
31.442	-0.293167
31.443	-0.380723
31.444	-0.430318
31.445	-0.429696
31.446	-0.387069
31.447	-0.318937
31.448	-0.238016
31.449	-0.151081
31.45	-0.064851
31.451	0.010641
31.452	0.065849
31.453	0.097162
31.454	0.107042
31.455	0.099181
31.456	0.074295
31.457	0.033541
31.458	-0.005394
31.459	0.004628
31.46	0.120805
31.461	0.364496
31.462	0.695284
31.463	1.029611
31.464	1.280028
31.465	1.387721
31.466	1.340279
31.467	1.172769
31.468	0.952312
31.469	0.75057
31.47	0.61581
31.471	0.559249
31.472	0.561799
31.473	0.592143
31.474	0.620532
31.475	0.622782
31.476	0.580777
31.477	0.487688
31.478	0.358553
31.479	0.232995
31.48	0.153612
31.481	0.133675
31.482	0.153743
31.483	0.186259
31.484	0.210315
31.485	0.212451
31.486	0.190668
31.487	0.158582
31.488	0.139826
31.489	0.155153
31.49	0.211673
31.491	0.299869
31.492	0.39861
31.493	0.484461
31.494	0.540163
31.495	0.557066
31.496	0.531762
31.497	0.464233
31.498	0.355809
31.499	0.200358
31.5	-0.02191
31.501	-0.32769
31.502	-0.693422
31.503	-1.043046
31.504	-1.287852
31.505	-1.376878
31.506	-1.311244
31.507	-1.127768
31.508	-0.880014
31.509	-0.626832
31.51	-0.41903
31.511	-0.282236
31.512	-0.210326
31.513	-0.176607
31.514	-0.151774
31.515	-0.11748
31.516	-0.072759
31.517	-0.032437
31.518	-0.021279
31.519	-0.072299
31.52	-0.22447
31.521	-0.499135
31.522	-0.861306
31.523	-1.215805
31.524	-1.45869
31.525	-1.533025
31.526	-1.441775
31.527	-1.227786
31.528	-0.949458
31.529	-0.663917
31.53	-0.416978
31.531	-0.236297
31.532	-0.127144
31.533	-0.074911
31.534	-0.056573
31.535	-0.054373
31.536	-0.061672
31.537	-0.076968
31.538	-0.086583
31.539	-0.048008
31.54	0.096329
31.541	0.372136
31.542	0.742045
31.543	1.118955
31.544	1.403731
31.545	1.526348
31.546	1.473011
31.547	1.28444
31.548	1.032176
31.549	0.789692
31.55	0.60829
31.551	0.503109
31.552	0.455588
31.553	0.432162
31.554	0.404763
31.555	0.358741
31.556	0.290454
31.557	0.206032
31.558	0.126837
31.559	0.093933
31.56	0.150198
31.561	0.304112
31.562	0.518292
31.563	0.731718
31.564	0.88429
31.565	0.935332
31.566	0.87953
31.567	0.751363
31.568	0.611051
31.569	0.517309
31.57	0.50248
31.571	0.56318
31.572	0.667445
31.573	0.771985
31.574	0.840595
31.575	0.853119
31.576	0.802275
31.577	0.687756
31.578	0.515177
31.579	0.293602
31.58	0.025356
31.581	-0.291022
31.582	-0.632261
31.583	-0.937681
31.584	-1.140128
31.585	-1.203735
31.586	-1.133491
31.587	-0.963925
31.588	-0.744949
31.589	-0.53126
31.59	-0.369843
31.591	-0.282103
31.592	-0.254569
31.593	-0.250747
31.594	-0.235199
31.595	-0.192471
31.596	-0.1322
31.597	-0.081856
31.598	-0.073083
31.599	-0.135577
31.6	-0.30062
31.601	-0.583877
31.602	-0.946614
31.603	-1.292837
31.604	-1.521743
31.605	-1.5807
31.606	-1.476171
31.607	-1.253304
31.608	-0.971056
31.609	-0.686541
31.61	-0.445726
31.611	-0.273895
31.612	-0.169664
31.613	-0.110835
31.614	-0.072051
31.615	-0.041728
31.616	-0.025712
31.617	-0.035424
31.618	-0.064769
31.619	-0.075263
31.62	-0.015327
31.621	0.138552
31.622	0.362175
31.623	0.597966
31.624	0.78196
31.625	0.868712
31.626	0.847467
31.627	0.74296
31.628	0.600398
31.629	0.463722
31.63	0.35983
31.631	0.294355
31.632	0.25787
31.633	0.236919
31.634	0.220072
31.635	0.195678
31.636	0.150598
31.637	0.081564
31.638	0.014065
31.639	0.005238
31.64	0.113777
31.641	0.353549
31.642	0.674466
31.643	0.987877
31.644	1.208051
31.645	1.282732
31.646	1.208129
31.647	1.027422
31.648	0.813642
31.649	0.643226
31.65	0.567193
31.651	0.591079
31.652	0.676778
31.653	0.765892
31.654	0.809288
31.655	0.784164
31.656	0.691827
31.657	0.54874
31.658	0.37869
31.659	0.197052
31.66	-0.00517
31.661	-0.247176
31.662	-0.518138
31.663	-0.764423
31.664	-0.925658
31.665	-0.974078
31.666	-0.919528
31.667	-0.791304
31.668	-0.620689
31.669	-0.434126
31.67	-0.253791
31.671	-0.098122
31.672	0.020085
31.673	0.095819
31.674	0.131729
31.675	0.135489
31.676	0.116367
31.677	0.080804
31.678	0.025592
31.679	-0.070132
31.68	-0.243828
31.681	-0.520649
31.682	-0.869227
31.683	-1.199382
31.684	-1.417521
31.685	-1.478203
31.686	-1.387601
31.687	-1.181175
31.688	-0.909878
31.689	-0.635545
31.69	-0.418657
31.691	-0.296143
31.692	-0.263074
31.693	-0.276797
31.694	-0.286781
31.695	-0.265002
31.696	-0.213684
31.697	-0.1533
31.698	-0.106123
31.699	-0.092242
31.7	-0.136809
31.701	-0.259243
31.702	-0.442368
31.703	-0.628528
31.704	-0.757494
31.705	-0.801344
31.706	-0.766858
31.707	-0.680207
31.708	-0.575595
31.709	-0.4901
31.71	-0.453201
31.711	-0.471233
31.712	-0.522179
31.713	-0.567932
31.714	-0.575192
31.715	-0.531515
31.716	-0.447916
31.717	-0.34944
31.718	-0.265717
31.719	-0.231184
31.72	-0.285077
31.721	-0.448871
31.722	-0.690824
31.723	-0.928838
31.724	-1.082143
31.725	-1.115935
31.726	-1.043141
31.727	-0.90124
31.728	-0.733214
31.729	-0.579825
31.73	-0.472593
31.731	-0.42379
31.732	-0.422082
31.733	-0.440181
31.734	-0.450279
31.735	-0.438185
31.736	-0.406949
31.737	-0.362801
31.738	-0.290966
31.739	-0.145929
31.74	0.122368
31.741	0.520746
31.742	0.989776
31.743	1.425407
31.744	1.722606
31.745	1.815741
31.746	1.700748
31.747	1.429821
31.748	1.084659
31.749	0.744522
31.75	0.461334
31.751	0.251608
31.752	0.106715
31.753	0.009305
31.754	-0.055838
31.755	-0.099576
31.756	-0.129624
31.757	-0.145698
31.758	-0.127024
31.759	-0.030961
31.76	0.177158
31.761	0.486942
31.762	0.84019
31.763	1.156525
31.764	1.360669
31.765	1.406635
31.766	1.294461
31.767	1.069556
31.768	0.806889
31.769	0.58633
31.77	0.462271
31.771	0.440293
31.772	0.480015
31.773	0.524754
31.774	0.533812
31.775	0.495624
31.776	0.421915
31.777	0.332688
31.778	0.241501
31.779	0.144854
31.78	0.017742
31.781	-0.166445
31.782	-0.395294
31.783	-0.609833
31.784	-0.747658
31.785	-0.783422
31.786	-0.731725
31.787	-0.629025
31.788	-0.516745
31.789	-0.430295
31.79	-0.391519
31.791	-0.403748
31.792	-0.449151
31.793	-0.492114
31.794	-0.495882
31.795	-0.445283
31.796	-0.354979
31.797	-0.258276
31.798	-0.192051
31.799	-0.192007
31.8	-0.292265
31.801	-0.504871
31.802	-0.787868
31.803	-1.053306
31.804	-1.218833
31.805	-1.247977
31.806	-1.15253
31.807	-0.974296
31.808	-0.766621
31.809	-0.581737
31.81	-0.458506
31.811	-0.408155
31.812	-0.409779
31.813	-0.424499
31.814	-0.417947
31.815	-0.376552
31.816	-0.311071
31.817	-0.244972
31.818	-0.193473
31.819	-0.153714
31.82	-0.11735
31.821	-0.082034
31.822	-0.046502
31.823	-0.008709
31.824	0.027859
31.825	0.054475
31.826	0.06457
31.827	0.058535
31.828	0.042124
31.829	0.020596
31.83	-0.00582
31.831	-0.039238
31.832	-0.076999
31.833	-0.109585
31.834	-0.127583
31.835	-0.130948
31.836	-0.130007
31.837	-0.13192
31.838	-0.115709
31.839	-0.024571
31.84	0.196873
31.841	0.550872
31.842	0.971465
31.843	1.352393
31.844	1.594662
31.845	1.646584
31.846	1.517068
31.847	1.263565
31.848	0.967023
31.849	0.704265
31.85	0.52462
31.851	0.436361
31.852	0.411751
31.853	0.410627
31.854	0.402551
31.855	0.372513
31.856	0.316809
31.857	0.241247
31.858	0.163192
31.859	0.103339
31.86	0.064034
31.861	0.025958
31.862	-0.023967
31.863	-0.075434
31.864	-0.111321
31.865	-0.127045
31.866	-0.12945
31.867	-0.124901
31.868	-0.112558
31.869	-0.087358
31.87	-0.047469
31.871	0.000528
31.872	0.043943
31.873	0.072441
31.874	0.084133
31.875	0.083243
31.876	0.07346
31.877	0.055705
31.878	0.025685
31.879	-0.037716
31.88	-0.174656
31.881	-0.409825
31.882	-0.70767
31.883	-0.979633
31.884	-1.142577
31.885	-1.165143
31.886	-1.068803
31.887	-0.90213
31.888	-0.716377
31.889	-0.552744
31.89	-0.436577
31.891	-0.37403
31.892	-0.353584
31.893	-0.353791
31.894	-0.352231
31.895	-0.332945
31.896	-0.292511
31.897	-0.241132
31.898	-0.200015
31.899	-0.201982
31.9	-0.284714
31.901	-0.45943
31.902	-0.682944
31.903	-0.878105
31.904	-0.983785
31.905	-0.981364
31.906	-0.886511
31.907	-0.731147
31.908	-0.553367
31.909	-0.39268
31.91	-0.281449
31.911	-0.231855
31.912	-0.22931
31.913	-0.242371
31.914	-0.244192
31.915	-0.22861
31.916	-0.207136
31.917	-0.188114
31.918	-0.150693
31.919	-0.038337
31.92	0.204021
31.921	0.576476
31.922	1.010834
31.923	1.40107
31.924	1.647539
31.925	1.697231
31.926	1.561722
31.927	1.303458
31.928	1.003905
31.929	0.732409
31.93	0.527523
31.931	0.39433
31.932	0.315494
31.933	0.268332
31.934	0.235343
31.935	0.203582
31.936	0.163334
31.937	0.114992
31.938	0.078372
31.939	0.08768
31.94	0.163864
31.941	0.293279
31.942	0.439687
31.943	0.564628
31.944	0.635545
31.945	0.634132
31.946	0.565793
31.947	0.460333
31.948	0.362733
31.949	0.31619
31.95	0.341555
31.951	0.425179
31.952	0.526815
31.953	0.602955
31.954	0.628231
31.955	0.600806
31.956	0.532286
31.957	0.434596
31.958	0.312481
31.959	0.157091
31.96	-0.055832
31.961	-0.338984
31.962	-0.654573
31.963	-0.923074
31.964	-1.075544
31.965	-1.089475
31.966	-0.986915
31.967	-0.815429
31.968	-0.629651
31.969	-0.477022
31.97	-0.386644
31.971	-0.361574
31.972	-0.379735
31.973	-0.406008
31.974	-0.408608
31.975	-0.371615
31.976	-0.300029
31.977	-0.217831
31.978	-0.161688
31.979	-0.177413
31.98	-0.312581
31.981	-0.580192
31.982	-0.919539
31.983	-1.218268
31.984	-1.381641
31.985	-1.377921
31.986	-1.234579
31.987	-1.009517
31.988	-0.763334
31.989	-0.543298
31.99	-0.378444
31.991	-0.279462
31.992	-0.239214
31.993	-0.235986
31.994	-0.243638
31.995	-0.244783
31.996	-0.235762
31.997	-0.216751
31.998	-0.170847
31.999	-0.056884
32.0	0.160906
32.001	0.474065
32.002	0.824885
32.003	1.131561
32.004	1.321076
32.005	1.357512
32.006	1.253194
32.007	1.057059
32.008	0.828355
32.009	0.611983
32.01	0.43036
32.011	0.28981
32.012	0.189563
32.013	0.12714
32.014	0.097009
32.015	0.084782
32.016	0.068627
32.017	0.037479
32.018	0.015412
32.019	0.058478
32.02	0.211112
32.021	0.46485
32.022	0.759489
32.023	1.013878
32.024	1.160655
32.025	1.170924
32.026	1.060622
32.027	0.880585
32.028	0.697161
32.029	0.568781
32.03	0.524562
32.031	0.554948
32.032	0.622017
32.033	0.681924
32.034	0.703886
32.035	0.675995
32.036	0.599084
32.037	0.480861
32.038	0.333671
32.039	0.161293
32.04	-0.054036
32.041	-0.325653
32.042	-0.6198
32.043	-0.863764
32.044	-0.996542
32.045	-1.000771
32.046	-0.898674
32.047	-0.733405
32.048	-0.553209
32.049	-0.400881
32.05	-0.304102
32.051	-0.266859
32.052	-0.269211
32.053	-0.279466
32.054	-0.271599
32.055	-0.236382
32.056	-0.181746
32.057	-0.127612
32.058	-0.103482
32.059	-0.151482
32.06	-0.31852
32.061	-0.615469
32.062	-0.977277
32.063	-1.288092
32.064	-1.453274
32.065	-1.443881
32.066	-1.289964
32.067	-1.050496
32.068	-0.788313
32.069	-0.556307
32.07	-0.387725
32.071	-0.290437
32.072	-0.250184
32.073	-0.2406
32.074	-0.23536
32.075	-0.219335
32.076	-0.191852
32.077	-0.15885
32.078	-0.123356
32.079	-0.08652
32.08	-0.057015
32.081	-0.046787
32.082	-0.051824
32.083	-0.052681
32.084	-0.036913
32.085	-0.009227
32.086	0.018002
32.087	0.037232
32.088	0.049537
32.089	0.058655
32.09	0.063442
32.091	0.058748
32.092	0.044666
32.093	0.030354
32.094	0.024811
32.095	0.025539
32.096	0.019767
32.097	0.002519
32.098	0.000232
32.099	0.069989
32.1	0.256966
32.101	0.550804
32.102	0.886399
32.103	1.175358
32.104	1.342468
32.105	1.355447
32.106	1.233797
32.107	1.034207
32.108	0.825155
32.109	0.662389
32.11	0.571472
32.111	0.544731
32.112	0.554176
32.113	0.56954
32.114	0.570029
32.115	0.546109
32.116	0.494133
32.117	0.415674
32.118	0.338421
32.119	0.332584
32.12	0.47023
32.121	0.759514
32.122	1.130545
32.123	1.473973
32.124	1.690811
32.125	1.728628
32.126	1.592677
32.127	1.332366
32.128	1.015542
32.129	0.704101
32.13	0.437432
32.131	0.229457
32.132	0.078961
32.133	-0.019581
32.134	-0.072793
32.135	-0.08987
32.136	-0.081706
32.137	-0.051711
32.138	0.01611
32.139	0.148505
32.14	0.348083
32.141	0.578031
32.142	0.788505
32.143	0.939981
32.144	1.005029
32.145	0.971751
32.146	0.851369
32.147	0.678837
32.148	0.504504
32.149	0.377264
32.15	0.322652
32.151	0.330616
32.152	0.365738
32.153	0.392097
32.154	0.391545
32.155	0.365102
32.156	0.324771
32.157	0.282422
32.158	0.237772
32.159	0.168561
32.16	0.034718
32.161	-0.18442
32.162	-0.44941
32.163	-0.678383
32.164	-0.806325
32.165	-0.818043
32.166	-0.740179
32.167	-0.620048
32.168	-0.5094
32.169	-0.451327
32.17	-0.465513
32.171	-0.539695
32.172	-0.636378
32.173	-0.70993
32.174	-0.724298
32.175	-0.66536
32.176	-0.543662
32.177	-0.389525
32.178	-0.249088
32.179	-0.183534
32.18	-0.253426
32.181	-0.471933
32.182	-0.769784
32.183	-1.031171
32.184	-1.168089
32.185	-1.158319
32.186	-1.034687
32.187	-0.855201
32.188	-0.676929
32.189	-0.541967
32.19	-0.472029
32.191	-0.465745
32.192	-0.500714
32.193	-0.543717
32.194	-0.564289
32.195	-0.545108
32.196	-0.484663
32.197	-0.386966
32.198	-0.242518
32.199	-0.026193
32.2	0.27393
32.201	0.632454
32.202	0.993122
32.203	1.28613
32.204	1.449192
32.205	1.451911
32.206	1.306052
32.207	1.056647
32.208	0.763072
32.209	0.477881
32.21	0.231328
32.211	0.03216
32.212	-0.117226
32.213	-0.211256
32.214	-0.247946
32.215	-0.238794
32.216	-0.205511
32.217	-0.160348
32.218	-0.08153
32.219	0.082834
32.22	0.366938
32.221	0.745551
32.222	1.13989
32.223	1.451473
32.224	1.602236
32.225	1.566188
32.226	1.374286
32.227	1.095292
32.228	0.80764
32.229	0.573327
32.23	0.422042
32.231	0.348948
32.232	0.326177
32.233	0.32301
32.234	0.319739
32.235	0.307188
32.236	0.280733
32.237	0.238265
32.238	0.180186
32.239	0.100226
32.24	-0.022784
32.241	-0.201367
32.242	-0.406111
32.243	-0.577759
32.244	-0.670721
32.245	-0.675894
32.246	-0.613975
32.247	-0.519742
32.248	-0.431367
32.249	-0.38269
32.25	-0.390651
32.251	-0.445076
32.252	-0.513084
32.253	-0.555624
32.254	-0.545583
32.255	-0.479053
32.256	-0.374956
32.257	-0.264316
32.258	-0.181959
32.259	-0.170502
32.26	-0.27406
32.261	-0.498279
32.262	-0.779428
32.263	-1.017035
32.264	-1.137772
32.265	-1.126157
32.266	-1.013175
32.267	-0.850031
32.268	-0.687989
32.269	-0.567111
32.27	-0.507779
32.271	-0.504732
32.272	-0.530189
32.273	-0.548685
32.274	-0.534446
32.275	-0.48094
32.276	-0.399802
32.277	-0.308687
32.278	-0.217219
32.279	-0.129804
32.28	-0.059441
32.281	-0.020295
32.282	-0.006587
32.283	0.001577
32.284	0.014
32.285	0.023933
32.286	0.020147
32.287	-0.002124
32.288	-0.040032
32.289	-0.087894
32.29	-0.142152
32.291	-0.201207
32.292	-0.259657
32.293	-0.306137
32.294	-0.330424
32.295	-0.331299
32.296	-0.312429
32.297	-0.265422
32.298	-0.154754
32.299	0.070492
32.3	0.430358
32.301	0.878882
32.302	1.322041
32.303	1.660345
32.304	1.82072
32.305	1.777426
32.306	1.558611
32.307	1.233819
32.308	0.890073
32.309	0.603522
32.31	0.413836
32.311	0.314711
32.312	0.269018
32.313	0.238548
32.314	0.204743
32.315	0.168077
32.316	0.136448
32.317	0.11654
32.318	0.111796
32.319	0.120405
32.32	0.129656
32.321	0.12309
32.322	0.09876
32.323	0.067451
32.324	0.035976
32.325	0.004261
32.326	-0.02644
32.327	-0.049711
32.328	-0.058278
32.329	-0.050959
32.33	-0.034082
32.331	-0.015478
32.332	0.001995
32.333	0.020581
32.334	0.042999
32.335	0.068132
32.336	0.089483
32.337	0.09634
32.338	0.073634
32.339	-0.003257
32.34	-0.163442
32.341	-0.406464
32.342	-0.676249
32.343	-0.891287
32.344	-0.997359
32.345	-0.986915
32.346	-0.886761
32.347	-0.740766
32.348	-0.597958
32.349	-0.500505
32.35	-0.469156
32.351	-0.493898
32.352	-0.539246
32.353	-0.563707
32.354	-0.540566
32.355	-0.467523
32.356	-0.363234
32.357	-0.25765
32.358	-0.183615
32.359	-0.174407
32.36	-0.257017
32.361	-0.424956
32.362	-0.621412
32.363	-0.771936
32.364	-0.832318
32.365	-0.801937
32.366	-0.707628
32.367	-0.585394
32.368	-0.470943
32.369	-0.394318
32.37	-0.372405
32.371	-0.400798
32.372	-0.453766
32.373	-0.496635
32.374	-0.504088
32.375	-0.471888
32.376	-0.411125
32.377	-0.325059
32.378	-0.185044
32.379	0.06231
32.38	0.446606
32.381	0.93071
32.382	1.417083
32.383	1.789503
32.384	1.960456
32.385	1.904082
32.386	1.659031
32.387	1.304826
32.388	0.928631
32.389	0.596525
32.39	0.340486
32.391	0.162226
32.392	0.046167
32.393	-0.025509
32.394	-0.064955
32.395	-0.081139
32.396	-0.081819
32.397	-0.064567
32.398	-0.007248
32.399	0.116691
32.4	0.305504
32.401	0.522505
32.402	0.719372
32.403	0.853859
32.404	0.896777
32.405	0.839876
32.406	0.701048
32.407	0.52276
32.408	0.361707
32.409	0.267559
32.41	0.258361
32.411	0.311206
32.412	0.379447
32.413	0.422359
32.414	0.423317
32.415	0.38818
32.416	0.331914
32.417	0.267047
32.418	0.196575
32.419	0.10305
32.42	-0.04825
32.421	-0.268188
32.422	-0.510135
32.423	-0.699261
32.424	-0.787806
32.425	-0.776126
32.426	-0.698768
32.427	-0.602146
32.428	-0.527834
32.429	-0.501539
32.43	-0.527548
32.431	-0.590076
32.432	-0.65931
32.433	-0.701372
32.434	-0.691265
32.435	-0.622011
32.436	-0.505149
32.437	-0.367139
32.438	-0.249486
32.439	-0.20949
32.44	-0.299618
32.441	-0.519404
32.442	-0.792708
32.443	-1.013617
32.444	-1.113745
32.445	-1.086028
32.446	-0.965547
32.447	-0.802712
32.448	-0.648562
32.449	-0.545622
32.45	-0.513936
32.451	-0.540705
32.452	-0.58728
32.453	-0.610782
32.454	-0.586441
32.455	-0.518025
32.456	-0.427444
32.457	-0.326503
32.458	-0.195079
32.459	0.007347
32.46	0.301691
32.461	0.659523
32.462	1.011008
32.463	1.276344
32.464	1.396474
32.465	1.353409
32.466	1.173187
32.467	0.910314
32.468	0.624299
32.469	0.36009
32.47	0.139977
32.471	-0.030609
32.472	-0.151547
32.473	-0.223395
32.474	-0.250963
32.475	-0.246196
32.476	-0.221465
32.477	-0.171653
32.478	-0.061317
32.479	0.155999
32.48	0.490795
32.481	0.892854
32.482	1.273352
32.483	1.542879
32.484	1.641129
32.485	1.555345
32.486	1.322254
32.487	1.013514
32.488	0.712208
32.489	0.485494
32.49	0.360047
32.491	0.317088
32.492	0.314138
32.493	0.314064
32.494	0.299258
32.495	0.26924
32.496	0.232716
32.497	0.199493
32.498	0.170455
32.499	0.126734
32.5	0.034842
32.501	-0.117531
32.502	-0.294124
32.503	-0.43644
32.504	-0.509727
32.505	-0.516422
32.506	-0.481228
32.507	-0.434961
32.508	-0.406437
32.509	-0.416496
32.51	-0.470728
32.511	-0.555035
32.512	-0.639453
32.513	-0.689821
32.514	-0.681647
32.515	-0.609172
32.516	-0.485397
32.517	-0.338436
32.518	-0.211715
32.519	-0.162724
32.52	-0.240391
32.521	-0.440036
32.522	-0.686812
32.523	-0.88292
32.524	-0.970063
32.525	-0.948154
32.526	-0.854475
32.527	-0.736449
32.528	-0.63483
32.529	-0.5759
32.53	-0.567505
32.531	-0.598939
32.532	-0.646032
32.533	-0.679374
32.534	-0.674211
32.535	-0.619519
32.536	-0.519865
32.537	-0.387665
32.538	-0.234936
32.539	-0.074538
32.54	0.077689
32.541	0.210338
32.542	0.318573
32.543	0.393294
32.544	0.419963
32.545	0.394669
32.546	0.334172
32.547	0.264896
32.548	0.20291
32.549	0.147253
32.55	0.092839
32.551	0.044613
32.552	0.015541
32.553	0.014124
32.554	0.034646
32.555	0.055754
32.556	0.049394
32.557	-0.006707
32.558	-0.127379
32.559	-0.326583
32.56	-0.60828
32.561	-0.938942
32.562	-1.242258
32.563	-1.437944
32.564	-1.48434
32.565	-1.385775
32.566	-1.175442
32.567	-0.898647
32.568	-0.603954
32.569	-0.33646
32.57	-0.127558
32.571	0.013798
32.572	0.098604
32.573	0.143927
32.574	0.158838
32.575	0.141296
32.576	0.088715
32.577	0.018673
32.578	-0.015258
32.579	0.058249
32.58	0.275795
32.581	0.60441
32.582	0.955896
32.583	1.228275
32.584	1.349732
32.585	1.306869
32.586	1.142333
32.587	0.928491
32.588	0.736136
32.589	0.610659
32.59	0.560783
32.591	0.563724
32.592	0.583882
32.593	0.590776
32.594	0.565273
32.595	0.498442
32.596	0.392554
32.597	0.266284
32.598	0.156583
32.599	0.10131
32.6	0.110133
32.601	0.161435
32.602	0.224571
32.603	0.272946
32.604	0.2875
32.605	0.264235
32.606	0.220162
32.607	0.191126
32.608	0.22051
32.609	0.337722
32.61	0.535079
32.611	0.763303
32.612	0.954705
32.613	1.057594
32.614	1.055138
32.615	0.959576
32.616	0.795207
32.617	0.584344
32.618	0.337818
32.619	0.048257
32.62	-0.297377
32.621	-0.679496
32.622	-1.028582
32.623	-1.262638
32.624	-1.337024
32.625	-1.258109
32.626	-1.066174
32.627	-0.815598
32.628	-0.565401
32.629	-0.369284
32.63	-0.254355
32.631	-0.207115
32.632	-0.186634
32.633	-0.153674
32.634	-0.093354
32.635	-0.020519
32.636	0.030534
32.637	0.023592
32.638	-0.069956
32.639	-0.274002
32.64	-0.59511
32.641	-0.98922
32.642	-1.359413
32.643	-1.605213
32.644	-1.672608
32.645	-1.564727
32.646	-1.324572
32.647	-1.013641
32.648	-0.696383
32.649	-0.427695
32.65	-0.238644
32.651	-0.127103
32.652	-0.064975
32.653	-0.020902
32.654	0.018387
32.655	0.04354
32.656	0.03667
32.657	-0.001386
32.658	-0.031578
32.659	0.004856
32.66	0.14033
32.661	0.355202
32.662	0.589924
32.663	0.77547
32.664	0.86389
32.665	0.84613
32.666	0.749755
32.667	0.620499
32.668	0.499681
32.669	0.410565
32.67	0.357001
32.671	0.330352
32.672	0.319191
32.673	0.313262
32.674	0.299726
32.675	0.261874
32.676	0.19121
32.677	0.108699
32.678	0.070898
32.679	0.140202
32.68	0.336658
32.681	0.616757
32.682	0.89674
32.683	1.094177
32.684	1.159723
32.685	1.091099
32.686	0.929735
32.687	0.743494
32.688	0.601834
32.689	0.549937
32.69	0.591343
32.691	0.689906
32.692	0.790888
32.693	0.847597
32.694	0.836756
32.695	0.75633
32.696	0.617831
32.697	0.441384
32.698	0.242278
32.699	0.014043
32.7	-0.259105
32.701	-0.562366
32.702	-0.837272
32.703	-1.017833
32.704	-1.071571
32.705	-1.00728
32.706	-0.858301
32.707	-0.664472
32.708	-0.46323
32.709	-0.285666
32.71	-0.15085
32.711	-0.061741
32.712	-0.008569
32.713	0.022447
32.714	0.041528
32.715	0.052048
32.716	0.050128
32.717	0.023416
32.718	-0.054147
32.719	-0.221979
32.72	-0.504673
32.721	-0.867434
32.722	-1.213386
32.723	-1.440411
32.724	-1.497974
32.725	-1.396681
32.726	-1.184001
32.727	-0.918094
32.728	-0.652489
32.729	-0.426813
32.73	-0.261194
32.731	-0.156874
32.732	-0.101305
32.733	-0.075423
32.734	-0.062971
32.735	-0.056898
32.736	-0.057496
32.737	-0.066955
32.738	-0.087594
32.739	-0.125029
32.74	-0.185987
32.741	-0.262846
32.742	-0.328529
32.743	-0.358161
32.744	-0.347919
32.745	-0.307868
32.746	-0.245724
32.747	-0.165475
32.748	-0.077897
32.749	-0.002099
32.75	0.04667
32.751	0.06812
32.752	0.074985
32.753	0.08073
32.754	0.08714
32.755	0.082072
32.756	0.054158
32.757	0.018409
32.758	0.028642
32.759	0.150394
32.76	0.407774
32.761	0.755469
32.762	1.098635
32.763	1.338456
32.764	1.415229
32.765	1.329699
32.766	1.134608
32.767	0.906453
32.768	0.714476
32.769	0.597635
32.77	0.557348
32.771	0.567616
32.772	0.593502
32.773	0.606358
32.774	0.588975
32.775	0.533078
32.776	0.437867
32.777	0.314433
32.778	0.18459
32.779	0.062772
32.78	-0.053899
32.781	-0.167107
32.782	-0.263138
32.783	-0.325374
32.784	-0.347904
32.785	-0.333045
32.786	-0.283612
32.787	-0.198689
32.788	-0.074969
32.789	0.084613
32.79	0.26183
32.791	0.425621
32.792	0.546686
32.793	0.610051
32.794	0.615282
32.795	0.569129
32.796	0.477841
32.797	0.343244
32.798	0.159877
32.799	-0.088786
32.8	-0.413422
32.801	-0.780578
32.802	-1.10798
32.803	-1.312645
32.804	-1.356752
32.805	-1.253638
32.806	-1.049497
32.807	-0.80344
32.808	-0.571407
32.809	-0.392542
32.81	-0.280781
32.811	-0.225382
32.812	-0.199869
32.813	-0.17647
32.814	-0.140523
32.815	-0.096456
32.816	-0.062289
32.817	-0.06031
32.818	-0.11449
32.819	-0.250578
32.82	-0.477482
32.821	-0.756573
32.822	-1.006558
32.823	-1.151316
32.824	-1.159895
32.825	-1.049268
32.826	-0.862949
32.827	-0.64762
32.828	-0.441653
32.829	-0.273325
32.83	-0.15835
32.831	-0.096191
32.832	-0.072369
32.833	-0.067939
32.834	-0.070544
32.835	-0.079708
32.836	-0.096758
32.837	-0.09999
32.838	-0.034587
32.839	0.155369
32.84	0.477672
32.841	0.873788
32.842	1.244352
32.843	1.495331
32.844	1.574727
32.845	1.484632
32.846	1.272081
32.847	1.00878
32.848	0.76679
32.849	0.594046
32.85	0.499007
32.851	0.458338
32.852	0.442884
32.853	0.433592
32.854	0.415528
32.855	0.370953
32.856	0.289922
32.857	0.191952
32.858	0.128819
32.859	0.149293
32.86	0.259625
32.861	0.421531
32.862	0.577676
32.863	0.677357
32.864	0.694394
32.865	0.635113
32.866	0.534385
32.867	0.441976
32.868	0.403694
32.869	0.442853
32.87	0.549366
32.871	0.684701
32.872	0.801897
32.873	0.865562
32.874	0.858712
32.875	0.779468
32.876	0.637461
32.877	0.449104
32.878	0.224276
32.879	-0.045112
32.88	-0.367044
32.881	-0.711079
32.882	-1.005442
32.883	-1.181089
32.884	-1.210378
32.885	-1.109355
32.886	-0.919828
32.887	-0.694581
32.888	-0.488071
32.889	-0.341705
32.89	-0.267309
32.891	-0.245129
32.892	-0.240191
32.893	-0.22326
32.894	-0.183846
32.895	-0.13207
32.896	-0.090475
32.897	-0.086416
32.898	-0.154666
32.899	-0.33441
32.9	-0.636784
32.901	-1.007033
32.902	-1.33838
32.903	-1.53393
32.904	-1.553837
32.905	-1.41627
32.906	-1.172145
32.907	-0.88217
32.908	-0.603948
32.909	-0.381137
32.91	-0.232733
32.911	-0.151049
32.912	-0.112361
32.913	-0.092815
32.914	-0.080476
32.915	-0.077247
32.916	-0.086714
32.917	-0.093533
32.918	-0.057131
32.919	0.062475
32.92	0.270739
32.921	0.53185
32.922	0.784982
32.923	0.966391
32.924	1.03384
32.925	0.984021
32.926	0.85017
32.927	0.683547
32.928	0.531862
32.929	0.422687
32.93	0.357843
32.931	0.321619
32.932	0.295099
32.933	0.264387
32.934	0.220549
32.935	0.159778
32.936	0.08933
32.937	0.03795
32.938	0.056115
32.939	0.185806
32.94	0.421925
32.941	0.710206
32.942	0.974809
32.943	1.145973
32.944	1.183857
32.945	1.093116
32.946	0.919101
32.947	0.730966
32.948	0.598414
32.949	0.564333
32.95	0.623698
32.951	0.727188
32.952	0.812259
32.953	0.836734
32.954	0.78999
32.955	0.683698
32.956	0.537081
32.957	0.364071
32.958	0.163824
32.959	-0.078747
32.96	-0.369483
32.961	-0.674945
32.962	-0.929819
32.963	-1.077193
32.964	-1.094985
32.965	-0.994344
32.966	-0.807938
32.967	-0.582218
32.968	-0.373854
32.969	-0.239265
32.97	-0.209469
32.971	-0.267707
32.972	-0.357949
32.973	-0.421019
32.974	-0.426983
32.975	-0.380766
32.976	-0.30319
32.977	-0.208424
32.978	-0.099895
32.979	0.01344
32.98	0.110443
32.981	0.175933
32.982	0.210659
32.983	0.219322
32.984	0.202909
32.985	0.164503
32.986	0.115445
32.987	0.073141
32.988	0.052585
32.989	0.058747
32.99	0.085057
32.991	0.118636
32.992	0.148014
32.993	0.167991
32.994	0.178515
32.995	0.179525
32.996	0.167628
32.997	0.135215
32.998	0.065442
32.999	-0.070316
33.0	-0.287245
33.001	-0.550608
33.002	-0.784984
33.003	-0.924591
33.004	-0.947192
33.005	-0.871442
33.006	-0.738563
33.007	-0.596915
33.008	-0.490449
33.009	-0.446213
33.01	-0.463234
33.011	-0.512991
33.012	-0.55493
33.013	-0.556468
33.014	-0.505961
33.015	-0.414679
33.016	-0.309635
33.017	-0.222314
33.018	-0.183838
33.019	-0.225085
33.02	-0.35639
33.021	-0.539458
33.022	-0.702163
33.023	-0.78707
33.024	-0.779123
33.025	-0.698206
33.026	-0.579679
33.027	-0.460007
33.028	-0.369301
33.029	-0.326808
33.03	-0.33556
33.031	-0.379174
33.032	-0.427845
33.033	-0.453655
33.034	-0.44517
33.035	-0.408831
33.036	-0.352678
33.037	-0.259554
33.038	-0.078381
33.039	0.238561
33.04	0.682693
33.041	1.176915
33.042	1.607449
33.043	1.87111
33.044	1.915775
33.045	1.754682
33.046	1.451587
33.047	1.091193
33.048	0.749444
33.049	0.474103
33.05	0.278794
33.051	0.150238
33.052	0.066125
33.053	0.009894
33.054	-0.028271
33.055	-0.05564
33.056	-0.071821
33.057	-0.057175
33.058	0.020651
33.059	0.174901
33.06	0.380568
33.061	0.590559
33.062	0.758675
33.063	0.849948
33.064	0.846632
33.065	0.754043
33.066	0.603609
33.067	0.448708
33.068	0.3477
33.069	0.335918
33.07	0.404026
33.071	0.503956
33.072	0.579763
33.073	0.597769
33.074	0.55563
33.075	0.470646
33.076	0.36424
33.077	0.252442
33.078	0.131556
33.079	-0.030201
33.08	-0.258923
33.081	-0.526493
33.082	-0.758761
33.083	-0.891436
33.084	-0.906127
33.085	-0.824306
33.086	-0.686819
33.087	-0.54185
33.088	-0.436513
33.089	-0.401298
33.09	-0.43357
33.091	-0.497018
33.092	-0.54242
33.093	-0.535372
33.094	-0.471541
33.095	-0.373102
33.096	-0.274505
33.097	-0.210514
33.098	-0.216544
33.099	-0.328491
33.1	-0.553676
33.101	-0.837286
33.102	-1.083125
33.103	-1.214054
33.104	-1.207487
33.105	-1.087834
33.106	-0.901763
33.107	-0.700259
33.108	-0.529702
33.109	-0.421345
33.11	-0.379938
33.111	-0.383348
33.112	-0.396391
33.113	-0.390638
33.114	-0.358987
33.115	-0.314035
33.116	-0.267071
33.117	-0.203061
33.118	-0.079298
33.119	0.140542
33.12	0.448375
33.121	0.789433
33.122	1.087656
33.123	1.273911
33.124	1.310605
33.125	1.20442
33.126	0.999161
33.127	0.754219
33.128	0.520778
33.129	0.327002
33.13	0.178336
33.131	0.068926
33.132	-0.007969
33.133	-0.057833
33.134	-0.088246
33.135	-0.10869
33.136	-0.118281
33.137	-0.088946
33.138	0.028623
33.139	0.264374
33.14	0.593989
33.141	0.947609
33.142	1.2415
33.143	1.406333
33.144	1.409472
33.145	1.265628
33.146	1.030491
33.147	0.781402
33.148	0.590614
33.149	0.496685
33.15	0.489834
33.151	0.525248
33.152	0.55387
33.153	0.546444
33.154	0.498241
33.155	0.420175
33.156	0.327269
33.157	0.229553
33.158	0.120974
33.159	-0.026347
33.16	-0.233201
33.161	-0.471167
33.162	-0.672845
33.163	-0.783775
33.164	-0.791722
33.165	-0.718236
33.166	-0.59814
33.167	-0.464713
33.168	-0.342826
33.169	-0.24802
33.17	-0.187837
33.171	-0.161437
33.172	-0.158242
33.173	-0.160973
33.174	-0.153934
33.175	-0.130488
33.176	-0.09775
33.177	-0.079869
33.178	-0.119639
33.179	-0.266974
33.18	-0.535611
33.181	-0.863465
33.182	-1.142336
33.183	-1.290328
33.184	-1.286215
33.185	-1.155252
33.186	-0.946167
33.187	-0.717781
33.188	-0.527015
33.189	-0.410742
33.19	-0.370843
33.191	-0.37667
33.192	-0.384655
33.193	-0.362466
33.194	-0.304501
33.195	-0.230347
33.196	-0.167083
33.197	-0.128813
33.198	-0.1129
33.199	-0.11408
33.2	-0.128666
33.201	-0.144382
33.202	-0.145752
33.203	-0.129663
33.204	-0.104152
33.205	-0.077176
33.206	-0.051826
33.207	-0.029521
33.208	-0.01578
33.209	-0.019775
33.21	-0.044984
33.211	-0.082207
33.212	-0.114704
33.213	-0.130145
33.214	-0.129195
33.215	-0.123833
33.216	-0.119456
33.217	-0.087981
33.218	0.031744
33.219	0.286038
33.22	0.659132
33.221	1.07293
33.222	1.420964
33.223	1.613917
33.224	1.616048
33.225	1.452205
33.226	1.18932
33.227	0.908193
33.228	0.676128
33.229	0.526961
33.23	0.455573
33.231	0.431298
33.232	0.420652
33.233	0.401506
33.234	0.363672
33.235	0.304739
33.236	0.229654
33.237	0.154095
33.238	0.094976
33.239	0.048255
33.24	-0.005333
33.241	-0.068409
33.242	-0.12289
33.243	-0.153904
33.244	-0.161589
33.245	-0.153764
33.246	-0.134252
33.247	-0.098302
33.248	-0.038644
33.249	0.044122
33.25	0.136001
33.251	0.214881
33.252	0.26393
33.253	0.279894
33.254	0.268876
33.255	0.237421
33.256	0.187812
33.257	0.114944
33.258	-0.002144
33.259	-0.198151
33.26	-0.483324
33.261	-0.803958
33.262	-1.064963
33.263	-1.193836
33.264	-1.175972
33.265	-1.044279
33.266	-0.851042
33.267	-0.648945
33.268	-0.484821
33.269	-0.389359
33.27	-0.361238
33.271	-0.366878
33.272	-0.363086
33.273	-0.323504
33.274	-0.25073
33.275	-0.171166
33.276	-0.117254
33.277	-0.112371
33.278	-0.173114
33.279	-0.313062
33.28	-0.522786
33.281	-0.750399
33.282	-0.924337
33.283	-0.997046
33.284	-0.962427
33.285	-0.843657
33.286	-0.675473
33.287	-0.495879
33.288	-0.342765
33.289	-0.244484
33.29	-0.20618
33.291	-0.206692
33.292	-0.214095
33.293	-0.2075
33.294	-0.187937
33.295	-0.170877
33.296	-0.160554
33.297	-0.12185
33.298	0.013398
33.299	0.291756
33.3	0.689279
33.301	1.118884
33.302	1.472471
33.303	1.663657
33.304	1.659062
33.305	1.486136
33.306	1.214356
33.307	0.923563
33.308	0.675723
33.309	0.499225
33.31	0.390276
33.311	0.328142
33.312	0.290929
33.313	0.261215
33.314	0.224857
33.315	0.173963
33.316	0.115517
33.317	0.076631
33.318	0.091956
33.319	0.172155
33.32	0.291332
33.321	0.411361
33.322	0.502081
33.323	0.541399
33.324	0.519241
33.325	0.446772
33.326	0.357434
33.327	0.296658
33.328	0.302798
33.329	0.38651
33.33	0.521653
33.331	0.657456
33.332	0.74602
33.333	0.763915
33.334	0.713318
33.335	0.610599
33.336	0.474654
33.337	0.315478
33.338	0.122955
33.339	-0.128309
33.34	-0.441773
33.341	-0.765194
33.342	-1.014727
33.343	-1.131096
33.344	-1.10587
33.345	-0.971075
33.346	-0.778202
33.347	-0.581741
33.348	-0.426996
33.349	-0.338504
33.35	-0.313055
33.351	-0.324726
33.352	-0.340379
33.353	-0.334542
33.354	-0.296898
33.355	-0.234562
33.356	-0.171147
33.357	-0.143387
33.358	-0.198017
33.359	-0.377229
33.36	-0.676811
33.361	-1.017918
33.362	-1.286797
33.363	-1.404787
33.364	-1.358644
33.365	-1.185801
33.366	-0.945831
33.367	-0.697185
33.368	-0.483883
33.369	-0.331269
33.37	-0.24521
33.371	-0.213027
33.372	-0.210576
33.373	-0.214689
33.374	-0.213051
33.375	-0.203832
33.376	-0.182718
33.377	-0.123979
33.378	0.017259
33.379	0.266926
33.38	0.600751
33.381	0.952697
33.382	1.241478
33.383	1.400012
33.384	1.401852
33.385	1.268194
33.386	1.053367
33.387	0.819003
33.388	0.609128
33.389	0.441499
33.39	0.317136
33.391	0.233054
33.392	0.188127
33.393	0.181126
33.394	0.202438
33.395	0.227603
33.396	0.227678
33.397	0.194123
33.398	0.143284
33.399	0.091896
33.4	0.047594
33.401	0.020758
33.402	0.020344
33.403	0.040308
33.404	0.063288
33.405	0.073884
33.406	0.064215
33.407	0.030224
33.408	-0.032289
33.409	-0.124402
33.41	-0.235816
33.411	-0.342714
33.412	-0.417451
33.413	-0.443035
33.414	-0.420895
33.415	-0.364094
33.416	-0.277008
33.417	-0.13482
33.418	0.10943
33.419	0.479742
33.42	0.93822
33.421	1.393827
33.422	1.740992
33.423	1.899914
33.424	1.84599
33.425	1.614255
33.426	1.279292
33.427	0.925246
33.428	0.617664
33.429	0.388286
33.43	0.23701
33.431	0.144737
33.432	0.089542
33.433	0.057174
33.434	0.040663
33.435	0.035963
33.436	0.04302
33.437	0.067648
33.438	0.110013
33.439	0.150907
33.44	0.166286
33.441	0.153796
33.442	0.128929
33.443	0.10281
33.444	0.075304
33.445	0.042944
33.446	0.008346
33.447	-0.017142
33.448	-0.020901
33.449	1.1e-05
33.45	0.03533
33.451	0.068956
33.452	0.090057
33.453	0.098533
33.454	0.101684
33.455	0.105264
33.456	0.106487
33.457	0.091193
33.458	0.028914
33.459	-0.119085
33.46	-0.358294
33.461	-0.630272
33.462	-0.846146
33.463	-0.946328
33.464	-0.925149
33.465	-0.818407
33.466	-0.679389
33.467	-0.558569
33.468	-0.489667
33.469	-0.482008
33.47	-0.520892
33.471	-0.575251
33.472	-0.609916
33.473	-0.599318
33.474	-0.536344
33.475	-0.432242
33.476	-0.311355
33.477	-0.206982
33.478	-0.160421
33.479	-0.209428
33.48	-0.354209
33.481	-0.538045
33.482	-0.681499
33.483	-0.735406
33.484	-0.70034
33.485	-0.610465
33.486	-0.507303
33.487	-0.423392
33.488	-0.378217
33.489	-0.377858
33.49	-0.414624
33.491	-0.467779
33.492	-0.507846
33.493	-0.50939
33.494	-0.468018
33.495	-0.400604
33.496	-0.316274
33.497	-0.184476
33.498	0.056011
33.499	0.441979
33.5	0.935216
33.501	1.428221
33.502	1.79798
33.503	1.960786
33.504	1.899035
33.505	1.656403
33.506	1.310851
33.507	0.942565
33.508	0.61099
33.509	0.346164
33.51	0.153942
33.511	0.028337
33.512	-0.040544
33.513	-0.066125
33.514	-0.066204
33.515	-0.057596
33.516	-0.041427
33.517	0.006417
33.518	0.117062
33.519	0.293537
33.52	0.500655
33.521	0.68806
33.522	0.812956
33.523	0.849052
33.524	0.791984
33.525	0.662344
33.526	0.501653
33.527	0.360436
33.528	0.279948
33.529	0.27312
33.53	0.319293
33.531	0.380424
33.532	0.423862
33.533	0.433878
33.534	0.409996
33.535	0.36013
33.536	0.293726
33.537	0.212859
33.538	0.101451
33.539	-0.06902
33.54	-0.302255
33.541	-0.549476
33.542	-0.738377
33.543	-0.824069
33.544	-0.806642
33.545	-0.717162
33.546	-0.599919
33.547	-0.501291
33.548	-0.458141
33.549	-0.483241
33.55	-0.557733
33.551	-0.639681
33.552	-0.684633
33.553	-0.665592
33.554	-0.58189
33.555	-0.454546
33.556	-0.317681
33.557	-0.21587
33.558	-0.202126
33.559	-0.317612
33.56	-0.550895
33.561	-0.822773
33.562	-1.031919
33.563	-1.116652
33.564	-1.074631
33.565	-0.943237
33.566	-0.773364
33.567	-0.613418
33.568	-0.500342
33.569	-0.451018
33.57	-0.457354
33.571	-0.491674
33.572	-0.520424
33.573	-0.51925
33.574	-0.48197
33.575	-0.415384
33.576	-0.319869
33.577	-0.172956
33.578	0.059394
33.579	0.386832
33.58	0.773059
33.581	1.1474
33.582	1.42953
33.583	1.556414
33.584	1.507096
33.585	1.308923
33.586	1.021801
33.587	0.712924
33.588	0.433099
33.589	0.205161
33.59	0.030096
33.591	-0.098654
33.592	-0.186597
33.593	-0.237523
33.594	-0.255393
33.595	-0.243071
33.596	-0.19264
33.597	-0.075131
33.598	0.144191
33.599	0.466226
33.6	0.841599
33.601	1.192327
33.602	1.439827
33.603	1.52908
33.604	1.44802
33.605	1.230513
33.606	0.944076
33.607	0.669018
33.608	0.470983
33.609	0.374465
33.61	0.355739
33.611	0.365386
33.612	0.362278
33.613	0.331627
33.614	0.281172
33.615	0.227351
33.616	0.181758
33.617	0.141011
33.618	0.07954
33.619	-0.040027
33.62	-0.226641
33.621	-0.435258
33.622	-0.59875
33.623	-0.676699
33.624	-0.668686
33.625	-0.598961
33.626	-0.500426
33.627	-0.407277
33.628	-0.348653
33.629	-0.337062
33.63	-0.360847
33.631	-0.391048
33.632	-0.397149
33.633	-0.362056
33.634	-0.290033
33.635	-0.20335
33.636	-0.131873
33.637	-0.10761
33.638	-0.166277
33.639	-0.333492
33.64	-0.589873
33.641	-0.861001
33.642	-1.05904
33.643	-1.133132
33.644	-1.084273
33.645	-0.94974
33.646	-0.781103
33.647	-0.628709
33.648	-0.530647
33.649	-0.50072
33.65	-0.522403
33.651	-0.558128
33.652	-0.569396
33.653	-0.535456
33.654	-0.460669
33.655	-0.366448
33.656	-0.270983
33.657	-0.174817
33.658	-0.069819
33.659	0.043456
33.66	0.154683
33.661	0.252093
33.662	0.323906
33.663	0.357601
33.664	0.34505
33.665	0.28865
33.666	0.200549
33.667	0.095264
33.668	-0.016616
33.669	-0.128778
33.67	-0.234199
33.671	-0.320256
33.672	-0.372553
33.673	-0.385402
33.674	-0.366682
33.675	-0.328394
33.676	-0.263424
33.677	-0.129298
33.678	0.12886
33.679	0.52329
33.68	0.993909
33.681	1.434243
33.682	1.740053
33.683	1.846214
33.684	1.744333
33.685	1.479875
33.686	1.132129
33.687	0.787157
33.688	0.511585
33.689	0.332652
33.69	0.236282
33.691	0.187839
33.692	0.157361
33.693	0.129333
33.694	0.099206
33.695	0.070529
33.696	0.053639
33.697	0.055617
33.698	0.064488
33.699	0.050341
33.7	-0.005329
33.701	-0.085754
33.702	-0.155957
33.703	-0.196441
33.704	-0.211894
33.705	-0.21549
33.706	-0.212122
33.707	-0.1945
33.708	-0.152935
33.709	-0.088833
33.71	-0.018608
33.711	0.035892
33.712	0.062364
33.713	0.06477
33.714	0.056356
33.715	0.048785
33.716	0.043281
33.717	0.020358
33.718	-0.060062
33.719	-0.229486
33.72	-0.470988
33.721	-0.717054
33.722	-0.893645
33.723	-0.962495
33.724	-0.927819
33.725	-0.821043
33.726	-0.68635
33.727	-0.571319
33.728	-0.51428
33.729	-0.526685
33.73	-0.584476
33.731	-0.640953
33.732	-0.653708
33.733	-0.60546
33.734	-0.506831
33.735	-0.385152
33.736	-0.269984
33.737	-0.185523
33.738	-0.152905
33.739	-0.186229
33.74	-0.273022
33.741	-0.370489
33.742	-0.435299
33.743	-0.450765
33.744	-0.425078
33.745	-0.37648
33.746	-0.325364
33.747	-0.293597
33.748	-0.300597
33.749	-0.353206
33.75	-0.43694
33.751	-0.518935
33.752	-0.565211
33.753	-0.56016
33.754	-0.511444
33.755	-0.434284
33.756	-0.324423
33.757	-0.142136
33.758	0.165253
33.759	0.610017
33.76	1.133348
33.761	1.623891
33.762	1.963148
33.763	2.073478
33.764	1.94715
33.765	1.640904
33.766	1.245364
33.767	0.849098
33.768	0.511716
33.769	0.255828
33.77	0.077367
33.771	-0.038121
33.772	-0.104505
33.773	-0.133039
33.774	-0.134737
33.775	-0.117573
33.776	-0.076226
33.777	0.011227
33.778	0.162972
33.779	0.367338
33.78	0.584476
33.781	0.767387
33.782	0.876134
33.783	0.886067
33.784	0.796317
33.785	0.632996
33.786	0.443062
33.787	0.279286
33.788	0.179044
33.789	0.14845
33.79	0.164365
33.791	0.192894
33.792	0.210049
33.793	0.209649
33.794	0.196877
33.795	0.178113
33.796	0.155686
33.797	0.12205
33.798	0.051161
33.799	-0.086856
33.8	-0.285173
33.801	-0.488766
33.802	-0.634151
33.803	-0.691131
33.804	-0.669628
33.805	-0.603839
33.806	-0.534995
33.807	-0.499498
33.808	-0.519359
33.809	-0.593389
33.81	-0.695315
33.811	-0.783716
33.812	-0.819836
33.813	-0.783277
33.814	-0.677675
33.815	-0.526959
33.816	-0.367427
33.817	-0.243577
33.818	-0.206287
33.819	-0.290613
33.82	-0.476923
33.821	-0.689508
33.822	-0.847465
33.823	-0.909153
33.824	-0.87351
33.825	-0.760406
33.826	-0.595446
33.827	-0.403246
33.828	-0.206539
33.829	-0.027271
33.83	0.115453
33.831	0.210845
33.832	0.258814
33.833	0.265923
33.834	0.239376
33.835	0.181662
33.836	0.086309
33.837	-0.06542
33.838	-0.303194
33.839	-0.643218
33.84	-1.046513
33.841	-1.416206
33.842	-1.65296
33.843	-1.707881
33.844	-1.58838
33.845	-1.337281
33.846	-1.01486
33.847	-0.685876
33.848	-0.404243
33.849	-0.198229
33.85	-0.065364
33.851	0.01812
33.852	0.077507
33.853	0.121285
33.854	0.137389
33.855	0.107626
33.856	0.029579
33.857	-0.07293
33.858	-0.16453
33.859	-0.222078
33.86	-0.239857
33.861	-0.223571
33.862	-0.187731
33.863	-0.14852
33.864	-0.113103
33.865	-0.07689
33.866	-0.030394
33.867	0.029934
33.868	0.096161
33.869	0.155073
33.87	0.198634
33.871	0.226756
33.872	0.241562
33.873	0.239238
33.874	0.207299
33.875	0.137102
33.876	0.050389
33.877	0.010929
33.878	0.091298
33.879	0.31696
33.88	0.64056
33.881	0.964805
33.882	1.192037
33.883	1.267253
33.884	1.1936
33.885	1.021643
33.886	0.825076
33.887	0.673265
33.888	0.606949
33.889	0.625366
33.89	0.69334
33.891	0.764061
33.892	0.799715
33.893	0.779057
33.894	0.695579
33.895	0.555447
33.896	0.380724
33.897	0.203359
33.898	0.041084
33.899	-0.110823
33.9	-0.254749
33.901	-0.373868
33.902	-0.44652
33.903	-0.464609
33.904	-0.434234
33.905	-0.364989
33.906	-0.261872
33.907	-0.126857
33.908	0.033187
33.909	0.200441
33.91	0.348941
33.911	0.455966
33.912	0.510851
33.913	0.513743
33.914	0.469371
33.915	0.382837
33.916	0.257
33.917	0.084303
33.918	-0.159146
33.919	-0.489281
33.92	-0.869767
33.921	-1.209837
33.922	-1.418961
33.923	-1.457792
33.924	-1.343888
33.925	-1.126979
33.926	-0.863832
33.927	-0.604829
33.928	-0.386365
33.929	-0.225808
33.93	-0.122111
33.931	-0.061939
33.932	-0.028002
33.933	-0.007407
33.934	0.002801
33.935	-0.00253
33.936	-0.033696
33.937	-0.110767
33.938	-0.261702
33.939	-0.494764
33.94	-0.768115
33.941	-1.003386
33.942	-1.135229
33.943	-1.142041
33.944	-1.038687
33.945	-0.856264
33.946	-0.631611
33.947	-0.40605
33.948	-0.219202
33.949	-0.093442
33.95	-0.024112
33.951	0.011392
33.952	0.033914
33.953	0.048106
33.954	0.04248
33.955	0.008469
33.956	-0.030312
33.957	-0.009973
33.958	0.13637
33.959	0.423828
33.96	0.796461
33.961	1.153869
33.962	1.396765
33.963	1.46787
33.964	1.371622
33.965	1.164195
33.966	0.923612
33.967	0.718196
33.968	0.584925
33.969	0.524227
33.97	0.511882
33.971	0.51736
33.972	0.515049
33.973	0.486654
33.974	0.422704
33.975	0.326881
33.976	0.221323
33.977	0.143087
33.978	0.120215
33.979	0.149416
33.98	0.205587
33.981	0.262532
33.982	0.298343
33.983	0.298333
33.984	0.264041
33.985	0.217145
33.986	0.192827
33.987	0.225582
33.988	0.331319
33.989	0.493317
33.99	0.665558
33.991	0.796573
33.992	0.854512
33.993	0.833722
33.994	0.746025
33.995	0.608925
33.996	0.434535
33.997	0.220021
33.998	-0.053123
33.999	-0.394308
34.0	-0.765852
34.001	-1.085261
34.002	-1.275348
34.003	-1.305981
34.004	-1.196381
34.005	-0.994777
34.006	-0.758245
34.007	-0.53897
34.008	-0.373097
34.009	-0.272523
34.01	-0.225512
34.011	-0.207049
34.012	-0.191545
34.013	-0.16265
34.014	-0.119619
34.015	-0.078633
34.016	-0.069458
34.017	-0.132217
34.018	-0.308984
34.019	-0.611146
34.02	-0.981899
34.021	-1.311372
34.022	-1.501157
34.023	-1.512429
34.024	-1.366084
34.025	-1.116332
34.026	-0.825578
34.027	-0.551698
34.028	-0.340413
34.029	-0.211797
34.03	-0.151529
34.031	-0.123414
34.032	-0.095783
34.033	-0.061023
34.034	-0.035221
34.035	-0.036251
34.036	-0.048767
34.037	-0.009365
34.038	0.154858
34.039	0.465045
34.04	0.865313
34.041	1.246534
34.042	1.500015
34.043	1.568613
34.044	1.463498
34.045	1.245216
34.046	0.989099
34.047	0.75453
34.048	0.571514
34.049	0.444849
34.05	0.365852
34.051	0.32228
34.052	0.300457
34.053	0.282232
34.054	0.246676
34.055	0.183131
34.056	0.112665
34.057	0.091636
34.058	0.173153
34.059	0.360618
34.06	0.603428
34.061	0.827135
34.062	0.966756
34.063	0.990402
34.064	0.907852
34.065	0.763596
34.066	0.618705
34.067	0.527624
34.068	0.51801
34.069	0.580889
34.07	0.67796
34.071	0.763782
34.072	0.805698
34.073	0.788729
34.074	0.71047
34.075	0.577906
34.076	0.404999
34.077	0.198749
34.078	-0.05332
34.079	-0.360436
34.08	-0.688687
34.081	-0.964496
34.082	-1.121565
34.083	-1.136645
34.084	-1.029936
34.085	-0.845944
34.086	-0.636469
34.087	-0.451134
34.088	-0.325953
34.089	-0.269258
34.09	-0.259572
34.091	-0.261841
34.092	-0.248055
34.093	-0.208666
34.094	-0.154214
34.095	-0.108427
34.096	-0.099727
34.097	-0.164101
34.098	-0.344037
34.099	-0.651725
34.1	-1.026924
34.101	-1.356308
34.102	-1.542098
34.103	-1.548936
34.104	-1.401179
34.105	-1.154472
34.106	-0.869827
34.107	-0.59981
34.108	-0.381662
34.109	-0.231475
34.11	-0.142968
34.111	-0.096175
34.112	-0.071587
34.113	-0.059956
34.114	-0.06158
34.115	-0.075502
34.116	-0.085669
34.117	-0.059546
34.118	0.030152
34.119	0.181988
34.12	0.367508
34.121	0.546001
34.122	0.675457
34.123	0.72563
34.124	0.691521
34.125	0.595581
34.126	0.476008
34.127	0.368885
34.128	0.294301
34.129	0.251795
34.13	0.226536
34.131	0.202264
34.132	0.169828
34.133	0.125565
34.134	0.069314
34.135	0.012211
34.136	-0.012359
34.137	0.04613
34.138	0.222205
34.139	0.500139
34.14	0.817544
34.141	1.095363
34.142	1.264925
34.143	1.289505
34.144	1.178809
34.145	0.986701
34.146	0.788427
34.147	0.647184
34.148	0.590305
34.149	0.607091
34.15	0.663145
34.151	0.719055
34.152	0.744533
34.153	0.723286
34.154	0.650246
34.155	0.528217
34.156	0.365859
34.157	0.16965
34.158	-0.066032
34.159	-0.343384
34.16	-0.629842
34.161	-0.863797
34.162	-0.994432
34.163	-1.005819
34.164	-0.912391
34.165	-0.745306
34.166	-0.543748
34.167	-0.349123
34.168	-0.194901
34.169	-0.094613
34.17	-0.038934
34.171	-0.005849
34.172	0.024123
34.173	0.057364
34.174	0.085189
34.175	0.088222
34.176	0.043002
34.177	-0.076739
34.178	-0.299023
34.179	-0.625432
34.18	-0.995811
34.181	-1.307482
34.182	-1.476351
34.183	-1.473918
34.184	-1.322537
34.185	-1.074638
34.186	-0.793954
34.187	-0.53946
34.188	-0.350714
34.189	-0.238053
34.19	-0.183792
34.191	-0.155849
34.192	-0.126867
34.193	-0.088056
34.194	-0.049988
34.195	-0.031852
34.196	-0.045703
34.197	-0.089534
34.198	-0.157493
34.199	-0.243312
34.2	-0.327633
34.201	-0.381968
34.202	-0.390349
34.203	-0.356247
34.204	-0.292564
34.205	-0.212282
34.206	-0.126785
34.207	-0.048101
34.208	0.01208
34.209	0.047219
34.21	0.059591
34.211	0.059138
34.212	0.055909
34.213	0.050432
34.214	0.033309
34.215	0.002059
34.216	-0.014298
34.217	0.044668
34.218	0.228271
34.219	0.52951
34.22	0.882376
34.221	1.193075
34.222	1.380202
34.223	1.4067
34.224	1.288497
34.225	1.081331
34.226	0.857591
34.227	0.680757
34.228	0.584214
34.229	0.563202
34.23	0.584699
34.231	0.608586
34.232	0.605771
34.233	0.563798
34.234	0.481888
34.235	0.367922
34.236	0.241598
34.237	0.123749
34.238	0.012587
34.239	-0.108983
34.24	-0.23771
34.241	-0.344371
34.242	-0.401393
34.243	-0.401032
34.244	-0.351444
34.245	-0.263618
34.246	-0.144434
34.247	-0.004236
34.248	0.132126
34.249	0.231072
34.25	0.270151
34.251	0.250275
34.252	0.191764
34.253	0.121246
34.254	0.060044
34.255	0.025661
34.256	0.046155
34.257	0.160093
34.258	0.384219
34.259	0.687769
34.26	1.005259
34.261	1.262737
34.262	1.399945
34.263	1.389244
34.264	1.243085
34.265	1.008867
34.266	0.756211
34.267	0.555495
34.268	0.448753
34.269	0.430138
34.27	0.456095
34.271	0.478856
34.272	0.474389
34.273	0.445798
34.274	0.404767
34.275	0.350874
34.276	0.272829
34.277	0.158311
34.278	-0.009025
34.279	-0.234918
34.28	-0.483921
34.281	-0.690074
34.282	-0.801651
34.283	-0.805829
34.284	-0.723238
34.285	-0.593059
34.286	-0.461591
34.287	-0.372091
34.288	-0.349298
34.289	-0.386193
34.29	-0.44735
34.291	-0.488095
34.292	-0.477249
34.293	-0.410946
34.294	-0.310972
34.295	-0.212495
34.296	-0.152605
34.297	-0.169909
34.298	-0.302081
34.299	-0.553494
34.3	-0.861782
34.301	-1.123308
34.302	-1.257451
34.303	-1.242605
34.304	-1.108146
34.305	-0.908069
34.306	-0.699579
34.307	-0.53104
34.308	-0.430871
34.309	-0.398536
34.31	-0.407192
34.311	-0.419312
34.312	-0.40677
34.313	-0.364155
34.314	-0.306378
34.315	-0.248108
34.316	-0.180588
34.317	-0.073953
34.318	0.092533
34.319	0.30774
34.32	0.534714
34.321	0.7275
34.322	0.845106
34.323	0.864778
34.324	0.790456
34.325	0.649692
34.326	0.480142
34.327	0.313995
34.328	0.168835
34.329	0.049451
34.33	-0.043156
34.331	-0.107021
34.332	-0.142319
34.333	-0.155995
34.334	-0.159626
34.335	-0.152987
34.336	-0.103287
34.337	0.045798
34.338	0.324954
34.339	0.701433
34.34	1.09363
34.341	1.409593
34.342	1.57768
34.343	1.567952
34.344	1.400502
34.345	1.136122
34.346	0.854973
34.347	0.630007
34.348	0.500131
34.349	0.457385
34.35	0.461232
34.351	0.468007
34.352	0.450981
34.353	0.403081
34.354	0.331826
34.355	0.252835
34.356	0.180065
34.357	0.111438
34.358	0.021716
34.359	-0.112358
34.36	-0.273641
34.361	-0.411293
34.362	-0.485301
34.363	-0.490442
34.364	-0.446049
34.365	-0.376864
34.366	-0.302869
34.367	-0.238036
34.368	-0.190997
34.369	-0.165479
34.37	-0.160211
34.371	-0.167213
34.372	-0.172828
34.373	-0.165023
34.374	-0.140146
34.375	-0.105154
34.376	-0.081958
34.377	-0.113493
34.378	-0.251201
34.379	-0.508188
34.38	-0.821102
34.381	-1.08198
34.382	-1.210297
34.383	-1.189717
34.384	-1.055702
34.385	-0.864868
34.386	-0.670968
34.387	-0.513568
34.388	-0.414004
34.389	-0.374051
34.39	-0.375927
34.391	-0.386718
34.392	-0.373426
34.393	-0.323245
34.394	-0.250239
34.395	-0.180856
34.396	-0.133166
34.397	-0.111839
34.398	-0.119063
34.399	-0.152806
34.4	-0.194369
34.401	-0.218875
34.402	-0.216534
34.403	-0.193366
34.404	-0.15877
34.405	-0.119612
34.406	-0.083382
34.407	-0.061473
34.408	-0.065617
34.409	-0.097995
34.41	-0.145079
34.411	-0.1848
34.412	-0.201725
34.413	-0.196636
34.414	-0.181634
34.415	-0.160505
34.416	-0.104778
34.417	0.043237
34.418	0.322938
34.419	0.71161
34.42	1.129183
34.421	1.47222
34.422	1.654681
34.423	1.643193
34.424	1.465882
34.425	1.19305
34.426	0.906318
34.427	0.6697
34.428	0.512032
34.429	0.426807
34.43	0.387054
34.431	0.364649
34.432	0.341158
34.433	0.30701
34.434	0.258544
34.435	0.201828
34.436	0.160093
34.437	0.164448
34.438	0.223681
34.439	0.314039
34.44	0.403578
34.441	0.469654
34.442	0.49718
34.443	0.479454
34.444	0.422085
34.445	0.339907
34.446	0.247241
34.447	0.150373
34.448	0.050808
34.449	-0.046223
34.45	-0.128878
34.451	-0.182009
34.452	-0.19423
34.453	-0.166112
34.454	-0.113078
34.455	-0.059761
34.456	-0.034096
34.457	-0.071516
34.458	-0.210825
34.459	-0.45628
34.46	-0.745669
34.461	-0.981437
34.462	-1.093417
34.463	-1.068392
34.464	-0.938955
34.465	-0.757441
34.466	-0.574463
34.467	-0.42765
34.468	-0.335998
34.469	-0.297463
34.47	-0.292733
34.471	-0.29572
34.472	-0.285241
34.473	-0.252626
34.474	-0.20429
34.475	-0.15732
34.476	-0.131745
34.477	-0.151846
34.478	-0.245325
34.479	-0.414421
34.48	-0.609893
34.481	-0.758118
34.482	-0.812605
34.483	-0.773434
34.484	-0.671531
34.485	-0.544638
34.486	-0.422457
34.487	-0.323403
34.488	-0.257795
34.489	-0.229373
34.49	-0.232272
34.491	-0.25139
34.492	-0.270964
34.493	-0.283382
34.494	-0.286915
34.495	-0.269785
34.496	-0.193453
34.497	-0.002601
34.498	0.329078
34.499	0.761659
34.5	1.202173
34.501	1.546589
34.502	1.717449
34.503	1.689785
34.504	1.496969
34.505	1.210905
34.506	0.908876
34.507	0.647007
34.508	0.450972
34.509	0.320838
34.51	0.242705
34.511	0.199772
34.512	0.176046
34.513	0.154055
34.514	0.118485
34.515	0.07126
34.516	0.041238
34.517	0.066855
34.518	0.161071
34.519	0.298525
34.52	0.437066
34.521	0.539589
34.522	0.580508
34.523	0.551411
34.524	0.46759
34.525	0.366973
34.526	0.298419
34.527	0.300893
34.528	0.382433
34.529	0.514406
34.53	0.647301
34.531	0.735685
34.532	0.755547
34.533	0.70647
34.534	0.60271
34.535	0.462472
34.536	0.296949
34.537	0.098594
34.538	-0.153978
34.539	-0.459312
34.54	-0.76427
34.541	-0.991573
34.542	-1.091859
34.543	-1.063448
34.544	-0.938546
34.545	-0.7635
34.546	-0.587044
34.547	-0.450996
34.548	-0.378011
34.549	-0.363439
34.55	-0.379884
34.551	-0.393127
34.552	-0.379064
34.553	-0.332323
34.554	-0.265092
34.555	-0.202356
34.556	-0.179334
34.557	-0.239829
34.558	-0.420547
34.559	-0.710581
34.56	-1.029622
34.561	-1.271049
34.562	-1.367296
34.563	-1.312886
34.564	-1.145401
34.565	-0.918517
34.566	-0.685018
34.567	-0.487104
34.568	-0.349664
34.569	-0.276659
34.57	-0.252892
34.571	-0.252824
34.572	-0.253877
34.573	-0.246357
34.574	-0.231014
34.575	-0.204198
34.576	-0.141953
34.577	-0.004684
34.578	0.22935
34.579	0.536876
34.58	0.857759
34.581	1.119176
34.582	1.259762
34.583	1.253373
34.584	1.118881
34.585	0.908745
34.586	0.685692
34.587	0.498343
34.588	0.366714
34.589	0.283752
34.59	0.228492
34.591	0.181575
34.592	0.133436
34.593	0.082447
34.594	0.03247
34.595	8.7e-05
34.596	0.023478
34.597	0.14744
34.598	0.384251
34.599	0.694296
34.6	1.005266
34.601	1.239826
34.602	1.339832
34.603	1.289873
34.604	1.123771
34.605	0.907124
34.606	0.70863
34.607	0.574432
34.608	0.516475
34.609	0.518134
34.61	0.549463
34.611	0.580991
34.612	0.590864
34.613	0.566104
34.614	0.501131
34.615	0.399538
34.616	0.276941
34.617	0.149543
34.618	0.017934
34.619	-0.121196
34.62	-0.252252
34.621	-0.347998
34.622	-0.391457
34.623	-0.381808
34.624	-0.330134
34.625	-0.258283
34.626	-0.198783
34.627	-0.185298
34.628	-0.232507
34.629	-0.322216
34.63	-0.411225
34.631	-0.455894
34.632	-0.435409
34.633	-0.359449
34.634	-0.259624
34.635	-0.175971
34.636	-0.14958
34.637	-0.22226
34.638	-0.423558
34.639	-0.733666
34.64	-1.067247
34.641	-1.317088
34.642	-1.414878
34.643	-1.353445
34.644	-1.170676
34.645	-0.922927
34.646	-0.666791
34.647	-0.448945
34.648	-0.296027
34.649	-0.208334
34.65	-0.165577
34.651	-0.141249
34.652	-0.116999
34.653	-0.090778
34.654	-0.073314
34.655	-0.07377
34.656	-0.088958
34.657	-0.109728
34.658	-0.133021
34.659	-0.158457
34.66	-0.177868
34.661	-0.179952
34.662	-0.162912
34.663	-0.13504
34.664	-0.104753
34.665	-0.073103
34.666	-0.035846
34.667	0.008156
34.668	0.052258
34.669	0.086406
34.67	0.106152
34.671	0.117557
34.672	0.133316
34.673	0.161412
34.674	0.194521
34.675	0.211738
34.676	0.187017
34.677	0.090483
34.678	-0.101405
34.679	-0.372344
34.68	-0.651361
34.681	-0.852732
34.682	-0.929768
34.683	-0.89045
34.684	-0.777587
34.685	-0.640973
34.686	-0.520196
34.687	-0.440778
34.688	-0.413331
34.689	-0.431605
34.69	-0.474635
34.691	-0.51471
34.692	-0.528891
34.693	-0.507946
34.694	-0.453078
34.695	-0.356429
34.696	-0.182828
34.697	0.11533
34.698	0.551415
34.699	1.072263
34.7	1.57128
34.701	1.933096
34.702	2.079835
34.703	1.995963
34.704	1.725665
34.705	1.350609
34.706	0.957599
34.707	0.609104
34.708	0.332493
34.709	0.130487
34.71	-0.003245
34.711	-0.078228
34.712	-0.108809
34.713	-0.114338
34.714	-0.112386
34.715	-0.103041
34.716	-0.058875
34.717	0.054755
34.718	0.241515
34.719	0.463734
34.72	0.666447
34.721	0.80148
34.722	0.839158
34.723	0.775883
34.724	0.636905
34.725	0.469646
34.726	0.328526
34.727	0.255528
34.728	0.261867
34.729	0.323445
34.73	0.398116
34.731	0.449817
34.732	0.460225
34.733	0.427193
34.734	0.359836
34.735	0.272588
34.736	0.172382
34.737	0.045214
34.738	-0.133676
34.739	-0.362564
34.74	-0.59335
34.741	-0.761187
34.742	-0.829122
34.743	-0.802316
34.744	-0.713483
34.745	-0.605151
34.746	-0.519777
34.747	-0.489774
34.748	-0.523083
34.749	-0.597038
34.75	-0.670415
34.751	-0.704113
34.752	-0.677041
34.753	-0.59221
34.754	-0.471793
34.755	-0.347502
34.756	-0.259294
34.757	-0.256995
34.758	-0.378275
34.759	-0.60646
34.76	-0.861245
34.761	-1.047442
34.762	-1.111841
34.763	-1.057811
34.764	-0.924685
34.765	-0.762003
34.766	-0.614373
34.767	-0.514659
34.768	-0.477157
34.769	-0.491912
34.77	-0.529342
34.771	-0.556214
34.772	-0.551724
34.773	-0.512723
34.774	-0.445299
34.775	-0.346724
34.776	-0.191981
34.777	0.05305
34.778	0.394424
34.779	0.789788
34.78	1.163795
34.781	1.436219
34.782	1.548805
34.783	1.486085
34.784	1.278671
34.785	0.98764
34.786	0.680563
34.787	0.409436
34.788	0.197613
34.789	0.043006
34.79	-0.066271
34.791	-0.140047
34.792	-0.184897
34.793	-0.205751
34.794	-0.201905
34.795	-0.157788
34.796	-0.039109
34.797	0.187447
34.798	0.516856
34.799	0.893852
34.8	1.238292
34.801	1.474115
34.802	1.550024
34.803	1.456291
34.804	1.229166
34.805	0.93963
34.806	0.670938
34.807	0.487767
34.808	0.409174
34.809	0.406116
34.81	0.427691
34.811	0.435397
34.812	0.418782
34.813	0.384468
34.814	0.337468
34.815	0.276027
34.816	0.19465
34.817	0.08055
34.818	-0.08152
34.819	-0.283353
34.82	-0.481669
34.821	-0.62494
34.822	-0.685663
34.823	-0.666755
34.824	-0.590612
34.825	-0.490073
34.826	-0.404006
34.827	-0.367125
34.828	-0.391219
34.829	-0.454951
34.83	-0.516396
34.831	-0.537196
34.832	-0.500144
34.833	-0.413504
34.834	-0.304309
34.835	-0.207375
34.836	-0.160579
34.837	-0.205634
34.838	-0.369291
34.839	-0.625818
34.84	-0.893577
34.841	-1.083651
34.842	-1.148259
34.843	-1.090269
34.844	-0.946668
34.845	-0.769093
34.846	-0.609517
34.847	-0.507979
34.848	-0.478841
34.849	-0.503699
34.85	-0.541912
34.851	-0.553784
34.852	-0.519786
34.853	-0.445053
34.854	-0.350327
34.855	-0.255073
34.856	-0.164543
34.857	-0.075626
34.858	0.009593
34.859	0.08612
34.86	0.152309
34.861	0.20367
34.862	0.229933
34.863	0.223386
34.864	0.185884
34.865	0.126915
34.866	0.056122
34.867	-0.020842
34.868	-0.10004
34.869	-0.175034
34.87	-0.23484
34.871	-0.267832
34.872	-0.270796
34.873	-0.252599
34.874	-0.222761
34.875	-0.169278
34.876	-0.047596
34.877	0.194804
34.878	0.569172
34.879	1.01876
34.88	1.43898
34.881	1.724097
34.882	1.80988
34.883	1.69331
34.884	1.425908
34.885	1.089764
34.886	0.768426
34.887	0.521896
34.888	0.371717
34.889	0.301557
34.89	0.274915
34.891	0.258853
34.892	0.236374
34.893	0.203486
34.894	0.163555
34.895	0.127192
34.896	0.105276
34.897	0.090964
34.898	0.059776
34.899	-0.001602
34.9	-0.077317
34.901	-0.139489
34.902	-0.173824
34.903	-0.185307
34.904	-0.187027
34.905	-0.188555
34.906	-0.19269
34.907	-0.199027
34.908	-0.207938
34.909	-0.219809
34.91	-0.231179
34.911	-0.234392
34.912	-0.221696
34.913	-0.189764
34.914	-0.142551
34.915	-0.092936
34.916	-0.068249
34.917	-0.113336
34.918	-0.265228
34.919	-0.507161
34.92	-0.761161
34.921	-0.939325
34.922	-0.997861
34.923	-0.947547
34.924	-0.831051
34.925	-0.696976
34.926	-0.584716
34.927	-0.517322
34.928	-0.499033
34.929	-0.517022
34.93	-0.546493
34.931	-0.559981
34.932	-0.538451
34.933	-0.477443
34.934	-0.384999
34.935	-0.276687
34.936	-0.175228
34.937	-0.111894
34.938	-0.114174
34.939	-0.178089
34.94	-0.261396
34.941	-0.31742
34.942	-0.329331
34.943	-0.308793
34.944	-0.273655
34.945	-0.236939
34.946	-0.212901
34.947	-0.218802
34.948	-0.262595
34.949	-0.331052
34.95	-0.393969
34.951	-0.422724
34.952	-0.408178
34.953	-0.363272
34.954	-0.304253
34.955	-0.221598
34.956	-0.067974
34.957	0.21285
34.958	0.631229
34.959	1.12378
34.96	1.57768
34.961	1.880703
34.962	1.965407
34.963	1.831249
34.964	1.536835
34.965	1.170426
34.966	0.81629
34.967	0.528734
34.968	0.324064
34.969	0.192303
34.97	0.114413
34.971	0.072684
34.972	0.052932
34.973	0.043578
34.974	0.038776
34.975	0.045807
34.976	0.082336
34.977	0.154698
34.978	0.24443
34.979	0.325526
34.98	0.382727
34.981	0.407139
34.982	0.390372
34.983	0.331267
34.984	0.243094
34.985	0.152194
34.986	0.088306
34.987	0.069743
34.988	0.092926
34.989	0.136485
34.99	0.176732
34.991	0.200079
34.992	0.204914
34.993	0.196936
34.994	0.181985
34.995	0.158906
34.996	0.113111
34.997	0.014064
34.998	-0.164087
34.999	-0.403153
35.0	-0.636277
35.001	-0.793904
35.002	-0.845649
35.003	-0.803509
35.004	-0.704192
35.005	-0.593048
35.006	-0.512317
35.007	-0.488608
35.008	-0.522765
35.009	-0.590168
35.01	-0.652169
35.011	-0.672747
35.012	-0.633076
35.013	-0.53693
35.014	-0.40624
35.015	-0.274721
35.016	-0.185909
35.017	-0.188222
35.018	-0.30842
35.019	-0.515857
35.02	-0.728841
35.021	-0.86816
35.022	-0.900538
35.023	-0.840714
35.024	-0.729173
35.025	-0.609538
35.026	-0.516932
35.027	-0.47386
35.028	-0.485234
35.029	-0.535343
35.03	-0.594061
35.031	-0.629905
35.032	-0.623427
35.033	-0.573344
35.034	-0.48627
35.035	-0.352061
35.036	-0.130643
35.037	0.22175
35.038	0.703967
35.039	1.24616
35.04	1.731171
35.041	2.045105
35.042	2.123776
35.043	1.969993
35.044	1.642128
35.045	1.22766
35.046	0.813978
35.047	0.464069
35.048	0.203622
35.049	0.025553
35.05	-0.09147
35.051	-0.16564
35.052	-0.206845
35.053	-0.219637
35.054	-0.202314
35.055	-0.136631
35.056	0.012858
35.057	0.269713
35.058	0.614095
35.059	0.984716
35.06	1.30173
35.061	1.491125
35.062	1.510905
35.063	1.36832
35.064	1.115089
35.065	0.825517
35.066	0.570184
35.067	0.394609
35.068	0.307674
35.069	0.286277
35.07	0.295962
35.071	0.309677
35.072	0.312208
35.073	0.296587
35.074	0.261634
35.075	0.211404
35.076	0.146758
35.077	0.051972
35.078	-0.093606
35.079	-0.279792
35.08	-0.458078
35.081	-0.57765
35.082	-0.618669
35.083	-0.593981
35.084	-0.533992
35.085	-0.4756
35.086	-0.455785
35.087	-0.49883
35.088	-0.600543
35.089	-0.72537
35.09	-0.822235
35.091	-0.849198
35.092	-0.791967
35.093	-0.666475
35.094	-0.506452
35.095	-0.350947
35.096	-0.245255
35.097	-0.240043
35.098	-0.361911
35.099	-0.576541
35.1	-0.800137
35.101	-0.954189
35.102	-1.002219
35.103	-0.945913
35.104	-0.806803
35.105	-0.615656
35.106	-0.408433
35.107	-0.219082
35.108	-0.069404
35.109	0.036258
35.11	0.1076
35.111	0.157169
35.112	0.188316
35.113	0.19173
35.114	0.152718
35.115	0.059198
35.116	-0.102824
35.117	-0.354787
35.118	-0.701172
35.119	-1.091573
35.12	-1.428703
35.121	-1.623658
35.122	-1.639764
35.123	-1.495126
35.124	-1.239568
35.125	-0.9307
35.126	-0.620999
35.127	-0.351166
35.128	-0.143471
35.129	0.000512
35.13	0.092551
35.131	0.146065
35.132	0.167847
35.133	0.155528
35.134	0.104002
35.135	0.01775
35.136	-0.08944
35.137	-0.208938
35.138	-0.336981
35.139	-0.457462
35.14	-0.541698
35.141	-0.569186
35.142	-0.540417
35.143	-0.470249
35.144	-0.374661
35.145	-0.263723
35.146	-0.143857
35.147	-0.024647
35.148	0.079478
35.149	0.156203
35.15	0.202322
35.151	0.222186
35.152	0.218638
35.153	0.185364
35.154	0.116135
35.155	0.034528
35.156	0.008689
35.157	0.113063
35.158	0.366511
35.159	0.710829
35.16	1.041728
35.161	1.260403
35.162	1.316283
35.163	1.222071
35.164	1.038228
35.165	0.840729
35.166	0.690456
35.167	0.616135
35.168	0.612562
35.169	0.651407
35.17	0.697786
35.171	0.721717
35.172	0.700342
35.173	0.619377
35.174	0.48155
35.175	0.313572
35.176	0.155881
35.177	0.035658
35.178	-0.047428
35.179	-0.1047
35.18	-0.14155
35.181	-0.160977
35.182	-0.167668
35.183	-0.161766
35.184	-0.133236
35.185	-0.066042
35.186	0.050517
35.187	0.2119
35.188	0.395686
35.189	0.568183
35.19	0.696848
35.191	0.761116
35.192	0.754987
35.193	0.682292
35.194	0.551808
35.195	0.37213
35.196	0.141712
35.197	-0.154378
35.198	-0.518088
35.199	-0.902604
35.2	-1.222428
35.201	-1.404261
35.202	-1.422047
35.203	-1.294798
35.204	-1.067716
35.205	-0.797426
35.206	-0.541169
35.207	-0.342093
35.208	-0.215335
35.209	-0.147134
35.21	-0.108905
35.211	-0.07558
35.212	-0.03764
35.213	-0.002904
35.214	0.009544
35.215	-0.022307
35.216	-0.120695
35.217	-0.306939
35.218	-0.57933
35.219	-0.885481
35.22	-1.13911
35.221	-1.271488
35.222	-1.261668
35.223	-1.129579
35.224	-0.916252
35.225	-0.669193
35.226	-0.432931
35.227	-0.241801
35.228	-0.113505
35.229	-0.045227
35.23	-0.017992
35.231	-0.010371
35.232	-0.012251
35.233	-0.026027
35.234	-0.051974
35.235	-0.065028
35.236	-0.006953
35.237	0.178935
35.238	0.496325
35.239	0.882784
35.24	1.237918
35.241	1.466211
35.242	1.517229
35.243	1.402393
35.244	1.180844
35.245	0.929795
35.246	0.715276
35.247	0.572516
35.248	0.500856
35.249	0.474093
35.25	0.460361
35.251	0.437266
35.252	0.393325
35.253	0.323977
35.254	0.234876
35.255	0.15067
35.256	0.109836
35.257	0.136092
35.258	0.218181
35.259	0.323387
35.26	0.41776
35.261	0.473365
35.262	0.474481
35.263	0.424945
35.264	0.350835
35.265	0.296281
35.266	0.30792
35.267	0.408536
35.268	0.577348
35.269	0.757689
35.27	0.888274
35.271	0.932761
35.272	0.888243
35.273	0.773148
35.274	0.610482
35.275	0.417895
35.276	0.196787
35.277	-0.073735
35.278	-0.406636
35.279	-0.762399
35.28	-1.057593
35.281	-1.220571
35.282	-1.229395
35.283	-1.108089
35.284	-0.904298
35.285	-0.673603
35.286	-0.471797
35.287	-0.340368
35.288	-0.286926
35.289	-0.281872
35.29	-0.279338
35.291	-0.246654
35.292	-0.181158
35.293	-0.106921
35.294	-0.059786
35.295	-0.072413
35.296	-0.172137
35.297	-0.383413
35.298	-0.702373
35.299	-1.064472
35.3	-1.3658
35.301	-1.523422
35.302	-1.511072
35.303	-1.353243
35.304	-1.101408
35.305	-0.814978
35.306	-0.550849
35.307	-0.351545
35.308	-0.23139
35.309	-0.173656
35.31	-0.144693
35.311	-0.116722
35.312	-0.084476
35.313	-0.063169
35.314	-0.066
35.315	-0.075923
35.316	-0.041479
35.317	0.087023
35.318	0.313876
35.319	0.59162
35.32	0.84732
35.321	1.014341
35.322	1.05767
35.323	0.984541
35.324	0.835947
35.325	0.665072
35.326	0.514789
35.327	0.405309
35.328	0.335607
35.329	0.294123
35.33	0.268586
35.331	0.248196
35.332	0.220444
35.333	0.172165
35.334	0.104547
35.335	0.051421
35.336	0.071012
35.337	0.203751
35.338	0.436302
35.339	0.708013
35.34	0.942806
35.341	1.078278
35.342	1.085856
35.343	0.979335
35.344	0.808692
35.345	0.642148
35.346	0.54159
35.347	0.536573
35.348	0.610922
35.349	0.715216
35.35	0.795705
35.351	0.817759
35.352	0.771878
35.353	0.666249
35.354	0.517605
35.355	0.343322
35.356	0.147156
35.357	-0.089343
35.358	-0.378175
35.359	-0.683207
35.36	-0.930849
35.361	-1.062255
35.362	-1.063384
35.363	-0.957276
35.364	-0.784224
35.365	-0.58796
35.366	-0.407259
35.367	-0.268717
35.368	-0.181843
35.369	-0.139126
35.37	-0.121644
35.371	-0.109302
35.372	-0.090945
35.373	-0.067491
35.374	-0.050881
35.375	-0.065417
35.376	-0.150014
35.377	-0.347653
35.378	-0.66507
35.379	-1.035524
35.38	-1.345639
35.381	-1.505968
35.382	-1.491579
35.383	-1.332829
35.384	-1.086606
35.385	-0.81367
35.386	-0.564724
35.387	-0.371285
35.388	-0.243626
35.389	-0.174729
35.39	-0.145723
35.391	-0.13407
35.392	-0.124604
35.393	-0.114432
35.394	-0.10633
35.395	-0.098387
35.396	-0.083473
35.397	-0.060959
35.398	-0.038213
35.399	-0.016079
35.4	0.010783
35.401	0.03972
35.402	0.061761
35.403	0.074351
35.404	0.084107
35.405	0.097886
35.406	0.113507
35.407	0.120797
35.408	0.113112
35.409	0.09614
35.41	0.082964
35.411	0.081145
35.412	0.084199
35.413	0.075065
35.414	0.045274
35.415	0.021772
35.416	0.068178
35.417	0.238645
35.418	0.528605
35.419	0.871769
35.42	1.171546
35.421	1.343753
35.422	1.35349
35.423	1.224224
35.424	1.018883
35.425	0.811001
35.426	0.658479
35.427	0.585448
35.428	0.579615
35.429	0.607465
35.43	0.63511
35.431	0.639545
35.432	0.608043
35.433	0.534351
35.434	0.419799
35.435	0.279888
35.436	0.138248
35.437	0.003263
35.438	-0.131484
35.439	-0.259027
35.44	-0.355673
35.441	-0.403893
35.442	-0.402456
35.443	-0.35951
35.444	-0.283782
35.445	-0.181206
35.446	-0.057896
35.447	0.074796
35.448	0.199518
35.449	0.298954
35.45	0.36429
35.451	0.39634
35.452	0.397923
35.453	0.367137
35.454	0.297062
35.455	0.178507
35.456	-0.003958
35.457	-0.272987
35.458	-0.626945
35.459	-1.0034
35.46	-1.301579
35.461	-1.445057
35.462	-1.416468
35.463	-1.249318
35.464	-1.002248
35.465	-0.737089
35.466	-0.505647
35.467	-0.339305
35.468	-0.242502
35.469	-0.196087
35.47	-0.169925
35.471	-0.139383
35.472	-0.097943
35.473	-0.058428
35.474	-0.041392
35.475	-0.062986
35.476	-0.137631
35.477	-0.281715
35.478	-0.491276
35.479	-0.717709
35.48	-0.888501
35.481	-0.954005
35.482	-0.908978
35.483	-0.781329
35.484	-0.609873
35.485	-0.42897
35.486	-0.264997
35.487	-0.137264
35.488	-0.055119
35.489	-0.013999
35.49	0.000621
35.491	0.002426
35.492	-0.00437
35.493	-0.023814
35.494	-0.050643
35.495	-0.047126
35.496	0.049567
35.497	0.278165
35.498	0.613546
35.499	0.978442
35.5	1.281942
35.501	1.452821
35.502	1.461526
35.503	1.326497
35.504	1.103431
35.505	0.864794
35.506	0.675952
35.507	0.571222
35.508	0.542151
35.509	0.550639
35.51	0.555959
35.511	0.532619
35.512	0.472373
35.513	0.380377
35.514	0.272366
35.515	0.170178
35.516	0.090529
35.517	0.032064
35.518	-0.018675
35.519	-0.065882
35.52	-0.101536
35.521	-0.11985
35.522	-0.120416
35.523	-0.098909
35.524	-0.042863
35.525	0.058689
35.526	0.198652
35.527	0.346327
35.528	0.4625
35.529	0.522506
35.53	0.525818
35.531	0.4861
35.532	0.415937
35.533	0.323564
35.534	0.226344
35.535	0.168476
35.536	0.212204
35.537	0.392095
35.538	0.679925
35.539	0.998045
35.54	1.256711
35.541	1.387279
35.542	1.364091
35.543	1.208493
35.544	0.975886
35.545	0.734419
35.546	0.542589
35.547	0.430873
35.548	0.394103
35.549	0.401643
35.55	0.419521
35.551	0.426046
35.552	0.411712
35.553	0.373148
35.554	0.311946
35.555	0.231759
35.556	0.125061
35.557	-0.031462
35.558	-0.247447
35.559	-0.485257
35.56	-0.676387
35.561	-0.770485
35.562	-0.760539
35.563	-0.673835
35.564	-0.55213
35.565	-0.438025
35.566	-0.366478
35.567	-0.354363
35.568	-0.392399
35.569	-0.449099
35.57	-0.486834
35.571	-0.479322
35.572	-0.421213
35.573	-0.327927
35.574	-0.228186
35.575	-0.158705
35.576	-0.166306
35.577	-0.296748
35.578	-0.551971
35.579	-0.859779
35.58	-1.110904
35.581	-1.228067
35.582	-1.197664
35.583	-1.05565
35.584	-0.85876
35.585	-0.663338
35.586	-0.513169
35.587	-0.43075
35.588	-0.412443
35.589	-0.432077
35.59	-0.454612
35.591	-0.453295
35.592	-0.420105
35.593	-0.362699
35.594	-0.288625
35.595	-0.187628
35.596	-0.034438
35.597	0.181253
35.598	0.43658
35.599	0.68991
35.6	0.896217
35.601	1.014291
35.602	1.020562
35.603	0.920893
35.604	0.747153
35.605	0.542148
35.606	0.342802
35.607	0.169129
35.608	0.024941
35.609	-0.091618
35.61	-0.179356
35.611	-0.235403
35.612	-0.261243
35.613	-0.260795
35.614	-0.227857
35.615	-0.133321
35.616	0.065484
35.617	0.383721
35.618	0.77955
35.619	1.172105
35.62	1.475774
35.621	1.624762
35.622	1.593694
35.623	1.406619
35.624	1.127109
35.625	0.836736
35.626	0.606956
35.627	0.472045
35.628	0.41951
35.629	0.407407
35.63	0.396889
35.631	0.37373
35.632	0.342282
35.633	0.304658
35.634	0.254229
35.635	0.186008
35.636	0.096559
35.637	-0.024802
35.638	-0.181456
35.639	-0.346826
35.64	-0.47695
35.641	-0.542248
35.642	-0.538535
35.643	-0.479205
35.644	-0.386329
35.645	-0.285681
35.646	-0.202575
35.647	-0.154347
35.648	-0.141636
35.649	-0.147572
35.65	-0.148664
35.651	-0.128782
35.652	-0.086688
35.653	-0.036112
35.654	-0.000686
35.655	-0.00803
35.656	-0.089585
35.657	-0.273605
35.658	-0.551736
35.659	-0.855658
35.66	-1.091446
35.661	-1.196274
35.662	-1.160459
35.663	-1.015901
35.664	-0.816379
35.665	-0.620147
35.666	-0.474255
35.667	-0.401205
35.668	-0.392588
35.669	-0.415131
35.67	-0.428703
35.671	-0.406983
35.672	-0.348267
35.673	-0.270963
35.674	-0.19921
35.675	-0.148262
35.676	-0.123257
35.677	-0.128699
35.678	-0.162716
35.679	-0.205017
35.68	-0.229452
35.681	-0.22489
35.682	-0.197319
35.683	-0.159731
35.684	-0.124045
35.685	-0.100105
35.686	-0.097483
35.687	-0.122234
35.688	-0.170467
35.689	-0.226787
35.69	-0.270189
35.691	-0.285942
35.692	-0.275449
35.693	-0.25128
35.694	-0.214579
35.695	-0.132117
35.696	0.053984
35.697	0.37623
35.698	0.799329
35.699	1.22933
35.7	1.559185
35.701	1.713488
35.702	1.672356
35.703	1.47038
35.704	1.177702
35.705	0.873877
35.706	0.622433
35.707	0.45291
35.708	0.358026
35.709	0.308821
35.71	0.276345
35.711	0.243342
35.712	0.202503
35.713	0.152329
35.714	0.101474
35.715	0.071434
35.716	0.078812
35.717	0.113495
35.718	0.148386
35.719	0.167896
35.72	0.173029
35.721	0.166086
35.722	0.14436
35.723	0.108062
35.724	0.070451
35.725	0.058679
35.726	0.100163
35.727	0.200304
35.728	0.331663
35.729	0.449212
35.73	0.516908
35.731	0.522494
35.732	0.475044
35.733	0.393008
35.734	0.292718
35.735	0.177611
35.736	0.026533
35.737	-0.196514
35.738	-0.495056
35.739	-0.806931
35.74	-1.039875
35.741	-1.135267
35.742	-1.093206
35.743	-0.955396
35.744	-0.777558
35.745	-0.61046
35.746	-0.489617
35.747	-0.430338
35.748	-0.425579
35.749	-0.446173
35.75	-0.452047
35.751	-0.416245
35.752	-0.34171
35.753	-0.254362
35.754	-0.185236
35.755	-0.161916
35.756	-0.209339
35.757	-0.343193
35.758	-0.546955
35.759	-0.761156
35.76	-0.914159
35.761	-0.964828
35.762	-0.913845
35.763	-0.787971
35.764	-0.623821
35.765	-0.461602
35.766	-0.339667
35.767	-0.280836
35.768	-0.280071
35.769	-0.308524
35.77	-0.331922
35.771	-0.330214
35.772	-0.306491
35.773	-0.275548
35.774	-0.235695
35.775	-0.148016
35.776	0.047835
35.777	0.382434
35.778	0.81808
35.779	1.260304
35.78	1.600053
35.781	1.757166
35.782	1.710286
35.783	1.498923
35.784	1.199103
35.785	0.890578
35.786	0.629862
35.787	0.438273
35.788	0.30929
35.789	0.225612
35.79	0.170544
35.791	0.130457
35.792	0.094711
35.793	0.058088
35.794	0.027708
35.795	0.028213
35.796	0.087481
35.797	0.207199
35.798	0.357504
35.799	0.499579
35.8	0.599675
35.801	0.633096
35.802	0.593429
35.803	0.498887
35.804	0.388145
35.805	0.307937
35.806	0.294222
35.807	0.352435
35.808	0.452624
35.809	0.548215
35.81	0.602662
35.811	0.602377
35.812	0.553056
35.813	0.468972
35.814	0.361567
35.815	0.230655
35.816	0.059492
35.817	-0.174927
35.818	-0.465671
35.819	-0.753701
35.82	-0.960919
35.821	-1.040989
35.822	-0.995813
35.823	-0.861063
35.824	-0.686974
35.825	-0.524566
35.826	-0.413496
35.827	-0.370125
35.828	-0.382741
35.829	-0.419506
35.83	-0.444182
35.831	-0.431357
35.832	-0.375617
35.833	-0.291962
35.834	-0.21118
35.835	-0.1761
35.836	-0.237147
35.837	-0.43011
35.838	-0.733996
35.839	-1.058463
35.84	-1.293961
35.841	-1.375382
35.842	-1.302246
35.843	-1.119017
35.844	-0.885224
35.845	-0.654282
35.846	-0.464749
35.847	-0.336892
35.848	-0.271279
35.849	-0.251953
35.85	-0.254362
35.851	-0.256695
35.852	-0.249386
35.853	-0.233545
35.854	-0.204464
35.855	-0.135163
35.856	0.012784
35.857	0.254287
35.858	0.559911
35.859	0.865658
35.86	1.098295
35.861	1.20438
35.862	1.172026
35.863	1.031878
35.864	0.837357
35.865	0.638032
35.866	0.46291
35.867	0.321255
35.868	0.213778
35.869	0.140869
35.87	0.100992
35.871	0.084404
35.872	0.072055
35.873	0.045664
35.874	0.009962
35.875	0.009192
35.876	0.105109
35.877	0.323827
35.878	0.627149
35.879	0.93275
35.88	1.154643
35.881	1.237603
35.882	1.175235
35.883	1.007186
35.884	0.800185
35.885	0.623116
35.886	0.524235
35.887	0.51474
35.888	0.567564
35.889	0.636838
35.89	0.68255
35.891	0.68167
35.892	0.626588
35.893	0.521801
35.894	0.380975
35.895	0.216414
35.896	0.024031
35.897	-0.211041
35.898	-0.480921
35.899	-0.736129
35.9	-0.913279
35.901	-0.976507
35.902	-0.930256
35.903	-0.805352
35.904	-0.642151
35.905	-0.481875
35.906	-0.359327
35.907	-0.291286
35.908	-0.269971
35.909	-0.270595
35.91	-0.266641
35.911	-0.242586
35.912	-0.200003
35.913	-0.154467
35.914	-0.127774
35.915	-0.148947
35.916	-0.258387
35.917	-0.485861
35.918	-0.806612
35.919	-1.132036
35.92	-1.359976
35.921	-1.433133
35.922	-1.354651
35.923	-1.167372
35.924	-0.926742
35.925	-0.684084
35.926	-0.478865
35.927	-0.332517
35.928	-0.244972
35.929	-0.199768
35.93	-0.176184
35.931	-0.160128
35.932	-0.14781
35.933	-0.141288
35.934	-0.138734
35.935	-0.128842
35.936	-0.099391
35.937	-0.050649
35.938	0.007914
35.939	0.069442
35.94	0.127108
35.941	0.167805
35.942	0.17923
35.943	0.161078
35.944	0.126663
35.945	0.094413
35.946	0.076309
35.947	0.070731
35.948	0.066623
35.949	0.057079
35.95	0.048685
35.951	0.056384
35.952	0.087928
35.953	0.134472
35.954	0.176119
35.955	0.186739
35.956	0.131688
35.957	-0.015355
35.958	-0.235618
35.959	-0.460751
35.96	-0.619104
35.961	-0.679308
35.962	-0.652464
35.963	-0.571025
35.964	-0.47248
35.965	-0.393538
35.966	-0.363814
35.967	-0.393633
35.968	-0.465213
35.969	-0.539148
35.97	-0.576584
35.971	-0.561202
35.972	-0.50366
35.973	-0.424049
35.974	-0.321157
35.975	-0.152971
35.976	0.14017
35.977	0.575865
35.978	1.093463
35.979	1.578089
35.98	1.914195
35.981	2.030257
35.982	1.919941
35.983	1.635473
35.984	1.260394
35.985	0.877718
35.986	0.546158
35.987	0.29094
35.988	0.11101
35.989	-0.005546
35.99	-0.071404
35.991	-0.099757
35.992	-0.105712
35.993	-0.098759
35.994	-0.070459
35.995	0.005661
35.996	0.151866
35.997	0.35824
35.998	0.582
35.999	0.772628
36.0	0.890217
36.001	0.910834
36.002	0.832659
36.003	0.68073
36.004	0.502298
36.005	0.352018
36.006	0.269639
36.007	0.26171
36.008	0.30206
36.009	0.350626
36.01	0.376356
36.011	0.368818
36.012	0.334162
36.013	0.284894
36.014	0.230558
36.015	0.16578
36.016	0.061881
36.017	-0.112918
36.018	-0.3497
36.019	-0.587225
36.02	-0.754226
36.021	-0.815264
36.022	-0.779371
36.023	-0.683154
36.024	-0.572459
36.025	-0.490007
36.026	-0.464931
36.027	-0.502327
36.028	-0.579454
36.029	-0.655856
36.03	-0.692917
36.031	-0.669013
36.032	-0.583323
36.033	-0.453828
36.034	-0.3154
36.035	-0.218397
36.036	-0.221499
36.037	-0.361828
36.038	-0.611755
36.039	-0.87839
36.04	-1.062412
36.041	-1.114833
36.042	-1.045664
36.043	-0.899871
36.044	-0.731237
36.045	-0.585825
36.046	-0.493069
36.047	-0.462028
36.048	-0.481338
36.049	-0.52369
36.05	-0.55707
36.051	-0.55865
36.052	-0.521366
36.053	-0.447205
36.054	-0.330871
36.055	-0.14817
36.056	0.130081
36.057	0.503764
36.058	0.926167
36.059	1.31698
36.06	1.590202
36.061	1.687028
36.062	1.598953
36.063	1.366644
36.064	1.058066
36.065	0.737895
36.066	0.445985
36.067	0.199413
36.068	0.007115
36.069	-0.123872
36.07	-0.192112
36.071	-0.206991
36.072	-0.188838
36.073	-0.157369
36.074	-0.109688
36.075	-0.008916
36.076	0.190616
36.077	0.497734
36.078	0.863959
36.079	1.201672
36.08	1.423161
36.081	1.477873
36.082	1.368717
36.083	1.144173
36.084	0.87676
36.085	0.637395
36.086	0.472105
36.087	0.390351
36.088	0.370815
36.089	0.379465
36.09	0.38786
36.091	0.381247
36.092	0.355443
36.093	0.310447
36.094	0.248242
36.095	0.167586
36.096	0.052526
36.097	-0.117107
36.098	-0.330078
36.099	-0.534932
36.1	-0.67518
36.101	-0.724198
36.102	-0.690503
36.103	-0.603865
36.104	-0.500453
36.105	-0.413777
36.106	-0.367071
36.107	-0.365277
36.108	-0.392952
36.109	-0.421719
36.11	-0.424497
36.111	-0.388066
36.112	-0.316895
36.113	-0.230079
36.114	-0.155994
36.115	-0.131345
36.116	-0.200588
36.117	-0.390967
36.118	-0.671048
36.119	-0.950652
36.12	-1.136266
36.121	-1.183472
36.122	-1.105103
36.123	-0.9482
36.124	-0.768447
36.125	-0.614435
36.126	-0.517189
36.127	-0.483109
36.128	-0.494667
36.129	-0.519671
36.13	-0.526492
36.131	-0.498677
36.132	-0.439273
36.133	-0.360218
36.134	-0.265083
36.135	-0.143247
36.136	0.016092
36.137	0.205978
36.138	0.401047
36.139	0.570041
36.14	0.684478
36.141	0.723158
36.142	0.679167
36.143	0.564746
36.144	0.407112
36.145	0.237026
36.146	0.077375
36.147	-0.06075
36.148	-0.173582
36.149	-0.258667
36.15	-0.312864
36.151	-0.335362
36.152	-0.330716
36.153	-0.300903
36.154	-0.22713
36.155	-0.06603
36.156	0.219139
36.157	0.616082
36.158	1.0555
36.159	1.441446
36.16	1.688289
36.161	1.746853
36.162	1.617449
36.163	1.347172
36.164	1.014021
36.165	0.70324
36.166	0.477631
36.167	0.353791
36.168	0.305261
36.169	0.290805
36.17	0.281097
36.171	0.264853
36.172	0.239602
36.173	0.205253
36.174	0.167985
36.175	0.139777
36.176	0.122784
36.177	0.102531
36.178	0.068077
36.179	0.026728
36.18	-0.009116
36.181	-0.035953
36.182	-0.056031
36.183	-0.070222
36.184	-0.078547
36.185	-0.084679
36.186	-0.095496
36.187	-0.114932
36.188	-0.138645
36.189	-0.154624
36.19	-0.150526
36.191	-0.122576
36.192	-0.078119
36.193	-0.031546
36.194	-0.002127
36.195	-0.018256
36.196	-0.11728
36.197	-0.320014
36.198	-0.593362
36.199	-0.854885
36.2	-1.024876
36.201	-1.068791
36.202	-0.999405
36.203	-0.857111
36.204	-0.692639
36.205	-0.555889
36.206	-0.482275
36.207	-0.477992
36.208	-0.517228
36.209	-0.557505
36.21	-0.562237
36.211	-0.515951
36.212	-0.426672
36.213	-0.317245
36.214	-0.212759
36.215	-0.134918
36.216	-0.104449
36.217	-0.132675
36.218	-0.202862
36.219	-0.275193
36.22	-0.316599
36.221	-0.319131
36.222	-0.293899
36.223	-0.257496
36.224	-0.22531
36.225	-0.211727
36.226	-0.229523
36.227	-0.281838
36.228	-0.354235
36.229	-0.419769
36.23	-0.453908
36.231	-0.44699
36.232	-0.405767
36.233	-0.340109
36.234	-0.238757
36.235	-0.058682
36.236	0.244508
36.237	0.66855
36.238	1.14793
36.239	1.576052
36.24	1.848232
36.241	1.905574
36.242	1.754855
36.243	1.456921
36.244	1.097816
36.245	0.757311
36.246	0.485474
36.247	0.295846
36.248	0.175375
36.249	0.101831
36.25	0.056878
36.251	0.029439
36.252	0.013682
36.253	0.009049
36.254	0.025767
36.255	0.08358
36.256	0.190158
36.257	0.324627
36.258	0.453157
36.259	0.549401
36.26	0.595296
36.261	0.579378
36.262	0.502898
36.263	0.385123
36.264	0.261392
36.265	0.171847
36.266	0.143455
36.267	0.174388
36.268	0.23467
36.269	0.287131
36.27	0.309962
36.271	0.301852
36.272	0.272944
36.273	0.234495
36.274	0.190645
36.275	0.12717
36.276	0.008113
36.277	-0.193967
36.278	-0.453892
36.279	-0.696718
36.28	-0.849863
36.281	-0.885981
36.282	-0.825776
36.283	-0.715698
36.284	-0.604526
36.285	-0.529646
36.286	-0.509469
36.287	-0.539206
36.288	-0.594523
36.289	-0.642908
36.29	-0.655644
36.291	-0.616506
36.292	-0.526811
36.293	-0.404333
36.294	-0.277617
36.295	-0.185977
36.296	-0.177584
36.297	-0.279441
36.298	-0.460207
36.299	-0.642094
36.3	-0.755225
36.301	-0.774888
36.302	-0.716824
36.303	-0.61499
36.304	-0.507878
36.305	-0.432867
36.306	-0.416918
36.307	-0.462445
36.308	-0.541022
36.309	-0.606899
36.31	-0.623961
36.311	-0.584965
36.312	-0.5084
36.313	-0.413929
36.314	-0.289707
36.315	-0.082492
36.316	0.262979
36.317	0.744408
36.318	1.281684
36.319	1.749842
36.32	2.035131
36.321	2.080934
36.322	1.902127
36.323	1.567143
36.324	1.163984
36.325	0.769719
36.326	0.434103
36.327	0.176865
36.328	-0.003242
36.329	-0.11469
36.33	-0.167636
36.331	-0.177294
36.332	-0.163008
36.333	-0.134543
36.334	-0.07543
36.335	0.053185
36.336	0.277615
36.337	0.577343
36.338	0.890585
36.339	1.145432
36.34	1.283867
36.341	1.27689
36.342	1.134064
36.343	0.90121
36.344	0.645369
36.345	0.431924
36.346	0.300366
36.347	0.251127
36.348	0.254366
36.349	0.273116
36.35	0.282524
36.351	0.27455
36.352	0.251851
36.353	0.221451
36.354	0.188792
36.355	0.145448
36.356	0.062155
36.357	-0.086006
36.358	-0.280452
36.359	-0.46306
36.36	-0.581072
36.361	-0.618143
36.362	-0.590949
36.363	-0.531971
36.364	-0.478125
36.365	-0.46412
36.366	-0.511301
36.367	-0.613944
36.368	-0.736709
36.369	-0.830635
36.37	-0.856482
36.371	-0.800013
36.372	-0.67374
36.373	-0.509099
36.374	-0.347607
36.375	-0.238977
36.376	-0.235373
36.377	-0.357289
36.378	-0.560226
36.379	-0.759199
36.38	-0.886037
36.381	-0.915845
36.382	-0.856051
36.383	-0.726683
36.384	-0.550488
36.385	-0.352568
36.386	-0.159618
36.387	0.006114
36.388	0.132939
36.389	0.219002
36.39	0.266732
36.391	0.277559
36.392	0.249071
36.393	0.177223
36.394	0.058216
36.395	-0.120768
36.396	-0.385624
36.397	-0.742222
36.398	-1.134795
36.399	-1.461887
36.4	-1.638675
36.401	-1.637352
36.402	-1.481865
36.403	-1.222662
36.404	-0.916025
36.405	-0.612434
36.406	-0.349651
36.407	-0.148283
36.408	-0.011108
36.409	0.071908
36.41	0.114115
36.411	0.123987
36.412	0.104284
36.413	0.055858
36.414	-0.020518
36.415	-0.127527
36.416	-0.274519
36.417	-0.462128
36.418	-0.658009
36.419	-0.80755
36.42	-0.873136
36.421	-0.850348
36.422	-0.753082
36.423	-0.598792
36.424	-0.409108
36.425	-0.214125
36.426	-0.045458
36.427	0.077965
36.428	0.156668
36.429	0.203984
36.43	0.230885
36.431	0.233553
36.432	0.19747
36.433	0.120465
36.434	0.038466
36.435	0.025125
36.436	0.147202
36.437	0.410885
36.438	0.752542
36.439	1.070651
36.44	1.270693
36.441	1.306194
36.442	1.194707
36.443	1.001131
36.444	0.804355
36.445	0.665362
36.446	0.608169
36.447	0.619868
36.448	0.666188
36.449	0.709935
36.45	0.722673
36.451	0.687705
36.452	0.598498
36.453	0.460387
36.454	0.296662
36.455	0.142534
36.456	0.019428
36.457	-0.075132
36.458	-0.147071
36.459	-0.195169
36.46	-0.220065
36.461	-0.225873
36.462	-0.212691
36.463	-0.172946
36.464	-0.094696
36.465	0.029862
36.466	0.193782
36.467	0.371646
36.468	0.529178
36.469	0.638672
36.47	0.68726
36.471	0.674325
36.472	0.604254
36.473	0.480868
36.474	0.306481
36.475	0.077757
36.476	-0.219201
36.477	-0.583888
36.478	-0.963941
36.479	-1.269463
36.48	-1.428911
36.481	-1.422185
36.482	-1.274752
36.483	-1.037451
36.484	-0.768973
36.485	-0.522366
36.486	-0.3334
36.487	-0.212717
36.488	-0.14675
36.489	-0.108512
36.49	-0.073877
36.491	-0.034693
36.492	-0.00102
36.493	0.006138
36.494	-0.034673
36.495	-0.142069
36.496	-0.332962
36.497	-0.602173
36.498	-0.895295
36.499	-1.12736
36.5	-1.235015
36.501	-1.204427
36.502	-1.062101
36.503	-0.851977
36.504	-0.618344
36.505	-0.399129
36.506	-0.222459
36.507	-0.102393
36.508	-0.036378
36.509	-0.008426
36.51	-0.00035
36.511	-0.004638
36.512	-0.02563
36.513	-0.061093
36.514	-0.076215
36.515	-0.005269
36.516	0.203148
36.517	0.539312
36.518	0.929422
36.519	1.270313
36.52	1.474506
36.521	1.503137
36.522	1.373474
36.523	1.144813
36.524	0.893728
36.525	0.687106
36.526	0.560253
36.527	0.50916
36.528	0.502178
36.529	0.502084
36.53	0.482819
36.531	0.433125
36.532	0.351665
36.533	0.247658
36.534	0.149222
36.535	0.096058
36.536	0.109346
36.537	0.176221
36.538	0.265252
36.539	0.343296
36.54	0.383536
36.541	0.375227
36.542	0.33008
36.543	0.277491
36.544	0.251491
36.545	0.276005
36.546	0.353717
36.547	0.465221
36.548	0.580501
36.549	0.672325
36.55	0.721262
36.551	0.714602
36.552	0.646385
36.553	0.519496
36.554	0.343463
36.555	0.121835
36.556	-0.155865
36.557	-0.488707
36.558	-0.829301
36.559	-1.098099
36.56	-1.234371
36.561	-1.224155
36.562	-1.092246
36.563	-0.883802
36.564	-0.652847
36.565	-0.452928
36.566	-0.320166
36.567	-0.257824
36.568	-0.239245
36.569	-0.227418
36.57	-0.196311
36.571	-0.143187
36.572	-0.086598
36.573	-0.053947
36.574	-0.073467
36.575	-0.176826
36.576	-0.3935
36.577	-0.717059
36.578	-1.076179
36.579	-1.364111
36.58	-1.502352
36.581	-1.472396
36.582	-1.304029
36.583	-1.049468
36.584	-0.765935
36.585	-0.506671
36.586	-0.309712
36.587	-0.186868
36.588	-0.124209
36.589	-0.095685
36.59	-0.080181
36.591	-0.071861
36.592	-0.076771
36.593	-0.09291
36.594	-0.085352
36.595	0.011969
36.596	0.250012
36.597	0.616013
36.598	1.032169
36.599	1.391185
36.6	1.600613
36.601	1.619307
36.602	1.468484
36.603	1.213694
36.604	0.932944
36.605	0.687793
36.606	0.506509
36.607	0.385504
36.608	0.305869
36.609	0.249266
36.61	0.202769
36.611	0.156398
36.612	0.102879
36.613	0.044588
36.614	0.003779
36.615	0.015675
36.616	0.095201
36.617	0.220291
36.618	0.354047
36.619	0.463519
36.62	0.521416
36.621	0.513639
36.622	0.449856
36.623	0.363883
36.624	0.303989
36.625	0.31435
36.626	0.410121
36.627	0.563034
36.628	0.715005
36.629	0.811673
36.63	0.827285
36.631	0.765406
36.632	0.645484
36.633	0.488457
36.634	0.307051
36.635	0.098428
36.636	-0.156198
36.637	-0.462629
36.638	-0.777155
36.639	-1.022126
36.64	-1.139936
36.641	-1.121341
36.642	-0.995272
36.643	-0.807267
36.644	-0.603394
36.645	-0.420522
36.646	-0.28086
36.647	-0.191127
36.648	-0.144718
36.649	-0.124859
36.65	-0.111375
36.651	-0.091178
36.652	-0.065515
36.653	-0.049702
36.654	-0.070657
36.655	-0.167987
36.656	-0.383075
36.657	-0.716153
36.658	-1.091484
36.659	-1.391546
36.66	-1.52966
36.661	-1.487169
36.662	-1.302841
36.663	-1.042161
36.664	-0.76882
36.665	-0.530495
36.666	-0.356121
36.667	-0.253047
36.668	-0.203613
36.669	-0.174137
36.67	-0.137791
36.671	-0.092321
36.672	-0.057456
36.673	-0.051643
36.674	-0.062025
36.675	-0.042177
36.676	0.04949
36.677	0.215559
36.678	0.420315
36.679	0.607701
36.68	0.726139
36.681	0.752621
36.682	0.69878
36.683	0.59756
36.684	0.483136
36.685	0.376898
36.686	0.285627
36.687	0.209263
36.688	0.149885
36.689	0.112579
36.69	0.096622
36.691	0.08819
36.692	0.067181
36.693	0.029181
36.694	0.008972
36.695	0.072547
36.696	0.265078
36.697	0.566998
36.698	0.902303
36.699	1.177264
36.7	1.319908
36.701	1.306655
36.702	1.165502
36.703	0.959022
36.704	0.75897
36.705	0.621518
36.706	0.56957
36.707	0.588229
36.708	0.637914
36.709	0.678124
36.71	0.683539
36.711	0.643696
36.712	0.556756
36.713	0.428767
36.714	0.271768
36.715	0.089528
36.716	-0.131317
36.717	-0.395247
36.718	-0.664122
36.719	-0.871425
36.72	-0.968872
36.721	-0.949789
36.722	-0.838586
36.723	-0.669193
36.724	-0.471835
36.725	-0.271475
36.726	-0.089229
36.727	0.059058
36.728	0.165732
36.729	0.231701
36.73	0.263278
36.731	0.26679
36.732	0.2436
36.733	0.189905
36.734	0.095361
36.735	-0.06512
36.736	-0.323564
36.737	-0.675781
36.738	-1.049014
36.739	-1.336404
36.74	-1.463684
36.741	-1.419892
36.742	-1.243421
36.743	-0.993481
36.744	-0.729179
36.745	-0.498034
36.746	-0.328082
36.747	-0.223871
36.748	-0.170023
36.749	-0.142313
36.75	-0.120721
36.751	-0.097867
36.752	-0.078763
36.753	-0.072214
36.754	-0.081327
36.755	-0.105975
36.756	-0.152784
36.757	-0.224773
36.758	-0.300712
36.759	-0.346434
36.76	-0.345041
36.761	-0.30446
36.762	-0.24283
36.763	-0.17479
36.764	-0.108308
36.765	-0.048145
36.766	-0.000242
36.767	0.028115
36.768	0.033442
36.769	0.020092
36.77	-0.003551
36.771	-0.032579
36.772	-0.064175
36.773	-0.085119
36.774	-0.059689
36.775	0.061188
36.776	0.301334
36.777	0.630891
36.778	0.978754
36.779	1.26038
36.78	1.406245
36.781	1.391712
36.782	1.246744
36.783	1.036547
36.784	0.830565
36.785	0.67689
36.786	0.591332
36.787	0.562153
36.788	0.563567
36.789	0.569605
36.79	0.56091
36.791	0.523599
36.792	0.449429
36.793	0.342795
36.794	0.225107
36.795	0.122037
36.796	0.04157
36.797	-0.024796
36.798	-0.080104
36.799	-0.118145
36.8	-0.135908
36.801	-0.134725
36.802	-0.112211
36.803	-0.059674
36.804	0.028618
36.805	0.141586
36.806	0.250863
36.807	0.326608
36.808	0.353213
36.809	0.333638
36.81	0.2822
36.811	0.212578
36.812	0.135862
36.813	0.074029
36.814	0.07079
36.815	0.17565
36.816	0.403725
36.817	0.713607
36.818	1.028148
36.819	1.26834
36.82	1.376707
36.821	1.333582
36.822	1.162621
36.823	0.921794
36.824	0.684306
36.825	0.51263
36.826	0.433381
36.827	0.429836
36.828	0.459259
36.829	0.480214
36.83	0.470669
36.831	0.429868
36.832	0.368784
36.833	0.298215
36.834	0.21882
36.835	0.11265
36.836	-0.050814
36.837	-0.278199
36.838	-0.522747
36.839	-0.711421
36.84	-0.796942
36.841	-0.777775
36.842	-0.685235
36.843	-0.564027
36.844	-0.458559
36.845	-0.40215
36.846	-0.407285
36.847	-0.461175
36.848	-0.531069
36.849	-0.578819
36.85	-0.576969
36.851	-0.517758
36.852	-0.413507
36.853	-0.293971
36.854	-0.204219
36.855	-0.2009
36.856	-0.332356
36.857	-0.593161
36.858	-0.900705
36.859	-1.141511
36.86	-1.24178
36.861	-1.19449
36.862	-1.041094
36.863	-0.84112
36.864	-0.649507
36.865	-0.503912
36.866	-0.42031
36.867	-0.393892
36.868	-0.402487
36.869	-0.413441
36.87	-0.397094
36.871	-0.343872
36.872	-0.269506
36.873	-0.196473
36.874	-0.125981
36.875	-0.034088
36.876	0.100528
36.877	0.272843
36.878	0.453701
36.879	0.602845
36.88	0.684281
36.881	0.683317
36.882	0.612399
36.883	0.500057
36.884	0.372863
36.885	0.244044
36.886	0.117779
36.887	0.001217
36.888	-0.091883
36.889	-0.148056
36.89	-0.164133
36.891	-0.152321
36.892	-0.132079
36.893	-0.106462
36.894	-0.040576
36.895	0.123832
36.896	0.417221
36.897	0.805451
36.898	1.199937
36.899	1.49768
36.9	1.625395
36.901	1.567037
36.902	1.3625
36.903	1.085388
36.904	0.814162
36.905	0.606109
36.906	0.482486
36.907	0.430536
36.908	0.419646
36.909	0.419853
36.91	0.411767
36.911	0.386434
36.912	0.340313
36.913	0.273382
36.914	0.188819
36.915	0.082204
36.916	-0.064136
36.917	-0.254064
36.918	-0.451204
36.919	-0.599858
36.92	-0.665206
36.921	-0.646905
36.922	-0.568201
36.923	-0.461251
36.924	-0.357465
36.925	-0.281034
36.926	-0.243454
36.927	-0.240368
36.928	-0.253318
36.929	-0.258579
36.93	-0.240021
36.931	-0.19694
36.932	-0.142201
36.933	-0.09637
36.934	-0.086981
36.935	-0.151743
36.936	-0.324091
36.937	-0.592997
36.938	-0.884164
36.939	-1.100974
36.94	-1.183806
36.941	-1.131637
36.942	-0.984706
36.943	-0.797005
36.944	-0.618177
36.945	-0.484351
36.946	-0.410781
36.947	-0.389185
36.948	-0.394832
36.949	-0.399307
36.95	-0.382685
36.951	-0.341275
36.952	-0.285524
36.953	-0.227534
36.954	-0.172419
36.955	-0.124314
36.956	-0.092752
36.957	-0.082576
36.958	-0.082281
36.959	-0.074136
36.96	-0.053355
36.961	-0.03042
36.962	-0.018608
36.963	-0.023195
36.964	-0.040819
36.965	-0.066628
36.966	-0.099637
36.967	-0.140242
36.968	-0.184492
36.969	-0.223796
36.97	-0.250504
36.971	-0.262508
36.972	-0.259337
36.973	-0.226722
36.974	-0.124203
36.975	0.096847
36.976	0.447272
36.977	0.874691
36.978	1.285172
36.979	1.582878
36.98	1.702758
36.981	1.632533
36.982	1.414564
36.983	1.124029
36.984	0.837473
36.985	0.608107
36.986	0.454913
36.987	0.36823
36.988	0.326235
36.989	0.307658
36.99	0.29435
36.991	0.270681
36.992	0.227505
36.993	0.168843
36.994	0.111378
36.995	0.068904
36.996	0.035965
36.997	-0.001378
36.998	-0.042892
36.999	-0.077342
37.0	-0.099495
37.001	-0.111445
37.002	-0.112756
37.003	-0.096494
37.004	-0.054405
37.005	0.015248
37.006	0.103264
37.007	0.192108
37.008	0.264065
37.009	0.308899
37.01	0.325006
37.011	0.314561
37.012	0.279663
37.013	0.219513
37.014	0.124082
37.015	-0.030028
37.016	-0.263934
37.017	-0.560761
37.018	-0.852671
37.019	-1.058579
37.02	-1.132744
37.021	-1.078235
37.022	-0.930594
37.023	-0.739156
37.024	-0.555511
37.025	-0.421614
37.026	-0.355435
37.027	-0.345229
37.028	-0.359663
37.029	-0.365671
37.03	-0.342932
37.031	-0.290304
37.032	-0.22354
37.033	-0.167496
37.034	-0.151163
37.035	-0.206602
37.036	-0.354068
37.037	-0.571756
37.038	-0.791061
37.039	-0.937399
37.04	-0.973515
37.041	-0.90642
37.042	-0.769476
37.043	-0.603841
37.044	-0.447529
37.045	-0.330272
37.046	-0.268306
37.047	-0.258113
37.048	-0.277642
37.049	-0.299177
37.05	-0.304562
37.051	-0.291104
37.052	-0.264085
37.053	-0.216509
37.054	-0.110222
37.055	0.10919
37.056	0.46275
37.057	0.905707
37.058	1.341503
37.059	1.662354
37.06	1.794164
37.061	1.724096
37.062	1.496764
37.063	1.189263
37.064	0.881123
37.065	0.62946
37.066	0.455964
37.067	0.349556
37.068	0.283282
37.069	0.233382
37.07	0.186964
37.071	0.139504
37.072	0.093235
37.073	0.0614
37.074	0.07032
37.075	0.142832
37.076	0.272794
37.077	0.42604
37.078	0.563545
37.079	0.654366
37.08	0.678762
37.081	0.633876
37.082	0.538866
37.083	0.433279
37.084	0.363121
37.085	0.357186
37.086	0.412644
37.087	0.501906
37.088	0.590164
37.089	0.649972
37.09	0.666545
37.091	0.634008
37.092	0.550955
37.093	0.421057
37.094	0.249991
37.095	0.034246
37.096	-0.233659
37.097	-0.534591
37.098	-0.81069
37.099	-0.996409
37.1	-1.056296
37.101	-0.995556
37.102	-0.848814
37.103	-0.66533
37.104	-0.498123
37.105	-0.390708
37.106	-0.358568
37.107	-0.380654
37.108	-0.413281
37.109	-0.416595
37.11	-0.374276
37.111	-0.29716
37.112	-0.21458
37.113	-0.160855
37.114	-0.169584
37.115	-0.275948
37.116	-0.498951
37.117	-0.804913
37.118	-1.105335
37.119	-1.306144
37.12	-1.357952
37.121	-1.266997
37.122	-1.075571
37.123	-0.838613
37.124	-0.609835
37.125	-0.432131
37.126	-0.32632
37.127	-0.284396
37.128	-0.276344
37.129	-0.27
37.13	-0.250155
37.131	-0.222732
37.132	-0.201043
37.133	-0.180419
37.134	-0.121884
37.135	0.028056
37.136	0.289974
37.137	0.625562
37.138	0.956221
37.139	1.200183
37.14	1.303388
37.141	1.256432
37.142	1.092918
37.143	0.870817
37.144	0.647677
37.145	0.461931
37.146	0.326417
37.147	0.234676
37.148	0.173673
37.149	0.131759
37.15	0.09771
37.151	0.059184
37.152	0.012221
37.153	-0.02249
37.154	0.00269
37.155	0.135186
37.156	0.380489
37.157	0.687865
37.158	0.977252
37.159	1.175243
37.16	1.237821
37.161	1.162182
37.162	0.986887
37.163	0.778583
37.164	0.609391
37.165	0.529137
37.166	0.543939
37.167	0.617285
37.168	0.693695
37.169	0.727955
37.17	0.70106
37.171	0.6174
37.172	0.494293
37.173	0.35171
37.174	0.197416
37.175	0.014778
37.176	-0.219983
37.177	-0.495585
37.178	-0.752952
37.179	-0.924218
37.18	-0.976066
37.181	-0.917625
37.182	-0.783528
37.183	-0.615629
37.184	-0.452048
37.185	-0.32109
37.186	-0.236556
37.187	-0.195583
37.188	-0.182369
37.189	-0.177488
37.19	-0.166716
37.191	-0.144552
37.192	-0.115613
37.193	-0.097754
37.194	-0.125796
37.195	-0.247466
37.196	-0.4932
37.197	-0.830447
37.198	-1.161114
37.199	-1.380535
37.2	-1.43621
37.201	-1.338035
37.202	-1.134266
37.203	-0.884545
37.204	-0.641741
37.205	-0.441568
37.206	-0.300243
37.207	-0.217416
37.208	-0.179847
37.209	-0.167605
37.21	-0.163578
37.211	-0.159734
37.212	-0.155137
37.213	-0.148399
37.214	-0.130981
37.215	-0.090399
37.216	-0.020922
37.217	0.072206
37.218	0.173079
37.219	0.256556
37.22	0.300048
37.221	0.298766
37.222	0.267405
37.223	0.227434
37.224	0.191559
37.225	0.158106
37.226	0.120222
37.227	0.079493
37.228	0.050185
37.229	0.051922
37.23	0.094416
37.231	0.165378
37.232	0.236269
37.233	0.277971
37.234	0.266239
37.235	0.178516
37.236	0.004832
37.237	-0.22649
37.238	-0.449436
37.239	-0.600655
37.24	-0.654775
37.241	-0.624949
37.242	-0.543938
37.243	-0.44881
37.244	-0.374377
37.245	-0.346843
37.246	-0.373808
37.247	-0.438227
37.248	-0.505764
37.249	-0.543268
37.25	-0.535398
37.251	-0.487532
37.252	-0.41057
37.253	-0.295425
37.254	-0.100963
37.255	0.21954
37.256	0.668376
37.257	1.179964
37.258	1.643946
37.259	1.951451
37.26	2.037469
37.261	1.901868
37.262	1.601381
37.263	1.221776
37.264	0.846112
37.265	0.529624
37.266	0.291825
37.267	0.127168
37.268	0.020474
37.269	-0.043232
37.27	-0.075677
37.271	-0.085759
37.272	-0.077086
37.273	-0.039752
37.274	0.04976
37.275	0.204969
37.276	0.40686
37.277	0.613739
37.278	0.783096
37.279	0.880344
37.28	0.884478
37.281	0.796798
37.282	0.64423
37.283	0.474205
37.284	0.340385
37.285	0.279713
37.286	0.293311
37.287	0.348318
37.288	0.401045
37.289	0.421907
37.29	0.404863
37.291	0.361342
37.292	0.306731
37.293	0.248201
37.294	0.176186
37.295	0.060866
37.296	-0.12655
37.297	-0.371246
37.298	-0.607428
37.299	-0.764521
37.3	-0.811479
37.301	-0.76226
37.302	-0.657765
37.303	-0.54653
37.304	-0.470331
37.305	-0.452235
37.306	-0.489757
37.307	-0.558444
37.308	-0.623038
37.309	-0.650503
37.31	-0.62172
37.311	-0.537197
37.312	-0.415271
37.313	-0.288987
37.314	-0.206739
37.315	-0.226003
37.316	-0.379429
37.317	-0.632023
37.318	-0.888221
37.319	-1.0531
37.32	-1.084807
37.321	-1.000806
37.322	-0.852065
37.323	-0.69277
37.324	-0.563182
37.325	-0.485305
37.326	-0.462505
37.327	-0.480764
37.328	-0.513176
37.329	-0.528288
37.33	-0.504403
37.331	-0.443862
37.332	-0.365423
37.333	-0.268969
37.334	-0.113135
37.335	0.156059
37.336	0.550863
37.337	1.013651
37.338	1.436344
37.339	1.712633
37.34	1.785249
37.341	1.66087
37.342	1.394617
37.343	1.059712
37.344	0.720173
37.345	0.417634
37.346	0.171819
37.347	-0.011019
37.348	-0.130085
37.349	-0.189896
37.35	-0.204202
37.351	-0.193766
37.352	-0.172806
37.353	-0.127883
37.354	-0.013573
37.355	0.212748
37.356	0.545548
37.357	0.922075
37.358	1.250987
37.359	1.451538
37.36	1.483013
37.361	1.35461
37.362	1.117008
37.363	0.843082
37.364	0.604827
37.365	0.450716
37.366	0.389102
37.367	0.39078
37.368	0.412948
37.369	0.423392
37.37	0.407993
37.371	0.366198
37.372	0.305321
37.373	0.234875
37.374	0.154484
37.375	0.043174
37.376	-0.12345
37.377	-0.334057
37.378	-0.534158
37.379	-0.666042
37.38	-0.706504
37.381	-0.669444
37.382	-0.588132
37.383	-0.50041
37.384	-0.440913
37.385	-0.432067
37.386	-0.474038
37.387	-0.543025
37.388	-0.60235
37.389	-0.619731
37.39	-0.58078
37.391	-0.492759
37.392	-0.378289
37.393	-0.269158
37.394	-0.209406
37.395	-0.252228
37.396	-0.425841
37.397	-0.691458
37.398	-0.953128
37.399	-1.119213
37.4	-1.151571
37.401	-1.067472
37.402	-0.913561
37.403	-0.741552
37.404	-0.595433
37.405	-0.504222
37.406	-0.475083
37.407	-0.491281
37.408	-0.521095
37.409	-0.533311
37.41	-0.51006
37.411	-0.450944
37.412	-0.365535
37.413	-0.259341
37.414	-0.130184
37.415	0.017502
37.416	0.165653
37.417	0.297106
37.418	0.40328
37.419	0.473942
37.42	0.494062
37.421	0.455348
37.422	0.365734
37.423	0.247429
37.424	0.126502
37.425	0.020173
37.426	-0.068546
37.427	-0.143705
37.428	-0.20607
37.429	-0.251529
37.43	-0.276352
37.431	-0.278818
37.432	-0.252409
37.433	-0.173347
37.434	0.000838
37.435	0.300751
37.436	0.705923
37.437	1.143645
37.438	1.519137
37.439	1.746862
37.44	1.778577
37.441	1.620384
37.442	1.328201
37.443	0.987217
37.444	0.682737
37.445	0.469259
37.446	0.353421
37.447	0.305408
37.448	0.289252
37.449	0.282341
37.45	0.273233
37.451	0.254483
37.452	0.222752
37.453	0.181159
37.454	0.132758
37.455	0.067519
37.456	-0.030186
37.457	-0.15333
37.458	-0.269028
37.459	-0.346642
37.46	-0.376391
37.461	-0.365833
37.462	-0.330737
37.463	-0.291366
37.464	-0.271416
37.465	-0.290171
37.466	-0.348047
37.467	-0.421374
37.468	-0.475304
37.469	-0.48257
37.47	-0.435007
37.471	-0.345569
37.472	-0.241969
37.473	-0.157167
37.474	-0.127697
37.475	-0.193761
37.476	-0.372641
37.477	-0.622981
37.478	-0.858549
37.479	-1.003402
37.48	-1.028504
37.481	-0.950153
37.482	-0.810611
37.483	-0.659739
37.484	-0.542084
37.485	-0.485768
37.486	-0.491999
37.487	-0.533957
37.488	-0.571145
37.489	-0.57035
37.49	-0.519895
37.491	-0.430913
37.492	-0.326552
37.493	-0.224676
37.494	-0.131129
37.495	-0.051164
37.496	0.007576
37.497	0.047331
37.498	0.078237
37.499	0.10351
37.5	0.116045
37.501	0.106995
37.502	0.073725
37.503	0.019732
37.504	-0.050991
37.505	-0.13595
37.506	-0.230222
37.507	-0.322041
37.508	-0.393154
37.509	-0.427282
37.51	-0.420991
37.511	-0.38444
37.512	-0.325826
37.513	-0.226396
37.514	-0.034942
37.515	0.293259
37.516	0.744245
37.517	1.235201
37.518	1.651137
37.519	1.893991
37.52	1.917252
37.521	1.736046
37.522	1.41481
37.523	1.041436
37.524	0.698195
37.525	0.438092
37.526	0.273115
37.527	0.181353
37.528	0.130065
37.529	0.095605
37.53	0.066942
37.531	0.040686
37.532	0.022183
37.533	0.029603
37.534	0.082088
37.535	0.175136
37.536	0.277924
37.537	0.360052
37.538	0.409214
37.539	0.422916
37.54	0.397596
37.541	0.331287
37.542	0.232378
37.543	0.122014
37.544	0.026432
37.545	-0.036647
37.546	-0.067025
37.547	-0.077664
37.548	-0.082247
37.549	-0.085707
37.55	-0.083924
37.551	-0.071174
37.552	-0.04634
37.553	-0.01675
37.554	-0.008604
37.555	-0.069452
37.556	-0.231471
37.557	-0.463984
37.558	-0.684172
37.559	-0.818025
37.56	-0.841881
37.561	-0.777759
37.562	-0.668079
37.563	-0.557243
37.564	-0.4839
37.565	-0.472189
37.566	-0.518647
37.567	-0.589065
37.568	-0.635969
37.569	-0.625525
37.57	-0.553177
37.571	-0.439697
37.572	-0.317034
37.573	-0.217569
37.574	-0.173837
37.575	-0.218968
37.576	-0.363543
37.577	-0.565723
37.578	-0.747751
37.579	-0.848526
37.58	-0.8523
37.581	-0.778907
37.582	-0.66295
37.583	-0.542285
37.584	-0.453286
37.585	-0.421261
37.586	-0.44774
37.587	-0.507364
37.588	-0.560314
37.589	-0.57426
37.59	-0.541294
37.591	-0.474867
37.592	-0.385288
37.593	-0.251257
37.594	-0.018451
37.595	0.356686
37.596	0.855321
37.597	1.390309
37.598	1.841148
37.599	2.100517
37.6	2.116125
37.601	1.90741
37.602	1.54872
37.603	1.134661
37.604	0.745908
37.605	0.428032
37.606	0.191726
37.607	0.028686
37.608	-0.073741
37.609	-0.127479
37.61	-0.144704
37.611	-0.137479
37.612	-0.109591
37.613	-0.04412
37.614	0.090824
37.615	0.307673
37.616	0.577004
37.617	0.844038
37.618	1.051145
37.619	1.150593
37.62	1.119439
37.621	0.970471
37.622	0.749985
37.623	0.524115
37.624	0.356181
37.625	0.279705
37.626	0.284154
37.627	0.327623
37.628	0.365759
37.629	0.373662
37.63	0.349398
37.631	0.304431
37.632	0.251744
37.633	0.198218
37.634	0.13568
37.635	0.034845
37.636	-0.127651
37.637	-0.328202
37.638	-0.505795
37.639	-0.61145
37.64	-0.635242
37.641	-0.59865
37.642	-0.537411
37.643	-0.489467
37.644	-0.48612
37.645	-0.54168
37.646	-0.64465
37.647	-0.759587
37.648	-0.841701
37.649	-0.85622
37.65	-0.791911
37.651	-0.662724
37.652	-0.501001
37.653	-0.349423
37.654	-0.257045
37.655	-0.269702
37.656	-0.397866
37.657	-0.592527
37.658	-0.773805
37.659	-0.88241
37.66	-0.899121
37.661	-0.832058
37.662	-0.699345
37.663	-0.520355
37.664	-0.314091
37.665	-0.101377
37.666	0.093425
37.667	0.246523
37.668	0.343185
37.669	0.381409
37.67	0.367334
37.671	0.309337
37.672	0.213148
37.673	0.075875
37.674	-0.12046
37.675	-0.404105
37.676	-0.777161
37.677	-1.177143
37.678	-1.499352
37.679	-1.662384
37.68	-1.643285
37.681	-1.466263
37.682	-1.180704
37.683	-0.849049
37.684	-0.535426
37.685	-0.287078
37.686	-0.119255
37.687	-0.016581
37.688	0.050072
37.689	0.102235
37.69	0.140368
37.691	0.14666
37.692	0.102054
37.693	0.003685
37.694	-0.134304
37.695	-0.295352
37.696	-0.462817
37.697	-0.608322
37.698	-0.699605
37.699	-0.721492
37.7	-0.678154
37.701	-0.581714
37.702	-0.445722
37.703	-0.286055
37.704	-0.123857
37.705	0.016962
37.706	0.119994
37.707	0.184201
37.708	0.219252
37.709	0.232905
37.71	0.222196
37.711	0.176361
37.712	0.096165
37.713	0.021097
37.714	0.027679
37.715	0.177824
37.716	0.466703
37.717	0.820754
37.718	1.133763
37.719	1.315481
37.72	1.330192
37.721	1.203675
37.722	1.002402
37.723	0.803223
37.724	0.66577
37.725	0.613711
37.726	0.631522
37.727	0.679968
37.728	0.719144
37.729	0.721736
37.73	0.673497
37.731	0.570601
37.732	0.421308
37.733	0.2508
37.734	0.090496
37.735	-0.049162
37.736	-0.17785
37.737	-0.294321
37.738	-0.380268
37.739	-0.42163
37.74	-0.418592
37.741	-0.377878
37.742	-0.301504
37.743	-0.182865
37.744	-0.014997
37.745	0.194787
37.746	0.417199
37.747	0.609789
37.748	0.73708
37.749	0.783868
37.75	0.752627
37.751	0.654168
37.752	0.501741
37.753	0.306789
37.754	0.067854
37.755	-0.233013
37.756	-0.59695
37.757	-0.968939
37.758	-1.257242
37.759	-1.393466
37.76	-1.365476
37.761	-1.207662
37.762	-0.974541
37.763	-0.720509
37.764	-0.490233
37.765	-0.312018
37.766	-0.193414
37.767	-0.123743
37.768	-0.083003
37.769	-0.05255
37.77	-0.023645
37.771	-0.001481
37.772	-0.003069
37.773	-0.052926
37.774	-0.17873
37.775	-0.398072
37.776	-0.692428
37.777	-0.994942
37.778	-1.221055
37.779	-1.315494
37.78	-1.269853
37.781	-1.109506
37.782	-0.875044
37.783	-0.613316
37.784	-0.372942
37.785	-0.192316
37.786	-0.083334
37.787	-0.028189
37.788	0.00304
37.789	0.028731
37.79	0.044832
37.791	0.034051
37.792	-0.006031
37.793	-0.033549
37.794	0.029796
37.795	0.241024
37.796	0.584047
37.797	0.975327
37.798	1.307008
37.799	1.492211
37.8	1.497594
37.801	1.35078
37.802	1.120203
37.803	0.88203
37.804	0.69212
37.805	0.572384
37.806	0.513991
37.807	0.49278
37.808	0.48409
37.809	0.467436
37.81	0.425355
37.811	0.34812
37.812	0.2448
37.813	0.149441
37.814	0.107077
37.815	0.138879
37.816	0.225427
37.817	0.328763
37.818	0.414513
37.819	0.45615
37.82	0.441648
37.821	0.382924
37.822	0.315188
37.823	0.284133
37.824	0.325746
37.825	0.446774
37.826	0.617161
37.827	0.78279
37.828	0.892887
37.829	0.921304
37.83	0.867424
37.831	0.74572
37.832	0.576043
37.833	0.373054
37.834	0.134176
37.835	-0.157879
37.836	-0.501163
37.837	-0.842532
37.838	-1.100514
37.839	-1.218774
37.84	-1.190316
37.841	-1.046492
37.842	-0.837053
37.843	-0.615771
37.844	-0.429545
37.845	-0.306293
37.846	-0.246987
37.847	-0.229838
37.848	-0.224901
37.849	-0.208849
37.85	-0.173049
37.851	-0.125805
37.852	-0.090554
37.853	-0.10148
37.854	-0.199953
37.855	-0.42112
37.856	-0.754771
37.857	-1.119066
37.858	-1.400042
37.859	-1.520415
37.86	-1.468423
37.861	-1.281907
37.862	-1.020131
37.863	-0.741989
37.864	-0.493466
37.865	-0.303228
37.866	-0.181506
37.867	-0.12012
37.868	-0.09805
37.869	-0.093387
37.87	-0.094045
37.871	-0.098405
37.872	-0.103042
37.873	-0.083613
37.874	0.004558
37.875	0.190496
37.876	0.45727
37.877	0.749131
37.878	0.994067
37.879	1.130014
37.88	1.132535
37.881	1.023893
37.882	0.855994
37.883	0.681565
37.884	0.532684
37.885	0.4184
37.886	0.336162
37.887	0.282037
37.888	0.252506
37.889	0.239494
37.89	0.225831
37.891	0.191078
37.892	0.131358
37.893	0.081134
37.894	0.104575
37.895	0.24583
37.896	0.488127
37.897	0.762609
37.898	0.985618
37.899	1.094767
37.9	1.072002
37.901	0.946006
37.902	0.776848
37.903	0.631845
37.904	0.559909
37.905	0.574086
37.906	0.650391
37.907	0.743838
37.908	0.811925
37.909	0.82916
37.91	0.786319
37.911	0.683338
37.912	0.52763
37.913	0.33313
37.914	0.106364
37.915	-0.161295
37.916	-0.465678
37.917	-0.760425
37.918	-0.977271
37.919	-1.070843
37.92	-1.037559
37.921	-0.906056
37.922	-0.720029
37.923	-0.526226
37.924	-0.366333
37.925	-0.265637
37.926	-0.222708
37.927	-0.212188
37.928	-0.202297
37.929	-0.173313
37.93	-0.125365
37.931	-0.076421
37.932	-0.053453
37.933	-0.084776
37.934	-0.202919
37.935	-0.43729
37.936	-0.774616
37.937	-1.133362
37.938	-1.403841
37.939	-1.513738
37.94	-1.454464
37.941	-1.265087
37.942	-1.004539
37.943	-0.731809
37.944	-0.494758
37.945	-0.322144
37.946	-0.218213
37.947	-0.164994
37.948	-0.135454
37.949	-0.110354
37.95	-0.08693
37.951	-0.07364
37.952	-0.075736
37.953	-0.084762
37.954	-0.084614
37.955	-0.068522
37.956	-0.041559
37.957	-0.007236
37.958	0.034123
37.959	0.075704
37.96	0.10537
37.961	0.116745
37.962	0.115438
37.963	0.114028
37.964	0.121537
37.965	0.137663
37.966	0.154759
37.967	0.163664
37.968	0.159127
37.969	0.140354
37.97	0.106492
37.971	0.058348
37.972	0.013228
37.973	0.016314
37.974	0.123397
37.975	0.356989
37.976	0.679234
37.977	1.010721
37.978	1.267748
37.979	1.389884
37.98	1.357532
37.981	1.197092
37.982	0.970794
37.983	0.755035
37.984	0.611485
37.985	0.561664
37.986	0.583804
37.987	0.635223
37.988	0.677377
37.989	0.68527
37.99	0.645628
37.991	0.555145
37.992	0.422671
37.993	0.268703
37.994	0.112575
37.995	-0.041823
37.996	-0.195646
37.997	-0.333997
37.998	-0.431876
37.999	-0.475036
38.0	-0.464257
38.001	-0.406663
38.002	-0.310442
38.003	-0.186551
38.004	-0.050688
38.005	0.079346
38.006	0.188988
38.007	0.270895
38.008	0.324642
38.009	0.35203
38.01	0.352296
38.011	0.32094
38.012	0.249507
38.013	0.12383
38.014	-0.077486
38.015	-0.371787
38.016	-0.738362
38.017	-1.100157
38.018	-1.361017
38.019	-1.461028
38.02	-1.395882
38.021	-1.202193
38.022	-0.937445
38.023	-0.665202
38.024	-0.439369
38.025	-0.288203
38.026	-0.208035
38.027	-0.172075
38.028	-0.148263
38.029	-0.115996
38.03	-0.074375
38.031	-0.038627
38.032	-0.028897
38.033	-0.059678
38.034	-0.137548
38.035	-0.262557
38.036	-0.418291
38.037	-0.564105
38.038	-0.654787
38.039	-0.668357
38.04	-0.610479
38.041	-0.501449
38.042	-0.36539
38.043	-0.226919
38.044	-0.10961
38.045	-0.030212
38.046	0.008278
38.047	0.016786
38.048	0.012263
38.049	0.006382
38.05	-0.001664
38.051	-0.019787
38.052	-0.04204
38.053	-0.028267
38.054	0.082699
38.055	0.324375
38.056	0.667249
38.057	1.029043
38.058	1.312878
38.059	1.448389
38.06	1.418021
38.061	1.256441
38.062	1.030106
38.063	0.810901
38.064	0.651322
38.065	0.568911
38.066	0.547395
38.067	0.552944
38.068	0.553459
38.069	0.529224
38.07	0.473195
38.071	0.386703
38.072	0.279991
38.073	0.175448
38.074	0.09404
38.075	0.033924
38.076	-0.020187
38.077	-0.070332
38.078	-0.105946
38.079	-0.121428
38.08	-0.119595
38.081	-0.102635
38.082	-0.066881
38.083	-0.009439
38.084	0.0616
38.085	0.126321
38.086	0.162852
38.087	0.159681
38.088	0.120798
38.089	0.061299
38.09	-0.0006
38.091	-0.047908
38.092	-0.0596
38.093	-0.001295
38.094	0.162802
38.095	0.434509
38.096	0.767054
38.097	1.086791
38.098	1.319844
38.099	1.413264
38.1	1.352483
38.101	1.165322
38.102	0.912494
38.103	0.669784
38.104	0.50174
38.105	0.433196
38.106	0.439546
38.107	0.468761
38.108	0.47694
38.109	0.448197
38.11	0.39129
38.111	0.324325
38.112	0.259019
38.113	0.190236
38.114	0.091081
38.115	-0.073418
38.116	-0.304022
38.117	-0.544667
38.118	-0.720978
38.119	-0.791511
38.12	-0.759061
38.121	-0.654797
38.122	-0.523296
38.123	-0.413675
38.124	-0.366978
38.125	-0.396502
38.126	-0.477341
38.127	-0.559648
38.128	-0.595485
38.129	-0.560965
38.13	-0.464221
38.131	-0.338144
38.132	-0.225614
38.133	-0.170002
38.134	-0.213606
38.135	-0.382773
38.136	-0.65343
38.137	-0.942476
38.138	-1.152452
38.139	-1.225559
38.14	-1.160583
38.141	-0.997156
38.142	-0.791977
38.143	-0.601246
38.144	-0.468497
38.145	-0.411647
38.146	-0.415905
38.147	-0.443213
38.148	-0.453852
38.149	-0.426437
38.15	-0.365552
38.151	-0.292501
38.152	-0.221662
38.153	-0.14221
38.154	-0.028747
38.155	0.130762
38.156	0.321748
38.157	0.510153
38.158	0.656314
38.159	0.729232
38.16	0.717862
38.161	0.633915
38.162	0.50425
38.163	0.357484
38.164	0.213791
38.165	0.083108
38.166	-0.029353
38.167	-0.116576
38.168	-0.171097
38.169	-0.192818
38.17	-0.192479
38.171	-0.182851
38.172	-0.15662
38.173	-0.070555
38.174	0.131611
38.175	0.465423
38.176	0.877505
38.177	1.270387
38.178	1.548226
38.179	1.651105
38.18	1.571028
38.181	1.349391
38.182	1.059095
38.183	0.779478
38.184	0.571088
38.185	0.455919
38.186	0.415048
38.187	0.408956
38.188	0.403207
38.189	0.379574
38.19	0.333379
38.191	0.269878
38.192	0.201524
38.193	0.136911
38.194	0.065593
38.195	-0.037679
38.196	-0.181055
38.197	-0.333601
38.198	-0.44721
38.199	-0.494537
38.2	-0.480137
38.201	-0.425277
38.202	-0.350405
38.203	-0.268746
38.204	-0.18906
38.205	-0.119225
38.206	-0.066261
38.207	-0.033816
38.208	-0.019027
38.209	-0.013028
38.21	-0.007507
38.211	-0.000119
38.212	0.003397
38.213	-0.018544
38.214	-0.108512
38.215	-0.30468
38.216	-0.592003
38.217	-0.889349
38.218	-1.099731
38.219	-1.169976
38.22	-1.106428
38.221	-0.953826
38.222	-0.767466
38.223	-0.594685
38.224	-0.466461
38.225	-0.394288
38.226	-0.370812
38.227	-0.375255
38.228	-0.382583
38.229	-0.372496
38.23	-0.335106
38.231	-0.273914
38.232	-0.206038
38.233	-0.156774
38.234	-0.149749
38.235	-0.195024
38.236	-0.277163
38.237	-0.359025
38.238	-0.406999
38.239	-0.409929
38.24	-0.374603
38.241	-0.313562
38.242	-0.241463
38.243	-0.177455
38.244	-0.142156
38.245	-0.14686
38.246	-0.183875
38.247	-0.22846
38.248	-0.254312
38.249	-0.251222
38.25	-0.229038
38.251	-0.202172
38.252	-0.163585
38.253	-0.069348
38.254	0.139348
38.255	0.483066
38.256	0.913218
38.257	1.330313
38.258	1.627451
38.259	1.734463
38.26	1.644261
38.261	1.407886
38.262	1.106336
38.263	0.817494
38.264	0.59119
38.265	0.440901
38.266	0.353013
38.267	0.30378
38.268	0.272588
38.269	0.245955
38.27	0.215063
38.271	0.175548
38.272	0.132839
38.273	0.102814
38.274	0.096316
38.275	0.104878
38.276	0.112207
38.277	0.112082
38.278	0.105985
38.279	0.09348
38.28	0.073275
38.281	0.049948
38.282	0.036421
38.283	0.048714
38.284	0.094965
38.285	0.167538
38.286	0.245833
38.287	0.307824
38.288	0.341315
38.289	0.34608
38.29	0.327145
38.291	0.287075
38.292	0.223356
38.293	0.125371
38.294	-0.031332
38.295	-0.268701
38.296	-0.565898
38.297	-0.850023
38.298	-1.040496
38.299	-1.096356
38.3	-1.026239
38.301	-0.871949
38.302	-0.687591
38.303	-0.523214
38.304	-0.413111
38.305	-0.367452
38.306	-0.370761
38.307	-0.390966
38.308	-0.395699
38.309	-0.366757
38.31	-0.305504
38.311	-0.230012
38.312	-0.167356
38.313	-0.147803
38.314	-0.203893
38.315	-0.355353
38.316	-0.576996
38.317	-0.795669
38.318	-0.935029
38.319	-0.95973
38.32	-0.881472
38.321	-0.738872
38.322	-0.575961
38.323	-0.429983
38.324	-0.325955
38.325	-0.2741
38.326	-0.268739
38.327	-0.289908
38.328	-0.312348
38.329	-0.31958
38.33	-0.310568
38.331	-0.288835
38.332	-0.238985
38.333	-0.114965
38.334	0.134971
38.335	0.519436
38.336	0.97872
38.337	1.407687
38.338	1.703673
38.339	1.805733
38.34	1.710406
38.341	1.464781
38.342	1.144879
38.343	0.829172
38.344	0.574819
38.345	0.403142
38.346	0.301551
38.347	0.242314
38.348	0.203559
38.349	0.173959
38.35	0.142717
38.351	0.099703
38.352	0.056132
38.353	0.053764
38.354	0.135216
38.355	0.304499
38.356	0.520329
38.357	0.720073
38.358	0.848027
38.359	0.874441
38.36	0.803505
38.361	0.670107
38.362	0.527322
38.363	0.428364
38.364	0.405975
38.365	0.457963
38.366	0.551215
38.367	0.641829
38.368	0.69446
38.369	0.690904
38.37	0.629422
38.371	0.519733
38.372	0.376448
38.373	0.206888
38.374	-0.000639
38.375	-0.261496
38.376	-0.556063
38.377	-0.821275
38.378	-0.99059
38.379	-1.03394
38.38	-0.962973
38.381	-0.815002
38.382	-0.638419
38.383	-0.483345
38.384	-0.388123
38.385	-0.363344
38.386	-0.387744
38.387	-0.421576
38.388	-0.428623
38.389	-0.393276
38.39	-0.323849
38.391	-0.244098
38.392	-0.185166
38.393	-0.186006
38.394	-0.290666
38.395	-0.520876
38.396	-0.836806
38.397	-1.14093
38.398	-1.33585
38.399	-1.376133
38.4	-1.273803
38.401	-1.074135
38.402	-0.832252
38.403	-0.600335
38.404	-0.417879
38.405	-0.302525
38.406	-0.247595
38.407	-0.229937
38.408	-0.223939
38.409	-0.214342
38.41	-0.200439
38.411	-0.18612
38.412	-0.161512
38.413	-0.095054
38.414	0.047987
38.415	0.274006
38.416	0.549394
38.417	0.814637
38.418	1.006719
38.419	1.081768
38.42	1.03232
38.421	0.888248
38.422	0.70085
38.423	0.520553
38.424	0.378003
38.425	0.27819
38.426	0.209733
38.427	0.158307
38.428	0.113995
38.429	0.071208
38.43	0.026806
38.431	-0.015233
38.432	-0.031031
38.433	0.025622
38.434	0.193862
38.435	0.467742
38.436	0.792347
38.437	1.089194
38.438	1.284253
38.439	1.332725
38.44	1.235304
38.441	1.036803
38.442	0.810137
38.443	0.631487
38.444	0.55
38.445	0.565658
38.446	0.633707
38.447	0.694858
38.448	0.707225
38.449	0.659302
38.45	0.56405
38.451	0.443543
38.452	0.314057
38.453	0.175211
38.454	0.004886
38.455	-0.221007
38.456	-0.487216
38.457	-0.731462
38.458	-0.88839
38.459	-0.929912
38.46	-0.866066
38.461	-0.726986
38.462	-0.552384
38.463	-0.387056
38.464	-0.268705
38.465	-0.211043
38.466	-0.198502
38.467	-0.198532
38.468	-0.182317
38.469	-0.1408
38.47	-0.087163
38.471	-0.046949
38.472	-0.047301
38.473	-0.116005
38.474	-0.282533
38.475	-0.555993
38.476	-0.890893
38.477	-1.194607
38.478	-1.38032
38.479	-1.409386
38.48	-1.294836
38.481	-1.082171
38.482	-0.828785
38.483	-0.59013
38.484	-0.407913
38.485	-0.297437
38.486	-0.244376
38.487	-0.218184
38.488	-0.191919
38.489	-0.155559
38.49	-0.118146
38.491	-0.097054
38.492	-0.099177
38.493	-0.113834
38.494	-0.127403
38.495	-0.134789
38.496	-0.133361
38.497	-0.119799
38.498	-0.095795
38.499	-0.068702
38.5	-0.045159
38.501	-0.025899
38.502	-0.006864
38.503	0.014434
38.504	0.033408
38.505	0.0408
38.506	0.033175
38.507	0.022575
38.508	0.03217
38.509	0.076647
38.51	0.148136
38.511	0.222008
38.512	0.270302
38.513	0.265448
38.514	0.178928
38.515	-5.1e-05
38.516	-0.235667
38.517	-0.455017
38.518	-0.595217
38.519	-0.636299
38.52	-0.597811
38.521	-0.517678
38.522	-0.433753
38.523	-0.375103
38.524	-0.359697
38.525	-0.390567
38.526	-0.452384
38.527	-0.517093
38.528	-0.556982
38.529	-0.556602
38.53	-0.516016
38.531	-0.439782
38.532	-0.313791
38.533	-0.095261
38.534	0.256416
38.535	0.732449
38.536	1.25915
38.537	1.722213
38.538	2.012936
38.539	2.072275
38.54	1.907832
38.541	1.58121
38.542	1.180457
38.543	0.789871
38.544	0.466411
38.545	0.229771
38.546	0.069218
38.547	-0.037564
38.548	-0.108146
38.549	-0.151126
38.55	-0.169244
38.551	-0.159711
38.552	-0.107435
38.553	0.013021
38.554	0.211416
38.555	0.459538
38.556	0.704148
38.557	0.893777
38.558	0.991536
38.559	0.9807
38.56	0.871043
38.561	0.699414
38.562	0.518804
38.563	0.379214
38.564	0.309761
38.565	0.309205
38.566	0.350595
38.567	0.399427
38.568	0.430594
38.569	0.432174
38.57	0.400911
38.571	0.339871
38.572	0.257129
38.573	0.15371
38.574	0.01141
38.575	-0.186921
38.576	-0.41961
38.577	-0.627461
38.578	-0.755148
38.579	-0.783075
38.58	-0.727925
38.581	-0.626737
38.582	-0.523331
38.583	-0.459477
38.584	-0.46154
38.585	-0.525028
38.586	-0.613953
38.587	-0.680588
38.588	-0.689575
38.589	-0.630966
38.59	-0.520604
38.591	-0.390532
38.592	-0.277443
38.593	-0.222706
38.594	-0.272517
38.595	-0.446844
38.596	-0.700711
38.597	-0.939785
38.598	-1.081252
38.599	-1.095397
38.6	-1.002876
38.601	-0.849955
38.602	-0.686792
38.603	-0.555639
38.604	-0.48347
38.605	-0.474457
38.606	-0.507292
38.607	-0.545722
38.608	-0.558517
38.609	-0.534056
38.61	-0.479074
38.611	-0.401835
38.612	-0.289463
38.613	-0.102284
38.614	0.195346
38.615	0.592637
38.616	1.024628
38.617	1.399431
38.618	1.632917
38.619	1.678335
38.62	1.54109
38.621	1.271152
38.622	0.939617
38.623	0.61279
38.624	0.33406
38.625	0.118472
38.626	-0.038636
38.627	-0.146696
38.628	-0.212796
38.629	-0.244435
38.63	-0.250051
38.631	-0.228971
38.632	-0.158404
38.633	0.001909
38.634	0.275744
38.635	0.637025
38.636	1.016029
38.637	1.330635
38.638	1.511925
38.639	1.523258
38.64	1.37281
38.641	1.111943
38.642	0.819631
38.643	0.576028
38.644	0.430602
38.645	0.382708
38.646	0.391222
38.647	0.405295
38.648	0.392636
38.649	0.348855
38.65	0.288488
38.651	0.229868
38.652	0.181907
38.653	0.131708
38.654	0.042116
38.655	-0.117044
38.656	-0.325443
38.657	-0.517956
38.658	-0.635521
38.659	-0.660482
38.66	-0.613166
38.661	-0.530713
38.662	-0.450794
38.663	-0.405111
38.664	-0.414774
38.665	-0.479373
38.666	-0.568352
38.667	-0.633222
38.668	-0.635543
38.669	-0.566482
38.67	-0.446702
38.671	-0.313789
38.672	-0.208809
38.673	-0.172939
38.674	-0.246769
38.675	-0.442514
38.676	-0.709365
38.677	-0.953336
38.678	-1.097031
38.679	-1.113605
38.68	-1.020525
38.681	-0.860187
38.682	-0.684963
38.683	-0.545333
38.684	-0.475201
38.685	-0.477062
38.686	-0.520238
38.687	-0.558723
38.688	-0.556732
38.689	-0.504534
38.69	-0.416718
38.691	-0.316906
38.692	-0.218028
38.693	-0.115111
38.694	-0.001224
38.695	0.118785
38.696	0.23512
38.697	0.336377
38.698	0.404755
38.699	0.423483
38.7	0.389746
38.701	0.316349
38.702	0.221696
38.703	0.117995
38.704	0.009715
38.705	-0.098258
38.706	-0.194887
38.707	-0.265098
38.708	-0.297737
38.709	-0.29425
38.71	-0.267998
38.711	-0.226952
38.712	-0.149254
38.713	0.017337
38.714	0.314109
38.715	0.725693
38.716	1.175167
38.717	1.554769
38.718	1.769876
38.719	1.777051
38.72	1.59608
38.721	1.294654
38.722	0.95927
38.723	0.664965
38.724	0.454292
38.725	0.331861
38.726	0.274287
38.727	0.249235
38.728	0.232275
38.729	0.212011
38.73	0.185041
38.731	0.152896
38.732	0.125043
38.733	0.110093
38.734	0.095769
38.735	0.057924
38.736	-0.005672
38.737	-0.071958
38.738	-0.119408
38.739	-0.143732
38.74	-0.153324
38.741	-0.158189
38.742	-0.163136
38.743	-0.168114
38.744	-0.172422
38.745	-0.17736
38.746	-0.183632
38.747	-0.187144
38.748	-0.180341
38.749	-0.158023
38.75	-0.121532
38.751	-0.079751
38.752	-0.049475
38.753	-0.061126
38.754	-0.157882
38.755	-0.36018
38.756	-0.624267
38.757	-0.859983
38.758	-0.992881
38.759	-1.002391
38.76	-0.915502
38.761	-0.780518
38.762	-0.645462
38.763	-0.546728
38.764	-0.501888
38.765	-0.506696
38.766	-0.53919
38.767	-0.568725
38.768	-0.567835
38.769	-0.523393
38.77	-0.440269
38.771	-0.335475
38.772	-0.231236
38.773	-0.156486
38.774	-0.146406
38.775	-0.218463
38.776	-0.34343
38.777	-0.458934
38.778	-0.51663
38.779	-0.50908
38.78	-0.459759
38.781	-0.398857
38.782	-0.34749
38.783	-0.316209
38.784	-0.309616
38.785	-0.328043
38.786	-0.364801
38.787	-0.405166
38.788	-0.431702
38.789	-0.432894
38.79	-0.406299
38.791	-0.347204
38.792	-0.229851
38.793	-0.007968
38.794	0.34998
38.795	0.819456
38.796	1.314309
38.797	1.719939
38.798	1.940479
38.799	1.935756
38.8	1.731445
38.801	1.400739
38.802	1.031759
38.803	0.697569
38.804	0.437641
38.805	0.257538
38.806	0.144426
38.807	0.081676
38.808	0.053291
38.809	0.043189
38.81	0.0375
38.811	0.034307
38.812	0.054466
38.813	0.131213
38.814	0.273693
38.815	0.451213
38.816	0.619481
38.817	0.742425
38.818	0.792925
38.819	0.757715
38.82	0.646783
38.821	0.492988
38.822	0.340575
38.823	0.227975
38.824	0.171969
38.825	0.163417
38.826	0.178396
38.827	0.195042
38.828	0.202524
38.829	0.199292
38.83	0.188087
38.831	0.170899
38.832	0.14264
38.833	0.083191
38.834	-0.041656
38.835	-0.24822
38.836	-0.497305
38.837	-0.711271
38.838	-0.830281
38.839	-0.841791
38.84	-0.770538
38.841	-0.658074
38.842	-0.549425
38.843	-0.483259
38.844	-0.479001
38.845	-0.527787
38.846	-0.597357
38.847	-0.647757
38.848	-0.648177
38.849	-0.58819
38.85	-0.479264
38.851	-0.348251
38.852	-0.231538
38.853	-0.174954
38.854	-0.224949
38.855	-0.392129
38.856	-0.620897
38.857	-0.819113
38.858	-0.920102
38.859	-0.911159
38.86	-0.820892
38.861	-0.694113
38.862	-0.57322
38.863	-0.490289
38.864	-0.463163
38.865	-0.489644
38.866	-0.546414
38.867	-0.599717
38.868	-0.621098
38.869	-0.598071
38.87	-0.533825
38.871	-0.431208
38.872	-0.268119
38.873	0.002843
38.874	0.411233
38.875	0.925991
38.876	1.456351
38.877	1.884684
38.878	2.112211
38.879	2.097985
38.88	1.867861
38.881	1.495484
38.882	1.071785
38.883	0.675504
38.884	0.353221
38.885	0.115707
38.886	-0.048085
38.887	-0.150782
38.888	-0.19877
38.889	-0.201275
38.89	-0.177021
38.891	-0.139559
38.892	-0.07145
38.893	0.073146
38.894	0.322906
38.895	0.652497
38.896	0.991661
38.897	1.255784
38.898	1.378123
38.899	1.335964
38.9	1.156193
38.901	0.900288
38.902	0.639642
38.903	0.431275
38.904	0.302703
38.905	0.24936
38.906	0.244883
38.907	0.259729
38.908	0.273956
38.909	0.277027
38.91	0.26316
38.911	0.230587
38.912	0.181638
38.913	0.112457
38.914	0.003508
38.915	-0.158072
38.916	-0.345647
38.917	-0.504265
38.918	-0.592679
38.919	-0.604656
38.92	-0.561332
38.921	-0.496478
38.922	-0.448165
38.923	-0.451138
38.924	-0.520621
38.925	-0.638402
38.926	-0.758364
38.927	-0.82933
38.928	-0.819284
38.929	-0.727946
38.93	-0.58374
38.931	-0.428847
38.932	-0.305521
38.933	-0.253793
38.934	-0.305454
38.935	-0.458632
38.936	-0.661731
38.937	-0.840492
38.938	-0.941228
38.939	-0.94597
38.94	-0.860959
38.941	-0.702462
38.942	-0.491381
38.943	-0.253435
38.944	-0.017305
38.945	0.19057
38.946	0.351593
38.947	0.457957
38.948	0.509501
38.949	0.506474
38.95	0.445569
38.951	0.323337
38.952	0.139512
38.953	-0.1112
38.954	-0.441263
38.955	-0.837908
38.956	-1.232166
38.957	-1.526828
38.958	-1.654651
38.959	-1.604453
38.96	-1.409794
38.961	-1.125836
38.962	-0.811057
38.963	-0.517035
38.964	-0.280097
38.965	-0.11329
38.966	-0.006516
38.967	0.061217
38.968	0.106023
38.969	0.130569
38.97	0.124676
38.971	0.074595
38.972	-0.025258
38.973	-0.175027
38.974	-0.377963
38.975	-0.622624
38.976	-0.860439
38.977	-1.026701
38.978	-1.082286
38.979	-1.027517
38.98	-0.887981
38.981	-0.696028
38.982	-0.480997
38.983	-0.268366
38.984	-0.081368
38.985	0.062186
38.986	0.156317
38.987	0.206359
38.988	0.219273
38.989	0.195594
38.99	0.134159
38.991	0.050632
38.992	-0.004458
38.993	0.042185
38.994	0.2356
38.995	0.550893
38.996	0.904608
38.997	1.197319
38.998	1.352972
38.999	1.344363
39.0	1.198404
39.001	0.980989
39.002	0.77068
39.003	0.630631
39.004	0.586267
39.005	0.618258
39.006	0.677882
39.007	0.715765
39.008	0.702391
39.009	0.629687
39.01	0.505365
39.011	0.353599
39.012	0.213354
39.013	0.118423
39.014	0.071612
39.015	0.049034
39.016	0.031311
39.017	0.015262
39.018	0.000972
39.019	-0.012543
39.02	-0.01898
39.021	-0.001327
39.022	0.059268
39.023	0.169668
39.024	0.317941
39.025	0.477846
39.026	0.619453
39.027	0.71801
39.028	0.75799
39.029	0.732711
39.03	0.642005
39.031	0.491324
39.032	0.287766
39.033	0.029396
39.034	-0.29337
39.035	-0.666246
39.036	-1.026205
39.037	-1.289583
39.038	-1.402445
39.039	-1.359296
39.04	-1.190228
39.041	-0.943558
39.042	-0.676141
39.043	-0.442804
39.044	-0.278597
39.045	-0.185798
39.046	-0.139022
39.047	-0.105228
39.048	-0.063881
39.049	-0.01563
39.05	0.022109
39.051	0.024735
39.052	-0.03325
39.053	-0.177314
39.054	-0.424686
39.055	-0.75437
39.056	-1.089562
39.057	-1.334444
39.058	-1.429441
39.059	-1.3692
39.06	-1.185674
39.061	-0.927282
39.062	-0.647296
39.063	-0.394737
39.064	-0.203383
39.065	-0.083588
39.066	-0.023121
39.067	0.001782
39.068	0.010339
39.069	0.006732
39.07	-0.013829
39.071	-0.043799
39.072	-0.042402
39.073	0.056813
39.074	0.297489
39.075	0.655873
39.076	1.047142
39.077	1.365848
39.078	1.529331
39.079	1.510182
39.08	1.341842
39.081	1.096158
39.082	0.850606
39.083	0.66026
39.084	0.544163
39.085	0.48942
39.086	0.467094
39.087	0.44951
39.088	0.418902
39.089	0.365865
39.09	0.287858
39.091	0.196702
39.092	0.126474
39.093	0.11907
39.094	0.189943
39.095	0.31533
39.096	0.452933
39.097	0.561391
39.098	0.60921
39.099	0.585628
39.1	0.507354
39.101	0.415216
39.102	0.362229
39.103	0.391508
39.104	0.510262
39.105	0.680592
39.106	0.839827
39.107	0.934358
39.108	0.940878
39.109	0.865884
39.11	0.730455
39.111	0.554602
39.112	0.348976
39.113	0.10734
39.114	-0.189522
39.115	-0.536965
39.116	-0.87578
39.117	-1.121626
39.118	-1.220746
39.119	-1.171855
39.12	-1.013196
39.121	-0.800384
39.122	-0.587575
39.123	-0.414568
39.124	-0.300593
39.125	-0.243898
39.126	-0.225973
39.127	-0.220502
39.128	-0.205637
39.129	-0.173455
39.13	-0.132513
39.131	-0.106685
39.132	-0.132711
39.133	-0.254084
39.134	-0.498989
39.135	-0.841814
39.136	-1.193399
39.137	-1.448382
39.138	-1.542324
39.139	-1.469391
39.14	-1.266525
39.141	-0.990437
39.142	-0.702095
39.143	-0.455994
39.144	-0.285643
39.145	-0.191755
39.146	-0.147487
39.147	-0.118891
39.148	-0.086318
39.149	-0.054273
39.15	-0.041895
39.151	-0.056169
39.152	-0.068555
39.153	-0.024113
39.154	0.116561
39.155	0.342708
39.156	0.597632
39.157	0.80988
39.158	0.92535
39.159	0.92677
39.16	0.83506
39.161	0.694644
39.162	0.551582
39.163	0.43564
39.164	0.355215
39.165	0.304555
39.166	0.274091
39.167	0.254819
39.168	0.23631
39.169	0.204754
39.17	0.149036
39.171	0.079745
39.172	0.043216
39.173	0.100158
39.174	0.277515
39.175	0.542099
39.176	0.818978
39.177	1.029213
39.178	1.119968
39.179	1.080082
39.18	0.940547
39.181	0.761794
39.182	0.612415
39.183	0.54411
39.184	0.569746
39.185	0.658895
39.186	0.758223
39.187	0.820111
39.188	0.819005
39.189	0.751648
39.19	0.629185
39.191	0.469324
39.192	0.286528
39.193	0.077676
39.194	-0.175604
39.195	-0.47059
39.196	-0.755936
39.197	-0.959673
39.198	-1.038582
39.199	-0.994786
39.2	-0.860577
39.201	-0.679498
39.202	-0.495852
39.203	-0.34656
39.204	-0.251496
39.205	-0.208358
39.206	-0.197474
39.207	-0.193703
39.208	-0.178934
39.209	-0.149303
39.21	-0.113554
39.211	-0.089888
39.212	-0.109704
39.213	-0.218264
39.214	-0.451166
39.215	-0.789127
39.216	-1.142161
39.217	-1.398577
39.218	-1.491005
39.219	-1.418212
39.22	-1.223923
39.221	-0.96698
39.222	-0.703102
39.223	-0.475695
39.224	-0.308855
39.225	-0.205098
39.226	-0.149518
39.227	-0.117149
39.228	-0.085574
39.229	-0.05071
39.23	-0.028076
39.231	-0.032935
39.232	-0.061896
39.233	-0.097258
39.234	-0.124053
39.235	-0.135524
39.236	-0.128505
39.237	-0.105513
39.238	-0.076534
39.239	-0.049825
39.24	-0.024095
39.241	0.007132
39.242	0.045252
39.243	0.081707
39.244	0.104357
39.245	0.109275
39.246	0.104337
39.247	0.09984
39.248	0.097
39.249	0.086235
39.25	0.057333
39.251	0.019032
39.252	0.015527
39.253	0.110633
39.254	0.33734
39.255	0.663573
39.256	1.005389
39.257	1.265929
39.258	1.377004
39.259	1.326383
39.26	1.1561
39.261	0.938032
39.262	0.744051
39.263	0.621803
39.264	0.581407
39.265	0.598834
39.266	0.634996
39.267	0.656151
39.268	0.642421
39.269	0.586278
39.27	0.489496
39.271	0.362376
39.272	0.222871
39.273	0.085948
39.274	-0.048333
39.275	-0.182205
39.276	-0.300693
39.277	-0.38033
39.278	-0.409338
39.279	-0.390922
39.28	-0.334715
39.281	-0.250704
39.282	-0.149243
39.283	-0.043139
39.284	0.05347
39.285	0.1296
39.286	0.181027
39.287	0.210785
39.288	0.225159
39.289	0.226416
39.29	0.208316
39.291	0.15699
39.292	0.052256
39.293	-0.133061
39.294	-0.417974
39.295	-0.776235
39.296	-1.124036
39.297	-1.363861
39.298	-1.439752
39.299	-1.354302
39.3	-1.151715
39.301	-0.892359
39.302	-0.633697
39.303	-0.419155
39.304	-0.270155
39.305	-0.183523
39.306	-0.138584
39.307	-0.11008
39.308	-0.080592
39.309	-0.047977
39.31	-0.024939
39.311	-0.030295
39.312	-0.082026
39.313	-0.199624
39.314	-0.395093
39.315	-0.644289
39.316	-0.879821
39.317	-1.028703
39.318	-1.054839
39.319	-0.967775
39.32	-0.804475
39.321	-0.606921
39.322	-0.409501
39.323	-0.237526
39.324	-0.10837
39.325	-0.028664
39.326	0.008412
39.327	0.017739
39.328	0.011483
39.329	-0.006902
39.33	-0.03724
39.331	-0.06324
39.332	-0.036363
39.333	0.103533
39.334	0.37688
39.335	0.737371
39.336	1.094911
39.337	1.358538
39.338	1.46964
39.339	1.417831
39.34	1.239125
39.341	1.000019
39.342	0.774274
39.343	0.618052
39.344	0.549254
39.345	0.544206
39.346	0.558396
39.347	0.553788
39.348	0.511626
39.349	0.43046
39.35	0.322923
39.351	0.215967
39.352	0.143561
39.353	0.12541
39.354	0.150321
39.355	0.188798
39.356	0.219963
39.357	0.236461
39.358	0.233276
39.359	0.208898
39.36	0.173018
39.361	0.140321
39.362	0.116188
39.363	0.093407
39.364	0.061779
39.365	0.018809
39.366	-0.026682
39.367	-0.060635
39.368	-0.075684
39.369	-0.077342
39.37	-0.074922
39.371	-0.060451
39.372	0.004251
39.373	0.166993
39.374	0.440898
39.375	0.782153
39.376	1.108282
39.377	1.335131
39.378	1.410106
39.379	1.328725
39.38	1.130871
39.381	0.883229
39.382	0.655601
39.383	0.497678
39.384	0.424138
39.385	0.415333
39.386	0.434165
39.387	0.448165
39.388	0.441166
39.389	0.409771
39.39	0.355574
39.391	0.282706
39.392	0.191346
39.393	0.065311
39.394	-0.117429
39.395	-0.347753
39.396	-0.572118
39.397	-0.726494
39.398	-0.777299
39.399	-0.732383
39.4	-0.627173
39.401	-0.506726
39.402	-0.414004
39.403	-0.379861
39.404	-0.410694
39.405	-0.483212
39.406	-0.555421
39.407	-0.587992
39.408	-0.561074
39.409	-0.478729
39.41	-0.364385
39.411	-0.253235
39.412	-0.189951
39.413	-0.227279
39.414	-0.399452
39.415	-0.678064
39.416	-0.969214
39.417	-1.170051
39.418	-1.227081
39.419	-1.14875
39.42	-0.981929
39.421	-0.783402
39.422	-0.602684
39.423	-0.473022
39.424	-0.405789
39.425	-0.390174
39.426	-0.400045
39.427	-0.406727
39.428	-0.391942
39.429	-0.353089
39.43	-0.297045
39.431	-0.227297
39.432	-0.136975
39.433	-0.018372
39.434	0.121433
39.435	0.263268
39.436	0.389762
39.437	0.485883
39.438	0.534548
39.439	0.523555
39.44	0.455902
39.441	0.350614
39.442	0.233293
39.443	0.123962
39.444	0.030198
39.445	-0.049745
39.446	-0.117876
39.447	-0.170811
39.448	-0.202314
39.449	-0.2096
39.45	-0.193542
39.451	-0.147225
39.452	-0.040234
39.453	0.172376
39.454	0.505325
39.455	0.909893
39.456	1.290688
39.457	1.550455
39.458	1.630205
39.459	1.529542
39.46	1.30026
39.461	1.019947
39.462	0.761601
39.463	0.57041
39.464	0.456094
39.465	0.402433
39.466	0.383299
39.467	0.37481
39.468	0.360004
39.469	0.328283
39.47	0.276409
39.471	0.212568
39.472	0.151993
39.473	0.099123
39.474	0.042047
39.475	-0.026047
39.476	-0.092735
39.477	-0.140843
39.478	-0.164256
39.479	-0.165905
39.48	-0.149839
39.481	-0.118959
39.482	-0.077498
39.483	-0.033284
39.484	0.004363
39.485	0.030298
39.486	0.046872
39.487	0.060686
39.488	0.076241
39.489	0.092522
39.49	0.101883
39.491	0.088964
39.492	0.028771
39.493	-0.112337
39.494	-0.354279
39.495	-0.665139
39.496	-0.960269
39.497	-1.153301
39.498	-1.203168
39.499	-1.119962
39.5	-0.946497
39.501	-0.739706
39.502	-0.555692
39.503	-0.433998
39.504	-0.385212
39.505	-0.390156
39.506	-0.411962
39.507	-0.414839
39.508	-0.380403
39.509	-0.313072
39.51	-0.233201
39.511	-0.165544
39.512	-0.132379
39.513	-0.153245
39.514	-0.236865
39.515	-0.361965
39.516	-0.479471
39.517	-0.54485
39.518	-0.542741
39.519	-0.484753
39.52	-0.395018
39.521	-0.29857
39.522	-0.21742
39.523	-0.169348
39.524	-0.162201
39.525	-0.188098
39.526	-0.226595
39.527	-0.255367
39.528	-0.261813
39.529	-0.248367
39.53	-0.222616
39.531	-0.17307
39.532	-0.055434
39.533	0.181456
39.534	0.546478
39.535	0.982539
39.536	1.387028
39.537	1.658422
39.538	1.738885
39.539	1.630484
39.54	1.384818
39.541	1.079061
39.542	0.78902
39.543	0.56559
39.544	0.422575
39.545	0.342481
39.546	0.295789
39.547	0.258828
39.548	0.219524
39.549	0.173896
39.55	0.124532
39.551	0.0879
39.552	0.093653
39.553	0.159178
39.554	0.269101
39.555	0.38879
39.556	0.487077
39.557	0.542858
39.558	0.544497
39.559	0.492396
39.56	0.403339
39.561	0.311243
39.562	0.257829
39.563	0.272285
39.564	0.350733
39.565	0.455255
39.566	0.538303
39.567	0.569817
39.568	0.545633
39.569	0.479146
39.57	0.38786
39.571	0.282589
39.572	0.156343
39.573	-0.021614
39.574	-0.279387
39.575	-0.593837
39.576	-0.884506
39.577	-1.067013
39.578	-1.104734
39.579	-1.015535
39.58	-0.84778
39.581	-0.656829
39.582	-0.493898
39.583	-0.395895
39.584	-0.37083
39.585	-0.39289
39.586	-0.417631
39.587	-0.407793
39.588	-0.352156
39.589	-0.267505
39.59	-0.185273
39.591	-0.137839
39.592	-0.158852
39.593	-0.283885
39.594	-0.524585
39.595	-0.834464
39.596	-1.119236
39.597	-1.291684
39.598	-1.315059
39.599	-1.204769
39.6	-1.005557
39.601	-0.770915
39.602	-0.552897
39.603	-0.392817
39.604	-0.307361
39.605	-0.282026
39.606	-0.283396
39.607	-0.281146
39.608	-0.263712
39.609	-0.239349
39.61	-0.217608
39.611	-0.179546
39.612	-0.068882
39.613	0.171812
39.614	0.547765
39.615	0.99421
39.616	1.404718
39.617	1.677437
39.618	1.754475
39.619	1.639751
39.62	1.388851
39.621	1.0803
39.622	0.785509
39.623	0.547851
39.624	0.37743
39.625	0.262937
39.626	0.18796
39.627	0.137825
39.628	0.098749
39.629	0.059644
39.63	0.020653
39.631	0.004322
39.632	0.054318
39.633	0.205308
39.634	0.447245
39.635	0.726321
39.636	0.973065
39.637	1.126094
39.638	1.150619
39.639	1.051688
39.64	0.872606
39.641	0.679606
39.642	0.538865
39.643	0.490562
39.644	0.530429
39.645	0.614349
39.646	0.686868
39.647	0.710634
39.648	0.675754
39.649	0.592405
39.65	0.478948
39.651	0.348821
39.652	0.197557
39.653	0.000292
39.654	-0.262008
39.655	-0.562158
39.656	-0.82753
39.657	-0.988656
39.658	-1.019058
39.659	-0.936442
39.66	-0.783157
39.661	-0.608654
39.662	-0.458374
39.663	-0.363256
39.664	-0.330553
39.665	-0.343368
39.666	-0.371152
39.667	-0.383961
39.668	-0.36345
39.669	-0.308663
39.67	-0.236419
39.671	-0.179095
39.672	-0.183906
39.673	-0.304094
39.674	-0.561182
39.675	-0.902795
39.676	-1.218379
39.677	-1.407184
39.678	-1.428823
39.679	-1.304103
39.68	-1.087795
39.681	-0.84054
39.682	-0.611581
39.683	-0.432872
39.684	-0.317893
39.685	-0.261829
39.686	-0.246048
39.687	-0.247183
39.688	-0.247298
39.689	-0.239412
39.69	-0.222431
39.691	-0.185235
39.692	-0.098642
39.693	0.064094
39.694	0.299889
39.695	0.572518
39.696	0.824922
39.697	0.99684
39.698	1.049947
39.699	0.986158
39.7	0.84266
39.701	0.668455
39.702	0.500387
39.703	0.354254
39.704	0.232806
39.705	0.13785
39.706	0.073723
39.707	0.040775
39.708	0.027929
39.709	0.015113
39.71	-0.010358
39.711	-0.028924
39.712	0.017216
39.713	0.184636
39.714	0.475952
39.715	0.828972
39.716	1.14761
39.717	1.344827
39.718	1.377859
39.719	1.260577
39.72	1.050989
39.721	0.825185
39.722	0.649283
39.723	0.558653
39.724	0.549718
39.725	0.588181
39.726	0.631397
39.727	0.648168
39.728	0.62317
39.729	0.552141
39.73	0.439696
39.731	0.298672
39.732	0.137765
39.733	-0.053393
39.734	-0.287164
39.735	-0.540949
39.736	-0.757355
39.737	-0.883502
39.738	-0.900701
39.739	-0.824245
39.74	-0.687579
39.741	-0.528846
39.742	-0.384498
39.743	-0.282041
39.744	-0.22985
39.745	-0.214401
39.746	-0.210776
39.747	-0.197804
39.748	-0.167697
39.749	-0.128296
39.75	-0.097776
39.751	-0.097336
39.752	-0.155352
39.753	-0.31015
39.754	-0.577024
39.755	-0.905922
39.756	-1.19685
39.757	-1.362726
39.758	-1.372202
39.759	-1.247313
39.76	-1.038166
39.761	-0.799427
39.762	-0.576987
39.763	-0.401614
39.764	-0.284954
39.765	-0.219172
39.766	-0.184499
39.767	-0.162121
39.768	-0.143326
39.769	-0.12948
39.77	-0.124856
39.771	-0.128806
39.772	-0.137492
39.773	-0.154321
39.774	-0.186727
39.775	-0.227631
39.776	-0.255037
39.777	-0.25406
39.778	-0.228807
39.779	-0.192976
39.78	-0.155788
39.781	-0.118223
39.782	-0.079748
39.783	-0.045997
39.784	-0.028306
39.785	-0.031566
39.786	-0.042278
39.787	-0.03596
39.788	0.003015
39.789	0.070828
39.79	0.144197
39.791	0.186387
39.792	0.156815
39.793	0.022015
39.794	-0.219343
39.795	-0.512725
39.796	-0.769938
39.797	-0.92249
39.798	-0.950915
39.799	-0.877518
39.8	-0.745288
39.801	-0.602379
39.802	-0.493548
39.803	-0.448433
39.804	-0.46813
39.805	-0.52374
39.806	-0.57198
39.807	-0.579458
39.808	-0.539761
39.809	-0.47
39.81	-0.385637
39.811	-0.26825
39.812	-0.059579
39.813	0.294012
39.814	0.781369
39.815	1.313347
39.816	1.764122
39.817	2.027116
39.818	2.05408
39.819	1.864661
39.82	1.528083
39.821	1.130875
39.822	0.74743
39.823	0.423718
39.824	0.176299
39.825	0.002896
39.826	-0.105503
39.827	-0.160078
39.828	-0.176253
39.829	-0.172207
39.83	-0.154211
39.831	-0.098631
39.832	0.040643
39.833	0.291077
39.834	0.626691
39.835	0.976567
39.836	1.258721
39.837	1.408912
39.838	1.398738
39.839	1.243123
39.84	0.994741
39.841	0.72716
39.842	0.510915
39.843	0.386888
39.844	0.351582
39.845	0.368159
39.846	0.393043
39.847	0.397333
39.848	0.372756
39.849	0.324934
39.85	0.264676
39.851	0.20067
39.852	0.125769
39.853	0.008558
39.854	-0.176503
39.855	-0.403856
39.856	-0.605306
39.857	-0.723362
39.858	-0.743473
39.859	-0.687406
39.86	-0.593343
39.861	-0.501528
39.862	-0.445429
39.863	-0.443178
39.864	-0.490319
39.865	-0.560269
39.866	-0.615958
39.867	-0.627049
39.868	-0.581812
39.869	-0.487743
39.87	-0.367122
39.871	-0.25539
39.872	-0.202456
39.873	-0.263348
39.874	-0.458132
39.875	-0.732148
39.876	-0.980474
39.877	-1.118286
39.878	-1.121626
39.879	-1.018016
39.88	-0.857712
39.881	-0.691976
39.882	-0.561859
39.883	-0.490533
39.884	-0.478856
39.885	-0.507445
39.886	-0.545084
39.887	-0.561919
39.888	-0.542255
39.889	-0.486712
39.89	-0.399534
39.891	-0.271012
39.892	-0.0762
39.893	0.19943
39.894	0.536004
39.895	0.883664
39.896	1.177877
39.897	1.355571
39.898	1.378895
39.899	1.251914
39.9	1.016499
39.901	0.733493
39.902	0.458976
39.903	0.226099
39.904	0.042973
39.905	-0.095853
39.906	-0.197349
39.907	-0.264576
39.908	-0.297851
39.909	-0.29759
39.91	-0.25916
39.911	-0.159618
39.912	0.038822
39.913	0.352487
39.914	0.746955
39.915	1.147765
39.916	1.467283
39.917	1.632478
39.918	1.612991
39.919	1.432563
39.92	1.156072
39.921	0.86265
39.922	0.617627
39.923	0.453123
39.924	0.36584
39.925	0.331465
39.926	0.322866
39.927	0.320395
39.928	0.312585
39.929	0.292423
39.93	0.255319
39.931	0.20057
39.932	0.125014
39.933	0.011469
39.934	-0.153362
39.935	-0.344758
39.936	-0.508814
39.937	-0.603763
39.938	-0.620297
39.939	-0.574093
39.94	-0.492323
39.941	-0.405624
39.942	-0.34304
39.943	-0.323055
39.944	-0.343854
39.945	-0.383311
39.946	-0.410177
39.947	-0.399895
39.948	-0.346466
39.949	-0.263808
39.95	-0.178549
39.951	-0.121854
39.952	-0.129525
39.953	-0.239656
39.954	-0.46077
39.955	-0.738037
39.956	-0.976888
39.957	-1.104162
39.958	-1.101193
39.959	-0.995194
39.96	-0.8349
39.961	-0.671347
39.962	-0.546652
39.963	-0.483424
39.964	-0.477502
39.965	-0.502262
39.966	-0.522364
39.967	-0.510214
39.968	-0.458221
39.969	-0.379189
39.97	-0.292645
39.971	-0.208692
39.972	-0.12888
39.973	-0.059991
39.974	-0.011769
39.975	0.01857
39.976	0.043025
39.977	0.065633
39.978	0.078383
39.979	0.071037
39.98	0.040485
39.981	-0.008705
39.982	-0.070406
39.983	-0.141218
39.984	-0.217599
39.985	-0.290343
39.986	-0.345394
39.987	-0.37144
39.988	-0.367261
39.989	-0.340844
39.99	-0.292577
39.991	-0.192035
39.992	0.015799
39.993	0.361148
39.994	0.80802
39.995	1.265677
39.996	1.629507
39.997	1.818258
39.998	1.79935
39.999	1.596051
40.0	1.274955
40.001	0.92223
40.002	0.616894
40.003	0.404885
40.004	0.286004
40.005	0.227564
40.006	0.192995
40.007	0.160145
40.008	0.122671
40.009	0.08511
40.01	0.059131
40.011	0.058178
40.012	0.083864
40.013	0.114179
40.014	0.121155
40.015	0.101753
40.016	0.073062
40.017	0.045311
40.018	0.016591
40.019	-0.014269
40.02	-0.039953
40.021	-0.048743
40.022	-0.033608
40.023	0.00301
40.024	0.051246
40.025	0.099581
40.026	0.140557
40.027	0.171697
40.028	0.190653
40.029	0.192574
40.03	0.172966
40.031	0.126159
40.032	0.035067
40.033	-0.128232
40.034	-0.369777
40.035	-0.641694
40.036	-0.86453
40.037	-0.980857
40.038	-0.980251
40.039	-0.888679
40.04	-0.749049
40.041	-0.608818
40.042	-0.510688
40.043	-0.478272
40.044	-0.503883
40.045	-0.552486
40.046	-0.581821
40.047	-0.563657
40.048	-0.493711
40.049	-0.389194
40.05	-0.278963
40.051	-0.19405
40.052	-0.166204
40.053	-0.224761
40.054	-0.370774
40.055	-0.554577
40.056	-0.703116
40.057	-0.769476
40.058	-0.750014
40.059	-0.669255
40.06	-0.560662
40.061	-0.457157
40.062	-0.387432
40.063	-0.369933
40.064	-0.403266
40.065	-0.462984
40.066	-0.513743
40.067	-0.528977
40.068	-0.502547
40.069	-0.443831
40.07	-0.35725
40.071	-0.218099
40.072	0.024445
40.073	0.400708
40.074	0.878146
40.075	1.367601
40.076	1.758119
40.077	1.957946
40.078	1.93084
40.079	1.706277
40.08	1.360015
40.081	0.981364
40.082	0.641879
40.083	0.377405
40.084	0.190358
40.085	0.065648
40.086	-0.01346
40.087	-0.058528
40.088	-0.077512
40.089	-0.076303
40.09	-0.053644
40.091	0.006723
40.092	0.127415
40.093	0.307994
40.094	0.514219
40.095	0.701573
40.096	0.8336
40.097	0.883161
40.098	0.838154
40.099	0.710761
40.1	0.538966
40.101	0.377157
40.102	0.27532
40.103	0.254975
40.104	0.298196
40.105	0.360614
40.106	0.400717
40.107	0.401455
40.108	0.369565
40.109	0.321091
40.11	0.26856
40.111	0.212828
40.112	0.133307
40.113	-0.007974
40.114	-0.22605
40.115	-0.476627
40.116	-0.681454
40.117	-0.785427
40.118	-0.782174
40.119	-0.702335
40.12	-0.591521
40.121	-0.496414
40.122	-0.456989
40.123	-0.491771
40.124	-0.582366
40.125	-0.679182
40.126	-0.729104
40.127	-0.702446
40.128	-0.602914
40.129	-0.46164
40.13	-0.32229
40.131	-0.227145
40.132	-0.215148
40.133	-0.317362
40.134	-0.526528
40.135	-0.776294
40.136	-0.976112
40.137	-1.066305
40.138	-1.038572
40.139	-0.922966
40.14	-0.767112
40.141	-0.62108
40.142	-0.525857
40.143	-0.500976
40.144	-0.535682
40.145	-0.592858
40.146	-0.628325
40.147	-0.614926
40.148	-0.554162
40.149	-0.466089
40.15	-0.362448
40.151	-0.220852
40.152	0.010128
40.153	0.36476
40.154	0.815618
40.155	1.275198
40.156	1.634919
40.157	1.811311
40.158	1.776929
40.159	1.562713
40.16	1.235834
40.161	0.869266
40.162	0.519747
40.163	0.221069
40.164	-0.01251
40.165	-0.178385
40.166	-0.278235
40.167	-0.317925
40.168	-0.311912
40.169	-0.278657
40.17	-0.221086
40.171	-0.109998
40.172	0.100713
40.173	0.428126
40.174	0.829074
40.175	1.216608
40.176	1.500559
40.177	1.618974
40.178	1.554791
40.179	1.338384
40.18	1.035907
40.181	0.728205
40.182	0.484582
40.183	0.338055
40.184	0.277708
40.185	0.266085
40.186	0.265974
40.187	0.256728
40.188	0.23482
40.189	0.205745
40.19	0.177144
40.191	0.15126
40.192	0.111944
40.193	0.025641
40.194	-0.123636
40.195	-0.302859
40.196	-0.451662
40.197	-0.529628
40.198	-0.535318
40.199	-0.494375
40.2	-0.441856
40.201	-0.411943
40.202	-0.430429
40.203	-0.504945
40.204	-0.617968
40.205	-0.730777
40.206	-0.800009
40.207	-0.797134
40.208	-0.718984
40.209	-0.585404
40.21	-0.428942
40.211	-0.284303
40.212	-0.183224
40.213	-0.151234
40.214	-0.19364
40.215	-0.28311
40.216	-0.374984
40.217	-0.435109
40.218	-0.449695
40.219	-0.416802
40.22	-0.33479
40.221	-0.199164
40.222	-0.010228
40.223	0.215389
40.224	0.442324
40.225	0.629367
40.226	0.745906
40.227	0.779183
40.228	0.731784
40.229	0.614645
40.23	0.441815
40.231	0.22347
40.232	-0.047596
40.233	-0.39123
40.234	-0.796599
40.235	-1.191063
40.236	-1.475752
40.237	-1.587817
40.238	-1.524538
40.239	-1.326638
40.24	-1.051806
40.241	-0.756602
40.242	-0.486076
40.243	-0.267936
40.244	-0.111377
40.245	-0.010154
40.246	0.050618
40.247	0.085367
40.248	0.100774
40.249	0.093622
40.25	0.050649
40.251	-0.04963
40.252	-0.227965
40.253	-0.488326
40.254	-0.798818
40.255	-1.089666
40.256	-1.28596
40.257	-1.346587
40.258	-1.272468
40.259	-1.090633
40.26	-0.839671
40.261	-0.565502
40.262	-0.316357
40.263	-0.127337
40.264	-0.00604
40.265	0.064214
40.266	0.106627
40.267	0.132816
40.268	0.135432
40.269	0.100799
40.27	0.03811
40.271	-0.000547
40.272	0.061304
40.273	0.269764
40.274	0.598683
40.275	0.960246
40.276	1.249282
40.277	1.38869
40.278	1.359148
40.279	1.199946
40.28	0.98357
40.281	0.782591
40.282	0.643817
40.283	0.577932
40.284	0.567061
40.285	0.581679
40.286	0.593547
40.287	0.580657
40.288	0.52868
40.289	0.433896
40.29	0.310106
40.291	0.192977
40.292	0.124031
40.293	0.118946
40.294	0.159775
40.295	0.216611
40.296	0.262411
40.297	0.277147
40.298	0.256126
40.299	0.215628
40.3	0.188424
40.301	0.21196
40.302	0.311313
40.303	0.481055
40.304	0.680798
40.305	0.854279
40.306	0.957292
40.307	0.971649
40.308	0.901636
40.309	0.763468
40.31	0.574143
40.311	0.342615
40.312	0.063841
40.313	-0.273474
40.314	-0.653143
40.315	-1.009619
40.316	-1.260025
40.317	-1.354673
40.318	-1.294077
40.319	-1.115101
40.32	-0.872314
40.321	-0.623788
40.322	-0.417317
40.323	-0.277821
40.324	-0.202879
40.325	-0.169811
40.326	-0.149692
40.327	-0.1217
40.328	-0.082318
40.329	-0.04561
40.33	-0.037709
40.331	-0.09212
40.332	-0.246351
40.333	-0.523833
40.334	-0.895662
40.335	-1.268096
40.336	-1.530401
40.337	-1.61681
40.338	-1.526386
40.339	-1.304265
40.34	-1.01325
40.341	-0.71306
40.342	-0.450212
40.343	-0.252808
40.344	-0.127796
40.345	-0.063282
40.346	-0.036988
40.347	-0.029176
40.348	-0.032668
40.349	-0.049785
40.35	-0.07272
40.351	-0.064598
40.352	0.0273
40.353	0.229294
40.354	0.515082
40.355	0.816834
40.356	1.055528
40.357	1.17303
40.358	1.153029
40.359	1.021399
40.36	0.831241
40.361	0.641914
40.362	0.497622
40.363	0.413029
40.364	0.374694
40.365	0.358069
40.366	0.345058
40.367	0.326555
40.368	0.292424
40.369	0.229369
40.37	0.142332
40.371	0.07731
40.372	0.101516
40.373	0.248052
40.374	0.48614
40.375	0.740786
40.376	0.931837
40.377	1.007666
40.378	0.962956
40.379	0.835222
40.38	0.685805
40.381	0.576021
40.382	0.545689
40.383	0.598434
40.384	0.702413
40.385	0.809916
40.386	0.880134
40.387	0.888684
40.388	0.825939
40.389	0.69486
40.39	0.51011
40.391	0.288873
40.392	0.034322
40.393	-0.261447
40.394	-0.584537
40.395	-0.880243
40.396	-1.081342
40.397	-1.149769
40.398	-1.089602
40.399	-0.933738
40.4	-0.727129
40.401	-0.517548
40.402	-0.347057
40.403	-0.238147
40.404	-0.185117
40.405	-0.162115
40.406	-0.14126
40.407	-0.107579
40.408	-0.065291
40.409	-0.033341
40.41	-0.034913
40.411	-0.096505
40.412	-0.253
40.413	-0.527747
40.414	-0.890041
40.415	-1.246667
40.416	-1.492514
40.417	-1.568635
40.418	-1.477709
40.419	-1.263901
40.42	-0.986665
40.421	-0.704544
40.422	-0.46583
40.423	-0.29783
40.424	-0.199844
40.425	-0.14968
40.426	-0.120652
40.427	-0.096594
40.428	-0.076644
40.429	-0.068681
40.43	-0.07525
40.431	-0.084695
40.432	-0.080075
40.433	-0.055428
40.434	-0.015733
40.435	0.03352
40.436	0.085325
40.437	0.126942
40.438	0.147165
40.439	0.146264
40.44	0.136168
40.441	0.131565
40.442	0.140195
40.443	0.158505
40.444	0.175406
40.445	0.181307
40.446	0.173138
40.447	0.150793
40.448	0.112784
40.449	0.061963
40.45	0.019833
40.451	0.034058
40.452	0.157489
40.453	0.403478
40.454	0.725585
40.455	1.041989
40.456	1.271031
40.457	1.358048
40.458	1.293467
40.459	1.114797
40.46	0.891271
40.461	0.699272
40.462	0.593974
40.463	0.586086
40.464	0.640322
40.465	0.700037
40.466	0.719885
40.467	0.682826
40.468	0.595922
40.469	0.477967
40.47	0.348315
40.471	0.216277
40.472	0.072522
40.473	-0.102834
40.474	-0.309131
40.475	-0.507631
40.476	-0.647534
40.477	-0.702025
40.478	-0.673566
40.479	-0.577995
40.48	-0.435316
40.481	-0.270751
40.482	-0.112681
40.483	0.016721
40.484	0.109436
40.485	0.171007
40.486	0.212847
40.487	0.242384
40.488	0.256633
40.489	0.242744
40.49	0.183813
40.491	0.061134
40.492	-0.148043
40.493	-0.45456
40.494	-0.822688
40.495	-1.166267
40.496	-1.394724
40.497	-1.460016
40.498	-1.366372
40.499	-1.15514
40.5	-0.886149
40.501	-0.62128
40.502	-0.409411
40.503	-0.273484
40.504	-0.205475
40.505	-0.175298
40.506	-0.150457
40.507	-0.114003
40.508	-0.070165
40.509	-0.038017
40.51	-0.03784
40.511	-0.078845
40.512	-0.16078
40.513	-0.278557
40.514	-0.412217
40.515	-0.524148
40.516	-0.581121
40.517	-0.573047
40.518	-0.509591
40.519	-0.408797
40.52	-0.290823
40.521	-0.176186
40.522	-0.083741
40.523	-0.02622
40.524	-0.004695
40.525	-0.00709
40.526	-0.015849
40.527	-0.021447
40.528	-0.02879
40.529	-0.046338
40.53	-0.062243
40.531	-0.029321
40.532	0.112702
40.533	0.386335
40.534	0.748101
40.535	1.106609
40.536	1.365341
40.537	1.463804
40.538	1.397454
40.539	1.210818
40.54	0.974842
40.541	0.760052
40.542	0.613086
40.543	0.54422
40.544	0.531103
40.545	0.536688
40.546	0.529916
40.547	0.495074
40.548	0.427887
40.549	0.332269
40.55	0.227194
40.551	0.147119
40.552	0.118882
40.553	0.139351
40.554	0.183881
40.555	0.228754
40.556	0.259335
40.557	0.267023
40.558	0.249247
40.559	0.214619
40.56	0.186681
40.561	0.197891
40.562	0.270911
40.563	0.398901
40.564	0.544444
40.565	0.660651
40.566	0.715252
40.567	0.700516
40.568	0.627692
40.569	0.513923
40.57	0.371447
40.571	0.196598
40.572	-0.037692
40.573	-0.356714
40.574	-0.734294
40.575	-1.084257
40.576	-1.313114
40.577	-1.374196
40.578	-1.277375
40.579	-1.068256
40.58	-0.807322
40.581	-0.557655
40.582	-0.370149
40.583	-0.264645
40.584	-0.223501
40.585	-0.20669
40.586	-0.177952
40.587	-0.12426
40.588	-0.058803
40.589	-0.010437
40.59	-0.010784
40.591	-0.090371
40.592	-0.278212
40.593	-0.581251
40.594	-0.950789
40.595	-1.28733
40.596	-1.49486
40.597	-1.529235
40.598	-1.40334
40.599	-1.164004
40.6	-0.869791
40.601	-0.57966
40.602	-0.342502
40.603	-0.183331
40.604	-0.096949
40.605	-0.057458
40.606	-0.037267
40.607	-0.023257
40.608	-0.020328
40.609	-0.035466
40.61	-0.051339
40.611	-0.015742
40.612	0.132142
40.613	0.41214
40.614	0.77703
40.615	1.134047
40.616	1.38923
40.617	1.484794
40.618	1.417299
40.619	1.231779
40.62	0.997559
40.621	0.779875
40.622	0.618237
40.623	0.519648
40.624	0.4679
40.625	0.438832
40.626	0.411797
40.627	0.373321
40.628	0.315539
40.629	0.238914
40.63	0.161477
40.631	0.117808
40.632	0.134795
40.633	0.208401
40.634	0.31061
40.635	0.409562
40.636	0.477315
40.637	0.493282
40.638	0.451955
40.639	0.365339
40.64	0.254947
40.641	0.140235
40.642	0.031822
40.643	-0.06699
40.644	-0.153852
40.645	-0.223437
40.646	-0.268626
40.647	-0.28561
40.648	-0.278239
40.649	-0.250325
40.65	-0.185837
40.651	-0.043473
40.652	0.213376
40.653	0.575897
40.654	0.98161
40.655	1.342002
40.656	1.577267
40.657	1.641113
40.658	1.53288
40.659	1.295145
40.66	0.99924
40.661	0.723264
40.662	0.524548
40.663	0.417673
40.664	0.37662
40.665	0.359838
40.666	0.335935
40.667	0.294241
40.668	0.241289
40.669	0.191025
40.67	0.154146
40.671	0.126433
40.672	0.081087
40.673	-0.01434
40.674	-0.159041
40.675	-0.308157
40.676	-0.409873
40.677	-0.44288
40.678	-0.41876
40.679	-0.362466
40.68	-0.295247
40.681	-0.23111
40.682	-0.18166
40.683	-0.155948
40.684	-0.152209
40.685	-0.154621
40.686	-0.143589
40.687	-0.11024
40.688	-0.061691
40.689	-0.015678
40.69	0.004904
40.691	-0.029631
40.692	-0.154677
40.693	-0.386558
40.694	-0.686763
40.695	-0.967878
40.696	-1.146302
40.697	-1.185217
40.698	-1.097293
40.699	-0.925254
40.7	-0.724697
40.701	-0.551854
40.702	-0.447238
40.703	-0.419248
40.704	-0.44226
40.705	-0.473387
40.706	-0.475632
40.707	-0.433633
40.708	-0.356431
40.709	-0.267417
40.71	-0.188296
40.711	-0.130747
40.712	-0.101567
40.713	-0.103626
40.714	-0.125504
40.715	-0.144161
40.716	-0.14398
40.717	-0.125973
40.718	-0.099779
40.719	-0.07421
40.72	-0.056526
40.721	-0.056227
40.722	-0.084362
40.723	-0.144133
40.724	-0.222024
40.725	-0.292216
40.726	-0.33141
40.727	-0.331775
40.728	-0.302711
40.729	-0.257024
40.73	-0.185177
40.731	-0.043376
40.732	0.215619
40.733	0.59361
40.734	1.030578
40.735	1.42683
40.736	1.68402
40.737	1.746602
40.738	1.620967
40.739	1.364157
40.74	1.055857
40.741	0.768769
40.742	0.546808
40.743	0.398861
40.744	0.308992
40.745	0.254078
40.746	0.216433
40.747	0.185987
40.748	0.157129
40.749	0.127744
40.75	0.104051
40.751	0.099931
40.752	0.118614
40.753	0.142797
40.754	0.155207
40.755	0.154957
40.756	0.147014
40.757	0.13122
40.758	0.106161
40.759	0.077216
40.76	0.059489
40.761	0.072411
40.762	0.127137
40.763	0.214619
40.764	0.307028
40.765	0.375019
40.766	0.40429
40.767	0.396787
40.768	0.36133
40.769	0.305618
40.77	0.231436
40.771	0.125822
40.772	-0.042673
40.773	-0.295498
40.774	-0.60077
40.775	-0.876676
40.776	-1.044852
40.777	-1.074277
40.778	-0.98498
40.779	-0.826442
40.78	-0.653664
40.781	-0.512036
40.782	-0.428288
40.783	-0.404579
40.784	-0.420637
40.785	-0.445193
40.786	-0.449536
40.787	-0.417531
40.788	-0.351041
40.789	-0.268402
40.79	-0.197343
40.791	-0.174168
40.792	-0.242481
40.793	-0.422844
40.794	-0.674215
40.795	-0.906604
40.796	-1.039117
40.797	-1.042459
40.798	-0.938636
40.799	-0.775679
40.8	-0.601842
40.801	-0.452271
40.802	-0.347733
40.803	-0.295706
40.804	-0.28905
40.805	-0.307824
40.806	-0.328803
40.807	-0.336798
40.808	-0.328051
40.809	-0.300539
40.81	-0.234203
40.811	-0.083179
40.812	0.196772
40.813	0.603476
40.814	1.069166
40.815	1.483767
40.816	1.744313
40.817	1.799267
40.818	1.662734
40.819	1.397267
40.82	1.081298
40.821	0.780326
40.822	0.533009
40.823	0.351009
40.824	0.228362
40.825	0.153697
40.826	0.114873
40.827	0.095729
40.828	0.077188
40.829	0.051098
40.83	0.036904
40.831	0.077275
40.832	0.203083
40.833	0.400923
40.834	0.620485
40.835	0.804298
40.836	0.907437
40.837	0.908206
40.838	0.815518
40.839	0.667774
40.84	0.520945
40.841	0.428554
40.842	0.419009
40.843	0.482119
40.844	0.576812
40.845	0.655258
40.846	0.68537
40.847	0.658033
40.848	0.580501
40.849	0.467832
40.85	0.334372
40.851	0.179397
40.852	-0.019492
40.853	-0.278828
40.854	-0.568787
40.855	-0.818515
40.856	-0.964673
40.857	-0.986255
40.858	-0.90269
40.859	-0.754995
40.86	-0.591183
40.861	-0.456966
40.862	-0.383534
40.863	-0.375025
40.864	-0.407643
40.865	-0.444088
40.866	-0.452607
40.867	-0.419284
40.868	-0.350455
40.869	-0.268218
40.87	-0.205243
40.871	-0.205211
40.872	-0.317472
40.873	-0.559928
40.874	-0.87792
40.875	-1.164381
40.876	-1.327816
40.877	-1.336173
40.878	-1.212131
40.879	-1.0068
40.88	-0.777136
40.881	-0.571787
40.882	-0.422578
40.883	-0.33998
40.884	-0.312984
40.885	-0.31592
40.886	-0.321985
40.887	-0.31586
40.888	-0.295555
40.889	-0.262348
40.89	-0.204864
40.891	-0.093654
40.892	0.096314
40.893	0.357303
40.894	0.648226
40.895	0.910498
40.896	1.084707
40.897	1.132842
40.898	1.055007
40.899	0.886495
40.9	0.680001
40.901	0.483936
40.902	0.326249
40.903	0.210585
40.904	0.126462
40.905	0.066155
40.906	0.030423
40.907	0.016162
40.908	0.007688
40.909	-0.007318
40.91	-0.009587
40.911	0.055225
40.912	0.235495
40.913	0.526988
40.914	0.868327
40.915	1.168837
40.916	1.345849
40.917	1.360404
40.918	1.230898
40.919	1.018442
40.92	0.798581
40.921	0.632657
40.922	0.548382
40.923	0.537259
40.924	0.567414
40.925	0.602
40.926	0.613689
40.927	0.589329
40.928	0.525491
40.929	0.424001
40.93	0.292187
40.931	0.135543
40.932	-0.055533
40.933	-0.289863
40.934	-0.540161
40.935	-0.748012
40.936	-0.864837
40.937	-0.876091
40.938	-0.797057
40.939	-0.658931
40.94	-0.497416
40.941	-0.345953
40.942	-0.229711
40.943	-0.158259
40.944	-0.122756
40.945	-0.102996
40.946	-0.080724
40.947	-0.049953
40.948	-0.018723
40.949	-0.004505
40.95	-0.027779
40.951	-0.113767
40.952	-0.294452
40.953	-0.577998
40.954	-0.909797
40.955	-1.191623
40.956	-1.343734
40.957	-1.342043
40.958	-1.212241
40.959	-1.005257
40.96	-0.776817
40.961	-0.57592
40.962	-0.434642
40.963	-0.359424
40.964	-0.332086
40.965	-0.321758
40.966	-0.302269
40.967	-0.265551
40.968	-0.221856
40.969	-0.186777
40.97	-0.164673
40.971	-0.146683
40.972	-0.127416
40.973	-0.111241
40.974	-0.098044
40.975	-0.079724
40.976	-0.053656
40.977	-0.027654
40.978	-0.011057
40.979	-0.005386
40.98	-0.004513
40.981	-0.002796
40.982	-0.000815
40.983	-0.003494
40.984	-0.013952
40.985	-0.029865
40.986	-0.046861
40.987	-0.065567
40.988	-0.091561
40.989	-0.119168
40.99	-0.110812
40.991	-0.004048
40.992	0.243296
40.993	0.610585
40.994	1.017411
40.995	1.36183
40.996	1.560981
40.997	1.577787
40.998	1.429156
40.999	1.176073
41.0	0.901176
41.001	0.680694
41.002	0.556566
41.003	0.52252
41.004	0.536904
41.005	0.551469
41.006	0.534268
41.007	0.475855
41.008	0.382783
41.009	0.271383
41.01	0.164732
41.011	0.080494
41.012	0.014597
41.013	-0.049791
41.014	-0.115562
41.015	-0.170028
41.016	-0.204414
41.017	-0.219441
41.018	-0.215972
41.019	-0.190116
41.02	-0.13859
41.021	-0.066025
41.022	0.014602
41.023	0.089358
41.024	0.151066
41.025	0.199386
41.026	0.233963
41.027	0.24889
41.028	0.235082
41.029	0.18572
41.03	0.095832
41.031	-0.046056
41.032	-0.260467
41.033	-0.549564
41.034	-0.863568
41.035	-1.118748
41.036	-1.251754
41.037	-1.247355
41.038	-1.128004
41.039	-0.934589
41.04	-0.716363
41.041	-0.523051
41.042	-0.388919
41.043	-0.318756
41.044	-0.290727
41.045	-0.273205
41.046	-0.243311
41.047	-0.197956
41.048	-0.151573
41.049	-0.12394
41.05	-0.130792
41.051	-0.185687
41.052	-0.302945
41.053	-0.479681
41.054	-0.674024
41.055	-0.823766
41.056	-0.888366
41.057	-0.863782
41.058	-0.768674
41.059	-0.628615
41.06	-0.471241
41.061	-0.327806
41.062	-0.228451
41.063	-0.187149
41.064	-0.189731
41.065	-0.201535
41.066	-0.190814
41.067	-0.146945
41.068	-0.080571
41.069	-0.012074
41.07	0.034405
41.071	0.024909
41.072	-0.080961
41.073	-0.294156
41.074	-0.562049
41.075	-0.793605
41.076	-0.921278
41.077	-0.932254
41.078	-0.855912
41.079	-0.737011
41.08	-0.618195
41.081	-0.533749
41.082	-0.503796
41.083	-0.526701
41.084	-0.578709
41.085	-0.625761
41.086	-0.640318
41.087	-0.61226
41.088	-0.547075
41.089	-0.449563
41.09	-0.303291
41.091	-0.072194
41.092	0.263804
41.093	0.677009
41.094	1.098116
41.095	1.441859
41.096	1.633833
41.097	1.636595
41.098	1.462988
41.099	1.167821
41.1	0.824724
41.101	0.499709
41.102	0.231023
41.103	0.026403
41.104	-0.122565
41.105	-0.225797
41.106	-0.290092
41.107	-0.320628
41.108	-0.320461
41.109	-0.282715
41.11	-0.179328
41.111	0.030139
41.112	0.357604
41.113	0.759793
41.114	1.158217
41.115	1.469311
41.116	1.624737
41.117	1.593486
41.118	1.397063
41.119	1.103359
41.12	0.799017
41.121	0.553481
41.122	0.396484
41.123	0.320018
41.124	0.296109
41.125	0.295363
41.126	0.296568
41.127	0.287112
41.128	0.260902
41.129	0.217116
41.13	0.158313
41.131	0.081846
41.132	-0.028568
41.133	-0.183892
41.134	-0.359403
41.135	-0.505121
41.136	-0.584998
41.137	-0.593966
41.138	-0.548389
41.139	-0.474615
41.14	-0.405259
41.141	-0.37392
41.142	-0.399624
41.143	-0.471943
41.144	-0.5545
41.145	-0.604998
41.146	-0.596001
41.147	-0.525682
41.148	-0.415599
41.149	-0.299411
41.15	-0.213437
41.151	-0.197566
41.152	-0.290226
41.153	-0.494471
41.154	-0.750246
41.155	-0.965109
41.156	-1.072925
41.157	-1.059537
41.158	-0.951748
41.159	-0.795874
41.16	-0.641193
41.161	-0.529216
41.162	-0.482339
41.163	-0.493825
41.164	-0.53128
41.165	-0.555337
41.166	-0.539446
41.167	-0.479233
41.168	-0.390206
41.169	-0.294805
41.17	-0.205057
41.171	-0.120878
41.172	-0.04565
41.173	0.01348
41.174	0.059155
41.175	0.098118
41.176	0.127629
41.177	0.138044
41.178	0.123035
41.179	0.084138
41.18	0.027675
41.181	-0.040697
41.182	-0.117574
41.183	-0.1982
41.184	-0.272006
41.185	-0.324034
41.186	-0.344027
41.187	-0.334316
41.188	-0.305571
41.189	-0.258256
41.19	-0.160928
41.191	0.043012
41.192	0.386195
41.193	0.834741
41.194	1.295958
41.195	1.65852
41.196	1.836872
41.197	1.802053
41.198	1.585518
41.199	1.260411
41.2	0.913535
41.201	0.618067
41.202	0.413689
41.203	0.299266
41.204	0.244284
41.205	0.213898
41.206	0.18675
41.207	0.155135
41.208	0.118913
41.209	0.085522
41.21	0.070652
41.211	0.084026
41.212	0.110556
41.213	0.121543
41.214	0.10718
41.215	0.081313
41.216	0.057347
41.217	0.034596
41.218	0.005796
41.219	-0.030145
41.22	-0.063615
41.221	-0.080932
41.222	-0.075884
41.223	-0.055548
41.224	-0.034092
41.225	-0.021331
41.226	-0.017102
41.227	-0.014798
41.228	-0.009139
41.229	-0.000675
41.23	-0.000527
41.231	-0.04044
41.232	-0.16553
41.233	-0.389423
41.234	-0.657872
41.235	-0.878942
41.236	-0.987429
41.237	-0.975288
41.238	-0.877828
41.239	-0.745124
41.24	-0.621097
41.241	-0.534006
41.242	-0.494372
41.243	-0.496381
41.244	-0.520633
41.245	-0.539931
41.246	-0.528163
41.247	-0.47103
41.248	-0.376627
41.249	-0.275655
41.25	-0.20584
41.251	-0.198499
41.252	-0.274409
41.253	-0.426469
41.254	-0.604216
41.255	-0.740187
41.256	-0.793615
41.257	-0.763533
41.258	-0.673597
41.259	-0.555651
41.26	-0.443248
41.261	-0.367482
41.262	-0.347142
41.263	-0.377544
41.264	-0.430159
41.265	-0.468299
41.266	-0.469079
41.267	-0.434403
41.268	-0.379958
41.269	-0.308403
41.27	-0.186814
41.271	0.043655
41.272	0.416292
41.273	0.893568
41.274	1.377103
41.275	1.752244
41.276	1.931831
41.277	1.88748
41.278	1.655163
41.279	1.313023
41.28	0.947995
41.281	0.626355
41.282	0.37941
41.283	0.208172
41.284	0.098168
41.285	0.032915
41.286	-0.001023
41.287	-0.016006
41.288	-0.021747
41.289	-0.015294
41.29	0.025446
41.291	0.126028
41.292	0.285285
41.293	0.4698
41.294	0.637836
41.295	0.754521
41.296	0.793788
41.297	0.746177
41.298	0.626826
41.299	0.473712
41.3	0.33626
41.301	0.255649
41.302	0.244889
41.303	0.284355
41.304	0.337504
41.305	0.372846
41.306	0.37693
41.307	0.353811
41.308	0.314642
41.309	0.266216
41.31	0.203809
41.311	0.105279
41.312	-0.061812
41.313	-0.302435
41.314	-0.56492
41.315	-0.77085
41.316	-0.869184
41.317	-0.856678
41.318	-0.765313
41.319	-0.642827
41.32	-0.537298
41.321	-0.484106
41.322	-0.495276
41.323	-0.55539
41.324	-0.628152
41.325	-0.672537
41.326	-0.660052
41.327	-0.584243
41.328	-0.460758
41.329	-0.322768
41.33	-0.216264
41.331	-0.196045
41.332	-0.307744
41.333	-0.545017
41.334	-0.828433
41.335	-1.050749
41.336	-1.143315
41.337	-1.100934
41.338	-0.964373
41.339	-0.790218
41.34	-0.628927
41.341	-0.515063
41.342	-0.463252
41.343	-0.467014
41.344	-0.502652
41.345	-0.538256
41.346	-0.546722
41.347	-0.51694
41.348	-0.452244
41.349	-0.352648
41.35	-0.19442
41.351	0.063623
41.352	0.439266
41.353	0.893108
41.354	1.337197
41.355	1.672321
41.356	1.82629
41.357	1.776964
41.358	1.55351
41.359	1.220662
41.36	0.854779
41.361	0.519429
41.362	0.249433
41.363	0.049897
41.364	-0.088833
41.365	-0.172598
41.366	-0.203013
41.367	-0.192065
41.368	-0.162259
41.369	-0.121495
41.37	-0.040529
41.371	0.130481
41.372	0.413214
41.373	0.770284
41.374	1.119106
41.375	1.370759
41.376	1.466342
41.377	1.395536
41.378	1.194256
41.379	0.927996
41.38	0.669135
41.381	0.474267
41.382	0.366619
41.383	0.332866
41.384	0.339186
41.385	0.352942
41.386	0.354344
41.387	0.336192
41.388	0.297999
41.389	0.24291
41.39	0.173793
41.391	0.080138
41.392	-0.063022
41.393	-0.261851
41.394	-0.475564
41.395	-0.640485
41.396	-0.716293
41.397	-0.703312
41.398	-0.630278
41.399	-0.537275
41.4	-0.464494
41.401	-0.441795
41.402	-0.477401
41.403	-0.552947
41.404	-0.630505
41.405	-0.670017
41.406	-0.647882
41.407	-0.565276
41.408	-0.443058
41.409	-0.312889
41.41	-0.216004
41.411	-0.204247
41.412	-0.320658
41.413	-0.556565
41.414	-0.833661
41.415	-1.048541
41.416	-1.136563
41.417	-1.095001
41.418	-0.964281
41.419	-0.799254
41.42	-0.650497
41.421	-0.554198
41.422	-0.52346
41.423	-0.544947
41.424	-0.586989
41.425	-0.614603
41.426	-0.604065
41.427	-0.551417
41.428	-0.466547
41.429	-0.353237
41.43	-0.194025
41.431	0.038762
41.432	0.350691
41.433	0.706881
41.434	1.04506
41.435	1.298304
41.436	1.414181
41.437	1.372429
41.438	1.191807
41.439	0.920017
41.44	0.614373
41.441	0.321963
41.442	0.068289
41.443	-0.138557
41.444	-0.295583
41.445	-0.399155
41.446	-0.448091
41.447	-0.446965
41.448	-0.402008
41.449	-0.30778
41.45	-0.135905
41.451	0.148793
41.452	0.545611
41.453	0.997773
41.454	1.415863
41.455	1.711237
41.456	1.822327
41.457	1.734125
41.458	1.481728
41.459	1.137418
41.46	0.788308
41.461	0.50766
41.462	0.327697
41.463	0.233322
41.464	0.184642
41.465	0.147676
41.466	0.109628
41.467	0.07605
41.468	0.059971
41.469	0.070374
41.47	0.102704
41.471	0.131335
41.472	0.116154
41.473	0.037323
41.474	-0.078421
41.475	-0.182277
41.476	-0.244679
41.477	-0.264851
41.478	-0.256849
41.479	-0.239479
41.48	-0.234294
41.481	-0.260993
41.482	-0.326102
41.483	-0.413997
41.484	-0.491734
41.485	-0.525831
41.486	-0.499203
41.487	-0.418751
41.488	-0.310095
41.489	-0.201952
41.49	-0.107593
41.491	-0.021704
41.492	0.060387
41.493	0.130777
41.494	0.178611
41.495	0.197653
41.496	0.186727
41.497	0.154672
41.498	0.124544
41.499	0.128541
41.5	0.195808
41.501	0.338355
41.502	0.540694
41.503	0.761432
41.504	0.949072
41.505	1.062512
41.506	1.082027
41.507	1.006873
41.508	0.84906
41.509	0.626337
41.51	0.350397
41.511	0.017768
41.512	-0.377077
41.513	-0.806284
41.514	-1.19489
41.515	-1.457456
41.516	-1.545789
41.517	-1.462708
41.518	-1.247044
41.519	-0.95605
41.52	-0.653294
41.521	-0.393922
41.522	-0.207541
41.523	-0.092223
41.524	-0.025223
41.525	0.019571
41.526	0.057907
41.527	0.089068
41.528	0.098033
41.529	0.061773
41.53	-0.048712
41.531	-0.267042
41.532	-0.608873
41.533	-1.032496
41.534	-1.434848
41.535	-1.70478
41.536	-1.780989
41.537	-1.666295
41.538	-1.408043
41.539	-1.072373
41.54	-0.724353
41.541	-0.415768
41.542	-0.178464
41.543	-0.021061
41.544	0.068199
41.545	0.109989
41.546	0.120129
41.547	0.103852
41.548	0.062339
41.549	0.011094
41.55	-0.002866
41.551	0.083904
41.552	0.302926
41.553	0.622457
41.554	0.960488
41.555	1.222008
41.556	1.34011
41.557	1.301935
41.558	1.145396
41.559	0.93575
41.56	0.738424
41.561	0.597307
41.562	0.52337
41.563	0.498055
41.564	0.490277
41.565	0.474263
41.566	0.435532
41.567	0.368228
41.568	0.275665
41.569	0.178595
41.57	0.120663
41.571	0.148689
41.572	0.274937
41.573	0.465546
41.574	0.661848
41.575	0.804372
41.576	0.85359
41.577	0.807213
41.578	0.70101
41.579	0.592071
41.58	0.534782
41.581	0.558895
41.582	0.658549
41.583	0.797463
41.584	0.927082
41.585	1.00709
41.586	1.015553
41.587	0.945739
41.588	0.79999
41.589	0.588782
41.59	0.326857
41.591	0.020527
41.592	-0.329418
41.593	-0.697774
41.594	-1.022129
41.595	-1.234024
41.596	-1.296934
41.597	-1.216488
41.598	-1.028855
41.599	-0.785073
41.6	-0.539723
41.601	-0.339767
41.602	-0.209211
41.603	-0.140602
41.604	-0.104504
41.605	-0.070782
41.606	-0.026128
41.607	0.021085
41.608	0.047044
41.609	0.024393
41.61	-0.073489
41.611	-0.276527
41.612	-0.598998
41.613	-0.998984
41.614	-1.375671
41.615	-1.623404
41.616	-1.686764
41.617	-1.572792
41.618	-1.329962
41.619	-1.02182
41.62	-0.710275
41.621	-0.445091
41.622	-0.253661
41.623	-0.135529
41.624	-0.068704
41.625	-0.027057
41.626	0.002748
41.627	0.016811
41.628	0.004561
41.629	-0.030434
41.63	-0.057446
41.631	-0.035065
41.632	0.055402
41.633	0.19745
41.634	0.35338
41.635	0.481738
41.636	0.550799
41.637	0.550096
41.638	0.494204
41.639	0.413905
41.64	0.339766
41.641	0.289101
41.642	0.262547
41.643	0.250115
41.644	0.240999
41.645	0.228091
41.646	0.204607
41.647	0.161614
41.648	0.098017
41.649	0.03825
41.65	0.035447
41.651	0.143768
41.652	0.374646
41.653	0.67941
41.654	0.974807
41.655	1.181696
41.656	1.251929
41.657	1.181816
41.658	1.011313
41.659	0.808939
41.66	0.647591
41.661	0.576387
41.662	0.599821
41.663	0.679411
41.664	0.757969
41.665	0.789675
41.666	0.756322
41.667	0.663514
41.668	0.529294
41.669	0.374017
41.67	0.205466
41.671	0.006819
41.672	-0.245037
41.673	-0.53683
41.674	-0.806974
41.675	-0.985703
41.676	-1.038753
41.677	-0.974253
41.678	-0.823717
41.679	-0.623526
41.68	-0.408921
41.681	-0.213575
41.682	-0.061887
41.683	0.041646
41.684	0.110412
41.685	0.160728
41.686	0.198765
41.687	0.218613
41.688	0.207169
41.689	0.148089
41.69	0.021072
41.691	-0.198036
41.692	-0.517202
41.693	-0.89434
41.694	-1.238844
41.695	-1.461026
41.696	-1.516906
41.697	-1.413598
41.698	-1.191819
41.699	-0.909962
41.7	-0.631588
41.701	-0.408103
41.702	-0.261996
41.703	-0.183414
41.704	-0.142243
41.705	-0.107876
41.706	-0.066068
41.707	-0.023386
41.708	0.001752
41.709	-0.007974
41.71	-0.061595
41.711	-0.161735
41.712	-0.303462
41.713	-0.462151
41.714	-0.59495
41.715	-0.665924
41.716	-0.664214
41.717	-0.599524
41.718	-0.489856
41.719	-0.355543
41.72	-0.21937
41.721	-0.104546
41.722	-0.026814
41.723	0.012866
41.724	0.026701
41.725	0.030266
41.726	0.031377
41.727	0.025617
41.728	0.006379
41.729	-0.012055
41.73	0.019251
41.731	0.159289
41.732	0.427354
41.733	0.777827
41.734	1.118783
41.735	1.355278
41.736	1.431067
41.737	1.34737
41.738	1.153713
41.739	0.92313
41.74	0.72443
41.741	0.598736
41.742	0.549435
41.743	0.55032
41.744	0.564967
41.745	0.564475
41.746	0.533915
41.747	0.468889
41.748	0.373019
41.749	0.264289
41.75	0.175673
41.751	0.131753
41.752	0.128288
41.753	0.144867
41.754	0.164788
41.755	0.176943
41.756	0.173562
41.757	0.153862
41.758	0.127993
41.759	0.117073
41.76	0.145955
41.761	0.228098
41.762	0.352064
41.763	0.483562
41.764	0.584477
41.765	0.631736
41.766	0.621759
41.767	0.563088
41.768	0.465644
41.769	0.333865
41.77	0.160387
41.771	-0.079228
41.772	-0.403713
41.773	-0.780263
41.774	-1.119762
41.775	-1.330991
41.776	-1.372869
41.777	-1.262612
41.778	-1.053014
41.779	-0.806037
41.78	-0.575139
41.781	-0.394879
41.782	-0.276932
41.783	-0.212502
41.784	-0.178182
41.785	-0.145637
41.786	-0.096766
41.787	-0.037899
41.788	0.002118
41.789	-0.00974
41.79	-0.100489
41.791	-0.292337
41.792	-0.585093
41.793	-0.92782
41.794	-1.229172
41.795	-1.406829
41.796	-1.425743
41.797	-1.300222
41.798	-1.074203
41.799	-0.802107
41.8	-0.539017
41.801	-0.331128
41.802	-0.200041
41.803	-0.134438
41.804	-0.102928
41.805	-0.078078
41.806	-0.052561
41.807	-0.039097
41.808	-0.050554
41.809	-0.067833
41.81	-0.029681
41.811	0.13031
41.812	0.428697
41.813	0.81033
41.814	1.173963
41.815	1.421497
41.816	1.499154
41.817	1.412304
41.818	1.213064
41.819	0.9725
41.82	0.753149
41.821	0.591093
41.822	0.492054
41.823	0.441615
41.824	0.418975
41.825	0.4035
41.826	0.375882
41.827	0.321434
41.828	0.239687
41.829	0.156799
41.83	0.123112
41.831	0.181358
41.832	0.331051
41.833	0.528237
41.834	0.712319
41.835	0.830107
41.836	0.852269
41.837	0.783294
41.838	0.659893
41.839	0.53809
41.84	0.473087
41.841	0.496357
41.842	0.599191
41.843	0.736135
41.844	0.850163
41.845	0.900633
41.846	0.873837
41.847	0.777205
41.848	0.629062
41.849	0.446152
41.85	0.228925
41.851	-0.042117
41.852	-0.379435
41.853	-0.747711
41.854	-1.065251
41.855	-1.254302
41.856	-1.283616
41.857	-1.171272
41.858	-0.9647
41.859	-0.722605
41.86	-0.502386
41.861	-0.344971
41.862	-0.261663
41.863	-0.234816
41.864	-0.23229
41.865	-0.224404
41.866	-0.195232
41.867	-0.146853
41.868	-0.09757
41.869	-0.079023
41.87	-0.136041
41.871	-0.317218
41.872	-0.636952
41.873	-1.035028
41.874	-1.393627
41.875	-1.605716
41.876	-1.626901
41.877	-1.47743
41.878	-1.214828
41.879	-0.906362
41.88	-0.611747
41.881	-0.373078
41.882	-0.209289
41.883	-0.116519
41.884	-0.075235
41.885	-0.06146
41.886	-0.0578
41.887	-0.058518
41.888	-0.063797
41.889	-0.063923
41.89	-0.030831
41.891	0.063537
41.892	0.222026
41.893	0.419643
41.894	0.614538
41.895	0.760367
41.896	0.823605
41.897	0.798273
41.898	0.706415
41.899	0.586858
41.9	0.479417
41.901	0.408504
41.902	0.374239
41.903	0.358293
41.904	0.339439
41.905	0.305353
41.906	0.253845
41.907	0.189101
41.908	0.121555
41.909	0.075826
41.91	0.092796
41.911	0.203741
41.912	0.398747
41.913	0.630111
41.914	0.837362
41.915	0.965912
41.916	0.982819
41.917	0.889233
41.918	0.716798
41.919	0.507296
41.92	0.290858
41.921	0.080075
41.922	-0.118062
41.923	-0.288318
41.924	-0.408087
41.925	-0.46222
41.926	-0.455199
41.927	-0.407263
41.928	-0.335906
41.929	-0.232585
41.93	-0.056319
41.931	0.232748
41.932	0.626474
41.933	1.059888
41.934	1.438461
41.935	1.674259
41.936	1.720172
41.937	1.586439
41.938	1.32972
41.939	1.026236
41.94	0.743993
41.941	0.5239
41.942	0.374895
41.943	0.282911
41.944	0.227266
41.945	0.192333
41.946	0.168227
41.947	0.147982
41.948	0.129207
41.949	0.117399
41.95	0.120237
41.951	0.131676
41.952	0.132114
41.953	0.112725
41.954	0.084333
41.955	0.059529
41.956	0.040606
41.957	0.024415
41.958	0.011346
41.959	0.009045
41.96	0.027839
41.961	0.070998
41.962	0.129122
41.963	0.184781
41.964	0.223105
41.965	0.239752
41.966	0.240146
41.967	0.230862
41.968	0.211568
41.969	0.172524
41.97	0.091284
41.971	-0.06673
41.972	-0.318316
41.973	-0.622533
41.974	-0.892101
41.975	-1.050004
41.976	-1.068858
41.977	-0.970317
41.978	-0.804494
41.979	-0.628497
41.98	-0.490301
41.981	-0.417594
41.982	-0.410688
41.983	-0.444041
41.984	-0.479335
41.985	-0.483174
41.986	-0.440252
41.987	-0.357503
41.988	-0.259752
41.989	-0.180223
41.99	-0.156268
41.991	-0.226835
41.992	-0.404931
41.993	-0.64434
41.994	-0.857302
41.995	-0.971258
41.996	-0.964289
41.997	-0.86015
41.998	-0.704137
41.999	-0.542024
42.0	-0.409806
42.001	-0.32971
42.002	-0.306882
42.003	-0.327651
42.004	-0.364051
42.005	-0.387317
42.006	-0.38294
42.007	-0.353751
42.008	-0.304815
42.009	-0.217434
42.01	-0.042045
42.011	0.264623
42.012	0.689989
42.013	1.156783
42.014	1.557274
42.015	1.798885
42.016	1.837101
42.017	1.684867
42.018	1.40053
42.019	1.063662
42.02	0.748375
42.021	0.502145
42.022	0.335833
42.023	0.230816
42.024	0.160253
42.025	0.106271
42.026	0.061232
42.027	0.022474
42.028	-0.004273
42.029	0.003098
42.03	0.072607
42.031	0.208539
42.032	0.379759
42.033	0.541704
42.034	0.65956
42.035	0.712239
42.036	0.691613
42.037	0.607493
42.038	0.490178
42.039	0.3818
42.04	0.31934
42.041	0.31843
42.042	0.368057
42.043	0.440252
42.044	0.505438
42.045	0.542672
42.046	0.541457
42.047	0.497846
42.048	0.413618
42.049	0.297076
42.05	0.150277
42.051	-0.044176
42.052	-0.298429
42.053	-0.578644
42.054	-0.813749
42.055	-0.944956
42.056	-0.955614
42.057	-0.86612
42.058	-0.717426
42.059	-0.55903
42.06	-0.438801
42.061	-0.387844
42.062	-0.405418
42.063	-0.458298
42.064	-0.499801
42.065	-0.495737
42.066	-0.439274
42.067	-0.34802
42.068	-0.252249
42.069	-0.187354
42.07	-0.195076
42.071	-0.318203
42.072	-0.565867
42.073	-0.878165
42.074	-1.149997
42.075	-1.297085
42.076	-1.294193
42.077	-1.166475
42.078	-0.963133
42.079	-0.738645
42.08	-0.542707
42.081	-0.409078
42.082	-0.345336
42.083	-0.333134
42.084	-0.340071
42.085	-0.337445
42.086	-0.314934
42.087	-0.280116
42.088	-0.239963
42.089	-0.179462
42.09	-0.061071
42.091	0.144854
42.092	0.428567
42.093	0.741799
42.094	1.017512
42.095	1.191285
42.096	1.225868
42.097	1.12678
42.098	0.936387
42.099	0.71259
42.1	0.504833
42.101	0.33863
42.102	0.215784
42.103	0.126677
42.104	0.061902
42.105	0.015452
42.106	-0.018089
42.107	-0.044206
42.108	-0.059415
42.109	-0.036727
42.11	0.069697
42.111	0.286538
42.112	0.589816
42.113	0.915036
42.114	1.184797
42.115	1.333486
42.116	1.33026
42.117	1.190334
42.118	0.96817
42.119	0.738648
42.12	0.571172
42.121	0.501212
42.122	0.515651
42.123	0.566752
42.124	0.604024
42.125	0.598638
42.126	0.547667
42.127	0.463981
42.128	0.363031
42.129	0.253889
42.13	0.130177
42.131	-0.034759
42.132	-0.259423
42.133	-0.512661
42.134	-0.724528
42.135	-0.838722
42.136	-0.842373
42.137	-0.758685
42.138	-0.627383
42.139	-0.48919
42.14	-0.376279
42.141	-0.307135
42.142	-0.284309
42.143	-0.29505
42.144	-0.315967
42.145	-0.322518
42.146	-0.30009
42.147	-0.250363
42.148	-0.192046
42.149	-0.158513
42.15	-0.194335
42.151	-0.341934
42.152	-0.604602
42.153	-0.918305
42.154	-1.182022
42.155	-1.319251
42.156	-1.307792
42.157	-1.170418
42.158	-0.954811
42.159	-0.71892
42.16	-0.518565
42.161	-0.390269
42.162	-0.33692
42.163	-0.330062
42.164	-0.328685
42.165	-0.30305
42.166	-0.250115
42.167	-0.190679
42.168	-0.148429
42.169	-0.126384
42.17	-0.106257
42.171	-0.071987
42.172	-0.022382
42.173	0.03737
42.174	0.098728
42.175	0.147394
42.176	0.170815
42.177	0.167285
42.178	0.145856
42.179	0.11802
42.18	0.088192
42.181	0.053009
42.182	0.010549
42.183	-0.032215
42.184	-0.062975
42.185	-0.074842
42.186	-0.074191
42.187	-0.077149
42.188	-0.088739
42.189	-0.075248
42.19	0.030706
42.191	0.276764
42.192	0.643521
42.193	1.04908
42.194	1.387115
42.195	1.571363
42.196	1.568607
42.197	1.404762
42.198	1.146883
42.199	0.875313
42.2	0.657222
42.201	0.526419
42.202	0.476312
42.203	0.473438
42.204	0.481133
42.205	0.473471
42.206	0.436264
42.207	0.365593
42.208	0.27029
42.209	0.172949
42.21	0.095099
42.211	0.034155
42.212	-0.029521
42.213	-0.099809
42.214	-0.159238
42.215	-0.192953
42.216	-0.20113
42.217	-0.190954
42.218	-0.165246
42.219	-0.119649
42.22	-0.049117
42.221	0.043257
42.222	0.142613
42.223	0.227888
42.224	0.283134
42.225	0.303893
42.226	0.293081
42.227	0.254505
42.228	0.191654
42.229	0.103673
42.23	-0.027156
42.231	-0.233568
42.232	-0.524004
42.233	-0.844423
42.234	-1.102076
42.235	-1.228053
42.236	-1.209725
42.237	-1.079325
42.238	-0.887406
42.239	-0.683943
42.24	-0.509347
42.241	-0.387534
42.242	-0.321226
42.243	-0.294845
42.244	-0.284664
42.245	-0.270251
42.246	-0.242356
42.247	-0.204871
42.248	-0.170177
42.249	-0.155165
42.25	-0.185218
42.251	-0.29118
42.252	-0.478029
42.253	-0.696259
42.254	-0.867386
42.255	-0.938388
42.256	-0.904559
42.257	-0.794231
42.258	-0.644168
42.259	-0.485254
42.26	-0.340294
42.261	-0.226384
42.262	-0.153941
42.263	-0.121615
42.264	-0.114861
42.265	-0.114364
42.266	-0.110985
42.267	-0.111618
42.268	-0.119535
42.269	-0.100701
42.27	0.016139
42.271	0.283305
42.272	0.680574
42.273	1.119419
42.274	1.484509
42.275	1.681052
42.276	1.673019
42.277	1.492505
42.278	1.216461
42.279	0.929654
42.28	0.693626
42.281	0.532589
42.282	0.439145
42.283	0.391572
42.284	0.367869
42.285	0.34893
42.286	0.316791
42.287	0.259042
42.288	0.180376
42.289	0.111055
42.29	0.094069
42.291	0.149168
42.292	0.255799
42.293	0.374731
42.294	0.469049
42.295	0.509819
42.296	0.4856
42.297	0.411472
42.298	0.324857
42.299	0.270474
42.3	0.281115
42.301	0.361687
42.302	0.485917
42.303	0.610097
42.304	0.695296
42.305	0.72114
42.306	0.684287
42.307	0.590876
42.308	0.452048
42.309	0.279126
42.31	0.071945
42.311	-0.184086
42.312	-0.488039
42.313	-0.792144
42.314	-1.022907
42.315	-1.130306
42.316	-1.108239
42.317	-0.984063
42.318	-0.801991
42.319	-0.610851
42.32	-0.453973
42.321	-0.357133
42.322	-0.318808
42.323	-0.313354
42.324	-0.308234
42.325	-0.282354
42.326	-0.234387
42.327	-0.180748
42.328	-0.146835
42.329	-0.158209
42.33	-0.241392
42.331	-0.421236
42.332	-0.689756
42.333	-0.980803
42.334	-1.202863
42.335	-1.295943
42.336	-1.252225
42.337	-1.101349
42.338	-0.888842
42.339	-0.661749
42.34	-0.462567
42.341	-0.325605
42.342	-0.267128
42.343	-0.273929
42.344	-0.307986
42.345	-0.328485
42.346	-0.311671
42.347	-0.256248
42.348	-0.178883
42.349	-0.109528
42.35	-0.092008
42.351	-0.174032
42.352	-0.366065
42.353	-0.610113
42.354	-0.814401
42.355	-0.916898
42.356	-0.910181
42.357	-0.825459
42.358	-0.707701
42.359	-0.598644
42.36	-0.527852
42.361	-0.50863
42.362	-0.535601
42.363	-0.585504
42.364	-0.626401
42.365	-0.632195
42.366	-0.592728
42.367	-0.513112
42.368	-0.403415
42.369	-0.266357
42.37	-0.09949
42.371	0.087181
42.372	0.270382
42.373	0.430729
42.374	0.553065
42.375	0.617969
42.376	0.609082
42.377	0.526245
42.378	0.388678
42.379	0.226578
42.38	0.066728
42.381	-0.077746
42.382	-0.203867
42.383	-0.305174
42.384	-0.366899
42.385	-0.379559
42.386	-0.352849
42.387	-0.308579
42.388	-0.253807
42.389	-0.155105
42.39	0.051444
42.391	0.40548
42.392	0.873838
42.393	1.355547
42.394	1.727735
42.395	1.898603
42.396	1.84221
42.397	1.600248
42.398	1.256801
42.399	0.903146
42.4	0.607291
42.401	0.399769
42.402	0.276992
42.403	0.215352
42.404	0.188466
42.405	0.177115
42.406	0.16811
42.407	0.151299
42.408	0.123261
42.409	0.089359
42.41	0.049695
42.411	-0.012782
42.412	-0.111049
42.413	-0.226803
42.414	-0.322826
42.415	-0.374746
42.416	-0.382026
42.417	-0.358682
42.418	-0.321336
42.419	-0.284231
42.42	-0.259406
42.421	-0.25459
42.422	-0.26802
42.423	-0.286737
42.424	-0.293005
42.425	-0.27451
42.426	-0.230855
42.427	-0.173879
42.428	-0.121824
42.429	-0.094902
42.43	-0.121586
42.431	-0.235528
42.432	-0.439258
42.433	-0.676538
42.434	-0.864335
42.435	-0.948662
42.436	-0.925634
42.437	-0.826889
42.438	-0.69739
42.439	-0.580416
42.44	-0.507459
42.441	-0.490231
42.442	-0.517549
42.443	-0.55982
42.444	-0.582362
42.445	-0.562398
42.446	-0.498299
42.447	-0.405376
42.448	-0.304548
42.449	-0.215986
42.45	-0.16248
42.451	-0.168137
42.452	-0.236558
42.453	-0.333289
42.454	-0.407619
42.455	-0.431029
42.456	-0.408817
42.457	-0.364114
42.458	-0.318934
42.459	-0.287289
42.46	-0.277422
42.461	-0.293077
42.462	-0.331203
42.463	-0.380016
42.464	-0.421508
42.465	-0.440147
42.466	-0.43204
42.467	-0.400966
42.468	-0.337454
42.469	-0.201809
42.47	0.05915
42.471	0.462846
42.472	0.957431
42.473	1.439912
42.474	1.801039
42.475	1.962912
42.476	1.901734
42.477	1.651673
42.478	1.289469
42.479	0.90842
42.48	0.58783
42.481	0.366058
42.482	0.234743
42.483	0.159335
42.484	0.10632
42.485	0.057728
42.486	0.011088
42.487	-0.025388
42.488	-0.033735
42.489	0.012093
42.49	0.128973
42.491	0.300011
42.492	0.480333
42.493	0.62891
42.494	0.720325
42.495	0.738091
42.496	0.677944
42.497	0.55638
42.498	0.408649
42.499	0.275361
42.5	0.185966
42.501	0.147575
42.502	0.146804
42.503	0.163365
42.504	0.182146
42.505	0.195243
42.506	0.198224
42.507	0.187732
42.508	0.159974
42.509	0.106282
42.51	0.006598
42.511	-0.163594
42.512	-0.399912
42.513	-0.647557
42.514	-0.832907
42.515	-0.912241
42.516	-0.886194
42.517	-0.784863
42.518	-0.651271
42.519	-0.531548
42.52	-0.463761
42.521	-0.463021
42.522	-0.51302
42.523	-0.574114
42.524	-0.604037
42.525	-0.577617
42.526	-0.495307
42.527	-0.378873
42.528	-0.261766
42.529	-0.183314
42.53	-0.186124
42.531	-0.300695
42.532	-0.512237
42.533	-0.749554
42.534	-0.926094
42.535	-0.992265
42.536	-0.949384
42.537	-0.83101
42.538	-0.681064
42.539	-0.54183
42.54	-0.447416
42.541	-0.414756
42.542	-0.435864
42.543	-0.481711
42.544	-0.517283
42.545	-0.518668
42.546	-0.482442
42.547	-0.418662
42.548	-0.326624
42.549	-0.172922
42.55	0.095123
42.551	0.500326
42.552	0.999218
42.553	1.491332
42.554	1.85981
42.555	2.019125
42.556	1.947627
42.557	1.688207
42.558	1.323045
42.559	0.939709
42.56	0.602691
42.561	0.341336
42.562	0.155826
42.563	0.03183
42.564	-0.046669
42.565	-0.091485
42.566	-0.110719
42.567	-0.109662
42.568	-0.084367
42.569	-0.014288
42.57	0.122811
42.571	0.320231
42.572	0.539098
42.573	0.732774
42.574	0.861869
42.575	0.899295
42.576	0.838259
42.577	0.697707
42.578	0.520806
42.579	0.364688
42.58	0.27926
42.581	0.281391
42.582	0.344169
42.583	0.416088
42.584	0.454774
42.585	0.445755
42.586	0.398582
42.587	0.332736
42.588	0.263485
42.589	0.189474
42.59	0.084716
42.591	-0.085317
42.592	-0.318537
42.593	-0.557359
42.594	-0.730402
42.595	-0.80053
42.596	-0.772772
42.597	-0.678399
42.598	-0.560902
42.599	-0.468432
42.6	-0.441193
42.601	-0.490101
42.602	-0.586445
42.603	-0.677208
42.604	-0.713446
42.605	-0.672361
42.606	-0.564177
42.607	-0.423406
42.608	-0.292433
42.609	-0.213215
42.61	-0.228402
42.611	-0.365889
42.612	-0.603911
42.613	-0.863743
42.614	-1.053438
42.615	-1.119777
42.616	-1.063857
42.617	-0.923871
42.618	-0.751234
42.619	-0.595449
42.62	-0.494743
42.621	-0.464719
42.622	-0.490565
42.623	-0.534385
42.624	-0.556634
42.625	-0.536535
42.626	-0.478112
42.627	-0.398491
42.628	-0.301967
42.629	-0.160088
42.63	0.073462
42.631	0.418022
42.632	0.834702
42.633	1.237448
42.634	1.531935
42.635	1.653688
42.636	1.588542
42.637	1.370828
42.638	1.063694
42.639	0.733708
42.64	0.431692
42.641	0.183839
42.642	-0.004465
42.643	-0.136012
42.644	-0.214562
42.645	-0.247348
42.646	-0.247267
42.647	-0.225236
42.648	-0.173388
42.649	-0.055587
42.65	0.170555
42.651	0.507416
42.652	0.898449
42.653	1.256695
42.654	1.501652
42.655	1.581701
42.656	1.48797
42.657	1.257056
42.658	0.959133
42.659	0.675676
42.66	0.470845
42.661	0.366634
42.662	0.339948
42.663	0.345416
42.664	0.344894
42.665	0.322366
42.666	0.280785
42.667	0.232718
42.668	0.190197
42.669	0.151265
42.67	0.090587
42.671	-0.026266
42.672	-0.20362
42.673	-0.395953
42.674	-0.540124
42.675	-0.601779
42.676	-0.587845
42.677	-0.52908
42.678	-0.460424
42.679	-0.411269
42.68	-0.400914
42.681	-0.433265
42.682	-0.494312
42.683	-0.557768
42.684	-0.595278
42.685	-0.585842
42.686	-0.522615
42.687	-0.415189
42.688	-0.288859
42.689	-0.186967
42.69	-0.169886
42.691	-0.285863
42.692	-0.520807
42.693	-0.788489
42.694	-0.986424
42.695	-1.058118
42.696	-1.007477
42.697	-0.876125
42.698	-0.717326
42.699	-0.581539
42.7	-0.507326
42.701	-0.507972
42.702	-0.561487
42.703	-0.620678
42.704	-0.640697
42.705	-0.601893
42.706	-0.513139
42.707	-0.398923
42.708	-0.278924
42.709	-0.153049
42.71	-0.009096
42.711	0.1556
42.712	0.327921
42.713	0.485449
42.714	0.599623
42.715	0.644592
42.716	0.611956
42.717	0.514904
42.718	0.377911
42.719	0.222062
42.72	0.058804
42.721	-0.104123
42.722	-0.253286
42.723	-0.368049
42.724	-0.43006
42.725	-0.435523
42.726	-0.39771
42.727	-0.33374
42.728	-0.241188
42.729	-0.08362
42.73	0.188226
42.731	0.58665
42.732	1.058424
42.733	1.50109
42.734	1.805424
42.735	1.901254
42.736	1.783178
42.737	1.504108
42.738	1.148221
42.739	0.799147
42.74	0.514691
42.741	0.31689
42.742	0.197465
42.743	0.132395
42.744	0.0986
42.745	0.082674
42.746	0.078191
42.747	0.080588
42.748	0.086302
42.749	0.08924
42.75	0.070436
42.751	0.003568
42.752	-0.114321
42.753	-0.24844
42.754	-0.352285
42.755	-0.400459
42.756	-0.397075
42.757	-0.364549
42.758	-0.329417
42.759	-0.314141
42.76	-0.332798
42.761	-0.385448
42.762	-0.455288
42.763	-0.514446
42.764	-0.53547
42.765	-0.502405
42.766	-0.417534
42.767	-0.302244
42.768	-0.185319
42.769	-0.080514
42.77	0.017579
42.771	0.112555
42.772	0.195622
42.773	0.254487
42.774	0.280365
42.775	0.270842
42.776	0.235045
42.777	0.196473
42.778	0.188911
42.779	0.245243
42.78	0.380373
42.781	0.577128
42.782	0.788608
42.783	0.95897
42.784	1.04789
42.785	1.041444
42.786	0.946814
42.787	0.780563
42.788	0.559981
42.789	0.294881
42.79	-0.021599
42.791	-0.398612
42.792	-0.807361
42.793	-1.170207
42.794	-1.403668
42.795	-1.465539
42.796	-1.365224
42.797	-1.147811
42.798	-0.873415
42.799	-0.600128
42.8	-0.371646
42.801	-0.209009
42.802	-0.108967
42.803	-0.05154
42.804	-0.013873
42.805	0.017464
42.806	0.041941
42.807	0.04654
42.808	0.009545
42.809	-0.097545
42.81	-0.308246
42.811	-0.637881
42.812	-1.042382
42.813	-1.416709
42.814	-1.652903
42.815	-1.697844
42.816	-1.563795
42.817	-1.304284
42.818	-0.984712
42.819	-0.662602
42.82	-0.379167
42.821	-0.158632
42.822	-0.009211
42.823	0.076025
42.824	0.113205
42.825	0.116534
42.826	0.091521
42.827	0.040786
42.828	-0.018302
42.829	-0.038422
42.83	0.044101
42.831	0.263181
42.832	0.585676
42.833	0.920934
42.834	1.168559
42.835	1.267542
42.836	1.217247
42.837	1.065526
42.838	0.878214
42.839	0.708916
42.84	0.584305
42.841	0.507738
42.842	0.470279
42.843	0.458258
42.844	0.455341
42.845	0.441525
42.846	0.394306
42.847	0.301646
42.848	0.185567
42.849	0.106906
42.85	0.128843
42.851	0.269257
42.852	0.487155
42.853	0.70748
42.854	0.858954
42.855	0.902719
42.856	0.842928
42.857	0.720484
42.858	0.595965
42.859	0.527653
42.86	0.548634
42.861	0.651967
42.862	0.795881
42.863	0.926316
42.864	0.999191
42.865	0.991005
42.866	0.898658
42.867	0.734331
42.868	0.51904
42.869	0.269291
42.87	-0.017437
42.871	-0.348962
42.872	-0.699982
42.873	-1.003951
42.874	-1.192803
42.875	-1.236181
42.876	-1.14612
42.877	-0.960383
42.878	-0.72757
42.879	-0.498745
42.88	-0.316063
42.881	-0.198452
42.882	-0.137204
42.883	-0.106402
42.884	-0.080339
42.885	-0.047594
42.886	-0.014524
42.887	0.001585
42.888	-0.021311
42.889	-0.112933
42.89	-0.309701
42.891	-0.626549
42.892	-1.016347
42.893	-1.374472
42.894	-1.598447
42.895	-1.640783
42.896	-1.514514
42.897	-1.268497
42.898	-0.9636
42.899	-0.659284
42.9	-0.402211
42.901	-0.21593
42.902	-0.099148
42.903	-0.034171
42.904	0.000226
42.905	0.017195
42.906	0.017329
42.907	-0.002418
42.908	-0.032712
42.909	-0.046976
42.91	-0.017542
42.911	0.062999
42.912	0.178971
42.913	0.302471
42.914	0.401972
42.915	0.451688
42.916	0.44412
42.917	0.394496
42.918	0.331644
42.919	0.282492
42.92	0.259384
42.921	0.257322
42.922	0.261841
42.923	0.259548
42.924	0.243242
42.925	0.209872
42.926	0.157638
42.927	0.091818
42.928	0.03981
42.929	0.054565
42.93	0.183931
42.931	0.429187
42.932	0.737638
42.933	1.028226
42.934	1.223189
42.935	1.27598
42.936	1.188101
42.937	1.005843
42.938	0.801664
42.939	0.648658
42.94	0.591889
42.941	0.628176
42.942	0.711465
42.943	0.782992
42.944	0.801955
42.945	0.756544
42.946	0.657392
42.947	0.523862
42.948	0.371607
42.949	0.20303
42.95	0.001446
42.951	-0.251656
42.952	-0.537674
42.953	-0.793237
42.954	-0.952527
42.955	-0.987567
42.956	-0.911345
42.957	-0.759609
42.958	-0.573381
42.959	-0.388318
42.96	-0.230374
42.961	-0.114799
42.962	-0.042894
42.963	0.000334
42.964	0.036695
42.965	0.076874
42.966	0.111624
42.967	0.118754
42.968	0.074642
42.969	-0.043113
42.97	-0.2571
42.971	-0.570761
42.972	-0.936006
42.973	-1.259967
42.974	-1.4562
42.975	-1.485817
42.976	-1.36113
42.977	-1.128046
42.978	-0.847045
42.979	-0.578893
42.98	-0.37074
42.981	-0.241343
42.982	-0.17658
42.983	-0.143243
42.984	-0.111071
42.985	-0.068692
42.986	-0.027168
42.987	-0.008883
42.988	-0.027257
42.989	-0.077638
42.99	-0.149083
42.991	-0.232186
42.992	-0.311145
42.993	-0.364502
42.994	-0.37897
42.995	-0.355534
42.996	-0.303409
42.997	-0.232647
42.998	-0.151992
42.999	-0.071566
43.0	-0.004738
43.001	0.037099
43.002	0.053089
43.003	0.053869
43.004	0.051431
43.005	0.047356
43.006	0.031522
43.007	-0.003087
43.008	-0.033795
43.009	8.6e-05
43.01	0.159277
43.011	0.451854
43.012	0.81795
43.013	1.1578
43.014	1.378497
43.015	1.432348
43.016	1.32897
43.017	1.122945
43.018	0.889017
43.019	0.695256
43.02	0.581482
43.021	0.548328
43.022	0.5642
43.023	0.588413
43.024	0.591215
43.025	0.557761
43.026	0.483734
43.027	0.374692
43.028	0.249381
43.029	0.131672
43.03	0.028412
43.031	-0.074032
43.032	-0.181794
43.033	-0.277091
43.034	-0.336599
43.035	-0.352527
43.036	-0.331427
43.037	-0.280087
43.038	-0.196514
43.039	-0.073742
43.04	0.087449
43.041	0.267865
43.042	0.433094
43.043	0.549762
43.044	0.600627
43.045	0.586798
43.046	0.519466
43.047	0.41296
43.048	0.277832
43.049	0.105946
43.05	-0.133126
43.051	-0.457085
43.052	-0.825176
43.053	-1.145064
43.054	-1.331384
43.055	-1.352349
43.056	-1.230924
43.057	-1.019144
43.058	-0.773906
43.059	-0.543939
43.06	-0.36244
43.061	-0.241916
43.062	-0.175089
43.063	-0.143151
43.064	-0.125449
43.065	-0.1071
43.066	-0.084609
43.067	-0.066514
43.068	-0.071121
43.069	-0.128942
43.07	-0.276901
43.071	-0.523051
43.072	-0.814345
43.073	-1.060797
43.074	-1.192735
43.075	-1.189349
43.076	-1.068446
43.077	-0.866686
43.078	-0.628945
43.079	-0.40286
43.08	-0.228548
43.081	-0.124005
43.082	-0.078397
43.083	-0.062652
43.084	-0.051305
43.085	-0.038566
43.086	-0.035265
43.087	-0.04826
43.088	-0.054823
43.089	0.003945
43.09	0.186702
43.091	0.49896
43.092	0.87948
43.093	1.22958
43.094	1.455679
43.095	1.507963
43.096	1.397677
43.097	1.183784
43.098	0.941916
43.099	0.734361
43.1	0.592776
43.101	0.51639
43.102	0.483083
43.103	0.466391
43.104	0.446553
43.105	0.410395
43.106	0.349579
43.107	0.266179
43.108	0.180692
43.109	0.127142
43.11	0.127528
43.111	0.173379
43.112	0.239181
43.113	0.300691
43.114	0.337903
43.115	0.33848
43.116	0.305587
43.117	0.260279
43.118	0.235282
43.119	0.261246
43.12	0.349407
43.121	0.481453
43.122	0.616997
43.123	0.714536
43.124	0.750549
43.125	0.724135
43.126	0.647082
43.127	0.530779
43.128	0.378896
43.129	0.182027
43.13	-0.082556
43.131	-0.422899
43.132	-0.793292
43.133	-1.104182
43.134	-1.277601
43.135	-1.286605
43.136	-1.154733
43.137	-0.935295
43.138	-0.689903
43.139	-0.472074
43.14	-0.315901
43.141	-0.22951
43.142	-0.196817
43.143	-0.188702
43.144	-0.177329
43.145	-0.147246
43.146	-0.100841
43.147	-0.058358
43.148	-0.053161
43.149	-0.128254
43.15	-0.32805
43.151	-0.660795
43.152	-1.058445
43.153	-1.399523
43.154	-1.5817
43.155	-1.57073
43.156	-1.397357
43.157	-1.126094
43.158	-0.824373
43.159	-0.545124
43.16	-0.322129
43.161	-0.170227
43.162	-0.085081
43.163	-0.045244
43.164	-0.02332
43.165	-0.004244
43.166	0.005487
43.167	-0.006298
43.168	-0.021488
43.169	0.023488
43.17	0.19637
43.171	0.50766
43.172	0.893062
43.173	1.246288
43.174	1.47095
43.175	1.521795
43.176	1.414883
43.177	1.208532
43.178	0.971632
43.179	0.756497
43.18	0.588975
43.181	0.473433
43.182	0.401898
43.183	0.36187
43.184	0.339067
43.185	0.31531
43.186	0.270526
43.187	0.198104
43.188	0.125179
43.189	0.107326
43.19	0.187224
43.191	0.358833
43.192	0.572085
43.193	0.760914
43.194	0.869959
43.195	0.872131
43.196	0.773704
43.197	0.606655
43.198	0.410562
43.199	0.214157
43.2	0.031001
43.201	-0.131303
43.202	-0.262703
43.203	-0.350634
43.204	-0.386542
43.205	-0.373988
43.206	-0.328882
43.207	-0.264096
43.208	-0.166072
43.209	0.007651
43.21	0.291607
43.211	0.671328
43.212	1.080332
43.213	1.426757
43.214	1.62906
43.215	1.64832
43.216	1.499802
43.217	1.241048
43.218	0.947923
43.219	0.688083
43.22	0.500609
43.221	0.389744
43.222	0.334134
43.223	0.304955
43.224	0.281583
43.225	0.255695
43.226	0.225212
43.227	0.19061
43.228	0.158922
43.229	0.137324
43.23	0.114377
43.231	0.068064
43.232	-0.001674
43.233	-0.069776
43.234	-0.112997
43.235	-0.126278
43.236	-0.118953
43.237	-0.103607
43.238	-0.088212
43.239	-0.075628
43.24	-0.0675
43.241	-0.066268
43.242	-0.07216
43.243	-0.079564
43.244	-0.079185
43.245	-0.064458
43.246	-0.036508
43.247	-0.005983
43.248	0.006977
43.249	-0.031368
43.25	-0.165606
43.251	-0.413235
43.252	-0.722156
43.253	-0.991326
43.254	-1.137771
43.255	-1.13807
43.256	-1.022278
43.257	-0.845404
43.258	-0.663001
43.259	-0.518182
43.26	-0.43369
43.261	-0.408232
43.262	-0.420652
43.263	-0.439926
43.264	-0.437789
43.265	-0.400297
43.266	-0.331908
43.267	-0.249686
43.268	-0.175637
43.269	-0.137241
43.27	-0.166808
43.271	-0.277661
43.272	-0.435481
43.273	-0.572854
43.274	-0.63773
43.275	-0.621251
43.276	-0.548092
43.277	-0.451758
43.278	-0.35821
43.279	-0.283956
43.28	-0.239333
43.281	-0.228425
43.282	-0.24593
43.283	-0.277154
43.284	-0.304351
43.285	-0.315804
43.286	-0.308691
43.287	-0.276406
43.288	-0.189338
43.289	0.001028
43.29	0.32249
43.291	0.744751
43.292	1.185095
43.293	1.544152
43.294	1.741715
43.295	1.74332
43.296	1.571178
43.297	1.291241
43.298	0.983005
43.299	0.710263
43.3	0.504641
43.301	0.367109
43.302	0.283276
43.303	0.236703
43.304	0.212341
43.305	0.195103
43.306	0.171129
43.307	0.13609
43.308	0.104201
43.309	0.098321
43.31	0.121277
43.311	0.151511
43.312	0.171869
43.313	0.180825
43.314	0.17802
43.315	0.159638
43.316	0.127478
43.317	0.093901
43.318	0.076915
43.319	0.090062
43.32	0.133572
43.321	0.193534
43.322	0.250656
43.323	0.29124
43.324	0.310771
43.325	0.309665
43.326	0.28917
43.327	0.248916
43.328	0.182626
43.329	0.071625
43.33	-0.11309
43.331	-0.379462
43.332	-0.679155
43.333	-0.926782
43.334	-1.057121
43.335	-1.055144
43.336	-0.946243
43.337	-0.775945
43.338	-0.596691
43.339	-0.456656
43.34	-0.384121
43.341	-0.376511
43.342	-0.404967
43.343	-0.430742
43.344	-0.423283
43.345	-0.372561
43.346	-0.290648
43.347	-0.204436
43.348	-0.148909
43.349	-0.166048
43.35	-0.295474
43.351	-0.538938
43.352	-0.831546
43.353	-1.072701
43.354	-1.189497
43.355	-1.16645
43.356	-1.033269
43.357	-0.839549
43.358	-0.635563
43.359	-0.462887
43.36	-0.348712
43.361	-0.299134
43.362	-0.297621
43.363	-0.315185
43.364	-0.326052
43.365	-0.318574
43.366	-0.295166
43.367	-0.256487
43.368	-0.176615
43.369	-0.001889
43.37	0.306202
43.371	0.727227
43.372	1.181493
43.373	1.5613
43.374	1.774308
43.375	1.781274
43.376	1.605357
43.377	1.313619
43.378	0.98751
43.379	0.694917
43.38	0.471626
43.381	0.319001
43.382	0.217973
43.383	0.147403
43.384	0.093553
43.385	0.049134
43.386	0.010862
43.387	-0.015053
43.388	-0.00062
43.389	0.09702
43.39	0.296444
43.391	0.566921
43.392	0.846288
43.393	1.067858
43.394	1.179155
43.395	1.158637
43.396	1.023092
43.397	0.822484
43.398	0.625469
43.399	0.495523
43.4	0.463395
43.401	0.511783
43.402	0.587701
43.403	0.637159
43.404	0.633123
43.405	0.577827
43.406	0.48834
43.407	0.381251
43.408	0.262197
43.409	0.115791
43.41	-0.090437
43.411	-0.365352
43.412	-0.658863
43.413	-0.890212
43.414	-1.003819
43.415	-0.990773
43.416	-0.877641
43.417	-0.709402
43.418	-0.538835
43.419	-0.416321
43.42	-0.370686
43.421	-0.393121
43.422	-0.442882
43.423	-0.471856
43.424	-0.449983
43.425	-0.377621
43.426	-0.281284
43.427	-0.19788
43.428	-0.162782
43.429	-0.212715
43.43	-0.381354
43.431	-0.663461
43.432	-0.987232
43.433	-1.247586
43.434	-1.369256
43.435	-1.336563
43.436	-1.181384
43.437	-0.95697
43.438	-0.719148
43.439	-0.516416
43.44	-0.379964
43.441	-0.313407
43.442	-0.293331
43.443	-0.286113
43.444	-0.268743
43.445	-0.238747
43.446	-0.208793
43.447	-0.185759
43.448	-0.146938
43.449	-0.044689
43.45	0.152583
43.451	0.428217
43.452	0.726106
43.453	0.977221
43.454	1.123098
43.455	1.136143
43.456	1.029043
43.457	0.845709
43.458	0.639852
43.459	0.454386
43.46	0.309894
43.461	0.205833
43.462	0.132429
43.463	0.080954
43.464	0.043727
43.465	0.010609
43.466	-0.025929
43.467	-0.056316
43.468	-0.042635
43.469	0.067951
43.47	0.299406
43.471	0.616309
43.472	0.942815
43.473	1.199281
43.474	1.32587
43.475	1.299582
43.476	1.14288
43.477	0.915835
43.478	0.695243
43.479	0.546797
43.48	0.49902
43.481	0.53321
43.482	0.598426
43.483	0.642714
43.484	0.637292
43.485	0.579356
43.486	0.482498
43.487	0.366256
43.488	0.24295
43.489	0.102656
43.49	-0.084527
43.491	-0.330942
43.492	-0.595071
43.493	-0.802836
43.494	-0.902043
43.495	-0.887191
43.496	-0.786944
43.497	-0.64168
43.498	-0.489285
43.499	-0.359754
43.5	-0.271337
43.501	-0.226678
43.502	-0.21273
43.503	-0.206568
43.504	-0.185986
43.505	-0.142464
43.506	-0.088828
43.507	-0.053659
43.508	-0.069887
43.509	-0.170815
43.51	-0.382171
43.511	-0.690628
43.512	-1.022766
43.513	-1.280238
43.514	-1.396927
43.515	-1.36063
43.516	-1.199875
43.517	-0.964757
43.518	-0.714166
43.519	-0.503102
43.52	-0.365584
43.521	-0.301625
43.522	-0.281302
43.523	-0.266501
43.524	-0.234288
43.525	-0.186067
43.526	-0.139609
43.527	-0.111158
43.528	-0.098113
43.529	-0.079603
43.53	-0.038676
43.531	0.025184
43.532	0.103333
43.533	0.180305
43.534	0.234692
43.535	0.251869
43.536	0.234705
43.537	0.199589
43.538	0.16288
43.539	0.130141
43.54	0.097411
43.541	0.061621
43.542	0.027412
43.543	0.003465
43.544	-0.007113
43.545	-0.012659
43.546	-0.0263
43.547	-0.046006
43.548	-0.034268
43.549	0.072738
43.55	0.315765
43.551	0.669626
43.552	1.050074
43.553	1.353893
43.554	1.502204
43.555	1.470613
43.556	1.293162
43.557	1.042355
43.558	0.798811
43.559	0.622178
43.56	0.534436
43.561	0.520572
43.562	0.543372
43.563	0.564484
43.564	0.55867
43.565	0.514827
43.566	0.431972
43.567	0.320507
43.568	0.203282
43.569	0.100067
43.57	0.008607
43.571	-0.08337
43.572	-0.171614
43.573	-0.237921
43.574	-0.270887
43.575	-0.272287
43.576	-0.249556
43.577	-0.207798
43.578	-0.148673
43.579	-0.075509
43.58	0.003155
43.581	0.076088
43.582	0.134649
43.583	0.175079
43.584	0.196771
43.585	0.199292
43.586	0.179588
43.587	0.131671
43.588	0.045978
43.589	-0.098494
43.59	-0.329539
43.591	-0.641929
43.592	-0.968076
43.593	-1.212989
43.594	-1.315021
43.595	-1.269567
43.596	-1.113758
43.597	-0.901059
43.598	-0.682812
43.599	-0.497489
43.6	-0.364796
43.601	-0.284446
43.602	-0.240289
43.603	-0.210626
43.604	-0.180761
43.605	-0.149258
43.606	-0.124206
43.607	-0.115108
43.608	-0.130077
43.609	-0.181769
43.61	-0.286683
43.611	-0.441741
43.612	-0.605551
43.613	-0.721129
43.614	-0.755887
43.615	-0.713926
43.616	-0.619246
43.617	-0.495499
43.618	-0.361041
43.619	-0.238877
43.62	-0.16239
43.621	-0.158255
43.622	-0.220687
43.623	-0.310406
43.624	-0.379649
43.625	-0.396408
43.626	-0.353981
43.627	-0.270651
43.628	-0.186508
43.629	-0.159036
43.63	-0.242537
43.631	-0.442015
43.632	-0.689646
43.633	-0.88849
43.634	-0.977127
43.635	-0.951213
43.636	-0.843917
43.637	-0.700899
43.638	-0.568515
43.639	-0.48637
43.64	-0.472609
43.641	-0.512615
43.642	-0.566951
43.643	-0.593987
43.644	-0.571801
43.645	-0.506798
43.646	-0.421667
43.647	-0.326247
43.648	-0.192339
43.649	0.036364
43.65	0.394874
43.651	0.851466
43.652	1.310835
43.653	1.659873
43.654	1.817806
43.655	1.763633
43.656	1.534451
43.657	1.201774
43.658	0.840898
43.659	0.508358
43.66	0.234747
43.661	0.029972
43.662	-0.107214
43.663	-0.18337
43.664	-0.210451
43.665	-0.206741
43.666	-0.189938
43.667	-0.157827
43.668	-0.073843
43.669	0.112942
43.67	0.419916
43.671	0.802757
43.672	1.173261
43.673	1.440134
43.674	1.54296
43.675	1.469175
43.676	1.253991
43.677	0.966375
43.678	0.686583
43.679	0.480434
43.68	0.375755
43.681	0.355535
43.682	0.376871
43.683	0.398627
43.684	0.397124
43.685	0.366934
43.686	0.314065
43.687	0.249188
43.688	0.178853
43.689	0.091453
43.69	-0.041445
43.691	-0.229365
43.692	-0.433229
43.693	-0.590337
43.694	-0.662443
43.695	-0.652262
43.696	-0.588802
43.697	-0.509488
43.698	-0.450555
43.699	-0.439005
43.7	-0.482234
43.701	-0.562465
43.702	-0.643293
43.703	-0.686526
43.704	-0.66943
43.705	-0.592205
43.706	-0.473215
43.707	-0.34195
43.708	-0.239596
43.709	-0.219622
43.71	-0.326978
43.711	-0.554238
43.712	-0.82347
43.713	-1.032083
43.714	-1.117541
43.715	-1.078694
43.716	-0.954577
43.717	-0.795388
43.718	-0.645729
43.719	-0.537605
43.72	-0.48467
43.721	-0.479473
43.722	-0.499005
43.723	-0.515683
43.724	-0.508669
43.725	-0.47128
43.726	-0.407476
43.727	-0.317541
43.728	-0.188025
43.729	-0.002413
43.73	0.235574
43.731	0.496232
43.732	0.738678
43.733	0.920648
43.734	1.004317
43.735	0.970879
43.736	0.831883
43.737	0.625316
43.738	0.399904
43.739	0.195275
43.74	0.029129
43.741	-0.099323
43.742	-0.196354
43.743	-0.265616
43.744	-0.308065
43.745	-0.323868
43.746	-0.310614
43.747	-0.254142
43.748	-0.119863
43.749	0.130623
43.75	0.498388
43.751	0.92947
43.752	1.336823
43.753	1.62917
43.754	1.739374
43.755	1.652718
43.756	1.412923
43.757	1.100066
43.758	0.797249
43.759	0.562454
43.76	0.415115
43.761	0.341654
43.762	0.314071
43.763	0.306416
43.764	0.300622
43.765	0.285779
43.766	0.256775
43.767	0.212894
43.768	0.153787
43.769	0.070441
43.77	-0.054286
43.771	-0.220072
43.772	-0.391038
43.773	-0.518864
43.774	-0.576726
43.775	-0.566843
43.776	-0.508656
43.777	-0.428301
43.778	-0.354637
43.779	-0.313866
43.78	-0.317657
43.781	-0.354359
43.782	-0.394871
43.783	-0.408726
43.784	-0.378888
43.785	-0.308553
43.786	-0.21798
43.787	-0.136189
43.788	-0.096779
43.789	-0.138392
43.79	-0.289413
43.791	-0.532373
43.792	-0.793914
43.793	-0.986931
43.794	-1.061157
43.795	-1.017334
43.796	-0.891024
43.797	-0.731231
43.798	-0.586172
43.799	-0.492995
43.8	-0.465377
43.801	-0.487206
43.802	-0.522501
43.803	-0.534611
43.804	-0.502611
43.805	-0.428383
43.806	-0.331723
43.807	-0.235912
43.808	-0.156902
43.809	-0.107198
43.81	-0.098248
43.811	-0.12657
43.812	-0.167421
43.813	-0.193677
43.814	-0.195936
43.815	-0.182411
43.816	-0.166757
43.817	-0.158817
43.818	-0.163833
43.819	-0.185491
43.82	-0.225321
43.821	-0.277794
43.822	-0.328234
43.823	-0.359486
43.824	-0.362604
43.825	-0.341353
43.826	-0.304128
43.827	-0.242367
43.828	-0.113619
43.829	0.137813
43.83	0.52728
43.831	0.998484
43.832	1.445402
43.833	1.760321
43.834	1.874541
43.835	1.778293
43.836	1.517167
43.837	1.170884
43.838	0.825446
43.839	0.547735
43.84	0.36661
43.841	0.269486
43.842	0.22143
43.843	0.190735
43.844	0.159929
43.845	0.123447
43.846	0.08583
43.847	0.06379
43.848	0.080245
43.849	0.144146
43.85	0.235831
43.851	0.321481
43.852	0.380038
43.853	0.407117
43.854	0.400741
43.855	0.356976
43.856	0.278157
43.857	0.178923
43.858	0.082657
43.859	0.010483
43.86	-0.029578
43.861	-0.044964
43.862	-0.050196
43.863	-0.054425
43.864	-0.056214
43.865	-0.049556
43.866	-0.032234
43.867	-0.011356
43.868	-0.01106
43.869	-0.07293
43.87	-0.228932
43.871	-0.462317
43.872	-0.704717
43.873	-0.879635
43.874	-0.946011
43.875	-0.906844
43.876	-0.793948
43.877	-0.652008
43.878	-0.528506
43.879	-0.46164
43.88	-0.463311
43.881	-0.51063
43.882	-0.558629
43.883	-0.566565
43.884	-0.517799
43.885	-0.422531
43.886	-0.307925
43.887	-0.20617
43.888	-0.149754
43.889	-0.171806
43.89	-0.292321
43.891	-0.488718
43.892	-0.692594
43.893	-0.831684
43.894	-0.871596
43.895	-0.820337
43.896	-0.709162
43.897	-0.575861
43.898	-0.457692
43.899	-0.385122
43.9	-0.371399
43.901	-0.404571
43.902	-0.451984
43.903	-0.478749
43.904	-0.467529
43.905	-0.42346
43.906	-0.358735
43.907	-0.266382
43.908	-0.1051
43.909	0.178558
43.91	0.59746
43.911	1.094164
43.912	1.561473
43.913	1.887202
43.914	1.99773
43.915	1.884284
43.916	1.599165
43.917	1.22834
43.918	0.857404
43.919	0.544322
43.92	0.309915
43.921	0.14816
43.922	0.04345
43.923	-0.018611
43.924	-0.049612
43.925	-0.060001
43.926	-0.05567
43.927	-0.028859
43.928	0.043513
43.929	0.179936
43.93	0.369333
43.931	0.573081
43.932	0.746393
43.933	0.851662
43.934	0.864745
43.935	0.783476
43.936	0.632559
43.937	0.458546
43.938	0.314808
43.939	0.239103
43.94	0.235978
43.941	0.278323
43.942	0.326964
43.943	0.35335
43.944	0.349641
43.945	0.323122
43.946	0.284457
43.947	0.238921
43.948	0.178594
43.949	0.075903
43.95	-0.098327
43.951	-0.333248
43.952	-0.567524
43.953	-0.731377
43.954	-0.790793
43.955	-0.755506
43.956	-0.662916
43.957	-0.559673
43.958	-0.488128
43.959	-0.475449
43.96	-0.523666
43.961	-0.607299
43.962	-0.684652
43.963	-0.716753
43.964	-0.682358
43.965	-0.583063
43.966	-0.44097
43.967	-0.293577
43.968	-0.190102
43.969	-0.18602
43.97	-0.316363
43.971	-0.554106
43.972	-0.809306
43.973	-0.986052
43.974	-1.037471
43.975	-0.974462
43.976	-0.842229
43.977	-0.693392
43.978	-0.570772
43.979	-0.499231
43.98	-0.483602
43.981	-0.510737
43.982	-0.554223
43.983	-0.58389
43.984	-0.579397
43.985	-0.537272
43.986	-0.461061
43.987	-0.33883
43.988	-0.130491
43.989	0.209656
43.99	0.684696
43.991	1.228156
43.992	1.724471
43.993	2.057984
43.994	2.158439
43.995	2.021396
43.996	1.699943
43.997	1.27878
43.998	0.844625
43.999	0.463192
44.0	0.167264
44.001	-0.042476
44.002	-0.183271
44.003	-0.271919
44.004	-0.317379
44.005	-0.32488
44.006	-0.295669
44.007	-0.215307
44.008	-0.051167
44.009	0.221213
44.01	0.586015
44.011	0.983334
44.012	1.330139
44.013	1.54828
44.014	1.591835
44.015	1.463632
44.016	1.211638
44.017	0.909386
44.018	0.631386
44.019	0.429891
44.02	0.319487
44.021	0.280361
44.022	0.278698
44.023	0.285906
44.024	0.285469
44.025	0.271044
44.026	0.242853
44.027	0.205431
44.028	0.158801
44.029	0.084961
44.03	-0.040955
44.031	-0.213885
44.032	-0.388031
44.033	-0.510942
44.034	-0.558691
44.035	-0.54072
44.036	-0.486106
44.037	-0.431373
44.038	-0.412861
44.039	-0.454928
44.04	-0.555742
44.041	-0.683122
44.042	-0.786162
44.043	-0.817404
44.044	-0.754315
44.045	-0.612327
44.046	-0.441056
44.047	-0.294797
44.048	-0.202648
44.049	-0.172608
44.05	-0.205417
44.051	-0.286915
44.052	-0.383415
44.053	-0.458518
44.054	-0.489447
44.055	-0.468103
44.056	-0.394334
44.057	-0.271369
44.058	-0.106998
44.059	0.082979
44.06	0.274487
44.061	0.440931
44.062	0.562476
44.063	0.629863
44.064	0.640237
44.065	0.592411
44.066	0.486096
44.067	0.323368
44.068	0.103089
44.069	-0.188182
44.07	-0.558076
44.071	-0.967235
44.072	-1.326042
44.073	-1.545785
44.074	-1.586607
44.075	-1.463282
44.076	-1.223218
44.077	-0.924111
44.078	-0.621181
44.079	-0.357718
44.08	-0.157024
44.081	-0.020673
44.082	0.065307
44.083	0.118688
44.084	0.149306
44.085	0.154536
44.086	0.124903
44.087	0.049627
44.088	-0.089054
44.089	-0.317673
44.09	-0.644023
44.091	-1.019715
44.092	-1.347717
44.093	-1.538291
44.094	-1.555461
44.095	-1.418925
44.096	-1.177293
44.097	-0.882252
44.098	-0.578215
44.099	-0.301653
44.1	-0.078688
44.101	0.079129
44.102	0.173837
44.103	0.214815
44.104	0.211232
44.105	0.16809
44.106	0.095772
44.107	0.030082
44.108	0.034711
44.109	0.16644
44.11	0.429728
44.111	0.766833
44.112	1.086791
44.113	1.302991
44.114	1.364881
44.115	1.277302
44.116	1.094185
44.117	0.8895
44.118	0.725408
44.119	0.632238
44.12	0.606123
44.121	0.622373
44.122	0.651634
44.123	0.667191
44.124	0.645871
44.125	0.571878
44.126	0.44608
44.127	0.294966
44.128	0.165656
44.129	0.097338
44.13	0.094292
44.131	0.132555
44.132	0.182012
44.133	0.216426
44.134	0.219693
44.135	0.194868
44.136	0.165997
44.137	0.168689
44.138	0.234163
44.139	0.372801
44.14	0.563999
44.141	0.761333
44.142	0.914006
44.143	0.988481
44.144	0.974183
44.145	0.877504
44.146	0.714482
44.147	0.501489
44.148	0.24335
44.149	-0.070459
44.15	-0.443348
44.151	-0.83568
44.152	-1.167154
44.153	-1.363812
44.154	-1.396236
44.155	-1.280948
44.156	-1.062393
44.157	-0.797242
44.158	-0.542968
44.159	-0.343313
44.16	-0.214883
44.161	-0.146128
44.162	-0.110101
44.163	-0.081002
44.164	-0.045866
44.165	-0.008873
44.166	0.011391
44.167	-0.012725
44.168	-0.11573
44.169	-0.332528
44.17	-0.668129
44.171	-1.062768
44.172	-1.40752
44.173	-1.606131
44.174	-1.620335
44.175	-1.469836
44.176	-1.207779
44.177	-0.896623
44.178	-0.592907
44.179	-0.33908
44.18	-0.157644
44.181	-0.048524
44.182	0.005486
44.183	0.02628
44.184	0.027913
44.185	0.012724
44.186	-0.017821
44.187	-0.039813
44.188	0.003667
44.189	0.170804
44.19	0.471348
44.191	0.849855
44.192	1.208637
44.193	1.450514
44.194	1.520568
44.195	1.423714
44.196	1.212812
44.197	0.962145
44.198	0.739495
44.199	0.584337
44.2	0.499759
44.201	0.461888
44.202	0.440158
44.203	0.413384
44.204	0.372547
44.205	0.314239
44.206	0.236932
44.207	0.154689
44.208	0.112982
44.209	0.165002
44.21	0.323445
44.211	0.545856
44.212	0.759191
44.213	0.895033
44.214	0.919414
44.215	0.844339
44.216	0.71759
44.217	0.600494
44.218	0.543906
44.219	0.570155
44.22	0.666027
44.221	0.791193
44.222	0.899348
44.223	0.956318
44.224	0.944163
44.225	0.857173
44.226	0.700277
44.227	0.488759
44.228	0.236486
44.229	-0.058931
44.23	-0.399347
44.231	-0.749335
44.232	-1.038177
44.233	-1.20266
44.234	-1.219431
44.235	-1.106229
44.236	-0.906709
44.237	-0.67604
44.238	-0.470499
44.239	-0.332142
44.24	-0.270424
44.241	-0.259288
44.242	-0.257121
44.243	-0.232785
44.244	-0.179594
44.245	-0.114875
44.246	-0.069062
44.247	-0.072629
44.248	-0.156164
44.249	-0.352685
44.25	-0.667782
44.251	-1.041484
44.252	-1.366069
44.253	-1.549052
44.254	-1.555704
44.255	-1.407286
44.256	-1.156676
44.257	-0.865559
44.258	-0.591199
44.259	-0.376807
44.26	-0.240203
44.261	-0.169218
44.262	-0.133796
44.263	-0.107893
44.264	-0.08406
44.265	-0.071166
44.266	-0.077217
44.267	-0.087398
44.268	-0.059459
44.269	0.048238
44.27	0.241547
44.271	0.484176
44.272	0.716064
44.273	0.877607
44.274	0.932701
44.275	0.881898
44.276	0.758291
44.277	0.609378
44.278	0.476117
44.279	0.379936
44.28	0.32104
44.281	0.286508
44.282	0.262027
44.283	0.237307
44.284	0.203071
44.285	0.15074
44.286	0.084451
44.287	0.036282
44.288	0.061397
44.289	0.201497
44.29	0.44655
44.291	0.736464
44.292	0.993038
44.293	1.149572
44.294	1.171557
44.295	1.067936
44.296	0.88751
44.297	0.70149
44.298	0.577541
44.299	0.551956
44.3	0.61351
44.301	0.712734
44.302	0.791357
44.303	0.810616
44.304	0.761104
44.305	0.654712
44.306	0.511913
44.307	0.349894
44.308	0.16865
44.309	-0.05345
44.31	-0.331237
44.311	-0.632801
44.312	-0.886225
44.313	-1.028983
44.314	-1.041997
44.315	-0.945906
44.316	-0.780029
44.317	-0.586233
44.318	-0.401355
44.319	-0.252212
44.32	-0.151548
44.321	-0.097161
44.322	-0.075396
44.323	-0.067925
44.324	-0.059779
44.325	-0.045631
44.326	-0.033133
44.327	-0.044516
44.328	-0.118737
44.329	-0.303222
44.33	-0.612881
44.331	-0.987525
44.332	-1.313656
44.333	-1.495297
44.334	-1.499426
44.335	-1.350542
44.336	-1.103016
44.337	-0.819235
44.338	-0.557608
44.339	-0.361244
44.34	-0.244469
44.341	-0.189137
44.342	-0.159397
44.343	-0.125782
44.344	-0.081671
44.345	-0.041809
44.346	-0.026664
44.347	-0.043093
44.348	-0.077366
44.349	-0.111148
44.35	-0.1357
44.351	-0.14534
44.352	-0.135525
44.353	-0.111276
44.354	-0.083241
44.355	-0.055772
44.356	-0.024783
44.357	0.013792
44.358	0.055628
44.359	0.089335
44.36	0.105866
44.361	0.105943
44.362	0.098889
44.363	0.093426
44.364	0.087376
44.365	0.068039
44.366	0.030071
44.367	0.000513
44.368	0.040562
44.369	0.204349
44.37	0.490934
44.371	0.83784
44.372	1.150003
44.373	1.340555
44.374	1.368083
44.375	1.24967
44.376	1.045896
44.377	0.8328
44.378	0.673097
44.379	0.595577
44.38	0.590884
44.381	0.624428
44.382	0.65706
44.383	0.661079
44.384	0.624147
44.385	0.543891
44.386	0.425356
44.387	0.28578
44.388	0.147787
44.389	0.017156
44.39	-0.115171
44.391	-0.244048
44.392	-0.345336
44.393	-0.398568
44.394	-0.399736
44.395	-0.357342
44.396	-0.28447
44.397	-0.194189
44.398	-0.099535
44.399	-0.014157
44.4	0.050859
44.401	0.09227
44.402	0.115993
44.403	0.131161
44.404	0.141807
44.405	0.142983
44.406	0.122072
44.407	0.062333
44.408	-0.060315
44.409	-0.27804
44.41	-0.597734
44.411	-0.960642
44.412	-1.262805
44.413	-1.4203
44.414	-1.408912
44.415	-1.25797
44.416	-1.023062
44.417	-0.762708
44.418	-0.52611
44.419	-0.345235
44.42	-0.229469
44.421	-0.167457
44.422	-0.135783
44.423	-0.111418
44.424	-0.08333
44.425	-0.056244
44.426	-0.044444
44.427	-0.06332
44.428	-0.12973
44.429	-0.263449
44.43	-0.466023
44.431	-0.693827
44.432	-0.873752
44.433	-0.951427
44.434	-0.918055
44.435	-0.800413
44.436	-0.635989
44.437	-0.456414
44.438	-0.285629
44.439	-0.142708
44.44	-0.040871
44.441	0.016327
44.442	0.035838
44.443	0.02995
44.444	0.007908
44.445	-0.026938
44.446	-0.064197
44.447	-0.067286
44.448	0.021233
44.449	0.239126
44.45	0.566454
44.451	0.929752
44.452	1.237021
44.453	1.413781
44.454	1.428676
44.455	1.302468
44.456	1.095189
44.457	0.878194
44.458	0.706683
44.459	0.603879
44.46	0.562237
44.461	0.558072
44.462	0.565691
44.463	0.563198
44.464	0.532836
44.465	0.462332
44.466	0.353496
44.467	0.232186
44.468	0.137391
44.469	0.088235
44.47	0.072864
44.471	0.073024
44.472	0.078259
44.473	0.077591
44.474	0.058713
44.475	0.018281
44.476	-0.033994
44.477	-0.08289
44.478	-0.118823
44.479	-0.142226
44.48	-0.157928
44.481	-0.16685
44.482	-0.165044
44.483	-0.149849
44.484	-0.125866
44.485	-0.104063
44.486	-0.086429
44.487	-0.04401
44.488	0.077095
44.489	0.309836
44.49	0.630014
44.491	0.967722
44.492	1.241035
44.493	1.385087
44.494	1.372992
44.495	1.223187
44.496	0.990495
44.497	0.746645
44.498	0.556582
44.499	0.454759
44.5	0.433452
44.501	0.455507
44.502	0.480785
44.503	0.48377
44.504	0.455805
44.505	0.400138
44.506	0.326062
44.507	0.240626
44.508	0.135439
44.509	-0.016964
44.51	-0.232612
44.511	-0.477642
44.512	-0.681631
44.513	-0.789828
44.514	-0.792052
44.515	-0.713777
44.516	-0.595857
44.517	-0.481724
44.518	-0.409257
44.519	-0.398761
44.52	-0.443132
44.521	-0.511458
44.522	-0.564074
44.523	-0.56989
44.524	-0.518797
44.525	-0.423122
44.526	-0.310156
44.527	-0.217838
44.528	-0.196893
44.529	-0.299222
44.53	-0.534928
44.531	-0.83775
44.532	-1.097415
44.533	-1.230596
44.534	-1.217431
44.535	-1.089606
44.536	-0.900767
44.537	-0.704514
44.538	-0.543844
44.539	-0.443752
44.54	-0.405778
44.541	-0.410304
44.542	-0.427583
44.543	-0.431489
44.544	-0.409302
44.545	-0.362534
44.546	-0.295962
44.547	-0.201695
44.548	-0.058864
44.549	0.142376
44.55	0.38396
44.551	0.6296
44.552	0.83642
44.553	0.962122
44.554	0.980036
44.555	0.89253
44.556	0.729795
44.557	0.536043
44.558	0.351352
44.559	0.197175
44.56	0.074855
44.561	-0.022756
44.562	-0.099955
44.563	-0.156166
44.564	-0.1901
44.565	-0.201365
44.566	-0.183288
44.567	-0.110028
44.568	0.05884
44.569	0.342714
44.57	0.71272
44.571	1.099616
44.572	1.414539
44.573	1.578805
44.574	1.560141
44.575	1.386151
44.576	1.126322
44.577	0.860224
44.578	0.648306
44.579	0.515533
44.58	0.453244
44.581	0.434825
44.582	0.433212
44.583	0.429691
44.584	0.412871
44.585	0.37545
44.586	0.313644
44.587	0.227753
44.588	0.115815
44.589	-0.034696
44.59	-0.229554
44.591	-0.438924
44.592	-0.60807
44.593	-0.696736
44.594	-0.697399
44.595	-0.62678
44.596	-0.513377
44.597	-0.3914
44.598	-0.295102
44.599	-0.246591
44.6	-0.244604
44.601	-0.266299
44.602	-0.280785
44.603	-0.265248
44.604	-0.216019
44.605	-0.149262
44.606	-0.092025
44.607	-0.073693
44.608	-0.127648
44.609	-0.286941
44.61	-0.550119
44.611	-0.852711
44.612	-1.097714
44.613	-1.215288
44.614	-1.190353
44.615	-1.052789
44.616	-0.854955
44.617	-0.65265
44.618	-0.492541
44.619	-0.400744
44.62	-0.37394
44.621	-0.383125
44.622	-0.391208
44.623	-0.372405
44.624	-0.322249
44.625	-0.255789
44.626	-0.194525
44.627	-0.149064
44.628	-0.11812
44.629	-0.103617
44.63	-0.108472
44.631	-0.121228
44.632	-0.123537
44.633	-0.108815
44.634	-0.083942
44.635	-0.059424
44.636	-0.04232
44.637	-0.036
44.638	-0.043191
44.639	-0.066949
44.64	-0.107038
44.641	-0.154895
44.642	-0.195215
44.643	-0.216478
44.644	-0.219997
44.645	-0.215222
44.646	-0.200134
44.647	-0.140223
44.648	0.023267
44.649	0.324429
44.65	0.731325
44.651	1.15545
44.652	1.492532
44.653	1.663612
44.654	1.641959
44.655	1.45651
44.656	1.174939
44.657	0.877774
44.658	0.632619
44.659	0.474311
44.66	0.397466
44.661	0.368651
44.662	0.351597
44.663	0.324612
44.664	0.2805
44.665	0.220659
44.666	0.155561
44.667	0.103983
44.668	0.076895
44.669	0.05992
44.67	0.027355
44.671	-0.024576
44.672	-0.075126
44.673	-0.106322
44.674	-0.11795
44.675	-0.118588
44.676	-0.109775
44.677	-0.079677
44.678	-0.01234
44.679	0.094531
44.68	0.219914
44.681	0.329124
44.682	0.394354
44.683	0.408884
44.684	0.385093
44.685	0.338188
44.686	0.270507
44.687	0.169153
44.688	0.0115
44.689	-0.223089
44.69	-0.524762
44.691	-0.833706
44.692	-1.068598
44.693	-1.175549
44.694	-1.147457
44.695	-1.012697
44.696	-0.818045
44.697	-0.617887
44.698	-0.462621
44.699	-0.380572
44.7	-0.364781
44.701	-0.379082
44.702	-0.381641
44.703	-0.348531
44.704	-0.282694
44.705	-0.207003
44.706	-0.150311
44.707	-0.137815
44.708	-0.191776
44.709	-0.329847
44.71	-0.541293
44.711	-0.768725
44.712	-0.937032
44.713	-1.000218
44.714	-0.955909
44.715	-0.830003
44.716	-0.659422
44.717	-0.484493
44.718	-0.343263
44.719	-0.260639
44.72	-0.237416
44.721	-0.250319
44.722	-0.266768
44.723	-0.265333
44.724	-0.246567
44.725	-0.223206
44.726	-0.194893
44.727	-0.126484
44.728	0.042944
44.729	0.350724
44.73	0.766665
44.731	1.201023
44.732	1.545773
44.733	1.717219
44.734	1.687753
44.735	1.491671
44.736	1.203011
44.737	0.902556
44.738	0.649379
44.739	0.467795
44.74	0.352778
44.741	0.284937
44.742	0.244202
44.743	0.215379
44.744	0.186446
44.745	0.149424
44.746	0.109517
44.747	0.091827
44.748	0.126587
44.749	0.219243
44.75	0.343819
44.751	0.465095
44.752	0.55302
44.753	0.584853
44.754	0.552783
44.755	0.471163
44.756	0.374521
44.757	0.307018
44.758	0.303773
44.759	0.37091
44.76	0.480479
44.761	0.587184
44.762	0.652934
44.763	0.661271
44.764	0.616329
44.765	0.531419
44.766	0.41733
44.767	0.275714
44.768	0.093008
44.769	-0.153926
44.77	-0.461781
44.771	-0.772592
44.772	-1.003701
44.773	-1.101862
44.774	-1.064017
44.775	-0.925117
44.776	-0.738301
44.777	-0.558087
44.778	-0.426219
44.779	-0.361045
44.78	-0.353961
44.781	-0.375615
44.782	-0.390469
44.783	-0.373266
44.784	-0.318769
44.785	-0.241484
44.786	-0.170358
44.787	-0.143905
44.788	-0.207277
44.789	-0.396556
44.79	-0.697979
44.791	-1.02734
44.792	-1.274503
44.793	-1.369133
44.794	-1.305789
44.795	-1.126927
44.796	-0.892575
44.797	-0.657959
44.798	-0.463681
44.799	-0.331617
44.8	-0.263253
44.801	-0.242631
44.802	-0.244317
44.803	-0.245851
44.804	-0.238684
44.805	-0.225668
44.806	-0.20163
44.807	-0.132793
44.808	0.034281
44.809	0.328066
44.81	0.71571
44.811	1.11251
44.812	1.421976
44.813	1.574665
44.814	1.549536
44.815	1.374221
44.816	1.109568
44.817	0.826864
44.818	0.584398
44.819	0.410489
44.82	0.300536
44.821	0.230573
44.822	0.176956
44.823	0.126555
44.824	0.074325
44.825	0.020384
44.826	-0.021253
44.827	-0.013681
44.828	0.086628
44.829	0.29403
44.83	0.574624
44.831	0.859068
44.832	1.071879
44.833	1.161053
44.834	1.116705
44.835	0.971513
44.836	0.785833
44.837	0.625567
44.838	0.539429
44.839	0.540917
44.84	0.605566
44.841	0.68889
44.842	0.749707
44.843	0.762324
44.844	0.71688
44.845	0.615013
44.846	0.46739
44.847	0.287708
44.848	0.076994
44.849	-0.178404
44.85	-0.473796
44.851	-0.759059
44.852	-0.964109
44.853	-1.045812
44.854	-1.004855
44.855	-0.872648
44.856	-0.693901
44.857	-0.515777
44.858	-0.377722
44.859	-0.299297
44.86	-0.273612
44.861	-0.273417
44.862	-0.267734
44.863	-0.23901
44.864	-0.190161
44.865	-0.138414
44.866	-0.106848
44.867	-0.12569
44.868	-0.23522
44.869	-0.46666
44.87	-0.799985
44.871	-1.147727
44.872	-1.400947
44.873	-1.493026
44.874	-1.421758
44.875	-1.229801
44.876	-0.976114
44.877	-0.718093
44.878	-0.501563
44.879	-0.350974
44.88	-0.264783
44.881	-0.22277
44.882	-0.199967
44.883	-0.179562
44.884	-0.159799
44.885	-0.147258
44.886	-0.138042
44.887	-0.105602
44.888	-0.013521
44.889	0.15382
44.89	0.375463
44.891	0.605756
44.892	0.792252
44.893	0.891349
44.894	0.886224
44.895	0.795343
44.896	0.661629
44.897	0.526009
44.898	0.400873
44.899	0.270586
44.9	0.120545
44.901	-0.040422
44.902	-0.183598
44.903	-0.278439
44.904	-0.30965
44.905	-0.282419
44.906	-0.216369
44.907	-0.14237
44.908	-0.104522
44.909	-0.14511
44.91	-0.267889
44.911	-0.422152
44.912	-0.537889
44.913	-0.575498
44.914	-0.541465
44.915	-0.470203
44.916	-0.39822
44.917	-0.348954
44.918	-0.331858
44.919	-0.347233
44.92	-0.387968
44.921	-0.438978
44.922	-0.48074
44.923	-0.497133
44.924	-0.481028
44.925	-0.430435
44.926	-0.333295
44.927	-0.155184
44.928	0.143979
44.929	0.566954
44.93	1.056658
44.931	1.516226
44.932	1.844815
44.933	1.972032
44.934	1.883669
44.935	1.623093
44.936	1.26798
44.937	0.899528
44.938	0.57842
44.939	0.333039
44.94	0.163975
44.941	0.059514
44.942	0.006047
44.943	-0.011686
44.944	-0.011071
44.945	-0.004595
44.946	0.011775
44.947	0.061977
44.948	0.170772
44.949	0.333455
44.95	0.513407
44.951	0.668182
44.952	0.765297
44.953	0.783841
44.954	0.719984
44.955	0.59267
44.956	0.440235
44.957	0.308069
44.958	0.230612
44.959	0.215855
44.96	0.244584
44.961	0.28556
44.962	0.314061
44.963	0.320397
44.964	0.306434
44.965	0.278345
44.966	0.239197
44.967	0.179511
44.968	0.071654
44.969	-0.113568
44.97	-0.36781
44.971	-0.629428
44.972	-0.820896
44.973	-0.898455
44.974	-0.866443
44.975	-0.76109
44.976	-0.630787
44.977	-0.523043
44.978	-0.472539
44.979	-0.487936
44.98	-0.547434
44.981	-0.610852
44.982	-0.639348
44.983	-0.610313
44.984	-0.523386
44.985	-0.398405
44.986	-0.269062
44.987	-0.179627
44.988	-0.182241
44.989	-0.313093
44.99	-0.551038
44.991	-0.811691
44.992	-0.998986
44.993	-1.061017
44.994	-1.002781
44.995	-0.865896
44.996	-0.702819
44.997	-0.55899
44.998	-0.464763
44.999	-0.431437
45.0	-0.448439
45.001	-0.487695
45.002	-0.517375
45.003	-0.516326
45.004	-0.479648
45.005	-0.411719
45.006	-0.30681
45.007	-0.131414
45.008	0.160729
45.009	0.581415
45.01	1.078526
45.011	1.550831
45.012	1.888183
45.013	2.015905
45.014	1.921275
45.015	1.649268
45.016	1.278413
45.017	0.891484
45.018	0.55148
45.019	0.28926
45.02	0.105007
45.021	-0.016908
45.022	-0.089978
45.023	-0.120475
45.024	-0.116587
45.025	-0.093481
45.026	-0.057127
45.027	0.016858
45.028	0.169304
45.029	0.413263
45.03	0.711313
45.031	0.991716
45.032	1.180503
45.033	1.231901
45.034	1.144674
45.035	0.958055
45.036	0.733844
45.037	0.533604
45.038	0.398796
45.039	0.34087
45.04	0.343307
45.041	0.374363
45.042	0.40449
45.043	0.41635
45.044	0.402779
45.045	0.361784
45.046	0.29536
45.047	0.203855
45.048	0.074081
45.049	-0.112489
45.05	-0.345952
45.051	-0.574886
45.052	-0.737302
45.053	-0.799018
45.054	-0.765073
45.055	-0.668278
45.056	-0.553689
45.057	-0.467213
45.058	-0.442715
45.059	-0.485944
45.06	-0.568873
45.061	-0.643872
45.062	-0.668662
45.063	-0.624985
45.064	-0.522393
45.065	-0.39066
45.066	-0.268273
45.067	-0.198084
45.068	-0.227703
45.069	-0.387354
45.07	-0.649694
45.071	-0.927004
45.072	-1.122929
45.073	-1.186094
45.074	-1.122472
45.075	-0.974771
45.076	-0.797062
45.077	-0.639167
45.078	-0.53647
45.079	-0.500653
45.08	-0.516028
45.081	-0.547278
45.082	-0.558241
45.083	-0.530493
45.084	-0.468415
45.085	-0.386987
45.086	-0.288842
45.087	-0.149526
45.088	0.066415
45.089	0.366372
45.09	0.710592
45.091	1.030235
45.092	1.256272
45.093	1.341879
45.094	1.277086
45.095	1.090124
45.096	0.833496
45.097	0.56293
45.098	0.319564
45.099	0.122222
45.1	-0.027361
45.101	-0.132684
45.102	-0.196367
45.103	-0.223486
45.104	-0.224508
45.105	-0.205943
45.106	-0.153092
45.107	-0.025688
45.108	0.216166
45.109	0.569307
45.11	0.972375
45.111	1.334005
45.112	1.571183
45.113	1.634133
45.114	1.519563
45.115	1.270621
45.116	0.962402
45.117	0.678023
45.118	0.47886
45.119	0.381375
45.12	0.358389
45.121	0.363585
45.122	0.359939
45.123	0.333455
45.124	0.288777
45.125	0.238567
45.126	0.194189
45.127	0.152729
45.128	0.085934
45.129	-0.04192
45.13	-0.229956
45.131	-0.426542
45.132	-0.568773
45.133	-0.626184
45.134	-0.607832
45.135	-0.544034
45.136	-0.467299
45.137	-0.402427
45.138	-0.364324
45.139	-0.35794
45.14	-0.377121
45.141	-0.405313
45.142	-0.421684
45.143	-0.409284
45.144	-0.360126
45.145	-0.278609
45.146	-0.185696
45.147	-0.122771
45.148	-0.14716
45.149	-0.300326
45.15	-0.559751
45.151	-0.835492
45.152	-1.029709
45.153	-1.094469
45.154	-1.038625
45.155	-0.90188
45.156	-0.733724
45.157	-0.585412
45.158	-0.497963
45.159	-0.483987
45.16	-0.520501
45.161	-0.562184
45.162	-0.56718
45.163	-0.518386
45.164	-0.427119
45.165	-0.319599
45.166	-0.21797
45.167	-0.130197
45.168	-0.056499
45.169	0.00175
45.17	0.046476
45.171	0.084349
45.172	0.115666
45.173	0.131592
45.174	0.124579
45.175	0.095736
45.176	0.051722
45.177	-0.003937
45.178	-0.074156
45.179	-0.159806
45.18	-0.249659
45.181	-0.322484
45.182	-0.359003
45.183	-0.353682
45.184	-0.317589
45.185	-0.265185
45.186	-0.188664
45.187	-0.044567
45.188	0.219217
45.189	0.612341
45.19	1.076112
45.191	1.50264
45.192	1.78278
45.193	1.853373
45.194	1.717474
45.195	1.433362
45.196	1.086479
45.197	0.758452
45.198	0.502542
45.199	0.334357
45.2	0.239933
45.201	0.192965
45.202	0.170183
45.203	0.157079
45.204	0.145331
45.205	0.13111
45.206	0.119812
45.207	0.124046
45.208	0.144625
45.209	0.163147
45.21	0.163772
45.211	0.148434
45.212	0.125535
45.213	0.097111
45.214	0.060462
45.215	0.016631
45.216	-0.02457
45.217	-0.048089
45.218	-0.043528
45.219	-0.013735
45.22	0.02627
45.221	0.060829
45.222	0.083375
45.223	0.095735
45.224	0.101848
45.225	0.102398
45.226	0.092457
45.227	0.056066
45.228	-0.039326
45.229	-0.221647
45.23	-0.471491
45.231	-0.716776
45.232	-0.881344
45.233	-0.931618
45.234	-0.882425
45.235	-0.775638
45.236	-0.658217
45.237	-0.569159
45.238	-0.530359
45.239	-0.541411
45.24	-0.58232
45.241	-0.62202
45.242	-0.630567
45.243	-0.591906
45.244	-0.50938
45.245	-0.399927
45.246	-0.28547
45.247	-0.193556
45.248	-0.159428
45.249	-0.207371
45.25	-0.320841
45.251	-0.444082
45.252	-0.522111
45.253	-0.535353
45.254	-0.49986
45.255	-0.445767
45.256	-0.398335
45.257	-0.372476
45.258	-0.375437
45.259	-0.407593
45.26	-0.459985
45.261	-0.514856
45.262	-0.551755
45.263	-0.556743
45.264	-0.527651
45.265	-0.464207
45.266	-0.345846
45.267	-0.12572
45.268	0.236017
45.269	0.724597
45.27	1.25876
45.271	1.723262
45.272	2.014114
45.273	2.074175
45.274	1.910602
45.275	1.586274
45.276	1.189961
45.277	0.803619
45.278	0.480237
45.279	0.238392
45.28	0.073987
45.281	-0.024214
45.282	-0.069539
45.283	-0.079495
45.284	-0.073271
45.285	-0.060621
45.286	-0.028902
45.287	0.054401
45.288	0.212127
45.289	0.42832
45.29	0.655562
45.291	0.84144
45.292	0.943295
45.293	0.937282
45.294	0.828016
45.295	0.648975
45.296	0.450449
45.297	0.281097
45.298	0.170741
45.299	0.121541
45.3	0.113773
45.301	0.122983
45.302	0.133483
45.303	0.13909
45.304	0.138425
45.305	0.132688
45.306	0.121869
45.307	0.094658
45.308	0.022502
45.309	-0.119371
45.31	-0.314545
45.311	-0.504587
45.312	-0.632435
45.313	-0.676963
45.314	-0.651824
45.315	-0.587939
45.316	-0.521569
45.317	-0.488222
45.318	-0.511905
45.319	-0.590972
45.32	-0.693709
45.321	-0.770864
45.322	-0.777974
45.323	-0.698059
45.324	-0.554774
45.325	-0.400708
45.326	-0.287661
45.327	-0.251105
45.328	-0.314908
45.329	-0.484272
45.33	-0.721958
45.331	-0.9517
45.332	-1.10014
45.333	-1.131785
45.334	-1.049879
45.335	-0.879716
45.336	-0.656755
45.337	-0.421584
45.338	-0.211481
45.339	-0.048797
45.34	0.063574
45.341	0.135659
45.342	0.179325
45.343	0.199647
45.344	0.192355
45.345	0.148775
45.346	0.059007
45.347	-0.09558
45.348	-0.34351
45.349	-0.692311
45.35	-1.089427
45.351	-1.433744
45.352	-1.634675
45.353	-1.65637
45.354	-1.517077
45.355	-1.264443
45.356	-0.954428
45.357	-0.640403
45.358	-0.364961
45.359	-0.152294
45.36	-0.006499
45.361	0.082192
45.362	0.127717
45.363	0.139702
45.364	0.120373
45.365	0.070041
45.366	-0.003064
45.367	-0.08276
45.368	-0.158647
45.369	-0.229533
45.37	-0.28862
45.371	-0.320804
45.372	-0.318842
45.373	-0.290199
45.374	-0.246262
45.375	-0.191454
45.376	-0.12254
45.377	-0.034995
45.378	0.068228
45.379	0.172201
45.38	0.255852
45.381	0.303285
45.382	0.308762
45.383	0.273038
45.384	0.200872
45.385	0.106193
45.386	0.023507
45.387	0.011138
45.388	0.124121
45.389	0.371207
45.39	0.698992
45.391	1.012858
45.392	1.218331
45.393	1.264762
45.394	1.165354
45.395	0.982491
45.396	0.794459
45.397	0.663607
45.398	0.617318
45.399	0.645355
45.4	0.712107
45.401	0.776596
45.402	0.807238
45.403	0.784366
45.404	0.698407
45.405	0.552809
45.406	0.368637
45.407	0.177662
45.408	0.000752
45.409	-0.159712
45.41	-0.300038
45.411	-0.405282
45.412	-0.462713
45.413	-0.470299
45.414	-0.43217
45.415	-0.353629
45.416	-0.241593
45.417	-0.108169
45.418	0.028586
45.419	0.150446
45.42	0.246391
45.421	0.313998
45.422	0.355186
45.423	0.370361
45.424	0.353976
45.425	0.29541
45.426	0.184224
45.427	0.008555
45.428	-0.249427
45.429	-0.590909
45.43	-0.964918
45.431	-1.279737
45.432	-1.456768
45.433	-1.467152
45.434	-1.330486
45.435	-1.09562
45.436	-0.821101
45.437	-0.560731
45.438	-0.353103
45.439	-0.213165
45.44	-0.130656
45.441	-0.080363
45.442	-0.039288
45.443	0.000356
45.444	0.02915
45.445	0.028171
45.446	-0.018605
45.447	-0.121153
45.448	-0.289858
45.449	-0.521377
45.45	-0.772816
45.451	-0.97386
45.452	-1.069979
45.453	-1.047778
45.454	-0.928506
45.455	-0.748189
45.456	-0.542739
45.457	-0.343254
45.458	-0.174916
45.459	-0.053418
45.46	0.019409
45.461	0.054991
45.462	0.068225
45.463	0.064946
45.464	0.040481
45.465	-0.004136
45.466	-0.036798
45.467	0.009304
45.468	0.193346
45.469	0.513321
45.47	0.897335
45.471	1.240883
45.472	1.454025
45.473	1.493826
45.474	1.373475
45.475	1.150374
45.476	0.901905
45.477	0.698086
45.478	0.578573
45.479	0.541708
45.48	0.553594
45.481	0.572165
45.482	0.566931
45.483	0.522942
45.484	0.43724
45.485	0.322532
45.486	0.213139
45.487	0.150843
45.488	0.153008
45.489	0.200844
45.49	0.261888
45.491	0.312275
45.492	0.337874
45.493	0.330284
45.494	0.290535
45.495	0.235432
45.496	0.196905
45.497	0.209576
45.498	0.289444
45.499	0.419028
45.5	0.555364
45.501	0.65524
45.502	0.69675
45.503	0.680566
45.504	0.612857
45.505	0.494702
45.506	0.327843
45.507	0.112317
45.508	-0.163207
45.509	-0.499709
45.51	-0.851362
45.511	-1.13722
45.512	-1.291902
45.513	-1.295428
45.514	-1.16779
45.515	-0.952536
45.516	-0.705108
45.517	-0.482132
45.518	-0.324579
45.519	-0.241322
45.52	-0.208552
45.521	-0.188657
45.522	-0.15475
45.523	-0.103896
45.524	-0.052922
45.525	-0.02643
45.526	-0.049775
45.527	-0.150119
45.528	-0.353284
45.529	-0.655946
45.53	-0.996157
45.531	-1.275433
45.532	-1.417331
45.533	-1.400035
45.534	-1.24746
45.535	-1.00632
45.536	-0.731142
45.537	-0.475468
45.538	-0.279295
45.539	-0.157043
45.54	-0.096839
45.541	-0.071949
45.542	-0.058253
45.543	-0.04855
45.544	-0.050693
45.545	-0.066168
45.546	-0.064871
45.547	0.015757
45.548	0.229607
45.549	0.572393
45.55	0.974674
45.551	1.333378
45.552	1.554425
45.553	1.59133
45.554	1.460175
45.555	1.223654
45.556	0.959422
45.557	0.729988
45.558	0.565146
45.559	0.462654
45.56	0.402667
45.561	0.363056
45.562	0.327155
45.563	0.28391
45.564	0.226479
45.565	0.157264
45.566	0.098545
45.567	0.088124
45.568	0.147979
45.569	0.263281
45.57	0.397817
45.571	0.513526
45.572	0.578404
45.573	0.576534
45.574	0.516755
45.575	0.4318
45.576	0.369223
45.577	0.37415
45.578	0.464767
45.579	0.616572
45.58	0.774038
45.581	0.882365
45.582	0.912334
45.583	0.863424
45.584	0.751917
45.585	0.596639
45.586	0.410858
45.587	0.194879
45.588	-0.068882
45.589	-0.388833
45.59	-0.723488
45.591	-0.992934
45.592	-1.133089
45.593	-1.128134
45.594	-1.004658
45.595	-0.811557
45.596	-0.602286
45.597	-0.421751
45.598	-0.297106
45.599	-0.233386
45.6	-0.215567
45.601	-0.216613
45.602	-0.210094
45.603	-0.182529
45.604	-0.138533
45.605	-0.09875
45.606	-0.095101
45.607	-0.169099
45.608	-0.36363
45.609	-0.684238
45.61	-1.060897
45.611	-1.375468
45.612	-1.534559
45.613	-1.512433
45.614	-1.343102
45.615	-1.088972
45.616	-0.813048
45.617	-0.564857
45.618	-0.375708
45.619	-0.256806
45.62	-0.196953
45.621	-0.165778
45.622	-0.132926
45.623	-0.091884
45.624	-0.062041
45.625	-0.06201
45.626	-0.076464
45.627	-0.053594
45.628	0.055715
45.629	0.257631
45.63	0.51008
45.631	0.744078
45.632	0.895625
45.633	0.934209
45.634	0.871118
45.635	0.745915
45.636	0.602961
45.637	0.472034
45.638	0.363515
45.639	0.27739
45.64	0.21378
45.641	0.173998
45.642	0.153995
45.643	0.139329
45.644	0.109497
45.645	0.058293
45.646	0.019957
45.647	0.06234
45.648	0.233724
45.649	0.518296
45.65	0.844004
45.651	1.119772
45.652	1.273005
45.653	1.276076
45.654	1.151882
45.655	0.959299
45.656	0.769379
45.657	0.640966
45.658	0.599873
45.659	0.631222
45.66	0.693777
45.661	0.744808
45.662	0.755451
45.663	0.712565
45.664	0.615912
45.665	0.476008
45.666	0.308567
45.667	0.1194
45.668	-0.105326
45.669	-0.373733
45.67	-0.650944
45.671	-0.869759
45.672	-0.978457
45.673	-0.967032
45.674	-0.858215
45.675	-0.687578
45.676	-0.491425
45.677	-0.302685
45.678	-0.146357
45.679	-0.034141
45.68	0.036096
45.681	0.075936
45.682	0.099193
45.683	0.113099
45.684	0.114444
45.685	0.093394
45.686	0.033901
45.687	-0.093468
45.688	-0.324324
45.689	-0.659649
45.69	-1.030829
45.691	-1.329124
45.692	-1.473281
45.693	-1.444677
45.694	-1.276287
45.695	-1.024768
45.696	-0.749447
45.697	-0.500908
45.698	-0.31152
45.699	-0.189687
45.7	-0.123521
45.701	-0.091453
45.702	-0.073279
45.703	-0.058193
45.704	-0.047235
45.705	-0.047866
45.706	-0.066145
45.707	-0.10755
45.708	-0.182115
45.709	-0.291196
45.71	-0.40727
45.711	-0.487168
45.712	-0.505678
45.713	-0.46642
45.714	-0.388388
45.715	-0.29069
45.716	-0.186951
45.717	-0.087533
45.718	-0.003484
45.719	0.053821
45.72	0.078451
45.721	0.074111
45.722	0.050592
45.723	0.016053
45.724	-0.024387
45.725	-0.058251
45.726	-0.050086
45.727	0.05321
45.728	0.280509
45.729	0.603012
45.73	0.947955
45.731	1.230594
45.732	1.382204
45.733	1.376752
45.734	1.241263
45.735	1.039071
45.736	0.839532
45.737	0.691836
45.738	0.612231
45.739	0.58776
45.74	0.591584
45.741	0.598428
45.742	0.590493
45.743	0.55497
45.744	0.483165
45.745	0.375209
45.746	0.245371
45.747	0.114859
45.748	-0.00797
45.749	-0.126446
45.75	-0.23191
45.751	-0.304697
45.752	-0.337611
45.753	-0.340199
45.754	-0.324545
45.755	-0.296867
45.756	-0.25973
45.757	-0.216885
45.758	-0.175476
45.759	-0.14327
45.76	-0.122782
45.761	-0.109278
45.762	-0.096797
45.763	-0.08566
45.764	-0.079093
45.765	-0.068414
45.766	-0.020036
45.767	0.114279
45.768	0.356619
45.769	0.673721
45.77	0.994374
45.771	1.242785
45.772	1.361124
45.773	1.327536
45.774	1.164497
45.775	0.929903
45.776	0.696558
45.777	0.526276
45.778	0.446341
45.779	0.441529
45.78	0.469159
45.781	0.487575
45.782	0.475917
45.783	0.433522
45.784	0.369599
45.785	0.294696
45.786	0.211891
45.787	0.105876
45.788	-0.054098
45.789	-0.279086
45.79	-0.527191
45.791	-0.725717
45.792	-0.823664
45.793	-0.814999
45.794	-0.727453
45.795	-0.602195
45.796	-0.478906
45.797	-0.387663
45.798	-0.343885
45.799	-0.345072
45.8	-0.372401
45.801	-0.399087
45.802	-0.401189
45.803	-0.365949
45.804	-0.296948
45.805	-0.215459
45.806	-0.158458
45.807	-0.176219
45.808	-0.316887
45.809	-0.582002
45.81	-0.896472
45.811	-1.148805
45.812	-1.262169
45.813	-1.224864
45.814	-1.075385
45.815	-0.873718
45.816	-0.677356
45.817	-0.526742
45.818	-0.440615
45.819	-0.416404
45.82	-0.432844
45.821	-0.458373
45.822	-0.464961
45.823	-0.439437
45.824	-0.384211
45.825	-0.30551
45.826	-0.195355
45.827	-0.029965
45.828	0.204848
45.829	0.493836
45.83	0.793674
45.831	1.041167
45.832	1.17626
45.833	1.17391
45.834	1.053489
45.835	0.860971
45.836	0.6423
45.837	0.425985
45.838	0.22474
45.839	0.048092
45.84	-0.090534
45.841	-0.177682
45.842	-0.210193
45.843	-0.202184
45.844	-0.177656
45.845	-0.146846
45.846	-0.081665
45.847	0.075999
45.848	0.36291
45.849	0.750119
45.85	1.150179
45.851	1.459788
45.852	1.604276
45.853	1.564052
45.854	1.374484
45.855	1.105845
45.856	0.835659
45.857	0.622641
45.858	0.491237
45.859	0.431826
45.86	0.415047
45.861	0.411344
45.862	0.402147
45.863	0.378237
45.864	0.334303
45.865	0.269668
45.866	0.188503
45.867	0.086493
45.868	-0.056022
45.869	-0.246307
45.87	-0.450279
45.871	-0.610676
45.872	-0.688562
45.873	-0.680547
45.874	-0.608007
45.875	-0.498202
45.876	-0.372848
45.877	-0.247737
45.878	-0.136288
45.879	-0.049122
45.88	0.010316
45.881	0.046762
45.882	0.068637
45.883	0.082234
45.884	0.087095
45.885	0.075721
45.886	0.033539
45.887	-0.067795
45.888	-0.262579
45.889	-0.548684
45.89	-0.858377
45.891	-1.094773
45.892	-1.194734
45.893	-1.154132
45.894	-1.011835
45.895	-0.822633
45.896	-0.638021
45.897	-0.495338
45.898	-0.411732
45.899	-0.382453
45.9	-0.384839
45.901	-0.389596
45.902	-0.375247
45.903	-0.336422
45.904	-0.280763
45.905	-0.21971
45.906	-0.16359
45.907	-0.12537
45.908	-0.122498
45.909	-0.16079
45.91	-0.217487
45.911	-0.256362
45.912	-0.258588
45.913	-0.230638
45.914	-0.188994
45.915	-0.146065
45.916	-0.111495
45.917	-0.099048
45.918	-0.120328
45.919	-0.170037
45.92	-0.224299
45.921	-0.255974
45.922	-0.253169
45.923	-0.227176
45.924	-0.199586
45.925	-0.171999
45.926	-0.104218
45.927	0.068937
45.928	0.38367
45.929	0.804759
45.93	1.236141
45.931	1.56704
45.932	1.717852
45.933	1.668468
45.934	1.459152
45.935	1.166564
45.936	0.871154
45.937	0.630027
45.938	0.464472
45.939	0.366301
45.94	0.31442
45.941	0.287345
45.942	0.267596
45.943	0.242333
45.944	0.204717
45.945	0.157583
45.946	0.11379
45.947	0.083486
45.948	0.058951
45.949	0.025202
45.95	-0.016836
45.951	-0.053761
45.952	-0.078287
45.953	-0.091953
45.954	-0.095735
45.955	-0.084712
45.956	-0.051141
45.957	0.008196
45.958	0.086028
45.959	0.16568
45.96	0.230048
45.961	0.270164
45.962	0.285774
45.963	0.28036
45.964	0.256551
45.965	0.21205
45.966	0.135247
45.967	0.002413
45.968	-0.211048
45.969	-0.495498
45.97	-0.787012
45.971	-1.002102
45.972	-1.089929
45.973	-1.049333
45.974	-0.913862
45.975	-0.732749
45.976	-0.557916
45.977	-0.431234
45.978	-0.371366
45.979	-0.368314
45.98	-0.39125
45.981	-0.404917
45.982	-0.385358
45.983	-0.328499
45.984	-0.249268
45.985	-0.17567
45.986	-0.143858
45.987	-0.19386
45.988	-0.352943
45.989	-0.602554
45.99	-0.867594
45.991	-1.057767
45.992	-1.120842
45.993	-1.058082
45.994	-0.906047
45.995	-0.712996
45.996	-0.524514
45.997	-0.376592
45.998	-0.289001
45.999	-0.260061
46.0	-0.269426
46.001	-0.288964
46.002	-0.296708
46.003	-0.286146
46.004	-0.261739
46.005	-0.217876
46.006	-0.118362
46.007	0.090729
46.008	0.433757
46.009	0.87124
46.01	1.309958
46.011	1.642514
46.012	1.791692
46.013	1.738448
46.014	1.52113
46.015	1.213592
46.016	0.896121
46.017	0.628964
46.018	0.437575
46.019	0.314867
46.02	0.236796
46.021	0.179818
46.022	0.129786
46.023	0.081365
46.024	0.03597
46.025	0.008362
46.026	0.035186
46.027	0.157432
46.028	0.380206
46.029	0.659217
46.03	0.925829
46.031	1.114909
46.032	1.183287
46.033	1.123442
46.034	0.967137
46.035	0.774214
46.036	0.608657
46.037	0.513682
46.038	0.498143
46.039	0.539209
46.04	0.599554
46.041	0.646243
46.042	0.658256
46.043	0.624814
46.044	0.543565
46.045	0.420103
46.046	0.261647
46.047	0.06421
46.048	-0.183995
46.049	-0.471224
46.05	-0.743912
46.051	-0.934748
46.052	-1.004399
46.053	-0.955599
46.054	-0.821381
46.055	-0.649145
46.056	-0.490525
46.057	-0.389147
46.058	-0.361952
46.059	-0.389829
46.06	-0.430595
46.061	-0.443786
46.062	-0.409666
46.063	-0.335285
46.064	-0.247712
46.065	-0.181039
46.066	-0.172071
46.067	-0.262943
46.068	-0.481484
46.069	-0.800299
46.07	-1.128647
46.071	-1.361712
46.072	-1.438593
46.073	-1.359799
46.074	-1.168238
46.075	-0.921882
46.076	-0.67599
46.077	-0.473986
46.078	-0.338617
46.079	-0.2663
46.08	-0.233663
46.081	-0.214471
46.082	-0.194397
46.083	-0.174605
46.084	-0.162642
46.085	-0.153187
46.086	-0.114605
46.087	-0.003591
46.088	0.198803
46.089	0.466496
46.09	0.739994
46.091	0.952589
46.092	1.054972
46.093	1.032157
46.094	0.906145
46.095	0.722882
46.096	0.531782
46.097	0.368349
46.098	0.245746
46.099	0.15891
46.1	0.097072
46.101	0.051674
46.102	0.015032
46.103	-0.021569
46.104	-0.060605
46.105	-0.083306
46.106	-0.042787
46.107	0.112722
46.108	0.393207
46.109	0.746753
46.11	1.086659
46.111	1.329258
46.112	1.419836
46.113	1.349018
46.114	1.154811
46.115	0.908269
46.116	0.689207
46.117	0.557026
46.118	0.526377
46.119	0.565037
46.12	0.617848
46.121	0.638518
46.122	0.607004
46.123	0.527267
46.124	0.416994
46.125	0.295841
46.126	0.170848
46.127	0.026094
46.128	-0.164344
46.129	-0.398638
46.13	-0.628288
46.131	-0.789395
46.132	-0.847115
46.133	-0.807328
46.134	-0.699315
46.135	-0.555889
46.136	-0.403752
46.137	-0.262417
46.138	-0.146026
46.139	-0.063256
46.14	-0.013181
46.141	0.017569
46.142	0.045128
46.143	0.071691
46.144	0.08236
46.145	0.056212
46.146	-0.028338
46.147	-0.196562
46.148	-0.462446
46.149	-0.794466
46.15	-1.111306
46.151	-1.326324
46.152	-1.392821
46.153	-1.31302
46.154	-1.123379
46.155	-0.87831
46.156	-0.636765
46.157	-0.447229
46.158	-0.33171
46.159	-0.278854
46.16	-0.255137
46.161	-0.228242
46.162	-0.185324
46.163	-0.135073
46.164	-0.097254
46.165	-0.087665
46.166	-0.107904
46.167	-0.15071
46.168	-0.209605
46.169	-0.273415
46.17	-0.322243
46.171	-0.341199
46.172	-0.329655
46.173	-0.293369
46.174	-0.235235
46.175	-0.156702
46.176	-0.067322
46.177	0.009862
46.178	0.048301
46.179	0.037162
46.18	-0.010169
46.181	-0.066455
46.182	-0.107051
46.183	-0.118947
46.184	-0.102916
46.185	-0.074845
46.186	-0.068164
46.187	-0.130625
46.188	-0.297706
46.189	-0.550043
46.19	-0.808458
46.191	-0.985807
46.192	-1.039506
46.193	-0.980048
46.194	-0.849135
46.195	-0.69681
46.196	-0.567735
46.197	-0.491983
46.198	-0.478115
46.199	-0.51118
46.2	-0.559145
46.201	-0.58835
46.202	-0.579688
46.203	-0.532986
46.204	-0.454848
46.205	-0.337274
46.206	-0.145041
46.207	0.164556
46.208	0.59636
46.209	1.093341
46.21	1.554718
46.211	1.874789
46.212	1.983469
46.213	1.871634
46.214	1.587503
46.215	1.211585
46.216	0.825868
46.217	0.488669
46.218	0.22507
46.219	0.034414
46.22	-0.095308
46.221	-0.17639
46.222	-0.217999
46.223	-0.227517
46.224	-0.207741
46.225	-0.146278
46.226	-0.011083
46.227	0.227014
46.228	0.558852
46.229	0.928391
46.23	1.255642
46.231	1.466432
46.232	1.515957
46.233	1.401905
46.234	1.164084
46.235	0.872902
46.236	0.60848
46.237	0.4311
46.238	0.356441
46.239	0.354573
46.24	0.374675
46.241	0.377081
46.242	0.349845
46.243	0.302992
46.244	0.251666
46.245	0.202604
46.246	0.145679
46.247	0.051501
46.248	-0.106301
46.249	-0.314199
46.25	-0.517345
46.251	-0.658813
46.252	-0.711921
46.253	-0.683055
46.254	-0.600364
46.255	-0.5035
46.256	-0.435157
46.257	-0.427466
46.258	-0.484181
46.259	-0.574562
46.26	-0.649213
46.261	-0.667087
46.262	-0.614233
46.263	-0.505337
46.264	-0.373889
46.265	-0.259903
46.266	-0.204475
46.267	-0.249649
46.268	-0.418626
46.269	-0.679004
46.27	-0.943171
46.271	-1.120654
46.272	-1.167014
46.273	-1.091389
46.274	-0.9366
46.275	-0.757245
46.276	-0.604593
46.277	-0.51318
46.278	-0.489706
46.279	-0.512356
46.28	-0.54277
46.281	-0.545879
46.282	-0.507343
46.283	-0.436751
46.284	-0.352859
46.285	-0.260498
46.286	-0.140467
46.287	0.033361
46.288	0.265434
46.289	0.527035
46.29	0.767581
46.291	0.93508
46.292	0.994876
46.293	0.941031
46.294	0.795902
46.295	0.597827
46.296	0.384267
46.297	0.181185
46.298	0.003304
46.299	-0.140272
46.3	-0.242543
46.301	-0.299562
46.302	-0.314672
46.303	-0.300349
46.304	-0.267108
46.305	-0.200567
46.306	-0.054641
46.307	0.215393
46.308	0.605293
46.309	1.047576
46.31	1.440362
46.311	1.691174
46.312	1.749318
46.313	1.618059
46.314	1.347904
46.315	1.017428
46.316	0.709063
46.317	0.482504
46.318	0.354405
46.319	0.301128
46.32	0.283112
46.321	0.268678
46.322	0.243329
46.323	0.207349
46.324	0.169463
46.325	0.140169
46.326	0.120608
46.327	0.090483
46.328	0.019199
46.329	-0.097787
46.33	-0.225259
46.331	-0.319538
46.332	-0.362203
46.333	-0.362417
46.334	-0.338972
46.335	-0.304093
46.336	-0.259468
46.337	-0.203247
46.338	-0.140165
46.339	-0.08375
46.34	-0.046765
46.341	-0.030972
46.342	-0.027319
46.343	-0.0236
46.344	-0.011988
46.345	0.00247
46.346	-0.008361
46.347	-0.093406
46.348	-0.288087
46.349	-0.566602
46.35	-0.841753
46.351	-1.02376
46.352	-1.073479
46.353	-1.006499
46.354	-0.866689
46.355	-0.704612
46.356	-0.569691
46.357	-0.499527
46.358	-0.50201
46.359	-0.548841
46.36	-0.592172
46.361	-0.591941
46.362	-0.534608
46.363	-0.434632
46.364	-0.320789
46.365	-0.218387
46.366	-0.142319
46.367	-0.103156
46.368	-0.106333
46.369	-0.139422
46.37	-0.174662
46.371	-0.190791
46.372	-0.185447
46.373	-0.167785
46.374	-0.147621
46.375	-0.133812
46.376	-0.137906
46.377	-0.17264
46.378	-0.241012
46.379	-0.326579
46.38	-0.39929
46.381	-0.433235
46.382	-0.421107
46.383	-0.374687
46.384	-0.308342
46.385	-0.21201
46.386	-0.040463
46.387	0.253859
46.388	0.670313
46.389	1.143522
46.39	1.567363
46.391	1.837773
46.392	1.895465
46.393	1.746801
46.394	1.453012
46.395	1.10014
46.396	0.766519
46.397	0.499683
46.398	0.311442
46.399	0.189857
46.4	0.115916
46.401	0.0736
46.402	0.051525
46.403	0.041626
46.404	0.039942
46.405	0.05122
46.406	0.087237
46.407	0.148608
46.408	0.215015
46.409	0.26501
46.41	0.292173
46.411	0.295935
46.412	0.273046
46.413	0.223055
46.414	0.155769
46.415	0.092286
46.416	0.057738
46.417	0.06787
46.418	0.117538
46.419	0.18218
46.42	0.234289
46.421	0.259939
46.422	0.260772
46.423	0.245134
46.424	0.219715
46.425	0.183887
46.426	0.121677
46.427	-0.000557
46.428	-0.206976
46.429	-0.470908
46.43	-0.717414
46.431	-0.873941
46.432	-0.911809
46.433	-0.849346
46.434	-0.731776
46.435	-0.609288
46.436	-0.522788
46.437	-0.494446
46.438	-0.521049
46.439	-0.576727
46.44	-0.625927
46.441	-0.637525
46.442	-0.594653
46.443	-0.500054
46.444	-0.375222
46.445	-0.254751
46.446	-0.185054
46.447	-0.219635
46.448	-0.384637
46.449	-0.637992
46.45	-0.883479
46.451	-1.032961
46.452	-1.052819
46.453	-0.965238
46.454	-0.821598
46.455	-0.673822
46.456	-0.558595
46.457	-0.494848
46.458	-0.484963
46.459	-0.514077
46.46	-0.551548
46.461	-0.562542
46.462	-0.528631
46.463	-0.458971
46.464	-0.37305
46.465	-0.262748
46.466	-0.07601
46.467	0.244922
46.468	0.702903
46.469	1.222531
46.47	1.679973
46.471	1.961269
46.472	2.010977
46.473	1.844765
46.474	1.529104
46.475	1.146898
46.476	0.768502
46.477	0.439123
46.478	0.179157
46.479	-0.008079
46.48	-0.126196
46.481	-0.182731
46.482	-0.193077
46.483	-0.178903
46.484	-0.153086
46.485	-0.099207
46.486	0.028186
46.487	0.265564
46.488	0.597007
46.489	0.953815
46.49	1.250285
46.491	1.417588
46.492	1.423355
46.493	1.279275
46.494	1.035607
46.495	0.764417
46.496	0.536311
46.497	0.395537
46.498	0.344648
46.499	0.351696
46.5	0.374814
46.501	0.384402
46.502	0.369719
46.503	0.332817
46.504	0.282059
46.505	0.225779
46.506	0.157861
46.507	0.049545
46.508	-0.124313
46.509	-0.344154
46.51	-0.547883
46.511	-0.676797
46.512	-0.71074
46.513	-0.667415
46.514	-0.583667
46.515	-0.500257
46.516	-0.453063
46.517	-0.463344
46.518	-0.52731
46.519	-0.615204
46.52	-0.68536
46.521	-0.703517
46.522	-0.655392
46.523	-0.54926
46.524	-0.410772
46.525	-0.27696
46.526	-0.197576
46.527	-0.230638
46.528	-0.403879
46.529	-0.670521
46.53	-0.927452
46.531	-1.084009
46.532	-1.107899
46.533	-1.021496
46.534	-0.874645
46.535	-0.720503
46.536	-0.600971
46.537	-0.53907
46.538	-0.535691
46.539	-0.570689
46.54	-0.611129
46.541	-0.625991
46.542	-0.598765
46.543	-0.529006
46.544	-0.423604
46.545	-0.284107
46.546	-0.102808
46.547	0.121357
46.548	0.368497
46.549	0.606907
46.55	0.803911
46.551	0.926261
46.552	0.948258
46.553	0.865812
46.554	0.700047
46.555	0.488163
46.556	0.268507
46.557	0.068058
46.558	-0.10162
46.559	-0.238749
46.56	-0.341584
46.561	-0.404778
46.562	-0.424354
46.563	-0.401351
46.564	-0.334916
46.565	-0.208695
46.566	0.010379
46.567	0.345173
46.568	0.775027
46.569	1.229622
46.57	1.609704
46.571	1.823796
46.572	1.82787
46.573	1.641608
46.574	1.332803
46.575	0.986292
46.576	0.673499
46.577	0.433415
46.578	0.271995
46.579	0.175134
46.58	0.123081
46.581	0.099703
46.582	0.094613
46.583	0.099639
46.584	0.106826
46.585	0.11075
46.586	0.103254
46.587	0.061861
46.588	-0.034887
46.589	-0.173023
46.59	-0.306556
46.591	-0.395345
46.592	-0.427249
46.593	-0.413327
46.594	-0.37378
46.595	-0.32685
46.596	-0.284859
46.597	-0.255499
46.598	-0.24149
46.599	-0.23673
46.6	-0.22546
46.601	-0.190938
46.602	-0.131123
46.603	-0.065548
46.604	-0.020079
46.605	-3e-05
46.606	0.016187
46.607	0.049205
46.608	0.096425
46.609	0.143111
46.61	0.17624
46.611	0.185686
46.612	0.168567
46.613	0.136657
46.614	0.117512
46.615	0.14732
46.616	0.256191
46.617	0.44848
46.618	0.690832
46.619	0.922966
46.62	1.086084
46.621	1.146325
46.622	1.099431
46.623	0.961296
46.624	0.754428
46.625	0.49794
46.626	0.198375
46.627	-0.15476
46.628	-0.561516
46.629	-0.971672
46.63	-1.297215
46.631	-1.467699
46.632	-1.463722
46.633	-1.311442
46.634	-1.063116
46.635	-0.779907
46.636	-0.51702
46.637	-0.31123
46.638	-0.174378
46.639	-0.095735
46.64	-0.052095
46.641	-0.021253
46.642	0.00717
46.643	0.028561
46.644	0.025535
46.645	-0.028457
46.646	-0.167346
46.647	-0.424393
46.648	-0.796997
46.649	-1.211763
46.65	-1.551044
46.651	-1.722749
46.652	-1.700253
46.653	-1.512248
46.654	-1.214329
46.655	-0.871109
46.656	-0.547687
46.657	-0.294479
46.658	-0.129243
46.659	-0.034802
46.66	0.022888
46.661	0.068852
46.662	0.102875
46.663	0.104717
46.664	0.061157
46.665	-0.001709
46.666	-0.016207
46.667	0.082272
46.668	0.304612
46.669	0.597997
46.67	0.873278
46.671	1.048373
46.672	1.086037
46.673	1.00347
46.674	0.853263
46.675	0.69314
46.676	0.561626
46.677	0.471141
46.678	0.4173
46.679	0.390946
46.68	0.382166
46.681	0.377716
46.682	0.358891
46.683	0.305614
46.684	0.2135
46.685	0.11765
46.686	0.086615
46.687	0.171516
46.688	0.364337
46.689	0.605761
46.69	0.81765
46.691	0.936057
46.692	0.93624
46.693	0.838583
46.694	0.69606
46.695	0.572961
46.696	0.521448
46.697	0.560579
46.698	0.668508
46.699	0.796868
46.7	0.896449
46.701	0.934001
46.702	0.89521
46.703	0.781397
46.704	0.605732
46.705	0.388117
46.706	0.140742
46.707	-0.143795
46.708	-0.468261
46.709	-0.792745
46.71	-1.045601
46.711	-1.172053
46.712	-1.161083
46.713	-1.037301
46.714	-0.841661
46.715	-0.619256
46.716	-0.413154
46.717	-0.254758
46.718	-0.153456
46.719	-0.096843
46.72	-0.062226
46.721	-0.030975
46.722	0.001325
46.723	0.024012
46.724	0.019232
46.725	-0.033513
46.726	-0.163189
46.727	-0.402293
46.728	-0.748653
46.729	-1.131353
46.73	-1.43974
46.731	-1.590769
46.732	-1.564508
46.733	-1.39295
46.734	-1.131461
46.735	-0.838287
46.736	-0.565041
46.737	-0.347848
46.738	-0.19937
46.739	-0.110179
46.74	-0.059949
46.741	-0.030189
46.742	-0.012424
46.743	-0.00936
46.744	-0.026671
46.745	-0.063143
46.746	-0.113728
46.747	-0.180017
46.748	-0.26285
46.749	-0.344198
46.75	-0.394904
46.751	-0.400267
46.752	-0.367032
46.753	-0.310036
46.754	-0.239117
46.755	-0.157356
46.756	-0.067527
46.757	0.021712
46.758	0.096425
46.759	0.144578
46.76	0.162103
46.761	0.151768
46.762	0.117572
46.763	0.064105
46.764	0.007083
46.765	-0.011993
46.766	0.066038
46.767	0.273577
46.768	0.582115
46.769	0.917241
46.77	1.192605
46.771	1.337779
46.772	1.324359
46.773	1.178964
46.774	0.968652
46.775	0.768109
46.776	0.629964
46.777	0.570738
46.778	0.574426
46.779	0.608475
46.78	0.640977
46.781	0.648568
46.782	0.615514
46.783	0.534094
46.784	0.409011
46.785	0.259757
46.786	0.11092
46.787	-0.027712
46.788	-0.160176
46.789	-0.280519
46.79	-0.369917
46.791	-0.416014
46.792	-0.41884
46.793	-0.381266
46.794	-0.303024
46.795	-0.18372
46.796	-0.028833
46.797	0.146357
46.798	0.317286
46.799	0.457344
46.8	0.54859
46.801	0.586157
46.802	0.572654
46.803	0.510884
46.804	0.401728
46.805	0.243077
46.806	0.024173
46.807	-0.27158
46.808	-0.635509
46.809	-1.004945
46.81	-1.288714
46.811	-1.422296
46.812	-1.393349
46.813	-1.232205
46.814	-0.992321
46.815	-0.733487
46.816	-0.508168
46.817	-0.348876
46.818	-0.259501
46.819	-0.218139
46.82	-0.192843
46.821	-0.159851
46.822	-0.113666
46.823	-0.067735
46.824	-0.047242
46.825	-0.077888
46.826	-0.181939
46.827	-0.375931
46.828	-0.646609
46.829	-0.930031
46.83	-1.140786
46.831	-1.223565
46.832	-1.172234
46.833	-1.016476
46.834	-0.801548
46.835	-0.57304
46.836	-0.368702
46.837	-0.214827
46.838	-0.121666
46.839	-0.080059
46.84	-0.067633
46.841	-0.064332
46.842	-0.064636
46.843	-0.074398
46.844	-0.090967
46.845	-0.07832
46.846	0.028334
46.847	0.272113
46.848	0.630168
46.849	1.020422
46.85	1.339838
46.851	1.507628
46.852	1.496154
46.853	1.334358
46.854	1.088561
46.855	0.83489
46.856	0.633084
46.857	0.50937
46.858	0.453827
46.859	0.434085
46.86	0.417728
46.861	0.385761
46.862	0.330635
46.863	0.251779
46.864	0.160811
46.865	0.089347
46.866	0.075216
46.867	0.128199
46.868	0.220369
46.869	0.313947
46.87	0.382891
46.871	0.411764
46.872	0.394054
46.873	0.337858
46.874	0.271333
46.875	0.238568
46.876	0.279624
46.877	0.402841
46.878	0.573987
46.879	0.737786
46.88	0.850638
46.881	0.892864
46.882	0.859887
46.883	0.752957
46.884	0.580948
46.885	0.360098
46.886	0.098004
46.887	-0.212449
46.888	-0.562433
46.889	-0.898593
46.89	-1.145788
46.891	-1.253928
46.892	-1.217696
46.893	-1.066696
46.894	-0.849092
46.895	-0.620892
46.896	-0.435072
46.897	-0.323557
46.898	-0.282591
46.899	-0.277951
46.9	-0.269202
46.901	-0.233463
46.902	-0.173707
46.903	-0.113126
46.904	-0.082876
46.905	-0.114075
46.906	-0.240162
46.907	-0.488206
46.908	-0.840624
46.909	-1.21246
46.91	-1.492468
46.911	-1.607556
46.912	-1.547629
46.913	-1.34914
46.914	-1.069453
46.915	-0.770252
46.916	-0.506136
46.917	-0.312151
46.918	-0.194735
46.919	-0.134815
46.92	-0.103556
46.921	-0.081022
46.922	-0.065366
46.923	-0.064656
46.924	-0.077353
46.925	-0.077447
46.926	-0.021569
46.927	0.117953
46.928	0.326973
46.929	0.558128
46.93	0.753909
46.931	0.865994
46.932	0.87338
46.933	0.790776
46.934	0.65885
46.935	0.523391
46.936	0.416251
46.937	0.347482
46.938	0.309363
46.939	0.286361
46.94	0.264714
46.941	0.235642
46.942	0.192355
46.943	0.132432
46.944	0.071009
46.945	0.050307
46.946	0.123053
46.947	0.310956
46.948	0.580519
46.949	0.861619
46.95	1.079681
46.951	1.179873
46.952	1.145561
46.953	1.003885
46.954	0.814874
46.955	0.650606
46.956	0.56838
46.957	0.585195
46.958	0.670608
46.959	0.766849
46.96	0.821105
46.961	0.807462
46.962	0.729353
46.963	0.606745
46.964	0.459173
46.965	0.293677
46.966	0.097801
46.967	-0.152924
46.968	-0.458491
46.969	-0.765255
46.97	-0.993548
46.971	-1.09104
46.972	-1.054013
46.973	-0.914493
46.974	-0.719268
46.975	-0.513492
46.976	-0.330619
46.977	-0.190005
46.978	-0.098799
46.979	-0.052623
46.98	-0.036906
46.981	-0.032927
46.982	-0.026531
46.983	-0.015661
46.984	-0.016243
46.985	-0.063282
46.986	-0.20264
46.987	-0.466014
46.988	-0.830881
46.989	-1.208181
46.99	-1.488209
46.991	-1.600292
46.992	-1.534024
46.993	-1.325453
46.994	-1.035458
46.995	-0.732086
46.996	-0.473772
46.997	-0.293047
46.998	-0.189042
46.999	-0.135648
47.0	-0.100209
47.001	-0.061837
47.002	-0.020631
47.003	0.006686
47.004	0.001373
47.005	-0.042882
47.006	-0.119608
47.007	-0.219805
47.008	-0.330313
47.009	-0.425878
47.01	-0.479206
47.011	-0.47813
47.012	-0.42767
47.013	-0.341587
47.014	-0.235304
47.015	-0.124162
47.016	-0.024478
47.017	0.049689
47.018	0.093076
47.019	0.111086
47.02	0.114587
47.021	0.110829
47.022	0.09715
47.023	0.065768
47.024	0.023487
47.025	0.009729
47.026	0.081306
47.027	0.270203
47.028	0.560494
47.029	0.894494
47.03	1.187759
47.031	1.358649
47.032	1.366449
47.033	1.223771
47.034	0.97704
47.035	0.677679
47.036	0.363286
47.037	0.057982
47.038	-0.216246
47.039	-0.435061
47.04	-0.577924
47.041	-0.636803
47.042	-0.620413
47.043	-0.547655
47.044	-0.427674
47.045	-0.241189
47.046	0.047735
47.047	0.448887
47.048	0.916992
47.049	1.364259
47.05	1.69502
47.051	1.841267
47.052	1.786524
47.053	1.566125
47.054	1.248148
47.055	0.907913
47.056	0.604253
47.057	0.365752
47.058	0.19274
47.059	0.070852
47.06	-0.014811
47.061	-0.07282
47.062	-0.106224
47.063	-0.114968
47.064	-0.090423
47.065	-0.006403
47.066	0.166913
47.067	0.427159
47.068	0.728481
47.069	1.00559
47.07	1.198461
47.071	1.267869
47.072	1.206347
47.073	1.039833
47.074	0.821334
47.075	0.617977
47.076	0.488021
47.077	0.453014
47.078	0.486383
47.079	0.534295
47.08	0.551989
47.081	0.524263
47.082	0.461616
47.083	0.38461
47.084	0.307869
47.085	0.227448
47.086	0.113761
47.087	-0.072893
47.088	-0.336119
47.089	-0.616623
47.09	-0.828697
47.091	-0.91787
47.092	-0.882186
47.093	-0.757774
47.094	-0.597468
47.095	-0.456683
47.096	-0.37978
47.097	-0.381806
47.098	-0.439812
47.099	-0.506441
47.1	-0.535654
47.101	-0.503331
47.102	-0.414931
47.103	-0.29965
47.104	-0.197103
47.105	-0.150389
47.106	-0.206108
47.107	-0.395272
47.108	-0.693352
47.109	-1.011149
47.11	-1.243002
47.111	-1.325593
47.112	-1.257639
47.113	-1.082533
47.114	-0.860761
47.115	-0.650462
47.116	-0.496047
47.117	-0.417125
47.118	-0.402015
47.119	-0.415925
47.12	-0.421636
47.121	-0.39831
47.122	-0.34745
47.123	-0.284153
47.124	-0.216111
47.125	-0.127889
47.126	0.007313
47.127	0.198738
47.128	0.424376
47.129	0.641411
47.13	0.80437
47.131	0.879993
47.132	0.857632
47.133	0.752123
47.134	0.595997
47.135	0.425055
47.136	0.265991
47.137	0.131044
47.138	0.021736
47.139	-0.06201
47.14	-0.11838
47.141	-0.148311
47.142	-0.158976
47.143	-0.156939
47.144	-0.130839
47.145	-0.040623
47.146	0.160721
47.147	0.479812
47.148	0.861984
47.149	1.219052
47.15	1.468481
47.151	1.558159
47.152	1.479835
47.153	1.270175
47.154	0.99762
47.155	0.739967
47.156	0.557312
47.157	0.468994
47.158	0.450907
47.159	0.457486
47.16	0.450547
47.161	0.41389
47.162	0.350374
47.163	0.274523
47.164	0.205843
47.165	0.157118
47.166	0.120826
47.167	0.071315
47.168	-0.007522
47.169	-0.09948
47.17	-0.171816
47.171	-0.206724
47.172	-0.209376
47.173	-0.194231
47.174	-0.171819
47.175	-0.146281
47.176	-0.120648
47.177	-0.100631
47.178	-0.090386
47.179	-0.085383
47.18	-0.073593
47.181	-0.046533
47.182	-0.008874
47.183	0.023083
47.184	0.02891
47.185	-0.015766
47.186	-0.142806
47.187	-0.373198
47.188	-0.679721
47.189	-0.981727
47.19	-1.19095
47.191	-1.259361
47.192	-1.189495
47.193	-1.018899
47.194	-0.802607
47.195	-0.599366
47.196	-0.456075
47.197	-0.391069
47.198	-0.387624
47.199	-0.406018
47.2	-0.407335
47.201	-0.372309
47.202	-0.305229
47.203	-0.226709
47.204	-0.162363
47.205	-0.133775
47.206	-0.157489
47.207	-0.241059
47.208	-0.366627
47.209	-0.488844
47.21	-0.563274
47.211	-0.57211
47.212	-0.522998
47.213	-0.435614
47.214	-0.333762
47.215	-0.242816
47.216	-0.184964
47.217	-0.171181
47.218	-0.194858
47.219	-0.233493
47.22	-0.261089
47.221	-0.263902
47.222	-0.246136
47.223	-0.218269
47.224	-0.173493
47.225	-0.071637
47.226	0.141296
47.227	0.483144
47.228	0.906269
47.229	1.314072
47.23	1.602877
47.231	1.705872
47.232	1.617489
47.233	1.386774
47.234	1.090983
47.235	0.805319
47.236	0.579258
47.237	0.427673
47.238	0.337684
47.239	0.284289
47.24	0.245859
47.241	0.210371
47.242	0.171926
47.243	0.129214
47.244	0.092981
47.245	0.089283
47.246	0.140236
47.247	0.2397
47.248	0.35707
47.249	0.458765
47.25	0.519682
47.251	0.525619
47.252	0.476456
47.253	0.389363
47.254	0.298245
47.255	0.24465
47.256	0.25785
47.257	0.335449
47.258	0.442791
47.259	0.534196
47.26	0.578144
47.261	0.567342
47.262	0.51154
47.263	0.424394
47.264	0.315512
47.265	0.182547
47.266	0.001987
47.267	-0.252025
47.268	-0.561698
47.269	-0.854008
47.27	-1.047007
47.271	-1.10055
47.272	-1.027561
47.273	-0.874588
47.274	-0.697168
47.275	-0.543017
47.276	-0.442172
47.277	-0.401767
47.278	-0.407104
47.279	-0.429344
47.28	-0.438351
47.281	-0.414991
47.282	-0.35692
47.283	-0.278513
47.284	-0.207823
47.285	-0.186064
47.286	-0.264839
47.287	-0.476693
47.288	-0.788601
47.289	-1.100435
47.29	-1.306076
47.291	-1.35387
47.292	-1.255684
47.293	-1.058451
47.294	-0.818081
47.295	-0.590059
47.296	-0.420139
47.297	-0.328252
47.298	-0.300339
47.299	-0.299325
47.3	-0.289818
47.301	-0.259518
47.302	-0.221658
47.303	-0.193529
47.304	-0.164538
47.305	-0.083787
47.306	0.11113
47.307	0.440481
47.308	0.852752
47.309	1.246449
47.31	1.520089
47.311	1.613894
47.312	1.526838
47.313	1.307373
47.314	1.026286
47.315	0.747709
47.316	0.511309
47.317	0.330892
47.318	0.204376
47.319	0.123333
47.32	0.076695
47.321	0.050055
47.322	0.02581
47.323	-0.005384
47.324	-0.024379
47.325	0.018291
47.326	0.168079
47.327	0.424111
47.328	0.732296
47.329	1.013662
47.33	1.197108
47.331	1.242308
47.332	1.151632
47.333	0.967431
47.334	0.756549
47.335	0.587842
47.336	0.506216
47.337	0.514024
47.338	0.575271
47.339	0.640036
47.34	0.669051
47.341	0.644865
47.342	0.570537
47.343	0.461453
47.344	0.33381
47.345	0.190794
47.346	0.014336
47.347	-0.216394
47.348	-0.485378
47.349	-0.731576
47.35	-0.890189
47.351	-0.932972
47.352	-0.87193
47.353	-0.741347
47.354	-0.581812
47.355	-0.431214
47.356	-0.316954
47.357	-0.249837
47.358	-0.223795
47.359	-0.220795
47.36	-0.21945
47.361	-0.205144
47.362	-0.175389
47.363	-0.138775
47.364	-0.115388
47.365	-0.141303
47.366	-0.263839
47.367	-0.508739
47.368	-0.836895
47.369	-1.14901
47.37	-1.346313
47.371	-1.383915
47.372	-1.276861
47.373	-1.075377
47.374	-0.838762
47.375	-0.619033
47.376	-0.451024
47.377	-0.347533
47.378	-0.30058
47.379	-0.287623
47.38	-0.280335
47.381	-0.255414
47.382	-0.207539
47.383	-0.155136
47.384	-0.124252
47.385	-0.124044
47.386	-0.14639
47.387	-0.179609
47.388	-0.210123
47.389	-0.224156
47.39	-0.217069
47.391	-0.194168
47.392	-0.161427
47.393	-0.120506
47.394	-0.073381
47.395	-0.028808
47.396	-0.001118
47.397	0.00092
47.398	-0.016023
47.399	-0.033999
47.4	-0.038475
47.401	-0.030419
47.402	-0.025432
47.403	-0.036336
47.404	-0.045495
47.405	0.005276
47.406	0.178556
47.407	0.486612
47.408	0.872484
47.409	1.234552
47.41	1.472449
47.411	1.531362
47.412	1.420234
47.413	1.197696
47.414	0.942009
47.415	0.72132
47.416	0.573243
47.417	0.499769
47.418	0.477829
47.419	0.477189
47.42	0.473062
47.421	0.448616
47.422	0.393751
47.423	0.306887
47.424	0.200691
47.425	0.09881
47.426	0.013987
47.427	-0.062382
47.428	-0.138183
47.429	-0.204067
47.43	-0.246091
47.431	-0.259624
47.432	-0.247451
47.433	-0.2127
47.434	-0.156278
47.435	-0.07931
47.436	0.013088
47.437	0.109649
47.438	0.195674
47.439	0.260306
47.44	0.299808
47.441	0.312894
47.442	0.295984
47.443	0.245148
47.444	0.158832
47.445	0.029284
47.446	-0.16612
47.447	-0.441508
47.448	-0.762097
47.449	-1.047447
47.45	-1.222329
47.451	-1.257289
47.452	-1.167464
47.453	-0.983486
47.454	-0.724683
47.455	-0.400474
47.456	-0.034693
47.457	0.320579
47.458	0.60082
47.459	0.760664
47.46	0.793903
47.461	0.728223
47.462	0.605633
47.463	0.465498
47.464	0.333593
47.465	0.212205
47.466	0.076806
47.467	-0.099869
47.468	-0.307336
47.469	-0.494247
47.47	-0.610007
47.471	-0.638836
47.472	-0.600089
47.473	-0.530903
47.474	-0.469721
47.475	-0.446366
47.476	-0.475262
47.477	-0.549447
47.478	-0.641019
47.479	-0.711147
47.48	-0.724375
47.481	-0.664022
47.482	-0.543432
47.483	-0.401182
47.484	-0.282498
47.485	-0.229426
47.486	-0.280716
47.487	-0.449664
47.488	-0.692268
47.489	-0.921546
47.49	-1.061079
47.491	-1.080635
47.492	-0.995149
47.493	-0.846781
47.494	-0.687652
47.495	-0.566661
47.496	-0.515847
47.497	-0.53632
47.498	-0.595705
47.499	-0.645438
47.5	-0.647982
47.501	-0.594819
47.502	-0.50427
47.503	-0.400905
47.504	-0.286771
47.505	-0.131486
47.506	0.098924
47.507	0.404594
47.508	0.74221
47.509	1.040619
47.51	1.230098
47.511	1.272027
47.512	1.170976
47.513	0.965467
47.514	0.706322
47.515	0.436352
47.516	0.183241
47.517	-0.036549
47.518	-0.211285
47.519	-0.330241
47.52	-0.387935
47.521	-0.392175
47.522	-0.36257
47.523	-0.312862
47.524	-0.225872
47.525	-0.050506
47.526	0.257156
47.527	0.68224
47.528	1.14401
47.529	1.534091
47.53	1.762098
47.531	1.785565
47.532	1.618889
47.533	1.322743
47.534	0.980669
47.535	0.67175
47.536	0.446595
47.537	0.314541
47.538	0.251124
47.539	0.221328
47.54	0.199361
47.541	0.172939
47.542	0.138832
47.543	0.102953
47.544	0.081256
47.545	0.085692
47.546	0.104309
47.547	0.108657
47.548	0.085781
47.549	0.049104
47.55	0.016712
47.551	-0.007867
47.552	-0.032638
47.553	-0.063619
47.554	-0.097365
47.555	-0.124252
47.556	-0.137695
47.557	-0.139892
47.558	-0.138242
47.559	-0.137827
47.56	-0.137219
47.561	-0.130306
47.562	-0.112556
47.563	-0.085422
47.564	-0.059589
47.565	-0.064703
47.566	-0.149712
47.567	-0.343939
47.568	-0.609527
47.569	-0.854943
47.57	-0.999707
47.571	-1.018373
47.572	-0.936301
47.573	-0.802511
47.574	-0.666168
47.575	-0.563541
47.576	-0.512679
47.577	-0.512395
47.578	-0.543329
47.579	-0.572534
47.58	-0.566127
47.581	-0.508254
47.582	-0.410651
47.583	-0.30275
47.584	-0.214899
47.585	-0.17269
47.586	-0.199479
47.587	-0.302226
47.588	-0.448175
47.589	-0.577409
47.59	-0.644789
47.591	-0.640851
47.592	-0.581506
47.593	-0.491783
47.594	-0.399586
47.595	-0.334013
47.596	-0.316616
47.597	-0.348761
47.598	-0.408301
47.599	-0.460707
47.6	-0.478439
47.601	-0.455785
47.602	-0.405957
47.603	-0.338447
47.604	-0.232435
47.605	-0.035402
47.606	0.295505
47.607	0.74478
47.608	1.232956
47.609	1.648516
47.61	1.890928
47.611	1.910677
47.612	1.72573
47.613	1.405841
47.614	1.039644
47.615	0.701963
47.616	0.433739
47.617	0.242148
47.618	0.115249
47.619	0.036423
47.62	-0.008571
47.621	-0.030817
47.622	-0.039143
47.623	-0.035472
47.624	-0.005136
47.625	0.078046
47.626	0.22238
47.627	0.402485
47.628	0.57829
47.629	0.712935
47.63	0.776661
47.631	0.754311
47.632	0.654003
47.633	0.507691
47.634	0.363017
47.635	0.266585
47.636	0.241916
47.637	0.277141
47.638	0.335485
47.639	0.3798
47.64	0.391036
47.641	0.370326
47.642	0.329057
47.643	0.276915
47.644	0.214974
47.645	0.128741
47.646	-0.014339
47.647	-0.23405
47.648	-0.495335
47.649	-0.721196
47.65	-0.848678
47.651	-0.862025
47.652	-0.786517
47.653	-0.66757
47.654	-0.553187
47.655	-0.481714
47.656	-0.471684
47.657	-0.515858
47.658	-0.584904
47.659	-0.640076
47.66	-0.649046
47.661	-0.597861
47.662	-0.494259
47.663	-0.364397
47.664	-0.247809
47.665	-0.19559
47.666	-0.261041
47.667	-0.4605
47.668	-0.735953
47.669	-0.981353
47.67	-1.112258
47.671	-1.106435
47.672	-0.995334
47.673	-0.833349
47.674	-0.672236
47.675	-0.550085
47.676	-0.487608
47.677	-0.484819
47.678	-0.518615
47.679	-0.548989
47.68	-0.540676
47.681	-0.486137
47.682	-0.405787
47.683	-0.320646
47.684	-0.218739
47.685	-0.05224
47.686	0.221301
47.687	0.593635
47.688	0.998447
47.689	1.339666
47.69	1.534096
47.691	1.545542
47.692	1.392861
47.693	1.132665
47.694	0.830356
47.695	0.536386
47.696	0.278755
47.697	0.069878
47.698	-0.08377
47.699	-0.179202
47.7	-0.220557
47.701	-0.222089
47.702	-0.204317
47.703	-0.176344
47.704	-0.112856
47.705	0.038914
47.706	0.310243
47.707	0.672173
47.708	1.047225
47.709	1.345654
47.71	1.497715
47.711	1.476315
47.712	1.303547
47.713	1.039315
47.714	0.759651
47.715	0.53255
47.716	0.395135
47.717	0.342596
47.718	0.340747
47.719	0.35163
47.72	0.350378
47.721	0.327647
47.722	0.285479
47.723	0.232424
47.724	0.17608
47.725	0.109178
47.726	0.003257
47.727	-0.163
47.728	-0.364472
47.729	-0.539607
47.73	-0.639471
47.731	-0.655052
47.732	-0.607885
47.733	-0.529702
47.734	-0.450401
47.735	-0.393792
47.736	-0.372926
47.737	-0.385647
47.738	-0.415951
47.739	-0.440642
47.74	-0.438488
47.741	-0.399425
47.742	-0.328134
47.743	-0.240905
47.744	-0.165355
47.745	-0.145876
47.746	-0.234035
47.747	-0.445323
47.748	-0.722179
47.749	-0.963026
47.75	-1.090903
47.751	-1.089093
47.752	-0.989051
47.753	-0.841167
47.754	-0.693338
47.755	-0.581289
47.756	-0.523081
47.757	-0.51603
47.758	-0.539744
47.759	-0.565637
47.76	-0.568106
47.761	-0.532842
47.762	-0.45971
47.763	-0.358383
47.764	-0.240804
47.765	-0.121469
47.766	-0.023362
47.767	0.034355
47.768	0.058354
47.769	0.072201
47.77	0.087426
47.771	0.095699
47.772	0.083008
47.773	0.043657
47.774	-0.017145
47.775	-0.090583
47.776	-0.172758
47.777	-0.262035
47.778	-0.346983
47.779	-0.405197
47.78	-0.419199
47.781	-0.390662
47.782	-0.335953
47.783	-0.263833
47.784	-0.150003
47.785	0.059565
47.786	0.399814
47.787	0.84175
47.788	1.298757
47.789	1.662966
47.79	1.845997
47.791	1.813917
47.792	1.597195
47.793	1.271077
47.794	0.922457
47.795	0.619384
47.796	0.394326
47.797	0.24668
47.798	0.158369
47.799	0.10967
47.8	0.086345
47.801	0.078515
47.802	0.078941
47.803	0.085324
47.804	0.103714
47.805	0.140745
47.806	0.185523
47.807	0.214073
47.808	0.21684
47.809	0.202854
47.81	0.179632
47.811	0.146007
47.812	0.100682
47.813	0.048445
47.814	-0.002128
47.815	-0.044928
47.816	-0.079119
47.817	-0.10682
47.818	-0.129007
47.819	-0.142001
47.82	-0.138114
47.821	-0.111962
47.822	-0.066741
47.823	-0.014962
47.824	0.022371
47.825	0.011255
47.826	-0.089668
47.827	-0.291436
47.828	-0.542114
47.829	-0.754507
47.83	-0.86534
47.831	-0.863099
47.832	-0.777914
47.833	-0.658528
47.834	-0.55294
47.835	-0.496313
47.836	-0.501966
47.837	-0.556493
47.838	-0.625946
47.839	-0.671611
47.84	-0.665032
47.841	-0.596129
47.842	-0.475553
47.843	-0.331836
47.844	-0.205045
47.845	-0.144368
47.846	-0.197789
47.847	-0.372553
47.848	-0.605966
47.849	-0.801291
47.85	-0.892385
47.851	-0.871096
47.852	-0.772726
47.853	-0.647831
47.854	-0.540098
47.855	-0.476558
47.856	-0.466719
47.857	-0.503639
47.858	-0.565218
47.859	-0.620586
47.86	-0.642825
47.861	-0.619383
47.862	-0.55025
47.863	-0.432398
47.864	-0.240615
47.865	0.067039
47.866	0.506192
47.867	1.029956
47.868	1.540354
47.869	1.928311
47.87	2.112985
47.871	2.067251
47.872	1.821013
47.873	1.445058
47.874	1.023856
47.875	0.627226
47.876	0.294963
47.877	0.0409
47.878	-0.132734
47.879	-0.224891
47.88	-0.238531
47.881	-0.193012
47.882	-0.127459
47.883	-0.08054
47.884	-0.058471
47.885	-0.02948
47.886	0.041046
47.887	0.158712
47.888	0.300691
47.889	0.429472
47.89	0.510449
47.891	0.53053
47.892	0.503017
47.893	0.456342
47.894	0.416732
47.895	0.395816
47.896	0.390811
47.897	0.393316
47.898	0.396292
47.899	0.395215
47.9	0.384126
47.901	0.35145
47.902	0.284846
47.903	0.18916
47.904	0.105818
47.905	0.102394
47.906	0.223164
47.907	0.449786
47.908	0.71209
47.909	0.927393
47.91	1.036421
47.911	1.023429
47.912	0.916258
47.913	0.771403
47.914	0.651969
47.915	0.603789
47.916	0.638041
47.917	0.729246
47.918	0.830898
47.919	0.898764
47.92	0.905835
47.921	0.842922
47.922	0.71338
47.923	0.533667
47.924	0.332778
47.925	0.133829
47.926	-0.063288
47.927	-0.264181
47.928	-0.450534
47.929	-0.586229
47.93	-0.646137
47.931	-0.628716
47.932	-0.547997
47.933	-0.420256
47.934	-0.257703
47.935	-0.072051
47.936	0.11917
47.937	0.292704
47.938	0.427293
47.939	0.510408
47.94	0.539157
47.941	0.517149
47.942	0.449007
47.943	0.337062
47.944	0.177422
47.945	-0.049806
47.946	-0.371842
47.947	-0.77716
47.948	-1.185241
47.949	-1.486524
47.95	-1.609748
47.951	-1.549042
47.952	-1.346998
47.953	-1.065791
47.954	-0.766556
47.955	-0.497645
47.956	-0.287852
47.957	-0.144162
47.958	-0.055495
47.959	-0.002616
47.96	0.030371
47.961	0.049493
47.962	0.052106
47.963	0.029746
47.964	-0.034942
47.965	-0.171337
47.966	-0.405154
47.967	-0.720151
47.968	-1.039982
47.969	-1.267928
47.97	-1.345665
47.971	-1.273018
47.972	-1.087259
47.973	-0.835698
47.974	-0.564996
47.975	-0.320335
47.976	-0.135325
47.977	-0.01753
47.978	0.050059
47.979	0.091331
47.98	0.118851
47.981	0.126384
47.982	0.100685
47.983	0.049875
47.984	0.023111
47.985	0.09316
47.986	0.303917
47.987	0.629336
47.988	0.983477
47.989	1.264331
47.99	1.397802
47.991	1.365566
47.992	1.205871
47.993	0.989384
47.994	0.786861
47.995	0.643921
47.996	0.571555
47.997	0.553573
47.998	0.562183
47.999	0.570115
48.0	0.55604
48.001	0.506493
48.002	0.418579
48.003	0.306048
48.004	0.202397
48.005	0.145241
48.006	0.146996
48.007	0.188686
48.008	0.241658
48.009	0.281624
48.01	0.291
48.011	0.265786
48.012	0.221441
48.013	0.188874
48.014	0.202409
48.015	0.283981
48.016	0.428283
48.017	0.599829
48.018	0.749587
48.019	0.839237
48.02	0.853351
48.021	0.796102
48.022	0.681698
48.023	0.523571
48.024	0.325481
48.025	0.076971
48.026	-0.236776
48.027	-0.600733
48.028	-0.948892
48.029	-1.197114
48.03	-1.294445
48.031	-1.240373
48.032	-1.070488
48.033	-0.838158
48.034	-0.601189
48.035	-0.40745
48.036	-0.281222
48.037	-0.218888
48.038	-0.196582
48.039	-0.184284
48.04	-0.159868
48.041	-0.118163
48.042	-0.071908
48.043	-0.04805
48.044	-0.084402
48.045	-0.22454
48.046	-0.496219
48.047	-0.871133
48.048	-1.252611
48.049	-1.525449
48.05	-1.620571
48.051	-1.535969
48.052	-1.316906
48.053	-1.026762
48.054	-0.726167
48.055	-0.46201
48.056	-0.262133
48.057	-0.133912
48.058	-0.066855
48.059	-0.039736
48.06	-0.032077
48.061	-0.034044
48.062	-0.045685
48.063	-0.061569
48.064	-0.054521
48.065	0.014844
48.066	0.165475
48.067	0.377903
48.068	0.604203
48.069	0.786972
48.07	0.880089
48.071	0.868709
48.072	0.775344
48.073	0.645326
48.074	0.520637
48.075	0.421539
48.076	0.348494
48.077	0.296247
48.078	0.263105
48.079	0.247926
48.08	0.241727
48.081	0.225651
48.082	0.18142
48.083	0.114791
48.084	0.074555
48.085	0.13103
48.086	0.318916
48.087	0.604459
48.088	0.904208
48.089	1.127041
48.09	1.213207
48.091	1.155762
48.092	0.996508
48.093	0.803864
48.094	0.64597
48.095	0.567662
48.096	0.576074
48.097	0.642373
48.098	0.721616
48.099	0.775115
48.1	0.779476
48.101	0.724712
48.102	0.611985
48.103	0.452959
48.104	0.262063
48.105	0.040983
48.106	-0.219796
48.107	-0.509637
48.108	-0.778319
48.109	-0.962952
48.11	-1.02828
48.111	-0.978453
48.112	-0.842373
48.113	-0.655634
48.114	-0.452361
48.115	-0.263032
48.116	-0.109539
48.117	0.000511
48.118	0.072672
48.119	0.118291
48.12	0.146573
48.121	0.158551
48.122	0.14684
48.123	0.100792
48.124	0.003906
48.125	-0.17336
48.126	-0.45431
48.127	-0.81243
48.128	-1.160723
48.129	-1.39996
48.13	-1.475307
48.131	-1.391462
48.132	-1.192545
48.133	-0.935869
48.134	-0.67613
48.135	-0.457225
48.136	-0.303181
48.137	-0.212591
48.138	-0.165147
48.139	-0.136885
48.14	-0.112761
48.141	-0.090634
48.142	-0.077326
48.143	-0.079633
48.144	-0.099935
48.145	-0.142004
48.146	-0.211826
48.147	-0.301992
48.148	-0.383378
48.149	-0.424977
48.15	-0.417285
48.151	-0.371751
48.152	-0.304992
48.153	-0.228209
48.154	-0.147989
48.155	-0.071496
48.156	-0.008503
48.157	0.031857
48.158	0.046577
48.159	0.040055
48.16	0.018609
48.161	-0.014564
48.162	-0.053609
48.163	-0.075084
48.164	-0.030234
48.165	0.133544
48.166	0.42687
48.167	0.79688
48.168	1.152648
48.169	1.404317
48.17	1.494146
48.171	1.417575
48.172	1.222662
48.173	0.984672
48.174	0.77296
48.175	0.62829
48.176	0.557208
48.177	0.541021
48.178	0.55088
48.179	0.560119
48.18	0.548702
48.181	0.502612
48.182	0.417604
48.183	0.306582
48.184	0.197798
48.185	0.11663
48.186	0.067198
48.187	0.037842
48.188	0.018664
48.189	0.004613
48.19	-0.009074
48.191	-0.023086
48.192	-0.027954
48.193	-0.006655
48.194	0.055417
48.195	0.160483
48.196	0.293851
48.197	0.427899
48.198	0.53364
48.199	0.592563
48.2	0.599845
48.201	0.558855
48.202	0.474551
48.203	0.349987
48.204	0.181111
48.205	-0.048486
48.206	-0.351258
48.207	-0.699655
48.208	-1.019293
48.209	-1.230672
48.21	-1.292923
48.211	-1.212242
48.212	-1.027259
48.213	-0.792666
48.214	-0.564932
48.215	-0.387869
48.216	-0.280426
48.217	-0.233222
48.218	-0.21752
48.219	-0.202675
48.22	-0.17165
48.221	-0.126151
48.222	-0.083459
48.223	-0.070172
48.224	-0.116609
48.225	-0.252758
48.226	-0.491037
48.227	-0.795538
48.228	-1.081613
48.229	-1.263461
48.23	-1.300052
48.231	-1.200853
48.232	-1.006227
48.233	-0.767503
48.234	-0.533325
48.235	-0.34077
48.236	-0.210077
48.237	-0.141678
48.238	-0.118028
48.239	-0.114362
48.24	-0.114296
48.241	-0.117008
48.242	-0.126331
48.243	-0.127045
48.244	-0.069942
48.245	0.105865
48.246	0.42104
48.247	0.826973
48.248	1.224564
48.249	1.509085
48.25	1.614587
48.251	1.536259
48.252	1.322629
48.253	1.04963
48.254	0.791056
48.255	0.594914
48.256	0.473404
48.257	0.408922
48.258	0.37102
48.259	0.334041
48.26	0.284318
48.261	0.216754
48.262	0.134956
48.263	0.06282
48.264	0.048361
48.265	0.13616
48.266	0.328445
48.267	0.577092
48.268	0.809264
48.269	0.959591
48.27	0.993273
48.271	0.916593
48.272	0.772513
48.273	0.623342
48.274	0.526993
48.275	0.514653
48.276	0.57996
48.277	0.686957
48.278	0.790752
48.279	0.854682
48.28	0.856402
48.281	0.7868
48.282	0.647864
48.283	0.45363
48.284	0.222717
48.285	-0.040449
48.286	-0.340318
48.287	-0.655215
48.288	-0.927507
48.289	-1.098154
48.29	-1.140662
48.291	-1.064649
48.292	-0.902079
48.293	-0.69583
48.294	-0.493661
48.295	-0.337483
48.296	-0.246619
48.297	-0.209698
48.298	-0.194983
48.299	-0.172607
48.3	-0.132569
48.301	-0.087423
48.302	-0.062146
48.303	-0.082122
48.304	-0.171148
48.305	-0.35288
48.306	-0.629921
48.307	-0.952548
48.308	-1.230255
48.309	-1.386708
48.31	-1.398223
48.311	-1.288231
48.312	-1.1007
48.313	-0.876801
48.314	-0.644815
48.315	-0.423979
48.316	-0.231998
48.317	-0.084283
48.318	0.013838
48.319	0.069446
48.32	0.094952
48.321	0.099967
48.322	0.087685
48.323	0.05588
48.324	-0.005339
48.325	-0.119861
48.326	-0.309108
48.327	-0.552847
48.328	-0.783495
48.329	-0.931329
48.33	-0.966766
48.331	-0.904072
48.332	-0.781955
48.333	-0.645387
48.334	-0.534837
48.335	-0.476654
48.336	-0.474942
48.337	-0.511011
48.338	-0.551792
48.339	-0.564948
48.34	-0.533809
48.341	-0.462819
48.342	-0.370889
48.343	-0.281891
48.344	-0.224759
48.345	-0.235298
48.346	-0.335349
48.347	-0.500427
48.348	-0.663593
48.349	-0.760636
48.35	-0.767525
48.351	-0.701078
48.352	-0.59662
48.353	-0.487356
48.354	-0.397607
48.355	-0.343901
48.356	-0.332914
48.357	-0.357232
48.358	-0.397378
48.359	-0.430949
48.36	-0.442955
48.361	-0.430773
48.362	-0.394177
48.363	-0.312573
48.364	-0.138335
48.365	0.171557
48.366	0.610832
48.367	1.10937
48.368	1.557216
48.369	1.847947
48.37	1.921014
48.371	1.783076
48.372	1.496714
48.373	1.147135
48.374	0.809174
48.375	0.528188
48.376	0.318324
48.377	0.174679
48.378	0.086344
48.379	0.039807
48.38	0.017274
48.381	-8.1e-05
48.382	-0.020058
48.383	-0.024706
48.384	0.027879
48.385	0.171622
48.386	0.397376
48.387	0.654224
48.388	0.877302
48.389	1.011206
48.39	1.025863
48.391	0.927048
48.392	0.754911
48.393	0.56963
48.394	0.429922
48.395	0.371078
48.396	0.390928
48.397	0.454207
48.398	0.515405
48.399	0.542421
48.4	0.524143
48.401	0.465092
48.402	0.37829
48.403	0.276012
48.404	0.156233
48.405	-0.003082
48.406	-0.221381
48.407	-0.477228
48.408	-0.706855
48.409	-0.848389
48.41	-0.878859
48.411	-0.814425
48.412	-0.691841
48.413	-0.554654
48.414	-0.445333
48.415	-0.393249
48.416	-0.402146
48.417	-0.449461
48.418	-0.499324
48.419	-0.519333
48.42	-0.492453
48.421	-0.421367
48.422	-0.325838
48.423	-0.23906
48.424	-0.207812
48.425	-0.284691
48.426	-0.492603
48.427	-0.785237
48.428	-1.061359
48.429	-1.228239
48.43	-1.249036
48.431	-1.14285
48.432	-0.958621
48.433	-0.751152
48.434	-0.567504
48.435	-0.438928
48.436	-0.375393
48.437	-0.36535
48.438	-0.382948
48.439	-0.400046
48.44	-0.397792
48.441	-0.37139
48.442	-0.323307
48.443	-0.246669
48.444	-0.116931
48.445	0.088703
48.446	0.364394
48.447	0.672043
48.448	0.952533
48.449	1.141916
48.45	1.197922
48.451	1.121603
48.452	0.95259
48.453	0.7432
48.454	0.533096
48.455	0.34057
48.456	0.171926
48.457	0.034692
48.458	-0.060448
48.459	-0.108746
48.46	-0.119715
48.461	-0.114041
48.462	-0.106975
48.463	-0.08419
48.464	0.005898
48.465	0.215828
48.466	0.546644
48.467	0.935413
48.468	1.283869
48.469	1.500091
48.47	1.536691
48.471	1.406676
48.472	1.17022
48.473	0.906141
48.474	0.682791
48.475	0.537934
48.476	0.472608
48.477	0.460208
48.478	0.466335
48.479	0.465637
48.48	0.445045
48.481	0.398934
48.482	0.327202
48.483	0.2362
48.484	0.1311
48.485	0.002685
48.486	-0.161956
48.487	-0.347916
48.488	-0.510326
48.489	-0.607639
48.49	-0.626166
48.491	-0.57796
48.492	-0.485453
48.493	-0.368512
48.494	-0.241854
48.495	-0.118849
48.496	-0.012648
48.497	0.067468
48.498	0.11938
48.499	0.147636
48.5	0.159268
48.501	0.157229
48.502	0.137036
48.503	0.088653
48.504	-0.00773
48.505	-0.184746
48.506	-0.45719
48.507	-0.780017
48.508	-1.060913
48.509	-1.219472
48.51	-1.22815
48.511	-1.111085
48.512	-0.920663
48.513	-0.713888
48.514	-0.537698
48.515	-0.420882
48.516	-0.368443
48.517	-0.361841
48.518	-0.369537
48.519	-0.363509
48.52	-0.33114
48.521	-0.276933
48.522	-0.216707
48.523	-0.168808
48.524	-0.15239
48.525	-0.190626
48.526	-0.293986
48.527	-0.434141
48.528	-0.553839
48.529	-0.607529
48.53	-0.586414
48.531	-0.511577
48.532	-0.412722
48.533	-0.313513
48.534	-0.229689
48.535	-0.171976
48.536	-0.14611
48.537	-0.148807
48.538	-0.164158
48.539	-0.170244
48.54	-0.157697
48.541	-0.139248
48.542	-0.128824
48.543	-0.105313
48.544	-0.005017
48.545	0.233071
48.546	0.607301
48.547	1.040855
48.548	1.420939
48.549	1.650232
48.55	1.683748
48.551	1.5394
48.552	1.281617
48.553	0.990156
48.554	0.730398
48.555	0.536826
48.556	0.413286
48.557	0.345097
48.558	0.311743
48.559	0.29337
48.56	0.271905
48.561	0.232662
48.562	0.174377
48.563	0.120596
48.564	0.109772
48.565	0.162264
48.566	0.26203
48.567	0.373876
48.568	0.465098
48.569	0.511416
48.57	0.500626
48.571	0.439013
48.572	0.352333
48.573	0.276963
48.574	0.244385
48.575	0.266278
48.576	0.329587
48.577	0.405712
48.578	0.4659
48.579	0.49236
48.58	0.480224
48.581	0.432556
48.582	0.354681
48.583	0.249281
48.584	0.106647
48.585	-0.099314
48.586	-0.380584
48.587	-0.694502
48.588	-0.957705
48.589	-1.102363
48.59	-1.109414
48.591	-1.00209
48.592	-0.825969
48.593	-0.634161
48.594	-0.475481
48.595	-0.380576
48.596	-0.351572
48.597	-0.364233
48.598	-0.382581
48.599	-0.377138
48.6	-0.33664
48.601	-0.268638
48.602	-0.195355
48.603	-0.151374
48.604	-0.182107
48.605	-0.332343
48.606	-0.608809
48.607	-0.945998
48.608	-1.232941
48.609	-1.381985
48.61	-1.368328
48.611	-1.220763
48.612	-0.993559
48.613	-0.745025
48.614	-0.525009
48.615	-0.365558
48.616	-0.275793
48.617	-0.243528
48.618	-0.243065
48.619	-0.247826
48.62	-0.242991
48.621	-0.227859
48.622	-0.20243
48.623	-0.14724
48.624	-0.020443
48.625	0.211228
48.626	0.536837
48.627	0.89938
48.628	1.217825
48.629	1.415691
48.63	1.451574
48.631	1.334203
48.632	1.113181
48.633	0.856028
48.634	0.622434
48.635	0.444887
48.636	0.32512
48.637	0.245762
48.638	0.186198
48.639	0.133393
48.64	0.083603
48.641	0.038147
48.642	0.005017
48.643	0.010151
48.644	0.094656
48.645	0.280596
48.646	0.543627
48.647	0.824538
48.648	1.054308
48.649	1.176038
48.65	1.166322
48.651	1.044576
48.652	0.863581
48.653	0.688443
48.654	0.572694
48.655	0.538805
48.656	0.572799
48.657	0.637598
48.658	0.69471
48.659	0.718232
48.66	0.696404
48.661	0.626548
48.662	0.510565
48.663	0.354874
48.664	0.163814
48.665	-0.071789
48.666	-0.355286
48.667	-0.648419
48.668	-0.881731
48.669	-1.00159
48.67	-0.996168
48.671	-0.888667
48.672	-0.719828
48.673	-0.535055
48.674	-0.376101
48.675	-0.270467
48.676	-0.221562
48.677	-0.209851
48.678	-0.205324
48.679	-0.183961
48.68	-0.139665
48.681	-0.085618
48.682	-0.047405
48.683	-0.055214
48.684	-0.143452
48.685	-0.346335
48.686	-0.663466
48.687	-1.025534
48.688	-1.321587
48.689	-1.466678
48.69	-1.439777
48.691	-1.274789
48.692	-1.031278
48.693	-0.770427
48.694	-0.542739
48.695	-0.379119
48.696	-0.284398
48.697	-0.240211
48.698	-0.217536
48.699	-0.192251
48.7	-0.15614
48.701	-0.117811
48.702	-0.091417
48.703	-0.083422
48.704	-0.094508
48.705	-0.129871
48.706	-0.191455
48.707	-0.26041
48.708	-0.30494
48.709	-0.306569
48.71	-0.270551
48.711	-0.215023
48.712	-0.15557
48.713	-0.098625
48.714	-0.045603
48.715	0.00014
48.716	0.032548
48.717	0.04807
48.718	0.048223
48.719	0.036995
48.72	0.016941
48.721	-0.011174
48.722	-0.037278
48.723	-0.025151
48.724	0.079668
48.725	0.306174
48.726	0.62512
48.727	0.964245
48.728	1.24354
48.729	1.401241
48.73	1.411425
48.731	1.290495
48.732	1.085201
48.733	0.845988
48.734	0.603512
48.735	0.365961
48.736	0.134166
48.737	-0.083974
48.738	-0.270703
48.739	-0.405089
48.74	-0.473251
48.741	-0.474056
48.742	-0.409438
48.743	-0.262819
48.744	0.000499
48.745	0.393349
48.746	0.873151
48.747	1.3523
48.748	1.730645
48.749	1.928929
48.75	1.916018
48.751	1.716445
48.752	1.394044
48.753	1.02331
48.754	0.666022
48.755	0.361095
48.756	0.12529
48.757	-0.038631
48.758	-0.134181
48.759	-0.170954
48.76	-0.166769
48.761	-0.142096
48.762	-0.104092
48.763	-0.030309
48.764	0.122329
48.765	0.375371
48.766	0.697705
48.767	1.019808
48.768	1.266829
48.769	1.383373
48.77	1.349603
48.771	1.186335
48.772	0.947015
48.773	0.700273
48.774	0.507543
48.775	0.401548
48.776	0.375775
48.777	0.394654
48.778	0.418716
48.779	0.424327
48.78	0.405538
48.781	0.365978
48.782	0.312775
48.783	0.249148
48.784	0.160879
48.785	0.01639
48.786	-0.198244
48.787	-0.443764
48.788	-0.646685
48.789	-0.752556
48.79	-0.753503
48.791	-0.678714
48.792	-0.573083
48.793	-0.482473
48.794	-0.443973
48.795	-0.473273
48.796	-0.555278
48.797	-0.649933
48.798	-0.711908
48.799	-0.710239
48.8	-0.637923
48.801	-0.511367
48.802	-0.363709
48.803	-0.239852
48.804	-0.196301
48.805	-0.286618
48.806	-0.516256
48.807	-0.81181
48.808	-1.060343
48.809	-1.181585
48.81	-1.160895
48.811	-1.03407
48.812	-0.856554
48.813	-0.681224
48.814	-0.547336
48.815	-0.47434
48.816	-0.458911
48.817	-0.478135
48.818	-0.500427
48.819	-0.499412
48.82	-0.463282
48.821	-0.394712
48.822	-0.301911
48.823	-0.187306
48.824	-0.048544
48.825	0.105444
48.826	0.253701
48.827	0.381774
48.828	0.48242
48.829	0.542466
48.83	0.54586
48.831	0.487933
48.832	0.381742
48.833	0.25232
48.834	0.124483
48.835	0.012031
48.836	-0.083487
48.837	-0.164309
48.838	-0.22832
48.839	-0.269505
48.84	-0.283737
48.841	-0.269062
48.842	-0.21643
48.843	-0.098669
48.844	0.121482
48.845	0.455835
48.846	0.865773
48.847	1.273773
48.848	1.588375
48.849	1.734072
48.85	1.684528
48.851	1.473205
48.852	1.173619
48.853	0.867108
48.854	0.613947
48.855	0.439181
48.856	0.336953
48.857	0.285367
48.858	0.261387
48.859	0.248322
48.86	0.234868
48.861	0.213356
48.862	0.183484
48.863	0.155071
48.864	0.136764
48.865	0.120258
48.866	0.089862
48.867	0.046282
48.868	0.004114
48.869	-0.027632
48.87	-0.049955
48.871	-0.066401
48.872	-0.078485
48.873	-0.087086
48.874	-0.095911
48.875	-0.110604
48.876	-0.132302
48.877	-0.153405
48.878	-0.16153
48.879	-0.147282
48.88	-0.109718
48.881	-0.058724
48.882	-0.013679
48.883	-5.8e-05
48.884	-0.050669
48.885	-0.198703
48.886	-0.442324
48.887	-0.718961
48.888	-0.938822
48.889	-1.041868
48.89	-1.02003
48.891	-0.904983
48.892	-0.74719
48.893	-0.598252
48.894	-0.497024
48.895	-0.459283
48.896	-0.473923
48.897	-0.50908
48.898	-0.527406
48.899	-0.503443
48.9	-0.433277
48.901	-0.332764
48.902	-0.229737
48.903	-0.156424
48.904	-0.147003
48.905	-0.23003
48.906	-0.399755
48.907	-0.598672
48.908	-0.750269
48.909	-0.808197
48.91	-0.772707
48.911	-0.675297
48.912	-0.555639
48.913	-0.447435
48.914	-0.374352
48.915	-0.347476
48.916	-0.362223
48.917	-0.399465
48.918	-0.432858
48.919	-0.441195
48.92	-0.418762
48.921	-0.371819
48.922	-0.297704
48.923	-0.16342
48.924	0.084146
48.925	0.469701
48.926	0.949207
48.927	1.421131
48.928	1.77392
48.929	1.930404
48.93	1.870203
48.931	1.628774
48.932	1.279398
48.933	0.907447
48.934	0.584285
48.935	0.347135
48.936	0.194332
48.937	0.100508
48.938	0.039107
48.939	-0.005224
48.94	-0.037817
48.941	-0.05849
48.942	-0.057834
48.943	-0.013373
48.944	0.096133
48.945	0.267397
48.946	0.467649
48.947	0.650374
48.948	0.772681
48.949	0.807027
48.95	0.749685
48.951	0.623438
48.952	0.471197
48.953	0.341809
48.954	0.272405
48.955	0.273019
48.956	0.324069
48.957	0.391376
48.958	0.444837
48.959	0.467065
48.96	0.45247
48.961	0.403115
48.962	0.325956
48.963	0.226879
48.964	0.097496
48.965	-0.084188
48.966	-0.319981
48.967	-0.564322
48.968	-0.749982
48.969	-0.835198
48.97	-0.820169
48.971	-0.733947
48.972	-0.618401
48.973	-0.518821
48.974	-0.472604
48.975	-0.493395
48.976	-0.562373
48.977	-0.63701
48.978	-0.673176
48.979	-0.646392
48.98	-0.559863
48.981	-0.437009
48.982	-0.31078
48.983	-0.22195
48.984	-0.219333
48.985	-0.341257
48.986	-0.576178
48.987	-0.847284
48.988	-1.055996
48.989	-1.141991
48.99	-1.10277
48.991	-0.974566
48.992	-0.806734
48.993	-0.646916
48.994	-0.532487
48.995	-0.480668
48.996	-0.482776
48.997	-0.510726
48.998	-0.53188
48.999	-0.524007
49.0	-0.483418
49.001	-0.418221
49.002	-0.328242
49.003	-0.190309
49.004	0.029566
49.005	0.341268
49.006	0.709674
49.007	1.066802
49.008	1.336503
49.009	1.458975
49.01	1.413327
49.011	1.22435
49.012	0.948423
49.013	0.649667
49.014	0.377447
49.015	0.154832
49.016	-0.01619
49.017	-0.141074
49.018	-0.224758
49.019	-0.271677
49.02	-0.286908
49.021	-0.272833
49.022	-0.218602
49.023	-0.090721
49.024	0.15044
49.025	0.508132
49.026	0.928862
49.027	1.324575
49.028	1.605609
49.029	1.70918
49.03	1.621049
49.031	1.378682
49.032	1.056504
49.033	0.741966
49.034	0.506156
49.035	0.376644
49.036	0.331261
49.037	0.321647
49.038	0.306981
49.039	0.272027
49.04	0.224322
49.041	0.179951
49.042	0.146733
49.043	0.114303
49.044	0.056804
49.045	-0.051057
49.046	-0.207749
49.047	-0.374943
49.048	-0.5035
49.049	-0.565707
49.05	-0.561966
49.051	-0.51015
49.052	-0.436908
49.053	-0.373835
49.054	-0.349725
49.055	-0.375901
49.056	-0.436499
49.057	-0.495949
49.058	-0.518268
49.059	-0.484691
49.06	-0.400974
49.061	-0.292069
49.062	-0.190758
49.063	-0.131672
49.064	-0.152465
49.065	-0.281185
49.066	-0.502643
49.067	-0.747569
49.068	-0.932216
49.069	-1.00701
49.07	-0.970827
49.071	-0.856601
49.072	-0.711676
49.073	-0.583798
49.074	-0.509877
49.075	-0.50259
49.076	-0.543506
49.077	-0.593152
49.078	-0.611752
49.079	-0.577607
49.08	-0.494432
49.081	-0.384687
49.082	-0.272872
49.083	-0.173955
49.084	-0.098993
49.085	-0.060128
49.086	-0.05783
49.087	-0.073357
49.088	-0.084944
49.089	-0.085513
49.09	-0.082102
49.091	-0.085305
49.092	-0.102225
49.093	-0.136614
49.094	-0.191232
49.095	-0.265708
49.096	-0.350582
49.097	-0.425806
49.098	-0.469725
49.099	-0.472024
49.1	-0.438379
49.101	-0.380298
49.102	-0.291051
49.103	-0.128142
49.104	0.163979
49.105	0.597857
49.106	1.111189
49.107	1.590287
49.108	1.920967
49.109	2.031926
49.11	1.915284
49.111	1.621241
49.112	1.234206
49.113	0.843301
49.114	0.517115
49.115	0.28664
49.116	0.14387
49.117	0.060388
49.118	0.009941
49.119	-0.023049
49.12	-0.045856
49.121	-0.057281
49.122	-0.043851
49.123	0.013971
49.124	0.12053
49.125	0.250966
49.126	0.367422
49.127	0.446111
49.128	0.480268
49.129	0.466226
49.13	0.400848
49.131	0.292385
49.132	0.169129
49.133	0.074675
49.134	0.047096
49.135	0.093775
49.136	0.184283
49.137	0.270186
49.138	0.316222
49.139	0.317467
49.14	0.289891
49.141	0.2489
49.142	0.199188
49.143	0.134295
49.144	0.034624
49.145	-0.120941
49.146	-0.324022
49.147	-0.526604
49.148	-0.673122
49.149	-0.736068
49.15	-0.721758
49.151	-0.657063
49.152	-0.577952
49.153	-0.523525
49.154	-0.525857
49.155	-0.592393
49.156	-0.695319
49.157	-0.781244
49.158	-0.797296
49.159	-0.720844
49.16	-0.575886
49.161	-0.419976
49.162	-0.309316
49.163	-0.27715
49.164	-0.340452
49.165	-0.502476
49.166	-0.733707
49.167	-0.96794
49.168	-1.133942
49.169	-1.189354
49.17	-1.128333
49.171	-0.970321
49.172	-0.74751
49.173	-0.498726
49.174	-0.263901
49.175	-0.072263
49.176	0.067778
49.177	0.165271
49.178	0.232154
49.179	0.271236
49.18	0.274875
49.181	0.231112
49.182	0.130799
49.183	-0.035171
49.184	-0.284717
49.185	-0.627749
49.186	-1.026249
49.187	-1.389522
49.188	-1.623759
49.189	-1.681944
49.19	-1.572311
49.191	-1.337477
49.192	-1.032486
49.193	-0.713288
49.194	-0.428354
49.195	-0.207608
49.196	-0.056081
49.197	0.040341
49.198	0.10022
49.199	0.13295
49.2	0.135281
49.201	0.099898
49.202	0.027941
49.203	-0.067869
49.204	-0.173975
49.205	-0.284013
49.206	-0.388353
49.207	-0.465751
49.208	-0.497431
49.209	-0.481987
49.21	-0.430533
49.211	-0.353125
49.212	-0.253868
49.213	-0.1365
49.214	-0.010446
49.215	0.108992
49.216	0.205692
49.217	0.268459
49.218	0.292807
49.219	0.277454
49.22	0.2216
49.221	0.133794
49.222	0.047983
49.223	0.025414
49.224	0.126004
49.225	0.362995
49.226	0.684705
49.227	1.000851
49.228	1.22375
49.229	1.299456
49.23	1.224327
49.231	1.043042
49.232	0.829511
49.233	0.659694
49.234	0.582935
49.235	0.602288
49.236	0.678285
49.237	0.755709
49.238	0.793503
49.239	0.77513
49.24	0.697947
49.241	0.565152
49.242	0.392533
49.243	0.209174
49.244	0.038041
49.245	-0.11652
49.246	-0.254035
49.247	-0.364039
49.248	-0.434394
49.249	-0.460971
49.25	-0.443807
49.251	-0.381172
49.252	-0.270566
49.253	-0.113892
49.254	0.077276
49.255	0.279801
49.256	0.463996
49.257	0.603924
49.258	0.684271
49.259	0.699649
49.26	0.65177
49.261	0.546279
49.262	0.388021
49.263	0.175465
49.264	-0.102233
49.265	-0.4488
49.266	-0.827932
49.267	-1.160928
49.268	-1.370158
49.269	-1.419464
49.27	-1.318424
49.271	-1.106808
49.272	-0.840595
49.273	-0.579138
49.274	-0.368472
49.275	-0.228
49.276	-0.149161
49.277	-0.105748
49.278	-0.070564
49.279	-0.030562
49.28	0.008386
49.281	0.027659
49.282	0.003699
49.283	-0.088619
49.284	-0.272913
49.285	-0.553082
49.286	-0.88474
49.287	-1.180392
49.288	-1.357893
49.289	-1.381465
49.29	-1.264717
49.291	-1.050812
49.292	-0.79169
49.293	-0.535559
49.294	-0.320425
49.295	-0.16789
49.296	-0.078594
49.297	-0.036125
49.298	-0.019069
49.299	-0.01412
49.3	-0.021475
49.301	-0.044149
49.302	-0.063329
49.303	-0.024702
49.304	0.134214
49.305	0.431547
49.306	0.815371
49.307	1.185164
49.308	1.439938
49.309	1.522079
49.31	1.434021
49.311	1.226603
49.312	0.973711
49.313	0.745241
49.314	0.584465
49.315	0.497801
49.316	0.462623
49.317	0.446717
49.318	0.424505
49.319	0.381463
49.32	0.311654
49.321	0.219775
49.322	0.133308
49.323	0.104017
49.324	0.175254
49.325	0.344652
49.326	0.564581
49.327	0.769442
49.328	0.90191
49.329	0.930814
49.33	0.859052
49.331	0.721842
49.332	0.577933
49.333	0.491549
49.334	0.504206
49.335	0.609681
49.336	0.756103
49.337	0.880165
49.338	0.941959
49.339	0.930428
49.34	0.847747
49.341	0.699198
49.342	0.49609
49.343	0.252192
49.344	-0.03137
49.345	-0.357484
49.346	-0.697696
49.347	-0.986625
49.348	-1.160961
49.349	-1.194282
49.35	-1.099831
49.351	-0.915608
49.352	-0.691723
49.353	-0.481949
49.354	-0.329325
49.355	-0.248503
49.356	-0.22097
49.357	-0.20999
49.358	-0.184686
49.359	-0.136943
49.36	-0.082263
49.361	-0.04683
49.362	-0.056258
49.363	-0.13986
49.364	-0.332626
49.365	-0.644804
49.366	-1.022715
49.367	-1.360898
49.368	-1.56272
49.369	-1.587277
49.37	-1.451586
49.371	-1.206162
49.372	-0.911623
49.373	-0.62642
49.374	-0.39678
49.375	-0.243496
49.376	-0.157118
49.377	-0.110856
49.378	-0.080466
49.379	-0.056664
49.38	-0.045661
49.381	-0.054852
49.382	-0.070734
49.383	-0.054883
49.384	0.029843
49.385	0.189614
49.386	0.395217
49.387	0.596961
49.388	0.743222
49.389	0.799438
49.39	0.762143
49.391	0.657921
49.392	0.528
49.393	0.409196
49.394	0.320465
49.395	0.261298
49.396	0.221389
49.397	0.190829
49.398	0.161941
49.399	0.126517
49.4	0.078047
49.401	0.02185
49.402	-0.012439
49.403	0.02798
49.404	0.187134
49.405	0.459495
49.406	0.785471
49.407	1.080944
49.408	1.269834
49.409	1.310187
49.41	1.208537
49.411	1.01483
49.412	0.802466
49.413	0.642335
49.414	0.576556
49.415	0.601066
49.416	0.671002
49.417	0.729703
49.418	0.738837
49.419	0.688081
49.42	0.588097
49.421	0.459411
49.422	0.31925
49.423	0.167679
49.424	-0.016416
49.425	-0.252035
49.426	-0.517853
49.427	-0.750942
49.428	-0.890318
49.429	-0.91308
49.43	-0.834689
49.431	-0.689515
49.432	-0.514197
49.433	-0.340402
49.434	-0.192559
49.435	-0.086341
49.436	-0.024178
49.437	0.008588
49.438	0.035137
49.439	0.068358
49.44	0.100826
49.441	0.110921
49.442	0.073687
49.443	-0.036015
49.444	-0.242874
49.445	-0.54869
49.446	-0.901392
49.447	-1.208254
49.448	-1.388549
49.449	-1.409386
49.45	-1.284818
49.451	-1.058852
49.452	-0.790009
49.453	-0.537678
49.454	-0.346203
49.455	-0.230744
49.456	-0.175434
49.457	-0.14739
49.458	-0.117286
49.459	-0.074012
49.46	-0.027318
49.461	-0.000798
49.462	-0.019954
49.463	-0.105612
49.464	-0.274568
49.465	-0.523344
49.466	-0.803284
49.467	-1.034869
49.468	-1.154773
49.469	-1.143712
49.47	-1.020271
49.471	-0.822779
49.472	-0.595181
49.473	-0.378308
49.474	-0.204059
49.475	-0.089291
49.476	-0.030977
49.477	-0.009652
49.478	-0.003381
49.479	-0.002467
49.48	-0.011277
49.481	-0.03302
49.482	-0.043982
49.483	0.015284
49.484	0.202376
49.485	0.519395
49.486	0.900971
49.487	1.246022
49.488	1.462897
49.489	1.506518
49.49	1.390651
49.491	1.173491
49.492	0.930198
49.493	0.725361
49.494	0.593834
49.495	0.53433
49.496	0.518764
49.497	0.513182
49.498	0.493923
49.499	0.449209
49.5	0.374904
49.501	0.277749
49.502	0.184088
49.503	0.131609
49.504	0.138724
49.505	0.189706
49.506	0.254496
49.507	0.309204
49.508	0.338396
49.509	0.33392
49.51	0.298402
49.511	0.250254
49.512	0.223658
49.513	0.255953
49.514	0.363994
49.515	0.526974
49.516	0.694187
49.517	0.812422
49.518	0.850759
49.519	0.80788
49.52	0.701574
49.521	0.553842
49.522	0.380983
49.523	0.179526
49.524	-0.079792
49.525	-0.415022
49.526	-0.783596
49.527	-1.093732
49.528	-1.266369
49.529	-1.276821
49.53	-1.150157
49.531	-0.936092
49.532	-0.691882
49.533	-0.474618
49.534	-0.327065
49.535	-0.258327
49.536	-0.240817
49.537	-0.231614
49.538	-0.200552
49.539	-0.144088
49.54	-0.080968
49.541	-0.039983
49.542	-0.051564
49.543	-0.14936
49.544	-0.36686
49.545	-0.703792
49.546	-1.091396
49.547	-1.416641
49.548	-1.588329
49.549	-1.577157
49.55	-1.40943
49.551	-1.140359
49.552	-0.833018
49.553	-0.547124
49.554	-0.326842
49.555	-0.187788
49.556	-0.116239
49.557	-0.083441
49.558	-0.064223
49.559	-0.049656
49.56	-0.045854
49.561	-0.056499
49.562	-0.062389
49.563	-0.021173
49.564	0.102875
49.565	0.306655
49.566	0.548233
49.567	0.76888
49.568	0.914739
49.569	0.955916
49.57	0.897263
49.571	0.773352
49.572	0.631063
49.573	0.509559
49.574	0.427472
49.575	0.38207
49.576	0.357995
49.577	0.337983
49.578	0.309673
49.579	0.266307
49.58	0.204964
49.581	0.131206
49.582	0.070199
49.583	0.068493
49.584	0.171519
49.585	0.391045
49.586	0.691075
49.587	0.997966
49.588	1.228297
49.589	1.322681
49.59	1.265494
49.591	1.082223
49.592	0.821225
49.593	0.531914
49.594	0.251025
49.595	0.000693
49.596	-0.205671
49.597	-0.357571
49.598	-0.447785
49.599	-0.477482
49.6	-0.456871
49.601	-0.391575
49.602	-0.263605
49.603	-0.035892
49.604	0.309796
49.605	0.738969
49.606	1.172117
49.607	1.519566
49.608	1.712645
49.609	1.721915
49.61	1.562747
49.611	1.288449
49.612	0.973118
49.613	0.687179
49.614	0.471894
49.615	0.330984
49.616	0.247381
49.617	0.202845
49.618	0.183025
49.619	0.174536
49.62	0.164384
49.621	0.147405
49.622	0.135247
49.623	0.145989
49.624	0.177001
49.625	0.203855
49.626	0.210642
49.627	0.20103
49.628	0.18179
49.629	0.154281
49.63	0.121004
49.631	0.091847
49.632	0.082706
49.633	0.107588
49.634	0.168413
49.635	0.250694
49.636	0.330483
49.637	0.387172
49.638	0.411244
49.639	0.403349
49.64	0.370256
49.641	0.318843
49.642	0.246671
49.643	0.13328
49.644	-0.054877
49.645	-0.328879
49.646	-0.640357
49.647	-0.901094
49.648	-1.041946
49.649	-1.04554
49.65	-0.938172
49.651	-0.768658
49.652	-0.593265
49.653	-0.462809
49.654	-0.405417
49.655	-0.4156
49.656	-0.460907
49.657	-0.499927
49.658	-0.500238
49.659	-0.450059
49.66	-0.359542
49.661	-0.254295
49.662	-0.170192
49.663	-0.15193
49.664	-0.242185
49.665	-0.446721
49.666	-0.706286
49.667	-0.925509
49.668	-1.033919
49.669	-1.015593
49.67	-0.898181
49.671	-0.728686
49.672	-0.55512
49.673	-0.416922
49.674	-0.338093
49.675	-0.320884
49.676	-0.345926
49.677	-0.382712
49.678	-0.404269
49.679	-0.397194
49.68	-0.361937
49.681	-0.299243
49.682	-0.187786
49.683	0.01797
49.684	0.348904
49.685	0.780772
49.686	1.235465
49.687	1.610906
49.688	1.819749
49.689	1.823959
49.69	1.644789
49.691	1.34622
49.692	1.007359
49.693	0.695721
49.694	0.448333
49.695	0.268949
49.696	0.141923
49.697	0.049796
49.698	-0.017661
49.699	-0.064103
49.7	-0.089818
49.701	-0.088877
49.702	-0.038813
49.703	0.094497
49.704	0.322147
49.705	0.610685
49.706	0.900281
49.707	1.126848
49.708	1.237211
49.709	1.210392
49.71	1.069228
49.711	0.86959
49.712	0.676917
49.713	0.541996
49.714	0.48463
49.715	0.491656
49.716	0.52993
49.717	0.566264
49.718	0.57995
49.719	0.56214
49.72	0.509848
49.721	0.422688
49.722	0.302926
49.723	0.14855
49.724	-0.054504
49.725	-0.310077
49.726	-0.579183
49.727	-0.793862
49.728	-0.903204
49.729	-0.897103
49.73	-0.799367
49.731	-0.651734
49.732	-0.502445
49.733	-0.396347
49.734	-0.358772
49.735	-0.382383
49.736	-0.43197
49.737	-0.46447
49.738	-0.450501
49.739	-0.386434
49.74	-0.293081
49.741	-0.204137
49.742	-0.156064
49.743	-0.189805
49.744	-0.344479
49.745	-0.618581
49.746	-0.940197
49.747	-1.201776
49.748	-1.325771
49.749	-1.295689
49.75	-1.144853
49.751	-0.929456
49.752	-0.706771
49.753	-0.523379
49.754	-0.406462
49.755	-0.356211
49.756	-0.347989
49.757	-0.34828
49.758	-0.333181
49.759	-0.297151
49.76	-0.250321
49.761	-0.204071
49.762	-0.153188
49.763	-0.07934
49.764	0.023703
49.765	0.141814
49.766	0.256646
49.767	0.352736
49.768	0.413554
49.769	0.425711
49.77	0.388173
49.771	0.314308
49.772	0.224693
49.773	0.137067
49.774	0.059625
49.775	-0.007915
49.776	-0.066483
49.777	-0.11312
49.778	-0.14517
49.779	-0.165491
49.78	-0.178294
49.781	-0.17419
49.782	-0.116552
49.783	0.04681
49.784	0.339534
49.785	0.723298
49.786	1.113579
49.787	1.419023
49.788	1.571848
49.789	1.547375
49.79	1.370189
49.791	1.103446
49.792	0.826784
49.793	0.609079
49.794	0.483675
49.795	0.439419
49.796	0.437394
49.797	0.441833
49.798	0.435519
49.799	0.410293
49.8	0.358681
49.801	0.282095
49.802	0.196632
49.803	0.119397
49.804	0.05011
49.805	-0.022186
49.806	-0.095895
49.807	-0.156173
49.808	-0.192802
49.809	-0.205579
49.81	-0.196635
49.811	-0.165093
49.812	-0.110311
49.813	-0.038109
49.814	0.039439
49.815	0.11049
49.816	0.168277
49.817	0.210448
49.818	0.236272
49.819	0.244594
49.82	0.232417
49.821	0.193779
49.822	0.116999
49.823	-0.020188
49.824	-0.242763
49.825	-0.54357
49.826	-0.85893
49.827	-1.100591
49.828	-1.210293
49.829	-1.180483
49.83	-1.041282
49.831	-0.841399
49.832	-0.635584
49.833	-0.472498
49.834	-0.378994
49.835	-0.350379
49.836	-0.356542
49.837	-0.360886
49.838	-0.339245
49.839	-0.288203
49.84	-0.221878
49.841	-0.164515
49.842	-0.143985
49.843	-0.188472
49.844	-0.319169
49.845	-0.525
49.846	-0.746905
49.847	-0.909459
49.848	-0.967887
49.849	-0.921455
49.85	-0.797392
49.851	-0.633153
49.852	-0.467466
49.853	-0.334195
49.854	-0.254602
49.855	-0.23026
49.856	-0.242988
49.857	-0.265142
49.858	-0.275313
49.859	-0.26848
49.86	-0.250842
49.861	-0.219989
49.862	-0.143773
49.863	0.03374
49.864	0.346212
49.865	0.763002
49.866	1.195779
49.867	1.537814
49.868	1.706772
49.869	1.676106
49.87	1.479787
49.871	1.190861
49.872	0.889967
49.873	0.637202
49.874	0.457794
49.875	0.345272
49.876	0.27618
49.877	0.227107
49.878	0.183885
49.879	0.139975
49.88	0.09341
49.881	0.052252
49.882	0.041537
49.883	0.0895
49.884	0.198011
49.885	0.337664
49.886	0.471064
49.887	0.567212
49.888	0.603485
49.889	0.571847
49.89	0.485564
49.891	0.380035
49.892	0.304976
49.893	0.303649
49.894	0.386423
49.895	0.520481
49.896	0.648757
49.897	0.722564
49.898	0.722103
49.899	0.655833
49.9	0.545511
49.901	0.410693
49.902	0.259855
49.903	0.081233
49.904	-0.152914
49.905	-0.445988
49.906	-0.744563
49.907	-0.968665
49.908	-1.066608
49.909	-1.034167
49.91	-0.901742
49.911	-0.718338
49.912	-0.540723
49.913	-0.419331
49.914	-0.378041
49.915	-0.401392
49.916	-0.443978
49.917	-0.458043
49.918	-0.419918
49.919	-0.338519
49.92	-0.245104
49.921	-0.177276
49.922	-0.170481
49.923	-0.258679
49.924	-0.464123
49.925	-0.764519
49.926	-1.079138
49.927	-1.309503
49.928	-1.39481
49.929	-1.330952
49.93	-1.154497
49.931	-0.918698
49.932	-0.678631
49.933	-0.48205
49.934	-0.356242
49.935	-0.297672
49.936	-0.278146
49.937	-0.264671
49.938	-0.238695
49.939	-0.204099
49.94	-0.177619
49.941	-0.163485
49.942	-0.133419
49.943	-0.038173
49.944	0.153121
49.945	0.422654
49.946	0.709876
49.947	0.94168
49.948	1.062681
49.949	1.054502
49.95	0.938445
49.951	0.761329
49.952	0.573286
49.953	0.409149
49.954	0.282169
49.955	0.190608
49.956	0.128219
49.957	0.088329
49.958	0.061569
49.959	0.034744
49.96	-0.001929
49.961	-0.036474
49.962	-0.022434
49.963	0.099881
49.964	0.35399
49.965	0.698609
49.966	1.04664
49.967	1.306092
49.968	1.414601
49.969	1.358766
49.97	1.174754
49.971	0.932364
49.972	0.710271
49.973	0.568701
49.974	0.526521
49.975	0.557266
49.976	0.61048
49.977	0.640854
49.978	0.624144
49.979	0.557021
49.98	0.450312
49.981	0.321
49.982	0.180936
49.983	0.023525
49.984	-0.172926
49.985	-0.410492
49.986	-0.645315
49.987	-0.814234
49.988	-0.880591
49.989	-0.847458
49.99	-0.7416
49.991	-0.595873
49.992	-0.441239
49.993	-0.303234
49.994	-0.198458
49.995	-0.132259
49.996	-0.099219
49.997	-0.086514
49.998	-0.080423
49.999	-0.073449
50.0	-0.066311
50.001	-0.068481
50.002	-0.103654
50.003	-0.211563
50.004	-0.426198
50.005	-0.731991
50.006	-1.049279
50.007	-1.28297
50.008	-1.38171
50.009	-1.346285
50.01	-1.200076
50.011	-0.967678
50.012	-0.67644
50.013	-0.362878
50.014	-0.069189
50.015	0.168569
50.016	0.331325
50.017	0.418568
50.018	0.440717
50.019	0.410552
50.02	0.341653
50.021	0.249477
50.022	0.143456
50.023	0.015018
50.024	-0.154703
50.025	-0.362645
50.026	-0.566607
50.027	-0.711915
50.028	-0.769659
50.029	-0.746415
50.03	-0.670393
50.031	-0.578232
50.032	-0.509444
50.033	-0.497076
50.034	-0.549856
50.035	-0.642451
50.036	-0.728091
50.037	-0.763411
50.038	-0.727708
50.039	-0.628821
50.04	-0.49487
50.041	-0.360609
50.042	-0.263698
50.043	-0.247351
50.044	-0.343306
50.045	-0.535392
50.046	-0.751816
50.047	-0.909545
50.048	-0.964033
50.049	-0.919537
50.05	-0.809891
50.051	-0.67735
50.052	-0.56106
50.053	-0.490961
50.054	-0.479544
50.055	-0.514857
50.056	-0.565504
50.057	-0.598144
50.058	-0.594413
50.059	-0.5549
50.06	-0.487577
50.061	-0.385173
50.062	-0.208063
50.063	0.097803
50.064	0.548453
50.065	1.087928
50.066	1.605327
50.067	1.979938
50.068	2.128087
50.069	2.032943
50.07	1.742445
50.071	1.341945
50.072	0.920327
50.073	0.543337
50.074	0.241536
50.075	0.016706
50.076	-0.140923
50.077	-0.241223
50.078	-0.293631
50.079	-0.308329
50.08	-0.29105
50.081	-0.232208
50.082	-0.101026
50.083	0.135531
50.084	0.474352
50.085	0.862183
50.086	1.218555
50.087	1.464661
50.088	1.546798
50.089	1.45497
50.09	1.226331
50.091	0.932213
50.092	0.655198
50.093	0.459484
50.094	0.365439
50.095	0.346828
50.096	0.354561
50.097	0.348853
50.098	0.316612
50.099	0.267018
50.1	0.216181
50.101	0.172762
50.102	0.127966
50.103	0.052744
50.104	-0.082758
50.105	-0.272097
50.106	-0.464842
50.107	-0.603904
50.108	-0.661158
50.109	-0.640919
50.11	-0.567117
50.111	-0.473957
50.112	-0.401079
50.113	-0.382747
50.114	-0.428503
50.115	-0.512964
50.116	-0.589338
50.117	-0.615457
50.118	-0.573348
50.119	-0.474036
50.12	-0.34947
50.121	-0.238904
50.122	-0.181572
50.123	-0.217474
50.124	-0.37117
50.125	-0.616355
50.126	-0.872579
50.127	-1.05284
50.128	-1.110977
50.129	-1.050904
50.13	-0.9102
50.131	-0.740348
50.132	-0.591786
50.133	-0.501576
50.134	-0.481049
50.135	-0.510456
50.136	-0.549494
50.137	-0.559537
50.138	-0.522492
50.139	-0.445071
50.14	-0.349267
50.141	-0.254367
50.142	-0.163339
50.143	-0.070343
50.144	0.023043
50.145	0.109468
50.146	0.184148
50.147	0.240967
50.148	0.269407
50.149	0.261542
50.15	0.218674
50.151	0.149694
50.152	0.064066
50.153	-0.031766
50.154	-0.132139
50.155	-0.228148
50.156	-0.305613
50.157	-0.349993
50.158	-0.356802
50.159	-0.335543
50.16	-0.297462
50.161	-0.232075
50.162	-0.09572
50.163	0.163079
50.164	0.55361
50.165	1.016418
50.166	1.445431
50.167	1.736131
50.168	1.826177
50.169	1.712562
50.17	1.444971
50.171	1.103416
50.172	0.77068
50.173	0.50758
50.174	0.337434
50.175	0.246654
50.176	0.202321
50.177	0.174531
50.178	0.147602
50.179	0.117227
50.18	0.086211
50.181	0.066127
50.182	0.070901
50.183	0.096945
50.184	0.119119
50.185	0.116772
50.186	0.093941
50.187	0.06718
50.188	0.044007
50.189	0.019398
50.19	-0.012125
50.191	-0.044412
50.192	-0.058876
50.193	-0.03788
50.194	0.018299
50.195	0.088671
50.196	0.146003
50.197	0.173427
50.198	0.170815
50.199	0.150022
50.2	0.123954
50.201	0.094984
50.202	0.04489
50.203	-0.064111
50.204	-0.260017
50.205	-0.520744
50.206	-0.774586
50.207	-0.947513
50.208	-1.004508
50.209	-0.95376
50.21	-0.830103
50.211	-0.680622
50.212	-0.555257
50.213	-0.492131
50.214	-0.499378
50.215	-0.549899
50.216	-0.596899
50.217	-0.599947
50.218	-0.544443
50.219	-0.444012
50.22	-0.328223
50.221	-0.228941
50.222	-0.176245
50.223	-0.198927
50.224	-0.311094
50.225	-0.486679
50.226	-0.661129
50.227	-0.771947
50.228	-0.793437
50.229	-0.736733
50.23	-0.631432
50.231	-0.512285
50.232	-0.414373
50.233	-0.36605
50.234	-0.376565
50.235	-0.42871
50.236	-0.486856
50.237	-0.516777
50.238	-0.503438
50.239	-0.454361
50.24	-0.383084
50.241	-0.281664
50.242	-0.107643
50.243	0.189609
50.244	0.617275
50.245	1.113095
50.246	1.567744
50.247	1.871969
50.248	1.959812
50.249	1.83038
50.25	1.53992
50.251	1.173095
50.252	0.810673
50.253	0.505167
50.254	0.274343
50.255	0.112928
50.256	0.007959
50.257	-0.052989
50.258	-0.080837
50.259	-0.086134
50.26	-0.075185
50.261	-0.039872
50.262	0.043343
50.263	0.189796
50.264	0.383187
50.265	0.58391
50.266	0.750103
50.267	0.846575
50.268	0.851261
50.269	0.765032
50.27	0.615113
50.271	0.448958
50.272	0.319598
50.273	0.263143
50.274	0.280091
50.275	0.337583
50.276	0.392871
50.277	0.417619
50.278	0.406072
50.279	0.368588
50.28	0.318921
50.281	0.262937
50.282	0.190905
50.283	0.074545
50.284	-0.11261
50.285	-0.354706
50.286	-0.587112
50.287	-0.741444
50.288	-0.788023
50.289	-0.740473
50.29	-0.638624
50.291	-0.531077
50.292	-0.461333
50.293	-0.454556
50.294	-0.508579
50.295	-0.595863
50.296	-0.675495
50.297	-0.709222
50.298	-0.675804
50.299	-0.577484
50.3	-0.437185
50.301	-0.293856
50.302	-0.201462
50.303	-0.221181
50.304	-0.386295
50.305	-0.658447
50.306	-0.935616
50.307	-1.116472
50.308	-1.155354
50.309	-1.069155
50.31	-0.911238
50.311	-0.740178
50.312	-0.600728
50.313	-0.517794
50.314	-0.495173
50.315	-0.51712
50.316	-0.555184
50.317	-0.578632
50.318	-0.565736
50.319	-0.511495
50.32	-0.423148
50.321	-0.302013
50.322	-0.130812
50.323	0.113459
50.324	0.43216
50.325	0.787504
50.326	1.108078
50.327	1.318895
50.328	1.376313
50.329	1.282997
50.33	1.078444
50.331	0.816095
50.332	0.542008
50.333	0.285533
50.334	0.062859
50.335	-0.114128
50.336	-0.233945
50.337	-0.290986
50.338	-0.2932
50.339	-0.261095
50.34	-0.212749
50.341	-0.138721
50.342	0.005732
50.343	0.265327
50.344	0.636017
50.345	1.052355
50.346	1.415332
50.347	1.635747
50.348	1.66869
50.349	1.524328
50.35	1.256902
50.351	0.942484
50.352	0.654629
50.353	0.443192
50.354	0.320817
50.355	0.26662
50.356	0.247727
50.357	0.23946
50.358	0.229991
50.359	0.215373
50.36	0.195546
50.361	0.172384
50.362	0.140696
50.363	0.07687
50.364	-0.046016
50.365	-0.219822
50.366	-0.393601
50.367	-0.512316
50.368	-0.553526
50.369	-0.529768
50.37	-0.470055
50.371	-0.40348
50.372	-0.352349
50.373	-0.32963
50.374	-0.336839
50.375	-0.363357
50.376	-0.389633
50.377	-0.394591
50.378	-0.364662
50.379	-0.29985
50.38	-0.212494
50.381	-0.125404
50.382	-0.077975
50.383	-0.123691
50.384	-0.29402
50.385	-0.554115
50.386	-0.811392
50.387	-0.976619
50.388	-1.013526
50.389	-0.941613
50.39	-0.81007
50.391	-0.671671
50.392	-0.56785
50.393	-0.52125
50.394	-0.531498
50.395	-0.576809
50.396	-0.624065
50.397	-0.641981
50.398	-0.611454
50.399	-0.530686
50.4	-0.41183
50.401	-0.271931
50.402	-0.130989
50.403	-0.017379
50.404	0.043224
50.405	0.053487
50.406	0.043857
50.407	0.041239
50.408	0.047964
50.409	0.048727
50.41	0.027586
50.411	-0.021697
50.412	-0.09524
50.413	-0.185612
50.414	-0.28673
50.415	-0.390692
50.416	-0.482952
50.417	-0.545165
50.418	-0.56332
50.419	-0.531127
50.42	-0.444057
50.421	-0.286558
50.422	-0.028382
50.423	0.348714
50.424	0.815223
50.425	1.294232
50.426	1.691272
50.427	1.924144
50.428	1.949542
50.429	1.778954
50.43	1.470568
50.431	1.10324
50.432	0.747852
50.433	0.448405
50.434	0.219381
50.435	0.058785
50.436	-0.034858
50.437	-0.062145
50.438	-0.039295
50.439	-0.002644
50.44	0.014759
50.441	0.016024
50.442	0.04809
50.443	0.164777
50.444	0.377385
50.445	0.643221
50.446	0.891088
50.447	1.054643
50.448	1.09975
50.449	1.035803
50.45	0.905697
50.451	0.762966
50.452	0.649904
50.453	0.585831
50.454	0.566661
50.455	0.573152
50.456	0.58272
50.457	0.576607
50.458	0.539576
50.459	0.461361
50.46	0.347464
50.461	0.230985
50.462	0.166438
50.463	0.19589
50.464	0.316047
50.465	0.483015
50.466	0.639884
50.467	0.738233
50.468	0.753345
50.469	0.69346
50.47	0.597049
50.471	0.519026
50.472	0.509991
50.473	0.592885
50.474	0.748279
50.475	0.921898
50.476	1.052116
50.477	1.098115
50.478	1.050503
50.479	0.923195
50.48	0.738792
50.481	0.51565
50.482	0.256115
50.483	-0.05582
50.484	-0.426219
50.485	-0.812242
50.486	-1.13035
50.487	-1.307898
50.488	-1.319769
50.489	-1.187234
50.49	-0.958531
50.491	-0.691221
50.492	-0.4392
50.493	-0.240881
50.494	-0.110993
50.495	-0.041177
50.496	-0.009183
50.497	0.008687
50.498	0.027228
50.499	0.047226
50.5	0.054693
50.501	0.022578
50.502	-0.08838
50.503	-0.321281
50.504	-0.684283
50.505	-1.109663
50.506	-1.476042
50.507	-1.680089
50.508	-1.684209
50.509	-1.513839
50.51	-1.230468
50.511	-0.904715
50.512	-0.596783
50.513	-0.347301
50.514	-0.174338
50.515	-0.070472
50.516	-0.007441
50.517	0.043853
50.518	0.092088
50.519	0.122818
50.52	0.113861
50.521	0.056678
50.522	-0.034731
50.523	-0.139235
50.524	-0.241972
50.525	-0.327143
50.526	-0.377736
50.527	-0.387653
50.528	-0.361624
50.529	-0.30538
50.53	-0.222699
50.531	-0.12074
50.532	-0.014586
50.533	0.076799
50.534	0.140578
50.535	0.176755
50.536	0.195679
50.537	0.206897
50.538	0.207526
50.539	0.183094
50.54	0.127528
50.541	0.070508
50.542	0.078472
50.543	0.209983
50.544	0.466008
50.545	0.784262
50.546	1.070601
50.547	1.241743
50.548	1.260869
50.549	1.147294
50.55	0.96015
50.551	0.771175
50.552	0.637807
50.553	0.584546
50.554	0.599822
50.555	0.649048
50.556	0.694272
50.557	0.708033
50.558	0.676238
50.559	0.593958
50.56	0.465445
50.561	0.31087
50.562	0.157426
50.563	0.01305
50.564	-0.131915
50.565	-0.273196
50.566	-0.386426
50.567	-0.450203
50.568	-0.459427
50.569	-0.420409
50.57	-0.340252
50.571	-0.220069
50.572	-0.058686
50.573	0.135063
50.574	0.335309
50.575	0.507625
50.576	0.624879
50.577	0.67526
50.578	0.659957
50.579	0.587187
50.58	0.466681
50.581	0.304831
50.582	0.094517
50.583	-0.188274
50.584	-0.549914
50.585	-0.936093
50.586	-1.249285
50.587	-1.411503
50.588	-1.402371
50.589	-1.252438
50.59	-1.016673
50.591	-0.752626
50.592	-0.509109
50.593	-0.318364
50.594	-0.190674
50.595	-0.116744
50.596	-0.076594
50.597	-0.050205
50.598	-0.027055
50.599	-0.009788
50.6	-0.009636
50.601	-0.042079
50.602	-0.130743
50.603	-0.304529
50.604	-0.566207
50.605	-0.860722
50.606	-1.097292
50.607	-1.207871
50.608	-1.178858
50.609	-1.040101
50.61	-0.837162
50.611	-0.612737
50.612	-0.403428
50.613	-0.239064
50.614	-0.134402
50.615	-0.08058
50.616	-0.052124
50.617	-0.028026
50.618	-0.007718
50.619	-0.007124
50.62	-0.032195
50.621	-0.048513
50.622	0.015773
50.623	0.219789
50.624	0.556831
50.625	0.949855
50.626	1.290123
50.627	1.486172
50.628	1.500219
50.629	1.357082
50.63	1.124278
50.631	0.878304
50.632	0.675874
50.633	0.540312
50.634	0.465484
50.635	0.431032
50.636	0.415418
50.637	0.400019
50.638	0.368341
50.639	0.308341
50.64	0.222478
50.641	0.138739
50.642	0.100241
50.643	0.128602
50.644	0.2063
50.645	0.299123
50.646	0.376427
50.647	0.413759
50.648	0.399602
50.649	0.345027
50.65	0.282741
50.651	0.255141
50.652	0.296657
50.653	0.415058
50.654	0.582512
50.655	0.747269
50.656	0.860266
50.657	0.895299
50.658	0.850592
50.659	0.74019
50.66	0.583319
50.661	0.393523
50.662	0.169062
50.663	-0.106807
50.664	-0.436486
50.665	-0.773384
50.666	-1.038315
50.667	-1.171986
50.668	-1.16224
50.669	-1.034793
50.67	-0.835311
50.671	-0.617935
50.672	-0.433663
50.673	-0.314224
50.674	-0.262116
50.675	-0.255165
50.676	-0.26057
50.677	-0.250591
50.678	-0.214496
50.679	-0.161523
50.68	-0.115713
50.681	-0.110981
50.682	-0.190118
50.683	-0.39298
50.684	-0.71711
50.685	-1.086825
50.686	-1.386693
50.687	-1.531014
50.688	-1.4988
50.689	-1.323034
50.69	-1.062821
50.691	-0.778891
50.692	-0.519824
50.693	-0.317096
50.694	-0.183092
50.695	-0.111238
50.696	-0.082178
50.697	-0.074654
50.698	-0.075022
50.699	-0.080197
50.7	-0.088377
50.701	-0.080366
50.702	-0.017675
50.703	0.126932
50.704	0.342996
50.705	0.587947
50.706	0.804018
50.707	0.937352
50.708	0.960645
50.709	0.883696
50.71	0.744991
50.711	0.591656
50.712	0.457351
50.713	0.352154
50.714	0.272218
50.715	0.21498
50.716	0.181755
50.717	0.168626
50.718	0.159636
50.719	0.13318
50.72	0.083103
50.721	0.044009
50.722	0.085523
50.723	0.258379
50.724	0.547407
50.725	0.877697
50.726	1.151974
50.727	1.292932
50.728	1.275014
50.729	1.128895
50.73	0.921745
50.731	0.72836
50.732	0.604155
50.733	0.568325
50.734	0.602538
50.735	0.665762
50.736	0.717216
50.737	0.730885
50.738	0.694913
50.739	0.606007
50.74	0.468771
50.741	0.296486
50.742	0.099412
50.743	-0.128796
50.744	-0.391025
50.745	-0.653072
50.746	-0.854725
50.747	-0.952277
50.748	-0.939053
50.749	-0.836087
50.75	-0.674668
50.751	-0.486562
50.752	-0.30214
50.753	-0.14653
50.754	-0.032556
50.755	0.042033
50.756	0.089174
50.757	0.120433
50.758	0.138653
50.759	0.136225
50.76	0.101857
50.761	0.024508
50.762	-0.116402
50.763	-0.349277
50.764	-0.671074
50.765	-1.01498
50.766	-1.281994
50.767	-1.403178
50.768	-1.367374
50.769	-1.207817
50.77	-0.976402
50.771	-0.726033
50.772	-0.502119
50.773	-0.334708
50.774	-0.230789
50.775	-0.17519
50.776	-0.143657
50.777	-0.118338
50.778	-0.095327
50.779	-0.082585
50.78	-0.088596
50.781	-0.110914
50.782	-0.142303
50.783	-0.185756
50.784	-0.245611
50.785	-0.306432
50.786	-0.341541
50.787	-0.338904
50.788	-0.306374
50.789	-0.25758
50.79	-0.200623
50.791	-0.138526
50.792	-0.075362
50.793	-0.019861
50.794	0.017749
50.795	0.032778
50.796	0.028274
50.797	0.009108
50.798	-0.024198
50.799	-0.070352
50.8	-0.111354
50.801	-0.100437
50.802	0.023793
50.803	0.290581
50.804	0.66209
50.805	1.050376
50.806	1.358404
50.807	1.512808
50.808	1.487927
50.809	1.314589
50.81	1.065313
50.811	0.821898
50.812	0.641834
50.813	0.542916
50.814	0.510713
50.815	0.515748
50.816	0.52824
50.817	0.52473
50.818	0.487308
50.819	0.405973
50.82	0.287592
50.821	0.157444
50.822	0.042248
50.823	-0.05131
50.824	-0.132354
50.825	-0.202885
50.826	-0.255085
50.827	-0.284843
50.828	-0.292731
50.829	-0.27558
50.83	-0.223694
50.831	-0.126939
50.832	0.015379
50.833	0.188499
50.834	0.364621
50.835	0.512711
50.836	0.609121
50.837	0.642845
50.838	0.614442
50.839	0.530981
50.84	0.40074
50.841	0.228757
50.842	0.010308
50.843	-0.266649
50.844	-0.592451
50.845	-0.911494
50.846	-1.148107
50.847	-1.253442
50.848	-1.221649
50.849	-1.078062
50.85	-0.865578
50.851	-0.635706
50.852	-0.436578
50.853	-0.297859
50.854	-0.221733
50.855	-0.186834
50.856	-0.163774
50.857	-0.132976
50.858	-0.094048
50.859	-0.063516
50.86	-0.066717
50.861	-0.128307
50.862	-0.265088
50.863	-0.477744
50.864	-0.732415
50.865	-0.958222
50.866	-1.086835
50.867	-1.094607
50.868	-1.004151
50.869	-0.85852
50.87	-0.699641
50.871	-0.561955
50.872	-0.470883
50.873	-0.437096
50.874	-0.451459
50.875	-0.48817
50.876	-0.516276
50.877	-0.512982
50.878	-0.471182
50.879	-0.398641
50.88	-0.314284
50.881	-0.247991
50.882	-0.24266
50.883	-0.341324
50.884	-0.545983
50.885	-0.792196
50.886	-0.987564
50.887	-1.072963
50.888	-1.043619
50.889	-0.931176
50.89	-0.779842
50.891	-0.631942
50.892	-0.51898
50.893	-0.455848
50.894	-0.439819
50.895	-0.453886
50.896	-0.47359
50.897	-0.476978
50.898	-0.453288
50.899	-0.4031
50.9	-0.330889
50.901	-0.238006
50.902	-0.12566
50.903	-0.005479
50.904	0.104585
50.905	0.195599
50.906	0.264345
50.907	0.300666
50.908	0.293783
50.909	0.247887
50.91	0.181354
50.911	0.109598
50.912	0.034048
50.913	-0.049914
50.914	-0.138156
50.915	-0.214273
50.916	-0.259718
50.917	-0.267559
50.918	-0.248528
50.919	-0.221057
50.92	-0.185614
50.921	-0.103169
50.922	0.08914
50.923	0.424279
50.924	0.864792
50.925	1.312643
50.926	1.652333
50.927	1.799598
50.928	1.73466
50.929	1.502609
50.93	1.186455
50.931	0.872519
50.932	0.621747
50.933	0.456227
50.934	0.364921
50.935	0.321209
50.936	0.298891
50.937	0.279541
50.938	0.252695
50.939	0.21362
50.94	0.165377
50.941	0.122486
50.942	0.098857
50.943	0.088457
50.944	0.07423
50.945	0.052333
50.946	0.030349
50.947	0.011571
50.948	-0.006278
50.949	-0.023516
50.95	-0.034516
50.951	-0.029476
50.952	-0.001195
50.953	0.047094
50.954	0.101155
50.955	0.145232
50.956	0.171931
50.957	0.182316
50.958	0.179421
50.959	0.163537
50.96	0.130494
50.961	0.069405
50.962	-0.042526
50.963	-0.231675
50.964	-0.491488
50.965	-0.760489
50.966	-0.957039
50.967	-1.032136
50.968	-0.987527
50.969	-0.860474
50.97	-0.700422
50.971	-0.552983
50.972	-0.451006
50.973	-0.406964
50.974	-0.410157
50.975	-0.433924
50.976	-0.44824
50.977	-0.431866
50.978	-0.380773
50.979	-0.308368
50.98	-0.237694
50.981	-0.195665
50.982	-0.214056
50.983	-0.318696
50.984	-0.498374
50.985	-0.692459
50.986	-0.826789
50.987	-0.860999
50.988	-0.801882
50.989	-0.685222
50.99	-0.550946
50.991	-0.42947
50.992	-0.340966
50.993	-0.296225
50.994	-0.293596
50.995	-0.317858
50.996	-0.346906
50.997	-0.3631
50.998	-0.360628
50.999	-0.340903
51.0	-0.292261
51.001	-0.17274
51.002	0.071385
51.003	0.456165
51.004	0.928791
51.005	1.385235
51.006	1.716583
51.007	1.851739
51.008	1.780006
51.009	1.547699
51.01	1.232334
51.011	0.90983
51.012	0.632105
51.013	0.420817
51.014	0.274839
51.015	0.183847
51.016	0.135468
51.017	0.113738
51.018	0.098494
51.019	0.073806
51.02	0.045146
51.021	0.048327
51.022	0.126834
51.023	0.290129
51.024	0.501071
51.025	0.701881
51.026	0.84077
51.027	0.884877
51.028	0.829472
51.029	0.701288
51.03	0.550015
51.031	0.430476
51.032	0.381325
51.033	0.408345
51.034	0.483924
51.035	0.564918
51.036	0.615308
51.037	0.617525
51.038	0.570127
51.039	0.482482
51.04	0.368471
51.041	0.2336
51.042	0.064221
51.043	-0.159961
51.044	-0.429758
51.045	-0.689865
51.046	-0.871413
51.047	-0.936644
51.048	-0.891068
51.049	-0.76815
51.05	-0.612783
51.051	-0.47238
51.052	-0.386059
51.053	-0.368506
51.054	-0.402704
51.055	-0.451384
51.056	-0.477121
51.057	-0.458016
51.058	-0.394431
51.059	-0.305753
51.06	-0.222636
51.061	-0.185244
51.062	-0.242122
51.063	-0.425938
51.064	-0.711505
51.065	-1.009589
51.066	-1.219039
51.067	-1.284237
51.068	-1.208635
51.069	-1.034168
51.07	-0.815709
51.071	-0.603648
51.072	-0.434554
51.073	-0.32613
51.074	-0.275527
51.075	-0.263634
51.076	-0.266093
51.077	-0.265029
51.078	-0.253868
51.079	-0.233064
51.08	-0.19734
51.081	-0.122905
51.082	0.023428
51.083	0.253004
51.084	0.538338
51.085	0.823815
51.086	1.044791
51.087	1.149951
51.088	1.122518
51.089	0.984719
51.09	0.783997
51.091	0.572421
51.092	0.388459
51.093	0.246702
51.094	0.141041
51.095	0.058836
51.096	-0.007501
51.097	-0.06002
51.098	-0.099416
51.099	-0.123297
51.1	-0.116007
51.101	-0.040638
51.102	0.143282
51.103	0.439582
51.104	0.798202
51.105	1.136638
51.106	1.372282
51.107	1.451909
51.108	1.372178
51.109	1.178275
51.11	0.941974
51.111	0.732512
51.112	0.592805
51.113	0.530307
51.114	0.52421
51.115	0.541994
51.116	0.555746
51.117	0.549123
51.118	0.513917
51.119	0.445527
51.12	0.343842
51.121	0.212564
51.122	0.049359
51.123	-0.153583
51.124	-0.384353
51.125	-0.598426
51.126	-0.744219
51.127	-0.79464
51.128	-0.753725
51.129	-0.644858
51.13	-0.496982
51.131	-0.337306
51.132	-0.189664
51.133	-0.07146
51.134	0.011085
51.135	0.063547
51.136	0.097919
51.137	0.12397
51.138	0.142179
51.139	0.142418
51.14	0.10935
51.141	0.024351
51.142	-0.139402
51.143	-0.400508
51.144	-0.729524
51.145	-1.042587
51.146	-1.249687
51.147	-1.304849
51.148	-1.216812
51.149	-1.030544
51.15	-0.803883
51.151	-0.590994
51.152	-0.431292
51.153	-0.340354
51.154	-0.306719
51.155	-0.299944
51.156	-0.288289
51.157	-0.255089
51.158	-0.203814
51.159	-0.151974
51.16	-0.117803
51.161	-0.111375
51.162	-0.140295
51.163	-0.211247
51.164	-0.312683
51.165	-0.408237
51.166	-0.460481
51.167	-0.455813
51.168	-0.405301
51.169	-0.330022
51.17	-0.249021
51.171	-0.176703
51.172	-0.124026
51.173	-0.097934
51.174	-0.098126
51.175	-0.114672
51.176	-0.132949
51.177	-0.144459
51.178	-0.151908
51.179	-0.158175
51.18	-0.144405
51.181	-0.061492
51.182	0.143474
51.183	0.47977
51.184	0.890476
51.185	1.277291
51.186	1.545909
51.187	1.639874
51.188	1.554754
51.189	1.33411
51.19	1.051283
51.191	0.784195
51.192	0.589033
51.193	0.482029
51.194	0.440853
51.195	0.425065
51.196	0.401026
51.197	0.354543
51.198	0.28715
51.199	0.2098
51.2	0.14201
51.201	0.103195
51.202	0.09369
51.203	0.09305
51.204	0.08459
51.205	0.06994
51.206	0.055889
51.207	0.042445
51.208	0.028487
51.209	0.020403
51.21	0.032416
51.211	0.07884
51.212	0.163243
51.213	0.273366
51.214	0.386504
51.215	0.479727
51.216	0.536777
51.217	0.549901
51.218	0.518739
51.219	0.447328
51.22	0.338981
51.221	0.187835
51.222	-0.025741
51.223	-0.315268
51.224	-0.650674
51.225	-0.954767
51.226	-1.149136
51.227	-1.197843
51.228	-1.112793
51.229	-0.935635
51.23	-0.720642
51.231	-0.522924
51.232	-0.383801
51.233	-0.316177
51.234	-0.302671
51.235	-0.308817
51.236	-0.302095
51.237	-0.266528
51.238	-0.206439
51.239	-0.141183
51.24	-0.100045
51.241	-0.121075
51.242	-0.244687
51.243	-0.486764
51.244	-0.803973
51.245	-1.100509
51.246	-1.283817
51.247	-1.31268
51.248	-1.201595
51.249	-0.997265
51.25	-0.755224
51.251	-0.52644
51.252	-0.348196
51.253	-0.236776
51.254	-0.186012
51.255	-0.174263
51.256	-0.176643
51.257	-0.176613
51.258	-0.170605
51.259	-0.15933
51.26	-0.127632
51.261	-0.03236
51.262	0.175863
51.263	0.507672
51.264	0.912534
51.265	1.297421
51.266	1.566934
51.267	1.661441
51.268	1.576551
51.269	1.357323
51.27	1.075656
51.271	0.802987
51.272	0.586434
51.273	0.438667
51.274	0.345612
51.275	0.282982
51.276	0.230962
51.277	0.180298
51.278	0.129929
51.279	0.084553
51.28	0.060162
51.281	0.085976
51.282	0.183119
51.283	0.341304
51.284	0.525424
51.285	0.693143
51.286	0.803323
51.287	0.828821
51.288	0.770967
51.289	0.655829
51.29	0.513446
51.291	0.359466
51.292	0.19432
51.293	0.018965
51.294	-0.150598
51.295	-0.28685
51.296	-0.367155
51.297	-0.386824
51.298	-0.359412
51.299	-0.301206
51.3	-0.205783
51.301	-0.034439
51.302	0.252702
51.303	0.650419
51.304	1.095737
51.305	1.492403
51.306	1.74798
51.307	1.808407
51.308	1.676479
51.309	1.405157
51.31	1.073134
51.311	0.756137
51.312	0.50359
51.313	0.329912
51.314	0.22358
51.315	0.163913
51.316	0.132617
51.317	0.11726
51.318	0.11105
51.319	0.11161
51.32	0.120804
51.321	0.141202
51.322	0.163552
51.323	0.166354
51.324	0.140149
51.325	0.099351
51.326	0.062913
51.327	0.036762
51.328	0.016637
51.329	-0.002156
51.33	-0.020386
51.331	-0.036504
51.332	-0.049669
51.333	-0.061074
51.334	-0.072322
51.335	-0.081461
51.336	-0.081537
51.337	-0.065217
51.338	-0.031117
51.339	0.013097
51.34	0.049102
51.341	0.044618
51.342	-0.043534
51.343	-0.240212
51.344	-0.512213
51.345	-0.774183
51.346	-0.943504
51.347	-0.985084
51.348	-0.915171
51.349	-0.780353
51.35	-0.634628
51.351	-0.52394
51.352	-0.475328
51.353	-0.488526
51.354	-0.537315
51.355	-0.583668
51.356	-0.594224
51.357	-0.551188
51.358	-0.457494
51.359	-0.335085
51.36	-0.217474
51.361	-0.144937
51.362	-0.159751
51.363	-0.280903
51.364	-0.472954
51.365	-0.658212
51.366	-0.767405
51.367	-0.77577
51.368	-0.70216
51.369	-0.587518
51.37	-0.473006
51.371	-0.38852
51.372	-0.35076
51.373	-0.361971
51.374	-0.407885
51.375	-0.461739
51.376	-0.495898
51.377	-0.4941
51.378	-0.455488
51.379	-0.384324
51.38	-0.26689
51.381	-0.061587
51.382	0.270366
51.383	0.71925
51.384	1.213012
51.385	1.643022
51.386	1.909758
51.387	1.961612
51.388	1.806971
51.389	1.502194
51.39	1.1277
51.391	0.761259
51.392	0.456227
51.393	0.231939
51.394	0.082377
51.395	-0.004822
51.396	-0.040584
51.397	-0.040176
51.398	-0.025098
51.399	-0.011527
51.4	0.008778
51.401	0.069924
51.402	0.199147
51.403	0.384632
51.404	0.581998
51.405	0.741152
51.406	0.82422
51.407	0.814339
51.408	0.720374
51.409	0.575576
51.41	0.427792
51.411	0.322735
51.412	0.286216
51.413	0.313775
51.414	0.37617
51.415	0.438078
51.416	0.474769
51.417	0.475982
51.418	0.441042
51.419	0.37592
51.42	0.290176
51.421	0.182829
51.422	0.031866
51.423	-0.181521
51.424	-0.433255
51.425	-0.658823
51.426	-0.797949
51.427	-0.829091
51.428	-0.769757
51.429	-0.658871
51.43	-0.541939
51.431	-0.461851
51.432	-0.446383
51.433	-0.493564
51.434	-0.570245
51.435	-0.630611
51.436	-0.639627
51.437	-0.585976
51.438	-0.482886
51.439	-0.359568
51.44	-0.251284
51.441	-0.200238
51.442	-0.254572
51.443	-0.435349
51.444	-0.696786
51.445	-0.942743
51.446	-1.089351
51.447	-1.106859
51.448	-1.015854
51.449	-0.862213
51.45	-0.696036
51.451	-0.56016
51.452	-0.482507
51.453	-0.46825
51.454	-0.497092
51.455	-0.533484
51.456	-0.546028
51.457	-0.521879
51.458	-0.465808
51.459	-0.385546
51.46	-0.272748
51.461	-0.09799
51.462	0.163569
51.463	0.499401
51.464	0.857695
51.465	1.168051
51.466	1.363468
51.467	1.40354
51.468	1.290447
51.469	1.065164
51.47	0.787802
51.471	0.514272
51.472	0.279893
51.473	0.095749
51.474	-0.042497
51.475	-0.141449
51.476	-0.204485
51.477	-0.23549
51.478	-0.240044
51.479	-0.215985
51.48	-0.140495
51.481	0.025957
51.482	0.306236
51.483	0.674133
51.484	1.060352
51.485	1.381141
51.486	1.564073
51.487	1.570938
51.488	1.411769
51.489	1.141047
51.49	0.839599
51.491	0.587177
51.492	0.431686
51.493	0.371905
51.494	0.368043
51.495	0.371709
51.496	0.353065
51.497	0.309315
51.498	0.254844
51.499	0.205641
51.5	0.167796
51.501	0.127626
51.502	0.048976
51.503	-0.097658
51.504	-0.293095
51.505	-0.475261
51.506	-0.58813
51.507	-0.614786
51.508	-0.574025
51.509	-0.500626
51.51	-0.428964
51.511	-0.385715
51.512	-0.387322
51.513	-0.43357
51.514	-0.50052
51.515	-0.548274
51.516	-0.543467
51.517	-0.477642
51.518	-0.369099
51.519	-0.2522
51.52	-0.164187
51.521	-0.141796
51.522	-0.222074
51.523	-0.416531
51.524	-0.676967
51.525	-0.913624
51.526	-1.052415
51.527	-1.067907
51.528	-0.9779
51.529	-0.824715
51.53	-0.659858
51.531	-0.531702
51.532	-0.47106
51.533	-0.477954
51.534	-0.521472
51.535	-0.556782
51.536	-0.549029
51.537	-0.489207
51.538	-0.393438
51.539	-0.288474
51.54	-0.192665
51.541	-0.109663
51.542	-0.041631
51.543	0.00552
51.544	0.034701
51.545	0.056932
51.546	0.075916
51.547	0.085157
51.548	0.077603
51.549	0.052211
51.55	0.011499
51.551	-0.044522
51.552	-0.117351
51.553	-0.202636
51.554	-0.286354
51.555	-0.348411
51.556	-0.372969
51.557	-0.359381
51.558	-0.321402
51.559	-0.267378
51.56	-0.173398
51.561	0.016027
51.562	0.343027
51.563	0.788316
51.564	1.266946
51.565	1.664139
51.566	1.884005
51.567	1.885822
51.568	1.692107
51.569	1.372003
51.57	1.012722
51.571	0.690598
51.572	0.450414
51.573	0.299045
51.574	0.215633
51.575	0.170961
51.576	0.142848
51.577	0.119901
51.578	0.097438
51.579	0.077691
51.58	0.074751
51.581	0.102882
51.582	0.150905
51.583	0.187231
51.584	0.195068
51.585	0.18216
51.586	0.159458
51.587	0.127894
51.588	0.084301
51.589	0.033119
51.59	-0.00798
51.591	-0.014761
51.592	0.025869
51.593	0.101986
51.594	0.183033
51.595	0.240227
51.596	0.260778
51.597	0.248346
51.598	0.216005
51.599	0.177779
51.6	0.138644
51.601	0.081178
51.602	-0.034971
51.603	-0.235288
51.604	-0.485509
51.605	-0.705674
51.606	-0.830033
51.607	-0.843682
51.608	-0.774821
51.609	-0.668745
51.61	-0.567828
51.611	-0.501809
51.612	-0.4827
51.613	-0.50426
51.614	-0.54685
51.615	-0.583752
51.616	-0.588414
51.617	-0.544084
51.618	-0.452494
51.619	-0.336098
51.62	-0.230832
51.621	-0.174462
51.622	-0.196423
51.623	-0.300016
51.624	-0.446247
51.625	-0.573374
51.626	-0.63863
51.627	-0.635512
51.628	-0.581797
51.629	-0.503297
51.63	-0.4278
51.631	-0.383846
51.632	-0.391703
51.633	-0.448866
51.634	-0.526588
51.635	-0.585401
51.636	-0.598023
51.637	-0.562417
51.638	-0.495406
51.639	-0.406941
51.64	-0.271248
51.641	-0.029281
51.642	0.361145
51.643	0.873653
51.644	1.412592
51.645	1.853132
51.646	2.091141
51.647	2.082837
51.648	1.855783
51.649	1.488352
51.65	1.0742
51.651	0.690062
51.652	0.377372
51.653	0.144398
51.654	-0.016853
51.655	-0.117073
51.656	-0.167295
51.657	-0.180983
51.658	-0.171482
51.659	-0.141688
51.66	-0.072602
51.661	0.067277
51.662	0.285114
51.663	0.545429
51.664	0.793501
51.665	0.97803
51.666	1.058131
51.667	1.01518
51.668	0.864412
51.669	0.652716
51.67	0.443823
51.671	0.295326
51.672	0.234238
51.673	0.246529
51.674	0.290987
51.675	0.32702
51.676	0.333937
51.677	0.311527
51.678	0.270826
51.679	0.224493
51.68	0.178875
51.681	0.124415
51.682	0.032267
51.683	-0.118195
51.684	-0.302425
51.685	-0.462676
51.686	-0.555599
51.687	-0.575351
51.688	-0.543285
51.689	-0.49158
51.69	-0.45432
51.691	-0.460514
51.692	-0.522479
51.693	-0.62674
51.694	-0.738214
51.695	-0.815219
51.696	-0.826213
51.697	-0.761638
51.698	-0.63558
51.699	-0.478036
51.7	-0.328108
51.701	-0.235545
51.702	-0.252784
51.703	-0.395392
51.704	-0.609141
51.705	-0.800938
51.706	-0.902977
51.707	-0.901928
51.708	-0.826066
51.709	-0.719229
51.71	-0.621242
51.711	-0.560728
51.712	-0.553261
51.713	-0.596065
51.714	-0.66257
51.715	-0.709037
51.716	-0.698058
51.717	-0.622442
51.718	-0.50725
51.719	-0.393039
51.72	-0.322669
51.721	-0.341133
51.722	-0.488731
51.723	-0.764679
51.724	-1.096572
51.725	-1.3737
51.726	-1.514035
51.727	-1.492992
51.728	-1.329697
51.729	-1.066858
51.73	-0.759454
51.731	-0.464452
51.732	-0.224631
51.733	-0.054783
51.734	0.05689
51.735	0.132353
51.736	0.185985
51.737	0.216766
51.738	0.210928
51.739	0.151871
51.74	0.031361
51.741	-0.149974
51.742	-0.388659
51.743	-0.665559
51.744	-0.928965
51.745	-1.115025
51.746	-1.185524
51.747	-1.138385
51.748	-0.994352
51.749	-0.784115
51.75	-0.542654
51.751	-0.305696
51.752	-0.104409
51.753	0.04282
51.754	0.135837
51.755	0.187169
51.756	0.207937
51.757	0.197808
51.758	0.1497
51.759	0.070307
51.76	0.005113
51.761	0.032927
51.762	0.211408
51.763	0.526816
51.764	0.897664
51.765	1.214197
51.766	1.386598
51.767	1.382562
51.768	1.233407
51.769	1.011414
51.77	0.796824
51.771	0.648297
51.772	0.58601
51.773	0.592215
51.774	0.627477
51.775	0.652945
51.776	0.643441
51.777	0.586745
51.778	0.480564
51.779	0.337876
51.78	0.195811
51.781	0.103093
51.782	0.08261
51.783	0.116582
51.784	0.171582
51.785	0.220011
51.786	0.242461
51.787	0.230628
51.788	0.193668
51.789	0.160536
51.79	0.17299
51.791	0.265952
51.792	0.442999
51.793	0.665803
51.794	0.870821
51.795	1.001949
51.796	1.03256
51.797	0.964939
51.798	0.817179
51.799	0.613234
51.8	0.374847
51.801	0.104944
51.802	-0.214971
51.803	-0.584952
51.804	-0.94855
51.805	-1.218457
51.806	-1.335434
51.807	-1.295077
51.808	-1.134945
51.809	-0.908878
51.81	-0.668869
51.811	-0.458795
51.812	-0.30914
51.813	-0.224842
51.814	-0.180674
51.815	-0.140434
51.816	-0.084199
51.817	-0.019079
51.818	0.027616
51.819	0.024298
51.82	-0.052831
51.821	-0.223531
51.822	-0.502097
51.823	-0.865946
51.824	-1.23442
51.825	-1.50536
51.826	-1.612931
51.827	-1.549064
51.828	-1.348016
51.829	-1.063348
51.83	-0.753704
51.831	-0.473616
51.832	-0.261247
51.833	-0.126182
51.834	-0.05003
51.835	-0.004309
51.836	0.02755
51.837	0.041392
51.838	0.024343
51.839	-0.018784
51.84	-0.04478
51.841	0.016509
51.842	0.213002
51.843	0.52665
51.844	0.879031
51.845	1.17193
51.846	1.329171
51.847	1.324516
51.848	1.186008
51.849	0.976272
51.85	0.762059
51.851	0.589464
51.852	0.475118
51.853	0.4119
51.854	0.380643
51.855	0.361005
51.856	0.336162
51.857	0.291382
51.858	0.218301
51.859	0.130673
51.86	0.074159
51.861	0.107016
51.862	0.256325
51.863	0.492602
51.864	0.748066
51.865	0.949943
51.866	1.044856
51.867	1.016109
51.868	0.889486
51.869	0.723483
51.87	0.5882
51.871	0.537887
51.872	0.586646
51.873	0.702529
51.874	0.826453
51.875	0.902895
51.876	0.902236
51.877	0.824363
51.878	0.687827
51.879	0.51539
51.88	0.321189
51.881	0.100294
51.882	-0.165982
51.883	-0.475199
51.884	-0.776108
51.885	-0.995108
51.886	-1.085965
51.887	-1.04784
51.888	-0.911394
51.889	-0.719741
51.89	-0.516902
51.891	-0.339945
51.892	-0.211509
51.893	-0.136152
51.894	-0.102575
51.895	-0.090627
51.896	-0.081053
51.897	-0.063829
51.898	-0.041622
51.899	-0.030915
51.9	-0.062552
51.901	-0.179136
51.902	-0.416528
51.903	-0.7609
51.904	-1.126546
51.905	-1.400418
51.906	-1.509685
51.907	-1.446709
51.908	-1.250502
51.909	-0.979657
51.91	-0.695687
51.911	-0.451743
51.912	-0.279611
51.913	-0.180269
51.914	-0.128672
51.915	-0.092094
51.916	-0.050168
51.917	-0.005118
51.918	0.023705
51.919	0.016666
51.92	-0.029839
51.921	-0.102357
51.922	-0.184151
51.923	-0.260922
51.924	-0.316283
51.925	-0.337553
51.926	-0.32493
51.927	-0.286496
51.928	-0.228329
51.929	-0.15372
51.93	-0.069634
51.931	0.0097
51.932	0.06888
51.933	0.101481
51.934	0.113286
51.935	0.115962
51.936	0.116046
51.937	0.107797
51.938	0.079405
51.939	0.036008
51.94	0.021671
51.941	0.104704
51.942	0.324896
51.943	0.65458
51.944	1.008431
51.945	1.284599
51.946	1.409853
51.947	1.367854
51.948	1.197693
51.949	0.970857
51.95	0.762119
51.951	0.62334
51.952	0.56834
51.953	0.575804
51.954	0.607649
51.955	0.629203
51.956	0.619134
51.957	0.568766
51.958	0.477579
51.959	0.354257
51.96	0.22012
51.961	0.095356
51.962	-0.020547
51.963	-0.13648
51.964	-0.243398
51.965	-0.319321
51.966	-0.35142
51.967	-0.341555
51.968	-0.297444
51.969	-0.223744
51.97	-0.119803
51.971	0.014021
51.972	0.166281
51.973	0.312545
51.974	0.426594
51.975	0.493137
51.976	0.509946
51.977	0.481775
51.978	0.414596
51.979	0.312181
51.98	0.170241
51.981	-0.031205
51.982	-0.315683
51.983	-0.668663
51.984	-1.015703
51.985	-1.261707
51.986	-1.349504
51.987	-1.281119
51.988	-1.100397
51.989	-0.864921
51.99	-0.627359
51.991	-0.427036
51.992	-0.284147
51.993	-0.197817
51.994	-0.152206
51.995	-0.126592
51.996	-0.10413
51.997	-0.078854
51.998	-0.057611
51.999	-0.055001
52.0	-0.091686
52.001	-0.197498
52.002	-0.396166
52.003	-0.668661
52.004	-0.941162
52.005	-1.126529
52.006	-1.177115
52.007	-1.098696
52.008	-0.928678
52.009	-0.710582
52.01	-0.48638
52.011	-0.297387
52.012	-0.172431
52.013	-0.111391
52.014	-0.087999
52.015	-0.072196
52.016	-0.051169
52.017	-0.033895
52.018	-0.036586
52.019	-0.053535
52.02	-0.036155
52.021	0.08717
52.022	0.354842
52.023	0.731665
52.024	1.121746
52.025	1.41719
52.026	1.545884
52.027	1.495999
52.028	1.311175
52.029	1.064279
52.03	0.82594
52.031	0.642251
52.032	0.526889
52.033	0.467591
52.034	0.441227
52.035	0.425691
52.036	0.402861
52.037	0.35826
52.038	0.286054
52.039	0.199029
52.04	0.131158
52.041	0.118027
52.042	0.166135
52.043	0.249368
52.044	0.333706
52.045	0.392741
52.046	0.409345
52.047	0.380747
52.048	0.324253
52.049	0.273843
52.05	0.267482
52.051	0.329759
52.052	0.456557
52.053	0.612907
52.054	0.749306
52.055	0.826349
52.056	0.828971
52.057	0.763034
52.058	0.644912
52.059	0.490632
52.06	0.30349
52.061	0.068002
52.062	-0.233176
52.063	-0.581766
52.064	-0.909379
52.065	-1.134198
52.066	-1.209839
52.067	-1.140183
52.068	-0.964064
52.069	-0.736476
52.07	-0.51558
52.071	-0.348208
52.072	-0.25441
52.073	-0.223564
52.074	-0.225878
52.075	-0.229034
52.076	-0.211167
52.077	-0.167949
52.078	-0.113151
52.079	-0.074996
52.08	-0.094173
52.081	-0.219102
52.082	-0.478713
52.083	-0.839723
52.084	-1.201634
52.085	-1.451675
52.086	-1.526205
52.087	-1.427505
52.088	-1.203797
52.089	-0.920934
52.09	-0.639914
52.091	-0.40441
52.092	-0.237029
52.093	-0.139791
52.094	-0.097707
52.095	-0.087506
52.096	-0.0888
52.097	-0.090775
52.098	-0.090873
52.099	-0.083691
52.1	-0.047252
52.101	0.049963
52.102	0.21995
52.103	0.44
52.104	0.663328
52.105	0.836187
52.106	0.917916
52.107	0.900399
52.108	0.809693
52.109	0.687053
52.11	0.566091
52.111	0.462653
52.112	0.379247
52.113	0.314563
52.114	0.268943
52.115	0.242239
52.116	0.227127
52.117	0.207283
52.118	0.167926
52.119	0.115975
52.12	0.09303
52.121	0.154728
52.122	0.323867
52.123	0.567254
52.124	0.814337
52.125	0.992177
52.126	1.056675
52.127	1.007389
52.128	0.881257
52.129	0.734883
52.13	0.623915
52.131	0.583326
52.132	0.615557
52.133	0.692869
52.134	0.772859
52.135	0.818331
52.136	0.808356
52.137	0.736329
52.138	0.607305
52.139	0.44579
52.14	0.303141
52.141	0.242189
52.142	0.302579
52.143	0.476769
52.144	0.711107
52.145	0.92659
52.146	1.052384
52.147	1.055421
52.148	0.947911
52.149	0.773671
52.15	0.585496
52.151	0.42396
52.152	0.305864
52.153	0.226503
52.154	0.171637
52.155	0.130218
52.156	0.099194
52.157	0.079458
52.158	0.071481
52.159	0.076833
52.16	0.098669
52.161	0.131201
52.162	0.153971
52.163	0.150338
52.164	0.125271
52.165	0.095546
52.166	0.071131
52.167	0.051611
52.168	0.03473
52.169	0.025129
52.17	0.034926
52.171	0.073745
52.172	0.137013
52.173	0.204987
52.174	0.254729
52.175	0.274813
52.176	0.269746
52.177	0.251843
52.178	0.229235
52.179	0.199417
52.18	0.145411
52.181	0.032502
52.182	-0.170669
52.183	-0.447525
52.184	-0.723473
52.185	-0.913289
52.186	-0.972754
52.187	-0.911028
52.188	-0.7731
52.189	-0.615613
52.19	-0.487937
52.191	-0.420449
52.192	-0.418256
52.193	-0.461841
52.194	-0.516361
52.195	-0.546334
52.196	-0.528602
52.197	-0.458702
52.198	-0.352027
52.199	-0.240847
52.2	-0.17067
52.201	-0.195129
52.202	-0.349271
52.203	-0.60669
52.204	-0.877364
52.205	-1.063892
52.206	-1.116258
52.207	-1.040669
52.208	-0.878054
52.209	-0.68245
52.21	-0.508076
52.211	-0.396508
52.212	-0.361675
52.213	-0.383681
52.214	-0.420422
52.215	-0.432527
52.216	-0.405302
52.217	-0.351815
52.218	-0.292419
52.219	-0.22166
52.22	-0.091819
52.221	0.159546
52.222	0.552597
52.223	1.030936
52.224	1.4817
52.225	1.790724
52.226	1.891876
52.227	1.785755
52.228	1.527124
52.229	1.194371
52.23	0.858358
52.231	0.56475
52.232	0.333387
52.233	0.166798
52.234	0.058571
52.235	-0.001822
52.236	-0.028346
52.237	-0.03875
52.238	-0.04536
52.239	-0.034994
52.24	0.035581
52.241	0.207668
52.242	0.479463
52.243	0.7977
52.244	1.083714
52.245	1.26717
52.246	1.309573
52.247	1.2139
52.248	1.021031
52.249	0.79582
52.25	0.60631
52.251	0.498847
52.252	0.479514
52.253	0.516998
52.254	0.565331
52.255	0.587729
52.256	0.56803
52.257	0.508974
52.258	0.423412
52.259	0.323957
52.26	0.209838
52.261	0.058295
52.262	-0.155304
52.263	-0.415797
52.264	-0.660121
52.265	-0.820181
52.266	-0.86553
52.267	-0.808918
52.268	-0.688323
52.269	-0.550031
52.27	-0.438738
52.271	-0.386191
52.272	-0.398554
52.273	-0.454009
52.274	-0.514419
52.275	-0.543447
52.276	-0.521368
52.277	-0.45004
52.278	-0.348717
52.279	-0.250182
52.28	-0.20225
52.281	-0.261409
52.282	-0.458859
52.283	-0.756858
52.284	-1.053895
52.285	-1.247488
52.286	-1.290087
52.287	-1.195416
52.288	-1.012033
52.289	-0.796599
52.29	-0.599001
52.291	-0.453215
52.292	-0.371314
52.293	-0.344098
52.294	-0.348543
52.295	-0.358225
52.296	-0.35349
52.297	-0.327414
52.298	-0.281641
52.299	-0.214385
52.3	-0.114271
52.301	0.028883
52.302	0.208476
52.303	0.401154
52.304	0.575825
52.305	0.698946
52.306	0.744206
52.307	0.707806
52.308	0.611844
52.309	0.489121
52.31	0.36358
52.311	0.242979
52.312	0.128306
52.313	0.026814
52.314	-0.047681
52.315	-0.085803
52.316	-0.092213
52.317	-0.084456
52.318	-0.077477
52.319	-0.058526
52.32	0.022425
52.321	0.21962
52.322	0.540596
52.323	0.928979
52.324	1.287982
52.325	1.521802
52.326	1.575946
52.327	1.457056
52.328	1.222823
52.329	0.953354
52.33	0.720304
52.331	0.564108
52.332	0.487164
52.333	0.464778
52.334	0.464833
52.335	0.46246
52.336	0.443731
52.337	0.402979
52.338	0.338979
52.339	0.253246
52.34	0.146189
52.341	0.007745
52.342	-0.174809
52.343	-0.386479
52.344	-0.578334
52.345	-0.701298
52.346	-0.735335
52.347	-0.688662
52.348	-0.583186
52.349	-0.443398
52.35	-0.291518
52.351	-0.146286
52.352	-0.02296
52.353	0.068497
52.354	0.127057
52.355	0.1602
52.356	0.176607
52.357	0.178784
52.358	0.162085
52.359	0.11642
52.36	0.022861
52.361	-0.147656
52.362	-0.409768
52.363	-0.725841
52.364	-1.010804
52.365	-1.184285
52.366	-1.213022
52.367	-1.11407
52.368	-0.934446
52.369	-0.729318
52.37	-0.548187
52.371	-0.424957
52.372	-0.368343
52.373	-0.360453
52.374	-0.368746
52.375	-0.363135
52.376	-0.32864
52.377	-0.270271
52.378	-0.207898
52.379	-0.163912
52.38	-0.158658
52.381	-0.214344
52.382	-0.340856
52.383	-0.509802
52.384	-0.661337
52.385	-0.743281
52.386	-0.738684
52.387	-0.663459
52.388	-0.548465
52.389	-0.42352
52.39	-0.311462
52.391	-0.229066
52.392	-0.185655
52.393	-0.178301
52.394	-0.19181
52.395	-0.208073
52.396	-0.217424
52.397	-0.221007
52.398	-0.218765
52.399	-0.186625
52.4	-0.069743
52.401	0.182084
52.402	0.565175
52.403	1.009066
52.404	1.406495
52.405	1.660085
52.406	1.719073
52.407	1.591255
52.408	1.332344
52.409	1.022794
52.41	0.740894
52.411	0.538424
52.412	0.425352
52.413	0.374626
52.414	0.347048
52.415	0.314662
52.416	0.266528
52.417	0.203685
52.418	0.136846
52.419	0.087754
52.42	0.080062
52.421	0.117105
52.422	0.175531
52.423	0.228894
52.424	0.265173
52.425	0.278825
52.426	0.264585
52.427	0.225287
52.428	0.17796
52.429	0.147946
52.43	0.155497
52.431	0.205119
52.432	0.284084
52.433	0.370055
52.434	0.441468
52.435	0.483925
52.436	0.489981
52.437	0.455642
52.438	0.38115
52.439	0.271186
52.44	0.123168
52.441	-0.081291
52.442	-0.35251
52.443	-0.65589
52.444	-0.917893
52.445	-1.072945
52.446	-1.097462
52.447	-1.008449
52.448	-0.845463
52.449	-0.657169
52.45	-0.493076
52.451	-0.389832
52.452	-0.35489
52.453	-0.364117
52.454	-0.37896
52.455	-0.368637
52.456	-0.322978
52.457	-0.253435
52.458	-0.185158
52.459	-0.148088
52.46	-0.177295
52.461	-0.311368
52.462	-0.561269
52.463	-0.873814
52.464	-1.149904
52.465	-1.305886
52.466	-1.312713
52.467	-1.190831
52.468	-0.986205
52.469	-0.75148
52.47	-0.535182
52.471	-0.372858
52.472	-0.278607
52.473	-0.242248
52.474	-0.237582
52.475	-0.239066
52.476	-0.23543
52.477	-0.228777
52.478	-0.218601
52.479	-0.179726
52.48	-0.05656
52.481	0.201812
52.482	0.591341
52.483	1.041642
52.484	1.445726
52.485	1.702664
52.486	1.7576
52.487	1.62039
52.488	1.352888
52.489	1.037853
52.49	0.747124
52.491	0.521336
52.492	0.366539
52.493	0.265634
52.494	0.196167
52.495	0.141853
52.496	0.092682
52.497	0.043026
52.498	-0.001998
52.499	-0.015635
52.5	0.046546
52.501	0.214275
52.502	0.471309
52.503	0.760994
52.504	1.012037
52.505	1.16142
52.506	1.175704
52.507	1.064014
52.508	0.874742
52.509	0.679617
52.51	0.548465
52.511	0.519149
52.512	0.579228
52.513	0.675816
52.514	0.747851
52.515	0.757419
52.516	0.700365
52.517	0.594777
52.518	0.462671
52.519	0.317895
52.52	0.156606
52.521	-0.046283
52.522	-0.30905
52.523	-0.601155
52.524	-0.849467
52.525	-0.989524
52.526	-1.001053
52.527	-0.905305
52.528	-0.744833
52.529	-0.566944
52.53	-0.415677
52.531	-0.323121
52.532	-0.295149
52.533	-0.306545
52.534	-0.317217
52.535	-0.297119
52.536	-0.241418
52.537	-0.169857
52.538	-0.115428
52.539	-0.110762
52.54	-0.185295
52.541	-0.367515
52.542	-0.659213
52.543	-1.001065
52.544	-1.292226
52.545	-1.450486
52.546	-1.448254
52.547	-1.307481
52.548	-1.07742
52.549	-0.815732
52.55	-0.576457
52.551	-0.398077
52.552	-0.292057
52.553	-0.241832
52.554	-0.215873
52.555	-0.187944
52.556	-0.151852
52.557	-0.120503
52.558	-0.109738
52.559	-0.11676
52.56	-0.115892
52.561	-0.083022
52.562	-0.016507
52.563	0.068981
52.564	0.152714
52.565	0.210982
52.566	0.225745
52.567	0.194323
52.568	0.126202
52.569	0.030237
52.57	-0.09257
52.571	-0.242574
52.572	-0.408431
52.573	-0.562734
52.574	-0.671866
52.575	-0.711265
52.576	-0.675546
52.577	-0.579406
52.578	-0.452074
52.579	-0.329735
52.58	-0.252184
52.581	-0.259218
52.582	-0.365349
52.583	-0.53067
52.584	-0.679704
52.585	-0.754678
52.586	-0.74343
52.587	-0.669129
52.588	-0.567831
52.589	-0.473419
52.59	-0.411997
52.591	-0.397976
52.592	-0.429539
52.593	-0.488253
52.594	-0.545289
52.595	-0.573728
52.596	-0.561407
52.597	-0.512664
52.598	-0.431414
52.599	-0.295951
52.6	-0.057593
52.601	0.318818
52.602	0.80989
52.603	1.329397
52.604	1.761101
52.605	2.005365
52.606	2.017389
52.607	1.817714
52.608	1.475882
52.609	1.081169
52.61	0.712679
52.611	0.418712
52.612	0.211234
52.613	0.075335
52.614	-0.012714
52.615	-0.070346
52.616	-0.105277
52.617	-0.120146
52.618	-0.111366
52.619	-0.059947
52.62	0.060373
52.621	0.250276
52.622	0.472768
52.623	0.678799
52.624	0.828725
52.625	0.895413
52.626	0.866518
52.627	0.749659
52.628	0.57635
52.629	0.399467
52.63	0.277459
52.631	0.245436
52.632	0.29266
52.633	0.371946
52.634	0.434868
52.635	0.458142
52.636	0.442216
52.637	0.395226
52.638	0.323733
52.639	0.232833
52.64	0.119275
52.641	-0.036898
52.642	-0.248948
52.643	-0.486828
52.644	-0.687059
52.645	-0.799164
52.646	-0.81193
52.647	-0.746918
52.648	-0.642245
52.649	-0.542308
52.65	-0.488773
52.651	-0.503988
52.652	-0.576746
52.653	-0.666557
52.654	-0.724762
52.655	-0.718171
52.656	-0.642644
52.657	-0.520799
52.658	-0.388163
52.659	-0.28241
52.66	-0.244937
52.661	-0.316951
52.662	-0.506856
52.663	-0.759166
52.664	-0.979347
52.665	-1.094814
52.666	-1.087732
52.667	-0.984823
52.668	-0.831732
52.669	-0.675317
52.67	-0.555647
52.671	-0.497261
52.672	-0.499402
52.673	-0.536064
52.674	-0.57037
52.675	-0.573989
52.676	-0.539172
52.677	-0.476289
52.678	-0.394681
52.679	-0.27952
52.68	-0.092968
52.681	0.190277
52.682	0.549778
52.683	0.923006
52.684	1.231248
52.685	1.4067
52.686	1.416024
52.687	1.271331
52.688	1.021431
52.689	0.729868
52.69	0.451789
52.691	0.218259
52.692	0.035988
52.693	-0.099341
52.694	-0.191952
52.695	-0.245427
52.696	-0.266583
52.697	-0.263892
52.698	-0.23535
52.699	-0.153313
52.7	0.026971
52.701	0.323581
52.702	0.697568
52.703	1.072203
52.704	1.365817
52.705	1.513342
52.706	1.486089
52.707	1.30337
52.708	1.025958
52.709	0.73569
52.71	0.506895
52.711	0.377266
52.712	0.33574
52.713	0.338703
52.714	0.341617
52.715	0.321035
52.716	0.276407
52.717	0.220593
52.718	0.168023
52.719	0.1234
52.72	0.071307
52.721	-0.023846
52.722	-0.185636
52.723	-0.386085
52.724	-0.559525
52.725	-0.655562
52.726	-0.666342
52.727	-0.615542
52.728	-0.537345
52.729	-0.463252
52.73	-0.416296
52.731	-0.407209
52.732	-0.432555
52.733	-0.4768
52.734	-0.516871
52.735	-0.528994
52.736	-0.497928
52.737	-0.423844
52.738	-0.32394
52.739	-0.233196
52.74	-0.205545
52.741	-0.296469
52.742	-0.514278
52.743	-0.791001
52.744	-1.024579
52.745	-1.14481
52.746	-1.136565
52.747	-1.02565
52.748	-0.858392
52.749	-0.68732
52.75	-0.559712
52.751	-0.502928
52.752	-0.511407
52.753	-0.549692
52.754	-0.573793
52.755	-0.554428
52.756	-0.48788
52.757	-0.392882
52.758	-0.295897
52.759	-0.212399
52.76	-0.143607
52.761	-0.090878
52.762	-0.057054
52.763	-0.034741
52.764	-0.013173
52.765	0.007433
52.766	0.018612
52.767	0.01408
52.768	-0.006604
52.769	-0.041783
52.77	-0.09216
52.771	-0.159529
52.772	-0.239726
52.773	-0.317619
52.774	-0.372011
52.775	-0.388613
52.776	-0.369598
52.777	-0.328972
52.778	-0.272189
52.779	-0.171508
52.78	0.029578
52.781	0.366902
52.782	0.810804
52.783	1.271004
52.784	1.635166
52.785	1.815244
52.786	1.781413
52.787	1.566181
52.788	1.243774
52.789	0.900129
52.79	0.605043
52.791	0.394859
52.792	0.268871
52.793	0.201053
52.794	0.16207
52.795	0.134019
52.796	0.109321
52.797	0.085
52.798	0.063612
52.799	0.056346
52.8	0.071824
52.801	0.097024
52.802	0.105872
52.803	0.089762
52.804	0.061939
52.805	0.03473
52.806	0.007321
52.807	-0.026206
52.808	-0.06364
52.809	-0.090398
52.81	-0.088566
52.811	-0.051822
52.812	0.006884
52.813	0.063274
52.814	0.098392
52.815	0.108485
52.816	0.101437
52.817	0.086549
52.818	0.068357
52.819	0.041271
52.82	-0.021559
52.821	-0.162225
52.822	-0.393951
52.823	-0.664716
52.824	-0.885902
52.825	-0.994678
52.826	-0.983444
52.827	-0.885951
52.828	-0.750431
52.829	-0.623979
52.83	-0.545947
52.831	-0.536242
52.832	-0.582017
52.833	-0.641111
52.834	-0.666359
52.835	-0.631376
52.836	-0.540309
52.837	-0.421145
52.838	-0.30939
52.839	-0.234538
52.84	-0.221005
52.841	-0.289624
52.842	-0.435954
52.843	-0.611295
52.844	-0.748233
52.845	-0.805007
52.846	-0.780169
52.847	-0.697866
52.848	-0.590505
52.849	-0.491573
52.85	-0.431484
52.851	-0.427817
52.852	-0.474096
52.853	-0.539548
52.854	-0.585338
52.855	-0.587154
52.856	-0.546488
52.857	-0.479759
52.858	-0.391369
52.859	-0.250776
52.86	-0.001274
52.861	0.389229
52.862	0.881981
52.863	1.37683
52.864	1.758325
52.865	1.939784
52.866	1.892936
52.867	1.65305
52.868	1.297686
52.869	0.913932
52.87	0.569465
52.871	0.298295
52.872	0.104334
52.873	-0.024641
52.874	-0.103251
52.875	-0.143205
52.876	-0.155758
52.877	-0.150421
52.878	-0.12483
52.879	-0.058507
52.88	0.071862
52.881	0.262688
52.882	0.477088
52.883	0.669188
52.884	0.801164
52.885	0.845265
52.886	0.790778
52.887	0.653147
52.888	0.474357
52.889	0.311761
52.89	0.215398
52.891	0.203073
52.892	0.252275
52.893	0.317415
52.894	0.357875
52.895	0.356588
52.896	0.320728
52.897	0.268688
52.898	0.214296
52.899	0.156148
52.9	0.07149
52.901	-0.074801
52.902	-0.291561
52.903	-0.531655
52.904	-0.720903
52.905	-0.811773
52.906	-0.80347
52.907	-0.728107
52.908	-0.630164
52.909	-0.55191
52.91	-0.522944
52.911	-0.55233
52.912	-0.625631
52.913	-0.710014
52.914	-0.767386
52.915	-0.768952
52.916	-0.704184
52.917	-0.583101
52.918	-0.435285
52.919	-0.30761
52.92	-0.25944
52.921	-0.342056
52.922	-0.55397
52.923	-0.819063
52.924	-1.032488
52.925	-1.127989
52.926	-1.100213
52.927	-0.983259
52.928	-0.8249
52.929	-0.675512
52.93	-0.579345
52.931	-0.557851
52.932	-0.597169
52.933	-0.655352
52.934	-0.68608
52.935	-0.66259
52.936	-0.587865
52.937	-0.485031
52.938	-0.372197
52.939	-0.237885
52.94	-0.043993
52.941	0.23681
52.942	0.585932
52.943	0.938876
52.944	1.213218
52.945	1.344347
52.946	1.31143
52.947	1.139854
52.948	0.882598
52.949	0.594343
52.95	0.313102
52.951	0.059871
52.952	-0.151169
52.953	-0.307426
52.954	-0.399999
52.955	-0.429083
52.956	-0.408052
52.957	-0.357355
52.958	-0.283221
52.959	-0.158045
52.96	0.064699
52.961	0.403179
52.962	0.816072
52.963	1.21532
52.964	1.504564
52.965	1.618013
52.966	1.542309
52.967	1.314793
52.968	1.005679
52.969	0.693444
52.97	0.440045
52.971	0.273365
52.972	0.185305
52.973	0.147298
52.974	0.130961
52.975	0.119855
52.976	0.109123
52.977	0.09836
52.978	0.08753
52.979	0.074376
52.98	0.043316
52.981	-0.035756
52.982	-0.175144
52.983	-0.341189
52.984	-0.476977
52.985	-0.546431
52.986	-0.550101
52.987	-0.511973
52.988	-0.460962
52.989	-0.420432
52.99	-0.405218
52.991	-0.421212
52.992	-0.461913
52.993	-0.503835
52.994	-0.515373
52.995	-0.479385
52.996	-0.406796
52.997	-0.327939
52.998	-0.267883
52.999	-0.224809
53.0	-0.17791
53.001	-0.118014
53.002	-0.056044
53.003	-0.005382
53.004	0.02619
53.005	0.034784
53.006	0.024184
53.007	0.009934
53.008	0.018465
53.009	0.080588
53.01	0.216545
53.011	0.417333
53.012	0.63995
53.013	0.826955
53.014	0.934556
53.015	0.94599
53.016	0.866992
53.017	0.71464
53.018	0.506891
53.019	0.25339
53.02	-0.052879
53.021	-0.426148
53.022	-0.847933
53.023	-1.243158
53.024	-1.517207
53.025	-1.6135
53.026	-1.53468
53.027	-1.326355
53.028	-1.049866
53.029	-0.762769
53.03	-0.509201
53.031	-0.314112
53.032	-0.181809
53.033	-0.101363
53.034	-0.055059
53.035	-0.026787
53.036	-0.009858
53.037	-0.010345
53.038	-0.044523
53.039	-0.138516
53.04	-0.329259
53.041	-0.642931
53.042	-1.049909
53.043	-1.451735
53.044	-1.733061
53.045	-1.826185
53.046	-1.729576
53.047	-1.486802
53.048	-1.159948
53.049	-0.814556
53.05	-0.51019
53.051	-0.285457
53.052	-0.144838
53.053	-0.064005
53.054	-0.013016
53.055	0.021731
53.056	0.032195
53.057	0.00324
53.058	-0.056605
53.059	-0.092752
53.06	-0.025601
53.061	0.191347
53.062	0.528983
53.063	0.893531
53.064	1.176662
53.065	1.305821
53.066	1.268629
53.067	1.107021
53.068	0.890635
53.069	0.685554
53.07	0.53307
53.071	0.443299
53.072	0.402706
53.073	0.389212
53.074	0.382014
53.075	0.362063
53.076	0.311655
53.077	0.222265
53.078	0.111017
53.079	0.028947
53.08	0.036604
53.081	0.156645
53.082	0.354312
53.083	0.563054
53.084	0.718293
53.085	0.77829
53.086	0.736737
53.087	0.624716
53.088	0.498588
53.089	0.418742
53.09	0.425544
53.091	0.520332
53.092	0.664439
53.093	0.80009
53.094	0.878662
53.095	0.87654
53.096	0.793409
53.097	0.644511
53.098	0.451148
53.099	0.225533
53.1	-0.040077
53.101	-0.359555
53.102	-0.71583
53.103	-1.044752
53.104	-1.269536
53.105	-1.3476
53.106	-1.283738
53.107	-1.114003
53.108	-0.88737
53.109	-0.655485
53.11	-0.462383
53.111	-0.33133
53.112	-0.259629
53.113	-0.226947
53.114	-0.208807
53.115	-0.187719
53.116	-0.160106
53.117	-0.136606
53.118	-0.138563
53.119	-0.199034
53.12	-0.361429
53.121	-0.652548
53.122	-1.038304
53.123	-1.417844
53.124	-1.678743
53.125	-1.758326
53.126	-1.659331
53.127	-1.428968
53.128	-1.131472
53.129	-0.827907
53.13	-0.564438
53.131	-0.367086
53.132	-0.240895
53.133	-0.173534
53.134	-0.144383
53.135	-0.135425
53.136	-0.137166
53.137	-0.147313
53.138	-0.162503
53.139	-0.16887
53.14	-0.147342
53.141	-0.091395
53.142	-0.010427
53.143	0.08052
53.144	0.162963
53.145	0.216347
53.146	0.228846
53.147	0.205334
53.148	0.164093
53.149	0.126849
53.15	0.107418
53.151	0.104051
53.152	0.104797
53.153	0.102911
53.154	0.101239
53.155	0.099333
53.156	0.084524
53.157	0.043067
53.158	-0.01546
53.159	-0.041913
53.16	0.03125
53.161	0.23618
53.162	0.537522
53.163	0.849056
53.164	1.076019
53.165	1.157958
53.166	1.091849
53.167	0.925063
53.168	0.729246
53.169	0.571122
53.17	0.489684
53.171	0.486807
53.172	0.53415
53.173	0.591218
53.174	0.624259
53.175	0.614651
53.176	0.555244
53.177	0.445859
53.178	0.295444
53.179	0.121872
53.18	-0.061645
53.181	-0.254607
53.182	-0.450995
53.183	-0.623512
53.184	-0.738401
53.185	-0.777995
53.186	-0.745299
53.187	-0.655544
53.188	-0.527294
53.189	-0.379181
53.19	-0.230724
53.191	-0.100294
53.192	0.000454
53.193	0.069794
53.194	0.113236
53.195	0.136388
53.196	0.138215
53.197	0.109556
53.198	0.038295
53.199	-0.08986
53.2	-0.298028
53.201	-0.602109
53.202	-0.969985
53.203	-1.314268
53.204	-1.541031
53.205	-1.601533
53.206	-1.503804
53.207	-1.293783
53.208	-1.031324
53.209	-0.773456
53.21	-0.563393
53.211	-0.421671
53.212	-0.342741
53.213	-0.301873
53.214	-0.271402
53.215	-0.236438
53.216	-0.200095
53.217	-0.177774
53.218	-0.18456
53.219	-0.227905
53.22	-0.314049
53.221	-0.447563
53.222	-0.611213
53.223	-0.759358
53.224	-0.845174
53.225	-0.849529
53.226	-0.783204
53.227	-0.670902
53.228	-0.537323
53.229	-0.403406
53.23	-0.286958
53.231	-0.201421
53.232	-0.151763
53.233	-0.131797
53.234	-0.129285
53.235	-0.136793
53.236	-0.156708
53.237	-0.189577
53.238	-0.212045
53.239	-0.169972
53.24	-0.006549
53.241	0.290017
53.242	0.664744
53.243	1.021647
53.244	1.269165
53.245	1.353313
53.246	1.271372
53.247	1.067578
53.248	0.814503
53.249	0.587423
53.25	0.438156
53.251	0.377706
53.252	0.378702
53.253	0.39632
53.254	0.393275
53.255	0.352634
53.256	0.274357
53.257	0.169788
53.258	0.061548
53.259	-0.024287
53.26	-0.075691
53.261	-0.100626
53.262	-0.113371
53.263	-0.122156
53.264	-0.131361
53.265	-0.144694
53.266	-0.160063
53.267	-0.165282
53.268	-0.141802
53.269	-0.074708
53.27	0.036811
53.271	0.176316
53.272	0.316934
53.273	0.431967
53.274	0.501966
53.275	0.516679
53.276	0.474277
53.277	0.37923
53.278	0.237754
53.279	0.048939
53.28	-0.201085
53.281	-0.521135
53.282	-0.879277
53.283	-1.199298
53.284	-1.404381
53.285	-1.4584
53.286	-1.370744
53.287	-1.180075
53.288	-0.940164
53.289	-0.709417
53.29	-0.534603
53.291	-0.433477
53.292	-0.391484
53.293	-0.375329
53.294	-0.353207
53.295	-0.310856
53.296	-0.255609
53.297	-0.209066
53.298	-0.199308
53.299	-0.258855
53.3	-0.420211
53.301	-0.692908
53.302	-1.031859
53.303	-1.34365
53.304	-1.538737
53.305	-1.576027
53.306	-1.466642
53.307	-1.253035
53.308	-0.989441
53.309	-0.730279
53.31	-0.51921
53.311	-0.378176
53.312	-0.303529
53.313	-0.27333
53.314	-0.261939
53.315	-0.254187
53.316	-0.250513
53.317	-0.255416
53.318	-0.253039
53.319	-0.193407
53.32	-0.017358
53.321	0.292556
53.322	0.685773
53.323	1.06382
53.324	1.325871
53.325	1.411859
53.326	1.322554
53.327	1.109793
53.328	0.848611
53.329	0.607583
53.33	0.42707
53.331	0.313253
53.332	0.248606
53.333	0.208508
53.334	0.173253
53.335	0.130676
53.336	0.073544
53.337	0.00215
53.338	-0.062726
53.339	-0.075043
53.34	0.007855
53.341	0.18681
53.342	0.417152
53.343	0.633307
53.344	0.774698
53.345	0.807116
53.346	0.734417
53.347	0.595017
53.348	0.448856
53.349	0.358211
53.35	0.361544
53.351	0.451948
53.352	0.58031
53.353	0.685301
53.354	0.725251
53.355	0.689182
53.356	0.588559
53.357	0.442384
53.358	0.266293
53.359	0.064334
53.36	-0.178705
53.361	-0.480249
53.362	-0.817244
53.363	-1.116942
53.364	-1.303052
53.365	-1.341716
53.366	-1.248122
53.367	-1.067586
53.368	-0.854207
53.369	-0.655446
53.37	-0.502368
53.371	-0.406177
53.372	-0.360426
53.373	-0.346073
53.374	-0.339884
53.375	-0.325339
53.376	-0.299751
53.377	-0.273793
53.378	-0.269166
53.379	-0.322386
53.38	-0.482105
53.381	-0.773478
53.382	-1.150777
53.383	-1.504313
53.384	-1.726354
53.385	-1.766799
53.386	-1.638595
53.387	-1.392532
53.388	-1.092487
53.389	-0.801434
53.39	-0.569401
53.391	-0.418368
53.392	-0.336243
53.393	-0.290773
53.394	-0.253749
53.395	-0.217404
53.396	-0.19484
53.397	-0.202435
53.398	-0.231827
53.399	-0.241264
53.4	-0.184339
53.401	-0.046293
53.402	0.146162
53.403	0.339905
53.404	0.48073
53.405	0.536605
53.406	0.508232
53.407	0.423203
53.408	0.319203
53.409	0.2265
53.41	0.158024
53.411	0.111135
53.412	0.078075
53.413	0.054381
53.414	0.038319
53.415	0.026171
53.416	0.009463
53.417	-0.026714
53.418	-0.104818
53.419	-0.251951
53.42	-0.486293
53.421	-0.790939
53.422	-1.099874
53.423	-1.325985
53.424	-1.411269
53.425	-1.352051
53.426	-1.187893
53.427	-0.975895
53.428	-0.768742
53.429	-0.604015
53.43	-0.502837
53.431	-0.468626
53.432	-0.485045
53.433	-0.521349
53.434	-0.546806
53.435	-0.545084
53.436	-0.517512
53.437	-0.469665
53.438	-0.385166
53.439	-0.215525
53.44	0.085463
53.441	0.511549
53.442	0.989547
53.443	1.408311
53.444	1.66733
53.445	1.716209
53.446	1.566014
53.447	1.275501
53.448	0.925688
53.449	0.593373
53.45	0.330197
53.451	0.151239
53.452	0.039985
53.453	-0.030878
53.454	-0.081276
53.455	-0.120803
53.456	-0.152988
53.457	-0.174412
53.458	-0.167521
53.459	-0.105122
53.46	0.02218
53.461	0.187118
53.462	0.344702
53.463	0.460709
53.464	0.516893
53.465	0.504984
53.466	0.427947
53.467	0.305814
53.468	0.176106
53.469	0.082926
53.47	0.055915
53.471	0.091359
53.472	0.154104
53.473	0.201859
53.474	0.210306
53.475	0.17966
53.476	0.124645
53.477	0.062617
53.478	0.002011
53.479	-0.074068
53.48	-0.208741
53.481	-0.431403
53.482	-0.710795
53.483	-0.965594
53.484	-1.122536
53.485	-1.155317
53.486	-1.081308
53.487	-0.941431
53.488	-0.785813
53.489	-0.664667
53.49	-0.613102
53.491	-0.633002
53.492	-0.690863
53.493	-0.738509
53.494	-0.739394
53.495	-0.683183
53.496	-0.58595
53.497	-0.47884
53.498	-0.395021
53.499	-0.369168
53.5	-0.438905
53.501	-0.618476
53.502	-0.864319
53.503	-1.089523
53.504	-1.21932
53.505	-1.227417
53.506	-1.131729
53.507	-0.972871
53.508	-0.797615
53.509	-0.649601
53.51	-0.560117
53.511	-0.537224
53.512	-0.561649
53.513	-0.597722
53.514	-0.614371
53.515	-0.60068
53.516	-0.563707
53.517	-0.509651
53.518	-0.419622
53.519	-0.243406
53.52	0.065113
53.521	0.497142
53.522	0.978225
53.523	1.3999
53.524	1.662478
53.525	1.712822
53.526	1.561478
53.527	1.270081
53.528	0.920939
53.529	0.586385
53.53	0.309831
53.531	0.102751
53.532	-0.044585
53.533	-0.146965
53.534	-0.215202
53.535	-0.257833
53.536	-0.28258
53.537	-0.288455
53.538	-0.254176
53.539	-0.141627
53.54	0.072958
53.541	0.368513
53.542	0.685528
53.543	0.952698
53.544	1.108535
53.545	1.120364
53.546	0.997012
53.547	0.786393
53.548	0.560038
53.549	0.38844
53.55	0.312097
53.551	0.323685
53.552	0.377152
53.553	0.418339
53.554	0.414409
53.555	0.363269
53.556	0.282208
53.557	0.189965
53.558	0.094261
53.559	-0.016687
53.56	-0.174685
53.561	-0.401801
53.562	-0.668818
53.563	-0.902445
53.564	-1.037569
53.565	-1.053373
53.566	-0.970348
53.567	-0.829633
53.568	-0.676878
53.569	-0.554627
53.57	-0.493265
53.571	-0.496304
53.572	-0.535559
53.573	-0.567784
53.574	-0.559685
53.575	-0.503354
53.576	-0.416753
53.577	-0.333895
53.578	-0.291977
53.579	-0.326769
53.58	-0.471953
53.581	-0.732638
53.582	-1.051539
53.583	-1.328871
53.584	-1.482856
53.585	-1.485692
53.586	-1.358447
53.587	-1.149976
53.588	-0.918659
53.589	-0.718698
53.59	-0.586399
53.591	-0.528303
53.592	-0.520911
53.593	-0.5257
53.594	-0.511255
53.595	-0.468951
53.596	-0.412488
53.597	-0.361715
53.598	-0.31923
53.599	-0.262346
53.6	-0.166443
53.601	-0.030197
53.602	0.12605
53.603	0.271278
53.604	0.372309
53.605	0.407052
53.606	0.375005
53.607	0.295357
53.608	0.194394
53.609	0.091372
53.61	-0.005464
53.611	-0.093118
53.612	-0.167575
53.613	-0.221923
53.614	-0.251012
53.615	-0.259426
53.616	-0.26125
53.617	-0.262502
53.618	-0.236486
53.619	-0.125814
53.62	0.113558
53.621	0.467553
53.622	0.862313
53.623	1.197902
53.624	1.390548
53.625	1.403491
53.626	1.254842
53.627	1.005164
53.628	0.733592
53.629	0.510391
53.63	0.373849
53.631	0.321132
53.632	0.319213
53.633	0.327846
53.634	0.31874
53.635	0.281139
53.636	0.21591
53.637	0.131248
53.638	0.042963
53.639	-0.03827
53.64	-0.126081
53.641	-0.242936
53.642	-0.381242
53.643	-0.502256
53.644	-0.571892
53.645	-0.582976
53.646	-0.549128
53.647	-0.488286
53.648	-0.411942
53.649	-0.325212
53.65	-0.234123
53.651	-0.15035
53.652	-0.086912
53.653	-0.05041
53.654	-0.038632
53.655	-0.044168
53.656	-0.059519
53.657	-0.081685
53.658	-0.11853
53.659	-0.197912
53.66	-0.362917
53.661	-0.63078
53.662	-0.950063
53.663	-1.22152
53.664	-1.365542
53.665	-1.362172
53.666	-1.240382
53.667	-1.04805
53.668	-0.836
53.669	-0.654708
53.67	-0.540868
53.671	-0.49814
53.672	-0.496986
53.673	-0.496066
53.674	-0.467068
53.675	-0.408273
53.676	-0.340535
53.677	-0.289541
53.678	-0.270231
53.679	-0.287319
53.68	-0.344727
53.681	-0.439582
53.682	-0.545894
53.683	-0.624029
53.684	-0.649555
53.685	-0.623043
53.686	-0.558284
53.687	-0.470825
53.688	-0.377558
53.689	-0.30002
53.69	-0.258455
53.691	-0.258326
53.692	-0.284632
53.693	-0.312297
53.694	-0.323401
53.695	-0.317511
53.696	-0.307201
53.697	-0.297046
53.698	-0.257992
53.699	-0.128722
53.7	0.138003
53.701	0.526737
53.702	0.958269
53.703	1.324982
53.704	1.534596
53.705	1.54645
53.706	1.38324
53.707	1.113956
53.708	0.822003
53.709	0.574635
53.71	0.403447
53.711	0.303862
53.712	0.251653
53.713	0.22102
53.714	0.193208
53.715	0.156795
53.716	0.106446
53.717	0.045491
53.718	-0.008775
53.719	-0.032881
53.72	-0.022852
53.721	0.001316
53.722	0.022538
53.723	0.036706
53.724	0.039715
53.725	0.025502
53.726	-0.003705
53.727	-0.032241
53.728	-0.035434
53.729	0.008482
53.73	0.103086
53.731	0.226614
53.732	0.342077
53.733	0.417764
53.734	0.44065
53.735	0.414522
53.736	0.350439
53.737	0.257601
53.738	0.137424
53.739	-0.021816
53.74	-0.243769
53.741	-0.53417
53.742	-0.845429
53.743	-1.094565
53.744	-1.219288
53.745	-1.207434
53.746	-1.087083
53.747	-0.905623
53.748	-0.714739
53.749	-0.559058
53.75	-0.464195
53.751	-0.429815
53.752	-0.43401
53.753	-0.445577
53.754	-0.437863
53.755	-0.399896
53.756	-0.340071
53.757	-0.281326
53.758	-0.25494
53.759	-0.300166
53.76	-0.455697
53.761	-0.722477
53.762	-1.033034
53.763	-1.283218
53.764	-1.39777
53.765	-1.361829
53.766	-1.208981
53.767	-0.993404
53.768	-0.766954
53.769	-0.569524
53.77	-0.426901
53.771	-0.347374
53.772	-0.319972
53.773	-0.321278
53.774	-0.328386
53.775	-0.329436
53.776	-0.324343
53.777	-0.309296
53.778	-0.251671
53.779	-0.091398
53.78	0.21197
53.781	0.634654
53.782	1.090957
53.783	1.468601
53.784	1.674784
53.785	1.674107
53.786	1.497624
53.787	1.219948
53.788	0.920534
53.789	0.654564
53.79	0.446305
53.791	0.297815
53.792	0.201663
53.793	0.148241
53.794	0.123638
53.795	0.10619
53.796	0.073115
53.797	0.019062
53.798	-0.025083
53.799	-0.002154
53.8	0.124372
53.801	0.336568
53.802	0.575178
53.803	0.770846
53.804	0.870205
53.805	0.855135
53.806	0.748047
53.807	0.601116
53.808	0.475659
53.809	0.418976
53.81	0.446433
53.811	0.536554
53.812	0.644161
53.813	0.724462
53.814	0.74992
53.815	0.710824
53.816	0.609117
53.817	0.456504
53.818	0.270931
53.819	0.06134
53.82	-0.181583
53.821	-0.460078
53.822	-0.736291
53.823	-0.946043
53.824	-1.043713
53.825	-1.023929
53.826	-0.911771
53.827	-0.745922
53.828	-0.570038
53.829	-0.426739
53.83	-0.343918
53.831	-0.321071
53.832	-0.331214
53.833	-0.339098
53.834	-0.321318
53.835	-0.276249
53.836	-0.221761
53.837	-0.18403
53.838	-0.189908
53.839	-0.271275
53.84	-0.459768
53.841	-0.750366
53.842	-1.07447
53.843	-1.334768
53.844	-1.466726
53.845	-1.461419
53.846	-1.347752
53.847	-1.166263
53.848	-0.953812
53.849	-0.740506
53.85	-0.55029
53.851	-0.399548
53.852	-0.29365
53.853	-0.224981
53.854	-0.177838
53.855	-0.13878
53.856	-0.103688
53.857	-0.076041
53.858	-0.064984
53.859	-0.093488
53.86	-0.196268
53.861	-0.383076
53.862	-0.606565
53.863	-0.788432
53.864	-0.874754
53.865	-0.860356
53.866	-0.775753
53.867	-0.663446
53.868	-0.56209
53.869	-0.499399
53.87	-0.487255
53.871	-0.517877
53.872	-0.565973
53.873	-0.599835
53.874	-0.595128
53.875	-0.543553
53.876	-0.454448
53.877	-0.348588
53.878	-0.25032
53.879	-0.189481
53.88	-0.200364
53.881	-0.29295
53.882	-0.426105
53.883	-0.532741
53.884	-0.570598
53.885	-0.541189
53.886	-0.472781
53.887	-0.39668
53.888	-0.335181
53.889	-0.301207
53.89	-0.302082
53.891	-0.337556
53.892	-0.390938
53.893	-0.430408
53.894	-0.430416
53.895	-0.391964
53.896	-0.335068
53.897	-0.266742
53.898	-0.152723
53.899	0.073404
53.9	0.454032
53.901	0.954243
53.902	1.467989
53.903	1.869085
53.904	2.063306
53.905	2.021488
53.906	1.782934
53.907	1.430245
53.908	1.053139
53.909	0.719157
53.91	0.461333
53.911	0.282823
53.912	0.170504
53.913	0.107896
53.914	0.079693
53.915	0.069465
53.916	0.063147
53.917	0.062701
53.918	0.09405
53.919	0.189878
53.92	0.355326
53.921	0.556945
53.922	0.746366
53.923	0.881355
53.924	0.931672
53.925	0.886853
53.926	0.763877
53.927	0.604601
53.928	0.462197
53.929	0.379782
53.93	0.370672
53.931	0.414695
53.932	0.474009
53.933	0.514948
53.934	0.521328
53.935	0.494523
53.936	0.444807
53.937	0.381551
53.938	0.304956
53.939	0.198004
53.94	0.031876
53.941	-0.198441
53.942	-0.445251
53.943	-0.635587
53.944	-0.722797
53.945	-0.705317
53.946	-0.613078
53.947	-0.488994
53.948	-0.377351
53.949	-0.313972
53.95	-0.314429
53.951	-0.366337
53.952	-0.434225
53.953	-0.477
53.954	-0.466629
53.955	-0.39744
53.956	-0.285052
53.957	-0.161037
53.958	-0.068237
53.959	-0.056846
53.96	-0.16826
53.961	-0.395701
53.962	-0.663753
53.963	-0.871159
53.964	-0.954267
53.965	-0.908896
53.966	-0.771749
53.967	-0.593873
53.968	-0.423547
53.969	-0.297398
53.97	-0.234325
53.971	-0.231025
53.972	-0.263626
53.973	-0.298562
53.974	-0.308428
53.975	-0.283196
53.976	-0.227054
53.977	-0.139629
53.978	0.005158
53.979	0.253691
53.98	0.629801
53.981	1.096974
53.982	1.565392
53.983	1.928819
53.984	2.10528
53.985	2.067146
53.986	1.846229
53.987	1.514498
53.988	1.154138
53.989	0.829417
53.99	0.572512
53.991	0.386258
53.992	0.256629
53.993	0.167923
53.994	0.111309
53.995	0.082156
53.996	0.076504
53.997	0.099111
53.998	0.17588
53.999	0.344603
54.0	0.620305
54.001	0.969823
54.002	1.318339
54.003	1.578379
54.004	1.686416
54.005	1.628982
54.006	1.44363
54.007	1.199414
54.008	0.969405
54.009	0.80538
54.01	0.724066
54.011	0.70989
54.012	0.73074
54.013	0.755706
54.014	0.764729
54.015	0.748337
54.016	0.702449
54.017	0.626658
54.018	0.52439
54.019	0.392767
54.02	0.217397
54.021	-0.001044
54.022	-0.221686
54.023	-0.3857
54.024	-0.456848
54.025	-0.434787
54.026	-0.345048
54.027	-0.227178
54.028	-0.126508
54.029	-0.081733
54.03	-0.107243
54.031	-0.183266
54.032	-0.264485
54.033	-0.30344
54.034	-0.274207
54.035	-0.182025
54.036	-0.05617
54.037	0.063865
54.038	0.136019
54.039	0.11614
54.04	-0.028155
54.041	-0.281209
54.042	-0.564357
54.043	-0.778083
54.044	-0.860503
54.045	-0.807923
54.046	-0.657622
54.047	-0.461994
54.048	-0.272388
54.049	-0.129757
54.05	-0.05389
54.051	-0.036774
54.052	-0.048858
54.053	-0.055067
54.054	-0.031638
54.055	0.02365
54.056	0.095371
54.057	0.168429
54.058	0.242625
54.059	0.326496
54.06	0.420792
54.061	0.515905
54.062	0.602128
54.063	0.671648
54.064	0.713455
54.065	0.716994
54.066	0.681486
54.067	0.618642
54.068	0.545905
54.069	0.475958
54.07	0.411726
54.071	0.351619
54.072	0.298283
54.073	0.259688
54.074	0.241934
54.075	0.24284
54.076	0.256213
54.077	0.290304
54.078	0.383893
54.079	0.58946
54.08	0.924498
54.081	1.341533
54.082	1.747442
54.083	2.044718
54.084	2.166317
54.085	2.096615
54.086	1.873184
54.087	1.570514
54.088	1.274159
54.089	1.051618
54.09	0.927454
54.091	0.880101
54.092	0.866423
54.093	0.851654
54.094	0.821802
54.095	0.778563
54.096	0.730074
54.097	0.684855
54.098	0.646011
54.099	0.601846
54.1	0.526056
54.101	0.406461
54.102	0.271082
54.103	0.166785
54.104	0.119226
54.105	0.123356
54.106	0.160407
54.107	0.214538
54.108	0.277556
54.109	0.344238
54.11	0.405825
54.111	0.450202
54.112	0.470265
54.113	0.471781
54.114	0.471003
54.115	0.48319
54.116	0.512666
54.117	0.547891
54.118	0.558198
54.119	0.496438
54.12	0.322942
54.121	0.049595
54.122	-0.24519
54.123	-0.464321
54.124	-0.552532
54.125	-0.510204
54.126	-0.370832
54.127	-0.181256
54.128	0.005796
54.129	0.141988
54.13	0.20238
54.131	0.198244
54.132	0.169307
54.133	0.160859
54.134	0.20088
54.135	0.288066
54.136	0.395525
54.137	0.486699
54.138	0.529859
54.139	0.501673
54.14	0.393519
54.141	0.229441
54.142	0.066525
54.143	-0.039037
54.144	-0.063605
54.145	-0.01539
54.146	0.082829
54.147	0.204843
54.148	0.322876
54.149	0.408297
54.15	0.440275
54.151	0.419775
54.152	0.373173
54.153	0.337489
54.154	0.338456
54.155	0.377988
54.156	0.440311
54.157	0.517834
54.158	0.6388
54.159	0.85789
54.16	1.204663
54.161	1.643706
54.162	2.081613
54.163	2.40625
54.164	2.53671
54.165	2.457578
54.166	2.217638
54.167	1.901108
54.168	1.590716
54.169	1.339517
54.17	1.161587
54.171	1.042248
54.172	0.960015
54.173	0.903782
54.174	0.872266
54.175	0.862462
54.176	0.864996
54.177	0.874198
54.178	0.901004
54.179	0.964839
54.18	1.068776
54.181	1.193434
54.182	1.310648
54.183	1.391287
54.184	1.410785
54.185	1.361476
54.186	1.261605
54.187	1.151884
54.188	1.078853
54.189	1.071046
54.19	1.122402
54.191	1.196834
54.192	1.253347
54.193	1.272876
54.194	1.263645
54.195	1.242792
54.196	1.2159
54.197	1.172151
54.198	1.089011
54.199	0.936652
54.2	0.696341
54.201	0.39445
54.202	0.107155
54.203	-0.085498
54.204	-0.148186
54.205	-0.096946
54.206	0.025762
54.207	0.1774
54.208	0.328948
54.209	0.467778
