time_s	mv
0.0	-0.731699
0.001	-0.536445
0.002	-0.151587
0.003	0.300353
0.004	0.649251
0.005	0.747094
0.006	0.519528
0.007	-0.017571
0.008	-0.763992
0.009	-1.557383
0.01	-2.210648
0.011	-2.568184
0.012	-2.574394
0.013	-2.304434
0.014	-1.91718
0.015	-1.567345
0.016	-1.338076
0.017	-1.219356
0.018	-1.14752
0.019	-1.126709
0.02	-1.385395
0.021	-2.367095
0.022	-4.345377
0.023	-6.91628
0.024	-9.054868
0.025	-9.826687
0.026	-8.958014
0.027	-6.758497
0.028	-3.739317
0.029	-0.43519
0.03	2.509676
0.031	4.339211
0.032	4.553963
0.033	3.391451
0.034	1.745553
0.035	0.451045
0.036	-0.246601
0.037	-0.549661
0.038	-0.698363
0.039	-0.764046
0.04	-0.684389
0.041	-0.385022
0.042	0.11972
0.043	0.696119
0.044	1.142913
0.045	1.278994
0.046	1.007722
0.047	0.343455
0.048	-0.58745
0.049	-1.568167
0.05	-2.348957
0.051	-2.74052
0.052	-2.702282
0.053	-2.357341
0.054	-1.905311
0.055	-1.507062
0.056	-1.232206
0.057	-1.067737
0.058	-0.965388
0.059	-0.950396
0.06	-1.259632
0.061	-2.313718
0.062	-4.329149
0.063	-6.849397
0.064	-8.853544
0.065	-9.469085
0.066	-8.495701
0.067	-6.28443
0.068	-3.346886
0.069	-0.194487
0.07	2.571756
0.071	4.270294
0.072	4.487596
0.073	3.481935
0.074	2.036115
0.075	0.811787
0.076	-0.005458
0.077	-0.502491
0.078	-0.763972
0.079	-0.816752
0.08	-0.666558
0.081	-0.317371
0.082	0.205748
0.083	0.81396
0.084	1.332931
0.085	1.553404
0.086	1.334677
0.087	0.678241
0.088	-0.274202
0.089	-1.29726
0.09	-2.155392
0.091	-2.669225
0.092	-2.766211
0.093	-2.506251
0.094	-2.055266
0.095	-1.601598
0.096	-1.264077
0.097	-1.050541
0.098	-0.902485
0.099	-0.832493
0.1	-1.082079
0.101	-2.092379
0.102	-4.101395
0.103	-6.656445
0.104	-8.714768
0.105	-9.368205
0.106	-8.389793
0.107	-6.129152
0.108	-3.121003
0.109	0.087913
0.11	2.856128
0.111	4.458683
0.112	4.461782
0.113	3.176532
0.114	1.522111
0.115	0.297913
0.116	-0.293637
0.117	-0.471068
0.118	-0.482922
0.119	-0.423949
0.12	-0.267455
0.121	0.037847
0.122	0.494292
0.123	1.014845
0.124	1.432022
0.125	1.568858
0.126	1.322842
0.127	0.707596
0.128	-0.154791
0.129	-1.076151
0.13	-1.858839
0.131	-2.350918
0.132	-2.492392
0.133	-2.33178
0.134	-1.996328
0.135	-1.632381
0.136	-1.346495
0.137	-1.171254
0.138	-1.066889
0.139	-0.952525
0.14	-0.749832
0.141	-0.416679
0.142	0.033159
0.143	0.513879
0.144	0.881086
0.145	0.994621
0.146	0.784008
0.147	0.272785
0.148	-0.435055
0.149	-1.189385
0.15	-1.832547
0.151	-2.239413
0.152	-2.358782
0.153	-2.230211
0.154	-1.956626
0.155	-1.654077
0.156	-1.407511
0.157	-1.244578
0.158	-1.133628
0.159	-1.007184
0.16	-0.799934
0.161	-0.481186
0.162	-0.074844
0.163	0.334143
0.164	0.625946
0.165	0.700418
0.166	0.517289
0.167	0.102042
0.168	-0.468574
0.169	-1.086134
0.17	-1.630973
0.171	-2.000114
0.172	-2.14056
0.173	-2.068255
0.174	-1.858247
0.175	-1.608562
0.176	-1.395873
0.177	-1.246603
0.178	-1.133802
0.179	-0.999702
0.18	-0.792766
0.181	-0.496562
0.182	-0.143886
0.183	0.185062
0.184	0.393914
0.185	0.415826
0.186	0.234773
0.187	-0.12239
0.188	-0.598047
0.189	-1.109113
0.19	-1.555893
0.191	-1.847688
0.192	-1.940525
0.193	-1.858128
0.194	-1.674626
0.195	-1.472788
0.196	-1.308063
0.197	-1.194029
0.198	-1.106486
0.199	-1.00056
0.2	-0.831842
0.201	-0.571017
0.202	-0.216261
0.203	0.191565
0.204	0.55735
0.205	0.738032
0.206	0.600189
0.207	0.125672
0.208	-0.535941
0.209	-1.153881
0.21	-1.566204
0.211	-1.743045
0.212	-1.739918
0.213	-1.634104
0.214	-1.491534
0.215	-1.353654
0.216	-1.238712
0.217	-1.145165
0.218	-1.050624
0.219	-0.921254
0.22	-0.732027
0.221	-0.484814
0.222	-0.219492
0.223	-0.005106
0.224	0.095197
0.225	0.054911
0.226	-0.116815
0.227	-0.392343
0.228	-0.729632
0.229	-1.068035
0.23	-1.339811
0.231	-1.494338
0.232	-1.521383
0.233	-1.457892
0.234	-1.358469
0.235	-1.258076
0.236	-1.167957
0.237	-1.085221
0.238	-0.99451
0.239	-0.875097
0.24	-0.71643
0.241	-0.531112
0.242	-0.349265
0.243	-0.192984
0.244	-0.074161
0.245	-0.021728
0.246	-0.075454
0.247	-0.246487
0.248	-0.505249
0.249	-0.804079
0.25	-1.096225
0.251	-1.331554
0.252	-1.455958
0.253	-1.442825
0.254	-1.321469
0.255	-1.1561
0.256	-1.000101
0.257	-0.874141
0.258	-0.774409
0.259	-0.691068
0.26	-0.61679
0.261	-0.538315
0.262	-0.432824
0.263	-0.294078
0.264	-0.160299
0.265	-0.095723
0.266	-0.142706
0.267	-0.296877
0.268	-0.519542
0.269	-0.765863
0.27	-0.998662
0.271	-1.180583
0.272	-1.2741
0.273	-1.264136
0.274	-1.17312
0.275	-1.045082
0.276	-0.917397
0.277	-0.807297
0.278	-0.716405
0.279	-0.640587
0.28	-0.573508
0.281	-0.50099
0.282	-0.403014
0.283	-0.280246
0.284	-0.173474
0.285	-0.136644
0.286	-0.19381
0.287	-0.329489
0.288	-0.509972
0.289	-0.705891
0.29	-0.894258
0.291	-1.045256
0.292	-1.123766
0.293	-1.113214
0.294	-1.031014
0.295	-0.914378
0.296	-0.794926
0.297	-0.689058
0.298	-0.603613
0.299	-0.541462
0.3	-0.499461
0.301	-0.459891
0.302	-0.395002
0.303	-0.299245
0.304	-0.209725
0.305	-0.178101
0.306	-0.227588
0.307	-0.340836
0.308	-0.483247
0.309	-0.631595
0.31	-0.774446
0.311	-0.894724
0.312	-0.969214
0.313	-0.984462
0.314	-0.945354
0.315	-0.870119
0.316	-0.780455
0.317	-0.694337
0.318	-0.621745
0.319	-0.562435
0.32	-0.507131
0.321	-0.439494
0.322	-0.346749
0.323	-0.242946
0.324	-0.170721
0.325	-0.166719
0.326	-0.233406
0.327	-0.347104
0.328	-0.48433
0.329	-0.630537
0.33	-0.760705
0.331	-0.825596
0.332	-0.774337
0.333	-0.603895
0.334	-0.396074
0.335	-0.284682
0.336	-0.344927
0.337	-0.513333
0.338	-0.645592
0.339	-0.652064
0.34	-0.553714
0.341	-0.419862
0.342	-0.298767
0.343	-0.21418
0.344	-0.183332
0.345	-0.213212
0.346	-0.290044
0.347	-0.386605
0.348	-0.484709
0.349	-0.581482
0.35	-0.671258
0.351	-0.738256
0.352	-0.77171
0.353	-0.774699
0.354	-0.755889
0.355	-0.721032
0.356	-0.674692
0.357	-0.623957
0.358	-0.573589
0.359	-0.521207
0.36	-0.460213
0.361	-0.385173
0.362	-0.30246
0.363	-0.236274
0.364	-0.213138
0.365	-0.241801
0.366	-0.308899
0.367	-0.390865
0.368	-0.471837
0.369	-0.546341
0.37	-0.606615
0.371	-0.639859
0.372	-0.641729
0.373	-0.624724
0.374	-0.605256
0.375	-0.586585
0.376	-0.562688
0.377	-0.530492
0.378	-0.489425
0.379	-0.43745
0.38	-0.372579
0.381	-0.296959
0.382	-0.224534
0.383	-0.180532
0.384	-0.184228
0.385	-0.233723
0.386	-0.307519
0.387	-0.381274
0.388	-0.44304
0.389	-0.488552
0.39	-0.51167
0.391	-0.509313
0.392	-0.491611
0.393	-0.479998
0.394	-0.486425
0.395	-0.499555
0.396	-0.501851
0.397	-0.48754
0.398	-0.457669
0.399	-0.412204
0.4	-0.350105
0.401	-0.274641
0.402	-0.203328
0.403	-0.165387
0.404	-0.179323
0.405	-0.236727
0.406	-0.310367
0.407	-0.375954
0.408	-0.423227
0.409	-0.447945
0.41	-0.444575
0.411	-0.412988
0.412	-0.372189
0.413	-0.356308
0.414	-0.38033
0.415	-0.422176
0.416	-0.450696
0.417	-0.452435
0.418	-0.429237
0.419	-0.388482
0.42	-0.337854
0.421	-0.286563
0.422	-0.247085
0.423	-0.223447
0.424	-0.206123
0.425	-0.189892
0.426	-0.180573
0.427	-0.181503
0.428	-0.190784
0.429	-0.212762
0.43	-0.258768
0.431	-0.326807
0.432	-0.389579
0.433	-0.417923
0.434	-0.408474
0.435	-0.377525
0.436	-0.339882
0.437	-0.303634
0.438	-0.277531
0.439	-0.273249
0.44	-0.295493
0.441	-0.328245
0.442	-0.33848
0.443	-0.307547
0.444	-0.254679
0.445	-0.215609
0.446	-0.206883
0.447	-0.220131
0.448	-0.240071
0.449	-0.262706
0.45	-0.295028
0.451	-0.336019
0.452	-0.369332
0.453	-0.379305
0.454	-0.364537
0.455	-0.33435
0.456	-0.299411
0.457	-0.268791
0.458	-0.252827
0.459	-0.263395
0.46	-0.306119
0.461	-0.36432
0.462	-0.392576
0.463	-0.34314
0.464	-0.201048
0.465	0.004634
0.466	0.198745
0.467	0.278786
0.468	0.186315
0.469	-0.029335
0.47	-0.244706
0.471	-0.36398
0.472	-0.37854
0.473	-0.338967
0.474	-0.294353
0.475	-0.263798
0.476	-0.245682
0.477	-0.236002
0.478	-0.235411
0.479	-0.244652
0.48	-0.259414
0.481	-0.267262
0.482	-0.253865
0.483	-0.224525
0.484	-0.207286
0.485	-0.222076
0.486	-0.259768
0.487	-0.293821
0.488	-0.305829
0.489	-0.301864
0.49	-0.300964
0.491	-0.309531
0.492	-0.316741
0.493	-0.311234
0.494	-0.293146
0.495	-0.271161
0.496	-0.253494
0.497	-0.244037
0.498	-0.242383
0.499	-0.244297
0.5	-0.243811
0.501	-0.233266
0.502	-0.208911
0.503	-0.183475
0.504	-0.178702
0.505	-0.201145
0.506	-0.235011
0.507	-0.255876
0.508	-0.252094
0.509	-0.235905
0.51	-0.226522
0.511	-0.226726
0.512	-0.225445
0.513	-0.215388
0.514	-0.200476
0.515	-0.189986
0.516	-0.189686
0.517	-0.198204
0.518	-0.207045
0.519	-0.20513
0.52	-0.187227
0.521	-0.156451
0.522	-0.125055
0.523	-0.113352
0.524	-0.134506
0.525	-0.180574
0.526	-0.227356
0.527	-0.252421
0.528	-0.253189
0.529	-0.244148
0.53	-0.235134
0.531	-0.223045
0.532	-0.203699
0.533	-0.181491
0.534	-0.166529
0.535	-0.165681
0.536	-0.177972
0.537	-0.195525
0.538	-0.204896
0.539	-0.1939
0.54	-0.161197
0.541	-0.117164
0.542	-0.082463
0.543	-0.081939
0.544	-0.124805
0.545	-0.192893
0.546	-0.25325
0.547	-0.282159
0.548	-0.279211
0.549	-0.257356
0.55	-0.224692
0.551	-0.182623
0.552	-0.137213
0.553	-0.104293
0.554	-0.097862
0.555	-0.117033
0.556	-0.14937
0.557	-0.178424
0.558	-0.186086
0.559	-0.160573
0.56	-0.104781
0.561	-0.035638
0.562	0.018141
0.563	0.029103
0.564	-0.00389
0.565	-0.054526
0.566	-0.093831
0.567	-0.108929
0.568	-0.10948
0.569	-0.120519
0.57	-0.160972
0.571	-0.22
0.572	-0.253761
0.573	-0.226828
0.574	-0.155495
0.575	-0.087184
0.576	-0.051302
0.577	-0.045487
0.578	-0.055208
0.579	-0.077909
0.58	-0.123378
0.581	-0.18579
0.582	-0.231477
0.583	-0.231077
0.584	-0.191688
0.585	-0.143773
0.586	-0.107197
0.587	-0.083005
0.588	-0.071494
0.589	-0.081187
0.59	-0.116883
0.591	-0.165919
0.592	-0.201862
0.593	-0.20738
0.594	-0.183984
0.595	-0.128547
0.596	-0.018247
0.597	0.157331
0.598	0.343019
0.599	0.416597
0.6	0.286234
0.601	0.007471
0.602	-0.2398
0.603	-0.319048
0.604	-0.249183
0.605	-0.140868
0.606	-0.073703
0.607	-0.057041
0.608	-0.067164
0.609	-0.08739
0.61	-0.115833
0.611	-0.147109
0.612	-0.161453
0.613	-0.144362
0.614	-0.107783
0.615	-0.078438
0.616	-0.07147
0.617	-0.082866
0.618	-0.1028
0.619	-0.130036
0.62	-0.168618
0.621	-0.208587
0.622	-0.222877
0.623	-0.198199
0.624	-0.155329
0.625	-0.12353
0.626	-0.110622
0.627	-0.105904
0.628	-0.09853
0.629	-0.090535
0.63	-0.093533
0.631	-0.109055
0.632	-0.12018
0.633	-0.111073
0.634	-0.086636
0.635	-0.065507
0.636	-0.060018
0.637	-0.068914
0.638	-0.085443
0.639	-0.107293
0.64	-0.136264
0.641	-0.163893
0.642	-0.167817
0.643	-0.140076
0.644	-0.102962
0.645	-0.080417
0.646	-0.073395
0.647	-0.068572
0.648	-0.056965
0.649	-0.044676
0.65	-0.045309
0.651	-0.059635
0.652	-0.071298
0.653	-0.065824
0.654	-0.047173
0.655	-0.032089
0.656	-0.032017
0.657	-0.045447
0.658	-0.064554
0.659	-0.084075
0.66	-0.103411
0.661	-0.117716
0.662	-0.114973
0.663	-0.093014
0.664	-0.066116
0.665	-0.048391
0.666	-0.043621
0.667	-0.047228
0.668	-0.052885
0.669	-0.062719
0.67	-0.082301
0.671	-0.102508
0.672	-0.102927
0.673	-0.076452
0.674	-0.039231
0.675	-0.014259
0.676	-0.011669
0.677	-0.026145
0.678	-0.045316
0.679	-0.058992
0.68	-0.06421
0.681	-0.059921
0.682	-0.045476
0.683	-0.029548
0.684	-0.025207
0.685	-0.034862
0.686	-0.050122
0.687	-0.061282
0.688	-0.064669
0.689	-0.065346
0.69	-0.068298
0.691	-0.065924
0.692	-0.043757
0.693	-0.000874
0.694	0.042568
0.695	0.061408
0.696	0.045854
0.697	0.006609
0.698	-0.033692
0.699	-0.056004
0.7	-0.056209
0.701	-0.041349
0.702	-0.02378
0.703	-0.017755
0.704	-0.028013
0.705	-0.046433
0.706	-0.063725
0.707	-0.076052
0.708	-0.083788
0.709	-0.089722
0.71	-0.093617
0.711	-0.086956
0.712	-0.061145
0.713	-0.023329
0.714	0.00551
0.715	0.01063
0.716	-0.005908
0.717	-0.030379
0.718	-0.045211
0.719	-0.039018
0.72	-0.013905
0.721	0.017811
0.722	0.037403
0.723	0.026156
0.724	-0.018947
0.725	-0.078838
0.726	-0.120604
0.727	-0.109784
0.728	-0.027652
0.729	0.109533
0.73	0.242629
0.731	0.294366
0.732	0.227729
0.733	0.085985
0.734	-0.038722
0.735	-0.086297
0.736	-0.071402
0.737	-0.042809
0.738	-0.024611
0.739	-0.010202
0.74	0.011521
0.741	0.040289
0.742	0.061558
0.743	0.057438
0.744	0.0263
0.745	-0.016454
0.746	-0.056196
0.747	-0.090454
0.748	-0.123403
0.749	-0.149435
0.75	-0.147448
0.751	-0.102075
0.752	-0.032078
0.753	0.01775
0.754	0.021176
0.755	-0.009217
0.756	-0.046483
0.757	-0.072098
0.758	-0.077452
0.759	-0.060883
0.76	-0.024655
0.761	0.024283
0.762	0.067118
0.763	0.080823
0.764	0.060254
0.765	0.020663
0.766	-0.021536
0.767	-0.061165
0.768	-0.095479
0.769	-0.109574
0.77	-0.08208
0.771	-0.012046
0.772	0.062997
0.773	0.094424
0.774	0.072494
0.775	0.027338
0.776	-0.012115
0.777	-0.035728
0.778	-0.041729
0.779	-0.027866
0.78	0.009947
0.781	0.069158
0.782	0.127152
0.783	0.14966
0.784	0.121078
0.785	0.057666
0.786	-0.011502
0.787	-0.068145
0.788	-0.103975
0.789	-0.106581
0.79	-0.062902
0.791	0.017741
0.792	0.091125
0.793	0.110449
0.794	0.075952
0.795	0.030738
0.796	0.013815
0.797	0.032213
0.798	0.062092
0.799	0.068329
0.8	0.03562
0.801	-0.011389
0.802	-0.025108
0.803	0.016674
0.804	0.087659
0.805	0.14358
0.806	0.15946
0.807	0.136685
0.808	0.089105
0.809	0.027849
0.81	-0.039147
0.811	-0.096432
0.812	-0.121281
0.813	-0.101532
0.814	-0.048859
0.815	0.011664
0.816	0.061384
0.817	0.092617
0.818	0.101389
0.819	0.085668
0.82	0.052991
0.821	0.029696
0.822	0.048589
0.823	0.113098
0.824	0.188415
0.825	0.234165
0.826	0.230934
0.827	0.182275
0.828	0.104618
0.829	0.014893
0.83	-0.071142
0.831	-0.133932
0.832	-0.155383
0.833	-0.132126
0.834	-0.079999
0.835	-0.022444
0.836	0.023205
0.837	0.047917
0.838	0.049845
0.839	0.034859
0.84	0.015794
0.841	0.013715
0.842	0.046299
0.843	0.103538
0.844	0.152548
0.845	0.168641
0.846	0.148336
0.847	0.102238
0.848	0.044994
0.849	-0.012866
0.85	-0.064361
0.851	-0.100435
0.852	-0.11164
0.853	-0.096533
0.854	-0.067689
0.855	-0.045766
0.856	-0.041525
0.857	-0.039129
0.858	0.0049
0.859	0.133603
0.86	0.340769
0.861	0.545216
0.862	0.628434
0.863	0.531604
0.864	0.324316
0.865	0.143836
0.866	0.064609
0.867	0.054473
0.868	0.042215
0.869	-0.006898
0.87	-0.076197
0.871	-0.128343
0.872	-0.140108
0.873	-0.114963
0.874	-0.0719
0.875	-0.029062
0.876	0.001287
0.877	0.012676
0.878	0.008742
0.879	0.002409
0.88	0.008913
0.881	0.041528
0.882	0.099874
0.883	0.159497
0.884	0.190011
0.885	0.181177
0.886	0.141251
0.887	0.079788
0.888	0.003164
0.889	-0.077647
0.89	-0.143951
0.891	-0.176505
0.892	-0.167997
0.893	-0.130462
0.894	-0.08556
0.895	-0.047642
0.896	-0.021014
0.897	-0.0047
0.898	0.007853
0.899	0.026877
0.9	0.062151
0.901	0.119851
0.902	0.19237
0.903	0.254327
0.904	0.281351
0.905	0.266258
0.906	0.212756
0.907	0.127236
0.908	0.022656
0.909	-0.077664
0.91	-0.145497
0.911	-0.160585
0.912	-0.126979
0.913	-0.074321
0.914	-0.032258
0.915	-0.009711
0.916	-0.002512
0.917	-0.004387
0.918	-0.005837
0.919	0.006375
0.92	0.046149
0.921	0.120322
0.922	0.213857
0.923	0.291552
0.924	0.325141
0.925	0.30728
0.926	0.239615
0.927	0.128286
0.928	-0.00482
0.929	-0.121794
0.93	-0.1864
0.931	-0.184548
0.932	-0.136609
0.933	-0.082824
0.934	-0.047852
0.935	-0.031312
0.936	-0.026858
0.937	-0.02984
0.938	-0.031174
0.939	-0.015039
0.94	0.037766
0.941	0.137119
0.942	0.263251
0.943	0.367497
0.944	0.405022
0.945	0.362177
0.946	0.253315
0.947	0.106371
0.948	-0.043203
0.949	-0.157075
0.95	-0.204854
0.951	-0.180132
0.952	-0.11267
0.953	-0.048153
0.954	-0.007749
0.955	0.014608
0.956	0.024626
0.957	0.020878
0.958	0.00872
0.959	0.008772
0.96	0.050443
0.961	0.149956
0.962	0.285231
0.963	0.399331
0.964	0.439739
0.965	0.390629
0.966	0.268571
0.967	0.104646
0.968	-0.062838
0.969	-0.192422
0.97	-0.250436
0.971	-0.230478
0.972	-0.166471
0.973	-0.105979
0.974	-0.065605
0.975	-0.031351
0.976	0.006076
0.977	0.035048
0.978	0.039079
0.979	0.020412
0.98	0.006923
0.981	0.043231
0.982	0.161789
0.983	0.339508
0.984	0.496276
0.985	0.551179
0.986	0.472717
0.987	0.284336
0.988	0.041988
0.989	-0.186081
0.99	-0.325137
0.991	-0.307716
0.992	-0.119656
0.993	0.150485
0.994	0.338935
0.995	0.33298
0.996	0.171595
0.997	-0.005623
0.998	-0.09462
0.999	-0.087293
1.0	-0.020523
1.001	0.091327
1.002	0.253389
1.003	0.438859
1.004	0.578977
1.005	0.609881
1.006	0.514639
1.007	0.324614
1.008	0.090914
1.009	-0.139864
1.01	-0.327086
1.011	-0.432941
1.012	-0.432263
1.013	-0.332334
1.014	-0.181992
1.015	-0.048862
1.016	0.018626
1.017	0.01226
1.018	-0.035795
1.019	-0.070247
1.02	-0.039215
1.021	0.086355
1.022	0.29374
1.023	0.517744
1.024	0.669645
1.025	0.687081
1.026	0.56114
1.027	0.330188
1.028	0.054218
1.029	-0.205706
1.03	-0.39441
1.031	-0.471297
1.032	-0.425927
1.033	-0.287896
1.034	-0.118861
1.035	0.013081
1.036	0.062823
1.037	0.029454
1.038	-0.03982
1.039	-0.074423
1.04	-0.018287
1.041	0.148227
1.042	0.396579
1.043	0.64849
1.044	0.808082
1.045	0.81148
1.046	0.652479
1.047	0.372468
1.048	0.035908
1.049	-0.282988
1.05	-0.508344
1.051	-0.583634
1.052	-0.498974
1.053	-0.304837
1.054	-0.093202
1.055	0.049228
1.056	0.080233
1.057	0.015755
1.058	-0.078492
1.059	-0.118808
1.06	-0.042732
1.061	0.166224
1.062	0.465432
1.063	0.759293
1.064	0.939895
1.065	0.936795
1.066	0.739902
1.067	0.392664
1.068	-0.023618
1.069	-0.403574
1.07	-0.643519
1.071	-0.682081
1.072	-0.531646
1.073	-0.276142
1.074	-0.029891
1.075	0.115015
1.076	0.12057
1.077	0.013515
1.078	-0.124209
1.079	-0.191227
1.08	-0.1105
1.081	0.138903
1.082	0.504176
1.083	0.869124
1.084	1.102575
1.085	1.115459
1.086	0.890513
1.087	0.480944
1.088	-0.005095
1.089	-0.43167
1.09	-0.680214
1.091	-0.696048
1.092	-0.511254
1.093	-0.228408
1.094	0.030082
1.095	0.170357
1.096	0.152551
1.097	0.005267
1.098	-0.178291
1.099	-0.27645
1.1	-0.190563
1.101	0.109265
1.102	0.556756
1.103	1.004064
1.104	1.285534
1.105	1.290883
1.106	1.002465
1.107	0.493499
1.108	-0.093129
1.109	-0.585914
1.11	-0.845086
1.111	-0.817479
1.112	-0.558948
1.113	-0.20277
1.114	0.107082
1.115	0.263802
1.116	0.221942
1.117	0.017178
1.118	-0.238062
1.119	-0.39693
1.12	-0.337586
1.121	-0.013922
1.122	0.52098
1.123	1.130499
1.124	1.636615
1.125	1.858311
1.126	1.652825
1.127	0.999359
1.128	0.083221
1.129	-0.752744
1.13	-1.202973
1.131	-1.17136
1.132	-0.786179
1.133	-0.282166
1.134	0.132608
1.135	0.341784
1.136	0.33425
1.137	0.187672
1.138	-0.014141
1.139	-0.33312
1.14	-1.068946
1.141	-2.552366
1.142	-4.662999
1.143	-6.673392
1.144	-7.764987
1.145	-7.549496
1.146	-6.059654
1.147	-3.554585
1.148	-0.449545
1.149	2.672199
1.15	5.063204
1.151	6.040383
1.152	5.479675
1.153	4.030112
1.154	2.593889
1.155	1.63127
1.156	1.066153
1.157	0.666042
1.158	0.341186
1.159	0.166262
1.16	0.257133
1.161	0.664684
1.162	1.324785
1.163	2.043732
1.164	2.549867
1.165	2.611582
1.166	2.144682
1.167	1.250453
1.168	0.17289
1.169	-0.79528
1.17	-1.4064
1.171	-1.529588
1.172	-1.194825
1.173	-0.58742
1.174	0.026325
1.175	0.422814
1.176	0.524953
1.177	0.41069
1.178	0.199661
1.179	-0.139342
1.18	-0.897222
1.181	-2.394006
1.182	-4.474584
1.183	-6.382427
1.184	-7.3159
1.185	-6.950078
1.186	-5.402706
1.187	-2.990361
1.188	-0.110126
1.189	2.727446
1.19	4.846504
1.191	5.628406
1.192	5.013192
1.193	3.6654
1.194	2.417345
1.195	1.626781
1.196	1.158955
1.197	0.786019
1.198	0.461291
1.199	0.308733
1.2	0.476342
1.201	1.01119
1.202	1.802923
1.203	2.60163
1.204	3.110079
1.205	3.101418
1.206	2.506661
1.207	1.443048
1.208	0.174015
1.209	-0.9734
1.21	-1.705894
1.211	-1.863519
1.212	-1.486087
1.213	-0.800389
1.214	-0.116694
1.215	0.320334
1.216	0.439269
1.217	0.339974
1.218	0.165314
1.219	-0.107274
1.22	-0.778445
1.221	-2.185508
1.222	-4.189194
1.223	-6.045046
1.224	-6.958437
1.225	-6.610364
1.226	-5.127366
1.227	-2.825171
1.228	-0.078974
1.229	2.62922
1.23	4.644762
1.231	5.366243
1.232	4.742326
1.233	3.426784
1.234	2.227284
1.235	1.478817
1.236	1.038337
1.237	0.688835
1.238	0.403751
1.239	0.319399
1.24	0.580076
1.241	1.213263
1.242	2.081964
1.243	2.917657
1.244	3.417845
1.245	3.360034
1.246	2.683694
1.247	1.514222
1.248	0.131582
1.249	-1.105032
1.25	-1.876136
1.251	-2.030412
1.252	-1.646601
1.253	-0.979767
1.254	-0.319028
1.255	0.151629
1.256	0.407955
1.257	0.531209
1.258	0.562878
1.259	0.352708
1.26	-0.438452
1.261	-2.047549
1.262	-4.191673
1.263	-6.0677
1.264	-6.922848
1.265	-6.507257
1.266	-4.988856
1.267	-2.692824
1.268	0.010394
1.269	2.649396
1.27	4.588824
1.271	5.246904
1.272	4.578702
1.273	3.234873
1.274	2.021517
1.275	1.276078
1.276	0.859842
1.277	0.557068
1.278	0.333983
1.279	0.314823
1.28	0.634257
1.281	1.312748
1.282	2.207229
1.283	3.045068
1.284	3.52433
1.285	3.430608
1.286	2.714341
1.287	1.509916
1.288	0.107778
1.289	-1.124691
1.29	-1.872021
1.291	-2.00081
1.292	-1.613663
1.293	-0.976249
1.294	-0.370332
1.295	0.020433
1.296	0.160222
1.297	0.145974
1.298	0.093001
1.299	-0.058181
1.3	-0.645398
1.301	-2.044748
1.302	-4.145749
1.303	-6.164856
1.304	-7.175236
1.305	-6.763694
1.306	-5.122213
1.307	-2.695386
1.308	0.08325
1.309	2.745499
1.31	4.673954
1.311	5.292633
1.312	4.558217
1.313	3.136377
1.314	1.860985
1.315	1.097188
1.316	0.720322
1.317	0.504596
1.318	0.385878
1.319	0.456252
1.32	0.829923
1.321	1.518295
1.322	2.377067
1.323	3.141712
1.324	3.533524
1.325	3.372638
1.326	2.637577
1.327	1.470716
1.328	0.141663
1.329	-1.036362
1.33	-1.807487
1.331	-2.045754
1.332	-1.788709
1.333	-1.223859
1.334	-0.608326
1.335	-0.14483
1.336	0.108917
1.337	0.227226
1.338	0.286106
1.339	0.173566
1.34	-0.485937
1.341	-2.050289
1.342	-4.326688
1.343	-6.440613
1.344	-7.427107
1.345	-6.895863
1.346	-5.091091
1.347	-2.504933
1.348	0.392987
1.349	3.095349
1.35	4.951285
1.351	5.402636
1.352	4.490677
1.353	2.965448
1.354	1.679185
1.355	0.970328
1.356	0.690181
1.357	0.595588
1.358	0.592455
1.359	0.724177
1.36	1.060181
1.361	1.611536
1.362	2.289681
1.363	2.907187
1.364	3.240286
1.365	3.122211
1.366	2.511896
1.367	1.513387
1.368	0.34189
1.369	-0.742036
1.37	-1.504176
1.371	-1.8096
1.372	-1.674894
1.373	-1.257137
1.374	-0.773127
1.375	-0.394785
1.376	-0.182441
1.377	-0.084805
1.378	0.01183
1.379	0.218727
1.38	0.596061
1.381	1.131936
1.382	1.734576
1.383	2.246049
1.384	2.496611
1.385	2.37599
1.386	1.885191
1.387	1.141013
1.388	0.319183
1.389	-0.42691
1.39	-1.006333
1.391	-1.367429
1.392	-1.467435
1.393	-1.303269
1.394	-0.963999
1.395	-0.604323
1.396	-0.343717
1.397	-0.192484
1.398	-0.065759
1.399	0.142083
1.4	0.48996
1.401	0.963638
1.402	1.478404
1.403	1.903623
1.404	2.106339
1.405	1.99573
1.406	1.555943
1.407	0.856735
1.408	0.036897
1.409	-0.72818
1.41	-1.273357
1.411	-1.501444
1.412	-1.422554
1.413	-1.145782
1.414	-0.818492
1.415	-0.550682
1.416	-0.376454
1.417	-0.260229
1.418	-0.12837
1.419	0.088196
1.42	0.41987
1.421	0.843317
1.422	1.282727
1.423	1.631399
1.424	1.787291
1.425	1.683935
1.426	1.311566
1.427	0.725762
1.428	0.03917
1.429	-0.602005
1.43	-1.058095
1.431	-1.247961
1.432	-1.186132
1.433	-0.969077
1.434	-0.713515
1.435	-0.499722
1.436	-0.351495
1.437	-0.240364
1.438	-0.107563
1.439	0.09983
1.44	0.400101
1.441	0.766888
1.442	1.133127
1.443	1.409864
1.444	1.515958
1.445	1.404142
1.446	1.073716
1.447	0.572526
1.448	-0.004132
1.449	-0.529323
1.45	-0.887274
1.451	-1.023508
1.452	-0.96824
1.453	-0.80806
1.454	-0.627465
1.455	-0.475218
1.456	-0.361442
1.457	-0.261188
1.458	-0.12921
1.459	0.072406
1.46	0.352769
1.461	0.684442
1.462	1.006084
1.463	1.239109
1.464	1.315534
1.465	1.200651
1.466	0.900856
1.467	0.463219
1.468	-0.026964
1.469	-0.461701
1.47	-0.748044
1.471	-0.851437
1.472	-0.808973
1.473	-0.692614
1.474	-0.559909
1.475	-0.438994
1.476	-0.333726
1.477	-0.226803
1.478	-0.09232
1.479	0.082074
1.48	0.288917
1.481	0.520353
1.482	0.770949
1.483	1.001246
1.484	1.127053
1.485	1.069111
1.486	0.807838
1.487	0.400938
1.488	-0.041275
1.489	-0.406744
1.49	-0.624083
1.491	-0.684796
1.492	-0.639408
1.493	-0.555167
1.494	-0.471871
1.495	-0.39914
1.496	-0.331821
1.497	-0.253641
1.498	-0.142168
1.499	0.015246
1.5	0.211734
1.501	0.4319
1.502	0.660261
1.503	0.8625
1.504	0.97671
1.505	0.948278
1.506	0.769042
1.507	0.477675
1.508	0.130947
1.509	-0.218166
1.51	-0.519777
1.511	-0.723346
1.512	-0.790422
1.513	-0.712989
1.514	-0.512951
1.515	-0.227652
1.516	0.085981
1.517	0.337019
1.518	0.435785
1.519	0.379445
1.52	0.284911
1.521	0.299425
1.522	0.466217
1.523	0.690318
1.524	0.834752
1.525	0.8249
1.526	0.667071
1.527	0.410109
1.528	0.107466
1.529	-0.194259
1.53	-0.446087
1.531	-0.597569
1.532	-0.622519
1.533	-0.543046
1.534	-0.418611
1.535	-0.304857
1.536	-0.221204
1.537	-0.15155
1.538	-0.067602
1.539	0.046131
1.54	0.186491
1.541	0.344384
1.542	0.504416
1.543	0.633047
1.544	0.689116
1.545	0.648696
1.546	0.516134
1.547	0.317396
1.548	0.085915
1.549	-0.144392
1.55	-0.335527
1.551	-0.447307
1.552	-0.457253
1.553	-0.382668
1.554	-0.273021
1.555	-0.173703
1.556	-0.099404
1.557	-0.035994
1.558	0.040385
1.559	0.142472
1.56	0.266303
1.561	0.400327
1.562	0.526556
1.563	0.6159
1.564	0.638471
1.565	0.58074
1.566	0.450341
1.567	0.268781
1.568	0.063418
1.569	-0.13509
1.57	-0.29433
1.571	-0.386109
1.572	-0.399478
1.573	-0.35302
1.574	-0.2847
1.575	-0.222943
1.576	-0.171021
1.577	-0.113306
1.578	-0.03156
1.579	0.078927
1.58	0.206773
1.581	0.334098
1.582	0.441813
1.583	0.509938
1.584	0.521349
1.585	0.467805
1.586	0.354285
1.587	0.197942
1.588	0.022211
1.589	-0.145725
1.59	-0.273088
1.591	-0.329599
1.592	-0.310488
1.593	-0.246309
1.594	-0.178181
1.595	-0.126886
1.596	-0.087169
1.597	-0.040016
1.598	0.031448
1.599	0.130376
1.6	0.246689
1.601	0.36269
1.602	0.455365
1.603	0.503921
1.604	0.500289
1.605	0.447146
1.606	0.349932
1.607	0.219151
1.608	0.07694
1.609	-0.045595
1.61	-0.117708
1.611	-0.124359
1.612	-0.084807
1.613	-0.043526
1.614	-0.030953
1.615	-0.04362
1.616	-0.057878
1.617	-0.048729
1.618	-0.002253
1.619	0.078999
1.62	0.180326
1.621	0.282057
1.622	0.363431
1.623	0.406705
1.624	0.400688
1.625	0.34099
1.626	0.23254
1.627	0.094385
1.628	-0.042703
1.629	-0.145719
1.63	-0.189776
1.631	-0.175023
1.632	-0.137423
1.633	-0.120411
1.634	-0.13331
1.635	-0.15237
1.636	-0.150107
1.637	-0.112512
1.638	-0.042033
1.639	0.045885
1.64	0.129992
1.641	0.192461
1.642	0.230161
1.643	0.253607
1.644	0.269093
1.645	0.278185
1.646	0.299979
1.647	0.360934
1.648	0.437967
1.649	0.436955
1.65	0.276951
1.651	0.00276
1.652	-0.231641
1.653	-0.308668
1.654	-0.241075
1.655	-0.119699
1.656	-0.015302
1.657	0.052945
1.658	0.088645
1.659	0.092815
1.66	0.072944
1.661	0.061982
1.662	0.099285
1.663	0.181718
1.664	0.256571
1.665	0.272246
1.666	0.220575
1.667	0.128647
1.668	0.024475
1.669	-0.078528
1.67	-0.168555
1.671	-0.225321
1.672	-0.234129
1.673	-0.203538
1.674	-0.157451
1.675	-0.111806
1.676	-0.067885
1.677	-0.024711
1.678	0.010727
1.679	0.026912
1.68	0.025062
1.681	0.031541
1.682	0.07428
1.683	0.145323
1.684	0.204967
1.685	0.218963
1.686	0.182866
1.687	0.116025
1.688	0.037387
1.689	-0.044823
1.69	-0.11958
1.691	-0.165133
1.692	-0.164408
1.693	-0.123723
1.694	-0.067504
1.695	-0.015106
1.696	0.029028
1.697	0.066264
1.698	0.09493
1.699	0.109899
1.7	0.113651
1.701	0.127127
1.702	0.169671
1.703	0.227078
1.704	0.260089
1.705	0.24309
1.706	0.184366
1.707	0.109802
1.708	0.034705
1.709	-0.038909
1.71	-0.10403
1.711	-0.143579
1.712	-0.145828
1.713	-0.11863
1.714	-0.082468
1.715	-0.050756
1.716	-0.024107
1.717	0.000841
1.718	0.025111
1.719	0.046414
1.72	0.06522
1.721	0.090535
1.722	0.127293
1.723	0.161768
1.724	0.171678
1.725	0.14809
1.726	0.102806
1.727	0.05233
1.728	-0.000379
1.729	-0.057752
1.73	-0.108982
1.731	-0.134169
1.732	-0.12504
1.733	-0.09444
1.734	-0.062877
1.735	-0.040006
1.736	-0.023411
1.737	-0.006337
1.738	0.016982
1.739	0.046392
1.74	0.079056
1.741	0.116647
1.742	0.158382
1.743	0.190924
1.744	0.197072
1.745	0.172584
1.746	0.127293
1.747	0.072436
1.748	0.015457
1.749	-0.034128
1.75	-0.063964
1.751	-0.068035
1.752	-0.054504
1.753	-0.040379
1.754	-0.035284
1.755	-0.035008
1.756	-0.03144
1.757	-0.019998
1.758	-1e-06
1.759	0.025596
1.76	0.054456
1.761	0.086127
1.762	0.113991
1.763	0.123843
1.764	0.106577
1.765	0.067744
1.766	0.021002
1.767	-0.02287
1.768	-0.056129
1.769	-0.070705
1.77	-0.061081
1.771	-0.031342
1.772	-0.001744
1.773	0.001171
1.774	-0.0308
1.775	-0.080668
1.776	-0.117679
1.777	-0.103411
1.778	-0.001774
1.779	0.192039
1.78	0.418926
1.781	0.560947
1.782	0.519387
1.783	0.313727
1.784	0.077238
1.785	-0.066066
1.786	-0.09917
1.787	-0.082677
1.788	-0.067176
1.789	-0.05794
1.79	-0.039367
1.791	-0.008779
1.792	0.012463
1.793	0.002763
1.794	-0.031161
1.795	-0.063517
1.796	-0.076861
1.797	-0.07092
1.798	-0.055733
1.799	-0.041605
1.8	-0.032991
1.801	-0.028654
1.802	-0.02041
1.803	0.003339
1.804	0.040082
1.805	0.068258
1.806	0.071076
1.807	0.053569
1.808	0.026357
1.809	-0.015372
1.81	-0.077676
1.811	-0.137464
1.812	-0.155799
1.813	-0.123692
1.814	-0.067395
1.815	-0.012611
1.816	0.032396
1.817	0.062237
1.818	0.062028
1.819	0.018226
1.82	-0.056478
1.821	-0.115122
1.822	-0.111652
1.823	-0.047507
1.824	0.032264
1.825	0.083548
1.826	0.093763
1.827	0.079003
1.828	0.056277
1.829	0.023165
1.83	-0.025872
1.831	-0.074262
1.832	-0.093314
1.833	-0.073671
1.834	-0.031697
1.835	0.012495
1.836	0.048719
1.837	0.06946
1.838	0.06332
1.839	0.0228
1.84	-0.039424
1.841	-0.085098
1.842	-0.079034
1.843	-0.026693
1.844	0.032714
1.845	0.065016
1.846	0.065268
1.847	0.052291
1.848	0.038027
1.849	0.009207
1.85	-0.044592
1.851	-0.099856
1.852	-0.119941
1.853	-0.096797
1.854	-0.052524
1.855	-0.00898
1.856	0.025284
1.857	0.044976
1.858	0.042708
1.859	0.015313
1.86	-0.02497
1.861	-0.048341
1.862	-0.033306
1.863	0.007506
1.864	0.041797
1.865	0.048835
1.866	0.033331
1.867	0.01489
1.868	0.001506
1.869	-0.017765
1.87	-0.048733
1.871	-0.075588
1.872	-0.075742
1.873	-0.043381
1.874	0.007507
1.875	0.05797
1.876	0.093177
1.877	0.103153
1.878	0.085918
1.879	0.048933
1.88	0.008721
1.881	-0.012622
1.882	-0.005406
1.883	0.015379
1.884	0.026654
1.885	0.020572
1.886	0.009464
1.887	0.00852
1.888	0.01351
1.889	0.00548
1.89	-0.022388
1.891	-0.053934
1.892	-0.06676
1.893	-0.053608
1.894	-0.024876
1.895	0.004329
1.896	0.023163
1.897	0.028212
1.898	0.024164
1.899	0.01826
1.9	0.016928
1.901	0.025291
1.902	0.040049
1.903	0.047545
1.904	0.035212
1.905	0.002923
1.906	-0.037135
1.907	-0.071469
1.908	-0.088744
1.909	-0.066431
1.91	0.028397
1.911	0.197399
1.912	0.365184
1.913	0.41071
1.914	0.283848
1.915	0.072536
1.916	-0.081252
1.917	-0.112349
1.918	-0.059396
1.919	0.005355
1.92	0.042776
1.921	0.054098
1.922	0.050982
1.923	0.037528
1.924	0.015447
1.925	-0.008089
1.926	-0.024054
1.927	-0.033108
1.928	-0.046563
1.929	-0.071041
1.93	-0.097562
1.931	-0.110541
1.932	-0.105831
1.933	-0.093487
1.934	-0.082772
1.935	-0.074872
1.936	-0.068161
1.937	-0.059397
1.938	-0.044863
1.939	-0.025902
1.94	-0.007537
1.941	0.005958
1.942	0.010877
1.943	0.00535
1.944	-0.008462
1.945	-0.024921
1.946	-0.038478
1.947	-0.048407
1.948	-0.056999
1.949	-0.063294
1.95	-0.062309
1.951	-0.052285
1.952	-0.042379
1.953	-0.044195
1.954	-0.055526
1.955	-0.064414
1.956	-0.063097
1.957	-0.049769
1.958	-0.02674
1.959	0.000433
1.96	0.027532
1.961	0.051581
1.962	0.065147
1.963	0.058205
1.964	0.029171
1.965	-0.009234
1.966	-0.040327
1.967	-0.056755
1.968	-0.059184
1.969	-0.048744
1.97	-0.026855
1.971	-0.003086
1.972	0.003728
1.973	-0.015604
1.974	-0.047343
1.975	-0.070244
1.976	-0.073743
1.977	-0.059138
1.978	-0.03379
1.979	-0.003997
1.98	0.028513
1.981	0.060153
1.982	0.079652
1.983	0.07515
1.984	0.046861
1.985	0.007429
1.986	-0.031326
1.987	-0.062924
1.988	-0.078754
1.989	-0.068687
1.99	-0.031838
1.991	0.012247
1.992	0.030586
1.993	0.008765
1.994	-0.034092
1.995	-0.068877
1.996	-0.080168
1.997	-0.06795
1.998	-0.039262
1.999	-4.5e-05
2.0	0.046156
2.001	0.092412
2.002	0.127115
2.003	0.144436
2.004	0.153064
2.005	0.164434
2.006	0.174827
2.007	0.168962
2.008	0.132513
2.009	0.057788
2.01	-0.043256
2.011	-0.130746
2.012	-0.163697
2.013	-0.137324
2.014	-0.080286
2.015	-0.020798
2.016	0.029492
2.017	0.064104
2.018	0.070974
2.019	0.039087
2.02	-0.020629
2.021	-0.065503
2.022	-0.053489
2.023	0.013558
2.024	0.094351
2.025	0.146281
2.026	0.15285
2.027	0.124601
2.028	0.075343
2.029	0.006365
2.03	-0.075317
2.031	-0.139668
2.032	-0.1552
2.033	-0.122122
2.034	-0.069925
2.035	-0.027533
2.036	-0.00762
2.037	-0.009759
2.038	-0.019805
2.039	-0.004993
2.04	0.081084
2.041	0.263826
2.042	0.486613
2.043	0.610867
2.044	0.534226
2.045	0.302788
2.046	0.0706
2.047	-0.047759
2.048	-0.06348
2.049	-0.060257
2.05	-0.088789
2.051	-0.13056
2.052	-0.14405
2.053	-0.118152
2.054	-0.074545
2.055	-0.035452
2.056	-0.006658
2.057	0.014631
2.058	0.028915
2.059	0.032223
2.06	0.026341
2.061	0.025678
2.062	0.041586
2.063	0.068283
2.064	0.090646
2.065	0.095436
2.066	0.077704
2.067	0.040898
2.068	-0.012381
2.069	-0.080364
2.07	-0.147758
2.071	-0.185576
2.072	-0.175906
2.073	-0.131346
2.074	-0.081174
2.075	-0.043149
2.076	-0.016334
2.077	0.007907
2.078	0.034522
2.079	0.059554
2.08	0.07776
2.081	0.091753
2.082	0.107025
2.083	0.123469
2.084	0.132722
2.085	0.122199
2.086	0.086224
2.087	0.030207
2.088	-0.037597
2.089	-0.108736
2.09	-0.166733
2.091	-0.189355
2.092	-0.168932
2.093	-0.123775
2.094	-0.08
2.095	-0.048536
2.096	-0.024321
2.097	0.002426
2.098	0.036643
2.099	0.075022
2.1	0.112193
2.101	0.145492
2.102	0.172068
2.103	0.187478
2.104	0.185188
2.105	0.158299
2.106	0.106843
2.107	0.039273
2.108	-0.033531
2.109	-0.100333
2.11	-0.146272
2.111	-0.156715
2.112	-0.134064
2.113	-0.101006
2.114	-0.076872
2.115	-0.062516
2.116	-0.048562
2.117	-0.025423
2.118	0.011109
2.119	0.058627
2.12	0.113021
2.121	0.168441
2.122	0.212669
2.123	0.22999
2.124	0.209402
2.125	0.152063
2.126	0.070843
2.127	-0.018794
2.128	-0.101689
2.129	-0.160124
2.13	-0.178337
2.131	-0.155475
2.132	-0.11314
2.133	-0.077767
2.134	-0.055899
2.135	-0.03825
2.136	-0.016981
2.137	0.010173
2.138	0.042315
2.139	0.079085
2.14	0.123278
2.141	0.17459
2.142	0.221822
2.143	0.245209
2.144	0.227217
2.145	0.163896
2.146	0.067264
2.147	-0.040469
2.148	-0.132532
2.149	-0.184233
2.15	-0.184641
2.151	-0.149921
2.152	-0.116282
2.153	-0.105254
2.154	-0.107182
2.155	-0.104284
2.156	-0.090268
2.157	-0.065685
2.158	-0.029008
2.159	0.025562
2.16	0.102618
2.161	0.194563
2.162	0.276892
2.163	0.317945
2.164	0.296654
2.165	0.211806
2.166	0.077487
2.167	-0.079777
2.168	-0.218223
2.169	-0.283132
2.17	-0.22469
2.171	-0.039977
2.172	0.195161
2.173	0.353626
2.174	0.336029
2.175	0.151694
2.176	-0.073768
2.177	-0.199668
2.178	-0.178623
2.179	-0.056249
2.18	0.101583
2.181	0.250702
2.182	0.359905
2.183	0.400618
2.184	0.359539
2.185	0.251286
2.186	0.111497
2.187	-0.024153
2.188	-0.142496
2.189	-0.251368
2.19	-0.347065
2.191	-0.398552
2.192	-0.377506
2.193	-0.292566
2.194	-0.183524
2.195	-0.089419
2.196	-0.029582
2.197	-0.005034
2.198	-0.005698
2.199	-0.014569
2.2	-0.002695
2.201	0.066558
2.202	0.19858
2.203	0.340209
2.204	0.41667
2.205	0.38783
2.206	0.265447
2.207	0.09218
2.208	-0.090719
2.209	-0.255715
2.21	-0.376842
2.211	-0.424676
2.212	-0.386048
2.213	-0.284043
2.214	-0.167288
2.215	-0.078189
2.216	-0.033618
2.217	-0.025141
2.218	-0.028301
2.219	-0.015436
2.22	0.03858
2.221	0.149888
2.222	0.301119
2.223	0.433598
2.224	0.485353
2.225	0.430615
2.226	0.284088
2.227	0.083398
2.228	-0.129933
2.229	-0.318007
2.23	-0.444093
2.231	-0.477383
2.232	-0.413062
2.233	-0.288142
2.234	-0.164227
2.235	-0.087565
2.236	-0.066546
2.237	-0.076699
2.238	-0.079347
2.239	-0.041516
2.24	0.055344
2.241	0.209138
2.242	0.384872
2.243	0.520985
2.244	0.560569
2.245	0.47886
2.246	0.291212
2.247	0.042704
2.248	-0.212291
2.249	-0.42358
2.25	-0.54774
2.251	-0.5559
2.252	-0.454181
2.253	-0.295365
2.254	-0.15436
2.255	-0.082193
2.256	-0.081284
2.257	-0.113328
2.258	-0.124993
2.259	-0.074711
2.26	0.053647
2.261	0.244091
2.262	0.446394
2.263	0.594673
2.264	0.636526
2.265	0.54893
2.266	0.343789
2.267	0.067003
2.268	-0.216925
2.269	-0.445773
2.27	-0.569861
2.271	-0.562401
2.272	-0.441335
2.273	-0.273466
2.274	-0.138264
2.275	-0.083547
2.276	-0.106568
2.277	-0.160847
2.278	-0.182531
2.279	-0.122005
2.28	0.037099
2.281	0.269361
2.282	0.510147
2.283	0.680142
2.284	0.717797
2.285	0.598246
2.286	0.339453
2.287	-0.000929
2.288	-0.340859
2.289	-0.596874
2.29	-0.705968
2.291	-0.648437
2.292	-0.466839
2.293	-0.251958
2.294	-0.094207
2.295	-0.042171
2.296	-0.088874
2.297	-0.180729
2.298	-0.244901
2.299	-0.217858
2.3	-0.060656
2.301	0.230163
2.302	0.613075
2.303	0.998766
2.304	1.251484
2.305	1.220643
2.306	0.836522
2.307	0.205045
2.308	-0.428261
2.309	-0.836889
2.31	-0.934006
2.311	-0.773869
2.312	-0.488128
2.313	-0.214027
2.314	-0.045292
2.315	-0.016991
2.316	-0.1059
2.317	-0.239524
2.318	-0.322731
2.319	-0.274291
2.32	-0.061111
2.321	0.278617
2.322	0.642624
2.323	0.906637
2.324	0.972671
2.325	0.799211
2.326	0.413922
2.327	-0.087647
2.328	-0.566131
2.329	-0.884855
2.33	-0.96086
2.331	-0.802689
2.332	-0.507625
2.333	-0.209218
2.334	-0.018376
2.335	0.010331
2.336	-0.105824
2.337	-0.282928
2.338	-0.402767
2.339	-0.360335
2.34	-0.110335
2.341	0.303538
2.342	0.757192
2.343	1.094988
2.344	1.190412
2.345	0.989391
2.346	0.528677
2.347	-0.070189
2.348	-0.635103
2.349	-0.999657
2.35	-1.066883
2.351	-0.85718
2.352	-0.496071
2.353	-0.142945
2.354	0.073219
2.355	0.086788
2.356	-0.083279
2.357	-0.333302
2.358	-0.511807
2.359	-0.482393
2.36	-0.185921
2.361	0.323797
2.362	0.890312
2.363	1.315698
2.364	1.441495
2.365	1.203692
2.366	0.650059
2.367	-0.071277
2.368	-0.753029
2.369	-1.194577
2.37	-1.276799
2.371	-1.019015
2.372	-0.569731
2.373	-0.125904
2.374	0.155729
2.375	0.214422
2.376	0.099765
2.377	-0.087204
2.378	-0.339318
2.379	-0.877819
2.38	-2.042101
2.381	-3.844016
2.382	-5.702452
2.383	-6.884309
2.384	-7.043653
2.385	-6.133395
2.386	-4.187134
2.387	-1.421684
2.388	1.663084
2.389	4.328483
2.39	5.788586
2.391	5.672961
2.392	4.405528
2.393	2.891348
2.394	1.769032
2.395	1.101524
2.396	0.673059
2.397	0.350006
2.398	0.165449
2.399	0.215632
2.4	0.556566
2.401	1.153022
2.402	1.853958
2.403	2.419072
2.404	2.61046
2.405	2.295939
2.406	1.507894
2.407	0.434467
2.408	-0.642934
2.409	-1.435174
2.41	-1.739775
2.411	-1.522237
2.412	-0.939346
2.413	-0.273352
2.414	0.205949
2.415	0.373875
2.416	0.288361
2.417	0.096602
2.418	-0.159464
2.419	-0.705403
2.42	-1.908521
2.421	-3.801771
2.422	-5.792947
2.423	-7.054897
2.424	-7.106912
2.425	-5.935574
2.426	-3.80329
2.427	-1.081657
2.428	1.771832
2.429	4.132942
2.43	5.31948
2.431	5.059899
2.432	3.846324
2.433	2.571999
2.434	1.78881
2.435	1.44028
2.436	1.189645
2.437	0.831855
2.438	0.452559
2.439	0.318833
2.44	0.639509
2.441	1.38519
2.442	2.289053
2.443	2.990928
2.444	3.195659
2.445	2.770395
2.446	1.778789
2.447	0.460768
2.448	-0.836616
2.449	-1.767769
2.45	-2.109885
2.451	-1.84991
2.452	-1.191626
2.453	-0.459825
2.454	0.059262
2.455	0.245998
2.456	0.172764
2.457	0.002983
2.458	-0.212028
2.459	-0.700669
2.46	-1.850157
2.461	-3.729379
2.462	-5.751749
2.463	-7.021545
2.464	-7.004996
2.465	-5.754816
2.466	-3.630835
2.467	-1.012574
2.468	1.701149
2.469	3.948251
2.47	5.085719
2.471	4.841988
2.472	3.665509
2.473	2.383467
2.474	1.502821
2.475	0.993723
2.476	0.628408
2.477	0.317989
2.478	0.161976
2.479	0.320585
2.48	0.874105
2.481	1.741949
2.482	2.683071
2.483	3.374529
2.484	3.53003
2.485	3.008563
2.486	1.879406
2.487	0.419872
2.488	-0.972608
2.489	-1.928408
2.49	-2.242656
2.491	-1.945353
2.492	-1.272823
2.493	-0.546155
2.494	-0.027132
2.495	0.178887
2.496	0.140548
2.497	0.00945
2.498	-0.168784
2.499	-0.61691
2.5	-1.719155
2.501	-3.55773
2.502	-5.562234
2.503	-6.831673
2.504	-6.815208
2.505	-5.568507
2.506	-3.472423
2.507	-0.916529
2.508	1.714192
2.509	3.884362
2.51	4.969245
2.511	4.697788
2.512	3.51122
2.513	2.232665
2.514	1.369776
2.515	0.893292
2.516	0.569178
2.517	0.298098
2.518	0.17811
2.519	0.380568
2.52	0.995156
2.521	1.93308
2.522	2.926641
2.523	3.625237
2.524	3.734624
2.525	3.131
2.526	1.916505
2.527	0.398132
2.528	-1.016757
2.529	-1.96626
2.53	-2.262721
2.531	-1.960751
2.532	-1.313479
2.533	-0.631522
2.534	-0.14734
2.535	0.055642
2.536	0.046433
2.537	-0.037985
2.538	-0.166233
2.539	-0.570178
2.54	-1.643645
2.541	-3.477676
2.542	-5.498751
2.543	-6.787166
2.544	-6.775433
2.545	-5.524552
2.546	-3.433584
2.547	-0.896038
2.548	1.717167
2.549	3.877114
2.55	4.944992
2.551	4.63647
2.552	3.400394
2.553	2.080351
2.554	1.201042
2.555	0.739328
2.556	0.456546
2.557	0.245476
2.558	0.197711
2.559	0.472514
2.56	1.134589
2.561	2.066337
2.562	2.997352
2.563	3.625635
2.564	3.736799
2.565	3.258847
2.566	2.261011
2.567	0.920395
2.568	-0.50685
2.569	-1.700239
2.57	-2.349038
2.571	-2.31307
2.572	-1.733733
2.573	-0.957102
2.574	-0.320542
2.575	0.022172
2.576	0.123692
2.577	0.119331
2.578	0.020366
2.579	-0.437099
2.58	-1.641663
2.581	-3.613842
2.582	-5.698062
2.583	-6.952053
2.584	-6.84543
2.585	-5.487839
2.586	-3.303549
2.587	-0.694943
2.588	1.942299
2.589	4.038654
2.59	4.952336
2.591	4.470445
2.592	3.133592
2.593	1.815098
2.594	1.007285
2.595	0.648059
2.596	0.478219
2.597	0.373325
2.598	0.392589
2.599	0.658629
2.6	1.234885
2.601	2.054911
2.602	2.907524
2.603	3.497355
2.604	3.564645
2.605	3.000924
2.606	1.897328
2.607	0.506862
2.608	-0.839597
2.609	-1.827786
2.61	-2.259904
2.611	-2.128503
2.612	-1.612217
2.613	-0.981865
2.614	-0.466376
2.615	-0.156238
2.616	0.00311
2.617	0.11028
2.618	0.122458
2.619	-0.27677
2.62	-1.504635
2.621	-3.573575
2.622	-5.788365
2.623	-7.152918
2.624	-7.090172
2.625	-5.687033
2.626	-3.376518
2.627	-0.603004
2.628	2.173156
2.629	4.327836
2.63	5.204651
2.631	4.613808
2.632	3.137914
2.633	1.696827
2.634	0.821521
2.635	0.471468
2.636	0.38737
2.637	0.417475
2.638	0.568327
2.639	0.903389
2.64	1.445438
2.641	2.126743
2.642	2.783736
2.643	3.200428
2.644	3.18894
2.645	2.669706
2.646	1.709951
2.647	0.507578
2.648	-0.664268
2.649	-1.539268
2.65	-1.951106
2.651	-1.898201
2.652	-1.530801
2.653	-1.059378
2.654	-0.65317
2.655	-0.387357
2.656	-0.237698
2.657	-0.11023
2.658	0.102354
2.659	0.467501
2.66	0.987659
2.661	1.593735
2.662	2.15061
2.663	2.490287
2.664	2.47089
2.665	2.033797
2.666	1.235574
2.667	0.244303
2.668	-0.708315
2.669	-1.407975
2.67	-1.734671
2.671	-1.701389
2.672	-1.429922
2.673	-1.076547
2.674	-0.764232
2.675	-0.548382
2.676	-0.408606
2.677	-0.27056
2.678	-0.051843
2.679	0.297166
2.68	0.773637
2.681	1.314415
2.682	1.799213
2.683	2.082418
2.684	2.049091
2.685	1.661826
2.686	0.979082
2.687	0.145423
2.688	-0.651254
2.689	-1.244525
2.69	-1.54149
2.691	-1.537931
2.692	-1.292293
2.693	-0.890693
2.694	-0.446166
2.695	-0.099997
2.696	0.043124
2.697	0.015001
2.698	-0.008204
2.699	0.160275
2.7	0.568643
2.701	1.102081
2.702	1.570751
2.703	1.81346
2.704	1.75028
2.705	1.380998
2.706	0.772771
2.707	0.054041
2.708	-0.61418
2.709	-1.091732
2.71	-1.309204
2.711	-1.292299
2.712	-1.134618
2.713	-0.932612
2.714	-0.743213
2.715	-0.579503
2.716	-0.423611
2.717	-0.251283
2.718	-0.051145
2.719	0.182558
2.72	0.467612
2.721	0.815723
2.722	1.179875
2.723	1.445864
2.724	1.494511
2.725	1.268829
2.726	0.803261
2.727	0.205999
2.728	-0.394801
2.729	-0.891487
2.73	-1.203011
2.731	-1.283946
2.732	-1.154053
2.733	-0.904265
2.734	-0.6442
2.735	-0.436343
2.736	-0.279618
2.737	-0.138231
2.738	0.023304
2.739	0.225745
2.74	0.481778
2.741	0.786985
2.742	1.089367
2.743	1.293223
2.744	1.308083
2.745	1.097334
2.746	0.698077
2.747	0.199238
2.748	-0.303151
2.749	-0.727069
2.75	-1.001894
2.751	-1.082019
2.752	-0.980427
2.753	-0.775054
2.754	-0.559591
2.755	-0.385285
2.756	-0.249378
2.757	-0.120699
2.758	0.030648
2.759	0.219669
2.76	0.451556
2.761	0.716033
2.762	0.967253
2.763	1.129961
2.764	1.134696
2.765	0.953171
2.766	0.614472
2.767	0.18765
2.768	-0.249988
2.769	-0.6245
2.77	-0.86687
2.771	-0.934541
2.772	-0.84441
2.773	-0.670292
2.774	-0.491279
2.775	-0.345091
2.776	-0.225398
2.777	-0.104798
2.778	0.039809
2.779	0.215286
2.78	0.418441
2.781	0.635218
2.782	0.828686
2.783	0.944802
2.784	0.93459
2.785	0.776107
2.786	0.489124
2.787	0.129353
2.788	-0.232089
2.789	-0.525465
2.79	-0.696223
2.791	-0.724229
2.792	-0.640851
2.793	-0.513562
2.794	-0.397603
2.795	-0.306495
2.796	-0.222313
2.797	-0.119722
2.798	0.013339
2.799	0.171212
2.8	0.34497
2.801	0.52591
2.802	0.689212
2.803	0.790038
2.804	0.782341
2.805	0.643346
2.806	0.388835
2.807	0.070247
2.808	-0.242175
2.809	-0.482145
2.81	-0.609604
2.811	-0.623956
2.812	-0.560694
2.813	-0.466493
2.814	-0.370847
2.815	-0.280113
2.816	-0.186559
2.817	-0.07867
2.818	0.047476
2.819	0.186078
2.82	0.329907
2.821	0.468189
2.822	0.577062
2.823	0.628785
2.824	0.617496
2.825	0.569795
2.826	0.515612
2.827	0.440316
2.828	0.284082
2.829	0.0176
2.83	-0.287812
2.831	-0.501922
2.832	-0.552174
2.833	-0.473751
2.834	-0.351755
2.835	-0.243754
2.836	-0.156371
2.837	-0.069913
2.838	0.030832
2.839	0.148115
2.84	0.278944
2.841	0.41387
2.842	0.5266
2.843	0.578431
2.844	0.539892
2.845	0.407659
2.846	0.206531
2.847	-0.017549
2.848	-0.212293
2.849	-0.339301
2.85	-0.390072
2.851	-0.387935
2.852	-0.365435
2.853	-0.336521
2.854	-0.298262
2.855	-0.247366
2.856	-0.182786
2.857	-0.102654
2.858	-0.00636
2.859	0.104464
2.86	0.2281
2.861	0.356589
2.862	0.463503
2.863	0.510452
2.864	0.471858
2.865	0.349519
2.866	0.171014
2.867	-0.018688
2.868	-0.173337
2.869	-0.263982
2.87	-0.290602
2.871	-0.280549
2.872	-0.264668
2.873	-0.25113
2.874	-0.23065
2.875	-0.19681
2.876	-0.149631
2.877	-0.088066
2.878	-0.007971
2.879	0.093755
2.88	0.214467
2.881	0.337474
2.882	0.426861
2.883	0.445749
2.884	0.383075
2.885	0.256394
2.886	0.098632
2.887	-0.053316
2.888	-0.169256
2.889	-0.233159
2.89	-0.248567
2.891	-0.239713
2.892	-0.231601
2.893	-0.226831
2.894	-0.213656
2.895	-0.186722
2.896	-0.148067
2.897	-0.09565
2.898	-0.020349
2.899	0.085507
2.9	0.216428
2.901	0.343031
2.902	0.418556
2.903	0.411117
2.904	0.325386
2.905	0.190433
2.906	0.040366
2.907	-0.092502
2.908	-0.181267
2.909	-0.213174
2.91	-0.200155
2.911	-0.175883
2.912	-0.167632
2.913	-0.17308
2.914	-0.174294
2.915	-0.161821
2.916	-0.135401
2.917	-0.093318
2.918	-0.033436
2.919	0.038912
2.92	0.116545
2.921	0.200124
2.922	0.286076
2.923	0.350593
2.924	0.36291
2.925	0.312762
2.926	0.216082
2.927	0.095949
2.928	-0.034484
2.929	-0.167416
2.93	-0.281742
2.931	-0.340072
2.932	-0.319597
2.933	-0.240201
2.934	-0.14662
2.935	-0.071426
2.936	-0.022698
2.937	0.006375
2.938	0.024079
2.939	0.037693
2.94	0.062072
2.941	0.111304
2.942	0.1763
2.943	0.227724
2.944	0.240286
2.945	0.207358
2.946	0.139166
2.947	0.051386
2.948	-0.044857
2.949	-0.141224
2.95	-0.220451
2.951	-0.256618
2.952	-0.241541
2.953	-0.200182
2.954	-0.162744
2.955	-0.128536
2.956	-0.061422
2.957	0.079718
2.958	0.288364
2.959	0.480843
2.96	0.54451
2.961	0.439574
2.962	0.247611
2.963	0.099404
2.964	0.054873
2.965	0.070869
2.966	0.073785
2.967	0.029763
2.968	-0.051348
2.969	-0.143091
2.97	-0.21533
2.971	-0.241492
2.972	-0.217976
2.973	-0.168598
2.974	-0.120459
2.975	-0.085807
2.976	-0.06423
2.977	-0.050675
2.978	-0.041779
2.979	-0.033863
2.98	-0.017017
2.981	0.016341
2.982	0.057281
2.983	0.085542
2.984	0.086151
2.985	0.057727
2.986	0.011416
2.987	-0.037266
2.988	-0.08039
2.989	-0.118319
2.99	-0.146624
2.991	-0.155012
2.992	-0.142603
2.993	-0.120413
2.994	-0.098851
2.995	-0.081203
2.996	-0.065725
2.997	-0.050362
2.998	-0.035602
2.999	-0.020307
3.0	0.002354
3.001	0.036688
3.002	0.07373
3.003	0.094953
3.004	0.086179
3.005	0.047597
3.006	-0.006976
3.007	-0.058686
3.008	-0.093585
3.009	-0.107234
3.01	-0.102991
3.011	-0.091013
3.012	-0.083188
3.013	-0.082462
3.014	-0.083643
3.015	-0.082768
3.016	-0.078823
3.017	-0.071074
3.018	-0.058559
3.019	-0.039483
3.02	-0.010405
3.021	0.028633
3.022	0.066184
3.023	0.083517
3.024	0.069395
3.025	0.028427
3.026	-0.022502
3.027	-0.064744
3.028	-0.087656
3.029	-0.088994
3.03	-0.072982
3.031	-0.05337
3.032	-0.045518
3.033	-0.05103
3.034	-0.06048
3.035	-0.066711
3.036	-0.068357
3.037	-0.065765
3.038	-0.057255
3.039	-0.038384
3.04	-0.004547
3.041	0.040129
3.042	0.075192
3.043	0.077094
3.044	0.042139
3.045	-0.011994
3.046	-0.06204
3.047	-0.09126
3.048	-0.092882
3.049	-0.067934
3.05	-0.027031
3.051	0.007648
3.052	0.018613
3.053	0.009773
3.054	-0.005226
3.055	-0.021509
3.056	-0.040791
3.057	-0.059862
3.058	-0.069495
3.059	-0.06309
3.06	-0.04145
3.061	-0.0094
3.062	0.029255
3.063	0.068624
3.064	0.095959
3.065	0.103591
3.066	0.096932
3.067	0.075652
3.068	0.023416
3.069	-0.066862
3.07	-0.165416
3.071	-0.218014
3.072	-0.194147
3.073	-0.116089
3.074	-0.032802
3.075	0.021716
3.076	0.039153
3.077	0.025113
3.078	-0.013388
3.079	-0.066076
3.08	-0.104236
3.081	-0.093645
3.082	-0.037801
3.083	0.018072
3.084	0.034848
3.085	0.015082
3.086	-0.007739
3.087	-0.002011
3.088	0.044577
3.089	0.124371
3.09	0.204311
3.091	0.227824
3.092	0.156453
3.093	0.024496
3.094	-0.077578
3.095	-0.093512
3.096	-0.049052
3.097	-0.004877
3.098	0.002237
3.099	-0.026615
3.1	-0.060412
3.101	-0.063417
3.102	-0.030498
3.103	0.011674
3.104	0.037945
3.105	0.045453
3.106	0.041083
3.107	0.020297
3.108	-0.029471
3.109	-0.106236
3.11	-0.180895
3.111	-0.211662
3.112	-0.181141
3.113	-0.115549
3.114	-0.057058
3.115	-0.027511
3.116	-0.022515
3.117	-0.02745
3.118	-0.035601
3.119	-0.048568
3.12	-0.059545
3.121	-0.053631
3.122	-0.028638
3.123	0.001011
3.124	0.022684
3.125	0.035766
3.126	0.040532
3.127	0.027481
3.128	-0.01262
3.129	-0.07248
3.13	-0.124824
3.131	-0.137553
3.132	-0.103418
3.133	-0.049006
3.134	-0.006489
3.135	0.01174
3.136	0.012817
3.137	0.009584
3.138	0.00566
3.139	-0.002522
3.14	-0.0103
3.141	-0.006992
3.142	0.007289
3.143	0.021374
3.144	0.027134
3.145	0.02378
3.146	0.011057
3.147	-0.012083
3.148	-0.042825
3.149	-0.073811
3.15	-0.092858
3.151	-0.087467
3.152	-0.059426
3.153	-0.026309
3.154	-0.003778
3.155	0.005535
3.156	0.008337
3.157	0.009977
3.158	0.007004
3.159	-0.004594
3.16	-0.016445
3.161	-0.014871
3.162	0.000812
3.163	0.018033
3.164	0.026758
3.165	0.026113
3.166	0.017839
3.167	0.002855
3.168	-0.016556
3.169	-0.035014
3.17	-0.043736
3.171	-0.037283
3.172	-0.020862
3.173	-0.004873
3.174	0.004683
3.175	0.010076
3.176	0.017667
3.177	0.027178
3.178	0.030762
3.179	0.026929
3.18	0.027533
3.181	0.04472
3.182	0.075291
3.183	0.103333
3.184	0.113217
3.185	0.097092
3.186	0.060342
3.187	0.022092
3.188	-0.000164
3.189	-0.004209
3.19	0.001899
3.191	0.00784
3.192	0.006028
3.193	-0.002662
3.194	-0.011298
3.195	-0.014471
3.196	-0.012595
3.197	-0.011868
3.198	-0.016971
3.199	-0.022838
3.2	-0.017845
3.201	0.002087
3.202	0.025157
3.203	0.034974
3.204	0.024845
3.205	-0.002115
3.206	-0.033454
3.207	-0.049121
3.208	-0.037112
3.209	-0.004877
3.21	0.026423
3.211	0.034556
3.212	0.010689
3.213	-0.035448
3.214	-0.085122
3.215	-0.115814
3.216	-0.097651
3.217	0.000161
3.218	0.181258
3.219	0.386643
3.22	0.502548
3.221	0.443147
3.222	0.239357
3.223	0.021688
3.224	-0.100049
3.225	-0.119946
3.226	-0.095134
3.227	-0.066562
3.228	-0.040871
3.229	-0.014091
3.23	0.008993
3.231	0.01354
3.232	-0.006552
3.233	-0.036931
3.234	-0.059152
3.235	-0.069126
3.236	-0.075279
3.237	-0.08438
3.238	-0.090897
3.239	-0.079786
3.24	-0.041741
3.241	0.009406
3.242	0.04152
3.243	0.033989
3.244	-0.00778
3.245	-0.063296
3.246	-0.107905
3.247	-0.124008
3.248	-0.110559
3.249	-0.078249
3.25	-0.044577
3.251	-0.030978
3.252	-0.045867
3.253	-0.075001
3.254	-0.098589
3.255	-0.109634
3.256	-0.112204
3.257	-0.107866
3.258	-0.089456
3.259	-0.048785
3.26	0.010691
3.261	0.066479
3.262	0.091749
3.263	0.084386
3.264	0.06759
3.265	0.060763
3.266	0.061263
3.267	0.048171
3.268	-0.001864
3.269	-0.090803
3.27	-0.183744
3.271	-0.227557
3.272	-0.197937
3.273	-0.121444
3.274	-0.043868
3.275	0.007614
3.276	0.028478
3.277	0.023254
3.278	-0.004603
3.279	-0.047371
3.28	-0.079728
3.281	-0.072424
3.282	-0.025756
3.283	0.028266
3.284	0.058714
3.285	0.060589
3.286	0.044677
3.287	0.011631
3.288	-0.048637
3.289	-0.132396
3.29	-0.207746
3.291	-0.232818
3.292	-0.195589
3.293	-0.126304
3.294	-0.06413
3.295	-0.026992
3.296	-0.01229
3.297	-0.01173
3.298	-0.02381
3.299	-0.047495
3.3	-0.064857
3.301	-0.050645
3.302	-0.005024
3.303	0.041247
3.304	0.060184
3.305	0.052017
3.306	0.030799
3.307	-0.001708
3.308	-0.05437
3.309	-0.124112
3.31	-0.182846
3.311	-0.194083
3.312	-0.148802
3.313	-0.075072
3.314	-0.009287
3.315	0.02967
3.316	0.041964
3.317	0.0348
3.318	0.012076
3.319	-0.02001
3.32	-0.042489
3.321	-0.036002
3.322	-0.00504
3.323	0.024357
3.324	0.033266
3.325	0.024541
3.326	0.005912
3.327	-0.026431
3.328	-0.078559
3.329	-0.141688
3.33	-0.190211
3.331	-0.200376
3.332	-0.172137
3.333	-0.126824
3.334	-0.086726
3.335	-0.061044
3.336	-0.045482
3.337	-0.0335
3.338	-0.025866
3.339	-0.023214
3.34	-0.01534
3.341	0.009058
3.342	0.043106
3.343	0.06284
3.344	0.048734
3.345	-0.000997
3.346	-0.073993
3.347	-0.14389
3.348	-0.166566
3.349	-0.096103
3.35	0.071968
3.351	0.259879
3.352	0.337638
3.353	0.237351
3.354	0.030723
3.355	-0.136128
3.356	-0.177688
3.357	-0.121932
3.358	-0.046991
3.359	0.001498
3.36	0.029006
3.361	0.055779
3.362	0.08213
3.363	0.090001
3.364	0.066312
3.365	0.014725
3.366	-0.050232
3.367	-0.111987
3.368	-0.158849
3.369	-0.187457
3.37	-0.200755
3.371	-0.203656
3.372	-0.197634
3.373	-0.181366
3.374	-0.158662
3.375	-0.137142
3.376	-0.119388
3.377	-0.102601
3.378	-0.081996
3.379	-0.050446
3.38	-0.002134
3.381	0.055917
3.382	0.099784
3.383	0.106111
3.384	0.07104
3.385	0.007401
3.386	-0.06529
3.387	-0.125895
3.388	-0.160948
3.389	-0.172488
3.39	-0.172869
3.391	-0.171646
3.392	-0.167782
3.393	-0.156523
3.394	-0.140141
3.395	-0.124572
3.396	-0.110049
3.397	-0.090531
3.398	-0.058117
3.399	-0.006464
3.4	0.063831
3.401	0.13615
3.402	0.180281
3.403	0.175009
3.404	0.122417
3.405	0.039262
3.406	-0.051549
3.407	-0.126402
3.408	-0.171267
3.409	-0.185292
3.41	-0.178235
3.411	-0.165116
3.412	-0.154142
3.413	-0.144115
3.414	-0.134542
3.415	-0.126798
3.416	-0.117046
3.417	-0.09439
3.418	-0.046175
3.419	0.033031
3.42	0.131978
3.421	0.218766
3.422	0.257617
3.423	0.235988
3.424	0.164959
3.425	0.061628
3.426	-0.053935
3.427	-0.156709
3.428	-0.224049
3.429	-0.244093
3.43	-0.223126
3.431	-0.184193
3.432	-0.148953
3.433	-0.126019
3.434	-0.117079
3.435	-0.119816
3.436	-0.122395
3.437	-0.102762
3.438	-0.039449
3.439	0.071874
3.44	0.205983
3.441	0.312335
3.442	0.348184
3.443	0.310636
3.444	0.22598
3.445	0.122927
3.446	0.024507
3.447	-0.061858
3.448	-0.154471
3.449	-0.267479
3.45	-0.365895
3.451	-0.385811
3.452	-0.30934
3.453	-0.188549
3.454	-0.088906
3.455	-0.03596
3.456	-0.016144
3.457	-0.005217
3.458	0.009568
3.459	0.032106
3.46	0.073079
3.461	0.142893
3.462	0.228736
3.463	0.294006
3.464	0.302107
3.465	0.240503
3.466	0.123612
3.467	-0.026821
3.468	-0.192722
3.469	-0.34482
3.47	-0.432342
3.471	-0.412965
3.472	-0.301108
3.473	-0.165605
3.474	-0.07136
3.475	-0.037863
3.476	-0.045933
3.477	-0.064798
3.478	-0.069572
3.479	-0.032219
3.48	0.091323
3.481	0.329625
3.482	0.630985
3.483	0.848422
3.484	0.832193
3.485	0.564023
3.486	0.18034
3.487	-0.153902
3.488	-0.366248
3.489	-0.466054
3.49	-0.471057
3.491	-0.391725
3.492	-0.263435
3.493	-0.145259
3.494	-0.080383
3.495	-0.070517
3.496	-0.084062
3.497	-0.084626
3.498	-0.055052
3.499	0.004823
3.5	0.093093
3.501	0.203044
3.502	0.308866
3.503	0.368293
3.504	0.346634
3.505	0.237938
3.506	0.063304
3.507	-0.142042
3.508	-0.33418
3.509	-0.46312
3.51	-0.489383
3.511	-0.413987
3.512	-0.286694
3.513	-0.172209
3.514	-0.110092
3.515	-0.100386
3.516	-0.112961
3.517	-0.11226
3.518	-0.077817
3.519	-0.00179
3.52	0.120269
3.521	0.278511
3.522	0.430517
3.523	0.512518
3.524	0.479291
3.525	0.329975
3.526	0.100228
3.527	-0.15483
3.528	-0.370685
3.529	-0.488446
3.53	-0.482133
3.531	-0.377707
3.532	-0.237303
3.533	-0.122013
3.534	-0.066721
3.535	-0.071262
3.536	-0.104431
3.537	-0.123535
3.538	-0.094933
3.539	-0.000644
3.54	0.160414
3.541	0.362484
3.542	0.544961
3.543	0.633196
3.544	0.580028
3.545	0.388494
3.546	0.106166
3.547	-0.192853
3.548	-0.430338
3.549	-0.546935
3.55	-0.525014
3.551	-0.399686
3.552	-0.239333
3.553	-0.110348
3.554	-0.052775
3.555	-0.06868
3.556	-0.124034
3.557	-0.166636
3.558	-0.147764
3.559	-0.036417
3.56	0.169703
3.561	0.429819
3.562	0.658693
3.563	0.762223
3.564	0.68834
3.565	0.447855
3.566	0.102066
3.567	-0.258883
3.568	-0.537861
3.569	-0.660537
3.57	-0.611679
3.571	-0.444364
3.572	-0.244312
3.573	-0.087757
3.574	-0.020282
3.575	-0.045133
3.576	-0.121237
3.577	-0.180421
3.578	-0.156882
3.579	-0.013287
3.58	0.242514
3.581	0.548565
3.582	0.802973
3.583	0.907976
3.584	0.810839
3.585	0.519288
3.586	0.100643
3.587	-0.333185
3.588	-0.658884
3.589	-0.78905
3.59	-0.715125
3.591	-0.508595
3.592	-0.273863
3.593	-0.10028
3.594	-0.039819
3.595	-0.095211
3.596	-0.21589
3.597	-0.313878
3.598	-0.299505
3.599	-0.120319
3.6	0.210686
3.601	0.606002
3.602	0.932666
3.603	1.071395
3.604	0.961221
3.605	0.613716
3.606	0.110673
3.607	-0.414218
3.608	-0.815439
3.609	-0.988981
3.61	-0.911134
3.611	-0.632274
3.612	-0.239864
3.613	0.157606
3.614	0.425076
3.615	0.437304
3.616	0.179348
3.617	-0.184808
3.618	-0.392657
3.619	-0.26902
3.62	0.156571
3.621	0.692845
3.622	1.120263
3.623	1.290613
3.624	1.148369
3.625	0.720136
3.626	0.109274
3.627	-0.519066
3.628	-0.982943
3.629	-1.152859
3.63	-1.013377
3.631	-0.669653
3.632	-0.287861
3.633	-0.019554
3.634	0.04801
3.635	-0.083755
3.636	-0.323646
3.637	-0.523248
3.638	-0.537044
3.639	-0.285625
3.64	0.198173
3.641	0.769338
3.642	1.234613
3.643	1.434386
3.644	1.286726
3.645	0.801574
3.646	0.090996
3.647	-0.643421
3.648	-1.174975
3.649	-1.348054
3.65	-1.151384
3.651	-0.719696
3.652	-0.257162
3.653	0.062814
3.654	0.163249
3.655	0.081018
3.656	-0.078064
3.657	-0.269173
3.658	-0.664803
3.659	-1.637859
3.66	-3.393166
3.661	-5.531991
3.662	-7.197672
3.663	-7.724772
3.664	-6.955621
3.665	-5.054411
3.666	-2.32623
3.667	0.783185
3.668	3.625969
3.669	5.42297
3.67	5.670649
3.671	4.616066
3.672	3.124395
3.673	1.945194
3.674	1.246649
3.675	0.820259
3.676	0.479837
3.677	0.218868
3.678	0.14533
3.679	0.363872
3.68	0.888374
3.681	1.599071
3.682	2.261002
3.683	2.607616
3.684	2.451126
3.685	1.766533
3.686	0.713936
3.687	-0.413441
3.688	-1.298047
3.689	-1.713256
3.69	-1.600226
3.691	-1.087957
3.692	-0.43665
3.693	0.086638
3.694	0.330479
3.695	0.310045
3.696	0.150876
3.697	-0.070978
3.698	-0.502749
3.699	-1.495271
3.7	-3.226075
3.701	-5.27375
3.702	-6.788829
3.703	-7.157414
3.704	-6.300658
3.705	-4.440734
3.706	-1.883224
3.707	0.97872
3.708	3.577835
3.709	5.209097
3.71	5.401126
3.711	4.381905
3.712	2.968419
3.713	1.863886
3.714	1.211085
3.715	0.798775
3.716	0.454865
3.717	0.200161
3.718	0.175232
3.719	0.503539
3.72	1.187487
3.721	2.064886
3.722	2.841679
3.723	3.202426
3.724	2.946034
3.725	2.075238
3.726	0.805179
3.727	-0.513243
3.728	-1.523622
3.729	-1.988174
3.73	-1.865606
3.731	-1.31522
3.732	-0.615981
3.733	-0.042244
3.734	0.246046
3.735	0.256159
3.736	0.116055
3.737	-0.082218
3.738	-0.469132
3.739	-1.402247
3.74	-3.096376
3.741	-5.163221
3.742	-6.716957
3.743	-7.033718
3.744	-5.985026
3.745	-3.910912
3.746	-1.302477
3.747	1.366809
3.748	3.616251
3.749	4.924135
3.75	4.960888
3.751	3.967157
3.752	2.675711
3.753	1.69908
3.754	1.134035
3.755	0.762884
3.756	0.430346
3.757	0.188036
3.758	0.207123
3.759	0.624606
3.76	1.428501
3.761	2.415477
3.762	3.246756
3.763	3.586431
3.764	3.241543
3.765	2.240123
3.766	0.826446
3.767	-0.623664
3.768	-1.730776
3.769	-2.240582
3.77	-2.115855
3.771	-1.536795
3.772	-0.800694
3.773	-0.189985
3.774	0.13227
3.775	0.172142
3.776	0.061356
3.777	-0.099602
3.778	-0.436835
3.779	-1.312434
3.78	-2.951106
3.781	-4.978826
3.782	-6.528225
3.783	-6.899299
3.784	-5.991124
3.785	-4.130962
3.786	-1.706138
3.787	0.94014
3.788	3.338964
3.789	4.835836
3.79	4.964053
3.791	3.946657
3.792	2.592306
3.793	1.581728
3.794	1.02379
3.795	0.682394
3.796	0.392522
3.797	0.2119
3.798	0.316435
3.799	0.829162
3.8	1.703163
3.801	2.703934
3.802	3.494604
3.803	3.768555
3.804	3.361881
3.805	2.313856
3.806	0.862417
3.807	-0.62398
3.808	-1.761853
3.809	-2.289735
3.81	-2.171363
3.811	-1.594867
3.812	-0.864678
3.813	-0.261651
3.814	0.06141
3.815	0.120833
3.816	0.052085
3.817	-0.050863
3.818	-0.331214
3.819	-1.16989
3.82	-2.8019
3.821	-4.851383
3.822	-6.43526
3.823	-6.830836
3.824	-5.928175
3.825	-4.063309
3.826	-1.632526
3.827	1.012836
3.828	3.390125
3.829	4.839896
3.83	4.909415
3.831	3.841131
3.832	2.455124
3.833	1.437251
3.834	0.901558
3.835	0.616254
3.836	0.409272
3.837	0.311287
3.838	0.458875
3.839	0.947343
3.84	1.742086
3.841	2.665001
3.842	3.434354
3.843	3.748218
3.844	3.406801
3.845	2.415305
3.846	0.997101
3.847	-0.48597
3.848	-1.664888
3.849	-2.287263
3.85	-2.285997
3.851	-1.79169
3.852	-1.079802
3.853	-0.441876
3.854	-0.048227
3.855	0.106571
3.856	0.137806
3.857	0.099236
3.858	-0.194454
3.859	-1.130031
3.86	-2.890165
3.861	-5.020962
3.862	-6.598767
3.863	-6.9179
3.864	-5.907559
3.865	-3.932818
3.866	-1.417583
3.867	1.243938
3.868	3.534346
3.869	4.817731
3.87	4.743302
3.871	3.673616
3.872	2.453956
3.873	1.658444
3.874	1.244482
3.875	0.914749
3.876	0.569029
3.877	0.361328
3.878	0.483458
3.879	0.995135
3.88	1.80322
3.881	2.699564
3.882	3.404948
3.883	3.647306
3.884	3.266451
3.885	2.288691
3.886	0.933576
3.887	-0.458
3.888	-1.548819
3.889	-2.119985
3.89	-2.132559
3.891	-1.724386
3.892	-1.137288
3.893	-0.602705
3.894	-0.243637
3.895	-0.043082
3.896	0.089955
3.897	0.163885
3.898	-0.053122
3.899	-0.981444
3.9	-2.813507
3.901	-5.071832
3.902	-6.780293
3.903	-7.174693
3.904	-6.147171
3.905	-4.064674
3.906	-1.388558
3.907	1.436877
3.908	3.847758
3.909	5.161233
3.91	4.982763
3.911	3.664802
3.912	2.112629
3.913	1.039079
3.914	0.560313
3.915	0.435754
3.916	0.449872
3.917	0.55543
3.918	0.813274
3.919	1.282558
3.92	1.940768
3.921	2.648231
3.922	3.178123
3.923	3.309228
3.924	2.921851
3.925	2.051955
3.926	0.887542
3.927	-0.298954
3.928	-1.24593
3.929	-1.781444
3.93	-1.87195
3.931	-1.61877
3.932	-1.196573
3.933	-0.776916
3.934	-0.470178
3.935	-0.294656
3.936	-0.183559
3.937	-0.027321
3.938	0.272106
3.939	0.758714
3.94	1.392627
3.941	2.036233
3.942	2.49087
3.943	2.582451
3.944	2.236599
3.945	1.507003
3.946	0.553728
3.947	-0.414636
3.948	-1.197663
3.949	-1.650297
3.95	-1.733209
3.951	-1.526656
3.952	-1.177357
3.953	-0.825843
3.954	-0.559484
3.955	-0.391902
3.956	-0.267519
3.957	-0.09455
3.958	0.206699
3.959	0.663514
3.96	1.22564
3.961	1.764948
3.962	2.119185
3.963	2.160311
3.964	1.844576
3.965	1.226139
3.966	0.434564
3.967	-0.365742
3.968	-1.012289
3.969	-1.386827
3.97	-1.46332
3.971	-1.313864
3.972	-1.056221
3.973	-0.793822
3.974	-0.585279
3.975	-0.436278
3.976	-0.303844
3.977	-0.118935
3.978	0.175127
3.979	0.587923
3.98	1.065165
3.981	1.50432
3.982	1.795425
3.983	1.849497
3.984	1.619738
3.985	1.129066
3.986	0.466968
3.987	-0.244321
3.988	-0.876453
3.989	-1.314264
3.99	-1.481864
3.991	-1.37869
3.992	-1.096088
3.993	-0.768955
3.994	-0.495484
3.995	-0.300617
3.996	-0.152951
3.997	-0.003802
3.998	0.181712
3.999	0.422865
4.0	0.728727
4.001	1.079081
4.002	1.40802
4.003	1.625351
4.004	1.648988
4.005	1.413458
4.006	0.889184
4.007	0.14829
4.008	-0.607429
4.009	-1.14369
4.01	-1.334766
4.011	-1.219546
4.012	-0.945473
4.013	-0.659713
4.014	-0.437709
4.015	-0.28194
4.016	-0.155037
4.017	-0.015746
4.018	0.161364
4.019	0.39019
4.02	0.672276
4.021	0.970632
4.022	1.197858
4.023	1.255483
4.024	1.093959
4.025	0.737301
4.026	0.261345
4.027	-0.239701
4.028	-0.675471
4.029	-0.972619
4.03	-1.087271
4.031	-1.025772
4.032	-0.850275
4.033	-0.642642
4.034	-0.458759
4.035	-0.311441
4.036	-0.181482
4.037	-0.04249
4.038	0.122751
4.039	0.32539
4.04	0.568403
4.041	0.822181
4.042	1.013231
4.043	1.059788
4.044	0.922748
4.045	0.622877
4.046	0.224844
4.047	-0.1882
4.048	-0.539934
4.049	-0.776881
4.05	-0.87284
4.051	-0.835129
4.052	-0.706685
4.053	-0.546164
4.054	-0.397096
4.055	-0.271228
4.056	-0.155466
4.057	-0.031484
4.058	0.113627
4.059	0.291359
4.06	0.507101
4.061	0.733481
4.062	0.899448
4.063	0.929583
4.064	0.794602
4.065	0.521716
4.066	0.174331
4.067	-0.173945
4.068	-0.462658
4.069	-0.654582
4.07	-0.734494
4.071	-0.710282
4.072	-0.613276
4.073	-0.486535
4.074	-0.363838
4.075	-0.255561
4.076	-0.152761
4.077	-0.041373
4.078	0.089609
4.079	0.249377
4.08	0.43917
4.081	0.630722
4.082	0.762974
4.083	0.77749
4.084	0.654176
4.085	0.418688
4.086	0.129494
4.087	-0.150151
4.088	-0.377981
4.089	-0.53302
4.09	-0.604561
4.091	-0.593314
4.092	-0.518246
4.093	-0.412881
4.094	-0.308119
4.095	-0.215983
4.096	-0.128908
4.097	-0.030184
4.098	0.096424
4.099	0.261647
4.1	0.458556
4.101	0.643415
4.102	0.747652
4.103	0.724508
4.104	0.575981
4.105	0.344096
4.106	0.088149
4.107	-0.143669
4.108	-0.328643
4.109	-0.457149
4.11	-0.519984
4.111	-0.514335
4.112	-0.454023
4.113	-0.367453
4.114	-0.28226
4.115	-0.209987
4.116	-0.142772
4.117	-0.061421
4.118	0.052002
4.119	0.20369
4.12	0.376194
4.121	0.522418
4.122	0.590063
4.123	0.557427
4.124	0.438013
4.125	0.263531
4.126	0.069432
4.127	-0.115689
4.128	-0.270705
4.129	-0.378066
4.13	-0.431181
4.131	-0.440178
4.132	-0.42209
4.133	-0.383561
4.134	-0.307125
4.135	-0.158005
4.136	0.078298
4.137	0.351185
4.138	0.551867
4.139	0.601397
4.14	0.531103
4.141	0.444184
4.142	0.404099
4.143	0.387121
4.144	0.334352
4.145	0.218869
4.146	0.058141
4.147	-0.11139
4.148	-0.25322
4.149	-0.339657
4.15	-0.363365
4.151	-0.339851
4.152	-0.293981
4.153	-0.246189
4.154	-0.207185
4.155	-0.176263
4.156	-0.140083
4.157	-0.078237
4.158	0.023489
4.159	0.161024
4.16	0.3037
4.161	0.40314
4.162	0.425923
4.163	0.37337
4.164	0.268911
4.165	0.138707
4.166	0.001972
4.167	-0.127203
4.168	-0.229924
4.169	-0.284358
4.17	-0.286487
4.171	-0.259211
4.172	-0.230559
4.173	-0.211305
4.174	-0.197719
4.175	-0.18066
4.176	-0.14604
4.177	-0.079409
4.178	0.02378
4.179	0.151932
4.18	0.274739
4.181	0.353439
4.182	0.368638
4.183	0.336056
4.184	0.287441
4.185	0.235274
4.186	0.160961
4.187	0.0412
4.188	-0.119276
4.189	-0.276714
4.19	-0.366531
4.191	-0.35347
4.192	-0.265606
4.193	-0.162212
4.194	-0.081549
4.195	-0.027756
4.196	0.010325
4.197	0.036007
4.198	0.043109
4.199	0.041342
4.2	0.064943
4.201	0.13479
4.202	0.225242
4.203	0.286851
4.204	0.291699
4.205	0.243918
4.206	0.15627
4.207	0.036189
4.208	-0.102806
4.209	-0.227622
4.21	-0.294679
4.211	-0.283767
4.212	-0.218764
4.213	-0.143405
4.214	-0.084021
4.215	-0.040499
4.216	-0.003923
4.217	0.023339
4.218	0.031245
4.219	0.028568
4.22	0.048572
4.221	0.110933
4.222	0.190948
4.223	0.243222
4.224	0.244068
4.225	0.198907
4.226	0.121967
4.227	0.024048
4.228	-0.081375
4.229	-0.168324
4.23	-0.204956
4.231	-0.178888
4.232	-0.112308
4.233	-0.044496
4.234	-0.001467
4.235	0.015636
4.236	0.018387
4.237	0.013341
4.238	0.000642
4.239	-0.008788
4.24	0.010518
4.241	0.069287
4.242	0.142202
4.243	0.189738
4.244	0.190992
4.245	0.150077
4.246	0.082381
4.247	0.00238
4.248	-0.077656
4.249	-0.143919
4.25	-0.181819
4.251	-0.183474
4.252	-0.155441
4.253	-0.116196
4.254	-0.082082
4.255	-0.056982
4.256	-0.037176
4.257	-0.022168
4.258	-0.014268
4.259	-0.004154
4.26	0.028282
4.261	0.082203
4.262	0.123481
4.263	0.119804
4.264	0.072922
4.265	0.016687
4.266	-0.003577
4.267	0.042068
4.268	0.143022
4.269	0.238163
4.27	0.244462
4.271	0.129175
4.272	-0.042431
4.273	-0.160476
4.274	-0.173205
4.275	-0.115515
4.276	-0.049654
4.277	-0.009543
4.278	0.00498
4.279	0.013581
4.28	0.036654
4.281	0.072619
4.282	0.10018
4.283	0.104809
4.284	0.087854
4.285	0.054436
4.286	0.005585
4.287	-0.057402
4.288	-0.124472
4.289	-0.177262
4.29	-0.199884
4.291	-0.188066
4.292	-0.151528
4.293	-0.109424
4.294	-0.078391
4.295	-0.06221
4.296	-0.052894
4.297	-0.04141
4.298	-0.023752
4.299	0.004552
4.3	0.045037
4.301	0.084363
4.302	0.104179
4.303	0.10032
4.304	0.080108
4.305	0.049086
4.306	0.008498
4.307	-0.037961
4.308	-0.080216
4.309	-0.106954
4.31	-0.113239
4.311	-0.101867
4.312	-0.081107
4.313	-0.06164
4.314	-0.050246
4.315	-0.044685
4.316	-0.036123
4.317	-0.018502
4.318	0.006593
4.319	0.035504
4.32	0.062583
4.321	0.07701
4.322	0.073247
4.323	0.057934
4.324	0.039521
4.325	0.019342
4.326	-0.004394
4.327	-0.029234
4.328	-0.048918
4.329	-0.058603
4.33	-0.057477
4.331	-0.049699
4.332	-0.042717
4.333	-0.041708
4.334	-0.045828
4.335	-0.048421
4.336	-0.041043
4.337	-0.021317
4.338	0.005769
4.339	0.034566
4.34	0.056926
4.341	0.060967
4.342	0.045653
4.343	0.024978
4.344	0.009356
4.345	-0.006278
4.346	-0.031816
4.347	-0.065551
4.348	-0.091856
4.349	-0.093815
4.35	-0.070589
4.351	-0.04255
4.352	-0.031139
4.353	-0.037737
4.354	-0.049428
4.355	-0.053756
4.356	-0.043928
4.357	-0.020531
4.358	0.01164
4.359	0.048898
4.36	0.083549
4.361	0.101684
4.362	0.097866
4.363	0.082407
4.364	0.06569
4.365	0.043528
4.366	0.00689
4.367	-0.036754
4.368	-0.061376
4.369	-0.047463
4.37	-0.009207
4.371	0.015105
4.372	0.005891
4.373	-0.022041
4.374	-0.045773
4.375	-0.053814
4.376	-0.045517
4.377	-0.027488
4.378	-0.005917
4.379	0.018311
4.38	0.039735
4.381	0.044749
4.382	0.028627
4.383	0.003404
4.384	-0.019623
4.385	-0.043861
4.386	-0.074113
4.387	-0.096866
4.388	-0.084867
4.389	-0.02769
4.39	0.041497
4.391	0.069977
4.392	0.040935
4.393	-0.020588
4.394	-0.085894
4.395	-0.136366
4.396	-0.14933
4.397	-0.091317
4.398	0.06542
4.399	0.300836
4.4	0.511661
4.401	0.556296
4.402	0.382479
4.403	0.09798
4.404	-0.122624
4.405	-0.191636
4.406	-0.148632
4.407	-0.082178
4.408	-0.050879
4.409	-0.060155
4.41	-0.079256
4.411	-0.077334
4.412	-0.050161
4.413	-0.014027
4.414	0.017242
4.415	0.039085
4.416	0.044635
4.417	0.018398
4.418	-0.049135
4.419	-0.134707
4.42	-0.18451
4.421	-0.164325
4.422	-0.094331
4.423	-0.020642
4.424	0.02848
4.425	0.051262
4.426	0.052581
4.427	0.029242
4.428	-0.018075
4.429	-0.069923
4.43	-0.099646
4.431	-0.095423
4.432	-0.065896
4.433	-0.028314
4.434	0.005368
4.435	0.03001
4.436	0.039
4.437	0.020462
4.438	-0.031886
4.439	-0.097134
4.44	-0.130311
4.441	-0.106742
4.442	-0.047252
4.443	0.012078
4.444	0.053291
4.445	0.074961
4.446	0.075471
4.447	0.050665
4.448	0.007711
4.449	-0.032581
4.45	-0.052018
4.451	-0.045536
4.452	-0.019522
4.453	0.012943
4.454	0.038902
4.455	0.051054
4.456	0.047235
4.457	0.025642
4.458	-0.013383
4.459	-0.054004
4.46	-0.068813
4.461	-0.048905
4.462	-0.012595
4.463	0.019072
4.464	0.039304
4.465	0.048968
4.466	0.043856
4.467	0.017671
4.468	-0.02302
4.469	-0.058472
4.47	-0.071018
4.471	-0.055895
4.472	-0.022739
4.473	0.011395
4.474	0.03381
4.475	0.041896
4.476	0.040288
4.477	0.032717
4.478	0.019519
4.479	0.007337
4.48	0.006713
4.481	0.015523
4.482	0.022466
4.483	0.024895
4.484	0.030339
4.485	0.04071
4.486	0.042324
4.487	0.021126
4.488	-0.015648
4.489	-0.043687
4.49	-0.042936
4.491	-0.010865
4.492	0.037153
4.493	0.077583
4.494	0.092527
4.495	0.079543
4.496	0.052051
4.497	0.026275
4.498	0.009594
4.499	0.004266
4.5	0.008334
4.501	0.012101
4.502	0.008362
4.503	0.001812
4.504	0.001618
4.505	0.007195
4.506	0.005402
4.507	-0.01258
4.508	-0.037835
4.509	-0.053197
4.51	-0.048659
4.511	-0.027178
4.512	-0.001024
4.513	0.016852
4.514	0.019686
4.515	0.011988
4.516	0.007677
4.517	0.015937
4.518	0.033764
4.519	0.053631
4.52	0.065597
4.521	0.057313
4.522	0.026448
4.523	-0.014688
4.524	-0.053013
4.525	-0.082573
4.526	-0.089945
4.527	-0.041472
4.528	0.088666
4.529	0.26416
4.53	0.376912
4.531	0.329666
4.532	0.144843
4.533	-0.045362
4.534	-0.131954
4.535	-0.112835
4.536	-0.049555
4.537	0.006716
4.538	0.040922
4.539	0.058868
4.54	0.062932
4.541	0.048401
4.542	0.01919
4.543	-0.009496
4.544	-0.028448
4.545	-0.045242
4.546	-0.070511
4.547	-0.098412
4.548	-0.109363
4.549	-0.090696
4.55	-0.05347
4.551	-0.024153
4.552	-0.017047
4.553	-0.026454
4.554	-0.041126
4.555	-0.050958
4.556	-0.047909
4.557	-0.03014
4.558	-0.000183
4.559	0.037326
4.56	0.068927
4.561	0.075345
4.562	0.052075
4.563	0.016707
4.564	-0.012409
4.565	-0.034198
4.566	-0.05269
4.567	-0.060405
4.568	-0.044726
4.569	-0.005492
4.57	0.035345
4.571	0.05041
4.572	0.036194
4.573	0.010296
4.574	-0.011973
4.575	-0.023192
4.576	-0.019612
4.577	-0.000509
4.578	0.033784
4.579	0.080192
4.58	0.122889
4.581	0.135549
4.582	0.107101
4.583	0.055446
4.584	0.005305
4.585	-0.033497
4.586	-0.058371
4.587	-0.061507
4.588	-0.033894
4.589	0.018454
4.59	0.063653
4.591	0.069167
4.592	0.038479
4.593	8.5e-05
4.594	-0.026475
4.595	-0.036339
4.596	-0.028316
4.597	-0.000233
4.598	0.047599
4.599	0.105231
4.6	0.151062
4.601	0.166844
4.602	0.15818
4.603	0.145248
4.604	0.134821
4.605	0.118717
4.606	0.08735
4.607	0.031399
4.608	-0.049138
4.609	-0.12848
4.61	-0.166333
4.611	-0.143114
4.612	-0.077218
4.613	-0.006085
4.614	0.044296
4.615	0.069001
4.616	0.073073
4.617	0.060004
4.618	0.033267
4.619	0.010701
4.62	0.020783
4.621	0.068676
4.622	0.126462
4.623	0.164957
4.624	0.175403
4.625	0.16274
4.626	0.129376
4.627	0.069183
4.628	-0.016146
4.629	-0.100817
4.63	-0.14786
4.631	-0.139013
4.632	-0.088681
4.633	-0.02919
4.634	0.014699
4.635	0.037454
4.636	0.047176
4.637	0.051987
4.638	0.054472
4.639	0.0627
4.64	0.088592
4.641	0.125854
4.642	0.151667
4.643	0.152595
4.644	0.133429
4.645	0.103864
4.646	0.062386
4.647	-0.001909
4.648	-0.086085
4.649	-0.160727
4.65	-0.189822
4.651	-0.161692
4.652	-0.099005
4.653	-0.039072
4.654	-0.006154
4.655	-0.001416
4.656	-0.011114
4.657	-0.020592
4.658	-0.015356
4.659	0.034826
4.66	0.167788
4.661	0.37913
4.662	0.585537
4.663	0.659315
4.664	0.530372
4.665	0.260776
4.666	-0.007266
4.667	-0.174093
4.668	-0.233931
4.669	-0.22785
4.67	-0.187439
4.671	-0.129499
4.672	-0.073271
4.673	-0.038505
4.674	-0.031428
4.675	-0.038622
4.676	-0.03579
4.677	-0.008722
4.678	0.036678
4.679	0.086651
4.68	0.128254
4.681	0.148493
4.682	0.142078
4.683	0.116734
4.684	0.082158
4.685	0.035958
4.686	-0.032687
4.687	-0.12058
4.688	-0.200514
4.689	-0.239971
4.69	-0.225626
4.691	-0.173695
4.692	-0.118014
4.693	-0.084323
4.694	-0.075704
4.695	-0.074627
4.696	-0.056747
4.697	-0.011507
4.698	0.052603
4.699	0.121626
4.7	0.181762
4.701	0.216869
4.702	0.215693
4.703	0.179149
4.704	0.115105
4.705	0.029982
4.706	-0.066954
4.707	-0.153036
4.708	-0.199425
4.709	-0.192949
4.71	-0.148275
4.711	-0.097922
4.712	-0.067595
4.713	-0.062877
4.714	-0.074398
4.715	-0.083529
4.716	-0.069789
4.717	-0.023948
4.718	0.049471
4.719	0.138341
4.72	0.22129
4.721	0.270264
4.722	0.267715
4.723	0.216202
4.724	0.128595
4.725	0.017896
4.726	-0.097468
4.727	-0.188081
4.728	-0.226235
4.729	-0.205852
4.73	-0.150729
4.731	-0.099115
4.732	-0.075277
4.733	-0.080483
4.734	-0.102018
4.735	-0.118805
4.736	-0.108991
4.737	-0.060994
4.738	0.024851
4.739	0.138097
4.74	0.2524
4.741	0.327668
4.742	0.333155
4.743	0.267265
4.744	0.148551
4.745	-0.002092
4.746	-0.156396
4.747	-0.270228
4.748	-0.303687
4.749	-0.254457
4.75	-0.166826
4.751	-0.097308
4.752	-0.071555
4.753	-0.08245
4.754	-0.110431
4.755	-0.130869
4.756	-0.118811
4.757	-0.057983
4.758	0.053959
4.759	0.199966
4.76	0.338639
4.761	0.419661
4.762	0.419934
4.763	0.356988
4.764	0.258017
4.765	0.131669
4.766	-0.019111
4.767	-0.176169
4.768	-0.308242
4.769	-0.37997
4.77	-0.365498
4.771	-0.273998
4.772	-0.156018
4.773	-0.068845
4.774	-0.035831
4.775	-0.041647
4.776	-0.057843
4.777	-0.064886
4.778	-0.05045
4.779	0.005884
4.78	0.122295
4.781	0.275759
4.782	0.400289
4.783	0.435967
4.784	0.363477
4.785	0.203384
4.786	0.000937
4.787	-0.197464
4.788	-0.359555
4.789	-0.459626
4.79	-0.471242
4.791	-0.381696
4.792	-0.205758
4.793	0.021398
4.794	0.246457
4.795	0.387869
4.796	0.368369
4.797	0.198225
4.798	0.006327
4.799	-0.049711
4.8	0.08383
4.801	0.317016
4.802	0.503646
4.803	0.549072
4.804	0.441412
4.805	0.22542
4.806	-0.033075
4.807	-0.274915
4.808	-0.454868
4.809	-0.535032
4.81	-0.495111
4.811	-0.361045
4.812	-0.207636
4.813	-0.111851
4.814	-0.10135
4.815	-0.147201
4.816	-0.19283
4.817	-0.189042
4.818	-0.11183
4.819	0.041672
4.82	0.249697
4.821	0.45414
4.822	0.580319
4.823	0.576305
4.824	0.433164
4.825	0.185024
4.826	-0.105277
4.827	-0.368613
4.828	-0.545138
4.829	-0.593981
4.83	-0.508865
4.831	-0.334388
4.832	-0.155735
4.833	-0.05136
4.834	-0.046612
4.835	-0.107173
4.836	-0.166748
4.837	-0.164622
4.838	-0.069569
4.839	0.117925
4.84	0.364202
4.841	0.600505
4.842	0.744765
4.843	0.736741
4.844	0.561979
4.845	0.258373
4.846	-0.097722
4.847	-0.416179
4.848	-0.615454
4.849	-0.646213
4.85	-0.515707
4.851	-0.295118
4.852	-0.090197
4.853	0.014893
4.854	-0.001421
4.855	-0.095892
4.856	-0.189059
4.857	-0.20662
4.858	-0.106874
4.859	0.113391
4.86	0.412891
4.861	0.704334
4.862	0.883684
4.863	0.875864
4.864	0.663344
4.865	0.290729
4.866	-0.14689
4.867	-0.528325
4.868	-0.74492
4.869	-0.744482
4.87	-0.557335
4.871	-0.285253
4.872	-0.052419
4.873	0.053631
4.874	0.01566
4.875	-0.114202
4.876	-0.24336
4.877	-0.281409
4.878	-0.172175
4.879	0.091229
4.88	0.455947
4.881	0.812621
4.882	1.031716
4.883	1.019392
4.884	0.757278
4.885	0.308077
4.886	-0.204145
4.887	-0.62973
4.888	-0.843942
4.889	-0.798207
4.89	-0.545799
4.891	-0.218091
4.892	0.041225
4.893	0.138533
4.894	0.060129
4.895	-0.129182
4.896	-0.317248
4.897	-0.392142
4.898	-0.279974
4.899	0.03161
4.9	0.477009
4.901	0.919367
4.902	1.196944
4.903	1.190377
4.904	0.872105
4.905	0.317453
4.906	-0.315004
4.907	-0.829937
4.908	-1.068897
4.909	-0.983218
4.91	-0.657998
4.911	-0.260481
4.912	0.047452
4.913	0.166306
4.914	0.07883
4.915	-0.148145
4.916	-0.387691
4.917	-0.500465
4.918	-0.385294
4.919	-0.021889
4.92	0.504354
4.921	1.021043
4.922	1.341591
4.923	1.353534
4.924	1.062774
4.925	0.570878
4.926	0.013944
4.927	-0.486585
4.928	-0.830535
4.929	-0.933125
4.93	-0.763187
4.931	-0.40067
4.932	-0.023909
4.933	0.19382
4.934	0.195933
4.935	0.057294
4.936	-0.133953
4.937	-0.458209
4.938	-1.238011
4.939	-2.785689
4.94	-4.917818
4.941	-6.860912
4.942	-7.80999
4.943	-7.427657
4.944	-5.804339
4.945	-3.240498
4.946	-0.158184
4.947	2.86314
4.948	5.068343
4.949	5.80899
4.95	5.076659
4.951	3.616391
4.952	2.29538
4.953	1.463745
4.954	0.981074
4.955	0.618114
4.956	0.305689
4.957	0.125875
4.958	0.199388
4.959	0.591911
4.96	1.250764
4.961	1.976088
4.962	2.47988
4.963	2.521036
4.964	2.020499
4.965	1.092475
4.966	-0.006183
4.967	-0.971935
4.968	-1.554017
4.969	-1.630679
4.97	-1.249085
4.971	-0.614417
4.972	-0.007432
4.973	0.352525
4.974	0.412844
4.975	0.276516
4.976	0.064296
4.977	-0.281912
4.978	-1.077214
4.979	-2.619815
4.98	-4.693032
4.981	-6.506955
4.982	-7.293907
4.983	-6.7932
4.984	-5.168418
4.985	-2.745928
4.986	0.094847
4.987	2.858378
4.988	4.865625
4.989	5.50928
4.99	4.782956
4.991	3.400381
4.992	2.18015
4.993	1.42777
4.994	0.979431
4.995	0.615441
4.996	0.306285
4.997	0.178817
4.998	0.371991
4.999	0.92507
5.0	1.725304
5.001	2.521829
5.002	3.016696
5.003	2.984567
5.004	2.358747
5.005	1.260498
5.006	-0.033795
5.007	-1.179514
5.008	-1.879692
5.009	-1.989373
5.01	-1.567124
5.011	-0.853088
5.012	-0.166021
5.013	0.2503
5.014	0.338668
5.015	0.216135
5.016	0.02693
5.017	-0.270345
5.018	-0.989393
5.019	-2.439154
5.02	-4.420748
5.021	-6.164191
5.022	-6.920016
5.023	-6.442728
5.024	-4.900569
5.025	-2.603412
5.026	0.09924
5.027	2.734426
5.028	4.636764
5.029	5.215237
5.03	4.476097
5.031	3.127799
5.032	1.965764
5.033	1.267572
5.034	0.855383
5.035	0.518237
5.036	0.246744
5.037	0.182842
5.038	0.465977
5.039	1.11644
5.04	1.990857
5.041	2.814773
5.042	3.284535
5.043	3.18478
5.044	2.464716
5.045	1.261827
5.046	-0.126975
5.047	-1.334662
5.048	-2.054351
5.049	-2.15563
5.05	-1.731554
5.051	-1.046004
5.052	-0.397555
5.053	0.027375
5.054	0.22599
5.055	0.321905
5.056	0.384477
5.057	0.23593
5.058	-0.537886
5.059	-2.220447
5.06	-4.488456
5.061	-6.437446
5.062	-7.225928
5.063	-6.618101
5.064	-4.90471
5.065	-2.509804
5.066	0.195524
5.067	2.770826
5.068	4.59204
5.069	5.099443
5.07	4.312239
5.071	2.939894
5.072	1.775347
5.073	1.093998
5.074	0.716939
5.075	0.428696
5.076	0.209385
5.077	0.191666
5.078	0.512315
5.079	1.191025
5.08	2.081452
5.081	2.905586
5.082	3.359436
5.083	3.232134
5.084	2.481078
5.085	1.25415
5.086	-0.143467
5.087	-1.345799
5.088	-2.05665
5.089	-2.160101
5.09	-1.758056
5.091	-1.104916
5.092	-0.480608
5.093	-0.076835
5.094	0.067508
5.095	0.051636
5.096	-0.013552
5.097	-0.20066
5.098	-0.85086
5.099	-2.307221
5.1	-4.400063
5.101	-6.319092
5.102	-7.176529
5.103	-6.628776
5.104	-4.912878
5.105	-2.474036
5.106	0.272913
5.107	2.863102
5.108	4.667694
5.109	5.12745
5.11	4.268867
5.111	2.822083
5.112	1.60813
5.113	0.925413
5.114	0.600768
5.115	0.402644
5.116	0.283562
5.117	0.351006
5.118	0.72271
5.119	1.404944
5.12	2.248765
5.121	2.991368
5.122	3.359869
5.123	3.176598
5.124	2.419094
5.125	1.234599
5.126	-0.09354
5.127	-1.232493
5.128	-1.915948
5.129	-2.046727
5.13	-1.725351
5.131	-1.176361
5.132	-0.634006
5.133	-0.254616
5.134	-0.067324
5.135	0.011473
5.136	0.059671
5.137	-0.03681
5.138	-0.657795
5.139	-2.163956
5.14	-4.367107
5.141	-6.408279
5.142	-7.346029
5.143	-6.803616
5.144	-5.018262
5.145	-2.462823
5.146	0.410009
5.147	3.096047
5.148	4.929258
5.149	5.333663
5.15	4.357025
5.151	2.778583
5.152	1.470418
5.153	0.763305
5.154	0.487945
5.155	0.392478
5.156	0.396079
5.157	0.566478
5.158	0.981834
5.159	1.618945
5.16	2.323296
5.161	2.870758
5.162	3.069704
5.163	2.822528
5.164	2.137197
5.165	1.123234
5.166	-0.023018
5.167	-1.057982
5.168	-1.762351
5.169	-2.01862
5.17	-1.848263
5.171	-1.396904
5.172	-0.875615
5.173	-0.466439
5.174	-0.241584
5.175	-0.150912
5.176	-0.0737
5.177	0.108117
5.178	0.459452
5.179	0.974134
5.18	1.566431
5.181	2.079384
5.182	2.335308
5.183	2.207953
5.184	1.676866
5.185	0.844596
5.186	-0.08657
5.187	-0.8768
5.188	-1.344996
5.189	-1.454118
5.19	-1.313238
5.191	-1.083039
5.192	-0.864383
5.193	-0.673887
5.194	-0.501857
5.195	-0.344061
5.196	-0.177767
5.197	0.046689
5.198	0.375186
5.199	0.812855
5.2	1.298806
5.201	1.709459
5.202	1.905626
5.203	1.794944
5.204	1.364656
5.205	0.679993
5.206	-0.128338
5.207	-0.888637
5.208	-1.438491
5.209	-1.678885
5.21	-1.605798
5.211	-1.31321
5.212	-0.951444
5.213	-0.649962
5.214	-0.458314
5.215	-0.340751
5.216	-0.217455
5.217	-0.018532
5.218	0.285607
5.219	0.678612
5.22	1.09678
5.221	1.437156
5.222	1.591747
5.223	1.491477
5.224	1.128203
5.225	0.555383
5.226	-0.115913
5.227	-0.739386
5.228	-1.183172
5.229	-1.374868
5.23	-1.321173
5.231	-1.100626
5.232	-0.824917
5.233	-0.586337
5.234	-0.42052
5.235	-0.301401
5.236	-0.170854
5.237	0.020902
5.238	0.293661
5.239	0.632923
5.24	0.985962
5.241	1.265228
5.242	1.379062
5.243	1.273469
5.244	0.948358
5.245	0.453909
5.246	-0.11293
5.247	-0.629354
5.248	-0.990438
5.249	-1.145009
5.25	-1.10687
5.251	-0.940743
5.252	-0.729374
5.253	-0.539365
5.254	-0.396524
5.255	-0.281592
5.256	-0.152849
5.257	0.024718
5.258	0.264626
5.259	0.554223
5.26	0.849823
5.261	1.079651
5.262	1.169346
5.263	1.074591
5.264	0.794573
5.265	0.373534
5.266	-0.102716
5.267	-0.52994
5.268	-0.823295
5.269	-0.948025
5.27	-0.925168
5.271	-0.807759
5.272	-0.652382
5.273	-0.503816
5.274	-0.381672
5.275	-0.274049
5.276	-0.151196
5.277	0.013332
5.278	0.229608
5.279	0.485994
5.28	0.743391
5.281	0.937546
5.282	1.00732
5.283	0.924305
5.284	0.694503
5.285	0.354467
5.286	-0.030654
5.287	-0.385011
5.288	-0.645483
5.289	-0.780212
5.29	-0.796862
5.291	-0.729352
5.292	-0.618536
5.293	-0.500946
5.294	-0.395425
5.295	-0.294411
5.296	-0.173047
5.297	-0.008204
5.298	0.205721
5.299	0.448806
5.3	0.673253
5.301	0.817061
5.302	0.837548
5.303	0.728092
5.304	0.505772
5.305	0.204713
5.306	-0.122832
5.307	-0.414759
5.308	-0.614921
5.309	-0.698257
5.31	-0.683936
5.311	-0.612285
5.312	-0.518181
5.313	-0.426759
5.314	-0.351371
5.315	-0.28719
5.316	-0.210503
5.317	-0.085074
5.318	0.12587
5.319	0.436518
5.32	0.802638
5.321	1.106521
5.322	1.202147
5.323	1.008652
5.324	0.58589
5.325	0.105667
5.326	-0.275575
5.327	-0.503166
5.328	-0.597712
5.329	-0.602988
5.33	-0.564958
5.331	-0.515283
5.332	-0.464104
5.333	-0.412168
5.334	-0.356781
5.335	-0.286613
5.336	-0.185175
5.337	-0.047588
5.338	0.108499
5.339	0.255722
5.34	0.378399
5.341	0.470203
5.342	0.51539
5.343	0.491108
5.344	0.388366
5.345	0.217045
5.346	-0.004781
5.347	-0.250252
5.348	-0.475205
5.349	-0.623665
5.35	-0.654903
5.351	-0.577491
5.352	-0.447491
5.353	-0.321959
5.354	-0.222575
5.355	-0.139225
5.356	-0.05466
5.357	0.034821
5.358	0.123387
5.359	0.212707
5.36	0.306275
5.361	0.389443
5.362	0.432168
5.363	0.411372
5.364	0.322732
5.365	0.173023
5.366	-0.025393
5.367	-0.244838
5.368	-0.438107
5.369	-0.553817
5.37	-0.56381
5.371	-0.486628
5.372	-0.375994
5.373	-0.277244
5.374	-0.200595
5.375	-0.129938
5.376	-0.048608
5.377	0.041521
5.378	0.127353
5.379	0.204357
5.38	0.275047
5.381	0.331769
5.382	0.355888
5.383	0.333011
5.384	0.258162
5.385	0.130313
5.386	-0.04154
5.387	-0.226866
5.388	-0.380431
5.389	-0.463077
5.39	-0.463174
5.391	-0.405851
5.392	-0.332746
5.393	-0.269378
5.394	-0.213688
5.395	-0.149169
5.396	-0.067432
5.397	0.021452
5.398	0.103181
5.399	0.175354
5.4	0.240354
5.401	0.290325
5.402	0.308776
5.403	0.283059
5.404	0.209481
5.405	0.091793
5.406	-0.054373
5.407	-0.198377
5.408	-0.305826
5.409	-0.355158
5.41	-0.348938
5.411	-0.311244
5.412	-0.267467
5.413	-0.226476
5.414	-0.179554
5.415	-0.112544
5.416	-0.023942
5.417	0.069309
5.418	0.147547
5.419	0.204023
5.42	0.240608
5.421	0.255401
5.422	0.2421
5.423	0.197046
5.424	0.120181
5.425	0.016204
5.426	-0.097432
5.427	-0.193039
5.428	-0.250696
5.429	-0.270416
5.43	-0.267984
5.431	-0.260881
5.432	-0.256396
5.433	-0.249749
5.434	-0.227933
5.435	-0.179077
5.436	-0.105242
5.437	-0.022376
5.438	0.05457
5.439	0.120664
5.44	0.17225
5.441	0.197517
5.442	0.186266
5.443	0.140975
5.444	0.069778
5.445	-0.017254
5.446	-0.103146
5.447	-0.172312
5.448	-0.22212
5.449	-0.256044
5.45	-0.264403
5.451	-0.215464
5.452	-0.081109
5.453	0.112829
5.454	0.270758
5.455	0.291233
5.456	0.167167
5.457	0.007293
5.458	-0.063562
5.459	-0.013249
5.46	0.09302
5.461	0.168444
5.462	0.172819
5.463	0.118889
5.464	0.034988
5.465	-0.055999
5.466	-0.13245
5.467	-0.175855
5.468	-0.182034
5.469	-0.16905
5.47	-0.166722
5.471	-0.18981
5.472	-0.228327
5.473	-0.261499
5.474	-0.270001
5.475	-0.242535
5.476	-0.181369
5.477	-0.100867
5.478	-0.017692
5.479	0.056488
5.48	0.112723
5.481	0.146554
5.482	0.1612
5.483	0.156936
5.484	0.128835
5.485	0.078512
5.486	0.00978
5.487	-0.080794
5.488	-0.188783
5.489	-0.281722
5.49	-0.316293
5.491	-0.283333
5.492	-0.217534
5.493	-0.156108
5.494	-0.107582
5.495	-0.064582
5.496	-0.028989
5.497	-0.016075
5.498	-0.030033
5.499	-0.041197
5.5	-0.013109
5.501	0.050311
5.502	0.109806
5.503	0.132869
5.504	0.116084
5.505	0.07435
5.506	0.016085
5.507	-0.062884
5.508	-0.157917
5.509	-0.23778
5.51	-0.263216
5.511	-0.229062
5.512	-0.170724
5.513	-0.122204
5.514	-0.087507
5.515	-0.05449
5.516	-0.020081
5.517	0.002275
5.518	0.002447
5.519	-0.003963
5.52	0.008974
5.521	0.044081
5.522	0.079894
5.523	0.094928
5.524	0.084345
5.525	0.055979
5.526	0.012087
5.527	-0.054065
5.528	-0.135857
5.529	-0.19992
5.53	-0.211573
5.531	-0.173774
5.532	-0.123643
5.533	-0.089441
5.534	-0.068855
5.535	-0.046041
5.536	-0.016426
5.537	0.00666
5.538	0.012798
5.539	0.015263
5.54	0.034023
5.541	0.065432
5.542	0.087316
5.543	0.08663
5.544	0.068239
5.545	0.041769
5.546	0.010647
5.547	-0.025412
5.548	-0.061361
5.549	-0.082623
5.55	-0.078719
5.551	-0.062122
5.552	-0.056753
5.553	-0.068266
5.554	-0.079582
5.555	-0.07191
5.556	-0.045341
5.557	-0.019681
5.558	-0.010452
5.559	-0.008956
5.56	0.003842
5.561	0.030762
5.562	0.054677
5.563	0.056512
5.564	0.03189
5.565	-0.009501
5.566	-0.054666
5.567	-0.09271
5.568	-0.114291
5.569	-0.113061
5.57	-0.093795
5.571	-0.074259
5.572	-0.068938
5.573	-0.074969
5.574	-0.076754
5.575	-0.060839
5.576	-0.03079
5.577	-0.007096
5.578	-0.005956
5.579	-0.023233
5.58	-0.043461
5.581	-0.051225
5.582	-0.024529
5.583	0.065809
5.584	0.221622
5.585	0.37737
5.586	0.426027
5.587	0.315324
5.588	0.111422
5.589	-0.057035
5.59	-0.118015
5.591	-0.099597
5.592	-0.066925
5.593	-0.053406
5.594	-0.052216
5.595	-0.045417
5.596	-0.030398
5.597	-0.019573
5.598	-0.018478
5.599	-0.014787
5.6	0.003745
5.601	0.027105
5.602	0.030046
5.603	-0.000223
5.604	-0.051812
5.605	-0.09931
5.606	-0.119862
5.607	-0.105404
5.608	-0.067737
5.609	-0.031485
5.61	-0.018339
5.611	-0.033184
5.612	-0.06328
5.613	-0.089383
5.614	-0.096088
5.615	-0.078975
5.616	-0.048832
5.617	-0.023317
5.618	-0.008917
5.619	0.003934
5.62	0.022978
5.621	0.038669
5.622	0.034658
5.623	0.006225
5.624	-0.037027
5.625	-0.076743
5.626	-0.092228
5.627	-0.0714
5.628	-0.022344
5.629	0.02566
5.63	0.041957
5.631	0.020585
5.632	-0.019776
5.633	-0.05702
5.634	-0.076874
5.635	-0.07269
5.636	-0.048486
5.637	-0.018663
5.638	0.005857
5.639	0.026566
5.64	0.044089
5.641	0.047078
5.642	0.024248
5.643	-0.021705
5.644	-0.07522
5.645	-0.115411
5.646	-0.124327
5.647	-0.095495
5.648	-0.040678
5.649	0.010477
5.65	0.028331
5.651	0.007173
5.652	-0.034732
5.653	-0.07439
5.654	-0.096307
5.655	-0.094268
5.656	-0.070166
5.657	-0.031305
5.658	0.014174
5.659	0.056887
5.66	0.080117
5.661	0.067342
5.662	0.020158
5.663	-0.042461
5.664	-0.099047
5.665	-0.131812
5.666	-0.127661
5.667	-0.084121
5.668	-0.016643
5.669	0.042285
5.67	0.061998
5.671	0.037653
5.672	-0.010449
5.673	-0.056798
5.674	-0.082469
5.675	-0.076531
5.676	-0.037484
5.677	0.025013
5.678	0.092126
5.679	0.138744
5.68	0.140097
5.681	0.09085
5.682	0.019121
5.683	-0.031029
5.684	-0.037328
5.685	-0.017204
5.686	-0.007252
5.687	-0.031835
5.688	-0.087295
5.689	-0.139706
5.69	-0.148262
5.691	-0.108977
5.692	-0.058174
5.693	-0.026591
5.694	-0.012596
5.695	6.4e-05
5.696	0.01338
5.697	0.008856
5.698	-0.024351
5.699	-0.063533
5.7	-0.073353
5.701	-0.04583
5.702	-0.004356
5.703	0.024423
5.704	0.031073
5.705	0.018877
5.706	-0.011334
5.707	-0.065904
5.708	-0.142987
5.709	-0.209355
5.71	-0.207868
5.711	-0.10174
5.712	0.094841
5.713	0.315285
5.714	0.454572
5.715	0.426268
5.716	0.242837
5.717	0.017316
5.718	-0.132123
5.719	-0.165579
5.72	-0.118102
5.721	-0.046337
5.722	0.010388
5.723	0.037477
5.724	0.036441
5.725	0.013171
5.726	-0.027964
5.727	-0.080949
5.728	-0.130343
5.729	-0.151147
5.73	-0.131443
5.731	-0.092884
5.732	-0.069284
5.733	-0.070027
5.734	-0.075728
5.735	-0.064041
5.736	-0.037337
5.737	-0.022578
5.738	-0.038027
5.739	-0.068264
5.74	-0.081924
5.741	-0.065584
5.742	-0.032528
5.743	-0.005947
5.744	8.7e-05
5.745	-0.013203
5.746	-0.036722
5.747	-0.063445
5.748	-0.085953
5.749	-0.090974
5.75	-0.073686
5.751	-0.050856
5.752	-0.043502
5.753	-0.053187
5.754	-0.061593
5.755	-0.050628
5.756	-0.023781
5.757	-0.003865
5.758	-0.005899
5.759	-0.018941
5.76	-0.021176
5.761	-0.00721
5.762	0.007982
5.763	0.008239
5.764	-0.009382
5.765	-0.036184
5.766	-0.060641
5.767	-0.075263
5.768	-0.076458
5.769	-0.063873
5.77	-0.045187
5.771	-0.034192
5.772	-0.038517
5.773	-0.051775
5.774	-0.057717
5.775	-0.044931
5.776	-0.020641
5.777	-0.004709
5.778	-0.006807
5.779	-0.014775
5.78	-0.009608
5.781	0.011921
5.782	0.033989
5.783	0.037137
5.784	0.013924
5.785	-0.026394
5.786	-0.066458
5.787	-0.091909
5.788	-0.094888
5.789	-0.078059
5.79	-0.056859
5.791	-0.047835
5.792	-0.055093
5.793	-0.069412
5.794	-0.076298
5.795	-0.067573
5.796	-0.048882
5.797	-0.033231
5.798	-0.024541
5.799	-0.011849
5.8	0.014225
5.801	0.044888
5.802	0.05992
5.803	0.045793
5.804	0.005814
5.805	-0.041776
5.806	-0.07524
5.807	-0.080337
5.808	-0.055668
5.809	-0.015997
5.81	0.01449
5.811	0.019623
5.812	-0.000528
5.813	-0.033861
5.814	-0.063023
5.815	-0.074702
5.816	-0.067489
5.817	-0.04944
5.818	-0.025882
5.819	0.005473
5.82	0.042129
5.821	0.070156
5.822	0.074857
5.823	0.049548
5.824	-0.001582
5.825	-0.063177
5.826	-0.114572
5.827	-0.136541
5.828	-0.121221
5.829	-0.084699
5.83	-0.057124
5.831	-0.053844
5.832	-0.067646
5.833	-0.084117
5.834	-0.092192
5.835	-0.08521
5.836	-0.061561
5.837	-0.025233
5.838	0.017782
5.839	0.058873
5.84	0.0804
5.841	0.065524
5.842	0.022182
5.843	-0.009847
5.844	0.019326
5.845	0.128231
5.846	0.268564
5.847	0.340057
5.848	0.269595
5.849	0.086842
5.85	-0.09458
5.851	-0.180718
5.852	-0.170597
5.853	-0.125566
5.854	-0.092956
5.855	-0.07443
5.856	-0.049148
5.857	-0.004017
5.858	0.058341
5.859	0.120443
5.86	0.155184
5.861	0.145961
5.862	0.098957
5.863	0.031033
5.864	-0.045184
5.865	-0.122588
5.866	-0.189291
5.867	-0.223085
5.868	-0.209102
5.869	-0.162569
5.87	-0.119223
5.871	-0.103349
5.872	-0.114095
5.873	-0.135656
5.874	-0.14939
5.875	-0.138675
5.876	-0.094212
5.877	-0.019321
5.878	0.070422
5.879	0.147327
5.88	0.180844
5.881	0.160954
5.882	0.104054
5.883	0.032556
5.884	-0.042768
5.885	-0.119348
5.886	-0.184597
5.887	-0.210884
5.888	-0.181042
5.889	-0.115978
5.89	-0.062389
5.891	-0.050183
5.892	-0.072983
5.893	-0.106509
5.894	-0.127722
5.895	-0.118632
5.896	-0.070628
5.897	0.011249
5.898	0.110041
5.899	0.19648
5.9	0.237264
5.901	0.218626
5.902	0.15553
5.903	0.073883
5.904	-0.010622
5.905	-0.093022
5.906	-0.165878
5.907	-0.22162
5.908	-0.25772
5.909	-0.262854
5.91	-0.223311
5.911	-0.152473
5.912	-0.08419
5.913	-0.037977
5.914	-0.007924
5.915	0.019193
5.916	0.041857
5.917	0.045917
5.918	0.03273
5.919	0.031053
5.92	0.067104
5.921	0.131924
5.922	0.188001
5.923	0.200266
5.924	0.155787
5.925	0.064464
5.926	-0.04854
5.927	-0.153279
5.928	-0.222788
5.929	-0.237984
5.93	-0.19959
5.931	-0.133829
5.932	-0.073392
5.933	-0.033261
5.934	-0.006797
5.935	0.017822
5.936	0.039479
5.937	0.048324
5.938	0.049625
5.939	0.070567
5.94	0.131205
5.941	0.215422
5.942	0.280452
5.943	0.288002
5.944	0.224034
5.945	0.104207
5.946	-0.033935
5.947	-0.150828
5.948	-0.220275
5.949	-0.234469
5.95	-0.2051
5.951	-0.15688
5.952	-0.112757
5.953	-0.08131
5.954	-0.056417
5.955	-0.030533
5.956	-0.006164
5.957	0.011555
5.958	0.032246
5.959	0.078756
5.96	0.158468
5.961	0.243166
5.962	0.287435
5.963	0.260555
5.964	0.161128
5.965	0.017027
5.966	-0.126827
5.967	-0.229269
5.968	-0.268857
5.969	-0.250505
5.97	-0.199439
5.971	-0.145076
5.972	-0.109471
5.973	-0.101918
5.974	-0.114654
5.975	-0.122685
5.976	-0.087834
5.977	0.030216
5.978	0.246917
5.979	0.513208
5.98	0.70695
5.981	0.712729
5.982	0.533054
5.983	0.283413
5.984	0.073654
5.985	-0.067713
5.986	-0.163721
5.987	-0.229637
5.988	-0.257393
5.989	-0.241718
5.99	-0.197222
5.991	-0.146304
5.992	-0.105176
5.993	-0.080582
5.994	-0.070201
5.995	-0.065461
5.996	-0.054957
5.997	-0.025865
5.998	0.036272
5.999	0.137891
6.0	0.257016
6.001	0.346547
6.002	0.365664
6.003	0.299299
6.004	0.159494
6.005	-0.018067
6.006	-0.186304
6.007	-0.302882
6.008	-0.344195
6.009	-0.315948
6.01	-0.247506
6.011	-0.172385
6.012	-0.115149
6.013	-0.087022
6.014	-0.08387
6.015	-0.087623
6.016	-0.073596
6.017	-0.020781
6.018	0.081818
6.019	0.226045
6.02	0.374467
6.021	0.473302
6.022	0.481354
6.023	0.387287
6.024	0.212022
6.025	-0.001003
6.026	-0.20056
6.027	-0.337446
6.028	-0.380257
6.029	-0.335329
6.03	-0.242127
6.031	-0.146313
6.032	-0.080408
6.033	-0.058203
6.034	-0.072485
6.035	-0.094652
6.036	-0.085536
6.037	-0.015063
6.038	0.123751
6.039	0.305197
6.04	0.473612
6.041	0.570772
6.042	0.561917
6.043	0.441889
6.044	0.232779
6.045	-0.021513
6.046	-0.260969
6.047	-0.420834
6.048	-0.459995
6.049	-0.388032
6.05	-0.259059
6.051	-0.136562
6.052	-0.063
6.053	-0.051069
6.054	-0.084835
6.055	-0.123491
6.056	-0.117394
6.057	-0.031301
6.058	0.139669
6.059	0.360354
6.06	0.562838
6.061	0.677486
6.062	0.661465
6.063	0.510105
6.064	0.254643
6.065	-0.047537
6.066	-0.319983
6.067	-0.484405
6.068	-0.499864
6.069	-0.391644
6.07	-0.23347
6.071	-0.097351
6.072	-0.021006
6.073	-0.010154
6.074	-0.046157
6.075	-0.090399
6.076	-0.102923
6.077	-0.061274
6.078	0.044788
6.079	0.220521
6.08	0.444991
6.081	0.649852
6.082	0.743571
6.083	0.66742
6.084	0.42868
6.085	0.089696
6.086	-0.260771
6.087	-0.534296
6.088	-0.664476
6.089	-0.623077
6.09	-0.440506
6.091	-0.207589
6.092	-0.027298
6.093	0.044268
6.094	0.016527
6.095	-0.057028
6.096	-0.115606
6.097	-0.112013
6.098	-0.009277
6.099	0.211161
6.1	0.51282
6.101	0.789172
6.102	0.912874
6.103	0.811826
6.104	0.503647
6.105	0.074342
6.106	-0.36104
6.107	-0.688292
6.108	-0.813538
6.109	-0.684407
6.11	-0.325495
6.111	0.133592
6.112	0.487004
6.113	0.559719
6.114	0.337052
6.115	-0.010688
6.116	-0.2604
6.117	-0.289616
6.118	-0.100715
6.119	0.242844
6.12	0.645106
6.121	0.973184
6.122	1.094675
6.123	0.945909
6.124	0.56282
6.125	0.058604
6.126	-0.422017
6.127	-0.75044
6.128	-0.853285
6.129	-0.73341
6.13	-0.467074
6.131	-0.175359
6.132	0.0246
6.133	0.068966
6.134	-0.029264
6.135	-0.194345
6.136	-0.324689
6.137	-0.327889
6.138	-0.144664
6.139	0.224367
6.14	0.688201
6.141	1.077351
6.142	1.223066
6.143	1.045279
6.144	0.585823
6.145	-0.014747
6.146	-0.573486
6.147	-0.931556
6.148	-1.007119
6.149	-0.818323
6.15	-0.469134
6.151	-0.106252
6.152	0.13391
6.153	0.175202
6.154	0.031477
6.155	-0.201411
6.156	-0.386282
6.157	-0.396702
6.158	-0.160367
6.159	0.305998
6.16	0.872655
6.161	1.329437
6.162	1.485797
6.163	1.261551
6.164	0.71299
6.165	0.004874
6.166	-0.651427
6.167	-1.070759
6.168	-1.154611
6.169	-0.923258
6.17	-0.502868
6.171	-0.070436
6.172	0.21876
6.173	0.297507
6.174	0.209431
6.175	0.044003
6.176	-0.213647
6.177	-0.810048
6.178	-2.096457
6.179	-4.077693
6.18	-6.142069
6.181	-7.453572
6.182	-7.520028
6.183	-6.302061
6.184	-4.035655
6.185	-1.095878
6.186	2.017857
6.187	4.614152
6.188	5.937865
6.189	5.672149
6.19	4.316702
6.191	2.807356
6.192	1.745525
6.193	1.139084
6.194	0.740247
6.195	0.409229
6.196	0.195493
6.197	0.228785
6.198	0.588427
6.199	1.222626
6.2	1.9378
6.201	2.470103
6.202	2.59669
6.203	2.221763
6.204	1.412166
6.205	0.3778
6.206	-0.597268
6.207	-1.250014
6.208	-1.432646
6.209	-1.168463
6.21	-0.633918
6.211	-0.075264
6.212	0.298602
6.213	0.402965
6.214	0.298153
6.215	0.111517
6.216	-0.132876
6.217	-0.667811
6.218	-1.871551
6.219	-3.803399
6.22	-5.872755
6.221	-7.182016
6.222	-7.185558
6.223	-5.912183
6.224	-3.701896
6.225	-0.933307
6.226	1.97012
6.227	4.391367
6.228	5.6193
6.229	5.348983
6.23	4.060025
6.231	2.647481
6.232	1.670705
6.233	1.112024
6.234	0.727672
6.235	0.407461
6.236	0.232026
6.237	0.342066
6.238	0.804737
6.239	1.549724
6.24	2.383427
6.241	3.058954
6.242	3.342285
6.243	3.056177
6.244	2.147707
6.245	0.783152
6.246	-0.634828
6.247	-1.633474
6.248	-1.935015
6.249	-1.593708
6.25	-0.908655
6.251	-0.226295
6.252	0.214726
6.253	0.344436
6.254	0.248715
6.255	0.078103
6.256	-0.129917
6.257	-0.605716
6.258	-1.733975
6.259	-3.591075
6.26	-5.603156
6.261	-6.869179
6.262	-6.835379
6.263	-5.548661
6.264	-3.377839
6.265	-0.713483
6.266	2.02219
6.267	4.230098
6.268	5.254253
6.269	4.872977
6.27	3.615551
6.271	2.340412
6.272	1.520487
6.273	1.081517
6.274	0.773525
6.275	0.49613
6.276	0.333085
6.277	0.431053
6.278	0.883039
6.279	1.65388
6.28	2.544436
6.281	3.234114
6.282	3.414731
6.283	2.939224
6.284	1.889885
6.285	0.53934
6.286	-0.754239
6.287	-1.66612
6.288	-2.004738
6.289	-1.768865
6.29	-1.144918
6.291	-0.429933
6.292	0.105029
6.293	0.339879
6.294	0.335373
6.295	0.231522
6.296	0.050662
6.297	-0.451991
6.298	-1.649171
6.299	-3.569625
6.3	-5.591567
6.301	-6.807351
6.302	-6.697542
6.303	-5.35478
6.304	-3.177489
6.305	-0.55776
6.306	2.105099
6.307	4.243061
6.308	5.21795
6.309	4.806949
6.31	3.531829
6.311	2.247603
6.312	1.429757
6.313	1.009895
6.314	0.740867
6.315	0.518987
6.316	0.422113
6.317	0.589163
6.318	1.09992
6.319	1.901232
6.32	2.779733
6.321	3.418775
6.322	3.535613
6.323	3.009739
6.324	1.93284
6.325	0.572479
6.326	-0.723558
6.327	-1.639231
6.328	-1.988607
6.329	-1.77695
6.33	-1.191879
6.331	-0.516133
6.332	0.001761
6.333	0.256539
6.334	0.30928
6.335	0.287542
6.336	0.192292
6.337	-0.248442
6.338	-1.431807
6.339	-3.391376
6.34	-5.482303
6.341	-6.759422
6.342	-6.675603
6.343	-5.321153
6.344	-3.113362
6.345	-0.465154
6.346	2.213368
6.347	4.345891
6.348	5.284078
6.349	4.805857
6.35	3.451568
6.351	2.102642
6.352	1.256737
6.353	0.855955
6.354	0.649833
6.355	0.521057
6.356	0.526151
6.357	0.776779
6.358	1.3253
6.359	2.100479
6.36	2.895437
6.361	3.431093
6.362	3.472907
6.363	2.930663
6.364	1.893146
6.365	0.594675
6.366	-0.656935
6.367	-1.570103
6.368	-1.966962
6.369	-1.842714
6.37	-1.342373
6.371	-0.678965
6.372	-0.048815
6.373	0.420271
6.374	0.678292
6.375	0.725962
6.376	0.531346
6.377	-0.092897
6.378	-1.434188
6.379	-3.483231
6.38	-5.615377
6.381	-6.908775
6.382	-6.81239
6.383	-5.403073
6.384	-3.098451
6.385	-0.331419
6.386	2.448886
6.387	4.620192
6.388	5.511153
6.389	4.917456
6.39	3.42398
6.391	1.959505
6.392	1.057177
6.393	0.676297
6.394	0.563379
6.395	0.576056
6.396	0.724569
6.397	1.064948
6.398	1.604304
6.399	2.2589
6.4	2.861456
6.401	3.21653
6.402	3.172805
6.403	2.675218
6.404	1.785708
6.405	0.6754
6.406	-0.410732
6.407	-1.223139
6.408	-1.599809
6.409	-1.533891
6.41	-1.167702
6.411	-0.710982
6.412	-0.33722
6.413	-0.118635
6.414	-0.018032
6.415	0.072513
6.416	0.266742
6.417	0.6296
6.418	1.153852
6.419	1.756145
6.42	2.292278
6.421	2.601871
6.422	2.563731
6.423	2.136191
6.424	1.374968
6.425	0.429986
6.426	-0.483864
6.427	-1.152474
6.428	-1.447382
6.429	-1.378985
6.43	-1.07736
6.431	-0.712053
6.432	-0.410945
6.433	-0.221759
6.434	-0.112224
6.435	0.000432
6.436	0.200851
6.437	0.53585
6.438	0.996395
6.439	1.511336
6.44	1.960586
6.441	2.214977
6.442	2.1783
6.443	1.814774
6.444	1.168488
6.445	0.369899
6.446	-0.393096
6.447	-0.942022
6.448	-1.180033
6.449	-1.128662
6.45	-0.899709
6.451	-0.621669
6.452	-0.383902
6.453	-0.219424
6.454	-0.105825
6.455	0.016736
6.456	0.211585
6.457	0.515745
6.458	0.921703
6.459	1.366992
6.46	1.745638
6.461	1.946695
6.462	1.892927
6.463	1.562897
6.464	1.003922
6.465	0.332717
6.466	-0.293375
6.467	-0.730546
6.468	-0.905069
6.469	-0.846107
6.47	-0.658279
6.471	-0.448454
6.472	-0.279588
6.473	-0.166949
6.474	-0.08365
6.475	0.024518
6.476	0.209448
6.477	0.493734
6.478	0.858567
6.479	1.242673
6.48	1.555014
6.481	1.705872
6.482	1.638227
6.483	1.344724
6.484	0.875921
6.485	0.329419
6.486	-0.190303
6.487	-0.602761
6.488	-0.847648
6.489	-0.889738
6.49	-0.750827
6.491	-0.51474
6.492	-0.2774
6.493	-0.090301
6.494	0.050902
6.495	0.178254
6.496	0.319328
6.497	0.488252
6.498	0.698968
6.499	0.957902
6.5	1.224132
6.501	1.406101
6.502	1.422721
6.503	1.263171
6.504	0.98915
6.505	0.676084
6.506	0.346718
6.507	-0.018322
6.508	-0.392789
6.509	-0.662819
6.51	-0.71522
6.511	-0.555116
6.512	-0.300505
6.513	-0.071248
6.514	0.091131
6.515	0.212839
6.516	0.334394
6.517	0.480439
6.518	0.667027
6.519	0.898761
6.52	1.137862
6.521	1.301279
6.522	1.30738
6.523	1.125288
6.524	0.788258
6.525	0.371114
6.526	-0.040915
6.527	-0.372905
6.528	-0.573583
6.529	-0.623694
6.53	-0.541967
6.531	-0.382876
6.532	-0.210531
6.533	-0.063257
6.534	0.058241
6.535	0.175542
6.536	0.308308
6.537	0.464248
6.538	0.647523
6.539	0.853177
6.54	1.045941
6.541	1.164903
6.542	1.155442
6.543	0.999037
6.544	0.721737
6.545	0.377459
6.546	0.028746
6.547	-0.261229
6.548	-0.439563
6.549	-0.481534
6.55	-0.403966
6.551	-0.259941
6.552	-0.108714
6.553	0.017013
6.554	0.119828
6.555	0.222853
6.556	0.345485
6.557	0.491783
6.558	0.659185
6.559	0.837168
6.56	0.991459
6.561	1.070963
6.562	1.038081
6.563	0.888888
6.564	0.648194
6.565	0.355374
6.566	0.060717
6.567	-0.179068
6.568	-0.319102
6.569	-0.344326
6.57	-0.276042
6.571	-0.160999
6.572	-0.043483
6.573	0.056724
6.574	0.146044
6.575	0.243459
6.576	0.360624
6.577	0.495385
6.578	0.641694
6.579	0.788305
6.58	0.908049
6.581	0.965352
6.582	0.934918
6.583	0.811289
6.584	0.607929
6.585	0.355213
6.586	0.101645
6.587	-0.09673
6.588	-0.202
6.589	-0.211665
6.59	-0.154459
6.591	-0.068966
6.592	0.018225
6.593	0.098469
6.594	0.177724
6.595	0.268654
6.596	0.376712
6.597	0.497316
6.598	0.626523
6.599	0.758951
6.6	0.872919
6.601	0.931725
6.602	0.905815
6.603	0.78976
6.604	0.599171
6.605	0.366924
6.606	0.14485
6.607	-0.013267
6.608	-0.082573
6.609	-0.079397
6.61	-0.041147
6.611	0.006234
6.612	0.057644
6.613	0.115774
6.614	0.18445
6.615	0.267704
6.616	0.364605
6.617	0.470446
6.618	0.582291
6.619	0.692618
6.62	0.779466
6.621	0.813221
6.622	0.775176
6.623	0.666812
6.624	0.506426
6.625	0.327701
6.626	0.174623
6.627	0.081557
6.628	0.053984
6.629	0.066628
6.63	0.085736
6.631	0.096898
6.632	0.103635
6.633	0.112855
6.634	0.140592
6.635	0.220737
6.636	0.390747
6.637	0.656678
6.638	0.956591
6.639	1.163527
6.64	1.165974
6.641	0.97246
6.642	0.710704
6.643	0.503372
6.644	0.37412
6.645	0.284059
6.646	0.210088
6.647	0.161387
6.648	0.146555
6.649	0.149891
6.65	0.148576
6.651	0.142672
6.652	0.151495
6.653	0.190809
6.654	0.261198
6.655	0.342276
6.656	0.397237
6.657	0.404181
6.658	0.391367
6.659	0.419471
6.66	0.512226
6.661	0.625552
6.662	0.692309
6.663	0.675743
6.664	0.585336
6.665	0.460102
6.666	0.341254
6.667	0.259455
6.668	0.225422
6.669	0.218726
6.67	0.209988
6.671	0.19601
6.672	0.193377
6.673	0.212024
6.674	0.250331
6.675	0.303688
6.676	0.367667
6.677	0.435483
6.678	0.50134
6.679	0.566796
6.68	0.632265
6.681	0.683403
6.682	0.696699
6.683	0.659522
6.684	0.581124
6.685	0.481324
6.686	0.372164
6.687	0.259368
6.688	0.160579
6.689	0.10869
6.69	0.125226
6.691	0.196124
6.692	0.285319
6.693	0.365046
6.694	0.424901
6.695	0.46288
6.696	0.477652
6.697	0.473371
6.698	0.473162
6.699	0.507418
6.7	0.577041
6.701	0.647199
6.702	0.679343
6.703	0.659841
6.704	0.602714
6.705	0.52582
6.706	0.430989
6.707	0.318993
6.708	0.214198
6.709	0.157555
6.71	0.171384
6.711	0.237974
6.712	0.31892
6.713	0.387165
6.714	0.435658
6.715	0.467996
6.716	0.487503
6.717	0.497223
6.718	0.51086
6.719	0.544542
6.72	0.592481
6.721	0.629812
6.722	0.636911
6.723	0.612076
6.724	0.566319
6.725	0.50743
6.726	0.432927
6.727	0.343547
6.728	0.259666
6.729	0.216818
6.73	0.236025
6.731	0.30215
6.732	0.381011
6.733	0.448752
6.734	0.499229
6.735	0.534199
6.736	0.552397
6.737	0.552248
6.738	0.545155
6.739	0.550195
6.74	0.571289
6.741	0.591391
6.742	0.590366
6.743	0.563795
6.744	0.520421
6.745	0.465277
6.746	0.39883
6.747	0.329525
6.748	0.276137
6.749	0.257838
6.75	0.278516
6.751	0.322224
6.752	0.369137
6.753	0.409156
6.754	0.442067
6.755	0.472001
6.756	0.499055
6.757	0.520254
6.758	0.539512
6.759	0.562935
6.76	0.58547
6.761	0.594386
6.762	0.581904
6.763	0.548022
6.764	0.494613
6.765	0.426147
6.766	0.362778
6.767	0.346443
6.768	0.422685
6.769	0.596794
6.77	0.790967
6.771	0.87326
6.772	0.772735
6.773	0.560915
6.774	0.389972
6.775	0.351434
6.776	0.415774
6.777	0.50001
6.778	0.556085
6.779	0.584896
6.78	0.598317
6.781	0.595816
6.782	0.57413
6.783	0.539541
6.784	0.50057
6.785	0.460359
6.786	0.423067
6.787	0.396235
6.788	0.3829
6.789	0.377333
6.79	0.372103
6.791	0.368075
6.792	0.371992
6.793	0.387362
6.794	0.413433
6.795	0.446602
6.796	0.479606
6.797	0.506495
6.798	0.528711
6.799	0.549261
6.8	0.563106
6.801	0.561071
6.802	0.541732
6.803	0.512637
6.804	0.481189
6.805	0.451913
6.806	0.431997
6.807	0.431218
6.808	0.449894
6.809	0.470096
6.81	0.472119
6.811	0.45733
6.812	0.442231
6.813	0.43933
6.814	0.451823
6.815	0.475669
6.816	0.502586
6.817	0.527394
6.818	0.553283
6.819	0.583503
6.82	0.60755
6.821	0.607128
6.822	0.578224
6.823	0.534862
6.824	0.492497
6.825	0.46131
6.826	0.451314
6.827	0.468697
6.828	0.502833
6.829	0.526367
6.83	0.520455
6.831	0.493988
6.832	0.46848
6.833	0.456525
6.834	0.460796
6.835	0.48025
6.836	0.511203
6.837	0.547243
6.838	0.582005
6.839	0.610965
6.84	0.631677
6.841	0.646312
6.842	0.657918
6.843	0.662795
6.844	0.653596
6.845	0.622989
6.846	0.562139
6.847	0.471394
6.848	0.378374
6.849	0.32957
6.85	0.348823
6.851	0.413174
6.852	0.479947
6.853	0.524265
6.854	0.543956
6.855	0.542502
6.856	0.515334
6.857	0.457608
6.858	0.391201
6.859	0.362795
6.86	0.396144
6.861	0.467098
6.862	0.534509
6.863	0.574698
6.864	0.58229
6.865	0.553057
6.866	0.478936
6.867	0.36418
6.868	0.241785
6.869	0.162326
6.87	0.15311
6.871	0.191394
6.872	0.22968
6.873	0.239235
6.874	0.220452
6.875	0.182926
6.876	0.125194
6.877	0.039655
6.878	-0.060745
6.879	-0.141547
6.88	-0.18199
6.881	-0.191784
6.882	-0.193017
6.883	-0.200968
6.884	-0.220553
6.885	-0.252751
6.886	-0.30036
6.887	-0.366901
6.888	-0.445696
6.889	-0.510458
6.89	-0.535841
6.891	-0.529971
6.892	-0.526067
6.893	-0.546706
6.894	-0.590361
6.895	-0.642368
6.896	-0.686045
6.897	-0.697186
6.898	-0.637327
6.899	-0.489852
6.9	-0.317901
6.901	-0.247683
6.902	-0.355765
6.903	-0.580816
6.904	-0.778586
6.905	-0.860851
6.906	-0.853086
6.907	-0.83278
6.908	-0.845596
6.909	-0.878306
6.91	-0.898037
6.911	-0.900723
6.912	-0.90713
6.913	-0.928395
6.914	-0.953853
6.915	-0.968411
6.916	-0.975601
6.917	-0.995816
6.918	-1.03943
6.919	-1.093355
6.92	-1.13479
6.921	-1.148653
6.922	-1.13589
6.923	-1.110774
6.924	-1.089268
6.925	-1.079483
6.926	-1.081473
6.927	-1.095306
6.928	-1.121859
6.929	-1.151325
6.93	-1.168979
6.931	-1.17625
6.932	-1.187436
6.933	-1.207527
6.934	-1.224964
6.935	-1.227015
6.936	-1.219275
6.937	-1.222183
6.938	-1.246992
6.939	-1.284492
6.94	-1.3157
6.941	-1.326248
6.942	-1.315602
6.943	-1.296921
6.944	-1.284063
6.945	-1.277057
6.946	-1.265275
6.947	-1.247312
6.948	-1.23651
6.949	-1.241452
6.95	-1.255473
6.951	-1.270847
6.952	-1.289286
6.953	-1.311196
6.954	-1.324994
6.955	-1.318857
6.956	-1.299856
6.957	-1.290128
6.958	-1.303547
6.959	-1.332383
6.96	-1.355224
6.961	-1.3557
6.962	-1.336207
6.963	-1.313913
6.964	-1.302802
6.965	-1.299409
6.966	-1.288272
6.967	-1.263967
6.968	-1.241403
6.969	-1.238296
6.97	-1.255246
6.971	-1.281109
6.972	-1.308768
6.973	-1.333494
6.974	-1.344679
6.975	-1.334151
6.976	-1.30948
6.977	-1.289378
6.978	-1.286546
6.979	-1.299026
6.98	-1.315433
6.981	-1.325005
6.982	-1.325126
6.983	-1.322064
6.984	-1.321891
6.985	-1.31783
6.986	-1.293128
6.987	-1.245196
6.988	-1.199901
6.989	-1.187426
6.99	-1.209185
6.991	-1.243203
6.992	-1.27188
6.993	-1.287716
6.994	-1.283941
6.995	-1.257301
6.996	-1.216991
6.997	-1.182171
6.998	-1.168084
6.999	-1.176103
7.0	-1.197915
7.001	-1.224309
7.002	-1.248919
7.003	-1.2692
7.004	-1.282587
7.005	-1.278103
7.006	-1.239732
7.007	-1.170624
7.008	-1.108107
7.009	-1.092514
7.01	-1.123583
7.011	-1.169681
7.012	-1.208039
7.013	-1.232886
7.014	-1.238938
7.015	-1.218761
7.016	-1.174349
7.017	-1.121657
7.018	-1.08023
7.019	-1.061638
7.02	-1.066654
7.021	-1.085813
7.022	-1.105211
7.023	-1.117809
7.024	-1.124954
7.025	-1.124982
7.026	-1.108879
7.027	-1.076851
7.028	-1.051395
7.029	-1.04765
7.03	-1.031584
7.031	-0.945255
7.032	-0.786369
7.033	-0.642472
7.034	-0.626722
7.035	-0.764664
7.036	-0.954015
7.037	-1.059377
7.038	-1.037014
7.039	-0.952167
7.04	-0.892762
7.041	-0.891812
7.042	-0.929663
7.043	-0.978086
7.044	-1.022241
7.045	-1.051533
7.046	-1.048853
7.047	-1.00594
7.048	-0.948459
7.049	-0.920056
7.05	-0.936453
7.051	-0.978744
7.052	-1.025017
7.053	-1.062823
7.054	-1.078022
7.055	-1.053456
7.056	-0.984711
7.057	-0.890447
7.058	-0.804542
7.059	-0.760148
7.06	-0.769995
7.061	-0.816559
7.062	-0.870935
7.063	-0.917691
7.064	-0.955497
7.065	-0.979861
7.066	-0.973848
7.067	-0.927264
7.068	-0.863557
7.069	-0.824991
7.07	-0.828708
7.071	-0.859165
7.072	-0.896759
7.073	-0.92956
7.074	-0.943062
7.075	-0.923181
7.076	-0.876699
7.077	-0.830945
7.078	-0.801376
7.079	-0.775044
7.08	-0.735088
7.081	-0.685784
7.082	-0.646651
7.083	-0.633539
7.084	-0.651054
7.085	-0.694327
7.086	-0.753305
7.087	-0.818753
7.088	-0.875908
7.089	-0.896315
7.09	-0.863306
7.091	-0.800181
7.092	-0.748156
7.093	-0.724427
7.094	-0.713258
7.095	-0.693097
7.096	-0.666037
7.097	-0.651392
7.098	-0.652984
7.099	-0.650682
7.1	-0.626175
7.101	-0.584213
7.102	-0.547644
7.103	-0.539426
7.104	-0.569512
7.105	-0.630284
7.106	-0.702035
7.107	-0.766584
7.108	-0.809413
7.109	-0.814034
7.11	-0.77676
7.111	-0.722016
7.112	-0.682477
7.113	-0.667016
7.114	-0.657127
7.115	-0.633877
7.116	-0.602202
7.117	-0.580709
7.118	-0.572441
7.119	-0.560123
7.12	-0.529379
7.121	-0.486809
7.122	-0.456284
7.123	-0.461512
7.124	-0.507551
7.125	-0.573624
7.126	-0.629558
7.127	-0.661348
7.128	-0.670116
7.129	-0.655783
7.13	-0.622525
7.131	-0.590696
7.132	-0.583064
7.133	-0.598944
7.134	-0.612932
7.135	-0.603288
7.136	-0.573826
7.137	-0.54165
7.138	-0.511211
7.139	-0.472535
7.14	-0.422475
7.141	-0.377013
7.142	-0.362698
7.143	-0.398629
7.144	-0.479609
7.145	-0.573295
7.146	-0.641716
7.147	-0.66899
7.148	-0.664358
7.149	-0.643149
7.15	-0.614998
7.151	-0.589129
7.152	-0.575591
7.153	-0.572194
7.154	-0.561936
7.155	-0.532398
7.156	-0.489615
7.157	-0.447672
7.158	-0.411341
7.159	-0.377103
7.16	-0.348425
7.161	-0.336457
7.162	-0.340585
7.163	-0.335177
7.164	-0.286017
7.165	-0.196272
7.166	-0.135919
7.167	-0.19255
7.168	-0.371727
7.169	-0.568319
7.17	-0.662845
7.171	-0.634101
7.172	-0.554497
7.173	-0.494866
7.174	-0.467767
7.175	-0.449396
7.176	-0.419375
7.177	-0.372606
7.178	-0.310793
7.179	-0.240383
7.18	-0.179843
7.181	-0.156036
7.182	-0.189461
7.183	-0.282242
7.184	-0.411491
7.185	-0.534833
7.186	-0.611796
7.187	-0.627519
7.188	-0.600206
7.189	-0.560532
7.19	-0.525105
7.191	-0.497955
7.192	-0.48335
7.193	-0.481081
7.194	-0.478687
7.195	-0.458148
7.196	-0.409024
7.197	-0.333065
7.198	-0.239178
7.199	-0.143468
7.2	-0.071925
7.201	-0.05156
7.202	-0.097797
7.203	-0.206322
7.204	-0.349867
7.205	-0.48612
7.206	-0.574099
7.207	-0.593991
7.208	-0.561041
7.209	-0.509358
7.21	-0.460197
7.211	-0.420233
7.212	-0.397093
7.213	-0.394511
7.214	-0.399193
7.215	-0.384746
7.216	-0.330483
7.217	-0.234301
7.218	-0.111775
7.219	0.005929
7.22	0.080362
7.221	0.085023
7.222	0.014667
7.223	-0.117547
7.224	-0.283398
7.225	-0.443453
7.226	-0.553285
7.227	-0.582934
7.228	-0.542442
7.229	-0.472714
7.23	-0.407575
7.231	-0.360822
7.232	-0.338498
7.233	-0.339965
7.234	-0.349883
7.235	-0.345171
7.236	-0.315522
7.237	-0.264636
7.238	-0.187165
7.239	-0.071521
7.24	0.063337
7.241	0.160719
7.242	0.169518
7.243	0.082779
7.244	-0.070733
7.245	-0.255231
7.246	-0.437759
7.247	-0.585343
7.248	-0.661333
7.249	-0.633529
7.25	-0.50952
7.251	-0.352177
7.252	-0.233647
7.253	-0.182869
7.254	-0.179943
7.255	-0.186548
7.256	-0.178644
7.257	-0.146914
7.258	-0.074901
7.259	0.052383
7.26	0.210891
7.261	0.332826
7.262	0.352263
7.263	0.248953
7.264	0.048606
7.265	-0.198377
7.266	-0.430854
7.267	-0.593489
7.268	-0.651691
7.269	-0.596562
7.27	-0.457446
7.271	-0.301819
7.272	-0.19546
7.273	-0.16054
7.274	-0.171632
7.275	-0.185762
7.276	-0.17572
7.277	-0.13185
7.278	-0.043032
7.279	0.097037
7.28	0.259469
7.281	0.376425
7.282	0.381689
7.283	0.254022
7.284	0.024098
7.285	-0.244605
7.286	-0.479723
7.287	-0.623583
7.288	-0.646321
7.289	-0.552735
7.29	-0.391171
7.291	-0.240321
7.292	-0.165378
7.293	-0.175783
7.294	-0.21593
7.295	-0.198388
7.296	-0.059596
7.297	0.197024
7.298	0.490763
7.299	0.700681
7.3	0.746115
7.301	0.642231
7.302	0.462506
7.303	0.254982
7.304	0.019965
7.305	-0.236642
7.306	-0.465692
7.307	-0.603234
7.308	-0.614299
7.309	-0.508989
7.31	-0.338953
7.311	-0.177603
7.312	-0.085634
7.313	-0.080637
7.314	-0.132624
7.315	-0.189087
7.316	-0.203343
7.317	-0.142005
7.318	0.013592
7.319	0.247836
7.32	0.491487
7.321	0.642216
7.322	0.620328
7.323	0.412946
7.324	0.079662
7.325	-0.273962
7.326	-0.543355
7.327	-0.668567
7.328	-0.644927
7.329	-0.507163
7.33	-0.31451
7.331	-0.139271
7.332	-0.043814
7.333	-0.049288
7.334	-0.123709
7.335	-0.202583
7.336	-0.22017
7.337	-0.129693
7.338	0.083053
7.339	0.38181
7.34	0.67323
7.341	0.840475
7.342	0.802211
7.343	0.55055
7.344	0.153815
7.345	-0.267471
7.346	-0.587749
7.347	-0.728215
7.348	-0.681169
7.349	-0.496695
7.35	-0.255511
7.351	-0.047978
7.352	0.052383
7.353	0.023101
7.354	-0.09438
7.355	-0.216541
7.356	-0.255124
7.357	-0.148937
7.358	0.113665
7.359	0.477409
7.36	0.824464
7.361	1.019534
7.362	0.970537
7.363	0.668657
7.364	0.196416
7.365	-0.302665
7.366	-0.682673
7.367	-0.849649
7.368	-0.788231
7.369	-0.554688
7.37	-0.250133
7.371	0.008633
7.372	0.127119
7.373	0.07656
7.374	-0.089579
7.375	-0.259981
7.376	-0.314453
7.377	-0.173412
7.378	0.166795
7.379	0.618774
7.38	1.028969
7.381	1.242408
7.382	1.163969
7.383	0.793465
7.384	0.232745
7.385	-0.349761
7.386	-0.785137
7.387	-0.964371
7.388	-0.871078
7.389	-0.575204
7.39	-0.198857
7.391	0.119451
7.392	0.2654
7.393	0.198397
7.394	-0.0215
7.395	-0.256127
7.396	-0.351583
7.397	-0.205874
7.398	0.184713
7.399	0.711802
7.4	1.190504
7.401	1.436415
7.402	1.338925
7.403	0.902552
7.404	0.248062
7.405	-0.431566
7.406	-0.941673
7.407	-1.152146
7.408	-1.037802
7.409	-0.678999
7.41	-0.228033
7.411	0.144854
7.412	0.321066
7.413	0.29039
7.414	0.136723
7.415	-0.083214
7.416	-0.508772
7.417	-1.482707
7.418	-3.200815
7.419	-5.280606
7.42	-6.896598
7.421	-7.409741
7.422	-6.672886
7.423	-4.849488
7.424	-2.231264
7.425	0.777665
7.426	3.599832
7.427	5.514317
7.428	5.999669
7.429	5.187902
7.43	3.800158
7.431	2.520608
7.432	1.581036
7.433	0.913754
7.434	0.443174
7.435	0.180379
7.436	0.1825
7.437	0.488421
7.438	1.056686
7.439	1.736087
7.44	2.304532
7.441	2.549648
7.442	2.341872
7.443	1.681948
7.444	0.713402
7.445	-0.310052
7.446	-1.103174
7.447	-1.458078
7.448	-1.333758
7.449	-0.865019
7.45	-0.284521
7.451	0.182457
7.452	0.400389
7.453	0.369747
7.454	0.203006
7.455	-0.01107
7.456	-0.392217
7.457	-1.284175
7.458	-2.905593
7.459	-4.902093
7.46	-6.453569
7.461	-6.915431
7.462	-6.163008
7.463	-4.39654
7.464	-1.913793
7.465	0.906603
7.466	3.515612
7.467	5.209954
7.468	5.484301
7.469	4.513908
7.47	3.098778
7.471	1.974886
7.472	1.319867
7.473	0.92914
7.474	0.618701
7.475	0.385904
7.476	0.34169
7.477	0.596473
7.478	1.174862
7.479	1.961444
7.48	2.703456
7.481	3.09941
7.482	2.937051
7.483	2.193782
7.484	1.046743
7.485	-0.194529
7.486	-1.197647
7.487	-1.720482
7.488	-1.68581
7.489	-1.200461
7.49	-0.513139
7.491	0.092715
7.492	0.428642
7.493	0.47748
7.494	0.357104
7.495	0.161572
7.496	-0.231088
7.497	-1.165004
7.498	-2.846003
7.499	-4.896892
7.5	-6.461133
7.501	-6.847267
7.502	-5.94469
7.503	-4.06046
7.504	-1.58519
7.505	1.102964
7.506	3.509875
7.507	4.995404
7.508	5.122101
7.509	4.122524
7.51	2.795578
7.511	1.811582
7.512	1.277804
7.513	0.957904
7.514	0.671686
7.515	0.444944
7.516	0.426172
7.517	0.746707
7.518	1.422797
7.519	2.309679
7.52	3.119275
7.521	3.522937
7.522	3.298098
7.523	2.43296
7.524	1.138259
7.525	-0.232278
7.526	-1.314441
7.527	-1.862444
7.528	-1.823454
7.529	-1.333075
7.53	-0.645822
7.531	-0.032738
7.532	0.326632
7.533	0.413598
7.534	0.339543
7.535	0.193684
7.536	-0.149073
7.537	-1.041015
7.538	-2.70161
7.539	-4.759096
7.54	-6.339677
7.541	-6.724384
7.542	-5.802327
7.543	-3.913402
7.544	-1.46962
7.545	1.167574
7.546	3.531264
7.547	4.986703
7.548	5.085504
7.549	4.054529
7.55	2.696146
7.551	1.686073
7.552	1.137047
7.553	0.823768
7.554	0.591632
7.555	0.501815
7.556	0.712449
7.557	1.291641
7.558	2.119944
7.559	2.937992
7.56	3.486017
7.561	3.600803
7.562	3.211645
7.563	2.330813
7.564	1.096225
7.565	-0.215864
7.566	-1.275603
7.567	-1.836713
7.568	-1.833985
7.569	-1.389627
7.57	-0.744578
7.571	-0.155907
7.572	0.208265
7.573	0.332179
7.574	0.318607
7.575	0.238796
7.576	-0.055596
7.577	-0.936351
7.578	-2.625857
7.579	-4.735884
7.58	-6.366224
7.581	-6.774333
7.582	-5.842656
7.583	-3.922331
7.584	-1.437424
7.585	1.240635
7.586	3.623673
7.587	5.053713
7.588	5.082733
7.589	3.964574
7.59	2.53745
7.591	1.505886
7.592	0.993659
7.593	0.760579
7.594	0.608951
7.595	0.541023
7.596	0.676961
7.597	1.111821
7.598	1.818373
7.599	2.626064
7.6	3.276269
7.601	3.518806
7.602	3.204684
7.603	2.346997
7.604	1.128672
7.605	-0.15062
7.606	-1.174749
7.607	-1.72391
7.608	-1.748231
7.609	-1.367755
7.61	-0.805741
7.611	-0.287052
7.612	0.056433
7.613	0.228345
7.614	0.320539
7.615	0.364898
7.616	0.161755
7.617	-0.698387
7.618	-2.443809
7.619	-4.660812
7.62	-6.405552
7.621	-6.890021
7.622	-5.964326
7.623	-3.970998
7.624	-1.357067
7.625	1.451819
7.626	3.907145
7.627	5.32155
7.628	5.259621
7.629	4.012536
7.63	2.461937
7.631	1.350997
7.632	0.829784
7.633	0.665587
7.634	0.642428
7.635	0.717851
7.636	0.95601
7.637	1.406864
7.638	2.026305
7.639	2.667666
7.64	3.135731
7.641	3.255886
7.642	2.927638
7.643	2.164176
7.644	1.10862
7.645	0.00331
7.646	-0.891461
7.647	-1.394587
7.648	-1.469093
7.649	-1.219069
7.65	-0.817757
7.651	-0.424091
7.652	-0.137306
7.653	0.022394
7.654	0.114359
7.655	0.243282
7.656	0.50412
7.657	0.935822
7.658	1.495474
7.659	2.061028
7.66	2.467931
7.661	2.566969
7.662	2.280073
7.663	1.632502
7.664	0.754355
7.665	-0.149939
7.666	-0.867147
7.667	-1.25728
7.668	-1.308526
7.669	-1.119798
7.67	-0.823484
7.671	-0.526055
7.672	-0.294123
7.673	-0.14514
7.674	-0.038081
7.675	0.107781
7.676	0.369725
7.677	0.778178
7.678	1.290863
7.679	1.799114
7.68	2.165599
7.681	2.269966
7.682	2.045645
7.683	1.506175
7.684	0.750308
7.685	-0.063498
7.686	-0.757071
7.687	-1.171066
7.688	-1.211094
7.689	-0.906616
7.69	-0.437402
7.691	-0.053539
7.692	0.093462
7.693	0.054241
7.694	0.00468
7.695	0.079435
7.696	0.296797
7.697	0.616045
7.698	1.005853
7.699	1.424171
7.7	1.767564
7.701	1.897242
7.702	1.726448
7.703	1.274747
7.704	0.650299
7.705	-0.005681
7.706	-0.566546
7.707	-0.944202
7.708	-1.097257
7.709	-1.035573
7.71	-0.820845
7.711	-0.546677
7.712	-0.297193
7.713	-0.111324
7.714	0.024687
7.715	0.155983
7.716	0.327079
7.717	0.566017
7.718	0.879093
7.719	1.227146
7.72	1.510712
7.721	1.611529
7.722	1.462949
7.723	1.086793
7.724	0.57291
7.725	0.030154
7.726	-0.445105
7.727	-0.77775
7.728	-0.923204
7.729	-0.881405
7.73	-0.702191
7.731	-0.467127
7.732	-0.250312
7.733	-0.085289
7.734	0.041359
7.735	0.170455
7.736	0.340637
7.737	0.572429
7.738	0.861653
7.739	1.162423
7.74	1.384951
7.741	1.437497
7.742	1.28072
7.743	0.944452
7.744	0.501003
7.745	0.033381
7.746	-0.376545
7.747	-0.658496
7.748	-0.773922
7.749	-0.729825
7.75	-0.575896
7.751	-0.3825
7.752	-0.207511
7.753	-0.073316
7.754	0.035548
7.755	0.155195
7.756	0.316122
7.757	0.528426
7.758	0.776641
7.759	1.014197
7.76	1.172645
7.761	1.191688
7.762	1.049819
7.763	0.772158
7.764	0.412012
7.765	0.031782
7.766	-0.304115
7.767	-0.540155
7.768	-0.644405
7.769	-0.617703
7.77	-0.496628
7.771	-0.338759
7.772	-0.192228
7.773	-0.074539
7.774	0.02908
7.775	0.149167
7.776	0.307974
7.777	0.507608
7.778	0.727445
7.779	0.923507
7.78	1.040632
7.781	1.036545
7.782	0.902098
7.783	0.66228
7.784	0.360954
7.785	0.051396
7.786	-0.210978
7.787	-0.387339
7.788	-0.467108
7.789	-0.462797
7.79	-0.400376
7.791	-0.30921
7.792	-0.213211
7.793	-0.122734
7.794	-0.029105
7.795	0.087036
7.796	0.238966
7.797	0.424373
7.798	0.620679
7.799	0.78579
7.8	0.873315
7.801	0.853436
7.802	0.724617
7.803	0.510606
7.804	0.249899
7.805	-0.010564
7.806	-0.224468
7.807	-0.361176
7.808	-0.413871
7.809	-0.398512
7.81	-0.342464
7.811	-0.268429
7.812	-0.190068
7.813	-0.112323
7.814	-0.028699
7.815	0.07218
7.816	0.195052
7.817	0.335245
7.818	0.482275
7.819	0.628285
7.82	0.77418
7.821	0.911088
7.822	0.983335
7.823	0.892074
7.824	0.584088
7.825	0.146265
7.826	-0.234009
7.827	-0.421287
7.828	-0.424631
7.829	-0.345283
7.83	-0.267163
7.831	-0.211936
7.832	-0.168103
7.833	-0.121622
7.834	-0.059886
7.835	0.029118
7.836	0.152663
7.837	0.304815
7.838	0.457526
7.839	0.567469
7.84	0.600103
7.841	0.546709
7.842	0.420794
7.843	0.247666
7.844	0.060924
7.845	-0.108352
7.846	-0.252035
7.847	-0.374513
7.848	-0.455708
7.849	-0.458197
7.85	-0.377655
7.851	-0.254416
7.852	-0.13336
7.853	-0.034148
7.854	0.04321
7.855	0.10106
7.856	0.139724
7.857	0.171851
7.858	0.22849
7.859	0.326618
7.86	0.434718
7.861	0.49277
7.862	0.463213
7.863	0.356197
7.864	0.212777
7.865	0.065765
7.866	-0.078933
7.867	-0.217835
7.868	-0.320878
7.869	-0.34851
7.87	-0.295863
7.871	-0.199433
7.872	-0.10057
7.873	-0.018743
7.874	0.044407
7.875	0.091107
7.876	0.122491
7.877	0.150347
7.878	0.203718
7.879	0.297373
7.88	0.398569
7.881	0.449341
7.882	0.417209
7.883	0.316458
7.884	0.185492
7.885	0.049847
7.886	-0.083824
7.887	-0.202279
7.888	-0.275172
7.889	-0.282106
7.89	-0.240499
7.891	-0.189831
7.892	-0.153746
7.893	-0.128528
7.894	-0.094955
7.895	-0.031944
7.896	0.068377
7.897	0.189387
7.898	0.29837
7.899	0.372294
7.9	0.406765
7.901	0.398608
7.902	0.344224
7.903	0.256374
7.904	0.156733
7.905	0.053654
7.906	-0.054934
7.907	-0.15993
7.908	-0.233171
7.909	-0.246659
7.91	-0.201237
7.911	-0.128114
7.912	-0.060433
7.913	-0.011073
7.914	0.027614
7.915	0.069408
7.916	0.118894
7.917	0.176071
7.918	0.246839
7.919	0.327514
7.92	0.387659
7.921	0.390123
7.922	0.328707
7.923	0.233566
7.924	0.135389
7.925	0.039893
7.926	-0.056741
7.927	-0.145295
7.928	-0.201237
7.929	-0.202104
7.93	-0.152463
7.931	-0.084666
7.932	-0.030456
7.933	0.00132
7.934	0.024168
7.935	0.055879
7.936	0.100374
7.937	0.152154
7.938	0.208429
7.939	0.263483
7.94	0.299996
7.941	0.298727
7.942	0.25907
7.943	0.20071
7.944	0.138258
7.945	0.067756
7.946	-0.016389
7.947	-0.103634
7.948	-0.169024
7.949	-0.193107
7.95	-0.178016
7.951	-0.130804
7.952	-0.037128
7.953	0.12675
7.954	0.344859
7.955	0.527776
7.956	0.56241
7.957	0.429787
7.958	0.244749
7.959	0.141942
7.96	0.148158
7.961	0.191873
7.962	0.205384
7.963	0.178106
7.964	0.126541
7.965	0.061345
7.966	-0.008911
7.967	-0.068633
7.968	-0.099069
7.969	-0.09264
7.97	-0.063197
7.971	-0.035058
7.972	-0.023457
7.973	-0.024719
7.974	-0.020427
7.975	0.004248
7.976	0.046779
7.977	0.095239
7.978	0.140511
7.979	0.176089
7.98	0.194448
7.981	0.189035
7.982	0.160674
7.983	0.11689
7.984	0.063374
7.985	0.006158
7.986	-0.041192
7.987	-0.064246
7.988	-0.05951
7.989	-0.037465
7.99	-0.014607
7.991	-0.002109
7.992	-0.001857
7.993	-0.006131
7.994	-0.000585
7.995	0.023457
7.996	0.0614
7.997	0.103657
7.998	0.144223
7.999	0.177925
8.0	0.195515
8.001	0.18824
8.002	0.157674
8.003	0.11396
8.004	0.067249
8.005	0.028386
8.006	0.008432
8.007	0.010251
8.008	0.025218
8.009	0.039056
8.01	0.041364
8.011	0.030803
8.012	0.013883
8.013	0.002733
8.014	0.008975
8.015	0.034185
8.016	0.069984
8.017	0.108057
8.018	0.144644
8.019	0.175389
8.02	0.191497
8.021	0.18454
8.022	0.154102
8.023	0.109221
8.024	0.066498
8.025	0.045713
8.026	0.057436
8.027	0.091728
8.028	0.122764
8.029	0.129664
8.03	0.112389
8.031	0.083385
8.032	0.053148
8.033	0.030652
8.034	0.025242
8.035	0.040836
8.036	0.074071
8.037	0.119136
8.038	0.167695
8.039	0.203909
8.04	0.210819
8.041	0.185241
8.042	0.138578
8.043	0.086674
8.044	0.047493
8.045	0.038557
8.046	0.065296
8.047	0.11349
8.048	0.155015
8.049	0.167311
8.05	0.149603
8.051	0.114645
8.052	0.073977
8.053	0.037957
8.054	0.01799
8.055	0.021983
8.056	0.050635
8.057	0.098047
8.058	0.150415
8.059	0.18551
8.06	0.186331
8.061	0.155294
8.062	0.106169
8.063	0.051616
8.064	0.005356
8.065	-0.01701
8.066	-0.006086
8.067	0.032425
8.068	0.073621
8.069	0.089073
8.07	0.072182
8.071	0.037761
8.072	0.003862
8.073	-0.016394
8.074	-0.014687
8.075	0.012711
8.076	0.063848
8.077	0.127645
8.078	0.178453
8.079	0.18343
8.08	0.130779
8.081	0.047024
8.082	-0.016122
8.083	-0.005131
8.084	0.104806
8.085	0.268741
8.086	0.368331
8.087	0.299363
8.088	0.08936
8.089	-0.109284
8.09	-0.169874
8.091	-0.099611
8.092	0.009503
8.093	0.085017
8.094	0.112266
8.095	0.104605
8.096	0.070892
8.097	0.02319
8.098	-0.008778
8.099	0.000998
8.1	0.047528
8.101	0.099362
8.102	0.125443
8.103	0.117715
8.104	0.087932
8.105	0.048718
8.106	0.008515
8.107	-0.018978
8.108	-0.012114
8.109	0.03978
8.11	0.115032
8.111	0.175538
8.112	0.203074
8.113	0.206247
8.114	0.200495
8.115	0.190374
8.116	0.169448
8.117	0.137639
8.118	0.111395
8.119	0.109489
8.12	0.134324
8.121	0.170376
8.122	0.199095
8.123	0.212757
8.124	0.209505
8.125	0.183057
8.126	0.130343
8.127	0.068606
8.128	0.034275
8.129	0.049921
8.13	0.09675
8.131	0.137183
8.132	0.153988
8.133	0.15565
8.134	0.156127
8.135	0.155216
8.136	0.139308
8.137	0.106355
8.138	0.079175
8.139	0.082181
8.14	0.113971
8.141	0.149708
8.142	0.165958
8.143	0.157016
8.144	0.126188
8.145	0.075673
8.146	0.013799
8.147	-0.03777
8.148	-0.054291
8.149	-0.031245
8.15	0.008775
8.151	0.040158
8.152	0.055756
8.153	0.063719
8.154	0.072935
8.155	0.07983
8.156	0.071537
8.157	0.048468
8.158	0.032676
8.159	0.04341
8.16	0.074319
8.161	0.102113
8.162	0.110343
8.163	0.098205
8.164	0.072125
8.165	0.039263
8.166	0.007598
8.167	-0.014398
8.168	-0.020535
8.169	-0.012489
8.17	3.7e-05
8.171	0.009252
8.172	0.015998
8.173	0.026002
8.174	0.040683
8.175	0.050631
8.176	0.044148
8.177	0.027381
8.178	0.026393
8.179	0.059513
8.18	0.113549
8.181	0.155234
8.182	0.162224
8.183	0.136735
8.184	0.094427
8.185	0.050385
8.186	0.015572
8.187	-0.00345
8.188	-0.007984
8.189	-0.005744
8.19	-0.002271
8.191	0.002678
8.192	0.011387
8.193	0.024123
8.194	0.035911
8.195	0.03681
8.196	0.02185
8.197	0.004134
8.198	0.008347
8.199	0.042381
8.2	0.084225
8.201	0.104163
8.202	0.091626
8.203	0.057938
8.204	0.022254
8.205	-0.001157
8.206	-0.006231
8.207	0.005127
8.208	0.021206
8.209	0.026511
8.21	0.01442
8.211	-0.011063
8.212	-0.040035
8.213	-0.053623
8.214	-0.021162
8.215	0.085456
8.216	0.259452
8.217	0.435161
8.218	0.510428
8.219	0.42433
8.22	0.226644
8.221	0.043463
8.222	-0.039313
8.223	-0.035113
8.224	-0.006506
8.225	0.007364
8.226	0.008903
8.227	0.012411
8.228	0.016639
8.229	0.011979
8.23	0.000113
8.231	-0.008122
8.232	-0.007177
8.233	-0.001175
8.234	0.001744
8.235	-0.003607
8.236	-0.014233
8.237	-0.016278
8.238	0.004071
8.239	0.041034
8.24	0.072147
8.241	0.079767
8.242	0.060595
8.243	0.023734
8.244	-0.013072
8.245	-0.032118
8.246	-0.026558
8.247	-0.006217
8.248	0.008451
8.249	0.005336
8.25	-0.008295
8.251	-0.017861
8.252	-0.017077
8.253	-0.009184
8.254	0.000812
8.255	0.01183
8.256	0.028031
8.257	0.057001
8.258	0.097611
8.259	0.130496
8.26	0.134356
8.261	0.107375
8.262	0.065424
8.263	0.026683
8.264	0.001473
8.265	-0.007918
8.266	-0.003946
8.267	0.006595
8.268	0.013621
8.269	0.010687
8.27	0.00062
8.271	-0.008782
8.272	-0.012792
8.273	-0.011243
8.274	-0.003129
8.275	0.015919
8.276	0.050837
8.277	0.102197
8.278	0.155544
8.279	0.182652
8.28	0.166854
8.281	0.117941
8.282	0.059031
8.283	0.008894
8.284	-0.023864
8.285	-0.036581
8.286	-0.028481
8.287	-0.00408
8.288	0.022162
8.289	0.032986
8.29	0.023563
8.291	0.004061
8.292	-0.012749
8.293	-0.01876
8.294	-0.008136
8.295	0.022245
8.296	0.070744
8.297	0.129561
8.298	0.178585
8.299	0.192528
8.3	0.166088
8.301	0.120313
8.302	0.082888
8.303	0.067213
8.304	0.061888
8.305	0.039778
8.306	-0.015399
8.307	-0.08597
8.308	-0.12576
8.309	-0.103073
8.31	-0.032995
8.311	0.04648
8.312	0.112165
8.313	0.159637
8.314	0.186595
8.315	0.181458
8.316	0.135083
8.317	0.068595
8.318	0.03088
8.319	0.053056
8.32	0.117751
8.321	0.178725
8.322	0.201534
8.323	0.18416
8.324	0.142622
8.325	0.085377
8.326	0.012149
8.327	-0.063735
8.328	-0.109403
8.329	-0.103249
8.33	-0.058545
8.331	-0.003887
8.332	0.044294
8.333	0.08312
8.334	0.109749
8.335	0.113599
8.336	0.087726
8.337	0.051076
8.338	0.044122
8.339	0.08758
8.34	0.155432
8.341	0.198557
8.342	0.18685
8.343	0.124687
8.344	0.035775
8.345	-0.053708
8.346	-0.110693
8.347	-0.086836
8.348	0.052343
8.349	0.268223
8.35	0.437812
8.351	0.441891
8.352	0.280974
8.353	0.081572
8.354	-0.028821
8.355	-0.031478
8.356	0.008525
8.357	0.042202
8.358	0.07749
8.359	0.132518
8.36	0.189582
8.361	0.211031
8.362	0.18104
8.363	0.117483
8.364	0.048096
8.365	-0.014858
8.366	-0.072706
8.367	-0.122716
8.368	-0.154069
8.369	-0.158523
8.37	-0.137128
8.371	-0.09825
8.372	-0.053133
8.373	-0.012772
8.374	0.013605
8.375	0.019999
8.376	0.009045
8.377	0.002046
8.378	0.031581
8.379	0.104453
8.38	0.182297
8.381	0.214551
8.382	0.181886
8.383	0.104363
8.384	0.016904
8.385	-0.057479
8.386	-0.111042
8.387	-0.141137
8.388	-0.148313
8.389	-0.136756
8.39	-0.109925
8.391	-0.071322
8.392	-0.029025
8.393	0.006015
8.394	0.026953
8.395	0.034565
8.396	0.036798
8.397	0.052025
8.398	0.101636
8.399	0.181036
8.4	0.249495
8.401	0.263789
8.402	0.214432
8.403	0.125548
8.404	0.027737
8.405	-0.060666
8.406	-0.128747
8.407	-0.166857
8.408	-0.17233
8.409	-0.151451
8.41	-0.113644
8.411	-0.068933
8.412	-0.028325
8.413	-0.000533
8.414	0.014618
8.415	0.027027
8.416	0.050766
8.417	0.101032
8.418	0.182417
8.419	0.270623
8.42	0.322051
8.421	0.307005
8.422	0.22897
8.423	0.117054
8.424	0.003243
8.425	-0.091863
8.426	-0.15632
8.427	-0.184516
8.428	-0.180019
8.429	-0.152346
8.43	-0.111535
8.431	-0.068547
8.432	-0.035492
8.433	-0.019242
8.434	-0.01296
8.435	0.001248
8.436	0.040591
8.437	0.114869
8.438	0.217344
8.439	0.317002
8.44	0.373653
8.441	0.364034
8.442	0.294963
8.443	0.194565
8.444	0.090252
8.445	0.000345
8.446	-0.059506
8.447	-0.078748
8.448	-0.061722
8.449	-0.026943
8.45	0.005341
8.451	0.023724
8.452	0.025907
8.453	0.016848
8.454	0.010328
8.455	0.02372
8.456	0.069066
8.457	0.149953
8.458	0.254223
8.459	0.350659
8.46	0.405262
8.461	0.39812
8.462	0.327948
8.463	0.209548
8.464	0.067778
8.465	-0.065179
8.466	-0.155028
8.467	-0.180558
8.468	-0.147068
8.469	-0.083627
8.47	-0.022717
8.471	0.017743
8.472	0.033596
8.473	0.030701
8.474	0.026438
8.475	0.042117
8.476	0.090779
8.477	0.170851
8.478	0.262153
8.479	0.336836
8.48	0.387235
8.481	0.433607
8.482	0.492217
8.483	0.530499
8.484	0.46904
8.485	0.262082
8.486	-0.023316
8.487	-0.242469
8.488	-0.300228
8.489	-0.224806
8.49	-0.112885
8.491	-0.03637
8.492	-0.01313
8.493	-0.026061
8.494	-0.043928
8.495	-0.03609
8.496	0.019976
8.497	0.131615
8.498	0.276801
8.499	0.405306
8.5	0.465989
8.501	0.430959
8.502	0.300797
8.503	0.102507
8.504	-0.113035
8.505	-0.284373
8.506	-0.366524
8.507	-0.352116
8.508	-0.273533
8.509	-0.181759
8.51	-0.112654
8.511	-0.076827
8.512	-0.073596
8.513	-0.094334
8.514	-0.116505
8.515	-0.107369
8.516	-0.03581
8.517	0.109329
8.518	0.299245
8.519	0.469814
8.52	0.555862
8.521	0.520494
8.522	0.362562
8.523	0.117
8.524	-0.148179
8.525	-0.354338
8.526	-0.448501
8.527	-0.426281
8.528	-0.331132
8.529	-0.224482
8.53	-0.145254
8.531	-0.104018
8.532	-0.101391
8.533	-0.1298
8.534	-0.164551
8.535	-0.165101
8.536	-0.089864
8.537	0.078319
8.538	0.30849
8.539	0.525016
8.54	0.645242
8.541	0.619118
8.542	0.442985
8.543	0.157297
8.544	-0.161426
8.545	-0.422858
8.546	-0.555664
8.547	-0.538976
8.548	-0.417218
8.549	-0.269059
8.55	-0.152705
8.551	-0.091271
8.552	-0.089953
8.553	-0.138396
8.554	-0.20097
8.555	-0.219588
8.556	-0.137411
8.557	0.066247
8.558	0.350106
8.559	0.618942
8.56	0.770234
8.561	0.741597
8.562	0.528552
8.563	0.184093
8.564	-0.194292
8.565	-0.497029
8.566	-0.641761
8.567	-0.608102
8.568	-0.45259
8.569	-0.27031
8.57	-0.131426
8.571	-0.065111
8.572	-0.079053
8.573	-0.160017
8.574	-0.259441
8.575	-0.298278
8.576	-0.201482
8.577	0.056171
8.578	0.420449
8.579	0.773455
8.58	0.993136
8.581	1.003397
8.582	0.790342
8.583	0.406084
8.584	-0.047244
8.585	-0.458896
8.586	-0.741357
8.587	-0.839921
8.588	-0.743901
8.589	-0.503861
8.59	-0.224836
8.591	-0.019404
8.592	0.045883
8.593	-0.025981
8.594	-0.168796
8.595	-0.282905
8.596	-0.275862
8.597	-0.092527
8.598	0.256162
8.599	0.66918
8.6	0.984138
8.601	1.05972
8.602	0.85005
8.603	0.41969
8.604	-0.102246
8.605	-0.579123
8.606	-0.897386
8.607	-0.986259
8.608	-0.842174
8.609	-0.543472
8.61	-0.228955
8.611	-0.031613
8.612	-0.005708
8.613	-0.097714
8.614	-0.178728
8.615	-0.129738
8.616	0.074552
8.617	0.36445
8.618	0.653742
8.619	0.89841
8.62	1.068652
8.621	1.094013
8.622	0.889208
8.623	0.44285
8.624	-0.144043
8.625	-0.70167
8.626	-1.065979
8.627	-1.140873
8.628	-0.931526
8.629	-0.545804
8.63	-0.153721
8.631	0.088863
8.632	0.105824
8.633	-0.074557
8.634	-0.334237
8.635	-0.516883
8.636	-0.492357
8.637	-0.204244
8.638	0.299536
8.639	0.86483
8.64	1.283604
8.641	1.382253
8.642	1.097153
8.643	0.498948
8.644	-0.238268
8.645	-0.896863
8.646	-1.287936
8.647	-1.317397
8.648	-1.017429
8.649	-0.534833
8.65	-0.071437
8.651	0.210236
8.652	0.259611
8.653	0.140812
8.654	-0.056519
8.655	-0.380697
8.656	-1.115637
8.657	-2.57876
8.658	-4.652746
8.659	-6.625641
8.66	-7.680645
8.661	-7.427816
8.662	-5.933125
8.663	-3.496125
8.664	-0.513848
8.665	2.492739
8.666	4.817682
8.667	5.779034
8.668	5.233251
8.669	3.812399
8.67	2.414807
8.671	1.499382
8.672	0.979114
8.673	0.607125
8.674	0.285864
8.675	0.093741
8.676	0.164508
8.677	0.564133
8.678	1.219728
8.679	1.921953
8.68	2.401807
8.681	2.442557
8.682	1.969679
8.683	1.080225
8.684	0.011429
8.685	-0.935908
8.686	-1.50286
8.687	-1.569901
8.688	-1.201978
8.689	-0.611289
8.69	-0.052159
8.691	0.288158
8.692	0.355594
8.693	0.23031
8.694	0.030983
8.695	-0.263046
8.696	-0.928364
8.697	-2.312122
8.698	-4.349303
8.699	-6.33183
8.7	-7.360149
8.701	-6.997163
8.702	-5.406624
8.703	-3.012724
8.704	-0.217845
8.705	2.551828
8.706	4.696789
8.707	5.592109
8.708	5.088895
8.709	3.773722
8.71	2.486517
8.711	1.640405
8.712	1.134902
8.713	0.741734
8.714	0.398457
8.715	0.218929
8.716	0.356038
8.717	0.866485
8.718	1.645198
8.719	2.444282
8.72	2.963999
8.721	2.969779
8.722	2.380344
8.723	1.305164
8.724	0.023722
8.725	-1.105407
8.726	-1.779609
8.727	-1.869121
8.728	-1.461729
8.729	-0.805594
8.73	-0.183643
8.731	0.201639
8.732	0.294265
8.733	0.184418
8.734	0.008341
8.735	-0.23713
8.736	-0.824094
8.737	-2.117765
8.738	-4.085976
8.739	-6.047952
8.74	-7.110639
8.741	-6.823094
8.742	-5.321973
8.743	-2.992974
8.744	-0.200583
8.745	2.625346
8.746	4.808344
8.747	5.625792
8.748	4.922124
8.749	3.3957
8.75	2.009527
8.751	1.201263
8.752	0.803718
8.753	0.516117
8.754	0.254945
8.755	0.153868
8.756	0.38651
8.757	1.006403
8.758	1.879844
8.759	2.724349
8.76	3.22754
8.761	3.169214
8.762	2.492241
8.763	1.324784
8.764	-0.04714
8.765	-1.262257
8.766	-2.003973
8.767	-2.125917
8.768	-1.717825
8.769	-1.044339
8.77	-0.399712
8.771	0.015186
8.772	0.153976
8.773	0.111826
8.774	0.009437
8.775	-0.194662
8.776	-0.804131
8.777	-2.162985
8.778	-4.163343
8.779	-6.064066
8.78	-6.989089
8.781	-6.563659
8.782	-5.003142
8.783	-2.739772
8.784	-0.144996
8.785	2.388973
8.786	4.281391
8.787	4.94338
8.788	4.300258
8.789	2.991948
8.79	1.83037
8.791	1.154474
8.792	0.812306
8.793	0.563856
8.794	0.352711
8.795	0.291122
8.796	0.517624
8.797	1.08292
8.798	1.896102
8.799	2.724977
8.8	3.267196
8.801	3.272292
8.802	2.650911
8.803	1.516371
8.804	0.143576
8.805	-1.122988
8.806	-1.974647
8.807	-2.236348
8.808	-1.929982
8.809	-1.269629
8.81	-0.564932
8.811	-0.066243
8.812	0.147847
8.813	0.165457
8.814	0.111749
8.815	-0.053135
8.816	-0.641077
8.817	-2.004963
8.818	-4.035194
8.819	-5.979308
8.82	-6.946194
8.821	-6.546469
8.822	-4.984412
8.823	-2.689887
8.824	-0.049192
8.825	2.515612
8.826	4.400311
8.827	5.01473
8.828	4.298503
8.829	2.91156
8.83	1.688198
8.831	0.986804
8.832	0.66642
8.833	0.485911
8.834	0.370993
8.835	0.401951
8.836	0.684873
8.837	1.250436
8.838	2.008843
8.839	2.753936
8.84	3.22368
8.841	3.201254
8.842	2.606448
8.843	1.533334
8.844	0.226571
8.845	-0.990453
8.846	-1.820283
8.847	-2.099101
8.848	-1.860221
8.849	-1.309803
8.85	-0.716455
8.851	-0.279412
8.852	-0.049281
8.853	0.056107
8.854	0.126184
8.855	0.069849
8.856	-0.468588
8.857	-1.860992
8.858	-3.985949
8.859	-6.05085
8.86	-7.110639
8.861	-6.731808
8.862	-5.104027
8.863	-2.681481
8.864	0.094699
8.865	2.747664
8.866	4.645837
8.867	5.200438
8.868	4.371715
8.869	2.853678
8.87	1.520976
8.871	0.767734
8.872	0.470634
8.873	0.376436
8.874	0.373989
8.875	0.508457
8.876	0.877275
8.877	1.522792
8.878	2.349063
8.879	3.096352
8.88	3.440213
8.881	3.185866
8.882	2.386088
8.883	1.274113
8.884	0.115622
8.885	-0.871957
8.886	-1.530781
8.887	-1.780649
8.888	-1.653084
8.889	-1.286081
8.89	-0.860737
8.891	-0.52209
8.892	-0.326115
8.893	-0.231901
8.894	-0.139508
8.895	0.051607
8.896	0.397785
8.897	0.893407
8.898	1.465194
8.899	1.974282
8.9	2.252463
8.901	2.171213
8.902	1.699597
8.903	0.923755
8.904	0.024427
8.905	-0.784198
8.906	-1.328822
8.907	-1.531466
8.908	-1.425965
8.909	-1.128984
8.91	-0.78169
8.911	-0.494784
8.912	-0.312981
8.913	-0.206861
8.914	-0.098187
8.915	0.094213
8.916	0.415102
8.917	0.854294
8.918	1.339865
8.919	1.74791
8.92	1.945266
8.921	1.842744
8.922	1.425041
8.923	0.756858
8.924	-0.027412
8.925	-0.754593
8.926	-1.265606
8.927	-1.476049
8.928	-1.408676
8.929	-1.167731
8.93	-0.877676
8.931	-0.631998
8.932	-0.466118
8.933	-0.353846
8.934	-0.229623
8.935	-0.027566
8.936	0.285004
8.937	0.691395
8.938	1.120391
8.939	1.462911
8.94	1.615323
8.941	1.515413
8.942	1.155997
8.943	0.589807
8.944	-0.074218
8.945	-0.691943
8.946	-1.127456
8.947	-1.308996
8.948	-1.259208
8.949	-1.068828
8.95	-0.839638
8.951	-0.642806
8.952	-0.502012
8.953	-0.393413
8.954	-0.263133
8.955	-0.059201
8.956	0.239418
8.957	0.607779
8.958	0.973249
8.959	1.239929
8.96	1.331736
8.961	1.214141
8.962	0.891996
8.963	0.409745
8.964	-0.144879
8.965	-0.652255
8.966	-1.001016
8.967	-1.140063
8.968	-1.098357
8.969	-0.953902
8.97	-0.784282
8.971	-0.636525
8.972	-0.519732
8.973	-0.409085
8.974	-0.261232
8.975	-0.040763
8.976	0.25625
8.977	0.591761
8.978	0.892471
8.979	1.081488
8.98	1.114258
8.981	0.982231
8.982	0.696672
8.983	0.287348
8.984	-0.188005
8.985	-0.647607
8.986	-1.005635
8.987	-1.193343
8.988	-1.18255
8.989	-1.012552
8.99	-0.77916
8.991	-0.570797
8.992	-0.417311
8.993	-0.296376
8.994	-0.171942
8.995	-0.026401
8.996	0.138277
8.997	0.321691
8.998	0.525528
8.999	0.725728
9.0	0.862335
9.001	0.86812
9.002	0.707696
9.003	0.396432
9.004	-0.008862
9.005	-0.433029
9.006	-0.797749
9.007	-1.027592
9.008	-1.068814
9.009	-0.917719
9.01	-0.62275
9.011	-0.265922
9.012	0.045411
9.013	0.206667
9.014	0.190463
9.015	0.088769
9.016	0.045287
9.017	0.142273
9.018	0.355979
9.019	0.594092
9.02	0.755353
9.021	0.770681
9.022	0.620576
9.023	0.333922
9.024	-0.02705
9.025	-0.38679
9.026	-0.671721
9.027	-0.826183
9.028	-0.838249
9.029	-0.750203
9.03	-0.627526
9.031	-0.51513
9.032	-0.420233
9.033	-0.325183
9.034	-0.213179
9.035	-0.08482
9.036	0.049827
9.037	0.191681
9.038	0.349339
9.039	0.507036
9.04	0.612337
9.041	0.608184
9.042	0.473172
9.043	0.233354
9.044	-0.055367
9.045	-0.332926
9.046	-0.548627
9.047	-0.667179
9.048	-0.681616
9.049	-0.619755
9.05	-0.525782
9.051	-0.432045
9.052	-0.345773
9.053	-0.256638
9.054	-0.15494
9.055	-0.042975
9.056	0.072222
9.057	0.195245
9.058	0.335644
9.059	0.475213
9.06	0.561251
9.061	0.545079
9.062	0.417787
9.063	0.210451
9.064	-0.029082
9.065	-0.256146
9.066	-0.432874
9.067	-0.531905
9.068	-0.549803
9.069	-0.509063
9.07	-0.440898
9.071	-0.367526
9.072	-0.295393
9.073	-0.219192
9.074	-0.132623
9.075	-0.036476
9.076	0.065533
9.077	0.177623
9.078	0.303658
9.079	0.421865
9.08	0.486552
9.081	0.462111
9.082	0.34679
9.083	0.168138
9.084	-0.035254
9.085	-0.226626
9.086	-0.374131
9.087	-0.456716
9.088	-0.473266
9.089	-0.441267
9.09	-0.385159
9.091	-0.323835
9.092	-0.26334
9.093	-0.198879
9.094	-0.123528
9.095	-0.036187
9.096	0.060208
9.097	0.166611
9.098	0.2793
9.099	0.373277
9.1	0.411996
9.101	0.374429
9.102	0.267686
9.103	0.118082
9.104	-0.044668
9.105	-0.191955
9.106	-0.296129
9.107	-0.342118
9.108	-0.337852
9.109	-0.306534
9.11	-0.271183
9.111	-0.244044
9.112	-0.222737
9.113	-0.194242
9.114	-0.144824
9.115	-0.070664
9.116	0.021716
9.117	0.124316
9.118	0.224901
9.119	0.299932
9.12	0.325404
9.121	0.291491
9.122	0.204341
9.123	0.078804
9.124	-0.067463
9.125	-0.210097
9.126	-0.318083
9.127	-0.370423
9.128	-0.370227
9.129	-0.339154
9.13	-0.300528
9.131	-0.265742
9.132	-0.232143
9.133	-0.189063
9.134	-0.126002
9.135	-0.041133
9.136	0.057477
9.137	0.155309
9.138	0.228126
9.139	0.247737
9.14	0.208071
9.141	0.142781
9.142	0.108951
9.143	0.143852
9.144	0.225612
9.145	0.27571
9.146	0.219038
9.147	0.061246
9.148	-0.104236
9.149	-0.184073
9.15	-0.165753
9.151	-0.102571
9.152	-0.044902
9.153	-0.001764
9.154	0.044582
9.155	0.105997
9.156	0.177402
9.157	0.244726
9.158	0.29079
9.159	0.301678
9.16	0.274933
9.161	0.217516
9.162	0.135266
9.163	0.029123
9.164	-0.091694
9.165	-0.196488
9.166	-0.249533
9.167	-0.244441
9.168	-0.212777
9.169	-0.193531
9.17	-0.198381
9.171	-0.211148
9.172	-0.210758
9.173	-0.18414
9.174	-0.1284
9.175	-0.051188
9.176	0.035063
9.177	0.117067
9.178	0.178155
9.179	0.203312
9.18	0.189104
9.181	0.142668
9.182	0.071347
9.183	-0.020536
9.184	-0.118914
9.185	-0.192837
9.186	-0.213304
9.187	-0.18162
9.188	-0.136114
9.189	-0.11929
9.19	-0.137777
9.191	-0.166441
9.192	-0.178997
9.193	-0.162148
9.194	-0.115763
9.195	-0.049143
9.196	0.026331
9.197	0.099294
9.198	0.15699
9.199	0.192032
9.2	0.206507
9.201	0.201047
9.202	0.168353
9.203	0.104524
9.204	0.017115
9.205	-0.083293
9.206	-0.186158
9.207	-0.267955
9.208	-0.297891
9.209	-0.270094
9.21	-0.210976
9.211	-0.149343
9.212	-0.095035
9.213	-0.047759
9.214	-0.014947
9.215	-0.012621
9.216	-0.043855
9.217	-0.078109
9.218	-0.069123
9.219	-0.00457
9.22	0.077173
9.221	0.125055
9.222	0.116464
9.223	0.064095
9.224	-0.006621
9.225	-0.082221
9.226	-0.157664
9.227	-0.216698
9.228	-0.236757
9.229	-0.213939
9.23	-0.167491
9.231	-0.118597
9.232	-0.075182
9.233	-0.038998
9.234	-0.018304
9.235	-0.025137
9.236	-0.055987
9.237	-0.076169
9.238	-0.04206
9.239	0.048038
9.24	0.144088
9.241	0.190919
9.242	0.169312
9.243	0.097973
9.244	0.007517
9.245	-0.083773
9.246	-0.165685
9.247	-0.221475
9.248	-0.23536
9.249	-0.210177
9.25	-0.165082
9.251	-0.11727
9.252	-0.07412
9.253	-0.04114
9.254	-0.028268
9.255	-0.044711
9.256	-0.083748
9.257	-0.110844
9.258	-0.086716
9.259	-0.013696
9.26	0.060983
9.261	0.091739
9.262	0.070077
9.263	0.018438
9.264	-0.040148
9.265	-0.099196
9.266	-0.155677
9.267	-0.196087
9.268	-0.206395
9.269	-0.189474
9.27	-0.165679
9.271	-0.153808
9.272	-0.150933
9.273	-0.128627
9.274	-0.048385
9.275	0.104775
9.276	0.289837
9.277	0.416377
9.278	0.403005
9.279	0.253355
9.28	0.068052
9.281	-0.045768
9.282	-0.064268
9.283	-0.036816
9.284	-0.022484
9.285	-0.048431
9.286	-0.103346
9.287	-0.156005
9.288	-0.181498
9.289	-0.175618
9.29	-0.150367
9.291	-0.119565
9.292	-0.091824
9.293	-0.072479
9.294	-0.065391
9.295	-0.073849
9.296	-0.094287
9.297	-0.106917
9.298	-0.090486
9.299	-0.050234
9.3	-0.015408
9.301	-0.00844
9.302	-0.025342
9.303	-0.048481
9.304	-0.071513
9.305	-0.101926
9.306	-0.142334
9.307	-0.177463
9.308	-0.18469
9.309	-0.160327
9.31	-0.124846
9.311	-0.098121
9.312	-0.08332
9.313	-0.073017
9.314	-0.061088
9.315	-0.050579
9.316	-0.047436
9.317	-0.047273
9.318	-0.039289
9.319	-0.021703
9.32	-0.004593
9.321	0.002107
9.322	-0.002211
9.323	-0.015797
9.324	-0.041888
9.325	-0.078933
9.326	-0.112522
9.327	-0.124941
9.328	-0.110269
9.329	-0.080696
9.33	-0.055422
9.331	-0.04342
9.332	-0.041034
9.333	-0.039659
9.334	-0.03425
9.335	-0.029015
9.336	-0.029804
9.337	-0.033054
9.338	-0.029978
9.339	-0.017314
9.34	-0.001198
9.341	0.007459
9.342	0.001824
9.343	-0.018163
9.344	-0.047872
9.345	-0.077838
9.346	-0.095432
9.347	-0.091196
9.348	-0.069002
9.349	-0.047224
9.35	-0.040662
9.351	-0.047043
9.352	-0.054334
9.353	-0.052355
9.354	-0.040148
9.355	-0.027088
9.356	-0.021981
9.357	-0.022743
9.358	-0.02134
9.359	-0.015531
9.36	-0.012056
9.361	-0.016964
9.362	-0.028334
9.363	-0.041772
9.364	-0.051001
9.365	-0.042972
9.366	-0.006724
9.367	0.051148
9.368	0.10412
9.369	0.125088
9.37	0.109264
9.371	0.071882
9.372	0.032159
9.373	0.004905
9.374	-0.005581
9.375	-0.006688
9.376	-0.006699
9.377	-0.005984
9.378	-0.001165
9.379	0.007413
9.38	0.015267
9.381	0.017062
9.382	0.007104
9.383	-0.016776
9.384	-0.043549
9.385	-0.051634
9.386	-0.027886
9.387	0.017083
9.388	0.053356
9.389	0.05754
9.39	0.033214
9.391	0.001188
9.392	-0.019974
9.393	-0.022268
9.394	-0.009757
9.395	0.007183
9.396	0.021821
9.397	0.032066
9.398	0.0321
9.399	0.010447
9.4	-0.034373
9.401	-0.078239
9.402	-0.079546
9.403	-0.001904
9.404	0.15756
9.405	0.33819
9.406	0.431328
9.407	0.365755
9.408	0.181668
9.409	-0.000502
9.41	-0.089188
9.411	-0.086443
9.412	-0.049056
9.413	-0.019364
9.414	-0.005239
9.415	0.001726
9.416	0.009568
9.417	0.02058
9.418	0.02983
9.419	0.027655
9.42	0.009045
9.421	-0.023447
9.422	-0.067402
9.423	-0.118161
9.424	-0.158525
9.425	-0.163232
9.426	-0.11972
9.427	-0.049972
9.428	-0.002398
9.429	-0.006155
9.43	-0.045927
9.431	-0.087925
9.432	-0.111222
9.433	-0.112454
9.434	-0.095428
9.435	-0.06201
9.436	-0.011842
9.437	0.048843
9.438	0.098889
9.439	0.115218
9.44	0.097919
9.441	0.066203
9.442	0.03408
9.443	0.007695
9.444	-0.00451
9.445	0.007433
9.446	0.047494
9.447	0.101153
9.448	0.134215
9.449	0.122867
9.45	0.077375
9.451	0.025882
9.452	-0.010866
9.453	-0.025259
9.454	-0.015916
9.455	0.017094
9.456	0.069286
9.457	0.124333
9.458	0.153336
9.459	0.135456
9.46	0.080868
9.461	0.019555
9.462	-0.027175
9.463	-0.056159
9.464	-0.078028
9.465	-0.108352
9.466	-0.149891
9.467	-0.180895
9.468	-0.171594
9.469	-0.11783
9.47	-0.047904
9.471	0.008657
9.472	0.044269
9.473	0.065006
9.474	0.073493
9.475	0.062133
9.476	0.026545
9.477	-0.014352
9.478	-0.028604
9.479	-0.0041
9.48	0.041891
9.481	0.082403
9.482	0.101136
9.483	0.094095
9.484	0.05794
9.485	-0.009523
9.486	-0.09238
9.487	-0.152116
9.488	-0.154853
9.489	-0.105591
9.49	-0.041962
9.491	0.005964
9.492	0.034745
9.493	0.054405
9.494	0.069552
9.495	0.071334
9.496	0.051247
9.497	0.022412
9.498	0.013724
9.499	0.040771
9.5	0.090774
9.501	0.136194
9.502	0.156816
9.503	0.144778
9.504	0.096862
9.505	0.017584
9.506	-0.068774
9.507	-0.122447
9.508	-0.118647
9.509	-0.073077
9.51	-0.023882
9.511	0.007196
9.512	0.02526
9.513	0.04455
9.514	0.067404
9.515	0.078159
9.516	0.062857
9.517	0.032759
9.518	0.016794
9.519	0.03106
9.52	0.063495
9.521	0.089296
9.522	0.093487
9.523	0.073551
9.524	0.032027
9.525	-0.022518
9.526	-0.07152
9.527	-0.092353
9.528	-0.077819
9.529	-0.046201
9.53	-0.022553
9.531	-0.017603
9.532	-0.026455
9.533	-0.035544
9.534	-0.027744
9.535	0.017836
9.536	0.125006
9.537	0.296113
9.538	0.472076
9.539	0.542215
9.54	0.437937
9.541	0.217719
9.542	0.020162
9.543	-0.070526
9.544	-0.078165
9.545	-0.06615
9.546	-0.063185
9.547	-0.061368
9.548	-0.053265
9.549	-0.046166
9.55	-0.046269
9.551	-0.048565
9.552	-0.042958
9.553	-0.02407
9.554	0.000754
9.555	0.014887
9.556	0.010526
9.557	0.000375
9.558	0.004696
9.559	0.027739
9.56	0.052894
9.561	0.060364
9.562	0.042464
9.563	0.003814
9.564	-0.042973
9.565	-0.080671
9.566	-0.095207
9.567	-0.087054
9.568	-0.072755
9.569	-0.068165
9.57	-0.072791
9.571	-0.07478
9.572	-0.0642
9.573	-0.039769
9.574	-0.009909
9.575	0.01273
9.576	0.022838
9.577	0.029048
9.578	0.045473
9.579	0.074336
9.58	0.099411
9.581	0.098694
9.582	0.06193
9.583	-0.002163
9.584	-0.070361
9.585	-0.116602
9.586	-0.126524
9.587	-0.108153
9.588	-0.085546
9.589	-0.07557
9.59	-0.07528
9.591	-0.072519
9.592	-0.059546
9.593	-0.036436
9.594	-0.008361
9.595	0.019477
9.596	0.0478
9.597	0.08281
9.598	0.12373
9.599	0.154848
9.6	0.157274
9.601	0.124213
9.602	0.063753
9.603	-0.005942
9.604	-0.064092
9.605	-0.095648
9.606	-0.09715
9.607	-0.080157
9.608	-0.065766
9.609	-0.066407
9.61	-0.076024
9.611	-0.081036
9.612	-0.073677
9.613	-0.053335
9.614	-0.021109
9.615	0.022684
9.616	0.077443
9.617	0.138639
9.618	0.191525
9.619	0.215524
9.62	0.19961
9.621	0.14732
9.622	0.071323
9.623	-0.010431
9.624	-0.078366
9.625	-0.11606
9.626	-0.117381
9.627	-0.094867
9.628	-0.073168
9.629	-0.066496
9.63	-0.069126
9.631	-0.067773
9.632	-0.053965
9.633	-0.024272
9.634	0.023553
9.635	0.088935
9.636	0.164561
9.637	0.23436
9.638	0.275429
9.639	0.271096
9.64	0.223713
9.641	0.147881
9.642	0.055928
9.643	-0.043092
9.644	-0.134074
9.645	-0.193038
9.646	-0.201562
9.647	-0.168792
9.648	-0.129859
9.649	-0.114162
9.65	-0.122649
9.651	-0.137738
9.652	-0.142812
9.653	-0.126716
9.654	-0.08079
9.655	-0.002046
9.656	0.101338
9.657	0.20633
9.658	0.280163
9.659	0.300038
9.66	0.266439
9.661	0.192723
9.662	0.089101
9.663	-0.038106
9.664	-0.177879
9.665	-0.311255
9.666	-0.40929
9.667	-0.425683
9.668	-0.310247
9.669	-0.061798
9.67	0.231157
9.671	0.424094
9.672	0.416554
9.673	0.241401
9.674	0.041321
9.675	-0.061038
9.676	-0.047379
9.677	0.036591
9.678	0.14853
9.679	0.257787
9.68	0.328735
9.681	0.328458
9.682	0.249337
9.683	0.1144
9.684	-0.040926
9.685	-0.187502
9.686	-0.30063
9.687	-0.351993
9.688	-0.328453
9.689	-0.256342
9.69	-0.181602
9.691	-0.129836
9.692	-0.098095
9.693	-0.073838
9.694	-0.050839
9.695	-0.028156
9.696	0.001088
9.697	0.054442
9.698	0.145425
9.699	0.257115
9.7	0.338816
9.701	0.341368
9.702	0.254968
9.703	0.110485
9.704	-0.049578
9.705	-0.194211
9.706	-0.298749
9.707	-0.336043
9.708	-0.298184
9.709	-0.217199
9.71	-0.1405
9.711	-0.092785
9.712	-0.068733
9.713	-0.050859
9.714	-0.028277
9.715	0.001081
9.716	0.044608
9.717	0.121241
9.718	0.238537
9.719	0.364201
9.72	0.436845
9.721	0.410543
9.722	0.285814
9.723	0.103074
9.724	-0.086591
9.725	-0.242952
9.726	-0.336825
9.727	-0.35035
9.728	-0.292795
9.729	-0.204096
9.73	-0.127959
9.731	-0.08423
9.732	-0.066551
9.733	-0.057568
9.734	-0.042857
9.735	-0.01244
9.736	0.046915
9.737	0.152076
9.738	0.301545
9.739	0.450799
9.74	0.527837
9.741	0.483208
9.742	0.322911
9.743	0.100095
9.744	-0.118145
9.745	-0.280449
9.746	-0.36088
9.747	-0.357706
9.748	-0.292218
9.749	-0.201749
9.75	-0.123645
9.751	-0.079735
9.752	-0.070827
9.753	-0.081332
9.754	-0.08709
9.755	-0.06187
9.756	0.018083
9.757	0.16515
9.758	0.359134
9.759	0.535819
9.76	0.615781
9.761	0.553638
9.762	0.364308
9.763	0.111303
9.764	-0.129392
9.765	-0.300956
9.766	-0.376067
9.767	-0.35685
9.768	-0.273215
9.769	-0.172189
9.77	-0.097444
9.771	-0.071032
9.772	-0.088447
9.773	-0.125424
9.774	-0.146993
9.775	-0.11663
9.776	-0.00607
9.777	0.190322
9.778	0.433437
9.779	0.638034
9.78	0.714525
9.781	0.620108
9.782	0.379259
9.783	0.066587
9.784	-0.230639
9.785	-0.442955
9.786	-0.532762
9.787	-0.499288
9.788	-0.37631
9.789	-0.220858
9.79	-0.093676
9.791	-0.035904
9.792	-0.052752
9.793	-0.111801
9.794	-0.15636
9.795	-0.13059
9.796	-0.003863
9.797	0.213845
9.798	0.470123
9.799	0.696059
9.8	0.843324
9.801	0.890279
9.802	0.815722
9.803	0.583971
9.804	0.189092
9.805	-0.270979
9.806	-0.611508
9.807	-0.697171
9.808	-0.547891
9.809	-0.301935
9.81	-0.102291
9.811	-0.022328
9.812	-0.059748
9.813	-0.158778
9.814	-0.235589
9.815	-0.210483
9.816	-0.040535
9.817	0.256903
9.818	0.59913
9.819	0.866187
9.82	0.951648
9.821	0.807349
9.822	0.462938
9.823	0.01233
9.824	-0.421375
9.825	-0.72512
9.826	-0.832705
9.827	-0.746416
9.828	-0.530517
9.829	-0.282749
9.83	-0.09748
9.831	-0.032906
9.832	-0.091307
9.833	-0.21556
9.834	-0.309561
9.835	-0.279757
9.836	-0.076564
9.837	0.276777
9.838	0.68159
9.839	1.000726
9.84	1.114212
9.841	0.964324
9.842	0.577205
9.843	0.054815
9.844	-0.457223
9.845	-0.816279
9.846	-0.932595
9.847	-0.80326
9.848	-0.512877
9.849	-0.194232
9.85	0.030096
9.851	0.090204
9.852	-0.011099
9.853	-0.197116
9.854	-0.345649
9.855	-0.339312
9.856	-0.114574
9.857	0.301543
9.858	0.787279
9.859	1.172742
9.86	1.311646
9.861	1.136288
9.862	0.677531
9.863	0.055423
9.864	-0.551764
9.865	-0.965072
9.866	-1.074815
9.867	-0.886541
9.868	-0.517364
9.869	-0.136363
9.87	0.112481
9.871	0.154779
9.872	0.002046
9.873	-0.249972
9.874	-0.454733
9.875	-0.471223
9.876	-0.221504
9.877	0.265127
9.878	0.847753
9.879	1.326327
9.88	1.526189
9.881	1.367804
9.882	0.889075
9.883	0.221918
9.884	-0.454245
9.885	-0.964454
9.886	-1.181297
9.887	-1.057325
9.888	-0.65676
9.889	-0.154133
9.89	0.245073
9.891	0.418379
9.892	0.380051
9.893	0.226625
9.894	-0.010616
9.895	-0.51606
9.896	-1.645254
9.897	-3.542691
9.898	-5.744224
9.899	-7.354654
9.9	-7.694159
9.901	-6.660576
9.902	-4.551509
9.903	-1.766529
9.904	1.25347
9.905	3.907958
9.906	5.473635
9.907	5.525004
9.908	4.386043
9.909	2.930294
9.91	1.839397
9.911	1.210721
9.912	0.811585
9.913	0.465325
9.914	0.185249
9.915	0.099011
9.916	0.323459
9.917	0.873196
9.918	1.612194
9.919	2.270156
9.92	2.553176
9.921	2.288938
9.922	1.506243
9.923	0.422862
9.924	-0.639003
9.925	-1.376123
9.926	-1.616298
9.927	-1.382605
9.928	-0.868339
9.929	-0.3174
9.93	0.097241
9.931	0.321986
9.932	0.403536
9.933	0.407263
9.934	0.291572
9.935	-0.174685
9.936	-1.317631
9.937	-3.216711
9.938	-5.381804
9.939	-6.936542
9.94	-7.231551
9.941	-6.205555
9.942	-4.202621
9.943	-1.628897
9.944	1.134779
9.945	3.575816
9.946	5.027194
9.947	5.068836
9.948	3.997192
9.949	2.644046
9.95	1.647992
9.951	1.075823
9.952	0.687336
9.953	0.326751
9.954	0.049345
9.955	0.020124
9.956	0.364266
9.957	1.072431
9.958	1.967341
9.959	2.741832
9.96	3.078196
9.961	2.790163
9.962	1.906987
9.963	0.658097
9.964	-0.622765
9.965	-1.608985
9.966	-2.070773
9.967	-1.945096
9.968	-1.366971
9.969	-0.621775
9.97	-0.0154
9.971	0.271539
9.972	0.252353
9.973	0.075467
9.974	-0.151469
9.975	-0.559346
9.976	-1.505587
9.977	-3.180363
9.978	-5.170581
9.979	-6.610931
9.98	-6.846094
9.981	-5.828776
9.982	-3.916146
9.983	-1.490678
9.984	1.117616
9.985	3.435506
9.986	4.811924
9.987	4.831801
9.988	3.787059
9.989	2.490746
9.99	1.556771
9.991	1.033734
9.992	0.6779
9.993	0.346866
9.994	0.115473
9.995	0.158817
9.996	0.59467
9.997	1.389319
9.998	2.340031
9.999	3.130449
10.0	3.443736
10.001	3.093445
10.002	2.109632
10.003	0.731285
10.004	-0.679768
10.005	-1.757369
10.006	-2.250863
10.007	-2.110315
10.008	-1.500303
10.009	-0.728024
10.01	-0.103795
10.011	0.198764
10.012	0.201178
10.013	0.05623
10.014	-0.130399
10.015	-0.495453
10.016	-1.397635
10.017	-3.023113
10.018	-4.960121
10.019	-6.35623
10.02	-6.574268
10.021	-5.577946
10.022	-3.719266
10.023	-1.36389
10.024	1.172613
10.025	3.42638
10.026	4.757332
10.027	4.75804
10.028	3.715356
10.029	2.428739
10.03	1.501196
10.031	0.98133
10.032	0.637357
10.033	0.338884
10.034	0.159187
10.035	0.26077
10.036	0.748227
10.037	1.577578
10.038	2.539533
10.039	3.317755
10.04	3.602442
10.041	3.21434
10.042	2.182454
10.043	0.743245
10.044	-0.729715
10.045	-1.847865
10.046	-2.349348
10.047	-2.197843
10.048	-1.58504
10.049	-0.828866
10.05	-0.222267
10.051	0.085026
10.052	0.124045
10.053	0.039645
10.054	-0.081517
10.055	-0.394446
10.056	-1.26861
10.057	-2.896391
10.058	-4.867377
10.059	-6.317375
10.06	-6.577525
10.061	-5.564216
10.062	-3.592976
10.063	-1.05109
10.064	1.64339
10.065	3.89976
10.066	5.037409
10.067	4.747295
10.068	3.475244
10.069	2.109159
10.07	1.228024
10.071	0.809253
10.072	0.570277
10.073	0.358893
10.074	0.239427
10.075	0.372827
10.076	0.867995
10.077	1.686907
10.078	2.62524
10.079	3.370567
10.08	3.61988
10.081	3.203776
10.082	2.159418
10.083	0.73112
10.084	-0.705414
10.085	-1.779005
10.086	-2.260124
10.087	-2.137748
10.088	-1.599305
10.089	-0.924988
10.09	-0.364417
10.091	-0.047983
10.092	0.046921
10.093	0.039881
10.094	-0.010746
10.095	-0.281033
10.096	-1.150891
10.097	-2.808417
10.098	-4.821742
10.099	-6.301094
10.1	-6.571315
10.101	-5.57449
10.102	-3.66965
10.103	-1.257372
10.104	1.307657
10.105	3.541854
10.106	4.802613
10.107	4.690285
10.108	3.51734
10.109	2.126427
10.11	1.162736
10.111	0.695911
10.112	0.48224
10.113	0.349752
10.114	0.322787
10.115	0.529428
10.116	1.056908
10.117	1.853277
10.118	2.711596
10.119	3.344543
10.12	3.503055
10.121	3.06534
10.122	2.077875
10.123	0.754951
10.124	-0.57999
10.125	-1.600471
10.126	-2.09074
10.127	-2.028283
10.128	-1.57832
10.129	-0.991243
10.13	-0.483927
10.131	-0.164287
10.132	-0.009129
10.133	0.078854
10.134	0.121829
10.135	-0.09549
10.136	-0.982028
10.137	-2.727542
10.138	-4.868045
10.139	-6.46258
10.14	-6.789672
10.141	-5.768544
10.142	-3.765033
10.143	-1.209413
10.144	1.498986
10.145	3.823612
10.146	5.081671
10.147	4.872643
10.148	3.549396
10.149	2.01424
10.15	0.965555
10.151	0.499753
10.152	0.3668
10.153	0.363693
10.154	0.470809
10.155	0.769022
10.156	1.306422
10.157	2.014788
10.158	2.711599
10.159	3.174322
10.16	3.22559
10.161	2.787242
10.162	1.906551
10.163	0.7546
10.164	-0.413325
10.165	-1.330915
10.166	-1.814332
10.167	-1.840109
10.168	-1.5395
10.169	-1.105634
10.17	-0.70027
10.171	-0.409603
10.172	-0.236056
10.173	-0.117554
10.174	0.034057
10.175	0.296435
10.176	0.712335
10.177	1.266066
10.178	1.859166
10.179	2.319659
10.18	2.466534
10.181	2.195826
10.182	1.531311
10.183	0.610529
10.184	-0.368902
10.185	-1.202256
10.186	-1.723337
10.187	-1.851479
10.188	-1.630522
10.189	-1.21947
10.19	-0.809037
10.191	-0.518133
10.192	-0.345123
10.193	-0.18945
10.194	0.074217
10.195	0.503744
10.196	1.039897
10.197	1.543355
10.198	1.890623
10.199	2.035165
10.2	1.975029
10.201	1.695213
10.202	1.180102
10.203	0.473214
10.204	-0.29963
10.205	-0.970662
10.206	-1.396626
10.207	-1.510122
10.208	-1.345428
10.209	-1.022857
10.21	-0.683331
10.211	-0.420158
10.212	-0.252196
10.213	-0.136569
10.214	-0.005169
10.215	0.198536
10.216	0.50207
10.217	0.894121
10.218	1.309086
10.219	1.628773
10.22	1.72511
10.221	1.524166
10.222	1.043632
10.223	0.382521
10.224	-0.316456
10.225	-0.909264
10.226	-1.286307
10.227	-1.398637
10.228	-1.275721
10.229	-1.013724
10.23	-0.724822
10.231	-0.485423
10.232	-0.314607
10.233	-0.18286
10.234	-0.041094
10.235	0.151731
10.236	0.41816
10.237	0.753909
10.238	1.108052
10.239	1.378609
10.24	1.453805
10.241	1.273944
10.242	0.861321
10.243	0.306049
10.244	-0.270373
10.245	-0.753773
10.246	-1.063501
10.247	-1.166096
10.248	-1.083149
10.249	-0.88279
10.25	-0.648649
10.251	-0.443599
10.252	-0.288341
10.253	-0.163902
10.254	-0.033043
10.255	0.137741
10.256	0.368363
10.257	0.655737
10.258	0.955012
10.259	1.178832
10.26	1.236611
10.261	1.082596
10.262	0.735155
10.263	0.266998
10.264	-0.221038
10.265	-0.631473
10.266	-0.896139
10.267	-0.991525
10.268	-0.938316
10.269	-0.78657
10.27	-0.596868
10.271	-0.419714
10.272	-0.276971
10.273	-0.158054
10.274	-0.033923
10.275	0.123954
10.276	0.333519
10.277	0.591442
10.278	0.852593
10.279	1.034061
10.28	1.061395
10.281	0.909734
10.282	0.607251
10.283	0.217067
10.284	-0.184815
10.285	-0.527494
10.286	-0.757358
10.287	-0.848898
10.288	-0.809911
10.289	-0.676146
10.29	-0.499398
10.291	-0.329221
10.292	-0.193102
10.293	-0.088628
10.294	0.008727
10.295	0.130113
10.296	0.298592
10.297	0.511772
10.298	0.725647
10.299	0.868146
10.3	0.880836
10.301	0.746633
10.302	0.488728
10.303	0.156624
10.304	-0.188697
10.305	-0.485656
10.306	-0.68444
10.307	-0.763525
10.308	-0.734246
10.309	-0.628802
10.31	-0.487418
10.311	-0.347481
10.312	-0.230504
10.313	-0.133266
10.314	-0.032395
10.315	0.09921
10.316	0.275723
10.317	0.482669
10.318	0.670087
10.319	0.775256
10.32	0.758615
10.321	0.616749
10.322	0.373888
10.323	0.074847
10.324	-0.213882
10.325	-0.40859
10.326	-0.441694
10.327	-0.32198
10.328	-0.159007
10.329	-0.089636
10.33	-0.155957
10.331	-0.270106
10.332	-0.311715
10.333	-0.236999
10.334	-0.082949
10.335	0.099281
10.336	0.284668
10.337	0.45804
10.338	0.589738
10.339	0.645492
10.34	0.609183
10.341	0.487506
10.342	0.300085
10.343	0.070952
10.344	-0.170597
10.345	-0.385685
10.346	-0.533783
10.347	-0.594625
10.348	-0.578355
10.349	-0.510724
10.35	-0.417189
10.351	-0.319745
10.352	-0.231801
10.353	-0.149117
10.354	-0.054012
10.355	0.067724
10.356	0.213483
10.357	0.3585
10.358	0.464582
10.359	0.503425
10.36	0.469685
10.361	0.372865
10.362	0.225545
10.363	0.042192
10.364	-0.153597
10.365	-0.325793
10.366	-0.436678
10.367	-0.470326
10.368	-0.444403
10.369	-0.389173
10.37	-0.322745
10.371	-0.252474
10.372	-0.181364
10.373	-0.105036
10.374	-0.013735
10.375	0.09968
10.376	0.231616
10.377	0.35945
10.378	0.447633
10.379	0.471479
10.38	0.429117
10.381	0.330544
10.382	0.186486
10.383	0.012643
10.384	-0.161034
10.385	-0.294209
10.386	-0.357207
10.387	-0.355852
10.388	-0.327095
10.389	-0.299096
10.39	-0.270736
10.391	-0.232442
10.392	-0.181778
10.393	-0.117416
10.394	-0.035128
10.395	0.068215
10.396	0.186804
10.397	0.297995
10.398	0.36889
10.399	0.378053
10.4	0.327668
10.401	0.234241
10.402	0.114869
10.403	-0.013543
10.404	-0.129916
10.405	-0.21125
10.406	-0.243543
10.407	-0.23927
10.408	-0.230941
10.409	-0.233818
10.41	-0.234617
10.411	-0.217338
10.412	-0.17722
10.413	-0.114968
10.414	-0.032336
10.415	0.068021
10.416	0.17799
10.417	0.277472
10.418	0.342939
10.419	0.367778
10.42	0.363186
10.421	0.336976
10.422	0.283834
10.423	0.195194
10.424	0.067422
10.425	-0.091408
10.426	-0.249607
10.427	-0.357005
10.428	-0.378648
10.429	-0.323206
10.43	-0.230777
10.431	-0.136876
10.432	-0.055751
10.433	0.008657
10.434	0.048801
10.435	0.057349
10.436	0.047595
10.437	0.056076
10.438	0.105376
10.439	0.176081
10.44	0.228353
10.441	0.236452
10.442	0.197895
10.443	0.12104
10.444	0.013078
10.445	-0.114546
10.446	-0.233806
10.447	-0.305619
10.448	-0.306511
10.449	-0.2493
10.45	-0.171348
10.451	-0.104471
10.452	-0.061384
10.453	-0.04184
10.454	-0.036826
10.455	-0.020331
10.456	0.059156
10.457	0.246567
10.458	0.502461
10.459	0.683663
10.46	0.657067
10.461	0.433949
10.462	0.160013
10.463	-0.029178
10.464	-0.113234
10.465	-0.149145
10.466	-0.180246
10.467	-0.205698
10.468	-0.206664
10.469	-0.176555
10.47	-0.128512
10.471	-0.081396
10.472	-0.043972
10.473	-0.013731
10.474	0.011206
10.475	0.025776
10.476	0.030592
10.477	0.038191
10.478	0.05569
10.479	0.076924
10.48	0.093668
10.481	0.099649
10.482	0.087623
10.483	0.049602
10.484	-0.018782
10.485	-0.108849
10.486	-0.194893
10.487	-0.245397
10.488	-0.243102
10.489	-0.197849
10.49	-0.13721
10.491	-0.084042
10.492	-0.045069
10.493	-0.014916
10.494	0.011909
10.495	0.033551
10.496	0.048862
10.497	0.0621
10.498	0.073561
10.499	0.079112
10.5	0.078885
10.501	0.076534
10.502	0.070433
10.503	0.0491
10.504	0.000709
10.505	-0.07067
10.506	-0.142135
10.507	-0.185124
10.508	-0.184017
10.509	-0.147627
10.51	-0.100299
10.511	-0.061465
10.512	-0.03512
10.513	-0.012939
10.514	0.012919
10.515	0.039873
10.516	0.061271
10.517	0.073535
10.518	0.074678
10.519	0.066498
10.52	0.05563
10.521	0.047286
10.522	0.038609
10.523	0.018758
10.524	-0.019122
10.525	-0.067392
10.526	-0.108715
10.527	-0.127175
10.528	-0.11845
10.529	-0.092675
10.53	-0.064433
10.531	-0.042657
10.532	-0.027453
10.533	-0.011576
10.534	0.009831
10.535	0.03236
10.536	0.050002
10.537	0.06052
10.538	0.061382
10.539	0.052389
10.54	0.041431
10.541	0.037503
10.542	0.037453
10.543	0.027986
10.544	0.002429
10.545	-0.032188
10.546	-0.061293
10.547	-0.071063
10.548	-0.058683
10.549	-0.033676
10.55	-0.007168
10.551	0.013127
10.552	0.023179
10.553	0.024491
10.554	0.021153
10.555	0.017053
10.556	0.017027
10.557	0.022197
10.558	0.024953
10.559	0.017556
10.56	0.003836
10.561	-0.006007
10.562	-0.010967
10.563	-0.019932
10.564	-0.037904
10.565	-0.059356
10.566	-0.073759
10.567	-0.076999
10.568	-0.075279
10.569	-0.073795
10.57	-0.070911
10.571	-0.065689
10.572	-0.058814
10.573	-0.047993
10.574	-0.030777
10.575	-0.00815
10.576	0.016351
10.577	0.035852
10.578	0.040483
10.579	0.025062
10.58	-0.004768
10.581	-0.040005
10.582	-0.076823
10.583	-0.105352
10.584	-0.09494
10.585	-0.003951
10.586	0.180484
10.587	0.39256
10.588	0.499292
10.589	0.410333
10.59	0.175763
10.591	-0.053357
10.592	-0.160418
10.593	-0.143818
10.594	-0.074747
10.595	-0.012317
10.596	0.027608
10.597	0.048552
10.598	0.048857
10.599	0.026054
10.6	-0.009703
10.601	-0.041349
10.602	-0.058795
10.603	-0.060021
10.604	-0.048997
10.605	-0.034781
10.606	-0.026432
10.607	-0.032552
10.608	-0.056735
10.609	-0.086845
10.61	-0.103404
10.611	-0.0971
10.612	-0.07129
10.613	-0.040833
10.614	-0.03218
10.615	-0.066508
10.616	-0.12807
10.617	-0.163669
10.618	-0.137007
10.619	-0.070024
10.62	-0.014705
10.621	-0.001381
10.622	-0.019798
10.623	-0.039639
10.624	-0.042963
10.625	-0.029837
10.626	-0.007042
10.627	0.009668
10.628	0.003024
10.629	-0.023214
10.63	-0.049894
10.631	-0.067142
10.632	-0.076851
10.633	-0.078169
10.634	-0.06185
10.635	-0.020075
10.636	0.040329
10.637	0.092868
10.638	0.104291
10.639	0.064772
10.64	0.000472
10.641	-0.050894
10.642	-0.067879
10.643	-0.05386
10.644	-0.03658
10.645	-0.053117
10.646	-0.110976
10.647	-0.167263
10.648	-0.170373
10.649	-0.11618
10.65	-0.043456
10.651	0.011858
10.652	0.039865
10.653	0.048082
10.654	0.042685
10.655	0.020947
10.656	-0.011723
10.657	-0.032104
10.658	-0.023575
10.659	0.005798
10.66	0.037969
10.661	0.064592
10.662	0.087235
10.663	0.100084
10.664	0.082356
10.665	0.01945
10.666	-0.070239
10.667	-0.137403
10.668	-0.14138
10.669	-0.089398
10.67	-0.024574
10.671	0.018707
10.672	0.03521
10.673	0.03763
10.674	0.035067
10.675	0.023633
10.676	0.002495
10.677	-0.014313
10.678	-0.012565
10.679	0.00873
10.68	0.041284
10.681	0.077391
10.682	0.111547
10.683	0.13047
10.684	0.112621
10.685	0.047286
10.686	-0.045905
10.687	-0.119578
10.688	-0.135183
10.689	-0.099279
10.69	-0.050338
10.691	-0.018223
10.692	-0.005806
10.693	0.001197
10.694	0.01143
10.695	0.017207
10.696	0.01047
10.697	-0.003512
10.698	-0.015094
10.699	-0.019957
10.7	-0.017095
10.701	-0.005499
10.702	0.011219
10.703	0.019998
10.704	0.007361
10.705	-0.028232
10.706	-0.071416
10.707	-0.093761
10.708	-0.078263
10.709	-0.039836
10.71	-0.00706
10.711	0.00565
10.712	0.002209
10.713	-0.007806
10.714	-0.023022
10.715	-0.044238
10.716	-0.048698
10.717	0.011604
10.718	0.164395
10.719	0.363522
10.72	0.491783
10.721	0.450247
10.722	0.259006
10.723	0.04447
10.724	-0.080625
10.725	-0.102829
10.726	-0.076192
10.727	-0.044936
10.728	-0.020606
10.729	-0.00461
10.73	-2.5e-05
10.731	-0.006123
10.732	-0.013216
10.733	-0.009282
10.734	0.00465
10.735	0.013627
10.736	0.00737
10.737	-0.010097
10.738	-0.02982
10.739	-0.045542
10.74	-0.052506
10.741	-0.049205
10.742	-0.042029
10.743	-0.040485
10.744	-0.047967
10.745	-0.060773
10.746	-0.070671
10.747	-0.070254
10.748	-0.060983
10.749	-0.051352
10.75	-0.047777
10.751	-0.049189
10.752	-0.047147
10.753	-0.034345
10.754	-0.015388
10.755	-0.003343
10.756	-0.003846
10.757	-0.009721
10.758	-0.01303
10.759	-0.013883
10.76	-0.014762
10.761	-0.014956
10.762	-0.013792
10.763	-0.011908
10.764	-0.008995
10.765	-0.004701
10.766	-6.5e-05
10.767	0.001618
10.768	-0.003056
10.769	-0.012666
10.77	-0.022308
10.771	-0.027454
10.772	-0.024015
10.773	-0.010657
10.774	0.007491
10.775	0.022001
10.776	0.030963
10.777	0.040431
10.778	0.050675
10.779	0.05097
10.78	0.034595
10.781	0.007514
10.782	-0.019116
10.783	-0.03468
10.784	-0.032775
10.785	-0.016139
10.786	0.004779
10.787	0.016745
10.788	0.012123
10.789	-0.003286
10.79	-0.01774
10.791	-0.024912
10.792	-0.022815
10.793	-0.01056
10.794	0.009695
10.795	0.032314
10.796	0.053873
10.797	0.073976
10.798	0.085461
10.799	0.076335
10.8	0.04594
10.801	0.007332
10.802	-0.023897
10.803	-0.037408
10.804	-0.032318
10.805	-0.015405
10.806	0.004254
10.807	0.01531
10.808	0.009953
10.809	-0.005925
10.81	-0.018883
10.811	-0.020341
10.812	-0.007271
10.813	0.02157
10.814	0.064307
10.815	0.112686
10.816	0.154016
10.817	0.173793
10.818	0.160274
10.819	0.117502
10.82	0.066156
10.821	0.02419
10.822	-0.004369
10.823	-0.023887
10.824	-0.038582
10.825	-0.044905
10.826	-0.035806
10.827	-0.018245
10.828	-0.010981
10.829	-0.022051
10.83	-0.043322
10.831	-0.06194
10.832	-0.066866
10.833	-0.04933
10.834	-0.006231
10.835	0.054956
10.836	0.117251
10.837	0.157464
10.838	0.156932
10.839	0.119395
10.84	0.06695
10.841	0.017339
10.842	-0.024358
10.843	-0.059772
10.844	-0.090835
10.845	-0.114015
10.846	-0.121167
10.847	-0.104848
10.848	-0.050726
10.849	0.064365
10.85	0.234466
10.851	0.384379
10.852	0.407837
10.853	0.276807
10.854	0.092611
10.855	-0.004225
10.856	0.033733
10.857	0.133729
10.858	0.194637
10.859	0.180096
10.86	0.11721
10.861	0.042054
10.862	-0.027595
10.863	-0.085743
10.864	-0.123628
10.865	-0.125984
10.866	-0.088865
10.867	-0.038861
10.868	-0.017548
10.869	-0.042039
10.87	-0.093186
10.871	-0.139495
10.872	-0.156909
10.873	-0.131834
10.874	-0.064326
10.875	0.02947
10.876	0.12163
10.877	0.178908
10.878	0.178982
10.879	0.128686
10.88	0.055414
10.881	-0.016758
10.882	-0.076669
10.883	-0.122541
10.884	-0.158673
10.885	-0.193312
10.886	-0.223405
10.887	-0.224571
10.888	-0.181657
10.889	-0.116314
10.89	-0.061829
10.891	-0.028808
10.892	-0.005377
10.893	0.020925
10.894	0.044855
10.895	0.051026
10.896	0.042325
10.897	0.04563
10.898	0.079714
10.899	0.1298
10.9	0.161883
10.901	0.155221
10.902	0.113274
10.903	0.048187
10.904	-0.030455
10.905	-0.109199
10.906	-0.164275
10.907	-0.173517
10.908	-0.139512
10.909	-0.090462
10.91	-0.052614
10.911	-0.030251
10.912	-0.011725
10.913	0.011518
10.914	0.032719
10.915	0.040287
10.916	0.041115
10.917	0.060171
10.918	0.108716
10.919	0.163073
10.92	0.184126
10.921	0.153231
10.922	0.082387
10.923	-0.003714
10.924	-0.084621
10.925	-0.146627
10.926	-0.17892
10.927	-0.17595
10.928	-0.144973
10.929	-0.104109
10.93	-0.069861
10.931	-0.046745
10.932	-0.027839
10.933	-0.006092
10.934	0.016101
10.935	0.03308
10.936	0.052062
10.937	0.092336
10.938	0.158463
10.939	0.22268
10.94	0.245176
10.941	0.208649
10.942	0.129076
10.943	0.038176
10.944	-0.03932
10.945	-0.09312
10.946	-0.121288
10.947	-0.126496
10.948	-0.11694
10.949	-0.103102
10.95	-0.091814
10.951	-0.0835
10.952	-0.074378
10.953	-0.060782
10.954	-0.040189
10.955	-0.008031
10.956	0.045533
10.957	0.125938
10.958	0.212732
10.959	0.262252
10.96	0.242995
10.961	0.159512
10.962	0.042507
10.963	-0.074034
10.964	-0.166951
10.965	-0.224809
10.966	-0.244586
10.967	-0.231352
10.968	-0.196693
10.969	-0.154416
10.97	-0.117261
10.971	-0.09297
10.972	-0.080781
10.973	-0.073146
10.974	-0.061927
10.975	-0.041307
10.976	-0.001088
10.977	0.073756
10.978	0.188177
10.979	0.332548
10.98	0.485618
10.981	0.596326
10.982	0.579449
10.983	0.379853
10.984	0.055509
10.985	-0.238873
10.986	-0.377224
10.987	-0.355858
10.988	-0.258208
10.989	-0.164177
10.99	-0.108834
10.991	-0.092874
10.992	-0.101097
10.993	-0.111047
10.994	-0.099178
10.995	-0.047932
10.996	0.049905
10.997	0.179651
10.998	0.296415
10.999	0.348183
11.0	0.309848
11.001	0.192565
11.002	0.03146
11.003	-0.133355
11.004	-0.270744
11.005	-0.360383
11.006	-0.39126
11.007	-0.365362
11.008	-0.300414
11.009	-0.225949
11.01	-0.171692
11.011	-0.152214
11.012	-0.158858
11.013	-0.164171
11.014	-0.136801
11.015	-0.057132
11.016	0.07544
11.017	0.235685
11.018	0.3723
11.019	0.431698
11.02	0.387249
11.021	0.248369
11.022	0.051834
11.023	-0.153581
11.024	-0.321645
11.025	-0.419108
11.026	-0.433093
11.027	-0.375757
11.028	-0.281479
11.029	-0.192583
11.03	-0.140175
11.031	-0.132265
11.032	-0.151967
11.033	-0.164783
11.034	-0.135499
11.035	-0.043618
11.036	0.109131
11.037	0.290415
11.038	0.440858
11.039	0.504334
11.04	0.456553
11.041	0.307064
11.042	0.088542
11.043	-0.150665
11.044	-0.353916
11.045	-0.471195
11.046	-0.478666
11.047	-0.39236
11.048	-0.264183
11.049	-0.155429
11.05	-0.105337
11.051	-0.116507
11.052	-0.158389
11.053	-0.184535
11.054	-0.155391
11.055	-0.051133
11.056	0.123232
11.057	0.330543
11.058	0.50749
11.059	0.593018
11.06	0.551653
11.061	0.37899
11.062	0.106427
11.063	-0.197151
11.064	-0.444386
11.065	-0.564286
11.066	-0.535244
11.067	-0.399632
11.068	-0.239176
11.069	-0.123217
11.07	-0.079226
11.071	-0.097711
11.072	-0.144611
11.073	-0.173844
11.074	-0.143937
11.075	-0.032022
11.076	0.156424
11.077	0.381173
11.078	0.576293
11.079	0.67545
11.08	0.634564
11.081	0.44783
11.082	0.157185
11.083	-0.163651
11.084	-0.447237
11.085	-0.647521
11.086	-0.723003
11.087	-0.646224
11.088	-0.449021
11.089	-0.22712
11.09	-0.077732
11.091	-0.038591
11.092	-0.082606
11.093	-0.152814
11.094	-0.19638
11.095	-0.173383
11.096	-0.049713
11.097	0.188311
11.098	0.492515
11.099	0.745393
11.1	0.821474
11.101	0.665216
11.102	0.319473
11.103	-0.107516
11.104	-0.500117
11.105	-0.769761
11.106	-0.853345
11.107	-0.713961
11.108	-0.372038
11.109	0.065258
11.11	0.421147
11.111	0.526928
11.112	0.335846
11.113	-0.018138
11.114	-0.305111
11.115	-0.361097
11.116	-0.164075
11.117	0.203012
11.118	0.60122
11.119	0.872053
11.12	0.896505
11.121	0.648258
11.122	0.20213
11.123	-0.296274
11.124	-0.684812
11.125	-0.848091
11.126	-0.76854
11.127	-0.533042
11.128	-0.27362
11.129	-0.09253
11.13	-0.038561
11.131	-0.114455
11.132	-0.275821
11.133	-0.435014
11.134	-0.487691
11.135	-0.355284
11.136	-0.026415
11.137	0.423392
11.138	0.854567
11.139	1.123021
11.14	1.132975
11.141	0.861018
11.142	0.366962
11.143	-0.215755
11.144	-0.726612
11.145	-1.035279
11.146	-1.076361
11.147	-0.864572
11.148	-0.499349
11.149	-0.138436
11.15	0.071966
11.151	0.068265
11.152	-0.108417
11.153	-0.340862
11.154	-0.48958
11.155	-0.443338
11.156	-0.151534
11.157	0.345311
11.158	0.898338
11.159	1.297396
11.16	1.370558
11.161	1.065062
11.162	0.466446
11.163	-0.243697
11.164	-0.860154
11.165	-1.219946
11.166	-1.245582
11.167	-0.966192
11.168	-0.514984
11.169	-0.083478
11.17	0.170765
11.171	0.205503
11.172	0.093379
11.173	-0.082333
11.174	-0.395166
11.175	-1.154815
11.176	-2.668564
11.177	-4.763153
11.178	-6.681144
11.179	-7.623509
11.18	-7.25529
11.181	-5.681475
11.182	-3.210213
11.183	-0.231548
11.184	2.734758
11.185	4.968982
11.186	5.792933
11.187	5.120851
11.188	3.650112
11.189	2.275678
11.19	1.401735
11.191	0.906129
11.192	0.547784
11.193	0.249734
11.194	0.096671
11.195	0.205646
11.196	0.620096
11.197	1.259383
11.198	1.923068
11.199	2.359723
11.2	2.370912
11.201	1.893858
11.202	1.027236
11.203	-0.002622
11.204	-0.915728
11.205	-1.471105
11.206	-1.55095
11.207	-1.204006
11.208	-0.628171
11.209	-0.084386
11.21	0.228777
11.211	0.264734
11.212	0.121957
11.213	-0.076713
11.214	-0.372986
11.215	-1.063011
11.216	-2.4597
11.217	-4.415057
11.218	-6.210328
11.219	-7.08481
11.22	-6.731835
11.221	-5.267798
11.222	-2.985355
11.223	-0.233256
11.224	2.518637
11.225	4.59638
11.226	5.354273
11.227	4.709454
11.228	3.328353
11.229	2.058596
11.23	1.263904
11.231	0.806607
11.232	0.458551
11.233	0.168836
11.234	0.043839
11.235	0.210405
11.236	0.708712
11.237	1.450186
11.238	2.235041
11.239	2.816776
11.24	2.977616
11.241	2.582025
11.242	1.62545
11.243	0.298516
11.244	-1.010323
11.245	-1.869856
11.246	-2.045272
11.247	-1.620965
11.248	-0.910684
11.249	-0.257026
11.25	0.123124
11.251	0.194852
11.252	0.073523
11.253	-0.102581
11.254	-0.362582
11.255	-1.000456
11.256	-2.3532
11.257	-4.317757
11.258	-6.178158
11.259	-7.091936
11.26	-6.692218
11.261	-5.159347
11.262	-2.880934
11.263	-0.220247
11.264	2.400434
11.265	4.365039
11.266	5.064913
11.267	4.421498
11.268	3.082576
11.269	1.869841
11.27	1.126794
11.271	0.708946
11.272	0.391598
11.273	0.132526
11.274	0.05373
11.275	0.299058
11.276	0.907772
11.277	1.757083
11.278	2.584776
11.279	3.08496
11.28	3.029446
11.281	2.35517
11.282	1.198073
11.283	-0.138384
11.284	-1.290553
11.285	-1.970899
11.286	-2.066343
11.287	-1.667626
11.288	-1.016364
11.289	-0.39252
11.29	0.000344
11.291	0.111012
11.292	0.037856
11.293	-0.087681
11.294	-0.293243
11.295	-0.873844
11.296	-2.178867
11.297	-4.120317
11.298	-5.981325
11.299	-6.90034
11.3	-6.497522
11.301	-4.965554
11.302	-2.714624
11.303	-0.112428
11.304	2.438445
11.305	4.344452
11.306	5.003434
11.307	4.332968
11.308	2.97887
11.309	1.764374
11.31	1.035809
11.311	0.649606
11.312	0.377433
11.313	0.172751
11.314	0.155553
11.315	0.46519
11.316	1.128382
11.317	2.003603
11.318	2.817647
11.319	3.273086
11.32	3.160469
11.321	2.433668
11.322	1.240368
11.323	-0.117486
11.324	-1.289077
11.325	-1.993722
11.326	-2.116884
11.327	-1.748661
11.328	-1.127597
11.329	-0.522915
11.33	-0.125059
11.331	0.021415
11.332	0.011695
11.333	-0.032895
11.334	-0.157109
11.335	-0.680424
11.336	-1.97086
11.337	-3.93803
11.338	-5.846219
11.339	-6.813157
11.34	-6.443488
11.341	-4.922904
11.342	-2.663163
11.343	-0.038718
11.344	2.532815
11.345	4.4352
11.346	5.053909
11.347	4.317435
11.348	2.895605
11.349	1.634325
11.35	0.894624
11.351	0.5368
11.352	0.328633
11.353	0.215245
11.354	0.299106
11.355	0.689488
11.356	1.377835
11.357	2.201206
11.358	2.903249
11.359	3.24431
11.36	3.083055
11.361	2.40859
11.362	1.337942
11.363	0.089139
11.364	-1.064778
11.365	-1.867897
11.366	-2.165143
11.367	-1.960131
11.368	-1.417719
11.369	-0.78221
11.37	-0.238807
11.371	0.165966
11.372	0.468859
11.373	0.647465
11.374	0.5035
11.375	-0.305734
11.376	-1.98957
11.377	-4.239949
11.378	-6.217851
11.379	-7.089391
11.38	-6.559289
11.381	-4.872806
11.382	-2.45735
11.383	0.290409
11.384	2.898444
11.385	4.70574
11.386	5.127185
11.387	4.192092
11.388	2.658481
11.389	1.385903
11.39	0.703769
11.391	0.4487
11.392	0.375025
11.393	0.394467
11.394	0.547734
11.395	0.889062
11.396	1.413375
11.397	2.033437
11.398	2.588137
11.399	2.885391
11.4	2.772786
11.401	2.20417
11.402	1.266971
11.403	0.160304
11.404	-0.863675
11.405	-1.578701
11.406	-1.857495
11.407	-1.714163
11.408	-1.297473
11.409	-0.820077
11.41	-0.453966
11.411	-0.259117
11.412	-0.179807
11.413	-0.098
11.414	0.094154
11.415	0.448495
11.416	0.951932
11.417	1.526776
11.418	2.033482
11.419	2.303734
11.42	2.208475
11.421	1.718546
11.422	0.920087
11.423	-0.011558
11.424	-0.863589
11.425	-1.451027
11.426	-1.675406
11.427	-1.557375
11.428	-1.222557
11.429	-0.836998
11.43	-0.530655
11.431	-0.349308
11.432	-0.250863
11.433	-0.145361
11.434	0.048462
11.435	0.368079
11.436	0.801162
11.437	1.285036
11.438	1.705317
11.439	1.921871
11.44	1.828592
11.441	1.405501
11.442	0.730516
11.443	-0.044457
11.444	-0.742527
11.445	-1.22012
11.446	-1.409641
11.447	-1.333645
11.448	-1.086025
11.449	-0.787214
11.45	-0.535329
11.451	-0.369668
11.452	-0.262219
11.453	-0.146271
11.454	0.03966
11.455	0.324601
11.456	0.700245
11.457	1.116715
11.458	1.475372
11.459	1.652871
11.46	1.559166
11.461	1.18235
11.462	0.596288
11.463	-0.064018
11.464	-0.650033
11.465	-1.045539
11.466	-1.196487
11.467	-1.12589
11.468	-0.918982
11.469	-0.679328
11.47	-0.484321
11.471	-0.358017
11.472	-0.27024
11.473	-0.163679
11.474	0.010039
11.475	0.269465
11.476	0.60186
11.477	0.9606
11.478	1.259277
11.479	1.395282
11.48	1.299256
11.481	0.967605
11.482	0.465909
11.483	-0.091949
11.484	-0.584126
11.485	-0.918145
11.486	-1.053797
11.487	-1.011348
11.488	-0.855077
11.489	-0.660667
11.49	-0.486878
11.491	-0.356629
11.492	-0.252807
11.493	-0.13355
11.494	0.041371
11.495	0.288448
11.496	0.59015
11.497	0.890044
11.498	1.104642
11.499	1.167089
11.5	1.067768
11.501	0.853596
11.502	0.590633
11.503	0.310657
11.504	-0.005936
11.505	-0.36601
11.506	-0.694452
11.507	-0.872492
11.508	-0.84672
11.509	-0.677425
11.51	-0.478926
11.511	-0.326661
11.512	-0.221149
11.513	-0.115777
11.514	0.037822
11.515	0.260114
11.516	0.533863
11.517	0.803193
11.518	0.990472
11.519	1.034387
11.52	0.913552
11.521	0.644152
11.522	0.274387
11.523	-0.124086
11.524	-0.473402
11.525	-0.709003
11.526	-0.801701
11.527	-0.770363
11.528	-0.665813
11.529	-0.54027
11.53	-0.427647
11.531	-0.336747
11.532	-0.25174
11.533	-0.140921
11.534	0.024764
11.535	0.252186
11.536	0.514774
11.537	0.753716
11.538	0.901823
11.539	0.917037
11.54	0.79228
11.541	0.547033
11.542	0.222948
11.543	-0.120319
11.544	-0.414923
11.545	-0.602245
11.546	-0.659378
11.547	-0.612956
11.548	-0.517956
11.549	-0.420615
11.55	-0.34037
11.551	-0.273958
11.552	-0.203057
11.553	-0.104157
11.554	0.033314
11.555	0.197026
11.556	0.365964
11.557	0.527664
11.558	0.66682
11.559	0.745914
11.56	0.721818
11.561	0.581261
11.562	0.347301
11.563	0.058908
11.564	-0.241208
11.565	-0.501366
11.566	-0.66016
11.567	-0.675037
11.568	-0.563949
11.569	-0.399525
11.57	-0.250937
11.571	-0.142764
11.572	-0.061643
11.573	0.015267
11.574	0.098462
11.575	0.188946
11.576	0.294824
11.577	0.424867
11.578	0.559938
11.579	0.648161
11.58	0.638999
11.581	0.518917
11.582	0.313937
11.583	0.066697
11.584	-0.182318
11.585	-0.394062
11.586	-0.524141
11.587	-0.541245
11.588	-0.46029
11.589	-0.336228
11.59	-0.22005
11.591	-0.129759
11.592	-0.054657
11.593	0.022848
11.594	0.108725
11.595	0.200119
11.596	0.30107
11.597	0.417722
11.598	0.531695
11.599	0.59551
11.6	0.566828
11.601	0.441101
11.602	0.24893
11.603	0.031867
11.604	-0.176543
11.605	-0.349906
11.606	-0.456929
11.607	-0.47196
11.608	-0.404375
11.609	-0.298468
11.61	-0.199223
11.611	-0.124412
11.612	-0.064899
11.613	-0.004907
11.614	0.060831
11.615	0.131088
11.616	0.21217
11.617	0.311244
11.618	0.411514
11.619	0.470774
11.62	0.453057
11.621	0.355413
11.622	0.205379
11.623	0.039379
11.624	-0.116132
11.625	-0.245151
11.626	-0.332038
11.627	-0.364828
11.628	-0.34829
11.629	-0.297693
11.63	-0.213103
11.631	-0.069455
11.632	0.150975
11.633	0.403661
11.634	0.574093
11.635	0.567828
11.636	0.422532
11.637	0.286122
11.638	0.262298
11.639	0.318775
11.64	0.355206
11.641	0.312611
11.642	0.203313
11.643	0.069084
11.644	-0.061548
11.645	-0.175089
11.646	-0.255499
11.647	-0.285117
11.648	-0.261575
11.649	-0.204533
11.65	-0.142844
11.651	-0.095544
11.652	-0.06396
11.653	-0.037189
11.654	-0.002058
11.655	0.051755
11.656	0.131168
11.657	0.229038
11.658	0.31255
11.659	0.341407
11.66	0.301183
11.661	0.211488
11.662	0.105359
11.663	0.003445
11.664	-0.091409
11.665	-0.176341
11.666	-0.236398
11.667	-0.254362
11.668	-0.226801
11.669	-0.170773
11.67	-0.114712
11.671	-0.077855
11.672	-0.057313
11.673	-0.034782
11.674	0.005591
11.675	0.068941
11.676	0.154186
11.677	0.247777
11.678	0.316514
11.679	0.329948
11.68	0.286321
11.681	0.207242
11.682	0.116215
11.683	0.02533
11.684	-0.062015
11.685	-0.138794
11.686	-0.190293
11.687	-0.203762
11.688	-0.179567
11.689	-0.134075
11.69	-0.090208
11.691	-0.061312
11.692	-0.04297
11.693	-0.019208
11.694	0.023137
11.695	0.086385
11.696	0.163213
11.697	0.23476
11.698	0.274653
11.699	0.268426
11.7	0.223674
11.701	0.159066
11.702	0.089556
11.703	0.020457
11.704	-0.046872
11.705	-0.105703
11.706	-0.143999
11.707	-0.152889
11.708	-0.134317
11.709	-0.101774
11.71	-0.07209
11.711	-0.054061
11.712	-0.041484
11.713	-0.017457
11.714	0.029799
11.715	0.096468
11.716	0.166271
11.717	0.217187
11.718	0.232257
11.719	0.212461
11.72	0.174154
11.721	0.133128
11.722	0.095294
11.723	0.058931
11.724	0.020572
11.725	-0.020071
11.726	-0.057376
11.727	-0.082628
11.728	-0.091383
11.729	-0.086823
11.73	-0.07673
11.731	-0.067114
11.732	-0.054557
11.733	-0.026919
11.734	0.024628
11.735	0.096172
11.736	0.169662
11.737	0.217725
11.738	0.220418
11.739	0.182722
11.74	0.128443
11.741	0.077251
11.742	0.034029
11.743	-0.003559
11.744	-0.035713
11.745	-0.057174
11.746	-0.061061
11.747	-0.049402
11.748	-0.033895
11.749	-0.023005
11.75	-0.017686
11.751	-0.015898
11.752	-0.012353
11.753	-0.000584
11.754	0.021218
11.755	0.05204
11.756	0.095404
11.757	0.163995
11.758	0.275654
11.759	0.426742
11.76	0.554887
11.761	0.555506
11.762	0.380531
11.763	0.115295
11.764	-0.085954
11.765	-0.138972
11.766	-0.080046
11.767	-0.001516
11.768	0.03509
11.769	0.028604
11.77	0.005548
11.771	-0.014239
11.772	-0.020264
11.773	-0.005183
11.774	0.034957
11.775	0.09668
11.776	0.163064
11.777	0.20568
11.778	0.202786
11.779	0.157075
11.78	0.091043
11.781	0.028044
11.782	-0.016924
11.783	-0.035332
11.784	-0.02469
11.785	0.009705
11.786	0.051025
11.787	0.073374
11.788	0.063458
11.789	0.034402
11.79	0.007304
11.791	-0.007306
11.792	-0.006475
11.793	0.012056
11.794	0.050724
11.795	0.107677
11.796	0.168952
11.797	0.208814
11.798	0.20585
11.799	0.161133
11.8	0.096497
11.801	0.035352
11.802	-0.008143
11.803	-0.025186
11.804	-0.009258
11.805	0.038202
11.806	0.09613
11.807	0.128899
11.808	0.119216
11.809	0.083891
11.81	0.048727
11.811	0.026281
11.812	0.019701
11.813	0.031555
11.814	0.064024
11.815	0.113282
11.816	0.165249
11.817	0.198721
11.818	0.197115
11.819	0.160561
11.82	0.104848
11.821	0.051139
11.822	0.019749
11.823	0.023741
11.824	0.062641
11.825	0.123848
11.826	0.181833
11.827	0.204361
11.828	0.180178
11.829	0.130164
11.83	0.08172
11.831	0.047861
11.832	0.032017
11.833	0.038605
11.834	0.073224
11.835	0.133576
11.836	0.200476
11.837	0.241421
11.838	0.236917
11.839	0.204635
11.84	0.181409
11.841	0.185025
11.842	0.204488
11.843	0.214138
11.844	0.189111
11.845	0.124796
11.846	0.052122
11.847	0.01909
11.848	0.044826
11.849	0.102766
11.85	0.154607
11.851	0.184582
11.852	0.19807
11.853	0.202755
11.854	0.196701
11.855	0.176365
11.856	0.153661
11.857	0.148382
11.858	0.164038
11.859	0.185848
11.86	0.199225
11.861	0.202915
11.862	0.201653
11.863	0.189171
11.864	0.15201
11.865	0.093025
11.866	0.041327
11.867	0.031004
11.868	0.066509
11.869	0.117254
11.87	0.150466
11.871	0.157962
11.872	0.15209
11.873	0.146657
11.874	0.142104
11.875	0.1315
11.876	0.118803
11.877	0.117172
11.878	0.131517
11.879	0.154199
11.88	0.175214
11.881	0.191377
11.882	0.202483
11.883	0.200491
11.884	0.171456
11.885	0.111516
11.886	0.041475
11.887	0.001171
11.888	0.023089
11.889	0.11937
11.89	0.286353
11.891	0.487659
11.892	0.633916
11.893	0.626378
11.894	0.452138
11.895	0.218844
11.896	0.065361
11.897	0.043213
11.898	0.101227
11.899	0.164509
11.9	0.199586
11.901	0.212022
11.902	0.210556
11.903	0.191549
11.904	0.152818
11.905	0.107586
11.906	0.080822
11.907	0.088811
11.908	0.120099
11.909	0.145083
11.91	0.144597
11.911	0.124137
11.912	0.105343
11.913	0.10428
11.914	0.115699
11.915	0.12226
11.916	0.116095
11.917	0.104877
11.918	0.100403
11.919	0.108032
11.92	0.125741
11.921	0.145548
11.922	0.155637
11.923	0.148778
11.924	0.128771
11.925	0.108967
11.926	0.106165
11.927	0.125688
11.928	0.152187
11.929	0.164721
11.93	0.156202
11.931	0.136973
11.932	0.124675
11.933	0.127193
11.934	0.135813
11.935	0.138568
11.936	0.135603
11.937	0.136645
11.938	0.147275
11.939	0.163651
11.94	0.177911
11.941	0.182976
11.942	0.176843
11.943	0.165715
11.944	0.157916
11.945	0.157949
11.946	0.167121
11.947	0.179918
11.948	0.184443
11.949	0.173917
11.95	0.152605
11.951	0.1324
11.952	0.124892
11.953	0.131238
11.954	0.141731
11.955	0.14721
11.956	0.148183
11.957	0.151971
11.958	0.161982
11.959	0.172785
11.96	0.175202
11.961	0.164178
11.962	0.145767
11.963	0.1344
11.964	0.139326
11.965	0.158582
11.966	0.182424
11.967	0.197395
11.968	0.194752
11.969	0.176629
11.97	0.1525
11.971	0.133434
11.972	0.125997
11.973	0.12809
11.974	0.134031
11.975	0.142591
11.976	0.157027
11.977	0.177186
11.978	0.194934
11.979	0.201071
11.98	0.191239
11.981	0.165996
11.982	0.136739
11.983	0.124103
11.984	0.140044
11.985	0.178744
11.986	0.221866
11.987	0.247068
11.988	0.241213
11.989	0.208291
11.99	0.163844
11.991	0.12573
11.992	0.106158
11.993	0.107526
11.994	0.125119
11.995	0.152935
11.996	0.186081
11.997	0.216343
11.998	0.232912
11.999	0.23204
12.0	0.215424
12.001	0.184541
12.002	0.148317
12.003	0.122558
12.004	0.117539
12.005	0.134612
12.006	0.163736
12.007	0.18424
12.008	0.18286
12.009	0.164887
12.01	0.143484
12.011	0.127781
12.012	0.121148
12.013	0.125052
12.014	0.140888
12.015	0.167662
12.016	0.197182
12.017	0.21085
12.018	0.194831
12.019	0.165535
12.02	0.167667
12.021	0.24254
12.022	0.387288
12.023	0.527948
12.024	0.557704
12.025	0.43743
12.026	0.243278
12.027	0.093788
12.028	0.045646
12.029	0.069096
12.03	0.103567
12.031	0.115905
12.032	0.111155
12.033	0.111279
12.034	0.133326
12.035	0.179641
12.036	0.235752
12.037	0.275323
12.038	0.278204
12.039	0.243125
12.04	0.180474
12.041	0.105045
12.042	0.034841
12.043	-0.013012
12.044	-0.024771
12.045	0.003503
12.046	0.053684
12.047	0.093166
12.048	0.102902
12.049	0.088776
12.05	0.066866
12.051	0.049269
12.052	0.045496
12.053	0.065653
12.054	0.114601
12.055	0.185045
12.056	0.253799
12.057	0.289295
12.058	0.275358
12.059	0.222811
12.06	0.153642
12.061	0.083324
12.062	0.019234
12.063	-0.028257
12.064	-0.038802
12.065	0.000757
12.066	0.070097
12.067	0.123931
12.068	0.133906
12.069	0.108612
12.07	0.072218
12.071	0.042421
12.072	0.032053
12.073	0.053204
12.074	0.110524
12.075	0.193612
12.076	0.273215
12.077	0.311571
12.078	0.289799
12.079	0.221997
12.08	0.141554
12.081	0.078271
12.082	0.040007
12.083	0.009545
12.084	-0.035061
12.085	-0.091188
12.086	-0.125586
12.087	-0.107376
12.088	-0.044224
12.089	0.026625
12.09	0.075226
12.091	0.097339
12.092	0.105659
12.093	0.108597
12.094	0.100889
12.095	0.081388
12.096	0.070254
12.097	0.091647
12.098	0.141802
12.099	0.186947
12.1	0.194788
12.101	0.159482
12.102	0.095034
12.103	0.018863
12.104	-0.05385
12.105	-0.108307
12.106	-0.127436
12.107	-0.101892
12.108	-0.045274
12.109	0.013626
12.11	0.053538
12.111	0.072129
12.112	0.080013
12.113	0.085144
12.114	0.086608
12.115	0.088017
12.116	0.107966
12.117	0.161821
12.118	0.2334
12.119	0.279543
12.12	0.267162
12.121	0.197928
12.122	0.099719
12.123	0.004335
12.124	-0.068659
12.125	-0.112947
12.126	-0.125678
12.127	-0.106354
12.128	-0.065202
12.129	-0.022885
12.13	0.001621
12.131	0.003717
12.132	-0.006698
12.133	-0.017973
12.134	-0.024187
12.135	-0.018482
12.136	0.011098
12.137	0.066457
12.138	0.123945
12.139	0.150055
12.14	0.129961
12.141	0.071782
12.142	-0.004926
12.143	-0.078785
12.144	-0.13568
12.145	-0.171364
12.146	-0.186625
12.147	-0.185803
12.148	-0.17679
12.149	-0.162946
12.15	-0.128554
12.151	-0.037689
12.152	0.13144
12.153	0.335057
12.154	0.4623
12.155	0.425818
12.156	0.264335
12.157	0.114556
12.158	0.069621
12.159	0.103468
12.16	0.130819
12.161	0.097993
12.162	0.013088
12.163	-0.082798
12.164	-0.15563
12.165	-0.192893
12.166	-0.197259
12.167	-0.177254
12.168	-0.142341
12.169	-0.105024
12.17	-0.080252
12.171	-0.076117
12.172	-0.087352
12.173	-0.09793
12.174	-0.088782
12.175	-0.044898
12.176	0.03652
12.177	0.133347
12.178	0.203507
12.179	0.215304
12.18	0.164216
12.181	0.065492
12.182	-0.053188
12.183	-0.160525
12.184	-0.2341
12.185	-0.264249
12.186	-0.253298
12.187	-0.213751
12.188	-0.16215
12.189	-0.115417
12.19	-0.088042
12.191	-0.084684
12.192	-0.095307
12.193	-0.098081
12.194	-0.069557
12.195	0.002626
12.196	0.108597
12.197	0.212556
12.198	0.271754
12.199	0.264322
12.2	0.192474
12.201	0.073011
12.202	-0.06455
12.203	-0.186262
12.204	-0.267387
12.205	-0.296564
12.206	-0.276751
12.207	-0.224923
12.208	-0.164651
12.209	-0.117503
12.21	-0.096793
12.211	-0.102137
12.212	-0.116959
12.213	-0.114093
12.214	-0.070349
12.215	0.019683
12.216	0.136825
12.217	0.242934
12.218	0.303729
12.219	0.304802
12.22	0.243866
12.221	0.126354
12.222	-0.025286
12.223	-0.173102
12.224	-0.278364
12.225	-0.31592
12.226	-0.285845
12.227	-0.214241
12.228	-0.138237
12.229	-0.087734
12.23	-0.07471
12.231	-0.090892
12.232	-0.110953
12.233	-0.10305
12.234	-0.045084
12.235	0.06406
12.236	0.200272
12.237	0.321246
12.238	0.389724
12.239	0.388753
12.24	0.31518
12.241	0.176169
12.242	-0.002571
12.243	-0.175549
12.244	-0.291226
12.245	-0.315042
12.246	-0.250716
12.247	-0.141409
12.248	-0.043717
12.249	0.003425
12.25	-0.008233
12.251	-0.057908
12.252	-0.104894
12.253	-0.107996
12.254	-0.045225
12.255	0.079547
12.256	0.236666
12.257	0.378581
12.258	0.46159
12.259	0.461151
12.26	0.370348
12.261	0.199003
12.262	-0.0202
12.263	-0.230633
12.264	-0.367477
12.265	-0.388656
12.266	-0.30477
12.267	-0.178907
12.268	-0.08124
12.269	-0.04306
12.27	-0.056753
12.271	-0.09619
12.272	-0.127313
12.273	-0.118063
12.274	-0.048019
12.275	0.085498
12.276	0.25704
12.277	0.415384
12.278	0.513744
12.279	0.535726
12.28	0.496218
12.281	0.432765
12.282	0.379763
12.283	0.322832
12.284	0.195003
12.285	-0.037214
12.286	-0.2859
12.287	-0.398911
12.288	-0.320389
12.289	-0.145224
12.29	-0.009291
12.291	0.029996
12.292	0.003048
12.293	-0.035105
12.294	-0.048058
12.295	-0.011893
12.296	0.097256
12.297	0.279902
12.298	0.482062
12.299	0.612015
12.3	0.595425
12.301	0.41724
12.302	0.127868
12.303	-0.18287
12.304	-0.427537
12.305	-0.550231
12.306	-0.533433
12.307	-0.401219
12.308	-0.219491
12.309	-0.069496
12.31	-0.002609
12.311	-0.01706
12.312	-0.073386
12.313	-0.125099
12.314	-0.135033
12.315	-0.072395
12.316	0.08565
12.317	0.325658
12.318	0.572872
12.319	0.719489
12.32	0.688432
12.321	0.473804
12.322	0.137864
12.323	-0.220021
12.324	-0.501499
12.325	-0.638621
12.326	-0.610168
12.327	-0.449215
12.328	-0.237119
12.329	-0.069585
12.33	-0.006686
12.331	-0.046655
12.332	-0.139882
12.333	-0.222028
12.334	-0.240077
12.335	-0.158525
12.336	0.038103
12.337	0.319907
12.338	0.593614
12.339	0.739608
12.34	0.677473
12.341	0.407147
12.342	0.007351
12.343	-0.403094
12.344	-0.713022
12.345	-0.850248
12.346	-0.797439
12.347	-0.598467
12.348	-0.348843
12.349	-0.1585
12.35	-0.097392
12.351	-0.163302
12.352	-0.293167
12.353	-0.400199
12.354	-0.41065
12.355	-0.282704
12.356	-0.015479
12.357	0.332476
12.358	0.643203
12.359	0.788557
12.36	0.691803
12.361	0.360025
12.362	-0.117788
12.363	-0.60452
12.364	-0.965917
12.365	-1.114512
12.366	-1.033406
12.367	-0.780252
12.368	-0.471933
12.369	-0.240619
12.37	-0.170883
12.371	-0.26059
12.372	-0.430482
12.373	-0.568501
12.374	-0.58121
12.375	-0.424795
12.376	-0.114318
12.377	0.272397
12.378	0.609502
12.379	0.768143
12.38	0.665781
12.381	0.299095
12.382	-0.245449
12.383	-0.814255
12.384	-1.240395
12.385	-1.406045
12.386	-1.285831
12.387	-0.956049
12.388	-0.569446
12.389	-0.293276
12.39	-0.229574
12.391	-0.369166
12.392	-0.606144
12.393	-0.795721
12.394	-0.819201
12.395	-0.622956
12.396	-0.232428
12.397	0.247883
12.398	0.662592
12.399	0.859068
12.4	0.738332
12.401	0.293169
12.402	-0.373217
12.403	-1.071358
12.404	-1.594652
12.405	-1.796848
12.406	-1.638161
12.407	-1.190404
12.408	-0.611387
12.409	-0.096399
12.41	0.183529
12.411	0.148177
12.412	-0.152306
12.413	-0.61538
12.414	-1.283623
12.415	-2.390421
12.416	-4.010058
12.417	-5.721932
12.418	-6.895887
12.419	-7.17608
12.42	-6.461534
12.421	-4.741404
12.422	-2.18517
12.423	0.766926
12.424	3.42237
12.425	4.987908
12.426	5.014057
12.427	3.829874
12.428	2.31859
12.429	1.16902
12.43	0.490438
12.431	0.071124
12.432	-0.245435
12.433	-0.447412
12.434	-0.439001
12.435	-0.152304
12.436	0.383342
12.437	1.027092
12.438	1.568937
12.439	1.80083
12.44	1.585099
12.441	0.913144
12.442	-0.062837
12.443	-1.064341
12.444	-1.793754
12.445	-2.058047
12.446	-1.844051
12.447	-1.315138
12.448	-0.728127
12.449	-0.311043
12.45	-0.16637
12.451	-0.243202
12.452	-0.407449
12.453	-0.606603
12.454	-1.028347
12.455	-2.040517
12.456	-3.787418
12.457	-5.804751
12.458	-7.237099
12.459	-7.477092
12.46	-6.463899
12.461	-4.48099
12.462	-1.891481
12.463	0.90587
12.464	3.361337
12.465	4.795653
12.466	4.799978
12.467	3.68384
12.468	2.284888
12.469	1.24591
12.47	0.644879
12.471	0.260534
12.472	-0.052217
12.473	-0.252644
12.474	-0.208795
12.475	0.169074
12.476	0.842522
12.477	1.631868
12.478	2.271785
12.479	2.506633
12.48	2.186134
12.481	1.330382
12.482	0.143396
12.483	-1.043418
12.484	-1.891989
12.485	-2.194924
12.486	-1.960381
12.487	-1.387388
12.488	-0.750766
12.489	-0.281893
12.49	-0.090523
12.491	-0.135528
12.492	-0.281715
12.493	-0.459364
12.494	-0.836441
12.495	-1.782543
12.496	-3.471521
12.497	-5.466563
12.498	-6.899277
12.499	-7.126317
12.5	-6.090983
12.501	-4.124596
12.502	-1.614885
12.503	1.069515
12.504	3.427138
12.505	4.802378
12.506	4.781512
12.507	3.661829
12.508	2.274291
12.509	1.259031
12.51	0.689228
12.511	0.334396
12.512	0.045032
12.513	-0.126989
12.514	-0.029795
12.515	0.435585
12.516	1.21538
12.517	2.091672
12.518	2.760928
12.519	2.956797
12.52	2.548012
12.521	1.585761
12.522	0.299798
12.523	-0.968702
12.524	-1.883773
12.525	-2.238151
12.526	-2.034744
12.527	-1.468697
12.528	-0.815312
12.529	-0.310656
12.53	-0.073621
12.531	-0.073168
12.532	-0.178092
12.533	-0.316471
12.534	-0.65929
12.535	-1.589772
12.536	-3.290856
12.537	-5.307386
12.538	-6.719238
12.539	-6.83322
12.54	-5.612201
12.541	-3.499357
12.542	-1.007418
12.543	1.471721
12.544	3.543085
12.545	4.696222
12.546	4.588162
12.547	3.48835
12.548	2.162909
12.549	1.209122
12.55	0.687866
12.551	0.372303
12.552	0.124071
12.553	0.005997
12.554	0.169748
12.555	0.697383
12.556	1.508459
12.557	2.372772
12.558	3.005968
12.559	3.172527
12.56	2.756213
12.561	1.80261
12.562	0.517807
12.563	-0.78871
12.564	-1.799654
12.565	-2.293916
12.566	-2.21736
12.567	-1.69729
12.568	-0.996259
12.569	-0.396321
12.57	-0.059715
12.571	0.032604
12.572	0.008088
12.573	-0.081616
12.574	-0.436678
12.575	-1.438993
12.576	-3.220375
12.577	-5.274669
12.578	-6.694698
12.579	-6.850365
12.58	-5.734274
12.581	-3.722204
12.582	-1.211581
12.583	1.426146
12.584	3.663273
12.585	4.837724
12.586	4.605746
12.587	3.369485
12.588	1.999981
12.589	1.094419
12.59	0.667754
12.591	0.463526
12.592	0.325917
12.593	0.286628
12.594	0.457489
12.595	0.908723
12.596	1.6001
12.597	2.364556
12.598	2.950977
12.599	3.118153
12.6	2.7339
12.601	1.83107
12.602	0.604541
12.603	-0.64543
12.604	-1.612671
12.605	-2.090473
12.606	-2.03686
12.607	-1.58355
12.608	-0.97695
12.609	-0.457701
12.61	-0.146048
12.611	-0.007872
12.612	0.065543
12.613	0.082723
12.614	-0.202901
12.615	-1.202592
12.616	-3.051483
12.617	-5.219318
12.618	-6.753766
12.619	-6.976027
12.62	-5.847236
12.621	-3.743743
12.622	-1.100602
12.623	1.651495
12.624	3.938134
12.625	5.084665
12.626	4.76298
12.627	3.406178
12.628	1.923387
12.629	0.948981
12.63	0.525756
12.631	0.404778
12.632	0.407145
12.633	0.515431
12.634	0.785678
12.635	1.245344
12.636	1.84161
12.637	2.437928
12.638	2.84979
12.639	2.906675
12.64	2.514971
12.641	1.70224
12.642	0.628597
12.643	-0.456455
12.644	-1.302969
12.645	-1.746784
12.646	-1.759956
12.647	-1.450002
12.648	-1.002676
12.649	-0.597692
12.65	-0.337986
12.651	-0.21878
12.652	-0.149643
12.653	-0.014025
12.654	0.271682
12.655	0.725067
12.656	1.288182
12.657	1.834881
12.658	2.20496
12.659	2.260901
12.66	1.936445
12.661	1.265319
12.662	0.387625
12.663	-0.491087
12.664	-1.177871
12.665	-1.555566
12.666	-1.608765
12.667	-1.409312
12.668	-1.065699
12.669	-0.672028
12.67	-0.288968
12.671	0.04037
12.672	0.271558
12.673	0.388879
12.674	0.464371
12.675	0.63968
12.676	0.998375
12.677	1.459524
12.678	1.822298
12.679	1.904415
12.68	1.631811
12.681	1.050036
12.682	0.297151
12.683	-0.450692
12.684	-1.037152
12.685	-1.361973
12.686	-1.405483
12.687	-1.231734
12.688	-0.953662
12.689	-0.683455
12.69	-0.490542
12.691	-0.377078
12.692	-0.285622
12.693	-0.13748
12.694	0.122577
12.695	0.499885
12.696	0.942031
12.697	1.346242
12.698	1.594567
12.699	1.600399
12.7	1.335057
12.701	0.8376
12.702	0.209162
12.703	-0.416188
12.704	-0.909003
12.705	-1.180986
12.706	-1.216945
12.707	-1.074368
12.708	-0.846238
12.709	-0.621128
12.71	-0.453778
12.711	-0.345813
12.712	-0.249547
12.713	-0.099203
12.714	0.149798
12.715	0.496314
12.716	0.884997
12.717	1.219287
12.718	1.403069
12.719	1.378117
12.72	1.133983
12.721	0.707492
12.722	0.177293
12.723	-0.351292
12.724	-0.769194
12.725	-0.999583
12.726	-1.031954
12.727	-0.917994
12.728	-0.734892
12.729	-0.552245
12.73	-0.411236
12.731	-0.311399
12.732	-0.212669
12.733	-0.060817
12.734	0.177781
12.735	0.495113
12.736	0.83606
12.737	1.113622
12.738	1.248111
12.739	1.198689
12.74	0.968283
12.741	0.595645
12.742	0.146025
12.743	-0.295163
12.744	-0.636161
12.745	-0.815034
12.746	-0.83238
12.747	-0.738412
12.748	-0.590575
12.749	-0.4309
12.75	-0.286694
12.751	-0.167323
12.752	-0.059359
12.753	0.05908
12.754	0.200205
12.755	0.372029
12.756	0.581605
12.757	0.808928
12.758	0.990216
12.759	1.046336
12.76	0.932152
12.761	0.661805
12.762	0.294578
12.763	-0.091139
12.764	-0.413893
12.765	-0.606404
12.766	-0.645108
12.767	-0.572221
12.768	-0.466446
12.769	-0.380652
12.77	-0.320484
12.771	-0.263294
12.772	-0.175725
12.773	-0.029526
12.774	0.183878
12.775	0.445246
12.776	0.703493
12.777	0.891393
12.778	0.962584
12.779	0.911171
12.78	0.755878
12.781	0.516741
12.782	0.21499
12.783	-0.110549
12.784	-0.403259
12.785	-0.6064
12.786	-0.680793
12.787	-0.626698
12.788	-0.49243
12.789	-0.342163
12.79	-0.213841
12.791	-0.108682
12.792	-0.009662
12.793	0.093034
12.794	0.194496
12.795	0.292841
12.796	0.400278
12.797	0.523486
12.798	0.646122
12.799	0.744628
12.8	0.805769
12.801	0.807609
12.802	0.695079
12.803	0.416249
12.804	0.006837
12.805	-0.386811
12.806	-0.606865
12.807	-0.608683
12.808	-0.473601
12.809	-0.313786
12.81	-0.187784
12.811	-0.093465
12.812	-0.00772
12.813	0.080473
12.814	0.168906
12.815	0.26239
12.816	0.377461
12.817	0.513055
12.818	0.626412
12.819	0.655943
12.82	0.566219
12.821	0.369977
12.822	0.119457
12.823	-0.122821
12.824	-0.313782
12.825	-0.435439
12.826	-0.483314
12.827	-0.462882
12.828	-0.394034
12.829	-0.305561
12.83	-0.217975
12.831	-0.134082
12.832	-0.04809
12.833	0.041216
12.834	0.131082
12.835	0.227237
12.836	0.342644
12.837	0.469741
12.838	0.565742
12.839	0.580559
12.84	0.492274
12.841	0.319386
12.842	0.111003
12.843	-0.081951
12.844	-0.230665
12.845	-0.325083
12.846	-0.362101
12.847	-0.345439
12.848	-0.290222
12.849	-0.219201
12.85	-0.14928
12.851	-0.083277
12.852	-0.015602
12.853	0.058444
12.854	0.140335
12.855	0.233947
12.856	0.342242
12.857	0.447851
12.858	0.513147
12.859	0.508206
12.86	0.426125
12.861	0.281849
12.862	0.109141
12.863	-0.054804
12.864	-0.185911
12.865	-0.271697
12.866	-0.306092
12.867	-0.292462
12.868	-0.245988
12.869	-0.187685
12.87	-0.131598
12.871	-0.077575
12.872	-0.016904
12.873	0.056891
12.874	0.143018
12.875	0.238128
12.876	0.335746
12.877	0.416215
12.878	0.453399
12.879	0.43328
12.88	0.357162
12.881	0.238329
12.882	0.099746
12.883	-0.035217
12.884	-0.148488
12.885	-0.224998
12.886	-0.254768
12.887	-0.239659
12.888	-0.196022
12.889	-0.145886
12.89	-0.100891
12.891	-0.055806
12.892	0.003657
12.893	0.08614
12.894	0.185887
12.895	0.288984
12.896	0.37733
12.897	0.427206
12.898	0.423714
12.899	0.372335
12.9	0.286754
12.901	0.179259
12.902	0.063988
12.903	-0.044581
12.904	-0.135822
12.905	-0.200172
12.906	-0.227153
12.907	-0.214651
12.908	-0.178972
12.909	-0.144094
12.91	-0.118787
12.911	-0.091377
12.912	-0.044289
12.913	0.029708
12.914	0.12264
12.915	0.218335
12.916	0.296398
12.917	0.336409
12.918	0.332537
12.919	0.295531
12.92	0.236977
12.921	0.16198
12.922	0.072365
12.923	-0.027817
12.924	-0.126646
12.925	-0.206402
12.926	-0.250101
12.927	-0.242198
12.928	-0.164878
12.929	-0.004375
12.93	0.218179
12.931	0.418657
12.932	0.487832
12.933	0.392215
12.934	0.22594
12.935	0.128294
12.936	0.149663
12.937	0.225844
12.938	0.272393
12.939	0.260663
12.94	0.206861
12.941	0.131409
12.942	0.044926
12.943	-0.040332
12.944	-0.103172
12.945	-0.125235
12.946	-0.10792
12.947	-0.075017
12.948	-0.054559
12.949	-0.0574
12.95	-0.073814
12.951	-0.081979
12.952	-0.059774
12.953	-0.000846
12.954	0.079416
12.955	0.156451
12.956	0.210261
12.957	0.230921
12.958	0.220053
12.959	0.186859
12.96	0.140797
12.961	0.086116
12.962	0.02452
12.963	-0.033378
12.964	-0.066559
12.965	-0.062551
12.966	-0.035473
12.967	-0.015597
12.968	-0.019549
12.969	-0.040539
12.97	-0.062503
12.971	-0.06905
12.972	-0.046938
12.973	0.005203
12.974	0.075249
12.975	0.146371
12.976	0.201345
12.977	0.224417
12.978	0.209596
12.979	0.165329
12.98	0.107047
12.981	0.047588
12.982	-0.002023
12.983	-0.028632
12.984	-0.023152
12.985	0.007159
12.986	0.035102
12.987	0.033496
12.988	0.001948
12.989	-0.038156
12.99	-0.067691
12.991	-0.076088
12.992	-0.057048
12.993	-0.010454
12.994	0.055702
12.995	0.127498
12.996	0.186022
12.997	0.210797
12.998	0.19186
12.999	0.139168
13.0	0.075045
13.001	0.01916
13.002	-0.015506
13.003	-0.020228
13.004	0.006087
13.005	0.048303
13.006	0.07429
13.007	0.059818
13.008	0.014403
13.009	-0.033938
13.01	-0.067912
13.011	-0.082069
13.012	-0.071685
13.013	-0.032789
13.014	0.031791
13.015	0.109799
13.016	0.17851
13.017	0.208781
13.018	0.185234
13.019	0.123618
13.02	0.056798
13.021	0.009429
13.022	-0.007412
13.023	0.008603
13.024	0.050543
13.025	0.097493
13.026	0.115919
13.027	0.084151
13.028	0.017383
13.029	-0.048834
13.03	-0.091688
13.031	-0.107112
13.032	-0.099397
13.033	-0.077963
13.034	-0.056909
13.035	-0.041169
13.036	-0.016387
13.037	0.027532
13.038	0.073973
13.039	0.098964
13.04	0.098048
13.041	0.085456
13.042	0.073866
13.043	0.056312
13.044	0.013089
13.045	-0.057465
13.046	-0.12154
13.047	-0.137474
13.048	-0.100132
13.049	-0.042311
13.05	0.003279
13.051	0.027103
13.052	0.03433
13.053	0.025996
13.054	-0.004598
13.055	-0.049444
13.056	-0.071642
13.057	-0.027649
13.058	0.103947
13.059	0.302611
13.06	0.488901
13.061	0.550269
13.062	0.429506
13.063	0.189547
13.064	-0.037254
13.065	-0.160932
13.066	-0.17635
13.067	-0.124514
13.068	-0.053261
13.069	0.000638
13.07	0.023586
13.071	0.024487
13.072	0.02059
13.073	0.020739
13.074	0.021447
13.075	0.022037
13.076	0.028646
13.077	0.037446
13.078	0.035284
13.079	0.018473
13.08	-0.003056
13.081	-0.016424
13.082	-0.017757
13.083	-0.018654
13.084	-0.037662
13.085	-0.076708
13.086	-0.10891
13.087	-0.105217
13.088	-0.070016
13.089	-0.033293
13.09	-0.015337
13.091	-0.011705
13.092	-0.005881
13.093	0.00915
13.094	0.025011
13.095	0.034436
13.096	0.03995
13.097	0.042947
13.098	0.040438
13.099	0.03238
13.1	0.021669
13.101	0.009777
13.102	-0.004338
13.103	-0.023705
13.104	-0.050119
13.105	-0.075362
13.106	-0.080193
13.107	-0.055753
13.108	-0.019428
13.109	0.00404
13.11	0.007943
13.111	0.005439
13.112	0.013893
13.113	0.036245
13.114	0.059308
13.115	0.072353
13.116	0.075796
13.117	0.072038
13.118	0.06217
13.119	0.04845
13.12	0.033178
13.121	0.018748
13.122	0.007607
13.123	-0.000361
13.124	-0.007477
13.125	-0.011535
13.126	-0.004413
13.127	0.01447
13.128	0.031515
13.129	0.033834
13.13	0.023486
13.131	0.015115
13.132	0.022175
13.133	0.043051
13.134	0.063483
13.135	0.074318
13.136	0.078499
13.137	0.080478
13.138	0.078337
13.139	0.066177
13.14	0.041812
13.141	0.013491
13.142	-0.003742
13.143	-0.001727
13.144	0.013823
13.145	0.032745
13.146	0.049329
13.147	0.059171
13.148	0.057458
13.149	0.044169
13.15	0.028106
13.151	0.024349
13.152	0.043182
13.153	0.079247
13.154	0.115846
13.155	0.140145
13.156	0.148301
13.157	0.138847
13.158	0.110922
13.159	0.068964
13.16	0.024036
13.161	-0.010836
13.162	-0.027264
13.163	-0.024361
13.164	-0.005064
13.165	0.025858
13.166	0.05642
13.167	0.070411
13.168	0.060952
13.169	0.033944
13.17	0.002573
13.171	-0.01705
13.172	-0.013714
13.173	0.010491
13.174	0.042502
13.175	0.07144
13.176	0.09443
13.177	0.107161
13.178	0.10145
13.179	0.076718
13.18	0.04367
13.181	0.016597
13.182	0.005527
13.183	0.010572
13.184	0.022476
13.185	0.028544
13.186	0.019343
13.187	0.003874
13.188	0.020776
13.189	0.113854
13.19	0.280454
13.191	0.441695
13.192	0.483924
13.193	0.362412
13.194	0.160663
13.195	0.01893
13.196	0.00406
13.197	0.067539
13.198	0.121725
13.199	0.124274
13.2	0.087305
13.201	0.041434
13.202	0.008756
13.203	-0.002108
13.204	0.010143
13.205	0.038949
13.206	0.06482
13.207	0.067186
13.208	0.042323
13.209	0.001349
13.21	-0.040489
13.211	-0.067095
13.212	-0.064461
13.213	-0.029283
13.214	0.025917
13.215	0.08137
13.216	0.119763
13.217	0.128457
13.218	0.106265
13.219	0.067965
13.22	0.036246
13.221	0.030683
13.222	0.051655
13.223	0.065112
13.224	0.027288
13.225	-0.057047
13.226	-0.123541
13.227	-0.115773
13.228	-0.04605
13.229	0.029253
13.23	0.07333
13.231	0.0882
13.232	0.08985
13.233	0.080968
13.234	0.051113
13.235	0.008169
13.236	-0.011153
13.237	0.017989
13.238	0.079073
13.239	0.137002
13.24	0.171994
13.241	0.184446
13.242	0.17446
13.243	0.128929
13.244	0.039237
13.245	-0.068731
13.246	-0.135399
13.247	-0.119194
13.248	-0.042829
13.249	0.034134
13.25	0.076034
13.251	0.088054
13.252	0.090488
13.253	0.089095
13.254	0.073149
13.255	0.045222
13.256	0.031431
13.257	0.045488
13.258	0.066663
13.259	0.068637
13.26	0.048804
13.261	0.01969
13.262	-0.007542
13.263	-0.020563
13.264	-0.004265
13.265	0.041967
13.266	0.091294
13.267	0.109168
13.268	0.085181
13.269	0.035688
13.27	-0.016272
13.271	-0.049983
13.272	-0.047082
13.273	-0.000193
13.274	0.080383
13.275	0.170328
13.276	0.235665
13.277	0.24724
13.278	0.204866
13.279	0.136504
13.28	0.070755
13.281	0.02043
13.282	-0.008451
13.283	-0.00595
13.284	0.034047
13.285	0.099009
13.286	0.154544
13.287	0.163457
13.288	0.117829
13.289	0.047267
13.29	-0.005319
13.291	-0.011539
13.292	0.023632
13.293	0.063847
13.294	0.076602
13.295	0.068306
13.296	0.071255
13.297	0.095577
13.298	0.113991
13.299	0.097716
13.3	0.045127
13.301	-0.023806
13.302	-0.078436
13.303	-0.088105
13.304	-0.041045
13.305	0.041967
13.306	0.112643
13.307	0.127367
13.308	0.083722
13.309	0.014512
13.31	-0.046102
13.311	-0.077207
13.312	-0.069142
13.313	-0.022199
13.314	0.054493
13.315	0.138901
13.316	0.192804
13.317	0.188689
13.318	0.152307
13.319	0.155793
13.32	0.250794
13.321	0.404819
13.322	0.503767
13.323	0.438724
13.324	0.215816
13.325	-0.031382
13.326	-0.16115
13.327	-0.143596
13.328	-0.053183
13.329	0.025794
13.33	0.062583
13.331	0.071013
13.332	0.06984
13.333	0.061331
13.334	0.04163
13.335	0.023478
13.336	0.034312
13.337	0.082624
13.338	0.140919
13.339	0.169103
13.34	0.145053
13.341	0.079444
13.342	0.006684
13.343	-0.047128
13.344	-0.08246
13.345	-0.107403
13.346	-0.116558
13.347	-0.100745
13.348	-0.066259
13.349	-0.031107
13.35	-0.00654
13.351	0.008376
13.352	0.017169
13.353	0.018911
13.354	0.013879
13.355	0.017016
13.356	0.051904
13.357	0.118043
13.358	0.180737
13.359	0.201774
13.36	0.167972
13.361	0.0967
13.362	0.019781
13.363	-0.044731
13.364	-0.098574
13.365	-0.140414
13.366	-0.154636
13.367	-0.13066
13.368	-0.082014
13.369	-0.035955
13.37	-0.008971
13.371	0.000664
13.372	0.003264
13.373	0.007759
13.374	0.020239
13.375	0.05129
13.376	0.110652
13.377	0.184574
13.378	0.236147
13.379	0.234705
13.38	0.177605
13.381	0.090246
13.382	0.0052
13.383	-0.06267
13.384	-0.114934
13.385	-0.149488
13.386	-0.154885
13.387	-0.125466
13.388	-0.07479
13.389	-0.028247
13.39	-0.003672
13.391	-0.000963
13.392	-0.004941
13.393	0.002235
13.394	0.030161
13.395	0.08304
13.396	0.157381
13.397	0.229188
13.398	0.2637
13.399	0.242782
13.4	0.176126
13.401	0.090339
13.402	0.007211
13.403	-0.067256
13.404	-0.131224
13.405	-0.173482
13.406	-0.17764
13.407	-0.139473
13.408	-0.078382
13.409	-0.026082
13.41	-0.00254
13.411	-0.00241
13.412	0.000421
13.413	0.031972
13.414	0.099389
13.415	0.193815
13.416	0.295835
13.417	0.373187
13.418	0.393623
13.419	0.346907
13.42	0.249876
13.421	0.131375
13.422	0.013658
13.423	-0.090276
13.424	-0.167446
13.425	-0.203125
13.426	-0.189463
13.427	-0.135618
13.428	-0.06865
13.429	-0.01959
13.43	-0.005546
13.431	-0.019349
13.432	-0.032838
13.433	-0.017334
13.434	0.037668
13.435	0.125668
13.436	0.227348
13.437	0.310943
13.438	0.345014
13.439	0.316261
13.44	0.234284
13.441	0.121744
13.442	0.001375
13.443	-0.107371
13.444	-0.186759
13.445	-0.223952
13.446	-0.217908
13.447	-0.184358
13.448	-0.144366
13.449	-0.098429
13.45	-0.018011
13.451	0.127854
13.452	0.323348
13.453	0.481254
13.454	0.505469
13.455	0.40022
13.456	0.278016
13.457	0.237581
13.458	0.269574
13.459	0.293808
13.46	0.250647
13.461	0.138076
13.462	-0.009275
13.463	-0.147661
13.464	-0.239656
13.465	-0.264814
13.466	-0.227895
13.467	-0.15731
13.468	-0.089291
13.469	-0.051759
13.47	-0.05606
13.471	-0.090167
13.472	-0.121572
13.473	-0.115927
13.474	-0.054239
13.475	0.061022
13.476	0.203722
13.477	0.328809
13.478	0.391074
13.479	0.366282
13.48	0.25789
13.481	0.091086
13.482	-0.092804
13.483	-0.244228
13.484	-0.323309
13.485	-0.318809
13.486	-0.254518
13.487	-0.172185
13.488	-0.105085
13.489	-0.071915
13.49	-0.079605
13.491	-0.115059
13.492	-0.144588
13.493	-0.131669
13.494	-0.05526
13.495	0.080806
13.496	0.244209
13.497	0.382767
13.498	0.44891
13.499	0.420257
13.5	0.300258
13.501	0.113268
13.502	-0.093733
13.503	-0.261607
13.504	-0.346867
13.505	-0.341544
13.506	-0.272564
13.507	-0.182375
13.508	-0.106026
13.509	-0.065828
13.51	-0.071604
13.511	-0.111785
13.512	-0.151596
13.513	-0.14795
13.514	-0.069855
13.515	0.085645
13.516	0.284885
13.517	0.464576
13.518	0.559479
13.519	0.53057
13.52	0.37588
13.521	0.133912
13.522	-0.122134
13.523	-0.315304
13.524	-0.401904
13.525	-0.384427
13.526	-0.300597
13.527	-0.197625
13.528	-0.11084
13.529	-0.063798
13.53	-0.069906
13.531	-0.120672
13.532	-0.178188
13.533	-0.185978
13.534	-0.096631
13.535	0.097
13.536	0.345976
13.537	0.562359
13.538	0.666057
13.539	0.620593
13.54	0.435424
13.541	0.160555
13.542	-0.122773
13.543	-0.334195
13.544	-0.428478
13.545	-0.406563
13.546	-0.308289
13.547	-0.188514
13.548	-0.09137
13.549	-0.04565
13.55	-0.065381
13.551	-0.138026
13.552	-0.215606
13.553	-0.227947
13.554	-0.118484
13.555	0.117056
13.556	0.413267
13.557	0.661826
13.558	0.772203
13.559	0.708999
13.56	0.488395
13.561	0.168242
13.562	-0.165213
13.563	-0.425579
13.564	-0.553499
13.565	-0.534595
13.566	-0.405935
13.567	-0.234327
13.568	-0.08354
13.569	-0.002001
13.57	-0.015823
13.571	-0.110139
13.572	-0.220035
13.573	-0.255984
13.574	-0.154088
13.575	0.084696
13.576	0.393096
13.577	0.682654
13.578	0.896624
13.579	1.005482
13.58	0.962741
13.581	0.706329
13.582	0.236306
13.583	-0.308928
13.584	-0.6994
13.585	-0.781215
13.586	-0.58964
13.587	-0.285027
13.588	-0.017711
13.589	0.129272
13.59	0.131079
13.591	0.015676
13.592	-0.13927
13.593	-0.235896
13.594	-0.19758
13.595	0.005956
13.596	0.342042
13.597	0.708045
13.598	0.963082
13.599	0.992576
13.6	0.765189
13.601	0.345914
13.602	-0.142916
13.603	-0.576615
13.604	-0.858777
13.605	-0.927826
13.606	-0.770481
13.607	-0.452274
13.608	-0.113586
13.609	0.101194
13.61	0.122
13.611	-0.019804
13.612	-0.215999
13.613	-0.33815
13.614	-0.291982
13.615	-0.044439
13.616	0.362757
13.617	0.809422
13.618	1.130269
13.619	1.186106
13.62	0.931539
13.621	0.434659
13.622	-0.159391
13.623	-0.686445
13.624	-1.009578
13.625	-1.050213
13.626	-0.815048
13.627	-0.411565
13.628	-0.015535
13.629	0.212395
13.63	0.202678
13.631	0.001288
13.632	-0.25924
13.633	-0.423777
13.634	-0.376642
13.635	-0.078068
13.636	0.415608
13.637	0.952285
13.638	1.331092
13.639	1.389231
13.64	1.077979
13.641	0.480716
13.642	-0.226902
13.643	-0.840668
13.644	-1.190583
13.645	-1.192446
13.646	-0.880406
13.647	-0.401964
13.648	0.043052
13.649	0.297194
13.65	0.318568
13.651	0.181675
13.652	-0.024059
13.653	-0.362857
13.654	-1.131718
13.655	-2.630157
13.656	-4.695152
13.657	-6.59043
13.658	-7.527139
13.659	-7.163176
13.66	-5.591141
13.661	-3.116162
13.662	-0.140967
13.663	2.801085
13.664	4.997854
13.665	5.793138
13.666	5.11435
13.667	3.658049
13.668	2.308995
13.669	1.456334
13.67	0.968503
13.671	0.605161
13.672	0.293725
13.673	0.124747
13.674	0.223925
13.675	0.642106
13.676	1.301038
13.677	1.993537
13.678	2.450111
13.679	2.454382
13.68	1.94092
13.681	1.025094
13.682	-0.039938
13.683	-0.957081
13.684	-1.488827
13.685	-1.53404
13.686	-1.159013
13.687	-0.566226
13.688	-0.006829
13.689	0.325245
13.69	0.374087
13.691	0.227868
13.692	0.011826
13.693	-0.29906
13.694	-0.990056
13.695	-2.397955
13.696	-4.423271
13.697	-6.340791
13.698	-7.281668
13.699	-6.853601
13.7	-5.235546
13.701	-2.842123
13.702	-0.0703
13.703	2.641185
13.704	4.67063
13.705	5.396605
13.706	4.730206
13.707	3.332145
13.708	2.06174
13.709	1.311041
13.71	0.970177
13.711	0.799256
13.712	0.670182
13.713	0.585232
13.714	0.6352
13.715	0.94543
13.716	1.554326
13.717	2.293845
13.718	2.832696
13.719	2.868134
13.72	2.291958
13.721	1.229957
13.722	-0.024006
13.723	-1.122906
13.724	-1.784818
13.725	-1.88555
13.726	-1.496188
13.727	-0.843128
13.728	-0.208927
13.729	0.18447
13.73	0.267585
13.731	0.134762
13.732	-0.067193
13.733	-0.341652
13.734	-0.968479
13.735	-2.295043
13.736	-4.236269
13.737	-6.079696
13.738	-6.969991
13.739	-6.533202
13.74	-4.967771
13.741	-2.688582
13.742	-0.060998
13.743	2.518537
13.744	4.45457
13.745	5.13784
13.746	4.486862
13.747	3.153842
13.748	1.960192
13.749	1.238279
13.75	0.828016
13.751	0.497668
13.752	0.21653
13.753	0.127245
13.754	0.383528
13.755	1.015695
13.756	1.880592
13.757	2.704825
13.758	3.193402
13.759	3.134373
13.76	2.466717
13.761	1.313753
13.762	-0.039591
13.763	-1.236727
13.764	-1.973814
13.765	-2.108705
13.766	-1.709909
13.767	-1.020194
13.768	-0.34536
13.769	0.082724
13.77	0.20112
13.771	0.113717
13.772	-0.032233
13.773	-0.250976
13.774	-0.834565
13.775	-2.131799
13.776	-4.050133
13.777	-5.87325
13.778	-6.75219
13.779	-6.324395
13.78	-4.792742
13.781	-2.562799
13.782	0.012297
13.783	2.53721
13.784	4.414264
13.785	5.042579
13.786	4.352974
13.787	3.001638
13.788	1.807037
13.789	1.098861
13.79	0.718835
13.791	0.439124
13.792	0.226132
13.793	0.208991
13.794	0.523276
13.795	1.184077
13.796	2.043461
13.797	2.836596
13.798	3.282963
13.799	3.184711
13.8	2.491105
13.801	1.325328
13.802	-0.035619
13.803	-1.238607
13.804	-1.976082
13.805	-2.105909
13.806	-1.708594
13.807	-1.038937
13.808	-0.395884
13.809	0.009703
13.81	0.131603
13.811	0.078129
13.812	-0.013038
13.813	-0.177299
13.814	-0.728279
13.815	-2.025473
13.816	-3.973196
13.817	-5.841216
13.818	-6.761509
13.819	-6.353775
13.82	-4.810858
13.821	-2.544751
13.822	0.065909
13.823	2.599444
13.824	4.452116
13.825	5.032733
13.826	4.28302
13.827	2.871122
13.828	1.633381
13.829	0.921075
13.83	0.592821
13.831	0.416987
13.832	0.319821
13.833	0.364537
13.834	0.641024
13.835	1.184271
13.836	1.920887
13.837	2.645027
13.838	3.07386
13.839	2.983081
13.84	2.32885
13.841	1.275344
13.842	0.122859
13.843	-0.82742
13.844	-1.399343
13.845	-1.577553
13.846	-1.446539
13.847	-1.114318
13.848	-0.697211
13.849	-0.326295
13.85	-0.089702
13.851	0.033327
13.852	0.108346
13.853	0.056148
13.854	-0.45927
13.855	-1.802343
13.856	-3.860861
13.857	-5.863893
13.858	-6.890207
13.859	-6.51686
13.86	-4.92539
13.861	-2.554494
13.862	0.169701
13.863	2.785078
13.864	4.66382
13.865	5.20311
13.866	4.351666
13.867	2.810701
13.868	1.466569
13.869	0.71654
13.87	0.439232
13.871	0.383874
13.872	0.426754
13.873	0.575869
13.874	0.882347
13.875	1.370328
13.876	1.989259
13.877	2.585201
13.878	2.937859
13.879	2.864231
13.88	2.309065
13.881	1.368177
13.882	0.250541
13.883	-0.791904
13.884	-1.536571
13.885	-1.851073
13.886	-1.73478
13.887	-1.320404
13.888	-0.816803
13.889	-0.409502
13.89	-0.178256
13.891	-0.082957
13.892	-0.012733
13.893	0.144838
13.894	0.457338
13.895	0.933356
13.896	1.509684
13.897	2.042408
13.898	2.34736
13.899	2.281421
13.9	1.80883
13.901	1.017105
13.902	0.080745
13.903	-0.796526
13.904	-1.432553
13.905	-1.712374
13.906	-1.627434
13.907	-1.283479
13.908	-0.854277
13.909	-0.495797
13.91	-0.276347
13.911	-0.165495
13.912	-0.073759
13.913	0.089722
13.914	0.376937
13.915	0.790363
13.916	1.274944
13.917	1.711856
13.918	1.951627
13.919	1.880876
13.92	1.476247
13.921	0.814144
13.922	0.037732
13.923	-0.690781
13.924	-1.229423
13.925	-1.485682
13.926	-1.44224
13.927	-1.172595
13.928	-0.815912
13.929	-0.504896
13.93	-0.300533
13.931	-0.180122
13.932	-0.070967
13.933	0.100695
13.934	0.37609
13.935	0.752759
13.936	1.176989
13.937	1.545767
13.938	1.738663
13.939	1.665727
13.94	1.305352
13.941	0.716522
13.942	0.0215
13.943	-0.630497
13.944	-1.106698
13.945	-1.327554
13.946	-1.287379
13.947	-1.057755
13.948	-0.758154
13.949	-0.495275
13.95	-0.316074
13.951	-0.202317
13.952	-0.096695
13.953	0.059058
13.954	0.297479
13.955	0.615104
13.956	0.964805
13.957	1.259618
13.958	1.403697
13.959	1.332335
13.96	1.035101
13.961	0.559249
13.962	-0.000199
13.963	-0.526229
13.964	-0.915981
13.965	-1.105964
13.966	-1.087367
13.967	-0.917312
13.968	-0.696568
13.969	-0.510119
13.97	-0.378125
13.971	-0.250054
13.972	-0.04391
13.973	0.286
13.974	0.694401
13.975	1.055758
13.976	1.253525
13.977	1.271864
13.978	1.1808
13.979	1.029834
13.98	0.79366
13.981	0.435285
13.982	-0.012278
13.983	-0.449183
13.984	-0.773585
13.985	-0.929699
13.986	-0.919098
13.987	-0.790632
13.988	-0.613143
13.989	-0.444226
13.99	-0.310899
13.991	-0.206448
13.992	-0.103884
13.993	0.024962
13.994	0.198456
13.995	0.41821
13.996	0.659024
13.997	0.86677
13.998	0.974222
13.999	0.926058
14.0	0.703963
14.001	0.345595
14.002	-0.062881
14.003	-0.428253
14.004	-0.687449
14.005	-0.81218
14.006	-0.805551
14.007	-0.702012
14.008	-0.553677
14.009	-0.406965
14.01	-0.284807
14.011	-0.183453
14.012	-0.083923
14.013	0.034769
14.014	0.188444
14.015	0.380697
14.016	0.590814
14.017	0.769119
14.018	0.855041
14.019	0.80448
14.02	0.608395
14.021	0.30329
14.022	-0.038285
14.023	-0.341619
14.024	-0.555957
14.025	-0.659607
14.026	-0.660296
14.027	-0.588586
14.028	-0.481453
14.029	-0.369151
14.03	-0.268344
14.031	-0.179643
14.032	-0.091306
14.033	0.013365
14.034	0.148695
14.035	0.319209
14.036	0.507067
14.037	0.665142
14.038	0.736751
14.039	0.685906
14.04	0.510729
14.041	0.244814
14.042	-0.051941
14.043	-0.315166
14.044	-0.496094
14.045	-0.57562
14.046	-0.568176
14.047	-0.505139
14.048	-0.415128
14.049	-0.319455
14.05	-0.231661
14.051	-0.153782
14.052	-0.075442
14.053	0.020142
14.054	0.145793
14.055	0.300854
14.056	0.462298
14.057	0.587052
14.058	0.63422
14.059	0.583598
14.06	0.437834
14.061	0.222381
14.062	-0.019058
14.063	-0.237447
14.064	-0.390812
14.065	-0.458246
14.066	-0.448456
14.067	-0.387207
14.068	-0.30123
14.069	-0.216088
14.07	-0.151578
14.071	-0.108689
14.072	-0.066701
14.073	0.001277
14.074	0.110167
14.075	0.253175
14.076	0.397278
14.077	0.497816
14.078	0.527225
14.079	0.479523
14.08	0.357975
14.081	0.176093
14.082	-0.037511
14.083	-0.240896
14.084	-0.38855
14.085	-0.454975
14.086	-0.449372
14.087	-0.399121
14.088	-0.32909
14.089	-0.258582
14.09	-0.199512
14.091	-0.148875
14.092	-0.089224
14.093	-0.002248
14.094	0.117326
14.095	0.255037
14.096	0.375565
14.097	0.437379
14.098	0.418106
14.099	0.325458
14.1	0.193806
14.101	0.07513
14.102	0.018716
14.103	0.039738
14.104	0.091423
14.105	0.081061
14.106	-0.044587
14.107	-0.226085
14.108	-0.342271
14.109	-0.334355
14.11	-0.245692
14.111	-0.147092
14.112	-0.063362
14.113	0.022838
14.114	0.128576
14.115	0.244956
14.116	0.339283
14.117	0.379529
14.118	0.358407
14.119	0.289787
14.12	0.187689
14.121	0.056655
14.122	-0.096071
14.123	-0.242229
14.124	-0.339543
14.125	-0.366191
14.126	-0.339737
14.127	-0.295936
14.128	-0.257899
14.129	-0.22951
14.13	-0.205117
14.131	-0.173638
14.132	-0.120793
14.133	-0.038264
14.134	0.068806
14.135	0.179822
14.136	0.263595
14.137	0.29645
14.138	0.277571
14.139	0.220969
14.14	0.135975
14.141	0.022243
14.142	-0.111923
14.143	-0.232459
14.144	-0.295685
14.145	-0.288346
14.146	-0.243816
14.147	-0.207305
14.148	-0.19364
14.149	-0.190252
14.15	-0.181746
14.151	-0.156634
14.152	-0.106292
14.153	-0.0282
14.154	0.071867
14.155	0.175604
14.156	0.252301
14.157	0.277596
14.158	0.251846
14.159	0.191947
14.16	0.110069
14.161	0.009738
14.162	-0.098101
14.163	-0.190469
14.164	-0.25144
14.165	-0.281304
14.166	-0.280392
14.167	-0.243643
14.168	-0.178643
14.169	-0.107769
14.17	-0.047291
14.171	-2.8e-05
14.172	0.031304
14.173	0.038039
14.174	0.021709
14.175	0.009331
14.176	0.035049
14.177	0.102429
14.178	0.177605
14.179	0.219777
14.18	0.208801
14.181	0.149971
14.182	0.062634
14.183	-0.037221
14.184	-0.139374
14.185	-0.222405
14.186	-0.255455
14.187	-0.228685
14.188	-0.165171
14.189	-0.096702
14.19	-0.039623
14.191	0.003661
14.192	0.030306
14.193	0.034557
14.194	0.02214
14.195	0.020629
14.196	0.060131
14.197	0.138476
14.198	0.218905
14.199	0.260583
14.2	0.242505
14.201	0.171639
14.202	0.074308
14.203	-0.027574
14.204	-0.123338
14.205	-0.196599
14.206	-0.224232
14.207	-0.199798
14.208	-0.143111
14.209	-0.081207
14.21	-0.029406
14.211	0.006148
14.212	0.019052
14.213	0.005628
14.214	-0.022324
14.215	-0.03335
14.216	-0.000183
14.217	0.068539
14.218	0.134638
14.219	0.163565
14.22	0.144327
14.221	0.091439
14.222	0.029203
14.223	-0.031684
14.224	-0.093384
14.225	-0.148693
14.226	-0.177407
14.227	-0.170564
14.228	-0.144793
14.229	-0.122592
14.23	-0.103915
14.231	-0.060681
14.232	0.043355
14.233	0.214838
14.234	0.398327
14.235	0.494754
14.236	0.439132
14.237	0.270994
14.238	0.108647
14.239	0.035791
14.24	0.037419
14.241	0.052923
14.242	0.044566
14.243	0.004351
14.244	-0.059634
14.245	-0.12443
14.246	-0.160572
14.247	-0.153929
14.248	-0.116185
14.249	-0.070613
14.25	-0.034299
14.251	-0.015012
14.252	-0.013954
14.253	-0.026464
14.254	-0.039728
14.255	-0.034268
14.256	-0.001703
14.257	0.042859
14.258	0.076503
14.259	0.086354
14.26	0.072857
14.261	0.045489
14.262	0.010345
14.263	-0.036014
14.264	-0.092923
14.265	-0.142457
14.266	-0.15959
14.267	-0.136625
14.268	-0.090978
14.269	-0.046903
14.27	-0.017724
14.271	-0.004201
14.272	-0.000346
14.273	-0.00016
14.274	0.001925
14.275	0.014209
14.276	0.039698
14.277	0.068638
14.278	0.088315
14.279	0.093955
14.28	0.088631
14.281	0.076354
14.282	0.054052
14.283	0.016147
14.284	-0.030904
14.285	-0.066384
14.286	-0.070934
14.287	-0.04488
14.288	-0.007463
14.289	0.022428
14.29	0.038196
14.291	0.043915
14.292	0.047166
14.293	0.050661
14.294	0.053636
14.295	0.058929
14.296	0.069889
14.297	0.084309
14.298	0.096405
14.299	0.10221
14.3	0.10143
14.301	0.092138
14.302	0.068381
14.303	0.0291
14.304	-0.014734
14.305	-0.044745
14.306	-0.04891
14.307	-0.032471
14.308	-0.011043
14.309	0.003875
14.31	0.009464
14.311	0.010171
14.312	0.012191
14.313	0.015656
14.314	0.01755
14.315	0.02039
14.316	0.029585
14.317	0.04441
14.318	0.057588
14.319	0.063365
14.32	0.061664
14.321	0.053271
14.322	0.036943
14.323	0.012943
14.324	-0.01279
14.325	-0.028153
14.326	-0.024334
14.327	-0.00487
14.328	0.020197
14.329	0.041813
14.33	0.053251
14.331	0.052536
14.332	0.042053
14.333	0.025672
14.334	0.010198
14.335	0.004735
14.336	0.012061
14.337	0.023201
14.338	0.026442
14.339	0.020588
14.34	0.012908
14.341	0.006794
14.342	-0.000265
14.343	-0.009943
14.344	-0.019874
14.345	-0.026571
14.346	-0.030557
14.347	-0.033787
14.348	-0.034407
14.349	-0.031889
14.35	-0.030086
14.351	-0.030394
14.352	-0.029684
14.353	-0.024367
14.354	-0.011896
14.355	0.007939
14.356	0.028899
14.357	0.038575
14.358	0.028793
14.359	0.002781
14.36	-0.032243
14.361	-0.066769
14.362	-0.075179
14.363	-0.015621
14.364	0.136928
14.365	0.341484
14.366	0.480991
14.367	0.444481
14.368	0.240601
14.369	0.001759
14.37	-0.137854
14.371	-0.148932
14.372	-0.092812
14.373	-0.036259
14.374	-0.001051
14.375	0.023032
14.376	0.04271
14.377	0.047308
14.378	0.02757
14.379	-0.006476
14.38	-0.037001
14.381	-0.055063
14.382	-0.059668
14.383	-0.053842
14.384	-0.04555
14.385	-0.045407
14.386	-0.058476
14.387	-0.077024
14.388	-0.088155
14.389	-0.089565
14.39	-0.089028
14.391	-0.091117
14.392	-0.091241
14.393	-0.08012
14.394	-0.051846
14.395	-0.011298
14.396	0.022705
14.397	0.029343
14.398	0.007612
14.399	-0.023271
14.4	-0.045603
14.401	-0.054021
14.402	-0.050957
14.403	-0.042079
14.404	-0.033433
14.405	-0.030397
14.406	-0.034233
14.407	-0.035031
14.408	-0.019093
14.409	0.013003
14.41	0.045421
14.411	0.061015
14.412	0.048935
14.413	0.004533
14.414	-0.062007
14.415	-0.115294
14.416	-0.117572
14.417	-0.066374
14.418	0.0075
14.419	0.06931
14.42	0.098483
14.421	0.091687
14.422	0.058143
14.423	0.015809
14.424	-0.015004
14.425	-0.027471
14.426	-0.032158
14.427	-0.039309
14.428	-0.049036
14.429	-0.059374
14.43	-0.070101
14.431	-0.076283
14.432	-0.065614
14.433	-0.027396
14.434	0.034957
14.435	0.097415
14.436	0.123167
14.437	0.092618
14.438	0.0265
14.439	-0.034628
14.44	-0.067048
14.441	-0.072795
14.442	-0.066186
14.443	-0.059704
14.444	-0.058405
14.445	-0.063078
14.446	-0.068891
14.447	-0.061988
14.448	-0.034281
14.449	0.002944
14.45	0.03275
14.451	0.049575
14.452	0.053914
14.453	0.039924
14.454	0.003753
14.455	-0.0372
14.456	-0.051609
14.457	-0.024227
14.458	0.028893
14.459	0.072462
14.46	0.079413
14.461	0.050414
14.462	0.006472
14.463	-0.030218
14.464	-0.045012
14.465	-0.03728
14.466	-0.024535
14.467	-0.027283
14.468	-0.04968
14.469	-0.080997
14.47	-0.106764
14.471	-0.111846
14.472	-0.083632
14.473	-0.021516
14.474	0.057048
14.475	0.118094
14.476	0.127625
14.477	0.082726
14.478	0.021383
14.479	-0.009506
14.48	0.00439
14.481	0.035159
14.482	0.039914
14.483	-0.007194
14.484	-0.09645
14.485	-0.178774
14.486	-0.200551
14.487	-0.15688
14.488	-0.090443
14.489	-0.042117
14.49	-0.023183
14.491	-0.025588
14.492	-0.04063
14.493	-0.059581
14.494	-0.053968
14.495	0.02631
14.496	0.200853
14.497	0.397538
14.498	0.481286
14.499	0.381
14.5	0.172115
14.501	-0.001857
14.502	-0.073649
14.503	-0.086003
14.504	-0.102246
14.505	-0.128427
14.506	-0.132795
14.507	-0.105152
14.508	-0.066837
14.509	-0.038814
14.51	-0.022045
14.511	-0.006359
14.512	0.008459
14.513	0.006126
14.514	-0.025238
14.515	-0.069407
14.516	-0.092028
14.517	-0.077121
14.518	-0.041765
14.519	-0.011873
14.52	0.001061
14.521	-0.004301
14.522	-0.028702
14.523	-0.069488
14.524	-0.114597
14.525	-0.144786
14.526	-0.146995
14.527	-0.12522
14.528	-0.094358
14.529	-0.065889
14.53	-0.041215
14.531	-0.017598
14.532	0.000504
14.533	0.000562
14.534	-0.02189
14.535	-0.047873
14.536	-0.048335
14.537	-0.01768
14.538	0.020849
14.539	0.044275
14.54	0.047109
14.541	0.032777
14.542	0.004175
14.543	-0.03562
14.544	-0.078501
14.545	-0.11065
14.546	-0.120504
14.547	-0.107888
14.548	-0.08269
14.549	-0.054659
14.55	-0.026825
14.551	0.000383
14.552	0.0214
14.553	0.02604
14.554	0.012576
14.555	-0.000484
14.556	0.00988
14.557	0.04065
14.558	0.065802
14.559	0.067504
14.56	0.047664
14.561	0.015652
14.562	-0.023055
14.563	-0.066968
14.564	-0.110466
14.565	-0.141145
14.566	-0.148697
14.567	-0.133005
14.568	-0.103077
14.569	-0.069946
14.57	-0.040544
14.571	-0.017716
14.572	-0.00326
14.573	0.001737
14.574	0.003021
14.575	0.01637
14.576	0.049732
14.577	0.086032
14.578	0.100569
14.579	0.086593
14.58	0.054085
14.581	0.014652
14.582	-0.027107
14.583	-0.071193
14.584	-0.114473
14.585	-0.149003
14.586	-0.166896
14.587	-0.164271
14.588	-0.14324
14.589	-0.110939
14.59	-0.07562
14.591	-0.043835
14.592	-0.020616
14.593	-0.010451
14.594	-0.011407
14.595	-0.0101
14.596	0.003553
14.597	0.021135
14.598	0.026957
14.599	0.014616
14.6	-0.013294
14.601	-0.052429
14.602	-0.099682
14.603	-0.151603
14.604	-0.201765
14.605	-0.239131
14.606	-0.250966
14.607	-0.233135
14.608	-0.195445
14.609	-0.152408
14.61	-0.113045
14.611	-0.078964
14.612	-0.047407
14.613	-0.016098
14.614	0.01659
14.615	0.05211
14.616	0.08618
14.617	0.109508
14.618	0.115265
14.619	0.098778
14.62	0.054905
14.621	-0.017694
14.622	-0.110057
14.623	-0.197774
14.624	-0.239298
14.625	-0.186363
14.626	-0.018679
14.627	0.208958
14.628	0.368198
14.629	0.349262
14.63	0.169528
14.631	-0.031508
14.632	-0.121726
14.633	-0.083195
14.634	0.013974
14.635	0.10081
14.636	0.149784
14.637	0.161818
14.638	0.145675
14.639	0.107094
14.64	0.048025
14.641	-0.02611
14.642	-0.10262
14.643	-0.168782
14.644	-0.216598
14.645	-0.23876
14.646	-0.232547
14.647	-0.207664
14.648	-0.178298
14.649	-0.150917
14.65	-0.124174
14.651	-0.093969
14.652	-0.057234
14.653	-0.012777
14.654	0.040164
14.655	0.098236
14.656	0.149514
14.657	0.179489
14.658	0.178992
14.659	0.143718
14.66	0.073755
14.661	-0.021001
14.662	-0.119665
14.663	-0.19935
14.664	-0.243343
14.665	-0.245771
14.666	-0.218301
14.667	-0.183897
14.668	-0.156813
14.669	-0.13696
14.67	-0.11863
14.671	-0.095298
14.672	-0.061822
14.673	-0.015101
14.674	0.047541
14.675	0.124014
14.676	0.200744
14.677	0.255581
14.678	0.26823
14.679	0.229441
14.68	0.143364
14.681	0.025957
14.682	-0.09516
14.683	-0.186583
14.684	-0.22449
14.685	-0.2105
14.686	-0.173025
14.687	-0.143134
14.688	-0.129477
14.689	-0.122863
14.69	-0.113007
14.691	-0.09404
14.692	-0.063323
14.693	-0.017766
14.694	0.047642
14.695	0.131705
14.696	0.218323
14.697	0.279773
14.698	0.289746
14.699	0.236218
14.7	0.126665
14.701	-0.013085
14.702	-0.14477
14.703	-0.231334
14.704	-0.255328
14.705	-0.231238
14.706	-0.194405
14.707	-0.169426
14.708	-0.156236
14.709	-0.146357
14.71	-0.136314
14.711	-0.123921
14.712	-0.101309
14.713	-0.05425
14.714	0.028626
14.715	0.142653
14.716	0.2633
14.717	0.354685
14.718	0.385128
14.719	0.340504
14.72	0.226781
14.721	0.06693
14.722	-0.102266
14.723	-0.237294
14.724	-0.303394
14.725	-0.296869
14.726	-0.248672
14.727	-0.195491
14.728	-0.156454
14.729	-0.136985
14.73	-0.134982
14.731	-0.139107
14.732	-0.129062
14.733	-0.081983
14.734	0.015718
14.735	0.154946
14.736	0.298542
14.737	0.396567
14.738	0.413538
14.739	0.340308
14.74	0.189935
14.741	-0.005336
14.742	-0.197828
14.743	-0.336189
14.744	-0.385899
14.745	-0.351574
14.746	-0.274217
14.747	-0.197939
14.748	-0.148247
14.749	-0.137613
14.75	-0.168864
14.751	-0.224967
14.752	-0.259878
14.753	-0.206052
14.754	-0.004584
14.755	0.344572
14.756	0.737045
14.757	0.987901
14.758	0.952259
14.759	0.644938
14.76	0.227603
14.761	-0.128403
14.762	-0.350891
14.763	-0.449536
14.764	-0.449806
14.765	-0.379261
14.766	-0.279506
14.767	-0.191188
14.768	-0.135826
14.769	-0.11639
14.77	-0.122116
14.771	-0.13429
14.772	-0.136156
14.773	-0.117184
14.774	-0.063931
14.775	0.044495
14.776	0.212484
14.777	0.398928
14.778	0.526584
14.779	0.526568
14.78	0.379228
14.781	0.119982
14.782	-0.184287
14.783	-0.459882
14.784	-0.641515
14.785	-0.682793
14.786	-0.575529
14.787	-0.374072
14.788	-0.177473
14.789	-0.06515
14.79	-0.053481
14.791	-0.103702
14.792	-0.156218
14.793	-0.162893
14.794	-0.095738
14.795	0.057091
14.796	0.277747
14.797	0.50226
14.798	0.63995
14.799	0.622411
14.8	0.439417
14.801	0.138389
14.802	-0.200918
14.803	-0.49694
14.804	-0.684003
14.805	-0.715085
14.806	-0.582682
14.807	-0.351501
14.808	-0.135452
14.809	-0.022738
14.81	-0.028759
14.811	-0.105336
14.812	-0.179319
14.813	-0.189127
14.814	-0.098517
14.815	0.100494
14.816	0.374098
14.817	0.63901
14.818	0.789205
14.819	0.748127
14.82	0.507261
14.821	0.127238
14.822	-0.288035
14.823	-0.628339
14.824	-0.810315
14.825	-0.795051
14.826	-0.605205
14.827	-0.333442
14.828	-0.102347
14.829	0.003267
14.83	-0.026957
14.831	-0.138133
14.832	-0.246229
14.833	-0.273778
14.834	-0.168936
14.835	0.079779
14.836	0.424062
14.837	0.755136
14.838	0.941305
14.839	0.888232
14.84	0.587326
14.841	0.123665
14.842	-0.36159
14.843	-0.732252
14.844	-0.901602
14.845	-0.844422
14.846	-0.603199
14.847	-0.285963
14.848	-0.023551
14.849	0.093776
14.85	0.053019
14.851	-0.087225
14.852	-0.231361
14.853	-0.284425
14.854	-0.17892
14.855	0.101649
14.856	0.500673
14.857	0.889437
14.858	1.110056
14.859	1.04561
14.86	0.681044
14.861	0.120141
14.862	-0.459636
14.863	-0.888388
14.864	-1.06299
14.865	-0.964808
14.866	-0.66016
14.867	-0.283534
14.868	0.013557
14.869	0.128203
14.87	0.04589
14.871	-0.162934
14.872	-0.376123
14.873	-0.462228
14.874	-0.325082
14.875	0.052919
14.876	0.584032
14.877	1.089756
14.878	1.367811
14.879	1.281775
14.88	0.826332
14.881	0.136556
14.882	-0.571442
14.883	-1.091801
14.884	-1.286131
14.885	-1.103189
14.886	-0.600885
14.887	0.037683
14.888	0.54705
14.889	0.711557
14.89	0.516023
14.891	0.148523
14.892	-0.219047
14.893	-0.701569
14.894	-1.701328
14.895	-3.475958
14.896	-5.648824
14.897	-7.326814
14.898	-7.769846
14.899	-6.818949
14.9	-4.754948
14.901	-1.986057
14.902	1.052823
14.903	3.786205
14.904	5.482384
14.905	5.642343
14.906	4.51246
14.907	2.971214
14.908	1.779192
14.909	1.100976
14.91	0.709834
14.911	0.395907
14.912	0.142569
14.913	0.067343
14.914	0.286511
14.915	0.811613
14.916	1.508612
14.917	2.13216
14.918	2.42502
14.919	2.228017
14.92	1.549605
14.921	0.56642
14.922	-0.447249
14.923	-1.219006
14.924	-1.564406
14.925	-1.444575
14.926	-0.977402
14.927	-0.387199
14.928	0.092552
14.929	0.321761
14.93	0.306023
14.931	0.155435
14.932	-0.056601
14.933	-0.467846
14.934	-1.431004
14.935	-3.154787
14.936	-5.256715
14.937	-6.860791
14.938	-7.245949
14.939	-6.290519
14.94	-4.321777
14.941	-1.747287
14.942	1.060685
14.943	3.600848
14.944	5.186162
14.945	5.329668
14.946	4.262519
14.947	2.825741
14.948	1.734471
14.949	1.118618
14.95	0.743649
14.951	0.424459
14.952	0.185771
14.953	0.175474
14.954	0.511503
14.955	1.175747
14.956	1.98911
14.957	2.672209
14.958	2.956087
14.959	2.685001
14.96	1.876107
14.961	0.719462
14.962	-0.482562
14.963	-1.41462
14.964	-1.854029
14.965	-1.747326
14.966	-1.226786
14.967	-0.553126
14.968	0.001286
14.969	0.274942
14.97	0.276015
14.971	0.135066
14.972	-0.051951
14.973	-0.412312
14.974	-1.30052
14.975	-2.935144
14.976	-4.951793
14.977	-6.495675
14.978	-6.861128
14.979	-5.934672
14.98	-4.041494
14.981	-1.572309
14.982	1.121376
14.983	3.552732
14.984	5.049555
14.985	5.141282
14.986	4.065018
14.987	2.652032
14.988	1.598437
14.989	1.017097
14.99	0.669467
14.991	0.379687
14.992	0.18348
14.993	0.232731
14.994	0.640425
14.995	1.375598
14.996	2.244314
14.997	2.955362
14.998	3.231663
14.999	2.915881
15.0	2.03013
15.001	0.774328
15.002	-0.530052
15.003	-1.542869
15.004	-2.025143
15.005	-1.92437
15.006	-1.390149
15.007	-0.701773
15.008	-0.134638
15.009	0.15732
15.01	0.187782
15.011	0.086046
15.012	-0.0607
15.013	-0.389691
15.014	-1.257252
15.015	-2.871124
15.016	-4.841537
15.017	-6.282869
15.018	-6.487252
15.019	-5.40488
15.02	-3.474335
15.021	-1.159272
15.022	1.242863
15.023	3.397888
15.024	4.754673
15.025	4.846422
15.026	3.835834
15.027	2.487075
15.028	1.473866
15.029	0.919615
15.03	0.60437
15.031	0.35965
15.032	0.214024
15.033	0.307824
15.034	0.744933
15.035	1.488766
15.036	2.346013
15.037	3.032971
15.038	3.281896
15.039	2.938993
15.04	2.025025
15.041	0.746494
15.042	-0.562383
15.043	-1.563138
15.044	-2.038085
15.045	-1.957909
15.046	-1.47459
15.047	-0.843179
15.048	-0.309277
15.049	-0.012011
15.05	0.061378
15.051	0.029353
15.052	-0.03525
15.053	-0.28293
15.054	-1.087049
15.055	-2.682673
15.056	-4.711762
15.057	-6.305876
15.058	-6.731468
15.059	-5.849446
15.06	-3.978464
15.061	-1.528414
15.062	1.123379
15.063	3.485803
15.064	4.903439
15.065	4.922941
15.066	3.790864
15.067	2.344016
15.068	1.28564
15.069	0.741309
15.07	0.482509
15.071	0.32436
15.072	0.273183
15.073	0.445321
15.074	0.923796
15.075	1.660395
15.076	2.463312
15.077	3.068936
15.078	3.247542
15.079	2.879887
15.08	1.996973
15.081	0.788846
15.082	-0.446931
15.083	-1.409417
15.084	-1.89642
15.085	-1.872518
15.086	-1.473455
15.087	-0.928781
15.088	-0.450316
15.089	-0.145375
15.09	0.011008
15.091	0.111406
15.092	0.163901
15.093	-0.055603
15.094	-0.950015
15.095	-2.704548
15.096	-4.870052
15.097	-6.527147
15.098	-6.949221
15.099	-6.016351
15.1	-4.05858
15.101	-1.500368
15.102	1.257886
15.103	3.69318
15.104	5.118411
15.105	5.070159
15.106	3.817449
15.107	2.241939
15.108	1.096225
15.109	0.541446
15.11	0.356715
15.111	0.335631
15.112	0.441789
15.113	0.73784
15.114	1.256258
15.115	1.919541
15.116	2.549717
15.117	2.948756
15.118	2.976046
15.119	2.580656
15.12	1.810156
15.121	0.802719
15.122	-0.249707
15.123	-1.148391
15.124	-1.724618
15.125	-1.879811
15.126	-1.638241
15.127	-1.16435
15.128	-0.683642
15.129	-0.352226
15.13	-0.19023
15.131	-0.110515
15.132	0.008015
15.133	0.254448
15.134	0.656779
15.135	1.179447
15.136	1.724385
15.137	2.14539
15.138	2.290416
15.139	2.061889
15.14	1.46539
15.141	0.614228
15.142	-0.30932
15.143	-1.109956
15.144	-1.630399
15.145	-1.786308
15.146	-1.592122
15.147	-1.161001
15.148	-0.646103
15.149	-0.172046
15.15	0.176034
15.151	0.34908
15.152	0.374796
15.153	0.384852
15.154	0.543223
15.155	0.913652
15.156	1.397975
15.157	1.801139
15.158	1.945916
15.159	1.748512
15.16	1.234026
15.161	0.510784
15.162	-0.267898
15.163	-0.941995
15.164	-1.380113
15.165	-1.510305
15.166	-1.35559
15.167	-1.039745
15.168	-0.717969
15.169	-0.48583
15.17	-0.346013
15.171	-0.236644
15.172	-0.085497
15.173	0.148482
15.174	0.46826
15.175	0.847129
15.176	1.226298
15.177	1.512458
15.178	1.600168
15.179	1.419307
15.18	0.976185
15.181	0.357384
15.182	-0.300046
15.183	-0.853713
15.184	-1.198226
15.185	-1.290592
15.186	-1.163555
15.187	-0.915719
15.188	-0.660157
15.189	-0.465436
15.19	-0.334158
15.191	-0.222364
15.192	-0.078602
15.193	0.126334
15.194	0.395925
15.195	0.71462
15.196	1.040088
15.197	1.292266
15.198	1.373665
15.199	1.220188
15.2	0.840675
15.201	0.316747
15.202	-0.231309
15.203	-0.690129
15.204	-0.982734
15.205	-1.077638
15.206	-0.996189
15.207	-0.809361
15.208	-0.603585
15.209	-0.43535
15.21	-0.310311
15.211	-0.197331
15.212	-0.060046
15.213	0.121949
15.214	0.353562
15.215	0.627247
15.216	0.907375
15.217	1.117699
15.218	1.170441
15.219	1.018834
15.22	0.683286
15.221	0.240827
15.222	-0.208347
15.223	-0.580173
15.224	-0.824496
15.225	-0.920753
15.226	-0.879726
15.227	-0.748153
15.228	-0.589931
15.229	-0.450808
15.23	-0.338688
15.231	-0.232952
15.232	-0.107817
15.233	0.05179
15.234	0.250592
15.235	0.483943
15.236	0.720703
15.237	0.893777
15.238	0.930591
15.239	0.795991
15.24	0.510599
15.241	0.142822
15.242	-0.221894
15.243	-0.517054
15.244	-0.707076
15.245	-0.781272
15.246	-0.753164
15.247	-0.659587
15.248	-0.544828
15.249	-0.437287
15.25	-0.339367
15.251	-0.237033
15.252	-0.115076
15.253	0.035738
15.254	0.220658
15.255	0.435833
15.256	0.647585
15.257	0.791211
15.258	0.807355
15.259	0.674499
15.26	0.416786
15.261	0.096972
15.262	-0.21231
15.263	-0.463166
15.264	-0.635285
15.265	-0.717958
15.266	-0.709345
15.267	-0.628885
15.268	-0.513426
15.269	-0.395087
15.27	-0.285946
15.271	-0.180777
15.272	-0.067492
15.273	0.062921
15.274	0.211322
15.275	0.367429
15.276	0.508207
15.277	0.613665
15.278	0.686395
15.279	0.733918
15.28	0.727227
15.281	0.595959
15.282	0.291634
15.283	-0.129427
15.284	-0.510179
15.285	-0.708879
15.286	-0.70385
15.287	-0.579062
15.288	-0.432637
15.289	-0.313589
15.29	-0.223352
15.291	-0.143163
15.292	-0.052447
15.293	0.062879
15.294	0.206225
15.295	0.363343
15.296	0.498718
15.297	0.571032
15.298	0.553182
15.299	0.438408
15.3	0.24314
15.301	0.006981
15.302	-0.222793
15.303	-0.410277
15.304	-0.534367
15.305	-0.584052
15.306	-0.562737
15.307	-0.494427
15.308	-0.411663
15.309	-0.333796
15.31	-0.259961
15.311	-0.176699
15.312	-0.071142
15.313	0.058048
15.314	0.201733
15.315	0.342988
15.316	0.454752
15.317	0.507248
15.318	0.481917
15.319	0.378332
15.32	0.214554
15.321	0.022593
15.322	-0.161427
15.323	-0.309428
15.324	-0.405134
15.325	-0.440058
15.326	-0.419632
15.327	-0.367652
15.328	-0.308457
15.329	-0.250147
15.33	-0.187767
15.331	-0.113045
15.332	-0.021932
15.333	0.083356
15.334	0.197195
15.335	0.307321
15.336	0.391427
15.337	0.426876
15.338	0.400837
15.339	0.311946
15.34	0.172832
15.341	0.011773
15.342	-0.136551
15.343	-0.248115
15.344	-0.315097
15.345	-0.338478
15.346	-0.328152
15.347	-0.301657
15.348	-0.269646
15.349	-0.230432
15.35	-0.178376
15.351	-0.110354
15.352	-0.028148
15.353	0.063546
15.354	0.160509
15.355	0.254812
15.356	0.329731
15.357	0.363702
15.358	0.339497
15.359	0.25473
15.36	0.126936
15.361	-0.012218
15.362	-0.129367
15.363	-0.204104
15.364	-0.235513
15.365	-0.236972
15.366	-0.227157
15.367	-0.216428
15.368	-0.199287
15.369	-0.165513
15.37	-0.112065
15.371	-0.043915
15.372	0.028408
15.373	0.095567
15.374	0.156756
15.375	0.214704
15.376	0.263568
15.377	0.285592
15.378	0.261704
15.379	0.187601
15.38	0.080182
15.381	-0.029399
15.382	-0.110953
15.383	-0.151435
15.384	-0.159941
15.385	-0.160199
15.386	-0.17368
15.387	-0.1999
15.388	-0.21757
15.389	-0.207856
15.39	-0.16869
15.391	-0.110098
15.392	-0.0442
15.393	0.022948
15.394	0.093475
15.395	0.168211
15.396	0.233578
15.397	0.263355
15.398	0.237943
15.399	0.159442
15.4	0.047389
15.401	-0.072519
15.402	-0.173537
15.403	-0.227542
15.404	-0.206811
15.405	-0.098851
15.406	0.072226
15.407	0.235151
15.408	0.291535
15.409	0.189263
15.41	-0.006634
15.411	-0.155994
15.412	-0.171357
15.413	-0.07923
15.414	0.038389
15.415	0.127947
15.416	0.186746
15.417	0.228802
15.418	0.249454
15.419	0.2317
15.42	0.176657
15.421	0.104692
15.422	0.025591
15.423	-0.071928
15.424	-0.190977
15.425	-0.297707
15.426	-0.343062
15.427	-0.313207
15.428	-0.236765
15.429	-0.148082
15.43	-0.066637
15.431	-0.004908
15.432	0.023687
15.433	0.010931
15.434	-0.026237
15.435	-0.041128
15.436	0.000197
15.437	0.077245
15.438	0.13761
15.439	0.149851
15.44	0.122237
15.441	0.078671
15.442	0.025489
15.443	-0.052571
15.444	-0.159554
15.445	-0.258816
15.446	-0.299522
15.447	-0.275188
15.448	-0.227114
15.449	-0.190405
15.45	-0.165039
15.451	-0.133091
15.452	-0.080088
15.453	-0.002326
15.454	0.090739
15.455	0.172883
15.456	0.20952
15.457	0.184749
15.458	0.115789
15.459	0.035293
15.46	-0.032914
15.461	-0.081145
15.462	-0.115878
15.463	-0.155709
15.464	-0.21337
15.465	-0.267159
15.466	-0.274832
15.467	-0.226663
15.468	-0.154804
15.469	-0.090596
15.47	-0.04148
15.471	-0.003349
15.472	0.022419
15.473	0.027708
15.474	0.016503
15.475	0.012628
15.476	0.03328
15.477	0.065464
15.478	0.077315
15.479	0.047329
15.48	-0.015581
15.481	-0.078544
15.482	-0.110982
15.483	-0.102715
15.484	-0.065523
15.485	-0.028211
15.486	-0.021594
15.487	-0.054425
15.488	-0.106899
15.489	-0.150788
15.49	-0.167301
15.491	-0.147257
15.492	-0.088075
15.493	0.004695
15.494	0.112176
15.495	0.196974
15.496	0.220383
15.497	0.177833
15.498	0.103941
15.499	0.040395
15.5	0.009705
15.501	0.01153
15.502	0.024235
15.503	0.011334
15.504	-0.045579
15.505	-0.115643
15.506	-0.149477
15.507	-0.136068
15.508	-0.101478
15.509	-0.068116
15.51	-0.038764
15.511	-0.009057
15.512	0.016888
15.513	0.02647
15.514	0.016088
15.515	0.0004
15.516	-0.002995
15.517	0.008961
15.518	0.025551
15.519	0.034171
15.52	0.030226
15.521	0.016965
15.522	-0.004524
15.523	-0.04103
15.524	-0.091905
15.525	-0.132641
15.526	-0.137259
15.527	-0.111297
15.528	-0.080244
15.529	-0.057625
15.53	-0.039782
15.531	-0.023255
15.532	-0.018333
15.533	-0.039851
15.534	-0.078985
15.535	-0.088782
15.536	-0.010199
15.537	0.174145
15.538	0.397543
15.539	0.526274
15.54	0.459467
15.541	0.233552
15.542	-0.003236
15.543	-0.133398
15.544	-0.153413
15.545	-0.121574
15.546	-0.082748
15.547	-0.055065
15.548	-0.043167
15.549	-0.041771
15.55	-0.039582
15.551	-0.030476
15.552	-0.020991
15.553	-0.023982
15.554	-0.042105
15.555	-0.060774
15.556	-0.063913
15.557	-0.052366
15.558	-0.039891
15.559	-0.036105
15.56	-0.03837
15.561	-0.038363
15.562	-0.035922
15.563	-0.043295
15.564	-0.06827
15.565	-0.097695
15.566	-0.110749
15.567	-0.104089
15.568	-0.090508
15.569	-0.078233
15.57	-0.064721
15.571	-0.047874
15.572	-0.033807
15.573	-0.031627
15.574	-0.039582
15.575	-0.041466
15.576	-0.027177
15.577	-0.007964
15.578	-0.000814
15.579	-0.008986
15.58	-0.021519
15.581	-0.024924
15.582	-0.01839
15.583	-0.017342
15.584	-0.03388
15.585	-0.058104
15.586	-0.070456
15.587	-0.066268
15.588	-0.055865
15.589	-0.046954
15.59	-0.038162
15.591	-0.026404
15.592	-0.013926
15.593	-0.007579
15.594	-0.007869
15.595	-0.00423
15.596	0.007256
15.597	0.014268
15.598	0.006668
15.599	-0.010407
15.6	-0.02383
15.601	-0.025384
15.602	-0.020936
15.603	-0.025225
15.604	-0.043249
15.605	-0.062266
15.606	-0.067055
15.607	-0.057837
15.608	-0.046596
15.609	-0.040223
15.61	-0.034973
15.611	-0.024182
15.612	-0.007456
15.613	0.007524
15.614	0.016116
15.615	0.022774
15.616	0.028084
15.617	0.02454
15.618	0.010587
15.619	-0.004775
15.62	-0.011547
15.621	-0.008277
15.622	-0.004465
15.623	-0.012363
15.624	-0.033689
15.625	-0.054746
15.626	-0.059354
15.627	-0.04785
15.628	-0.034676
15.629	-0.027719
15.63	-0.020195
15.631	-0.000622
15.632	0.0332
15.633	0.06944
15.634	0.094553
15.635	0.103788
15.636	0.095227
15.637	0.067161
15.638	0.02601
15.639	-0.012406
15.64	-0.034321
15.641	-0.039971
15.642	-0.041173
15.643	-0.047537
15.644	-0.056481
15.645	-0.055858
15.646	-0.040199
15.647	-0.022548
15.648	-0.020576
15.649	-0.034889
15.65	-0.048391
15.651	-0.042435
15.652	-0.013915
15.653	0.021212
15.654	0.04406
15.655	0.046998
15.656	0.032568
15.657	0.009951
15.658	-0.009033
15.659	-0.017521
15.66	-0.018231
15.661	-0.021034
15.662	-0.036051
15.663	-0.068337
15.664	-0.111528
15.665	-0.142074
15.666	-0.128364
15.667	-0.046073
15.668	0.109743
15.669	0.299836
15.67	0.429775
15.671	0.409085
15.672	0.243904
15.673	0.047
15.674	-0.063741
15.675	-0.064384
15.676	-0.015015
15.677	0.022143
15.678	0.029754
15.679	0.019604
15.68	0.002886
15.681	-0.016503
15.682	-0.034469
15.683	-0.046983
15.684	-0.051974
15.685	-0.047585
15.686	-0.040082
15.687	-0.045716
15.688	-0.072253
15.689	-0.107444
15.69	-0.128031
15.691	-0.117618
15.692	-0.081099
15.693	-0.03993
15.694	-0.012089
15.695	-0.002405
15.696	-0.007324
15.697	-0.019429
15.698	-0.031585
15.699	-0.043147
15.7	-0.05861
15.701	-0.07629
15.702	-0.085071
15.703	-0.077338
15.704	-0.056642
15.705	-0.032981
15.706	-0.019266
15.707	-0.025507
15.708	-0.049508
15.709	-0.07622
15.71	-0.086653
15.711	-0.070925
15.712	-0.036191
15.713	0.001449
15.714	0.031495
15.715	0.051371
15.716	0.060793
15.717	0.060299
15.718	0.050278
15.719	0.028387
15.72	-0.005017
15.721	-0.036497
15.722	-0.047045
15.723	-0.032817
15.724	-0.006783
15.725	0.014304
15.726	0.017472
15.727	-0.000475
15.728	-0.030443
15.729	-0.056841
15.73	-0.065962
15.731	-0.053796
15.732	-0.027443
15.733	0.00359
15.734	0.035224
15.735	0.065058
15.736	0.084853
15.737	0.083715
15.738	0.058459
15.739	0.016721
15.74	-0.026317
15.741	-0.051658
15.742	-0.048172
15.743	-0.023527
15.744	0.004373
15.745	0.020217
15.746	0.015217
15.747	-0.008317
15.748	-0.037546
15.749	-0.058491
15.75	-0.063505
15.751	-0.052807
15.752	-0.030427
15.753	0.001635
15.754	0.044555
15.755	0.095221
15.756	0.137868
15.757	0.15273
15.758	0.13337
15.759	0.089426
15.76	0.040898
15.761	0.011009
15.762	0.010858
15.763	0.032343
15.764	0.05962
15.765	0.076222
15.766	0.067625
15.767	0.033157
15.768	-0.010929
15.769	-0.045533
15.77	-0.060945
15.771	-0.05654
15.772	-0.033579
15.773	0.008157
15.774	0.066061
15.775	0.125364
15.776	0.158673
15.777	0.146591
15.778	0.095223
15.779	0.027537
15.78	-0.033065
15.781	-0.070604
15.782	-0.07996
15.783	-0.065556
15.784	-0.037737
15.785	-0.012852
15.786	-0.00617
15.787	-0.018416
15.788	-0.037754
15.789	-0.053638
15.79	-0.061589
15.791	-0.057138
15.792	-0.033522
15.793	0.011321
15.794	0.067784
15.795	0.113704
15.796	0.131715
15.797	0.139601
15.798	0.185458
15.799	0.293688
15.8	0.414306
15.801	0.440506
15.802	0.309944
15.803	0.089779
15.804	-0.078951
15.805	-0.122364
15.806	-0.08219
15.807	-0.037498
15.808	-0.026456
15.809	-0.042218
15.81	-0.062999
15.811	-0.06841
15.812	-0.043954
15.813	0.013783
15.814	0.092901
15.815	0.163647
15.816	0.190391
15.817	0.158929
15.818	0.085464
15.819	-0.001105
15.82	-0.078755
15.821	-0.137643
15.822	-0.171381
15.823	-0.171244
15.824	-0.136377
15.825	-0.086536
15.826	-0.053415
15.827	-0.053637
15.828	-0.07793
15.829	-0.107201
15.83	-0.125529
15.831	-0.118252
15.832	-0.073667
15.833	0.009113
15.834	0.114212
15.835	0.205594
15.836	0.242699
15.837	0.211925
15.838	0.13269
15.839	0.035824
15.84	-0.054124
15.841	-0.122744
15.842	-0.159839
15.843	-0.156234
15.844	-0.112881
15.845	-0.05217
15.846	-0.01018
15.847	-0.005323
15.848	-0.021152
15.849	-0.029274
15.85	-0.016983
15.851	0.010186
15.852	0.035596
15.853	0.041893
15.854	0.032004
15.855	0.034363
15.856	0.071058
15.857	0.12886
15.858	0.171595
15.859	0.173343
15.86	0.133681
15.861	0.066717
15.862	-0.014452
15.863	-0.099824
15.864	-0.170859
15.865	-0.19628
15.866	-0.160004
15.867	-0.088008
15.868	-0.025623
15.869	0.004857
15.87	0.014096
15.871	0.022515
15.872	0.034322
15.873	0.038743
15.874	0.036774
15.875	0.051731
15.876	0.101151
15.877	0.168241
15.878	0.212853
15.879	0.205507
15.88	0.146257
15.881	0.057725
15.882	-0.034814
15.883	-0.116166
15.884	-0.173439
15.885	-0.186945
15.886	-0.148212
15.887	-0.081023
15.888	-0.024113
15.889	0.004928
15.89	0.018158
15.891	0.034993
15.892	0.060444
15.893	0.0875
15.894	0.117532
15.895	0.165066
15.896	0.230847
15.897	0.284082
15.898	0.287976
15.899	0.232531
15.9	0.137138
15.901	0.033702
15.902	-0.055056
15.903	-0.125849
15.904	-0.176662
15.905	-0.190459
15.906	-0.156518
15.907	-0.095914
15.908	-0.046059
15.909	-0.025286
15.91	-0.023223
15.911	-0.020237
15.912	-0.006381
15.913	0.018767
15.914	0.059896
15.915	0.127535
15.916	0.214891
15.917	0.287491
15.918	0.308464
15.919	0.263874
15.92	0.167654
15.921	0.051671
15.922	-0.058481
15.923	-0.158202
15.924	-0.245537
15.925	-0.297928
15.926	-0.282566
15.927	-0.183742
15.928	-0.008368
15.929	0.216377
15.93	0.423254
15.931	0.507956
15.932	0.409871
15.933	0.198001
15.934	0.035162
15.935	0.035027
15.936	0.168939
15.937	0.319325
15.938	0.391081
15.939	0.356966
15.94	0.242853
15.941	0.098682
15.942	-0.03707
15.943	-0.151837
15.944	-0.234381
15.945	-0.258426
15.946	-0.211882
15.947	-0.127654
15.948	-0.06158
15.949	-0.042794
15.95	-0.057122
15.951	-0.069595
15.952	-0.05246
15.953	0.00355
15.954	0.096626
15.955	0.216716
15.956	0.334807
15.957	0.409659
15.958	0.411621
15.959	0.334446
15.96	0.197133
15.961	0.036467
15.962	-0.114111
15.963	-0.234846
15.964	-0.30751
15.965	-0.309523
15.966	-0.237015
15.967	-0.128564
15.968	-0.04427
15.969	-0.017686
15.97	-0.036457
15.971	-0.059909
15.972	-0.048451
15.973	0.016701
15.974	0.133755
15.975	0.282877
15.976	0.424486
15.977	0.512767
15.978	0.515672
15.979	0.424833
15.98	0.259085
15.981	0.057463
15.982	-0.137179
15.983	-0.287586
15.984	-0.361787
15.985	-0.339506
15.986	-0.23374
15.987	-0.100281
15.988	-0.006016
15.989	0.016509
15.99	-0.016384
15.991	-0.057244
15.992	-0.058345
15.993	0.005202
15.994	0.133274
15.995	0.303229
15.996	0.469756
15.997	0.578605
15.998	0.588179
15.999	0.485469
16.0	0.292657
16.001	0.057665
16.002	-0.164467
16.003	-0.326701
16.004	-0.396448
16.005	-0.359311
16.006	-0.235707
16.007	-0.087865
16.008	0.014379
16.009	0.037333
16.01	-0.002529
16.011	-0.053972
16.012	-0.063387
16.013	0.000142
16.014	0.141139
16.015	0.33672
16.016	0.535114
16.017	0.671615
16.018	0.694734
16.019	0.586264
16.02	0.368772
16.021	0.098107
16.022	-0.154244
16.023	-0.326333
16.024	-0.386649
16.025	-0.337345
16.026	-0.213141
16.027	-0.075387
16.028	0.014536
16.029	0.025674
16.03	-0.029093
16.031	-0.100347
16.032	-0.128057
16.033	-0.067672
16.034	0.096141
16.035	0.338537
16.036	0.592595
16.037	0.771266
16.038	0.801944
16.039	0.656839
16.04	0.367761
16.041	0.016336
16.042	-0.297408
16.043	-0.49395
16.044	-0.538576
16.045	-0.444254
16.046	-0.264587
16.047	-0.076687
16.048	0.04737
16.049	0.06947
16.05	0.002362
16.051	-0.097959
16.052	-0.161735
16.053	-0.133181
16.054	0.015235
16.055	0.27391
16.056	0.595053
16.057	0.906306
16.058	1.124597
16.059	1.158257
16.06	0.928277
16.061	0.443061
16.062	-0.140422
16.063	-0.584248
16.064	-0.731766
16.065	-0.599703
16.066	-0.326048
16.067	-0.060502
16.068	0.098467
16.069	0.114581
16.07	0.011272
16.071	-0.138883
16.072	-0.240359
16.073	-0.208963
16.074	-0.003963
16.075	0.34588
16.076	0.736091
16.077	1.021755
16.078	1.083726
16.079	0.881999
16.08	0.469578
16.081	-0.029782
16.082	-0.469963
16.083	-0.7368
16.084	-0.781636
16.085	-0.627841
16.086	-0.356091
16.087	-0.075593
16.088	0.109077
16.089	0.134652
16.09	0.010015
16.091	-0.182354
16.092	-0.320128
16.093	-0.292438
16.094	-0.046513
16.095	0.381095
16.096	0.860717
16.097	1.21603
16.098	1.305087
16.099	1.079804
16.1	0.599082
16.101	0.004981
16.102	-0.529534
16.103	-0.860888
16.104	-0.91784
16.105	-0.720435
16.106	-0.370204
16.107	-0.011503
16.108	0.218893
16.109	0.241211
16.11	0.068245
16.111	-0.194083
16.112	-0.388667
16.113	-0.374255
16.114	-0.087569
16.115	0.419424
16.116	0.98608
16.117	1.407338
16.118	1.520197
16.119	1.262562
16.12	0.695199
16.121	-0.015795
16.122	-0.660331
16.123	-1.059988
16.124	-1.123482
16.125	-0.873711
16.126	-0.437874
16.127	0.003645
16.128	0.291143
16.129	0.354764
16.13	0.240724
16.131	0.050589
16.132	-0.212913
16.133	-0.788616
16.134	-2.046215
16.135	-4.034635
16.136	-6.156905
16.137	-7.50068
16.138	-7.49363
16.139	-6.148846
16.14	-3.819914
16.141	-0.918036
16.142	2.103114
16.143	4.606337
16.144	5.865335
16.145	5.570053
16.146	4.216971
16.147	2.732667
16.148	1.701825
16.149	1.114374
16.15	0.71709
16.151	0.38284
16.152	0.181119
16.153	0.251071
16.154	0.658291
16.155	1.319859
16.156	2.020273
16.157	2.503664
16.158	2.577561
16.159	2.177661
16.16	1.38275
16.161	0.381083
16.162	-0.589658
16.163	-1.303287
16.164	-1.594519
16.165	-1.404179
16.166	-0.83479
16.167	-0.149676
16.168	0.360273
16.169	0.548279
16.17	0.465733
16.171	0.258621
16.172	-0.035762
16.173	-0.642691
16.174	-1.913418
16.175	-3.862625
16.176	-5.875555
16.177	-7.066669
16.178	-6.929306
16.179	-5.550571
16.18	-3.31678
16.181	-0.610764
16.182	2.170908
16.183	4.451207
16.184	5.56057
16.185	5.219031
16.186	3.905792
16.187	2.502691
16.188	1.567046
16.189	1.102094
16.19	0.880603
16.191	0.752405
16.192	0.694821
16.193	0.762064
16.194	1.043252
16.195	1.58122
16.196	2.267747
16.197	2.836722
16.198	2.98976
16.199	2.558356
16.2	1.594291
16.201	0.35049
16.202	-0.81881
16.203	-1.590434
16.204	-1.79134
16.205	-1.461478
16.206	-0.823354
16.207	-0.16587
16.208	0.284901
16.209	0.443624
16.21	0.372263
16.211	0.198461
16.212	-0.051302
16.213	-0.593731
16.214	-1.770228
16.215	-3.610548
16.216	-5.543278
16.217	-6.723176
16.218	-6.647914
16.219	-5.379189
16.22	-3.278813
16.221	-0.715583
16.222	1.935586
16.223	4.13294
16.224	5.230771
16.225	4.942073
16.226	3.718222
16.227	2.405271
16.228	1.516985
16.229	1.013623
16.23	0.656878
16.231	0.355545
16.232	0.211061
16.233	0.379945
16.234	0.927136
16.235	1.753275
16.236	2.614586
16.237	3.211845
16.238	3.299397
16.239	2.773728
16.24	1.718505
16.241	0.393264
16.242	-0.843789
16.243	-1.664307
16.244	-1.895498
16.245	-1.583187
16.246	-0.9537
16.247	-0.295822
16.248	0.160349
16.249	0.323124
16.25	0.26026
16.251	0.120612
16.252	-0.046816
16.253	-0.456356
16.254	-1.48854
16.255	-3.240854
16.256	-5.175057
16.257	-6.41144
16.258	-6.395127
16.259	-5.171194
16.26	-3.116531
16.261	-0.612654
16.262	1.974725
16.263	4.12145
16.264	5.184762
16.265	4.8682
16.266	3.618592
16.267	2.287641
16.268	1.399538
16.269	0.921977
16.27	0.61424
16.271	0.374357
16.272	0.291454
16.273	0.51024
16.274	1.085157
16.275	1.913852
16.276	2.764029
16.277	3.358266
16.278	3.462216
16.279	2.962237
16.28	1.926483
16.281	0.600074
16.282	-0.682672
16.283	-1.613907
16.284	-2.001021
16.285	-1.817405
16.286	-1.217856
16.287	-0.490124
16.288	0.0779
16.289	0.345047
16.29	0.363906
16.291	0.280245
16.292	0.127481
16.293	-0.333568
16.294	-1.478707
16.295	-3.344734
16.296	-5.320859
16.297	-6.509669
16.298	-6.396087
16.299	-5.075507
16.3	-2.951946
16.301	-0.414525
16.302	2.157169
16.303	4.213936
16.304	5.119164
16.305	4.647641
16.306	3.330343
16.307	2.035059
16.308	1.240255
16.309	0.869878
16.31	0.666603
16.311	0.518824
16.312	0.491729
16.313	0.700729
16.314	1.200683
16.315	1.928854
16.316	2.690454
16.317	3.214118
16.318	3.268271
16.319	2.767044
16.32	1.811271
16.321	0.653666
16.322	-0.402363
16.323	-1.131842
16.324	-1.460915
16.325	-1.433035
16.326	-1.140876
16.327	-0.707561
16.328	-0.280689
16.329	0.024819
16.33	0.196075
16.331	0.293443
16.332	0.284105
16.333	-0.11227
16.334	-1.283352
16.335	-3.245781
16.336	-5.346906
16.337	-6.643069
16.338	-6.58294
16.339	-5.244658
16.34	-3.037128
16.341	-0.378313
16.342	2.302181
16.343	4.406089
16.344	5.277481
16.345	4.70676
16.346	3.261369
16.347	1.852933
16.348	0.999682
16.349	0.650356
16.35	0.547936
16.351	0.549564
16.352	0.663304
16.353	0.944205
16.354	1.410173
16.355	2.006756
16.356	2.599099
16.357	2.999577
16.358	3.033003
16.359	2.608397
16.36	1.766049
16.361	0.679008
16.362	-0.401216
16.363	-1.231678
16.364	-1.651152
16.365	-1.624132
16.366	-1.258605
16.367	-0.76384
16.368	-0.342169
16.369	-0.091571
16.37	0.015882
16.371	0.086949
16.372	0.234802
16.373	0.527461
16.374	0.973764
16.375	1.521291
16.376	2.052743
16.377	2.407815
16.378	2.439806
16.379	2.076953
16.38	1.361314
16.381	0.447499
16.382	-0.449725
16.383	-1.132653
16.384	-1.47717
16.385	-1.461949
16.386	-1.175681
16.387	-0.779686
16.388	-0.42854
16.389	-0.200009
16.39	-0.076552
16.391	0.02081
16.392	0.176421
16.393	0.441015
16.394	0.823337
16.395	1.286718
16.396	1.738019
16.397	2.040572
16.398	2.065899
16.399	1.752262
16.4	1.139034
16.401	0.36208
16.402	-0.395676
16.403	-0.971539
16.404	-1.267529
16.405	-1.269464
16.406	-1.048521
16.407	-0.730845
16.408	-0.437705
16.409	-0.231679
16.41	-0.102004
16.411	0.009046
16.412	0.164423
16.413	0.404515
16.414	0.74086
16.415	1.148046
16.416	1.54712
16.417	1.816657
16.418	1.841374
16.419	1.564995
16.42	1.023199
16.421	0.338666
16.422	-0.328253
16.423	-0.838559
16.424	-1.108983
16.425	-1.127365
16.426	-0.952693
16.427	-0.686452
16.428	-0.425055
16.429	-0.222524
16.43	-0.080066
16.431	0.039458
16.432	0.183902
16.433	0.388456
16.434	0.667404
16.435	1.004096
16.436	1.332777
16.437	1.548201
16.438	1.552492
16.439	1.304123
16.44	0.843197
16.441	0.277884
16.442	-0.262798
16.443	-0.67342
16.444	-0.893338
16.445	-0.915029
16.446	-0.783793
16.447	-0.580615
16.448	-0.388014
16.449	-0.251761
16.45	-0.157676
16.451	-0.038422
16.452	0.185955
16.453	0.549414
16.454	0.997015
16.455	1.390946
16.456	1.587445
16.457	1.540834
16.458	1.317838
16.459	1.003794
16.46	0.63268
16.461	0.21574
16.462	-0.203605
16.463	-0.548116
16.464	-0.749691
16.465	-0.787416
16.466	-0.693076
16.467	-0.528746
16.468	-0.355378
16.469	-0.209444
16.47	-0.09575
16.471	0.0062
16.472	0.126485
16.473	0.289389
16.474	0.505503
16.475	0.757019
16.476	0.986344
16.477	1.118353
16.478	1.097645
16.479	0.910043
16.48	0.586317
16.481	0.190619
16.482	-0.198753
16.483	-0.50812
16.484	-0.68575
16.485	-0.71559
16.486	-0.623371
16.487	-0.466741
16.488	-0.306272
16.489	-0.176282
16.49	-0.075431
16.491	0.022309
16.492	0.144125
16.493	0.30136
16.494	0.490456
16.495	0.692428
16.496	0.867929
16.497	0.967176
16.498	0.949449
16.499	0.79918
16.5	0.533381
16.501	0.198625
16.502	-0.137597
16.503	-0.404214
16.504	-0.55161
16.505	-0.569471
16.506	-0.488524
16.507	-0.362443
16.508	-0.238039
16.509	-0.136644
16.51	-0.052938
16.511	0.035149
16.512	0.14779
16.513	0.290725
16.514	0.457188
16.515	0.628054
16.516	0.770754
16.517	0.848995
16.518	0.833225
16.519	0.707861
16.52	0.481079
16.521	0.192188
16.522	-0.094281
16.523	-0.313875
16.524	-0.428912
16.525	-0.437867
16.526	-0.371843
16.527	-0.276332
16.528	-0.185024
16.529	-0.108547
16.53	-0.037892
16.531	0.04486
16.532	0.150611
16.533	0.277741
16.534	0.419202
16.535	0.561686
16.536	0.679068
16.537	0.739656
16.538	0.720535
16.539	0.612804
16.54	0.424557
16.541	0.189617
16.542	-0.036043
16.543	-0.199069
16.544	-0.271427
16.545	-0.259217
16.546	-0.19775
16.547	-0.128677
16.548	-0.076535
16.549	-0.042264
16.55	-0.0085
16.551	0.046101
16.552	0.129942
16.553	0.236078
16.554	0.353052
16.555	0.469233
16.556	0.567467
16.557	0.624344
16.558	0.617232
16.559	0.531299
16.56	0.369095
16.561	0.163185
16.562	-0.031349
16.563	-0.166639
16.564	-0.223597
16.565	-0.216158
16.566	-0.177779
16.567	-0.13519
16.568	-0.096759
16.569	-0.058305
16.57	-0.009484
16.571	0.058228
16.572	0.144214
16.573	0.241822
16.574	0.344935
16.575	0.442554
16.576	0.510068
16.577	0.520709
16.578	0.46983
16.579	0.385606
16.58	0.32045
16.581	0.320215
16.582	0.371235
16.583	0.384506
16.584	0.275784
16.585	0.066367
16.586	-0.125997
16.587	-0.201063
16.588	-0.159171
16.589	-0.068089
16.59	0.018691
16.591	0.091446
16.592	0.161365
16.593	0.237842
16.594	0.324224
16.595	0.414806
16.596	0.489242
16.597	0.521726
16.598	0.495277
16.599	0.404304
16.6	0.260665
16.601	0.100759
16.602	-0.029869
16.603	-0.101943
16.604	-0.115081
16.605	-0.095227
16.606	-0.073193
16.607	-0.060274
16.608	-0.049611
16.609	-0.031435
16.61	0.000612
16.611	0.049399
16.612	0.114511
16.613	0.193418
16.614	0.282235
16.615	0.369464
16.616	0.432581
16.617	0.451864
16.618	0.420464
16.619	0.339859
16.62	0.222191
16.621	0.095067
16.622	-0.007859
16.623	-0.061828
16.624	-0.064194
16.625	-0.039151
16.626	-0.017224
16.627	-0.008212
16.628	-0.002731
16.629	0.00998
16.63	0.035542
16.631	0.077886
16.632	0.139799
16.633	0.219862
16.634	0.310304
16.635	0.391253
16.636	0.434203
16.637	0.424155
16.638	0.368962
16.639	0.285793
16.64	0.19092
16.641	0.099872
16.642	0.029857
16.643	-0.003537
16.644	0.00029
16.645	0.020353
16.646	0.032278
16.647	0.030315
16.648	0.02519
16.649	0.028927
16.65	0.048792
16.651	0.090046
16.652	0.154276
16.653	0.233877
16.654	0.311619
16.655	0.366416
16.656	0.390646
16.657	0.398066
16.658	0.397884
16.659	0.379674
16.66	0.332284
16.661	0.253758
16.662	0.147482
16.663	0.025932
16.664	-0.081006
16.665	-0.130145
16.666	-0.099144
16.667	-0.015359
16.668	0.071702
16.669	0.135863
16.67	0.180094
16.671	0.214177
16.672	0.235203
16.673	0.232209
16.674	0.213078
16.675	0.210114
16.676	0.247525
16.677	0.314809
16.678	0.375864
16.679	0.398218
16.68	0.370252
16.681	0.295491
16.682	0.185296
16.683	0.060587
16.684	-0.042809
16.685	-0.080807
16.686	-0.038102
16.687	0.048904
16.688	0.129915
16.689	0.185401
16.69	0.224584
16.691	0.25747
16.692	0.275097
16.693	0.260327
16.694	0.220879
16.695	0.195101
16.696	0.213815
16.697	0.268657
16.698	0.323287
16.699	0.345916
16.7	0.327171
16.701	0.27573
16.702	0.207315
16.703	0.13751
16.704	0.084254
16.705	0.069143
16.706	0.09701
16.707	0.1421
16.708	0.172103
16.709	0.176538
16.71	0.169322
16.711	0.176079
16.712	0.220306
16.713	0.316296
16.714	0.460346
16.715	0.607145
16.716	0.669222
16.717	0.587601
16.718	0.407774
16.719	0.244401
16.72	0.167996
16.721	0.158629
16.722	0.159416
16.723	0.138371
16.724	0.10384
16.725	0.083229
16.726	0.089751
16.727	0.111231
16.728	0.130454
16.729	0.145168
16.73	0.163192
16.731	0.182344
16.732	0.182256
16.733	0.145203
16.734	0.087119
16.735	0.05359
16.736	0.074421
16.737	0.133439
16.738	0.188969
16.739	0.211042
16.74	0.197529
16.741	0.166693
16.742	0.135878
16.743	0.107951
16.744	0.083315
16.745	0.072322
16.746	0.082415
16.747	0.104899
16.748	0.125851
16.749	0.142743
16.75	0.161609
16.751	0.179949
16.752	0.18039
16.753	0.148286
16.754	0.0987
16.755	0.073787
16.756	0.099407
16.757	0.157046
16.758	0.207038
16.759	0.224023
16.76	0.210385
16.761	0.186523
16.762	0.166794
16.763	0.148824
16.764	0.12932
16.765	0.116452
16.766	0.11898
16.767	0.133444
16.768	0.149926
16.769	0.16492
16.77	0.180034
16.771	0.190596
16.772	0.183831
16.773	0.152608
16.774	0.113457
16.775	0.099252
16.776	0.122098
16.777	0.16038
16.778	0.186429
16.779	0.188172
16.78	0.171988
16.781	0.154837
16.782	0.144507
16.783	0.133136
16.784	0.116108
16.785	0.103026
16.786	0.103978
16.787	0.116056
16.788	0.129621
16.789	0.140963
16.79	0.151293
16.791	0.157796
16.792	0.151754
16.793	0.127762
16.794	0.098197
16.795	0.087426
16.796	0.102811
16.797	0.127428
16.798	0.142228
16.799	0.142273
16.8	0.137749
16.801	0.141273
16.802	0.149816
16.803	0.148082
16.804	0.131443
16.805	0.114499
16.806	0.113956
16.807	0.130673
16.808	0.154472
16.809	0.178955
16.81	0.20247
16.811	0.220538
16.812	0.222542
16.813	0.198918
16.814	0.157546
16.815	0.12271
16.816	0.110971
16.817	0.11783
16.818	0.125902
16.819	0.123189
16.82	0.114661
16.821	0.109558
16.822	0.105303
16.823	0.09514
16.824	0.082148
16.825	0.077128
16.826	0.085192
16.827	0.099358
16.828	0.110799
16.829	0.119108
16.83	0.128105
16.831	0.138004
16.832	0.142194
16.833	0.132542
16.834	0.112925
16.835	0.098631
16.836	0.098529
16.837	0.10726
16.838	0.113464
16.839	0.111534
16.84	0.10444
16.841	0.094185
16.842	0.077661
16.843	0.058853
16.844	0.066527
16.845	0.149918
16.846	0.327294
16.847	0.530234
16.848	0.628401
16.849	0.538828
16.85	0.315451
16.851	0.10754
16.852	0.018508
16.853	0.032224
16.854	0.075615
16.855	0.103222
16.856	0.110755
16.857	0.108162
16.858	0.10189
16.859	0.095577
16.86	0.093331
16.861	0.095743
16.862	0.098905
16.863	0.098173
16.864	0.092388
16.865	0.086272
16.866	0.082619
16.867	0.07723
16.868	0.068791
16.869	0.063458
16.87	0.067583
16.871	0.080092
16.872	0.089328
16.873	0.082722
16.874	0.062849
16.875	0.044938
16.876	0.03954
16.877	0.045358
16.878	0.054923
16.879	0.062048
16.88	0.065287
16.881	0.069146
16.882	0.082052
16.883	0.106955
16.884	0.135575
16.885	0.154195
16.886	0.153146
16.887	0.134502
16.888	0.111037
16.889	0.095903
16.89	0.094793
16.891	0.102584
16.892	0.104789
16.893	0.091266
16.894	0.069957
16.895	0.058207
16.896	0.061934
16.897	0.070846
16.898	0.072536
16.899	0.065255
16.9	0.056611
16.901	0.057652
16.902	0.076968
16.903	0.110612
16.904	0.14119
16.905	0.15114
16.906	0.135194
16.907	0.10333
16.908	0.072535
16.909	0.055051
16.91	0.053127
16.911	0.058676
16.912	0.057796
16.913	0.043055
16.914	0.023123
16.915	0.014052
16.916	0.020372
16.917	0.03142
16.918	0.034841
16.919	0.027347
16.92	0.016199
16.921	0.016671
16.922	0.041475
16.923	0.086359
16.924	0.130232
16.925	0.150553
16.926	0.139896
16.927	0.110436
16.928	0.080967
16.929	0.062209
16.93	0.053667
16.931	0.04716
16.932	0.033806
16.933	0.013294
16.934	-0.001892
16.935	0.002171
16.936	0.021643
16.937	0.036958
16.938	0.035116
16.939	0.020137
16.94	0.007029
16.941	0.013045
16.942	0.047174
16.943	0.102646
16.944	0.158446
16.945	0.187695
16.946	0.174997
16.947	0.130279
16.948	0.078548
16.949	0.038759
16.95	0.015072
16.951	0.000787
16.952	-0.012848
16.953	-0.027363
16.954	-0.033366
16.955	-0.022871
16.956	-0.005763
16.957	-0.001351
16.958	-0.01642
16.959	-0.040913
16.96	-0.057316
16.961	-0.050314
16.962	-0.016532
16.963	0.031314
16.964	0.071115
16.965	0.084224
16.966	0.068461
16.967	0.039155
16.968	0.013874
16.969	-0.000876
16.97	-0.008958
16.971	-0.016327
16.972	-0.025899
16.973	-0.037753
16.974	-0.050454
16.975	-0.066104
16.976	-0.087345
16.977	-0.096039
16.978	-0.048227
16.979	0.087845
16.98	0.279555
16.981	0.421001
16.982	0.407769
16.983	0.244152
16.984	0.049918
16.985	-0.058659
16.986	-0.064897
16.987	-0.026355
16.988	0.001996
16.989	0.003294
16.99	-0.013426
16.991	-0.033576
16.992	-0.046762
16.993	-0.048426
16.994	-0.038784
16.995	-0.027218
16.996	-0.030339
16.997	-0.055227
16.998	-0.093306
16.999	-0.130136
17.0	-0.152068
17.001	-0.150199
17.002	-0.124964
17.003	-0.085149
17.004	-0.043224
17.005	-0.012889
17.006	-0.00438
17.007	-0.017071
17.008	-0.0409
17.009	-0.066184
17.01	-0.087167
17.011	-0.098407
17.012	-0.095765
17.013	-0.079793
17.014	-0.055754
17.015	-0.035846
17.016	-0.03572
17.017	-0.059962
17.018	-0.097541
17.019	-0.13165
17.02	-0.148553
17.021	-0.142221
17.022	-0.114462
17.023	-0.071544
17.024	-0.023927
17.025	0.01275
17.026	0.024416
17.027	0.010111
17.028	-0.018256
17.029	-0.048568
17.03	-0.073478
17.031	-0.086778
17.032	-0.085415
17.033	-0.072179
17.034	-0.05418
17.035	-0.043725
17.036	-0.053143
17.037	-0.081823
17.038	-0.116318
17.039	-0.143691
17.04	-0.158709
17.041	-0.159258
17.042	-0.139275
17.043	-0.09239
17.044	-0.026999
17.045	0.026945
17.046	0.039108
17.047	0.008439
17.048	-0.040438
17.049	-0.084715
17.05	-0.113857
17.051	-0.124361
17.052	-0.117904
17.053	-0.099327
17.054	-0.075126
17.055	-0.057935
17.056	-0.063057
17.057	-0.094609
17.058	-0.140936
17.059	-0.183455
17.06	-0.207555
17.061	-0.20541
17.062	-0.172311
17.063	-0.108512
17.064	-0.02937
17.065	0.03082
17.066	0.04132
17.067	0.004255
17.068	-0.052646
17.069	-0.104887
17.07	-0.141175
17.071	-0.158272
17.072	-0.155863
17.073	-0.133074
17.074	-0.093024
17.075	-0.052495
17.076	-0.03632
17.077	-0.058132
17.078	-0.110622
17.079	-0.172
17.08	-0.219313
17.081	-0.237669
17.082	-0.227038
17.083	-0.205908
17.084	-0.192493
17.085	-0.180578
17.086	-0.152545
17.087	-0.108609
17.088	-0.066622
17.089	-0.042827
17.09	-0.04373
17.091	-0.071465
17.092	-0.128164
17.093	-0.207376
17.094	-0.279569
17.095	-0.303496
17.096	-0.26779
17.097	-0.205926
17.098	-0.15885
17.099	-0.138544
17.1	-0.131137
17.101	-0.12253
17.102	-0.116966
17.103	-0.130068
17.104	-0.162027
17.105	-0.188597
17.106	-0.190943
17.107	-0.179987
17.108	-0.171457
17.109	-0.147523
17.11	-0.064742
17.111	0.090669
17.112	0.251584
17.113	0.2924
17.114	0.145226
17.115	-0.108817
17.116	-0.307772
17.117	-0.361265
17.118	-0.304546
17.119	-0.22383
17.12	-0.169388
17.121	-0.143925
17.122	-0.141113
17.123	-0.1638
17.124	-0.20452
17.125	-0.23282
17.126	-0.222617
17.127	-0.183233
17.128	-0.147164
17.129	-0.137083
17.13	-0.155623
17.131	-0.195999
17.132	-0.252373
17.133	-0.316917
17.134	-0.367397
17.135	-0.376567
17.136	-0.343631
17.137	-0.297925
17.138	-0.26798
17.139	-0.258403
17.14	-0.254391
17.141	-0.243308
17.142	-0.23028
17.143	-0.230854
17.144	-0.247481
17.145	-0.258867
17.146	-0.243464
17.147	-0.208604
17.148	-0.181896
17.149	-0.181311
17.15	-0.205213
17.151	-0.242642
17.152	-0.285782
17.153	-0.330386
17.154	-0.364132
17.155	-0.371285
17.156	-0.353145
17.157	-0.326467
17.158	-0.303757
17.159	-0.284681
17.16	-0.26269
17.161	-0.238386
17.162	-0.226694
17.163	-0.245149
17.164	-0.287536
17.165	-0.317412
17.166	-0.306495
17.167	-0.269827
17.168	-0.244632
17.169	-0.249394
17.17	-0.275872
17.171	-0.307421
17.172	-0.337295
17.173	-0.368035
17.174	-0.39442
17.175	-0.403103
17.176	-0.391993
17.177	-0.372391
17.178	-0.353452
17.179	-0.336272
17.18	-0.320272
17.181	-0.309525
17.182	-0.31176
17.183	-0.3308
17.184	-0.35582
17.185	-0.361893
17.186	-0.336745
17.187	-0.300753
17.188	-0.284809
17.189	-0.298992
17.19	-0.329541
17.191	-0.3574
17.192	-0.37796
17.193	-0.400412
17.194	-0.427071
17.195	-0.446227
17.196	-0.448706
17.197	-0.437463
17.198	-0.419982
17.199	-0.401434
17.2	-0.384788
17.201	-0.373799
17.202	-0.374545
17.203	-0.38805
17.204	-0.398335
17.205	-0.381065
17.206	-0.33484
17.207	-0.290267
17.208	-0.279866
17.209	-0.310012
17.21	-0.361659
17.211	-0.410859
17.212	-0.449298
17.213	-0.4832
17.214	-0.514014
17.215	-0.531878
17.216	-0.529074
17.217	-0.508945
17.218	-0.482286
17.219	-0.460478
17.22	-0.449052
17.221	-0.447047
17.222	-0.453192
17.223	-0.465302
17.224	-0.472051
17.225	-0.459632
17.226	-0.431644
17.227	-0.410271
17.228	-0.414605
17.229	-0.44324
17.23	-0.478114
17.231	-0.50424
17.232	-0.524182
17.233	-0.549275
17.234	-0.578178
17.235	-0.595228
17.236	-0.5937
17.237	-0.587663
17.238	-0.593845
17.239	-0.606643
17.24	-0.590514
17.241	-0.500299
17.242	-0.326779
17.243	-0.132587
17.244	-0.02974
17.245	-0.093386
17.246	-0.283227
17.247	-0.470718
17.248	-0.558404
17.249	-0.551033
17.25	-0.511601
17.251	-0.489069
17.252	-0.4986
17.253	-0.535073
17.254	-0.579148
17.255	-0.604769
17.256	-0.601408
17.257	-0.582309
17.258	-0.565412
17.259	-0.556851
17.26	-0.55305
17.261	-0.549661
17.262	-0.546602
17.263	-0.54548
17.264	-0.543545
17.265	-0.535082
17.266	-0.520939
17.267	-0.512364
17.268	-0.520971
17.269	-0.545595
17.27	-0.57376
17.271	-0.596088
17.272	-0.615005
17.273	-0.637518
17.274	-0.659767
17.275	-0.667485
17.276	-0.656623
17.277	-0.639612
17.278	-0.62861
17.279	-0.624524
17.28	-0.620822
17.281	-0.612756
17.282	-0.602398
17.283	-0.593863
17.284	-0.58666
17.285	-0.57672
17.286	-0.563576
17.287	-0.554607
17.288	-0.558987
17.289	-0.577743
17.29	-0.603003
17.291	-0.626412
17.292	-0.646987
17.293	-0.668104
17.294	-0.68491
17.295	-0.686494
17.296	-0.674448
17.297	-0.663812
17.298	-0.665089
17.299	-0.6754
17.3	-0.684957
17.301	-0.687479
17.302	-0.683627
17.303	-0.676542
17.304	-0.667541
17.305	-0.656118
17.306	-0.643531
17.307	-0.636139
17.308	-0.641626
17.309	-0.661126
17.31	-0.687601
17.311	-0.711263
17.312	-0.727554
17.313	-0.738178
17.314	-0.742927
17.315	-0.741851
17.316	-0.742733
17.317	-0.752038
17.318	-0.766432
17.319	-0.777846
17.32	-0.780089
17.321	-0.773633
17.322	-0.765085
17.323	-0.760694
17.324	-0.760521
17.325	-0.757965
17.326	-0.748948
17.327	-0.740656
17.328	-0.744451
17.329	-0.763074
17.33	-0.788117
17.331	-0.806875
17.332	-0.81347
17.333	-0.811878
17.334	-0.806819
17.335	-0.802086
17.336	-0.803574
17.337	-0.812168
17.338	-0.821621
17.339	-0.827114
17.34	-0.831726
17.341	-0.844156
17.342	-0.866792
17.343	-0.889262
17.344	-0.897187
17.345	-0.884008
17.346	-0.858219
17.347	-0.839132
17.348	-0.838057
17.349	-0.845113
