time_s	mv
0.0	-0.310016
0.001	-0.225753
0.002	-0.217754
0.003	-0.350082
0.004	-0.583287
0.005	-0.820574
0.006	-0.992588
0.007	-1.045249
0.008	-0.944783
0.009	-0.745427
0.01	-0.567545
0.011	-0.492927
0.012	-0.513642
0.013	-0.570004
0.014	-0.606928
0.015	-0.592942
0.016	-0.520332
0.017	-0.409895
0.018	-0.304186
0.019	-0.234062
0.02	-0.194646
0.021	-0.177121
0.022	-0.214611
0.023	-0.347638
0.024	-0.545916
0.025	-0.734637
0.026	-0.869163
0.027	-0.917062
0.028	-0.8502
0.029	-0.703986
0.03	-0.569959
0.031	-0.509411
0.032	-0.509237
0.033	-0.519407
0.034	-0.502788
0.035	-0.452649
0.036	-0.386254
0.037	-0.324514
0.038	-0.278396
0.039	-0.247982
0.04	-0.22432
0.041	-0.208724
0.042	-0.237316
0.043	-0.343998
0.044	-0.491842
0.045	-0.612235
0.046	-0.691064
0.047	-0.738438
0.048	-0.737225
0.049	-0.682129
0.05	-0.610112
0.051	-0.559558
0.052	-0.534729
0.053	-0.521991
0.054	-0.513236
0.055	-0.50372
0.056	-0.476849
0.057	-0.413913
0.058	-0.329239
0.059	-0.260855
0.06	-0.221335
0.061	-0.201679
0.062	-0.221262
0.063	-0.310512
0.064	-0.441253
0.065	-0.557801
0.066	-0.65262
0.067	-0.728674
0.068	-0.755561
0.069	-0.718762
0.07	-0.646663
0.071	-0.570304
0.072	-0.496741
0.073	-0.422354
0.074	-0.350087
0.075	-0.289703
0.076	-0.24867
0.077	-0.231006
0.078	-0.236491
0.079	-0.252549
0.08	-0.258194
0.081	-0.249241
0.082	-0.262288
0.083	-0.335698
0.084	-0.437966
0.085	-0.510958
0.086	-0.563591
0.087	-0.63244
0.088	-0.703433
0.089	-0.734603
0.09	-0.706418
0.091	-0.629628
0.092	-0.533513
0.093	-0.450889
0.094	-0.404765
0.095	-0.396118
0.096	-0.395709
0.097	-0.369498
0.098	-0.318979
0.099	-0.271834
0.1	-0.239544
0.101	-0.219921
0.102	-0.237574
0.103	-0.319666
0.104	-0.424774
0.105	-0.485479
0.106	-0.513066
0.107	-0.566408
0.108	-0.652717
0.109	-0.722115
0.11	-0.724667
0.111	-0.651155
0.112	-0.536102
0.113	-0.428433
0.114	-0.362831
0.115	-0.348625
0.116	-0.366828
0.117	-0.381458
0.118	-0.365968
0.119	-0.320156
0.12	-0.262033
0.121	-0.21978
0.122	-0.236502
0.123	-0.333377
0.124	-0.45243
0.125	-0.513496
0.126	-0.527819
0.127	-0.567599
0.128	-0.651672
0.129	-0.726334
0.13	-0.728678
0.131	-0.644029
0.132	-0.514827
0.133	-0.403711
0.134	-0.355616
0.135	-0.381087
0.136	-0.447542
0.137	-0.489155
0.138	-0.454472
0.139	-0.351574
0.14	-0.234792
0.141	-0.164228
0.142	-0.189425
0.143	-0.317441
0.144	-0.468721
0.145	-0.537986
0.146	-0.506462
0.147	-0.426546
0.148	-0.360081
0.149	-0.368185
0.15	-0.447994
0.151	-0.503936
0.152	-0.466656
0.153	-0.365511
0.154	-0.266769
0.155	-0.219503
0.156	-0.246761
0.157	-0.321328
0.158	-0.362427
0.159	-0.314958
0.16	-0.2151
0.161	-0.15036
0.162	-0.189863
0.163	-0.335185
0.164	-0.496643
0.165	-0.575557
0.166	-0.579209
0.167	-0.581037
0.168	-0.604836
0.169	-0.603038
0.17	-0.531348
0.171	-0.427507
0.172	-0.378495
0.173	-0.411673
0.174	-0.46138
0.175	-0.439866
0.176	-0.334177
0.177	-0.223712
0.178	-0.190601
0.179	-0.234174
0.18	-0.281761
0.181	-0.273449
0.182	-0.228366
0.183	-0.213315
0.184	-0.273187
0.185	-0.430099
0.186	-0.668714
0.187	-0.868455
0.188	-0.87352
0.189	-0.673475
0.19	-0.420166
0.191	-0.264888
0.192	-0.24787
0.193	-0.326268
0.194	-0.427559
0.195	-0.471078
0.196	-0.405596
0.197	-0.263998
0.198	-0.152678
0.199	-0.141298
0.2	-0.186383
0.201	-0.20554
0.202	-0.187203
0.203	-0.177421
0.204	-0.206682
0.205	-0.296165
0.206	-0.461396
0.207	-0.638309
0.208	-0.703092
0.209	-0.613723
0.21	-0.453595
0.211	-0.324593
0.212	-0.2645
0.213	-0.265595
0.214	-0.300072
0.215	-0.313646
0.216	-0.252829
0.217	-0.137616
0.218	-0.066715
0.219	-0.101053
0.22	-0.186865
0.221	-0.237185
0.222	-0.238843
0.223	-0.230972
0.224	-0.225622
0.225	-0.218671
0.226	-0.212839
0.227	-0.163353
0.228	-0.03737
0.229	0.046731
0.23	-0.039444
0.231	-0.214075
0.232	-0.322039
0.233	-0.334983
0.234	-0.292385
0.235	-0.199085
0.236	-0.053272
0.237	0.07785
0.238	0.089265
0.239	-0.036436
0.24	-0.200366
0.241	-0.299638
0.242	-0.322978
0.243	-0.311785
0.244	-0.270928
0.245	-0.184332
0.246	-0.058714
0.247	0.11771
0.248	0.314973
0.249	0.348238
0.25	0.105104
0.251	-0.21624
0.252	-0.377004
0.253	-0.38018
0.254	-0.35287
0.255	-0.35909
0.256	-0.369071
0.257	-0.341889
0.258	-0.295129
0.259	-0.269208
0.26	-0.261312
0.261	-0.238737
0.262	-0.202587
0.263	-0.185094
0.264	-0.199408
0.265	-0.261566
0.266	-0.409522
0.267	-0.620627
0.268	-0.781925
0.269	-0.796099
0.27	-0.663379
0.271	-0.456871
0.272	-0.269459
0.273	-0.179971
0.274	-0.225129
0.275	-0.369824
0.276	-0.504862
0.277	-0.523176
0.278	-0.423301
0.279	-0.293808
0.28	-0.194422
0.281	-0.12054
0.282	-0.074932
0.283	-0.083978
0.284	-0.149126
0.285	-0.259707
0.286	-0.410496
0.287	-0.541976
0.288	-0.564387
0.289	-0.485352
0.29	-0.382977
0.291	-0.280148
0.292	-0.16949
0.293	-0.076019
0.294	-0.019321
0.295	0.014245
0.296	0.034281
0.297	0.023165
0.298	-0.032053
0.299	-0.109478
0.3	-0.164388
0.301	-0.17119
0.302	-0.156967
0.303	-0.167974
0.304	-0.21307
0.305	-0.293725
0.306	-0.442672
0.307	-0.651441
0.308	-0.818876
0.309	-0.837011
0.31	-0.689511
0.311	-0.453738
0.312	-0.238416
0.313	-0.118016
0.314	-0.098338
0.315	-0.12508
0.316	-0.13491
0.317	-0.111488
0.318	-0.086713
0.319	-0.089466
0.32	-0.108939
0.321	-0.119883
0.322	-0.130411
0.323	-0.166982
0.324	-0.222797
0.325	-0.282947
0.326	-0.363865
0.327	-0.454059
0.328	-0.498338
0.329	-0.483423
0.33	-0.428878
0.331	-0.326956
0.332	-0.191109
0.333	-0.088118
0.334	-0.06702
0.335	-0.097386
0.336	-0.099361
0.337	-0.041835
0.338	0.017177
0.339	0.012585
0.34	-0.046615
0.341	-0.106826
0.342	-0.146539
0.343	-0.181693
0.344	-0.218593
0.345	-0.273191
0.346	-0.399553
0.347	-0.608837
0.348	-0.805381
0.349	-0.859718
0.35	-0.721274
0.351	-0.455908
0.352	-0.189102
0.353	-0.017975
0.354	0.038868
0.355	0.037221
0.356	0.048331
0.357	0.084099
0.358	0.094093
0.359	0.040386
0.36	-0.051454
0.361	-0.123359
0.362	-0.150185
0.363	-0.147353
0.364	-0.113003
0.365	-0.015906
0.366	0.172039
0.367	0.462544
0.368	0.741559
0.369	0.736743
0.37	0.376787
0.371	-0.029957
0.372	-0.222273
0.373	-0.251788
0.374	-0.254397
0.375	-0.261454
0.376	-0.248603
0.377	-0.222186
0.378	-0.210608
0.379	-0.216785
0.38	-0.216341
0.381	-0.186917
0.382	-0.1375
0.383	-0.1026
0.384	-0.101371
0.385	-0.134075
0.386	-0.180327
0.387	-0.156135
0.388	-0.016474
0.389	0.094308
0.39	0.047048
0.391	-0.04706
0.392	-0.062903
0.393	-0.065235
0.394	-0.162762
0.395	-0.351862
0.396	-0.524614
0.397	-0.56919
0.398	-0.468989
0.399	-0.3052
0.4	-0.163349
0.401	-0.065495
0.402	-0.002368
0.403	0.024509
0.404	0.019311
0.405	-0.003177
0.406	-0.010126
0.407	0.08958
0.408	0.315717
0.409	0.450745
0.41	0.323492
0.411	0.106386
0.412	0.008075
0.413	-0.016529
0.414	-0.091314
0.415	-0.233065
0.416	-0.365492
0.417	-0.40306
0.418	-0.329001
0.419	-0.207372
0.42	-0.108511
0.421	-0.046274
0.422	-0.006937
0.423	0.014841
0.424	0.039816
0.425	0.106018
0.426	0.248289
0.427	0.490374
0.428	0.731346
0.429	0.717759
0.43	0.394945
0.431	0.067421
0.432	-0.028942
0.433	0.018582
0.434	0.043575
0.435	0.004113
0.436	-0.047126
0.437	-0.056051
0.438	-0.028023
0.439	-0.015969
0.44	-0.046474
0.441	-0.086364
0.442	-0.099739
0.443	-0.083896
0.444	-0.028923
0.445	0.089083
0.446	0.27901
0.447	0.531341
0.448	0.731886
0.449	0.65115
0.45	0.27864
0.451	-0.051666
0.452	-0.110814
0.453	-0.019511
0.454	0.021303
0.455	-0.042266
0.456	-0.13301
0.457	-0.156835
0.458	-0.104545
0.459	-0.048112
0.46	-0.040704
0.461	-0.060541
0.462	-0.066619
0.463	-0.045785
0.464	0.010552
0.465	0.090854
0.466	0.139299
0.467	0.135847
0.468	0.103753
0.469	0.003806
0.47	-0.158109
0.471	-0.225622
0.472	-0.138597
0.473	-0.045304
0.474	-0.052791
0.475	-0.083442
0.476	-0.014752
0.477	0.123606
0.478	0.166041
0.479	0.032378
0.48	-0.160906
0.481	-0.237937
0.482	-0.145986
0.483	0.024289
0.484	0.131177
0.485	0.058101
0.486	-0.181159
0.487	-0.364036
0.488	-0.28316
0.489	-0.057433
0.49	0.065796
0.491	0.074655
0.492	0.05768
0.493	-0.006484
0.494	-0.125688
0.495	-0.194833
0.496	-0.121895
0.497	0.024757
0.498	0.079534
0.499	-0.015002
0.5	-0.145623
0.501	-0.172107
0.502	-0.0717
0.503	0.070951
0.504	0.154167
0.505	0.113805
0.506	-0.0108
0.507	-0.052171
0.508	0.073591
0.509	0.196144
0.51	0.167744
0.511	0.096123
0.512	0.090635
0.513	0.084787
0.514	0.01453
0.515	-0.061881
0.516	-0.06582
0.517	-0.019502
0.518	-0.013482
0.519	-0.081047
0.52	-0.1527
0.521	-0.140316
0.522	-0.039263
0.523	0.075215
0.524	0.11792
0.525	0.039889
0.526	-0.10654
0.527	-0.145961
0.528	0.004607
0.529	0.165557
0.53	0.176394
0.531	0.131492
0.532	0.128041
0.533	0.092338
0.534	-0.03655
0.535	-0.181581
0.536	-0.229665
0.537	-0.169725
0.538	-0.092899
0.539	-0.073842
0.54	-0.087758
0.541	-0.06111
0.542	0.023991
0.543	0.116318
0.544	0.156155
0.545	0.110244
0.546	0.016902
0.547	0.009992
0.548	0.14172
0.549	0.245612
0.55	0.201517
0.551	0.129529
0.552	0.130267
0.553	0.128205
0.554	0.05755
0.555	-0.019169
0.556	-0.014836
0.557	0.05322
0.558	0.086186
0.559	0.031788
0.56	-0.054957
0.561	-0.08278
0.562	-0.028492
0.563	0.053701
0.564	0.097958
0.565	0.066806
0.566	-0.005392
0.567	0.007594
0.568	0.149342
0.569	0.252268
0.57	0.201935
0.571	0.120444
0.572	0.102488
0.573	0.063633
0.574	-0.065791
0.575	-0.212718
0.576	-0.255422
0.577	-0.169793
0.578	-0.054494
0.579	-0.010639
0.58	-0.029655
0.581	-0.029846
0.582	0.026949
0.583	0.1075
0.584	0.17261
0.585	0.216835
0.586	0.284812
0.587	0.440439
0.588	0.607556
0.589	0.578233
0.59	0.341822
0.591	0.137972
0.592	0.084854
0.593	0.063951
0.594	-0.028304
0.595	-0.139622
0.596	-0.161676
0.597	-0.082569
0.598	-0.003941
0.599	-0.006875
0.6	-0.055488
0.601	-0.059472
0.602	0.01091
0.603	0.110954
0.604	0.193943
0.605	0.251873
0.606	0.327614
0.607	0.48013
0.608	0.630908
0.609	0.579046
0.61	0.325208
0.611	0.115274
0.612	0.066034
0.613	0.057893
0.614	-0.007586
0.615	-0.077892
0.616	-0.060861
0.617	0.032854
0.618	0.092091
0.619	0.044959
0.62	-0.052773
0.621	-0.09085
0.622	-0.027251
0.623	0.102098
0.624	0.264053
0.625	0.448765
0.626	0.642963
0.627	0.816059
0.628	0.857014
0.629	0.63124
0.63	0.238933
0.631	-0.029626
0.632	-0.08496
0.633	-0.093416
0.634	-0.177816
0.635	-0.293456
0.636	-0.345173
0.637	-0.309107
0.638	-0.238138
0.639	-0.1848
0.64	-0.142635
0.641	-0.066689
0.642	0.055487
0.643	0.190808
0.644	0.319807
0.645	0.449755
0.646	0.591442
0.647	0.738873
0.648	0.787668
0.649	0.591511
0.65	0.241216
0.651	0.026689
0.652	0.034453
0.653	0.0797
0.654	0.000294
0.655	-0.189555
0.656	-0.364671
0.657	-0.417467
0.658	-0.347143
0.659	-0.23469
0.66	-0.134331
0.661	-0.030981
0.662	0.088602
0.663	0.199523
0.664	0.290516
0.665	0.380787
0.666	0.495845
0.667	0.638505
0.668	0.704092
0.669	0.539731
0.67	0.22334
0.671	0.026712
0.672	0.025422
0.673	0.050139
0.674	-0.020308
0.675	-0.152624
0.676	-0.267775
0.677	-0.319318
0.678	-0.298534
0.679	-0.226524
0.68	-0.126707
0.681	-0.005612
0.682	0.116025
0.683	0.200013
0.684	0.241567
0.685	0.276433
0.686	0.351756
0.687	0.490018
0.688	0.592069
0.689	0.48792
0.69	0.22782
0.691	0.070526
0.692	0.100338
0.693	0.15866
0.694	0.120651
0.695	0.014551
0.696	-0.074974
0.697	-0.105321
0.698	-0.091431
0.699	-0.067574
0.7	-0.04115
0.701	0.004735
0.702	0.061175
0.703	0.094734
0.704	0.105803
0.705	0.132593
0.706	0.215378
0.707	0.36755
0.708	0.507677
0.709	0.505102
0.71	0.375836
0.711	0.247251
0.712	0.128117
0.713	-0.063362
0.714	-0.292863
0.715	-0.403009
0.716	-0.308041
0.717	-0.113858
0.718	-0.008494
0.719	-0.055082
0.72	-0.135853
0.721	-0.106287
0.722	0.046117
0.723	0.218605
0.724	0.305163
0.725	0.27083
0.726	0.212195
0.727	0.312868
0.728	0.569642
0.729	0.712355
0.73	0.595515
0.731	0.377582
0.732	0.19525
0.733	0.009444
0.734	-0.198909
0.735	-0.3295
0.736	-0.289779
0.737	-0.133843
0.738	-0.017264
0.739	-0.015339
0.74	-0.05171
0.741	-0.03253
0.742	0.022087
0.743	0.036958
0.744	0.01291
0.745	0.036963
0.746	0.224884
0.747	0.623301
0.748	1.02529
0.749	1.080223
0.75	0.757994
0.751	0.375446
0.752	0.12639
0.753	-0.058056
0.754	-0.250597
0.755	-0.388711
0.756	-0.378719
0.757	-0.244266
0.758	-0.121354
0.759	-0.096469
0.76	-0.112766
0.761	-0.071266
0.762	0.038727
0.763	0.158056
0.764	0.254098
0.765	0.358125
0.766	0.563816
0.767	0.927397
0.768	1.251084
0.769	1.198549
0.77	0.769263
0.771	0.313485
0.772	0.049822
0.773	-0.081368
0.774	-0.165715
0.775	-0.186339
0.776	-0.118041
0.777	-0.022609
0.778	-0.002365
0.779	-0.074648
0.78	-0.143202
0.781	-0.109894
0.782	0.022698
0.783	0.17737
0.784	0.268786
0.785	0.204023
0.786	-0.075112
0.787	-0.472883
0.788	-0.755734
0.789	-0.747132
0.79	-0.471406
0.791	-0.111683
0.792	0.139058
0.793	0.202199
0.794	0.142654
0.795	0.091596
0.796	0.121471
0.797	0.192563
0.798	0.218731
0.799	0.170421
0.8	0.099549
0.801	0.059939
0.802	0.036307
0.803	-0.00982
0.804	-0.061005
0.805	-0.06135
0.806	0.031232
0.807	0.197593
0.808	0.304645
0.809	0.231517
0.81	0.065446
0.811	-0.018432
0.812	0.00511
0.813	0.048719
0.814	0.076802
0.815	0.126635
0.816	0.21591
0.817	0.294692
0.818	0.293814
0.819	0.204494
0.82	0.094578
0.821	0.029303
0.822	-0.002153
0.823	-0.047116
0.824	-0.12064
0.825	-0.226707
0.826	-0.379646
0.827	-0.550719
0.828	-0.650703
0.829	-0.601865
0.83	-0.412553
0.831	-0.173203
0.832	0.012909
0.833	0.097976
0.834	0.111994
0.835	0.121876
0.836	0.162742
0.837	0.207345
0.838	0.202097
0.839	0.137478
0.84	0.066233
0.841	0.033804
0.842	0.019473
0.843	-0.016063
0.844	-0.067625
0.845	-0.1284
0.846	-0.232092
0.847	-0.386343
0.848	-0.51782
0.849	-0.531661
0.85	-0.405099
0.851	-0.206086
0.852	-0.033753
0.853	0.057775
0.854	0.091972
0.855	0.131833
0.856	0.207231
0.857	0.274939
0.858	0.264673
0.859	0.172438
0.86	0.072446
0.861	0.022843
0.862	0.000413
0.863	-0.036501
0.864	-0.067641
0.865	-0.057473
0.866	-0.026784
0.867	-0.033605
0.868	-0.120117
0.869	-0.248002
0.87	-0.300638
0.871	-0.218461
0.872	-0.0675
0.873	0.058306
0.874	0.12357
0.875	0.143612
0.876	0.14417
0.877	0.131324
0.878	0.09532
0.879	0.043548
0.88	0.010162
0.881	0.012288
0.882	0.01282
0.883	-0.02823
0.884	-0.091897
0.885	-0.152329
0.886	-0.23744
0.887	-0.370244
0.888	-0.497891
0.889	-0.528084
0.89	-0.419185
0.891	-0.220769
0.892	-0.031827
0.893	0.074517
0.894	0.082606
0.895	0.017034
0.896	-0.073655
0.897	-0.133725
0.898	-0.133488
0.899	-0.080565
0.9	0.004617
0.901	0.090864
0.902	0.120104
0.903	0.051497
0.904	-0.089852
0.905	-0.259857
0.906	-0.441355
0.907	-0.600022
0.908	-0.660518
0.909	-0.569461
0.91	-0.354474
0.911	-0.110749
0.912	0.065207
0.913	0.139239
0.914	0.141538
0.915	0.109933
0.916	0.05724
0.917	-0.000873
0.918	-0.031571
0.919	-0.013659
0.92	0.047965
0.921	0.117402
0.922	0.126351
0.923	0.030857
0.924	-0.136383
0.925	-0.31757
0.926	-0.487346
0.927	-0.617405
0.928	-0.648698
0.929	-0.54139
0.93	-0.326489
0.931	-0.095013
0.932	0.06872
0.933	0.151592
0.934	0.202488
0.935	0.253164
0.936	0.272101
0.937	0.223891
0.938	0.137197
0.939	0.073891
0.94	0.06412
0.941	0.080346
0.942	0.053749
0.943	-0.053637
0.944	-0.195268
0.945	-0.30779
0.946	-0.392911
0.947	-0.473529
0.948	-0.521513
0.949	-0.479262
0.95	-0.333364
0.951	-0.145987
0.952	-0.000958
0.953	0.072369
0.954	0.103527
0.955	0.124088
0.956	0.132456
0.957	0.11814
0.958	0.092817
0.959	0.079132
0.96	0.084759
0.961	0.086095
0.962	0.03482
0.963	-0.079484
0.964	-0.182407
0.965	-0.201489
0.966	-0.176235
0.967	-0.2032
0.968	-0.296735
0.969	-0.366094
0.97	-0.329652
0.971	-0.210653
0.972	-0.097301
0.973	-0.040725
0.974	-0.022685
0.975	-0.001886
0.976	0.039612
0.977	0.089969
0.978	0.124652
0.979	0.131843
0.98	0.122167
0.981	0.097634
0.982	0.02666
0.983	-0.10418
0.984	-0.235297
0.985	-0.300417
0.986	-0.317129
0.987	-0.346861
0.988	-0.394164
0.989	-0.394773
0.99	-0.303466
0.991	-0.158235
0.992	-0.038562
0.993	0.013867
0.994	0.015502
0.995	0.005197
0.996	0.0159
0.997	0.059704
0.998	0.113657
0.999	0.144301
1.0	0.144342
1.001	0.112167
1.002	0.023625
1.003	-0.10951
1.004	-0.175488
1.005	-0.048567
1.006	0.255895
1.007	0.533777
1.008	0.530186
1.009	0.227066
1.01	-0.098359
1.011	-0.213079
1.012	-0.1403
1.013	-0.011152
1.014	0.090248
1.015	0.136631
1.016	0.132747
1.017	0.103775
1.018	0.079338
1.019	0.0743
1.02	0.081207
1.021	0.070313
1.022	0.0015
1.023	-0.117635
1.024	-0.194721
1.025	-0.154959
1.026	-0.06422
1.027	-0.066845
1.028	-0.207856
1.029	-0.374171
1.03	-0.419993
1.031	-0.310779
1.032	-0.122512
1.033	0.064128
1.034	0.223666
1.035	0.3568
1.036	0.440547
1.037	0.418791
1.038	0.263537
1.039	0.045618
1.04	-0.103398
1.041	-0.118677
1.042	-0.059521
1.043	-0.01997
1.044	-0.038702
1.045	-0.124747
1.046	-0.270136
1.047	-0.403091
1.048	-0.424807
1.049	-0.314471
1.05	-0.14848
1.051	-0.024908
1.052	0.006792
1.053	-0.029453
1.054	-0.057262
1.055	-0.013528
1.056	0.084452
1.057	0.147785
1.058	0.111105
1.059	0.008787
1.06	-0.061539
1.061	-0.053031
1.062	-0.019252
1.063	-0.020576
1.064	-0.033707
1.065	0.003088
1.066	0.119055
1.067	0.268573
1.068	0.318314
1.069	0.200397
1.07	0.036827
1.071	-0.03738
1.072	-0.031174
1.073	-0.005049
1.074	0.031244
1.075	0.105819
1.076	0.21665
1.077	0.294314
1.078	0.261237
1.079	0.129374
1.08	0.001596
1.081	-0.049421
1.082	-0.060784
1.083	-0.099149
1.084	-0.173267
1.085	-0.271945
1.086	-0.396262
1.087	-0.509729
1.088	-0.534852
1.089	-0.434095
1.09	-0.256018
1.091	-0.092645
1.092	-0.005611
1.093	0.016967
1.094	0.046202
1.095	0.140056
1.096	0.265495
1.097	0.319771
1.098	0.247826
1.099	0.106868
1.1	0.001902
1.101	-0.029675
1.102	-0.0481
1.103	-0.113807
1.104	-0.215109
1.105	-0.324463
1.106	-0.439744
1.107	-0.531387
1.108	-0.533584
1.109	-0.418258
1.11	-0.234629
1.111	-0.07228
1.112	0.003875
1.113	-0.003661
1.114	-0.030671
1.115	-0.005054
1.116	0.081462
1.117	0.159661
1.118	0.162353
1.119	0.103618
1.12	0.052646
1.121	0.035292
1.122	0.000798
1.123	-0.093851
1.124	-0.222373
1.125	-0.348433
1.126	-0.4654
1.127	-0.543684
1.128	-0.525287
1.129	-0.392853
1.13	-0.199184
1.131	-0.027725
1.132	0.066283
1.133	0.085168
1.134	0.075705
1.135	0.090224
1.136	0.140205
1.137	0.183948
1.138	0.175999
1.139	0.124412
1.14	0.078638
1.141	0.055621
1.142	0.009975
1.143	-0.092213
1.144	-0.218506
1.145	-0.329945
1.146	-0.422809
1.147	-0.481831
1.148	-0.465524
1.149	-0.355084
1.15	-0.186606
1.151	-0.027587
1.152	0.074605
1.153	0.118808
1.154	0.137662
1.155	0.165163
1.156	0.203551
1.157	0.221484
1.158	0.191564
1.159	0.127139
1.16	0.071821
1.161	0.040715
1.162	-0.006847
1.163	-0.100737
1.164	-0.209129
1.165	-0.298621
1.166	-0.376109
1.167	-0.438733
1.168	-0.446974
1.169	-0.368306
1.17	-0.221857
1.171	-0.06437
1.172	0.062752
1.173	0.160695
1.174	0.255195
1.175	0.355673
1.176	0.42816
1.177	0.420127
1.178	0.317956
1.179	0.169644
1.18	0.047306
1.181	-0.020194
1.182	-0.070576
1.183	-0.134999
1.184	-0.181958
1.185	-0.18754
1.186	-0.196009
1.187	-0.255283
1.188	-0.339613
1.189	-0.371738
1.19	-0.306503
1.191	-0.172112
1.192	-0.031218
1.193	0.078739
1.194	0.157886
1.195	0.214133
1.196	0.241183
1.197	0.224723
1.198	0.162502
1.199	0.077509
1.2	0.009657
1.201	-0.022945
1.202	-0.050206
1.203	-0.095584
1.204	-0.128724
1.205	-0.136661
1.206	-0.178047
1.207	-0.295671
1.208	-0.428291
1.209	-0.465002
1.21	-0.364946
1.211	-0.196554
1.212	-0.066807
1.213	-0.019757
1.214	-0.010085
1.215	0.024251
1.216	0.089727
1.217	0.144193
1.218	0.146956
1.219	0.098678
1.22	0.042369
1.221	0.007347
1.222	-0.031114
1.223	-0.084005
1.224	-0.07556
1.225	0.090808
1.226	0.415904
1.227	0.733225
1.228	0.768683
1.229	0.4542
1.23	0.070316
1.231	-0.118259
1.232	-0.124408
1.233	-0.071114
1.234	-0.015947
1.235	0.044119
1.236	0.108471
1.237	0.142779
1.238	0.114751
1.239	0.043467
1.24	-0.013817
1.241	-0.028037
1.242	-0.032146
1.243	-0.064461
1.244	-0.114675
1.245	-0.172012
1.246	-0.262405
1.247	-0.388065
1.248	-0.483117
1.249	-0.466103
1.25	-0.324928
1.251	-0.136408
1.252	0.00137
1.253	0.053118
1.254	0.059894
1.255	0.078084
1.256	0.116936
1.257	0.135746
1.258	0.101866
1.259	0.037186
1.26	-0.006709
1.261	-0.012085
1.262	-0.018128
1.263	-0.051247
1.264	-0.056429
1.265	0.049544
1.266	0.285671
1.267	0.53417
1.268	0.558513
1.269	0.288707
1.27	-0.016906
1.271	-0.120807
1.272	-0.071445
1.273	-0.019053
1.274	-0.023932
1.275	-0.065001
1.276	-0.100361
1.277	-0.105344
1.278	-0.087824
1.279	-0.069625
1.28	-0.045995
1.281	0.010568
1.282	0.096612
1.283	0.173664
1.284	0.21075
1.285	0.202162
1.286	0.180381
1.287	0.163451
1.288	0.082003
1.289	-0.080727
1.29	-0.175125
1.291	-0.100048
1.292	0.05139
1.293	0.146062
1.294	0.141091
1.295	0.061523
1.296	-0.045603
1.297	-0.125998
1.298	-0.13823
1.299	-0.082795
1.3	0.004761
1.301	0.074545
1.302	0.075325
1.303	0.010609
1.304	-0.022401
1.305	0.08798
1.306	0.359813
1.307	0.659731
1.308	0.750354
1.309	0.553847
1.31	0.278796
1.311	0.112498
1.312	0.020973
1.313	-0.067927
1.314	-0.122424
1.315	-0.087835
1.316	-0.003405
1.317	0.024872
1.318	-0.047144
1.319	-0.1503
1.32	-0.175323
1.321	-0.086832
1.322	0.040418
1.323	0.109042
1.324	0.079475
1.325	-0.030391
1.326	-0.133031
1.327	-0.12461
1.328	-0.034463
1.329	0.033043
1.33	0.072577
1.331	0.10336
1.332	0.070048
1.333	-0.055977
1.334	-0.20244
1.335	-0.266812
1.336	-0.219633
1.337	-0.1268
1.338	-0.074561
1.339	-0.0747
1.34	-0.058414
1.341	0.021209
1.342	0.11855
1.343	0.152358
1.344	0.067686
1.345	-0.166411
1.346	-0.503025
1.347	-0.763036
1.348	-0.761848
1.349	-0.492668
1.35	-0.131311
1.351	0.104846
1.352	0.093439
1.353	-0.12541
1.354	-0.385455
1.355	-0.530584
1.356	-0.522158
1.357	-0.417677
1.358	-0.286316
1.359	-0.150985
1.36	0.005124
1.361	0.175851
1.362	0.298518
1.363	0.30169
1.364	0.141997
1.365	-0.194575
1.366	-0.616867
1.367	-0.892231
1.368	-0.825305
1.369	-0.452895
1.37	-0.011691
1.371	0.239369
1.372	0.169785
1.373	-0.15114
1.374	-0.504741
1.375	-0.703918
1.376	-0.714991
1.377	-0.597557
1.378	-0.407503
1.379	-0.172734
1.38	0.085545
1.381	0.318887
1.382	0.450047
1.383	0.429871
1.384	0.274615
1.385	0.061288
1.386	-0.050661
1.387	0.065312
1.388	0.287631
1.389	0.405832
1.39	0.414036
1.391	0.370593
1.392	0.220219
1.393	-0.051729
1.394	-0.309941
1.395	-0.41716
1.396	-0.378926
1.397	-0.286551
1.398	-0.192111
1.399	-0.080158
1.4	0.075868
1.401	0.251486
1.402	0.370785
1.403	0.383313
1.404	0.319227
1.405	0.269355
1.406	0.358966
1.407	0.605018
1.408	0.765214
1.409	0.641872
1.41	0.405004
1.411	0.280904
1.412	0.242907
1.413	0.194061
1.414	0.156704
1.415	0.205348
1.416	0.329426
1.417	0.412325
1.418	0.351178
1.419	0.17261
1.42	0.001521
1.421	-0.074641
1.422	-0.063811
1.423	0.037019
1.424	0.335084
1.425	0.935873
1.426	1.757565
1.427	2.396303
1.428	2.271785
1.429	1.312862
1.43	0.237953
1.431	-0.287236
1.432	-0.259419
1.433	0.021891
1.434	0.362331
1.435	0.695058
1.436	0.945699
1.437	0.980342
1.438	0.726156
1.439	0.279772
1.44	-0.151528
1.441	-0.408716
1.442	-0.477531
1.443	-0.420993
1.444	-0.278286
1.445	-0.085665
1.446	0.080854
1.447	0.121301
1.448	-0.035503
1.449	-0.306519
1.45	-0.464227
1.451	-0.405233
1.452	-0.252494
1.453	-0.149679
1.454	-0.124067
1.455	-0.13491
1.456	-0.145982
1.457	-0.145281
1.458	-0.140629
1.459	-0.145058
1.46	-0.147307
1.461	-0.126489
1.462	-0.099359
1.463	-0.088611
1.464	-0.066769
1.465	0.012249
1.466	0.161656
1.467	0.304244
1.468	0.267309
1.469	0.023263
1.47	-0.184083
1.471	-0.17377
1.472	-0.039988
1.473	0.057429
1.474	0.070634
1.475	0.037684
1.476	0.007013
1.477	-0.005576
1.478	-0.017592
1.479	-0.043455
1.48	-0.059135
1.481	-0.037682
1.482	-0.007228
1.483	-0.018123
1.484	-0.093876
1.485	-0.255972
1.486	-0.513784
1.487	-0.790224
1.488	-0.928582
1.489	-0.81643
1.49	-0.495073
1.491	-0.141022
1.492	0.068959
1.493	0.085227
1.494	-0.011178
1.495	-0.105103
1.496	-0.133677
1.497	-0.105281
1.498	-0.061308
1.499	-0.021285
1.5	0.030471
1.501	0.095709
1.502	0.123182
1.503	0.049847
1.504	-0.153618
1.505	-0.486777
1.506	-0.880227
1.507	-1.159718
1.508	-1.153322
1.509	-0.838564
1.51	-0.361343
1.511	0.0574
1.512	0.248712
1.513	0.184626
1.514	-0.037044
1.515	-0.277096
1.516	-0.416657
1.517	-0.396452
1.518	-0.244876
1.519	-0.044033
1.52	0.135318
1.521	0.244598
1.522	0.244688
1.523	0.147012
1.524	0.044067
1.525	0.052233
1.526	0.241051
1.527	0.522704
1.528	0.610726
1.529	0.377512
1.53	0.102881
1.531	0.053829
1.532	0.154175
1.533	0.211961
1.534	0.154266
1.535	0.024074
1.536	-0.092052
1.537	-0.12609
1.538	-0.07518
1.539	0.005773
1.54	0.071668
1.541	0.120083
1.542	0.147222
1.543	0.124758
1.544	0.030581
1.545	-0.094625
1.546	-0.08677
1.547	0.167957
1.548	0.454827
1.549	0.494093
1.55	0.359649
1.551	0.255469
1.552	0.192917
1.553	0.104355
1.554	0.008388
1.555	-0.016365
1.556	0.054794
1.557	0.139253
1.558	0.133226
1.559	0.037612
1.56	-0.044849
1.561	-0.041566
1.562	0.012589
1.563	0.04985
1.564	0.051225
1.565	0.05406
1.566	0.162418
1.567	0.411411
1.568	0.578258
1.569	0.460288
1.57	0.217467
1.571	0.08792
1.572	0.068816
1.573	0.064217
1.574	0.068503
1.575	0.131876
1.576	0.246673
1.577	0.318055
1.578	0.26006
1.579	0.099253
1.58	-0.044924
1.581	-0.088385
1.582	-0.059308
1.583	-0.032491
1.584	-0.057338
1.585	-0.150629
1.586	-0.252791
1.587	-0.265499
1.588	-0.209169
1.589	-0.16674
1.59	-0.113213
1.591	-0.004806
1.592	0.103683
1.593	0.154339
1.594	0.177436
1.595	0.242116
1.596	0.35053
1.597	0.408212
1.598	0.326344
1.599	0.136858
1.6	-0.029367
1.601	-0.08031
1.602	-0.045176
1.603	-0.012509
1.604	-0.06611
1.605	-0.278952
1.606	-0.631521
1.607	-0.945019
1.608	-1.013865
1.609	-0.79257
1.61	-0.411961
1.611	-0.060116
1.612	0.131603
1.613	0.149939
1.614	0.094065
1.615	0.089324
1.616	0.170335
1.617	0.247819
1.618	0.219537
1.619	0.100163
1.62	0.003084
1.621	0.002286
1.622	0.05744
1.623	0.079991
1.624	-0.008324
1.625	-0.272488
1.626	-0.680142
1.627	-1.035168
1.628	-1.115159
1.629	-0.866131
1.63	-0.42693
1.631	-0.008772
1.632	0.233728
1.633	0.273125
1.634	0.200908
1.635	0.144822
1.636	0.158773
1.637	0.183737
1.638	0.137603
1.639	0.028229
1.64	-0.052166
1.641	-0.040126
1.642	0.02702
1.643	0.074414
1.644	0.06912
1.645	0.039027
1.646	0.096375
1.647	0.3013
1.648	0.453882
1.649	0.355691
1.65	0.154424
1.651	0.061911
1.652	0.03885
1.653	-0.032116
1.654	-0.142145
1.655	-0.19512
1.656	-0.14244
1.657	-0.047228
1.658	-0.008596
1.659	-0.040521
1.66	-0.060701
1.661	-0.002706
1.662	0.102783
1.663	0.185405
1.664	0.212896
1.665	0.204442
1.666	0.249562
1.667	0.392144
1.668	0.455024
1.669	0.292889
1.67	0.088751
1.671	0.045276
1.672	0.090059
1.673	0.077037
1.674	-0.004592
1.675	-0.070597
1.676	-0.067051
1.677	-0.029054
1.678	-0.026796
1.679	-0.071444
1.68	-0.094044
1.681	-0.035403
1.682	0.073951
1.683	0.168188
1.684	0.228129
1.685	0.291345
1.686	0.446369
1.687	0.682804
1.688	0.736035
1.689	0.449576
1.69	0.109911
1.691	0.007342
1.692	0.055227
1.693	0.04829
1.694	-0.063475
1.695	-0.193675
1.696	-0.250807
1.697	-0.227022
1.698	-0.179962
1.699	-0.148208
1.7	-0.102972
1.701	-0.006949
1.702	0.112626
1.703	0.207325
1.704	0.27456
1.705	0.352318
1.706	0.507101
1.707	0.709141
1.708	0.710049
1.709	0.391948
1.71	0.058009
1.711	-0.019603
1.712	0.04929
1.713	0.059038
1.714	-0.024466
1.715	-0.110934
1.716	-0.127723
1.717	-0.088915
1.718	-0.05866
1.719	-0.066534
1.72	-0.067988
1.721	-0.014159
1.722	0.066105
1.723	0.107721
1.724	0.091716
1.725	0.069786
1.726	0.163332
1.727	0.395606
1.728	0.508076
1.729	0.318677
1.73	0.077641
1.731	0.044652
1.732	0.119919
1.733	0.10753
1.734	-0.024081
1.735	-0.175477
1.736	-0.244722
1.737	-0.213391
1.738	-0.139911
1.739	-0.079487
1.74	-0.02361
1.741	0.056951
1.742	0.140326
1.743	0.176855
1.744	0.141963
1.745	0.042438
1.746	-0.057956
1.747	-0.092164
1.748	-0.116358
1.749	-0.174555
1.75	-0.146287
1.751	0.016642
1.752	0.151516
1.753	0.117928
1.754	-0.041511
1.755	-0.18299
1.756	-0.206143
1.757	-0.125066
1.758	-0.02914
1.759	0.018748
1.76	0.037666
1.761	0.070469
1.762	0.107964
1.763	0.120729
1.764	0.120912
1.765	0.161553
1.766	0.322364
1.767	0.568176
1.768	0.623242
1.769	0.34994
1.77	0.053877
1.771	0.013591
1.772	0.114745
1.773	0.138648
1.774	0.047938
1.775	-0.04572
1.776	-0.042961
1.777	0.038249
1.778	0.102933
1.779	0.097151
1.78	0.057609
1.781	0.040645
1.782	0.043915
1.783	0.040008
1.784	0.039436
1.785	0.095358
1.786	0.29803
1.787	0.631154
1.788	0.8197
1.789	0.668453
1.79	0.387578
1.791	0.217142
1.792	0.103457
1.793	-0.05797
1.794	-0.195778
1.795	-0.166769
1.796	0.028507
1.797	0.205893
1.798	0.193094
1.799	0.020315
1.8	-0.121922
1.801	-0.096318
1.802	0.05565
1.803	0.193373
1.804	0.20327
1.805	0.09109
1.806	0.057426
1.807	0.271611
1.808	0.516803
1.809	0.49687
1.81	0.325653
1.811	0.234508
1.812	0.185894
1.813	0.058336
1.814	-0.117445
1.815	-0.205655
1.816	-0.140659
1.817	-0.016649
1.818	0.019663
1.819	-0.053185
1.82	-0.111555
1.821	-0.047182
1.822	0.111831
1.823	0.259477
1.824	0.312072
1.825	0.26994
1.826	0.281495
1.827	0.462996
1.828	0.605748
1.829	0.476475
1.83	0.244994
1.831	0.153125
1.832	0.142322
1.833	0.07422
1.834	-0.025595
1.835	-0.040837
1.836	0.05268
1.837	0.139706
1.838	0.10277
1.839	-0.034847
1.84	-0.129952
1.841	-0.078705
1.842	0.077661
1.843	0.215641
1.844	0.226744
1.845	0.086179
1.846	-0.057468
1.847	-0.024173
1.848	0.093039
1.849	0.106174
1.85	0.086364
1.851	0.148733
1.852	0.196419
1.853	0.116368
1.854	-0.036515
1.855	-0.127091
1.856	-0.106215
1.857	-0.050535
1.858	-0.053184
1.859	-0.108855
1.86	-0.119831
1.861	-0.019316
1.862	0.145427
1.863	0.279744
1.864	0.324481
1.865	0.290085
1.866	0.304439
1.867	0.455523
1.868	0.543762
1.869	0.382454
1.87	0.171635
1.871	0.130824
1.872	0.148542
1.873	0.040573
1.874	-0.178548
1.875	-0.340437
1.876	-0.322483
1.877	-0.182273
1.878	-0.075948
1.879	-0.064214
1.88	-0.060997
1.881	0.02133
1.882	0.159651
1.883	0.284742
1.884	0.361811
1.885	0.399825
1.886	0.479006
1.887	0.628703
1.888	0.64282
1.889	0.386804
1.89	0.117071
1.891	0.074902
1.892	0.144427
1.893	0.125615
1.894	0.004863
1.895	-0.090415
1.896	-0.074056
1.897	-0.001475
1.898	0.01588
1.899	-0.041945
1.9	-0.08374
1.901	-0.03453
1.902	0.070593
1.903	0.143633
1.904	0.124208
1.905	0.015451
1.906	-0.061262
1.907	0.011164
1.908	0.108779
1.909	0.075659
1.91	0.033958
1.911	0.115958
1.912	0.208115
1.913	0.167051
1.914	0.023229
1.915	-0.08095
1.916	-0.065701
1.917	0.005634
1.918	0.024753
1.919	-0.026637
1.92	-0.069171
1.921	-0.038201
1.922	0.040988
1.923	0.111523
1.924	0.153275
1.925	0.190798
1.926	0.313634
1.927	0.537564
1.928	0.619594
1.929	0.394727
1.93	0.115422
1.931	0.037732
1.932	0.070299
1.933	0.042741
1.934	-0.042402
1.935	-0.082575
1.936	-0.038761
1.937	0.025305
1.938	0.032242
1.939	-0.022627
1.94	-0.070415
1.941	-0.053613
1.942	0.006532
1.943	0.058339
1.944	0.084651
1.945	0.118021
1.946	0.260727
1.947	0.524861
1.948	0.641889
1.949	0.428196
1.95	0.142989
1.951	0.063796
1.952	0.111194
1.953	0.096671
1.954	-0.015856
1.955	-0.136867
1.956	-0.180463
1.957	-0.142265
1.958	-0.085283
1.959	-0.062477
1.96	-0.056661
1.961	-0.024211
1.962	0.029448
1.963	0.07616
1.964	0.116279
1.965	0.182988
1.966	0.357291
1.967	0.625156
1.968	0.713642
1.969	0.456407
1.97	0.131453
1.971	0.02374
1.972	0.051427
1.973	0.026341
1.974	-0.084452
1.975	-0.197599
1.976	-0.235544
1.977	-0.192054
1.978	-0.1248
1.979	-0.08672
1.98	-0.058954
1.981	0.01768
1.982	0.154694
1.983	0.30497
1.984	0.410561
1.985	0.467977
1.986	0.582819
1.987	0.779062
1.988	0.791616
1.989	0.458787
1.99	0.083608
1.991	-0.02691
1.992	0.039809
1.993	0.067042
1.994	-0.005569
1.995	-0.096874
1.996	-0.116802
1.997	-0.064937
1.998	-0.014222
1.999	-0.013159
2.0	-0.033803
2.001	-0.030143
2.002	0.000284
2.003	0.062217
2.004	0.196011
2.005	0.422259
2.006	0.725555
2.007	0.985494
2.008	0.922115
2.009	0.464291
2.01	-0.008987
2.011	-0.187165
2.012	-0.193272
2.013	-0.240001
2.014	-0.310036
2.015	-0.258247
2.016	-0.068656
2.017	0.085296
2.018	0.049554
2.019	-0.121421
2.02	-0.234877
2.021	-0.177371
2.022	-0.002157
2.023	0.179479
2.024	0.296683
2.025	0.353011
2.026	0.475179
2.027	0.735165
2.028	0.880159
2.029	0.664887
2.03	0.291354
2.031	0.057216
2.032	-0.051083
2.033	-0.166768
2.034	-0.302905
2.035	-0.387345
2.036	-0.381306
2.037	-0.305799
2.038	-0.199135
2.039	-0.094571
2.04	-0.011749
2.041	0.031135
2.042	0.00508
2.043	-0.085461
2.044	-0.187786
2.045	-0.221586
2.046	-0.043797
2.047	0.385087
2.048	0.736209
2.049	0.675674
2.05	0.362186
2.051	0.10955
2.052	-0.049912
2.053	-0.193984
2.054	-0.283493
2.055	-0.237464
2.056	-0.095251
2.057	-0.003261
2.058	-0.041856
2.059	-0.135892
2.06	-0.15201
2.061	-0.051019
2.062	0.086661
2.063	0.159548
2.064	0.084323
2.065	-0.200779
2.066	-0.621853
2.067	-0.940468
2.068	-0.965292
2.069	-0.716328
2.07	-0.350345
2.071	-0.023781
2.072	0.168537
2.073	0.216389
2.074	0.19302
2.075	0.195243
2.076	0.250887
2.077	0.291995
2.078	0.242747
2.079	0.121869
2.08	0.021803
2.081	-0.0126
2.082	-0.02511
2.083	-0.0636
2.084	-0.15734
2.085	-0.352171
2.086	-0.630122
2.087	-0.849138
2.088	-0.867362
2.089	-0.673659
2.09	-0.368594
2.091	-0.079968
2.092	0.101173
2.093	0.162342
2.094	0.167778
2.095	0.188885
2.096	0.227183
2.097	0.22658
2.098	0.157381
2.099	0.060626
2.1	0.001825
2.101	-0.012973
2.102	-0.036252
2.103	-0.087896
2.104	-0.157858
2.105	-0.283945
2.106	-0.493074
2.107	-0.700962
2.108	-0.775762
2.109	-0.664767
2.11	-0.419963
2.111	-0.143795
2.112	0.073136
2.113	0.195411
2.114	0.248373
2.115	0.273039
2.116	0.272362
2.117	0.222553
2.118	0.128545
2.119	0.037692
2.12	-0.007558
2.121	-0.02714
2.122	-0.082724
2.123	-0.1899
2.124	-0.325594
2.125	-0.502872
2.126	-0.716902
2.127	-0.867275
2.128	-0.845637
2.129	-0.650101
2.13	-0.371098
2.131	-0.119856
2.132	0.023562
2.133	0.045024
2.134	0.003221
2.135	-0.016245
2.136	0.02104
2.137	0.072715
2.138	0.088086
2.139	0.075507
2.14	0.069696
2.141	0.055202
2.142	-0.019799
2.143	-0.15462
2.144	-0.307411
2.145	-0.478124
2.146	-0.662579
2.147	-0.778884
2.148	-0.74367
2.149	-0.563199
2.15	-0.313515
2.151	-0.081912
2.152	0.070323
2.153	0.128648
2.154	0.128167
2.155	0.122948
2.156	0.136469
2.157	0.14837
2.158	0.13502
2.159	0.106337
2.16	0.083332
2.161	0.045932
2.162	-0.050673
2.163	-0.194868
2.164	-0.335119
2.165	-0.468984
2.166	-0.604454
2.167	-0.687615
2.168	-0.657436
2.169	-0.513363
2.17	-0.306118
2.171	-0.099978
2.172	0.05724
2.173	0.151292
2.174	0.204343
2.175	0.247177
2.176	0.278268
2.177	0.268612
2.178	0.207605
2.179	0.123296
2.18	0.049125
2.181	-0.024763
2.182	-0.133564
2.183	-0.256804
2.184	-0.336609
2.185	-0.380087
2.186	-0.435976
2.187	-0.504286
2.188	-0.538909
2.189	-0.496736
2.19	-0.37269
2.191	-0.207209
2.192	-0.056379
2.193	0.048167
2.194	0.109186
2.195	0.138145
2.196	0.139154
2.197	0.11964
2.198	0.092914
2.199	0.06882
2.2	0.046169
2.201	-0.00117
2.202	-0.103207
2.203	-0.224693
2.204	-0.287559
2.205	-0.275613
2.206	-0.225925
2.207	-0.175935
2.208	-0.175057
2.209	-0.230195
2.21	-0.257834
2.211	-0.195089
2.212	-0.080539
2.213	0.020034
2.214	0.080209
2.215	0.100849
2.216	0.093798
2.217	0.07753
2.218	0.064469
2.219	0.056624
2.22	0.04912
2.221	0.017631
2.222	-0.065488
2.223	-0.168041
2.224	-0.228369
2.225	-0.265158
2.226	-0.347952
2.227	-0.476584
2.228	-0.571422
2.229	-0.555438
2.23	-0.4149
2.231	-0.203365
2.232	-0.000743
2.233	0.13978
2.234	0.207048
2.235	0.208825
2.236	0.161309
2.237	0.096731
2.238	0.050761
2.239	0.037095
2.24	0.041812
2.241	0.024265
2.242	-0.053551
2.243	-0.160923
2.244	-0.233646
2.245	-0.287704
2.246	-0.390205
2.247	-0.538801
2.248	-0.648069
2.249	-0.627981
2.25	-0.454946
2.251	-0.190562
2.252	0.060683
2.253	0.214494
2.254	0.239098
2.255	0.157097
2.256	0.034272
2.257	-0.05078
2.258	-0.056305
2.259	-0.002413
2.26	0.055532
2.261	0.055427
2.262	-0.034311
2.263	-0.15205
2.264	-0.191503
2.265	-0.142946
2.266	-0.094649
2.267	-0.125678
2.268	-0.250873
2.269	-0.389107
2.27	-0.413217
2.271	-0.313329
2.272	-0.216381
2.273	-0.202428
2.274	-0.201237
2.275	-0.106177
2.276	0.059606
2.277	0.154477
2.278	0.098202
2.279	-0.026992
2.28	-0.085176
2.281	-0.049812
2.282	-0.003779
2.283	-0.01196
2.284	-0.089875
2.285	-0.241226
2.286	-0.39883
2.287	-0.435554
2.288	-0.333712
2.289	-0.195761
2.29	-0.087453
2.291	-0.023708
2.292	-0.028611
2.293	-0.096297
2.294	-0.154099
2.295	-0.126987
2.296	-0.032231
2.297	0.032847
2.298	0.011658
2.299	-0.044335
2.3	-0.053658
2.301	-0.019089
2.302	-0.014552
2.303	-0.076482
2.304	-0.185552
2.305	-0.30652
2.306	-0.347107
2.307	-0.221458
2.308	-0.030962
2.309	0.051552
2.31	0.031474
2.311	-0.003821
2.312	-0.054237
2.313	-0.132344
2.314	-0.178085
2.315	-0.129914
2.316	-0.023026
2.317	0.043876
2.318	0.029286
2.319	-0.012671
2.32	-0.016622
2.321	0.005218
2.322	-0.00787
2.323	-0.06395
2.324	-0.122201
2.325	-0.161142
2.326	-0.142428
2.327	-0.03199
2.328	0.073664
2.329	0.05995
2.33	-0.013539
2.331	-0.039781
2.332	-0.023109
2.333	0.001906
2.334	0.056723
2.335	0.159371
2.336	0.251975
2.337	0.252641
2.338	0.15456
2.339	0.030986
2.34	-0.046472
2.341	-0.081997
2.342	-0.132388
2.343	-0.21238
2.344	-0.287788
2.345	-0.328802
2.346	-0.282067
2.347	-0.121454
2.348	0.02713
2.349	0.032934
2.35	-0.038214
2.351	-0.071566
2.352	-0.07735
2.353	-0.106001
2.354	-0.142537
2.355	-0.137527
2.356	-0.081483
2.357	-0.016678
2.358	0.014502
2.359	0.015648
2.36	0.018469
2.361	0.021708
2.362	-0.008942
2.363	-0.072681
2.364	-0.150154
2.365	-0.270191
2.366	-0.445281
2.367	-0.593519
2.368	-0.612651
2.369	-0.484389
2.37	-0.278486
2.371	-0.09159
2.372	0.011325
2.373	0.033102
2.374	0.035594
2.375	0.074228
2.376	0.138445
2.377	0.167734
2.378	0.127877
2.379	0.055304
2.38	0.010064
2.381	-0.0037
2.382	-0.0324
2.383	-0.091752
2.384	-0.172571
2.385	-0.303497
2.386	-0.492026
2.387	-0.653001
2.388	-0.681625
2.389	-0.553629
2.39	-0.330131
2.391	-0.105533
2.392	0.04522
2.393	0.110874
2.394	0.150903
2.395	0.228527
2.396	0.318367
2.397	0.323611
2.398	0.210024
2.399	0.060526
2.4	-0.025965
2.401	-0.041921
2.402	-0.051226
2.403	-0.089923
2.404	-0.164668
2.405	-0.312396
2.406	-0.536964
2.407	-0.736465
2.408	-0.784675
2.409	-0.64455
2.41	-0.384018
2.411	-0.122616
2.412	0.043018
2.413	0.101007
2.414	0.11792
2.415	0.156478
2.416	0.20375
2.417	0.199036
2.418	0.122514
2.419	0.02643
2.42	-0.02263
2.421	-0.022647
2.422	-0.02863
2.423	-0.058768
2.424	-0.086416
2.425	-0.108744
2.426	-0.11986
2.427	-0.106355
2.428	-0.122883
2.429	-0.194353
2.43	-0.211293
2.431	-0.108308
2.432	0.017532
2.433	0.055301
2.434	0.00929
2.435	-0.030891
2.436	-0.004616
2.437	0.051395
2.438	0.065237
2.439	0.029042
2.44	-0.004492
2.441	-0.01314
2.442	-0.024666
2.443	-0.028041
2.444	0.030975
2.445	0.152123
2.446	0.285605
2.447	0.359039
2.448	0.256449
2.449	-0.011184
2.45	-0.209551
2.451	-0.188444
2.452	-0.058995
2.453	0.021836
2.454	0.01816
2.455	-0.025922
2.456	-0.065997
2.457	-0.083056
2.458	-0.079256
2.459	-0.064437
2.46	-0.041935
2.461	-0.027713
2.462	-0.049475
2.463	-0.084174
2.464	-0.068052
2.465	0.01108
2.466	0.120401
2.467	0.200626
2.468	0.135176
2.469	-0.078751
2.47	-0.225425
2.471	-0.169636
2.472	-0.025385
2.473	0.06332
2.474	0.078045
2.475	0.064929
2.476	0.053683
2.477	0.048263
2.478	0.038926
2.479	0.016801
2.48	-0.010593
2.481	-0.043705
2.482	-0.099577
2.483	-0.153264
2.484	-0.143884
2.485	-0.063414
2.486	0.050177
2.487	0.134248
2.488	0.075731
2.489	-0.121571
2.49	-0.244867
2.491	-0.171668
2.492	-0.024732
2.493	0.051955
2.494	0.045625
2.495	0.016055
2.496	0.005804
2.497	0.012797
2.498	0.010515
2.499	-0.011543
2.5	-0.028444
2.501	-0.025778
2.502	-0.023756
2.503	-0.014693
2.504	0.036818
2.505	0.113596
2.506	0.171892
2.507	0.175085
2.508	0.051586
2.509	-0.168376
2.51	-0.269595
2.511	-0.145689
2.512	0.045304
2.513	0.112463
2.514	0.015609
2.515	-0.155176
2.516	-0.274231
2.517	-0.273387
2.518	-0.179417
2.519	-0.063534
2.52	0.029744
2.521	0.07795
2.522	0.055314
2.523	-0.037219
2.524	-0.177056
2.525	-0.340537
2.526	-0.420433
2.527	-0.289107
2.528	-0.048163
2.529	0.090699
2.53	0.119125
2.531	0.110182
2.532	0.030637
2.533	-0.121211
2.534	-0.214288
2.535	-0.128085
2.536	0.075831
2.537	0.200962
2.538	0.13674
2.539	-0.028416
2.54	-0.126929
2.541	-0.092749
2.542	0.012099
2.543	0.102623
2.544	0.128972
2.545	0.095427
2.546	0.114833
2.547	0.272151
2.548	0.39434
2.549	0.295812
2.55	0.11119
2.551	0.02311
2.552	-0.014873
2.553	-0.083956
2.554	-0.125279
2.555	-0.050013
2.556	0.097693
2.557	0.171475
2.558	0.097267
2.559	-0.049447
2.56	-0.138955
2.561	-0.122073
2.562	-0.055465
2.563	-0.022293
2.564	-0.074947
2.565	-0.186677
2.566	-0.191646
2.567	0.024987
2.568	0.2572
2.569	0.259949
2.57	0.135357
2.571	0.069323
2.572	0.033822
2.573	-0.033611
2.574	-0.06056
2.575	0.042347
2.576	0.216063
2.577	0.296273
2.578	0.202987
2.579	0.019396
2.58	-0.111515
2.581	-0.125893
2.582	-0.062186
2.583	0.019315
2.584	0.077439
2.585	0.102166
2.586	0.168874
2.587	0.322596
2.588	0.389715
2.589	0.230657
2.59	0.026964
2.591	-0.029178
2.592	-0.01411
2.593	-0.062433
2.594	-0.16574
2.595	-0.230819
2.596	-0.208706
2.597	-0.139305
2.598	-0.09364
2.599	-0.090461
2.6	-0.084018
2.601	-0.036948
2.602	0.031325
2.603	0.080305
2.604	0.079219
2.605	0.03619
2.606	0.05756
2.607	0.211835
2.608	0.320983
2.609	0.218933
2.61	0.065629
2.611	0.047227
2.612	0.085423
2.613	0.04321
2.614	-0.068398
2.615	-0.143592
2.616	-0.119906
2.617	-0.043776
2.618	-0.007234
2.619	-0.033875
2.62	-0.060505
2.621	-0.031689
2.622	0.041429
2.623	0.123519
2.624	0.182286
2.625	0.198878
2.626	0.230649
2.627	0.321198
2.628	0.326536
2.629	0.144581
2.63	-0.029694
2.631	-0.02605
2.632	0.039944
2.633	0.008317
2.634	-0.111039
2.635	-0.201065
2.636	-0.187825
2.637	-0.110619
2.638	-0.057464
2.639	-0.055541
2.64	-0.052512
2.641	-0.003659
2.642	0.071612
2.643	0.130215
2.644	0.134568
2.645	0.076702
2.646	0.049525
2.647	0.131329
2.648	0.178738
2.649	0.064457
2.65	-0.039419
2.651	0.025555
2.652	0.141482
2.653	0.153479
2.654	0.081291
2.655	0.041253
2.656	0.075065
2.657	0.109086
2.658	0.071369
2.659	-0.014533
2.66	-0.066075
2.661	-0.042596
2.662	0.021436
2.663	0.075465
2.664	0.081768
2.665	0.027697
2.666	-0.006155
2.667	0.055447
2.668	0.085815
2.669	-0.022859
2.67	-0.098828
2.671	-0.003998
2.672	0.122879
2.673	0.117576
2.674	-0.005391
2.675	-0.125802
2.676	-0.159321
2.677	-0.117406
2.678	-0.065527
2.679	-0.040478
2.68	-0.020266
2.681	0.018598
2.682	0.059936
2.683	0.083516
2.684	0.077894
2.685	0.037256
2.686	0.020782
2.687	0.076886
2.688	0.080559
2.689	-0.048008
2.69	-0.115226
2.691	0.014489
2.692	0.179954
2.693	0.183466
2.694	0.013728
2.695	-0.196476
2.696	-0.304488
2.697	-0.26508
2.698	-0.146152
2.699	-0.039655
2.7	0.023614
2.701	0.053265
2.702	0.054687
2.703	0.044447
2.704	0.047079
2.705	0.07791
2.706	0.189741
2.707	0.376982
2.708	0.419165
2.709	0.197934
2.71	-0.015141
2.711	0.002538
2.712	0.097505
2.713	0.056723
2.714	-0.106017
2.715	-0.232795
2.716	-0.239064
2.717	-0.188771
2.718	-0.169921
2.719	-0.171836
2.72	-0.119394
2.721	0.01444
2.722	0.172337
2.723	0.262244
2.724	0.209933
2.725	0.049579
2.726	0.006691
2.727	0.243037
2.728	0.509444
2.729	0.492575
2.73	0.308272
2.731	0.190562
2.732	0.113421
2.733	-0.009346
2.734	-0.120221
2.735	-0.122613
2.736	-0.026142
2.737	0.076592
2.738	0.122398
2.739	0.119009
2.74	0.105241
2.741	0.104887
2.742	0.118548
2.743	0.132153
2.744	0.109018
2.745	0.049886
2.746	0.098738
2.747	0.349155
2.748	0.550199
2.749	0.444895
2.75	0.205223
2.751	0.083463
2.752	0.041112
2.753	-0.027914
2.754	-0.078972
2.755	-0.02173
2.756	0.118601
2.757	0.209868
2.758	0.157843
2.759	0.007312
2.76	-0.112643
2.761	-0.123134
2.762	-0.040567
2.763	0.082974
2.764	0.199304
2.765	0.294005
2.766	0.420628
2.767	0.561906
2.768	0.521882
2.769	0.239161
2.77	-0.022703
2.771	-0.072301
2.772	-0.02975
2.773	-0.052293
2.774	-0.11553
2.775	-0.10197
2.776	0.015416
2.777	0.124682
2.778	0.111822
2.779	-0.002279
2.78	-0.099485
2.781	-0.1024
2.782	-0.028877
2.783	0.055522
2.784	0.077514
2.785	0.014778
2.786	-0.018224
2.787	0.083977
2.788	0.173833
2.789	0.087246
2.79	-0.031978
2.791	-0.015003
2.792	0.050341
2.793	0.034736
2.794	-0.025065
2.795	-0.010456
2.796	0.096841
2.797	0.178897
2.798	0.136128
2.799	0.009689
2.8	-0.08124
2.801	-0.073484
2.802	0.004272
2.803	0.085823
2.804	0.098805
2.805	0.017473
2.806	-0.042523
2.807	0.035105
2.808	0.113315
2.809	0.033163
2.81	-0.062505
2.811	-0.017614
2.812	0.060307
2.813	0.025597
2.814	-0.092987
2.815	-0.163336
2.816	-0.121408
2.817	-0.034373
2.818	0.002577
2.819	-0.017016
2.82	-0.024893
2.821	0.020693
2.822	0.091479
2.823	0.126113
2.824	0.055351
2.825	-0.139834
2.826	-0.330418
2.827	-0.360824
2.828	-0.287919
2.829	-0.233975
2.83	-0.140228
2.831	0.041077
2.832	0.18155
2.833	0.176469
2.834	0.086559
2.835	0.033928
2.836	0.055777
2.837	0.089154
2.838	0.070545
2.839	0.01379
2.84	-0.016666
2.841	0.008448
2.842	0.059109
2.843	0.092577
2.844	0.069988
2.845	-0.01578
2.846	-0.065548
2.847	0.00581
2.848	0.060771
2.849	-0.026545
2.85	-0.091781
2.851	0.011484
2.852	0.159017
2.853	0.193941
2.854	0.121243
2.855	0.032528
2.856	-0.012533
2.857	-0.016446
2.858	-0.013165
2.859	-0.019592
2.86	-0.017675
2.861	0.003071
2.862	0.019437
2.863	0.00034
2.864	-0.081137
2.865	-0.21269
2.866	-0.271449
2.867	-0.161277
2.868	-0.035538
2.869	-0.053668
2.87	-0.077955
2.871	0.031675
2.872	0.162417
2.873	0.180032
2.874	0.114367
2.875	0.068775
2.876	0.087158
2.877	0.128678
2.878	0.13043
2.879	0.080604
2.88	0.022892
2.881	-0.009592
2.882	-0.023388
2.883	-0.031748
2.884	-0.052098
2.885	-0.097449
2.886	-0.103418
2.887	-0.015829
2.888	0.029829
2.889	-0.069021
2.89	-0.135558
2.891	-0.028307
2.892	0.121219
2.893	0.155294
2.894	0.08803
2.895	0.02679
2.896	0.03556
2.897	0.090312
2.898	0.123634
2.899	0.099689
2.9	0.042818
2.901	-0.010335
2.902	-0.050093
2.903	-0.080373
2.904	-0.125202
2.905	-0.216809
2.906	-0.30826
2.907	-0.323155
2.908	-0.313265
2.909	-0.326922
2.91	-0.247478
2.911	-0.019365
2.912	0.208679
2.913	0.297217
2.914	0.270808
2.915	0.234475
2.916	0.234385
2.917	0.225191
2.918	0.149763
2.919	0.024045
2.92	-0.077826
2.921	-0.111049
2.922	-0.083402
2.923	-0.003465
2.924	0.123143
2.925	0.27118
2.926	0.42243
2.927	0.506166
2.928	0.364641
2.929	0.027531
2.93	-0.210241
2.931	-0.226021
2.932	-0.214948
2.933	-0.317787
2.934	-0.428056
2.935	-0.387118
2.936	-0.216448
2.937	-0.089689
2.938	-0.107594
2.939	-0.188298
2.94	-0.188313
2.941	-0.06267
2.942	0.112395
2.943	0.210113
2.944	0.133125
2.945	-0.05952
2.946	-0.110569
2.947	0.118429
2.948	0.372452
2.949	0.382659
2.95	0.251588
2.951	0.150493
2.952	0.041735
2.953	-0.124962
2.954	-0.258338
2.955	-0.253049
2.956	-0.143286
2.957	-0.062394
2.958	-0.082372
2.959	-0.143804
2.96	-0.138085
2.961	-0.025144
2.962	0.139476
2.963	0.250174
2.964	0.205776
2.965	0.015391
2.966	-0.129514
2.967	-0.080852
2.968	0.010849
2.969	-0.019507
2.97	-0.037307
2.971	0.085526
2.972	0.212725
2.973	0.174182
2.974	-0.030458
2.975	-0.271656
2.976	-0.395928
2.977	-0.328848
2.978	-0.135219
2.979	0.048528
2.98	0.142699
2.981	0.15239
2.982	0.118539
2.983	0.09147
2.984	0.105415
2.985	0.174865
2.986	0.319688
2.987	0.463959
2.988	0.400436
2.989	0.121041
2.99	-0.063143
2.991	0.027779
2.992	0.224786
2.993	0.312599
2.994	0.249347
2.995	0.115494
2.996	0.013025
2.997	-0.007576
2.998	0.013736
2.999	0.007636
3.0	-0.019911
3.001	-0.003064
3.002	0.079967
3.003	0.165638
3.004	0.160232
3.005	0.076388
3.006	0.091541
3.007	0.28646
3.008	0.427894
3.009	0.32337
3.01	0.133464
3.011	0.035795
3.012	-0.029455
3.013	-0.125338
3.014	-0.168477
3.015	-0.076881
3.016	0.08969
3.017	0.18157
3.018	0.118675
3.019	-0.027814
3.02	-0.116129
3.021	-0.072886
3.022	0.067807
3.023	0.215868
3.024	0.277244
3.025	0.245191
3.026	0.25778
3.027	0.381765
3.028	0.421107
3.029	0.245589
3.03	0.056413
3.031	0.026526
3.032	0.053465
3.033	0.014223
3.034	-0.044275
3.035	-0.020752
3.036	0.070979
3.037	0.113986
3.038	0.041858
3.039	-0.083036
3.04	-0.143659
3.041	-0.085831
3.042	0.04911
3.043	0.168352
3.044	0.178759
3.045	0.089046
3.046	0.068465
3.047	0.205724
3.048	0.29661
3.049	0.185434
3.05	0.050555
3.051	0.048944
3.052	0.073296
3.053	0.007841
3.054	-0.093253
3.055	-0.123859
3.056	-0.078528
3.057	-0.04077
3.058	-0.063251
3.059	-0.108988
3.06	-0.101501
3.061	-0.010964
3.062	0.120475
3.063	0.213301
3.064	0.191831
3.065	0.077497
3.066	0.04188
3.067	0.172357
3.068	0.268638
3.069	0.178335
3.07	0.07044
3.071	0.082648
3.072	0.093051
3.073	-0.015855
3.074	-0.177162
3.075	-0.25447
3.076	-0.206528
3.077	-0.112719
3.078	-0.062756
3.079	-0.055513
3.08	-0.023673
3.081	0.064267
3.082	0.163535
3.083	0.18949
3.084	0.07564
3.085	-0.118816
3.086	-0.17433
3.087	0.012683
3.088	0.209665
3.089	0.21325
3.09	0.162521
3.091	0.197684
3.092	0.214178
3.093	0.104447
3.094	-0.066927
3.095	-0.166128
3.096	-0.142558
3.097	-0.061968
3.098	-0.013979
3.099	-0.008309
3.1	0.01507
3.101	0.087429
3.102	0.167593
3.103	0.178196
3.104	0.062772
3.105	-0.115011
3.106	-0.144417
3.107	0.059876
3.108	0.254245
3.109	0.240939
3.11	0.169213
3.111	0.186028
3.112	0.195469
3.113	0.096634
3.114	-0.056114
3.115	-0.156634
3.116	-0.165373
3.117	-0.117427
3.118	-0.068558
3.119	-0.037468
3.12	0.004531
3.121	0.078411
3.122	0.157755
3.123	0.185352
3.124	0.10624
3.125	-0.056125
3.126	-0.153554
3.127	-0.096869
3.128	-0.013599
3.129	-0.005726
3.13	0.025529
3.131	0.129492
3.132	0.191684
3.133	0.146618
3.134	0.06984
3.135	0.048327
3.136	0.080089
3.137	0.104571
3.138	0.075075
3.139	0.006182
3.14	-0.037816
3.141	-0.015504
3.142	0.053392
3.143	0.123776
3.144	0.164288
3.145	0.198747
3.146	0.293547
3.147	0.393695
3.148	0.322885
3.149	0.101856
3.15	-0.030055
3.151	0.001092
3.152	0.029609
3.153	-0.058382
3.154	-0.193126
3.155	-0.240752
3.156	-0.15419
3.157	-0.016483
3.158	0.052733
3.159	0.028695
3.16	-0.010138
3.161	0.005064
3.162	0.068281
3.163	0.13968
3.164	0.199772
3.165	0.292123
3.166	0.492194
3.167	0.707936
3.168	0.673364
3.169	0.363932
3.17	0.097453
3.171	0.051957
3.172	0.075834
3.173	0.000875
3.174	-0.151009
3.175	-0.245334
3.176	-0.204235
3.177	-0.089525
3.178	-0.016389
3.179	-0.016559
3.18	-0.025918
3.181	0.014534
3.182	0.100829
3.183	0.202711
3.184	0.303798
3.185	0.43017
3.186	0.628861
3.187	0.7995
3.188	0.699312
3.189	0.33662
3.19	0.045065
3.191	-0.003272
3.192	0.033619
3.193	-0.004553
3.194	-0.097907
3.195	-0.150828
3.196	-0.126286
3.197	-0.070731
3.198	-0.047076
3.199	-0.06251
3.2	-0.06519
3.201	-0.013184
3.202	0.085433
3.203	0.208145
3.204	0.343869
3.205	0.50502
3.206	0.711338
3.207	0.848368
3.208	0.690267
3.209	0.282131
3.21	-0.01763
3.211	-0.041555
3.212	0.032264
3.213	0.021263
3.214	-0.076684
3.215	-0.172794
3.216	-0.20274
3.217	-0.168018
3.218	-0.116165
3.219	-0.080436
3.22	-0.041697
3.221	0.025484
3.222	0.108012
3.223	0.181015
3.224	0.233653
3.225	0.28696
3.226	0.376944
3.227	0.427498
3.228	0.285434
3.229	0.024522
3.23	-0.080339
3.231	0.031305
3.232	0.139799
3.233	0.059408
3.234	-0.192327
3.235	-0.450507
3.236	-0.542714
3.237	-0.429159
3.238	-0.22059
3.239	-0.042493
3.24	0.07335
3.241	0.147576
3.242	0.192302
3.243	0.222497
3.244	0.261581
3.245	0.334634
3.246	0.448046
3.247	0.498261
3.248	0.334906
3.249	0.045486
3.25	-0.09931
3.251	-0.050521
3.252	-0.001672
3.253	-0.050979
3.254	-0.106144
3.255	-0.079084
3.256	-0.017098
3.257	-0.021526
3.258	-0.108706
3.259	-0.184103
3.26	-0.143748
3.261	0.014304
3.262	0.19175
3.263	0.266867
3.264	0.174441
3.265	0.010614
3.266	0.004435
3.267	0.207506
3.268	0.372369
3.269	0.340559
3.27	0.241279
3.271	0.177932
3.272	0.08922
3.273	-0.044145
3.274	-0.124626
3.275	-0.088182
3.276	-0.002206
3.277	0.020321
3.278	-0.04722
3.279	-0.122889
3.28	-0.111709
3.281	-0.005801
3.282	0.12113
3.283	0.181869
3.284	0.132435
3.285	0.051182
3.286	0.11565
3.287	0.332111
3.288	0.451282
3.289	0.353208
3.29	0.20656
3.291	0.125236
3.292	0.027727
3.293	-0.136864
3.294	-0.273574
3.295	-0.271661
3.296	-0.153749
3.297	-0.048252
3.298	-0.034064
3.299	-0.065185
3.3	-0.053496
3.301	0.021331
3.302	0.108903
3.303	0.149605
3.304	0.119952
3.305	0.095772
3.306	0.22293
3.307	0.46504
3.308	0.555345
3.309	0.397267
3.31	0.203559
3.311	0.124757
3.312	0.08702
3.313	0.010728
3.314	-0.053912
3.315	-0.026199
3.316	0.067251
3.317	0.113103
3.318	0.053978
3.319	-0.048517
3.32	-0.100591
3.321	-0.079115
3.322	-0.020625
3.323	0.050475
3.324	0.153441
3.325	0.364055
3.326	0.724319
3.327	1.026595
3.328	0.943543
3.329	0.509945
3.33	0.102653
3.331	-0.0745
3.332	-0.120348
3.333	-0.14744
3.334	-0.138899
3.335	-0.055345
3.336	0.054836
3.337	0.094161
3.338	0.032403
3.339	-0.056423
3.34	-0.078499
3.341	-0.017319
3.342	0.062485
3.343	0.05951
3.344	-0.132758
3.345	-0.53659
3.346	-0.995809
3.347	-1.26418
3.348	-1.200769
3.349	-0.852099
3.35	-0.398365
3.351	-0.037483
3.352	0.135413
3.353	0.17242
3.354	0.186713
3.355	0.219665
3.356	0.230415
3.357	0.191721
3.358	0.126411
3.359	0.070512
3.36	0.03814
3.361	0.006748
3.362	-0.061964
3.363	-0.199148
3.364	-0.438773
3.365	-0.7741
3.366	-1.084544
3.367	-1.198388
3.368	-1.036625
3.369	-0.667895
3.37	-0.266887
3.371	-0.019634
3.372	-0.004414
3.373	-0.141548
3.374	-0.286015
3.375	-0.350293
3.376	-0.316169
3.377	-0.198438
3.378	-0.037409
3.379	0.118003
3.38	0.229945
3.381	0.263346
3.382	0.18625
3.383	-0.025662
3.384	-0.393164
3.385	-0.863915
3.386	-1.241932
3.387	-1.304994
3.388	-1.003767
3.389	-0.503167
3.39	-0.060331
3.391	0.129838
3.392	0.050585
3.393	-0.134851
3.394	-0.256577
3.395	-0.285676
3.396	-0.259997
3.397	-0.177269
3.398	-0.027101
3.399	0.156563
3.4	0.307163
3.401	0.361115
3.402	0.305574
3.403	0.201815
3.404	0.137949
3.405	0.186506
3.406	0.360446
3.407	0.520652
3.408	0.478793
3.409	0.278238
3.41	0.139091
3.411	0.128053
3.412	0.129949
3.413	0.069636
3.414	-0.024136
3.415	-0.09772
3.416	-0.114853
3.417	-0.067535
3.418	0.018739
3.419	0.107091
3.42	0.166545
3.421	0.170133
3.422	0.133699
3.423	0.156064
3.424	0.346635
3.425	0.708874
3.426	1.076517
3.427	1.143313
3.428	0.753207
3.429	0.189238
3.43	-0.104884
3.431	-0.009018
3.432	0.279892
3.433	0.550928
3.434	0.734391
3.435	0.850319
3.436	0.884799
3.437	0.770501
3.438	0.489388
3.439	0.133321
3.44	-0.171912
3.441	-0.365263
3.442	-0.409342
3.443	-0.200845
3.444	0.337852
3.445	1.062378
3.446	1.561553
3.447	1.395115
3.448	0.576533
3.449	-0.299278
3.45	-0.687908
3.451	-0.607492
3.452	-0.385081
3.453	-0.225691
3.454	-0.113513
3.455	0.025407
3.456	0.151203
3.457	0.145954
3.458	-0.011824
3.459	-0.19675
3.46	-0.275339
3.461	-0.237321
3.462	-0.164156
3.463	-0.140678
3.464	-0.226638
3.465	-0.411201
3.466	-0.590027
3.467	-0.667831
3.468	-0.622553
3.469	-0.465288
3.47	-0.247813
3.471	-0.063728
3.472	0.035518
3.473	0.096824
3.474	0.209372
3.475	0.372415
3.476	0.456095
3.477	0.349871
3.478	0.105052
3.479	-0.114712
3.48	-0.200356
3.481	-0.181206
3.482	-0.143707
3.483	-0.135121
3.484	-0.163843
3.485	-0.201979
3.486	-0.212634
3.487	-0.233336
3.488	-0.298115
3.489	-0.318052
3.49	-0.222267
3.491	-0.08605
3.492	-0.01574
3.493	-0.022318
3.494	-0.034239
3.495	-0.000948
3.496	0.042816
3.497	0.033484
3.498	-0.030144
3.499	-0.079736
3.5	-0.065723
3.501	-0.025179
3.502	-0.037901
3.503	-0.168308
3.504	-0.455413
3.505	-0.846546
3.506	-1.145287
3.507	-1.153582
3.508	-0.861645
3.509	-0.437417
3.51	-0.077392
3.511	0.102227
3.512	0.098199
3.513	0.005968
3.514	-0.05124
3.515	-0.027089
3.516	0.022346
3.517	0.029945
3.518	0.002542
3.519	-6.5e-05
3.52	0.0464
3.521	0.091036
3.522	0.065271
3.523	-0.070907
3.524	-0.341485
3.525	-0.702912
3.526	-0.983487
3.527	-1.002507
3.528	-0.74517
3.529	-0.360163
3.53	-0.029556
3.531	0.135592
3.532	0.135132
3.533	0.064643
3.534	0.03237
3.535	0.059142
3.536	0.084713
3.537	0.066121
3.538	0.026759
3.539	0.01683
3.54	0.045956
3.541	0.064705
3.542	0.02801
3.543	-0.056734
3.544	-0.155413
3.545	-0.209638
3.546	-0.173225
3.547	-0.114516
3.548	-0.117482
3.549	-0.12078
3.55	-0.048371
3.551	0.048736
3.552	0.092087
3.553	0.093343
3.554	0.131913
3.555	0.239977
3.556	0.339972
3.557	0.328821
3.558	0.203047
3.559	0.058717
3.56	-0.028039
3.561	-0.071128
3.562	-0.105354
3.563	-0.108858
3.564	-0.025886
3.565	0.193194
3.566	0.505459
3.567	0.677495
3.568	0.515582
3.569	0.175694
3.57	-0.045774
3.571	-0.080616
3.572	-0.052327
3.573	-0.050196
3.574	-0.048587
3.575	0.012941
3.576	0.117622
3.577	0.171811
3.578	0.122781
3.579	0.02371
3.58	-0.047699
3.581	-0.079928
3.582	-0.094073
3.583	-0.085338
3.584	-0.046888
3.585	0.015519
3.586	0.071409
3.587	0.032214
3.588	-0.124011
3.589	-0.248973
3.59	-0.222858
3.591	-0.11224
3.592	-0.039295
3.593	-0.032735
3.594	-0.035746
3.595	-0.001947
3.596	0.043789
3.597	0.048643
3.598	0.009013
3.599	-0.027679
3.6	-0.030046
3.601	-0.020944
3.602	-0.02739
3.603	-0.03269
3.604	-0.007707
3.605	0.074694
3.606	0.214186
3.607	0.296311
3.608	0.197795
3.609	0.00855
3.61	-0.078258
3.611	-0.034151
3.612	0.025565
3.613	0.019724
3.614	-0.04384
3.615	-0.117105
3.616	-0.158016
3.617	-0.150829
3.618	-0.107408
3.619	-0.044898
3.62	0.021713
3.621	0.061924
3.622	0.052002
3.623	-0.002979
3.624	-0.101473
3.625	-0.234607
3.626	-0.35917
3.627	-0.444278
3.628	-0.466358
3.629	-0.374243
3.63	-0.175985
3.631	0.011671
3.632	0.075934
3.633	0.005669
3.634	-0.133003
3.635	-0.259682
3.636	-0.310943
3.637	-0.262673
3.638	-0.143415
3.639	-0.003989
3.64	0.109068
3.641	0.153136
3.642	0.12281
3.643	0.066878
3.644	0.031506
3.645	0.029847
3.646	0.032824
3.647	-0.04291
3.648	-0.200493
3.649	-0.278903
3.65	-0.175457
3.651	0.004287
3.652	0.108091
3.653	0.095567
3.654	0.016847
3.655	-0.071411
3.656	-0.130931
3.657	-0.132526
3.658	-0.0721
3.659	0.02322
3.66	0.106905
3.661	0.127634
3.662	0.069578
3.663	-0.042216
3.664	-0.1853
3.665	-0.302969
3.666	-0.297402
3.667	-0.180544
3.668	-0.064408
3.669	0.018787
3.67	0.081511
3.671	0.075456
3.672	-0.032993
3.673	-0.172586
3.674	-0.217309
3.675	-0.128108
3.676	-0.009093
3.677	0.014588
3.678	-0.056111
3.679	-0.109516
3.68	-0.071868
3.681	0.016112
3.682	0.078696
3.683	0.081684
3.684	0.036253
3.685	0.029885
3.686	0.1457
3.687	0.267811
3.688	0.231819
3.689	0.111728
3.69	0.050888
3.691	0.019901
3.692	-0.074994
3.693	-0.222987
3.694	-0.309676
3.695	-0.253916
3.696	-0.117654
3.697	-0.033089
3.698	-0.041362
3.699	-0.067421
3.7	-0.046152
3.701	0.004127
3.702	0.049495
3.703	0.095166
3.704	0.155781
3.705	0.261266
3.706	0.410154
3.707	0.455908
3.708	0.287096
3.709	0.056059
3.71	-0.051389
3.711	-0.062421
3.712	-0.086102
3.713	-0.134158
3.714	-0.131933
3.715	-0.048349
3.716	0.043605
3.717	0.057294
3.718	-0.005216
3.719	-0.069134
3.72	-0.085381
3.721	-0.074226
3.722	-0.060858
3.723	-0.032572
3.724	0.031896
3.725	0.169833
3.726	0.369531
3.727	0.451446
3.728	0.282965
3.729	0.029758
3.73	-0.092448
3.731	-0.093216
3.732	-0.088807
3.733	-0.113185
3.734	-0.108323
3.735	-0.038528
3.736	0.041887
3.737	0.057421
3.738	0.00634
3.739	-0.048215
3.74	-0.066431
3.741	-0.067208
3.742	-0.064465
3.743	-0.034952
3.744	0.041765
3.745	0.19191
3.746	0.393212
3.747	0.463472
3.748	0.275246
3.749	0.007028
3.75	-0.109016
3.751	-0.076974
3.752	-0.028362
3.753	-0.030034
3.754	-0.057168
3.755	-0.069885
3.756	-0.06463
3.757	-0.058805
3.758	-0.059036
3.759	-0.053958
3.76	-0.04205
3.761	-0.044303
3.762	-0.055635
3.763	-0.032297
3.764	0.053835
3.765	0.220404
3.766	0.43351
3.767	0.512368
3.768	0.338837
3.769	0.087921
3.77	-0.028436
3.771	-0.02703
3.772	-0.020586
3.773	-0.032516
3.774	-0.009574
3.775	0.063256
3.776	0.128328
3.777	0.130514
3.778	0.078162
3.779	0.023314
3.78	-0.008368
3.781	-0.03952
3.782	-0.075091
3.783	-0.082405
3.784	-0.049234
3.785	0.028593
3.786	0.141235
3.787	0.181661
3.788	0.067415
3.789	-0.087462
3.79	-0.129678
3.791	-0.062856
3.792	0.019421
3.793	0.072499
3.794	0.121711
3.795	0.183533
3.796	0.222001
3.797	0.196076
3.798	0.113036
3.799	0.019901
3.8	-0.05436
3.801	-0.118028
3.802	-0.161841
3.803	-0.163101
3.804	-0.163688
3.805	-0.232362
3.806	-0.355717
3.807	-0.456303
3.808	-0.479884
3.809	-0.417675
3.81	-0.290435
3.811	-0.145868
3.812	-0.034171
3.813	0.050702
3.814	0.168285
3.815	0.328852
3.816	0.439314
3.817	0.405351
3.818	0.247642
3.819	0.06825
3.82	-0.069184
3.821	-0.173362
3.822	-0.25317
3.823	-0.308141
3.824	-0.387975
3.825	-0.528024
3.826	-0.656844
3.827	-0.683141
3.828	-0.603701
3.829	-0.460146
3.83	-0.275588
3.831	-0.078271
3.832	0.082332
3.833	0.186154
3.834	0.266526
3.835	0.345043
3.836	0.381085
3.837	0.328725
3.838	0.207156
3.839	0.077726
3.84	-0.030853
3.841	-0.136399
3.842	-0.241957
3.843	-0.342119
3.844	-0.482756
3.845	-0.68169
3.846	-0.836237
3.847	-0.837249
3.848	-0.69555
3.849	-0.481513
3.85	-0.236562
3.851	0.003605
3.852	0.177297
3.853	0.244119
3.854	0.230682
3.855	0.19318
3.856	0.160164
3.857	0.133292
3.858	0.111086
3.859	0.089555
3.86	0.044401
3.861	-0.053053
3.862	-0.180096
3.863	-0.294076
3.864	-0.418228
3.865	-0.580465
3.866	-0.716644
3.867	-0.746129
3.868	-0.66417
3.869	-0.498517
3.87	-0.264883
3.871	-0.0047
3.872	0.199437
3.873	0.283291
3.874	0.248468
3.875	0.140336
3.876	0.011372
3.877	-0.096539
3.878	-0.156889
3.879	-0.151903
3.88	-0.09573
3.881	-0.04399
3.882	-0.042352
3.883	-0.140159
3.884	-0.408688
3.885	-0.78143
3.886	-0.9933
3.887	-0.865005
3.888	-0.516673
3.889	-0.182041
3.89	0.046417
3.891	0.204354
3.892	0.310666
3.893	0.336898
3.894	0.274215
3.895	0.160461
3.896	0.06105
3.897	0.034719
3.898	0.08257
3.899	0.137837
3.9	0.114355
3.901	-0.023189
3.902	-0.21493
3.903	-0.384875
3.904	-0.551195
3.905	-0.731241
3.906	-0.811236
3.907	-0.687562
3.908	-0.438047
3.909	-0.215787
3.91	-0.081675
3.911	-0.020988
3.912	-0.019004
3.913	-0.041851
3.914	-0.020382
3.915	0.063546
3.916	0.134573
3.917	0.12258
3.918	0.050087
3.919	-0.01195
3.92	-0.04385
3.921	-0.080435
3.922	-0.131031
3.923	-0.201645
3.924	-0.35499
3.925	-0.585738
3.926	-0.727738
3.927	-0.652803
3.928	-0.439502
3.929	-0.240884
3.93	-0.114796
3.931	-0.044443
3.932	-0.010015
3.933	0.031169
3.934	0.141489
3.935	0.299208
3.936	0.383391
3.937	0.318491
3.938	0.161446
3.939	0.019647
3.94	-0.070037
3.941	-0.140861
3.942	-0.209758
3.943	-0.295737
3.944	-0.469317
3.945	-0.71518
3.946	-0.850049
3.947	-0.743584
3.948	-0.488185
3.949	-0.254017
3.95	-0.109718
3.951	-0.045203
3.952	-0.051344
3.953	-0.093338
3.954	-0.088355
3.955	0.003731
3.956	0.116173
3.957	0.156248
3.958	0.115186
3.959	0.054449
3.96	0.005606
3.961	-0.048319
3.962	-0.10425
3.963	-0.166478
3.964	-0.304304
3.965	-0.521777
3.966	-0.66598
3.967	-0.615483
3.968	-0.432785
3.969	-0.244863
3.97	-0.097683
3.971	0.011674
3.972	0.062762
3.973	0.050514
3.974	0.029897
3.975	0.050004
3.976	0.086468
3.977	0.087839
3.978	0.053182
3.979	0.0206
3.98	-0.002375
3.981	-0.038975
3.982	-0.077701
3.983	-0.103891
3.984	-0.164222
3.985	-0.259106
3.986	-0.288644
3.987	-0.232872
3.988	-0.186933
3.989	-0.174989
3.99	-0.133735
3.991	-0.052756
3.992	0.012725
3.993	0.045031
3.994	0.089097
3.995	0.160457
3.996	0.202114
3.997	0.16637
3.998	0.08149
3.999	0.008299
4.0	-0.03791
4.001	-0.080748
4.002	-0.104919
4.003	-0.071091
4.004	0.015279
4.005	0.164506
4.006	0.375106
4.007	0.464829
4.008	0.268664
4.009	-0.039102
4.01	-0.174598
4.011	-0.10621
4.012	0.008306
4.013	0.052293
4.014	0.03285
4.015	0.007856
4.016	0.000572
4.017	-0.002066
4.018	-0.010837
4.019	-0.018701
4.02	-0.026212
4.021	-0.046332
4.022	-0.0618
4.023	-0.05961
4.024	-0.096351
4.025	-0.201813
4.026	-0.304017
4.027	-0.357108
4.028	-0.380667
4.029	-0.346936
4.03	-0.211718
4.031	-0.027227
4.032	0.093002
4.033	0.098185
4.034	0.042305
4.035	0.002917
4.036	-1e-05
4.037	0.008334
4.038	0.009389
4.039	0.008189
4.04	0.000748
4.041	-0.030865
4.042	-0.066081
4.043	-0.072052
4.044	-0.072101
4.045	-0.076225
4.046	-0.055336
4.047	-0.067327
4.048	-0.176992
4.049	-0.273365
4.05	-0.218493
4.051	-0.055329
4.052	0.077381
4.053	0.115717
4.054	0.092734
4.055	0.049997
4.056	0.00206
4.057	-0.031469
4.058	-0.031149
4.059	-0.005758
4.06	0.004396
4.061	-0.033107
4.062	-0.085923
4.063	-0.101009
4.064	-0.090957
4.065	-0.07635
4.066	-0.050341
4.067	-0.078959
4.068	-0.210075
4.069	-0.308968
4.07	-0.232963
4.071	-0.04334
4.072	0.094211
4.073	0.103404
4.074	0.042575
4.075	-0.003493
4.076	-0.01454
4.077	-0.005497
4.078	0.017523
4.079	0.043541
4.08	0.037691
4.081	-0.024577
4.082	-0.108094
4.083	-0.172145
4.084	-0.251464
4.085	-0.371945
4.086	-0.473903
4.087	-0.520436
4.088	-0.520263
4.089	-0.432162
4.09	-0.230933
4.091	-0.011229
4.092	0.097545
4.093	0.092047
4.094	0.107216
4.095	0.222619
4.096	0.328809
4.097	0.280715
4.098	0.103635
4.099	-0.04969
4.1	-0.092172
4.101	-0.061767
4.102	-0.028372
4.103	-0.059933
4.104	-0.197843
4.105	-0.308488
4.106	-0.184214
4.107	0.079002
4.108	0.195113
4.109	0.137611
4.11	0.067982
4.111	0.02328
4.112	-0.055375
4.113	-0.144174
4.114	-0.133408
4.115	0.009619
4.116	0.178103
4.117	0.261319
4.118	0.252493
4.119	0.197523
4.12	0.108591
4.121	-0.023099
4.122	-0.165449
4.123	-0.280191
4.124	-0.365809
4.125	-0.349912
4.126	-0.137067
4.127	0.124503
4.128	0.188379
4.129	0.094816
4.13	0.04212
4.131	0.064837
4.132	0.070445
4.133	0.033874
4.134	0.028628
4.135	0.088637
4.136	0.139345
4.137	0.104051
4.138	0.005824
4.139	-0.069344
4.14	-0.077096
4.141	-0.042115
4.142	-0.004643
4.143	-0.029861
4.144	-0.194603
4.145	-0.412405
4.146	-0.462384
4.147	-0.323445
4.148	-0.17732
4.149	-0.08785
4.15	0.004496
4.151	0.086367
4.152	0.092233
4.153	0.040223
4.154	0.027922
4.155	0.092543
4.156	0.155114
4.157	0.131539
4.158	0.038695
4.159	-0.036413
4.16	-0.042218
4.161	0.002892
4.162	0.060722
4.163	0.063826
4.164	-0.078983
4.165	-0.310061
4.166	-0.422455
4.167	-0.365104
4.168	-0.269066
4.169	-0.172749
4.17	-0.033234
4.171	0.094525
4.172	0.108949
4.173	0.018591
4.174	-0.052245
4.175	-0.016341
4.176	0.071951
4.177	0.101617
4.178	0.049139
4.179	-0.009708
4.18	-0.010222
4.181	0.040988
4.182	0.106531
4.183	0.114784
4.184	-0.030476
4.185	-0.280721
4.186	-0.43549
4.187	-0.428688
4.188	-0.356865
4.189	-0.236506
4.19	-0.03683
4.191	0.15768
4.192	0.224727
4.193	0.165236
4.194	0.097905
4.195	0.098604
4.196	0.11195
4.197	0.058811
4.198	-0.040206
4.199	-0.095907
4.2	-0.063517
4.201	0.024673
4.202	0.118988
4.203	0.167808
4.204	0.146985
4.205	0.191854
4.206	0.43847
4.207	0.655057
4.208	0.538416
4.209	0.244171
4.21	0.085079
4.211	0.05794
4.212	-0.010616
4.213	-0.157694
4.214	-0.259438
4.215	-0.222672
4.216	-0.113562
4.217	-0.056856
4.218	-0.075971
4.219	-0.090738
4.22	-0.036743
4.221	0.072703
4.222	0.189034
4.223	0.249893
4.224	0.220545
4.225	0.231681
4.226	0.42656
4.227	0.595683
4.228	0.461961
4.229	0.192549
4.23	0.088312
4.231	0.121466
4.232	0.100615
4.233	-0.019855
4.234	-0.122036
4.235	-0.112056
4.236	-0.041925
4.237	-0.019721
4.238	-0.064378
4.239	-0.095452
4.24	-0.043461
4.241	0.078127
4.242	0.20927
4.243	0.274384
4.244	0.233376
4.245	0.216178
4.246	0.368521
4.247	0.498158
4.248	0.356484
4.249	0.120004
4.25	0.062792
4.251	0.118982
4.252	0.081338
4.253	-0.087002
4.254	-0.250144
4.255	-0.288762
4.256	-0.22351
4.257	-0.152832
4.258	-0.123021
4.259	-0.088055
4.26	0.006594
4.261	0.145783
4.262	0.269162
4.263	0.302305
4.264	0.214571
4.265	0.150743
4.266	0.268568
4.267	0.387981
4.268	0.271716
4.269	0.090655
4.27	0.094098
4.271	0.196478
4.272	0.190761
4.273	0.044621
4.274	-0.117571
4.275	-0.192595
4.276	-0.187173
4.277	-0.161241
4.278	-0.143948
4.279	-0.105602
4.28	-0.012261
4.281	0.117856
4.282	0.241978
4.283	0.320309
4.284	0.350369
4.285	0.454291
4.286	0.696166
4.287	0.788441
4.288	0.49532
4.289	0.11642
4.29	0.005598
4.291	0.073491
4.292	0.073621
4.293	-0.04112
4.294	-0.150673
4.295	-0.168396
4.296	-0.12362
4.297	-0.088801
4.298	-0.091559
4.299	-0.091361
4.3	-0.038125
4.301	0.066047
4.302	0.184693
4.303	0.267832
4.304	0.280111
4.305	0.299292
4.306	0.402689
4.307	0.412884
4.308	0.179113
4.309	-0.056972
4.31	-0.054628
4.311	0.052568
4.312	0.038446
4.313	-0.106903
4.314	-0.231225
4.315	-0.231648
4.316	-0.145782
4.317	-0.069759
4.318	-0.048454
4.319	-0.045307
4.32	-0.006844
4.321	0.069583
4.322	0.150403
4.323	0.195335
4.324	0.203022
4.325	0.300636
4.326	0.555182
4.327	0.67542
4.328	0.420844
4.329	0.086472
4.33	0.015001
4.331	0.101162
4.332	0.08601
4.333	-0.070621
4.334	-0.207946
4.335	-0.195837
4.336	-0.076431
4.337	0.018571
4.338	0.025224
4.339	-0.007684
4.34	-0.005634
4.341	0.048189
4.342	0.127371
4.343	0.194423
4.344	0.243302
4.345	0.381446
4.346	0.644377
4.347	0.727858
4.348	0.416958
4.349	0.043175
4.35	-0.034602
4.351	0.074424
4.352	0.097661
4.353	-0.02716
4.354	-0.167481
4.355	-0.197111
4.356	-0.117862
4.357	-0.023472
4.358	0.009971
4.359	-0.005638
4.36	-0.011127
4.361	0.023149
4.362	0.097763
4.363	0.206608
4.364	0.366351
4.365	0.676597
4.366	1.1122
4.367	1.275057
4.368	0.907987
4.369	0.384503
4.37	0.115423
4.371	0.01725
4.372	-0.144517
4.373	-0.36383
4.374	-0.449665
4.375	-0.310121
4.376	-0.091444
4.377	-0.005044
4.378	-0.083319
4.379	-0.167962
4.38	-0.10866
4.381	0.093925
4.382	0.320276
4.383	0.416386
4.384	0.327939
4.385	0.26597
4.386	0.455394
4.387	0.666983
4.388	0.560392
4.389	0.290093
4.39	0.153907
4.391	0.093777
4.392	-0.076691
4.393	-0.336377
4.394	-0.499178
4.395	-0.457764
4.396	-0.303937
4.397	-0.198462
4.398	-0.183136
4.399	-0.16246
4.4	-0.041498
4.401	0.172758
4.402	0.39831
4.403	0.532946
4.404	0.549543
4.405	0.630471
4.406	0.91377
4.407	1.075853
4.408	0.782924
4.409	0.321902
4.41	0.109002
4.411	0.095051
4.412	0.044141
4.413	-0.076462
4.414	-0.139398
4.415	-0.091197
4.416	-0.024879
4.417	-0.042281
4.418	-0.129712
4.419	-0.177624
4.42	-0.099756
4.421	0.087644
4.422	0.29725
4.423	0.417173
4.424	0.396647
4.425	0.387637
4.426	0.5433
4.427	0.637277
4.428	0.413149
4.429	0.104849
4.43	0.0208
4.431	0.065539
4.432	0.01756
4.433	-0.122046
4.434	-0.19322
4.435	-0.125643
4.436	-0.020543
4.437	-0.004211
4.438	-0.080217
4.439	-0.137471
4.44	-0.081299
4.441	0.075754
4.442	0.24438
4.443	0.304147
4.444	0.192642
4.445	0.062671
4.446	0.112357
4.447	0.203158
4.448	0.111256
4.449	-0.014739
4.45	0.032147
4.451	0.134914
4.452	0.096922
4.453	-0.061092
4.454	-0.16738
4.455	-0.13715
4.456	-0.05457
4.457	-0.034166
4.458	-0.084293
4.459	-0.118703
4.46	-0.067504
4.461	0.058833
4.462	0.204878
4.463	0.299483
4.464	0.309947
4.465	0.361809
4.466	0.558922
4.467	0.648999
4.468	0.393578
4.469	0.064775
4.47	-0.010298
4.471	0.058941
4.472	0.016581
4.473	-0.163745
4.474	-0.30441
4.475	-0.275069
4.476	-0.137081
4.477	-0.037455
4.478	-0.032502
4.479	-0.055325
4.48	-0.026746
4.481	0.059225
4.482	0.150805
4.483	0.163457
4.484	0.053605
4.485	-0.03231
4.486	0.07822
4.487	0.215597
4.488	0.138964
4.489	0.00489
4.49	0.04194
4.491	0.15141
4.492	0.141608
4.493	0.020897
4.494	-0.063472
4.495	-0.041422
4.496	0.01885
4.497	0.03177
4.498	-0.008746
4.499	-0.044544
4.5	-0.027233
4.501	0.039292
4.502	0.116677
4.503	0.139761
4.504	0.073454
4.505	0.049057
4.506	0.199953
4.507	0.325681
4.508	0.196709
4.509	0.006217
4.51	0.007205
4.511	0.099632
4.512	0.070186
4.513	-0.098082
4.514	-0.25907
4.515	-0.298435
4.516	-0.226696
4.517	-0.123982
4.518	-0.050197
4.519	-0.004259
4.52	0.042792
4.521	0.09953
4.522	0.147022
4.523	0.131528
4.524	0.027654
4.525	-0.013575
4.526	0.156476
4.527	0.325054
4.528	0.23328
4.529	0.058403
4.53	0.061683
4.531	0.159537
4.532	0.144934
4.533	-0.008451
4.534	-0.170283
4.535	-0.227696
4.536	-0.174553
4.537	-0.078417
4.538	-0.004121
4.539	0.037246
4.54	0.069424
4.541	0.110653
4.542	0.171004
4.543	0.236074
4.544	0.294095
4.545	0.446309
4.546	0.731898
4.547	0.835044
4.548	0.512981
4.549	0.097447
4.55	-0.010827
4.551	0.11141
4.552	0.176141
4.553	0.072056
4.554	-0.10706
4.555	-0.219764
4.556	-0.205948
4.557	-0.111678
4.558	-0.022142
4.559	0.025273
4.56	0.049249
4.561	0.077713
4.562	0.121439
4.563	0.137615
4.564	0.073149
4.565	0.050902
4.566	0.24564
4.567	0.475522
4.568	0.432413
4.569	0.217303
4.57	0.091993
4.571	0.043579
4.572	-0.052521
4.573	-0.160468
4.574	-0.150449
4.575	-0.019301
4.576	0.080824
4.577	0.035329
4.578	-0.102804
4.579	-0.187731
4.58	-0.132858
4.581	0.036001
4.582	0.22939
4.583	0.322703
4.584	0.246802
4.585	0.167559
4.586	0.297793
4.587	0.46447
4.588	0.370585
4.589	0.137926
4.59	0.033526
4.591	0.024081
4.592	-0.048125
4.593	-0.164334
4.594	-0.171838
4.595	-0.034699
4.596	0.090051
4.597	0.0619
4.598	-0.073051
4.599	-0.162543
4.6	-0.122859
4.601	0.010956
4.602	0.147562
4.603	0.172198
4.604	0.040765
4.605	-0.046728
4.606	0.133486
4.607	0.376716
4.608	0.343857
4.609	0.141256
4.61	0.043312
4.611	0.029677
4.612	-0.046081
4.613	-0.163775
4.614	-0.183468
4.615	-0.074705
4.616	0.029496
4.617	0.016916
4.618	-0.071527
4.619	-0.117581
4.62	-0.072423
4.621	0.014459
4.622	0.066449
4.623	-0.006319
4.624	-0.266379
4.625	-0.591115
4.626	-0.741418
4.627	-0.680323
4.628	-0.547474
4.629	-0.371973
4.63	-0.12437
4.631	0.099728
4.632	0.175735
4.633	0.120602
4.634	0.065577
4.635	0.09247
4.636	0.155007
4.637	0.163892
4.638	0.099041
4.639	0.015585
4.64	-0.036469
4.641	-0.051125
4.642	-0.040717
4.643	-0.050782
4.644	-0.126137
4.645	-0.163848
4.646	-0.035446
4.647	0.096236
4.648	0.014834
4.649	-0.128059
4.65	-0.091563
4.651	0.065953
4.652	0.154219
4.653	0.131588
4.654	0.101287
4.655	0.134597
4.656	0.185765
4.657	0.178296
4.658	0.107096
4.659	0.032105
4.66	-0.004735
4.661	-0.011446
4.662	-0.014095
4.663	-0.077131
4.664	-0.275973
4.665	-0.531918
4.666	-0.651832
4.667	-0.608777
4.668	-0.512608
4.669	-0.363529
4.67	-0.129965
4.671	0.092583
4.672	0.199707
4.673	0.218122
4.674	0.235415
4.675	0.266158
4.676	0.259568
4.677	0.191947
4.678	0.095037
4.679	0.017371
4.68	-0.026972
4.681	-0.054967
4.682	-0.071879
4.683	-0.100501
4.684	-0.186479
4.685	-0.272638
4.686	-0.250721
4.687	-0.200559
4.688	-0.250602
4.689	-0.289282
4.69	-0.171087
4.691	0.021237
4.692	0.134708
4.693	0.156505
4.694	0.173573
4.695	0.220009
4.696	0.245519
4.697	0.205748
4.698	0.118648
4.699	0.03397
4.7	-0.027026
4.701	-0.074087
4.702	-0.114106
4.703	-0.189933
4.704	-0.386296
4.705	-0.676782
4.706	-0.887187
4.707	-0.907127
4.708	-0.765148
4.709	-0.50448
4.71	-0.184082
4.711	0.069093
4.712	0.155205
4.713	0.109092
4.714	0.053941
4.715	0.064865
4.716	0.116122
4.717	0.145335
4.718	0.127551
4.719	0.080158
4.72	0.016898
4.721	-0.059278
4.722	-0.126504
4.723	-0.180488
4.724	-0.248138
4.725	-0.276615
4.726	-0.191062
4.727	-0.110115
4.728	-0.170757
4.729	-0.239708
4.73	-0.145308
4.731	0.039961
4.732	0.146434
4.733	0.136847
4.734	0.107728
4.735	0.135571
4.736	0.191408
4.737	0.206217
4.738	0.159387
4.739	0.08119
4.74	-0.001374
4.741	-0.079249
4.742	-0.141615
4.743	-0.21939
4.744	-0.390088
4.745	-0.630471
4.746	-0.793472
4.747	-0.802139
4.748	-0.687705
4.749	-0.472352
4.75	-0.196882
4.751	0.024395
4.752	0.104218
4.753	0.082098
4.754	0.064405
4.755	0.100723
4.756	0.158498
4.757	0.185703
4.758	0.162647
4.759	0.102488
4.76	0.01954
4.761	-0.07256
4.762	-0.134674
4.763	-0.139366
4.764	-0.091667
4.765	0.052583
4.766	0.285759
4.767	0.36452
4.768	0.129962
4.769	-0.151438
4.77	-0.174916
4.771	-0.002527
4.772	0.128007
4.773	0.106213
4.774	-0.003103
4.775	-0.08218
4.776	-0.093343
4.777	-0.094802
4.778	-0.130321
4.779	-0.157432
4.78	-0.117524
4.781	-0.015185
4.782	0.079207
4.783	0.043745
4.784	-0.180225
4.785	-0.400965
4.786	-0.351542
4.787	-0.112973
4.788	0.025409
4.789	0.038942
4.79	0.087135
4.791	0.18318
4.792	0.216748
4.793	0.133187
4.794	-0.006187
4.795	-0.086294
4.796	-0.049491
4.797	0.052003
4.798	0.122357
4.799	0.116283
4.8	0.047167
4.801	-0.040421
4.802	-0.075727
4.803	-0.018414
4.804	0.101638
4.805	0.273039
4.806	0.465713
4.807	0.489281
4.808	0.242853
4.809	-0.03149
4.81	-0.100793
4.811	-0.040731
4.812	-0.009138
4.813	-0.009002
4.814	0.047323
4.815	0.159949
4.816	0.217044
4.817	0.139657
4.818	-0.01906
4.819	-0.13379
4.82	-0.133706
4.821	-0.04204
4.822	0.064087
4.823	0.067231
4.824	-0.104384
4.825	-0.305623
4.826	-0.310831
4.827	-0.177049
4.828	-0.117018
4.829	-0.111229
4.83	-0.036246
4.831	0.056429
4.832	0.046803
4.833	-0.057015
4.834	-0.139693
4.835	-0.134067
4.836	-0.086879
4.837	-0.072109
4.838	-0.094913
4.839	-0.100825
4.84	-0.055778
4.841	0.0248
4.842	0.101834
4.843	0.106702
4.844	0.004213
4.845	-0.064162
4.846	0.058502
4.847	0.207933
4.848	0.143554
4.849	-0.013775
4.85	-0.039611
4.851	0.022467
4.852	0.022704
4.853	-0.041622
4.854	-0.059625
4.855	0.00743
4.856	0.072318
4.857	0.052828
4.858	-0.026358
4.859	-0.08195
4.86	-0.072909
4.861	-0.019192
4.862	0.032116
4.863	0.001578
4.864	-0.160371
4.865	-0.324171
4.866	-0.304218
4.867	-0.17801
4.868	-0.138408
4.869	-0.136376
4.87	-0.045607
4.871	0.066831
4.872	0.075016
4.873	-0.00229
4.874	-0.041306
4.875	0.009822
4.876	0.075123
4.877	0.07078
4.878	0.006778
4.879	-0.048466
4.88	-0.057052
4.881	-0.031113
4.882	-0.007939
4.883	-0.058648
4.884	-0.224398
4.885	-0.370761
4.886	-0.320679
4.887	-0.169953
4.888	-0.120291
4.889	-0.11927
4.89	-0.03704
4.891	0.060437
4.892	0.049693
4.893	-0.048084
4.894	-0.107487
4.895	-0.065433
4.896	0.019197
4.897	0.057286
4.898	0.028134
4.899	-0.023047
4.9	-0.055176
4.901	-0.060058
4.902	-0.044276
4.903	-0.035061
4.904	-0.029573
4.905	0.105671
4.906	0.428591
4.907	0.630517
4.908	0.437883
4.909	0.094523
4.91	-0.051961
4.911	-0.026446
4.912	-0.01839
4.913	-0.072119
4.914	-0.101176
4.915	-0.053233
4.916	0.025965
4.917	0.06245
4.918	0.035022
4.919	-0.01706
4.92	-0.0491
4.921	-0.046085
4.922	-0.022154
4.923	-0.037508
4.924	-0.141339
4.925	-0.232431
4.926	-0.175281
4.927	-0.072722
4.928	-0.089294
4.929	-0.134594
4.93	-0.067312
4.931	0.040011
4.932	0.047796
4.933	-0.046842
4.934	-0.133399
4.935	-0.126438
4.936	-0.043989
4.937	0.029078
4.938	0.036666
4.939	-0.002491
4.94	-0.040564
4.941	-0.045822
4.942	-0.002684
4.943	0.07205
4.944	0.159834
4.945	0.335886
4.946	0.615288
4.947	0.715015
4.948	0.425088
4.949	0.030377
4.95	-0.118088
4.951	-0.062719
4.952	-0.013374
4.953	-0.036818
4.954	-0.063923
4.955	-0.031618
4.956	0.039126
4.957	0.077673
4.958	0.049554
4.959	-0.010042
4.96	-0.048159
4.961	-0.041349
4.962	0.000537
4.963	0.017028
4.964	-0.05584
4.965	-0.147449
4.966	-0.136858
4.967	-0.102016
4.968	-0.167416
4.969	-0.216724
4.97	-0.104851
4.971	0.080348
4.972	0.17483
4.973	0.148608
4.974	0.088675
4.975	0.068843
4.976	0.081323
4.977	0.076029
4.978	0.031414
4.979	-0.024471
4.98	-0.054979
4.981	-0.045445
4.982	-0.001065
4.983	0.027632
4.984	-0.023503
4.985	-0.102458
4.986	-0.109986
4.987	-0.119467
4.988	-0.222029
4.989	-0.273917
4.99	-0.134746
4.991	0.083272
4.992	0.195046
4.993	0.16365
4.994	0.082919
4.995	0.037936
4.996	0.033742
4.997	0.032843
4.998	0.012172
4.999	-0.018352
5.0	-0.040065
5.001	-0.041346
5.002	-0.0139
5.003	0.011382
5.004	-0.02078
5.005	-0.073763
5.006	-0.078553
5.007	-0.119121
5.008	-0.261344
5.009	-0.331572
5.01	-0.187902
5.011	0.04067
5.012	0.159845
5.013	0.134636
5.014	0.060861
5.015	0.024744
5.016	0.035161
5.017	0.053455
5.018	0.046497
5.019	0.013272
5.02	-0.031435
5.021	-0.070352
5.022	-0.083265
5.023	-0.087164
5.024	-0.127942
5.025	-0.171568
5.026	-0.158813
5.027	-0.179405
5.028	-0.298033
5.029	-0.33811
5.03	-0.160954
5.031	0.088957
5.032	0.190757
5.033	0.089062
5.034	-0.100204
5.035	-0.217413
5.036	-0.186163
5.037	-0.057712
5.038	0.05856
5.039	0.09486
5.04	0.046416
5.041	-0.047357
5.042	-0.120039
5.043	-0.129887
5.044	-0.063348
5.045	0.143485
5.046	0.470229
5.047	0.611356
5.048	0.365131
5.049	0.026973
5.05	-0.082659
5.051	-0.051255
5.052	-0.079908
5.053	-0.171336
5.054	-0.209913
5.055	-0.159967
5.056	-0.099888
5.057	-0.100166
5.058	-0.135496
5.059	-0.125983
5.06	-0.033234
5.061	0.113107
5.062	0.236208
5.063	0.215194
5.064	-0.003593
5.065	-0.235339
5.066	-0.23607
5.067	-0.081273
5.068	-0.0094
5.069	-0.011507
5.07	0.039135
5.071	0.108885
5.072	0.113898
5.073	0.089195
5.074	0.115967
5.075	0.177866
5.076	0.18238
5.077	0.088299
5.078	-0.046013
5.079	-0.127578
5.08	-0.115764
5.081	-0.032166
5.082	0.06359
5.083	0.064936
5.084	-0.093782
5.085	-0.272276
5.086	-0.26509
5.087	-0.142807
5.088	-0.109997
5.089	-0.134544
5.09	-0.094898
5.091	-0.04115
5.092	-0.058323
5.093	-0.095981
5.094	-0.058927
5.095	0.04033
5.096	0.10274
5.097	0.071806
5.098	-0.012867
5.099	-0.07459
5.1	-0.077248
5.101	-0.031866
5.102	0.013704
5.103	-0.048306
5.104	-0.294513
5.105	-0.58555
5.106	-0.673806
5.107	-0.545399
5.108	-0.373694
5.109	-0.209644
5.11	-0.028459
5.111	0.093309
5.112	0.07506
5.113	-0.019431
5.114	-0.050095
5.115	0.020162
5.116	0.097167
5.117	0.096036
5.118	0.03215
5.119	-0.030717
5.12	-0.060068
5.121	-0.058453
5.122	-0.051045
5.123	-0.104507
5.124	-0.237329
5.125	-0.274075
5.126	-0.059798
5.127	0.185291
5.128	0.169958
5.129	0.011685
5.13	-0.039727
5.131	0.001055
5.132	0.013797
5.133	0.014163
5.134	0.087266
5.135	0.216184
5.136	0.289193
5.137	0.239689
5.138	0.107304
5.139	-0.02374
5.14	-0.102275
5.141	-0.119195
5.142	-0.099669
5.143	-0.125838
5.144	-0.253268
5.145	-0.354195
5.146	-0.27006
5.147	-0.120185
5.148	-0.104492
5.149	-0.144152
5.15	-0.081756
5.151	0.027318
5.152	0.052169
5.153	-0.003991
5.154	-0.040499
5.155	-0.008211
5.156	0.049385
5.157	0.070605
5.158	0.041024
5.159	-0.011139
5.16	-0.053751
5.161	-0.063065
5.162	-0.035432
5.163	-0.023997
5.164	-0.068537
5.165	-0.052779
5.166	0.128945
5.167	0.274435
5.168	0.16034
5.169	-0.042716
5.17	-0.078987
5.171	-0.000426
5.172	0.011733
5.173	-0.074922
5.174	-0.149758
5.175	-0.118815
5.176	-0.008236
5.177	0.079534
5.178	0.085202
5.179	0.035409
5.18	-0.014802
5.181	-0.026222
5.182	0.008088
5.183	0.032573
5.184	-0.000829
5.185	0.010087
5.186	0.163617
5.187	0.268758
5.188	0.125316
5.189	-0.077638
5.19	-0.082912
5.191	0.042002
5.192	0.091857
5.193	0.010663
5.194	-0.099729
5.195	-0.127167
5.196	-0.062316
5.197	0.016431
5.198	0.044051
5.199	0.025011
5.2	-0.000515
5.201	0.005973
5.202	0.055351
5.203	0.083004
5.204	0.006875
5.205	-0.108538
5.206	-0.134322
5.207	-0.134684
5.208	-0.218093
5.209	-0.252755
5.21	-0.089186
5.211	0.168002
5.212	0.324665
5.213	0.327427
5.214	0.254817
5.215	0.18894
5.216	0.149517
5.217	0.111642
5.218	0.051741
5.219	-0.022047
5.22	-0.083103
5.221	-0.100418
5.222	-0.052964
5.223	0.018957
5.224	0.050442
5.225	0.087678
5.226	0.184962
5.227	0.178442
5.228	-0.051782
5.229	-0.262359
5.23	-0.206797
5.231	0.010488
5.232	0.165435
5.233	0.194173
5.234	0.166394
5.235	0.14415
5.236	0.132992
5.237	0.111939
5.238	0.065275
5.239	-0.002113
5.24	-0.071769
5.241	-0.112986
5.242	-0.097579
5.243	-0.06047
5.244	-0.069903
5.245	-0.081279
5.246	0.001318
5.247	0.089854
5.248	0.046115
5.249	-0.038061
5.25	-0.026947
5.251	0.01337
5.252	-0.027258
5.253	-0.097817
5.254	-0.065242
5.255	0.072008
5.256	0.163196
5.257	0.102847
5.258	-0.045011
5.259	-0.142439
5.26	-0.124336
5.261	-0.021355
5.262	0.066142
5.263	-0.014067
5.264	-0.308486
5.265	-0.575672
5.266	-0.525777
5.267	-0.256896
5.268	-0.075213
5.269	-0.01899
5.27	0.029714
5.271	0.044667
5.272	-0.037527
5.273	-0.134905
5.274	-0.110209
5.275	0.028448
5.276	0.1296
5.277	0.094843
5.278	-0.018004
5.279	-0.094222
5.28	-0.08444
5.281	-0.007856
5.282	0.069905
5.283	0.035564
5.284	-0.143904
5.285	-0.268883
5.286	-0.160111
5.287	-0.025153
5.288	-0.115174
5.289	-0.244978
5.29	-0.144703
5.291	0.102724
5.292	0.261687
5.293	0.249837
5.294	0.144891
5.295	0.055888
5.296	0.044368
5.297	0.097827
5.298	0.14481
5.299	0.117988
5.3	0.008278
5.301	-0.12438
5.302	-0.199489
5.303	-0.209225
5.304	-0.199974
5.305	-0.116391
5.306	0.115093
5.307	0.309377
5.308	0.24373
5.309	0.055805
5.31	-0.018712
5.311	-0.015164
5.312	-0.073352
5.313	-0.181982
5.314	-0.221551
5.315	-0.142855
5.316	-0.022943
5.317	0.035601
5.318	0.012997
5.319	-0.034667
5.32	-0.052086
5.321	-0.016464
5.322	0.048758
5.323	0.054282
5.324	-0.041033
5.325	-0.074749
5.326	0.103426
5.327	0.288404
5.328	0.217195
5.329	0.027503
5.33	-0.024141
5.331	0.037935
5.332	0.066112
5.333	0.047561
5.334	0.069454
5.335	0.154036
5.336	0.218909
5.337	0.184717
5.338	0.067615
5.339	-0.051607
5.34	-0.110535
5.341	-0.08727
5.342	-0.004599
5.343	0.047945
5.344	0.012154
5.345	0.011906
5.346	0.169447
5.347	0.293233
5.348	0.159399
5.349	-0.064581
5.35	-0.118025
5.351	-0.038882
5.352	0.012125
5.353	0.010039
5.354	0.026297
5.355	0.081962
5.356	0.120609
5.357	0.091505
5.358	0.010097
5.359	-0.067345
5.36	-0.097506
5.361	-0.061675
5.362	0.017166
5.363	0.037611
5.364	-0.080838
5.365	-0.222408
5.366	-0.212932
5.367	-0.13351
5.368	-0.158943
5.369	-0.212425
5.37	-0.151045
5.371	-0.03764
5.372	0.012317
5.373	0.016021
5.374	0.045171
5.375	0.090382
5.376	0.087582
5.377	0.026918
5.378	-0.037127
5.379	-0.056155
5.38	-0.022426
5.381	0.047254
5.382	0.0901
5.383	-0.04724
5.384	-0.480448
5.385	-1.057364
5.386	-1.422883
5.387	-1.36491
5.388	-0.973553
5.389	-0.488811
5.39	-0.133872
5.391	-0.037396
5.392	-0.166727
5.393	-0.358583
5.394	-0.469475
5.395	-0.465175
5.396	-0.377368
5.397	-0.236184
5.398	-0.060764
5.399	0.119104
5.4	0.265274
5.401	0.355416
5.402	0.356055
5.403	0.171151
5.404	-0.24085
5.405	-0.671307
5.406	-0.813716
5.407	-0.641651
5.408	-0.363949
5.409	-0.10385
5.41	0.086132
5.411	0.109513
5.412	-0.054335
5.413	-0.288112
5.414	-0.458241
5.415	-0.505112
5.416	-0.429361
5.417	-0.258819
5.418	-0.037413
5.419	0.177118
5.42	0.330693
5.421	0.405791
5.422	0.404931
5.423	0.302223
5.424	0.124394
5.425	0.071807
5.426	0.278535
5.427	0.481472
5.428	0.398024
5.429	0.217021
5.43	0.218171
5.431	0.326787
5.432	0.336909
5.433	0.213095
5.434	0.073147
5.435	0.025562
5.436	0.065958
5.437	0.108573
5.438	0.096387
5.439	0.044854
5.44	-0.004708
5.441	0.00107
5.442	0.138508
5.443	0.459276
5.444	0.952356
5.445	1.523211
5.446	1.862836
5.447	1.552257
5.448	0.6724
5.449	-0.08811
5.45	-0.263084
5.451	-0.039627
5.452	0.197276
5.453	0.312235
5.454	0.404395
5.455	0.548812
5.456	0.651589
5.457	0.562166
5.458	0.26828
5.459	-0.081633
5.46	-0.328954
5.461	-0.407556
5.462	-0.346842
5.463	-0.259125
5.464	-0.254866
5.465	-0.305569
5.466	-0.32484
5.467	-0.36635
5.468	-0.471782
5.469	-0.479579
5.47	-0.287579
5.471	-0.052704
5.472	0.036816
5.473	-0.020696
5.474	-0.101501
5.475	-0.121164
5.476	-0.093687
5.477	-0.077945
5.478	-0.100958
5.479	-0.133094
5.48	-0.128582
5.481	-0.05867
5.482	0.070622
5.483	0.195142
5.484	0.259036
5.485	0.332256
5.486	0.462735
5.487	0.444004
5.488	0.144879
5.489	-0.140596
5.49	-0.133157
5.491	0.033793
5.492	0.096865
5.493	-0.003924
5.494	-0.139872
5.495	-0.181304
5.496	-0.122291
5.497	-0.05239
5.498	-0.040959
5.499	-0.075176
5.5	-0.100681
5.501	-0.072829
5.502	0.010243
5.503	0.084299
5.504	0.100578
5.505	0.15331
5.506	0.312884
5.507	0.36352
5.508	0.136258
5.509	-0.110854
5.51	-0.113307
5.511	0.006257
5.512	0.017487
5.513	-0.106514
5.514	-0.232566
5.515	-0.2503
5.516	-0.163599
5.517	-0.052912
5.518	0.011316
5.519	0.017643
5.52	-0.000382
5.521	0.002433
5.522	0.038657
5.523	0.053515
5.524	0.015341
5.525	0.049073
5.526	0.241474
5.527	0.355813
5.528	0.186805
5.529	-0.029225
5.53	-0.030394
5.531	0.068277
5.532	0.047549
5.533	-0.109889
5.534	-0.263312
5.535	-0.29942
5.536	-0.238103
5.537	-0.176585
5.538	-0.154926
5.539	-0.122903
5.54	-0.024861
5.541	0.132808
5.542	0.250918
5.543	0.171915
5.544	-0.099864
5.545	-0.23467
5.546	0.034814
5.547	0.422172
5.548	0.496737
5.549	0.330431
5.55	0.203016
5.551	0.122169
5.552	-0.011646
5.553	-0.144951
5.554	-0.152362
5.555	-0.032643
5.556	0.078238
5.557	0.07201
5.558	-0.019065
5.559	-0.082912
5.56	-0.044155
5.561	0.094753
5.562	0.243028
5.563	0.246718
5.564	0.080516
5.565	0.004653
5.566	0.231211
5.567	0.495609
5.568	0.44805
5.569	0.227947
5.57	0.126277
5.571	0.111955
5.572	0.028857
5.573	-0.108548
5.574	-0.166451
5.575	-0.090181
5.576	0.025205
5.577	0.053657
5.578	-0.017002
5.579	-0.091356
5.58	-0.076184
5.581	0.056972
5.582	0.245481
5.583	0.341176
5.584	0.275717
5.585	0.231417
5.586	0.381579
5.587	0.507987
5.588	0.346183
5.589	0.088247
5.59	0.023432
5.591	0.08769
5.592	0.089352
5.593	0.019736
5.594	-0.000934
5.595	0.068606
5.596	0.133821
5.597	0.09554
5.598	-0.030011
5.599	-0.139032
5.6	-0.142334
5.601	-0.016486
5.602	0.172829
5.603	0.274522
5.604	0.216374
5.605	0.175878
5.606	0.320162
5.607	0.43075
5.608	0.256897
5.609	0.002886
5.61	-0.05054
5.611	0.019238
5.612	0.022643
5.613	-0.047308
5.614	-0.084002
5.615	-0.047669
5.616	-0.000139
5.617	-0.010425
5.618	-0.07379
5.619	-0.121072
5.62	-0.087073
5.621	0.042187
5.622	0.192563
5.623	0.201324
5.624	-0.003334
5.625	-0.213254
5.626	-0.18725
5.627	-0.049403
5.628	-0.038233
5.629	-0.065598
5.63	0.029723
5.631	0.150601
5.632	0.146047
5.633	0.047401
5.634	-0.018405
5.635	-0.014518
5.636	-0.005964
5.637	-0.039393
5.638	-0.089082
5.639	-0.101114
5.64	-0.043875
5.641	0.07846
5.642	0.197792
5.643	0.178829
5.644	-0.009996
5.645	-0.130983
5.646	0.02963
5.647	0.247913
5.648	0.218244
5.649	0.082769
5.65	0.085331
5.651	0.138784
5.652	0.056472
5.653	-0.15171
5.654	-0.325883
5.655	-0.349586
5.656	-0.249351
5.657	-0.130905
5.658	-0.056193
5.659	-0.007526
5.66	0.058348
5.661	0.162912
5.662	0.261881
5.663	0.238321
5.664	0.064382
5.665	-0.040374
5.666	0.1153
5.667	0.307959
5.668	0.252579
5.669	0.103833
5.67	0.102162
5.671	0.156255
5.672	0.082466
5.673	-0.10425
5.674	-0.248631
5.675	-0.251845
5.676	-0.154271
5.677	-0.058224
5.678	-0.015524
5.679	-0.00366
5.68	0.024267
5.681	0.09981
5.682	0.201932
5.683	0.249366
5.684	0.233652
5.685	0.316679
5.686	0.549658
5.687	0.635252
5.688	0.385258
5.689	0.088537
5.69	0.024292
5.691	0.081857
5.692	0.059848
5.693	-0.047222
5.694	-0.124838
5.695	-0.108337
5.696	-0.032004
5.697	0.025493
5.698	0.022228
5.699	-0.014244
5.7	-0.024914
5.701	0.034304
5.702	0.151486
5.703	0.249061
5.704	0.304094
5.705	0.440127
5.706	0.671523
5.707	0.702924
5.708	0.385234
5.709	0.045202
5.71	-0.024573
5.711	0.054031
5.712	0.051534
5.713	-0.058268
5.714	-0.146914
5.715	-0.117966
5.716	-0.005791
5.717	0.074815
5.718	0.05749
5.719	-0.018233
5.72	-0.065129
5.721	-0.01749
5.722	0.123921
5.723	0.279623
5.724	0.399651
5.725	0.562786
5.726	0.76414
5.727	0.735025
5.728	0.363891
5.729	-0.002593
5.73	-0.067412
5.731	0.039923
5.732	0.073139
5.733	-0.013258
5.734	-0.101818
5.735	-0.091821
5.736	-0.004126
5.737	0.059578
5.738	0.038022
5.739	-0.032871
5.74	-0.069896
5.741	-0.010394
5.742	0.130214
5.743	0.235416
5.744	0.21045
5.745	0.144596
5.746	0.16169
5.747	0.147739
5.748	-0.020887
5.749	-0.161883
5.75	-0.097251
5.751	0.045141
5.752	0.067757
5.753	-0.046618
5.754	-0.175952
5.755	-0.207982
5.756	-0.135215
5.757	-0.039498
5.758	0.004369
5.759	-0.00396
5.76	-0.008952
5.761	0.047381
5.762	0.160949
5.763	0.235477
5.764	0.210828
5.765	0.217282
5.766	0.363726
5.767	0.431466
5.768	0.225124
5.769	-0.004855
5.77	0.01881
5.771	0.171243
5.772	0.18939
5.773	0.013878
5.774	-0.206814
5.775	-0.30569
5.776	-0.247144
5.777	-0.115989
5.778	-0.009891
5.779	0.039254
5.78	0.064341
5.781	0.116694
5.782	0.19136
5.783	0.186546
5.784	0.055608
5.785	0.005653
5.786	0.242604
5.787	0.528071
5.788	0.507708
5.789	0.291285
5.79	0.155298
5.791	0.086787
5.792	-0.033354
5.793	-0.169013
5.794	-0.206235
5.795	-0.13908
5.796	-0.077544
5.797	-0.096382
5.798	-0.150952
5.799	-0.146465
5.8	-0.036009
5.801	0.15853
5.802	0.340135
5.803	0.367098
5.804	0.252252
5.805	0.266203
5.806	0.545276
5.807	0.754167
5.808	0.589362
5.809	0.276414
5.81	0.126093
5.811	0.089158
5.812	-0.000181
5.813	-0.13443
5.814	-0.197061
5.815	-0.151431
5.816	-0.082015
5.817	-0.073917
5.818	-0.110805
5.819	-0.113603
5.82	-0.033709
5.821	0.121819
5.822	0.277662
5.823	0.305128
5.824	0.196677
5.825	0.169764
5.826	0.347551
5.827	0.479659
5.828	0.344829
5.829	0.131207
5.83	0.063559
5.831	0.062848
5.832	-0.024678
5.833	-0.17831
5.834	-0.266829
5.835	-0.227059
5.836	-0.126327
5.837	-0.069262
5.838	-0.076489
5.839	-0.087354
5.84	-0.045141
5.841	0.068093
5.842	0.208199
5.843	0.266463
5.844	0.221462
5.845	0.248322
5.846	0.4389
5.847	0.545903
5.848	0.36894
5.849	0.111863
5.85	0.009226
5.851	-0.006503
5.852	-0.079607
5.853	-0.193817
5.854	-0.241724
5.855	-0.186352
5.856	-0.0951
5.857	-0.049408
5.858	-0.058572
5.859	-0.074022
5.86	-0.052125
5.861	0.024784
5.862	0.121814
5.863	0.144895
5.864	0.09208
5.865	0.154564
5.866	0.413996
5.867	0.584141
5.868	0.431108
5.869	0.158279
5.87	0.027544
5.871	0.00188
5.872	-0.053107
5.873	-0.141772
5.874	-0.193047
5.875	-0.180941
5.876	-0.13622
5.877	-0.096656
5.878	-0.073566
5.879	-0.056285
5.88	-0.027685
5.881	0.036031
5.882	0.1286
5.883	0.183666
5.884	0.198766
5.885	0.326528
5.886	0.601817
5.887	0.726592
5.888	0.494177
5.889	0.146263
5.89	-0.027404
5.891	-0.054738
5.892	-0.076445
5.893	-0.105694
5.894	-0.079412
5.895	0.001572
5.896	0.061817
5.897	0.048544
5.898	-0.016361
5.899	-0.084707
5.9	-0.132488
5.901	-0.151698
5.902	-0.173685
5.903	-0.309834
5.904	-0.638077
5.905	-1.037586
5.906	-1.269179
5.907	-1.20756
5.908	-0.901824
5.909	-0.474105
5.91	-0.058398
5.911	0.214391
5.912	0.279819
5.913	0.202411
5.914	0.119692
5.915	0.113138
5.916	0.156545
5.917	0.178482
5.918	0.144255
5.919	0.064075
5.92	-0.036108
5.921	-0.115897
5.922	-0.156967
5.923	-0.21806
5.924	-0.344754
5.925	-0.438094
5.926	-0.389374
5.927	-0.287648
5.928	-0.253519
5.929	-0.210956
5.93	-0.061672
5.931	0.117818
5.932	0.201964
5.933	0.18286
5.934	0.144955
5.935	0.148416
5.936	0.179568
5.937	0.189628
5.938	0.149312
5.939	0.058826
5.94	-0.061026
5.941	-0.158228
5.942	-0.186288
5.943	-0.173029
5.944	-0.158494
5.945	-0.081662
5.946	0.086938
5.947	0.167863
5.948	0.03057
5.949	-0.13434
5.95	-0.108026
5.951	0.049205
5.952	0.151564
5.953	0.124186
5.954	0.035268
5.955	-0.004719
5.956	0.041701
5.957	0.113869
5.958	0.134008
5.959	0.074455
5.96	-0.039208
5.961	-0.136747
5.962	-0.160986
5.963	-0.15538
5.964	-0.211256
5.965	-0.32396
5.966	-0.414314
5.967	-0.46022
5.968	-0.466004
5.969	-0.372761
5.97	-0.153642
5.971	0.088337
5.972	0.220569
5.973	0.211281
5.974	0.131816
5.975	0.067418
5.976	0.031022
5.977	-0.020364
5.978	-0.090229
5.979	-0.130538
5.98	-0.109366
5.981	-0.028681
5.982	0.054268
5.983	0.007176
5.984	-0.224693
5.985	-0.464969
5.986	-0.495498
5.987	-0.352278
5.988	-0.224318
5.989	-0.150824
5.99	-0.045259
5.991	0.091938
5.992	0.163924
5.993	0.11501
5.994	-0.000823
5.995	-0.074476
5.996	-0.047112
5.997	0.044356
5.998	0.116329
5.999	0.106168
6.0	0.010772
6.001	-0.094827
6.002	-0.120056
6.003	-0.081355
6.004	-0.082267
6.005	-0.156097
6.006	-0.238896
6.007	-0.288004
6.008	-0.296803
6.009	-0.236406
6.01	-0.105945
6.011	0.033529
6.012	0.149218
6.013	0.280245
6.014	0.432623
6.015	0.501999
6.016	0.390865
6.017	0.151801
6.018	-0.063372
6.019	-0.160771
6.02	-0.154048
6.021	-0.090778
6.022	-0.039904
6.023	-0.128978
6.024	-0.415316
6.025	-0.737604
6.026	-0.863732
6.027	-0.746399
6.028	-0.512401
6.029	-0.277652
6.03	-0.091613
6.031	0.01032
6.032	0.023548
6.033	0.013386
6.034	0.049068
6.035	0.118705
6.036	0.169386
6.037	0.189411
6.038	0.191339
6.039	0.151578
6.04	0.038248
6.041	-0.107223
6.042	-0.202264
6.043	-0.247485
6.044	-0.300133
6.045	-0.308842
6.046	-0.177176
6.047	-0.004549
6.048	0.035126
6.049	-0.012909
6.05	-0.008773
6.051	0.042943
6.052	0.067396
6.053	0.063393
6.054	0.073358
6.055	0.092979
6.056	0.079598
6.057	0.026147
6.058	-0.021458
6.059	-0.031337
6.06	-0.021509
6.061	-0.011208
6.062	-0.030822
6.063	-0.172485
6.064	-0.476421
6.065	-0.790015
6.066	-0.89662
6.067	-0.752169
6.068	-0.483522
6.069	-0.218237
6.07	-0.019898
6.071	0.075758
6.072	0.076872
6.073	0.061563
6.074	0.098722
6.075	0.160183
6.076	0.168911
6.077	0.107327
6.078	0.029821
6.079	-0.023509
6.08	-0.064787
6.081	-0.099746
6.082	-0.122125
6.083	-0.158698
6.084	-0.18891
6.085	-0.092165
6.086	0.136431
6.087	0.271938
6.088	0.178313
6.089	0.011092
6.09	-0.056588
6.091	-0.051012
6.092	-0.066629
6.093	-0.112846
6.094	-0.137919
6.095	-0.112224
6.096	-0.054847
6.097	-0.004344
6.098	0.020593
6.099	0.015812
6.1	-0.022028
6.101	-0.06661
6.102	-0.083149
6.103	-0.086965
6.104	-0.073163
6.105	0.044761
6.106	0.252639
6.107	0.341613
6.108	0.205151
6.109	0.013848
6.11	-0.05845
6.111	-0.040658
6.112	-0.027935
6.113	-0.029025
6.114	-0.00034
6.115	0.060018
6.116	0.103671
6.117	0.095299
6.118	0.049284
6.119	-0.007372
6.12	-0.06414
6.121	-0.095149
6.122	-0.080227
6.123	-0.074421
6.124	-0.140908
6.125	-0.226554
6.126	-0.238811
6.127	-0.20302
6.128	-0.193644
6.129	-0.185812
6.13	-0.122622
6.131	-0.026583
6.132	0.059698
6.133	0.144395
6.134	0.236473
6.135	0.293373
6.136	0.264953
6.137	0.159996
6.138	0.038374
6.139	-0.056968
6.14	-0.122741
6.141	-0.14725
6.142	-0.122084
6.143	-0.107713
6.144	-0.167149
6.145	-0.246884
6.146	-0.256452
6.147	-0.221915
6.148	-0.213007
6.149	-0.198209
6.15	-0.123413
6.151	-0.027159
6.152	0.032033
6.153	0.067963
6.154	0.121227
6.155	0.176234
6.156	0.177181
6.157	0.108128
6.158	0.011977
6.159	-0.070781
6.16	-0.133611
6.161	-0.15945
6.162	-0.12166
6.163	-0.041209
6.164	0.061376
6.165	0.219765
6.166	0.383336
6.167	0.368117
6.168	0.133123
6.169	-0.100947
6.17	-0.153188
6.171	-0.072875
6.172	0.015748
6.173	0.068365
6.174	0.101593
6.175	0.120393
6.176	0.106738
6.177	0.056489
6.178	-0.004196
6.179	-0.051275
6.18	-0.086393
6.181	-0.104115
6.182	-0.098592
6.183	-0.114853
6.184	-0.177887
6.185	-0.192162
6.186	-0.08216
6.187	0.026054
6.188	-0.005682
6.189	-0.08863
6.19	-0.085899
6.191	-0.025705
6.192	-0.00101
6.193	-0.024807
6.194	-0.04293
6.195	-0.023551
6.196	0.007575
6.197	0.016088
6.198	0.006053
6.199	-0.006185
6.2	-0.024497
6.201	-0.040055
6.202	-0.036163
6.203	-0.052351
6.204	-0.139209
6.205	-0.249266
6.206	-0.293399
6.207	-0.279525
6.208	-0.260017
6.209	-0.214297
6.21	-0.118995
6.211	-0.028462
6.212	-0.002952
6.213	-0.038098
6.214	-0.085532
6.215	-0.101408
6.216	-0.076608
6.217	-0.0322
6.218	0.011998
6.219	0.037947
6.22	0.022321
6.221	-0.019999
6.222	-0.039759
6.223	-0.027978
6.224	-0.005916
6.225	0.028926
6.226	0.049611
6.227	-0.011906
6.228	-0.13003
6.229	-0.177152
6.23	-0.100622
6.231	0.019552
6.232	0.08795
6.233	0.083659
6.234	0.045041
6.235	0.017119
6.236	0.015664
6.237	0.025715
6.238	0.030917
6.239	0.017748
6.24	-0.028892
6.241	-0.086076
6.242	-0.10621
6.243	-0.108941
6.244	-0.176704
6.245	-0.333805
6.246	-0.501087
6.247	-0.577878
6.248	-0.522893
6.249	-0.366394
6.25	-0.183029
6.251	-0.049865
6.252	-0.000541
6.253	-0.009285
6.254	-0.02636
6.255	-0.021021
6.256	0.007032
6.257	0.040059
6.258	0.060365
6.259	0.047321
6.26	-0.018267
6.261	-0.113574
6.262	-0.190748
6.263	-0.259103
6.264	-0.366379
6.265	-0.498248
6.266	-0.583447
6.267	-0.575621
6.268	-0.477051
6.269	-0.31946
6.27	-0.150288
6.271	-0.011592
6.272	0.091123
6.273	0.184209
6.274	0.268903
6.275	0.302575
6.276	0.260153
6.277	0.172718
6.278	0.08564
6.279	0.003518
6.28	-0.096286
6.281	-0.198121
6.282	-0.257091
6.283	-0.28622
6.284	-0.347098
6.285	-0.450407
6.286	-0.540561
6.287	-0.559453
6.288	-0.48468
6.289	-0.332158
6.29	-0.151748
6.291	-0.012071
6.292	0.039936
6.293	0.014314
6.294	-0.03186
6.295	-0.040171
6.296	0.003206
6.297	0.064573
6.298	0.100935
6.299	0.080943
6.3	-0.004199
6.301	-0.109662
6.302	-0.168463
6.303	-0.186279
6.304	-0.232529
6.305	-0.336545
6.306	-0.455245
6.307	-0.520394
6.308	-0.485203
6.309	-0.346936
6.31	-0.151177
6.311	0.028586
6.312	0.133906
6.313	0.145379
6.314	0.082951
6.315	0.005772
6.316	-0.020861
6.317	0.016597
6.318	0.071898
6.319	0.081748
6.32	0.017908
6.321	-0.074954
6.322	-0.128911
6.323	-0.16176
6.324	-0.256161
6.325	-0.422067
6.326	-0.561518
6.327	-0.571072
6.328	-0.432283
6.329	-0.207992
6.33	0.006257
6.331	0.122017
6.332	0.10025
6.333	-0.01247
6.334	-0.112983
6.335	-0.140744
6.336	-0.126724
6.337	-0.112579
6.338	-0.080193
6.339	-0.010267
6.34	0.065189
6.341	0.112699
6.342	0.117924
6.343	0.075105
6.344	0.078686
6.345	0.293239
6.346	0.649198
6.347	0.812187
6.348	0.627748
6.349	0.295467
6.35	0.035672
6.351	-0.117181
6.352	-0.190528
6.353	-0.172792
6.354	-0.069933
6.355	0.043442
6.356	0.079641
6.357	0.02862
6.358	-0.035335
6.359	-0.048886
6.36	-0.017229
6.361	0.035691
6.362	0.08144
6.363	0.061785
6.364	-0.015328
6.365	-0.024484
6.366	0.084546
6.367	0.179565
6.368	0.152528
6.369	0.061241
6.37	-0.008671
6.371	-0.056019
6.372	-0.093854
6.373	-0.090889
6.374	-0.026588
6.375	0.054525
6.376	0.078857
6.377	0.026144
6.378	-0.04655
6.379	-0.078999
6.38	-0.063967
6.381	-0.008086
6.382	0.072796
6.383	0.114151
6.384	0.087561
6.385	0.074608
6.386	0.119072
6.387	0.1291
6.388	0.048056
6.389	-0.043685
6.39	-0.076503
6.391	-0.080914
6.392	-0.094028
6.393	-0.090905
6.394	-0.041534
6.395	0.020484
6.396	0.031381
6.397	-0.017953
6.398	-0.070707
6.399	-0.079744
6.4	-0.050697
6.401	0.000819
6.402	0.051903
6.403	0.039907
6.404	-0.041141
6.405	-0.07746
6.406	-0.015493
6.407	0.035289
6.408	0.001087
6.409	-0.044351
6.41	-0.037722
6.411	-0.014607
6.412	-0.01061
6.413	0.002397
6.414	0.049476
6.415	0.088369
6.416	0.062165
6.417	-0.017405
6.418	-0.08138
6.419	-0.086479
6.42	-0.048636
6.421	0.004309
6.422	0.031146
6.423	-0.055906
6.424	-0.279487
6.425	-0.483296
6.426	-0.491947
6.427	-0.338963
6.428	-0.179754
6.429	-0.076216
6.43	-0.016436
6.431	-0.006799
6.432	-0.036691
6.433	-0.05828
6.434	-0.048865
6.435	-0.036629
6.436	-0.049754
6.437	-0.074513
6.438	-0.072554
6.439	-0.03474
6.44	0.006819
6.441	0.036203
6.442	0.058707
6.443	0.060754
6.444	0.068115
6.445	0.148599
6.446	0.24589
6.447	0.212809
6.448	0.070455
6.449	-0.017372
6.45	-0.000301
6.451	0.026795
6.452	-0.015635
6.453	-0.108594
6.454	-0.183782
6.455	-0.200358
6.456	-0.167852
6.457	-0.11586
6.458	-0.057432
6.459	-0.002153
6.46	0.027633
6.461	0.034971
6.462	0.043843
6.463	0.053361
6.464	0.084355
6.465	0.182968
6.466	0.276692
6.467	0.224401
6.468	0.06328
6.469	-0.040462
6.47	-0.045878
6.471	-0.047255
6.472	-0.105512
6.473	-0.178412
6.474	-0.192592
6.475	-0.134575
6.476	-0.056238
6.477	-0.00649
6.478	0.015507
6.479	0.024883
6.48	0.015401
6.481	-0.006958
6.482	-0.021697
6.483	-0.03145
6.484	-0.011933
6.485	0.091321
6.486	0.209182
6.487	0.190975
6.488	0.059228
6.489	-0.025651
6.49	-0.012981
6.491	0.019464
6.492	0.015549
6.493	-0.001784
6.494	0.006536
6.495	0.037837
6.496	0.059871
6.497	0.052441
6.498	0.027078
6.499	2.6e-05
6.5	-0.029086
6.501	-0.048875
6.502	-0.048895
6.503	-0.071557
6.504	-0.15668
6.505	-0.268315
6.506	-0.355739
6.507	-0.390729
6.508	-0.335603
6.509	-0.191518
6.51	-0.038418
6.511	0.033991
6.512	0.003977
6.513	-0.075859
6.514	-0.130405
6.515	-0.11885
6.516	-0.05841
6.517	0.002431
6.518	0.033948
6.519	0.030026
6.52	-0.007237
6.521	-0.04653
6.522	-0.042765
6.523	0.010196
6.524	0.111987
6.525	0.260832
6.526	0.349471
6.527	0.251153
6.528	0.045126
6.529	-0.06845
6.53	-0.030547
6.531	0.062975
6.532	0.125434
6.533	0.152989
6.534	0.170179
6.535	0.172882
6.536	0.142857
6.537	0.084854
6.538	0.024282
6.539	-0.027419
6.54	-0.077514
6.541	-0.111371
6.542	-0.103197
6.543	-0.068364
6.544	-0.025269
6.545	0.01815
6.546	-0.010762
6.547	-0.148597
6.548	-0.263653
6.549	-0.227367
6.55	-0.089455
6.551	0.020934
6.552	0.048164
6.553	0.033669
6.554	0.0395
6.555	0.074894
6.556	0.102913
6.557	0.098389
6.558	0.07092
6.559	0.032063
6.56	-0.019528
6.561	-0.059719
6.562	-0.047069
6.563	0.018506
6.564	0.124263
6.565	0.256441
6.566	0.305915
6.567	0.162487
6.568	-0.059651
6.569	-0.135411
6.57	-0.024778
6.571	0.120491
6.572	0.153389
6.573	0.050595
6.574	-0.095404
6.575	-0.168745
6.576	-0.132041
6.577	-0.037907
6.578	0.048484
6.579	0.102952
6.58	0.134191
6.581	0.160128
6.582	0.152888
6.583	0.042547
6.584	-0.114072
6.585	-0.118267
6.586	0.061157
6.587	0.21195
6.588	0.21106
6.589	0.139807
6.59	0.068745
6.591	-0.018912
6.592	-0.11543
6.593	-0.154019
6.594	-0.103311
6.595	-0.027393
6.596	-0.013062
6.597	-0.063191
6.598	-0.096414
6.599	-0.055321
6.6	0.033006
6.601	0.115268
6.602	0.139187
6.603	0.054818
6.604	-0.070893
6.605	-0.0636
6.606	0.087002
6.607	0.189271
6.608	0.161452
6.609	0.103952
6.61	0.077478
6.611	0.045039
6.612	-0.006012
6.613	-0.02747
6.614	0.004268
6.615	0.041483
6.616	0.025946
6.617	-0.035209
6.618	-0.072372
6.619	-0.04047
6.62	0.032058
6.621	0.092774
6.622	0.070214
6.623	-0.140222
6.624	-0.535253
6.625	-0.897026
6.626	-0.977674
6.627	-0.747103
6.628	-0.377364
6.629	-0.056025
6.63	0.118327
6.631	0.138942
6.632	0.081779
6.633	0.057652
6.634	0.106245
6.635	0.159418
6.636	0.137328
6.637	0.048662
6.638	-0.027109
6.639	-0.044984
6.64	-0.033798
6.641	-0.024683
6.642	-0.027447
6.643	-0.054528
6.644	-0.053801
6.645	0.04833
6.646	0.148405
6.647	0.095987
6.648	-0.025047
6.649	-0.060396
6.65	-0.033102
6.651	-0.041377
6.652	-0.088619
6.653	-0.093941
6.654	-0.020978
6.655	0.064974
6.656	0.084645
6.657	0.039088
6.658	-0.008506
6.659	-0.02409
6.66	-0.030389
6.661	-0.043112
6.662	-0.058286
6.663	-0.080232
6.664	-0.058367
6.665	0.066737
6.666	0.173769
6.667	0.110012
6.668	-0.02408
6.669	-0.055137
6.67	0.000909
6.671	0.033752
6.672	0.016836
6.673	0.021977
6.674	0.097093
6.675	0.183354
6.676	0.190468
6.677	0.110731
6.678	0.01469
6.679	-0.047898
6.68	-0.087927
6.681	-0.117786
6.682	-0.134691
6.683	-0.142196
6.684	-0.089565
6.685	0.069262
6.686	0.191592
6.687	0.119318
6.688	-0.035859
6.689	-0.089623
6.69	-0.052275
6.691	-0.028329
6.692	-0.040476
6.693	-0.027949
6.694	0.042061
6.695	0.118955
6.696	0.133498
6.697	0.081593
6.698	0.021391
6.699	-0.005137
6.7	-0.009729
6.701	-0.018564
6.702	-0.078432
6.703	-0.274448
6.704	-0.604406
6.705	-0.890609
6.706	-0.939698
6.707	-0.731079
6.708	-0.395882
6.709	-0.080054
6.71	0.129081
6.711	0.205462
6.712	0.186433
6.713	0.150192
6.714	0.148378
6.715	0.165673
6.716	0.153085
6.717	0.095437
6.718	0.032103
6.719	-0.000603
6.72	-0.010183
6.721	-0.009587
6.722	-0.013035
6.723	-0.061753
6.724	-0.143754
6.725	-0.181919
6.726	-0.184852
6.727	-0.210346
6.728	-0.204857
6.729	-0.102891
6.73	0.028782
6.731	0.079981
6.732	0.03023
6.733	-0.044586
6.734	-0.056323
6.735	0.007894
6.736	0.077558
6.737	0.088887
6.738	0.059086
6.739	0.038616
6.74	0.040246
6.741	0.057699
6.742	0.072361
6.743	0.030142
6.744	-0.076363
6.745	-0.174504
6.746	-0.24256
6.747	-0.295665
6.748	-0.266384
6.749	-0.115288
6.75	0.049815
6.751	0.100333
6.752	0.033057
6.753	-0.054945
6.754	-0.081361
6.755	-0.04447
6.756	-0.00195
6.757	0.004163
6.758	-0.003582
6.759	0.014043
6.76	0.055192
6.761	0.103872
6.762	0.146372
6.763	0.165007
6.764	0.210492
6.765	0.357099
6.766	0.494334
6.767	0.434796
6.768	0.234489
6.769	0.089783
6.77	0.037136
6.771	-0.012477
6.772	-0.086218
6.773	-0.128796
6.774	-0.100774
6.775	-0.032361
6.776	0.011565
6.777	0.003934
6.778	-0.016581
6.779	-0.003731
6.78	0.041938
6.781	0.103508
6.782	0.170848
6.783	0.240163
6.784	0.375445
6.785	0.620869
6.786	0.77733
6.787	0.616473
6.788	0.284053
6.789	0.085124
6.79	0.065822
6.791	0.081581
6.792	0.054586
6.793	0.02202
6.794	0.026608
6.795	0.04405
6.796	0.026707
6.797	-0.026101
6.798	-0.066049
6.799	-0.054819
6.8	-0.001838
6.801	0.068973
6.802	0.140078
6.803	0.203123
6.804	0.322947
6.805	0.547707
6.806	0.684385
6.807	0.516368
6.808	0.203001
6.809	0.048542
6.81	0.077776
6.811	0.117442
6.812	0.070858
6.813	-0.018931
6.814	-0.075762
6.815	-0.084166
6.816	-0.077516
6.817	-0.0774
6.818	-0.067734
6.819	-0.028637
6.82	0.029821
6.821	0.094778
6.822	0.164613
6.823	0.241444
6.824	0.378713
6.825	0.594705
6.826	0.686858
6.827	0.469997
6.828	0.140431
6.829	0.004223
6.83	0.058288
6.831	0.099887
6.832	0.015373
6.833	-0.14729
6.834	-0.274197
6.835	-0.309075
6.836	-0.297445
6.837	-0.296862
6.838	-0.270939
6.839	-0.146953
6.84	0.063127
6.841	0.262283
6.842	0.323282
6.843	0.186227
6.844	0.015502
6.845	0.052621
6.846	0.206909
6.847	0.198752
6.848	0.067345
6.849	0.045232
6.85	0.138199
6.851	0.170344
6.852	0.039115
6.853	-0.199692
6.854	-0.396645
6.855	-0.430456
6.856	-0.304863
6.857	-0.124016
6.858	0.023397
6.859	0.109546
6.86	0.136356
6.861	0.133346
6.862	0.142225
6.863	0.181624
6.864	0.276921
6.865	0.401727
6.866	0.371394
6.867	0.107174
6.868	-0.127002
6.869	-0.100455
6.87	0.07192
6.871	0.164099
6.872	0.106504
6.873	-0.006283
6.874	-0.053598
6.875	-0.025387
6.876	-0.016499
6.877	-0.075662
6.878	-0.125085
6.879	-0.074125
6.88	0.065892
6.881	0.20561
6.882	0.225341
6.883	0.046341
6.884	-0.211206
6.885	-0.297483
6.886	-0.180031
6.887	-0.033175
6.888	0.078387
6.889	0.168202
6.89	0.170397
6.891	0.039882
6.892	-0.131163
6.893	-0.188619
6.894	-0.089883
6.895	0.046064
6.896	0.080806
6.897	0.006463
6.898	-0.06579
6.899	-0.044252
6.9	0.059038
6.901	0.169856
6.902	0.19855
6.903	0.100385
6.904	0.004519
6.905	0.091315
6.906	0.257012
6.907	0.275727
6.908	0.196969
6.909	0.170657
6.91	0.154217
6.911	0.04283
6.912	-0.128719
6.913	-0.211924
6.914	-0.129285
6.915	0.021602
6.916	0.085272
6.917	0.027198
6.918	-0.04979
6.919	-0.045571
6.92	0.041004
6.921	0.145602
6.922	0.182739
6.923	0.107187
6.924	0.040982
6.925	0.145507
6.926	0.298761
6.927	0.280435
6.928	0.164913
6.929	0.122484
6.93	0.116677
6.931	0.041248
6.932	-0.078629
6.933	-0.122805
6.934	-0.044394
6.935	0.063114
6.936	0.081157
6.937	0.002423
6.938	-0.073578
6.939	-0.060795
6.94	0.036998
6.941	0.159553
6.942	0.226446
6.943	0.188035
6.944	0.145178
6.945	0.23479
6.946	0.335004
6.947	0.255479
6.948	0.105534
6.949	0.067627
6.95	0.088806
6.951	0.035408
6.952	-0.089832
6.953	-0.173711
6.954	-0.148799
6.955	-0.071239
6.956	-0.038103
6.957	-0.068247
6.958	-0.091524
6.959	-0.042792
6.96	0.069628
6.961	0.192322
6.962	0.26511
6.963	0.275279
6.964	0.362919
6.965	0.652588
6.966	0.90286
6.967	0.783453
6.968	0.426646
6.969	0.179608
6.97	0.095558
6.971	0.025781
6.972	-0.078471
6.973	-0.134672
6.974	-0.085977
6.975	0.00476
6.976	0.032051
6.977	-0.023519
6.978	-0.07676
6.979	-0.043663
6.98	0.072732
6.981	0.209357
6.982	0.287197
6.983	0.264218
6.984	0.247422
6.985	0.380551
6.986	0.533613
6.987	0.466935
6.988	0.260311
6.989	0.14559
6.99	0.121652
6.991	0.044377
6.992	-0.112603
6.993	-0.234518
6.994	-0.223466
6.995	-0.115979
6.996	-0.03331
6.997	-0.036122
6.998	-0.062232
6.999	-0.024535
7.0	0.084697
7.001	0.218065
7.002	0.321703
7.003	0.372167
7.004	0.449891
7.005	0.607845
7.006	0.641009
7.007	0.385605
7.008	0.083254
7.009	-0.000223
7.01	0.050043
7.011	0.042493
7.012	-0.043338
7.013	-0.099348
7.014	-0.064997
7.015	0.001988
7.016	0.012924
7.017	-0.042881
7.018	-0.087422
7.019	-0.049951
7.02	0.056834
7.021	0.169617
7.022	0.218049
7.023	0.165184
7.024	0.098724
7.025	0.132928
7.026	0.167689
7.027	0.070724
7.028	-0.022739
7.029	0.032678
7.03	0.128298
7.031	0.106684
7.032	-0.021629
7.033	-0.12549
7.034	-0.120874
7.035	-0.051924
7.036	-0.014202
7.037	-0.037587
7.038	-0.063013
7.039	-0.03
7.04	0.052195
7.041	0.136387
7.042	0.181727
7.043	0.189579
7.044	0.266956
7.045	0.475249
7.046	0.586312
7.047	0.399274
7.048	0.134457
7.049	0.056166
7.05	0.086554
7.051	0.039494
7.052	-0.104221
7.053	-0.223146
7.054	-0.224039
7.055	-0.139705
7.056	-0.066497
7.057	-0.047172
7.058	-0.040685
7.059	0.00203
7.06	0.074168
7.061	0.138069
7.062	0.161833
7.063	0.156111
7.064	0.238706
7.065	0.473651
7.066	0.61936
7.067	0.456214
7.068	0.194475
7.069	0.10131
7.07	0.110973
7.071	0.048531
7.072	-0.104558
7.073	-0.234643
7.074	-0.245981
7.075	-0.155207
7.076	-0.057194
7.077	-0.016027
7.078	-0.006855
7.079	0.023453
7.08	0.080512
7.081	0.135942
7.082	0.162776
7.083	0.173607
7.084	0.282799
7.085	0.540195
7.086	0.688189
7.087	0.505905
7.088	0.215932
7.089	0.103496
7.09	0.120003
7.091	0.095167
7.092	-0.004538
7.093	-0.096891
7.094	-0.114016
7.095	-0.069094
7.096	-0.024132
7.097	-0.016004
7.098	-0.019761
7.099	0.004653
7.1	0.057312
7.101	0.117556
7.102	0.171886
7.103	0.23549
7.104	0.400205
7.105	0.678969
7.106	0.797256
7.107	0.55347
7.108	0.206169
7.109	0.065606
7.11	0.083636
7.111	0.068594
7.112	-0.046568
7.113	-0.199971
7.114	-0.293628
7.115	-0.276196
7.116	-0.182692
7.117	-0.086787
7.118	-0.01678
7.119	0.043182
7.12	0.101156
7.121	0.160906
7.122	0.233045
7.123	0.335794
7.124	0.533685
7.125	0.807652
7.126	0.879835
7.127	0.573322
7.128	0.178605
7.129	0.025557
7.13	0.062039
7.131	0.077282
7.132	-0.011671
7.133	-0.144595
7.134	-0.219388
7.135	-0.192058
7.136	-0.10799
7.137	-0.036023
7.138	0.00773
7.139	0.042783
7.14	0.076278
7.141	0.121166
7.142	0.20658
7.143	0.355303
7.144	0.603845
7.145	0.8918
7.146	0.92683
7.147	0.557141
7.148	0.115174
7.149	-0.041142
7.15	0.036595
7.151	0.116485
7.152	0.084587
7.153	-0.029793
7.154	-0.144744
7.155	-0.209665
7.156	-0.235591
7.157	-0.248109
7.158	-0.221552
7.159	-0.113493
7.16	0.056133
7.161	0.217438
7.162	0.297347
7.163	0.286402
7.164	0.342268
7.165	0.602145
7.166	0.832706
7.167	0.72239
7.168	0.394405
7.169	0.140003
7.17	-0.002378
7.171	-0.111983
7.172	-0.160893
7.173	-0.069691
7.174	0.110114
7.175	0.196206
7.176	0.088949
7.177	-0.118969
7.178	-0.264059
7.179	-0.2771
7.18	-0.207665
7.181	-0.136174
7.182	-0.149933
7.183	-0.341731
7.184	-0.678967
7.185	-0.946884
7.186	-0.951093
7.187	-0.707297
7.188	-0.377115
7.189	-0.106654
7.19	0.037324
7.191	0.069443
7.192	0.079023
7.193	0.159526
7.194	0.297069
7.195	0.371617
7.196	0.30074
7.197	0.136554
7.198	-0.002701
7.199	-0.058399
7.2	-0.05499
7.201	-0.033071
7.202	-0.048691
7.203	-0.192195
7.204	-0.469216
7.205	-0.721623
7.206	-0.779506
7.207	-0.627809
7.208	-0.3734
7.209	-0.130904
7.21	0.025217
7.211	0.0776
7.212	0.081688
7.213	0.119142
7.214	0.201545
7.215	0.253389
7.216	0.21088
7.217	0.103107
7.218	0.014184
7.219	-0.017565
7.22	-0.021503
7.221	-0.029442
7.222	-0.079191
7.223	-0.242384
7.224	-0.517681
7.225	-0.75644
7.226	-0.801119
7.227	-0.638416
7.228	-0.37055
7.229	-0.109997
7.23	0.065688
7.231	0.125577
7.232	0.100946
7.233	0.063021
7.234	0.057481
7.235	0.071922
7.236	0.070916
7.237	0.049149
7.238	0.033822
7.239	0.026573
7.24	-0.00418
7.241	-0.051245
7.242	-0.069864
7.243	-0.032623
7.244	0.09612
7.245	0.300718
7.246	0.390888
7.247	0.225925
7.248	-0.019429
7.249	-0.10923
7.25	-0.045629
7.251	0.038559
7.252	0.075016
7.253	0.089742
7.254	0.117517
7.255	0.141354
7.256	0.126263
7.257	0.077036
7.258	0.031547
7.259	-0.00222
7.26	-0.050673
7.261	-0.111895
7.262	-0.176807
7.263	-0.292521
7.264	-0.487017
7.265	-0.670185
7.266	-0.714354
7.267	-0.590898
7.268	-0.371649
7.269	-0.150891
7.27	0.001051
7.271	0.058471
7.272	0.053432
7.273	0.04867
7.274	0.074319
7.275	0.105357
7.276	0.108259
7.277	0.087827
7.278	0.068353
7.279	0.04022
7.28	-0.025124
7.281	-0.110468
7.282	-0.186687
7.283	-0.290367
7.284	-0.455248
7.285	-0.607994
7.286	-0.636813
7.287	-0.518859
7.288	-0.322786
7.289	-0.136662
7.29	-0.024026
7.291	-0.005903
7.292	-0.055023
7.293	-0.119888
7.294	-0.16039
7.295	-0.158076
7.296	-0.108176
7.297	-0.018094
7.298	0.080607
7.299	0.128272
7.3	0.081821
7.301	-0.035221
7.302	-0.188001
7.303	-0.397516
7.304	-0.646783
7.305	-0.799374
7.306	-0.731812
7.307	-0.482508
7.308	-0.206463
7.309	-0.037645
7.31	-0.016511
7.311	-0.089029
7.312	-0.158639
7.313	-0.175146
7.314	-0.160646
7.315	-0.141464
7.316	-0.09768
7.317	0.001985
7.318	0.136093
7.319	0.224637
7.32	0.2038
7.321	0.09082
7.322	-0.077078
7.323	-0.314642
7.324	-0.591485
7.325	-0.755851
7.326	-0.680471
7.327	-0.415935
7.328	-0.136606
7.329	0.011818
7.33	-0.001827
7.331	-0.092366
7.332	-0.145091
7.333	-0.140563
7.334	-0.14275
7.335	-0.168572
7.336	-0.152165
7.337	-0.039395
7.338	0.131952
7.339	0.256486
7.34	0.262626
7.341	0.182416
7.342	0.079534
7.343	-0.053498
7.344	-0.232444
7.345	-0.385475
7.346	-0.417865
7.347	-0.316038
7.348	-0.13964
7.349	0.041642
7.35	0.178331
7.351	0.253278
7.352	0.283185
7.353	0.288828
7.354	0.271151
7.355	0.224788
7.356	0.162632
7.357	0.114102
7.358	0.088356
7.359	0.046558
7.36	-0.044589
7.361	-0.110403
7.362	0.017887
7.363	0.466131
7.364	1.20675
7.365	1.910113
7.366	1.982644
7.367	1.235039
7.368	0.27915
7.369	-0.21106
7.37	-0.174734
7.371	0.070919
7.372	0.269257
7.373	0.377176
7.374	0.46633
7.375	0.542883
7.376	0.516702
7.377	0.339057
7.378	0.082186
7.379	-0.155573
7.38	-0.328502
7.381	-0.39103
7.382	-0.300967
7.383	-0.123123
7.384	-0.022233
7.385	-0.114491
7.386	-0.356006
7.387	-0.577681
7.388	-0.623912
7.389	-0.465843
7.39	-0.201341
7.391	0.032341
7.392	0.152065
7.393	0.164651
7.394	0.129382
7.395	0.096117
7.396	0.075588
7.397	0.053204
7.398	0.012492
7.399	-0.068308
7.4	-0.19319
7.401	-0.290992
7.402	-0.270017
7.403	-0.157186
7.404	-0.093668
7.405	-0.176186
7.406	-0.347579
7.407	-0.456374
7.408	-0.413845
7.409	-0.268888
7.41	-0.13087
7.411	-0.054083
7.412	0.007031
7.413	0.130272
7.414	0.290249
7.415	0.350562
7.416	0.232584
7.417	0.021391
7.418	-0.133456
7.419	-0.177796
7.42	-0.165322
7.421	-0.157066
7.422	-0.203988
7.423	-0.360549
7.424	-0.586078
7.425	-0.71288
7.426	-0.627448
7.427	-0.403928
7.428	-0.193208
7.429	-0.070849
7.43	-0.029086
7.431	-0.023422
7.432	0.019652
7.433	0.156795
7.434	0.329901
7.435	0.404902
7.436	0.345232
7.437	0.240577
7.438	0.159786
7.439	0.074259
7.44	-0.056651
7.441	-0.20559
7.442	-0.354464
7.443	-0.552956
7.444	-0.774634
7.445	-0.851093
7.446	-0.68299
7.447	-0.382619
7.448	-0.129414
7.449	-0.00418
7.45	0.003076
7.451	-0.067306
7.452	-0.150629
7.453	-0.174537
7.454	-0.126337
7.455	-0.067471
7.456	-0.046961
7.457	-0.039924
7.458	-0.00543
7.459	0.034061
7.46	0.025995
7.461	-0.035124
7.462	-0.140581
7.463	-0.311757
7.464	-0.506706
7.465	-0.584496
7.466	-0.469572
7.467	-0.251959
7.468	-0.068696
7.469	0.022936
7.47	0.033957
7.471	-0.003166
7.472	-0.033595
7.473	-0.003654
7.474	0.073006
7.475	0.121718
7.476	0.101656
7.477	0.053549
7.478	0.032091
7.479	0.025755
7.48	-0.011306
7.481	-0.081553
7.482	-0.174722
7.483	-0.312493
7.484	-0.462151
7.485	-0.510049
7.486	-0.407065
7.487	-0.234881
7.488	-0.092705
7.489	-0.003707
7.49	0.051646
7.491	0.084255
7.492	0.112182
7.493	0.164166
7.494	0.229228
7.495	0.250454
7.496	0.194448
7.497	0.097635
7.498	0.01918
7.499	-0.033678
7.5	-0.086437
7.501	-0.126001
7.502	-0.133937
7.503	-0.150964
7.504	-0.208416
7.505	-0.261785
7.506	-0.263312
7.507	-0.225764
7.508	-0.179621
7.509	-0.12979
7.51	-0.07807
7.511	-0.037216
7.512	-0.002713
7.513	0.046182
7.514	0.104893
7.515	0.13435
7.516	0.107102
7.517	0.046353
7.518	-0.004485
7.519	-0.040445
7.52	-0.07745
7.521	-0.092591
7.522	-0.066614
7.523	-0.055994
7.524	-0.119257
7.525	-0.220241
7.526	-0.283376
7.527	-0.283977
7.528	-0.234144
7.529	-0.142714
7.53	-0.032349
7.531	0.054146
7.532	0.097202
7.533	0.115958
7.534	0.123629
7.535	0.103221
7.536	0.0469
7.537	-0.014657
7.538	-0.047969
7.539	-0.061795
7.54	-0.079209
7.541	-0.082516
7.542	-0.060368
7.543	-0.075089
7.544	-0.17974
7.545	-0.317559
7.546	-0.388787
7.547	-0.362151
7.548	-0.270093
7.549	-0.155743
7.55	-0.058966
7.551	-0.001843
7.552	0.030647
7.553	0.062295
7.554	0.080443
7.555	0.054578
7.556	-0.005356
7.557	-0.048286
7.558	-0.042669
7.559	-0.015382
7.56	-0.009348
7.561	-0.023814
7.562	-0.05831
7.563	-0.164138
7.564	-0.352881
7.565	-0.521343
7.566	-0.553785
7.567	-0.439524
7.568	-0.249306
7.569	-0.060921
7.57	0.067473
7.571	0.110901
7.572	0.097094
7.573	0.080723
7.574	0.07632
7.575	0.05257
7.576	0.002233
7.577	-0.033828
7.578	-0.023992
7.579	0.006971
7.58	0.016074
7.581	0.002512
7.582	-0.033515
7.583	-0.143151
7.584	-0.342682
7.585	-0.532453
7.586	-0.585465
7.587	-0.471083
7.588	-0.255596
7.589	-0.036664
7.59	0.101868
7.591	0.122446
7.592	0.054494
7.593	-0.029736
7.594	-0.074718
7.595	-0.074751
7.596	-0.051903
7.597	-0.018783
7.598	0.019503
7.599	0.03538
7.6	-0.000298
7.601	-0.061572
7.602	-0.082236
7.603	0.005556
7.604	0.279007
7.605	0.685677
7.606	0.897996
7.607	0.682701
7.608	0.282604
7.609	0.052015
7.61	0.026099
7.611	0.047356
7.612	0.015265
7.613	-0.061574
7.614	-0.13336
7.615	-0.17125
7.616	-0.17125
7.617	-0.136909
7.618	-0.077698
7.619	-0.020581
7.62	0.011531
7.621	0.045043
7.622	0.130938
7.623	0.299342
7.624	0.577231
7.625	0.889143
7.626	0.95138
7.627	0.616848
7.628	0.179811
7.629	-0.023011
7.63	-0.007869
7.631	0.025619
7.632	-0.034657
7.633	-0.150769
7.634	-0.219087
7.635	-0.191273
7.636	-0.11411
7.637	-0.055208
7.638	-0.030122
7.639	-0.026978
7.64	-0.033146
7.641	-0.006423
7.642	0.099753
7.643	0.278374
7.644	0.492798
7.645	0.660665
7.646	0.60955
7.647	0.29752
7.648	-0.021202
7.649	-0.115073
7.65	-0.041716
7.651	0.017934
7.652	-0.024213
7.653	-0.129615
7.654	-0.210637
7.655	-0.216505
7.656	-0.159786
7.657	-0.083105
7.658	-0.023162
7.659	-0.008177
7.66	-0.040542
7.661	-0.06648
7.662	-0.02016
7.663	0.111211
7.664	0.314918
7.665	0.533302
7.666	0.597274
7.667	0.422562
7.668	0.175709
7.669	0.009654
7.67	-0.117768
7.671	-0.25827
7.672	-0.344086
7.673	-0.292737
7.674	-0.15088
7.675	-0.061969
7.676	-0.093649
7.677	-0.168874
7.678	-0.177255
7.679	-0.096727
7.68	0.019328
7.681	0.114565
7.682	0.141452
7.683	0.096945
7.684	0.114374
7.685	0.322164
7.686	0.558982
7.687	0.559703
7.688	0.352019
7.689	0.1298
7.69	-0.03897
7.691	-0.161176
7.692	-0.183465
7.693	-0.046444
7.694	0.176651
7.695	0.317473
7.696	0.304379
7.697	0.209593
7.698	0.113759
7.699	0.020943
7.7	-0.085326
7.701	-0.177932
7.702	-0.241548
7.703	-0.333532
7.704	-0.477046
7.705	-0.555793
7.706	-0.448868
7.707	-0.208675
7.708	0.003186
7.709	0.085759
7.71	0.038084
7.711	-0.078097
7.712	-0.154888
7.713	-0.102109
7.714	0.046577
7.715	0.149513
7.716	0.114847
7.717	-0.00332
7.718	-0.087745
7.719	-0.088463
7.72	-0.034045
7.721	0.027711
7.722	0.031675
7.723	-0.073348
7.724	-0.206026
7.725	-0.203984
7.726	-0.059625
7.727	0.076185
7.728	0.118099
7.729	0.094329
7.73	0.033002
7.731	-0.067573
7.732	-0.198029
7.733	-0.327838
7.734	-0.410716
7.735	-0.390038
7.736	-0.244358
7.737	-0.035598
7.738	0.119307
7.739	0.132574
7.74	0.01926
7.741	-0.091947
7.742	-0.058565
7.743	0.157063
7.744	0.488882
7.745	0.771103
7.746	0.753961
7.747	0.385962
7.748	-0.015054
7.749	-0.135109
7.75	0.002631
7.751	0.183434
7.752	0.262136
7.753	0.247468
7.754	0.206382
7.755	0.147108
7.756	0.049267
7.757	-0.053408
7.758	-0.100209
7.759	-0.079035
7.76	-0.017647
7.761	0.063197
7.762	0.11737
7.763	0.058842
7.764	-0.119654
7.765	-0.286897
7.766	-0.319903
7.767	-0.236518
7.768	-0.128043
7.769	-0.048099
7.77	-0.011457
7.771	-0.019372
7.772	-0.044186
7.773	-0.041506
7.774	-0.009587
7.775	0.00211
7.776	-0.032806
7.777	-0.074808
7.778	-0.07291
7.779	-0.029828
7.78	0.021536
7.781	0.067537
7.782	0.073731
7.783	-0.033381
7.784	-0.245733
7.785	-0.418335
7.786	-0.425897
7.787	-0.298011
7.788	-0.144124
7.789	-0.031837
7.79	0.022969
7.791	0.030036
7.792	0.028133
7.793	0.056834
7.794	0.094402
7.795	0.078423
7.796	0.003715
7.797	-0.060857
7.798	-0.061718
7.799	-0.02093
7.8	0.015196
7.801	0.041607
7.802	0.047779
7.803	-0.024695
7.804	-0.186486
7.805	-0.33619
7.806	-0.370667
7.807	-0.295092
7.808	-0.178845
7.809	-0.072171
7.81	0.004222
7.811	0.051163
7.812	0.100381
7.813	0.17609
7.814	0.227713
7.815	0.178337
7.816	0.047725
7.817	-0.059168
7.818	-0.081938
7.819	-0.059231
7.82	-0.050848
7.821	-0.064888
7.822	-0.104321
7.823	-0.207087
7.824	-0.36057
7.825	-0.461306
7.826	-0.434345
7.827	-0.315445
7.828	-0.179913
7.829	-0.068813
7.83	-0.0014
7.831	0.008693
7.832	-0.018988
7.833	-0.030891
7.834	-0.004154
7.835	0.023379
7.836	0.016608
7.837	-0.0046
7.838	-0.008071
7.839	-0.007644
7.84	-0.032104
7.841	-0.072698
7.842	-0.124587
7.843	-0.2235
7.844	-0.362824
7.845	-0.448714
7.846	-0.410886
7.847	-0.284545
7.848	-0.14455
7.849	-0.03114
7.85	0.038093
7.851	0.045217
7.852	-0.000309
7.853	-0.045149
7.854	-0.044123
7.855	-0.009547
7.856	0.018541
7.857	0.029464
7.858	0.033308
7.859	0.015975
7.86	-0.039861
7.861	-0.105518
7.862	-0.137972
7.863	-0.116519
7.864	-0.000821
7.865	0.210927
7.866	0.359313
7.867	0.292544
7.868	0.101085
7.869	-0.031916
7.87	-0.061215
7.871	-0.046375
7.872	-0.030847
7.873	-0.012985
7.874	0.013658
7.875	0.035959
7.876	0.039773
7.877	0.031335
7.878	0.021789
7.879	-0.001047
7.88	-0.04842
7.881	-0.09409
7.882	-0.121574
7.883	-0.168214
7.884	-0.251729
7.885	-0.316318
7.886	-0.306417
7.887	-0.234233
7.888	-0.146815
7.889	-0.070577
7.89	-0.013097
7.891	0.014138
7.892	0.006871
7.893	-0.015611
7.894	-0.022112
7.895	-0.000632
7.896	0.028084
7.897	0.042438
7.898	0.040867
7.899	0.018864
7.9	-0.024157
7.901	-0.055975
7.902	-0.058343
7.903	-0.076528
7.904	-0.148314
7.905	-0.232153
7.906	-0.263521
7.907	-0.234283
7.908	-0.178762
7.909	-0.121332
7.91	-0.067516
7.911	-0.014099
7.912	0.047405
7.913	0.115499
7.914	0.168048
7.915	0.175996
7.916	0.131496
7.917	0.063743
7.918	0.010194
7.919	-0.026395
7.92	-0.059907
7.921	-0.077422
7.922	-0.075471
7.923	-0.10375
7.924	-0.194544
7.925	-0.295169
7.926	-0.331561
7.927	-0.292421
7.928	-0.211882
7.929	-0.116624
7.93	-0.022767
7.931	0.053116
7.932	0.102061
7.933	0.124893
7.934	0.121213
7.935	0.087919
7.936	0.035786
7.937	-0.005754
7.938	-0.017309
7.939	-0.01589
7.94	-0.025878
7.941	-0.037635
7.942	-0.047143
7.943	-0.097688
7.944	-0.210577
7.945	-0.32723
7.946	-0.373603
7.947	-0.333551
7.948	-0.236164
7.949	-0.118076
7.95	-0.012828
7.951	0.058941
7.952	0.105392
7.953	0.14875
7.954	0.180877
7.955	0.164592
7.956	0.094287
7.957	0.016846
7.958	-0.022286
7.959	-0.029559
7.96	-0.035601
7.961	-0.04045
7.962	-0.043609
7.963	-0.088979
7.964	-0.205581
7.965	-0.344839
7.966	-0.42435
7.967	-0.401323
7.968	-0.288812
7.969	-0.132906
7.97	0.012968
7.971	0.111151
7.972	0.15869
7.973	0.179253
7.974	0.182528
7.975	0.152099
7.976	0.08493
7.977	0.014641
7.978	-0.02199
7.979	-0.030461
7.98	-0.040531
7.981	-0.056655
7.982	-0.082453
7.983	-0.159504
7.984	-0.307801
7.985	-0.463159
7.986	-0.528016
7.987	-0.459318
7.988	-0.289743
7.989	-0.096366
7.99	0.03513
7.991	0.038989
7.992	-0.094149
7.993	-0.287233
7.994	-0.416897
7.995	-0.410782
7.996	-0.289699
7.997	-0.121109
7.998	0.030662
7.999	0.115514
8.0	0.116475
8.001	0.066778
8.002	0.004762
8.003	-0.067972
8.004	-0.139912
8.005	-0.171548
8.006	-0.164363
8.007	-0.143191
8.008	-0.089061
8.009	0.001334
8.01	0.062292
8.011	0.023894
8.012	-0.12008
8.013	-0.295444
8.014	-0.386694
8.015	-0.332664
8.016	-0.177538
8.017	-0.007537
8.018	0.120935
8.019	0.180956
8.02	0.169448
8.021	0.113524
8.022	0.02753
8.023	-0.117859
8.024	-0.324737
8.025	-0.506548
8.026	-0.552209
8.027	-0.426623
8.028	-0.195085
8.029	0.02895
8.03	0.156819
8.031	0.162963
8.032	0.076851
8.033	-0.04519
8.034	-0.145372
8.035	-0.186871
8.036	-0.168741
8.037	-0.109258
8.038	-0.023875
8.039	0.063675
8.04	0.129243
8.041	0.186371
8.042	0.272387
8.043	0.413215
8.044	0.635238
8.045	0.879439
8.046	0.905859
8.047	0.591916
8.048	0.195238
8.049	-0.007131
8.05	-0.042649
8.051	-0.061839
8.052	-0.130768
8.053	-0.224975
8.054	-0.287298
8.055	-0.280227
8.056	-0.212037
8.057	-0.11678
8.058	-0.022375
8.059	0.049986
8.06	0.091339
8.061	0.123206
8.062	0.172753
8.063	0.245545
8.064	0.356565
8.065	0.482636
8.066	0.477291
8.067	0.269424
8.068	0.04448
8.069	-0.022091
8.07	0.0198
8.071	0.062518
8.072	0.099871
8.073	0.173944
8.074	0.261216
8.075	0.279692
8.076	0.197364
8.077	0.069074
8.078	-0.034074
8.079	-0.090474
8.08	-0.11381
8.081	-0.102828
8.082	-0.038588
8.083	0.102423
8.084	0.358011
8.085	0.660969
8.086	0.739631
8.087	0.459303
8.088	0.093806
8.089	-0.069565
8.09	-0.068315
8.091	-0.064922
8.092	-0.114383
8.093	-0.164728
8.094	-0.152381
8.095	-0.073982
8.096	0.012648
8.097	0.05213
8.098	0.040187
8.099	0.002075
8.1	-0.035134
8.101	-0.038345
8.102	0.012794
8.103	0.11219
8.104	0.263771
8.105	0.423739
8.106	0.426159
8.107	0.210095
8.108	-0.008489
8.109	-0.037265
8.11	0.054733
8.111	0.102973
8.112	0.04121
8.113	-0.07676
8.114	-0.146937
8.115	-0.113362
8.116	-0.020655
8.117	0.048771
8.118	0.070292
8.119	0.081896
8.12	0.125113
8.121	0.187577
8.122	0.189546
8.123	0.094675
8.124	0.045875
8.125	0.198467
8.126	0.416432
8.127	0.450111
8.128	0.311712
8.129	0.152824
8.13	0.005965
8.131	-0.14335
8.132	-0.233492
8.133	-0.186044
8.134	-0.030754
8.135	0.091739
8.136	0.076227
8.137	-0.034468
8.138	-0.111419
8.139	-0.076971
8.14	0.051863
8.141	0.202251
8.142	0.278668
8.143	0.242856
8.144	0.214835
8.145	0.32658
8.146	0.457832
8.147	0.409842
8.148	0.242862
8.149	0.122839
8.15	0.057258
8.151	-0.016304
8.152	-0.081041
8.153	-0.072672
8.154	0.008276
8.155	0.070977
8.156	0.037829
8.157	-0.059734
8.158	-0.119353
8.159	-0.077765
8.16	0.050008
8.161	0.198763
8.162	0.273492
8.163	0.226075
8.164	0.169307
8.165	0.245366
8.166	0.355159
8.167	0.31391
8.168	0.181024
8.169	0.10789
8.17	0.081254
8.171	0.022877
8.172	-0.053985
8.173	-0.07629
8.174	-0.030465
8.175	0.009365
8.176	-0.020191
8.177	-0.090491
8.178	-0.118399
8.179	-0.058192
8.18	0.07304
8.181	0.223778
8.182	0.314715
8.183	0.296213
8.184	0.255164
8.185	0.305768
8.186	0.355481
8.187	0.261707
8.188	0.118009
8.189	0.071071
8.19	0.078873
8.191	0.037011
8.192	-0.049918
8.193	-0.095393
8.194	-0.062688
8.195	-0.014677
8.196	-0.023326
8.197	-0.075839
8.198	-0.097849
8.199	-0.045674
8.2	0.062352
8.201	0.173399
8.202	0.212249
8.203	0.145248
8.204	0.082695
8.205	0.152572
8.206	0.253613
8.207	0.219295
8.208	0.121569
8.209	0.098009
8.21	0.112499
8.211	0.078022
8.212	0.015915
8.213	0.009469
8.214	0.0661
8.215	0.097856
8.216	0.045013
8.217	-0.047265
8.218	-0.092856
8.219	-0.059801
8.22	0.024222
8.221	0.114665
8.222	0.163503
8.223	0.168958
8.224	0.246837
8.225	0.466537
8.226	0.615031
8.227	0.480005
8.228	0.222777
8.229	0.085739
8.23	0.045146
8.231	-0.030093
8.232	-0.153386
8.233	-0.232187
8.234	-0.20717
8.235	-0.126322
8.236	-0.07123
8.237	-0.055811
8.238	-0.034521
8.239	0.021302
8.24	0.100252
8.241	0.166925
8.242	0.158789
8.243	0.038335
8.244	-0.102721
8.245	-0.122681
8.246	-0.044041
8.247	0.01581
8.248	0.056015
8.249	0.109603
8.25	0.112613
8.251	0.001008
8.252	-0.183663
8.253	-0.329938
8.254	-0.356941
8.255	-0.27621
8.256	-0.162054
8.257	-0.067211
8.258	0.008964
8.259	0.078443
8.26	0.141056
8.261	0.192296
8.262	0.216963
8.263	0.229279
8.264	0.339201
8.265	0.591333
8.266	0.750387
8.267	0.602866
8.268	0.319752
8.269	0.154779
8.27	0.096087
8.271	0.014139
8.272	-0.117785
8.273	-0.217648
8.274	-0.209383
8.275	-0.114417
8.276	-0.02416
8.277	0.009162
8.278	0.014298
8.279	0.037493
8.28	0.095906
8.281	0.180289
8.282	0.243797
8.283	0.231107
8.284	0.173146
8.285	0.150211
8.286	0.14005
8.287	0.083794
8.288	0.037096
8.289	0.060008
8.29	0.096115
8.291	0.07498
8.292	0.0162
8.293	-0.008559
8.294	0.030279
8.295	0.084092
8.296	0.08415
8.297	0.02466
8.298	-0.035143
8.299	-0.04232
8.3	0.014942
8.301	0.119745
8.302	0.219098
8.303	0.24867
8.304	0.220851
8.305	0.197327
8.306	0.155772
8.307	0.056224
8.308	-0.023086
8.309	-0.011844
8.31	0.027546
8.311	0.013881
8.312	-0.042308
8.313	-0.075376
8.314	-0.052856
8.315	-0.010733
8.316	-0.003294
8.317	-0.034209
8.318	-0.059055
8.319	-0.042281
8.32	0.0212
8.321	0.121998
8.322	0.234478
8.323	0.345946
8.324	0.515742
8.325	0.746041
8.326	0.811302
8.327	0.553848
8.328	0.202772
8.329	0.037669
8.33	0.037257
8.331	0.047585
8.332	0.011259
8.333	-0.030565
8.334	-0.040828
8.335	-0.038404
8.336	-0.054582
8.337	-0.082319
8.338	-0.087096
8.339	-0.049503
8.34	0.026061
8.341	0.12834
8.342	0.233277
8.343	0.332299
8.344	0.490707
8.345	0.712951
8.346	0.772479
8.347	0.51533
8.348	0.17503
8.349	0.024541
8.35	0.028919
8.351	0.024403
8.352	-0.046571
8.353	-0.128397
8.354	-0.160087
8.355	-0.144862
8.356	-0.119303
8.357	-0.09525
8.358	-0.054058
8.359	0.015079
8.36	0.101798
8.361	0.185993
8.362	0.224116
8.363	0.177745
8.364	0.097602
8.365	0.06653
8.366	0.050645
8.367	-0.007152
8.368	-0.032939
8.369	0.036099
8.37	0.120076
8.371	0.116748
8.372	0.02149
8.373	-0.088913
8.374	-0.138764
8.375	-0.119306
8.376	-0.078528
8.377	-0.051136
8.378	-0.0265
8.379	0.011231
8.38	0.062576
8.381	0.128736
8.382	0.197891
8.383	0.252119
8.384	0.324627
8.385	0.429777
8.386	0.435835
8.387	0.257145
8.388	0.063094
8.389	0.022764
8.39	0.069073
8.391	0.051429
8.392	-0.078048
8.393	-0.244832
8.394	-0.334127
8.395	-0.297836
8.396	-0.18627
8.397	-0.073842
8.398	0.006875
8.399	0.052623
8.4	0.075681
8.401	0.106448
8.402	0.161189
8.403	0.233388
8.404	0.343796
8.405	0.480201
8.406	0.491211
8.407	0.292914
8.408	0.072518
8.409	0.016647
8.41	0.062997
8.411	0.051415
8.412	-0.077905
8.413	-0.250351
8.414	-0.338268
8.415	-0.284328
8.416	-0.148125
8.417	-0.024779
8.418	0.039357
8.419	0.04444
8.42	0.023353
8.421	0.037898
8.422	0.129603
8.423	0.286361
8.424	0.484667
8.425	0.656688
8.426	0.630105
8.427	0.349382
8.428	0.045261
8.429	-0.06849
8.43	-0.04261
8.431	-0.031677
8.432	-0.103241
8.433	-0.219132
8.434	-0.295089
8.435	-0.272542
8.436	-0.16524
8.437	-0.037311
8.438	0.057985
8.439	0.111467
8.44	0.150223
8.441	0.186695
8.442	0.177925
8.443	0.117812
8.444	0.156159
8.445	0.410046
8.446	0.673399
8.447	0.6542
8.448	0.390227
8.449	0.102869
8.45	-0.111806
8.451	-0.239976
8.452	-0.231588
8.453	-0.065947
8.454	0.140299
8.455	0.210103
8.456	0.100493
8.457	-0.065857
8.458	-0.164481
8.459	-0.182024
8.46	-0.164863
8.461	-0.161932
8.462	-0.24576
8.463	-0.466723
8.464	-0.732302
8.465	-0.844646
8.466	-0.71163
8.467	-0.432575
8.468	-0.162983
8.469	0.01247
8.47	0.082301
8.471	0.086362
8.472	0.106878
8.473	0.199343
8.474	0.308616
8.475	0.322588
8.476	0.215955
8.477	0.074523
8.478	-0.020452
8.479	-0.066979
8.48	-0.094883
8.481	-0.123709
8.482	-0.198978
8.483	-0.367212
8.484	-0.565099
8.485	-0.641586
8.486	-0.531171
8.487	-0.316486
8.488	-0.11328
8.489	0.02532
8.49	0.093935
8.491	0.107901
8.492	0.112422
8.493	0.151624
8.494	0.206095
8.495	0.213468
8.496	0.155859
8.497	0.080157
8.498	0.027119
8.499	-0.013863
8.5	-0.060798
8.501	-0.11013
8.502	-0.185849
8.503	-0.32679
8.504	-0.482401
8.505	-0.528205
8.506	-0.417966
8.507	-0.232676
8.508	-0.072408
8.509	0.026492
8.51	0.066216
8.511	0.053573
8.512	0.012937
8.513	-0.013077
8.514	0.001066
8.515	0.038686
8.516	0.065503
8.517	0.072537
8.518	0.065844
8.519	0.035942
8.52	-0.014346
8.521	-0.052461
8.522	-0.077059
8.523	-0.129417
8.524	-0.206533
8.525	-0.246332
8.526	-0.21814
8.527	-0.15505
8.528	-0.08986
8.529	-0.020603
8.53	0.050342
8.531	0.098417
8.532	0.113738
8.533	0.118487
8.534	0.131826
8.535	0.138208
8.536	0.114921
8.537	0.07268
8.538	0.03205
8.539	-0.012454
8.54	-0.059138
8.541	-0.07721
8.542	-0.072221
8.543	-0.105733
8.544	-0.196287
8.545	-0.273921
8.546	-0.275612
8.547	-0.219582
8.548	-0.151561
8.549	-0.084738
8.55	-0.0189
8.551	0.040711
8.552	0.093227
8.553	0.137461
8.554	0.160719
8.555	0.146797
8.556	0.100223
8.557	0.052146
8.558	0.022239
8.559	-0.006415
8.56	-0.040899
8.561	-0.050436
8.562	-0.035125
8.563	-0.053899
8.564	-0.132218
8.565	-0.214963
8.566	-0.245626
8.567	-0.225985
8.568	-0.176847
8.569	-0.103106
8.57	-0.011956
8.571	0.082941
8.572	0.178388
8.573	0.266128
8.574	0.304628
8.575	0.254189
8.576	0.141707
8.577	0.042194
8.578	-0.007104
8.579	-0.03541
8.58	-0.068448
8.581	-0.084245
8.582	-0.08033
8.583	-0.108446
8.584	-0.190472
8.585	-0.272812
8.586	-0.298878
8.587	-0.266024
8.588	-0.194154
8.589	-0.09686
8.59	0.003128
8.591	0.075017
8.592	0.110891
8.593	0.126391
8.594	0.122155
8.595	0.084732
8.596	0.030512
8.597	0.001275
8.598	0.005493
8.599	0.000692
8.6	-0.0416
8.601	-0.097987
8.602	-0.156319
8.603	-0.243011
8.604	-0.346821
8.605	-0.397126
8.606	-0.353732
8.607	-0.251746
8.608	-0.1404
8.609	-0.036995
8.61	0.054001
8.611	0.127652
8.612	0.192598
8.613	0.257508
8.614	0.293936
8.615	0.258644
8.616	0.161882
8.617	0.067806
8.618	0.013385
8.619	-0.031163
8.62	-0.094142
8.621	-0.149971
8.622	-0.17859
8.623	-0.21075
8.624	-0.266338
8.625	-0.308306
8.626	-0.296985
8.627	-0.238548
8.628	-0.156689
8.629	-0.065499
8.63	0.013504
8.631	0.046375
8.632	0.022776
8.633	-0.019905
8.634	-0.031795
8.635	-0.004585
8.636	0.032098
8.637	0.058752
8.638	0.06713
8.639	0.033067
8.64	-0.049213
8.641	-0.137546
8.642	-0.201343
8.643	-0.257481
8.644	-0.308016
8.645	-0.313283
8.646	-0.256163
8.647	-0.169897
8.648	-0.089647
8.649	-0.022985
8.65	0.026284
8.651	0.042068
8.652	0.023075
8.653	0.002406
8.654	0.015048
8.655	0.054945
8.656	0.087948
8.657	0.098738
8.658	0.086412
8.659	0.034591
8.66	-0.055219
8.661	-0.132737
8.662	-0.16164
8.663	-0.167284
8.664	-0.178568
8.665	-0.182758
8.666	-0.162793
8.667	-0.127271
8.668	-0.09012
8.669	-0.050036
8.67	-0.003352
8.671	0.041444
8.672	0.076478
8.673	0.103551
8.674	0.123716
8.675	0.129975
8.676	0.116277
8.677	0.089435
8.678	0.052209
8.679	-0.012534
8.68	-0.099224
8.681	-0.150982
8.682	-0.130205
8.683	-0.077702
8.684	-0.054824
8.685	-0.071966
8.686	-0.101399
8.687	-0.121481
8.688	-0.123323
8.689	-0.097485
8.69	-0.042813
8.691	0.021679
8.692	0.06757
8.693	0.076765
8.694	0.0558
8.695	0.029652
8.696	0.019493
8.697	0.027939
8.698	0.031153
8.699	-0.006137
8.7	-0.073793
8.701	-0.097874
8.702	-0.029574
8.703	0.078051
8.704	0.127084
8.705	0.07952
8.706	-0.023285
8.707	-0.118886
8.708	-0.165137
8.709	-0.142282
8.71	-0.05369
8.711	0.079575
8.712	0.230386
8.713	0.357904
8.714	0.403438
8.715	0.334616
8.716	0.194041
8.717	0.063236
8.718	-0.023381
8.719	-0.093891
8.72	-0.164812
8.721	-0.200878
8.722	-0.181992
8.723	-0.150618
8.724	-0.150651
8.725	-0.175206
8.726	-0.197796
8.727	-0.205838
8.728	-0.187236
8.729	-0.124681
8.73	-0.021275
8.731	0.090041
8.732	0.170087
8.733	0.198414
8.734	0.17666
8.735	0.122129
8.736	0.06354
8.737	0.025383
8.738	0.001927
8.739	-0.039195
8.74	-0.09945
8.741	-0.122762
8.742	-0.075251
8.743	-0.008413
8.744	0.002435
8.745	-0.059761
8.746	-0.153386
8.747	-0.220365
8.748	-0.215632
8.749	-0.12796
8.75	0.006322
8.751	0.117009
8.752	0.14515
8.753	0.089715
8.754	0.007124
8.755	-0.040857
8.756	-0.034153
8.757	0.006037
8.758	0.037603
8.759	0.01756
8.76	-0.0503
8.761	-0.099535
8.762	-0.086496
8.763	-0.055057
8.764	-0.072928
8.765	-0.146678
8.766	-0.226804
8.767	-0.259797
8.768	-0.2169
8.769	-0.105024
8.77	0.027342
8.771	0.105169
8.772	0.071101
8.773	-0.058369
8.774	-0.183564
8.775	-0.204732
8.776	-0.114065
8.777	0.017487
8.778	0.105869
8.779	0.09513
8.78	0.003145
8.781	-0.075685
8.782	-0.074222
8.783	-0.035757
8.784	-0.049067
8.785	-0.133063
8.786	-0.226438
8.787	-0.259596
8.788	-0.200217
8.789	-0.062272
8.79	0.091201
8.791	0.168492
8.792	0.112234
8.793	-0.034935
8.794	-0.149492
8.795	-0.141489
8.796	-0.030439
8.797	0.100393
8.798	0.169461
8.799	0.12372
8.8	-0.022152
8.801	-0.188009
8.802	-0.321878
8.803	-0.435525
8.804	-0.501943
8.805	-0.427079
8.806	-0.202634
8.807	0.028958
8.808	0.13197
8.809	0.100219
8.81	0.003574
8.811	-0.087592
8.812	-0.112039
8.813	-0.041747
8.814	0.070276
8.815	0.123453
8.816	0.08231
8.817	0.014268
8.818	-0.01171
8.819	-0.006545
8.82	-0.005803
8.821	-0.018669
8.822	-0.071551
8.823	-0.190898
8.824	-0.306424
8.825	-0.2929
8.826	-0.140124
8.827	0.022205
8.828	0.083409
8.829	0.049836
8.83	-0.012434
8.831	-0.044614
8.832	-0.002452
8.833	0.113478
8.834	0.22134
8.835	0.226
8.836	0.131296
8.837	0.029167
8.838	-0.021583
8.839	-0.045208
8.84	-0.070277
8.841	-0.086754
8.842	-0.109122
8.843	-0.173689
8.844	-0.242185
8.845	-0.222527
8.846	-0.107573
8.847	0.00392
8.848	0.037353
8.849	0.014126
8.85	-0.012803
8.851	-0.016556
8.852	0.020529
8.853	0.104156
8.854	0.189451
8.855	0.205309
8.856	0.139067
8.857	0.052334
8.858	-0.006154
8.859	-0.04996
8.86	-0.092543
8.861	-0.114415
8.862	-0.126671
8.863	-0.166139
8.864	-0.204294
8.865	-0.169424
8.866	-0.068016
8.867	0.010196
8.868	0.015459
8.869	-0.012453
8.87	-0.020668
8.871	0.007318
8.872	0.075505
8.873	0.174996
8.874	0.252678
8.875	0.242269
8.876	0.147712
8.877	0.04531
8.878	-0.014297
8.879	-0.049115
8.88	-0.075548
8.881	-0.080025
8.882	-0.08941
8.883	-0.154187
8.884	-0.232797
8.885	-0.221614
8.886	-0.111958
8.887	-0.004669
8.888	0.027243
8.889	0.001757
8.89	-0.040629
8.891	-0.089815
8.892	-0.13801
8.893	-0.161649
8.894	-0.151193
8.895	-0.122606
8.896	-0.087652
8.897	-0.039583
8.898	0.01226
8.899	0.031194
8.9	0.01307
8.901	0.000212
8.902	-0.000167
8.903	-0.025275
8.904	-0.062769
8.905	-0.051301
8.906	0.013031
8.907	0.061421
8.908	0.05201
8.909	0.013219
8.91	-0.021316
8.911	-0.055572
8.912	-0.094662
8.913	-0.117819
8.914	-0.106984
8.915	-0.075092
8.916	-0.043781
8.917	-0.01295
8.918	0.014689
8.919	0.015724
8.92	0.00063
8.921	0.027821
8.922	0.111702
8.923	0.188074
8.924	0.205128
8.925	0.176646
8.926	0.128105
8.927	0.058044
8.928	-0.022576
8.929	-0.073733
8.93	-0.077539
8.931	-0.056996
8.932	-0.033861
8.933	-0.007102
8.934	0.021824
8.935	0.032061
8.936	0.013778
8.937	-0.008418
8.938	-0.016628
8.939	-0.028245
8.94	-0.043342
8.941	-0.026323
8.942	0.015923
8.943	0.022995
8.944	-0.017711
8.945	-0.047349
8.946	-0.035474
8.947	-0.021417
8.948	-0.033107
8.949	-0.04345
8.95	-0.027166
8.951	0.006691
8.952	0.046497
8.953	0.091588
8.954	0.125068
8.955	0.113569
8.956	0.055863
8.957	-0.002792
8.958	-0.03105
8.959	-0.045317
8.96	-0.049793
8.961	-0.00977
8.962	0.066525
8.963	0.105236
8.964	0.069494
8.965	0.004637
8.966	-0.042279
8.967	-0.072603
8.968	-0.087726
8.969	-0.064938
8.97	-0.001093
8.971	0.073555
8.972	0.133348
8.973	0.164277
8.974	0.13862
8.975	0.047444
8.976	-0.052981
8.977	-0.092073
8.978	-0.069271
8.979	-0.043181
8.98	-0.039043
8.981	-0.025878
8.982	-0.004789
8.983	-0.027627
8.984	-0.098878
8.985	-0.152318
8.986	-0.147448
8.987	-0.11166
8.988	-0.075236
8.989	-0.036606
8.99	0.00097
8.991	0.016684
8.992	0.007052
8.993	-0.006962
8.994	-0.0192
8.995	-0.041823
8.996	-0.06289
8.997	-0.049597
8.998	-0.006187
8.999	0.018445
9.0	0.007944
9.001	0.00346
9.002	0.017801
9.003	0.005066
9.004	-0.053365
9.005	-0.109852
9.006	-0.12222
9.007	-0.099587
9.008	-0.060642
9.009	-0.008337
9.01	0.041309
9.011	0.054468
9.012	0.021101
9.013	-0.0274
9.014	-0.057048
9.015	-0.062818
9.016	-0.049255
9.017	-0.011713
9.018	0.034189
9.019	0.043688
9.02	0.008405
9.021	-0.024326
9.022	-0.036802
9.023	-0.070138
9.024	-0.136768
9.025	-0.181918
9.026	-0.163559
9.027	-0.103116
9.028	-0.035546
9.029	0.027025
9.03	0.067575
9.031	0.054797
9.032	-0.013246
9.033	-0.084448
9.034	-0.100093
9.035	-0.05745
9.036	0.001474
9.037	0.0476
9.038	0.066029
9.039	0.03569
9.04	-0.027351
9.041	-0.057707
9.042	-0.030596
9.043	-0.003209
9.044	-0.025512
9.045	-0.073115
9.046	-0.097981
9.047	-0.089187
9.048	-0.061375
9.049	-0.028281
9.05	-0.007081
9.051	-0.016967
9.052	-0.055502
9.053	-0.093617
9.054	-0.101489
9.055	-0.071846
9.056	-0.016841
9.057	0.044812
9.058	0.080957
9.059	0.055619
9.06	-0.016882
9.061	-0.073298
9.062	-0.095961
9.063	-0.135957
9.064	-0.207482
9.065	-0.243329
9.066	-0.192404
9.067	-0.093424
9.068	-0.022056
9.069	-0.013819
9.07	-0.053646
9.071	-0.107849
9.072	-0.165258
9.073	-0.241043
9.074	-0.317847
9.075	-0.324579
9.076	-0.211776
9.077	-0.019319
9.078	0.145684
9.079	0.196048
9.08	0.142302
9.081	0.06263
9.082	-0.013864
9.083	-0.122207
9.084	-0.24509
9.085	-0.282659
9.086	-0.182127
9.087	-0.027576
9.088	0.040021
9.089	-0.049237
9.09	-0.234758
9.091	-0.348639
9.092	-0.262703
9.093	-0.05406
9.094	0.058711
9.095	-0.025152
9.096	-0.173062
9.097	-0.193996
9.098	-0.048875
9.099	0.158402
9.1	0.322391
9.101	0.375576
9.102	0.245338
9.103	-0.058466
9.104	-0.330064
9.105	-0.325374
9.106	-0.048557
9.107	0.252111
9.108	0.378602
9.109	0.347154
9.11	0.266624
9.111	0.189101
9.112	0.098723
9.113	-0.020536
9.114	-0.132525
9.115	-0.17107
9.116	-0.106267
9.117	0.022034
9.118	0.124648
9.119	0.13028
9.12	0.073915
9.121	0.104824
9.122	0.367604
9.123	0.886653
9.124	1.526105
9.125	1.951708
9.126	1.779495
9.127	1.041849
9.128	0.27971
9.129	-0.061145
9.13	-0.010238
9.131	0.183198
9.132	0.374464
9.133	0.564043
9.134	0.736789
9.135	0.777866
9.136	0.603424
9.137	0.283941
9.138	-0.035498
9.139	-0.268814
9.14	-0.37651
9.141	-0.309546
9.142	-0.070146
9.143	0.215444
9.144	0.356139
9.145	0.241189
9.146	-0.060095
9.147	-0.343853
9.148	-0.435908
9.149	-0.316696
9.15	-0.106474
9.151	0.04086
9.152	0.052736
9.153	-0.019034
9.154	-0.073889
9.155	-0.067564
9.156	-0.027563
9.157	0.001095
9.158	-0.013861
9.159	-0.086567
9.16	-0.176951
9.161	-0.192162
9.162	-0.090351
9.163	0.046705
9.164	0.087036
9.165	-0.021642
9.166	-0.206051
9.167	-0.331919
9.168	-0.3049
9.169	-0.131348
9.17	0.08836
9.171	0.227578
9.172	0.232509
9.173	0.163667
9.174	0.116655
9.175	0.11877
9.176	0.130389
9.177	0.114756
9.178	0.054993
9.179	-0.06004
9.18	-0.194477
9.181	-0.254871
9.182	-0.1923
9.183	-0.077949
9.184	-0.026693
9.185	-0.066908
9.186	-0.125089
9.187	-0.13057
9.188	-0.091296
9.189	-0.060976
9.19	-0.07421
9.191	-0.119285
9.192	-0.143935
9.193	-0.106749
9.194	-0.039289
9.195	-0.015815
9.196	-0.05178
9.197	-0.081668
9.198	-0.057824
9.199	-0.011707
9.2	0.011114
9.201	-0.011664
9.202	-0.120904
9.203	-0.326028
9.204	-0.502555
9.205	-0.479141
9.206	-0.250716
9.207	0.005896
9.208	0.13509
9.209	0.12288
9.21	0.035256
9.211	-0.056942
9.212	-0.097912
9.213	-0.077273
9.214	-0.045745
9.215	-0.051524
9.216	-0.071495
9.217	-0.046172
9.218	0.025671
9.219	0.079584
9.22	0.077212
9.221	0.026836
9.222	-0.087348
9.223	-0.271078
9.224	-0.416139
9.225	-0.376933
9.226	-0.161908
9.227	0.065398
9.228	0.174015
9.229	0.163688
9.23	0.096755
9.231	0.032734
9.232	0.025187
9.233	0.090112
9.234	0.168223
9.235	0.180364
9.236	0.123029
9.237	0.064125
9.238	0.041598
9.239	0.024711
9.24	-0.008858
9.241	-0.045349
9.242	-0.10155
9.243	-0.200561
9.244	-0.276568
9.245	-0.23055
9.246	-0.077954
9.247	0.060102
9.248	0.105718
9.249	0.084854
9.25	0.053528
9.251	0.047311
9.252	0.093373
9.253	0.190011
9.254	0.27399
9.255	0.269872
9.256	0.179505
9.257	0.078318
9.258	0.014066
9.259	-0.033055
9.26	-0.072619
9.261	-0.075906
9.262	-0.051237
9.263	-0.042253
9.264	-0.043838
9.265	-0.016886
9.266	0.027179
9.267	0.03662
9.268	0.006452
9.269	-0.01275
9.27	0.008363
9.271	0.057488
9.272	0.126888
9.273	0.211627
9.274	0.26804
9.275	0.240417
9.276	0.138558
9.277	0.034182
9.278	-0.031567
9.279	-0.077664
9.28	-0.105329
9.281	-0.078358
9.282	-0.010741
9.283	0.027419
9.284	0.013048
9.285	-0.009789
9.286	-0.016732
9.287	-0.030423
9.288	-0.053024
9.289	-0.049993
9.29	-0.013996
9.291	0.021292
9.292	0.038335
9.293	0.057955
9.294	0.090941
9.295	0.106335
9.296	0.078755
9.297	0.031875
9.298	-0.00552
9.299	-0.039899
9.3	-0.063489
9.301	-0.041039
9.302	0.007728
9.303	0.011204
9.304	-0.039671
9.305	-0.07323
9.306	-0.045983
9.307	0.006124
9.308	0.034348
9.309	0.029263
9.31	-0.003805
9.311	-0.066515
9.312	-0.146411
9.313	-0.207151
9.314	-0.221043
9.315	-0.194597
9.316	-0.14379
9.317	-0.069647
9.318	0.012479
9.319	0.06538
9.32	0.092849
9.321	0.142508
9.322	0.212333
9.323	0.242961
9.324	0.219099
9.325	0.189843
9.326	0.178148
9.327	0.145895
9.328	0.069452
9.329	-0.019527
9.33	-0.08725
9.331	-0.131089
9.332	-0.158842
9.333	-0.175145
9.334	-0.184697
9.335	-0.187687
9.336	-0.167718
9.337	-0.105381
9.338	-0.018653
9.339	0.045737
9.34	0.083551
9.341	0.132271
9.342	0.17892
9.343	0.165796
9.344	0.101313
9.345	0.063218
9.346	0.079266
9.347	0.092284
9.348	0.060232
9.349	0.010869
9.35	-0.011547
9.351	0.014473
9.352	0.090554
9.353	0.178041
9.354	0.194355
9.355	0.099399
9.356	-0.035262
9.357	-0.103765
9.358	-0.084881
9.359	-0.035683
9.36	0.012355
9.361	0.075462
9.362	0.132813
9.363	0.129257
9.364	0.07411
9.365	0.034772
9.366	0.032277
9.367	0.025976
9.368	-0.004717
9.369	-0.037132
9.37	-0.057037
9.371	-0.075958
9.372	-0.099201
9.373	-0.115718
9.374	-0.123896
9.375	-0.133917
9.376	-0.137447
9.377	-0.107443
9.378	-0.043806
9.379	0.015882
9.38	0.059684
9.381	0.11455
9.382	0.167448
9.383	0.164612
9.384	0.105525
9.385	0.049691
9.386	0.027608
9.387	0.016937
9.388	0.003684
9.389	0.000935
9.39	0.004859
9.391	-0.017056
9.392	-0.081002
9.393	-0.159622
9.394	-0.213017
9.395	-0.22427
9.396	-0.193519
9.397	-0.122415
9.398	-0.033114
9.399	0.029219
9.4	0.058362
9.401	0.10018
9.402	0.172622
9.403	0.247641
9.404	0.318669
9.405	0.386492
9.406	0.386565
9.407	0.265293
9.408	0.095176
9.409	-0.016577
9.41	-0.064976
9.411	-0.120584
9.412	-0.224912
9.413	-0.339469
9.414	-0.388626
9.415	-0.342203
9.416	-0.233006
9.417	-0.104872
9.418	0.005499
9.419	0.062709
9.42	0.074586
9.421	0.091593
9.422	0.122743
9.423	0.121945
9.424	0.075765
9.425	0.031328
9.426	0.021965
9.427	0.026968
9.428	0.018007
9.429	-0.006722
9.43	-0.045593
9.431	-0.109308
9.432	-0.194122
9.433	-0.262657
9.434	-0.274142
9.435	-0.225674
9.436	-0.143681
9.437	-0.049374
9.438	0.032939
9.439	0.068609
9.44	0.063275
9.441	0.067101
9.442	0.091101
9.443	0.091848
9.444	0.058305
9.445	0.03432
9.446	0.043404
9.447	0.056935
9.448	0.04534
9.449	0.012905
9.45	-0.02931
9.451	-0.087196
9.452	-0.159954
9.453	-0.219239
9.454	-0.231557
9.455	-0.190675
9.456	-0.115581
9.457	-0.028736
9.458	0.040034
9.459	0.057793
9.46	0.037867
9.461	0.03816
9.462	0.075852
9.463	0.109218
9.464	0.115277
9.465	0.112008
9.466	0.106579
9.467	0.080441
9.468	0.027842
9.469	-0.02597
9.47	-0.053769
9.471	-0.050209
9.472	-0.023516
9.473	0.009645
9.474	0.023477
9.475	0.005452
9.476	-0.021568
9.477	-0.024122
9.478	-0.007831
9.479	-0.010319
9.48	-0.033181
9.481	-0.035243
9.482	-0.009052
9.483	0.011647
9.484	0.020768
9.485	0.039807
9.486	0.062378
9.487	0.056887
9.488	0.021164
9.489	-0.008425
9.49	-0.012246
9.491	-0.016054
9.492	-0.050728
9.493	-0.105265
9.494	-0.137908
9.495	-0.126684
9.496	-0.082563
9.497	-0.023911
9.498	0.024705
9.499	0.035938
9.5	0.026525
9.501	0.053803
9.502	0.128955
9.503	0.196656
9.504	0.212875
9.505	0.1822
9.506	0.1232
9.507	0.047825
9.508	-0.018723
9.509	-0.041408
9.51	-0.018543
9.511	0.004965
9.512	-0.017182
9.513	-0.080778
9.514	-0.136625
9.515	-0.146104
9.516	-0.109161
9.517	-0.04652
9.518	0.009748
9.519	0.028309
9.52	0.026321
9.521	0.063961
9.522	0.152039
9.523	0.227572
9.524	0.236644
9.525	0.180489
9.526	0.086819
9.527	-0.011129
9.528	-0.07117
9.529	-0.064349
9.53	-0.013537
9.531	0.009714
9.532	-0.05286
9.533	-0.177118
9.534	-0.269347
9.535	-0.26226
9.536	-0.171371
9.537	-0.055448
9.538	0.030632
9.539	0.055377
9.54	0.047837
9.541	0.083813
9.542	0.181337
9.543	0.264108
9.544	0.256318
9.545	0.160214
9.546	0.031946
9.547	-0.070312
9.548	-0.105606
9.549	-0.065023
9.55	0.009109
9.551	0.037103
9.552	-0.036505
9.553	-0.180033
9.554	-0.290803
9.555	-0.289737
9.556	-0.184328
9.557	-0.040965
9.558	0.064165
9.559	0.08355
9.56	0.050962
9.561	0.062907
9.562	0.155846
9.563	0.250165
9.564	0.246226
9.565	0.132191
9.566	-0.021592
9.567	-0.132834
9.568	-0.151446
9.569	-0.078262
9.57	0.026347
9.571	0.068893
9.572	-0.007292
9.573	-0.161139
9.574	-0.278598
9.575	-0.275218
9.576	-0.161191
9.577	-0.006271
9.578	0.117834
9.579	0.17459
9.58	0.18723
9.581	0.182925
9.582	0.117773
9.583	-0.040326
9.584	-0.186502
9.585	-0.169796
9.586	0.000611
9.587	0.156454
9.588	0.174151
9.589	0.076408
9.59	-0.047123
9.591	-0.113395
9.592	-0.058871
9.593	0.1045
9.594	0.24487
9.595	0.227123
9.596	0.074775
9.597	-0.063821
9.598	-0.098181
9.599	-0.061961
9.6	-0.008878
9.601	0.037805
9.602	0.033656
9.603	-0.046585
9.604	-0.120515
9.605	-0.079933
9.606	0.050726
9.607	0.139972
9.608	0.112528
9.609	0.005331
9.61	-0.110784
9.611	-0.18006
9.612	-0.155249
9.613	-0.042018
9.614	0.062092
9.615	0.062682
9.616	-0.015354
9.617	-0.071067
9.618	-0.062472
9.619	-0.031302
9.62	-0.006472
9.621	0.017848
9.622	0.012382
9.623	-0.0495
9.624	-0.097755
9.625	-0.040952
9.626	0.087811
9.627	0.164777
9.628	0.129802
9.629	0.028279
9.63	-0.076637
9.631	-0.153706
9.632	-0.177517
9.633	-0.138269
9.634	-0.078862
9.635	-0.055816
9.636	-0.065086
9.637	-0.055891
9.638	-0.015834
9.639	0.016991
9.64	0.034686
9.641	0.063951
9.642	0.083808
9.643	0.055481
9.644	0.021867
9.645	0.058618
9.646	0.145686
9.647	0.182428
9.648	0.120685
9.649	0.007058
9.65	-0.09755
9.651	-0.164328
9.652	-0.17573
9.653	-0.131388
9.654	-0.072453
9.655	-0.048955
9.656	-0.057166
9.657	-0.048944
9.658	-0.011034
9.659	0.02134
9.66	0.043182
9.661	0.083585
9.662	0.122273
9.663	0.115967
9.664	0.094188
9.665	0.118577
9.666	0.171171
9.667	0.172368
9.668	0.099109
9.669	0.006771
9.67	-0.062293
9.671	-0.115821
9.672	-0.159874
9.673	-0.171838
9.674	-0.140518
9.675	-0.09636
9.676	-0.067955
9.677	-0.0402
9.678	0.00144
9.679	0.037754
9.68	0.07093
9.681	0.127726
9.682	0.179691
9.683	0.171451
9.684	0.126752
9.685	0.117478
9.686	0.143514
9.687	0.136467
9.688	0.073633
9.689	0.003654
9.69	-0.034431
9.691	-0.042844
9.692	-0.025808
9.693	0.01514
9.694	0.047031
9.695	0.026617
9.696	-0.034028
9.697	-0.072563
9.698	-0.059621
9.699	-0.022961
9.7	0.030513
9.701	0.128776
9.702	0.243932
9.703	0.297738
9.704	0.270909
9.705	0.212219
9.706	0.148239
9.707	0.065857
9.708	-0.025039
9.709	-0.086668
9.71	-0.108023
9.711	-0.110122
9.712	-0.101744
9.713	-0.076009
9.714	-0.050103
9.715	-0.057061
9.716	-0.089734
9.717	-0.098799
9.718	-0.063378
9.719	-0.014943
9.72	0.035335
9.721	0.112263
9.722	0.194018
9.723	0.218709
9.724	0.181365
9.725	0.133294
9.726	0.0946
9.727	0.041497
9.728	-0.029651
9.729	-0.089183
9.73	-0.115446
9.731	-0.099439
9.732	-0.024572
9.733	0.09859
9.734	0.194575
9.735	0.194088
9.736	0.119523
9.737	0.038909
9.738	-0.029915
9.739	-0.11288
9.74	-0.195615
9.741	-0.225774
9.742	-0.205002
9.743	-0.182362
9.744	-0.166968
9.745	-0.135865
9.746	-0.099258
9.747	-0.085904
9.748	-0.083582
9.749	-0.052144
9.75	0.012898
9.751	0.070803
9.752	0.085667
9.753	0.06338
9.754	0.034936
9.755	0.019657
9.756	0.02005
9.757	0.033663
9.758	0.041071
9.759	0.011159
9.76	-0.044445
9.761	-0.081189
9.762	-0.108984
9.763	-0.172871
9.764	-0.247517
9.765	-0.255103
9.766	-0.180801
9.767	-0.08555
9.768	-0.011852
9.769	0.049378
9.77	0.105647
9.771	0.134086
9.772	0.11098
9.773	0.046131
9.774	-0.021783
9.775	-0.05605
9.776	-0.040836
9.777	0.015274
9.778	0.071061
9.779	0.074719
9.78	0.03189
9.781	-0.00151
9.782	-0.016864
9.783	-0.057066
9.784	-0.121341
9.785	-0.153388
9.786	-0.125484
9.787	-0.066634
9.788	-0.005589
9.789	0.055236
9.79	0.107234
9.791	0.122303
9.792	0.083795
9.793	0.013481
9.794	-0.043771
9.795	-0.058222
9.796	-0.027609
9.797	0.034904
9.798	0.091724
9.799	0.091164
9.8	0.03432
9.801	-0.025416
9.802	-0.073129
9.803	-0.138639
9.804	-0.210508
9.805	-0.228624
9.806	-0.16987
9.807	-0.076228
9.808	0.01007
9.809	0.083079
9.81	0.140092
9.811	0.162099
9.812	0.1443
9.813	0.114411
9.814	0.099445
9.815	0.094737
9.816	0.087491
9.817	0.084594
9.818	0.079502
9.819	0.037463
9.82	-0.037589
9.821	-0.090714
9.822	-0.104901
9.823	-0.121169
9.824	-0.155102
9.825	-0.168259
9.826	-0.133976
9.827	-0.072821
9.828	-0.012284
9.829	0.042247
9.83	0.085955
9.831	0.104432
9.832	0.101937
9.833	0.105292
9.834	0.124004
9.835	0.135554
9.836	0.123897
9.837	0.102005
9.838	0.071154
9.839	0.004454
9.84	-0.09053
9.841	-0.1592
9.842	-0.18136
9.843	-0.18759
9.844	-0.187927
9.845	-0.161458
9.846	-0.108927
9.847	-0.057689
9.848	-0.02101
9.849	0.01434
9.85	0.059094
9.851	0.106886
9.852	0.154489
9.853	0.201315
9.854	0.226901
9.855	0.206985
9.856	0.151422
9.857	0.093876
9.858	0.038281
9.859	-0.043485
9.86	-0.140719
9.861	-0.193364
9.862	-0.177726
9.863	-0.131568
9.864	-0.090084
9.865	-0.059699
9.866	-0.041591
9.867	-0.037797
9.868	-0.036507
9.869	-0.014853
9.87	0.032464
9.871	0.08532
9.872	0.127315
9.873	0.1586
9.874	0.175347
9.875	0.163842
9.876	0.12592
9.877	0.083042
9.878	0.036192
9.879	-0.038378
9.88	-0.124665
9.881	-0.159455
9.882	-0.118636
9.883	-0.045271
9.884	0.009608
9.885	0.023618
9.886	-0.000464
9.887	-0.042049
9.888	-0.067247
9.889	-0.047637
9.89	0.006852
9.891	0.047547
9.892	0.036997
9.893	-0.004812
9.894	-0.024205
9.895	-0.002351
9.896	0.035278
9.897	0.063313
9.898	0.061261
9.899	0.009015
9.9	-0.068546
9.901	-0.106118
9.902	-0.084602
9.903	-0.048161
9.904	-0.032362
9.905	-0.034833
9.906	-0.043946
9.907	-0.051814
9.908	-0.038937
9.909	0.016841
9.91	0.10042
9.911	0.151825
9.912	0.12017
9.913	0.025397
9.914	-0.056114
9.915	-0.071311
9.916	-0.027843
9.917	0.035488
9.918	0.071862
9.919	0.046798
9.92	-0.009507
9.921	-0.014669
9.922	0.055822
9.923	0.130805
9.924	0.13423
9.925	0.060956
9.926	-0.038745
9.927	-0.106293
9.928	-0.100186
9.929	-0.014694
9.93	0.103735
9.931	0.174603
9.932	0.147949
9.933	0.058855
9.934	-0.008957
9.935	-0.013044
9.936	0.025235
9.937	0.067286
9.938	0.077175
9.939	0.028845
9.94	-0.042341
9.941	-0.04596
9.942	0.047532
9.943	0.153036
9.944	0.164623
9.945	0.06311
9.946	-0.080357
9.947	-0.173171
9.948	-0.160154
9.949	-0.048004
9.95	0.098982
9.951	0.194515
9.952	0.190389
9.953	0.114008
9.954	0.036802
9.955	0.008546
9.956	0.030428
9.957	0.071158
9.958	0.078967
9.959	0.011887
9.96	-0.091509
9.961	-0.122551
9.962	-0.03247
9.963	0.097336
9.964	0.139609
9.965	0.047017
9.966	-0.113443
9.967	-0.229144
9.968	-0.232382
9.969	-0.140948
9.97	-0.024849
9.971	0.082193
9.972	0.223421
9.973	0.406977
9.974	0.506249
9.975	0.39768
9.976	0.144923
9.977	-0.066227
9.978	-0.138622
9.979	-0.122007
9.98	-0.090167
9.981	-0.080439
9.982	-0.134156
9.983	-0.251141
9.984	-0.326601
9.985	-0.257375
9.986	-0.085631
9.987	0.049641
9.988	0.072818
9.989	0.015474
9.99	-0.059641
9.991	-0.100121
9.992	-0.058398
9.993	0.061766
9.994	0.165805
9.995	0.158147
9.996	0.060122
9.997	-0.022963
9.998	-0.041383
9.999	-0.037535
10.0	-0.045506
10.001	-0.059151
10.002	-0.095489
10.003	-0.163142
10.004	-0.193555
10.005	-0.121662
10.006	0.004879
10.007	0.081624
10.008	0.07103
10.009	0.013515
10.01	-0.047686
10.011	-0.089248
10.012	-0.076219
10.013	0.009991
10.014	0.113572
10.015	0.147016
10.016	0.09671
10.017	0.030377
10.018	-0.008243
10.019	-0.040255
10.02	-0.070218
10.021	-0.067809
10.022	-0.045842
10.023	-0.041509
10.024	-0.034125
10.025	0.014873
10.026	0.076471
10.027	0.086397
10.028	0.032682
10.029	-0.041264
10.03	-0.100042
10.031	-0.132152
10.032	-0.118024
10.033	-0.042814
10.034	0.058146
10.035	0.115022
10.036	0.1012
10.037	0.058176
10.038	0.019693
10.039	-0.026445
10.04	-0.071759
10.041	-0.081174
10.042	-0.071357
10.043	-0.081433
10.044	-0.084662
10.045	-0.032598
10.046	0.048061
10.047	0.081464
10.048	0.046526
10.049	-0.007601
10.05	-0.038926
10.051	-0.042079
10.052	-0.014131
10.053	0.047684
10.054	0.114719
10.055	0.136572
10.056	0.100796
10.057	0.049003
10.058	0.007874
10.059	-0.037124
10.06	-0.072257
10.061	-0.057973
10.062	-0.018426
10.063	-0.013083
10.064	-0.030525
10.065	-0.013194
10.066	0.035784
10.067	0.053982
10.068	0.019803
10.069	-0.02352
10.07	-0.040599
10.071	-0.034998
10.072	-0.01808
10.073	0.005553
10.074	0.024493
10.075	0.023243
10.076	0.00922
10.077	0.008383
10.078	0.016336
10.079	0.00195
10.08	-0.019252
10.081	-0.000729
10.082	0.035711
10.083	0.030282
10.084	-0.002822
10.085	-0.003076
10.086	0.027766
10.087	0.035285
10.088	0.009455
10.089	-0.005218
10.09	0.019505
10.091	0.07475
10.092	0.144425
10.093	0.20432
10.094	0.209748
10.095	0.140397
10.096	0.044477
10.097	-0.010917
10.098	-0.022403
10.099	-0.035474
10.1	-0.052915
10.101	-0.043103
10.102	-0.034498
10.103	-0.078338
10.104	-0.138157
10.105	-0.134932
10.106	-0.071504
10.107	-0.018449
10.108	-0.004478
10.109	0.000738
10.11	0.019816
10.111	0.045791
10.112	0.070004
10.113	0.08737
10.114	0.082408
10.115	0.046934
10.116	0.00705
10.117	-0.00091
10.118	0.013512
10.119	0.005877
10.12	-0.021823
10.121	-0.030993
10.122	-0.039816
10.123	-0.092739
10.124	-0.157354
10.125	-0.160306
10.126	-0.099737
10.127	-0.03697
10.128	0.001193
10.129	0.038512
10.13	0.08473
10.131	0.116948
10.132	0.118904
10.133	0.092559
10.134	0.041334
10.135	-0.018802
10.136	-0.049219
10.137	-0.025515
10.138	0.017136
10.139	0.016964
10.14	-0.024793
10.141	-0.060648
10.142	-0.09707
10.143	-0.169308
10.144	-0.239822
10.145	-0.230355
10.146	-0.138699
10.147	-0.037974
10.148	0.027727
10.149	0.071217
10.15	0.096469
10.151	0.075586
10.152	0.001702
10.153	-0.081333
10.154	-0.121056
10.155	-0.104264
10.156	-0.048946
10.157	0.022392
10.158	0.07362
10.159	0.071251
10.16	0.046846
10.161	0.061867
10.162	0.099621
10.163	0.095713
10.164	0.052187
10.165	0.022938
10.166	0.017513
10.167	0.002266
10.168	-0.02424
10.169	-0.030014
10.17	-0.014675
10.171	-0.020717
10.172	-0.072342
10.173	-0.135822
10.174	-0.161525
10.175	-0.140886
10.176	-0.094599
10.177	-0.03569
10.178	0.015852
10.179	0.030139
10.18	0.02542
10.181	0.051434
10.182	0.090678
10.183	0.077593
10.184	0.013189
10.185	-0.034116
10.186	-0.033438
10.187	-0.016786
10.188	-0.004208
10.189	0.019353
10.19	0.049076
10.191	0.044309
10.192	-0.016742
10.193	-0.102106
10.194	-0.159968
10.195	-0.164714
10.196	-0.119471
10.197	-0.041491
10.198	0.027211
10.199	0.040673
10.2	0.021049
10.201	0.036882
10.202	0.088695
10.203	0.108154
10.204	0.069757
10.205	0.019069
10.206	-0.008123
10.207	-0.022986
10.208	-0.035363
10.209	-0.031494
10.21	-0.007283
10.211	0.024576
10.212	0.063458
10.213	0.111618
10.214	0.140797
10.215	0.118585
10.216	0.062906
10.217	0.021859
10.218	-0.001464
10.219	-0.044768
10.22	-0.098153
10.221	-0.108405
10.222	-0.080806
10.223	-0.073293
10.224	-0.093022
10.225	-0.093327
10.226	-0.061823
10.227	-0.033913
10.228	-0.02766
10.229	-0.026335
10.23	-0.024755
10.231	-0.044038
10.232	-0.088811
10.233	-0.126713
10.234	-0.125166
10.235	-0.084185
10.236	-0.023167
10.237	0.036592
10.238	0.059216
10.239	0.013945
10.24	-0.061927
10.241	-0.091098
10.242	-0.06634
10.243	-0.044711
10.244	-0.04236
10.245	-0.02748
10.246	0.003283
10.247	0.017582
10.248	0.005038
10.249	-0.01108
10.25	-0.021362
10.251	-0.05288
10.252	-0.131274
10.253	-0.23427
10.254	-0.29579
10.255	-0.260923
10.256	-0.133259
10.257	0.024048
10.258	0.120463
10.259	0.103319
10.26	0.019942
10.261	-0.036054
10.262	-0.046529
10.263	-0.055315
10.264	-0.063336
10.265	-0.034356
10.266	0.024244
10.267	0.062725
10.268	0.06314
10.269	0.056203
10.27	0.061681
10.271	0.059833
10.272	0.030344
10.273	-0.009179
10.274	-0.032898
10.275	-0.058804
10.276	-0.103908
10.277	-0.121956
10.278	-0.071191
10.279	0.022114
10.28	0.11912
10.281	0.183912
10.282	0.154861
10.283	0.030017
10.284	-0.082726
10.285	-0.096435
10.286	-0.041818
10.287	0.005019
10.288	0.025719
10.289	0.054853
10.29	0.099788
10.291	0.117062
10.292	0.074152
10.293	0.005716
10.294	-0.019146
10.295	0.019375
10.296	0.081188
10.297	0.120929
10.298	0.10488
10.299	0.023706
10.3	-0.058396
10.301	-0.044113
10.302	0.066531
10.303	0.169187
10.304	0.183471
10.305	0.117399
10.306	0.01942
10.307	-0.066728
10.308	-0.098244
10.309	-0.049393
10.31	0.048783
10.311	0.120766
10.312	0.115305
10.313	0.05463
10.314	0.003785
10.315	0.001511
10.316	0.038436
10.317	0.077817
10.318	0.071174
10.319	-0.004884
10.32	-0.090688
10.321	-0.090036
10.322	-0.003197
10.323	0.078223
10.324	0.113222
10.325	0.149215
10.326	0.20782
10.327	0.227687
10.328	0.159135
10.329	0.037336
10.33	-0.063423
10.331	-0.082407
10.332	0.006491
10.333	0.149813
10.334	0.219339
10.335	0.139196
10.336	-0.018579
10.337	-0.11576
10.338	-0.097667
10.339	-0.014042
10.34	0.077957
10.341	0.128757
10.342	0.055367
10.343	-0.154428
10.344	-0.347244
10.345	-0.369646
10.346	-0.261967
10.347	-0.155456
10.348	-0.073844
10.349	0.035816
10.35	0.171127
10.351	0.269173
10.352	0.282555
10.353	0.216307
10.354	0.115569
10.355	0.041843
10.356	0.035044
10.357	0.073461
10.358	0.079288
10.359	-0.00317
10.36	-0.120579
10.361	-0.162928
10.362	-0.113547
10.363	-0.064532
10.364	-0.086977
10.365	-0.159857
10.366	-0.221519
10.367	-0.227342
10.368	-0.155134
10.369	-0.015431
10.37	0.127843
10.371	0.183158
10.372	0.102919
10.373	-0.06691
10.374	-0.211014
10.375	-0.226385
10.376	-0.098461
10.377	0.084762
10.378	0.188448
10.379	0.133748
10.38	-0.028903
10.381	-0.195397
10.382	-0.344873
10.383	-0.49495
10.384	-0.556474
10.385	-0.405056
10.386	-0.095122
10.387	0.164534
10.388	0.246326
10.389	0.187356
10.39	0.079485
10.391	-0.006117
10.392	-0.021144
10.393	0.027378
10.394	0.064861
10.395	0.037493
10.396	-0.013909
10.397	-0.014576
10.398	0.035515
10.399	0.074163
10.4	0.081311
10.401	0.073137
10.402	0.020276
10.403	-0.092369
10.404	-0.169507
10.405	-0.109814
10.406	0.040966
10.407	0.148744
10.408	0.154281
10.409	0.096239
10.41	0.018371
10.411	-0.057533
10.412	-0.091202
10.413	-0.050858
10.414	0.023846
10.415	0.05959
10.416	0.045513
10.417	0.030965
10.418	0.031922
10.419	0.019279
10.42	0.005336
10.421	0.03409
10.422	0.083946
10.423	0.098485
10.424	0.089643
10.425	0.104048
10.426	0.127928
10.427	0.109604
10.428	0.046413
10.429	-0.016943
10.43	-0.055874
10.431	-0.06441
10.432	-0.011733
10.433	0.115404
10.434	0.244422
10.435	0.271897
10.436	0.185467
10.437	0.067167
10.438	-0.024696
10.439	-0.093776
10.44	-0.121515
10.441	-0.065004
10.442	0.049266
10.443	0.144509
10.444	0.188738
10.445	0.189596
10.446	0.141572
10.447	0.041861
10.448	-0.067856
10.449	-0.129626
10.45	-0.129064
10.451	-0.076571
10.452	0.039388
10.453	0.209082
10.454	0.344219
10.455	0.343668
10.456	0.211515
10.457	0.048332
10.458	-0.074782
10.459	-0.157467
10.46	-0.186793
10.461	-0.131683
10.462	-0.026957
10.463	0.055425
10.464	0.096392
10.465	0.108052
10.466	0.076422
10.467	-0.008844
10.468	-0.103543
10.469	-0.143547
10.47	-0.10962
10.471	-0.01079
10.472	0.151251
10.473	0.331194
10.474	0.412871
10.475	0.32444
10.476	0.135498
10.477	-0.027209
10.478	-0.118059
10.479	-0.168561
10.48	-0.182402
10.481	-0.13684
10.482	-0.069931
10.483	-0.041325
10.484	-0.038618
10.485	-0.023819
10.486	-0.015664
10.487	-0.046849
10.488	-0.089882
10.489	-0.093089
10.49	-0.056764
10.491	-0.019849
10.492	0.002378
10.493	0.016136
10.494	0.009465
10.495	-0.027434
10.496	-0.063645
10.497	-0.060788
10.498	-0.033358
10.499	-0.025504
10.5	-0.027787
10.501	0.001341
10.502	0.038519
10.503	0.031396
10.504	-0.002201
10.505	-0.012566
10.506	-0.006104
10.507	-0.017467
10.508	-0.038113
10.509	-0.036037
10.51	-0.014414
10.511	-0.001086
10.512	-0.001422
10.513	-0.003602
10.514	-0.012895
10.515	-0.037972
10.516	-0.057066
10.517	-0.039083
10.518	-5e-06
10.519	0.012696
10.52	0.003797
10.521	0.014412
10.522	0.026429
10.523	-0.007658
10.524	-0.066295
10.525	-0.087606
10.526	-0.064266
10.527	-0.035353
10.528	-0.012753
10.529	0.017556
10.53	0.041587
10.531	0.025316
10.532	-0.028529
10.533	-0.078243
10.534	-0.09602
10.535	-0.087846
10.536	-0.061719
10.537	-0.014139
10.538	0.032408
10.539	0.037036
10.54	0.017551
10.541	0.032356
10.542	0.072311
10.543	0.071719
10.544	0.019206
10.545	-0.030063
10.546	-0.042744
10.547	-0.035895
10.548	-0.025218
10.549	-0.009738
10.55	-0.004034
10.551	-0.031896
10.552	-0.085251
10.553	-0.128844
10.554	-0.143106
10.555	-0.129958
10.556	-0.086566
10.557	-0.013409
10.558	0.048803
10.559	0.048765
10.56	0.008087
10.561	-0.004874
10.562	0.010922
10.563	-0.00099
10.564	-0.043991
10.565	-0.064381
10.566	-0.042937
10.567	-0.011467
10.568	0.009015
10.569	0.024328
10.57	0.030112
10.571	0.013915
10.572	-0.007188
10.573	-0.003096
10.574	0.020202
10.575	0.033906
10.576	0.037147
10.577	0.048734
10.578	0.051903
10.579	0.009504
10.58	-0.055228
10.581	-0.077439
10.582	-0.056302
10.583	-0.04408
10.584	-0.04414
10.585	-0.016883
10.586	0.034814
10.587	0.066112
10.588	0.059718
10.589	0.039357
10.59	0.029006
10.591	0.044845
10.592	0.102358
10.593	0.169444
10.594	0.159266
10.595	0.043696
10.596	-0.084989
10.597	-0.122333
10.598	-0.073306
10.599	-0.015636
10.6	0.025808
10.601	0.082197
10.602	0.142099
10.603	0.158451
10.604	0.131167
10.605	0.09737
10.606	0.065977
10.607	0.020799
10.608	-0.034784
10.609	-0.081851
10.61	-0.118846
10.611	-0.150198
10.612	-0.1576
10.613	-0.132036
10.614	-0.109904
10.615	-0.121437
10.616	-0.134338
10.617	-0.100428
10.618	-0.035885
10.619	0.003855
10.62	0.022382
10.621	0.073088
10.622	0.154989
10.623	0.211415
10.624	0.216563
10.625	0.1854
10.626	0.127776
10.627	0.049177
10.628	-0.028406
10.629	-0.085375
10.63	-0.135736
10.631	-0.205424
10.632	-0.276401
10.633	-0.29601
10.634	-0.249828
10.635	-0.178336
10.636	-0.114107
10.637	-0.054794
10.638	-0.009815
10.639	-0.002003
10.64	0.001874
10.641	0.075759
10.642	0.224739
10.643	0.368024
10.644	0.426241
10.645	0.372151
10.646	0.228849
10.647	0.055965
10.648	-0.082775
10.649	-0.162472
10.65	-0.21748
10.651	-0.310551
10.652	-0.463907
10.653	-0.618684
10.654	-0.674875
10.655	-0.578169
10.656	-0.361259
10.657	-0.114485
10.658	0.063507
10.659	0.124766
10.66	0.119133
10.661	0.13419
10.662	0.179283
10.663	0.20116
10.664	0.186395
10.665	0.166986
10.666	0.151328
10.667	0.112977
10.668	0.044427
10.669	-0.027352
10.67	-0.084
10.671	-0.133565
10.672	-0.183278
10.673	-0.217565
10.674	-0.213275
10.675	-0.168428
10.676	-0.095541
10.677	-0.008157
10.678	0.060836
10.679	0.077753
10.68	0.071577
10.681	0.103042
10.682	0.1603
10.683	0.178651
10.684	0.147941
10.685	0.115002
10.686	0.099279
10.687	0.075002
10.688	0.034457
10.689	0.003435
10.69	-0.013597
10.691	-0.051182
10.692	-0.134793
10.693	-0.235288
10.694	-0.289202
10.695	-0.260397
10.696	-0.160366
10.697	-0.029638
10.698	0.072771
10.699	0.105996
10.7	0.105845
10.701	0.140413
10.702	0.196191
10.703	0.201462
10.704	0.146883
10.705	0.089065
10.706	0.055784
10.707	0.028139
10.708	0.00475
10.709	0.010122
10.71	0.04402
10.711	0.0742
10.712	0.075348
10.713	0.044905
10.714	-0.010332
10.715	-0.067243
10.716	-0.081945
10.717	-0.03654
10.718	0.022963
10.719	0.041217
10.72	0.043581
10.721	0.100203
10.722	0.198718
10.723	0.249708
10.724	0.21022
10.725	0.117209
10.726	0.018828
10.727	-0.056233
10.728	-0.078203
10.729	-0.032704
10.73	0.043745
10.731	0.085741
10.732	0.059601
10.733	-0.015225
10.734	-0.094026
10.735	-0.132978
10.736	-0.105844
10.737	-0.027526
10.738	0.039562
10.739	0.04278
10.74	0.019447
10.741	0.05314
10.742	0.141449
10.743	0.194901
10.744	0.157679
10.745	0.055865
10.746	-0.054523
10.747	-0.126596
10.748	-0.124876
10.749	-0.048867
10.75	0.042123
10.751	0.066921
10.752	-0.001574
10.753	-0.112529
10.754	-0.188088
10.755	-0.182466
10.756	-0.099503
10.757	0.014861
10.758	0.084263
10.759	0.059631
10.76	-0.001114
10.761	0.015655
10.762	0.128945
10.763	0.245827
10.764	0.293407
10.765	0.289185
10.766	0.267482
10.767	0.214067
10.768	0.111268
10.769	-0.020335
10.77	-0.151052
10.771	-0.251764
10.772	-0.282739
10.773	-0.241547
10.774	-0.193108
10.775	-0.190291
10.776	-0.197436
10.777	-0.142583
10.778	-0.0264
10.779	0.08437
10.78	0.157288
10.781	0.188016
10.782	0.135502
10.783	0.00114
10.784	-0.091324
10.785	-0.035158
10.786	0.103661
10.787	0.177191
10.788	0.135806
10.789	0.032957
10.79	-0.084157
10.791	-0.193866
10.792	-0.251895
10.793	-0.226308
10.794	-0.160907
10.795	-0.123637
10.796	-0.111583
10.797	-0.071946
10.798	-0.001767
10.799	0.053646
10.8	0.092172
10.801	0.13588
10.802	0.144541
10.803	0.080817
10.804	0.017348
10.805	0.04507
10.806	0.126567
10.807	0.152144
10.808	0.091262
10.809	-0.00231
10.81	-0.088032
10.811	-0.14907
10.812	-0.146847
10.813	-0.068638
10.814	0.013973
10.815	0.024079
10.816	-0.01772
10.817	-0.037657
10.818	-0.022851
10.819	-0.01275
10.82	-0.00177
10.821	0.038857
10.822	0.071354
10.823	0.053709
10.824	0.037551
10.825	0.082488
10.826	0.140366
10.827	0.12252
10.828	0.028538
10.829	-0.070915
10.83	-0.134475
10.831	-0.153557
10.832	-0.106223
10.833	-0.00092
10.834	0.079659
10.835	0.066169
10.836	-0.003157
10.837	-0.044387
10.838	-0.046103
10.839	-0.049159
10.84	-0.043438
10.841	0.003318
10.842	0.048903
10.843	0.041623
10.844	0.026487
10.845	0.066556
10.846	0.122341
10.847	0.10909
10.848	0.029168
10.849	-0.0434
10.85	-0.074002
10.851	-0.074015
10.852	-0.042418
10.853	0.012057
10.854	0.037452
10.855	0.001111
10.856	-0.052814
10.857	-0.063915
10.858	-0.042483
10.859	-0.034027
10.86	-0.023076
10.861	0.028195
10.862	0.079543
10.863	0.078663
10.864	0.066765
10.865	0.099022
10.866	0.13321
10.867	0.098162
10.868	0.014689
10.869	-0.043126
10.87	-0.061108
10.871	-0.075949
10.872	-0.091543
10.873	-0.082286
10.874	-0.058253
10.875	-0.05436
10.876	-0.063721
10.877	-0.049194
10.878	-0.016252
10.879	0.001612
10.88	0.025571
10.881	0.092264
10.882	0.149652
10.883	0.126614
10.884	0.064584
10.885	0.050275
10.886	0.072071
10.887	0.059606
10.888	0.013565
10.889	-0.013995
10.89	-0.023783
10.891	-0.060413
10.892	-0.126545
10.893	-0.178187
10.894	-0.193737
10.895	-0.184272
10.896	-0.146251
10.897	-0.069519
10.898	0.012066
10.899	0.052573
10.9	0.078825
10.901	0.143516
10.902	0.208663
10.903	0.200274
10.904	0.138038
10.905	0.09282
10.906	0.067596
10.907	0.024593
10.908	-0.018754
10.909	-0.020108
10.91	-0.000555
10.911	-0.01731
10.912	-0.072469
10.913	-0.120491
10.914	-0.142996
10.915	-0.149498
10.916	-0.128844
10.917	-0.064731
10.918	0.008549
10.919	0.04015
10.92	0.054544
10.921	0.106173
10.922	0.157796
10.923	0.130478
10.924	0.044341
10.925	-0.009959
10.926	-0.011048
10.927	-0.00885
10.928	-0.015692
10.929	-0.002916
10.93	0.022643
10.931	0.036197
10.932	0.058909
10.933	0.112022
10.934	0.146782
10.935	0.108606
10.936	0.029859
10.937	-0.015378
10.938	-0.021551
10.939	-0.035719
10.94	-0.050222
10.941	-0.027985
10.942	-0.010287
10.943	-0.061657
10.944	-0.139052
10.945	-0.144551
10.946	-0.077823
10.947	-0.021891
10.948	-0.010887
10.949	-0.018163
10.95	-0.041464
10.951	-0.10464
10.952	-0.193894
10.953	-0.264183
10.954	-0.291435
10.955	-0.268891
10.956	-0.18266
10.957	-0.043002
10.958	0.078958
10.959	0.111363
10.96	0.069074
10.961	-0.004642
10.962	-0.139775
10.963	-0.34675
10.964	-0.485668
10.965	-0.399594
10.966	-0.139172
10.967	0.090848
10.968	0.168702
10.969	0.123875
10.97	0.024446
10.971	-0.098327
10.972	-0.237863
10.973	-0.383769
10.974	-0.495039
10.975	-0.493418
10.976	-0.324406
10.977	-0.041987
10.978	0.203344
10.979	0.296941
10.98	0.259096
10.981	0.15799
10.982	-0.013217
10.983	-0.246901
10.984	-0.392594
10.985	-0.295649
10.986	-0.018939
10.987	0.217472
10.988	0.281332
10.989	0.204097
10.99	0.064495
10.991	-0.104475
10.992	-0.307523
10.993	-0.522951
10.994	-0.661795
10.995	-0.617761
10.996	-0.365358
10.997	-0.00674
10.998	0.282908
10.999	0.393794
11.0	0.375957
11.001	0.344252
11.002	0.321803
11.003	0.273974
11.004	0.227549
11.005	0.233671
11.006	0.266895
11.007	0.259811
11.008	0.206925
11.009	0.152559
11.01	0.109763
11.011	0.089471
11.012	0.160663
11.013	0.349626
11.014	0.530693
11.015	0.552207
11.016	0.420918
11.017	0.252857
11.018	0.098368
11.019	-0.062038
11.02	-0.178118
11.021	-0.13248
11.022	0.09524
11.023	0.364632
11.024	0.489173
11.025	0.378564
11.026	0.099613
11.027	-0.173699
11.028	-0.291149
11.029	-0.226204
11.03	-0.050924
11.031	0.191025
11.032	0.534912
11.033	0.93889
11.034	1.18065
11.035	1.068335
11.036	0.67264
11.037	0.225553
11.038	-0.132802
11.039	-0.39779
11.04	-0.562101
11.041	-0.589114
11.042	-0.513525
11.043	-0.430408
11.044	-0.381532
11.045	-0.343811
11.046	-0.305199
11.047	-0.271316
11.048	-0.219925
11.049	-0.125464
11.05	-0.015595
11.051	0.068151
11.052	0.144302
11.053	0.247323
11.054	0.338852
11.055	0.34488
11.056	0.259537
11.057	0.137008
11.058	-0.003214
11.059	-0.171402
11.06	-0.312226
11.061	-0.331683
11.062	-0.230015
11.063	-0.105418
11.064	-0.037252
11.065	-0.03806
11.066	-0.087718
11.067	-0.148956
11.068	-0.162932
11.069	-0.0938
11.07	0.023046
11.071	0.133924
11.072	0.241893
11.073	0.360204
11.074	0.434281
11.075	0.39623
11.076	0.266898
11.077	0.123332
11.078	-0.011852
11.079	-0.160661
11.08	-0.287194
11.081	-0.321977
11.082	-0.282796
11.083	-0.251547
11.084	-0.248283
11.085	-0.229383
11.086	-0.184976
11.087	-0.144606
11.088	-0.100052
11.089	-0.012771
11.09	0.116066
11.091	0.259013
11.092	0.406139
11.093	0.519981
11.094	0.514492
11.095	0.367279
11.096	0.179143
11.097	0.050894
11.098	-0.031497
11.099	-0.131263
11.1	-0.234057
11.101	-0.278925
11.102	-0.279573
11.103	-0.292875
11.104	-0.305797
11.105	-0.267555
11.106	-0.191112
11.107	-0.12504
11.108	-0.06238
11.109	0.033729
11.11	0.14808
11.111	0.231896
11.112	0.272217
11.113	0.278331
11.114	0.237029
11.115	0.150895
11.116	0.075044
11.117	0.050387
11.118	0.036869
11.119	-0.025993
11.12	-0.112692
11.121	-0.153257
11.122	-0.161729
11.123	-0.2052
11.124	-0.270538
11.125	-0.279476
11.126	-0.213842
11.127	-0.120741
11.128	-0.017177
11.129	0.1075
11.13	0.217268
11.131	0.249487
11.132	0.201758
11.133	0.130023
11.134	0.071151
11.135	0.031194
11.136	0.025477
11.137	0.059124
11.138	0.080445
11.139	0.031051
11.14	-0.054037
11.141	-0.090188
11.142	-0.081331
11.143	-0.104954
11.144	-0.173814
11.145	-0.217341
11.146	-0.1942
11.147	-0.126228
11.148	-0.02779
11.149	0.099569
11.15	0.212007
11.151	0.253808
11.152	0.237399
11.153	0.216043
11.154	0.196677
11.155	0.156506
11.156	0.112505
11.157	0.095172
11.158	0.073423
11.159	-0.007371
11.16	-0.11497
11.161	-0.162056
11.162	-0.144078
11.163	-0.137362
11.164	-0.171267
11.165	-0.198259
11.166	-0.183165
11.167	-0.133685
11.168	-0.050514
11.169	0.065107
11.17	0.163139
11.171	0.186653
11.172	0.157615
11.173	0.144493
11.174	0.159172
11.175	0.16284
11.176	0.147643
11.177	0.131019
11.178	0.086275
11.179	-0.026643
11.18	-0.160167
11.181	-0.216118
11.182	-0.188751
11.183	-0.164705
11.184	-0.183754
11.185	-0.201333
11.186	-0.183279
11.187	-0.139843
11.188	-0.07293
11.189	0.024312
11.19	0.126211
11.191	0.207796
11.192	0.294532
11.193	0.391091
11.194	0.408395
11.195	0.273098
11.196	0.062927
11.197	-0.072371
11.198	-0.088596
11.199	-0.050396
11.2	-0.001723
11.201	0.050499
11.202	0.06725
11.203	0.01359
11.204	-0.072224
11.205	-0.126895
11.206	-0.137343
11.207	-0.120316
11.208	-0.069474
11.209	0.023314
11.21	0.117019
11.211	0.157084
11.212	0.149073
11.213	0.133697
11.214	0.119785
11.215	0.104343
11.216	0.108884
11.217	0.130809
11.218	0.102854
11.219	-0.026798
11.22	-0.194722
11.221	-0.28671
11.222	-0.284899
11.223	-0.255417
11.224	-0.228362
11.225	-0.186756
11.226	-0.134005
11.227	-0.087881
11.228	-0.028917
11.229	0.068775
11.23	0.165055
11.231	0.184172
11.232	0.112871
11.233	0.017909
11.234	-0.026702
11.235	0.002603
11.236	0.0816
11.237	0.152528
11.238	0.136459
11.239	0.002394
11.24	-0.158709
11.241	-0.213279
11.242	-0.146065
11.243	-0.056108
11.244	-0.019146
11.245	-0.034852
11.246	-0.075093
11.247	-0.105996
11.248	-0.075555
11.249	0.040721
11.25	0.179444
11.251	0.239914
11.252	0.193449
11.253	0.101612
11.254	0.03995
11.255	0.041042
11.256	0.09459
11.257	0.152104
11.258	0.140276
11.259	0.035812
11.26	-0.076466
11.261	-0.111023
11.262	-0.111921
11.263	-0.14438
11.264	-0.145045
11.265	-0.037292
11.266	0.104142
11.267	0.147478
11.268	0.084848
11.269	0.006318
11.27	-0.031288
11.271	-0.009026
11.272	0.100608
11.273	0.267903
11.274	0.360554
11.275	0.283237
11.276	0.107245
11.277	-0.02655
11.278	-0.073968
11.279	-0.077627
11.28	-0.053061
11.281	-0.003543
11.282	0.004587
11.283	-0.071852
11.284	-0.144384
11.285	-0.108293
11.286	-0.006938
11.287	0.043346
11.288	0.025774
11.289	0.00421
11.29	0.003489
11.291	0.0164
11.292	0.065522
11.293	0.151367
11.294	0.1964
11.295	0.139966
11.296	0.03348
11.297	-0.03269
11.298	-0.047729
11.299	-0.053532
11.3	-0.042581
11.301	0.00775
11.302	0.041616
11.303	-0.002061
11.304	-0.070644
11.305	-0.074811
11.306	-0.031486
11.307	-0.016605
11.308	-0.032576
11.309	-0.029819
11.31	-0.001188
11.311	0.040994
11.312	0.119233
11.313	0.223383
11.314	0.263066
11.315	0.184338
11.316	0.058578
11.317	-0.014601
11.318	-0.032679
11.319	-0.052849
11.32	-0.082993
11.321	-0.113761
11.322	-0.194679
11.323	-0.340799
11.324	-0.433834
11.325	-0.356324
11.326	-0.165543
11.327	-0.012406
11.328	0.0501
11.329	0.068887
11.33	0.076823
11.331	0.088094
11.332	0.139673
11.333	0.223373
11.334	0.245695
11.335	0.157579
11.336	0.042305
11.337	-0.003473
11.338	0.001095
11.339	-0.016561
11.34	-0.058759
11.341	-0.097356
11.342	-0.167118
11.343	-0.287204
11.344	-0.358953
11.345	-0.281155
11.346	-0.107841
11.347	0.02914
11.348	0.090193
11.349	0.114829
11.35	0.108342
11.351	0.053471
11.352	-0.012081
11.353	-0.037078
11.354	-0.035261
11.355	-0.038047
11.356	-0.024901
11.357	0.026117
11.358	0.068251
11.359	0.044689
11.36	-0.019883
11.361	-0.077274
11.362	-0.153059
11.363	-0.268018
11.364	-0.330323
11.365	-0.244688
11.366	-0.067994
11.367	0.066318
11.368	0.116994
11.369	0.127208
11.37	0.114401
11.371	0.071988
11.372	0.031931
11.373	0.026491
11.374	0.031624
11.375	0.021076
11.376	0.020769
11.377	0.052161
11.378	0.070803
11.379	0.028021
11.38	-0.040555
11.381	-0.073804
11.382	-0.088416
11.383	-0.118859
11.384	-0.122516
11.385	-0.055366
11.386	0.030527
11.387	0.059176
11.388	0.040253
11.389	0.029745
11.39	0.033681
11.391	0.031273
11.392	0.043795
11.393	0.092573
11.394	0.135966
11.395	0.126987
11.396	0.088222
11.397	0.063148
11.398	0.035382
11.399	-0.029196
11.4	-0.095886
11.401	-0.112375
11.402	-0.106181
11.403	-0.123059
11.404	-0.12836
11.405	-0.073332
11.406	0.003475
11.407	0.031344
11.408	0.017479
11.409	0.018166
11.41	0.041333
11.411	0.063604
11.412	0.097522
11.413	0.156586
11.414	0.198052
11.415	0.175113
11.416	0.110021
11.417	0.053549
11.418	0.004058
11.419	-0.062207
11.42	-0.110006
11.421	-0.092485
11.422	-0.04969
11.423	-0.049479
11.424	-0.072486
11.425	-0.058239
11.426	-0.018148
11.427	-0.005462
11.428	-0.011944
11.429	0.009616
11.43	0.055131
11.431	0.085514
11.432	0.097369
11.433	0.108681
11.434	0.108379
11.435	0.079357
11.436	0.042144
11.437	0.024428
11.438	0.008668
11.439	-0.034718
11.44	-0.078077
11.441	-0.078122
11.442	-0.062411
11.443	-0.075809
11.444	-0.085442
11.445	-0.039894
11.446	0.028668
11.447	0.049483
11.448	0.018046
11.449	-0.019348
11.45	-0.047636
11.451	-0.074669
11.452	-0.079716
11.453	-0.044886
11.454	-0.003035
11.455	0.006946
11.456	0.00013
11.457	0.008253
11.458	0.013421
11.459	-0.015509
11.46	-0.045625
11.461	-0.026143
11.462	0.016737
11.463	0.028171
11.464	0.022876
11.465	0.044804
11.466	0.075928
11.467	0.065977
11.468	0.022028
11.469	-0.007861
11.47	-0.014713
11.471	-0.02172
11.472	-0.029742
11.473	-0.028976
11.474	-0.030863
11.475	-0.043117
11.476	-0.042916
11.477	-0.014189
11.478	0.010969
11.479	-0.001234
11.48	-0.01509
11.481	0.024261
11.482	0.092281
11.483	0.125921
11.484	0.122109
11.485	0.113262
11.486	0.09213
11.487	0.037163
11.488	-0.022746
11.489	-0.04003
11.49	-0.016383
11.491	0.018507
11.492	0.060394
11.493	0.106059
11.494	0.116199
11.495	0.067138
11.496	0.001586
11.497	-0.027971
11.498	-0.031367
11.499	-0.042956
11.5	-0.041664
11.501	0.01197
11.502	0.083578
11.503	0.105988
11.504	0.081256
11.505	0.055607
11.506	0.033123
11.507	-0.005885
11.508	-0.039941
11.509	-0.03458
11.51	-0.003332
11.511	0.01492
11.512	0.013208
11.513	0.005555
11.514	-0.013272
11.515	-0.046578
11.516	-0.064639
11.517	-0.042785
11.518	-0.007944
11.519	0.001274
11.52	0.005521
11.521	0.044273
11.522	0.085688
11.523	0.068756
11.524	0.006851
11.525	-0.036922
11.526	-0.046959
11.527	-0.050879
11.528	-0.050433
11.529	-0.027651
11.53	0.008786
11.531	0.040608
11.532	0.078563
11.533	0.128903
11.534	0.150267
11.535	0.105594
11.536	0.027538
11.537	-0.022589
11.538	-0.038274
11.539	-0.049862
11.54	-0.040853
11.541	0.028351
11.542	0.123119
11.543	0.154656
11.544	0.095982
11.545	0.006338
11.546	-0.058232
11.547	-0.090646
11.548	-0.096187
11.549	-0.078331
11.55	-0.056541
11.551	-0.051362
11.552	-0.059315
11.553	-0.071891
11.554	-0.093179
11.555	-0.113707
11.556	-0.102146
11.557	-0.048293
11.558	0.005137
11.559	0.011774
11.56	-0.005728
11.561	0.004621
11.562	0.028763
11.563	0.010657
11.564	-0.047077
11.565	-0.084956
11.566	-0.077337
11.567	-0.051477
11.568	-0.030523
11.569	-0.017704
11.57	-0.022718
11.571	-0.054603
11.572	-0.093576
11.573	-0.109769
11.574	-0.102762
11.575	-0.08708
11.576	-0.056526
11.577	-0.005441
11.578	0.031199
11.579	0.0161
11.58	-0.020527
11.581	-0.017521
11.582	0.021134
11.583	0.039189
11.584	0.020901
11.585	-0.000161
11.586	-0.006619
11.587	-0.009771
11.588	-0.013994
11.589	-0.013416
11.59	-0.013415
11.591	-0.024806
11.592	-0.045883
11.593	-0.073588
11.594	-0.106998
11.595	-0.123116
11.596	-0.089721
11.597	-0.018313
11.598	0.027709
11.599	0.004291
11.6	-0.049608
11.601	-0.062687
11.602	-0.028277
11.603	0.006973
11.604	0.021191
11.605	0.024623
11.606	0.020736
11.607	0.006667
11.608	-0.006633
11.609	-0.007762
11.61	-0.013059
11.611	-0.054056
11.612	-0.133291
11.613	-0.210219
11.614	-0.234873
11.615	-0.186584
11.616	-0.082684
11.617	0.028009
11.618	0.081523
11.619	0.051737
11.62	-0.004137
11.621	-0.00299
11.622	0.062717
11.623	0.131984
11.624	0.157299
11.625	0.13489
11.626	0.082672
11.627	0.023108
11.628	-0.01833
11.629	-0.026517
11.63	-0.017373
11.631	-0.026475
11.632	-0.071728
11.633	-0.130348
11.634	-0.156313
11.635	-0.123223
11.636	-0.045104
11.637	0.031564
11.638	0.051512
11.639	0.003615
11.64	-0.04048
11.641	0.008218
11.642	0.144722
11.643	0.270542
11.644	0.296354
11.645	0.213296
11.646	0.07867
11.647	-0.036567
11.648	-0.084338
11.649	-0.062742
11.65	-0.026552
11.651	-0.058053
11.652	-0.194208
11.653	-0.363402
11.654	-0.432499
11.655	-0.339665
11.656	-0.145537
11.657	0.03387
11.658	0.109336
11.659	0.075187
11.66	0.024944
11.661	0.065418
11.662	0.191101
11.663	0.290592
11.664	0.276997
11.665	0.16558
11.666	0.029743
11.667	-0.069325
11.668	-0.110752
11.669	-0.117526
11.67	-0.125908
11.671	-0.131104
11.672	-0.094903
11.673	-0.024063
11.674	0.009096
11.675	-0.040327
11.676	-0.119495
11.677	-0.139227
11.678	-0.074867
11.679	0.032843
11.68	0.140515
11.681	0.200261
11.682	0.152354
11.683	0.01812
11.684	-0.066123
11.685	-0.006243
11.686	0.121705
11.687	0.176275
11.688	0.115883
11.689	0.001473
11.69	-0.094373
11.691	-0.129674
11.692	-0.100017
11.693	-0.051698
11.694	-0.051034
11.695	-0.106826
11.696	-0.154305
11.697	-0.13106
11.698	-0.043923
11.699	0.058296
11.7	0.146077
11.701	0.18937
11.702	0.134754
11.703	-0.006374
11.704	-0.110672
11.705	-0.07779
11.706	0.040035
11.707	0.115675
11.708	0.098342
11.709	0.030765
11.71	-0.023192
11.711	-0.015829
11.712	0.061291
11.713	0.138876
11.714	0.119133
11.715	0.000632
11.716	-0.112799
11.717	-0.135137
11.718	-0.078478
11.719	-0.003918
11.72	0.057883
11.721	0.090083
11.722	0.058807
11.723	-0.023204
11.724	-0.070206
11.725	-0.029344
11.726	0.04715
11.727	0.07834
11.728	0.046016
11.729	-0.018739
11.73	-0.089357
11.731	-0.150358
11.732	-0.183837
11.733	-0.187779
11.734	-0.183929
11.735	-0.18135
11.736	-0.156723
11.737	-0.091114
11.738	-0.009432
11.739	0.049653
11.74	0.084718
11.741	0.101035
11.742	0.070321
11.743	-0.00882
11.744	-0.063153
11.745	-0.031932
11.746	0.046602
11.747	0.091281
11.748	0.071535
11.749	0.007775
11.75	-0.077393
11.751	-0.16758
11.752	-0.234204
11.753	-0.253692
11.754	-0.234898
11.755	-0.197315
11.756	-0.138478
11.757	-0.055545
11.758	0.02124
11.759	0.062
11.76	0.084838
11.761	0.117244
11.762	0.139773
11.763	0.127557
11.764	0.1062
11.765	0.107854
11.766	0.116088
11.767	0.096623
11.768	0.044361
11.769	-0.026431
11.77	-0.113294
11.771	-0.219866
11.772	-0.324433
11.773	-0.379473
11.774	-0.353613
11.775	-0.260927
11.776	-0.139558
11.777	-0.025214
11.778	0.049084
11.779	0.073222
11.78	0.084262
11.781	0.119339
11.782	0.157928
11.783	0.163137
11.784	0.145015
11.785	0.133609
11.786	0.125435
11.787	0.093971
11.788	0.032534
11.789	-0.041553
11.79	-0.115138
11.791	-0.18522
11.792	-0.241294
11.793	-0.260381
11.794	-0.228471
11.795	-0.159759
11.796	-0.080053
11.797	-0.008513
11.798	0.034798
11.799	0.043031
11.8	0.047414
11.801	0.077912
11.802	0.114813
11.803	0.129061
11.804	0.129388
11.805	0.1316
11.806	0.12411
11.807	0.088044
11.808	0.030254
11.809	-0.023838
11.81	-0.060977
11.811	-0.08449
11.812	-0.09848
11.813	-0.10145
11.814	-0.092586
11.815	-0.075984
11.816	-0.053139
11.817	-0.02451
11.818	-0.002544
11.819	0.00507
11.82	0.022508
11.821	0.070073
11.822	0.117373
11.823	0.125383
11.824	0.103476
11.825	0.082403
11.826	0.063946
11.827	0.030243
11.828	-0.017636
11.829	-0.055862
11.83	-0.056502
11.831	4.7e-05
11.832	0.104438
11.833	0.198886
11.834	0.210436
11.835	0.127874
11.836	0.017666
11.837	-0.052216
11.838	-0.072946
11.839	-0.067563
11.84	-0.040454
11.841	0.003533
11.842	0.024951
11.843	-0.002251
11.844	-0.044036
11.845	-0.055715
11.846	-0.040414
11.847	-0.026377
11.848	-0.02074
11.849	-0.011751
11.85	0.008406
11.851	0.037377
11.852	0.062801
11.853	0.062823
11.854	0.02388
11.855	-0.034938
11.856	-0.073814
11.857	-0.072207
11.858	-0.045642
11.859	-0.016198
11.86	0.021748
11.861	0.072915
11.862	0.102581
11.863	0.083757
11.864	0.053737
11.865	0.067985
11.866	0.117477
11.867	0.139069
11.868	0.095386
11.869	0.002225
11.87	-0.109501
11.871	-0.223269
11.872	-0.329104
11.873	-0.400726
11.874	-0.403294
11.875	-0.330834
11.876	-0.211461
11.877	-0.081452
11.878	0.026258
11.879	0.097154
11.88	0.160515
11.881	0.271931
11.882	0.475166
11.883	0.790837
11.884	1.129467
11.885	1.230208
11.886	0.938361
11.887	0.456734
11.888	0.080112
11.889	-0.112118
11.89	-0.193712
11.891	-0.243644
11.892	-0.292797
11.893	-0.324357
11.894	-0.314111
11.895	-0.265279
11.896	-0.193897
11.897	-0.107579
11.898	-0.01552
11.899	0.070981
11.9	0.15711
11.901	0.243795
11.902	0.297141
11.903	0.286503
11.904	0.229306
11.905	0.164178
11.906	0.107299
11.907	0.054065
11.908	-0.000331
11.909	-0.057627
11.91	-0.121709
11.911	-0.198479
11.912	-0.282114
11.913	-0.342195
11.914	-0.347435
11.915	-0.298002
11.916	-0.213563
11.917	-0.108857
11.918	-0.000298
11.919	0.095455
11.92	0.18387
11.921	0.269854
11.922	0.317402
11.923	0.284511
11.924	0.187566
11.925	0.090483
11.926	0.036894
11.927	0.020242
11.928	0.011796
11.929	-0.008675
11.93	-0.050109
11.931	-0.117527
11.932	-0.204361
11.933	-0.282095
11.934	-0.315222
11.935	-0.288421
11.936	-0.20973
11.937	-0.097351
11.938	0.018841
11.939	0.108912
11.94	0.172846
11.941	0.220374
11.942	0.230451
11.943	0.178742
11.944	0.088552
11.945	0.01683
11.946	-0.00462
11.947	0.005665
11.948	0.007789
11.949	-0.018341
11.95	-0.060299
11.951	-0.090774
11.952	-0.093294
11.953	-0.080433
11.954	-0.082258
11.955	-0.105748
11.956	-0.11914
11.957	-0.091044
11.958	-0.034485
11.959	0.015073
11.96	0.058647
11.961	0.129883
11.962	0.241874
11.963	0.37095
11.964	0.459992
11.965	0.431432
11.966	0.274179
11.967	0.085622
11.968	-0.045636
11.969	-0.118679
11.97	-0.164378
11.971	-0.197469
11.972	-0.220032
11.973	-0.232267
11.974	-0.232486
11.975	-0.211412
11.976	-0.157237
11.977	-0.075203
11.978	0.001096
11.979	0.037305
11.98	0.035543
11.981	0.018193
11.982	-0.008901
11.983	-0.042495
11.984	-0.05906
11.985	-0.039948
11.986	0.002715
11.987	0.037067
11.988	0.035036
11.989	-0.009336
11.99	-0.080537
11.991	-0.158044
11.992	-0.220315
11.993	-0.242319
11.994	-0.213624
11.995	-0.152335
11.996	-0.082334
11.997	-0.016796
11.998	0.026892
11.999	0.037609
12.0	0.045299
12.001	0.099165
12.002	0.20037
12.003	0.28859
12.004	0.299159
12.005	0.223672
12.006	0.113712
12.007	0.022185
12.008	-0.042183
12.009	-0.09839
12.01	-0.165442
12.011	-0.255632
12.012	-0.358445
12.013	-0.421304
12.014	-0.388584
12.015	-0.26882
12.016	-0.123115
12.017	-0.005107
12.018	0.056442
12.019	0.059101
12.02	0.038838
12.021	0.040656
12.022	0.067783
12.023	0.090862
12.024	0.092497
12.025	0.080983
12.026	0.070493
12.027	0.057705
12.028	0.029848
12.029	-0.012353
12.03	-0.060739
12.031	-0.119437
12.032	-0.1937
12.033	-0.254854
12.034	-0.253637
12.035	-0.181475
12.036	-0.079014
12.037	0.007837
12.038	0.049683
12.039	0.047326
12.04	0.051244
12.041	0.123776
12.042	0.25893
12.043	0.370988
12.044	0.374698
12.045	0.266978
12.046	0.12048
12.047	0.005916
12.048	-0.055078
12.049	-0.076599
12.05	-0.086843
12.051	-0.120856
12.052	-0.195015
12.053	-0.267959
12.054	-0.271429
12.055	-0.193026
12.056	-0.083555
12.057	0.001952
12.058	0.034271
12.059	0.019989
12.06	0.013898
12.061	0.077841
12.062	0.202736
12.063	0.303519
12.064	0.300886
12.065	0.194111
12.066	0.051713
12.067	-0.054492
12.068	-0.095037
12.069	-0.078845
12.07	-0.026808
12.071	0.04212
12.072	0.106041
12.073	0.128268
12.074	0.067054
12.075	-0.071365
12.076	-0.203321
12.077	-0.233294
12.078	-0.141612
12.079	0.022152
12.08	0.206474
12.081	0.373284
12.082	0.478249
12.083	0.480976
12.084	0.367815
12.085	0.173268
12.086	-0.018356
12.087	-0.123235
12.088	-0.117045
12.089	-0.0409
12.09	0.03112
12.091	0.026014
12.092	-0.086592
12.093	-0.254636
12.094	-0.364019
12.095	-0.331784
12.096	-0.180841
12.097	-0.01445
12.098	0.070092
12.099	0.055283
12.1	0.020269
12.101	0.062093
12.102	0.186037
12.103	0.29412
12.104	0.2821
12.105	0.143109
12.106	-0.026806
12.107	-0.129079
12.108	-0.153891
12.109	-0.15808
12.11	-0.173465
12.111	-0.168329
12.112	-0.109624
12.113	-0.041647
12.114	-0.046364
12.115	-0.127107
12.116	-0.195619
12.117	-0.174409
12.118	-0.072054
12.119	0.049153
12.12	0.139092
12.121	0.159562
12.122	0.086068
12.123	-0.030907
12.124	-0.077895
12.125	-0.006654
12.126	0.10593
12.127	0.153727
12.128	0.103424
12.129	-0.010718
12.13	-0.139874
12.131	-0.24038
12.132	-0.279035
12.133	-0.26262
12.134	-0.236434
12.135	-0.222888
12.136	-0.191033
12.137	-0.109503
12.138	-0.001117
12.139	0.08638
12.14	0.130316
12.141	0.114379
12.142	0.019947
12.143	-0.106774
12.144	-0.149871
12.145	-0.054756
12.146	0.094609
12.147	0.175156
12.148	0.142949
12.149	0.030524
12.15	-0.112499
12.151	-0.239607
12.152	-0.306014
12.153	-0.297316
12.154	-0.246926
12.155	-0.192374
12.156	-0.131166
12.157	-0.04907
12.158	0.033406
12.159	0.086801
12.16	0.115217
12.161	0.124513
12.162	0.094346
12.163	0.035583
12.164	0.015802
12.165	0.070467
12.166	0.143995
12.167	0.158766
12.168	0.09597
12.169	-0.013434
12.17	-0.134347
12.171	-0.233119
12.172	-0.272371
12.173	-0.242845
12.174	-0.181471
12.175	-0.12865
12.176	-0.085023
12.177	-0.035538
12.178	0.00798
12.179	0.030413
12.18	0.052086
12.181	0.091426
12.182	0.12684
12.183	0.143806
12.184	0.163726
12.185	0.19123
12.186	0.189491
12.187	0.128226
12.188	0.021983
12.189	-0.090793
12.19	-0.180244
12.191	-0.219456
12.192	-0.185916
12.193	-0.099772
12.194	-0.025458
12.195	-0.007799
12.196	-0.02841
12.197	-0.044916
12.198	-0.048112
12.199	-0.045396
12.2	-0.020547
12.201	0.033911
12.202	0.084666
12.203	0.111039
12.204	0.134609
12.205	0.161815
12.206	0.155753
12.207	0.088214
12.208	-0.017345
12.209	-0.111669
12.21	-0.158814
12.211	-0.137427
12.212	-0.054374
12.213	0.024011
12.214	0.020922
12.215	-0.053516
12.216	-0.116441
12.217	-0.120841
12.218	-0.09304
12.219	-0.064367
12.22	-0.020428
12.221	0.051457
12.222	0.118476
12.223	0.153514
12.224	0.172183
12.225	0.182742
12.226	0.156917
12.227	0.079706
12.228	-0.016159
12.229	-0.090318
12.23	-0.132684
12.231	-0.143651
12.232	-0.11711
12.233	-0.069805
12.234	-0.048342
12.235	-0.072211
12.236	-0.104776
12.237	-0.106642
12.238	-0.08271
12.239	-0.049905
12.24	0.003632
12.241	0.080068
12.242	0.137557
12.243	0.149491
12.244	0.143724
12.245	0.142015
12.246	0.120111
12.247	0.05952
12.248	-0.014403
12.249	-0.072244
12.25	-0.11723
12.251	-0.163681
12.252	-0.209218
12.253	-0.246
12.254	-0.271561
12.255	-0.271502
12.256	-0.222796
12.257	-0.129936
12.258	-0.033895
12.259	0.036781
12.26	0.100136
12.261	0.167525
12.262	0.200814
12.263	0.175113
12.264	0.128598
12.265	0.10308
12.266	0.087155
12.267	0.054374
12.268	0.009309
12.269	-0.03547
12.27	-0.089524
12.271	-0.160251
12.272	-0.223317
12.273	-0.2517
12.274	-0.2505
12.275	-0.232754
12.276	-0.190255
12.277	-0.117125
12.278	-0.039082
12.279	0.022477
12.28	0.094391
12.281	0.202181
12.282	0.307302
12.283	0.348135
12.284	0.310952
12.285	0.224587
12.286	0.117271
12.287	0.009062
12.288	-0.077643
12.289	-0.121349
12.29	-0.108007
12.291	-0.038486
12.292	0.063809
12.293	0.155047
12.294	0.190774
12.295	0.160775
12.296	0.097356
12.297	0.031846
12.298	-0.038111
12.299	-0.110631
12.3	-0.140859
12.301	-0.095681
12.302	-0.01814
12.303	0.021209
12.304	0.007049
12.305	-0.02949
12.306	-0.063875
12.307	-0.079549
12.308	-0.05347
12.309	0.01635
12.31	0.092043
12.311	0.133144
12.312	0.136874
12.313	0.120596
12.314	0.089741
12.315	0.048678
12.316	0.013588
12.317	-0.010946
12.318	-0.046363
12.319	-0.100115
12.32	-0.134311
12.321	-0.124009
12.322	-0.11084
12.323	-0.13996
12.324	-0.184671
12.325	-0.188358
12.326	-0.14401
12.327	-0.081057
12.328	-0.010449
12.329	0.070614
12.33	0.150559
12.331	0.216164
12.332	0.26161
12.333	0.259077
12.334	0.179803
12.335	0.06048
12.336	-0.023157
12.337	-0.049
12.338	-0.063841
12.339	-0.104617
12.34	-0.147746
12.341	-0.167588
12.342	-0.189819
12.343	-0.234041
12.344	-0.26017
12.345	-0.224639
12.346	-0.143078
12.347	-0.055668
12.348	0.024743
12.349	0.093869
12.35	0.121794
12.351	0.078552
12.352	-0.018808
12.353	-0.116478
12.354	-0.168827
12.355	-0.156516
12.356	-0.087557
12.357	-0.004604
12.358	0.029404
12.359	-0.010494
12.36	-0.083723
12.361	-0.150096
12.362	-0.219522
12.363	-0.291349
12.364	-0.308002
12.365	-0.230124
12.366	-0.101444
12.367	0.011214
12.368	0.089053
12.369	0.138978
12.37	0.148684
12.371	0.105263
12.372	0.032107
12.373	-0.032953
12.374	-0.072166
12.375	-0.076417
12.376	-0.03939
12.377	0.011905
12.378	0.019366
12.379	-0.036618
12.38	-0.099762
12.381	-0.111053
12.382	-0.084722
12.383	-0.066707
12.384	-0.060578
12.385	-0.045387
12.386	-0.023098
12.387	-0.00268
12.388	0.024606
12.389	0.058416
12.39	0.063873
12.391	0.008743
12.392	-0.085918
12.393	-0.162468
12.394	-0.180782
12.395	-0.136872
12.396	-0.053655
12.397	0.019487
12.398	0.025031
12.399	-0.040704
12.4	-0.102977
12.401	-0.09277
12.402	-0.030978
12.403	0.016365
12.404	0.027685
12.405	0.023955
12.406	0.017672
12.407	0.010373
12.408	0.015074
12.409	0.03736
12.41	0.050275
12.411	0.030225
12.412	-0.000625
12.413	-0.005968
12.414	0.013552
12.415	0.032825
12.416	0.039611
12.417	0.024707
12.418	-0.034206
12.419	-0.128526
12.42	-0.186958
12.421	-0.149044
12.422	-0.045236
12.423	0.046382
12.424	0.084563
12.425	0.072202
12.426	0.025916
12.427	-0.025977
12.428	-0.043071
12.429	-0.011454
12.43	0.029262
12.431	0.031594
12.432	-0.003215
12.433	-0.038538
12.434	-0.04967
12.435	-0.035906
12.436	-0.009513
12.437	-0.000573
12.438	-0.046848
12.439	-0.13587
12.44	-0.180224
12.441	-0.106311
12.442	0.05215
12.443	0.192413
12.444	0.240012
12.445	0.183086
12.446	0.058091
12.447	-0.064287
12.448	-0.110626
12.449	-0.060405
12.45	0.044237
12.451	0.160041
12.452	0.274111
12.453	0.352217
12.454	0.331289
12.455	0.209931
12.456	0.065065
12.457	-0.052886
12.458	-0.162176
12.459	-0.264746
12.46	-0.290657
12.461	-0.182841
12.462	0.004911
12.463	0.152881
12.464	0.18641
12.465	0.108788
12.466	-0.027164
12.467	-0.138475
12.468	-0.148811
12.469	-0.058187
12.47	0.043722
12.471	0.063474
12.472	-0.007994
12.473	-0.106401
12.474	-0.165603
12.475	-0.156575
12.476	-0.096291
12.477	-0.048028
12.478	-0.076792
12.479	-0.163696
12.48	-0.189532
12.481	-0.060253
12.482	0.168354
12.483	0.339003
12.484	0.341972
12.485	0.18747
12.486	-0.026594
12.487	-0.174646
12.488	-0.171447
12.489	-0.037901
12.49	0.10982
12.491	0.167561
12.492	0.128257
12.493	0.046925
12.494	-0.02625
12.495	-0.057137
12.496	-0.042159
12.497	-0.034348
12.498	-0.102664
12.499	-0.229741
12.5	-0.28422
12.501	-0.154394
12.502	0.114318
12.503	0.364174
12.504	0.477021
12.505	0.439599
12.506	0.295324
12.507	0.107238
12.508	-0.048724
12.509	-0.131254
12.51	-0.159816
12.511	-0.147856
12.512	-0.075478
12.513	0.018165
12.514	0.029484
12.515	-0.06347
12.516	-0.165861
12.517	-0.20479
12.518	-0.202527
12.519	-0.187275
12.52	-0.131656
12.521	-0.038032
12.522	0.016553
12.523	-0.00766
12.524	-0.055785
12.525	-0.093655
12.526	-0.15526
12.527	-0.21592
12.528	-0.17026
12.529	-0.000722
12.53	0.150885
12.531	0.136308
12.532	-0.034349
12.533	-0.219412
12.534	-0.287445
12.535	-0.201535
12.536	-0.030566
12.537	0.080418
12.538	0.010597
12.539	-0.208538
12.54	-0.403659
12.541	-0.451711
12.542	-0.413032
12.543	-0.402894
12.544	-0.395948
12.545	-0.282938
12.546	-0.070465
12.547	0.126748
12.548	0.247143
12.549	0.293047
12.55	0.231175
12.551	0.020881
12.552	-0.283606
12.553	-0.550716
12.554	-0.663001
12.555	-0.564272
12.556	-0.288875
12.557	0.024554
12.558	0.211828
12.559	0.201722
12.56	-0.0183
12.561	-0.549056
12.562	-1.461076
12.563	-2.405291
12.564	-2.664697
12.565	-1.889078
12.566	-0.550756
12.567	0.567745
12.568	1.106768
12.569	1.172331
12.57	0.939089
12.571	0.478214
12.572	-0.13333
12.573	-0.711166
12.574	-1.006585
12.575	-0.860445
12.576	-0.348651
12.577	0.229924
12.578	0.571207
12.579	0.605171
12.58	0.4765
12.581	0.291273
12.582	0.023214
12.583	-0.272063
12.584	-0.362853
12.585	-0.122348
12.586	0.266436
12.587	0.544242
12.588	0.661116
12.589	0.701445
12.59	0.696572
12.591	0.6527
12.592	0.614557
12.593	0.577929
12.594	0.475918
12.595	0.319337
12.596	0.20321
12.597	0.14456
12.598	0.055064
12.599	-0.086115
12.6	-0.158907
12.601	-0.076579
12.602	0.082236
12.603	0.201074
12.604	0.262745
12.605	0.278405
12.606	0.217375
12.607	0.102316
12.608	0.047969
12.609	0.112027
12.61	0.218361
12.611	0.298287
12.612	0.373457
12.613	0.427394
12.614	0.374494
12.615	0.228379
12.616	0.107971
12.617	0.042655
12.618	-0.058161
12.619	-0.230268
12.62	-0.408543
12.621	-0.600567
12.622	-0.915378
12.623	-1.290348
12.624	-1.398013
12.625	-1.030769
12.626	-0.403985
12.627	0.121109
12.628	0.428776
12.629	0.595404
12.63	0.671431
12.631	0.700812
12.632	0.765163
12.633	0.834336
12.634	0.755486
12.635	0.508686
12.636	0.254913
12.637	0.078784
12.638	-0.094083
12.639	-0.282066
12.64	-0.334225
12.641	-0.127772
12.642	0.23389
12.643	0.519124
12.644	0.58418
12.645	0.423133
12.646	0.112925
12.647	-0.195669
12.648	-0.332491
12.649	-0.223077
12.65	0.157203
12.651	0.939238
12.652	2.1362
12.653	3.176427
12.654	3.26755
12.655	2.347621
12.656	1.079138
12.657	0.031365
12.658	-0.670166
12.659	-1.07711
12.66	-1.176299
12.661	-0.981873
12.662	-0.663424
12.663	-0.420015
12.664	-0.312136
12.665	-0.308717
12.666	-0.384785
12.667	-0.473759
12.668	-0.457439
12.669	-0.302984
12.67	-0.083517
12.671	0.203239
12.672	0.635589
12.673	1.076532
12.674	1.187542
12.675	0.869204
12.676	0.369745
12.677	-0.080981
12.678	-0.460568
12.679	-0.773786
12.68	-0.928635
12.681	-0.887381
12.682	-0.771746
12.683	-0.69382
12.684	-0.613285
12.685	-0.473568
12.686	-0.332041
12.687	-0.233329
12.688	-0.114737
12.689	0.04476
12.69	0.134692
12.691	0.08252
12.692	-0.029844
12.693	-0.122009
12.694	-0.206998
12.695	-0.256423
12.696	-0.19863
12.697	-0.089219
12.698	-0.090232
12.699	-0.251866
12.7	-0.467085
12.701	-0.682062
12.702	-0.965332
12.703	-1.261169
12.704	-1.291191
12.705	-0.89649
12.706	-0.291298
12.707	0.210963
12.708	0.524574
12.709	0.690429
12.71	0.670672
12.711	0.428214
12.712	0.062653
12.713	-0.280995
12.714	-0.514246
12.715	-0.559217
12.716	-0.38143
12.717	-0.105499
12.718	0.054461
12.719	0.021594
12.72	-0.102493
12.721	-0.263922
12.722	-0.541275
12.723	-0.889592
12.724	-1.015071
12.725	-0.710713
12.726	-0.151344
12.727	0.344579
12.728	0.663997
12.729	0.826134
12.73	0.771441
12.731	0.437658
12.732	-0.076442
12.733	-0.57231
12.734	-0.876291
12.735	-0.860918
12.736	-0.519646
12.737	-0.060005
12.738	0.227528
12.739	0.241405
12.74	0.111809
12.741	-0.052135
12.742	-0.288868
12.743	-0.568005
12.744	-0.657862
12.745	-0.399062
12.746	0.050109
12.747	0.426606
12.748	0.65383
12.749	0.772081
12.75	0.784495
12.751	0.73522
12.752	0.737013
12.753	0.754067
12.754	0.60183
12.755	0.282661
12.756	0.026624
12.757	-0.052965
12.758	-0.080978
12.759	-0.178162
12.76	-0.318318
12.761	-0.486841
12.762	-0.763105
12.763	-1.094365
12.764	-1.181747
12.765	-0.816729
12.766	-0.183385
12.767	0.380048
12.768	0.737319
12.769	0.886874
12.77	0.754837
12.771	0.281464
12.772	-0.39418
12.773	-0.995111
12.774	-1.286132
12.775	-1.152239
12.776	-0.655503
12.777	-0.071745
12.778	0.274839
12.779	0.297733
12.78	0.195523
12.781	0.176009
12.782	0.238552
12.783	0.288815
12.784	0.326202
12.785	0.387737
12.786	0.42967
12.787	0.407695
12.788	0.370503
12.789	0.393506
12.79	0.571877
12.791	1.122363
12.792	2.127604
12.793	3.042437
12.794	3.063623
12.795	2.119976
12.796	0.887383
12.797	-0.059285
12.798	-0.631674
12.799	-0.930416
12.8	-0.928774
12.801	-0.549175
12.802	0.099918
12.803	0.709133
12.804	0.969926
12.805	0.774248
12.806	0.284038
12.807	-0.175843
12.808	-0.364064
12.809	-0.314339
12.81	-0.25621
12.811	-0.330273
12.812	-0.474446
12.813	-0.608447
12.814	-0.723927
12.815	-0.753901
12.816	-0.601801
12.817	-0.335159
12.818	-0.162742
12.819	-0.213191
12.82	-0.48477
12.821	-1.01126
12.822	-1.818011
12.823	-2.58178
12.824	-2.672299
12.825	-1.818271
12.826	-0.486738
12.827	0.620147
12.828	1.205107
12.829	1.359782
12.83	1.225591
12.831	0.917197
12.832	0.563501
12.833	0.210308
12.834	-0.15974
12.835	-0.437645
12.836	-0.44471
12.837	-0.208239
12.838	0.025784
12.839	0.093146
12.84	0.088548
12.841	0.193301
12.842	0.441245
12.843	0.721327
12.844	0.904542
12.845	0.904073
12.846	0.709412
12.847	0.425072
12.848	0.205669
12.849	0.147656
12.85	0.368658
12.851	1.16123
12.852	2.660149
12.853	4.185044
12.854	4.57558
12.855	3.462189
12.856	1.591461
12.857	-0.104133
12.858	-1.216645
12.859	-1.686003
12.86	-1.331548
12.861	0.149635
12.862	2.659113
12.863	5.245087
12.864	6.372599
12.865	5.109638
12.866	2.207743
12.867	-0.527062
12.868	-1.964651
12.869	-2.204908
12.87	-1.701676
12.871	-0.478885
12.872	1.609531
12.873	3.959666
12.874	5.202965
12.875	4.513538
12.876	2.404417
12.877	0.026488
12.878	-1.812687
12.879	-2.77469
12.88	-2.589295
12.881	-1.012904
12.882	1.698877
12.883	4.427468
12.884	5.573724
12.885	4.272314
12.886	1.377671
12.887	-1.251892
12.888	-2.489081
12.889	-2.533279
12.89	-2.157515
12.891	-1.911249
12.892	-1.904107
12.893	-2.015333
12.894	-2.086828
12.895	-1.963384
12.896	-1.609124
12.897	-1.202707
12.898	-0.981288
12.899	-1.023079
12.9	-1.281338
12.901	-1.783426
12.902	-2.56088
12.903	-3.284861
12.904	-3.291876
12.905	-2.272368
12.906	-0.730451
12.907	0.521912
12.908	1.130269
12.909	1.227727
12.91	0.971778
12.911	0.361918
12.912	-0.562654
12.913	-1.539389
12.914	-2.158013
12.915	-2.122031
12.916	-1.47214
12.917	-0.582792
12.918	0.093467
12.919	0.31774
12.92	0.081059
12.921	-0.615954
12.922	-1.727068
12.923	-2.7802
12.924	-2.939897
12.925	-1.835108
12.926	-0.089186
12.927	1.291898
12.928	1.855336
12.929	1.810721
12.93	1.481394
12.931	0.934896
12.932	0.100132
12.933	-0.909109
12.934	-1.695338
12.935	-1.840483
12.936	-1.269259
12.937	-0.354325
12.938	0.370173
12.939	0.615845
12.94	0.422016
12.941	-0.10348
12.942	-0.873467
12.943	-1.555948
12.944	-1.571454
12.945	-0.687115
12.946	0.598195
12.947	1.560776
12.948	1.95394
12.949	1.964338
12.95	1.6998
12.951	1.019256
12.952	-0.161305
12.953	-1.542023
12.954	-2.499373
12.955	-2.521945
12.956	-1.625811
12.957	-0.357605
12.958	0.618385
12.959	0.927795
12.96	0.474001
12.961	-0.828852
12.962	-2.871384
12.963	-4.809919
12.964	-5.422883
12.965	-4.181595
12.966	-1.596882
12.967	1.086603
12.968	2.570422
12.969	2.532859
12.97	1.636672
12.971	0.29295
12.972	-1.706717
12.973	-4.07732
12.974	-5.474935
12.975	-4.643276
12.976	-1.83775
12.977	1.348314
12.978	3.459735
12.979	4.088118
12.98	3.495268
12.981	1.85953
12.982	-0.751033
12.983	-3.759563
12.984	-6.146197
12.985	-7.288359
12.986	-7.306825
12.987	-6.821306
12.988	-6.460894
12.989	-6.373924
12.99	-6.3721
12.991	-6.402513
12.992	-6.435778
12.993	-5.814289
12.994	-3.411935
12.995	0.885565
12.996	5.578166
12.997	8.991957
12.998	10.596798
12.999	10.743417
13.0	9.804795
13.001	7.799192
13.002	4.788727
13.003	1.50951
13.004	-1.019122
13.005	-2.539601
13.006	-3.513285
13.007	-4.273903
13.008	-4.801637
13.009	-5.079559
13.01	-5.262017
13.011	-5.373743
13.012	-4.918671
13.013	-3.247159
13.014	-0.592148
13.015	1.94732
13.016	3.637017
13.017	4.502476
13.018	4.734391
13.019	4.453065
13.02	3.799808
13.021	2.781336
13.022	1.041725
13.023	-1.684879
13.024	-4.537111
13.025	-5.615833
13.026	-3.701015
13.027	0.409717
13.028	4.578269
13.029	7.361394
13.03	8.878296
13.031	9.499492
13.032	8.851614
13.033	6.728817
13.034	4.136327
13.035	2.742057
13.036	3.34464
13.037	5.206199
13.038	6.914058
13.039	7.548308
13.04	7.004713
13.041	5.662601
13.042	4.194704
13.043	3.601131
13.044	4.636465
13.045	6.805086
13.046	8.642004
13.047	9.257264
13.048	8.9133
13.049	8.23499
13.05	7.610545
13.051	7.195539
13.052	6.935647
13.053	6.553711
13.054	5.641724
13.055	3.86633
13.056	1.411838
13.057	-0.882883
13.058	-2.258397
13.059	-2.624773
13.06	-2.145869
13.061	-0.738148
13.062	1.63092
13.063	4.315636
13.064	6.052871
13.065	5.9958
13.066	4.552331
13.067	2.868843
13.068	1.723442
13.069	1.187416
13.07	1.085161
13.071	1.468094
13.072	2.405297
13.073	3.277715
13.074	2.968923
13.075	1.196283
13.076	-0.99493
13.077	-2.403819
13.078	-2.840729
13.079	-2.990283
13.08	-3.559004
13.081	-4.667251
13.082	-5.714002
13.083	-5.759036
13.084	-4.248703
13.085	-1.52996
13.086	1.282249
13.087	3.118732
13.088	3.703985
13.089	3.435764
13.09	2.805373
13.091	2.129553
13.092	1.473817
13.093	0.546636
13.094	-0.93373
13.095	-2.558143
13.096	-3.406501
13.097	-3.06075
13.098	-2.059045
13.099	-1.245842
13.1	-0.870761
13.101	-0.404539
13.102	0.803971
13.103	2.669805
13.104	4.233871
13.105	4.608289
13.106	3.900305
13.107	2.875866
13.108	2.060926
13.109	1.528855
13.11	1.265059
13.111	1.442048
13.112	2.16099
13.113	2.935247
13.114	2.999821
13.115	2.155668
13.116	0.770771
13.117	-0.701077
13.118	-1.905153
13.119	-2.612056
13.12	-2.513639
13.121	-1.202041
13.122	1.165698
13.123	3.498766
13.124	4.516448
13.125	3.7655
13.126	1.931764
13.127	0.185672
13.128	-0.831025
13.129	-1.215901
13.13	-1.218615
13.131	-0.81395
13.132	0.075533
13.133	1.111172
13.134	1.81258
13.135	2.175122
13.136	2.270795
13.137	1.703049
13.138	0.37287
13.139	-0.708251
13.14	-0.206874
13.141	1.963957
13.142	4.209658
13.143	4.511704
13.144	2.109508
13.145	-1.851581
13.146	-5.331837
13.147	-7.195702
13.148	-7.705325
13.149	-7.518309
13.15	-6.882623
13.151	-5.555606
13.152	-3.151866
13.153	0.121241
13.154	3.128173
13.155	4.598228
13.156	4.055947
13.157	1.993306
13.158	-0.406861
13.159	-1.793517
13.16	-1.281268
13.161	0.904504
13.162	3.17488
13.163	3.543073
13.164	1.2572
13.165	-2.527234
13.166	-5.809423
13.167	-7.506255
13.168	-7.886247
13.169	-7.593993
13.17	-6.881351
13.171	-5.527712
13.172	-3.209732
13.173	-0.274549
13.174	2.012082
13.175	2.527634
13.176	1.326267
13.177	-0.638223
13.178	-2.37434
13.179	-3.22276
13.18	-2.662659
13.181	-0.528305
13.182	2.203406
13.183	3.627316
13.184	2.517615
13.185	-0.454573
13.186	-3.425684
13.187	-5.178316
13.188	-5.757201
13.189	-5.607141
13.19	-4.961679
13.191	-3.765803
13.192	-1.838348
13.193	0.396615
13.194	1.638076
13.195	0.997524
13.196	-0.86158
13.197	-2.582636
13.198	-3.628057
13.199	-4.307463
13.2	-4.655154
13.201	-4.016274
13.202	-1.942952
13.203	0.861697
13.204	2.834567
13.205	2.943044
13.206	1.665718
13.207	0.283424
13.208	-0.497778
13.209	-0.802586
13.21	-0.910413
13.211	-0.784564
13.212	-0.311542
13.213	0.090494
13.214	-0.365492
13.215	-1.767491
13.216	-3.200126
13.217	-3.825165
13.218	-3.766789
13.219	-3.661903
13.22	-3.660118
13.221	-3.144023
13.222	-1.40383
13.223	1.423462
13.224	4.051546
13.225	5.017497
13.226	4.171236
13.227	2.677142
13.228	1.550231
13.229	0.938628
13.23	0.692349
13.231	0.950564
13.232	1.898193
13.233	2.966424
13.234	2.906384
13.235	1.201508
13.236	-1.167227
13.237	-2.850883
13.238	-3.509799
13.239	-3.729096
13.24	-4.014201
13.241	-4.209442
13.242	-3.683848
13.243	-1.921192
13.244	0.761414
13.245	3.065426
13.246	3.903769
13.247	3.524115
13.248	2.83963
13.249	2.287181
13.25	1.73953
13.251	0.933436
13.252	-0.291254
13.253	-1.942932
13.254	-3.725794
13.255	-4.949663
13.256	-4.984009
13.257	-3.888518
13.258	-2.432343
13.259	-1.524867
13.26	-1.689913
13.261	-2.896652
13.262	-4.5123
13.263	-5.348403
13.264	-4.295164
13.265	-1.383239
13.266	1.9886
13.267	4.199869
13.268	4.666196
13.269	3.888024
13.27	2.490572
13.271	0.440253
13.272	-2.579447
13.273	-6.054179
13.274	-8.433056
13.275	-8.378966
13.276	-5.970377
13.277	-2.525657
13.278	0.422361
13.279	1.880008
13.28	1.508174
13.281	-0.603733
13.282	-3.881932
13.283	-7.058591
13.284	-8.867418
13.285	-9.161815
13.286	-8.757546
13.287	-8.375373
13.288	-8.198545
13.289	-8.178036
13.29	-8.365883
13.291	-8.79358
13.292	-8.99734
13.293	-7.919705
13.294	-4.826263
13.295	-0.326542
13.296	4.129229
13.297	7.55646
13.298	9.68456
13.299	10.448059
13.3	9.741974
13.301	7.359726
13.302	3.20138
13.303	-1.981727
13.304	-6.450668
13.305	-8.862141
13.306	-9.369782
13.307	-8.924028
13.308	-8.178581
13.309	-7.368661
13.31	-6.641017
13.311	-6.039573
13.312	-5.205079
13.313	-3.581006
13.314	-1.224131
13.315	1.184856
13.316	3.242056
13.317	4.922371
13.318	5.998612
13.319	6.087649
13.32	5.09717
13.321	3.257516
13.322	0.744899
13.323	-2.307522
13.324	-5.249309
13.325	-7.127665
13.326	-7.700208
13.327	-7.47086
13.328	-6.89394
13.329	-6.159054
13.33	-5.431428
13.331	-4.800915
13.332	-3.966451
13.333	-2.410754
13.334	-0.172117
13.335	2.133986
13.336	4.15283
13.337	5.854224
13.338	6.965233
13.339	7.047454
13.34	5.972507
13.341	3.97208
13.342	1.260001
13.343	-1.974394
13.344	-5.030958
13.345	-6.939949
13.346	-7.48573
13.347	-7.221253
13.348	-6.636811
13.349	-5.928768
13.35	-5.249976
13.351	-4.678341
13.352	-3.905749
13.353	-2.384388
13.354	-0.072953
13.355	2.491336
13.356	4.943818
13.357	7.148474
13.358	8.694044
13.359	9.052874
13.36	8.184525
13.361	6.744098
13.362	5.679629
13.363	5.590194
13.364	6.381844
13.365	7.46711
13.366	8.293684
13.367	8.741131
13.368	9.076335
13.369	9.561518
13.37	10.112156
13.371	10.341259
13.372	9.944201
13.373	9.004361
13.374	7.806206
13.375	6.258465
13.376	3.789026
13.377	0.296237
13.378	-3.067009
13.379	-4.685225
13.38	-3.976238
13.381	-1.846852
13.382	0.327157
13.383	1.856584
13.384	2.612703
13.385	2.516121
13.386	1.811009
13.387	1.139971
13.388	0.870256
13.389	0.749991
13.39	0.202704
13.391	-1.311248
13.392	-3.979315
13.393	-7.335576
13.394	-10.254576
13.395	-11.506692
13.396	-10.618135
13.397	-8.300137
13.398	-5.969461
13.399	-4.828065
13.4	-5.385269
13.401	-7.387037
13.402	-9.784116
13.403	-11.277802
13.404	-11.367318
13.405	-10.588111
13.406	-9.74214
13.407	-9.213101
13.408	-8.931539
13.409	-8.749098
13.41	-8.69997
13.411	-8.773102
13.412	-8.389011
13.413	-6.453301
13.414	-2.468404
13.415	2.663678
13.416	7.486367
13.417	11.118448
13.418	13.182737
13.419	13.424941
13.42	11.884941
13.421	9.121681
13.422	6.134679
13.423	4.05498
13.424	3.515571
13.425	4.17594
13.426	5.175374
13.427	5.987099
13.428	6.641223
13.429	7.322921
13.43	7.949184
13.431	8.133394
13.432	7.49988
13.433	5.955502
13.434	3.638504
13.435	0.871479
13.436	-1.582035
13.437	-2.735991
13.438	-2.332325
13.439	-1.078674
13.44	0.148507
13.441	0.847429
13.442	1.023452
13.443	1.175598
13.444	1.770793
13.445	2.710422
13.446	3.544877
13.447	3.996538
13.448	4.065919
13.449	3.806087
13.45	3.292042
13.451	2.842882
13.452	2.937373
13.453	3.670512
13.454	4.561662
13.455	4.89039
13.456	4.010397
13.457	1.942086
13.458	-0.253386
13.459	-1.398951
13.46	-1.158498
13.461	0.03143
13.462	1.141065
13.463	1.114485
13.464	-0.08868
13.465	-1.540525
13.466	-2.359117
13.467	-2.339697
13.468	-1.897878
13.469	-1.572174
13.47	-1.526611
13.471	-1.432826
13.472	-0.915459
13.473	-0.32689
13.474	-0.656506
13.475	-2.224327
13.476	-4.069735
13.477	-5.11142
13.478	-5.309798
13.479	-5.202997
13.48	-4.741577
13.481	-3.351004
13.482	-1.113976
13.483	1.012596
13.484	2.178843
13.485	2.210459
13.486	1.579845
13.487	1.009705
13.488	0.767615
13.489	0.57799
13.49	0.251366
13.491	0.112652
13.492	0.692774
13.493	1.913417
13.494	2.833968
13.495	2.461776
13.496	0.729376
13.497	-1.413395
13.498	-2.89925
13.499	-3.308787
13.5	-2.679662
13.501	-1.255752
13.502	0.232102
13.503	0.870285
13.504	0.47264
13.505	-0.367971
13.506	-0.950118
13.507	-0.963514
13.508	-0.660834
13.509	-0.525333
13.51	-0.692813
13.511	-0.746064
13.512	-0.195234
13.513	0.642925
13.514	0.659698
13.515	-0.670581
13.516	-2.49859
13.517	-3.701167
13.518	-4.172062
13.519	-4.448921
13.52	-4.441832
13.521	-3.324977
13.522	-0.919373
13.523	1.594793
13.524	2.855607
13.525	2.638306
13.526	1.786052
13.527	1.198528
13.528	1.022213
13.529	0.845271
13.53	0.47897
13.531	0.327629
13.532	0.901043
13.533	1.861361
13.534	2.005225
13.535	0.675748
13.536	-1.344471
13.537	-2.832735
13.538	-3.449678
13.539	-3.553582
13.54	-3.129439
13.541	-1.700288
13.542	0.576892
13.543	2.532392
13.544	3.118188
13.545	2.416125
13.546	1.381595
13.547	0.847168
13.548	0.816259
13.549	0.754388
13.55	0.394233
13.551	0.058763
13.552	0.16436
13.553	0.416904
13.554	-0.048517
13.555	-1.441557
13.556	-2.858697
13.557	-3.412503
13.558	-3.233956
13.559	-2.969186
13.56	-2.681646
13.561	-1.770743
13.562	0.016315
13.563	1.983634
13.564	3.12027
13.565	3.060528
13.566	2.360018
13.567	1.844654
13.568	1.710685
13.569	1.55003
13.57	1.14417
13.571	0.863962
13.572	1.151946
13.573	1.643445
13.574	1.332429
13.575	-0.096196
13.576	-1.751273
13.577	-2.648984
13.578	-2.757019
13.579	-2.612789
13.58	-2.308716
13.581	-1.374354
13.582	0.323731
13.583	2.075629
13.584	2.956787
13.585	2.708777
13.586	1.953058
13.587	1.509204
13.588	1.49704
13.589	1.416619
13.59	0.988414
13.591	0.541521
13.592	0.507832
13.593	0.637084
13.594	0.166034
13.595	-1.060703
13.596	-2.248841
13.597	-2.663153
13.598	-2.444268
13.599	-2.159838
13.6	-1.893075
13.601	-1.16945
13.602	0.226283
13.603	1.756327
13.604	2.616772
13.605	2.512616
13.606	1.935099
13.607	1.605525
13.608	1.624735
13.609	1.523051
13.61	1.069216
13.611	0.644013
13.612	0.711008
13.613	1.003847
13.614	0.689329
13.615	-0.472634
13.616	-1.722655
13.617	-2.280294
13.618	-2.192975
13.619	-1.962563
13.62	-1.691717
13.621	-0.980492
13.622	0.345806
13.623	1.773042
13.624	2.535051
13.625	2.353577
13.626	1.728321
13.627	1.391399
13.628	1.441899
13.629	1.384031
13.63	0.944338
13.631	0.451788
13.632	0.334418
13.633	0.386104
13.634	-0.047111
13.635	-1.065224
13.636	-1.97788
13.637	-2.204744
13.638	-1.921435
13.639	-1.657382
13.64	-1.544263
13.641	-1.180894
13.642	-0.212638
13.643	1.139084
13.644	2.186175
13.645	2.3972
13.646	1.996914
13.647	1.688213
13.648	1.689438
13.649	1.585242
13.65	1.104535
13.651	0.536961
13.652	0.278719
13.653	0.16611
13.654	-0.333645
13.655	-1.246841
13.656	-1.956938
13.657	-2.011799
13.658	-1.632167
13.659	-1.330076
13.66	-1.250609
13.661	-1.013109
13.662	-0.199298
13.663	1.011242
13.664	1.846592
13.665	1.846136
13.666	1.489006
13.667	1.465408
13.668	1.73434
13.669	1.752853
13.67	1.276072
13.671	0.631445
13.672	0.239287
13.673	-0.006297
13.674	-0.54167
13.675	-1.350951
13.676	-1.887563
13.677	-1.798202
13.678	-1.333099
13.679	-0.989839
13.68	-0.937098
13.681	-0.843962
13.682	-0.262665
13.683	0.756887
13.684	1.54535
13.685	1.624054
13.686	1.383139
13.687	1.443223
13.688	1.748208
13.689	1.775695
13.69	1.305617
13.691	0.681468
13.692	0.333012
13.693	0.16134
13.694	-0.274944
13.695	-0.998889
13.696	-1.519322
13.697	-1.491671
13.698	-1.109536
13.699	-0.813906
13.7	-0.788209
13.701	-0.771981
13.702	-0.346138
13.703	0.50849
13.704	1.219251
13.705	1.328345
13.706	1.165311
13.707	1.286599
13.708	1.621928
13.709	1.667343
13.71	1.21495
13.711	0.602393
13.712	0.251557
13.713	0.077501
13.714	-0.328039
13.715	-0.972413
13.716	-1.392164
13.717	-1.291332
13.718	-0.887125
13.719	-0.624608
13.72	-0.72464
13.721	-0.972575
13.722	-0.881388
13.723	-0.235446
13.724	0.533634
13.725	0.905928
13.726	1.021692
13.727	1.301758
13.728	1.675799
13.729	1.711683
13.73	1.251144
13.731	0.631632
13.732	0.259335
13.733	0.068717
13.734	-0.300852
13.735	-0.853166
13.736	-1.186532
13.737	-1.058225
13.738	-0.670646
13.739	-0.417552
13.74	-0.501569
13.741	-0.742129
13.742	-0.687649
13.743	-0.109902
13.744	0.595005
13.745	0.914374
13.746	0.973641
13.747	1.194553
13.748	1.530386
13.749	1.568561
13.75	1.142354
13.751	0.555927
13.752	0.191591
13.753	0.013479
13.754	-0.282439
13.755	-0.711643
13.756	-0.958865
13.757	-0.834593
13.758	-0.503044
13.759	-0.280433
13.76	-0.326703
13.761	-0.480751
13.762	-0.349069
13.763	0.24123
13.764	0.866442
13.765	1.025171
13.766	0.894084
13.767	0.961453
13.768	1.225462
13.769	1.2803
13.77	0.938147
13.771	0.472069
13.772	0.236168
13.773	0.176358
13.774	-0.02784
13.775	-0.418308
13.776	-0.700628
13.777	-0.67065
13.778	-0.438873
13.779	-0.264496
13.78	-0.296578
13.781	-0.426819
13.782	-0.336358
13.783	0.131092
13.784	0.628636
13.785	0.739058
13.786	0.627941
13.787	0.723774
13.788	1.013238
13.789	1.113005
13.79	0.829024
13.791	0.389143
13.792	0.113977
13.793	-0.014026
13.794	-0.231151
13.795	-0.539899
13.796	-0.694258
13.797	-0.567092
13.798	-0.29399
13.799	-0.106529
13.8	-0.140759
13.801	-0.325928
13.802	-0.384238
13.803	-0.122382
13.804	0.236559
13.805	0.362836
13.806	0.366646
13.807	0.564241
13.808	0.908784
13.809	1.052527
13.81	0.830232
13.811	0.466591
13.812	0.263216
13.813	0.182882
13.814	-0.02254
13.815	-0.350174
13.816	-0.539584
13.817	-0.453759
13.818	-0.212879
13.819	-0.025768
13.82	-0.032424
13.821	-0.22079
13.822	-0.390393
13.823	-0.344203
13.824	-0.17448
13.825	-0.080473
13.826	0.027406
13.827	0.352089
13.828	0.787694
13.829	0.993262
13.83	0.801529
13.831	0.402677
13.832	0.085289
13.833	-0.116157
13.834	-0.332156
13.835	-0.52855
13.836	-0.54026
13.837	-0.336369
13.838	-0.055493
13.839	0.139487
13.84	0.14666
13.841	-0.029443
13.842	-0.219538
13.843	-0.236057
13.844	-0.150411
13.845	-0.135046
13.846	-0.081105
13.847	0.225937
13.848	0.681107
13.849	0.925533
13.85	0.7487
13.851	0.291573
13.852	-0.155177
13.853	-0.467619
13.854	-0.668649
13.855	-0.716275
13.856	-0.543076
13.857	-0.21318
13.858	0.117474
13.859	0.324759
13.86	0.333105
13.861	0.117264
13.862	-0.211887
13.863	-0.458942
13.864	-0.566327
13.865	-0.573882
13.866	-0.393799
13.867	0.064256
13.868	0.621803
13.869	0.923235
13.87	0.775638
13.871	0.324413
13.872	-0.131823
13.873	-0.442181
13.874	-0.605796
13.875	-0.596524
13.876	-0.391735
13.877	-0.0814
13.878	0.197391
13.879	0.366656
13.88	0.382626
13.881	0.208621
13.882	-0.090664
13.883	-0.360177
13.884	-0.540059
13.885	-0.632789
13.886	-0.51357
13.887	-0.073887
13.888	0.505699
13.889	0.845849
13.89	0.715372
13.891	0.233241
13.892	-0.280097
13.893	-0.600549
13.894	-0.676428
13.895	-0.526353
13.896	-0.223484
13.897	0.094201
13.898	0.311292
13.899	0.388197
13.9	0.289756
13.901	-0.013043
13.902	-0.339751
13.903	-0.253026
13.904	0.394789
13.905	1.008744
13.906	1.032309
13.907	0.778712
13.908	0.744527
13.909	0.834622
13.91	0.740224
13.911	0.465898
13.912	0.241012
13.913	0.162612
13.914	0.147331
13.915	0.144049
13.916	0.169226
13.917	0.207357
13.918	0.226184
13.919	0.219157
13.92	0.144358
13.921	-0.067698
13.922	-0.295631
13.923	-0.152
13.924	0.483779
13.925	1.016179
13.926	0.925318
13.927	0.585195
13.928	0.531926
13.929	0.65917
13.93	0.60988
13.931	0.342819
13.932	0.085135
13.933	-0.012664
13.934	0.021033
13.935	0.119797
13.936	0.228693
13.937	0.283537
13.938	0.266366
13.939	0.223102
13.94	0.152183
13.941	-0.023379
13.942	-0.234842
13.943	-0.15148
13.944	0.352918
13.945	0.77407
13.946	0.667012
13.947	0.372725
13.948	0.355311
13.949	0.49018
13.95	0.472952
13.951	0.361602
13.952	0.415029
13.953	0.624763
13.954	0.723427
13.955	0.593424
13.956	0.367287
13.957	0.197968
13.958	0.145684
13.959	0.191783
13.96	0.189059
13.961	-0.079666
13.962	-0.563849
13.963	-0.79252
13.964	-0.432997
13.965	0.137828
13.966	0.377539
13.967	0.363065
13.968	0.417175
13.969	0.494884
13.97	0.402318
13.971	0.201165
13.972	0.116113
13.973	0.195048
13.974	0.287141
13.975	0.302014
13.976	0.276187
13.977	0.252736
13.978	0.259294
13.979	0.318968
13.98	0.347024
13.981	0.154447
13.982	-0.243346
13.983	-0.44697
13.984	-0.161758
13.985	0.266208
13.986	0.362151
13.987	0.259513
13.988	0.299661
13.989	0.417136
13.99	0.378483
13.991	0.213848
13.992	0.145432
13.993	0.242043
13.994	0.362978
13.995	0.399289
13.996	0.365381
13.997	0.305439
13.998	0.265875
13.999	0.291251
14.0	0.314162
14.001	0.152782
14.002	-0.184884
14.003	-0.321865
14.004	0.001307
14.005	0.409894
14.006	0.432981
14.007	0.233775
14.008	0.185978
14.009	0.248488
14.01	0.198675
14.011	0.061862
14.012	0.039643
14.013	0.173573
14.014	0.313769
14.015	0.36497
14.016	0.349455
14.017	0.299948
14.018	0.255359
14.019	0.276404
14.02	0.325715
14.021	0.239295
14.022	0.005371
14.023	-0.057777
14.024	0.253727
14.025	0.561171
14.026	0.442105
14.027	0.123719
14.028	0.021988
14.029	0.10166
14.03	0.121542
14.031	0.080959
14.032	0.153819
14.033	0.349621
14.034	0.491927
14.035	0.490265
14.036	0.401062
14.037	0.288169
14.038	0.204052
14.039	0.212705
14.04	0.271305
14.041	0.192627
14.042	-0.075411
14.043	-0.239971
14.044	-0.054693
14.045	0.203748
14.046	0.158213
14.047	-0.033553
14.048	-0.036732
14.049	0.094229
14.05	0.110835
14.051	-0.019979
14.052	-0.127364
14.053	-0.108128
14.054	-0.002534
14.055	0.132673
14.056	0.255284
14.057	0.315422
14.058	0.323198
14.059	0.359024
14.06	0.411535
14.061	0.307878
14.062	-0.015262
14.063	-0.280578
14.064	-0.215549
14.065	-0.016859
14.066	-0.017315
14.067	-0.118033
14.068	-0.059697
14.069	0.100647
14.07	0.15578
14.071	0.103652
14.072	0.105828
14.073	0.202886
14.074	0.289073
14.075	0.318328
14.076	0.322271
14.077	0.304416
14.078	0.275062
14.079	0.294466
14.08	0.343414
14.081	0.254273
14.082	-0.034968
14.083	-0.260219
14.084	-0.170246
14.085	0.023228
14.086	-0.011484
14.087	-0.159237
14.088	-0.139808
14.089	0.003817
14.09	0.061776
14.091	0.011556
14.092	-0.002977
14.093	0.071863
14.094	0.164656
14.095	0.239805
14.096	0.302036
14.097	0.322077
14.098	0.298092
14.099	0.300974
14.1	0.333744
14.101	0.245167
14.102	-0.038731
14.103	-0.295586
14.104	-0.285955
14.105	-0.155073
14.106	-0.17388
14.107	-0.263081
14.108	-0.205785
14.109	-0.054203
14.11	-0.005287
14.111	-0.087604
14.112	-0.161151
14.113	-0.13642
14.114	-0.032549
14.115	0.118773
14.116	0.272852
14.117	0.351304
14.118	0.33762
14.119	0.31892
14.12	0.329352
14.121	0.247479
14.122	0.00868
14.123	-0.1854
14.124	-0.131522
14.125	-0.00151
14.126	-0.068854
14.127	-0.234749
14.128	-0.25089
14.129	-0.13836
14.13	-0.0769
14.131	-0.101509
14.132	-0.102016
14.133	-0.027167
14.134	0.08268
14.135	0.205179
14.136	0.320368
14.137	0.366195
14.138	0.330551
14.139	0.301315
14.14	0.307083
14.141	0.196841
14.142	-0.1587
14.143	-0.617763
14.144	-0.896661
14.145	-0.89629
14.146	-0.736121
14.147	-0.523963
14.148	-0.287159
14.149	-0.097918
14.15	-0.068316
14.151	-0.199704
14.152	-0.364538
14.153	-0.435534
14.154	-0.346766
14.155	-0.097237
14.156	0.211605
14.157	0.420846
14.158	0.473272
14.159	0.45538
14.16	0.404084
14.161	0.176843
14.162	-0.321358
14.163	-0.872059
14.164	-1.119916
14.165	-0.974033
14.166	-0.64693
14.167	-0.340563
14.168	-0.100448
14.169	0.045525
14.17	0.020804
14.171	-0.189701
14.172	-0.476638
14.173	-0.66389
14.174	-0.601445
14.175	-0.269387
14.176	0.171199
14.177	0.493401
14.178	0.610071
14.179	0.616073
14.18	0.580811
14.181	0.397759
14.182	-0.020058
14.183	-0.496384
14.184	-0.74104
14.185	-0.685852
14.186	-0.49739
14.187	-0.305017
14.188	-0.110391
14.189	0.060081
14.19	0.118089
14.191	0.045552
14.192	-0.068935
14.193	-0.124739
14.194	-0.064356
14.195	0.114537
14.196	0.327298
14.197	0.441624
14.198	0.418752
14.199	0.367341
14.2	0.392287
14.201	0.468648
14.202	0.577658
14.203	0.835633
14.204	1.209845
14.205	1.267392
14.206	0.717419
14.207	-0.044139
14.208	-0.454516
14.209	-0.433305
14.21	-0.205052
14.211	0.105726
14.212	0.479828
14.213	0.799108
14.214	0.895844
14.215	0.768367
14.216	0.541297
14.217	0.292373
14.218	0.071252
14.219	-0.026815
14.22	0.033238
14.221	0.113918
14.222	0.05067
14.223	-0.144752
14.224	-0.353673
14.225	-0.535258
14.226	-0.698477
14.227	-0.769987
14.228	-0.662374
14.229	-0.438583
14.23	-0.265396
14.231	-0.219402
14.232	-0.239371
14.233	-0.238069
14.234	-0.159153
14.235	0.016135
14.236	0.216801
14.237	0.312732
14.238	0.271711
14.239	0.213944
14.24	0.235052
14.241	0.244842
14.242	0.101903
14.243	-0.163557
14.244	-0.403162
14.245	-0.556709
14.246	-0.654065
14.247	-0.667095
14.248	-0.533948
14.249	-0.305113
14.25	-0.109679
14.251	0.017408
14.252	0.145353
14.253	0.284888
14.254	0.35765
14.255	0.334206
14.256	0.268132
14.257	0.205457
14.258	0.172771
14.259	0.210539
14.26	0.284018
14.261	0.230312
14.262	-0.03596
14.263	-0.362503
14.264	-0.559789
14.265	-0.631578
14.266	-0.671637
14.267	-0.660011
14.268	-0.517294
14.269	-0.287867
14.27	-0.121548
14.271	-0.091401
14.272	-0.138552
14.273	-0.175143
14.274	-0.133648
14.275	0.025475
14.276	0.240195
14.277	0.358501
14.278	0.3132
14.279	0.209917
14.28	0.155539
14.281	0.082676
14.282	-0.126123
14.283	-0.415421
14.284	-0.613006
14.285	-0.662825
14.286	-0.640329
14.287	-0.5662
14.288	-0.392625
14.289	-0.165345
14.29	-0.029737
14.291	-0.059793
14.292	-0.185047
14.293	-0.277784
14.294	-0.23177
14.295	-0.01495
14.296	0.265257
14.297	0.418106
14.298	0.367278
14.299	0.234331
14.3	0.154924
14.301	0.090318
14.302	-0.060664
14.303	-0.243813
14.304	-0.306479
14.305	-0.236555
14.306	-0.177055
14.307	-0.200706
14.308	-0.240014
14.309	-0.247541
14.31	-0.250869
14.311	-0.239204
14.312	-0.159377
14.313	-0.026643
14.314	0.098054
14.315	0.203595
14.316	0.293485
14.317	0.326913
14.318	0.28984
14.319	0.250315
14.32	0.229287
14.321	0.103948
14.322	-0.191869
14.323	-0.472675
14.324	-0.510144
14.325	-0.350196
14.326	-0.228953
14.327	-0.242307
14.328	-0.288602
14.329	-0.285672
14.33	-0.244984
14.331	-0.152414
14.332	0.02736
14.333	0.229158
14.334	0.343888
14.335	0.367048
14.336	0.352871
14.337	0.300219
14.338	0.206063
14.339	0.138937
14.34	0.120883
14.341	0.027378
14.342	-0.219197
14.343	-0.456451
14.344	-0.479552
14.345	-0.338635
14.346	-0.250768
14.347	-0.285296
14.348	-0.325185
14.349	-0.29563
14.35	-0.2374
14.351	-0.172986
14.352	-0.074167
14.353	0.046907
14.354	0.149539
14.355	0.233598
14.356	0.29688
14.357	0.290348
14.358	0.207044
14.359	0.140736
14.36	0.144818
14.361	0.115097
14.362	-0.037129
14.363	-0.201291
14.364	-0.230777
14.365	-0.182828
14.366	-0.219422
14.367	-0.341986
14.368	-0.404447
14.369	-0.345718
14.37	-0.231371
14.371	-0.099993
14.372	0.060139
14.373	0.20746
14.374	0.279712
14.375	0.294526
14.376	0.289568
14.377	0.239055
14.378	0.137822
14.379	0.073429
14.38	0.089995
14.381	0.068651
14.382	-0.09657
14.383	-0.29704
14.384	-0.359406
14.385	-0.30913
14.386	-0.305917
14.387	-0.374441
14.388	-0.390543
14.389	-0.302134
14.39	-0.178366
14.391	-0.06417
14.392	0.050049
14.393	0.139178
14.394	0.17415
14.395	0.194111
14.396	0.225313
14.397	0.215397
14.398	0.143734
14.399	0.099281
14.4	0.138014
14.401	0.148292
14.402	0.010649
14.403	-0.192945
14.404	-0.297423
14.405	-0.302601
14.406	-0.331067
14.407	-0.392971
14.408	-0.381492
14.409	-0.276658
14.41	-0.179497
14.411	-0.152618
14.412	-0.160698
14.413	-0.154372
14.414	-0.10124
14.415	0.020893
14.416	0.167818
14.417	0.236321
14.418	0.199239
14.419	0.163233
14.42	0.205005
14.421	0.225976
14.422	0.112011
14.423	-0.054866
14.424	-0.11733
14.425	-0.093851
14.426	-0.133583
14.427	-0.261911
14.428	-0.355098
14.429	-0.353211
14.43	-0.320127
14.431	-0.305085
14.432	-0.290754
14.433	-0.258355
14.434	-0.193348
14.435	-0.070057
14.436	0.083484
14.437	0.175085
14.438	0.175985
14.439	0.181168
14.44	0.251451
14.441	0.280832
14.442	0.161652
14.443	-0.013478
14.444	-0.084028
14.445	-0.070516
14.446	-0.116448
14.447	-0.235847
14.448	-0.304844
14.449	-0.277088
14.45	-0.232486
14.451	-0.227673
14.452	-0.237814
14.453	-0.22944
14.454	-0.179708
14.455	-0.06458
14.456	0.083758
14.457	0.174005
14.458	0.178762
14.459	0.189248
14.46	0.26143
14.461	0.285719
14.462	0.151589
14.463	-0.046338
14.464	-0.137528
14.465	-0.130029
14.466	-0.161983
14.467	-0.255066
14.468	-0.299741
14.469	-0.252905
14.47	-0.179236
14.471	-0.116843
14.472	-0.051606
14.473	-0.003239
14.474	0.008602
14.475	0.032378
14.476	0.094969
14.477	0.135234
14.478	0.118509
14.479	0.119222
14.48	0.186662
14.481	0.216492
14.482	0.103207
14.483	-0.06782
14.484	-0.144816
14.485	-0.142426
14.486	-0.18457
14.487	-0.277155
14.488	-0.313388
14.489	-0.268669
14.49	-0.228916
14.491	-0.240048
14.492	-0.259726
14.493	-0.247377
14.494	-0.188662
14.495	-0.068262
14.496	0.082708
14.497	0.173736
14.498	0.170357
14.499	0.156771
14.5	0.190517
14.501	0.174706
14.502	0.014139
14.503	-0.189561
14.504	-0.262225
14.505	-0.209587
14.506	-0.180261
14.507	-0.220088
14.508	-0.241023
14.509	-0.20526
14.51	-0.169526
14.511	-0.158877
14.512	-0.139597
14.513	-0.104955
14.514	-0.063596
14.515	0.011466
14.516	0.115735
14.517	0.171423
14.518	0.142394
14.519	0.110912
14.52	0.138874
14.521	0.137047
14.522	0.010092
14.523	-0.15561
14.524	-0.206706
14.525	-0.157089
14.526	-0.146229
14.527	-0.207869
14.528	-0.24819
14.529	-0.225545
14.53	-0.192016
14.531	-0.171022
14.532	-0.133755
14.533	-0.080349
14.534	-0.024146
14.535	0.054952
14.536	0.145732
14.537	0.174211
14.538	0.117356
14.539	0.067323
14.54	0.088044
14.541	0.089554
14.542	-0.022506
14.543	-0.161624
14.544	-0.184099
14.545	-0.118563
14.546	-0.109139
14.547	-0.184607
14.548	-0.243195
14.549	-0.235739
14.55	-0.214644
14.551	-0.21369
14.552	-0.209149
14.553	-0.181928
14.554	-0.117898
14.555	0.00031
14.556	0.13098
14.557	0.179625
14.558	0.12711
14.559	0.07853
14.56	0.107369
14.561	0.127856
14.562	0.042486
14.563	-0.074505
14.564	-0.093731
14.565	-0.046133
14.566	-0.064342
14.567	-0.16337
14.568	-0.233004
14.569	-0.222536
14.57	-0.189992
14.571	-0.181014
14.572	-0.179904
14.573	-0.160424
14.574	-0.098834
14.575	0.017518
14.576	0.139082
14.577	0.17568
14.578	0.118332
14.579	0.076524
14.58	0.122437
14.581	0.168545
14.582	0.112952
14.583	0.016171
14.584	-0.008287
14.585	0.007727
14.586	-0.052778
14.587	-0.185057
14.588	-0.266272
14.589	-0.240732
14.59	-0.160134
14.591	-0.066477
14.592	0.032492
14.593	0.10201
14.594	0.117009
14.595	0.117359
14.596	0.128995
14.597	0.106757
14.598	0.03848
14.599	0.013485
14.6	0.088338
14.601	0.166594
14.602	0.138011
14.603	0.052091
14.604	0.01501
14.605	0.000772
14.606	-0.087763
14.607	-0.225791
14.608	-0.289152
14.609	-0.243896
14.61	-0.176956
14.611	-0.160697
14.612	-0.189883
14.613	-0.220743
14.614	-0.19771
14.615	-0.090126
14.616	0.046784
14.617	0.10951
14.618	0.082724
14.619	0.076131
14.62	0.165459
14.621	0.262446
14.622	0.248229
14.623	0.154458
14.624	0.080633
14.625	0.016887
14.626	-0.106439
14.627	-0.250704
14.628	-0.300522
14.629	-0.23299
14.63	-0.129009
14.631	-0.045315
14.632	0.012527
14.633	0.027477
14.634	0.003147
14.635	0.000767
14.636	0.040708
14.637	0.057406
14.638	0.023341
14.639	0.019887
14.64	0.100683
14.641	0.166684
14.642	0.102749
14.643	-0.037122
14.644	-0.120294
14.645	-0.139221
14.646	-0.181264
14.647	-0.245985
14.648	-0.247358
14.649	-0.173881
14.65	-0.111477
14.651	-0.117311
14.652	-0.170064
14.653	-0.223908
14.654	-0.226185
14.655	-0.134599
14.656	0.009516
14.657	0.09643
14.658	0.089795
14.659	0.084413
14.66	0.15605
14.661	0.223394
14.662	0.167931
14.663	0.022216
14.664	-0.086928
14.665	-0.129889
14.666	-0.17451
14.667	-0.224717
14.668	-0.211472
14.669	-0.136692
14.67	-0.09273
14.671	-0.137364
14.672	-0.238668
14.673	-0.324628
14.674	-0.319061
14.675	-0.184159
14.676	0.011108
14.677	0.130171
14.678	0.126313
14.679	0.102525
14.68	0.152728
14.681	0.212702
14.682	0.169198
14.683	0.044109
14.684	-0.051709
14.685	-0.095282
14.686	-0.148133
14.687	-0.204562
14.688	-0.192553
14.689	-0.117872
14.69	-0.078078
14.691	-0.132668
14.692	-0.244866
14.693	-0.330421
14.694	-0.305438
14.695	-0.144682
14.696	0.059537
14.697	0.160548
14.698	0.12095
14.699	0.061915
14.7	0.095894
14.701	0.172954
14.702	0.182076
14.703	0.124287
14.704	0.067195
14.705	0.004339
14.706	-0.106193
14.707	-0.214307
14.708	-0.224106
14.709	-0.1469
14.71	-0.097376
14.711	-0.144248
14.712	-0.246089
14.713	-0.311314
14.714	-0.260295
14.715	-0.082276
14.716	0.120133
14.717	0.201656
14.718	0.130691
14.719	0.02254
14.72	-0.035915
14.721	-0.113405
14.722	-0.270264
14.723	-0.37089
14.724	-0.247749
14.725	0.017719
14.726	0.171872
14.727	0.108205
14.728	-0.059133
14.729	-0.196735
14.73	-0.251417
14.731	-0.186491
14.732	-0.007134
14.733	0.167642
14.734	0.21595
14.735	0.157285
14.736	0.081472
14.737	0.022083
14.738	-0.010686
14.739	0.023446
14.74	0.097506
14.741	0.067866
14.742	-0.116913
14.743	-0.266676
14.744	-0.18745
14.745	0.034559
14.746	0.150658
14.747	0.07415
14.748	-0.073487
14.749	-0.184558
14.75	-0.257597
14.751	-0.297994
14.752	-0.286147
14.753	-0.235971
14.754	-0.176403
14.755	-0.101616
14.756	-0.013556
14.757	0.043805
14.758	0.063559
14.759	0.117915
14.76	0.228904
14.761	0.280929
14.762	0.193549
14.763	0.081581
14.764	0.092029
14.765	0.173291
14.766	0.157038
14.767	0.013525
14.768	-0.131914
14.769	-0.202598
14.77	-0.229737
14.771	-0.237698
14.772	-0.213822
14.773	-0.171268
14.774	-0.132626
14.775	-0.082725
14.776	-0.015789
14.777	0.02895
14.778	0.045778
14.779	0.1032
14.78	0.216774
14.781	0.264408
14.782	0.162878
14.783	0.032416
14.784	0.029424
14.785	0.107638
14.786	0.101768
14.787	-0.016753
14.788	-0.129241
14.789	-0.168956
14.79	-0.17219
14.791	-0.165311
14.792	-0.141294
14.793	-0.12074
14.794	-0.118977
14.795	-0.098637
14.796	-0.041213
14.797	0.009263
14.798	0.036417
14.799	0.101738
14.8	0.221153
14.801	0.274013
14.802	0.169128
14.803	0.016012
14.804	-0.021543
14.805	0.036088
14.806	0.041646
14.807	-0.041826
14.808	-0.120699
14.809	-0.14788
14.81	-0.16467
14.811	-0.18818
14.812	-0.188904
14.813	-0.166443
14.814	-0.13901
14.815	-0.092971
14.816	-0.025966
14.817	0.020917
14.818	0.039119
14.819	0.09694
14.82	0.225501
14.821	0.325412
14.822	0.304055
14.823	0.224413
14.824	0.18931
14.825	0.166947
14.826	0.065001
14.827	-0.091634
14.828	-0.196513
14.829	-0.227254
14.83	-0.248639
14.831	-0.282631
14.832	-0.288191
14.833	-0.249598
14.834	-0.186108
14.835	-0.105005
14.836	-0.021062
14.837	0.024524
14.838	0.030182
14.839	0.069714
14.84	0.178646
14.841	0.263991
14.842	0.237043
14.843	0.160152
14.844	0.142595
14.845	0.160396
14.846	0.108511
14.847	-0.007306
14.848	-0.070143
14.849	-0.019941
14.85	0.108352
14.851	0.281541
14.852	0.467405
14.853	0.572453
14.854	0.525464
14.855	0.378571
14.856	0.217612
14.857	0.059162
14.858	-0.086861
14.859	-0.15367
14.86	-0.114836
14.861	-0.070132
14.862	-0.11225
14.863	-0.183581
14.864	-0.18796
14.865	-0.156432
14.866	-0.175462
14.867	-0.220901
14.868	-0.196472
14.869	-0.093713
14.87	0.003897
14.871	0.047133
14.872	0.053865
14.873	0.044989
14.874	0.037862
14.875	0.05935
14.876	0.094041
14.877	0.079791
14.878	0.005774
14.879	-0.048235
14.88	-0.036424
14.881	-0.041634
14.882	-0.141749
14.883	-0.261692
14.884	-0.280163
14.885	-0.212331
14.886	-0.162132
14.887	-0.144968
14.888	-0.093334
14.889	-0.006463
14.89	0.032562
14.891	-0.020756
14.892	-0.120536
14.893	-0.189288
14.894	-0.170789
14.895	-0.059532
14.896	0.075613
14.897	0.135016
14.898	0.095809
14.899	0.039684
14.9	0.020464
14.901	-0.030474
14.902	-0.172272
14.903	-0.312527
14.904	-0.318513
14.905	-0.208611
14.906	-0.109742
14.907	-0.065303
14.908	-0.017391
14.909	0.052082
14.91	0.092796
14.911	0.082114
14.912	0.047881
14.913	0.015807
14.914	0.008853
14.915	0.051236
14.916	0.115702
14.917	0.125796
14.918	0.059419
14.919	-0.006521
14.92	-0.016945
14.921	-0.036252
14.922	-0.132224
14.923	-0.237751
14.924	-0.241373
14.925	-0.157981
14.926	-0.093093
14.927	-0.075732
14.928	-0.047451
14.929	0.008645
14.93	0.04508
14.931	0.042324
14.932	0.028007
14.933	0.025132
14.934	0.048182
14.935	0.10443
14.936	0.155571
14.937	0.133947
14.938	0.036269
14.939	-0.049015
14.94	-0.062646
14.941	-0.064059
14.942	-0.117914
14.943	-0.169834
14.944	-0.141563
14.945	-0.071851
14.946	-0.052007
14.947	-0.078965
14.948	-0.076854
14.949	-0.031006
14.95	-0.003167
14.951	-0.02968
14.952	-0.08293
14.953	-0.11079
14.954	-0.069463
14.955	0.038868
14.956	0.140286
14.957	0.145985
14.958	0.055616
14.959	-0.033608
14.96	-0.05922
14.961	-0.077475
14.962	-0.14184
14.963	-0.186867
14.964	-0.138437
14.965	-0.050615
14.966	-0.026025
14.967	-0.061222
14.968	-0.068687
14.969	-0.013399
14.97	0.069157
14.971	0.15731
14.972	0.247661
14.973	0.30819
14.974	0.309993
14.975	0.268391
14.976	0.19779
14.977	0.082022
14.978	-0.059995
14.979	-0.141569
14.98	-0.111232
14.981	-0.034757
14.982	0.003664
14.983	0.012239
14.984	0.0255
14.985	0.010861
14.986	-0.070834
14.987	-0.164474
14.988	-0.174129
14.989	-0.094874
14.99	-0.009867
14.991	0.016825
14.992	-0.014398
14.993	-0.057661
14.994	-0.052406
14.995	0.019373
14.996	0.094621
14.997	0.088687
14.998	0.003566
14.999	-0.063159
15.0	-0.050365
15.001	-0.019173
15.002	-0.039361
15.003	-0.072045
15.004	-0.056472
15.005	-0.029327
15.006	-0.062425
15.007	-0.141638
15.008	-0.199734
15.009	-0.217331
15.01	-0.19849
15.011	-0.106429
15.012	0.068899
15.013	0.226141
15.014	0.24594
15.015	0.136148
15.016	0.003473
15.017	-0.068205
15.018	-0.048317
15.019	0.058682
15.02	0.168799
15.021	0.133626
15.022	-0.066223
15.023	-0.230326
15.024	-0.180843
15.025	-0.00492
15.026	0.081008
15.027	0.032468
15.028	-0.015782
15.029	0.013672
15.03	0.060885
15.031	0.051385
15.032	-0.019962
15.033	-0.104317
15.034	-0.131405
15.035	-0.065878
15.036	0.035607
15.037	0.074253
15.038	0.031029
15.039	-0.008494
15.04	0.020608
15.041	0.065043
15.042	0.044621
15.043	-0.024124
15.044	-0.076662
15.045	-0.107504
15.046	-0.141503
15.047	-0.148455
15.048	-0.080263
15.049	0.035502
15.05	0.115734
15.051	0.116944
15.052	0.05977
15.053	-0.009071
15.054	-0.03624
15.055	0.005719
15.056	0.071814
15.057	0.080643
15.058	0.018419
15.059	-0.037216
15.06	-0.032989
15.061	-0.02464
15.062	-0.080614
15.063	-0.166204
15.064	-0.202407
15.065	-0.185048
15.066	-0.160992
15.067	-0.127422
15.068	-0.048926
15.069	0.052914
15.07	0.109938
15.071	0.091659
15.072	0.025426
15.073	-0.039053
15.074	-0.04996
15.075	0.011761
15.076	0.092348
15.077	0.10597
15.078	0.036563
15.079	-0.03707
15.08	-0.051899
15.081	-0.046719
15.082	-0.080431
15.083	-0.129777
15.084	-0.141007
15.085	-0.124892
15.086	-0.12132
15.087	-0.113952
15.088	-0.060562
15.089	0.024803
15.09	0.092005
15.091	0.130834
15.092	0.160769
15.093	0.178788
15.094	0.179792
15.095	0.178745
15.096	0.165339
15.097	0.095949
15.098	-0.028645
15.099	-0.130623
15.1	-0.150956
15.101	-0.12916
15.102	-0.127009
15.103	-0.133843
15.104	-0.117671
15.105	-0.102586
15.106	-0.11944
15.107	-0.134108
15.108	-0.093159
15.109	-0.006106
15.11	0.07468
15.111	0.1249
15.112	0.142828
15.113	0.126106
15.114	0.10441
15.115	0.118686
15.116	0.141673
15.117	0.097623
15.118	-0.024368
15.119	-0.140655
15.12	-0.184914
15.121	-0.189036
15.122	-0.198924
15.123	-0.188542
15.124	-0.133814
15.125	-0.085269
15.126	-0.089946
15.127	-0.109342
15.128	-0.077245
15.129	0.00435
15.13	0.081886
15.131	0.129166
15.132	0.152919
15.133	0.158979
15.134	0.161232
15.135	0.174637
15.136	0.169112
15.137	0.087676
15.138	-0.05922
15.139	-0.1688
15.14	-0.158356
15.141	-0.06056
15.142	0.036752
15.143	0.087466
15.144	0.080065
15.145	0.005891
15.146	-0.10764
15.147	-0.175923
15.148	-0.133018
15.149	-0.018601
15.15	0.058405
15.151	0.029609
15.152	-0.082169
15.153	-0.184347
15.154	-0.178961
15.155	-0.052814
15.156	0.089847
15.157	0.121257
15.158	0.0278
15.159	-0.072995
15.16	-0.070571
15.161	0.021359
15.162	0.116306
15.163	0.158671
15.164	0.129712
15.165	0.024049
15.166	-0.117194
15.167	-0.193647
15.168	-0.133152
15.169	0.02324
15.17	0.171424
15.171	0.251224
15.172	0.260853
15.173	0.208709
15.174	0.113508
15.175	0.022979
15.176	-0.026064
15.177	-0.040858
15.178	-0.029053
15.179	0.028005
15.18	0.102271
15.181	0.090709
15.182	-0.039699
15.183	-0.156265
15.184	-0.121686
15.185	0.018066
15.186	0.10817
15.187	0.091904
15.188	0.03569
15.189	-0.002532
15.19	-0.012694
15.191	0.019832
15.192	0.095907
15.193	0.158426
15.194	0.152594
15.195	0.09543
15.196	0.033029
15.197	-0.016826
15.198	-0.0412
15.199	-0.010585
15.2	0.053994
15.201	0.051336
15.202	-0.061589
15.203	-0.170248
15.204	-0.149225
15.205	-0.037304
15.206	0.034745
15.207	0.028346
15.208	0.003795
15.209	-0.00133
15.21	0.00931
15.211	0.052089
15.212	0.135958
15.213	0.203387
15.214	0.193647
15.215	0.124962
15.216	0.048965
15.217	-0.017145
15.218	-0.063463
15.219	-0.053078
15.22	0.013459
15.221	0.052888
15.222	0.009083
15.223	-0.053171
15.224	-0.050442
15.225	-0.009599
15.226	-0.008678
15.227	-0.046365
15.228	-0.063146
15.229	-0.04458
15.23	-0.011328
15.231	0.049883
15.232	0.145421
15.233	0.209193
15.234	0.182662
15.235	0.103318
15.236	0.034106
15.237	-0.021216
15.238	-0.073618
15.239	-0.096627
15.24	-0.092585
15.241	-0.134424
15.242	-0.244337
15.243	-0.313806
15.244	-0.246393
15.245	-0.103083
15.246	-0.010848
15.247	0.004997
15.248	0.002957
15.249	0.002312
15.25	-0.021083
15.251	-0.054575
15.252	-0.058118
15.253	-0.029843
15.254	0.006597
15.255	0.043111
15.256	0.068343
15.257	0.051742
15.258	-0.007123
15.259	-0.052808
15.26	-0.056833
15.261	-0.073026
15.262	-0.134147
15.263	-0.168736
15.264	-0.109235
15.265	-0.008649
15.266	0.037095
15.267	0.022448
15.268	0.007493
15.269	0.01154
15.27	0.017804
15.271	0.043826
15.272	0.102117
15.273	0.130913
15.274	0.079292
15.275	-0.001518
15.276	-0.044151
15.277	-0.056086
15.278	-0.060551
15.279	-0.032822
15.28	0.031696
15.281	0.059824
15.282	0.004423
15.283	-0.063654
15.284	-0.058489
15.285	-0.008152
15.286	0.005428
15.287	-0.021672
15.288	-0.03574
15.289	-0.030181
15.29	-0.038439
15.291	-0.056454
15.292	-0.056923
15.293	-0.049611
15.294	-0.052146
15.295	-0.046537
15.296	-0.022785
15.297	-0.011658
15.298	-0.026412
15.299	-0.023948
15.3	0.015865
15.301	0.030834
15.302	-0.0251
15.303	-0.089333
15.304	-0.078919
15.305	-0.015492
15.306	0.020406
15.307	0.01481
15.308	0.009852
15.309	0.004184
15.31	-0.044929
15.311	-0.14018
15.312	-0.235771
15.313	-0.286882
15.314	-0.263803
15.315	-0.162778
15.316	-0.034299
15.317	0.043072
15.318	0.04714
15.319	0.036199
15.32	0.050596
15.321	0.04447
15.322	-0.018852
15.323	-0.074342
15.324	-0.045329
15.325	0.034772
15.326	0.076628
15.327	0.062569
15.328	0.039431
15.329	0.024888
15.33	0.006055
15.331	0.001687
15.332	0.036449
15.333	0.082384
15.334	0.100724
15.335	0.096522
15.336	0.081521
15.337	0.039637
15.338	-0.026139
15.339	-0.065747
15.34	-0.057732
15.341	-0.058917
15.342	-0.105043
15.343	-0.12956
15.344	-0.067425
15.345	0.031421
15.346	0.074015
15.347	0.051202
15.348	0.020914
15.349	0.009137
15.35	0.004353
15.351	0.017205
15.352	0.060208
15.353	0.100238
15.354	0.104409
15.355	0.087824
15.356	0.066061
15.357	0.019966
15.358	-0.048721
15.359	-0.085822
15.36	-0.063508
15.361	-0.034448
15.362	-0.040571
15.363	-0.037593
15.364	0.017128
15.365	0.076464
15.366	0.072601
15.367	0.020828
15.368	-0.011948
15.369	-0.008634
15.37	-0.003068
15.371	-0.011003
15.372	-0.021647
15.373	-0.0242
15.374	-0.008211
15.375	0.0275
15.376	0.053999
15.377	0.033249
15.378	-0.024328
15.379	-0.056022
15.38	-0.036112
15.381	-0.021662
15.382	-0.051014
15.383	-0.068331
15.384	-0.018882
15.385	0.053647
15.386	0.072686
15.387	0.043041
15.388	0.029082
15.389	0.051093
15.39	0.078498
15.391	0.093212
15.392	0.093037
15.393	0.068944
15.394	0.030248
15.395	0.010681
15.396	0.013649
15.397	0.001126
15.398	-0.034146
15.399	-0.038094
15.4	0.021687
15.401	0.093818
15.402	0.121989
15.403	0.12329
15.404	0.126578
15.405	0.104934
15.406	0.033972
15.407	-0.038326
15.408	-0.045885
15.409	0.008668
15.41	0.076004
15.411	0.128267
15.412	0.153807
15.413	0.133211
15.414	0.076058
15.415	0.027899
15.416	0.004032
15.417	-0.024551
15.418	-0.06288
15.419	-0.068666
15.42	-0.031144
15.421	-0.017768
15.422	-0.074565
15.423	-0.139653
15.424	-0.133585
15.425	-0.074164
15.426	-0.02712
15.427	0.002382
15.428	0.050281
15.429	0.106269
15.43	0.117278
15.431	0.058105
15.432	-0.043974
15.433	-0.133917
15.434	-0.156991
15.435	-0.099269
15.436	-0.012232
15.437	0.034732
15.438	0.030675
15.439	0.028771
15.44	0.057712
15.441	0.065665
15.442	0.005147
15.443	-0.077191
15.444	-0.103533
15.445	-0.071246
15.446	-0.028577
15.447	0.014427
15.448	0.076675
15.449	0.140505
15.45	0.162674
15.451	0.131455
15.452	0.068627
15.453	0.002388
15.454	-0.033307
15.455	-0.016802
15.456	0.025864
15.457	0.04084
15.458	0.013889
15.459	-0.010809
15.46	-0.005913
15.461	-0.012522
15.462	-0.06616
15.463	-0.124186
15.464	-0.1258
15.465	-0.079153
15.466	-0.030202
15.467	0.015198
15.468	0.074835
15.469	0.130521
15.47	0.14581
15.471	0.12084
15.472	0.082471
15.473	0.047708
15.474	0.030602
15.475	0.042864
15.476	0.064239
15.477	0.050688
15.478	-0.006152
15.479	-0.057636
15.48	-0.068643
15.481	-0.069733
15.482	-0.093728
15.483	-0.113155
15.484	-0.092892
15.485	-0.052899
15.486	-0.026341
15.487	-0.001488
15.488	0.045931
15.489	0.099527
15.49	0.127459
15.491	0.13154
15.492	0.125597
15.493	0.10632
15.494	0.083904
15.495	0.082456
15.496	0.088237
15.497	0.054286
15.498	-0.028584
15.499	-0.110337
15.5	-0.155475
15.501	-0.189117
15.502	-0.226471
15.503	-0.221886
15.504	-0.148272
15.505	-0.056796
15.506	-0.002953
15.507	0.023877
15.508	0.06017
15.509	0.107578
15.51	0.151315
15.511	0.200613
15.512	0.256844
15.513	0.283461
15.514	0.259371
15.515	0.20807
15.516	0.143398
15.517	0.047321
15.518	-0.07312
15.519	-0.158453
15.52	-0.163158
15.521	-0.11301
15.522	-0.058352
15.523	-0.014518
15.524	0.014417
15.525	0.010145
15.526	-0.022448
15.527	-0.036841
15.528	0.001977
15.529	0.068393
15.53	0.108182
15.531	0.099368
15.532	0.057346
15.533	0.014104
15.534	0.007887
15.535	0.049859
15.536	0.092256
15.537	0.06877
15.538	-0.021937
15.539	-0.103578
15.54	-0.111781
15.541	-0.063524
15.542	-0.011154
15.543	0.023742
15.544	0.037694
15.545	0.020597
15.546	-0.018229
15.547	-0.031564
15.548	0.019483
15.549	0.116622
15.55	0.215083
15.551	0.293279
15.552	0.339987
15.553	0.338425
15.554	0.293388
15.555	0.231092
15.556	0.154894
15.557	0.04347
15.558	-0.090923
15.559	-0.183651
15.56	-0.189452
15.561	-0.139497
15.562	-0.089621
15.563	-0.056953
15.564	-0.042555
15.565	-0.05834
15.566	-0.091203
15.567	-0.08387
15.568	0.004879
15.569	0.146161
15.57	0.280333
15.571	0.376086
15.572	0.420393
15.573	0.399879
15.574	0.328099
15.575	0.241472
15.576	0.146584
15.577	0.021276
15.578	-0.120658
15.579	-0.210763
15.58	-0.201283
15.581	-0.131447
15.582	-0.078415
15.583	-0.072762
15.584	-0.100866
15.585	-0.145357
15.586	-0.174212
15.587	-0.131127
15.588	0.006076
15.589	0.180161
15.59	0.303019
15.591	0.329301
15.592	0.269717
15.593	0.172716
15.594	0.106109
15.595	0.101804
15.596	0.110541
15.597	0.057369
15.598	-0.059883
15.599	-0.155745
15.6	-0.150315
15.601	-0.058092
15.602	0.038432
15.603	0.070985
15.604	0.016624
15.605	-0.100141
15.606	-0.197816
15.607	-0.178485
15.608	-0.019922
15.609	0.19865
15.61	0.379154
15.611	0.481553
15.612	0.499292
15.613	0.416257
15.614	0.246675
15.615	0.061251
15.616	-0.075414
15.617	-0.148791
15.618	-0.165475
15.619	-0.13548
15.62	-0.112462
15.621	-0.181628
15.622	-0.333988
15.623	-0.424826
15.624	-0.339741
15.625	-0.139439
15.626	0.028629
15.627	0.100496
15.628	0.109222
15.629	0.096299
15.63	0.096501
15.631	0.158776
15.632	0.283343
15.633	0.374161
15.634	0.340147
15.635	0.20287
15.636	0.050649
15.637	-0.060932
15.638	-0.119885
15.639	-0.128053
15.64	-0.125097
15.641	-0.182497
15.642	-0.296607
15.643	-0.352398
15.644	-0.264602
15.645	-0.093025
15.646	0.042015
15.647	0.098829
15.648	0.11175
15.649	0.113545
15.65	0.135821
15.651	0.23186
15.652	0.397974
15.653	0.515389
15.654	0.472427
15.655	0.296907
15.656	0.097699
15.657	-0.058398
15.658	-0.156556
15.659	-0.195267
15.66	-0.209393
15.661	-0.267573
15.662	-0.367955
15.663	-0.400964
15.664	-0.290022
15.665	-0.102537
15.666	0.040557
15.667	0.100851
15.668	0.116111
15.669	0.120569
15.67	0.140527
15.671	0.219245
15.672	0.353291
15.673	0.446337
15.674	0.411861
15.675	0.272318
15.676	0.105906
15.677	-0.040503
15.678	-0.14727
15.679	-0.199625
15.68	-0.225404
15.681	-0.292507
15.682	-0.397343
15.683	-0.424942
15.684	-0.297052
15.685	-0.087677
15.686	0.071995
15.687	0.138291
15.688	0.154791
15.689	0.167374
15.69	0.206955
15.691	0.306985
15.692	0.44958
15.693	0.535503
15.694	0.482712
15.695	0.314591
15.696	0.115599
15.697	-0.046267
15.698	-0.129214
15.699	-0.119919
15.7	-0.076969
15.701	-0.107104
15.702	-0.229981
15.703	-0.321357
15.704	-0.258481
15.705	-0.075617
15.706	0.08957
15.707	0.157701
15.708	0.146896
15.709	0.102936
15.71	0.074694
15.711	0.117375
15.712	0.226704
15.713	0.302648
15.714	0.255795
15.715	0.109506
15.716	-0.0462
15.717	-0.147475
15.718	-0.169727
15.719	-0.108377
15.72	-0.003711
15.721	0.061464
15.722	0.052531
15.723	0.0322
15.724	0.066893
15.725	0.133198
15.726	0.165353
15.727	0.144309
15.728	0.094331
15.729	0.031603
15.73	-0.035174
15.731	-0.079662
15.732	-0.084506
15.733	-0.070167
15.734	-0.066159
15.735	-0.081018
15.736	-0.107607
15.737	-0.13026
15.738	-0.119762
15.739	-0.051763
15.74	0.044864
15.741	0.098245
15.742	0.091893
15.743	0.096282
15.744	0.158819
15.745	0.232081
15.746	0.247323
15.747	0.197354
15.748	0.122508
15.749	0.0611
15.75	0.042914
15.751	0.087171
15.752	0.159545
15.753	0.178186
15.754	0.103385
15.755	-0.023712
15.756	-0.139376
15.757	-0.203513
15.758	-0.191355
15.759	-0.098847
15.76	0.022281
15.761	0.092894
15.762	0.108099
15.763	0.142193
15.764	0.223237
15.765	0.288386
15.766	0.278799
15.767	0.20698
15.768	0.120188
15.769	0.043715
15.77	-0.021224
15.771	-0.075227
15.772	-0.11477
15.773	-0.134733
15.774	-0.140695
15.775	-0.153935
15.776	-0.184908
15.777	-0.208287
15.778	-0.174364
15.779	-0.050263
15.78	0.14579
15.781	0.376034
15.782	0.654662
15.783	1.00236
15.784	1.283061
15.785	1.248134
15.786	0.86093
15.787	0.385932
15.788	0.071635
15.789	-0.051351
15.79	-0.065233
15.791	-0.046871
15.792	-0.04415
15.793	-0.073434
15.794	-0.127836
15.795	-0.196677
15.796	-0.263069
15.797	-0.285939
15.798	-0.212495
15.799	-0.028376
15.8	0.202946
15.801	0.374968
15.802	0.434239
15.803	0.416114
15.804	0.374047
15.805	0.320587
15.806	0.252081
15.807	0.181459
15.808	0.122289
15.809	0.065101
15.81	-0.02442
15.811	-0.182374
15.812	-0.388764
15.813	-0.545187
15.814	-0.566294
15.815	-0.47569
15.816	-0.358601
15.817	-0.249698
15.818	-0.116313
15.819	0.074393
15.82	0.315912
15.821	0.603724
15.822	0.991771
15.823	1.496355
15.824	1.885513
15.825	1.797248
15.826	1.222153
15.827	0.568893
15.828	0.165408
15.829	-0.001692
15.83	-0.115274
15.831	-0.321856
15.832	-0.607583
15.833	-0.803811
15.834	-0.779384
15.835	-0.590788
15.836	-0.381615
15.837	-0.212303
15.838	-0.048477
15.839	0.149276
15.84	0.379106
15.841	0.636909
15.842	0.964398
15.843	1.361863
15.844	1.63005
15.845	1.504741
15.846	1.027074
15.847	0.528101
15.848	0.232099
15.849	0.089537
15.85	-0.091179
15.851	-0.464846
15.852	-0.970588
15.853	-1.315922
15.854	-1.264635
15.855	-0.887123
15.856	-0.4312
15.857	-0.056736
15.858	0.212954
15.859	0.362468
15.86	0.297399
15.861	-0.057762
15.862	-0.559405
15.863	-0.848412
15.864	-0.659182
15.865	-0.093394
15.866	0.483393
15.867	0.789423
15.868	0.812321
15.869	0.703509
15.87	0.583692
15.871	0.459453
15.872	0.291909
15.873	0.09611
15.874	-0.071708
15.875	-0.186181
15.876	-0.254212
15.877	-0.27094
15.878	-0.188943
15.879	0.109557
15.88	0.795533
15.881	1.926407
15.882	3.187701
15.883	3.922988
15.884	3.614561
15.885	2.344528
15.886	0.769785
15.887	-0.388936
15.888	-0.873516
15.889	-0.904332
15.89	-0.855689
15.891	-0.999849
15.892	-1.329543
15.893	-1.555322
15.894	-1.421454
15.895	-0.989927
15.896	-0.51929
15.897	-0.176531
15.898	0.011673
15.899	-0.018829
15.9	-0.473213
15.901	-1.483771
15.902	-2.711153
15.903	-3.346594
15.904	-2.778821
15.905	-1.243049
15.906	0.362575
15.907	1.300762
15.908	1.494974
15.909	1.26863
15.91	0.830551
15.911	0.155375
15.912	-0.677329
15.913	-1.285836
15.914	-1.324206
15.915	-0.855996
15.916	-0.249366
15.917	0.183307
15.918	0.414395
15.919	0.729719
15.92	1.584198
15.921	3.21183
15.922	5.12291
15.923	6.162417
15.924	5.469211
15.925	3.328402
15.926	0.869732
15.927	-0.927978
15.928	-1.765014
15.929	-1.685444
15.93	-0.563366
15.931	1.768904
15.932	4.854541
15.933	7.344498
15.934	7.741414
15.935	5.621658
15.936	2.077058
15.937	-1.186273
15.938	-2.999044
15.939	-2.926699
15.94	-0.95324
15.941	2.400074
15.942	5.736739
15.943	7.162517
15.944	5.614723
15.945	1.980947
15.946	-1.596185
15.947	-3.629333
15.948	-4.059688
15.949	-3.569878
15.95	-2.870963
15.951	-2.432111
15.952	-2.333151
15.953	-2.275944
15.954	-1.954922
15.955	-1.441459
15.956	-1.062126
15.957	-0.981431
15.958	-1.116277
15.959	-1.475384
15.96	-2.415107
15.961	-4.263749
15.962	-6.56585
15.963	-8.110077
15.964	-7.845523
15.965	-5.62066
15.966	-2.49103
15.967	-0.178294
15.968	0.484461
15.969	0.123048
15.97	-0.543606
15.971	-1.752719
15.972	-3.696617
15.973	-5.197524
15.974	-4.60228
15.975	-1.849454
15.976	1.399561
15.977	3.585456
15.978	4.376435
15.979	4.126834
15.98	2.951992
15.981	0.659185
15.982	-2.396581
15.983	-4.76963
15.984	-4.851538
15.985	-2.458141
15.986	0.83755
15.987	3.12286
15.988	3.758377
15.989	3.434914
15.99	2.801099
15.991	1.653973
15.992	-0.159209
15.993	-1.786153
15.994	-2.072056
15.995	-0.853323
15.996	0.948154
15.997	2.320331
15.998	2.893319
15.999	2.759012
16.0	1.920341
16.001	0.24143
16.002	-1.932717
16.003	-3.454561
16.004	-3.184069
16.005	-1.176119
16.006	1.219516
16.007	2.575626
16.008	2.590554
16.009	1.954102
16.01	1.11161
16.011	-0.293627
16.012	-2.355176
16.013	-3.980861
16.014	-3.826938
16.015	-1.849114
16.016	0.659823
16.017	2.420519
16.018	3.072059
16.019	2.845965
16.02	1.850807
16.021	-0.006213
16.022	-2.345346
16.023	-3.945469
16.024	-3.579567
16.025	-1.279081
16.026	1.543923
16.027	3.368482
16.028	3.768171
16.029	3.275776
16.03	2.360543
16.031	0.981361
16.032	-0.763617
16.033	-2.117867
16.034	-2.263669
16.035	-1.175592
16.036	0.401579
16.037	1.666028
16.038	2.278208
16.039	2.268294
16.04	1.675158
16.041	0.532792
16.042	-0.744616
16.043	-1.341992
16.044	-0.741749
16.045	0.71006
16.046	2.146101
16.047	2.969454
16.048	3.160639
16.049	2.967212
16.05	2.556807
16.051	1.975868
16.052	1.280837
16.053	0.611209
16.054	0.130397
16.055	-0.068988
16.056	-0.012551
16.057	0.167235
16.058	0.327086
16.059	0.435264
16.06	0.601931
16.061	1.019976
16.062	1.841173
16.063	2.910985
16.064	3.609435
16.065	3.375143
16.066	2.424442
16.067	1.484078
16.068	0.975006
16.069	0.840978
16.07	0.891956
16.071	0.989898
16.072	0.998064
16.073	0.787635
16.074	0.376398
16.075	-0.051096
16.076	-0.321383
16.077	-0.415799
16.078	-0.42908
16.079	-0.431335
16.08	-0.365587
16.081	-0.0345
16.082	0.765248
16.083	1.894621
16.084	2.692561
16.085	2.582478
16.086	1.789299
16.087	0.988783
16.088	0.545067
16.089	0.46782
16.09	0.770385
16.091	1.508348
16.092	2.459799
16.093	3.017286
16.094	2.671106
16.095	1.539865
16.096	0.231706
16.097	-0.733932
16.098	-1.194764
16.099	-1.126049
16.1	-0.394728
16.101	1.079722
16.102	2.857483
16.103	3.935195
16.104	3.566691
16.105	2.035338
16.106	0.337893
16.107	-0.747576
16.108	-1.09492
16.109	-0.883444
16.11	-0.102868
16.111	1.374439
16.112	3.194474
16.113	4.346105
16.114	4.011312
16.115	2.419768
16.116	0.528042
16.117	-0.917362
16.118	-1.751983
16.119	-2.069685
16.12	-1.823375
16.121	-0.816286
16.122	0.896192
16.123	2.565633
16.124	3.048094
16.125	2.032089
16.126	0.511705
16.127	-0.427704
16.128	-0.597827
16.129	-0.357986
16.13	-0.017607
16.131	0.282087
16.132	0.40974
16.133	0.23779
16.134	-0.148993
16.135	-0.461928
16.136	-0.523368
16.137	-0.448058
16.138	-0.498875
16.139	-0.848383
16.14	-1.444658
16.141	-2.008778
16.142	-2.173463
16.143	-1.746531
16.144	-0.895818
16.145	-0.013259
16.146	0.605795
16.147	0.909523
16.148	1.012449
16.149	1.091897
16.15	1.34007
16.151	1.854705
16.152	2.428515
16.153	2.576635
16.154	2.013735
16.155	1.024444
16.156	0.159802
16.157	-0.337219
16.158	-0.630117
16.159	-0.886986
16.16	-0.945401
16.161	-0.46922
16.162	0.52776
16.163	1.462694
16.164	1.703642
16.165	1.21206
16.166	0.505697
16.167	0.107882
16.168	0.124875
16.169	0.222648
16.17	-0.13176
16.171	-1.280285
16.172	-2.929818
16.173	-4.152586
16.174	-4.114428
16.175	-2.795261
16.176	-0.924908
16.177	0.60662
16.178	1.204313
16.179	0.710025
16.18	-0.604868
16.181	-2.091021
16.182	-2.903397
16.183	-2.484291
16.184	-1.052927
16.185	0.555341
16.186	1.613555
16.187	1.983675
16.188	2.008014
16.189	2.167966
16.19	2.847883
16.191	4.096255
16.192	5.394166
16.193	5.951556
16.194	5.351155
16.195	3.75666
16.196	1.827983
16.197	0.521887
16.198	0.537853
16.199	1.733732
16.2	3.064633
16.201	3.403043
16.202	2.455044
16.203	0.492901
16.204	-2.231398
16.205	-5.190882
16.206	-7.477364
16.207	-8.479407
16.208	-8.176887
16.209	-6.814466
16.21	-4.641972
16.211	-1.804175
16.212	1.467123
16.213	4.480155
16.214	6.530266
16.215	7.740199
16.216	8.740347
16.217	9.721945
16.218	10.287959
16.219	9.958202
16.22	8.511174
16.221	5.931143
16.222	2.500114
16.223	-0.833767
16.224	-2.945897
16.225	-3.703124
16.226	-3.922614
16.227	-4.292971
16.228	-4.902663
16.229	-5.508536
16.23	-5.786822
16.231	-5.318151
16.232	-3.808912
16.233	-1.657419
16.234	0.299371
16.235	1.785703
16.236	3.087198
16.237	4.272054
16.238	5.210756
16.239	5.976537
16.24	6.367349
16.241	5.419898
16.242	2.338839
16.243	-2.168081
16.244	-6.148498
16.245	-8.224374
16.246	-8.653184
16.247	-8.445573
16.248	-8.185981
16.249	-7.864308
16.25	-7.167242
16.251	-5.606494
16.252	-2.847004
16.253	0.536086
16.254	2.984667
16.255	3.162619
16.256	1.115989
16.257	-1.861119
16.258	-4.25521
16.259	-4.956199
16.26	-3.43201
16.261	-0.397579
16.262	1.918859
16.263	1.431588
16.264	-1.711168
16.265	-5.433124
16.266	-7.95771
16.267	-8.947179
16.268	-8.769598
16.269	-7.66134
16.27	-5.670843
16.271	-2.819553
16.272	0.582613
16.273	3.477447
16.274	4.493394
16.275	3.160161
16.276	0.312214
16.277	-2.656205
16.278	-4.627511
16.279	-4.88997
16.28	-3.126208
16.281	-0.091956
16.282	2.22791
16.283	2.178924
16.284	-0.040758
16.285	-2.772987
16.286	-4.497633
16.287	-4.887244
16.288	-4.477228
16.289	-3.722678
16.29	-2.596156
16.291	-0.886226
16.292	1.144164
16.293	2.444951
16.294	2.002153
16.295	-0.009566
16.296	-2.422165
16.297	-4.290204
16.298	-5.368605
16.299	-5.487828
16.3	-4.13119
16.301	-1.137258
16.302	2.388093
16.303	4.479716
16.304	3.986691
16.305	1.719888
16.306	-0.461908
16.307	-1.50943
16.308	-1.596664
16.309	-1.200468
16.31	-0.512036
16.311	0.398403
16.312	1.183767
16.313	1.211178
16.314	0.139902
16.315	-1.633917
16.316	-3.330749
16.317	-4.446455
16.318	-4.864963
16.319	-4.448153
16.32	-2.873863
16.321	-0.185738
16.322	2.597685
16.323	3.970088
16.324	3.358829
16.325	1.696676
16.326	0.325722
16.327	-0.216907
16.328	-0.170626
16.329	0.104339
16.33	0.418484
16.331	0.611481
16.332	0.41997
16.333	-0.347341
16.334	-1.54693
16.335	-2.766262
16.336	-3.650175
16.337	-4.099279
16.338	-4.214993
16.339	-4.105497
16.34	-3.668979
16.341	-2.542425
16.342	-0.441303
16.343	2.215074
16.344	4.192541
16.345	4.536292
16.346	3.632269
16.347	2.592666
16.348	2.018392
16.349	1.792838
16.35	1.519107
16.351	0.85533
16.352	-0.241813
16.353	-1.460409
16.354	-2.427337
16.355	-3.013015
16.356	-3.2847
16.357	-3.310153
16.358	-3.128403
16.359	-2.813588
16.36	-2.406315
16.361	-1.745383
16.362	-0.490065
16.363	1.441253
16.364	3.389269
16.365	4.364863
16.366	4.148663
16.367	3.434811
16.368	2.862095
16.369	2.438387
16.37	1.719431
16.371	0.289953
16.372	-1.638765
16.373	-3.200761
16.374	-3.726386
16.375	-3.37438
16.376	-2.755276
16.377	-2.24268
16.378	-1.847185
16.379	-1.567482
16.38	-1.608769
16.381	-2.108139
16.382	-2.646185
16.383	-2.340282
16.384	-0.751806
16.385	1.460359
16.386	3.152488
16.387	3.783953
16.388	3.609864
16.389	3.072792
16.39	2.192337
16.391	0.598293
16.392	-1.6516
16.393	-3.597045
16.394	-4.1803
16.395	-3.38841
16.396	-2.182843
16.397	-1.361775
16.398	-0.963747
16.399	-0.726095
16.4	-0.621495
16.401	-0.747951
16.402	-0.830217
16.403	-0.197536
16.404	1.383683
16.405	3.094681
16.406	3.888764
16.407	3.654485
16.408	3.036811
16.409	2.566639
16.41	2.163336
16.411	1.291249
16.412	-0.189568
16.413	-1.579321
16.414	-2.129348
16.415	-1.900506
16.416	-1.511586
16.417	-1.329028
16.418	-1.20381
16.419	-0.918102
16.42	-0.632092
16.421	-0.675467
16.422	-0.903411
16.423	-0.604236
16.424	0.63869
16.425	2.204838
16.426	3.001926
16.427	2.624184
16.428	1.633846
16.429	0.878849
16.43	0.531992
16.431	-0.109852
16.432	-1.513589
16.433	-2.981308
16.434	-3.384239
16.435	-2.581458
16.436	-1.519319
16.437	-0.957798
16.438	-0.765037
16.439	-0.529802
16.44	-0.306159
16.441	-0.479189
16.442	-1.008662
16.443	-1.197548
16.444	-0.452953
16.445	0.968889
16.446	2.210238
16.447	2.676129
16.448	2.493925
16.449	2.136432
16.45	1.663009
16.451	0.614959
16.452	-1.098884
16.453	-2.623847
16.454	-2.954762
16.455	-2.142196
16.456	-1.202393
16.457	-0.837222
16.458	-0.816913
16.459	-0.68589
16.46	-0.576744
16.461	-1.030619
16.462	-2.038645
16.463	-2.66045
16.464	-1.969899
16.465	-0.220182
16.466	1.252732
16.467	1.361929
16.468	0.413383
16.469	-0.331083
16.47	-0.367495
16.471	-0.584443
16.472	-1.690025
16.473	-2.871935
16.474	-2.814683
16.475	-1.50462
16.476	-0.193431
16.477	0.252047
16.478	0.145222
16.479	0.130238
16.48	0.173232
16.481	-0.319896
16.482	-1.457412
16.483	-2.335842
16.484	-1.925283
16.485	-0.325665
16.486	1.182481
16.487	1.446844
16.488	0.685111
16.489	0.090867
16.49	0.100973
16.491	-0.195673
16.492	-1.414786
16.493	-2.598525
16.494	-2.411254
16.495	-0.977757
16.496	0.330114
16.497	0.659731
16.498	0.417546
16.499	0.322653
16.5	0.337307
16.501	-0.212769
16.502	-1.503267
16.503	-2.58839
16.504	-2.312078
16.505	-0.691877
16.506	0.953228
16.507	1.357441
16.508	0.664225
16.509	0.111341
16.51	0.252856
16.511	0.225572
16.512	-0.695212
16.513	-1.740618
16.514	-1.66517
16.515	-0.507048
16.516	0.515168
16.517	0.638298
16.518	0.288429
16.519	0.197016
16.52	0.359521
16.521	0.114408
16.522	-0.802391
16.523	-1.649862
16.524	-1.44584
16.525	-0.145245
16.526	1.251814
16.527	1.789261
16.528	1.564061
16.529	1.42335
16.53	1.665148
16.531	1.593662
16.532	0.71268
16.533	-0.342043
16.534	-0.633138
16.535	-0.188271
16.536	0.142741
16.537	-0.109279
16.538	-0.527557
16.539	-0.537274
16.54	-0.276839
16.541	-0.479233
16.542	-1.417644
16.543	-2.301952
16.544	-2.094442
16.545	-0.799374
16.546	0.387503
16.547	0.37574
16.548	-0.498552
16.549	-0.895834
16.55	-0.381936
16.551	-0.092682
16.552	-0.923024
16.553	-2.022795
16.554	-1.955536
16.555	-0.701119
16.556	0.429158
16.557	0.595545
16.558	0.242354
16.559	0.1605
16.56	0.380231
16.561	0.21217
16.562	-0.702379
16.563	-1.70323
16.564	-1.747766
16.565	-0.620278
16.566	0.74889
16.567	1.310057
16.568	1.071749
16.569	0.851885
16.57	0.880103
16.571	0.414827
16.572	-0.884922
16.573	-2.04468
16.574	-1.901556
16.575	-0.666424
16.576	0.358545
16.577	0.434411
16.578	0.04411
16.579	-0.04122
16.58	0.193232
16.581	0.081269
16.582	-0.685154
16.583	-1.442668
16.584	-1.271512
16.585	-0.095413
16.586	1.245455
16.587	1.963651
16.588	2.106518
16.589	2.250048
16.59	2.548625
16.591	2.484914
16.592	1.747188
16.593	0.81497
16.594	0.300038
16.595	0.146581
16.596	-0.156706
16.597	-0.781292
16.598	-1.289308
16.599	-1.193776
16.6	-0.624534
16.601	-0.232869
16.602	-0.361213
16.603	-0.5822
16.604	-0.290495
16.605	0.454121
16.606	0.934466
16.607	0.627654
16.608	-0.103998
16.609	-0.418752
16.61	-0.207989
16.611	-0.369417
16.612	-1.415883
16.613	-2.483975
16.614	-2.390525
16.615	-1.239443
16.616	-0.250215
16.617	-0.149684
16.618	-0.485191
16.619	-0.508434
16.62	-0.175934
16.621	-0.08907
16.622	-0.555098
16.623	-1.042129
16.624	-0.812668
16.625	0.090261
16.626	0.775946
16.627	0.505307
16.628	-0.367853
16.629	-0.79722
16.63	-0.548669
16.631	-0.617782
16.632	-1.61175
16.633	-2.58747
16.634	-2.285739
16.635	-0.888963
16.636	0.276646
16.637	0.462046
16.638	0.134966
16.639	0.025297
16.64	0.09641
16.641	-0.343105
16.642	-1.549627
16.643	-2.692174
16.644	-2.630839
16.645	-1.244622
16.646	0.323826
16.647	0.890463
16.648	0.54339
16.649	0.339464
16.65	0.644676
16.651	0.580199
16.652	-0.446987
16.653	-1.583382
16.654	-1.596203
16.655	-0.529171
16.656	0.441957
16.657	0.572386
16.658	0.239355
16.659	0.120183
16.66	0.225716
16.661	-0.032417
16.662	-0.884983
16.663	-1.65535
16.664	-1.475314
16.665	-0.441819
16.666	0.252876
16.667	-0.392375
16.668	-1.800483
16.669	-2.336716
16.67	-1.566645
16.671	-0.925487
16.672	-1.471212
16.673	-2.283259
16.674	-1.910745
16.675	-0.416963
16.676	0.868802
16.677	1.131214
16.678	0.779664
16.679	0.559559
16.68	0.560596
16.681	0.269853
16.682	-0.519087
16.683	-1.189824
16.684	-0.962785
16.685	0.074036
16.686	0.877628
16.687	0.567246
16.688	-0.454927
16.689	-0.995518
16.69	-0.837186
16.691	-1.087554
16.692	-2.273779
16.693	-3.213933
16.694	-2.562606
16.695	-0.664682
16.696	0.93764
16.697	1.369491
16.698	1.053329
16.699	0.741775
16.7	0.515603
16.701	-0.132686
16.702	-1.332759
16.703	-2.294022
16.704	-2.059162
16.705	-0.689222
16.706	0.614833
16.707	0.773944
16.708	0.108308
16.709	-0.156046
16.71	0.24739
16.711	0.18801
16.712	-1.000936
16.713	-2.271461
16.714	-2.172014
16.715	-0.733027
16.716	0.706296
16.717	1.20889
16.718	1.007786
16.719	0.713881
16.72	0.381469
16.721	-0.440977
16.722	-1.812655
16.723	-2.884163
16.724	-2.611671
16.725	-0.90157
16.726	1.203511
16.727	2.552498
16.728	2.944141
16.729	2.949499
16.73	2.807367
16.731	2.075452
16.732	0.61933
16.733	-0.740775
16.734	-1.094597
16.735	-0.527919
16.736	0.075724
16.737	0.090808
16.738	-0.28121
16.739	-0.318606
16.74	0.625683
16.741	2.708738
16.742	5.41823
16.743	7.623457
16.744	8.052589
16.745	6.341138
16.746	3.680137
16.747	1.82651
16.748	1.487897
16.749	2.012102
16.75	2.315442
16.751	1.812157
16.752	0.707292
16.753	-0.373929
16.754	-1.024042
16.755	-1.312431
16.756	-1.517092
16.757	-1.775387
16.758	-2.0357
16.759	-2.32304
16.76	-2.985511
16.761	-4.375208
16.762	-6.079054
16.763	-6.895486
16.764	-5.887778
16.765	-3.302888
16.766	-0.496604
16.767	1.1443
16.768	1.427533
16.769	1.223923
16.77	1.028558
16.771	0.381025
16.772	-0.968054
16.773	-2.19291
16.774	-2.263378
16.775	-1.164492
16.776	0.180472
16.777	0.933047
16.778	0.937135
16.779	0.424753
16.78	-0.526259
16.781	-1.979938
16.782	-3.663598
16.783	-5.072147
16.784	-6.120246
16.785	-7.112985
16.786	-8.162291
16.787	-9.056122
16.788	-9.568624
16.789	-9.635613
16.79	-9.130745
16.791	-7.501171
16.792	-4.053745
16.793	0.890673
16.794	5.625272
16.795	8.557079
16.796	9.565853
16.797	9.545872
16.798	9.315342
16.799	9.096352
16.8	8.422464
16.801	6.450286
16.802	2.947147
16.803	-0.972905
16.804	-3.792025
16.805	-5.068687
16.806	-5.296588
16.807	-4.818489
16.808	-3.444401
16.809	-0.794533
16.81	3.017921
16.811	6.855525
16.812	9.256674
16.813	9.849006
16.814	9.459102
16.815	9.013488
16.816	8.854764
16.817	8.850743
16.818	8.790888
16.819	8.660159
16.82	8.628285
16.821	8.84593
16.822	9.242215
16.823	9.499027
16.824	9.274297
16.825	8.524059
16.826	7.618603
16.827	7.070767
16.828	7.070479
16.829	7.345231
16.83	7.490212
16.831	7.252223
16.832	6.564133
16.833	5.531581
16.834	4.229069
16.835	2.39284
16.836	-0.256133
16.837	-3.042265
16.838	-4.26299
16.839	-2.860043
16.84	0.157814
16.841	2.674523
16.842	3.386209
16.843	2.144477
16.844	-0.606197
16.845	-3.802192
16.846	-6.017912
16.847	-6.503062
16.848	-5.634578
16.849	-4.195718
16.85	-2.426166
16.851	0.010639
16.852	2.919931
16.853	4.846425
16.854	4.24326
16.855	1.212148
16.856	-2.65097
16.857	-5.93605
16.858	-8.302384
16.859	-9.932483
16.86	-10.774188
16.861	-10.439665
16.862	-8.635306
16.863	-5.673874
16.864	-2.58782
16.865	-0.600257
16.866	-0.360706
16.867	-1.531854
16.868	-3.037717
16.869	-4.059214
16.87	-4.861368
16.871	-6.146519
16.872	-7.730174
16.873	-8.54582
16.874	-7.822164
16.875	-5.754014
16.876	-3.256483
16.877	-1.337096
16.878	-0.534335
16.879	-0.868728
16.88	-2.195287
16.881	-4.241804
16.882	-6.292234
16.883	-7.427468
16.884	-7.276162
16.885	-6.257826
16.886	-5.215678
16.887	-4.732825
16.888	-4.711296
16.889	-4.858757
16.89	-5.17303
16.891	-5.523598
16.892	-5.085269
16.893	-2.780812
16.894	1.36238
16.895	5.847354
16.896	9.124072
16.897	10.707143
16.898	10.806333
16.899	9.624268
16.9	7.134229
16.901	3.310178
16.902	-1.226651
16.903	-4.921005
16.904	-6.350759
16.905	-5.681841
16.906	-4.662858
16.907	-4.983085
16.908	-6.685229
16.909	-8.537038
16.91	-9.526699
16.911	-9.112399
16.912	-6.738084
16.913	-2.416012
16.914	2.593397
16.915	6.710885
16.916	9.338949
16.917	10.718343
16.918	11.099394
16.919	10.416496
16.92	8.360527
16.921	4.744269
16.922	0.217416
16.923	-3.577261
16.924	-5.318384
16.925	-5.4256
16.926	-5.408887
16.927	-5.941809
16.928	-6.415198
16.929	-6.165954
16.93	-5.268715
16.931	-4.13192
16.932	-2.696478
16.933	-0.43088
16.934	2.695125
16.935	5.929532
16.936	8.531496
16.937	10.128649
16.938	10.529134
16.939	9.81472
16.94	8.558722
16.941	7.594738
16.942	7.40768
16.943	7.853297
16.944	8.469485
16.945	8.894612
16.946	9.039383
16.947	9.026717
16.948	8.991476
16.949	8.890459
16.95	8.465825
16.951	7.360456
16.952	5.293737
16.953	2.338469
16.954	-0.754283
16.955	-2.800426
16.956	-3.195376
16.957	-2.532383
16.958	-1.996405
16.959	-2.328235
16.96	-3.374445
16.961	-4.282134
16.962	-4.014535
16.963	-2.039235
16.964	1.195085
16.965	4.546321
16.966	7.017434
16.967	8.301054
16.968	8.650993
16.969	8.44399
16.97	7.845632
16.971	6.62238
16.972	4.348108
16.973	1.13864
16.974	-2.014766
16.975	-3.959927
16.976	-4.325204
16.977	-3.690258
16.978	-2.864083
16.979	-1.985365
16.98	-0.515481
16.981	1.716145
16.982	3.880412
16.983	4.975685
16.984	4.825923
16.985	3.993351
16.986	3.216872
16.987	2.944307
16.988	3.061023
16.989	3.220294
16.99	3.473384
16.991	4.102165
16.992	4.694977
16.993	4.138984
16.994	1.964021
16.995	-0.926813
16.996	-3.193322
16.997	-4.251774
16.998	-4.258588
16.999	-3.314041
17.0	-1.382063
17.001	1.013843
17.002	2.832967
17.003	3.313148
17.004	2.367174
17.005	0.713772
17.006	-0.45807
17.007	-0.580878
17.008	-0.122929
17.009	0.258611
17.01	0.570476
17.011	1.307546
17.012	2.491504
17.013	3.274056
17.014	2.733757
17.015	0.868712
17.016	-1.395201
17.017	-3.158727
17.018	-4.132692
17.019	-4.198439
17.02	-3.196634
17.021	-1.501759
17.022	-0.022425
17.023	0.536933
17.024	0.033996
17.025	-1.0045
17.026	-1.643105
17.027	-1.473066
17.028	-0.95605
17.029	-0.654582
17.03	-0.488744
17.031	0.069381
17.032	1.096967
17.033	1.843591
17.034	1.477561
17.035	0.028471
17.036	-1.666978
17.037	-2.934099
17.038	-3.685117
17.039	-3.752104
17.04	-2.629098
17.041	-0.432136
17.042	1.580729
17.043	2.102503
17.044	1.031056
17.045	-0.543827
17.046	-1.400871
17.047	-1.259741
17.048	-0.763578
17.049	-0.53277
17.05	-0.480639
17.051	-0.109656
17.052	0.537557
17.053	0.63664
17.054	-0.331026
17.055	-1.753359
17.056	-2.662843
17.057	-2.894854
17.058	-2.933379
17.059	-2.843044
17.06	-2.019493
17.061	-0.256202
17.062	1.539005
17.063	2.186871
17.064	1.441127
17.065	0.165745
17.066	-0.551783
17.067	-0.451651
17.068	-0.115765
17.069	-0.028196
17.07	0.082834
17.071	0.829272
17.072	2.047711
17.073	2.580005
17.074	1.629994
17.075	-0.182018
17.076	-1.630325
17.077	-2.283033
17.078	-2.553539
17.079	-2.611947
17.08	-1.965289
17.081	-0.412849
17.082	1.210235
17.083	1.790536
17.084	1.095129
17.085	-0.051168
17.086	-0.631563
17.087	-0.450151
17.088	-0.114114
17.089	-0.101951
17.09	-0.147033
17.091	0.33302
17.092	1.196819
17.093	1.446151
17.094	0.503109
17.095	-0.948171
17.096	-1.853717
17.097	-2.037209
17.098	-2.075086
17.099	-2.175128
17.1	-1.780657
17.101	-0.532931
17.102	0.910878
17.103	1.516276
17.104	1.002862
17.105	0.082963
17.106	-0.329937
17.107	-0.083978
17.108	0.222493
17.109	0.122834
17.11	-0.141875
17.111	-0.022381
17.112	0.417274
17.113	0.403732
17.114	-0.455156
17.115	-1.515335
17.116	-1.934006
17.117	-1.740151
17.118	-1.621522
17.119	-1.818525
17.12	-1.716434
17.121	-0.759106
17.122	0.634337
17.123	1.475585
17.124	1.289167
17.125	0.575132
17.126	0.20012
17.127	0.386909
17.128	0.614936
17.129	0.469272
17.13	0.208811
17.131	0.332553
17.132	0.681367
17.133	0.484351
17.134	-0.505965
17.135	-1.540027
17.136	-1.819149
17.137	-1.460792
17.138	-1.189803
17.139	-1.256529
17.14	-1.079765
17.141	-0.157031
17.142	1.072069
17.143	1.672572
17.144	1.268978
17.145	0.433484
17.146	0.033297
17.147	0.241981
17.148	0.493824
17.149	0.373807
17.15	0.18793
17.151	0.489879
17.152	1.110457
17.153	1.162573
17.154	0.25784
17.155	-0.888557
17.156	-1.385953
17.157	-1.218044
17.158	-1.015059
17.159	-1.010672
17.16	-0.706095
17.161	0.236606
17.162	1.251814
17.163	1.46586
17.164	0.721414
17.165	-0.248515
17.166	-0.600343
17.167	-0.281242
17.168	0.057522
17.169	0.000604
17.17	-0.067863
17.171	0.511745
17.172	1.574247
17.173	2.026251
17.174	1.210769
17.175	-0.194619
17.176	-1.075104
17.177	-1.168782
17.178	-1.018731
17.179	-0.925117
17.18	-0.519326
17.181	0.433135
17.182	1.349614
17.183	1.421913
17.184	0.578153
17.185	-0.411705
17.186	-0.746761
17.187	-0.460121
17.188	-0.245688
17.189	-0.465652
17.19	-0.631599
17.191	-0.03592
17.192	1.11017
17.193	1.662039
17.194	0.96564
17.195	-0.303158
17.196	-1.071274
17.197	-1.110566
17.198	-0.96337
17.199	-0.920599
17.2	-0.602722
17.201	0.261663
17.202	1.138013
17.203	1.229385
17.204	0.438822
17.205	-0.483595
17.206	-0.741133
17.207	-0.378215
17.208	-0.124687
17.209	-0.411256
17.21	-0.838933
17.211	-0.718987
17.212	-0.078007
17.213	0.256115
17.214	-0.224951
17.215	-1.007252
17.216	-1.292246
17.217	-1.0147
17.218	-0.749769
17.219	-0.793405
17.22	-0.745221
17.221	-0.170414
17.222	0.662266
17.223	1.043784
17.224	0.663019
17.225	0.011308
17.226	-0.16884
17.227	0.166296
17.228	0.358912
17.229	-0.015283
17.23	-0.600792
17.231	-0.761041
17.232	-0.489009
17.233	-0.432628
17.234	-0.916672
17.235	-1.448426
17.236	-1.411376
17.237	-0.873642
17.238	-0.439919
17.239	-0.434162
17.24	-0.506564
17.241	-0.182128
17.242	0.444909
17.243	0.822051
17.244	0.623056
17.245	0.197033
17.246	0.163984
17.247	0.535685
17.248	0.688415
17.249	0.256929
17.25	-0.340966
17.251	-0.430959
17.252	-0.030941
17.253	0.121861
17.254	-0.383765
17.255	-1.060702
17.256	-1.217068
17.257	-0.82935
17.258	-0.452514
17.259	-0.414473
17.26	-0.372335
17.261	0.189313
17.262	1.143682
17.263	1.691134
17.264	1.310327
17.265	0.517869
17.266	0.217894
17.267	0.496089
17.268	0.650349
17.269	0.235677
17.27	-0.373113
17.271	-0.521166
17.272	-0.209606
17.273	-0.106371
17.274	-0.566693
17.275	-1.137975
17.276	-1.206904
17.277	-0.773437
17.278	-0.363194
17.279	-0.301139
17.28	-0.279217
17.281	0.23186
17.282	1.194787
17.283	1.845053
17.284	1.559691
17.285	0.757075
17.286	0.376064
17.287	0.58766
17.288	0.716239
17.289	0.29316
17.29	-0.339298
17.291	-0.546988
17.292	-0.31267
17.293	-0.244891
17.294	-0.664378
17.295	-1.158824
17.296	-1.17671
17.297	-0.723337
17.298	-0.288526
17.299	-0.197004
17.3	-0.182354
17.301	0.281294
17.302	1.208974
17.303	1.861326
17.304	1.587289
17.305	0.784273
17.306	0.403414
17.307	0.632847
17.308	0.791534
17.309	0.380083
17.31	-0.302386
17.311	-0.6471
17.312	-0.594526
17.313	-0.640019
17.314	-1.015417
17.315	-1.3392
17.316	-1.172643
17.317	-0.603783
17.318	-0.16161
17.319	-0.23288
17.32	-0.577477
17.321	-0.487954
17.322	0.378374
17.323	1.391748
17.324	1.633094
17.325	1.167523
17.326	0.876328
17.327	1.076814
17.328	1.192514
17.329	0.729149
17.33	-0.062171
17.331	-0.595482
17.332	-0.742978
17.333	-0.876882
17.334	-1.182201
17.335	-1.35961
17.336	-1.076399
17.337	-0.4387
17.338	0.073392
17.339	0.096787
17.34	-0.164071
17.341	-0.052755
17.342	0.753776
17.343	1.644606
17.344	1.745553
17.345	1.17219
17.346	0.836843
17.347	1.054179
17.348	1.217901
17.349	0.802247
17.35	0.052578
17.351	-0.423227
17.352	-0.482415
17.353	-0.525163
17.354	-0.797511
17.355	-1.042973
17.356	-0.907742
17.357	-0.414189
17.358	0.058248
17.359	0.203567
17.36	0.185779
17.361	0.516471
17.362	1.358022
17.363	2.050391
17.364	1.817243
17.365	0.939448
17.366	0.448847
17.367	0.670037
17.368	0.923481
17.369	0.601069
17.37	-0.088175
17.371	-0.516262
17.372	-0.498826
17.373	-0.425569
17.374	-0.589402
17.375	-0.805247
17.376	-0.745481
17.377	-0.385392
17.378	-0.030502
17.379	0.043287
17.38	-0.030309
17.381	0.237894
17.382	1.052132
17.383	1.795178
17.384	1.648987
17.385	0.816267
17.386	0.312525
17.387	0.506746
17.388	0.782513
17.389	0.626388
17.39	0.376564
17.391	0.656232
17.392	1.313481
17.393	1.5354
17.394	0.979155
17.395	0.12517
17.396	-0.404985
17.397	-0.453025
17.398	-0.343933
17.399	-0.490086
17.4	-0.917625
17.401	-1.134076
17.402	-0.652296
17.403	0.247591
17.404	0.706971
17.405	0.511579
17.406	0.381514
17.407	0.736001
17.408	1.108755
17.409	1.020563
17.41	0.731759
17.411	0.803728
17.412	1.17549
17.413	1.238433
17.414	0.752351
17.415	0.094777
17.416	-0.284163
17.417	-0.296577
17.418	-0.229264
17.419	-0.455475
17.42	-1.018371
17.421	-1.43025
17.422	-1.106554
17.423	-0.188492
17.424	0.466251
17.425	0.487011
17.426	0.472697
17.427	0.858014
17.428	1.244033
17.429	1.185283
17.43	0.935933
17.431	1.0258
17.432	1.353664
17.433	1.319858
17.434	0.75952
17.435	0.097888
17.436	-0.246086
17.437	-0.226113
17.438	-0.129376
17.439	-0.323051
17.44	-0.884124
17.441	-1.37314
17.442	-1.181761
17.443	-0.343603
17.444	0.338973
17.445	0.42468
17.446	0.437465
17.447	0.821874
17.448	1.212029
17.449	1.150619
17.45	0.845818
17.451	0.819346
17.452	1.052298
17.453	1.043601
17.454	0.619185
17.455	0.10194
17.456	-0.167342
17.457	-0.138467
17.458	-0.045179
17.459	-0.219128
17.46	-0.763244
17.461	-1.309133
17.462	-1.291242
17.463	-0.669537
17.464	-0.081141
17.465	0.097491
17.466	0.271725
17.467	0.76148
17.468	1.186474
17.469	1.099573
17.47	0.683205
17.471	0.477807
17.472	0.602651
17.473	0.679271
17.474	0.467297
17.475	0.126302
17.476	-0.080343
17.477	-0.070369
17.478	-0.0027
17.479	-0.15089
17.48	-0.611579
17.481	-1.062276
17.482	-0.995833
17.483	-0.397111
17.484	0.107591
17.485	0.166738
17.486	0.222263
17.487	0.636967
17.488	1.043767
17.489	0.943655
17.49	0.422681
17.491	-0.002353
17.492	-0.061015
17.493	0.049477
17.494	0.069052
17.495	-0.013077
17.496	-0.056342
17.497	0.011392
17.498	0.089472
17.499	-0.036881
17.5	-0.456826
17.501	-0.892558
17.502	-0.881576
17.503	-0.390775
17.504	0.029678
17.505	0.06769
17.506	0.125345
17.507	0.533825
17.508	0.949611
17.509	0.889938
17.51	0.406936
17.511	-0.03017
17.512	-0.144484
17.513	-0.068341
17.514	-0.017861
17.515	-0.029884
17.516	-0.018459
17.517	0.065347
17.518	0.140365
17.519	0.022496
17.52	-0.367815
17.521	-0.76383
17.522	-0.715645
17.523	-0.205384
17.524	0.191075
17.525	0.146671
17.526	0.088978
17.527	0.408497
17.528	0.814067
17.529	0.838369
17.53	0.5129
17.531	0.256659
17.532	0.268823
17.533	0.349297
17.534	0.288784
17.535	0.12688
17.536	0.021506
17.537	0.053948
17.538	0.143088
17.539	0.065013
17.54	-0.325245
17.541	-0.779643
17.542	-0.77807
17.543	-0.216756
17.544	0.314428
17.545	0.368689
17.546	0.271818
17.547	0.423087
17.548	0.619223
17.549	0.490857
17.55	0.133253
17.551	-0.032975
17.552	0.127718
17.553	0.320106
17.554	0.276668
17.555	0.064452
17.556	-0.083695
17.557	-0.041856
17.558	0.103117
17.559	0.104035
17.56	-0.209692
17.561	-0.630973
17.562	-0.682701
17.563	-0.246203
17.564	0.176932
17.565	0.202472
17.566	0.1294
17.567	0.317083
17.568	0.56222
17.569	0.48778
17.57	0.142714
17.571	-0.093155
17.572	-0.053931
17.573	0.061632
17.574	0.053931
17.575	-0.040217
17.576	-0.07076
17.577	0.038712
17.578	0.206659
17.579	0.204816
17.58	-0.151601
17.581	-0.702003
17.582	-0.985514
17.583	-0.786972
17.584	-0.426998
17.585	-0.231807
17.586	-0.060435
17.587	0.284493
17.588	0.593969
17.589	0.553662
17.59	0.240527
17.591	0.024899
17.592	0.059367
17.593	0.152654
17.594	0.125205
17.595	0.019387
17.596	-0.024665
17.597	0.064953
17.598	0.219795
17.599	0.235976
17.6	-0.063705
17.601	-0.558336
17.602	-0.860017
17.603	-0.776207
17.604	-0.544854
17.605	-0.402855
17.606	-0.222661
17.607	0.138345
17.608	0.462663
17.609	0.451082
17.61	0.178338
17.611	0.000591
17.612	0.064286
17.613	0.181563
17.614	0.172251
17.615	0.07022
17.616	0.007951
17.617	0.059448
17.618	0.173607
17.619	0.177115
17.62	-0.076204
17.621	-0.454367
17.622	-0.593814
17.623	-0.373613
17.624	-0.134102
17.625	-0.145996
17.626	-0.185063
17.627	0.014878
17.628	0.277799
17.629	0.272687
17.63	0.016429
17.631	-0.172857
17.632	-0.130909
17.633	0.004175
17.634	0.066499
17.635	0.050649
17.636	0.042265
17.637	0.102322
17.638	0.199712
17.639	0.184107
17.64	-0.093947
17.641	-0.539491
17.642	-0.827724
17.643	-0.791861
17.644	-0.619174
17.645	-0.503905
17.646	-0.349296
17.647	-0.037889
17.648	0.250619
17.649	0.252419
17.65	0.01884
17.651	-0.141482
17.652	-0.084468
17.653	0.046957
17.654	0.09835
17.655	0.076449
17.656	0.065528
17.657	0.11857
17.658	0.204484
17.659	0.176404
17.66	-0.123392
17.661	-0.619399
17.662	-0.993836
17.663	-1.040183
17.664	-0.867179
17.665	-0.650133
17.666	-0.380549
17.667	-0.018815
17.668	0.270919
17.669	0.266017
17.67	0.012917
17.671	-0.211667
17.672	-0.248331
17.673	-0.16298
17.674	-0.062562
17.675	0.018907
17.676	0.094419
17.677	0.186582
17.678	0.27917
17.679	0.256219
17.68	-0.016284
17.681	-0.45818
17.682	-0.770949
17.683	-0.787086
17.684	-0.645424
17.685	-0.512558
17.686	-0.342527
17.687	-0.057239
17.688	0.203862
17.689	0.220539
17.69	0.014877
17.691	-0.173846
17.692	-0.206366
17.693	-0.138972
17.694	-0.057434
17.695	0.016244
17.696	0.0938
17.697	0.193018
17.698	0.295364
17.699	0.278179
17.7	-0.008924
17.701	-0.498689
17.702	-0.876367
17.703	-0.925488
17.704	-0.749365
17.705	-0.540248
17.706	-0.30967
17.707	-0.003475
17.708	0.251985
17.709	0.235943
17.71	-0.071224
17.711	-0.454575
17.712	-0.691518
17.713	-0.69124
17.714	-0.485215
17.715	-0.182956
17.716	0.102279
17.717	0.327899
17.718	0.490667
17.719	0.51802
17.72	0.300479
17.721	-0.100547
17.722	-0.42861
17.723	-0.522906
17.724	-0.477665
17.725	-0.420191
17.726	-0.299903
17.727	-0.042215
17.728	0.211696
17.729	0.216338
17.73	-0.070824
17.731	-0.44678
17.732	-0.681113
17.733	-0.671482
17.734	-0.454282
17.735	-0.152133
17.736	0.119078
17.737	0.326217
17.738	0.481436
17.739	0.536882
17.74	0.416803
17.741	0.203042
17.742	0.12565
17.743	0.231814
17.744	0.255093
17.745	0.032074
17.746	-0.191665
17.747	-0.139357
17.748	0.082182
17.749	0.18464
17.75	0.109836
17.751	0.032801
17.752	0.058957
17.753	0.126207
17.754	0.156858
17.755	0.141398
17.756	0.111263
17.757	0.113446
17.758	0.171975
17.759	0.239986
17.76	0.269802
17.761	0.386348
17.762	0.82289
17.763	1.455804
17.764	1.648854
17.765	1.049753
17.766	0.169731
17.767	-0.348341
17.768	-0.477938
17.769	-0.482604
17.77	-0.364672
17.771	0.040213
17.772	0.61459
17.773	0.954322
17.774	0.82782
17.775	0.396447
17.776	-0.006511
17.777	-0.159366
17.778	-0.069265
17.779	0.048505
17.78	-0.048753
17.781	-0.350724
17.782	-0.589289
17.783	-0.598497
17.784	-0.504306
17.785	-0.470685
17.786	-0.459038
17.787	-0.37775
17.788	-0.305539
17.789	-0.364491
17.79	-0.455628
17.791	-0.357335
17.792	-0.069626
17.793	0.169352
17.794	0.196575
17.795	0.07115
17.796	-0.053761
17.797	-0.075608
17.798	0.005772
17.799	0.084998
17.8	0.040263
17.801	-0.105546
17.802	-0.211036
17.803	-0.250513
17.804	-0.352756
17.805	-0.541164
17.806	-0.624125
17.807	-0.460538
17.808	-0.195105
17.809	-0.090594
17.81	-0.201432
17.811	-0.351486
17.812	-0.379115
17.813	-0.266934
17.814	-0.088804
17.815	0.063559
17.816	0.139298
17.817	0.163281
17.818	0.18466
17.819	0.175097
17.82	0.054283
17.821	-0.146592
17.822	-0.280959
17.823	-0.307417
17.824	-0.351636
17.825	-0.470821
17.826	-0.520997
17.827	-0.373108
17.828	-0.137752
17.829	-0.039732
17.83	-0.136556
17.831	-0.293739
17.832	-0.380556
17.833	-0.356547
17.834	-0.236016
17.835	-0.074111
17.836	0.067708
17.837	0.181726
17.838	0.288737
17.839	0.34321
17.84	0.253389
17.841	0.044114
17.842	-0.129961
17.843	-0.202961
17.844	-0.276541
17.845	-0.40608
17.846	-0.464266
17.847	-0.334161
17.848	-0.124153
17.849	-0.046293
17.85	-0.138505
17.851	-0.249614
17.852	-0.265674
17.853	-0.212036
17.854	-0.15387
17.855	-0.102917
17.856	-0.020541
17.857	0.135175
17.858	0.348044
17.859	0.49493
17.86	0.433806
17.861	0.20241
17.862	-0.002293
17.863	-0.097317
17.864	-0.193842
17.865	-0.352589
17.866	-0.43881
17.867	-0.325915
17.868	-0.117388
17.869	-0.029137
17.87	-0.116816
17.871	-0.251528
17.872	-0.308187
17.873	-0.253171
17.874	-0.114871
17.875	0.037295
17.876	0.137051
17.877	0.184741
17.878	0.22202
17.879	0.230027
17.88	0.137723
17.881	-0.030655
17.882	-0.145575
17.883	-0.171032
17.884	-0.224693
17.885	-0.361992
17.886	-0.445578
17.887	-0.341468
17.888	-0.14083
17.889	-0.058113
17.89	-0.166769
17.891	-0.350584
17.892	-0.453252
17.893	-0.387498
17.894	-0.179502
17.895	0.044935
17.896	0.172714
17.897	0.205003
17.898	0.21511
17.899	0.221843
17.9	0.178678
17.901	0.103279
17.902	0.090505
17.903	0.145458
17.904	0.141502
17.905	0.00651
17.906	-0.161506
17.907	-0.24
17.908	-0.259026
17.909	-0.310475
17.91	-0.342119
17.911	-0.223509
17.912	0.018913
17.913	0.209518
17.914	0.23655
17.915	0.142227
17.916	0.042939
17.917	0.034742
17.918	0.126496
17.919	0.19534
17.92	0.084878
17.921	-0.164496
17.922	-0.31071
17.923	-0.235406
17.924	-0.105172
17.925	-0.109467
17.926	-0.208608
17.927	-0.258982
17.928	-0.255058
17.929	-0.28467
17.93	-0.324381
17.931	-0.267229
17.932	-0.1088
17.933	0.043954
17.934	0.107632
17.935	0.084784
17.936	0.038463
17.937	0.04857
17.938	0.143306
17.939	0.229039
17.94	0.165772
17.941	-0.020084
17.942	-0.128472
17.943	-0.073667
17.944	-0.01141
17.945	-0.089706
17.946	-0.230966
17.947	-0.278848
17.948	-0.246056
17.949	-0.260434
17.95	-0.338097
17.951	-0.372571
17.952	-0.302113
17.953	-0.168886
17.954	-0.048583
17.955	0.016668
17.956	0.043934
17.957	0.095838
17.958	0.205344
17.959	0.28741
17.96	0.205107
17.961	-0.01339
17.962	-0.157225
17.963	-0.122143
17.964	-0.054226
17.965	-0.108479
17.966	-0.219693
17.967	-0.238732
17.968	-0.178758
17.969	-0.164687
17.97	-0.213425
17.971	-0.229049
17.972	-0.166988
17.973	-0.073897
17.974	-0.005843
17.975	0.019115
17.976	0.026128
17.977	0.073558
17.978	0.193014
17.979	0.309349
17.98	0.292623
17.981	0.147588
17.982	0.033102
17.983	0.021272
17.984	-0.007095
17.985	-0.145477
17.986	-0.290477
17.987	-0.301036
17.988	-0.219879
17.989	-0.199796
17.99	-0.279036
17.991	-0.361764
17.992	-0.366251
17.993	-0.287277
17.994	-0.165545
17.995	-0.054076
17.996	0.026587
17.997	0.112609
17.998	0.237346
17.999	0.337898
18.0	0.294832
18.001	0.116708
18.002	-0.032866
18.003	-0.065377
18.004	-0.081289
18.005	-0.175685
18.006	-0.269248
18.007	-0.244896
18.008	-0.151561
18.009	-0.13498
18.01	-0.22544
18.011	-0.321372
18.012	-0.333796
18.013	-0.25248
18.014	-0.124476
18.015	-0.014417
18.016	0.053038
18.017	0.11648
18.018	0.211711
18.019	0.277822
18.02	0.202718
18.021	0.008975
18.022	-0.129317
18.023	-0.127485
18.024	-0.102934
18.025	-0.167324
18.026	-0.247958
18.027	-0.226088
18.028	-0.142642
18.029	-0.130533
18.03	-0.20873
18.031	-0.27298
18.032	-0.24412
18.033	-0.133686
18.034	-0.009103
18.035	0.065203
18.036	0.082602
18.037	0.099297
18.038	0.161869
18.039	0.218377
18.04	0.165517
18.041	0.022824
18.042	-0.060932
18.043	-0.034425
18.044	-0.027972
18.045	-0.137361
18.046	-0.266426
18.047	-0.282194
18.048	-0.211985
18.049	-0.165132
18.05	-0.140055
18.051	-0.054716
18.052	0.08529
18.053	0.187843
18.054	0.197764
18.055	0.131637
18.056	0.041624
18.057	-0.005846
18.058	0.026453
18.059	0.077842
18.06	0.03937
18.061	-0.074896
18.062	-0.123705
18.063	-0.066655
18.064	-0.042342
18.065	-0.145194
18.066	-0.273951
18.067	-0.293659
18.068	-0.240524
18.069	-0.25872
18.07	-0.394602
18.071	-0.54861
18.072	-0.583006
18.073	-0.437243
18.074	-0.187111
18.075	0.021271
18.076	0.11499
18.077	0.144098
18.078	0.184436
18.079	0.212731
18.08	0.140256
18.081	-0.008601
18.082	-0.082032
18.083	-0.029283
18.084	0.012693
18.085	-0.064164
18.086	-0.178219
18.087	-0.197582
18.088	-0.138443
18.089	-0.119015
18.09	-0.179701
18.091	-0.255195
18.092	-0.267371
18.093	-0.184085
18.094	-0.045223
18.095	0.062989
18.096	0.097344
18.097	0.103908
18.098	0.144556
18.099	0.185788
18.1	0.132906
18.101	0.003534
18.102	-0.060118
18.103	-0.012126
18.104	0.016266
18.105	-0.074235
18.106	-0.195077
18.107	-0.208752
18.108	-0.131752
18.109	-0.093076
18.11	-0.153433
18.111	-0.258609
18.112	-0.31076
18.113	-0.245923
18.114	-0.096213
18.115	0.035183
18.116	0.087863
18.117	0.104373
18.118	0.154033
18.119	0.213907
18.12	0.193361
18.121	0.097052
18.122	0.041497
18.123	0.060401
18.124	0.039259
18.125	-0.091967
18.126	-0.225066
18.127	-0.22154
18.128	-0.112639
18.129	-0.045801
18.13	-0.091656
18.131	-0.193297
18.132	-0.247165
18.133	-0.190443
18.134	-0.057513
18.135	0.052617
18.136	0.087433
18.137	0.09392
18.138	0.139453
18.139	0.194556
18.14	0.158232
18.141	0.027237
18.142	-0.072313
18.143	-0.07919
18.144	-0.087769
18.145	-0.173253
18.146	-0.247862
18.147	-0.191694
18.148	-0.044816
18.149	0.043756
18.15	0.003051
18.151	-0.111594
18.152	-0.19556
18.153	-0.172676
18.154	-0.058301
18.155	0.052282
18.156	0.094338
18.157	0.102005
18.158	0.14034
18.159	0.190857
18.16	0.165342
18.161	0.057171
18.162	-0.02942
18.163	-0.052627
18.164	-0.100437
18.165	-0.219189
18.166	-0.299498
18.167	-0.225306
18.168	-0.049432
18.169	0.083142
18.17	0.12501
18.171	0.134937
18.172	0.154273
18.173	0.174247
18.174	0.175938
18.175	0.142734
18.176	0.076866
18.177	0.021347
18.178	0.017001
18.179	0.017365
18.18	-0.081757
18.181	-0.275432
18.182	-0.416323
18.183	-0.415489
18.184	-0.355707
18.185	-0.332336
18.186	-0.297133
18.187	-0.162996
18.188	0.01764
18.189	0.093401
18.19	-0.010452
18.191	-0.228065
18.192	-0.408127
18.193	-0.411021
18.194	-0.22673
18.195	0.010665
18.196	0.163389
18.197	0.210058
18.198	0.202486
18.199	0.133867
18.2	-0.064079
18.201	-0.356013
18.202	-0.559629
18.203	-0.552406
18.204	-0.414738
18.205	-0.282801
18.206	-0.158452
18.207	0.022692
18.208	0.21178
18.209	0.271262
18.21	0.148276
18.211	-0.068083
18.212	-0.227618
18.213	-0.220894
18.214	-0.059509
18.215	0.132201
18.216	0.233822
18.217	0.23053
18.218	0.185089
18.219	0.120955
18.22	0.000745
18.221	-0.154654
18.222	-0.241654
18.223	-0.227303
18.224	-0.206634
18.225	-0.23817
18.226	-0.230818
18.227	-0.083879
18.228	0.138459
18.229	0.278573
18.23	0.282144
18.231	0.219899
18.232	0.170004
18.233	0.166154
18.234	0.195877
18.235	0.204612
18.236	0.156604
18.237	0.094801
18.238	0.081433
18.239	0.079073
18.24	-0.014574
18.241	-0.17714
18.242	-0.242982
18.243	-0.145574
18.244	-0.027728
18.245	-0.030417
18.246	-0.107538
18.247	-0.138277
18.248	-0.115168
18.249	-0.093073
18.25	-0.027932
18.251	0.158098
18.252	0.393472
18.253	0.500943
18.254	0.40028
18.255	0.176297
18.256	-0.023779
18.257	-0.09992
18.258	-0.045423
18.259	0.03544
18.26	0.004179
18.261	-0.134634
18.262	-0.219825
18.263	-0.164646
18.264	-0.080173
18.265	-0.094078
18.266	-0.166652
18.267	-0.192355
18.268	-0.18313
18.269	-0.207803
18.27	-0.219148
18.271	-0.112618
18.272	0.079974
18.273	0.212386
18.274	0.206089
18.275	0.105466
18.276	-0.002203
18.277	-0.0488
18.278	-0.014876
18.279	0.031728
18.28	-0.014639
18.281	-0.137608
18.282	-0.188765
18.283	-0.108455
18.284	-0.025058
18.285	-0.057602
18.286	-0.146808
18.287	-0.176867
18.288	-0.160556
18.289	-0.170802
18.29	-0.160015
18.291	-0.022277
18.292	0.201408
18.293	0.346103
18.294	0.322393
18.295	0.18183
18.296	0.027094
18.297	-0.062692
18.298	-0.063246
18.299	-0.039508
18.3	-0.094737
18.301	-0.211875
18.302	-0.244959
18.303	-0.142798
18.304	-0.04353
18.305	-0.069255
18.306	-0.158473
18.307	-0.18867
18.308	-0.159979
18.309	-0.132955
18.31	-0.062229
18.311	0.129984
18.312	0.364456
18.313	0.467545
18.314	0.381899
18.315	0.194617
18.316	0.016734
18.317	-0.082394
18.318	-0.088354
18.319	-0.070507
18.32	-0.13056
18.321	-0.244857
18.322	-0.26446
18.323	-0.14676
18.324	-0.040963
18.325	-0.069072
18.326	-0.158151
18.327	-0.176204
18.328	-0.13173
18.329	-0.115756
18.33	-0.118738
18.331	-0.05711
18.332	0.066635
18.333	0.161513
18.334	0.169133
18.335	0.106114
18.336	0.023007
18.337	-0.024391
18.338	-0.002537
18.339	0.048213
18.34	0.043712
18.341	-0.010044
18.342	-0.012571
18.343	0.051136
18.344	0.060342
18.345	-0.053768
18.346	-0.186273
18.347	-0.204635
18.348	-0.130327
18.349	-0.059503
18.35	0.019362
18.351	0.173049
18.352	0.34819
18.353	0.408171
18.354	0.309889
18.355	0.131114
18.356	-0.030845
18.357	-0.11064
18.358	-0.084509
18.359	-0.001566
18.36	0.047352
18.361	0.049473
18.362	0.072912
18.363	0.110603
18.364	0.054105
18.365	-0.123825
18.366	-0.282504
18.367	-0.288045
18.368	-0.186708
18.369	-0.10533
18.37	-0.058341
18.371	0.018989
18.372	0.114854
18.373	0.154007
18.374	0.112451
18.375	0.026798
18.376	-0.055705
18.377	-0.088651
18.378	-0.043616
18.379	0.039845
18.38	0.074068
18.381	0.042149
18.382	0.015647
18.383	0.012059
18.384	-0.047261
18.385	-0.184854
18.386	-0.285247
18.387	-0.245671
18.388	-0.126595
18.389	-0.052677
18.39	-0.029799
18.391	0.020121
18.392	0.100353
18.393	0.141542
18.394	0.111416
18.395	0.035539
18.396	-0.041501
18.397	-0.073119
18.398	-0.034543
18.399	0.031958
18.4	0.043553
18.401	-0.006255
18.402	-0.038713
18.403	-0.036961
18.404	-0.083311
18.405	-0.201512
18.406	-0.279175
18.407	-0.222889
18.408	-0.103619
18.409	-0.054922
18.41	-0.088868
18.411	-0.11433
18.412	-0.083244
18.413	-0.024765
18.414	0.01637
18.415	0.017974
18.416	-0.00954
18.417	-0.026561
18.418	-0.000455
18.419	0.038643
18.42	0.022427
18.421	-0.042759
18.422	-0.074711
18.423	-0.06009
18.424	-0.085923
18.425	-0.183279
18.426	-0.250216
18.427	-0.198478
18.428	-0.087705
18.429	-0.023202
18.43	0.009478
18.431	0.089575
18.432	0.198527
18.433	0.242546
18.434	0.188589
18.435	0.082422
18.436	-0.019122
18.437	-0.075811
18.438	-0.076965
18.439	-0.079328
18.44	-0.167031
18.441	-0.316803
18.442	-0.394283
18.443	-0.339205
18.444	-0.246352
18.445	-0.207789
18.446	-0.183616
18.447	-0.105564
18.448	-0.020986
18.449	-0.031764
18.45	-0.139703
18.451	-0.246716
18.452	-0.269909
18.453	-0.198526
18.454	-0.081635
18.455	0.012701
18.456	0.050262
18.457	0.054434
18.458	0.063241
18.459	0.054538
18.46	-0.032229
18.461	-0.169582
18.462	-0.236181
18.463	-0.188481
18.464	-0.123439
18.465	-0.11882
18.466	-0.122497
18.467	-0.06204
18.468	0.020675
18.469	0.030336
18.47	-0.038187
18.471	-0.108123
18.472	-0.123972
18.473	-0.081795
18.474	-0.01176
18.475	0.039306
18.476	0.045802
18.477	0.032911
18.478	0.039294
18.479	0.042432
18.48	-0.021283
18.481	-0.133848
18.482	-0.188832
18.483	-0.151307
18.484	-0.11027
18.485	-0.127881
18.486	-0.142938
18.487	-0.080195
18.488	0.019348
18.489	0.055301
18.49	0.003168
18.491	-0.082726
18.492	-0.140103
18.493	-0.129384
18.494	-0.059236
18.495	0.010864
18.496	0.033608
18.497	0.028623
18.498	0.045341
18.499	0.077961
18.5	0.072855
18.501	0.032956
18.502	0.019973
18.503	0.029901
18.504	-0.016366
18.505	-0.129397
18.506	-0.199347
18.507	-0.136633
18.508	0.001817
18.509	0.09589
18.51	0.113119
18.511	0.102648
18.512	0.104986
18.513	0.121927
18.514	0.126508
18.515	0.086866
18.516	0.007429
18.517	-0.056732
18.518	-0.053178
18.519	-0.007209
18.52	0.00048
18.521	-0.049496
18.522	-0.097581
18.523	-0.122888
18.524	-0.175085
18.525	-0.259251
18.526	-0.281338
18.527	-0.170031
18.528	0.004902
18.529	0.108545
18.53	0.08552
18.531	-0.020861
18.532	-0.124186
18.533	-0.14767
18.534	-0.086842
18.535	-0.014218
18.536	0.011456
18.537	0.012238
18.538	0.041721
18.539	0.086487
18.54	0.06736
18.541	-0.037576
18.542	-0.135048
18.543	-0.131058
18.544	-0.053942
18.545	-0.000101
18.546	0.004379
18.547	-0.006409
18.548	-0.038795
18.549	-0.109375
18.55	-0.161228
18.551	-0.12291
18.552	-0.021478
18.553	0.041573
18.554	0.00877
18.555	-0.077767
18.556	-0.120098
18.557	-0.045083
18.558	0.128262
18.559	0.26506
18.56	0.211135
18.561	-0.018535
18.562	-0.22482
18.563	-0.25874
18.564	-0.17226
18.565	-0.090795
18.566	-0.047608
18.567	-0.017792
18.568	-0.017302
18.569	-0.061594
18.57	-0.093295
18.571	-0.055454
18.572	0.012296
18.573	0.02785
18.574	-0.029826
18.575	-0.108163
18.576	-0.12934
18.577	-0.042949
18.578	0.119226
18.579	0.213535
18.58	0.086215
18.581	-0.223312
18.582	-0.473471
18.583	-0.485013
18.584	-0.316077
18.585	-0.129779
18.586	-0.003352
18.587	0.061274
18.588	0.044587
18.589	-0.06467
18.59	-0.206055
18.591	-0.291557
18.592	-0.287618
18.593	-0.227304
18.594	-0.16722
18.595	-0.131032
18.596	-0.085585
18.597	0.021915
18.598	0.192352
18.599	0.329649
18.6	0.318773
18.601	0.186094
18.602	0.096428
18.603	0.132243
18.604	0.18077
18.605	0.131907
18.606	0.046269
18.607	0.005807
18.608	-0.038433
18.609	-0.162052
18.61	-0.332417
18.611	-0.443202
18.612	-0.425203
18.613	-0.305608
18.614	-0.18036
18.615	-0.116379
18.616	-0.0869
18.617	-0.015423
18.618	0.125976
18.619	0.267508
18.62	0.332758
18.621	0.394222
18.622	0.629467
18.623	1.000734
18.624	1.134405
18.625	0.807511
18.626	0.301711
18.627	-0.032629
18.628	-0.189196
18.629	-0.318882
18.63	-0.468854
18.631	-0.577415
18.632	-0.570164
18.633	-0.440342
18.634	-0.271445
18.635	-0.155024
18.636	-0.090603
18.637	-0.002385
18.638	0.148785
18.639	0.294275
18.64	0.343498
18.641	0.345958
18.642	0.467934
18.643	0.714936
18.644	0.813729
18.645	0.58433
18.646	0.218962
18.647	-0.036776
18.648	-0.18417
18.649	-0.332968
18.65	-0.519463
18.651	-0.686789
18.652	-0.727802
18.653	-0.588989
18.654	-0.356747
18.655	-0.16671
18.656	-0.04995
18.657	0.065123
18.658	0.221936
18.659	0.357449
18.66	0.399377
18.661	0.432864
18.662	0.649944
18.663	1.018724
18.664	1.165092
18.665	0.857567
18.666	0.360193
18.667	0.016036
18.668	-0.151972
18.669	-0.281236
18.67	-0.44484
18.671	-0.610301
18.672	-0.66877
18.673	-0.552171
18.674	-0.339956
18.675	-0.164441
18.676	-0.046997
18.677	0.093009
18.678	0.291216
18.679	0.444883
18.68	0.40031
18.681	0.143002
18.682	-0.164998
18.683	-0.363895
18.684	-0.418238
18.685	-0.353884
18.686	-0.206538
18.687	-0.049978
18.688	0.031777
18.689	0.020615
18.69	-0.037394
18.691	-0.088571
18.692	-0.088143
18.693	-0.022461
18.694	0.053182
18.695	0.067889
18.696	0.029478
18.697	0.013059
18.698	0.056458
18.699	0.103094
18.7	0.087221
18.701	0.059151
18.702	0.136466
18.703	0.292762
18.704	0.330072
18.705	0.174731
18.706	0.005549
18.707	-0.031146
18.708	0.004635
18.709	0.005031
18.71	-0.053141
18.711	-0.123039
18.712	-0.127986
18.713	-0.038286
18.714	0.064431
18.715	0.077948
18.716	0.013156
18.717	-0.031808
18.718	-0.005677
18.719	0.038864
18.72	0.047862
18.721	0.092823
18.722	0.2948
18.723	0.574396
18.724	0.635847
18.725	0.36848
18.726	0.034416
18.727	-0.118484
18.728	-0.126531
18.729	-0.136876
18.73	-0.231797
18.731	-0.381921
18.732	-0.447827
18.733	-0.328649
18.734	-0.115511
18.735	0.022029
18.736	0.045073
18.737	0.044469
18.738	0.086774
18.739	0.135037
18.74	0.13559
18.741	0.135169
18.742	0.225749
18.743	0.359808
18.744	0.350811
18.745	0.153803
18.746	-0.033223
18.747	-0.060756
18.748	0.000605
18.749	0.014906
18.75	-0.080812
18.751	-0.242488
18.752	-0.33055
18.753	-0.249892
18.754	-0.080963
18.755	0.028803
18.756	0.050225
18.757	0.064801
18.758	0.120599
18.759	0.159724
18.76	0.100871
18.761	-0.041734
18.762	-0.18427
18.763	-0.289572
18.764	-0.36329
18.765	-0.371455
18.766	-0.273591
18.767	-0.110264
18.768	0.029598
18.769	0.090218
18.77	0.048177
18.771	-0.082079
18.772	-0.206851
18.773	-0.234527
18.774	-0.196274
18.775	-0.166118
18.776	-0.117117
18.777	0.026398
18.778	0.236387
18.779	0.355736
18.78	0.2536
18.781	-0.006254
18.782	-0.240148
18.783	-0.372339
18.784	-0.441503
18.785	-0.433535
18.786	-0.296579
18.787	-0.076321
18.788	0.103932
18.789	0.154792
18.79	0.053501
18.791	-0.144098
18.792	-0.287951
18.793	-0.253645
18.794	-0.094632
18.795	0.037405
18.796	0.08473
18.797	0.101593
18.798	0.132977
18.799	0.15246
18.8	0.122505
18.801	0.067072
18.802	0.031332
18.803	-0.011293
18.804	-0.121427
18.805	-0.244963
18.806	-0.240836
18.807	-0.088779
18.808	0.085047
18.809	0.172653
18.81	0.156992
18.811	0.089328
18.812	0.053141
18.813	0.068212
18.814	0.053815
18.815	-0.029499
18.816	-0.092412
18.817	-0.036607
18.818	0.110531
18.819	0.209762
18.82	0.157979
18.821	-0.001974
18.822	-0.177567
18.823	-0.355206
18.824	-0.521113
18.825	-0.564895
18.826	-0.401258
18.827	-0.109402
18.828	0.141856
18.829	0.248945
18.83	0.208515
18.831	0.080578
18.832	-0.024236
18.833	-0.01514
18.834	0.070857
18.835	0.118596
18.836	0.083124
18.837	0.012367
18.838	-0.047357
18.839	-0.101433
18.84	-0.148537
18.841	-0.124865
18.842	0.028638
18.843	0.237769
18.844	0.321915
18.845	0.22689
18.846	0.090563
18.847	0.007245
18.848	-0.061168
18.849	-0.127451
18.85	-0.129028
18.851	-0.03143
18.852	0.115664
18.853	0.213977
18.854	0.190586
18.855	0.070005
18.856	-0.036754
18.857	-0.041607
18.858	0.023244
18.859	0.025436
18.86	-0.114492
18.861	-0.285348
18.862	-0.279486
18.863	-0.070227
18.864	0.12348
18.865	0.146742
18.866	0.086873
18.867	0.046552
18.868	0.002939
18.869	-0.054458
18.87	-0.059366
18.871	0.033788
18.872	0.181762
18.873	0.28096
18.874	0.249764
18.875	0.109247
18.876	-0.026486
18.877	-0.061461
18.878	-0.018669
18.879	-0.022995
18.88	-0.150974
18.881	-0.297352
18.882	-0.271254
18.883	-0.062619
18.884	0.110782
18.885	0.111012
18.886	0.040796
18.887	0.008716
18.888	-0.007979
18.889	-0.024652
18.89	0.005144
18.891	0.099083
18.892	0.212766
18.893	0.274646
18.894	0.22847
18.895	0.091014
18.896	-0.038021
18.897	-0.065441
18.898	-0.004333
18.899	0.031254
18.9	-0.045411
18.901	-0.180669
18.902	-0.249215
18.903	-0.224421
18.904	-0.189238
18.905	-0.173098
18.906	-0.114722
18.907	-0.010162
18.908	0.063326
18.909	0.086971
18.91	0.125692
18.911	0.217652
18.912	0.323802
18.913	0.36385
18.914	0.277101
18.915	0.090996
18.916	-0.077866
18.917	-0.127583
18.918	-0.070874
18.919	-0.013785
18.92	-0.016212
18.921	0.005057
18.922	0.151194
18.923	0.323198
18.924	0.304353
18.925	0.099753
18.926	-0.055451
18.927	-0.049129
18.928	0.016995
18.929	0.056265
18.93	0.096253
18.931	0.180665
18.932	0.28773
18.933	0.336294
18.934	0.254739
18.935	0.069328
18.936	-0.093958
18.937	-0.127346
18.938	-0.052052
18.939	0.002773
18.94	-0.055037
18.941	-0.163397
18.942	-0.179709
18.943	-0.0881
18.944	-0.035755
18.945	-0.084846
18.946	-0.11091
18.947	-0.04346
18.948	0.041048
18.949	0.097112
18.95	0.165374
18.951	0.263357
18.952	0.340924
18.953	0.332212
18.954	0.210539
18.955	0.024372
18.956	-0.112442
18.957	-0.115016
18.958	-0.023079
18.959	0.024428
18.96	-0.063264
18.961	-0.212392
18.962	-0.262989
18.963	-0.182194
18.964	-0.108569
18.965	-0.11276
18.966	-0.097461
18.967	-0.020938
18.968	0.029158
18.969	0.00229
18.97	-0.068955
18.971	-0.133326
18.972	-0.142782
18.973	-0.089812
18.974	-0.036551
18.975	-0.028751
18.976	-0.016874
18.977	0.066286
18.978	0.181357
18.979	0.183299
18.98	-0.034446
18.981	-0.409159
18.982	-0.755302
18.983	-0.916697
18.984	-0.835846
18.985	-0.541777
18.986	-0.158946
18.987	0.126787
18.988	0.206547
18.989	0.123772
18.99	-0.013543
18.991	-0.119777
18.992	-0.137607
18.993	-0.071756
18.994	-0.003953
18.995	0.013771
18.996	0.031575
18.997	0.112143
18.998	0.220858
18.999	0.255269
19.0	0.192618
19.001	0.162121
19.002	0.276253
19.003	0.411166
19.004	0.356049
19.005	0.164581
19.006	0.060109
19.007	0.071472
19.008	0.058499
19.009	-0.042433
19.01	-0.189472
19.011	-0.310604
19.012	-0.328435
19.013	-0.226611
19.014	-0.093959
19.015	-0.012585
19.016	0.045529
19.017	0.142715
19.018	0.250834
19.019	0.269404
19.02	0.178896
19.021	0.119632
19.022	0.219854
19.023	0.364407
19.024	0.338929
19.025	0.183587
19.026	0.100179
19.027	0.102539
19.028	0.058358
19.029	-0.075874
19.03	-0.24733
19.031	-0.380033
19.032	-0.388573
19.033	-0.256024
19.034	-0.089963
19.035	0.005428
19.036	0.053425
19.037	0.129319
19.038	0.23105
19.039	0.306364
19.04	0.400994
19.041	0.679503
19.042	1.153638
19.043	1.448072
19.044	1.190939
19.045	0.591697
19.046	0.164556
19.047	0.056321
19.048	0.065329
19.049	0.061712
19.05	0.084028
19.051	0.176172
19.052	0.301837
19.053	0.368263
19.054	0.290999
19.055	0.090924
19.056	-0.091603
19.057	-0.133732
19.058	-0.053197
19.059	0.053542
19.06	0.186743
19.061	0.470668
19.062	0.885131
19.063	1.073421
19.064	0.758851
19.065	0.219455
19.066	-0.082045
19.067	-0.086014
19.068	-0.021079
19.069	-0.010848
19.07	-0.018
19.071	0.012638
19.072	0.088081
19.073	0.157281
19.074	0.137061
19.075	0.014874
19.076	-0.103676
19.077	-0.110139
19.078	-0.025182
19.079	0.043212
19.08	0.077058
19.081	0.206461
19.082	0.478411
19.083	0.644999
19.084	0.464027
19.085	0.11839
19.086	-0.035103
19.087	0.041475
19.088	0.138849
19.089	0.139844
19.09	0.077295
19.091	0.019669
19.092	0.018111
19.093	0.06447
19.094	0.074934
19.095	0.001426
19.096	-0.079426
19.097	-0.066654
19.098	0.023269
19.099	0.089703
19.1	0.1189
19.101	0.239605
19.102	0.497502
19.103	0.647936
19.104	0.455238
19.105	0.108778
19.106	-0.039654
19.107	0.028178
19.108	0.093494
19.109	0.054495
19.11	-0.035878
19.111	-0.103178
19.112	-0.099513
19.113	-0.031945
19.114	0.021133
19.115	0.004584
19.116	-0.03007
19.117	-0.002083
19.118	0.081579
19.119	0.161252
19.12	0.272025
19.121	0.552832
19.122	0.972543
19.123	1.153704
19.124	0.816523
19.125	0.259907
19.126	-0.029243
19.127	0.010705
19.128	0.117497
19.129	0.115114
19.13	0.018976
19.131	-0.072682
19.132	-0.075646
19.133	0.00106
19.134	0.05275
19.135	0.017877
19.136	-0.026258
19.137	0.030853
19.138	0.168693
19.139	0.247454
19.14	0.215253
19.141	0.236372
19.142	0.460003
19.143	0.703342
19.144	0.665778
19.145	0.396225
19.146	0.169782
19.147	0.056884
19.148	-0.047057
19.149	-0.150634
19.15	-0.157303
19.151	-0.025783
19.152	0.161319
19.153	0.251385
19.154	0.150218
19.155	-0.064504
19.156	-0.196197
19.157	-0.127277
19.158	0.058527
19.159	0.171445
19.16	0.149429
19.161	0.167553
19.162	0.388906
19.163	0.635464
19.164	0.60111
19.165	0.338798
19.166	0.143037
19.167	0.092703
19.168	0.06436
19.169	0.021454
19.17	0.047431
19.171	0.179594
19.172	0.330103
19.173	0.357828
19.174	0.197702
19.175	-0.057092
19.176	-0.217058
19.177	-0.173639
19.178	-0.005686
19.179	0.109513
19.18	0.105165
19.181	0.118037
19.182	0.264704
19.183	0.381523
19.184	0.263959
19.185	0.043304
19.186	-0.032491
19.187	0.023757
19.188	0.056357
19.189	0.039449
19.19	0.067962
19.191	0.18748
19.192	0.321302
19.193	0.340858
19.194	0.187566
19.195	-0.052134
19.196	-0.20667
19.197	-0.180373
19.198	-0.044411
19.199	0.048374
19.2	0.053837
19.201	0.108071
19.202	0.296234
19.203	0.418312
19.204	0.265672
19.205	-0.000395
19.206	-0.099151
19.207	-0.030043
19.208	0.042228
19.209	0.066429
19.21	0.107926
19.211	0.193857
19.212	0.263096
19.213	0.238519
19.214	0.098352
19.215	-0.091167
19.216	-0.209301
19.217	-0.187982
19.218	-0.084396
19.219	-0.016821
19.22	-0.00484
19.221	0.083054
19.222	0.306665
19.223	0.447193
19.224	0.294573
19.225	0.016207
19.226	-0.100035
19.227	-0.047852
19.228	-0.001287
19.229	-0.048162
19.23	-0.150522
19.231	-0.226267
19.232	-0.214621
19.233	-0.133845
19.234	-0.072187
19.235	-0.073094
19.236	-0.07753
19.237	-0.018675
19.238	0.066267
19.239	0.051306
19.24	-0.142092
19.241	-0.442859
19.242	-0.692978
19.243	-0.78361
19.244	-0.693291
19.245	-0.458747
19.246	-0.18364
19.247	-0.004737
19.248	0.025558
19.249	-0.032636
19.25	-0.108903
19.251	-0.168079
19.252	-0.173611
19.253	-0.114978
19.254	-0.045945
19.255	-0.013398
19.256	0.009705
19.257	0.066406
19.258	0.118643
19.259	0.051354
19.26	-0.201044
19.261	-0.545849
19.262	-0.794077
19.263	-0.826079
19.264	-0.655622
19.265	-0.380195
19.266	-0.138769
19.267	-0.045779
19.268	-0.097535
19.269	-0.22127
19.27	-0.40358
19.271	-0.621828
19.272	-0.72573
19.273	-0.588724
19.274	-0.290039
19.275	-0.003684
19.276	0.193709
19.277	0.317218
19.278	0.347591
19.279	0.192391
19.28	-0.194128
19.281	-0.673926
19.282	-0.984608
19.283	-0.958948
19.284	-0.643404
19.285	-0.228774
19.286	0.079898
19.287	0.179506
19.288	0.122689
19.289	0.006579
19.29	-0.173605
19.291	-0.420004
19.292	-0.575861
19.293	-0.487922
19.294	-0.218027
19.295	0.060054
19.296	0.259672
19.297	0.387909
19.298	0.433805
19.299	0.329059
19.3	0.040464
19.301	-0.328446
19.302	-0.592364
19.303	-0.637461
19.304	-0.476308
19.305	-0.198551
19.306	0.075227
19.307	0.243579
19.308	0.284862
19.309	0.225966
19.31	0.06321
19.311	-0.167774
19.312	-0.311422
19.313	-0.254243
19.314	-0.076525
19.315	0.077626
19.316	0.169299
19.317	0.235963
19.318	0.282055
19.319	0.260558
19.32	0.154626
19.321	0.030738
19.322	-0.049847
19.323	-0.122222
19.324	-0.207695
19.325	-0.212249
19.326	-0.070653
19.327	0.137721
19.328	0.300673
19.329	0.375407
19.33	0.359922
19.331	0.279301
19.332	0.197222
19.333	0.152464
19.334	0.112979
19.335	0.046949
19.336	-0.012486
19.337	-0.01545
19.338	0.031504
19.339	0.079493
19.34	0.116827
19.341	0.187022
19.342	0.26321
19.343	0.187656
19.344	-0.080094
19.345	-0.300719
19.346	-0.258949
19.347	-0.02331
19.348	0.209824
19.349	0.317096
19.35	0.266472
19.351	0.105042
19.352	-0.044243
19.353	-0.083911
19.354	-0.045529
19.355	-0.018583
19.356	-0.023129
19.357	-0.022153
19.358	-0.00722
19.359	-0.001939
19.36	0.018953
19.361	0.161465
19.362	0.454876
19.363	0.675696
19.364	0.583557
19.365	0.294026
19.366	0.0962
19.367	0.058649
19.368	0.071541
19.369	0.084378
19.37	0.138056
19.371	0.2455
19.372	0.331801
19.373	0.295389
19.374	0.112874
19.375	-0.112882
19.376	-0.231213
19.377	-0.182115
19.378	-0.04322
19.379	0.067569
19.38	0.157397
19.381	0.387241
19.382	0.783975
19.383	1.005448
19.384	0.752407
19.385	0.256535
19.386	-0.057804
19.387	-0.106174
19.388	-0.05856
19.389	-0.023085
19.39	0.018834
19.391	0.093764
19.392	0.159468
19.393	0.142742
19.394	0.021978
19.395	-0.131092
19.396	-0.206188
19.397	-0.160069
19.398	-0.059933
19.399	-0.012447
19.4	-0.023474
19.401	0.040503
19.402	0.228508
19.403	0.321821
19.404	0.147496
19.405	-0.106602
19.406	-0.19597
19.407	-0.145621
19.408	-0.101203
19.409	-0.125907
19.41	-0.199347
19.411	-0.26702
19.412	-0.273577
19.413	-0.216417
19.414	-0.149744
19.415	-0.10275
19.416	-0.043978
19.417	0.051623
19.418	0.13235
19.419	0.089611
19.42	-0.12761
19.421	-0.424405
19.422	-0.632188
19.423	-0.663259
19.424	-0.549266
19.425	-0.376005
19.426	-0.251373
19.427	-0.257698
19.428	-0.328429
19.429	-0.192814
19.43	0.507097
19.431	1.89307
19.432	3.412921
19.433	4.001063
19.434	3.138393
19.435	1.45076
19.436	-0.038805
19.437	-0.849077
19.438	-1.168718
19.439	-1.474584
19.44	-2.058727
19.441	-2.704301
19.442	-2.890393
19.443	-2.389554
19.444	-1.483038
19.445	-0.59815
19.446	0.034572
19.447	0.363593
19.448	0.351919
19.449	-0.067961
19.45	-0.873997
19.451	-1.78516
19.452	-2.302358
19.453	-2.089711
19.454	-1.295713
19.455	-0.37861
19.456	0.315481
19.457	0.696224
19.458	0.752383
19.459	0.417803
19.46	-0.282662
19.461	-1.021469
19.462	-1.336821
19.463	-1.070094
19.464	-0.458044
19.465	0.176936
19.466	0.653305
19.467	0.900474
19.468	0.87138
19.469	0.544637
19.47	-0.01174
19.471	-0.588277
19.472	-0.903333
19.473	-0.822735
19.474	-0.471637
19.475	-0.07214
19.476	0.252199
19.477	0.480697
19.478	0.599254
19.479	0.587695
19.48	0.525671
19.481	0.625742
19.482	0.959437
19.483	1.205787
19.484	1.040016
19.485	0.632776
19.486	0.363511
19.487	0.320695
19.488	0.367053
19.489	0.427656
19.49	0.533698
19.491	0.680317
19.492	0.757365
19.493	0.645974
19.494	0.350402
19.495	0.014832
19.496	-0.189684
19.497	-0.194898
19.498	-0.059687
19.499	0.133757
19.5	0.411227
19.501	0.878276
19.502	1.424928
19.503	1.584399
19.504	1.084509
19.505	0.329811
19.506	-0.118193
19.507	-0.174858
19.508	-0.074903
19.509	0.02527
19.51	0.123091
19.511	0.233775
19.512	0.3063
19.513	0.266604
19.514	0.097797
19.515	-0.122208
19.516	-0.263067
19.517	-0.249301
19.518	-0.125196
19.519	0.01268
19.52	0.154813
19.521	0.395238
19.522	0.691778
19.523	0.732157
19.524	0.364775
19.525	-0.07439
19.526	-0.228866
19.527	-0.14512
19.528	-0.043472
19.529	-0.014753
19.53	-0.011839
19.531	0.0274
19.532	0.095187
19.533	0.114402
19.534	0.022922
19.535	-0.132055
19.536	-0.21952
19.537	-0.159523
19.538	-0.007769
19.539	0.112545
19.54	0.168689
19.541	0.266305
19.542	0.440547
19.543	0.493401
19.544	0.289243
19.545	0.021888
19.546	-0.09063
19.547	-0.090173
19.548	-0.107783
19.549	-0.168591
19.55	-0.222514
19.551	-0.230358
19.552	-0.189724
19.553	-0.13884
19.554	-0.13138
19.555	-0.163364
19.556	-0.156061
19.557	-0.049043
19.558	0.120087
19.559	0.267546
19.56	0.392748
19.561	0.597622
19.562	0.862355
19.563	0.904125
19.564	0.566393
19.565	0.137529
19.566	-0.063567
19.567	-0.073557
19.568	-0.079736
19.569	-0.163824
19.57	-0.29873
19.571	-0.410375
19.572	-0.424414
19.573	-0.337941
19.574	-0.231602
19.575	-0.162373
19.576	-0.095359
19.577	0.02071
19.578	0.169418
19.579	0.311258
19.58	0.499882
19.581	0.871483
19.582	1.364926
19.583	1.551835
19.584	1.140198
19.585	0.465056
19.586	0.029415
19.587	-0.088121
19.588	-0.090835
19.589	-0.115228
19.59	-0.16681
19.591	-0.204116
19.592	-0.200886
19.593	-0.169722
19.594	-0.147224
19.595	-0.139779
19.596	-0.104335
19.597	-0.008835
19.598	0.110612
19.599	0.188282
19.6	0.233857
19.601	0.346239
19.602	0.521376
19.603	0.538243
19.604	0.279218
19.605	-0.021597
19.606	-0.122642
19.607	-0.077289
19.608	-0.055066
19.609	-0.137514
19.61	-0.314618
19.611	-0.506705
19.612	-0.586965
19.613	-0.491011
19.614	-0.291988
19.615	-0.1022
19.616	0.044259
19.617	0.165455
19.618	0.244478
19.619	0.216064
19.62	0.044153
19.621	-0.213843
19.622	-0.442275
19.623	-0.546445
19.624	-0.488795
19.625	-0.292708
19.626	-0.046825
19.627	0.132478
19.628	0.186639
19.629	0.151345
19.63	0.100601
19.631	0.077962
19.632	0.084444
19.633	0.096141
19.634	0.085177
19.635	0.051941
19.636	0.030512
19.637	0.043669
19.638	0.058442
19.639	0.000315
19.64	-0.172509
19.641	-0.41079
19.642	-0.602224
19.643	-0.654764
19.644	-0.548393
19.645	-0.331961
19.646	-0.10226
19.647	0.044118
19.648	0.079132
19.649	0.046255
19.65	-0.006226
19.651	-0.055515
19.652	-0.077796
19.653	-0.050548
19.654	0.013263
19.655	0.074568
19.656	0.111508
19.657	0.122277
19.658	0.081648
19.659	-0.071332
19.66	-0.362469
19.661	-0.699885
19.662	-0.907036
19.663	-0.86483
19.664	-0.602269
19.665	-0.249707
19.666	0.058175
19.667	0.243637
19.668	0.309578
19.669	0.323395
19.67	0.350077
19.671	0.39279
19.672	0.412116
19.673	0.379136
19.674	0.293265
19.675	0.178994
19.676	0.075275
19.677	0.007259
19.678	-0.043393
19.679	-0.133319
19.68	-0.300081
19.681	-0.504392
19.682	-0.650679
19.683	-0.66537
19.684	-0.540329
19.685	-0.319521
19.686	-0.07159
19.687	0.134796
19.688	0.266254
19.689	0.351911
19.69	0.441848
19.691	0.530292
19.692	0.562024
19.693	0.50075
19.694	0.355515
19.695	0.168367
19.696	-0.003615
19.697	-0.116392
19.698	-0.166174
19.699	-0.188505
19.7	-0.221782
19.701	-0.277312
19.702	-0.351281
19.703	-0.431499
19.704	-0.473856
19.705	-0.416603
19.706	-0.24585
19.707	-0.022988
19.708	0.179021
19.709	0.36138
19.71	0.573203
19.711	0.784138
19.712	0.864845
19.713	0.733551
19.714	0.446778
19.715	0.127992
19.716	-0.124789
19.717	-0.266054
19.718	-0.30477
19.719	-0.296837
19.72	-0.308323
19.721	-0.365408
19.722	-0.428659
19.723	-0.423281
19.724	-0.322113
19.725	-0.18212
19.726	-0.08465
19.727	-0.071221
19.728	-0.110559
19.729	-0.094277
19.73	0.072956
19.731	0.335912
19.732	0.502631
19.733	0.435186
19.734	0.180046
19.735	-0.095827
19.736	-0.246204
19.737	-0.2291
19.738	-0.102424
19.739	0.051875
19.74	0.237548
19.741	0.555554
19.742	0.963222
19.743	1.110952
19.744	0.769155
19.745	0.224717
19.746	-0.120646
19.747	-0.211541
19.748	-0.191077
19.749	-0.106319
19.75	0.100762
19.751	0.396151
19.752	0.587876
19.753	0.517086
19.754	0.221893
19.755	-0.118638
19.756	-0.336268
19.757	-0.365618
19.758	-0.239643
19.759	-0.013954
19.76	0.32715
19.761	0.848933
19.762	1.403133
19.763	1.519869
19.764	0.971151
19.765	0.191891
19.766	-0.28864
19.767	-0.411999
19.768	-0.381794
19.769	-0.30612
19.77	-0.164533
19.771	0.030561
19.772	0.169894
19.773	0.159276
19.774	0.012176
19.775	-0.174801
19.776	-0.294304
19.777	-0.287395
19.778	-0.165483
19.779	0.019967
19.78	0.25061
19.781	0.553533
19.782	0.844665
19.783	0.855499
19.784	0.472899
19.785	-0.015978
19.786	-0.291508
19.787	-0.348143
19.788	-0.341492
19.789	-0.34621
19.79	-0.328452
19.791	-0.250239
19.792	-0.139223
19.793	-0.063255
19.794	-0.068187
19.795	-0.135659
19.796	-0.193662
19.797	-0.17372
19.798	-0.07028
19.799	0.046373
19.8	0.090403
19.801	0.036179
19.802	-0.076132
19.803	-0.19051
19.804	-0.265372
19.805	-0.277953
19.806	-0.243444
19.807	-0.215712
19.808	-0.23473
19.809	-0.285442
19.81	-0.320904
19.811	-0.306937
19.812	-0.239748
19.813	-0.149203
19.814	-0.087191
19.815	-0.082564
19.816	-0.105908
19.817	-0.095254
19.818	-0.025029
19.819	0.055837
19.82	0.073449
19.821	0.012169
19.822	-0.077424
19.823	-0.145539
19.824	-0.17911
19.825	-0.182329
19.826	-0.171964
19.827	-0.181078
19.828	-0.235058
19.829	-0.340053
19.83	-0.482692
19.831	-0.596482
19.832	-0.576377
19.833	-0.398125
19.834	-0.171998
19.835	-0.027699
19.836	0.010966
19.837	0.01718
19.838	0.054869
19.839	0.102742
19.84	0.097092
19.841	0.030719
19.842	-0.039915
19.843	-0.076851
19.844	-0.091318
19.845	-0.10298
19.846	-0.119253
19.847	-0.140599
19.848	-0.150803
19.849	-0.123206
19.85	-0.060304
19.851	0.006219
19.852	0.060414
19.853	0.099207
19.854	0.095836
19.855	0.020189
19.856	-0.102953
19.857	-0.188242
19.858	-0.156215
19.859	0.006351
19.86	0.267664
19.861	0.592168
19.862	0.86784
19.863	0.87062
19.864	0.516149
19.865	0.033427
19.866	-0.308707
19.867	-0.45837
19.868	-0.451126
19.869	-0.210643
19.87	0.342476
19.871	0.989295
19.872	1.287002
19.873	1.052275
19.874	0.51561
19.875	-0.01203
19.876	-0.373413
19.877	-0.534158
19.878	-0.555723
19.879	-0.599971
19.88	-0.790543
19.881	-1.019412
19.882	-1.042552
19.883	-0.798123
19.884	-0.464584
19.885	-0.210407
19.886	-0.045135
19.887	0.076383
19.888	0.123556
19.889	0.011758
19.89	-0.282411
19.891	-0.63454
19.892	-0.816727
19.893	-0.6924
19.894	-0.364718
19.895	-0.068808
19.896	0.069646
19.897	0.09681
19.898	0.058427
19.899	-0.143833
19.9	-0.607576
19.901	-1.140407
19.902	-1.333472
19.903	-1.015586
19.904	-0.433636
19.905	0.070695
19.906	0.375559
19.907	0.531662
19.908	0.570553
19.909	0.454164
19.91	0.158849
19.911	-0.228182
19.912	-0.504431
19.913	-0.502597
19.914	-0.265295
19.915	0.000261
19.916	0.150547
19.917	0.204521
19.918	0.202774
19.919	0.060816
19.92	-0.316983
19.921	-0.776643
19.922	-0.969745
19.923	-0.745475
19.924	-0.303597
19.925	0.082829
19.926	0.325054
19.927	0.469244
19.928	0.540076
19.929	0.507329
19.93	0.343128
19.931	0.079285
19.932	-0.16164
19.933	-0.23656
19.934	-0.136512
19.935	0.000717
19.936	0.067564
19.937	0.086641
19.938	0.099016
19.939	0.032019
19.94	-0.20809
19.941	-0.518528
19.942	-0.648587
19.943	-0.502836
19.944	-0.229549
19.945	0.003703
19.946	0.168425
19.947	0.294227
19.948	0.346551
19.949	0.237457
19.95	-0.066343
19.951	-0.448204
19.952	-0.671275
19.953	-0.579134
19.954	-0.267132
19.955	0.021649
19.956	0.149946
19.957	0.164395
19.958	0.138205
19.959	0.020549
19.96	-0.265981
19.961	-0.609677
19.962	-0.767948
19.963	-0.65777
19.964	-0.419947
19.965	-0.196174
19.966	0.008642
19.967	0.236104
19.968	0.461157
19.969	0.602215
19.97	0.593255
19.971	0.445606
19.972	0.268874
19.973	0.186046
19.974	0.189831
19.975	0.153421
19.976	0.012668
19.977	-0.1484
19.978	-0.223973
19.979	-0.232213
19.98	-0.269143
19.981	-0.345127
19.982	-0.382735
19.983	-0.364453
19.984	-0.341892
19.985	-0.31038
19.986	-0.196972
19.987	0.028274
19.988	0.300516
19.989	0.516525
19.99	0.600234
19.991	0.53719
19.992	0.40138
19.993	0.300835
19.994	0.242092
19.995	0.127562
19.996	-0.0802
19.997	-0.279724
19.998	-0.345048
19.999	-0.266746
20.0	-0.138384
20.001	-0.042537
20.002	-0.024307
20.003	-0.121766
20.004	-0.309494
20.005	-0.453172
20.006	-0.414823
20.007	-0.186578
20.008	0.110606
20.009	0.332343
20.01	0.397662
20.011	0.318524
20.012	0.198712
20.013	0.152515
20.014	0.165613
20.015	0.10771
20.016	-0.081764
20.017	-0.30349
20.018	-0.423946
20.019	-0.430437
20.02	-0.407273
20.021	-0.396033
20.022	-0.371985
20.023	-0.330984
20.024	-0.294203
20.025	-0.25525
20.026	-0.193444
20.027	-0.107797
20.028	-0.007252
20.029	0.11577
20.03	0.263676
20.031	0.37958
20.032	0.38994
20.033	0.299235
20.034	0.159541
20.035	-0.004523
20.036	-0.164432
20.037	-0.258525
20.038	-0.287383
20.039	-0.389741
20.04	-0.683778
20.041	-1.020858
20.042	-1.082838
20.043	-0.776882
20.044	-0.344929
20.045	-0.052704
20.046	0.055979
20.047	0.086915
20.048	0.135173
20.049	0.245642
20.05	0.416561
20.051	0.57119
20.052	0.60738
20.053	0.503799
20.054	0.311071
20.055	0.077666
20.056	-0.14233
20.057	-0.274967
20.058	-0.317353
20.059	-0.406943
20.06	-0.66583
20.061	-0.960572
20.062	-0.996899
20.063	-0.697983
20.064	-0.299821
20.065	-0.049288
20.066	0.026949
20.067	0.047719
20.068	0.117119
20.069	0.280903
20.07	0.522539
20.071	0.736803
20.072	0.794913
20.073	0.664108
20.074	0.405367
20.075	0.09713
20.076	-0.175785
20.077	-0.330786
20.078	-0.382848
20.079	-0.49853
20.08	-0.812521
20.081	-1.164619
20.082	-1.212628
20.083	-0.859271
20.084	-0.369551
20.085	-0.040754
20.086	0.074882
20.087	0.102505
20.088	0.146037
20.089	0.219462
20.09	0.285569
20.091	0.309606
20.092	0.298818
20.093	0.27518
20.094	0.217218
20.095	0.089335
20.096	-0.072106
20.097	-0.169288
20.098	-0.175097
20.099	-0.212257
20.1	-0.403888
20.101	-0.646552
20.102	-0.690991
20.103	-0.470484
20.104	-0.179099
20.105	-0.012741
20.106	0.025001
20.107	0.041307
20.108	0.087759
20.109	0.119278
20.11	0.069286
20.111	-0.049613
20.112	-0.129821
20.113	-0.093669
20.114	-0.001387
20.115	0.028913
20.116	-0.019009
20.117	-0.050552
20.118	-0.013745
20.119	0.001024
20.12	-0.116053
20.121	-0.296701
20.122	-0.352683
20.123	-0.233754
20.124	-0.080333
20.125	-0.015709
20.126	-0.014576
20.127	0.002465
20.128	0.029975
20.129	-0.033013
20.13	-0.254854
20.131	-0.522109
20.132	-0.602525
20.133	-0.415495
20.134	-0.132229
20.135	0.038217
20.136	0.066683
20.137	0.074163
20.138	0.145181
20.139	0.22226
20.14	0.205418
20.141	0.112716
20.142	0.048201
20.143	0.03646
20.144	0.007603
20.145	-0.067645
20.146	-0.128049
20.147	-0.107376
20.148	-0.014352
20.149	0.069959
20.15	0.062797
20.151	-0.026008
20.152	-0.09153
20.153	-0.067964
20.154	-0.016831
20.155	-0.028539
20.156	-0.087654
20.157	-0.095757
20.158	-0.010259
20.159	0.088466
20.16	0.101575
20.161	0.044506
20.162	-0.00244
20.163	-0.030542
20.164	-0.088463
20.165	-0.171918
20.166	-0.214756
20.167	-0.175533
20.168	-0.099767
20.169	-0.106386
20.17	-0.282127
20.171	-0.538468
20.172	-0.644823
20.173	-0.489348
20.174	-0.216374
20.175	-0.034226
20.176	0.014332
20.177	0.036116
20.178	0.114028
20.179	0.210226
20.18	0.241835
20.181	0.195215
20.182	0.112941
20.183	0.016072
20.184	-0.093263
20.185	-0.184111
20.186	-0.207984
20.187	-0.154499
20.188	-0.089205
20.189	-0.138712
20.19	-0.377384
20.191	-0.675636
20.192	-0.765746
20.193	-0.545873
20.194	-0.201295
20.195	0.030597
20.196	0.097851
20.197	0.101996
20.198	0.112909
20.199	0.082219
20.2	-0.04947
20.201	-0.220231
20.202	-0.302593
20.203	-0.263898
20.204	-0.181278
20.205	-0.119747
20.206	-0.072673
20.207	-0.010092
20.208	0.051881
20.209	0.032311
20.21	-0.12876
20.211	-0.336548
20.212	-0.389352
20.213	-0.22429
20.214	-0.001265
20.215	0.100666
20.216	0.069059
20.217	0.015994
20.218	0.016527
20.219	0.03781
20.22	0.022819
20.221	-0.018215
20.222	-0.048536
20.223	-0.081215
20.224	-0.142781
20.225	-0.206828
20.226	-0.217625
20.227	-0.146993
20.228	-0.020717
20.229	0.080854
20.23	0.074839
20.231	-0.019635
20.232	-0.073526
20.233	-0.011418
20.234	0.08193
20.235	0.081355
20.236	-0.016419
20.237	-0.111028
20.238	-0.144462
20.239	-0.164045
20.24	-0.225805
20.241	-0.295362
20.242	-0.308998
20.243	-0.279414
20.244	-0.260155
20.245	-0.255979
20.246	-0.222749
20.247	-0.122554
20.248	0.031329
20.249	0.160333
20.25	0.175245
20.251	0.095919
20.252	0.057817
20.253	0.124785
20.254	0.190459
20.255	0.133331
20.256	-0.021973
20.257	-0.1515
20.258	-0.186954
20.259	-0.175936
20.26	-0.191505
20.261	-0.22084
20.262	-0.190599
20.263	-0.092422
20.264	-0.017631
20.265	-0.051651
20.266	-0.177353
20.267	-0.287558
20.268	-0.254262
20.269	-0.001039
20.27	0.41962
20.271	0.812101
20.272	0.958163
20.273	0.773693
20.274	0.354337
20.275	-0.09695
20.276	-0.382331
20.277	-0.412205
20.278	-0.258929
20.279	-0.098569
20.28	-0.047042
20.281	-0.065288
20.282	-0.070383
20.283	-0.073267
20.284	-0.136527
20.285	-0.26528
20.286	-0.396027
20.287	-0.450961
20.288	-0.378458
20.289	-0.182087
20.29	0.061819
20.291	0.248335
20.292	0.315836
20.293	0.253518
20.294	0.078238
20.295	-0.144219
20.296	-0.292514
20.297	-0.27995
20.298	-0.16419
20.299	-0.119077
20.3	-0.245946
20.301	-0.438364
20.302	-0.510313
20.303	-0.422019
20.304	-0.29032
20.305	-0.220556
20.306	-0.213419
20.307	-0.214967
20.308	-0.202603
20.309	-0.223402
20.31	-0.331468
20.311	-0.462225
20.312	-0.463756
20.313	-0.305857
20.314	-0.130591
20.315	-0.05319
20.316	-0.029089
20.317	0.041914
20.318	0.145934
20.319	0.145048
20.32	-0.043242
20.321	-0.304478
20.322	-0.441953
20.323	-0.394177
20.324	-0.259249
20.325	-0.149569
20.326	-0.094777
20.327	-0.057954
20.328	0.001446
20.329	0.072236
20.33	0.102465
20.331	0.08616
20.332	0.079414
20.333	0.091138
20.334	0.0566
20.335	-0.037781
20.336	-0.099997
20.337	-0.046579
20.338	0.070033
20.339	0.088143
20.34	-0.080818
20.341	-0.330886
20.342	-0.481265
20.343	-0.467988
20.344	-0.3581
20.345	-0.239099
20.346	-0.151616
20.347	-0.089372
20.348	-0.034937
20.349	-0.00769
20.35	-0.046653
20.351	-0.116662
20.352	-0.11798
20.353	-0.041324
20.354	0.006427
20.355	-0.027099
20.356	-0.060012
20.357	-0.004099
20.358	0.087431
20.359	0.047912
20.36	-0.204434
20.361	-0.535373
20.362	-0.720572
20.363	-0.666738
20.364	-0.456489
20.365	-0.229392
20.366	-0.073531
20.367	0.005767
20.368	0.047009
20.369	0.057451
20.37	0.005704
20.371	-0.084357
20.372	-0.11715
20.373	-0.063811
20.374	-0.01084
20.375	-0.016434
20.376	-0.020367
20.377	0.04472
20.378	0.101681
20.379	-0.033003
20.38	-0.416435
20.381	-0.839452
20.382	-1.008525
20.383	-0.834203
20.384	-0.467657
20.385	-0.119705
20.386	0.087534
20.387	0.153149
20.388	0.134231
20.389	0.045528
20.39	-0.133518
20.391	-0.329107
20.392	-0.383138
20.393	-0.264184
20.394	-0.114421
20.395	-0.031909
20.396	0.047112
20.397	0.205201
20.398	0.37796
20.399	0.399996
20.4	0.223861
20.401	0.023759
20.402	-0.020298
20.403	0.036562
20.404	0.051447
20.405	0.029609
20.406	0.029681
20.407	0.038463
20.408	0.024327
20.409	-0.043726
20.41	-0.187319
20.411	-0.329104
20.412	-0.331393
20.413	-0.197177
20.414	-0.076869
20.415	-0.036235
20.416	0.027109
20.417	0.20022
20.418	0.378709
20.419	0.335798
20.42	-0.022374
20.421	-0.515978
20.422	-0.845465
20.423	-0.843881
20.424	-0.560477
20.425	-0.180749
20.426	0.100039
20.427	0.187304
20.428	0.098816
20.429	-0.125888
20.43	-0.43742
20.431	-0.67482
20.432	-0.645901
20.433	-0.383495
20.434	-0.119919
20.435	0.021993
20.436	0.137277
20.437	0.327073
20.438	0.496075
20.439	0.434216
20.44	0.095915
20.441	-0.280132
20.442	-0.420838
20.443	-0.31543
20.444	-0.111542
20.445	0.114109
20.446	0.298547
20.447	0.322585
20.448	0.09105
20.449	-0.422382
20.45	-1.085369
20.451	-1.515861
20.452	-1.369729
20.453	-0.773974
20.454	-0.192143
20.455	0.108952
20.456	0.239819
20.457	0.424389
20.458	0.75239
20.459	1.204978
20.46	1.775795
20.461	2.419934
20.462	2.82349
20.463	2.483077
20.464	1.379855
20.465	0.158628
20.466	-0.665672
20.467	-0.988874
20.468	-0.58921
20.469	0.895619
20.47	3.227498
20.471	5.158052
20.472	5.356453
20.473	3.744456
20.474	1.414895
20.475	-0.489857
20.476	-1.4356
20.477	-1.485357
20.478	-1.034924
20.479	-0.451904
20.48	0.181045
20.481	0.919948
20.482	1.498276
20.483	1.364752
20.484	0.499662
20.485	-0.39028
20.486	-0.802046
20.487	-0.893892
20.488	-1.033055
20.489	-1.445149
20.49	-2.105238
20.491	-2.626354
20.492	-2.508539
20.493	-1.733483
20.494	-0.83851
20.495	-0.272523
20.496	0.01565
20.497	0.274747
20.498	0.543437
20.499	0.714929
20.5	0.865477
20.501	1.243763
20.502	1.757891
20.503	1.832693
20.504	1.239199
20.505	0.513011
20.506	0.131997
20.507	-0.001362
20.508	-0.173724
20.509	-0.564698
20.51	-1.183361
20.511	-1.735662
20.512	-1.779733
20.513	-1.249332
20.514	-0.569303
20.515	-0.110563
20.516	0.177033
20.517	0.486513
20.518	0.785815
20.519	0.910938
20.52	0.927347
20.521	1.15851
20.522	1.648974
20.523	1.88412
20.524	1.520836
20.525	0.912641
20.526	0.458669
20.527	0.120876
20.528	-0.256953
20.529	-0.7277
20.53	-1.250306
20.531	-1.614649
20.532	-1.550792
20.533	-1.090942
20.534	-0.583838
20.535	-0.234674
20.536	0.102766
20.537	0.583256
20.538	1.04917
20.539	1.216292
20.54	1.129035
20.541	1.201613
20.542	1.577691
20.543	1.768726
20.544	1.414326
20.545	0.848985
20.546	0.452198
20.547	0.176855
20.548	-0.117207
20.549	-0.462175
20.55	-0.838453
20.551	-1.114912
20.552	-1.092565
20.553	-0.789543
20.554	-0.470139
20.555	-0.260747
20.556	0.00984
20.557	0.475694
20.558	0.946805
20.559	1.117156
20.56	1.023772
20.561	1.082992
20.562	1.444178
20.563	1.62705
20.564	1.283987
20.565	0.75649
20.566	0.410089
20.567	0.169234
20.568	-0.132292
20.569	-0.534252
20.57	-0.983565
20.571	-1.284329
20.572	-1.207474
20.573	-0.813457
20.574	-0.428018
20.575	-0.198423
20.576	0.059493
20.577	0.498343
20.578	0.944531
20.579	1.106579
20.58	1.022795
20.581	1.088849
20.582	1.433852
20.583	1.584882
20.584	1.219378
20.585	0.691929
20.586	0.362356
20.587	0.152493
20.588	-0.087397
20.589	-0.379557
20.59	-0.692132
20.591	-0.898995
20.592	-0.836203
20.593	-0.560277
20.594	-0.328921
20.595	-0.224281
20.596	-0.041925
20.597	0.363073
20.598	0.810849
20.599	1.008017
20.6	0.965984
20.601	1.014869
20.602	1.254697
20.603	1.297617
20.604	0.925025
20.605	0.476041
20.606	0.227813
20.607	0.063926
20.608	-0.158451
20.609	-0.446878
20.61	-0.75604
20.611	-0.947227
20.612	-0.853803
20.613	-0.545276
20.614	-0.296931
20.615	-0.200052
20.616	-0.047857
20.617	0.312708
20.618	0.709428
20.619	0.858928
20.62	0.790562
20.621	0.853875
20.622	1.147829
20.623	1.254106
20.624	0.921417
20.625	0.481811
20.626	0.226785
20.627	0.055761
20.628	-0.169827
20.629	-0.463008
20.63	-0.781216
20.631	-0.976969
20.632	-0.870739
20.633	-0.532946
20.634	-0.258839
20.635	-0.159806
20.636	-0.030922
20.637	0.291856
20.638	0.648657
20.639	0.768392
20.64	0.694978
20.641	0.78886
20.642	1.137494
20.643	1.289298
20.644	0.969802
20.645	0.516184
20.646	0.241547
20.647	0.063493
20.648	-0.153852
20.649	-0.431927
20.65	-0.732818
20.651	-0.906687
20.652	-0.779143
20.653	-0.436772
20.654	-0.183513
20.655	-0.121776
20.656	-0.031034
20.657	0.264554
20.658	0.616735
20.659	0.766691
20.66	0.755316
20.661	0.910707
20.662	1.277036
20.663	1.388703
20.664	0.998011
20.665	0.483326
20.666	0.185208
20.667	0.023086
20.668	-0.162103
20.669	-0.429633
20.67	-0.766437
20.671	-1.0026
20.672	-0.908113
20.673	-0.535313
20.674	-0.210853
20.675	-0.084566
20.676	0.039466
20.677	0.33979
20.678	0.671253
20.679	0.753514
20.68	0.587636
20.681	0.512424
20.682	0.704658
20.683	0.852438
20.684	0.683199
20.685	0.403784
20.686	0.245745
20.687	0.138293
20.688	-0.039679
20.689	-0.334476
20.69	-0.724819
20.691	-1.012273
20.692	-0.936609
20.693	-0.546617
20.694	-0.188713
20.695	-0.037121
20.696	0.089138
20.697	0.379104
20.698	0.734733
20.699	0.936437
20.7	0.993133
20.701	1.131894
20.702	1.348298
20.703	1.276663
20.704	0.801389
20.705	0.315423
20.706	0.099113
20.707	0.025228
20.708	-0.098525
20.709	-0.355233
20.71	-0.714972
20.711	-0.95979
20.712	-0.845614
20.713	-0.457356
20.714	-0.143064
20.715	-0.045168
20.716	0.037821
20.717	0.296377
20.718	0.639446
20.719	0.862427
20.72	0.973869
20.721	1.170388
20.722	1.403514
20.723	1.288952
20.724	0.740563
20.725	0.202221
20.726	-0.016655
20.727	-0.040266
20.728	-0.062122
20.729	-0.170344
20.73	-0.376249
20.731	-0.546635
20.732	-0.49238
20.733	-0.257456
20.734	-0.098771
20.735	-0.106967
20.736	-0.087499
20.737	0.134703
20.738	0.487006
20.739	0.797554
20.74	1.059481
20.741	1.380486
20.742	1.618002
20.743	1.383308
20.744	0.678517
20.745	0.040842
20.746	-0.191272
20.747	-0.1743
20.748	-0.156724
20.749	-0.265357
20.75	-0.508161
20.751	-0.711228
20.752	-0.645172
20.753	-0.350775
20.754	-0.118428
20.755	-0.082948
20.756	-0.077463
20.757	0.07751
20.758	0.336086
20.759	0.551739
20.76	0.729253
20.761	0.98122
20.762	1.188262
20.763	1.005776
20.764	0.43653
20.765	-0.052796
20.766	-0.181494
20.767	-0.105142
20.768	-0.061299
20.769	-0.183188
20.77	-0.482831
20.771	-0.762777
20.772	-0.741072
20.773	-0.417077
20.774	-0.097631
20.775	0.014662
20.776	0.027119
20.777	0.110495
20.778	0.240253
20.779	0.279583
20.78	0.24796
20.781	0.364378
20.782	0.687436
20.783	0.881493
20.784	0.689671
20.785	0.329905
20.786	0.075846
20.787	-0.083958
20.788	-0.244868
20.789	-0.444505
20.79	-0.667143
20.791	-0.793766
20.792	-0.681466
20.793	-0.388686
20.794	-0.148541
20.795	-0.063003
20.796	0.002729
20.797	0.181669
20.798	0.386504
20.799	0.413645
20.8	0.246421
20.801	0.127607
20.802	0.212626
20.803	0.32099
20.804	0.262334
20.805	0.13112
20.806	0.057053
20.807	0.006609
20.808	-0.089942
20.809	-0.270224
20.81	-0.538658
20.811	-0.780935
20.812	-0.800457
20.813	-0.567241
20.814	-0.281528
20.815	-0.099321
20.816	0.039906
20.817	0.254595
20.818	0.519942
20.819	0.713777
20.82	0.835376
20.821	1.041651
20.822	1.319654
20.823	1.315113
20.824	0.845059
20.825	0.258461
20.826	-0.076627
20.827	-0.192554
20.828	-0.309403
20.829	-0.586037
20.83	-1.006391
20.831	-1.31813
20.832	-1.230234
20.833	-0.765349
20.834	-0.253854
20.835	0.048888
20.836	0.17869
20.837	0.301609
20.838	0.467469
20.839	0.577313
20.84	0.554267
20.841	0.444784
20.842	0.307645
20.843	0.127634
20.844	-0.06895
20.845	-0.170095
20.846	-0.1386
20.847	-0.075727
20.848	-0.115203
20.849	-0.33422
20.85	-0.679109
20.851	-0.919942
20.852	-0.823472
20.853	-0.432756
20.854	-0.038214
20.855	0.143059
20.856	0.148177
20.857	0.146737
20.858	0.221727
20.859	0.300801
20.86	0.284531
20.861	0.165996
20.862	-0.009241
20.863	-0.197836
20.864	-0.32917
20.865	-0.327936
20.866	-0.199984
20.867	-0.045917
20.868	0.003306
20.869	-0.136134
20.87	-0.415403
20.871	-0.619292
20.872	-0.533135
20.873	-0.193589
20.874	0.134622
20.875	0.241603
20.876	0.149478
20.877	0.021709
20.878	-0.052113
20.879	-0.148075
20.88	-0.356042
20.881	-0.599794
20.882	-0.714252
20.883	-0.648951
20.884	-0.482926
20.885	-0.2865
20.886	-0.067801
20.887	0.170374
20.888	0.402301
20.889	0.602353
20.89	0.745409
20.891	0.806247
20.892	0.782683
20.893	0.683898
20.894	0.498703
20.895	0.219001
20.896	-0.099555
20.897	-0.347034
20.898	-0.485129
20.899	-0.628365
20.9	-0.887222
20.901	-1.156442
20.902	-1.212955
20.903	-1.006126
20.904	-0.692724
20.905	-0.402471
20.906	-0.123662
20.907	0.192283
20.908	0.560206
20.909	0.985865
20.91	1.420209
20.911	1.694169
20.912	1.638413
20.913	1.267792
20.914	0.742648
20.915	0.199202
20.916	-0.280235
20.917	-0.615113
20.918	-0.7979
20.919	-0.983497
20.92	-1.322526
20.921	-1.687996
20.922	-1.764702
20.923	-1.448069
20.924	-0.955677
20.925	-0.511573
20.926	-0.131472
20.927	0.258475
20.928	0.703904
20.929	1.240837
20.93	1.820436
20.931	2.192241
20.932	2.090723
20.933	1.552574
20.934	0.850493
20.935	0.187644
20.936	-0.364809
20.937	-0.753858
20.938	-0.985326
20.939	-1.229118
20.94	-1.640845
20.941	-2.053293
20.942	-2.097682
20.943	-1.677014
20.944	-1.069447
20.945	-0.537303
20.946	-0.092514
20.947	0.335745
20.948	0.7531
20.949	1.156617
20.95	1.523788
20.951	1.710422
20.952	1.571594
20.953	1.176752
20.954	0.710948
20.955	0.248947
20.956	-0.209215
20.957	-0.595149
20.958	-0.851938
20.959	-1.10365
20.96	-1.510002
20.961	-1.933634
20.962	-2.014007
20.963	-1.63065
20.964	-1.03819
20.965	-0.494699
20.966	-0.022885
20.967	0.419935
20.968	0.796052
20.969	1.077926
20.97	1.277929
20.971	1.3409
20.972	1.200932
20.973	0.930179
20.974	0.641369
20.975	0.320671
20.976	-0.079955
20.977	-0.477397
20.978	-0.757399
20.979	-0.990959
20.98	-1.329677
20.981	-1.678855
20.982	-1.735832
20.983	-1.40568
20.984	-0.915062
20.985	-0.465088
20.986	-0.043001
20.987	0.385241
20.988	0.758725
20.989	1.05504
20.99	1.311394
20.991	1.457893
20.992	1.366069
20.993	1.073432
20.994	0.722351
20.995	0.338271
20.996	-0.116265
20.997	-0.553466
20.998	-0.84232
20.999	-1.041701
21.0	-1.317636
21.001	-1.609952
21.002	-1.643368
21.003	-1.330417
21.004	-0.886634
21.005	-0.487156
21.006	-0.092237
21.007	0.344753
21.008	0.759746
21.009	1.105857
21.01	1.371
21.011	1.465115
21.012	1.312935
21.013	1.012215
21.014	0.699641
21.015	0.352676
21.016	-0.097356
21.017	-0.55076
21.018	-0.836844
21.019	-0.986485
21.02	-1.179324
21.021	-1.402769
21.022	-1.426173
21.023	-1.167917
21.024	-0.806491
21.025	-0.472115
21.026	-0.110976
21.027	0.293283
21.028	0.622655
21.029	0.815198
21.03	0.929751
21.031	0.975067
21.032	0.903309
21.033	0.761726
21.034	0.616961
21.035	0.402773
21.036	0.05226
21.037	-0.312653
21.038	-0.529697
21.039	-0.669769
21.04	-0.910488
21.041	-1.158688
21.042	-1.117496
21.043	-0.755541
21.044	-0.375191
21.045	-0.17495
21.046	-0.058912
21.047	0.093805
21.048	0.277142
21.049	0.510847
21.05	0.832268
21.051	1.086078
21.052	1.04592
21.053	0.753633
21.054	0.433282
21.055	0.154636
21.056	-0.143012
21.057	-0.415684
21.058	-0.584124
21.059	-0.774041
21.06	-1.161213
21.061	-1.560935
21.062	-1.547723
21.063	-1.051425
21.064	-0.461831
21.065	-0.088002
21.066	0.123561
21.067	0.297942
21.068	0.41777
21.069	0.47106
21.07	0.512618
21.071	0.511934
21.072	0.401298
21.073	0.266477
21.074	0.226149
21.075	0.20315
21.076	0.058775
21.077	-0.150051
21.078	-0.285053
21.079	-0.425167
21.08	-0.750864
21.081	-1.129209
21.082	-1.17713
21.083	-0.805681
21.084	-0.341462
21.085	-0.04124
21.086	0.156742
21.087	0.345502
21.088	0.463245
21.089	0.472249
21.09	0.441487
21.091	0.3877
21.092	0.278476
21.093	0.189076
21.094	0.203676
21.095	0.223713
21.096	0.107853
21.097	-0.07815
21.098	-0.175837
21.099	-0.241318
21.1	-0.457315
21.101	-0.742416
21.102	-0.789532
21.103	-0.536108
21.104	-0.246441
21.105	-0.083086
21.106	0.057567
21.107	0.248724
21.108	0.402256
21.109	0.486554
21.11	0.581408
21.111	0.656847
21.112	0.590319
21.113	0.419009
21.114	0.279348
21.115	0.154706
21.116	-0.048302
21.117	-0.245834
21.118	-0.248303
21.119	-0.068131
21.12	0.083369
21.121	0.107955
21.122	0.081469
21.123	0.016086
21.124	-0.15669
21.125	-0.355661
21.126	-0.381068
21.127	-0.192413
21.128	0.094879
21.129	0.479871
21.13	1.008333
21.131	1.420081
21.132	1.349809
21.133	0.87621
21.134	0.381982
21.135	0.022824
21.136	-0.276467
21.137	-0.504148
21.138	-0.579084
21.139	-0.606612
21.14	-0.78449
21.141	-1.032299
21.142	-1.047526
21.143	-0.772515
21.144	-0.467535
21.145	-0.288625
21.146	-0.137408
21.147	0.045119
21.148	0.167012
21.149	0.220113
21.15	0.319128
21.151	0.435499
21.152	0.414206
21.153	0.276264
21.154	0.170085
21.155	0.085156
21.156	-0.084668
21.157	-0.275021
21.158	-0.317225
21.159	-0.237233
21.16	-0.226409
21.161	-0.31054
21.162	-0.325325
21.163	-0.241229
21.164	-0.208246
21.165	-0.24811
21.166	-0.212351
21.167	-0.070677
21.168	0.046609
21.169	0.122849
21.17	0.278179
21.171	0.466065
21.172	0.488225
21.173	0.341337
21.174	0.193495
21.175	0.069314
21.176	-0.120253
21.177	-0.317795
21.178	-0.377746
21.179	-0.348708
21.18	-0.415319
21.181	-0.550688
21.182	-0.534664
21.183	-0.345579
21.184	-0.198463
21.185	-0.170656
21.186	-0.123735
21.187	-0.011772
21.188	0.039415
21.189	-0.003954
21.19	-0.023198
21.191	0.003921
21.192	-0.009909
21.193	-0.030811
21.194	0.02974
21.195	0.087826
21.196	0.004359
21.197	-0.151989
21.198	-0.201736
21.199	-0.166994
21.2	-0.225388
21.201	-0.358548
21.202	-0.357044
21.203	-0.196827
21.204	-0.078975
21.205	-0.074211
21.206	-0.047398
21.207	0.043581
21.208	0.065795
21.209	-0.027765
21.21	-0.120534
21.211	-0.156999
21.212	-0.17741
21.213	-0.1441
21.214	-0.011341
21.215	0.098971
21.216	0.04299
21.217	-0.089784
21.218	-0.084861
21.219	0.066997
21.22	0.175469
21.221	0.174206
21.222	0.168634
21.223	0.165855
21.224	0.058578
21.225	-0.111685
21.226	-0.164529
21.227	-0.078377
21.228	-0.024487
21.229	-0.07411
21.23	-0.119242
21.231	-0.111143
21.232	-0.106065
21.233	-0.080006
21.234	0.019057
21.235	0.08619
21.236	-0.01931
21.237	-0.222551
21.238	-0.312959
21.239	-0.249592
21.24	-0.184808
21.241	-0.189039
21.242	-0.188003
21.243	-0.181432
21.244	-0.250863
21.245	-0.332573
21.246	-0.257542
21.247	-0.034307
21.248	0.157622
21.249	0.272921
21.25	0.426991
21.251	0.588552
21.252	0.58778
21.253	0.438808
21.254	0.29163
21.255	0.13269
21.256	-0.139122
21.257	-0.424843
21.258	-0.490827
21.259	-0.298954
21.26	-0.046941
21.261	0.11223
21.262	0.161794
21.263	0.069546
21.264	-0.17795
21.265	-0.408648
21.266	-0.397358
21.267	-0.173019
21.268	0.020572
21.269	0.075615
21.27	0.100745
21.271	0.149828
21.272	0.163663
21.273	0.163846
21.274	0.197007
21.275	0.153441
21.276	-0.084233
21.277	-0.378736
21.278	-0.454355
21.279	-0.256433
21.28	0.008597
21.281	0.184233
21.282	0.283398
21.283	0.296265
21.284	0.150186
21.285	-0.086856
21.286	-0.21763
21.287	-0.19422
21.288	-0.149534
21.289	-0.122564
21.29	-0.029559
21.291	0.078372
21.292	0.058975
21.293	-0.035912
21.294	-0.050205
21.295	-0.016809
21.296	-0.068188
21.297	-0.160595
21.298	-0.157944
21.299	-0.123475
21.3	-0.228391
21.301	-0.390427
21.302	-0.352041
21.303	-0.123778
21.304	0.017938
21.305	-0.017626
21.306	-0.047652
21.307	0.017579
21.308	0.062908
21.309	0.041692
21.31	0.040921
21.311	0.044984
21.312	-0.038676
21.313	-0.129506
21.314	-0.086426
21.315	0.01035
21.316	-0.008626
21.317	-0.09432
21.318	-0.070826
21.319	0.034587
21.32	0.038277
21.321	-0.049228
21.322	-0.043433
21.323	0.049403
21.324	0.036068
21.325	-0.088498
21.326	-0.117962
21.327	-0.000605
21.328	0.090401
21.329	0.071382
21.33	0.033473
21.331	-0.004092
21.332	-0.099181
21.333	-0.164538
21.334	-0.082839
21.335	0.037383
21.336	0.015627
21.337	-0.093324
21.338	-0.104
21.339	-0.043702
21.34	-0.100831
21.341	-0.252614
21.342	-0.27981
21.343	-0.159663
21.344	-0.092036
21.345	-0.116022
21.346	-0.056996
21.347	0.114974
21.348	0.203132
21.349	0.107586
21.35	-0.055112
21.351	-0.191054
21.352	-0.289904
21.353	-0.268577
21.354	-0.074724
21.355	0.123584
21.356	0.123842
21.357	-0.014042
21.358	-0.092025
21.359	-0.131626
21.36	-0.312519
21.361	-0.571979
21.362	-0.625685
21.363	-0.421321
21.364	-0.203568
21.365	-0.087155
21.366	0.060993
21.367	0.273007
21.368	0.372532
21.369	0.286573
21.37	0.152829
21.371	0.050793
21.372	-0.051444
21.373	-0.083002
21.374	0.041756
21.375	0.182426
21.376	0.132451
21.377	-0.055973
21.378	-0.17341
21.379	-0.221
21.38	-0.372923
21.381	-0.584981
21.382	-0.60217
21.383	-0.394005
21.384	-0.20258
21.385	-0.115113
21.386	0.026111
21.387	0.254829
21.388	0.38848
21.389	0.364498
21.39	0.334569
21.391	0.349017
21.392	0.303898
21.393	0.22812
21.394	0.23789
21.395	0.251176
21.396	0.094816
21.397	-0.173338
21.398	-0.350878
21.399	-0.454858
21.4	-0.676175
21.401	-0.958494
21.402	-0.993688
21.403	-0.708911
21.404	-0.373225
21.405	-0.146883
21.406	0.080668
21.407	0.345019
21.408	0.486712
21.409	0.468722
21.41	0.463728
21.411	0.521555
21.412	0.509885
21.413	0.42841
21.414	0.392527
21.415	0.340462
21.416	0.116799
21.417	-0.211299
21.418	-0.436209
21.419	-0.577477
21.42	-0.830995
21.421	-1.12701
21.422	-1.137009
21.423	-0.797179
21.424	-0.409592
21.425	-0.155891
21.426	0.081323
21.427	0.366454
21.428	0.583538
21.429	0.741463
21.43	0.991074
21.431	1.234173
21.432	1.194804
21.433	0.904923
21.434	0.623178
21.435	0.384567
21.436	0.052547
21.437	-0.321198
21.438	-0.544695
21.439	-0.651595
21.44	-0.865909
21.441	-1.152832
21.442	-1.192443
21.443	-0.889843
21.444	-0.512651
21.445	-0.240196
21.446	0.029017
21.447	0.352356
21.448	0.623737
21.449	0.874983
21.45	1.26208
21.451	1.63231
21.452	1.626221
21.453	1.249741
21.454	0.81233
21.455	0.421975
21.456	-0.011273
21.457	-0.426028
21.458	-0.641569
21.459	-0.711973
21.46	-0.891689
21.461	-1.175563
21.462	-1.246055
21.463	-0.979366
21.464	-0.614012
21.465	-0.320852
21.466	-0.007358
21.467	0.358781
21.468	0.632758
21.469	0.813468
21.47	1.074895
21.471	1.349786
21.472	1.348118
21.473	1.054701
21.474	0.720105
21.475	0.430179
21.476	0.106094
21.477	-0.197344
21.478	-0.363208
21.479	-0.524565
21.48	-0.914155
21.481	-1.367739
21.482	-1.412297
21.483	-0.945134
21.484	-0.3886
21.485	-0.075927
21.486	0.075145
21.487	0.220119
21.488	0.398006
21.489	0.762075
21.49	1.452639
21.491	2.095146
21.492	2.076712
21.493	1.406941
21.494	0.648718
21.495	0.133821
21.496	-0.197802
21.497	-0.397734
21.498	-0.42906
21.499	-0.426379
21.5	-0.609561
21.501	-0.878679
21.502	-0.886381
21.503	-0.580894
21.504	-0.282078
21.505	-0.164734
21.506	-0.082081
21.507	0.05511
21.508	0.150379
21.509	0.24053
21.51	0.512541
21.511	0.878444
21.512	0.982406
21.513	0.734588
21.514	0.391539
21.515	0.11628
21.516	-0.13029
21.517	-0.316712
21.518	-0.335723
21.519	-0.272545
21.52	-0.332762
21.521	-0.475193
21.522	-0.459122
21.523	-0.274921
21.524	-0.164546
21.525	-0.191835
21.526	-0.171663
21.527	-0.051025
21.528	0.016656
21.529	0.022468
21.53	0.146505
21.531	0.367623
21.532	0.437736
21.533	0.306417
21.534	0.159027
21.535	0.058711
21.536	-0.080546
21.537	-0.221917
21.538	-0.235422
21.539	-0.181217
21.54	-0.24482
21.541	-0.383294
21.542	-0.368121
21.543	-0.194988
21.544	-0.097868
21.545	-0.135325
21.546	-0.130593
21.547	-0.038362
21.548	-0.006423
21.549	-0.038011
21.55	0.039504
21.551	0.201416
21.552	0.225292
21.553	0.101252
21.554	0.02402
21.555	0.021769
21.556	-0.034602
21.557	-0.13429
21.558	-0.163968
21.559	-0.188027
21.56	-0.361341
21.561	-0.573196
21.562	-0.537661
21.563	-0.260027
21.564	-0.040114
21.565	0.001288
21.566	0.0182
21.567	0.070332
21.568	0.035532
21.569	-0.082764
21.57	-0.117113
21.571	-0.062029
21.572	-0.073327
21.573	-0.131849
21.574	-0.087915
21.575	0.021492
21.576	0.038661
21.577	-0.019685
21.578	-0.023141
21.579	-0.016233
21.58	-0.144373
21.581	-0.31871
21.582	-0.291473
21.583	-0.072088
21.584	0.078097
21.585	0.068152
21.586	0.04764
21.587	0.062681
21.588	-0.016392
21.589	-0.199065
21.59	-0.323603
21.591	-0.340155
21.592	-0.336109
21.593	-0.294387
21.594	-0.141478
21.595	0.03043
21.596	0.071702
21.597	0.035583
21.598	0.092164
21.599	0.234673
21.6	0.312999
21.601	0.317615
21.602	0.355721
21.603	0.383524
21.604	0.259072
21.605	0.035102
21.606	-0.0897
21.607	-0.097881
21.608	-0.161551
21.609	-0.325916
21.61	-0.455162
21.611	-0.492132
21.612	-0.487693
21.613	-0.410563
21.614	-0.212867
21.615	-0.009398
21.616	0.055371
21.617	0.040633
21.618	0.099311
21.619	0.200818
21.62	0.197209
21.621	0.119173
21.622	0.129715
21.623	0.211642
21.624	0.191365
21.625	0.057765
21.626	-0.027925
21.627	-0.030087
21.628	-0.066609
21.629	-0.142992
21.63	-0.148264
21.631	-0.11483
21.632	-0.166063
21.633	-0.241273
21.634	-0.19529
21.635	-0.076022
21.636	-0.023155
21.637	-0.007825
21.638	0.089105
21.639	0.22401
21.64	0.257292
21.641	0.220218
21.642	0.248948
21.643	0.300548
21.644	0.217471
21.645	0.032851
21.646	-0.07018
21.647	-0.071488
21.648	-0.120139
21.649	-0.251934
21.65	-0.356503
21.651	-0.406057
21.652	-0.451225
21.653	-0.435176
21.654	-0.282912
21.655	-0.090747
21.656	0.005761
21.657	0.056425
21.658	0.194343
21.659	0.383158
21.66	0.470249
21.661	0.445027
21.662	0.423252
21.663	0.410175
21.664	0.307132
21.665	0.135124
21.666	0.020475
21.667	-0.042665
21.668	-0.187526
21.669	-0.426409
21.67	-0.62839
21.671	-0.728728
21.672	-0.737967
21.673	-0.611629
21.674	-0.337832
21.675	-0.060344
21.676	0.081231
21.677	0.151988
21.678	0.304575
21.679	0.53014
21.68	0.693176
21.681	0.749287
21.682	0.736131
21.683	0.617806
21.684	0.34929
21.685	0.045983
21.686	-0.120421
21.687	-0.169371
21.688	-0.261751
21.689	-0.435132
21.69	-0.58845
21.691	-0.679688
21.692	-0.714866
21.693	-0.623022
21.694	-0.372059
21.695	-0.102902
21.696	0.042194
21.697	0.123036
21.698	0.282195
21.699	0.505958
21.7	0.665301
21.701	0.721801
21.702	0.707624
21.703	0.579975
21.704	0.300693
21.705	-0.000862
21.706	-0.150393
21.707	-0.172333
21.708	-0.220807
21.709	-0.316868
21.71	-0.359935
21.711	-0.350747
21.712	-0.363761
21.713	-0.358476
21.714	-0.259258
21.715	-0.129208
21.716	-0.061512
21.717	0.004069
21.718	0.187636
21.719	0.45699
21.72	0.665014
21.721	0.741953
21.722	0.695088
21.723	0.499874
21.724	0.17118
21.725	-0.126661
21.726	-0.232613
21.727	-0.211562
21.728	-0.256181
21.729	-0.409887
21.73	-0.554383
21.731	-0.619714
21.732	-0.612053
21.733	-0.503854
21.734	-0.296949
21.735	-0.108109
21.736	-0.028895
21.737	0.026193
21.738	0.201763
21.739	0.481428
21.74	0.712864
21.741	0.794984
21.742	0.708271
21.743	0.446806
21.744	0.077394
21.745	-0.207205
21.746	-0.264948
21.747	-0.193765
21.748	-0.199312
21.749	-0.319239
21.75	-0.433739
21.751	-0.489391
21.752	-0.505879
21.753	-0.442323
21.754	-0.273727
21.755	-0.096669
21.756	0.007131
21.757	0.105039
21.758	0.264364
21.759	0.371282
21.76	0.295275
21.761	0.141148
21.762	0.108777
21.763	0.184045
21.764	0.1933
21.765	0.091261
21.766	-0.033252
21.767	-0.171067
21.768	-0.379308
21.769	-0.598804
21.77	-0.707844
21.771	-0.721375
21.772	-0.720287
21.773	-0.661867
21.774	-0.470308
21.775	-0.208467
21.776	0.013111
21.777	0.198145
21.778	0.38689
21.779	0.51284
21.78	0.514843
21.781	0.500323
21.782	0.57916
21.783	0.62685
21.784	0.468215
21.785	0.181588
21.786	-0.041636
21.787	-0.188519
21.788	-0.343433
21.789	-0.454296
21.79	-0.418909
21.791	-0.322862
21.792	-0.323085
21.793	-0.375028
21.794	-0.332325
21.795	-0.196657
21.796	-0.059275
21.797	0.076039
21.798	0.228696
21.799	0.306485
21.8	0.22972
21.801	0.109978
21.802	0.105371
21.803	0.174309
21.804	0.16684
21.805	0.072554
21.806	-0.019476
21.807	-0.119483
21.808	-0.289354
21.809	-0.45755
21.81	-0.496668
21.811	-0.438993
21.812	-0.398783
21.813	-0.361896
21.814	-0.257365
21.815	-0.125547
21.816	-0.039275
21.817	0.041594
21.818	0.191174
21.819	0.3807
21.82	0.570421
21.821	0.833062
21.822	1.150853
21.823	1.225214
21.824	0.851879
21.825	0.293459
21.826	-0.081816
21.827	-0.254209
21.828	-0.400461
21.829	-0.554837
21.83	-0.628474
21.831	-0.61488
21.832	-0.564413
21.833	-0.454804
21.834	-0.268584
21.835	-0.091939
21.836	0.002686
21.837	0.072493
21.838	0.183176
21.839	0.263223
21.84	0.22565
21.841	0.146216
21.842	0.144078
21.843	0.178177
21.844	0.137738
21.845	0.04268
21.846	-0.016711
21.847	-0.064142
21.848	-0.184077
21.849	-0.338335
21.85	-0.417413
21.851	-0.417716
21.852	-0.393973
21.853	-0.325191
21.854	-0.187539
21.855	-0.05382
21.856	0.013369
21.857	0.07074
21.858	0.178205
21.859	0.259446
21.86	0.220533
21.861	0.126992
21.862	0.099518
21.863	0.115779
21.864	0.079191
21.865	0.008327
21.866	-0.013763
21.867	-0.017721
21.868	-0.093521
21.869	-0.209338
21.87	-0.263383
21.871	-0.25847
21.872	-0.253773
21.873	-0.225681
21.874	-0.137388
21.875	-0.046436
21.876	-0.006671
21.877	0.042246
21.878	0.166613
21.879	0.296967
21.88	0.325912
21.881	0.274087
21.882	0.219363
21.883	0.147855
21.884	0.021251
21.885	-0.088751
21.886	-0.091984
21.887	-0.043003
21.888	-0.052651
21.889	-0.100443
21.89	-0.104662
21.891	-0.100387
21.892	-0.152811
21.893	-0.198114
21.894	-0.159315
21.895	-0.089954
21.896	-0.058589
21.897	-0.015447
21.898	0.103979
21.899	0.232773
21.9	0.263728
21.901	0.210229
21.902	0.140021
21.903	0.043728
21.904	-0.091526
21.905	-0.174365
21.906	-0.126447
21.907	-0.033818
21.908	-0.03481
21.909	-0.118121
21.91	-0.179792
21.911	-0.207711
21.912	-0.236922
21.913	-0.224029
21.914	-0.137188
21.915	-0.052039
21.916	-0.031192
21.917	-0.01215
21.918	0.080074
21.919	0.186389
21.92	0.201869
21.921	0.1357
21.922	0.052206
21.923	-0.051339
21.924	-0.174006
21.925	-0.221021
21.926	-0.128492
21.927	0.003038
21.928	0.038123
21.929	0.00154
21.93	-0.005806
21.931	-0.003895
21.932	-0.054246
21.933	-0.09898
21.934	-0.073347
21.935	-0.041705
21.936	-0.074774
21.937	-0.10798
21.938	-0.033377
21.939	0.151941
21.94	0.395385
21.941	0.686945
21.942	0.934157
21.943	0.877861
21.944	0.43733
21.945	-0.058793
21.946	-0.298087
21.947	-0.345702
21.948	-0.38359
21.949	-0.39478
21.95	-0.290004
21.951	-0.155338
21.952	-0.139268
21.953	-0.208053
21.954	-0.225182
21.955	-0.160567
21.956	-0.063007
21.957	0.057568
21.958	0.172021
21.959	0.161522
21.96	-0.023002
21.961	-0.217291
21.962	-0.233155
21.963	-0.109124
21.964	-0.013384
21.965	0.003798
21.966	-0.009808
21.967	-0.072985
21.968	-0.223219
21.969	-0.373123
21.97	-0.404614
21.971	-0.350311
21.972	-0.308467
21.973	-0.266983
21.974	-0.168314
21.975	-0.044664
21.976	0.044248
21.977	0.114531
21.978	0.174747
21.979	0.134039
21.98	-0.048772
21.981	-0.219885
21.982	-0.213271
21.983	-0.082835
21.984	0.009389
21.985	0.026763
21.986	0.022573
21.987	-0.021776
21.988	-0.144831
21.989	-0.262807
21.99	-0.265676
21.991	-0.194501
21.992	-0.15206
21.993	-0.13069
21.994	-0.076885
21.995	-0.015167
21.996	0.017669
21.997	0.061274
21.998	0.137957
21.999	0.158225
22.0	0.055711
22.001	-0.068885
22.002	-0.088166
22.003	-0.037461
22.004	-0.02376
22.005	-0.047013
22.006	-0.049813
22.007	-0.054745
22.008	-0.096622
22.009	-0.094554
22.01	0.020803
22.011	0.135931
22.012	0.114488
22.013	0.012254
22.014	-0.046155
22.015	-0.055577
22.016	-0.057946
22.017	-0.030209
22.018	0.027739
22.019	0.008475
22.02	-0.149036
22.021	-0.312071
22.022	-0.320769
22.023	-0.208631
22.024	-0.111341
22.025	-0.057261
22.026	-0.001236
22.027	0.018773
22.028	-0.069906
22.029	-0.224752
22.03	-0.336478
22.031	-0.367466
22.032	-0.330814
22.033	-0.222778
22.034	-0.07096
22.035	0.042058
22.036	0.084232
22.037	0.125319
22.038	0.205946
22.039	0.235936
22.04	0.131437
22.041	-0.029667
22.042	-0.116237
22.043	-0.122657
22.044	-0.116703
22.045	-0.09253
22.046	-0.015993
22.047	0.052928
22.048	0.040047
22.049	-0.00227
22.05	0.013615
22.051	0.053277
22.052	0.041083
22.053	0.002233
22.054	-0.007225
22.055	-0.002831
22.056	-0.002432
22.057	0.037697
22.058	0.118691
22.059	0.12347
22.06	-0.027066
22.061	-0.224887
22.062	-0.316066
22.063	-0.29598
22.064	-0.240843
22.065	-0.153064
22.066	-0.014617
22.067	0.098011
22.068	0.104721
22.069	0.057861
22.07	0.045243
22.071	0.040628
22.072	-0.006886
22.073	-0.051221
22.074	-0.04336
22.075	-0.017418
22.076	0.001009
22.077	0.054365
22.078	0.14084
22.079	0.139208
22.08	-0.032864
22.081	-0.267506
22.082	-0.402104
22.083	-0.409052
22.084	-0.339244
22.085	-0.19806
22.086	-0.009399
22.087	0.099862
22.088	0.027571
22.089	-0.150803
22.09	-0.279714
22.091	-0.308241
22.092	-0.271831
22.093	-0.18971
22.094	-0.083622
22.095	-0.003257
22.096	0.047061
22.097	0.12833
22.098	0.250158
22.099	0.326032
22.1	0.347054
22.101	0.482408
22.102	0.786748
22.103	0.951786
22.104	0.722776
22.105	0.328179
22.106	0.099153
22.107	0.020269
22.108	-0.076235
22.109	-0.203414
22.11	-0.272845
22.111	-0.268584
22.112	-0.231
22.113	-0.170053
22.114	-0.096118
22.115	-0.044434
22.116	-0.003031
22.117	0.100272
22.118	0.280569
22.119	0.44545
22.12	0.549064
22.121	0.697254
22.122	0.912284
22.123	0.933474
22.124	0.597496
22.125	0.181098
22.126	-0.008908
22.127	-0.032705
22.128	-0.072869
22.129	-0.132395
22.13	-0.12856
22.131	-0.086951
22.132	-0.080819
22.133	-0.099366
22.134	-0.105628
22.135	-0.1049
22.136	-0.081331
22.137	0.023019
22.138	0.20216
22.139	0.348918
22.14	0.418711
22.141	0.533889
22.142	0.735605
22.143	0.773264
22.144	0.483915
22.145	0.132333
22.146	0.00068
22.147	0.005055
22.148	-0.050544
22.149	-0.172528
22.15	-0.261336
22.151	-0.293985
22.152	-0.291142
22.153	-0.239411
22.154	-0.152394
22.155	-0.085659
22.156	-0.037489
22.157	0.065053
22.158	0.240784
22.159	0.400897
22.16	0.492013
22.161	0.600881
22.162	0.753191
22.163	0.733229
22.164	0.423166
22.165	0.09331
22.166	-0.003651
22.167	0.018481
22.168	-0.048923
22.169	-0.208297
22.17	-0.339426
22.171	-0.387903
22.172	-0.359115
22.173	-0.257524
22.174	-0.126162
22.175	-0.036912
22.176	0.009609
22.177	0.086357
22.178	0.203654
22.179	0.261848
22.18	0.215113
22.181	0.187364
22.182	0.269872
22.183	0.313748
22.184	0.191227
22.185	0.063188
22.186	0.085124
22.187	0.139599
22.188	0.065215
22.189	-0.102208
22.19	-0.233721
22.191	-0.286719
22.192	-0.273385
22.193	-0.189973
22.194	-0.073419
22.195	-0.002004
22.196	0.018637
22.197	0.070017
22.198	0.181716
22.199	0.270232
22.2	0.281377
22.201	0.300094
22.202	0.377941
22.203	0.368207
22.204	0.186696
22.205	0.030896
22.206	0.055963
22.207	0.117898
22.208	0.021497
22.209	-0.215727
22.21	-0.434628
22.211	-0.515134
22.212	-0.424438
22.213	-0.211031
22.214	-0.002887
22.215	0.084912
22.216	0.071321
22.217	0.076141
22.218	0.152115
22.219	0.222744
22.22	0.232183
22.221	0.261111
22.222	0.354674
22.223	0.360653
22.224	0.194927
22.225	0.057676
22.226	0.105207
22.227	0.189969
22.228	0.106098
22.229	-0.141019
22.23	-0.393132
22.231	-0.520195
22.232	-0.48832
22.233	-0.346605
22.234	-0.186609
22.235	-0.062714
22.236	0.057125
22.237	0.220614
22.238	0.359546
22.239	0.31933
22.24	0.109314
22.241	0.001403
22.242	0.177931
22.243	0.421028
22.244	0.446323
22.245	0.315213
22.246	0.203766
22.247	0.087428
22.248	-0.101715
22.249	-0.275925
22.25	-0.316332
22.251	-0.246661
22.252	-0.165713
22.253	-0.111558
22.254	-0.073375
22.255	-0.037775
22.256	0.033827
22.257	0.181319
22.258	0.341883
22.259	0.371052
22.26	0.269799
22.261	0.275452
22.262	0.517544
22.263	0.723002
22.264	0.612441
22.265	0.343205
22.266	0.177065
22.267	0.085444
22.268	-0.046016
22.269	-0.163501
22.27	-0.165524
22.271	-0.086841
22.272	-0.030548
22.273	-0.025497
22.274	-0.042984
22.275	-0.05514
22.276	-0.016867
22.277	0.115717
22.278	0.289982
22.279	0.376164
22.28	0.377976
22.281	0.506857
22.282	0.828765
22.283	0.997497
22.284	0.741823
22.285	0.328825
22.286	0.107592
22.287	0.041433
22.288	-0.031583
22.289	-0.092807
22.29	-0.064559
22.291	0.001051
22.292	0.009887
22.293	-0.03176
22.294	-0.07306
22.295	-0.09155
22.296	-0.052648
22.297	0.088627
22.298	0.289026
22.299	0.412838
22.3	0.418654
22.301	0.459993
22.302	0.618211
22.303	0.666168
22.304	0.428863
22.305	0.131693
22.306	0.023594
22.307	0.031636
22.308	0.023661
22.309	0.055595
22.31	0.194577
22.311	0.319044
22.312	0.280743
22.313	0.11623
22.314	-0.048435
22.315	-0.146975
22.316	-0.147307
22.317	-0.022006
22.318	0.180401
22.319	0.331959
22.32	0.388377
22.321	0.472852
22.322	0.631712
22.323	0.63923
22.324	0.360276
22.325	0.053704
22.326	-0.036722
22.327	-0.020251
22.328	-0.077968
22.329	-0.18553
22.33	-0.235114
22.331	-0.224052
22.332	-0.201047
22.333	-0.16571
22.334	-0.116298
22.335	-0.077886
22.336	-0.03531
22.337	0.067116
22.338	0.220889
22.339	0.33327
22.34	0.376855
22.341	0.467088
22.342	0.636101
22.343	0.655149
22.344	0.390108
22.345	0.094686
22.346	0.005292
22.347	0.007453
22.348	-0.084679
22.349	-0.242835
22.35	-0.32843
22.351	-0.296725
22.352	-0.201175
22.353	-0.099121
22.354	-0.028562
22.355	-0.004841
22.356	0.008871
22.357	0.070989
22.358	0.155905
22.359	0.147996
22.36	0.012057
22.361	-0.109845
22.362	-0.093349
22.363	-0.026628
22.364	-0.021214
22.365	-0.002377
22.366	0.091771
22.367	0.137613
22.368	0.02206
22.369	-0.174916
22.37	-0.296689
22.371	-0.291083
22.372	-0.201399
22.373	-0.081884
22.374	0.014385
22.375	0.048958
22.376	0.048028
22.377	0.080084
22.378	0.148001
22.379	0.172011
22.38	0.137443
22.381	0.169957
22.382	0.322327
22.383	0.403511
22.384	0.273574
22.385	0.101987
22.386	0.063882
22.387	0.083146
22.388	0.054982
22.389	0.043644
22.39	0.123973
22.391	0.213329
22.392	0.206462
22.393	0.12975
22.394	0.049023
22.395	-0.026765
22.396	-0.082746
22.397	-0.067418
22.398	0.021753
22.399	0.113553
22.4	0.183913
22.401	0.311441
22.402	0.488035
22.403	0.506768
22.404	0.274819
22.405	0.022519
22.406	-0.048135
22.407	-0.026448
22.408	-0.055375
22.409	-0.106486
22.41	-0.093946
22.411	-0.033612
22.412	0.015594
22.413	0.042861
22.414	0.043008
22.415	-0.002879
22.416	-0.060463
22.417	-0.049404
22.418	0.043545
22.419	0.126227
22.42	0.121505
22.421	0.060856
22.422	-0.003218
22.423	-0.085592
22.424	-0.172686
22.425	-0.164658
22.426	-0.039729
22.427	0.054853
22.428	-0.021114
22.429	-0.237492
22.43	-0.453103
22.431	-0.54337
22.432	-0.453479
22.433	-0.227757
22.434	-0.003505
22.435	0.099908
22.436	0.096481
22.437	0.096989
22.438	0.162324
22.439	0.25049
22.44	0.330533
22.441	0.456128
22.442	0.610441
22.443	0.59943
22.444	0.342955
22.445	0.083953
22.446	0.036954
22.447	0.101042
22.448	0.086398
22.449	-0.031995
22.45	-0.163459
22.451	-0.233807
22.452	-0.206763
22.453	-0.089716
22.454	0.035216
22.455	0.074679
22.456	0.037145
22.457	0.021852
22.458	0.088816
22.459	0.1996
22.46	0.317227
22.461	0.476177
22.462	0.636917
22.463	0.598769
22.464	0.301076
22.465	0.00702
22.466	-0.077623
22.467	-0.066321
22.468	-0.110121
22.469	-0.160676
22.47	-0.132413
22.471	-0.084363
22.472	-0.102817
22.473	-0.152934
22.474	-0.155982
22.475	-0.092849
22.476	0.023688
22.477	0.175073
22.478	0.282939
22.479	0.231971
22.48	0.05222
22.481	-0.026962
22.482	0.126881
22.483	0.319849
22.484	0.321623
22.485	0.19382
22.486	0.09347
22.487	0.013878
22.488	-0.092475
22.489	-0.162193
22.49	-0.136233
22.491	-0.084789
22.492	-0.091285
22.493	-0.124484
22.494	-0.116078
22.495	-0.056847
22.496	0.037787
22.497	0.162343
22.498	0.261043
22.499	0.219008
22.5	0.009975
22.501	-0.219621
22.502	-0.310144
22.503	-0.259096
22.504	-0.157492
22.505	-0.054483
22.506	0.024532
22.507	0.029147
22.508	-0.02989
22.509	-0.033817
22.51	0.073216
22.511	0.163353
22.512	0.109731
22.513	-0.036982
22.514	-0.160373
22.515	-0.225502
22.516	-0.246538
22.517	-0.22399
22.518	-0.188
22.519	-0.224515
22.52	-0.361138
22.521	-0.494195
22.522	-0.52136
22.523	-0.462464
22.524	-0.374281
22.525	-0.249704
22.526	-0.084173
22.527	0.059557
22.528	0.14983
22.529	0.256335
22.53	0.409799
22.531	0.496408
22.532	0.421365
22.533	0.252004
22.534	0.097072
22.535	-0.018812
22.536	-0.103184
22.537	-0.142332
22.538	-0.161367
22.539	-0.245885
22.54	-0.4145
22.541	-0.55127
22.542	-0.555922
22.543	-0.464688
22.544	-0.348161
22.545	-0.203982
22.546	-0.028581
22.547	0.114271
22.548	0.188319
22.549	0.255518
22.55	0.348052
22.551	0.377388
22.552	0.286396
22.553	0.155604
22.554	0.068819
22.555	0.012126
22.556	-0.04584
22.557	-0.089882
22.558	-0.12281
22.559	-0.201756
22.56	-0.337704
22.561	-0.442813
22.562	-0.450675
22.563	-0.396474
22.564	-0.320324
22.565	-0.197982
22.566	-0.030595
22.567	0.095606
22.568	0.117451
22.569	0.087255
22.57	0.075471
22.571	0.068088
22.572	0.04304
22.573	0.035185
22.574	0.056428
22.575	0.055894
22.576	0.00678
22.577	-0.04508
22.578	-0.06094
22.579	-0.072495
22.58	-0.117953
22.581	-0.179265
22.582	-0.230467
22.583	-0.275685
22.584	-0.293535
22.585	-0.227342
22.586	-0.083895
22.587	0.032678
22.588	0.045987
22.589	0.003373
22.59	-0.017785
22.591	-0.014513
22.592	-0.002143
22.593	0.035207
22.594	0.081755
22.595	0.07582
22.596	-6.4e-05
22.597	-0.082692
22.598	-0.115253
22.599	-0.115627
22.6	-0.123148
22.601	-0.139805
22.602	-0.165923
22.603	-0.216015
22.604	-0.256838
22.605	-0.215864
22.606	-0.092207
22.607	0.012915
22.608	0.023871
22.609	-0.011484
22.61	-0.013023
22.611	0.021908
22.612	0.065108
22.613	0.112543
22.614	0.139812
22.615	0.095043
22.616	-0.020797
22.617	-0.129195
22.618	-0.163321
22.619	-0.137419
22.62	-0.100387
22.621	-0.077859
22.622	-0.09362
22.623	-0.165553
22.624	-0.243006
22.625	-0.233355
22.626	-0.12277
22.627	-0.004421
22.628	0.049848
22.629	0.079717
22.63	0.138317
22.631	0.19594
22.632	0.213913
22.633	0.20574
22.634	0.17105
22.635	0.072853
22.636	-0.080022
22.637	-0.204736
22.638	-0.234456
22.639	-0.188386
22.64	-0.124872
22.641	-0.082624
22.642	-0.094024
22.643	-0.17338
22.644	-0.260848
22.645	-0.254206
22.646	-0.131565
22.647	0.011508
22.648	0.086623
22.649	0.111454
22.65	0.134083
22.651	0.151638
22.652	0.158973
22.653	0.172274
22.654	0.164519
22.655	0.075328
22.656	-0.085764
22.657	-0.216072
22.658	-0.226742
22.659	-0.130148
22.66	-0.004427
22.661	0.070749
22.662	0.032686
22.663	-0.121337
22.664	-0.286843
22.665	-0.320851
22.666	-0.187988
22.667	0.011399
22.668	0.186686
22.669	0.348965
22.67	0.493296
22.671	0.510848
22.672	0.341496
22.673	0.098288
22.674	-0.07072
22.675	-0.131978
22.676	-0.119877
22.677	-0.065372
22.678	-0.031661
22.679	-0.108168
22.68	-0.271461
22.681	-0.355567
22.682	-0.265103
22.683	-0.106206
22.684	-0.019949
22.685	-0.002837
22.686	0.022555
22.687	0.064518
22.688	0.076941
22.689	0.040009
22.69	-0.03067
22.691	-0.093007
22.692	-0.080646
22.693	0.025345
22.694	0.132885
22.695	0.131695
22.696	0.039168
22.697	-0.01953
22.698	0.015906
22.699	0.069818
22.7	0.07438
22.701	0.066241
22.702	0.071731
22.703	0.035589
22.704	-0.060972
22.705	-0.136387
22.706	-0.133061
22.707	-0.102267
22.708	-0.098789
22.709	-0.087193
22.71	-0.03556
22.711	-0.000254
22.712	-0.023212
22.713	-0.056251
22.714	-0.05467
22.715	-0.039476
22.716	-0.032434
22.717	-0.02011
22.718	-0.023503
22.719	-0.114608
22.72	-0.283566
22.721	-0.387973
22.722	-0.333776
22.723	-0.200566
22.724	-0.101481
22.725	-0.035834
22.726	0.034722
22.727	0.079606
22.728	0.069372
22.729	0.058503
22.73	0.090944
22.731	0.113437
22.732	0.079106
22.733	0.031328
22.734	0.017052
22.735	0.016288
22.736	0.000503
22.737	-0.024803
22.738	-0.085757
22.739	-0.252094
22.74	-0.494655
22.741	-0.635375
22.742	-0.55068
22.743	-0.327846
22.744	-0.125008
22.745	0.015038
22.746	0.117872
22.747	0.162346
22.748	0.132832
22.749	0.098918
22.75	0.12081
22.751	0.152603
22.752	0.137291
22.753	0.100899
22.754	0.08126
22.755	0.058257
22.756	0.010083
22.757	-0.041543
22.758	-0.100416
22.759	-0.225961
22.76	-0.411704
22.761	-0.522757
22.762	-0.456656
22.763	-0.2815
22.764	-0.122269
22.765	-0.006211
22.766	0.089861
22.767	0.142054
22.768	0.138825
22.769	0.149258
22.77	0.210471
22.771	0.244403
22.772	0.195724
22.773	0.124764
22.774	0.086414
22.775	0.048081
22.776	-0.022563
22.777	-0.099459
22.778	-0.175594
22.779	-0.29933
22.78	-0.456739
22.781	-0.519041
22.782	-0.410872
22.783	-0.224937
22.784	-0.079731
22.785	0.020843
22.786	0.109319
22.787	0.145179
22.788	0.079614
22.789	-0.043136
22.79	-0.143372
22.791	-0.191831
22.792	-0.171994
22.793	-0.065625
22.794	0.074573
22.795	0.143269
22.796	0.10299
22.797	0.004501
22.798	-0.128592
22.799	-0.335426
22.8	-0.575398
22.801	-0.674239
22.802	-0.529422
22.803	-0.254313
22.804	-0.019888
22.805	0.132413
22.806	0.237706
22.807	0.279066
22.808	0.221588
22.809	0.099234
22.81	-0.028564
22.811	-0.12945
22.812	-0.15446
22.813	-0.059524
22.814	0.095026
22.815	0.179641
22.816	0.147613
22.817	0.070074
22.818	0.012388
22.819	-0.041767
22.82	-0.105244
22.821	-0.12664
22.822	-0.083203
22.823	-0.033874
22.824	-0.017473
22.825	0.013861
22.826	0.098856
22.827	0.181905
22.828	0.199709
22.829	0.178943
22.83	0.170609
22.831	0.169999
22.832	0.163619
22.833	0.164808
22.834	0.158227
22.835	0.094624
22.836	-0.018646
22.837	-0.08107
22.838	0.006469
22.839	0.235105
22.84	0.490184
22.841	0.620472
22.842	0.514537
22.843	0.194177
22.844	-0.156439
22.845	-0.327177
22.846	-0.269555
22.847	-0.104898
22.848	0.061055
22.849	0.246077
22.85	0.464247
22.851	0.611766
22.852	0.585623
22.853	0.412674
22.854	0.179106
22.855	-0.065415
22.856	-0.273965
22.857	-0.358374
22.858	-0.251075
22.859	0.008524
22.86	0.283223
22.861	0.415026
22.862	0.302831
22.863	-0.015511
22.864	-0.341922
22.865	-0.460625
22.866	-0.33751
22.867	-0.132328
22.868	-0.003682
22.869	0.034707
22.87	0.043213
22.871	0.046138
22.872	0.053033
22.873	0.077638
22.874	0.08254
22.875	0.002851
22.876	-0.147166
22.877	-0.255877
22.878	-0.228917
22.879	-0.089993
22.88	0.055215
22.881	0.110921
22.882	0.027599
22.883	-0.172337
22.884	-0.368693
22.885	-0.426285
22.886	-0.338521
22.887	-0.206882
22.888	-0.052846
22.889	0.220277
22.89	0.586777
22.891	0.791329
22.892	0.650346
22.893	0.293716
22.894	-0.025502
22.895	-0.194326
22.896	-0.236072
22.897	-0.205716
22.898	-0.186481
22.899	-0.271938
22.9	-0.432847
22.901	-0.500466
22.902	-0.387357
22.903	-0.210072
22.904	-0.107965
22.905	-0.074332
22.906	-0.050842
22.907	-0.054661
22.908	-0.106471
22.909	-0.14014
22.91	-0.102084
22.911	-0.046549
22.912	-0.032234
22.913	-0.028078
22.914	0.006082
22.915	0.040345
22.916	0.036845
22.917	0.007719
22.918	-0.057608
22.919	-0.220452
22.92	-0.450211
22.921	-0.569429
22.922	-0.461515
22.923	-0.229917
22.924	-0.045281
22.925	0.053752
22.926	0.108774
22.927	0.117031
22.928	0.081889
22.929	0.078871
22.93	0.135467
22.931	0.157004
22.932	0.089558
22.933	0.015105
22.934	0.005164
22.935	0.02153
22.936	0.008785
22.937	-0.036458
22.938	-0.134273
22.939	-0.334862
22.94	-0.573002
22.941	-0.642577
22.942	-0.448043
22.943	-0.153076
22.944	0.038558
22.945	0.109402
22.946	0.138265
22.947	0.14005
22.948	0.11312
22.949	0.116994
22.95	0.168802
22.951	0.175445
22.952	0.087075
22.953	-0.011501
22.954	-0.038566
22.955	-0.015255
22.956	0.01457
22.957	0.053935
22.958	0.089269
22.959	0.054904
22.96	-0.054629
22.961	-0.131327
22.962	-0.103981
22.963	-0.040341
22.964	-0.018077
22.965	-0.00785
22.966	0.029371
22.967	0.037559
22.968	-0.044011
22.969	-0.168407
22.97	-0.251443
22.971	-0.274839
22.972	-0.247851
22.973	-0.163131
22.974	-0.04537
22.975	0.03887
22.976	0.063586
22.977	0.076541
22.978	0.109198
22.979	0.119409
22.98	0.079487
22.981	0.039886
22.982	0.035929
22.983	0.022884
22.984	-0.025559
22.985	-0.052763
22.986	-0.024301
22.987	-0.004413
22.988	-0.047943
22.989	-0.099662
22.99	-0.093909
22.991	-0.061664
22.992	-0.048154
22.993	-0.033188
22.994	-0.002149
22.995	0.006851
22.996	-0.021664
22.997	-0.038538
22.998	-0.011435
22.999	0.018405
23.0	0.015954
23.001	0.014167
23.002	0.02949
23.003	0.011324
23.004	-0.055379
23.005	-0.100186
23.006	-0.080797
23.007	-0.053944
23.008	-0.066514
23.009	-0.065199
23.01	-0.006157
23.011	0.050274
23.012	0.050555
23.013	0.030502
23.014	0.020004
23.015	-0.012411
23.016	-0.075141
23.017	-0.111324
23.018	-0.085252
23.019	-0.041063
23.02	-0.022624
23.021	-0.00741
23.022	0.016488
23.023	0.002669
23.024	-0.057847
23.025	-0.091953
23.026	-0.060899
23.027	-0.041998
23.028	-0.123749
23.029	-0.278027
23.03	-0.398824
23.031	-0.409976
23.032	-0.298111
23.033	-0.109416
23.034	0.058159
23.035	0.117148
23.036	0.071757
23.037	-0.00089
23.038	-0.067959
23.039	-0.174853
23.04	-0.314846
23.041	-0.369977
23.042	-0.27088
23.043	-0.106528
23.044	0.008792
23.045	0.077231
23.046	0.145651
23.047	0.187629
23.048	0.158881
23.049	0.09043
23.05	0.034585
23.051	-0.001495
23.052	-0.009976
23.053	0.032217
23.054	0.094819
23.055	0.104487
23.056	0.048756
23.057	-0.002563
23.058	-0.004822
23.059	0.001254
23.06	-0.01689
23.061	-0.02006
23.062	0.008518
23.063	0.012816
23.064	-0.02764
23.065	-0.038367
23.066	0.033817
23.067	0.1298
23.068	0.175358
23.069	0.182236
23.07	0.179295
23.071	0.147972
23.072	0.095892
23.073	0.076518
23.074	0.088953
23.075	0.069557
23.076	0.002301
23.077	-0.051762
23.078	-0.058216
23.079	-0.06649
23.08	-0.109723
23.081	-0.136623
23.082	-0.11525
23.083	-0.096427
23.084	-0.102307
23.085	-0.062782
23.086	0.060722
23.087	0.182379
23.088	0.199313
23.089	0.119148
23.09	0.019295
23.091	-0.045467
23.092	-0.045076
23.093	0.024156
23.094	0.100931
23.095	0.102729
23.096	0.02899
23.097	-0.032435
23.098	-0.020762
23.099	0.023465
23.1	0.043248
23.101	0.060008
23.102	0.111378
23.103	0.160247
23.104	0.149884
23.105	0.095741
23.106	0.041476
23.107	-0.011138
23.108	-0.041713
23.109	0.02375
23.11	0.171482
23.111	0.243087
23.112	0.144923
23.113	-0.018085
23.114	-0.098799
23.115	-0.067047
23.116	0.024269
23.117	0.106974
23.118	0.077495
23.119	-0.159797
23.12	-0.511869
23.121	-0.689674
23.122	-0.525493
23.123	-0.178713
23.124	0.085671
23.125	0.183146
23.126	0.173987
23.127	0.105588
23.128	0.028102
23.129	0.034715
23.13	0.134296
23.131	0.191805
23.132	0.116529
23.133	-0.010782
23.134	-0.071775
23.135	-0.049539
23.136	0.017332
23.137	0.118072
23.138	0.241516
23.139	0.336225
23.14	0.355417
23.141	0.282801
23.142	0.11031
23.143	-0.124924
23.144	-0.296602
23.145	-0.277238
23.146	-0.085795
23.147	0.114141
23.148	0.193079
23.149	0.174364
23.15	0.136913
23.151	0.104777
23.152	0.09004
23.153	0.114474
23.154	0.140247
23.155	0.087409
23.156	-0.052878
23.157	-0.195476
23.158	-0.273701
23.159	-0.315298
23.16	-0.355231
23.161	-0.335816
23.162	-0.204366
23.163	-0.042538
23.164	0.037096
23.165	0.035483
23.166	0.002987
23.167	-0.052001
23.168	-0.093154
23.169	-0.020451
23.17	0.165808
23.171	0.293358
23.172	0.240744
23.173	0.091437
23.174	-0.016922
23.175	-0.052193
23.176	-0.046881
23.177	-0.024622
23.178	-0.024774
23.179	-0.100707
23.18	-0.21562
23.181	-0.237317
23.182	-0.123114
23.183	0.006886
23.184	0.04616
23.185	0.019885
23.186	-0.017503
23.187	-0.072067
23.188	-0.130873
23.189	-0.112943
23.19	-0.004734
23.191	0.075733
23.192	0.051293
23.193	-0.012322
23.194	-0.037301
23.195	-0.031097
23.196	-0.019007
23.197	0.010831
23.198	0.056958
23.199	0.07843
23.2	0.070438
23.201	0.085733
23.202	0.12723
23.203	0.121739
23.204	0.043518
23.205	-0.040457
23.206	-0.08394
23.207	-0.125054
23.208	-0.187016
23.209	-0.211824
23.21	-0.164381
23.211	-0.101918
23.212	-0.074798
23.213	-0.060197
23.214	-0.0331
23.215	-0.009762
23.216	0.003291
23.217	0.030217
23.218	0.068501
23.219	0.073624
23.22	0.043238
23.221	0.038874
23.222	0.076048
23.223	0.087992
23.224	0.038693
23.225	-0.020409
23.226	-0.047293
23.227	-0.074931
23.228	-0.122902
23.229	-0.134852
23.23	-0.075802
23.231	-0.003914
23.232	0.01812
23.233	0.001891
23.234	-0.016115
23.235	-0.025988
23.236	-0.017443
23.237	0.037558
23.238	0.138464
23.239	0.232274
23.24	0.275013
23.241	0.27114
23.242	0.222844
23.243	0.114414
23.244	-0.021382
23.245	-0.102538
23.246	-0.10535
23.247	-0.101782
23.248	-0.149276
23.249	-0.215285
23.25	-0.250159
23.251	-0.253442
23.252	-0.229661
23.253	-0.166105
23.254	-0.07924
23.255	-0.008121
23.256	0.04374
23.257	0.109398
23.258	0.194575
23.259	0.253472
23.26	0.255389
23.261	0.222063
23.262	0.16584
23.263	0.069458
23.264	-0.0406
23.265	-0.091336
23.266	-0.067503
23.267	-0.033766
23.268	-0.022737
23.269	0.009166
23.27	0.068578
23.271	0.078568
23.272	0.009749
23.273	-0.064799
23.274	-0.084264
23.275	-0.058054
23.276	-0.009472
23.277	0.050869
23.278	0.08711
23.279	0.044504
23.28	-0.062693
23.281	-0.14016
23.282	-0.139017
23.283	-0.106063
23.284	-0.077769
23.285	-0.030192
23.286	0.034319
23.287	0.051064
23.288	-0.013688
23.289	-0.108647
23.29	-0.177259
23.291	-0.214165
23.292	-0.215139
23.293	-0.163555
23.294	-0.078468
23.295	-0.004308
23.296	0.050306
23.297	0.129423
23.298	0.281991
23.299	0.514676
23.3	0.783894
23.301	0.968768
23.302	0.884596
23.303	0.498208
23.304	0.063546
23.305	-0.151588
23.306	-0.149114
23.307	-0.110584
23.308	-0.158814
23.309	-0.269784
23.31	-0.364029
23.311	-0.395245
23.312	-0.344498
23.313	-0.221656
23.314	-0.081334
23.315	0.018421
23.316	0.069135
23.317	0.097197
23.318	0.103744
23.319	0.057872
23.32	-0.037474
23.321	-0.124789
23.322	-0.162839
23.323	-0.159765
23.324	-0.119585
23.325	-0.032338
23.326	0.063627
23.327	0.084442
23.328	0.000938
23.329	-0.11924
23.33	-0.203384
23.331	-0.236532
23.332	-0.214132
23.333	-0.130716
23.334	-0.024911
23.335	0.044521
23.336	0.066629
23.337	0.076483
23.338	0.092922
23.339	0.095906
23.34	0.07104
23.341	0.030712
23.342	-0.022554
23.343	-0.087843
23.344	-0.118263
23.345	-0.06522
23.346	0.028806
23.347	0.048977
23.348	-0.066338
23.349	-0.25765
23.35	-0.412188
23.351	-0.450151
23.352	-0.34898
23.353	-0.156722
23.354	0.021252
23.355	0.104629
23.356	0.104647
23.357	0.08768
23.358	0.088965
23.359	0.085064
23.36	0.047881
23.361	-0.013541
23.362	-0.078535
23.363	-0.126982
23.364	-0.118336
23.365	-0.027172
23.366	0.087414
23.367	0.104045
23.368	-0.038568
23.369	-0.272064
23.37	-0.469815
23.371	-0.541386
23.372	-0.459226
23.373	-0.266308
23.374	-0.060985
23.375	0.073107
23.376	0.131105
23.377	0.178784
23.378	0.296164
23.379	0.543992
23.38	0.94948
23.381	1.394229
23.382	1.550399
23.383	1.222823
23.384	0.657301
23.385	0.208186
23.386	-0.058295
23.387	-0.256203
23.388	-0.413494
23.389	-0.440651
23.39	-0.322625
23.391	-0.200987
23.392	-0.189494
23.393	-0.236367
23.394	-0.227995
23.395	-0.122268
23.396	0.051766
23.397	0.242184
23.398	0.395724
23.399	0.503279
23.4	0.651632
23.401	0.887671
23.402	1.016463
23.403	0.823297
23.404	0.426307
23.405	0.088496
23.406	-0.123086
23.407	-0.278279
23.408	-0.362049
23.409	-0.27059
23.41	-0.030627
23.411	0.14196
23.412	0.102273
23.413	-0.059656
23.414	-0.174453
23.415	-0.168032
23.416	-0.057777
23.417	0.102529
23.418	0.236236
23.419	0.284832
23.42	0.286678
23.421	0.326502
23.422	0.372651
23.423	0.317549
23.424	0.168667
23.425	0.023155
23.426	-0.095485
23.427	-0.238773
23.428	-0.399691
23.429	-0.484933
23.43	-0.453258
23.431	-0.376273
23.432	-0.316882
23.433	-0.257776
23.434	-0.172438
23.435	-0.068831
23.436	0.045178
23.437	0.171483
23.438	0.291293
23.439	0.387039
23.44	0.508411
23.441	0.687392
23.442	0.779458
23.443	0.623907
23.444	0.31277
23.445	0.058609
23.446	-0.081386
23.447	-0.189286
23.448	-0.298031
23.449	-0.34046
23.45	-0.286221
23.451	-0.210921
23.452	-0.179365
23.453	-0.167772
23.454	-0.132862
23.455	-0.065516
23.456	0.034548
23.457	0.163462
23.458	0.273461
23.459	0.290327
23.46	0.214716
23.461	0.138319
23.462	0.114582
23.463	0.100452
23.464	0.057984
23.465	0.013677
23.466	-0.021189
23.467	-0.089651
23.468	-0.195623
23.469	-0.264099
23.47	-0.252602
23.471	-0.212271
23.472	-0.190464
23.473	-0.168852
23.474	-0.124624
23.475	-0.06405
23.476	0.015439
23.477	0.136423
23.478	0.302748
23.479	0.493021
23.48	0.70565
23.481	0.903235
23.482	0.91578
23.483	0.627463
23.484	0.212918
23.485	-0.057501
23.486	-0.134845
23.487	-0.161732
23.488	-0.242491
23.489	-0.344037
23.49	-0.396269
23.491	-0.390063
23.492	-0.340408
23.493	-0.249405
23.494	-0.137595
23.495	-0.036642
23.496	0.057308
23.497	0.173929
23.498	0.302166
23.499	0.374992
23.5	0.354246
23.501	0.276686
23.502	0.179138
23.503	0.060185
23.504	-0.050438
23.505	-0.087357
23.506	-0.055555
23.507	-0.047018
23.508	-0.110145
23.509	-0.185455
23.51	-0.215428
23.511	-0.220779
23.512	-0.220658
23.513	-0.190151
23.514	-0.126074
23.515	-0.059544
23.516	0.007404
23.517	0.115389
23.518	0.276485
23.519	0.427544
23.52	0.487816
23.521	0.429035
23.522	0.267799
23.523	0.051165
23.524	-0.125547
23.525	-0.17095
23.526	-0.109658
23.527	-0.074196
23.528	-0.148964
23.529	-0.283608
23.53	-0.389314
23.531	-0.429266
23.532	-0.388199
23.533	-0.265683
23.534	-0.116304
23.535	-0.01308
23.536	0.033204
23.537	0.070355
23.538	0.115307
23.539	0.123946
23.54	0.078361
23.541	0.026202
23.542	-0.007039
23.543	-0.048136
23.544	-0.084527
23.545	-0.054329
23.546	0.031996
23.547	0.056999
23.548	-0.065199
23.549	-0.284503
23.55	-0.487798
23.551	-0.589074
23.552	-0.531455
23.553	-0.322901
23.554	-0.078997
23.555	0.066886
23.556	0.096311
23.557	0.099257
23.558	0.144493
23.559	0.206996
23.56	0.236101
23.561	0.220974
23.562	0.153954
23.563	0.028805
23.564	-0.088207
23.565	-0.09603
23.566	-0.004077
23.567	0.048595
23.568	-0.039888
23.569	-0.217835
23.57	-0.370221
23.571	-0.42967
23.572	-0.364982
23.573	-0.185699
23.574	0.018774
23.575	0.149413
23.576	0.205093
23.577	0.243925
23.578	0.255591
23.579	0.174181
23.58	0.042359
23.581	0.017783
23.582	0.138927
23.583	0.247704
23.584	0.218534
23.585	0.098828
23.586	-0.030111
23.587	-0.168645
23.588	-0.301774
23.589	-0.338213
23.59	-0.258077
23.591	-0.1793
23.592	-0.176852
23.593	-0.185871
23.594	-0.140781
23.595	-0.064074
23.596	0.014943
23.597	0.110437
23.598	0.209702
23.599	0.253128
23.6	0.245556
23.601	0.270441
23.602	0.326917
23.603	0.300252
23.604	0.150396
23.605	-0.017794
23.606	-0.122059
23.607	-0.203321
23.608	-0.293886
23.609	-0.32696
23.61	-0.271333
23.611	-0.210089
23.612	-0.196128
23.613	-0.177597
23.614	-0.119313
23.615	-0.05894
23.616	-0.013386
23.617	0.058038
23.618	0.158016
23.619	0.215484
23.62	0.210257
23.621	0.218098
23.622	0.256519
23.623	0.228666
23.624	0.095294
23.625	-0.040787
23.626	-0.098687
23.627	-0.132128
23.628	-0.192949
23.629	-0.220939
23.63	-0.172152
23.631	-0.117182
23.632	-0.112323
23.633	-0.113473
23.634	-0.0841
23.635	-0.054466
23.636	-0.033792
23.637	0.02473
23.638	0.121453
23.639	0.170097
23.64	0.139303
23.641	0.118608
23.642	0.149632
23.643	0.138875
23.644	0.035929
23.645	-0.059068
23.646	-0.063927
23.647	-0.038235
23.648	-0.043135
23.649	-0.029554
23.65	0.024099
23.651	0.028188
23.652	-0.049131
23.653	-0.110211
23.654	-0.097693
23.655	-0.063815
23.656	-0.045646
23.657	-0.013688
23.658	0.018598
23.659	-0.034163
23.66	-0.158425
23.661	-0.196406
23.662	-0.088737
23.663	0.019906
23.664	0.023049
23.665	0.00428
23.666	0.0475
23.667	0.08018
23.668	0.0163
23.669	-0.093573
23.67	-0.169527
23.671	-0.218774
23.672	-0.242977
23.673	-0.191084
23.674	-0.075849
23.675	0.010621
23.676	0.035318
23.677	0.066965
23.678	0.139654
23.679	0.180259
23.68	0.148579
23.681	0.118058
23.682	0.121148
23.683	0.077028
23.684	-0.030123
23.685	-0.076559
23.686	-0.003477
23.687	0.059473
23.688	-0.022018
23.689	-0.204293
23.69	-0.36297
23.691	-0.439988
23.692	-0.410061
23.693	-0.257302
23.694	-0.052082
23.695	0.077171
23.696	0.09261
23.697	0.078312
23.698	0.084048
23.699	0.045503
23.7	-0.061026
23.701	-0.126717
23.702	-0.087555
23.703	-0.036301
23.704	-0.040296
23.705	-0.017025
23.706	0.088416
23.707	0.164958
23.708	0.106016
23.709	-0.019065
23.71	-0.096642
23.711	-0.126559
23.712	-0.130359
23.713	-0.074035
23.714	0.025295
23.715	0.068938
23.716	0.020927
23.717	-0.030699
23.718	-0.021204
23.719	-0.00976
23.72	-0.044909
23.721	-0.061613
23.722	-0.025922
23.723	-0.023142
23.724	-0.082515
23.725	-0.087212
23.726	0.022106
23.727	0.114746
23.728	0.067169
23.729	-0.046386
23.73	-0.09802
23.731	-0.09033
23.732	-0.064236
23.733	-0.000129
23.734	0.081506
23.735	0.0843
23.736	-0.017922
23.737	-0.12316
23.738	-0.162091
23.739	-0.202433
23.74	-0.290635
23.741	-0.327641
23.742	-0.2451
23.743	-0.14329
23.744	-0.10474
23.745	-0.047292
23.746	0.092697
23.747	0.200213
23.748	0.159881
23.749	0.05032
23.75	0.001029
23.751	0.006738
23.752	0.025855
23.753	0.080773
23.754	0.147915
23.755	0.122432
23.756	-0.021137
23.757	-0.165955
23.758	-0.229255
23.759	-0.279305
23.76	-0.365911
23.761	-0.387513
23.762	-0.278654
23.763	-0.152932
23.764	-0.103689
23.765	-0.042234
23.766	0.113764
23.767	0.26486
23.768	0.308251
23.769	0.321623
23.77	0.386754
23.771	0.418862
23.772	0.348526
23.773	0.257356
23.774	0.198359
23.775	0.093945
23.776	-0.095325
23.777	-0.277655
23.778	-0.399606
23.779	-0.547254
23.78	-0.735613
23.781	-0.785613
23.782	-0.593349
23.783	-0.318546
23.784	-0.133736
23.785	0.013134
23.786	0.216478
23.787	0.392279
23.788	0.43848
23.789	0.435716
23.79	0.479929
23.791	0.496307
23.792	0.411215
23.793	0.302416
23.794	0.21988
23.795	0.067457
23.796	-0.212156
23.797	-0.516534
23.798	-0.764523
23.799	-1.029641
23.8	-1.328823
23.801	-1.454965
23.802	-1.239555
23.803	-0.811788
23.804	-0.388452
23.805	0.006646
23.806	0.408797
23.807	0.697251
23.808	0.753577
23.809	0.680534
23.81	0.637705
23.811	0.616867
23.812	0.56389
23.813	0.514168
23.814	0.457532
23.815	0.277023
23.816	-0.059515
23.817	-0.408427
23.818	-0.659404
23.819	-0.886183
23.82	-1.135216
23.821	-1.240458
23.822	-1.05665
23.823	-0.698207
23.824	-0.343698
23.825	0.014353
23.826	0.420613
23.827	0.750183
23.828	0.887767
23.829	0.937535
23.83	1.015715
23.831	1.031941
23.832	0.89549
23.833	0.69513
23.834	0.498984
23.835	0.223564
23.836	-0.165272
23.837	-0.521992
23.838	-0.725041
23.839	-0.852819
23.84	-0.992133
23.841	-1.041941
23.842	-0.899455
23.843	-0.655051
23.844	-0.412847
23.845	-0.10433
23.846	0.317775
23.847	0.684324
23.848	0.836942
23.849	0.877184
23.85	0.955167
23.851	1.0027
23.852	0.908018
23.853	0.728094
23.854	0.5322
23.855	0.268217
23.856	-0.07373
23.857	-0.377828
23.858	-0.618576
23.859	-0.943804
23.86	-1.347138
23.861	-1.505615
23.862	-1.198684
23.863	-0.651027
23.864	-0.213127
23.865	0.066229
23.866	0.317837
23.867	0.575968
23.868	0.891574
23.869	1.397703
23.87	1.942113
23.871	2.052889
23.872	1.567481
23.873	0.865826
23.874	0.335352
23.875	0.000513
23.876	-0.260041
23.877	-0.461234
23.878	-0.621473
23.879	-0.869062
23.88	-1.195007
23.881	-1.318441
23.882	-1.060179
23.883	-0.628488
23.884	-0.301303
23.885	-0.068256
23.886	0.195849
23.887	0.481872
23.888	0.814585
23.889	1.337352
23.89	1.914862
23.891	2.063408
23.892	1.593084
23.893	0.876592
23.894	0.317481
23.895	-0.042265
23.896	-0.317696
23.897	-0.524146
23.898	-0.677691
23.899	-0.899279
23.9	-1.181241
23.901	-1.267795
23.902	-1.010527
23.903	-0.613756
23.904	-0.315272
23.905	-0.078926
23.906	0.189654
23.907	0.397295
23.908	0.481083
23.909	0.612121
23.91	0.878741
23.911	1.031465
23.912	0.860535
23.913	0.524624
23.914	0.257208
23.915	0.055038
23.916	-0.166288
23.917	-0.367338
23.918	-0.511371
23.919	-0.689203
23.92	-0.913158
23.921	-0.985701
23.922	-0.788985
23.923	-0.493392
23.924	-0.279209
23.925	-0.086694
23.926	0.160928
23.927	0.342575
23.928	0.382333
23.929	0.461309
23.93	0.696326
23.931	0.862556
23.932	0.74365
23.933	0.466955
23.934	0.243244
23.935	0.066395
23.936	-0.142274
23.937	-0.331999
23.938	-0.444082
23.939	-0.553073
23.94	-0.696392
23.941	-0.735791
23.942	-0.584446
23.943	-0.381336
23.944	-0.253262
23.945	-0.119005
23.946	0.089017
23.947	0.247057
23.948	0.298817
23.949	0.44411
23.95	0.777876
23.951	1.011227
23.952	0.881328
23.953	0.532561
23.954	0.226188
23.955	-0.009064
23.956	-0.239158
23.957	-0.40149
23.958	-0.411778
23.959	-0.334577
23.96	-0.27156
23.961	-0.211552
23.962	-0.148011
23.963	-0.167826
23.964	-0.264709
23.965	-0.268871
23.966	-0.1161
23.967	0.019662
23.968	0.028953
23.969	0.079815
23.97	0.295396
23.971	0.479259
23.972	0.43573
23.973	0.268697
23.974	0.138619
23.975	0.013835
23.976	-0.169513
23.977	-0.327146
23.978	-0.361683
23.979	-0.327341
23.98	-0.305527
23.981	-0.260312
23.982	-0.173931
23.983	-0.145326
23.984	-0.198224
23.985	-0.188346
23.986	-0.051285
23.987	0.058978
23.988	0.047884
23.989	0.078757
23.99	0.267757
23.991	0.430226
23.992	0.384839
23.993	0.230471
23.994	0.114425
23.995	0.002526
23.996	-0.161301
23.997	-0.280012
23.998	-0.239799
23.999	-0.090714
24.0	0.047285
24.001	0.134145
24.002	0.144159
24.003	0.020908
24.004	-0.174036
24.005	-0.245226
24.006	-0.130357
24.007	-0.010522
24.008	-0.011255
24.009	0.001226
24.01	0.13518
24.011	0.240337
24.012	0.184653
24.013	0.078565
24.014	0.037636
24.015	-0.005719
24.016	-0.122623
24.017	-0.232081
24.018	-0.249125
24.019	-0.235715
24.02	-0.259773
24.021	-0.25624
24.022	-0.181994
24.023	-0.130379
24.024	-0.142879
24.025	-0.098976
24.026	0.052448
24.027	0.146901
24.028	0.062498
24.029	-0.064705
24.03	-0.076875
24.031	-0.039075
24.032	-0.048105
24.033	-0.042354
24.034	0.023847
24.035	0.053283
24.036	-0.016693
24.037	-0.082741
24.038	-0.035506
24.039	0.069615
24.04	0.126472
24.041	0.135133
24.042	0.112976
24.043	0.011917
24.044	-0.141947
24.045	-0.207722
24.046	-0.155379
24.047	-0.135849
24.048	-0.200149
24.049	-0.178179
24.05	-0.011854
24.051	0.070899
24.052	-0.065917
24.053	-0.228654
24.054	-0.212302
24.055	-0.064817
24.056	0.075107
24.057	0.169514
24.058	0.203571
24.059	0.114948
24.06	-0.045586
24.061	-0.078887
24.062	0.069637
24.063	0.195223
24.064	0.152304
24.065	0.046069
24.066	-0.016743
24.067	-0.10684
24.068	-0.252772
24.069	-0.297426
24.07	-0.181088
24.071	-0.105992
24.072	-0.195565
24.073	-0.281472
24.074	-0.200905
24.075	-0.02853
24.076	0.107277
24.077	0.221004
24.078	0.363447
24.079	0.485364
24.08	0.536222
24.081	0.549972
24.082	0.518783
24.083	0.354191
24.084	0.082175
24.085	-0.119894
24.086	-0.185306
24.087	-0.255232
24.088	-0.405652
24.089	-0.495757
24.09	-0.44677
24.091	-0.409233
24.092	-0.466774
24.093	-0.470622
24.094	-0.3108
24.095	-0.087765
24.096	0.077123
24.097	0.20928
24.098	0.369142
24.099	0.514729
24.1	0.583518
24.101	0.587469
24.102	0.521867
24.103	0.32787
24.104	0.050435
24.105	-0.144134
24.106	-0.209521
24.107	-0.292628
24.108	-0.460315
24.109	-0.556351
24.11	-0.485498
24.111	-0.396509
24.112	-0.402747
24.113	-0.39451
24.114	-0.268661
24.115	-0.098983
24.116	0.023118
24.117	0.141741
24.118	0.332082
24.119	0.555809
24.12	0.716552
24.121	0.76394
24.122	0.659313
24.123	0.374559
24.124	0.014869
24.125	-0.223376
24.126	-0.301722
24.127	-0.381883
24.128	-0.538293
24.129	-0.619924
24.13	-0.536178
24.131	-0.436868
24.132	-0.431966
24.133	-0.410789
24.134	-0.278549
24.135	-0.116434
24.136	-0.01203
24.137	0.084089
24.138	0.246663
24.139	0.439167
24.14	0.578316
24.141	0.632811
24.142	0.570116
24.143	0.345347
24.144	0.035743
24.145	-0.179184
24.146	-0.256545
24.147	-0.346709
24.148	-0.528138
24.149	-0.665224
24.15	-0.653315
24.151	-0.586162
24.152	-0.54005
24.153	-0.440111
24.154	-0.249447
24.155	-0.069153
24.156	0.026958
24.157	0.104814
24.158	0.248784
24.159	0.433089
24.16	0.585768
24.161	0.668815
24.162	0.625595
24.163	0.399334
24.164	0.076698
24.165	-0.147636
24.166	-0.222521
24.167	-0.305425
24.168	-0.499705
24.169	-0.693274
24.17	-0.762645
24.171	-0.739958
24.172	-0.665212
24.173	-0.493462
24.174	-0.241569
24.175	-0.034023
24.176	0.068511
24.177	0.159984
24.178	0.346121
24.179	0.595063
24.18	0.794495
24.181	0.863723
24.182	0.747644
24.183	0.434073
24.184	0.053221
24.185	-0.18429
24.186	-0.234977
24.187	-0.275855
24.188	-0.433654
24.189	-0.612885
24.19	-0.685129
24.191	-0.664551
24.192	-0.589785
24.193	-0.432798
24.194	-0.217306
24.195	-0.053818
24.196	0.016957
24.197	0.104775
24.198	0.327166
24.199	0.65153
24.2	0.934793
24.201	1.04034
24.202	0.877002
24.203	0.458479
24.204	-0.014279
24.205	-0.278042
24.206	-0.292025
24.207	-0.272907
24.208	-0.39076
24.209	-0.572695
24.21	-0.678846
24.211	-0.690465
24.212	-0.621463
24.213	-0.448255
24.214	-0.222133
24.215	-0.074148
24.216	-0.034711
24.217	0.048881
24.218	0.352504
24.219	0.880839
24.22	1.464727
24.221	1.832414
24.222	1.685769
24.223	0.981897
24.224	0.124016
24.225	-0.403711
24.226	-0.516013
24.227	-0.479973
24.228	-0.495625
24.229	-0.50172
24.23	-0.416035
24.231	-0.321553
24.232	-0.287271
24.233	-0.247534
24.234	-0.166675
24.235	-0.120924
24.236	-0.151835
24.237	-0.192375
24.238	-0.207434
24.239	-0.273402
24.24	-0.405442
24.241	-0.454253
24.242	-0.325305
24.243	-0.142004
24.244	-0.037766
24.245	0.036691
24.246	0.133245
24.247	0.117185
24.248	-0.158129
24.249	-0.616137
24.25	-1.02673
24.251	-1.198725
24.252	-1.041092
24.253	-0.596743
24.254	-0.082753
24.255	0.241372
24.256	0.301246
24.257	0.227476
24.258	0.128507
24.259	-0.033057
24.26	-0.251917
24.261	-0.35481
24.262	-0.236297
24.263	-0.036205
24.264	0.093324
24.265	0.202551
24.266	0.355206
24.267	0.43361
24.268	0.317845
24.269	0.089239
24.27	-0.106754
24.271	-0.232592
24.272	-0.267091
24.273	-0.153415
24.274	0.056119
24.275	0.190858
24.276	0.163971
24.277	0.045609
24.278	-0.124254
24.279	-0.43191
24.28	-0.850434
24.281	-1.091296
24.282	-0.924107
24.283	-0.485013
24.284	-0.050858
24.285	0.304333
24.286	0.597315
24.287	0.691697
24.288	0.427944
24.289	-0.121441
24.29	-0.693989
24.291	-1.030572
24.292	-0.962482
24.293	-0.496614
24.294	0.112612
24.295	0.525335
24.296	0.589707
24.297	0.355334
24.298	-0.186493
24.299	-1.135218
24.3	-2.267719
24.301	-2.893104
24.302	-2.484499
24.303	-1.288212
24.304	-0.013269
24.305	0.897842
24.306	1.397265
24.307	1.498749
24.308	1.22506
24.309	0.748472
24.31	0.281516
24.311	-0.06797
24.312	-0.203617
24.313	-0.031497
24.314	0.348331
24.315	0.649169
24.316	0.669989
24.317	0.406148
24.318	-0.15785
24.319	-1.099756
24.32	-2.188102
24.321	-2.7607
24.322	-2.339543
24.323	-1.192529
24.324	-0.000659
24.325	0.838947
24.326	1.319649
24.327	1.530773
24.328	1.622683
24.329	1.79005
24.33	1.94969
24.331	1.774413
24.332	1.242264
24.333	0.722553
24.334	0.465107
24.335	0.360702
24.336	0.21153
24.337	-0.016728
24.338	-0.298235
24.339	-0.676289
24.34	-1.089001
24.341	-1.26516
24.342	-1.03498
24.343	-0.574876
24.344	-0.147534
24.345	0.199854
24.346	0.510877
24.347	0.757027
24.348	1.020412
24.349	1.524548
24.35	2.176532
24.351	2.461456
24.352	2.083197
24.353	1.316857
24.354	0.587935
24.355	0.045585
24.356	-0.350598
24.357	-0.573867
24.358	-0.554217
24.359	-0.35134
24.36	-0.126854
24.361	-0.00122
24.362	-0.040688
24.363	-0.25202
24.364	-0.483634
24.365	-0.505132
24.366	-0.287134
24.367	-0.018862
24.368	0.259852
24.369	0.778786
24.37	1.5499
24.371	2.091441
24.372	1.970661
24.373	1.310863
24.374	0.52595
24.375	-0.145585
24.376	-0.646742
24.377	-0.878752
24.378	-0.723912
24.379	-0.246121
24.38	0.279795
24.381	0.538427
24.382	0.352693
24.383	-0.18596
24.384	-0.7168
24.385	-0.88473
24.386	-0.682305
24.387	-0.392803
24.388	-0.140527
24.389	0.281837
24.39	0.951137
24.391	1.468865
24.392	1.405065
24.393	0.841041
24.394	0.186563
24.395	-0.308189
24.396	-0.617915
24.397	-0.728171
24.398	-0.609502
24.399	-0.315418
24.4	0.041244
24.401	0.323964
24.402	0.352602
24.403	0.036604
24.404	-0.435823
24.405	-0.738265
24.406	-0.768081
24.407	-0.672504
24.408	-0.468927
24.409	0.060123
24.41	0.877451
24.411	1.449506
24.412	1.339427
24.413	0.729299
24.414	0.090905
24.415	-0.345176
24.416	-0.591819
24.417	-0.658095
24.418	-0.535004
24.419	-0.299677
24.42	-0.065605
24.421	0.093219
24.422	0.094064
24.423	-0.124519
24.424	-0.443453
24.425	-0.619078
24.426	-0.583538
24.427	-0.492846
24.428	-0.391148
24.429	-0.094135
24.43	0.401769
24.431	0.718213
24.432	0.584146
24.433	0.198129
24.434	-0.112452
24.435	-0.272876
24.436	-0.358896
24.437	-0.37726
24.438	-0.306952
24.439	-0.205787
24.44	-0.129856
24.441	-0.063255
24.442	-0.032552
24.443	-0.127212
24.444	-0.30724
24.445	-0.391059
24.446	-0.326362
24.447	-0.251531
24.448	-0.189878
24.449	0.04869
24.45	0.467457
24.451	0.702803
24.452	0.515685
24.453	0.126725
24.454	-0.143016
24.455	-0.2399
24.456	-0.264106
24.457	-0.25605
24.458	-0.233019
24.459	-0.262401
24.46	-0.346096
24.461	-0.369385
24.462	-0.293114
24.463	-0.232296
24.464	-0.238053
24.465	-0.209027
24.466	-0.116033
24.467	-0.080798
24.468	-0.112598
24.469	-0.017215
24.47	0.242509
24.471	0.382178
24.472	0.219547
24.473	-0.053416
24.474	-0.188194
24.475	-0.176036
24.476	-0.127757
24.477	-0.090664
24.478	-0.095765
24.479	-0.211098
24.48	-0.40535
24.481	-0.503945
24.482	-0.417946
24.483	-0.265614
24.484	-0.158939
24.485	-0.064549
24.486	0.026764
24.487	0.024908
24.488	-0.036507
24.489	0.050928
24.49	0.303839
24.491	0.415673
24.492	0.211491
24.493	-0.092009
24.494	-0.233057
24.495	-0.20427
24.496	-0.120089
24.497	-0.027936
24.498	0.04663
24.499	0.034596
24.5	-0.068411
24.501	-0.150162
24.502	-0.147828
24.503	-0.131494
24.504	-0.140174
24.505	-0.114737
24.506	-0.066451
24.507	-0.106658
24.508	-0.21094
24.509	-0.174259
24.51	0.039421
24.511	0.165062
24.512	0.036046
24.513	-0.180626
24.514	-0.270885
24.515	-0.222291
24.516	-0.119706
24.517	-0.005009
24.518	0.079711
24.519	0.061669
24.52	-0.043616
24.521	-0.108257
24.522	-0.080955
24.523	-0.0504
24.524	-0.060645
24.525	-0.05511
24.526	-0.0483
24.527	-0.150823
24.528	-0.350115
24.529	-0.460276
24.53	-0.409107
24.531	-0.354967
24.532	-0.397897
24.533	-0.430149
24.534	-0.349084
24.535	-0.19061
24.536	-0.015833
24.537	0.169574
24.538	0.339795
24.539	0.412305
24.54	0.361126
24.541	0.267342
24.542	0.188075
24.543	0.098981
24.544	0.009788
24.545	-0.024935
24.546	-0.050081
24.547	-0.203139
24.548	-0.50282
24.549	-0.787006
24.55	-0.929002
24.551	-0.95217
24.552	-0.882815
24.553	-0.691706
24.554	-0.409203
24.555	-0.129006
24.556	0.108505
24.557	0.334649
24.558	0.560099
24.559	0.758203
24.56	0.953874
24.561	1.151658
24.562	1.167628
24.563	0.851
24.564	0.40036
24.565	0.111885
24.566	-0.021259
24.567	-0.231057
24.568	-0.640611
24.569	-1.131087
24.57	-1.485204
24.571	-1.556495
24.572	-1.319701
24.573	-0.874553
24.574	-0.39854
24.575	-0.019792
24.576	0.262776
24.577	0.517857
24.578	0.776437
24.579	1.042745
24.58	1.376377
24.581	1.740183
24.582	1.802444
24.583	1.333969
24.584	0.654644
24.585	0.21432
24.586	0.031282
24.587	-0.175199
24.588	-0.577202
24.589	-1.08998
24.59	-1.494049
24.591	-1.602502
24.592	-1.361395
24.593	-0.889624
24.594	-0.398651
24.595	-0.019574
24.596	0.273325
24.597	0.578843
24.598	0.95948
24.599	1.43682
24.6	2.029349
24.601	2.566382
24.602	2.554288
24.603	1.764846
24.604	0.734797
24.605	0.106122
24.606	-0.101571
24.607	-0.259983
24.608	-0.609729
24.609	-1.088695
24.61	-1.465407
24.611	-1.541487
24.612	-1.280999
24.613	-0.8308
24.614	-0.40098
24.615	-0.088178
24.616	0.173806
24.617	0.511618
24.618	0.995284
24.619	1.612842
24.62	2.297384
24.621	2.798044
24.622	2.632309
24.623	1.672366
24.624	0.551138
24.625	-0.068241
24.626	-0.206878
24.627	-0.289836
24.628	-0.596681
24.629	-1.082964
24.63	-1.50574
24.631	-1.623348
24.632	-1.357343
24.633	-0.860155
24.634	-0.38555
24.635	-0.059641
24.636	0.181335
24.637	0.449033
24.638	0.759751
24.639	1.0784
24.64	1.463192
24.641	1.900772
24.642	2.024598
24.643	1.536615
24.644	0.756198
24.645	0.178305
24.646	-0.149432
24.647	-0.470425
24.648	-0.906645
24.649	-1.359374
24.65	-1.65513
24.651	-1.680472
24.652	-1.422007
24.653	-0.974428
24.654	-0.490264
24.655	-0.062629
24.656	0.323715
24.657	0.707036
24.658	1.06034
24.659	1.363619
24.66	1.722866
24.661	2.14782
24.662	2.254699
24.663	1.718701
24.664	0.861603
24.665	0.224549
24.666	-0.09882
24.667	-0.366156
24.668	-0.765885
24.669	-1.25118
24.67	-1.635102
24.671	-1.735539
24.672	-1.478923
24.673	-0.968095
24.674	-0.420006
24.675	0.019264
24.676	0.362611
24.677	0.67043
24.678	0.907473
24.679	1.000841
24.68	1.027949
24.681	1.1209
24.682	1.160882
24.683	0.932423
24.684	0.538787
24.685	0.259772
24.686	0.127033
24.687	-0.082851
24.688	-0.54763
24.689	-1.202076
24.69	-1.772125
24.691	-1.952742
24.692	-1.620575
24.693	-0.943735
24.694	-0.247579
24.695	0.251573
24.696	0.552785
24.697	0.720314
24.698	0.688673
24.699	0.343275
24.7	-0.178176
24.701	-0.487582
24.702	-0.372726
24.703	-0.016326
24.704	0.307682
24.705	0.516282
24.706	0.593594
24.707	0.427161
24.708	-0.078087
24.709	-0.81964
24.71	-1.498444
24.711	-1.775906
24.712	-1.489915
24.713	-0.79756
24.714	-0.06587
24.715	0.424525
24.716	0.651071
24.717	0.72548
24.718	0.653591
24.719	0.346203
24.72	-0.105435
24.721	-0.384315
24.722	-0.304798
24.723	-0.017129
24.724	0.257465
24.725	0.470167
24.726	0.611385
24.727	0.567902
24.728	0.263033
24.729	-0.195876
24.73	-0.605322
24.731	-0.801956
24.732	-0.701666
24.733	-0.351427
24.734	0.048355
24.735	0.292849
24.736	0.354846
24.737	0.340434
24.738	0.272136
24.739	0.061359
24.74	-0.250055
24.741	-0.425735
24.742	-0.337639
24.743	-0.126998
24.744	0.051382
24.745	0.215949
24.746	0.39406
24.747	0.512921
24.748	0.572637
24.749	0.696591
24.75	0.862615
24.751	0.850948
24.752	0.597714
24.753	0.298699
24.754	0.097745
24.755	-0.048209
24.756	-0.188835
24.757	-0.307015
24.758	-0.463304
24.759	-0.782725
24.76	-1.174185
24.761	-1.303168
24.762	-1.014395
24.763	-0.537509
24.764	-0.137723
24.765	0.166057
24.766	0.420814
24.767	0.559452
24.768	0.558129
24.769	0.539545
24.77	0.554715
24.771	0.496539
24.772	0.346649
24.773	0.231629
24.774	0.180438
24.775	0.082822
24.776	-0.097898
24.777	-0.279184
24.778	-0.459654
24.779	-0.752364
24.78	-1.10523
24.781	-1.229659
24.782	-0.976294
24.783	-0.542257
24.784	-0.161541
24.785	0.158354
24.786	0.459532
24.787	0.660787
24.788	0.73501
24.789	0.815537
24.79	0.939478
24.791	0.93969
24.792	0.743426
24.793	0.492945
24.794	0.28439
24.795	0.057888
24.796	-0.209162
24.797	-0.426582
24.798	-0.581323
24.799	-0.793518
24.8	-1.051948
24.801	-1.126181
24.802	-0.901297
24.803	-0.552442
24.804	-0.248987
24.805	0.055272
24.806	0.401756
24.807	0.660362
24.808	0.752459
24.809	0.800541
24.81	0.876185
24.811	0.854648
24.812	0.677928
24.813	0.473153
24.814	0.30752
24.815	0.096986
24.816	-0.187388
24.817	-0.448556
24.818	-0.672822
24.819	-0.986789
24.82	-1.357624
24.821	-1.491106
24.822	-1.22235
24.823	-0.748378
24.824	-0.305904
24.825	0.105495
24.826	0.524204
24.827	0.846389
24.828	1.039199
24.829	1.251043
24.83	1.476653
24.831	1.430887
24.832	1.005593
24.833	0.491715
24.834	0.167133
24.835	0.005145
24.836	-0.119947
24.837	-0.243999
24.838	-0.432485
24.839	-0.797487
24.84	-1.21623
24.841	-1.319415
24.842	-0.967946
24.843	-0.45996
24.844	-0.092146
24.845	0.175095
24.846	0.460231
24.847	0.696317
24.848	0.82045
24.849	0.953849
24.85	1.153429
24.851	1.229499
24.852	1.044581
24.853	0.722596
24.854	0.403673
24.855	0.067048
24.856	-0.298922
24.857	-0.584307
24.858	-0.743484
24.859	-0.896081
24.86	-1.071514
24.861	-1.072135
24.862	-0.796986
24.863	-0.44815
24.864	-0.211234
24.865	-0.015327
24.866	0.218943
24.867	0.40683
24.868	0.554398
24.869	0.856971
24.87	1.292531
24.871	1.471228
24.872	1.168014
24.873	0.637817
24.874	0.214045
24.875	-0.058894
24.876	-0.275428
24.877	-0.458279
24.878	-0.647422
24.879	-0.934513
24.88	-1.229601
24.881	-1.252423
24.882	-0.926908
24.883	-0.516421
24.884	-0.231463
24.885	-0.001379
24.886	0.246187
24.887	0.408048
24.888	0.475637
24.889	0.658932
24.89	0.99396
24.891	1.160178
24.892	0.950099
24.893	0.566819
24.894	0.268025
24.895	0.050704
24.896	-0.175104
24.897	-0.386448
24.898	-0.569422
24.899	-0.795603
24.9	-1.016912
24.901	-1.021077
24.902	-0.751308
24.903	-0.425948
24.904	-0.202716
24.905	0.001153
24.906	0.236719
24.907	0.378233
24.908	0.409816
24.909	0.549295
24.91	0.849538
24.911	1.005278
24.912	0.812648
24.913	0.467418
24.914	0.218618
24.915	0.054423
24.916	-0.135891
24.917	-0.362162
24.918	-0.63162
24.919	-0.999292
24.92	-1.351597
24.921	-1.388557
24.922	-1.013368
24.923	-0.495696
24.924	-0.094873
24.925	0.201557
24.926	0.439863
24.927	0.519611
24.928	0.433345
24.929	0.395941
24.93	0.514073
24.931	0.615957
24.932	0.575939
24.933	0.484207
24.934	0.405442
24.935	0.258104
24.936	0.002198
24.937	-0.26585
24.938	-0.490185
24.939	-0.727506
24.94	-0.931694
24.941	-0.904254
24.942	-0.60228
24.943	-0.249236
24.944	-0.012064
24.945	0.174371
24.946	0.358064
24.947	0.435083
24.948	0.414071
24.949	0.517322
24.95	0.795368
24.951	0.950306
24.952	0.774986
24.953	0.445997
24.954	0.206303
24.955	0.055092
24.956	-0.105853
24.957	-0.254117
24.958	-0.326029
24.959	-0.339273
24.96	-0.304426
24.961	-0.184062
24.962	-0.036585
24.963	-0.001705
24.964	-0.065662
24.965	-0.054911
24.966	0.073644
24.967	0.1762
24.968	0.247102
24.969	0.505234
24.97	0.962228
24.971	1.235957
24.972	1.047225
24.973	0.582215
24.974	0.168604
24.975	-0.107937
24.976	-0.305524
24.977	-0.389398
24.978	-0.28241
24.979	-0.024907
24.98	0.249519
24.981	0.411267
24.982	0.356816
24.983	0.077919
24.984	-0.23622
24.985	-0.337261
24.986	-0.218011
24.987	-0.092197
24.988	-0.021148
24.989	0.186823
24.99	0.566057
24.991	0.800497
24.992	0.659739
24.993	0.311545
24.994	0.023304
24.995	-0.160419
24.996	-0.305595
24.997	-0.378867
24.998	-0.307588
24.999	-0.125114
25.0	0.06657
25.001	0.18824
25.002	0.170959
25.003	-0.009717
25.004	-0.218005
25.005	-0.251178
25.006	-0.115627
25.007	-0.015815
25.008	-0.007098
25.009	0.100004
25.01	0.359647
25.011	0.511104
25.012	0.374545
25.013	0.115778
25.014	-0.044708
25.015	-0.111505
25.016	-0.184923
25.017	-0.257747
25.018	-0.267231
25.019	-0.213996
25.02	-0.122488
25.021	-0.00541
25.022	0.066034
25.023	0.011719
25.024	-0.088894
25.025	-0.065
25.026	0.072037
25.027	0.13003
25.028	0.061698
25.029	0.056479
25.03	0.189253
25.031	0.256575
25.032	0.127018
25.033	-0.045391
25.034	-0.092117
25.035	-0.060619
25.036	-0.068411
25.037	-0.103283
25.038	-0.083804
25.039	-0.002525
25.04	0.091929
25.041	0.160492
25.042	0.155117
25.043	0.050783
25.044	-0.053012
25.045	-0.016025
25.046	0.116973
25.047	0.15266
25.048	0.062114
25.049	0.044104
25.05	0.165182
25.051	0.214209
25.052	0.069098
25.053	-0.101192
25.054	-0.126873
25.055	-0.068103
25.056	-0.055484
25.057	-0.077745
25.058	-0.038475
25.059	0.082062
25.06	0.215774
25.061	0.286466
25.062	0.241975
25.063	0.09335
25.064	-0.032806
25.065	-0.007252
25.066	0.102283
25.067	0.099204
25.068	-0.028736
25.069	-0.054708
25.07	0.116222
25.071	0.267513
25.072	0.220361
25.073	0.077253
25.074	-0.014246
25.075	-0.081345
25.076	-0.201349
25.077	-0.327635
25.078	-0.351952
25.079	-0.257645
25.08	-0.125177
25.081	-0.041315
25.082	-0.056201
25.083	-0.148293
25.084	-0.184212
25.085	-0.036776
25.086	0.21451
25.087	0.344856
25.088	0.283951
25.089	0.188946
25.09	0.157289
25.091	0.096145
25.092	-0.032507
25.093	-0.103993
25.094	-0.052457
25.095	0.00878
25.096	-0.044236
25.097	-0.183035
25.098	-0.298694
25.099	-0.343867
25.1	-0.332684
25.101	-0.281842
25.102	-0.217692
25.103	-0.159394
25.104	-0.048691
25.105	0.183022
25.106	0.444543
25.107	0.534224
25.108	0.408606
25.109	0.243081
25.11	0.154115
25.111	0.069102
25.112	-0.047543
25.113	-0.089983
25.114	-0.011864
25.115	0.06437
25.116	0.013895
25.117	-0.124876
25.118	-0.221522
25.119	-0.217946
25.12	-0.156241
25.121	-0.100029
25.122	-0.08579
25.123	-0.092773
25.124	-0.021895
25.125	0.196552
25.126	0.451432
25.127	0.538467
25.128	0.43444
25.129	0.330255
25.13	0.322225
25.131	0.286653
25.132	0.152327
25.133	0.037634
25.134	0.028756
25.135	0.032582
25.136	-0.070272
25.137	-0.251303
25.138	-0.386087
25.139	-0.40643
25.14	-0.33709
25.141	-0.23755
25.142	-0.161625
25.143	-0.110446
25.144	0.004109
25.145	0.247133
25.146	0.50436
25.147	0.568436
25.148	0.408339
25.149	0.213842
25.15	0.116442
25.151	0.05451
25.152	-0.017855
25.153	-0.024447
25.154	0.055991
25.155	0.097145
25.156	-0.016422
25.157	-0.24138
25.158	-0.442524
25.159	-0.540684
25.16	-0.538914
25.161	-0.459627
25.162	-0.325089
25.163	-0.150521
25.164	0.091615
25.165	0.414544
25.166	0.697048
25.167	0.748098
25.168	0.542027
25.169	0.262799
25.17	0.062719
25.171	-0.060683
25.172	-0.11244
25.173	-0.038627
25.174	0.128117
25.175	0.223091
25.176	0.107297
25.177	-0.208009
25.178	-0.61901
25.179	-1.013967
25.18	-1.251203
25.181	-1.182124
25.182	-0.795864
25.183	-0.25015
25.184	0.296806
25.185	0.771798
25.186	1.083518
25.187	1.112377
25.188	0.883306
25.189	0.593079
25.19	0.381075
25.191	0.226139
25.192	0.11517
25.193	0.115122
25.194	0.218852
25.195	0.276751
25.196	0.150433
25.197	-0.142579
25.198	-0.481688
25.199	-0.764811
25.2	-0.917725
25.201	-0.868104
25.202	-0.60243
25.203	-0.195508
25.204	0.272944
25.205	0.74465
25.206	1.094931
25.207	1.171108
25.208	0.990065
25.209	0.754121
25.21	0.595747
25.211	0.462696
25.212	0.313547
25.213	0.228541
25.214	0.253845
25.215	0.291521
25.216	0.20626
25.217	-0.052852
25.218	-0.46151
25.219	-0.926883
25.22	-1.238872
25.221	-1.163311
25.222	-0.681225
25.223	-0.034506
25.224	0.52393
25.225	0.894132
25.226	1.040032
25.227	0.969656
25.228	0.863096
25.229	0.96554
25.23	1.217208
25.231	1.246034
25.232	0.87953
25.233	0.388083
25.234	0.103757
25.235	0.043398
25.236	-0.001657
25.237	-0.184843
25.238	-0.508829
25.239	-0.87168
25.24	-1.099267
25.241	-1.026248
25.242	-0.644795
25.243	-0.119258
25.244	0.383323
25.245	0.772747
25.246	0.960658
25.247	0.909126
25.248	0.791448
25.249	0.87526
25.25	1.129438
25.251	1.191651
25.252	0.865929
25.253	0.388829
25.254	0.088677
25.255	0.005441
25.256	-0.053155
25.257	-0.236144
25.258	-0.539299
25.259	-0.859495
25.26	-1.050262
25.261	-0.987388
25.262	-0.662102
25.263	-0.183173
25.264	0.325356
25.265	0.751118
25.266	0.957414
25.267	0.89446
25.268	0.765441
25.269	0.868202
25.27	1.163914
25.271	1.253051
25.272	0.91572
25.273	0.398578
25.274	0.054907
25.275	-0.064867
25.276	-0.156727
25.277	-0.343894
25.278	-0.522715
25.279	-0.451043
25.28	0.048893
25.281	0.806454
25.282	1.273202
25.283	1.152223
25.284	0.816793
25.285	0.692635
25.286	0.706867
25.287	0.624151
25.288	0.502161
25.289	0.583476
25.29	0.840897
25.291	0.920943
25.292	0.635925
25.293	0.217928
25.294	-0.023281
25.295	-0.070951
25.296	-0.134661
25.297	-0.343442
25.298	-0.595028
25.299	-0.646547
25.3	-0.309273
25.301	0.315842
25.302	0.80366
25.303	0.891898
25.304	0.822013
25.305	0.862467
25.306	0.895855
25.307	0.719772
25.308	0.413654
25.309	0.232748
25.31	0.234571
25.311	0.21603
25.312	0.062369
25.313	-0.074304
25.314	-0.027264
25.315	0.119982
25.316	0.113609
25.317	-0.187504
25.318	-0.646736
25.319	-0.910525
25.32	-0.635518
25.321	0.149796
25.322	0.916538
25.323	1.226472
25.324	1.240633
25.325	1.251343
25.326	1.201921
25.327	0.958298
25.328	0.642328
25.329	0.489699
25.33	0.494815
25.331	0.416403
25.332	0.168913
25.333	-0.031835
25.334	0.015483
25.335	0.2046
25.336	0.220421
25.337	-0.129908
25.338	-0.706489
25.339	-1.094659
25.34	-0.875295
25.341	-0.037619
25.342	0.87049
25.343	1.343366
25.344	1.460927
25.345	1.477439
25.346	1.371447
25.347	1.079328
25.348	0.759175
25.349	0.620434
25.35	0.613504
25.351	0.490202
25.352	0.191252
25.353	-0.040292
25.354	0.006413
25.355	0.210805
25.356	0.244764
25.357	-0.032718
25.358	-0.354114
25.359	-0.237171
25.36	0.556685
25.361	1.640187
25.362	2.223601
25.363	2.013277
25.364	1.5114
25.365	1.1856
25.366	0.986926
25.367	0.784464
25.368	0.705611
25.369	0.904251
25.37	1.194928
25.371	1.165722
25.372	0.696313
25.373	0.125022
25.374	-0.17071
25.375	-0.161842
25.376	-0.013879
25.377	0.352369
25.378	1.266217
25.379	2.69442
25.38	3.899832
25.381	4.007416
25.382	2.835579
25.383	1.133791
25.384	-0.095186
25.385	-0.538652
25.386	-0.561926
25.387	-0.422881
25.388	0.080364
25.389	1.173812
25.39	2.484942
25.391	3.129677
25.392	2.587265
25.393	1.251379
25.394	-0.04072
25.395	-0.787885
25.396	-0.944879
25.397	-0.509041
25.398	0.511864
25.399	1.683
25.4	2.275339
25.401	1.905066
25.402	0.754242
25.403	-0.556036
25.404	-1.349101
25.405	-1.488706
25.406	-1.33828
25.407	-1.135919
25.408	-0.759815
25.409	-0.080675
25.41	0.64994
25.411	0.936459
25.412	0.583858
25.413	-0.095191
25.414	-0.66431
25.415	-0.964881
25.416	-1.014429
25.417	-0.629304
25.418	0.484553
25.419	2.069068
25.42	3.166073
25.421	2.979019
25.422	1.64449
25.423	0.081512
25.424	-0.835996
25.425	-0.986378
25.426	-0.824461
25.427	-0.730334
25.428	-0.787364
25.429	-0.961831
25.43	-1.212114
25.431	-1.433728
25.432	-1.458787
25.433	-1.191981
25.434	-0.733075
25.435	-0.378516
25.436	-0.442225
25.437	-0.916127
25.438	-1.309791
25.439	-0.998291
25.44	0.15911
25.441	1.532107
25.442	2.242457
25.443	2.10449
25.444	1.661437
25.445	1.306507
25.446	0.969685
25.447	0.497181
25.448	-0.167703
25.449	-1.001144
25.45	-1.821232
25.451	-2.300951
25.452	-2.195285
25.453	-1.517736
25.454	-0.532303
25.455	0.333103
25.456	0.72297
25.457	0.716907
25.458	0.838232
25.459	1.487911
25.46	2.467624
25.461	3.148104
25.462	3.040354
25.463	2.284325
25.464	1.466011
25.465	0.925284
25.466	0.625834
25.467	0.575681
25.468	0.913145
25.469	1.577421
25.47	2.111959
25.471	1.994895
25.472	1.195654
25.473	0.239123
25.474	-0.324729
25.475	-0.401969
25.476	-0.279202
25.477	-0.268051
25.478	-0.546029
25.479	-1.056729
25.48	-1.48327
25.481	-1.641223
25.482	-1.727044
25.483	-1.897232
25.484	-2.028559
25.485	-2.038809
25.486	-1.93344
25.487	-1.513947
25.488	-0.429363
25.489	1.328483
25.49	3.027738
25.491	3.599994
25.492	2.648175
25.493	0.858078
25.494	-0.668148
25.495	-1.272069
25.496	-0.937872
25.497	-0.160074
25.498	0.151253
25.499	-0.672952
25.5	-2.29246
25.501	-3.81189
25.502	-4.762001
25.503	-5.240829
25.504	-5.474461
25.505	-5.436307
25.506	-4.842045
25.507	-3.552574
25.508	-1.779002
25.509	0.073119
25.51	1.465019
25.511	1.867984
25.512	1.173276
25.513	-0.147231
25.514	-1.379914
25.515	-1.968418
25.516	-1.576477
25.517	-0.165439
25.518	1.680689
25.519	2.928878
25.52	2.743732
25.521	0.876913
25.522	-2.007284
25.523	-4.603147
25.524	-6.094177
25.525	-6.434989
25.526	-5.760212
25.527	-4.371481
25.528	-2.872237
25.529	-1.814923
25.53	-1.38936
25.531	-1.457968
25.532	-1.757089
25.533	-2.043698
25.534	-2.137798
25.535	-1.949558
25.536	-1.489745
25.537	-0.978637
25.538	-0.957994
25.539	-1.795516
25.54	-3.056605
25.541	-3.940578
25.542	-4.121769
25.543	-3.783416
25.544	-3.236427
25.545	-2.722442
25.546	-2.350209
25.547	-2.21311
25.548	-2.549834
25.549	-3.472011
25.55	-4.50801
25.551	-4.863282
25.552	-4.261129
25.553	-3.153386
25.554	-2.089834
25.555	-1.272409
25.556	-0.681065
25.557	-0.352809
25.558	-0.491526
25.559	-1.14044
25.56	-1.852261
25.561	-2.147702
25.562	-2.066455
25.563	-1.888867
25.564	-1.726146
25.565	-1.58096
25.566	-1.459731
25.567	-1.426805
25.568	-1.624888
25.569	-2.075026
25.57	-2.593185
25.571	-2.954809
25.572	-2.951604
25.573	-2.48189
25.574	-1.69491
25.575	-0.901115
25.576	-0.393328
25.577	-0.364221
25.578	-0.864886
25.579	-1.648806
25.58	-2.149627
25.581	-2.007837
25.582	-1.473065
25.583	-0.989016
25.584	-0.724446
25.585	-0.666755
25.586	-0.8303
25.587	-1.312993
25.588	-2.1445
25.589	-3.012286
25.59	-3.463253
25.591	-3.353215
25.592	-2.774561
25.593	-1.864256
25.594	-0.864327
25.595	-0.065047
25.596	0.406145
25.597	0.738561
25.598	1.216586
25.599	1.757802
25.6	2.040247
25.601	1.972402
25.602	1.659141
25.603	1.241013
25.604	0.860568
25.605	0.489504
25.606	-0.090166
25.607	-1.040267
25.608	-2.178779
25.609	-2.964309
25.61	-3.019075
25.611	-2.477495
25.612	-1.616855
25.613	-0.589289
25.614	0.410876
25.615	1.097507
25.616	1.287985
25.617	1.157843
25.618	1.160148
25.619	1.5247
25.62	2.1031
25.621	2.631171
25.622	2.803043
25.623	2.392738
25.624	1.465646
25.625	0.332068
25.626	-0.588831
25.627	-0.929486
25.628	-0.550875
25.629	0.293022
25.63	0.977711
25.631	1.102299
25.632	0.973763
25.633	1.123782
25.634	1.622035
25.635	2.084427
25.636	2.122704
25.637	1.778958
25.638	1.528061
25.639	1.748958
25.64	2.406445
25.641	3.171722
25.642	3.56795
25.643	3.28858
25.644	2.452019
25.645	1.385986
25.646	0.336503
25.647	-0.639821
25.648	-1.456084
25.649	-1.731138
25.65	-1.236149
25.651	-0.332459
25.652	0.51402
25.653	1.202511
25.654	1.782793
25.655	2.158953
25.656	2.160353
25.657	1.879713
25.658	1.706286
25.659	1.869392
25.66	2.27075
25.661	2.705975
25.662	2.926979
25.663	2.79319
25.664	2.434348
25.665	2.028611
25.666	1.593151
25.667	1.01001
25.668	0.266333
25.669	-0.296142
25.67	-0.371648
25.671	-0.171188
25.672	-0.016447
25.673	0.139333
25.674	0.469552
25.675	0.921314
25.676	1.295814
25.677	1.556477
25.678	1.77504
25.679	1.827011
25.68	1.588528
25.681	1.230282
25.682	0.941753
25.683	0.732238
25.684	0.588852
25.685	0.534649
25.686	0.551559
25.687	0.420061
25.688	-0.19883
25.689	-1.24818
25.69	-2.141112
25.691	-2.341916
25.692	-1.865826
25.693	-1.124075
25.694	-0.428768
25.695	0.117047
25.696	0.457603
25.697	0.672282
25.698	0.892497
25.699	0.971895
25.7	0.730372
25.701	0.371574
25.702	0.181349
25.703	0.162472
25.704	0.174848
25.705	0.144693
25.706	0.0666
25.707	-0.176306
25.708	-0.777163
25.709	-1.619269
25.71	-2.224121
25.711	-2.206265
25.712	-1.63215
25.713	-0.881277
25.714	-0.224942
25.715	0.244002
25.716	0.453047
25.717	0.482139
25.718	0.512505
25.719	0.459915
25.72	0.180602
25.721	-0.089662
25.722	-0.055851
25.723	0.196772
25.724	0.386306
25.725	0.390159
25.726	0.270247
25.727	-0.007315
25.728	-0.58974
25.729	-1.354254
25.73	-1.866066
25.731	-1.80382
25.732	-1.252951
25.733	-0.561629
25.734	0.027501
25.735	0.422751
25.736	0.542393
25.737	0.4715
25.738	0.416104
25.739	0.318616
25.74	0.047245
25.741	-0.172116
25.742	-0.076569
25.743	0.211283
25.744	0.39967
25.745	0.400129
25.746	0.322665
25.747	0.144533
25.748	-0.317263
25.749	-0.986191
25.75	-1.463409
25.751	-1.454573
25.752	-1.038117
25.753	-0.505357
25.754	-0.031961
25.755	0.325084
25.756	0.485226
25.757	0.496518
25.758	0.466806
25.759	0.236627
25.76	-0.303759
25.761	-0.76674
25.762	-0.733859
25.763	-0.328856
25.764	0.026194
25.765	0.149592
25.766	0.160576
25.767	0.073883
25.768	-0.28746
25.769	-0.870755
25.77	-1.303441
25.771	-1.298854
25.772	-0.928246
25.773	-0.467083
25.774	-0.072731
25.775	0.192911
25.776	0.220338
25.777	0.063435
25.778	-0.088243
25.779	-0.302462
25.78	-0.683842
25.781	-0.922438
25.782	-0.695369
25.783	-0.197177
25.784	0.126022
25.785	0.116812
25.786	-0.050795
25.787	-0.279216
25.788	-0.642013
25.789	-1.04717
25.79	-1.216297
25.791	-1.003428
25.792	-0.540833
25.793	-0.076084
25.794	0.280314
25.795	0.477691
25.796	0.387301
25.797	0.062047
25.798	-0.253658
25.799	-0.542858
25.8	-0.868206
25.801	-0.956901
25.802	-0.574204
25.803	-0.00385
25.804	0.259193
25.805	0.078285
25.806	-0.282757
25.807	-0.615301
25.808	-0.92638
25.809	-1.151099
25.81	-1.126618
25.811	-0.825331
25.812	-0.402281
25.813	-0.01395
25.814	0.344148
25.815	0.640911
25.816	0.65916
25.817	0.349275
25.818	-0.070479
25.819	-0.513864
25.82	-0.945421
25.821	-1.050756
25.822	-0.61756
25.823	0.039626
25.824	0.420139
25.825	0.392573
25.826	0.205525
25.827	0.011553
25.828	-0.268333
25.829	-0.583629
25.83	-0.703632
25.831	-0.520262
25.832	-0.162357
25.833	0.172509
25.834	0.416704
25.835	0.525273
25.836	0.404672
25.837	0.258172
25.838	0.5612
25.839	1.380618
25.84	2.1318
25.841	2.215089
25.842	1.693655
25.843	1.094033
25.844	0.663567
25.845	0.329251
25.846	0.112874
25.847	0.014206
25.848	-0.1147
25.849	-0.28584
25.85	-0.364337
25.851	-0.329785
25.852	-0.276906
25.853	-0.217535
25.854	-0.039497
25.855	0.235838
25.856	0.407263
25.857	0.516829
25.858	0.86944
25.859	1.462184
25.86	1.845043
25.861	1.655119
25.862	1.082258
25.863	0.604786
25.864	0.360652
25.865	0.218347
25.866	0.190528
25.867	0.264961
25.868	0.257757
25.869	0.119027
25.87	-0.030822
25.871	-0.157958
25.872	-0.304346
25.873	-0.400828
25.874	-0.286629
25.875	0.008338
25.876	0.25283
25.877	0.443404
25.878	0.801361
25.879	1.261277
25.88	1.437072
25.881	1.121166
25.882	0.583169
25.883	0.235278
25.884	0.106329
25.885	0.019
25.886	-0.000556
25.887	0.06781
25.888	0.080309
25.889	0.013813
25.89	-0.035062
25.891	-0.089805
25.892	-0.21821
25.893	-0.3294
25.894	-0.236707
25.895	0.03896
25.896	0.274665
25.897	0.472286
25.898	0.833093
25.899	1.264336
25.9	1.38669
25.901	1.025369
25.902	0.474007
25.903	0.145916
25.904	0.052523
25.905	-0.005438
25.906	-0.018476
25.907	0.034628
25.908	0.041365
25.909	0.010477
25.91	0.023234
25.911	0.00902
25.912	-0.11898
25.913	-0.252514
25.914	-0.197428
25.915	0.002442
25.916	0.102366
25.917	0.128949
25.918	0.351886
25.919	0.729554
25.92	0.900654
25.921	0.700693
25.922	0.372472
25.923	0.190466
25.924	0.057999
25.925	-0.200605
25.926	-0.462725
25.927	-0.593055
25.928	-0.627301
25.929	-0.543127
25.93	-0.318345
25.931	-0.095283
25.932	-0.00223
25.933	0.041017
25.934	0.204942
25.935	0.430407
25.936	0.474065
25.937	0.400296
25.938	0.56428
25.939	1.005657
25.94	1.331295
25.941	1.23015
25.942	0.849333
25.943	0.519107
25.944	0.259847
25.945	-0.031161
25.946	-0.222476
25.947	-0.233646
25.948	-0.193763
25.949	-0.134559
25.95	-0.008452
25.951	0.097693
25.952	0.095046
25.953	0.08191
25.954	0.229927
25.955	0.486054
25.956	0.625023
25.957	0.679451
25.958	0.874133
25.959	1.136684
25.96	1.150004
25.961	0.810651
25.962	0.387409
25.963	0.178654
25.964	0.134467
25.965	0.111294
25.966	0.195642
25.967	0.401766
25.968	0.528248
25.969	0.503678
25.97	0.406271
25.971	0.225899
25.972	-0.038134
25.973	-0.204065
25.974	-0.061517
25.975	0.293046
25.976	0.478872
25.977	0.247211
25.978	-0.330478
25.979	-0.916026
25.98	-1.132016
25.981	-0.972733
25.982	-0.687458
25.983	-0.406202
25.984	-0.22242
25.985	-0.157688
25.986	-0.0631
25.987	0.034811
25.988	-0.118791
25.989	-0.495778
25.99	-0.719464
25.991	-0.636803
25.992	-0.484861
25.993	-0.404252
25.994	-0.259698
25.995	-0.034393
25.996	0.104714
25.997	0.203751
25.998	0.42097
25.999	0.59265
26.0	0.442448
26.001	0.043461
26.002	-0.262056
26.003	-0.312161
26.004	-0.306204
26.005	-0.400095
26.006	-0.450789
26.007	-0.383305
26.008	-0.299085
26.009	-0.173919
26.01	0.036823
26.011	0.178916
26.012	0.128704
26.013	0.023582
26.014	0.079883
26.015	0.243814
26.016	0.283587
26.017	0.248987
26.018	0.363289
26.019	0.530354
26.02	0.480965
26.021	0.225666
26.022	0.010968
26.023	-0.083482
26.024	-0.27565
26.025	-0.643769
26.026	-0.915715
26.027	-0.933735
26.028	-0.785488
26.029	-0.470787
26.03	-0.009603
26.031	0.36054
26.032	0.465343
26.033	0.433109
26.034	0.488101
26.035	0.584073
26.036	0.504243
26.037	0.34621
26.038	0.417788
26.039	0.681064
26.04	0.810995
26.041	0.675734
26.042	0.444888
26.043	0.2595
26.044	0.007664
26.045	-0.341926
26.046	-0.55912
26.047	-0.620164
26.048	-0.768296
26.049	-0.94725
26.05	-0.811694
26.051	-0.341332
26.052	0.098024
26.053	0.325599
26.054	0.496742
26.055	0.655622
26.056	0.667072
26.057	0.616728
26.058	0.701586
26.059	0.801653
26.06	0.671257
26.061	0.354598
26.062	0.107795
26.063	0.0218
26.064	-0.088014
26.065	-0.280164
26.066	-0.336259
26.067	-0.262035
26.068	-0.354023
26.069	-0.594976
26.07	-0.615372
26.071	-0.330549
26.072	-0.049101
26.073	0.085686
26.074	0.236228
26.075	0.429231
26.076	0.516596
26.077	0.57068
26.078	0.746536
26.079	0.872634
26.08	0.690737
26.081	0.278415
26.082	-0.057702
26.083	-0.188888
26.084	-0.288072
26.085	-0.422855
26.086	-0.406361
26.087	-0.287322
26.088	-0.372809
26.089	-0.616961
26.09	-0.632997
26.091	-0.34893
26.092	-0.080331
26.093	0.042487
26.094	0.189845
26.095	0.383245
26.096	0.471595
26.097	0.522817
26.098	0.668509
26.099	0.713823
26.1	0.434472
26.101	-0.006603
26.102	-0.274924
26.103	-0.31985
26.104	-0.394672
26.105	-0.558668
26.106	-0.566996
26.107	-0.440729
26.108	-0.501062
26.109	-0.713627
26.11	-0.683728
26.111	-0.335727
26.112	0.002168
26.113	0.177064
26.114	0.331608
26.115	0.464591
26.116	0.427989
26.117	0.341267
26.118	0.422694
26.119	0.524481
26.12	0.382576
26.121	0.08082
26.122	-0.110823
26.123	-0.179064
26.124	-0.364548
26.125	-0.643703
26.126	-0.673322
26.127	-0.465265
26.128	-0.426548
26.129	-0.591215
26.13	-0.569484
26.131	-0.279263
26.132	-0.027019
26.133	0.102513
26.134	0.310176
26.135	0.57816
26.136	0.68131
26.137	0.646912
26.138	0.63022
26.139	0.509227
26.14	0.169252
26.141	-0.128049
26.142	-0.098204
26.143	0.100871
26.144	0.07036
26.145	-0.207322
26.146	-0.371402
26.147	-0.367871
26.148	-0.485786
26.149	-0.686899
26.15	-0.625269
26.151	-0.302071
26.152	-0.051197
26.153	0.057912
26.154	0.235739
26.155	0.469894
26.156	0.556065
26.157	0.544373
26.158	0.581904
26.159	0.506854
26.16	0.17292
26.161	-0.153437
26.162	-0.163223
26.163	0.003651
26.164	-0.040546
26.165	-0.305805
26.166	-0.437395
26.167	-0.399776
26.168	-0.492945
26.169	-0.677711
26.17	-0.609986
26.171	-0.29507
26.172	-0.063404
26.173	0.02284
26.174	0.177999
26.175	0.394851
26.176	0.480325
26.177	0.481929
26.178	0.510969
26.179	0.371396
26.18	-0.051537
26.181	-0.409433
26.182	-0.376522
26.183	-0.180907
26.184	-0.284601
26.185	-0.657452
26.186	-0.841104
26.187	-0.756497
26.188	-0.752653
26.189	-0.842741
26.19	-0.681649
26.191	-0.265392
26.192	0.053828
26.193	0.182773
26.194	0.317803
26.195	0.443474
26.196	0.375776
26.197	0.217545
26.198	0.178615
26.199	0.124856
26.2	-0.103889
26.201	-0.275404
26.202	-0.172234
26.203	-0.082111
26.204	-0.444829
26.205	-1.093514
26.206	-1.392986
26.207	-1.222108
26.208	-1.046621
26.209	-0.979627
26.21	-0.675121
26.211	-0.116934
26.212	0.312416
26.213	0.490436
26.214	0.614721
26.215	0.687777
26.216	0.545545
26.217	0.312982
26.218	0.229975
26.219	0.185393
26.22	0.00962
26.221	-0.10233
26.222	0.028069
26.223	0.09295
26.224	-0.335409
26.225	-1.046811
26.226	-1.367624
26.227	-1.186146
26.228	-1.001478
26.229	-0.928007
26.23	-0.603701
26.231	-0.021797
26.232	0.416941
26.233	0.59175
26.234	0.711773
26.235	0.789693
26.236	0.671686
26.237	0.480906
26.238	0.43025
26.239	0.374502
26.24	0.139915
26.241	-0.039086
26.242	0.080733
26.243	0.251382
26.244	0.052355
26.245	-0.405549
26.246	-0.606739
26.247	-0.497886
26.248	-0.494295
26.249	-0.617744
26.25	-0.485214
26.251	-0.087311
26.252	0.20932
26.253	0.320813
26.254	0.455621
26.255	0.603343
26.256	0.593638
26.257	0.524603
26.258	0.553649
26.259	0.484716
26.26	0.153277
26.261	-0.140049
26.262	-0.079422
26.263	0.126769
26.264	0.053916
26.265	-0.235067
26.266	-0.29672
26.267	-0.124408
26.268	-0.138327
26.269	-0.355539
26.27	-0.381914
26.271	-0.163851
26.272	-0.000291
26.273	0.066559
26.274	0.23366
26.275	0.451845
26.276	0.515972
26.277	0.489885
26.278	0.487964
26.279	0.295156
26.28	-0.189775
26.281	-0.544736
26.282	-0.405789
26.283	-0.059183
26.284	-0.025771
26.285	-0.274361
26.286	-0.349524
26.287	-0.212813
26.288	-0.243332
26.289	-0.442956
26.29	-0.445402
26.291	-0.224794
26.292	-0.067301
26.293	0.011348
26.294	0.205047
26.295	0.432583
26.296	0.456341
26.297	0.339118
26.298	0.24048
26.299	0.008113
26.3	-0.428163
26.301	-0.667597
26.302	-0.406178
26.303	0.008398
26.304	0.035964
26.305	-0.259123
26.306	-0.371324
26.307	-0.238652
26.308	-0.25241
26.309	-0.437254
26.31	-0.437557
26.311	-0.221926
26.312	-0.064127
26.313	0.020283
26.314	0.208801
26.315	0.417282
26.316	0.463009
26.317	0.539365
26.318	0.937197
26.319	1.370192
26.32	1.251169
26.321	0.65752
26.322	0.2501
26.323	0.199874
26.324	0.077037
26.325	-0.219504
26.326	-0.33798
26.327	-0.251407
26.328	-0.302516
26.329	-0.4876
26.33	-0.476349
26.331	-0.262893
26.332	-0.11483
26.333	-0.030977
26.334	0.17356
26.335	0.416503
26.336	0.517287
26.337	0.657157
26.338	1.090393
26.339	1.499942
26.34	1.311337
26.341	0.648153
26.342	0.199471
26.343	0.12023
26.344	-0.040318
26.345	-0.358025
26.346	-0.424173
26.347	-0.195821
26.348	-0.080918
26.349	-0.174151
26.35	-0.196948
26.351	-0.12131
26.352	-0.150391
26.353	-0.221319
26.354	-0.118595
26.355	0.074234
26.356	0.15669
26.357	0.284894
26.358	0.701057
26.359	1.1022
26.36	0.944116
26.361	0.367247
26.362	0.047156
26.363	0.10722
26.364	0.063123
26.365	-0.190649
26.366	-0.263538
26.367	-0.104317
26.368	-0.077512
26.369	-0.220189
26.37	-0.2267
26.371	-0.088866
26.372	-0.045259
26.373	-0.059088
26.374	0.063893
26.375	0.218915
26.376	0.194626
26.377	0.173132
26.378	0.476761
26.379	0.889076
26.38	0.86697
26.381	0.455452
26.382	0.221172
26.383	0.223331
26.384	-0.019564
26.385	-0.527718
26.386	-0.805699
26.387	-0.767117
26.388	-0.766269
26.389	-0.791337
26.39	-0.532857
26.391	-0.083776
26.392	0.198016
26.393	0.297996
26.394	0.420199
26.395	0.484272
26.396	0.299495
26.397	0.088581
26.398	0.259822
26.399	0.687403
26.4	0.825236
26.401	0.610226
26.402	0.50917
26.403	0.565083
26.404	0.329694
26.405	-0.192433
26.406	-0.503046
26.407	-0.51413
26.408	-0.571548
26.409	-0.6585
26.41	-0.459575
26.411	-0.054096
26.412	0.204958
26.413	0.293634
26.414	0.419472
26.415	0.540668
26.416	0.511226
26.417	0.524435
26.418	0.842436
26.419	1.188788
26.42	1.05004
26.421	0.56368
26.422	0.360736
26.423	0.532807
26.424	0.596756
26.425	0.419607
26.426	0.328919
26.427	0.374748
26.428	0.272024
26.429	0.025137
26.43	-0.09156
26.431	-0.075443
26.432	-0.125825
26.433	-0.190678
26.434	-0.087397
26.435	0.095345
26.436	0.189882
26.437	0.368702
26.438	0.843076
26.439	1.268165
26.44	1.093822
26.441	0.491389
26.442	0.17167
26.443	0.290689
26.444	0.381173
26.445	0.283679
26.446	0.291248
26.447	0.434615
26.448	0.400944
26.449	0.147486
26.45	-0.076101
26.451	-0.236272
26.452	-0.450125
26.453	-0.574202
26.454	-0.397619
26.455	-0.07418
26.456	0.118527
26.457	0.285947
26.458	0.67538
26.459	1.044453
26.46	0.9035
26.461	0.384866
26.462	0.120056
26.463	0.235271
26.464	0.293243
26.465	0.177323
26.466	0.19707
26.467	0.364749
26.468	0.341002
26.469	0.085631
26.47	-0.113057
26.471	-0.189488
26.472	-0.294525
26.473	-0.374021
26.474	-0.269171
26.475	-0.086403
26.476	-0.001724
26.477	0.150674
26.478	0.600297
26.479	1.056092
26.48	0.985707
26.481	0.484573
26.482	0.175305
26.483	0.208238
26.484	0.173464
26.485	-0.018373
26.486	-0.03889
26.487	0.103745
26.488	0.043968
26.489	-0.224512
26.49	-0.354889
26.491	-0.286649
26.492	-0.237314
26.493	-0.213768
26.494	-0.077557
26.495	0.071872
26.496	0.066575
26.497	0.083198
26.498	0.393292
26.499	0.786938
26.5	0.80148
26.501	0.512901
26.502	0.437224
26.503	0.625408
26.504	0.635871
26.505	0.395759
26.506	0.273406
26.507	0.323125
26.508	0.225862
26.509	-0.058396
26.51	-0.266211
26.511	-0.352851
26.512	-0.447984
26.513	-0.459833
26.514	-0.226162
26.515	0.105355
26.516	0.28716
26.517	0.424257
26.518	0.764769
26.519	1.122256
26.52	1.05338
26.521	0.643654
26.522	0.447798
26.523	0.579776
26.524	0.639422
26.525	0.525359
26.526	0.517844
26.527	0.601017
26.528	0.443306
26.529	0.031513
26.53	-0.320294
26.531	-0.511042
26.532	-0.644543
26.533	-0.648655
26.534	-0.390039
26.535	-0.011125
26.536	0.264769
26.537	0.524513
26.538	0.935809
26.539	1.245378
26.54	1.041576
26.541	0.503438
26.542	0.246753
26.543	0.401837
26.544	0.555659
26.545	0.540406
26.546	0.543897
26.547	0.532696
26.548	0.258369
26.549	-0.209809
26.55	-0.549746
26.551	-0.6935
26.552	-0.777728
26.553	-0.755755
26.554	-0.493122
26.555	-0.084626
26.556	0.308412
26.557	0.77115
26.558	1.374813
26.559	1.744133
26.56	1.415728
26.561	0.631976
26.562	0.149653
26.563	0.215981
26.564	0.433919
26.565	0.553725
26.566	0.655811
26.567	0.65643
26.568	0.321604
26.569	-0.243828
26.57	-0.675517
26.571	-0.866417
26.572	-0.952474
26.573	-0.924288
26.574	-0.670017
26.575	-0.257224
26.576	0.201469
26.577	0.793387
26.578	1.51534
26.579	1.905604
26.58	1.492736
26.581	0.581664
26.582	-0.009626
26.583	-0.000591
26.584	0.209458
26.585	0.319392
26.586	0.341732
26.587	0.181151
26.588	-0.307839
26.589	-0.88938
26.59	-1.151989
26.591	-1.075311
26.592	-0.936602
26.593	-0.813736
26.594	-0.581697
26.595	-0.220192
26.596	0.247494
26.597	0.927814
26.598	1.755767
26.599	2.18599
26.6	1.713541
26.601	0.673806
26.602	-0.052151
26.603	-0.113254
26.604	0.131041
26.605	0.352324
26.606	0.486664
26.607	0.360423
26.608	-0.205614
26.609	-0.926821
26.61	-1.287256
26.611	-1.207118
26.612	-1.005639
26.613	-0.846735
26.614	-0.646914
26.615	-0.359309
26.616	0.039666
26.617	0.675168
26.618	1.470994
26.619	1.878731
26.62	1.425856
26.621	0.45183
26.622	-0.226562
26.623	-0.2945
26.624	-0.0796
26.625	0.114727
26.626	0.198084
26.627	-0.049746
26.628	-0.775852
26.629	-1.551993
26.63	-1.75299
26.631	-1.3615
26.632	-0.874131
26.633	-0.592798
26.634	-0.442457
26.635	-0.276905
26.636	0.041115
26.637	0.690204
26.638	1.581749
26.639	2.110702
26.64	1.719598
26.641	0.682563
26.642	-0.161026
26.643	-0.406453
26.644	-0.318591
26.645	-0.202479
26.646	-0.213503
26.647	-0.658606
26.648	-1.635199
26.649	-2.480927
26.65	-2.401133
26.651	-1.488594
26.652	-0.52175
26.653	-0.018148
26.654	0.053144
26.655	-0.091761
26.656	-0.222608
26.657	-0.024085
26.658	0.652624
26.659	1.39342
26.66	1.526714
26.661	0.942567
26.662	0.152506
26.663	-0.519707
26.664	-1.178878
26.665	-1.754966
26.666	-2.063064
26.667	-2.450535
26.668	-3.240138
26.669	-3.733439
26.67	-2.972009
26.671	-1.165446
26.672	0.552543
26.673	1.394759
26.674	1.329191
26.675	0.591886
26.676	-0.581474
26.677	-1.703942
26.678	-2.043871
26.679	-1.312977
26.68	-0.094474
26.681	0.736577
26.682	0.673193
26.683	-0.476856
26.684	-2.513946
26.685	-4.514891
26.686	-5.656039
26.687	-6.230525
26.688	-6.564578
26.689	-5.794596
26.69	-3.185126
26.691	0.343029
26.692	3.080262
26.693	4.171456
26.694	3.852299
26.695	2.629072
26.696	0.753783
26.697	-1.531919
26.698	-3.535638
26.699	-4.246696
26.7	-3.202396
26.701	-1.175294
26.702	0.243412
26.703	-0.110978
26.704	-2.048036
26.705	-4.384782
26.706	-6.103644
26.707	-6.743693
26.708	-5.912638
26.709	-3.309721
26.71	0.441761
26.711	3.798376
26.712	5.71934
26.713	6.413706
26.714	6.430923
26.715	5.750712
26.716	3.994269
26.717	1.206212
26.718	-1.809896
26.719	-4.123803
26.72	-5.516639
26.721	-6.410052
26.722	-7.22617
26.723	-8.084837
26.724	-8.845546
26.725	-9.136519
26.726	-8.333878
26.727	-5.870449
26.728	-2.045245
26.729	1.741311
26.73	4.211032
26.731	5.394778
26.732	6.215909
26.733	7.383387
26.734	8.870644
26.735	9.944161
26.736	9.508752
26.737	6.861941
26.738	2.491049
26.739	-2.074393
26.74	-5.518698
26.741	-7.654004
26.742	-8.999352
26.743	-9.941747
26.744	-10.442918
26.745	-10.108419
26.746	-8.397408
26.747	-5.137677
26.748	-1.05588
26.749	2.513022
26.75	4.745282
26.751	5.946247
26.752	6.943052
26.753	8.215477
26.754	9.626268
26.755	10.525165
26.756	9.995814
26.757	7.44996
26.758	3.393609
26.759	-0.611539
26.76	-3.197098
26.761	-4.195351
26.762	-4.17395
26.763	-3.500473
26.764	-2.13458
26.765	0.045682
26.766	2.776381
26.767	5.153794
26.768	6.263605
26.769	6.172054
26.77	5.826166
26.771	6.087243
26.772	7.158406
26.773	8.634766
26.774	9.773253
26.775	9.796855
26.776	8.200487
26.777	4.964082
26.778	0.729106
26.779	-3.147948
26.78	-5.081343
26.781	-4.126587
26.782	-0.701105
26.783	3.452436
26.784	6.535272
26.785	7.960297
26.786	8.133441
26.787	7.572339
26.788	6.556665
26.789	5.147508
26.79	3.32976
26.791	1.344281
26.792	-0.246172
26.793	-1.093972
26.794	-1.42351
26.795	-1.653283
26.796	-1.949349
26.797	-2.250018
26.798	-2.489718
26.799	-2.569546
26.8	-2.049549
26.801	-0.287108
26.802	2.645444
26.803	5.624371
26.804	7.543719
26.805	8.200855
26.806	7.95854
26.807	7.202482
26.808	6.250734
26.809	5.289034
26.81	4.112328
26.811	2.186575
26.812	-0.606483
26.813	-3.496124
26.814	-5.518901
26.815	-6.386128
26.816	-6.409339
26.817	-5.925088
26.818	-4.949075
26.819	-3.309242
26.82	-1.161494
26.821	0.85538
26.822	2.283037
26.823	3.352052
26.824	4.494159
26.825	5.626055
26.826	6.175064
26.827	5.683711
26.828	4.292038
26.829	2.658412
26.83	1.34843
26.831	0.241666
26.832	-1.270467
26.833	-3.323217
26.834	-5.189339
26.835	-6.101814
26.836	-5.980587
26.837	-5.173485
26.838	-3.915542
26.839	-2.323373
26.84	-0.803492
26.841	0.060846
26.842	0.259972
26.843	0.485355
26.844	1.303266
26.845	2.574961
26.846	3.746573
26.847	4.353331
26.848	4.181811
26.849	3.340493
26.85	2.204333
26.851	0.922562
26.852	-0.772408
26.853	-2.870568
26.854	-4.679954
26.855	-5.512758
26.856	-5.326979
26.857	-4.489721
26.858	-3.278209
26.859	-1.87536
26.86	-0.726211
26.861	-0.344958
26.862	-0.57736
26.863	-0.612227
26.864	0.10329
26.865	1.350161
26.866	2.532098
26.867	3.193036
26.868	3.11805
26.869	2.391935
26.87	1.400725
26.871	0.342171
26.872	-1.036833
26.873	-2.793604
26.874	-4.348536
26.875	-5.077901
26.876	-4.914559
26.877	-4.163167
26.878	-3.056552
26.879	-1.751205
26.88	-0.667914
26.881	-0.317415
26.882	-0.589857
26.883	-0.743622
26.884	-0.261623
26.885	0.687534
26.886	1.674061
26.887	2.49005
26.888	3.090048
26.889	3.400225
26.89	3.230719
26.891	2.209189
26.892	0.185203
26.893	-2.232673
26.894	-4.070164
26.895	-4.841349
26.896	-4.715741
26.897	-4.07533
26.898	-3.119697
26.899	-1.930383
26.9	-0.856158
26.901	-0.406198
26.902	-0.556441
26.903	-0.650429
26.904	-0.190889
26.905	0.665375
26.906	1.498336
26.907	2.12892
26.908	2.573347
26.909	2.818514
26.91	2.695152
26.911	1.8209
26.912	0.032833
26.913	-2.115999
26.914	-3.797169
26.915	-4.655389
26.916	-4.814216
26.917	-4.470188
26.918	-3.676717
26.919	-2.466613
26.92	-1.195154
26.921	-0.45092
26.922	-0.354747
26.923	-0.347363
26.924	0.079476
26.925	0.821445
26.926	1.492945
26.927	1.944711
26.928	2.237574
26.929	2.403787
26.93	2.29782
26.931	1.538812
26.932	-0.045402
26.933	-1.938907
26.934	-3.395838
26.935	-4.148673
26.936	-4.359954
26.937	-4.201583
26.938	-3.647107
26.939	-2.612928
26.94	-1.354892
26.941	-0.468447
26.942	-0.198812
26.943	-0.105165
26.944	0.301213
26.945	0.953359
26.946	1.496147
26.947	1.801013
26.948	1.954709
26.949	2.019837
26.95	1.879282
26.951	1.179692
26.952	-0.229086
26.953	-1.854135
26.954	-3.03661
26.955	-3.607385
26.956	-3.791516
26.957	-3.770017
26.958	-3.450755
26.959	-2.623212
26.96	-1.428197
26.961	-0.449818
26.962	-0.038809
26.963	0.132014
26.964	0.524855
26.965	1.105551
26.966	1.546679
26.967	1.732364
26.968	1.765573
26.969	1.738934
26.97	1.57555
26.971	0.955523
26.972	-0.271208
26.973	-1.673824
26.974	-2.709468
26.975	-3.318076
26.976	-3.732945
26.977	-3.972677
26.978	-3.741617
26.979	-2.81412
26.98	-1.464459
26.981	-0.368312
26.982	0.099332
26.983	0.266003
26.984	0.616192
26.985	1.135221
26.986	1.487256
26.987	1.545684
26.988	1.442798
26.989	1.337311
26.99	1.204865
26.991	0.727038
26.992	-0.293431
26.993	-1.49367
26.994	-2.37509
26.995	-2.879574
26.996	-3.24814
26.997	-3.554744
26.998	-3.545325
26.999	-2.915883
27.0	-1.75467
27.001	-0.62076
27.002	0.028737
27.003	0.354678
27.004	0.766478
27.005	1.269127
27.006	1.554511
27.007	1.502926
27.008	1.261351
27.009	1.034604
27.01	0.859163
27.011	0.453537
27.012	-0.39454
27.013	-1.383181
27.014	-2.070616
27.015	-2.41318
27.016	-2.66751
27.017	-2.979177
27.018	-3.158266
27.019	-2.836605
27.02	-1.920691
27.021	-0.836236
27.022	-0.077216
27.023	0.384512
27.024	0.872518
27.025	1.375352
27.026	1.578745
27.027	1.353892
27.028	0.87661
27.029	0.43445
27.03	0.162618
27.031	-0.156509
27.032	-0.747808
27.033	-1.402925
27.034	-1.782673
27.035	-1.881118
27.036	-1.967194
27.037	-2.248555
27.038	-2.58632
27.039	-2.536395
27.04	-1.848103
27.041	-0.858639
27.042	-0.089838
27.043	0.413309
27.044	0.926266
27.045	1.419989
27.046	1.571046
27.047	1.254703
27.048	0.682042
27.049	0.195715
27.05	-0.029246
27.051	-0.215228
27.052	-0.642064
27.053	-1.16929
27.054	-1.478042
27.055	-1.521251
27.056	-1.522125
27.057	-1.695954
27.058	-1.948672
27.059	-1.878199
27.06	-1.280481
27.061	-0.515284
27.062	-0.032562
27.063	0.247005
27.064	0.653952
27.065	1.113468
27.066	1.227468
27.067	0.856361
27.068	0.283306
27.069	-0.067118
27.07	-0.034186
27.071	0.041187
27.072	-0.247901
27.073	-0.79799
27.074	-1.218344
27.075	-1.341038
27.076	-1.303957
27.077	-1.329194
27.078	-1.405513
27.079	-1.231707
27.08	-0.691261
27.081	-0.17089
27.082	-0.025149
27.083	-0.014268
27.084	0.27156
27.085	0.705978
27.086	0.788158
27.087	0.329197
27.088	-0.339088
27.089	-0.696333
27.09	-0.531605
27.091	-0.220354
27.092	-0.260617
27.093	-0.637384
27.094	-0.986126
27.095	-1.098716
27.096	-1.087546
27.097	-1.233315
27.098	-1.587403
27.099	-1.762311
27.1	-1.419462
27.101	-0.800355
27.102	-0.349038
27.103	-0.050576
27.104	0.362032
27.105	0.78872
27.106	0.883186
27.107	0.667783
27.108	0.565016
27.109	0.798641
27.11	1.044276
27.111	0.83704
27.112	0.191997
27.113	-0.464133
27.114	-0.83882
27.115	-0.988869
27.116	-1.199848
27.117	-1.692998
27.118	-2.214186
27.119	-2.186514
27.12	-1.492424
27.121	-0.679071
27.122	-0.222793
27.123	0.017785
27.124	0.390205
27.125	0.793627
27.126	0.849459
27.127	0.568834
27.128	0.392822
27.129	0.566334
27.13	0.782966
27.131	0.611649
27.132	0.086295
27.133	-0.415604
27.134	-0.673238
27.135	-0.748196
27.136	-0.881008
27.137	-1.299012
27.138	-1.830153
27.139	-1.938601
27.14	-1.425493
27.141	-0.725069
27.142	-0.282204
27.143	-0.002506
27.144	0.406908
27.145	0.838653
27.146	0.967875
27.147	0.874572
27.148	0.935083
27.149	1.132227
27.15	1.032004
27.151	0.48336
27.152	-0.149786
27.153	-0.501245
27.154	-0.552054
27.155	-0.478879
27.156	-0.521038
27.157	-0.891649
27.158	-1.442029
27.159	-1.654664
27.16	-1.292289
27.161	-0.71158
27.162	-0.30665
27.163	0.004192
27.164	0.461713
27.165	0.911181
27.166	1.011972
27.167	0.863515
27.168	0.875987
27.169	1.0481
27.17	0.944573
27.171	0.426143
27.172	-0.135396
27.173	-0.406274
27.174	-0.404744
27.175	-0.296984
27.176	-0.280128
27.177	-0.549574
27.178	-0.995647
27.179	-1.172527
27.18	-0.889311
27.181	-0.483124
27.182	-0.268619
27.183	-0.082244
27.184	0.335183
27.185	0.784369
27.186	0.879013
27.187	0.71606
27.188	0.731773
27.189	0.936545
27.19	0.883139
27.191	0.417646
27.192	-0.099274
27.193	-0.331557
27.194	-0.274772
27.195	-0.083059
27.196	0.028652
27.197	-0.160019
27.198	-0.563506
27.199	-0.766114
27.2	-0.582012
27.201	-0.299727
27.202	-0.175295
27.203	-0.042069
27.204	0.314455
27.205	0.663979
27.206	0.63508
27.207	0.371954
27.208	0.350506
27.209	0.583107
27.21	0.608892
27.211	0.267904
27.212	-0.111524
27.213	-0.264633
27.214	-0.219778
27.215	-0.049498
27.216	0.184416
27.217	0.335231
27.218	0.373762
27.219	0.505925
27.22	0.779263
27.221	0.863184
27.222	0.56172
27.223	0.215536
27.224	0.192409
27.225	0.299609
27.226	0.161181
27.227	-0.081288
27.228	0.015965
27.229	0.401189
27.23	0.546695
27.231	0.257199
27.232	-0.1219
27.233	-0.273333
27.234	-0.180651
27.235	0.08098
27.236	0.39819
27.237	0.566428
27.238	0.539786
27.239	0.574778
27.24	0.790702
27.241	0.852971
27.242	0.515146
27.243	0.125424
27.244	0.085575
27.245	0.194146
27.246	0.048172
27.247	-0.227084
27.248	-0.205387
27.249	0.055322
27.25	0.089711
27.251	-0.188927
27.252	-0.413767
27.253	-0.365163
27.254	-0.121866
27.255	0.223658
27.256	0.580378
27.257	0.75309
27.258	0.690134
27.259	0.66053
27.26	0.831751
27.261	0.909312
27.262	0.619799
27.263	0.251016
27.264	0.185891
27.265	0.239589
27.266	0.026126
27.267	-0.30823
27.268	-0.308325
27.269	-0.015259
27.27	0.087806
27.271	-0.129824
27.272	-0.332642
27.273	-0.296678
27.274	-0.07499
27.275	0.260558
27.276	0.620888
27.277	0.803013
27.278	0.761741
27.279	0.786908
27.28	1.029985
27.281	1.124892
27.282	0.764936
27.283	0.297292
27.284	0.163294
27.285	0.173974
27.286	-0.075763
27.287	-0.441067
27.288	-0.469234
27.289	-0.207645
27.29	-0.115306
27.291	-0.285861
27.292	-0.402152
27.293	-0.298655
27.294	-0.05126
27.295	0.296136
27.296	0.700604
27.297	0.999038
27.298	1.152683
27.299	1.395056
27.3	1.760892
27.301	1.771405
27.302	1.140865
27.303	0.386423
27.304	0.079663
27.305	0.017224
27.306	-0.276215
27.307	-0.705235
27.308	-0.830627
27.309	-0.66252
27.31	-0.588825
27.311	-0.666686
27.312	-0.620576
27.313	-0.366312
27.314	-0.027408
27.315	0.362756
27.316	0.793037
27.317	1.11628
27.318	1.286466
27.319	1.519321
27.32	1.845865
27.321	1.809729
27.322	1.152391
27.323	0.39157
27.324	0.074938
27.325	-0.01539
27.326	-0.342883
27.327	-0.792782
27.328	-0.919874
27.329	-0.736412
27.33	-0.631163
27.331	-0.669803
27.332	-0.597212
27.333	-0.343976
27.334	-0.02546
27.335	0.348923
27.336	0.787937
27.337	1.155606
27.338	1.416844
27.339	1.792303
27.34	2.274495
27.341	2.309124
27.342	1.563848
27.343	0.603114
27.344	0.094552
27.345	-0.10968
27.346	-0.485289
27.347	-0.965189
27.348	-1.134419
27.349	-0.980494
27.35	-0.845241
27.351	-0.800297
27.352	-0.645155
27.353	-0.34962
27.354	-0.025074
27.355	0.345763
27.356	0.785749
27.357	1.145761
27.358	1.372192
27.359	1.697392
27.36	2.156282
27.361	2.222689
27.362	1.543361
27.363	0.634064
27.364	0.13711
27.365	-0.078619
27.366	-0.458614
27.367	-0.929398
27.368	-1.101425
27.369	-0.986113
27.37	-0.909706
27.371	-0.899307
27.372	-0.731479
27.373	-0.396574
27.374	-0.034087
27.375	0.372445
27.376	0.861302
27.377	1.281794
27.378	1.538859
27.379	1.803746
27.38	2.115017
27.381	2.056116
27.382	1.366604
27.383	0.526453
27.384	0.095313
27.385	-0.084525
27.386	-0.449696
27.387	-0.936103
27.388	-1.179118
27.389	-1.176591
27.39	-1.18073
27.391	-1.150663
27.392	-0.87768
27.393	-0.427102
27.394	0.009337
27.395	0.442235
27.396	0.911107
27.397	1.252832
27.398	1.379199
27.399	1.529274
27.4	1.831983
27.401	1.882948
27.402	1.339244
27.403	0.597865
27.404	0.201762
27.405	0.024221
27.406	-0.337075
27.407	-0.808059
27.408	-1.038275
27.409	-1.044929
27.41	-1.085805
27.411	-1.101586
27.412	-0.857967
27.413	-0.41562
27.414	0.022685
27.415	0.464014
27.416	0.95611
27.417	1.34054
27.418	1.51119
27.419	1.672338
27.42	1.938245
27.421	1.927818
27.422	1.331839
27.423	0.563428
27.424	0.164663
27.425	0.001406
27.426	-0.344616
27.427	-0.831099
27.428	-1.134988
27.429	-1.249594
27.43	-1.35147
27.431	-1.322805
27.432	-0.964104
27.433	-0.419377
27.434	0.062403
27.435	0.499043
27.436	0.97594
27.437	1.366022
27.438	1.566964
27.439	1.758321
27.44	2.026245
27.441	1.985885
27.442	1.346112
27.443	0.538552
27.444	0.115687
27.445	-0.050185
27.446	-0.378579
27.447	-0.841725
27.448	-1.132675
27.449	-1.244191
27.45	-1.337158
27.451	-1.287288
27.452	-0.910469
27.453	-0.369524
27.454	0.083151
27.455	0.475719
27.456	0.903771
27.457	1.233813
27.458	1.339658
27.459	1.389326
27.46	1.51463
27.461	1.432821
27.462	0.913813
27.463	0.318135
27.464	0.067947
27.465	-0.016223
27.466	-0.323796
27.467	-0.794537
27.468	-1.108265
27.469	-1.237585
27.47	-1.318232
27.471	-1.228963
27.472	-0.820211
27.473	-0.285735
27.474	0.118646
27.475	0.44356
27.476	0.821579
27.477	1.15292
27.478	1.316695
27.479	1.448497
27.48	1.634112
27.481	1.560106
27.482	0.993421
27.483	0.319952
27.484	0.002512
27.485	-0.104425
27.486	-0.380498
27.487	-0.780663
27.488	-1.011048
27.489	-1.072521
27.49	-1.125005
27.491	-1.052667
27.492	-0.691097
27.493	-0.220085
27.494	0.110153
27.495	0.360707
27.496	0.679572
27.497	0.967145
27.498	1.077131
27.499	1.119863
27.5	1.200847
27.501	1.082938
27.502	0.595005
27.503	0.082869
27.504	-0.087138
27.505	-0.101213
27.506	-0.329531
27.507	-0.739068
27.508	-1.061636
27.509	-1.262834
27.51	-1.395897
27.511	-1.271718
27.512	-0.763977
27.513	-0.143884
27.514	0.28263
27.515	0.557832
27.516	0.801431
27.517	0.881498
27.518	0.69046
27.519	0.495457
27.52	0.585885
27.521	0.758965
27.522	0.653078
27.523	0.352357
27.524	0.138797
27.525	-0.037564
27.526	-0.363204
27.527	-0.721925
27.528	-0.885464
27.529	-0.926981
27.53	-1.003429
27.531	-0.961282
27.532	-0.611289
27.533	-0.120017
27.534	0.254461
27.535	0.526147
27.536	0.768136
27.537	0.805781
27.538	0.471601
27.539	-0.004543
27.54	-0.224335
27.541	-0.135077
27.542	0.010613
27.543	0.087499
27.544	0.136555
27.545	0.080606
27.546	-0.189752
27.547	-0.520351
27.548	-0.688517
27.549	-0.768043
27.55	-0.885934
27.551	-0.852516
27.552	-0.489371
27.553	-0.02712
27.554	0.234487
27.555	0.363951
27.556	0.569974
27.557	0.790035
27.558	0.817376
27.559	0.664063
27.56	0.49642
27.561	0.340365
27.562	0.129475
27.563	-0.060053
27.564	-0.112381
27.565	-0.136827
27.566	-0.308372
27.567	-0.525453
27.568	-0.58503
27.569	-0.567686
27.57	-0.639637
27.571	-0.658552
27.572	-0.418336
27.573	-0.051589
27.574	0.203606
27.575	0.376214
27.576	0.576424
27.577	0.669154
27.578	0.463672
27.579	0.085051
27.58	-0.174448
27.581	-0.270856
27.582	-0.350189
27.583	-0.38576
27.584	-0.247495
27.585	-0.054848
27.586	-0.062692
27.587	-0.256861
27.588	-0.440178
27.589	-0.598451
27.59	-0.771044
27.591	-0.757706
27.592	-0.412416
27.593	0.011998
27.594	0.209977
27.595	0.255652
27.596	0.377988
27.597	0.530078
27.598	0.491785
27.599	0.256764
27.6	0.010925
27.601	-0.175879
27.602	-0.346132
27.603	-0.416581
27.604	-0.265419
27.605	-0.034989
27.606	-0.004314
27.607	-0.183921
27.608	-0.381333
27.609	-0.561651
27.61	-0.742597
27.611	-0.722176
27.612	-0.364516
27.613	0.070646
27.614	0.26795
27.615	0.278413
27.616	0.293651
27.617	0.223546
27.618	-0.140496
27.619	-0.651501
27.62	-0.892115
27.621	-0.72335
27.622	-0.400842
27.623	-0.146289
27.624	0.037045
27.625	0.117548
27.626	0.02059
27.627	-0.118503
27.628	-0.096344
27.629	-0.004209
27.63	-0.041151
27.631	-0.096476
27.632	0.042101
27.633	0.268326
27.634	0.349758
27.635	0.308956
27.636	0.266906
27.637	0.097759
27.638	-0.38947
27.639	-0.999171
27.64	-1.268733
27.641	-1.051592
27.642	-0.634151
27.643	-0.268916
27.644	0.038586
27.645	0.266849
27.646	0.329312
27.647	0.324335
27.648	0.415236
27.649	0.482932
27.65	0.337232
27.651	0.140559
27.652	0.154435
27.653	0.291873
27.654	0.319189
27.655	0.248537
27.656	0.200574
27.657	0.06538
27.658	-0.345009
27.659	-0.876158
27.66	-1.126934
27.661	-0.967
27.662	-0.639169
27.663	-0.344055
27.664	-0.065634
27.665	0.170363
27.666	0.26638
27.667	0.320578
27.668	0.503583
27.669	0.677994
27.67	0.602296
27.671	0.395185
27.672	0.320423
27.673	0.338642
27.674	0.265942
27.675	0.132601
27.676	0.063817
27.677	-0.035155
27.678	-0.344548
27.679	-0.747747
27.68	-0.920259
27.681	-0.78374
27.682	-0.560137
27.683	-0.378723
27.684	-0.167608
27.685	0.042765
27.686	0.092822
27.687	0.010624
27.688	-0.01349
27.689	0.037368
27.69	0.051495
27.691	0.079754
27.692	0.219619
27.693	0.350452
27.694	0.302896
27.695	0.145972
27.696	0.036022
27.697	-0.096845
27.698	-0.413494
27.699	-0.788802
27.7	-0.907424
27.701	-0.722054
27.702	-0.48662
27.703	-0.332995
27.704	-0.165815
27.705	0.012563
27.706	0.066104
27.707	0.040922
27.708	0.12347
27.709	0.278867
27.71	0.325283
27.711	0.296201
27.712	0.334572
27.713	0.375398
27.714	0.273959
27.715	0.091763
27.716	-0.029761
27.717	-0.164159
27.718	-0.471952
27.719	-0.834649
27.72	-0.942224
27.721	-0.743319
27.722	-0.489469
27.723	-0.32241
27.724	-0.156282
27.725	0.013127
27.726	0.062654
27.727	0.039638
27.728	0.119522
27.729	0.257969
27.73	0.277484
27.731	0.22773
27.732	0.266484
27.733	0.33036
27.734	0.261179
27.735	0.100475
27.736	-0.025252
27.737	-0.194566
27.738	-0.55996
27.739	-0.973757
27.74	-1.08713
27.741	-0.835652
27.742	-0.501614
27.743	-0.278294
27.744	-0.103979
27.745	0.052677
27.746	0.123774
27.747	0.200125
27.748	0.439153
27.749	0.697742
27.75	0.706858
27.751	0.527441
27.752	0.400006
27.753	0.337819
27.754	0.215019
27.755	0.055919
27.756	-0.048101
27.757	-0.191245
27.758	-0.519952
27.759	-0.882848
27.76	-0.950012
27.761	-0.687788
27.762	-0.387828
27.763	-0.21992
27.764	-0.090752
27.765	0.036034
27.766	0.053661
27.767	-0.007725
27.768	0.01522
27.769	0.114943
27.77	0.150458
27.771	0.137476
27.772	0.186003
27.773	0.248272
27.774	0.204367
27.775	0.097029
27.776	0.042081
27.777	-0.014961
27.778	-0.199268
27.779	-0.415193
27.78	-0.441356
27.781	-0.292732
27.782	-0.197157
27.783	-0.216129
27.784	-0.192332
27.785	-0.091442
27.786	-0.05592
27.787	-0.096011
27.788	-0.079208
27.789	-0.022005
27.79	-0.047556
27.791	-0.100339
27.792	-0.034189
27.793	0.102365
27.794	0.153679
27.795	0.121346
27.796	0.100238
27.797	0.046054
27.798	-0.139829
27.799	-0.348366
27.8	-0.366688
27.801	-0.223774
27.802	-0.150342
27.803	-0.196262
27.804	-0.189905
27.805	-0.093837
27.806	-0.063772
27.807	-0.140967
27.808	-0.22462
27.809	-0.322519
27.81	-0.487186
27.811	-0.572148
27.812	-0.397262
27.813	-0.061092
27.814	0.191965
27.815	0.285585
27.816	0.262273
27.817	0.054227
27.818	-0.407229
27.819	-0.897476
27.82	-1.037401
27.821	-0.762024
27.822	-0.374126
27.823	-0.104743
27.824	0.082471
27.825	0.2156
27.826	0.199333
27.827	0.036167
27.828	-0.165471
27.829	-0.404203
27.83	-0.690311
27.831	-0.821285
27.832	-0.591626
27.833	-0.123034
27.834	0.279518
27.835	0.474707
27.836	0.486825
27.837	0.302418
27.838	-0.072194
27.839	-0.420457
27.84	-0.4733
27.841	-0.258101
27.842	-0.051842
27.843	0.014573
27.844	0.049528
27.845	0.096154
27.846	0.061567
27.847	-0.022272
27.848	-0.004965
27.849	0.090974
27.85	0.099128
27.851	0.013081
27.852	-0.032277
27.853	-0.028102
27.854	-0.076599
27.855	-0.108568
27.856	0.242356
27.857	1.44266
27.858	3.605682
27.859	5.930203
27.86	6.811755
27.861	5.245165
27.862	2.041866
27.863	-0.914994
27.864	-2.410686
27.865	-2.583698
27.866	-2.214083
27.867	-1.777687
27.868	-1.298563
27.869	-0.791162
27.87	-0.409164
27.871	-0.203028
27.872	-0.083003
27.873	-0.019311
27.874	-0.063568
27.875	-0.250694
27.876	-0.699363
27.877	-1.72651
27.878	-3.462698
27.879	-5.268412
27.88	-6.0044
27.881	-5.080169
27.882	-2.998614
27.883	-0.843876
27.884	0.60012
27.885	1.1804
27.886	1.123976
27.887	0.768984
27.888	0.362821
27.889	-0.070114
27.89	-0.528127
27.891	-0.78229
27.892	-0.587807
27.893	-0.040523
27.894	0.501615
27.895	0.76593
27.896	0.682771
27.897	0.281097
27.898	-0.290581
27.899	-0.68923
27.9	-0.615301
27.901	-0.1759
27.902	0.210243
27.903	0.301255
27.904	0.208478
27.905	0.111013
27.906	0.143611
27.907	0.603071
27.908	1.78779
27.909	3.38917
27.91	4.453613
27.911	4.255117
27.912	2.951631
27.913	1.277067
27.914	-0.121942
27.915	-0.922588
27.916	-0.925964
27.917	0.096421
27.918	2.147932
27.919	4.452604
27.92	5.484748
27.921	4.241394
27.922	1.391752
27.923	-1.371165
27.924	-2.895467
27.925	-3.183559
27.926	-2.749289
27.927	-1.757857
27.928	-0.011303
27.929	2.26288
27.93	4.037493
27.931	4.305317
27.932	3.069998
27.933	1.174016
27.934	-0.581092
27.935	-1.795015
27.936	-2.219038
27.937	-1.565921
27.938	0.281871
27.939	2.803927
27.94	4.632095
27.941	4.320326
27.942	1.834293
27.943	-1.183541
27.944	-3.083898
27.945	-3.538578
27.946	-3.071585
27.947	-2.050244
27.948	-0.520912
27.949	1.19962
27.95	2.315702
27.951	2.279329
27.952	1.371506
27.953	0.250713
27.954	-0.705724
27.955	-1.424981
27.956	-1.900509
27.957	-2.148336
27.958	-2.278973
27.959	-2.54257
27.96	-3.116093
27.961	-3.600306
27.962	-3.120956
27.963	-1.41847
27.964	0.648813
27.965	2.043682
27.966	2.396553
27.967	1.796984
27.968	0.353764
27.969	-1.694199
27.97	-3.564191
27.971	-4.147327
27.972	-2.998719
27.973	-0.841066
27.974	1.131392
27.975	2.170149
27.976	2.090753
27.977	0.877389
27.978	-1.314664
27.979	-3.720326
27.98	-5.074721
27.981	-4.504386
27.982	-2.293502
27.983	0.291889
27.984	2.071512
27.985	2.764722
27.986	2.841038
27.987	3.031821
27.988	3.897392
27.989	5.431474
27.99	7.060741
27.991	7.938451
27.992	7.230379
27.993	4.759695
27.994	1.472398
27.995	-1.335608
27.996	-3.160644
27.997	-4.351646
27.998	-5.241663
27.999	-5.553995
28.0	-4.909395
28.001	-3.760327
28.002	-3.316034
28.003	-4.177984
28.004	-5.304092
28.005	-5.131774
28.006	-3.688269
28.007	-2.75053
28.008	-3.760188
28.009	-6.036721
28.01	-7.459387
28.011	-6.596196
28.012	-3.676915
28.013	-0.047965
28.014	2.838161
28.015	4.234583
28.016	4.130532
28.017	2.68347
28.018	0.093537
28.019	-2.911927
28.02	-4.996804
28.021	-4.949647
28.022	-2.632114
28.023	0.721596
28.024	3.443244
28.025	4.725554
28.026	4.852678
28.027	4.540478
28.028	4.297451
28.029	4.104129
28.03	3.53723
28.031	2.410798
28.032	1.228179
28.033	0.684729
28.034	0.875781
28.035	1.262515
28.036	1.180646
28.037	0.201247
28.038	-1.5886
28.039	-3.352945
28.04	-3.93339
28.041	-2.82062
28.042	-0.662059
28.043	1.267395
28.044	2.171307
28.045	2.222845
28.046	2.1121
28.047	2.46897
28.048	3.430194
28.049	4.320313
28.05	4.123175
28.051	2.653334
28.052	0.878089
28.053	-0.121162
28.054	-0.132528
28.055	0.268751
28.056	0.335262
28.057	-0.464988
28.058	-2.208552
28.059	-4.386796
28.06	-6.384571
28.061	-8.062807
28.062	-9.463902
28.063	-10.313263
28.064	-10.293482
28.065	-9.603418
28.066	-8.959413
28.067	-8.94412
28.068	-9.243612
28.069	-8.476577
28.07	-5.180129
28.071	0.470149
28.072	6.291703
28.073	10.008287
28.074	11.069251
28.075	10.433942
28.076	9.238426
28.077	7.732283
28.078	5.242126
28.079	1.490254
28.08	-2.065294
28.081	-3.09879
28.082	-0.824013
28.083	3.290581
28.084	7.163759
28.085	9.635863
28.086	10.567152
28.087	10.330012
28.088	9.501465
28.089	8.704068
28.09	8.276913
28.091	7.855581
28.092	6.572889
28.093	4.175292
28.094	1.735469
28.095	0.788534
28.096	1.966414
28.097	4.6288
28.098	7.471373
28.099	9.217864
28.1	8.870995
28.101	6.07318
28.102	1.761184
28.103	-2.196821
28.104	-4.531119
28.105	-5.301674
28.106	-5.109008
28.107	-4.130347
28.108	-2.087696
28.109	0.890171
28.11	3.620267
28.111	4.589371
28.112	3.321923
28.113	0.697746
28.114	-1.957833
28.115	-3.803458
28.116	-4.485181
28.117	-3.674185
28.118	-1.221337
28.119	2.146526
28.12	4.679103
28.121	4.7213
28.122	2.308167
28.123	-0.79745
28.124	-2.906237
28.125	-3.679933
28.126	-3.706545
28.127	-3.622252
28.128	-3.813789
28.129	-4.427386
28.13	-5.197158
28.131	-5.465326
28.132	-4.802002
28.133	-3.494571
28.134	-2.220917
28.135	-1.48725
28.136	-1.572464
28.137	-2.705806
28.138	-4.776151
28.139	-6.826572
28.14	-7.399392
28.141	-5.695766
28.142	-2.336434
28.143	1.060809
28.144	3.150489
28.145	3.658242
28.146	3.021505
28.147	1.660353
28.148	-0.314966
28.149	-2.779559
28.15	-5.032854
28.151	-5.935034
28.152	-4.922941
28.153	-2.627437
28.154	-0.268096
28.155	1.256582
28.156	1.568983
28.157	0.587528
28.158	-1.362161
28.159	-3.2241
28.16	-3.623045
28.161	-2.043732
28.162	0.611389
28.163	2.862261
28.164	3.858238
28.165	3.701683
28.166	3.067198
28.167	2.808418
28.168	3.442125
28.169	4.520506
28.17	4.837148
28.171	3.667689
28.172	1.547288
28.173	-0.363577
28.174	-1.336144
28.175	-1.342809
28.176	-0.581156
28.177	0.938943
28.178	3.184999
28.179	5.519102
28.18	6.716417
28.181	5.963519
28.182	3.693932
28.183	1.202465
28.184	-0.486806
28.185	-1.271391
28.186	-1.542157
28.187	-1.42379
28.188	-0.767358
28.189	0.235083
28.19	0.880433
28.191	0.63159
28.192	-0.301884
28.193	-1.280295
28.194	-1.86611
28.195	-1.960571
28.196	-1.537757
28.197	-0.46587
28.198	1.304532
28.199	3.290597
28.2	4.453969
28.201	4.035691
28.202	2.339961
28.203	0.442435
28.204	-0.81059
28.205	-1.380408
28.206	-1.644365
28.207	-1.731929
28.208	-1.53525
28.209	-1.170605
28.21	-1.004379
28.211	-1.197123
28.212	-1.532366
28.213	-1.727749
28.214	-1.690044
28.215	-1.465554
28.216	-1.095058
28.217	-0.525196
28.218	0.350449
28.219	1.436414
28.22	2.275734
28.221	2.380822
28.222	1.721944
28.223	0.777986
28.224	0.055062
28.225	-0.390531
28.226	-0.792065
28.227	-1.212578
28.228	-1.56191
28.229	-1.880859
28.23	-2.240499
28.231	-2.483658
28.232	-2.380163
28.233	-1.93503
28.234	-1.350255
28.235	-0.794702
28.236	-0.301364
28.237	0.236271
28.238	1.000062
28.239	1.97854
28.24	2.759425
28.241	2.839752
28.242	2.159071
28.243	1.189527
28.244	0.439671
28.245	-0.038914
28.246	-0.462448
28.247	-0.827249
28.248	-0.969105
28.249	-0.951071
28.25	-1.01879
28.251	-1.232792
28.252	-1.419361
28.253	-1.421593
28.254	-1.22014
28.255	-0.868915
28.256	-0.412188
28.257	0.180313
28.258	0.992122
28.259	1.921448
28.26	2.533948
28.261	2.418587
28.262	1.65483
28.263	0.758627
28.264	0.151487
28.265	-0.213046
28.266	-0.567759
28.267	-0.865727
28.268	-0.899994
28.269	-0.735257
28.27	-0.669188
28.271	-0.827892
28.272	-1.070226
28.273	-1.218847
28.274	-1.191854
28.275	-0.966371
28.276	-0.523772
28.277	0.193718
28.278	1.23435
28.279	2.375067
28.28	3.019546
28.281	2.696004
28.282	1.610339
28.283	0.469218
28.284	-0.225007
28.285	-0.556783
28.286	-0.816695
28.287	-0.975392
28.288	-0.818349
28.289	-0.427261
28.29	-0.169458
28.291	-0.263945
28.292	-0.617007
28.293	-1.011079
28.294	-1.256196
28.295	-1.202707
28.296	-0.729419
28.297	0.247405
28.298	1.657733
28.299	3.026293
28.3	3.545059
28.301	2.787507
28.302	1.247421
28.303	-0.117974
28.304	-0.787516
28.305	-0.96972
28.306	-1.074659
28.307	-1.153673
28.308	-1.038221
28.309	-0.784535
28.31	-0.64055
28.311	-0.69809
28.312	-0.856729
28.313	-1.01575
28.314	-1.113718
28.315	-1.102675
28.316	-1.015471
28.317	-0.936966
28.318	-0.788537
28.319	-0.297268
28.32	0.574066
28.321	1.304262
28.322	1.370294
28.323	0.958122
28.324	0.588109
28.325	0.364619
28.326	0.062756
28.327	-0.415057
28.328	-1.014587
28.329	-1.664424
28.33	-2.165582
28.331	-2.210623
28.332	-1.74248
28.333	-1.067262
28.334	-0.501096
28.335	-0.142718
28.336	-0.046259
28.337	-0.335864
28.338	-0.94049
28.339	-1.368467
28.34	-1.083977
28.341	-0.156085
28.342	0.793224
28.343	1.34015
28.344	1.541729
28.345	1.496703
28.346	1.141044
28.347	0.440763
28.348	-0.561104
28.349	-1.719839
28.35	-2.612669
28.351	-2.710089
28.352	-1.943968
28.353	-0.824966
28.354	0.107348
28.355	0.648256
28.356	0.703072
28.357	0.063569
28.358	-1.288736
28.359	-2.744862
28.36	-3.328889
28.361	-2.565975
28.362	-0.89133
28.363	0.84948
28.364	2.054068
28.365	2.496297
28.366	2.174684
28.367	1.200053
28.368	-0.27367
28.369	-1.925075
28.37	-3.084687
28.371	-3.086889
28.372	-1.958336
28.373	-0.435526
28.374	0.763136
28.375	1.383463
28.376	1.379025
28.377	0.610521
28.378	-0.897984
28.379	-2.51187
28.38	-3.222802
28.381	-2.521928
28.382	-0.836187
28.383	0.957883
28.384	2.213363
28.385	2.698651
28.386	2.489502
28.387	1.846942
28.388	1.010443
28.389	0.101418
28.39	-0.677027
28.391	-0.987818
28.392	-0.707521
28.393	-0.106976
28.394	0.44549
28.395	0.768645
28.396	0.806736
28.397	0.524917
28.398	0.059653
28.399	-0.166986
28.4	0.187462
28.401	0.894365
28.402	1.398554
28.403	1.524845
28.404	1.485443
28.405	1.36346
28.406	1.091619
28.407	0.744682
28.408	0.454059
28.409	0.173065
28.41	-0.175563
28.411	-0.450643
28.412	-0.449147
28.413	-0.176391
28.414	0.199382
28.415	0.492425
28.416	0.475168
28.417	-0.099728
28.418	-1.186371
28.419	-2.207324
28.42	-2.438571
28.421	-1.704286
28.422	-0.486023
28.423	0.623769
28.424	1.310091
28.425	1.482023
28.426	1.22525
28.427	0.821034
28.428	0.523494
28.429	0.312292
28.43	0.059163
28.431	-0.17122
28.432	-0.20452
28.433	-0.011661
28.434	0.278485
28.435	0.495727
28.436	0.461087
28.437	0.06746
28.438	-0.488699
28.439	-0.679627
28.44	-0.169808
28.441	0.66266
28.442	1.155665
28.443	1.194173
28.444	1.089772
28.445	0.948927
28.446	0.684412
28.447	0.345273
28.448	0.045233
28.449	-0.249563
28.45	-0.572724
28.451	-0.751578
28.452	-0.610746
28.453	-0.236839
28.454	0.148272
28.455	0.468432
28.456	0.877322
28.457	1.638411
28.458	2.832278
28.459	3.998038
28.46	4.257472
28.461	3.171267
28.462	1.328222
28.463	-0.227443
28.464	-0.98844
28.465	-1.171474
28.466	-1.010567
28.467	-0.168687
28.468	1.827839
28.469	4.530344
28.47	6.407871
28.471	6.190353
28.472	4.109782
28.473	1.498703
28.474	-0.488556
28.475	-1.509858
28.476	-1.792221
28.477	-1.65718
28.478	-1.299433
28.479	-0.901272
28.48	-0.731608
28.481	-0.920337
28.482	-1.262178
28.483	-1.433689
28.484	-1.357305
28.485	-1.247751
28.486	-1.265762
28.487	-1.249989
28.488	-0.958498
28.489	-0.466328
28.49	-0.08988
28.491	0.000417
28.492	-0.112832
28.493	-0.270586
28.494	-0.364942
28.495	-0.351276
28.496	-0.207476
28.497	0.133672
28.498	0.743355
28.499	1.435821
28.5	1.694485
28.501	1.188469
28.502	0.236033
28.503	-0.537001
28.504	-0.864836
28.505	-0.956004
28.506	-1.005109
28.507	-0.829649
28.508	-0.171248
28.509	0.772605
28.51	1.410798
28.511	1.357605
28.512	0.757203
28.513	0.04422
28.514	-0.434584
28.515	-0.564797
28.516	-0.360933
28.517	0.18931
28.518	1.070725
28.519	1.936234
28.52	2.107194
28.521	1.272492
28.522	-0.016667
28.523	-0.936346
28.524	-1.23941
28.525	-1.252296
28.526	-1.240255
28.527	-1.058448
28.528	-0.492718
28.529	0.263971
28.53	0.735819
28.531	0.681762
28.532	0.267623
28.533	-0.187693
28.534	-0.466216
28.535	-0.514785
28.536	-0.363645
28.537	0.01547
28.538	0.703042
28.539	1.522379
28.54	1.895256
28.541	1.407097
28.542	0.381369
28.543	-0.485707
28.544	-0.8842
28.545	-1.010185
28.546	-1.059859
28.547	-0.899581
28.548	-0.367831
28.549	0.313942
28.55	0.702455
28.551	0.606271
28.552	0.203411
28.553	-0.203787
28.554	-0.415069
28.555	-0.412814
28.556	-0.313212
28.557	-0.190787
28.558	0.037792
28.559	0.410618
28.56	0.68243
28.561	0.574018
28.562	0.169488
28.563	-0.197615
28.564	-0.366532
28.565	-0.465853
28.566	-0.617914
28.567	-0.740955
28.568	-0.767404
28.569	-0.812395
28.57	-0.939093
28.571	-0.992073
28.572	-0.827724
28.573	-0.499245
28.574	-0.13245
28.575	0.182759
28.576	0.365952
28.577	0.409813
28.578	0.469563
28.579	0.671029
28.58	0.855338
28.581	0.773797
28.582	0.458486
28.583	0.159363
28.584	-0.005827
28.585	-0.138532
28.586	-0.271963
28.587	-0.214328
28.588	0.143608
28.589	0.552484
28.59	0.66013
28.591	0.409663
28.592	0.020253
28.593	-0.271029
28.594	-0.334091
28.595	-0.162652
28.596	0.161926
28.597	0.597752
28.598	1.177356
28.599	1.765624
28.6	1.93862
28.601	1.424506
28.602	0.522775
28.603	-0.21069
28.604	-0.553588
28.605	-0.67749
28.606	-0.711632
28.607	-0.51937
28.608	-0.018405
28.609	0.521768
28.61	0.726183
28.611	0.508287
28.612	0.062482
28.613	-0.361648
28.614	-0.568204
28.615	-0.448863
28.616	0.020886
28.617	0.843068
28.618	1.93182
28.619	2.852578
28.62	2.893002
28.621	1.807754
28.622	0.27288
28.623	-0.807371
28.624	-1.185988
28.625	-1.197523
28.626	-1.098477
28.627	-0.813623
28.628	-0.293247
28.629	0.20212
28.63	0.365536
28.631	0.182416
28.632	-0.157677
28.633	-0.473106
28.634	-0.6198
28.635	-0.51932
28.636	-0.228687
28.637	0.128454
28.638	0.475864
28.639	0.706258
28.64	0.621038
28.641	0.180605
28.642	-0.329673
28.643	-0.594524
28.644	-0.606902
28.645	-0.582593
28.646	-0.632408
28.647	-0.696026
28.648	-0.783783
28.649	-0.99498
28.65	-1.230694
28.651	-1.221849
28.652	-0.912118
28.653	-0.507077
28.654	-0.161125
28.655	0.089181
28.656	0.129772
28.657	-0.177905
28.658	-0.659319
28.659	-0.780836
28.66	-0.236974
28.661	0.543511
28.662	0.934669
28.663	0.892487
28.664	0.70393
28.665	0.479789
28.666	0.264033
28.667	0.145783
28.668	0.068832
28.669	-0.13748
28.67	-0.439067
28.671	-0.590764
28.672	-0.493907
28.673	-0.27827
28.674	-0.039075
28.675	0.242161
28.676	0.537906
28.677	0.763925
28.678	0.921612
28.679	1.052099
28.68	1.077333
28.681	0.890255
28.682	0.548987
28.683	0.226028
28.684	0.009601
28.685	-0.13965
28.686	-0.237326
28.687	-0.251236
28.688	-0.273682
28.689	-0.445363
28.69	-0.666077
28.691	-0.692319
28.692	-0.509987
28.693	-0.310532
28.694	-0.158775
28.695	0.041722
28.696	0.313438
28.697	0.571394
28.698	0.794218
28.699	1.017583
28.7	1.175455
28.701	1.136896
28.702	0.871931
28.703	0.471066
28.704	0.041958
28.705	-0.337582
28.706	-0.562993
28.707	-0.559163
28.708	-0.453724
28.709	-0.454227
28.71	-0.537629
28.711	-0.534412
28.712	-0.441955
28.713	-0.373513
28.714	-0.293162
28.715	-0.035866
28.716	0.484546
28.717	1.247723
28.718	2.191472
28.719	3.066984
28.72	3.349921
28.721	2.69172
28.722	1.401326
28.723	0.160846
28.724	-0.604413
28.725	-0.892914
28.726	-0.88926
28.727	-0.832852
28.728	-0.990659
28.729	-1.375085
28.73	-1.580455
28.731	-1.276874
28.732	-0.692435
28.733	-0.282438
28.734	-0.143757
28.735	-0.036021
28.736	0.206846
28.737	0.541808
28.738	0.882822
28.739	1.159814
28.74	1.247237
28.741	1.026993
28.742	0.533064
28.743	-0.027523
28.744	-0.415798
28.745	-0.52026
28.746	-0.367438
28.747	-0.118661
28.748	-0.064618
28.749	-0.331031
28.75	-0.636726
28.751	-0.645497
28.752	-0.395917
28.753	-0.112231
28.754	0.170551
28.755	0.454377
28.756	0.331343
28.757	-0.980897
28.758	-3.800469
28.759	-7.112951
28.76	-8.955462
28.761	-7.920543
28.762	-4.317725
28.763	0.006408
28.764	3.060415
28.765	3.942602
28.766	2.778373
28.767	0.143915
28.768	-2.917437
28.769	-4.896046
28.77	-4.683423
28.771	-2.458311
28.772	0.47646
28.773	2.735683
28.774	3.823976
28.775	4.048938
28.776	3.618528
28.777	2.231879
28.778	-0.26201
28.779	-3.002533
28.78	-4.397353
28.781	-3.505993
28.782	-0.93434
28.783	1.76148
28.784	3.391998
28.785	3.791644
28.786	3.433024
28.787	2.692729
28.788	1.623651
28.789	0.40951
28.79	-0.368247
28.791	-0.279776
28.792	0.425795
28.793	1.163971
28.794	1.652173
28.795	1.966257
28.796	2.159166
28.797	2.14451
28.798	2.00741
28.799	2.14725
28.8	2.760104
28.801	3.313469
28.802	3.126412
28.803	2.304626
28.804	1.461716
28.805	0.901973
28.806	0.497033
28.807	-0.084618
28.808	-1.097589
28.809	-2.265458
28.81	-2.774949
28.811	-2.128425
28.812	-0.786351
28.813	0.385065
28.814	1.033843
28.815	1.355179
28.816	1.491096
28.817	1.337871
28.818	0.947368
28.819	0.766518
28.82	1.133191
28.821	1.69238
28.822	1.846611
28.823	1.557199
28.824	1.160517
28.825	0.832724
28.826	0.570423
28.827	0.261571
28.828	-0.26394
28.829	-0.904175
28.83	-1.179714
28.831	-0.804793
28.832	-0.10253
28.833	0.437344
28.834	0.724726
28.835	0.949654
28.836	1.111488
28.837	0.960855
28.838	0.437246
28.839	-0.063187
28.84	-0.07735
28.841	0.360614
28.842	0.825749
28.843	1.042869
28.844	1.01214
28.845	0.828037
28.846	0.618399
28.847	0.439902
28.848	0.185903
28.849	-0.165926
28.85	-0.351793
28.851	-0.171567
28.852	0.172885
28.853	0.376899
28.854	0.458321
28.855	0.645453
28.856	0.983232
28.857	1.265818
28.858	1.314388
28.859	1.135719
28.86	0.831477
28.861	0.521977
28.862	0.316958
28.863	0.237365
28.864	0.196777
28.865	0.124022
28.866	0.087927
28.867	0.187359
28.868	0.334921
28.869	0.376546
28.87	0.358286
28.871	0.38674
28.872	0.37206
28.873	0.202916
28.874	0.021581
28.875	0.074394
28.876	0.392995
28.877	0.826728
28.878	1.339297
28.879	2.037333
28.88	2.737209
28.881	2.805754
28.882	1.961435
28.883	0.807684
28.884	0.027093
28.885	-0.283141
28.886	-0.246929
28.887	0.076339
28.888	0.51071
28.889	0.787894
28.89	0.831015
28.891	0.729331
28.892	0.493596
28.893	0.127672
28.894	-0.171202
28.895	-0.164523
28.896	0.141256
28.897	0.565175
28.898	1.069839
28.899	1.781132
28.9	2.523239
28.901	2.643802
28.902	1.843988
28.903	0.740557
28.904	0.036639
28.905	-0.186307
28.906	-0.117985
28.907	0.102723
28.908	0.305559
28.909	0.377493
28.91	0.422235
28.911	0.537708
28.912	0.578827
28.913	0.399315
28.914	0.142649
28.915	0.059201
28.916	0.159211
28.917	0.25134
28.918	0.282957
28.919	0.431209
28.92	0.74418
28.921	0.918213
28.922	0.739114
28.923	0.441191
28.924	0.296586
28.925	0.284166
28.926	0.3349
28.927	0.450909
28.928	0.543223
28.929	0.518991
28.93	0.48905
28.931	0.574104
28.932	0.63835
28.933	0.509178
28.934	0.292308
28.935	0.213653
28.936	0.267672
28.937	0.236592
28.938	0.027957
28.939	-0.193199
28.94	-0.249521
28.941	-0.153099
28.942	0.011341
28.943	0.215762
28.944	0.411642
28.945	0.52113
28.946	0.578608
28.947	0.677582
28.948	0.764285
28.949	0.736986
28.95	0.68485
28.951	0.72662
28.952	0.747306
28.953	0.589741
28.954	0.353288
28.955	0.254924
28.956	0.308119
28.957	0.342413
28.958	0.298619
28.959	0.313437
28.96	0.448916
28.961	0.534793
28.962	0.455152
28.963	0.356309
28.964	0.372052
28.965	0.448152
28.966	0.550831
28.967	0.715391
28.968	0.860399
28.969	0.866211
28.97	0.805193
28.971	0.80298
28.972	0.777952
28.973	0.598392
28.974	0.361498
28.975	0.266908
28.976	0.310697
28.977	0.303484
28.978	0.157957
28.979	-0.009423
28.98	-0.07714
28.981	-0.056131
28.982	0.020561
28.983	0.177103
28.984	0.383916
28.985	0.547497
28.986	0.678648
28.987	0.861276
28.988	1.035471
28.989	1.066079
28.99	0.992826
28.991	0.9355
28.992	0.843717
28.993	0.616181
28.994	0.351489
28.995	0.241293
28.996	0.303923
28.997	0.40698
28.998	0.50671
28.999	0.686906
29.0	0.905361
29.001	0.909876
29.002	0.620213
29.003	0.327082
29.004	0.268271
29.005	0.377851
29.006	0.570257
29.007	0.856382
29.008	1.135342
29.009	1.224156
29.01	1.128721
29.011	0.995609
29.012	0.832952
29.013	0.569463
29.014	0.295287
29.015	0.181475
29.016	0.232851
29.017	0.304702
29.018	0.327706
29.019	0.357491
29.02	0.390735
29.021	0.320055
29.022	0.161677
29.023	0.107783
29.024	0.235461
29.025	0.421586
29.026	0.599246
29.027	0.811404
29.028	1.003523
29.029	1.051502
29.03	0.990329
29.031	0.937754
29.032	0.851997
29.033	0.635122
29.034	0.372151
29.035	0.238213
29.036	0.251613
29.037	0.283218
29.038	0.261254
29.039	0.218443
29.04	0.159519
29.041	0.051828
29.042	-0.035037
29.043	0.037735
29.044	0.261646
29.045	0.487894
29.046	0.668858
29.047	0.872557
29.048	1.059466
29.049	1.104114
29.05	1.034173
29.051	0.972367
29.052	0.888515
29.053	0.679796
29.054	0.410614
29.055	0.243546
29.056	0.204343
29.057	0.185621
29.058	0.138634
29.059	0.107835
29.06	0.092346
29.061	0.038616
29.062	-0.005577
29.063	0.09124
29.064	0.325351
29.065	0.549475
29.066	0.705394
29.067	0.849504
29.068	0.956311
29.069	0.94965
29.07	0.900395
29.071	0.919075
29.072	0.922316
29.073	0.762818
29.074	0.492437
29.075	0.289092
29.076	0.20884
29.077	0.17245
29.078	0.140193
29.079	0.142387
29.08	0.154178
29.081	0.107548
29.082	0.053606
29.083	0.136354
29.084	0.363392
29.085	0.592583
29.086	0.764569
29.087	0.933797
29.088	1.068596
29.089	1.075144
29.09	1.012497
29.091	1.005103
29.092	0.98904
29.093	0.814448
29.094	0.518182
29.095	0.271632
29.096	0.136003
29.097	0.043958
29.098	-0.021872
29.099	-0.003136
29.1	0.074284
29.101	0.101331
29.102	0.091982
29.103	0.18944
29.104	0.423673
29.105	0.668979
29.106	0.862383
29.107	1.044713
29.108	1.177773
29.109	1.175256
29.11	1.107498
29.111	1.0983
29.112	1.073359
29.113	0.876531
29.114	0.547756
29.115	0.268452
29.116	0.110977
29.117	0.008587
29.118	-0.070366
29.119	-0.077052
29.12	-0.019859
29.121	0.019091
29.122	0.051444
29.123	0.195729
29.124	0.471581
29.125	0.76088
29.126	1.01033
29.127	1.267898
29.128	1.489168
29.129	1.547723
29.13	1.460525
29.131	1.348544
29.132	1.194804
29.133	0.897349
29.134	0.507843
29.135	0.193873
29.136	0.011024
29.137	-0.12207
29.138	-0.242165
29.139	-0.282853
29.14	-0.220083
29.141	-0.125043
29.142	-0.015926
29.143	0.185608
29.144	0.478039
29.145	0.74149
29.146	0.953307
29.147	1.230382
29.148	1.57139
29.149	1.780959
29.15	1.734368
29.151	1.502496
29.152	1.178283
29.153	0.804988
29.154	0.47305
29.155	0.276761
29.156	0.164704
29.157	-0.014767
29.158	-0.275949
29.159	-0.431994
29.16	-0.342666
29.161	-0.089999
29.162	0.180116
29.163	0.434556
29.164	0.671786
29.165	0.851489
29.166	1.014714
29.167	1.277579
29.168	1.603649
29.169	1.777223
29.17	1.68934
29.171	1.444113
29.172	1.142696
29.173	0.802602
29.174	0.485948
29.175	0.278198
29.176	0.132488
29.177	-0.098917
29.178	-0.42098
29.179	-0.61885
29.18	-0.524465
29.181	-0.222311
29.182	0.117333
29.183	0.441756
29.184	0.738963
29.185	0.95799
29.186	1.125191
29.187	1.348404
29.188	1.606133
29.189	1.719304
29.19	1.613047
29.191	1.395964
29.192	1.143189
29.193	0.841784
29.194	0.538127
29.195	0.320566
29.196	0.161482
29.197	-0.065407
29.198	-0.364127
29.199	-0.545787
29.2	-0.466843
29.201	-0.202455
29.202	0.111342
29.203	0.443949
29.204	0.774204
29.205	1.017293
29.206	1.153165
29.207	1.252937
29.208	1.314408
29.209	1.261501
29.21	1.137674
29.211	1.067886
29.212	1.029895
29.213	0.899007
29.214	0.672891
29.215	0.456203
29.216	0.267771
29.217	0.022837
29.218	-0.272596
29.219	-0.451171
29.22	-0.386881
29.221	-0.145081
29.222	0.157257
29.223	0.494415
29.224	0.835547
29.225	1.084502
29.226	1.218716
29.227	1.318878
29.228	1.395979
29.229	1.371084
29.23	1.263417
29.231	1.179712
29.232	1.106696
29.233	0.936725
29.234	0.672515
29.235	0.421097
29.236	0.214363
29.237	-0.014491
29.238	-0.260878
29.239	-0.390079
29.24	-0.311758
29.241	-0.094019
29.242	0.172437
29.243	0.484444
29.244	0.815525
29.245	1.069884
29.246	1.237414
29.247	1.419211
29.248	1.621738
29.249	1.70812
29.25	1.622205
29.251	1.453076
29.252	1.24064
29.253	0.94214
29.254	0.590432
29.255	0.290241
29.256	0.062509
29.257	-0.16403
29.258	-0.384486
29.259	-0.469531
29.26	-0.348088
29.261	-0.108461
29.262	0.158181
29.263	0.461932
29.264	0.787941
29.265	1.047389
29.266	1.232034
29.267	1.437989
29.268	1.660754
29.269	1.756278
29.27	1.671658
29.271	1.498857
29.272	1.273874
29.273	0.953304
29.274	0.574975
29.275	0.241928
29.276	-0.03655
29.277	-0.335459
29.278	-0.620192
29.279	-0.708537
29.28	-0.512994
29.281	-0.166803
29.282	0.183652
29.283	0.52998
29.284	0.870481
29.285	1.131931
29.286	1.302917
29.287	1.461725
29.288	1.604956
29.289	1.633343
29.29	1.542981
29.291	1.42108
29.292	1.258327
29.293	0.979014
29.294	0.619069
29.295	0.296197
29.296	0.039376
29.297	-0.215311
29.298	-0.453541
29.299	-0.539144
29.3	-0.401001
29.301	-0.131144
29.302	0.172039
29.303	0.510393
29.304	0.868929
29.305	1.163128
29.306	1.378952
29.307	1.591627
29.308	1.783409
29.309	1.830043
29.31	1.708794
29.311	1.517818
29.312	1.28541
29.313	0.967291
29.314	0.601305
29.315	0.279983
29.316	-0.004032
29.317	-0.340277
29.318	-0.70314
29.319	-0.895899
29.32	-0.769857
29.321	-0.392305
29.322	0.079612
29.323	0.563165
29.324	1.003381
29.325	1.325319
29.326	1.538783
29.327	1.732881
29.328	1.895604
29.329	1.908071
29.33	1.750341
29.331	1.523873
29.332	1.270615
29.333	0.961009
29.334	0.62383
29.335	0.312222
29.336	-0.029331
29.337	-0.509543
29.338	-1.053053
29.339	-1.348622
29.34	-1.15807
29.341	-0.575674
29.342	0.121593
29.343	0.737261
29.344	1.180498
29.345	1.423537
29.346	1.560674
29.347	1.749947
29.348	1.988364
29.349	2.093087
29.35	1.964113
29.351	1.683604
29.352	1.342076
29.353	0.969155
29.354	0.615323
29.355	0.318405
29.356	0.002342
29.357	-0.445253
29.358	-0.949034
29.359	-1.217771
29.36	-1.038652
29.361	-0.501689
29.362	0.145052
29.363	0.725671
29.364	1.151126
29.365	1.394688
29.366	1.566626
29.367	1.84102
29.368	2.197738
29.369	2.390107
29.37	2.248014
29.371	1.849823
29.372	1.360566
29.373	0.892444
29.374	0.521436
29.375	0.250527
29.376	-0.050383
29.377	-0.523277
29.378	-1.083062
29.379	-1.403059
29.38	-1.231942
29.381	-0.644155
29.382	0.08693
29.383	0.736028
29.384	1.182323
29.385	1.412361
29.386	1.584251
29.387	1.913134
29.388	2.371097
29.389	2.645649
29.39	2.492985
29.391	1.984074
29.392	1.354959
29.393	0.803001
29.394	0.432467
29.395	0.206157
29.396	-0.062897
29.397	-0.532277
29.398	-1.085407
29.399	-1.370076
29.4	-1.161235
29.401	-0.575383
29.402	0.119493
29.403	0.730888
29.404	1.14363
29.405	1.330786
29.406	1.442349
29.407	1.684672
29.408	2.033567
29.409	2.225655
29.41	2.079784
29.411	1.663956
29.412	1.153669
29.413	0.708431
29.414	0.432653
29.415	0.291362
29.416	0.105815
29.417	-0.253222
29.418	-0.668893
29.419	-0.868486
29.42	-0.719479
29.421	-0.320164
29.422	0.179831
29.423	0.668529
29.424	1.014556
29.425	1.154511
29.426	1.241043
29.427	1.490507
29.428	1.855256
29.429	2.0381
29.43	1.862041
29.431	1.429974
29.432	0.938777
29.433	0.543288
29.434	0.330098
29.435	0.252198
29.436	0.167152
29.437	0.051297
29.438	0.108095
29.439	0.530824
29.44	1.132641
29.441	1.432756
29.442	1.27534
29.443	0.99657
29.444	0.847632
29.445	0.785831
29.446	0.823115
29.447	1.057309
29.448	1.387319
29.449	1.53761
29.45	1.366294
29.451	0.966013
29.452	0.532178
29.453	0.261024
29.454	0.244898
29.455	0.364356
29.456	0.406059
29.457	0.374296
29.458	0.571154
29.459	1.199156
29.46	1.912873
29.461	2.092575
29.462	1.66104
29.463	1.129651
29.464	0.816081
29.465	0.643433
29.466	0.564446
29.467	0.610485
29.468	0.672777
29.469	0.620072
29.47	0.510939
29.471	0.448879
29.472	0.411109
29.473	0.377415
29.474	0.399352
29.475	0.457162
29.476	0.482943
29.477	0.593628
29.478	1.071407
29.479	1.933753
29.48	2.635721
29.481	2.563116
29.482	1.835311
29.483	1.105593
29.484	0.683782
29.485	0.449878
29.486	0.331544
29.487	0.320837
29.488	0.283839
29.489	0.144705
29.49	0.051791
29.491	0.113412
29.492	0.22764
29.493	0.31275
29.494	0.413587
29.495	0.532007
29.496	0.649475
29.497	0.940297
29.498	1.654948
29.499	2.64715
29.5	3.243031
29.501	2.93182
29.502	2.025497
29.503	1.176583
29.504	0.581681
29.505	0.127595
29.506	-0.153944
29.507	-0.206657
29.508	-0.173793
29.509	-0.187421
29.51	-0.183126
29.511	-0.105909
29.512	-0.008756
29.513	0.136024
29.514	0.415728
29.515	0.760024
29.516	1.021592
29.517	1.237148
29.518	1.552445
29.519	1.93755
29.52	2.154225
29.521	1.989748
29.522	1.505249
29.523	0.947165
29.524	0.425559
29.525	-0.030622
29.526	-0.271667
29.527	-0.24677
29.528	-0.174855
29.529	-0.219006
29.53	-0.273702
29.531	-0.238858
29.532	-0.158861
29.533	-0.011647
29.534	0.289764
29.535	0.690793
29.536	1.092714
29.537	1.566501
29.538	2.16547
29.539	2.65583
29.54	2.696483
29.541	2.195883
29.542	1.412273
29.543	0.684287
29.544	0.104021
29.545	-0.361389
29.546	-0.654669
29.547	-0.810033
29.548	-0.991927
29.549	-1.153338
29.55	-1.054428
29.551	-0.694997
29.552	-0.309959
29.553	0.027854
29.554	0.404882
29.555	0.78898
29.556	1.121328
29.557	1.539026
29.558	2.142576
29.559	2.682589
29.56	2.769429
29.561	2.285054
29.562	1.488763
29.563	0.729974
29.564	0.121931
29.565	-0.352525
29.566	-0.681317
29.567	-1.002227
29.568	-1.509197
29.569	-1.992156
29.57	-1.959956
29.571	-1.345573
29.572	-0.577382
29.573	0.054015
29.574	0.576553
29.575	1.027121
29.576	1.452627
29.577	2.018459
29.578	2.696145
29.579	3.078235
29.58	2.820388
29.581	2.036788
29.582	1.13563
29.583	0.407893
29.584	-0.1388
29.585	-0.532983
29.586	-0.726457
29.587	-0.85297
29.588	-1.141076
29.589	-1.458485
29.59	-1.428935
29.591	-1.015457
29.592	-0.509078
29.593	-0.03828
29.594	0.465915
29.595	0.989157
29.596	1.470238
29.597	1.869282
29.598	2.001782
29.599	1.701016
29.6	1.134482
29.601	0.580144
29.602	0.131909
29.603	-0.253078
29.604	-0.629603
29.605	-0.896719
29.606	-0.874148
29.607	-0.678422
29.608	-0.648162
29.609	-0.81279
29.61	-0.885572
29.611	-0.769231
29.612	-0.594203
29.613	-0.359496
29.614	0.034538
29.615	0.548723
29.616	1.08742
29.617	1.544547
29.618	1.63809
29.619	1.172799
29.62	0.427558
29.621	-0.171158
29.622	-0.511025
29.623	-0.744539
29.624	-1.01259
29.625	-1.227399
29.626	-1.231363
29.627	-1.175217
29.628	-1.331335
29.629	-1.56185
29.63	-1.493257
29.631	-1.119257
29.632	-0.719574
29.633	-0.369509
29.634	0.034817
29.635	0.4968
29.636	0.971704
29.637	1.384244
29.638	1.453289
29.639	0.979655
29.64	0.245775
29.641	-0.329873
29.642	-0.659935
29.643	-0.909249
29.644	-1.188116
29.645	-1.353989
29.646	-1.228519
29.647	-1.005593
29.648	-1.035554
29.649	-1.242034
29.65	-1.261412
29.651	-1.040591
29.652	-0.790009
29.653	-0.540814
29.654	-0.184193
29.655	0.269833
29.656	0.756597
29.657	1.152269
29.658	1.110216
29.659	0.436451
29.66	-0.468294
29.661	-1.058484
29.662	-1.253582
29.663	-1.339637
29.664	-1.507908
29.665	-1.608568
29.666	-1.45346
29.667	-1.251226
29.668	-1.328686
29.669	-1.542824
29.67	-1.502463
29.671	-1.198144
29.672	-0.896122
29.673	-0.645057
29.674	-0.326933
29.675	0.058038
29.676	0.461354
29.677	0.791753
29.678	0.735767
29.679	0.111646
29.68	-0.697755
29.681	-1.18923
29.682	-1.323639
29.683	-1.395049
29.684	-1.568604
29.685	-1.679075
29.686	-1.567874
29.687	-1.465764
29.688	-1.63101
29.689	-1.82113
29.69	-1.660704
29.691	-1.250771
29.692	-0.917907
29.693	-0.685415
29.694	-0.39783
29.695	-0.047268
29.696	0.314706
29.697	0.601814
29.698	0.513898
29.699	-0.115598
29.7	-0.898818
29.701	-1.346622
29.702	-1.443258
29.703	-1.496721
29.704	-1.679157
29.705	-1.847948
29.706	-1.86387
29.707	-1.889703
29.708	-2.068965
29.709	-2.182479
29.71	-1.945765
29.711	-1.435998
29.712	-0.958829
29.713	-0.606428
29.714	-0.275389
29.715	0.037719
29.716	0.300599
29.717	0.472244
29.718	0.31281
29.719	-0.306603
29.72	-1.013563
29.721	-1.373005
29.722	-1.414485
29.723	-1.44223
29.724	-1.568754
29.725	-1.572588
29.726	-1.299486
29.727	-1.039423
29.728	-1.109134
29.729	-1.30905
29.73	-1.293733
29.731	-1.135971
29.732	-1.058866
29.733	-0.987874
29.734	-0.76488
29.735	-0.464268
29.736	-0.21449
29.737	-0.104383
29.738	-0.373925
29.739	-1.11331
29.74	-1.863869
29.741	-2.106985
29.742	-1.895469
29.743	-1.667968
29.744	-1.672248
29.745	-1.764359
29.746	-1.792016
29.747	-1.877187
29.748	-2.066508
29.749	-2.105099
29.75	-1.814393
29.751	-1.372043
29.752	-1.037355
29.753	-0.793516
29.754	-0.515981
29.755	-0.28576
29.756	-0.217667
29.757	-0.312034
29.758	-0.644741
29.759	-1.204276
29.76	-1.626729
29.761	-1.61208
29.762	-1.346205
29.763	-1.228059
29.764	-1.397512
29.765	-1.646154
29.766	-1.801905
29.767	-1.972489
29.768	-2.193431
29.769	-2.222233
29.77	-1.909493
29.771	-1.449836
29.772	-1.103061
29.773	-0.858504
29.774	-0.614113
29.775	-0.457482
29.776	-0.405405
29.777	-0.208285
29.778	0.181044
29.779	0.353141
29.78	0.046809
29.781	-0.444424
29.782	-0.770318
29.783	-0.974966
29.784	-1.224998
29.785	-1.471721
29.786	-1.659265
29.787	-1.915059
29.788	-2.217327
29.789	-2.269764
29.79	-1.926434
29.791	-1.418775
29.792	-1.033178
29.793	-0.764165
29.794	-0.51562
29.795	-0.405213
29.796	-0.48421
29.797	-0.480624
29.798	-0.248374
29.799	-0.099851
29.8	-0.289725
29.801	-0.599449
29.802	-0.758358
29.803	-0.845118
29.804	-1.019871
29.805	-1.213138
29.806	-1.361429
29.807	-1.605563
29.808	-1.941029
29.809	-2.07432
29.81	-1.843614
29.811	-1.454969
29.812	-1.169178
29.813	-0.956437
29.814	-0.701047
29.815	-0.513116
29.816	-0.464014
29.817	-0.357682
29.818	-0.171744
29.819	-0.285579
29.82	-0.83871
29.821	-1.371716
29.822	-1.488465
29.823	-1.359411
29.824	-1.288943
29.825	-1.265074
29.826	-1.246226
29.827	-1.437842
29.828	-1.849166
29.829	-2.050278
29.83	-1.815959
29.831	-1.49363
29.832	-1.398611
29.833	-1.370122
29.834	-1.199768
29.835	-1.023693
29.836	-0.985458
29.837	-0.931213
29.838	-0.812037
29.839	-0.950046
29.84	-1.456305
29.841	-1.877835
29.842	-1.84486
29.843	-1.567412
29.844	-1.390313
29.845	-1.336311
29.846	-1.379365
29.847	-1.691403
29.848	-2.210185
29.849	-2.449223
29.85	-2.167039
29.851	-1.740133
29.852	-1.547192
29.853	-1.473747
29.854	-1.323294
29.855	-1.258195
29.856	-1.470963
29.857	-1.788793
29.858	-1.997961
29.859	-2.199684
29.86	-2.435232
29.861	-2.406838
29.862	-1.967054
29.863	-1.436125
29.864	-1.146237
29.865	-1.072937
29.866	-1.158414
29.867	-1.55153
29.868	-2.157075
29.869	-2.453985
29.87	-2.20167
29.871	-1.812338
29.872	-1.677004
29.873	-1.646008
29.874	-1.494528
29.875	-1.411474
29.876	-1.615382
29.877	-1.833723
29.878	-1.626617
29.879	-1.104979
29.88	-0.844262
29.881	-1.006927
29.882	-1.187591
29.883	-1.202548
29.884	-1.229987
29.885	-1.3031
29.886	-1.378534
29.887	-1.580558
29.888	-1.874746
29.889	-1.942732
29.89	-1.73945
29.891	-1.649889
29.892	-1.846099
29.893	-2.012565
29.894	-1.922173
29.895	-1.835423
29.896	-2.030316
29.897	-2.262914
29.898	-2.08487
29.899	-1.575312
29.9	-1.294727
29.901	-1.410601
29.902	-1.514019
29.903	-1.420796
29.904	-1.34446
29.905	-1.384704
29.906	-1.547666
29.907	-1.931735
29.908	-2.391861
29.909	-2.487825
29.91	-2.150108
29.911	-1.866831
29.912	-1.940954
29.913	-2.101349
29.914	-2.075698
29.915	-2.061747
29.916	-2.307297
29.917	-2.566778
29.918	-2.396158
29.919	-1.885187
29.92	-1.609367
29.921	-1.729363
29.922	-1.805811
29.923	-1.636071
29.924	-1.450507
29.925	-1.385729
29.926	-1.472288
29.927	-1.812363
29.928	-2.264026
29.929	-2.393688
29.93	-2.125848
29.931	-1.932764
29.932	-2.105452
29.933	-2.361125
29.934	-2.409315
29.935	-2.431381
29.936	-2.677742
29.937	-2.931278
29.938	-2.792781
29.939	-2.375251
29.94	-2.202251
29.941	-2.345812
29.942	-2.341128
29.943	-2.020652
29.944	-1.655003
29.945	-1.417663
29.946	-1.375404
29.947	-1.662712
29.948	-2.150757
29.949	-2.37571
29.95	-2.209008
29.951	-2.101149
29.952	-2.358199
29.953	-2.703573
29.954	-2.8119
29.955	-2.801045
29.956	-2.888472
29.957	-2.924732
29.958	-2.666352
29.959	-2.339082
29.96	-2.422258
29.961	-2.825522
29.962	-2.936051
29.963	-2.547644
29.964	-2.004028
29.965	-1.593817
29.966	-1.459936
29.967	-1.73412
29.968	-2.236086
29.969	-2.471685
29.97	-2.324962
29.971	-2.266134
29.972	-2.60453
29.973	-3.051174
29.974	-3.248276
29.975	-3.266572
29.976	-3.298408
29.977	-3.228326
29.978	-2.895377
29.979	-2.595612
29.98	-2.804139
29.981	-3.33897
29.982	-3.468693
29.983	-2.947884
29.984	-2.220283
29.985	-1.761409
29.986	-1.838716
29.987	-2.496463
29.988	-3.282582
29.989	-3.482366
29.99	-3.00313
29.991	-2.527886
29.992	-2.570141
29.993	-2.922004
29.994	-3.230675
29.995	-3.611882
29.996	-4.354927
29.997	-5.263183
29.998	-5.581124
29.999	-4.540154
