time_s	mv
0.0	0.878826
0.001	1.189973
0.002	1.365681
0.003	1.529893
0.004	1.781973
0.005	2.039873
0.006	2.035486
0.007	1.678523
0.008	1.382516
0.009	1.546234
0.01	1.948018
0.011	2.196656
0.012	2.287098
0.013	2.393501
0.014	2.559119
0.015	2.696388
0.016	2.694361
0.017	2.47396
0.018	2.041044
0.019	1.571893
0.02	1.314892
0.021	1.320189
0.022	1.423777
0.023	1.507676
0.024	1.594791
0.025	1.67358
0.026	1.580032
0.027	1.270222
0.028	1.102228
0.029	1.369961
0.03	1.812469
0.031	2.079014
0.032	2.194972
0.033	2.316245
0.034	2.457929
0.035	2.532835
0.036	2.465635
0.037	2.224909
0.038	1.834928
0.039	1.443204
0.04	1.252129
0.041	1.286798
0.042	1.385087
0.043	1.447483
0.044	1.523053
0.045	1.617757
0.046	1.561023
0.047	1.28191
0.048	1.11548
0.049	1.35988
0.05	1.77597
0.051	2.026722
0.052	2.134614
0.053	2.239901
0.054	2.34205
0.055	2.35597
0.056	2.231681
0.057	1.972883
0.058	1.62233
0.059	1.310387
0.06	1.196857
0.061	1.270835
0.062	1.363105
0.063	1.394946
0.064	1.448636
0.065	1.556918
0.066	1.55868
0.067	1.371771
0.068	1.29712
0.069	1.581903
0.07	1.95167
0.071	2.088777
0.072	2.073696
0.073	2.086406
0.074	2.128536
0.075	2.1046
0.076	1.963758
0.077	1.716309
0.078	1.406976
0.079	1.157253
0.08	1.106016
0.081	1.217239
0.082	1.311355
0.083	1.324836
0.084	1.368515
0.085	1.492444
0.086	1.523038
0.087	1.339756
0.088	1.216766
0.089	1.425657
0.09	1.75072
0.091	1.903888
0.092	1.936655
0.093	1.98101
0.094	2.020927
0.095	1.981246
0.096	1.848743
0.097	1.65878
0.098	1.443338
0.099	1.273957
0.1	1.236317
0.101	1.283114
0.102	1.275038
0.103	1.20499
0.104	1.225671
0.105	1.414755
0.106	1.609045
0.107	1.638828
0.108	1.652588
0.109	1.827375
0.11	1.986821
0.111	1.946556
0.112	1.82256
0.113	1.767719
0.114	1.770316
0.115	1.762527
0.116	1.747487
0.117	1.738954
0.118	1.664783
0.119	1.4963
0.12	1.341677
0.121	1.252357
0.122	1.152325
0.123	1.046147
0.124	1.078492
0.125	1.311847
0.126	1.555976
0.127	1.603041
0.128	1.576282
0.129	1.670405
0.13	1.764229
0.131	1.717544
0.132	1.640775
0.133	1.644596
0.134	1.672968
0.135	1.625065
0.136	1.486483
0.137	1.309252
0.138	1.137064
0.139	1.02519
0.14	1.028912
0.141	1.090279
0.142	1.084732
0.143	1.028446
0.144	1.083751
0.145	1.303218
0.146	1.466901
0.147	1.381847
0.148	1.274889
0.149	1.422955
0.15	1.641998
0.151	1.672214
0.152	1.588538
0.153	1.542925
0.154	1.535788
0.155	1.525336
0.156	1.554147
0.157	1.647637
0.158	1.66954
0.159	1.509581
0.16	1.283365
0.161	1.113914
0.162	0.974418
0.163	0.880519
0.164	0.958676
0.165	1.220947
0.166	1.410653
0.167	1.307243
0.168	1.13059
0.169	1.187133
0.17	1.355736
0.171	1.422188
0.172	1.439287
0.173	1.488876
0.174	1.504738
0.175	1.396701
0.176	1.183939
0.177	0.964174
0.178	0.803153
0.179	0.734059
0.18	0.778584
0.181	0.870573
0.182	0.898433
0.183	0.888933
0.184	1.001106
0.185	1.27064
0.186	1.450948
0.187	1.328952
0.188	1.136544
0.189	1.188865
0.19	1.362493
0.191	1.430836
0.192	1.432575
0.193	1.44425
0.194	1.410231
0.195	1.274309
0.196	1.109277
0.197	1.031532
0.198	1.029586
0.199	1.027131
0.2	1.021147
0.201	0.998067
0.202	0.897351
0.203	0.75693
0.204	0.728723
0.205	0.887315
0.206	1.091661
0.207	1.193698
0.208	1.312748
0.209	1.540474
0.21	1.638472
0.211	1.460513
0.212	1.233989
0.213	1.185066
0.214	1.25766
0.215	1.257548
0.216	1.087541
0.217	0.79936
0.218	0.516252
0.219	0.393163
0.22	0.527688
0.221	0.799305
0.222	0.952513
0.223	0.911952
0.224	0.856483
0.225	0.928266
0.226	0.999424
0.227	0.924678
0.228	0.901931
0.229	1.122568
0.23	1.343397
0.231	1.327168
0.232	1.222223
0.233	1.218764
0.234	1.263713
0.235	1.197522
0.236	0.970041
0.237	0.668871
0.238	0.42187
0.239	0.355237
0.24	0.527633
0.241	0.798078
0.242	0.918524
0.243	0.839827
0.244	0.776196
0.245	0.909857
0.246	1.141546
0.247	1.290787
0.248	1.429863
0.249	1.639381
0.25	1.698484
0.251	1.476957
0.252	1.204792
0.253	1.096864
0.254	1.085288
0.255	0.986004
0.256	0.742538
0.257	0.457329
0.258	0.273459
0.259	0.307397
0.26	0.577029
0.261	0.896394
0.262	1.001282
0.263	0.856035
0.264	0.686968
0.265	0.649918
0.266	0.579085
0.267	0.290295
0.268	0.039843
0.269	0.161329
0.27	0.480002
0.271	0.685167
0.272	0.815584
0.273	1.007207
0.274	1.214463
0.275	1.342346
0.276	1.429255
0.277	1.51909
0.278	1.468715
0.279	1.217154
0.28	1.009666
0.281	0.985451
0.282	0.953434
0.283	0.785766
0.284	0.629858
0.285	0.617972
0.286	0.589789
0.287	0.362857
0.288	0.178933
0.289	0.344327
0.29	0.655178
0.291	0.795478
0.292	0.833502
0.293	0.939714
0.294	1.086037
0.295	1.197118
0.296	1.35025
0.297	1.600687
0.298	1.724207
0.299	1.543901
0.3	1.276168
0.301	1.117961
0.302	0.944997
0.303	0.673106
0.304	0.470872
0.305	0.471372
0.306	0.494131
0.307	0.31649
0.308	0.141771
0.309	0.274076
0.31	0.545942
0.311	0.67615
0.312	0.731485
0.313	0.855101
0.314	0.997978
0.315	1.084028
0.316	1.203276
0.317	1.424228
0.318	1.532901
0.319	1.362803
0.32	1.131059
0.321	1.017892
0.322	0.880369
0.323	0.631723
0.324	0.450973
0.325	0.473584
0.326	0.491346
0.327	0.234651
0.328	-0.084078
0.329	-0.049474
0.33	0.263221
0.331	0.518543
0.332	0.668611
0.333	0.815345
0.334	0.940945
0.335	1.023186
0.336	1.200124
0.337	1.539078
0.338	1.747119
0.339	1.576265
0.34	1.252862
0.341	1.024464
0.342	0.79707
0.343	0.502637
0.344	0.330932
0.345	0.438977
0.346	0.644705
0.347	0.650151
0.348	0.523895
0.349	0.516608
0.35	0.574809
0.351	0.56405
0.352	0.582677
0.353	0.715833
0.354	0.850408
0.355	0.872699
0.356	0.865146
0.357	0.940712
0.358	0.984306
0.359	0.882248
0.36	0.784708
0.361	0.778903
0.362	0.700268
0.363	0.490966
0.364	0.360701
0.365	0.46096
0.366	0.590164
0.367	0.484223
0.368	0.324583
0.369	0.406446
0.37	0.547385
0.371	0.493167
0.372	0.40931
0.373	0.530577
0.374	0.795155
0.375	1.009408
0.376	1.123483
0.377	1.161718
0.378	1.035498
0.379	0.766539
0.38	0.639777
0.381	0.748452
0.382	0.799192
0.383	0.601702
0.384	0.341594
0.385	0.248608
0.386	0.235834
0.387	0.119673
0.388	0.068124
0.389	0.284365
0.39	0.510503
0.391	0.483084
0.392	0.389284
0.393	0.481439
0.394	0.713023
0.395	0.917577
0.396	1.083668
0.397	1.238993
0.398	1.213588
0.399	0.934609
0.4	0.700384
0.401	0.697912
0.402	0.697744
0.403	0.510736
0.404	0.28954
0.405	0.219924
0.406	0.164411
0.407	-0.100015
0.408	-0.368737
0.409	-0.284582
0.41	0.039735
0.411	0.301167
0.412	0.495347
0.413	0.697618
0.414	0.808207
0.415	0.749776
0.416	0.681081
0.417	0.775859
0.418	0.887365
0.419	0.817255
0.42	0.692361
0.421	0.645499
0.422	0.549754
0.423	0.331937
0.424	0.159231
0.425	0.191001
0.426	0.31373
0.427	0.333313
0.428	0.358935
0.429	0.545256
0.43	0.679069
0.431	0.566939
0.432	0.409166
0.433	0.439277
0.434	0.596817
0.435	0.714049
0.436	0.797287
0.437	0.906803
0.438	0.893639
0.439	0.674408
0.44	0.514939
0.441	0.572584
0.442	0.606487
0.443	0.431175
0.444	0.21494
0.445	0.176283
0.446	0.218584
0.447	0.113837
0.448	-0.024701
0.449	0.065938
0.45	0.270226
0.451	0.340441
0.452	0.347152
0.453	0.455097
0.454	0.604169
0.455	0.64612
0.456	0.601145
0.457	0.56645
0.458	0.480129
0.459	0.319923
0.46	0.30335
0.461	0.492089
0.462	0.600338
0.463	0.451105
0.464	0.236876
0.465	0.195179
0.466	0.23605
0.467	0.124931
0.468	-0.030592
0.469	0.045713
0.47	0.255293
0.471	0.342441
0.472	0.352155
0.473	0.437418
0.474	0.557359
0.475	0.609129
0.476	0.662177
0.477	0.81181
0.478	0.899128
0.479	0.782903
0.48	0.659996
0.481	0.668497
0.482	0.611541
0.483	0.360992
0.484	0.112962
0.485	0.086059
0.486	0.168728
0.487	0.102776
0.488	-0.029779
0.489	0.032657
0.49	0.203719
0.491	0.258061
0.492	0.256219
0.493	0.343721
0.494	0.470185
0.495	0.528122
0.496	0.577483
0.497	0.6965
0.498	0.722131
0.499	0.5452
0.5	0.409964
0.501	0.469723
0.502	0.500085
0.503	0.334699
0.504	0.148439
0.505	0.150218
0.506	0.205187
0.507	0.018865
0.508	-0.307262
0.509	-0.386205
0.51	-0.190993
0.511	0.012455
0.512	0.159501
0.513	0.328407
0.514	0.483005
0.515	0.568234
0.516	0.69265
0.517	0.931012
0.518	1.041079
0.519	0.834602
0.52	0.575099
0.521	0.501753
0.522	0.449026
0.523	0.256693
0.524	0.079418
0.525	0.113617
0.526	0.239773
0.527	0.192013
0.528	0.047904
0.529	0.072896
0.53	0.191209
0.531	0.194625
0.532	0.158762
0.533	0.232084
0.534	0.358609
0.535	0.423308
0.536	0.478157
0.537	0.5991
0.538	0.625876
0.539	0.442824
0.54	0.287586
0.541	0.327691
0.542	0.360893
0.543	0.226262
0.544	0.085098
0.545	0.132573
0.546	0.238968
0.547	0.128863
0.548	-0.109606
0.549	-0.16678
0.55	-0.063128
0.551	0.009682
0.552	0.086439
0.553	0.25419
0.554	0.416805
0.555	0.442926
0.556	0.382618
0.557	0.354998
0.558	0.302557
0.559	0.171656
0.56	0.137993
0.561	0.273795
0.562	0.353687
0.563	0.240565
0.564	0.109639
0.565	0.153953
0.566	0.245473
0.567	0.126565
0.568	-0.095148
0.569	-0.116665
0.57	0.010986
0.571	0.073039
0.572	0.107544
0.573	0.223701
0.574	0.350147
0.575	0.378669
0.576	0.382736
0.577	0.473452
0.578	0.516927
0.579	0.379449
0.58	0.25172
0.581	0.286574
0.582	0.314083
0.583	0.199562
0.584	0.088064
0.585	0.133542
0.586	0.169643
0.587	-0.086938
0.588	-0.494813
0.589	-0.628646
0.59	-0.43668
0.591	-0.179669
0.592	0.049655
0.593	0.278533
0.594	0.421967
0.595	0.381708
0.596	0.241155
0.597	0.150143
0.598	0.071111
0.599	-0.04867
0.6	-0.045422
0.601	0.14162
0.602	0.279125
0.603	0.217152
0.604	0.12002
0.605	0.193957
0.606	0.346987
0.607	0.325447
0.608	0.165402
0.609	0.110039
0.61	0.152687
0.611	0.150629
0.612	0.151221
0.613	0.2346
0.614	0.309299
0.615	0.271416
0.616	0.219539
0.617	0.293509
0.618	0.365153
0.619	0.275847
0.62	0.186223
0.621	0.238542
0.622	0.268372
0.623	0.147997
0.624	0.03325
0.625	0.110578
0.626	0.271189
0.627	0.252315
0.628	0.092596
0.629	0.052107
0.63	0.131374
0.631	0.163065
0.632	0.162224
0.633	0.20331
0.634	0.223926
0.635	0.181158
0.636	0.252764
0.637	0.610367
0.638	1.013834
0.639	1.087126
0.64	0.877393
0.641	0.62441
0.642	0.343549
0.643	0.017746
0.644	-0.180499
0.645	-0.088175
0.646	0.181192
0.647	0.386214
0.648	0.533359
0.649	0.72319
0.65	0.785382
0.651	0.559812
0.652	0.225195
0.653	0.024265
0.654	-0.02017
0.655	0.024873
0.656	0.232956
0.657	0.693077
0.658	1.170804
0.659	1.308038
0.66	1.126503
0.661	0.853259
0.662	0.498012
0.663	0.019324
0.664	-0.399784
0.665	-0.52281
0.666	-0.355971
0.667	-0.05199
0.668	0.380907
0.669	0.875304
0.67	1.045972
0.671	0.670567
0.672	0.077976
0.673	-0.287002
0.674	-0.336758
0.675	-0.216908
0.676	0.044078
0.677	0.477192
0.678	0.856525
0.679	0.911002
0.68	0.7457
0.681	0.571949
0.682	0.332963
0.683	-0.04196
0.684	-0.370941
0.685	-0.441848
0.686	-0.320376
0.687	-0.20964
0.688	-0.066999
0.689	0.23205
0.69	0.469087
0.691	0.368678
0.692	0.062782
0.693	-0.148308
0.694	-0.205768
0.695	-0.220864
0.696	-0.191773
0.697	-0.053452
0.698	0.07083
0.699	0.053091
0.7	0.040545
0.701	0.139638
0.702	0.161226
0.703	-0.029736
0.704	-0.255293
0.705	-0.279763
0.706	-0.149145
0.707	-0.070587
0.708	-0.008638
0.709	0.189281
0.71	0.366624
0.711	0.289147
0.712	0.063308
0.713	-0.073206
0.714	-0.09952
0.715	-0.136325
0.716	-0.197832
0.717	-0.224571
0.718	-0.275227
0.719	-0.375591
0.72	-0.343869
0.721	-0.117284
0.722	0.054447
0.723	-0.00742
0.724	-0.137108
0.725	-0.083601
0.726	0.110609
0.727	0.178943
0.728	0.082334
0.729	0.044631
0.73	0.100587
0.731	0.083649
0.732	-0.004234
0.733	-0.034415
0.734	-0.012589
0.735	-0.033137
0.736	-0.08229
0.737	-0.094006
0.738	-0.134061
0.739	-0.240847
0.74	-0.243333
0.741	-0.071268
0.742	0.052255
0.743	-0.028855
0.744	-0.147142
0.745	-0.06526
0.746	0.156354
0.747	0.233611
0.748	0.119424
0.749	0.047754
0.75	0.073421
0.751	0.041848
0.752	-0.049442
0.753	-0.081179
0.754	-0.052258
0.755	-0.028544
0.756	0.030843
0.757	0.169808
0.758	0.226815
0.759	0.077477
0.76	-0.074577
0.761	-0.050187
0.762	-0.003914
0.763	-0.09331
0.764	-0.19157
0.765	-0.115694
0.766	0.026439
0.767	-0.042937
0.768	-0.279707
0.769	-0.363266
0.77	-0.252998
0.771	-0.164423
0.772	-0.140274
0.773	-0.089027
0.774	-0.021179
0.775	0.008716
0.776	0.05464
0.777	0.164803
0.778	0.184315
0.779	0.004796
0.78	-0.15492
0.781	-0.114687
0.782	-0.03922
0.783	-0.09759
0.784	-0.173631
0.785	-0.091229
0.786	0.044291
0.787	-0.029213
0.788	-0.244752
0.789	-0.273121
0.79	-0.101172
0.791	0.003641
0.792	-0.02584
0.793	-0.065547
0.794	-0.073757
0.795	-0.079627
0.796	-0.031794
0.797	0.108192
0.798	0.174439
0.799	0.038873
0.8	-0.104927
0.801	-0.08691
0.802	-0.054899
0.803	-0.15141
0.804	-0.240344
0.805	-0.125184
0.806	0.108237
0.807	0.170391
0.808	0.024926
0.809	-0.071497
0.81	-0.036871
0.811	-0.021444
0.812	-0.062136
0.813	-0.079872
0.814	-0.088491
0.815	-0.165015
0.816	-0.293867
0.817	-0.393651
0.818	-0.464546
0.819	-0.511724
0.82	-0.428269
0.821	-0.209001
0.822	-0.064372
0.823	-0.115323
0.824	-0.19416
0.825	-0.091371
0.826	0.096291
0.827	0.058427
0.828	-0.219096
0.829	-0.380862
0.83	-0.274837
0.831	-0.118294
0.832	-0.064859
0.833	-0.073921
0.834	-0.110243
0.835	-0.156645
0.836	-0.114071
0.837	0.069899
0.838	0.204575
0.839	0.118456
0.84	-0.023316
0.841	-0.044096
0.842	-0.060243
0.843	-0.185728
0.844	-0.276817
0.845	-0.152959
0.846	0.062423
0.847	0.030442
0.848	-0.286778
0.849	-0.521972
0.85	-0.465811
0.851	-0.280883
0.852	-0.128716
0.853	-0.036658
0.854	-0.041967
0.855	-0.18273
0.856	-0.405429
0.857	-0.607289
0.858	-0.751598
0.859	-0.801877
0.86	-0.632158
0.861	-0.253598
0.862	0.043132
0.863	0.030508
0.864	-0.155305
0.865	-0.24057
0.866	-0.225259
0.867	-0.353847
0.868	-0.619756
0.869	-0.676224
0.87	-0.435439
0.871	-0.214902
0.872	-0.180508
0.873	-0.19405
0.874	-0.146022
0.875	-0.064578
0.876	0.008356
0.877	0.026184
0.878	-0.107958
0.879	-0.351696
0.88	-0.431201
0.881	-0.232026
0.882	-0.022389
0.883	-0.054802
0.884	-0.218686
0.885	-0.252055
0.886	-0.147355
0.887	-0.136987
0.888	-0.247062
0.889	-0.23289
0.89	-0.074012
0.891	-0.020864
0.892	-0.126835
0.893	-0.213911
0.894	-0.201846
0.895	-0.179819
0.896	-0.250999
0.897	-0.441327
0.898	-0.697426
0.899	-0.863862
0.9	-0.752237
0.901	-0.393186
0.902	-0.093959
0.903	-0.076887
0.904	-0.203357
0.905	-0.202522
0.906	-0.077808
0.907	-0.085462
0.908	-0.26514
0.909	-0.348001
0.91	-0.25562
0.911	-0.193014
0.912	-0.224661
0.913	-0.226179
0.914	-0.158936
0.915	-0.11755
0.916	-0.196416
0.917	-0.416358
0.918	-0.715087
0.919	-0.920047
0.92	-0.827125
0.921	-0.461471
0.922	-0.133853
0.923	-0.073238
0.924	-0.152769
0.925	-0.124874
0.926	-0.028906
0.927	-0.152897
0.928	-0.50588
0.929	-0.700254
0.93	-0.569432
0.931	-0.371715
0.932	-0.283702
0.933	-0.229742
0.934	-0.14229
0.935	-0.041462
0.936	0.052085
0.937	0.095159
0.938	-0.024136
0.939	-0.290983
0.94	-0.441708
0.941	-0.32335
0.942	-0.145848
0.943	-0.136904
0.944	-0.210644
0.945	-0.163394
0.946	-0.062422
0.947	-0.206123
0.948	-0.59932
0.949	-0.835311
0.95	-0.71644
0.951	-0.479531
0.952	-0.314105
0.953	-0.185534
0.954	-0.072785
0.955	-0.043225
0.956	-0.153322
0.957	-0.391034
0.958	-0.680617
0.959	-0.87188
0.96	-0.791652
0.961	-0.459077
0.962	-0.150565
0.963	-0.079051
0.964	-0.136488
0.965	-0.104095
0.966	-0.034439
0.967	-0.204946
0.968	-0.595685
0.969	-0.786832
0.97	-0.599531
0.971	-0.321769
0.972	-0.180154
0.973	-0.120561
0.974	-0.070654
0.975	-0.05667
0.976	-0.112349
0.977	-0.241734
0.978	-0.446038
0.979	-0.642799
0.98	-0.637684
0.981	-0.386774
0.982	-0.133445
0.983	-0.088116
0.984	-0.147557
0.985	-0.09133
0.986	0.026738
0.987	-0.116776
0.988	-0.576604
0.989	-0.905046
0.99	-0.788526
0.991	-0.460478
0.992	-0.216378
0.993	-0.078623
0.994	-0.011543
0.995	-0.053217
0.996	-0.230719
0.997	-0.497701
0.998	-0.757328
0.999	-0.879341
1.0	-0.739859
1.001	-0.388796
1.002	-0.094886
1.003	-0.050833
1.004	-0.131493
1.005	-0.090871
1.006	0.054479
1.007	0.014978
1.008	-0.289309
1.009	-0.518866
1.01	-0.44513
1.011	-0.256741
1.012	-0.147619
1.013	-0.095375
1.014	-0.061758
1.015	-0.062646
1.016	-0.081383
1.017	-0.097072
1.018	-0.1724
1.019	-0.312614
1.02	-0.338876
1.021	-0.172086
1.022	-0.0233
1.023	-0.074476
1.024	-0.200036
1.025	-0.164164
1.026	0.004972
1.027	0.010192
1.028	-0.238946
1.029	-0.42262
1.03	-0.336207
1.031	-0.177806
1.032	-0.126053
1.033	-0.132879
1.034	-0.136953
1.035	-0.126863
1.036	-0.052135
1.037	0.103421
1.038	0.185175
1.039	0.077541
1.04	-0.050909
1.041	-0.041519
1.042	-0.026905
1.043	-0.153769
1.044	-0.297978
1.045	-0.243597
1.046	-0.043741
1.047	-0.020171
1.048	-0.278311
1.049	-0.489809
1.05	-0.421123
1.051	-0.250721
1.052	-0.169056
1.053	-0.154606
1.054	-0.158246
1.055	-0.155231
1.056	-0.058328
1.057	0.187496
1.058	0.4126
1.059	0.401226
1.06	0.233208
1.061	0.103836
1.062	-0.014943
1.063	-0.212439
1.064	-0.365914
1.065	-0.276085
1.066	0.003554
1.067	0.166817
1.068	0.085424
1.069	-0.020876
1.07	-0.024506
1.071	-0.081031
1.072	-0.251876
1.073	-0.375534
1.074	-0.334762
1.075	-0.172121
1.076	0.033588
1.077	0.213062
1.078	0.231554
1.079	0.033665
1.08	-0.155076
1.081	-0.116703
1.082	-0.00205
1.083	-0.070656
1.084	-0.276745
1.085	-0.377077
1.086	-0.327729
1.087	-0.340117
1.088	-0.465109
1.089	-0.449393
1.09	-0.23823
1.091	-0.125681
1.092	-0.223913
1.093	-0.321591
1.094	-0.268879
1.095	-0.114333
1.096	0.06555
1.097	0.220947
1.098	0.233892
1.099	0.041745
1.1	-0.151515
1.101	-0.131271
1.102	-0.027861
1.103	-0.081526
1.104	-0.251928
1.105	-0.324211
1.106	-0.282686
1.107	-0.343977
1.108	-0.531204
1.109	-0.543798
1.11	-0.293749
1.111	-0.086414
1.112	-0.093337
1.113	-0.17091
1.114	-0.189946
1.115	-0.156591
1.116	-0.069459
1.117	0.08889
1.118	0.205601
1.119	0.140833
1.12	-0.004799
1.121	-0.047076
1.122	-0.048994
1.123	-0.165265
1.124	-0.315994
1.125	-0.276871
1.126	-0.022629
1.127	0.201284
1.128	0.235552
1.129	0.219674
1.13	0.246224
1.131	0.171893
1.132	-0.040309
1.133	-0.219233
1.134	-0.272294
1.135	-0.265114
1.136	-0.251202
1.137	-0.213995
1.138	-0.188161
1.139	-0.244344
1.14	-0.306209
1.141	-0.248417
1.142	-0.157895
1.143	-0.193185
1.144	-0.281769
1.145	-0.210506
1.146	0.039203
1.147	0.22923
1.148	0.224969
1.149	0.192359
1.15	0.228527
1.151	0.173733
1.152	-0.025833
1.153	-0.204427
1.154	-0.265921
1.155	-0.270852
1.156	-0.269909
1.157	-0.240417
1.158	-0.207082
1.159	-0.242799
1.16	-0.290067
1.161	-0.237298
1.162	-0.162109
1.163	-0.201704
1.164	-0.278134
1.165	-0.194571
1.166	0.052417
1.167	0.229503
1.168	0.219698
1.169	0.19464
1.17	0.239382
1.171	0.186709
1.172	-0.01033
1.173	-0.18136
1.174	-0.2442
1.175	-0.296687
1.176	-0.436525
1.177	-0.637568
1.178	-0.806755
1.179	-0.864156
1.18	-0.742396
1.181	-0.465318
1.182	-0.222685
1.183	-0.170485
1.184	-0.211632
1.185	-0.133379
1.186	0.078825
1.187	0.206347
1.188	0.154242
1.189	0.119081
1.19	0.198105
1.191	0.202617
1.192	0.043367
1.193	-0.12976
1.194	-0.216648
1.195	-0.269514
1.196	-0.32837
1.197	-0.347233
1.198	-0.321122
1.199	-0.317964
1.2	-0.312867
1.201	-0.228296
1.202	-0.140904
1.203	-0.170907
1.204	-0.241831
1.205	-0.171853
1.206	0.038813
1.207	0.176258
1.208	0.152852
1.209	0.158063
1.21	0.269224
1.211	0.279279
1.212	0.096771
1.213	-0.114611
1.214	-0.240008
1.215	-0.323346
1.216	-0.396306
1.217	-0.401825
1.218	-0.335387
1.219	-0.289664
1.22	-0.269013
1.221	-0.197663
1.222	-0.130141
1.223	-0.169341
1.224	-0.239223
1.225	-0.175079
1.226	-0.011088
1.227	-0.001422
1.228	-0.221198
1.229	-0.36281
1.23	-0.226522
1.231	-0.037522
1.232	-0.006907
1.233	-0.069788
1.234	-0.140961
1.235	-0.236043
1.236	-0.338874
1.237	-0.360052
1.238	-0.290484
1.239	-0.236743
1.24	-0.2167
1.241	-0.159188
1.242	-0.115857
1.243	-0.180682
1.244	-0.259247
1.245	-0.147624
1.246	0.179407
1.247	0.482809
1.248	0.565974
1.249	0.537973
1.25	0.52725
1.251	0.422954
1.252	0.16769
1.253	-0.092718
1.254	-0.26231
1.255	-0.381243
1.256	-0.463374
1.257	-0.44105
1.258	-0.323699
1.259	-0.237333
1.26	-0.212064
1.261	-0.171949
1.262	-0.150075
1.263	-0.221295
1.264	-0.283507
1.265	-0.147707
1.266	0.165449
1.267	0.355779
1.268	0.226068
1.269	0.011174
1.27	-0.012999
1.271	0.045508
1.272	0.00924
1.273	-0.08524
1.274	-0.178666
1.275	-0.289933
1.276	-0.394912
1.277	-0.402916
1.278	-0.3138
1.279	-0.240599
1.28	-0.195638
1.281	-0.095376
1.282	-0.000154
1.283	-0.051595
1.284	-0.200687
1.285	-0.235325
1.286	-0.078855
1.287	0.083175
1.288	0.104948
1.289	0.138538
1.29	0.273474
1.291	0.272001
1.292	0.019847
1.293	-0.24686
1.294	-0.325142
1.295	-0.248578
1.296	-0.105207
1.297	0.079599
1.298	0.219073
1.299	0.163754
1.3	-0.024768
1.301	-0.112427
1.302	-0.086942
1.303	-0.128457
1.304	-0.243634
1.305	-0.266174
1.306	-0.168935
1.307	-0.142787
1.308	-0.250401
1.309	-0.252749
1.31	-0.06339
1.311	0.040485
1.312	-0.078474
1.313	-0.219536
1.314	-0.228608
1.315	-0.186221
1.316	-0.231532
1.317	-0.397865
1.318	-0.626923
1.319	-0.813023
1.32	-0.802312
1.321	-0.541758
1.322	-0.234948
1.323	-0.120145
1.324	-0.1553
1.325	-0.111399
1.326	0.076145
1.327	0.191461
1.328	0.085581
1.329	-0.036823
1.33	0.002812
1.331	0.033056
1.332	-0.078396
1.333	-0.1918
1.334	-0.198202
1.335	-0.167467
1.336	-0.175216
1.337	-0.179377
1.338	-0.144698
1.339	-0.156143
1.34	-0.224797
1.341	-0.218622
1.342	-0.145107
1.343	-0.14842
1.344	-0.2062
1.345	-0.143318
1.346	0.067294
1.347	0.204136
1.348	0.129731
1.349	0.049805
1.35	0.123177
1.351	0.155047
1.352	0.010662
1.353	-0.149661
1.354	-0.199023
1.355	-0.213832
1.356	-0.297247
1.357	-0.430381
1.358	-0.548607
1.359	-0.63863
1.36	-0.642347
1.361	-0.476757
1.362	-0.246136
1.363	-0.144648
1.364	-0.152879
1.365	-0.080078
1.366	0.115304
1.367	0.215684
1.368	0.083571
1.369	-0.059009
1.37	-0.012296
1.371	0.059595
1.372	0.003887
1.373	-0.071484
1.374	-0.08249
1.375	-0.119923
1.376	-0.286583
1.377	-0.556785
1.378	-0.820131
1.379	-0.965076
1.38	-0.883631
1.381	-0.570241
1.382	-0.233746
1.383	-0.0937
1.384	-0.102089
1.385	-0.037505
1.386	0.159846
1.387	0.278424
1.388	0.176189
1.389	0.064869
1.39	0.130527
1.391	0.194522
1.392	0.100115
1.393	-0.034918
1.394	-0.109179
1.395	-0.182808
1.396	-0.303036
1.397	-0.387142
1.398	-0.370328
1.399	-0.342047
1.4	-0.345124
1.401	-0.277578
1.402	-0.157008
1.403	-0.124673
1.404	-0.154058
1.405	-0.072876
1.406	0.12178
1.407	0.161169
1.408	-0.101717
1.409	-0.35407
1.41	-0.292538
1.411	-0.096869
1.412	-0.015875
1.413	-0.016574
1.414	-0.034085
1.415	-0.115179
1.416	-0.268013
1.417	-0.375919
1.418	-0.36108
1.419	-0.320143
1.42	-0.312362
1.421	-0.248429
1.422	-0.144295
1.423	-0.126416
1.424	-0.153695
1.425	-0.049384
1.426	0.184511
1.427	0.269299
1.428	0.050915
1.429	-0.156948
1.43	-0.05952
1.431	0.131889
1.432	0.147987
1.433	0.048349
1.434	-0.055091
1.435	-0.186766
1.436	-0.357577
1.437	-0.457279
1.438	-0.4122
1.439	-0.3297
1.44	-0.291426
1.441	-0.226396
1.442	-0.14948
1.443	-0.179386
1.444	-0.278751
1.445	-0.272751
1.446	-0.12725
1.447	-0.044171
1.448	-0.130771
1.449	-0.140802
1.45	0.06834
1.451	0.197777
1.452	0.054425
1.453	-0.133111
1.454	-0.154097
1.455	-0.092628
1.456	-0.135514
1.457	-0.353406
1.458	-0.685522
1.459	-0.976459
1.46	-0.99995
1.461	-0.668199
1.462	-0.230784
1.463	-0.020444
1.464	-0.051871
1.465	-0.076532
1.466	0.022249
1.467	0.062244
1.468	-0.081007
1.469	-0.161849
1.47	-0.008012
1.471	0.114177
1.472	0.010124
1.473	-0.13273
1.474	-0.142146
1.475	-0.084724
1.476	-0.057312
1.477	-0.020215
1.478	0.05174
1.479	0.028168
1.48	-0.112635
1.481	-0.168267
1.482	-0.099068
1.483	-0.092767
1.484	-0.177015
1.485	-0.1634
1.486	0.023749
1.487	0.19097
1.488	0.181906
1.489	0.151712
1.49	0.219068
1.491	0.199066
1.492	0.012648
1.493	-0.132095
1.494	-0.115839
1.495	-0.071144
1.496	-0.157356
1.497	-0.37117
1.498	-0.616271
1.499	-0.815892
1.5	-0.847016
1.501	-0.607252
1.502	-0.254636
1.503	-0.066463
1.504	-0.061586
1.505	-0.029498
1.506	0.101244
1.507	0.116515
1.508	-0.108004
1.509	-0.287204
1.51	-0.186734
1.511	-0.026194
1.512	-0.009938
1.513	-0.015842
1.514	0.051658
1.515	0.062248
1.516	-0.13978
1.517	-0.538047
1.518	-0.970697
1.519	-1.241461
1.52	-1.172801
1.521	-0.753437
1.522	-0.265276
1.523	-0.023278
1.524	-0.011497
1.525	0.048025
1.526	0.303446
1.527	0.561868
1.528	0.583755
1.529	0.472753
1.53	0.419766
1.531	0.330356
1.532	0.124823
1.533	-0.039127
1.534	-0.066465
1.535	-0.037266
1.536	0.032442
1.537	0.269732
1.538	0.633303
1.539	0.776803
1.54	0.565363
1.541	0.310581
1.542	0.196039
1.543	0.068928
1.544	-0.123738
1.545	-0.212538
1.546	-0.125037
1.547	-0.053209
1.548	-0.130451
1.549	-0.145627
1.55	0.028741
1.551	0.118957
1.552	-0.028142
1.553	-0.180084
1.554	-0.156913
1.555	-0.033514
1.556	0.132745
1.557	0.462346
1.558	0.943232
1.559	1.199353
1.56	1.00293
1.561	0.62934
1.562	0.321197
1.563	0.008751
1.564	-0.308608
1.565	-0.44075
1.566	-0.298764
1.567	-0.052257
1.568	0.135949
1.569	0.339911
1.57	0.545325
1.571	0.479761
1.572	0.101425
1.573	-0.253269
1.574	-0.35928
1.575	-0.295619
1.576	-0.12356
1.577	0.308823
1.578	1.003109
1.579	1.492364
1.58	1.403267
1.581	0.960228
1.582	0.478619
1.583	-0.00763
1.584	-0.437407
1.585	-0.620399
1.586	-0.517823
1.587	-0.362032
1.588	-0.3196
1.589	-0.215228
1.59	0.044633
1.591	0.16398
1.592	-0.012982
1.593	-0.23175
1.594	-0.294346
1.595	-0.294798
1.596	-0.325512
1.597	-0.240673
1.598	0.081105
1.599	0.400259
1.6	0.460729
1.601	0.371989
1.602	0.252131
1.603	0.021466
1.604	-0.274802
1.605	-0.42055
1.606	-0.365783
1.607	-0.362565
1.608	-0.562289
1.609	-0.66378
1.61	-0.423954
1.611	-0.131365
1.612	-0.068516
1.613	-0.110273
1.614	-0.105299
1.615	-0.102409
1.616	-0.11493
1.617	0.020895
1.618	0.348505
1.619	0.567904
1.62	0.486121
1.621	0.315491
1.622	0.202492
1.623	0.032166
1.624	-0.198434
1.625	-0.315908
1.626	-0.305401
1.627	-0.424228
1.628	-0.751279
1.629	-0.86815
1.63	-0.526815
1.631	-0.150396
1.632	-0.097089
1.633	-0.16406
1.634	-0.102043
1.635	0.026127
1.636	0.077799
1.637	0.076584
1.638	0.072897
1.639	-0.024827
1.64	-0.174108
1.641	-0.118946
1.642	0.121819
1.643	0.211402
1.644	0.030933
1.645	-0.20218
1.646	-0.339762
1.647	-0.533772
1.648	-0.860102
1.649	-0.960729
1.65	-0.60965
1.651	-0.197482
1.652	-0.071964
1.653	-0.073963
1.654	0.003987
1.655	0.107243
1.656	0.131417
1.657	0.124725
1.658	0.135882
1.659	0.059204
1.66	-0.082274
1.661	-0.049248
1.662	0.147808
1.663	0.20761
1.664	0.045248
1.665	-0.108321
1.666	-0.11416
1.667	-0.184848
1.668	-0.512422
1.669	-0.786231
1.67	-0.660138
1.671	-0.361133
1.672	-0.201071
1.673	-0.10947
1.674	0.028534
1.675	0.147217
1.676	0.198175
1.677	0.280608
1.678	0.418082
1.679	0.39469
1.68	0.158172
1.681	0.017224
1.682	0.084328
1.683	0.096464
1.684	-0.061791
1.685	-0.157211
1.686	0.05023
1.687	0.499268
1.688	0.880832
1.689	0.90708
1.69	0.53585
1.691	0.026666
1.692	-0.25328
1.693	-0.146664
1.694	0.177908
1.695	0.393438
1.696	0.251829
1.697	-0.303692
1.698	-1.134388
1.699	-1.881881
1.7	-2.056337
1.701	-1.461502
1.702	-0.512034
1.703	0.159753
1.704	0.359411
1.705	0.41229
1.706	0.688451
1.707	1.165509
1.708	1.445487
1.709	1.176695
1.71	0.451167
1.711	-0.234608
1.712	-0.426911
1.713	-0.097477
1.714	0.409607
1.715	0.716739
1.716	0.671317
1.717	0.357105
1.718	-0.101756
1.719	-0.629471
1.72	-0.982082
1.721	-0.825258
1.722	-0.248349
1.723	0.272734
1.724	0.484407
1.725	0.525032
1.726	0.512361
1.727	0.241219
1.728	-0.416118
1.729	-0.982696
1.73	-0.951727
1.731	-0.537774
1.732	-0.157858
1.733	0.139329
1.734	0.390817
1.735	0.514871
1.736	0.497896
1.737	0.505739
1.738	0.616882
1.739	0.591643
1.74	0.317335
1.741	0.113232
1.742	0.155422
1.743	0.209932
1.744	0.128969
1.745	0.067449
1.746	0.152391
1.747	0.212396
1.748	0.070005
1.749	-0.042491
1.75	0.110182
1.751	0.273903
1.752	0.203014
1.753	0.06387
1.754	0.034312
1.755	0.051747
1.756	0.068594
1.757	0.260379
1.758	0.718139
1.759	1.083729
1.76	1.021561
1.761	0.73159
1.762	0.470077
1.763	0.175804
1.764	-0.166066
1.765	-0.351976
1.766	-0.260062
1.767	-0.076561
1.768	-0.002411
1.769	0.128284
1.77	0.438107
1.771	0.580283
1.772	0.323622
1.773	-0.046908
1.774	-0.240424
1.775	-0.292639
1.776	-0.281795
1.777	-0.056952
1.778	0.468486
1.779	0.926043
1.78	0.953371
1.781	0.721019
1.782	0.468291
1.783	0.141216
1.784	-0.246021
1.785	-0.466401
1.786	-0.41036
1.787	-0.312262
1.788	-0.395005
1.789	-0.415588
1.79	-0.133958
1.791	0.131243
1.792	0.077584
1.793	-0.10538
1.794	-0.188118
1.795	-0.216419
1.796	-0.259481
1.797	-0.169569
1.798	0.156982
1.799	0.443565
1.8	0.440723
1.801	0.332969
1.802	0.27414
1.803	0.11964
1.804	-0.157034
1.805	-0.321702
1.806	-0.242453
1.807	-0.153631
1.808	-0.303327
1.809	-0.452907
1.81	-0.303926
1.811	-0.083294
1.812	-0.058062
1.813	-0.102339
1.814	-0.078723
1.815	-0.068442
1.816	-0.120813
1.817	-0.060932
1.818	0.224634
1.819	0.460606
1.82	0.406722
1.821	0.268459
1.822	0.219589
1.823	0.116101
1.824	-0.088766
1.825	-0.192073
1.826	-0.105148
1.827	-0.115103
1.828	-0.474329
1.829	-0.832902
1.83	-0.745467
1.831	-0.410304
1.832	-0.186586
1.833	-0.05574
1.834	0.062897
1.835	0.0903
1.836	0.007292
1.837	0.009191
1.838	0.218768
1.839	0.382771
1.84	0.292944
1.841	0.165762
1.842	0.156721
1.843	0.100277
1.844	-0.056341
1.845	-0.103832
1.846	0.063442
1.847	0.183034
1.848	-0.002676
1.849	-0.221233
1.85	-0.135105
1.851	0.012928
1.852	-0.065459
1.853	-0.185331
1.854	-0.122323
1.855	0.045498
1.856	0.173928
1.857	0.305928
1.858	0.478024
1.859	0.477812
1.86	0.234056
1.861	0.075281
1.862	0.137802
1.863	0.123929
1.864	-0.114371
1.865	-0.284283
1.866	-0.012612
1.867	0.714978
1.868	1.485087
1.869	1.781357
1.87	1.399778
1.871	0.607522
1.872	-0.081593
1.873	-0.316064
1.874	-0.143078
1.875	0.120202
1.876	0.235411
1.877	0.240349
1.878	0.22823
1.879	0.099151
1.88	-0.136019
1.881	-0.176749
1.882	0.04014
1.883	0.185683
1.884	0.089872
1.885	-0.052991
1.886	-0.079066
1.887	-0.168527
1.888	-0.482925
1.889	-0.677006
1.89	-0.442815
1.891	-0.124117
1.892	-0.067928
1.893	-0.099384
1.894	-0.004319
1.895	0.129953
1.896	0.156765
1.897	0.129656
1.898	0.140863
1.899	0.073426
1.9	-0.103222
1.901	-0.12709
1.902	0.062469
1.903	0.165916
1.904	0.04343
1.905	-0.099989
1.906	-0.109736
1.907	-0.188237
1.908	-0.521241
1.909	-0.767228
1.91	-0.581352
1.911	-0.258265
1.912	-0.140886
1.913	-0.098173
1.914	0.040043
1.915	0.172118
1.916	0.161127
1.917	0.080365
1.918	0.044321
1.919	-0.045521
1.92	-0.212054
1.921	-0.199606
1.922	0.036166
1.923	0.178714
1.924	0.079843
1.925	-0.052671
1.926	-0.058628
1.927	-0.142045
1.928	-0.498077
1.929	-0.783613
1.93	-0.624675
1.931	-0.288867
1.932	-0.131198
1.933	-0.056676
1.934	0.082281
1.935	0.19518
1.936	0.190944
1.937	0.200287
1.938	0.341433
1.939	0.412953
1.94	0.266566
1.941	0.149468
1.942	0.202136
1.943	0.198627
1.944	0.025449
1.945	-0.118227
1.946	-0.097935
1.947	-0.146413
1.948	-0.489262
1.949	-0.80186
1.95	-0.692869
1.951	-0.384683
1.952	-0.205374
1.953	-0.08008
1.954	0.097619
1.955	0.213097
1.956	0.167975
1.957	0.087135
1.958	0.106685
1.959	0.094925
1.96	-0.041178
1.961	-0.091216
1.962	0.023569
1.963	0.078333
1.964	-0.010996
1.965	-0.047337
1.966	0.067411
1.967	0.053817
1.968	-0.337482
1.969	-0.756597
1.97	-0.750216
1.971	-0.481281
1.972	-0.262574
1.973	-0.061508
1.974	0.165858
1.975	0.259378
1.976	0.085997
1.977	-0.251431
1.978	-0.549194
1.979	-0.745542
1.98	-0.795686
1.981	-0.570985
1.982	-0.167356
1.983	0.091218
1.984	0.104864
1.985	0.103349
1.986	0.245251
1.987	0.312938
1.988	0.067069
1.989	-0.222461
1.99	-0.19826
1.991	-0.033796
1.992	0.017554
1.993	0.050432
1.994	0.146336
1.995	0.16996
1.996	0.032307
1.997	-0.103378
1.998	-0.061775
1.999	0.015338
2.0	-0.032447
2.001	-0.049905
2.002	0.048099
2.003	0.072012
2.004	-0.036428
2.005	-0.056589
2.006	0.153076
2.007	0.366298
2.008	0.302225
2.009	0.129294
2.01	0.136006
2.011	0.192936
2.012	0.125999
2.013	0.06204
2.014	0.084519
2.015	0.056638
2.016	-0.107957
2.017	-0.235172
2.018	-0.140672
2.019	0.027336
2.02	0.085856
2.021	0.159383
2.022	0.300651
2.023	0.286675
2.024	0.039035
2.025	-0.194818
2.026	-0.184918
2.027	-0.033713
2.028	0.068573
2.029	0.243275
2.03	0.557672
2.031	0.647469
2.032	0.324207
2.033	-0.061474
2.034	-0.186654
2.035	-0.120881
2.036	-0.038991
2.037	0.099903
2.038	0.358238
2.039	0.504804
2.04	0.378417
2.041	0.232476
2.042	0.228376
2.043	0.153708
2.044	-0.098534
2.045	-0.298304
2.046	-0.236613
2.047	-0.055999
2.048	0.008169
2.049	0.070267
2.05	0.263446
2.051	0.320419
2.052	0.083489
2.053	-0.161746
2.054	-0.17893
2.055	-0.072446
2.056	2.3e-05
2.057	0.108722
2.058	0.333676
2.059	0.450388
2.06	0.300719
2.061	0.144547
2.062	0.152048
2.063	0.113328
2.064	-0.085683
2.065	-0.235951
2.066	-0.170299
2.067	-0.079943
2.068	-0.191069
2.069	-0.272109
2.07	-0.070281
2.071	0.124079
2.072	0.038724
2.073	-0.110719
2.074	-0.091163
2.075	0.006723
2.076	0.022447
2.077	0.01134
2.078	0.076505
2.079	0.083583
2.08	-0.053847
2.081	-0.106907
2.082	0.018426
2.083	0.071841
2.084	-0.064323
2.085	-0.166595
2.086	-0.040998
2.087	0.14673
2.088	0.149971
2.089	0.108913
2.09	0.213007
2.091	0.242203
2.092	0.042743
2.093	-0.137621
2.094	-0.108507
2.095	0.002453
2.096	0.040397
2.097	0.094343
2.098	0.271861
2.099	0.367338
2.1	0.216756
2.101	0.064259
2.102	0.077981
2.103	0.059382
2.104	-0.098853
2.105	-0.191567
2.106	-0.050962
2.107	0.142052
2.108	0.143631
2.109	0.10531
2.11	0.220647
2.111	0.263783
2.112	0.070803
2.113	-0.117798
2.114	-0.109771
2.115	-0.026118
2.116	-0.015528
2.117	0.024095
2.118	0.221115
2.119	0.373769
2.12	0.285602
2.121	0.156575
2.122	0.144662
2.123	0.082563
2.124	-0.104962
2.125	-0.214884
2.126	-0.11448
2.127	-0.024321
2.128	-0.175101
2.129	-0.319429
2.13	-0.177477
2.131	0.000569
2.132	-0.034809
2.133	-0.103836
2.134	-0.039261
2.135	0.034889
2.136	-0.026253
2.137	-0.116184
2.138	-0.068379
2.139	0.004876
2.14	-0.036081
2.141	-0.039754
2.142	0.069112
2.143	0.087611
2.144	-0.058522
2.145	-0.155386
2.146	-0.059145
2.147	0.015045
2.148	-0.164547
2.149	-0.343597
2.15	-0.214008
2.151	-0.006495
2.152	0.006177
2.153	-0.037532
2.154	0.012806
2.155	0.053476
2.156	-0.013106
2.157	-0.032947
2.158	0.152847
2.159	0.337107
2.16	0.288819
2.161	0.17921
2.162	0.167184
2.163	0.10145
2.164	-0.084485
2.165	-0.187257
2.166	-0.074579
2.167	0.033851
2.168	-0.094908
2.169	-0.214594
2.17	-0.040839
2.171	0.166466
2.172	0.130962
2.173	0.019173
2.174	0.009459
2.175	-0.002768
2.176	-0.150889
2.177	-0.32783
2.178	-0.350253
2.179	-0.278358
2.18	-0.229604
2.181	-0.117127
2.182	0.059534
2.183	0.093421
2.184	-0.050803
2.185	-0.130398
2.186	-0.004307
2.187	0.074194
2.188	-0.180571
2.189	-0.510135
2.19	-0.495643
2.191	-0.26203
2.192	-0.113711
2.193	-0.026856
2.194	0.07704
2.195	0.089181
2.196	-0.07787
2.197	-0.278539
2.198	-0.322665
2.199	-0.276753
2.2	-0.251901
2.201	-0.148202
2.202	0.034382
2.203	0.069002
2.204	-0.110869
2.205	-0.274208
2.206	-0.221992
2.207	-0.073797
2.208	-0.023668
2.209	0.061682
2.21	0.297422
2.211	0.38257
2.212	0.142892
2.213	-0.121293
2.214	-0.141835
2.215	-0.003188
2.216	0.124708
2.217	0.275169
2.218	0.495891
2.219	0.559899
2.22	0.339952
2.221	0.142692
2.222	0.16354
2.223	0.164404
2.224	-0.023203
2.225	-0.206072
2.226	-0.175768
2.227	-0.075385
2.228	-0.156939
2.229	-0.280041
2.23	-0.194285
2.231	-0.072414
2.232	-0.129641
2.233	-0.204585
2.234	-0.11367
2.235	0.049752
2.236	0.129989
2.237	0.166128
2.238	0.233982
2.239	0.192768
2.24	-0.013881
2.241	-0.108105
2.242	0.029644
2.243	0.121403
2.244	-0.00274
2.245	-0.142137
2.246	-0.087706
2.247	0.012297
2.248	-0.092256
2.249	-0.241481
2.25	-0.161078
2.251	-0.023291
2.252	-0.066778
2.253	-0.147551
2.254	-0.077559
2.255	0.062432
2.256	0.121736
2.257	0.136952
2.258	0.182768
2.259	0.121766
2.26	-0.096919
2.261	-0.189714
2.262	-0.034619
2.263	0.088169
2.264	0.001818
2.265	-0.104576
2.266	-0.034608
2.267	0.053756
2.268	-0.091523
2.269	-0.300848
2.27	-0.275174
2.271	-0.150826
2.272	-0.150484
2.273	-0.159552
2.274	-0.036631
2.275	0.116447
2.276	0.157005
2.277	0.140445
2.278	0.159445
2.279	0.085168
2.28	-0.136507
2.281	-0.22695
2.282	-0.06088
2.283	0.08825
2.284	0.039272
2.285	-0.03709
2.286	0.0307
2.287	0.055933
2.288	-0.233187
2.289	-0.626666
2.29	-0.699398
2.291	-0.495265
2.292	-0.303068
2.293	-0.146441
2.294	0.049258
2.295	0.195996
2.296	0.193015
2.297	0.137433
2.298	0.154937
2.299	0.12751
2.3	-0.026738
2.301	-0.081179
2.302	0.062356
2.303	0.152813
2.304	0.047174
2.305	-0.065677
2.306	-0.006493
2.307	0.061832
2.308	-0.100981
2.309	-0.312363
2.31	-0.269668
2.311	-0.114041
2.312	-0.080609
2.313	-0.074056
2.314	0.029783
2.315	0.129589
2.316	0.1064
2.317	0.053735
2.318	0.097743
2.319	0.105511
2.32	-0.031096
2.321	-0.091965
2.322	0.042117
2.323	0.138356
2.324	0.051749
2.325	-0.041141
2.326	0.020071
2.327	0.04031
2.328	-0.257091
2.329	-0.665545
2.33	-0.748794
2.331	-0.530212
2.332	-0.296376
2.333	-0.098405
2.334	0.102453
2.335	0.211336
2.336	0.158363
2.337	0.079459
2.338	0.114336
2.339	0.122586
2.34	-0.013561
2.341	-0.077295
2.342	0.052006
2.343	0.145274
2.344	0.05914
2.345	-0.030805
2.346	0.04438
2.347	0.119455
2.348	-0.045001
2.349	-0.259336
2.35	-0.20505
2.351	-0.021006
2.352	0.032882
2.353	0.02337
2.354	0.071406
2.355	0.103399
2.356	0.041026
2.357	0.006172
2.358	0.119748
2.359	0.206868
2.36	0.106425
2.361	0.012675
2.362	0.068003
2.363	0.092498
2.364	-0.019738
2.365	-0.082941
2.366	0.06243
2.367	0.219236
2.368	0.068833
2.369	-0.278745
2.37	-0.437132
2.371	-0.356074
2.372	-0.224472
2.373	-0.07805
2.374	0.088965
2.375	0.161636
2.376	0.066748
2.377	-0.06106
2.378	-0.066879
2.379	-0.04591
2.38	-0.108309
2.381	-0.110738
2.382	0.014702
2.383	0.076098
2.384	-0.01389
2.385	-0.069488
2.386	0.059734
2.387	0.208281
2.388	0.153356
2.389	0.059706
2.39	0.176475
2.391	0.316528
2.392	0.229925
2.393	0.059779
2.394	0.025977
2.395	0.075844
2.396	0.036681
2.397	-0.107414
2.398	-0.267416
2.399	-0.450787
2.4	-0.611867
2.401	-0.529385
2.402	-0.183965
2.403	0.101635
2.404	0.121623
2.405	0.038122
2.406	0.058709
2.407	0.074996
2.408	-0.135215
2.409	-0.412533
2.41	-0.417775
2.411	-0.217785
2.412	-0.080981
2.413	-0.007541
2.414	0.106822
2.415	0.200079
2.416	0.171644
2.417	0.086406
2.418	0.037247
2.419	-0.079443
2.42	-0.30092
2.421	-0.366697
2.422	-0.155154
2.423	0.069124
2.424	0.095379
2.425	0.051231
2.426	0.120016
2.427	0.203772
2.428	0.11489
2.429	0.006741
2.43	0.115276
2.431	0.268438
2.432	0.226478
2.433	0.100795
2.434	0.070847
2.435	0.097872
2.436	0.089935
2.437	0.123662
2.438	0.269058
2.439	0.320224
2.44	0.126983
2.441	-0.058564
2.442	-0.028407
2.443	0.046117
2.444	0.003235
2.445	-0.035627
2.446	0.071754
2.447	0.186423
2.448	0.09978
2.449	-0.036442
2.45	0.024611
2.451	0.138187
2.452	0.10315
2.453	0.044929
2.454	0.105395
2.455	0.16114
2.456	-0.005063
2.457	-0.437053
2.458	-0.969968
2.459	-1.370277
2.46	-1.434416
2.461	-1.082168
2.462	-0.497931
2.463	-0.035607
2.464	0.147224
2.465	0.215444
2.466	0.332077
2.467	0.340849
2.468	0.009965
2.469	-0.447071
2.47	-0.594561
2.471	-0.424548
2.472	-0.202704
2.473	0.00265
2.474	0.211135
2.475	0.321749
2.476	0.253625
2.477	0.120257
2.478	0.063205
2.479	-0.005028
2.48	-0.171697
2.481	-0.250637
2.482	-0.123077
2.483	0.026206
2.484	0.057032
2.485	0.09069
2.486	0.263944
2.487	0.464882
2.488	0.514907
2.489	0.511807
2.49	0.586404
2.491	0.570542
2.492	0.359592
2.493	0.157768
2.494	0.11614
2.495	0.126601
2.496	0.062424
2.497	0.016778
2.498	0.113584
2.499	0.186962
2.5	0.055876
2.501	-0.096756
2.502	-0.078415
2.503	-0.009545
2.504	-0.012522
2.505	0.015062
2.506	0.182558
2.507	0.368866
2.508	0.412152
2.509	0.430945
2.51	0.55258
2.511	0.584304
2.512	0.397402
2.513	0.186003
2.514	0.105574
2.515	0.059992
2.516	-0.053535
2.517	-0.089948
2.518	0.13998
2.519	0.460108
2.52	0.536067
2.521	0.386957
2.522	0.219807
2.523	0.058991
2.524	-0.109389
2.525	-0.147992
2.526	0.075997
2.527	0.485626
2.528	0.896641
2.529	1.240912
2.53	1.4429
2.531	1.300912
2.532	0.811193
2.533	0.289723
2.534	-0.023068
2.535	-0.195968
2.536	-0.353786
2.537	-0.372395
2.538	-0.06281
2.539	0.386539
2.54	0.588884
2.541	0.501042
2.542	0.312038
2.543	0.081089
2.544	-0.157854
2.545	-0.248715
2.546	-0.081209
2.547	0.232382
2.548	0.523388
2.549	0.817107
2.55	1.105535
2.551	1.126208
2.552	0.766132
2.553	0.296582
2.554	-0.029232
2.555	-0.248886
2.556	-0.450781
2.557	-0.477122
2.558	-0.119267
2.559	0.424314
2.56	0.72142
2.561	0.671186
2.562	0.43626
2.563	0.103283
2.564	-0.23502
2.565	-0.364272
2.566	-0.119116
2.567	0.434531
2.568	1.081802
2.569	1.652001
2.57	1.961017
2.571	1.755445
2.572	1.033859
2.573	0.207758
2.574	-0.312009
2.575	-0.491169
2.576	-0.484951
2.577	-0.264302
2.578	0.272898
2.579	0.874298
2.58	1.110169
2.581	0.948391
2.582	0.638012
2.583	0.262684
2.584	-0.16528
2.585	-0.472902
2.586	-0.460755
2.587	-0.125905
2.588	0.400999
2.589	1.01857
2.59	1.509625
2.591	1.498667
2.592	0.912533
2.593	0.16784
2.594	-0.313123
2.595	-0.492296
2.596	-0.528815
2.597	-0.417594
2.598	-0.062021
2.599	0.369161
2.6	0.573126
2.601	0.534959
2.602	0.397795
2.603	0.154855
2.604	-0.194105
2.605	-0.458316
2.606	-0.43971
2.607	-0.163688
2.608	0.236748
2.609	0.738914
2.61	1.212654
2.611	1.275045
2.612	0.7907
2.613	0.131582
2.614	-0.300551
2.615	-0.464092
2.616	-0.497279
2.617	-0.382446
2.618	-0.027885
2.619	0.388743
2.62	0.563435
2.621	0.491832
2.622	0.333974
2.623	0.092978
2.624	-0.233238
2.625	-0.467097
2.626	-0.439501
2.627	-0.215074
2.628	0.072345
2.629	0.481099
2.63	0.96156
2.631	1.107785
2.632	0.711534
2.633	0.1083
2.634	-0.300872
2.635	-0.458408
2.636	-0.486498
2.637	-0.374536
2.638	-0.059186
2.639	0.266741
2.64	0.332785
2.641	0.205984
2.642	0.089529
2.643	-0.039751
2.644	-0.241601
2.645	-0.378416
2.646	-0.311935
2.647	-0.168747
2.648	-0.162656
2.649	-0.18827
2.65	-0.015087
2.651	0.211532
2.652	0.203232
2.653	0.006752
2.654	-0.157268
2.655	-0.234547
2.656	-0.280888
2.657	-0.252634
2.658	-0.101019
2.659	0.003954
2.66	-0.085684
2.661	-0.19198
2.662	-0.150613
2.663	-0.105376
2.664	-0.187334
2.665	-0.265596
2.666	-0.180524
2.667	-0.039215
2.668	-0.05323
2.669	-0.122382
2.67	-0.003267
2.671	0.195828
2.672	0.208338
2.673	0.054485
2.674	-0.08743
2.675	-0.170895
2.676	-0.228617
2.677	-0.201778
2.678	-0.051527
2.679	0.032551
2.68	-0.100655
2.681	-0.249799
2.682	-0.219811
2.683	-0.146091
2.684	-0.180421
2.685	-0.21865
2.686	-0.118205
2.687	-0.009419
2.688	-0.14219
2.689	-0.409594
2.69	-0.448401
2.691	-0.230055
2.692	-0.030149
2.693	0.042397
2.694	0.051403
2.695	-0.010846
2.696	-0.216566
2.697	-0.554915
2.698	-0.901914
2.699	-1.116135
2.7	-1.095738
2.701	-0.807847
2.702	-0.389229
2.703	-0.105825
2.704	-0.067621
2.705	-0.099825
2.706	-0.01651
2.707	0.055416
2.708	-0.156965
2.709	-0.532259
2.71	-0.610762
2.711	-0.301637
2.712	0.033307
2.713	0.162103
2.714	0.129628
2.715	-0.007378
2.716	-0.254593
2.717	-0.578942
2.718	-0.880791
2.719	-1.062035
2.72	-1.046151
2.721	-0.789113
2.722	-0.400008
2.723	-0.131577
2.724	-0.09524
2.725	-0.109203
2.726	0.032816
2.727	0.204024
2.728	0.05344
2.729	-0.416615
2.73	-0.722597
2.731	-0.580413
2.732	-0.228059
2.733	0.037758
2.734	0.132649
2.735	0.05118
2.736	-0.19369
2.737	-0.538672
2.738	-0.889617
2.739	-1.155923
2.74	-1.221325
2.741	-0.982222
2.742	-0.535904
2.743	-0.177343
2.744	-0.06379
2.745	-0.026633
2.746	0.154866
2.747	0.36634
2.748	0.244921
2.749	-0.231959
2.75	-0.588313
2.751	-0.522429
2.752	-0.253509
2.753	-0.067444
2.754	-0.010957
2.755	-0.020995
2.756	-0.05115
2.757	-0.088151
2.758	-0.172514
2.759	-0.376126
2.76	-0.617871
2.761	-0.633064
2.762	-0.34782
2.763	-0.059695
2.764	-0.036402
2.765	-0.165003
2.766	-0.165174
2.767	-0.016372
2.768	0.041308
2.769	-0.036709
2.77	-0.012107
2.771	0.146932
2.772	0.196007
2.773	0.060494
2.774	-0.107072
2.775	-0.207741
2.776	-0.268788
2.777	-0.348842
2.778	-0.491284
2.779	-0.698425
2.78	-0.850151
2.781	-0.749851
2.782	-0.405869
2.783	-0.117446
2.784	-0.104742
2.785	-0.219345
2.786	-0.185243
2.787	-0.02815
2.788	-0.048827
2.789	-0.288153
2.79	-0.389986
2.791	-0.206868
2.792	-0.011963
2.793	0.002213
2.794	-0.087869
2.795	-0.184368
2.796	-0.275862
2.797	-0.387667
2.798	-0.554594
2.799	-0.783631
2.8	-0.956674
2.801	-0.86733
2.802	-0.510333
2.803	-0.184109
2.804	-0.118593
2.805	-0.176363
2.806	-0.100678
2.807	0.038932
2.808	-0.119124
2.809	-0.619942
2.81	-0.980449
2.811	-0.873969
2.812	-0.509265
2.813	-0.168848
2.814	0.0751
2.815	0.211805
2.816	0.190764
2.817	-0.095249
2.818	-0.760583
2.819	-1.696102
2.82	-2.376723
2.821	-2.208428
2.822	-1.223395
2.823	-0.135367
2.824	0.430997
2.825	0.499685
2.826	0.444686
2.827	0.354531
2.828	-0.056302
2.829	-0.809974
2.83	-1.35369
2.831	-1.267677
2.832	-0.765424
2.833	-0.236141
2.834	0.143966
2.835	0.358641
2.836	0.502471
2.837	0.705241
2.838	0.906093
2.839	0.809789
2.84	0.357559
2.841	-0.017971
2.842	-0.004319
2.843	0.151672
2.844	0.108864
2.845	-0.079408
2.846	-0.130606
2.847	0.017622
2.848	0.154546
2.849	0.22271
2.85	0.403158
2.851	0.642168
2.852	0.629223
2.853	0.296928
2.854	-0.114577
2.855	-0.366341
2.856	-0.309813
2.857	0.163463
2.858	0.95751
2.859	1.583392
2.86	1.578786
2.861	1.099735
2.862	0.600239
2.863	0.189095
2.864	-0.235763
2.865	-0.578807
2.866	-0.645831
2.867	-0.512701
2.868	-0.504108
2.869	-0.663662
2.87	-0.616818
2.871	-0.244471
2.872	0.064199
2.873	0.028657
2.874	-0.223847
2.875	-0.444443
2.876	-0.455139
2.877	-0.168517
2.878	0.293523
2.879	0.554488
2.88	0.408662
2.881	0.143767
2.882	0.055591
2.883	0.016077
2.884	-0.174725
2.885	-0.40876
2.886	-0.470788
2.887	-0.459846
2.888	-0.754201
2.889	-1.36867
2.89	-1.706763
2.891	-1.372406
2.892	-0.706906
2.893	-0.207254
2.894	-0.01865
2.895	-0.05651
2.896	-0.202123
2.897	-0.396034
2.898	-0.663652
2.899	-1.012427
2.9	-1.26843
2.901	-1.149813
2.902	-0.643644
2.903	-0.127095
2.904	0.060065
2.905	-0.0073
2.906	-0.025239
2.907	0.084259
2.908	0.091897
2.909	-0.144779
2.91	-0.477609
2.911	-0.679663
2.912	-0.603853
2.913	-0.261305
2.914	0.127393
2.915	0.320052
2.916	0.236755
2.917	-0.132647
2.918	-0.83327
2.919	-1.774229
2.92	-2.493961
2.921	-2.406025
2.922	-1.457802
2.923	-0.281337
2.924	0.479099
2.925	0.760329
2.926	0.88382
2.927	0.924985
2.928	0.475529
2.929	-0.834069
2.93	-2.623345
2.931	-3.787371
2.932	-3.428703
2.933	-1.743271
2.934	0.190969
2.935	1.406273
2.936	1.575513
2.937	0.729125
2.938	-1.026719
2.939	-3.214364
2.94	-4.724631
2.941	-4.484459
2.942	-2.550833
2.943	-0.15404
2.944	1.49289
2.945	2.155624
2.946	2.323481
2.947	2.298617
2.948	1.737075
2.949	0.155327
2.95	-2.12565
2.951	-3.801002
2.952	-3.675681
2.953	-1.865427
2.954	0.374804
2.955	1.897838
2.956	2.467647
2.957	2.477081
2.958	2.179525
2.959	1.429053
2.96	0.329336
2.961	-0.403787
2.962	-0.269823
2.963	0.392386
2.964	0.962515
2.965	1.238404
2.966	1.395561
2.967	1.478503
2.968	1.186431
2.969	0.389097
2.97	-0.398348
2.971	-0.593707
2.972	-0.256118
2.973	0.219143
2.974	0.592557
2.975	0.812346
2.976	0.955605
2.977	1.149535
2.978	1.339264
2.979	1.192919
2.98	0.594332
2.981	0.031626
2.982	-0.023123
2.983	0.245186
2.984	0.379665
2.985	0.278901
2.986	0.175334
2.987	0.196644
2.988	0.207134
2.989	0.163422
2.99	0.278853
2.991	0.564103
2.992	0.689937
2.993	0.518589
2.994	0.258671
2.995	0.105293
2.996	0.121774
2.997	0.388115
2.998	0.932663
2.999	1.450744
3.0	1.491034
3.001	1.075291
3.002	0.629196
3.003	0.316708
3.004	0.000521
3.005	-0.307719
3.006	-0.409122
3.007	-0.24588
3.008	0.010762
3.009	0.270681
3.01	0.610206
3.011	0.899424
3.012	0.82657
3.013	0.405278
3.014	-0.021178
3.015	-0.231588
3.016	-0.225512
3.017	0.023633
3.018	0.569667
3.019	1.169643
3.02	1.368892
3.021	1.098032
3.022	0.692373
3.023	0.311331
3.024	-0.111096
3.025	-0.491461
3.026	-0.602368
3.027	-0.375057
3.028	0.043654
3.029	0.548542
3.03	1.083562
3.031	1.365079
3.032	1.088388
3.033	0.417553
3.034	-0.175063
3.035	-0.455819
3.036	-0.493622
3.037	-0.296478
3.038	0.277337
3.039	1.100016
3.04	1.629055
3.041	1.540853
3.042	1.0647
3.043	0.480504
3.044	-0.123005
3.045	-0.602896
3.046	-0.771914
3.047	-0.639429
3.048	-0.369678
3.049	0.017455
3.05	0.550204
3.051	0.928053
3.052	0.785448
3.053	0.253299
3.054	-0.216713
3.055	-0.42126
3.056	-0.462778
3.057	-0.367851
3.058	0.019634
3.059	0.635922
3.06	1.045372
3.061	0.998225
3.062	0.694628
3.063	0.324961
3.064	-0.094904
3.065	-0.459003
3.066	-0.597998
3.067	-0.541099
3.068	-0.467291
3.069	-0.345652
3.07	0.004308
3.071	0.413886
3.072	0.48086
3.073	0.193458
3.074	-0.100828
3.075	-0.233424
3.076	-0.30061
3.077	-0.298201
3.078	-0.023024
3.079	0.509486
3.08	0.892091
3.081	0.872308
3.082	0.625264
3.083	0.314839
3.084	-0.057378
3.085	-0.382738
3.086	-0.464328
3.087	-0.280978
3.088	0.003298
3.089	0.314472
3.09	0.67017
3.091	0.881445
3.092	0.701031
3.093	0.259598
3.094	-0.081879
3.095	-0.217363
3.096	-0.297305
3.097	-0.327645
3.098	-0.080674
3.099	0.45126
3.1	0.855628
3.101	0.857068
3.102	0.619161
3.103	0.314439
3.104	-0.042796
3.105	-0.343695
3.106	-0.404467
3.107	-0.220736
3.108	0.030959
3.109	0.28077
3.11	0.581213
3.111	0.786139
3.112	0.654069
3.113	0.280685
3.114	-0.0143
3.115	-0.144319
3.116	-0.252931
3.117	-0.321591
3.118	-0.092057
3.119	0.463867
3.12	0.927328
3.121	0.984269
3.122	0.752234
3.123	0.397445
3.124	-0.023753
3.125	-0.358116
3.126	-0.409773
3.127	-0.184265
3.128	0.129577
3.129	0.444891
3.13	0.775674
3.131	0.924141
3.132	0.636928
3.133	0.080792
3.134	-0.304813
3.135	-0.365893
3.136	-0.297759
3.137	-0.210415
3.138	0.059326
3.139	0.540285
3.14	0.870257
3.141	0.822554
3.142	0.612627
3.143	0.392238
3.144	0.070642
3.145	-0.307725
3.146	-0.519122
3.147	-0.461496
3.148	-0.224269
3.149	0.137711
3.15	0.589119
3.151	0.853396
3.152	0.640782
3.153	0.133019
3.154	-0.210705
3.155	-0.242131
3.156	-0.176761
3.157	-0.143821
3.158	0.006379
3.159	0.327097
3.16	0.541011
3.161	0.491219
3.162	0.371694
3.163	0.268927
3.164	0.052357
3.165	-0.244845
3.166	-0.397828
3.167	-0.30109
3.168	-0.042763
3.169	0.324619
3.17	0.767356
3.171	1.004295
3.172	0.743444
3.173	0.179165
3.174	-0.209642
3.175	-0.265316
3.176	-0.203476
3.177	-0.145955
3.178	0.076615
3.179	0.50853
3.18	0.793621
3.181	0.702313
3.182	0.465644
3.183	0.264578
3.184	0.015456
3.185	-0.260821
3.186	-0.381872
3.187	-0.303094
3.188	-0.173292
3.189	-0.031944
3.19	0.22669
3.191	0.464889
3.192	0.37803
3.193	0.036124
3.194	-0.182406
3.195	-0.152182
3.196	-0.082229
3.197	-0.09291
3.198	-0.025273
3.199	0.196689
3.2	0.328058
3.201	0.244184
3.202	0.158386
3.203	0.147288
3.204	0.049633
3.205	-0.135217
3.206	-0.226689
3.207	-0.196186
3.208	-0.220841
3.209	-0.313825
3.21	-0.235483
3.211	0.009095
3.212	0.097114
3.213	-0.030194
3.214	-0.100868
3.215	-0.019817
3.216	0.036755
3.217	0.011931
3.218	0.127494
3.219	0.470963
3.22	0.712945
3.221	0.623559
3.222	0.417206
3.223	0.261292
3.224	0.065783
3.225	-0.15885
3.226	-0.254034
3.227	-0.218584
3.228	-0.252935
3.229	-0.384302
3.23	-0.360762
3.231	-0.142256
3.232	-0.015944
3.233	-0.060242
3.234	-0.057273
3.235	0.052759
3.236	0.091696
3.237	0.009932
3.238	0.030071
3.239	0.255288
3.24	0.406155
3.241	0.295421
3.242	0.131921
3.243	0.056598
3.244	-0.039657
3.245	-0.158986
3.246	-0.149213
3.247	-0.018901
3.248	0.003942
3.249	-0.134637
3.25	-0.171235
3.251	-0.022056
3.252	0.059749
3.253	-0.00726
3.254	-0.034698
3.255	0.023505
3.256	0.015037
3.257	-0.065889
3.258	0.028126
3.259	0.371609
3.26	0.605406
3.261	0.489108
3.262	0.256905
3.263	0.100986
3.264	-0.057588
3.265	-0.200119
3.266	-0.144389
3.267	0.142645
3.268	0.435927
3.269	0.564473
3.27	0.608803
3.271	0.601055
3.272	0.417247
3.273	0.123428
3.274	-0.039152
3.275	-0.049086
3.276	-0.121728
3.277	-0.333238
3.278	-0.453352
3.279	-0.308784
3.28	-0.104283
3.281	-0.029112
3.282	0.054554
3.283	0.188194
3.284	0.172157
3.285	-0.019858
3.286	-0.168981
3.287	-0.174307
3.288	-0.201745
3.289	-0.326831
3.29	-0.311761
3.291	-0.078212
3.292	0.061851
3.293	-0.019306
3.294	-0.066992
3.295	0.048543
3.296	0.139874
3.297	0.043542
3.298	-0.146021
3.299	-0.300641
3.3	-0.462759
3.301	-0.568503
3.302	-0.396098
3.303	-0.032446
3.304	0.159927
3.305	0.085623
3.306	-0.019468
3.307	-0.014576
3.308	-0.045734
3.309	-0.190547
3.31	-0.21088
3.311	-0.010347
3.312	0.11959
3.313	0.048854
3.314	0.004355
3.315	0.095039
3.316	0.153199
3.317	0.071375
3.318	-0.003718
3.319	0.033606
3.32	0.012258
3.321	-0.11998
3.322	-0.109826
3.323	0.077188
3.324	0.158121
3.325	0.046641
3.326	-0.052471
3.327	-0.050917
3.328	-0.15583
3.329	-0.458627
3.33	-0.626314
3.331	-0.439643
3.332	-0.179923
3.333	-0.068931
3.334	0.026626
3.335	0.176945
3.336	0.228353
3.337	0.093377
3.338	-0.086864
3.339	-0.195554
3.34	-0.321399
3.341	-0.433602
3.342	-0.306395
3.343	0.001362
3.344	0.156521
3.345	0.086563
3.346	0.04434
3.347	0.161306
3.348	0.205541
3.349	-0.020346
3.35	-0.243201
3.351	-0.172184
3.352	-0.003711
3.353	0.041744
3.354	0.072682
3.355	0.164702
3.356	0.191227
3.357	0.09543
3.358	0.036176
3.359	0.094671
3.36	0.073635
3.361	-0.082512
3.362	-0.107516
3.363	0.047592
3.364	0.112556
3.365	0.020137
3.366	0.005814
3.367	0.176375
3.368	0.265044
3.369	0.034627
3.37	-0.256611
3.371	-0.280016
3.372	-0.162621
3.373	-0.090359
3.374	0.013893
3.375	0.171626
3.376	0.224155
3.377	0.09699
3.378	-0.070173
3.379	-0.175904
3.38	-0.319082
3.381	-0.466167
3.382	-0.374289
3.383	-0.078963
3.384	0.098591
3.385	0.083389
3.386	0.113202
3.387	0.277667
3.388	0.273404
3.389	-0.130544
3.39	-0.573576
3.391	-0.61841
3.392	-0.398514
3.393	-0.185255
3.394	0.026824
3.395	0.231199
3.396	0.287429
3.397	0.174855
3.398	0.092176
3.399	0.144058
3.4	0.131342
3.401	-0.028246
3.402	-0.086601
3.403	0.022943
3.404	0.064739
3.405	-0.013472
3.406	0.007044
3.407	0.205393
3.408	0.320228
3.409	0.169682
3.41	0.024937
3.411	0.095111
3.412	0.117835
3.413	-0.056561
3.414	-0.166377
3.415	-0.043746
3.416	0.159233
3.417	0.290984
3.418	0.415853
3.419	0.548099
3.42	0.457803
3.421	0.13894
3.422	-0.017695
3.423	0.096618
3.424	0.146032
3.425	-0.017237
3.426	-0.159794
3.427	-0.10656
3.428	-0.031245
3.429	-0.110454
3.43	-0.137849
3.431	0.039047
3.432	0.136455
3.433	-0.007917
3.434	-0.135216
3.435	-0.060461
3.436	0.087972
3.437	0.179532
3.438	0.302535
3.439	0.491078
3.44	0.500756
3.441	0.26636
3.442	0.12049
3.443	0.17161
3.444	0.136027
3.445	-0.085457
3.446	-0.246645
3.447	-0.18171
3.448	-0.070365
3.449	-0.08917
3.45	-0.043809
3.451	0.186472
3.452	0.2857
3.453	0.090035
3.454	-0.10999
3.455	-0.10432
3.456	-0.037943
3.457	-0.088818
3.458	-0.180956
3.459	-0.18777
3.46	-0.215042
3.461	-0.300531
3.462	-0.215688
3.463	0.040051
3.464	0.139914
3.465	-0.014806
3.466	-0.165771
3.467	-0.149788
3.468	-0.167893
3.469	-0.383434
3.47	-0.498487
3.471	-0.27468
3.472	-0.026818
3.473	-0.016731
3.474	-0.050283
3.475	0.036743
3.476	0.101784
3.477	-0.019134
3.478	-0.251587
3.479	-0.445747
3.48	-0.610444
3.481	-0.688233
3.482	-0.469055
3.483	-0.046494
3.484	0.181778
3.485	0.09446
3.486	-0.03863
3.487	-0.027988
3.488	-0.057504
3.489	-0.292158
3.49	-0.437095
3.491	-0.242455
3.492	-0.007154
3.493	0.005654
3.494	-0.031587
3.495	0.038882
3.496	0.124013
3.497	0.156623
3.498	0.269387
3.499	0.496042
3.5	0.551655
3.501	0.329667
3.502	0.161181
3.503	0.187265
3.504	0.149111
3.505	-0.050131
3.506	-0.162375
3.507	-0.022308
3.508	0.129556
3.509	0.009099
3.51	-0.166505
3.511	-0.088011
3.512	0.046554
3.513	0.004956
3.514	-0.058024
3.515	-0.005032
3.516	0.04388
3.517	-0.023225
3.518	-0.091428
3.519	-0.042847
3.52	-0.020719
3.521	-0.098382
3.522	-0.058422
3.523	0.12269
3.524	0.158733
3.525	-0.017071
3.526	-0.121787
3.527	0.027866
3.528	0.187402
3.529	0.056539
3.53	-0.148985
3.531	-0.096865
3.532	0.03291
3.533	-0.001632
3.534	-0.062423
3.535	-0.01137
3.536	0.042179
3.537	-0.010467
3.538	-0.062705
3.539	-0.007319
3.54	0.006534
3.541	-0.095251
3.542	-0.08432
3.543	0.082184
3.544	0.125942
3.545	-0.027611
3.546	-0.105088
3.547	0.07213
3.548	0.253169
3.549	0.124964
3.55	-0.107325
3.551	-0.105239
3.552	-0.021893
3.553	-0.072301
3.554	-0.117408
3.555	-0.038707
3.556	0.03816
3.557	-0.001185
3.558	-0.050008
3.559	0.002945
3.56	0.009974
3.561	-0.10707
3.562	-0.116162
3.563	0.040139
3.564	0.092775
3.565	-0.037555
3.566	-0.089472
3.567	0.103447
3.568	0.279505
3.569	0.121711
3.57	-0.153444
3.571	-0.182623
3.572	-0.097805
3.573	-0.117941
3.574	-0.130182
3.575	-0.035953
3.576	0.045387
3.577	0.029704
3.578	0.062957
3.579	0.255373
3.58	0.370303
3.581	0.232567
3.582	0.092607
3.583	0.107369
3.584	0.078009
3.585	-0.069187
3.586	-0.111863
3.587	0.061347
3.588	0.147482
3.589	-0.148209
3.59	-0.508744
3.591	-0.49805
3.592	-0.290641
3.593	-0.190944
3.594	-0.129407
3.595	-0.011997
3.596	0.054574
3.597	0.004372
3.598	0.002627
3.599	0.177901
3.6	0.30012
3.601	0.184286
3.602	0.065336
3.603	0.092781
3.604	0.072245
3.605	-0.063808
3.606	-0.095028
3.607	0.08124
3.608	0.153496
3.609	-0.175077
3.61	-0.575831
3.611	-0.584456
3.612	-0.352261
3.613	-0.194129
3.614	-0.077204
3.615	0.060798
3.616	0.099754
3.617	-0.030652
3.618	-0.163158
3.619	-0.128813
3.62	-0.066571
3.621	-0.111055
3.622	-0.091708
3.623	0.046543
3.624	0.078946
3.625	-0.044279
3.626	-0.07181
3.627	0.140923
3.628	0.334089
3.629	0.223721
3.63	0.049957
3.631	0.125997
3.632	0.206543
3.633	0.032417
3.634	-0.168347
3.635	-0.150921
3.636	-0.009061
3.637	0.083172
3.638	0.160387
3.639	0.281395
3.64	0.259881
3.641	0.040238
3.642	-0.045523
3.643	0.119136
3.644	0.204034
3.645	0.032155
3.646	-0.16786
3.647	-0.186481
3.648	-0.194727
3.649	-0.395888
3.65	-0.504821
3.651	-0.246539
3.652	0.033778
3.653	0.008925
3.654	-0.107297
3.655	-0.068262
3.656	0.036963
3.657	0.030418
3.658	-0.067532
3.659	-0.154677
3.66	-0.269401
3.661	-0.37326
3.662	-0.245437
3.663	0.068444
3.664	0.210882
3.665	0.071413
3.666	-0.062379
3.667	0.032349
3.668	0.157184
3.669	0.051938
3.67	-0.067028
3.671	0.06762
3.672	0.201354
3.673	0.088076
3.674	-0.072537
3.675	-0.083505
3.676	-0.043629
3.677	-0.092522
3.678	-0.154799
3.679	-0.12348
3.68	-0.135802
3.681	-0.263257
3.682	-0.262033
3.683	-0.061066
3.684	0.056943
3.685	-0.02896
3.686	-0.088737
3.687	0.052014
3.688	0.181634
3.689	0.047924
3.69	-0.112434
3.691	0.002674
3.692	0.162157
3.693	0.103347
3.694	-0.0146
3.695	-0.021333
3.696	-0.009495
3.697	-0.088807
3.698	-0.153728
3.699	-0.089455
3.7	-0.058636
3.701	-0.172388
3.702	-0.198865
3.703	-0.03948
3.704	0.054211
3.705	-0.032694
3.706	-0.081089
3.707	0.072574
3.708	0.209829
3.709	0.074389
3.71	-0.09025
3.711	0.035034
3.712	0.220449
3.713	0.178538
3.714	0.045521
3.715	-0.003721
3.716	-0.03647
3.717	-0.137309
3.718	-0.188941
3.719	-0.083626
3.72	-0.005075
3.721	-0.087675
3.722	-0.117369
3.723	0.004552
3.724	0.051879
3.725	-0.060927
3.726	-0.105477
3.727	0.075296
3.728	0.25394
3.729	0.164391
3.73	0.033762
3.731	0.157264
3.732	0.298851
3.733	0.199625
3.734	0.025246
3.735	-0.046523
3.736	-0.094895
3.737	-0.224298
3.738	-0.343104
3.739	-0.336872
3.74	-0.318015
3.741	-0.361861
3.742	-0.293643
3.743	-0.089205
3.744	0.003234
3.745	-0.082932
3.746	-0.093851
3.747	0.150695
3.748	0.43171
3.749	0.439371
3.75	0.308843
3.751	0.31287
3.752	0.320697
3.753	0.170228
3.754	0.015307
3.755	-0.023462
3.756	-0.061626
3.757	-0.221768
3.758	-0.424157
3.759	-0.527233
3.76	-0.557233
3.761	-0.541237
3.762	-0.371217
3.763	-0.106973
3.764	2e-06
3.765	-0.076984
3.766	-0.063182
3.767	0.213061
3.768	0.511254
3.769	0.5059
3.77	0.336381
3.771	0.298281
3.772	0.283879
3.773	0.136095
3.774	-0.005579
3.775	-0.037187
3.776	-0.071957
3.777	-0.204421
3.778	-0.320712
3.779	-0.293362
3.78	-0.245114
3.781	-0.287725
3.782	-0.267744
3.783	-0.129403
3.784	-0.064674
3.785	-0.113883
3.786	-0.051562
3.787	0.230369
3.788	0.435417
3.789	0.248409
3.79	-0.078342
3.791	-0.13515
3.792	-0.033869
3.793	-0.015264
3.794	-0.015354
3.795	0.02847
3.796	3.5e-05
3.797	-0.16844
3.798	-0.32661
3.799	-0.317207
3.8	-0.257358
3.801	-0.279683
3.802	-0.253302
3.803	-0.126411
3.804	-0.087339
3.805	-0.189267
3.806	-0.222166
3.807	-0.035194
3.808	0.199904
3.809	0.264242
3.81	0.311405
3.811	0.494139
3.812	0.529305
3.813	0.238782
3.814	-0.085439
3.815	-0.175211
3.816	-0.108642
3.817	-0.059501
3.818	-0.014677
3.819	0.074812
3.82	0.041701
3.821	-0.175
3.822	-0.276449
3.823	-0.127583
3.824	-0.001285
3.825	-0.064789
3.826	-0.131456
3.827	-0.02913
3.828	0.062845
3.829	-0.067582
3.83	-0.172286
3.831	0.011563
3.832	0.199125
3.833	0.117262
3.834	-0.034811
3.835	-0.040198
3.836	0.005943
3.837	-0.07874
3.838	-0.285055
3.839	-0.489116
3.84	-0.665339
3.841	-0.751736
3.842	-0.570305
3.843	-0.187777
3.844	0.052914
3.845	0.022851
3.846	-0.042203
3.847	0.053159
3.848	0.131219
3.849	-0.0252
3.85	-0.161513
3.851	0.011334
3.852	0.224281
3.853	0.181128
3.854	0.042012
3.855	0.007648
3.856	0.010444
3.857	-0.058474
3.858	-0.105514
3.859	-0.021612
3.86	0.029309
3.861	-0.077655
3.862	-0.124251
3.863	0.00046
3.864	0.066208
3.865	-0.040479
3.866	-0.112313
3.867	0.01063
3.868	0.121942
3.869	-0.020081
3.87	-0.175159
3.871	-0.039868
3.872	0.154287
3.873	0.132733
3.874	0.034846
3.875	0.022472
3.876	0.014067
3.877	-0.080888
3.878	-0.14366
3.879	-0.057618
3.88	0.001415
3.881	-0.104406
3.882	-0.156393
3.883	-0.033771
3.884	0.04031
3.885	-0.047992
3.886	-0.094921
3.887	0.056518
3.888	0.193917
3.889	0.064848
3.89	-0.094579
3.891	0.027956
3.892	0.212236
3.893	0.184812
3.894	0.074856
3.895	0.036712
3.896	-0.003918
3.897	-0.121211
3.898	-0.182833
3.899	-0.069848
3.9	0.031682
3.901	-0.036681
3.902	-0.082484
3.903	0.004985
3.904	0.025637
3.905	-0.097566
3.906	-0.134853
3.907	0.088553
3.908	0.369488
3.909	0.414854
3.91	0.349212
3.911	0.405728
3.912	0.423315
3.913	0.248833
3.914	0.06517
3.915	0.006909
3.916	-0.048454
3.917	-0.233723
3.918	-0.466466
3.919	-0.590088
3.92	-0.62343
3.921	-0.605318
3.922	-0.43425
3.923	-0.157324
3.924	-0.025484
3.925	-0.087674
3.926	-0.081884
3.927	0.175701
3.928	0.465972
3.929	0.472727
3.93	0.32533
3.931	0.306458
3.932	0.30901
3.933	0.182383
3.934	0.063502
3.935	0.043247
3.936	-0.004929
3.937	-0.176595
3.938	-0.340176
3.939	-0.338149
3.94	-0.276441
3.941	-0.286817
3.942	-0.248708
3.943	-0.112461
3.944	-0.060732
3.945	-0.131926
3.946	-0.096227
3.947	0.172242
3.948	0.402309
3.949	0.294201
3.95	0.084149
3.951	0.120947
3.952	0.20708
3.953	0.074242
3.954	-0.111307
3.955	-0.131263
3.956	-0.046799
3.957	-0.002213
3.958	0.029941
3.959	0.102162
3.96	0.050378
3.961	-0.18343
3.962	-0.292329
3.963	-0.130582
3.964	0.016651
3.965	-0.045836
3.966	-0.136514
3.967	-0.058258
3.968	0.037874
3.969	-0.057007
3.97	-0.119977
3.971	0.081882
3.972	0.254814
3.973	0.141885
3.974	-0.035991
3.975	-0.050092
3.976	0.015998
3.977	0.009584
3.978	-0.025522
3.979	-0.008732
3.98	-0.081815
3.981	-0.298849
3.982	-0.369738
3.983	-0.172359
3.984	-0.00053
3.985	-0.043323
3.986	-0.109039
3.987	0.017687
3.988	0.21055
3.989	0.251309
3.99	0.287358
3.991	0.485445
3.992	0.57503
3.993	0.355108
3.994	0.072986
3.995	-0.030594
3.996	-0.03352
3.997	-0.090853
3.998	-0.154378
3.999	-0.129124
4.0	-0.156274
4.001	-0.319211
4.002	-0.361858
4.003	-0.166141
4.004	-0.004608
4.005	-0.048564
4.006	-0.10536
4.007	0.024257
4.008	0.180653
4.009	0.107437
4.01	-0.029921
4.011	0.057599
4.012	0.20976
4.013	0.178487
4.014	0.075873
4.015	0.06118
4.016	0.048858
4.017	-0.09554
4.018	-0.300166
4.019	-0.418541
4.02	-0.499602
4.021	-0.582805
4.022	-0.483018
4.023	-0.177169
4.024	0.035299
4.025	0.002515
4.026	-0.059001
4.027	0.066845
4.028	0.229124
4.029	0.169844
4.03	0.047065
4.031	0.146797
4.032	0.306075
4.033	0.268091
4.034	0.137932
4.035	0.078017
4.036	0.022131
4.037	-0.125009
4.038	-0.246359
4.039	-0.198701
4.04	-0.126627
4.041	-0.178517
4.042	-0.175464
4.043	-0.018931
4.044	0.062335
4.045	-0.049063
4.046	-0.132839
4.047	0.01419
4.048	0.220201
4.049	0.196744
4.05	0.0723
4.051	0.131068
4.052	0.246172
4.053	0.200467
4.054	0.09699
4.055	0.063424
4.056	0.011576
4.057	-0.149278
4.058	-0.290307
4.059	-0.265363
4.06	-0.218446
4.061	-0.286069
4.062	-0.275711
4.063	-0.090734
4.064	0.02679
4.065	-0.050838
4.066	-0.104138
4.067	0.074167
4.068	0.307828
4.069	0.29028
4.07	0.138944
4.071	0.155888
4.072	0.247229
4.073	0.208477
4.074	0.124254
4.075	0.0981
4.076	0.035338
4.077	-0.144806
4.078	-0.297067
4.079	-0.260781
4.08	-0.179396
4.081	-0.213604
4.082	-0.203852
4.083	-0.059137
4.084	0.005993
4.085	-0.103105
4.086	-0.143689
4.087	0.111546
4.088	0.497251
4.089	0.663363
4.09	0.611673
4.091	0.563763
4.092	0.483652
4.093	0.291396
4.094	0.143857
4.095	0.144866
4.096	0.168669
4.097	0.115421
4.098	0.133893
4.099	0.352087
4.1	0.511137
4.101	0.378767
4.102	0.207916
4.103	0.214543
4.104	0.197451
4.105	0.012319
4.106	-0.136588
4.107	-0.0439
4.108	0.110916
4.109	0.002888
4.11	-0.252614
4.111	-0.296388
4.112	-0.180882
4.113	-0.160598
4.114	-0.181054
4.115	-0.07498
4.116	0.104221
4.117	0.214219
4.118	0.284683
4.119	0.37358
4.12	0.309945
4.121	0.048346
4.122	-0.056623
4.123	0.146956
4.124	0.297475
4.125	0.123466
4.126	-0.171353
4.127	-0.270866
4.128	-0.212922
4.129	-0.231255
4.13	-0.241385
4.131	-0.043612
4.132	0.150642
4.133	0.07694
4.134	-0.098041
4.135	-0.11104
4.136	0.012596
4.137	0.135726
4.138	0.303349
4.139	0.562986
4.14	0.65671
4.141	0.430318
4.142	0.221295
4.143	0.259196
4.144	0.270733
4.145	0.032518
4.146	-0.250589
4.147	-0.301308
4.148	-0.228935
4.149	-0.345897
4.15	-0.567828
4.151	-0.552726
4.152	-0.356427
4.153	-0.256268
4.154	-0.222208
4.155	-0.094438
4.156	0.080848
4.157	0.192749
4.158	0.317579
4.159	0.524486
4.16	0.571895
4.161	0.316799
4.162	0.103673
4.163	0.164243
4.164	0.217838
4.165	0.028578
4.166	-0.208842
4.167	-0.224425
4.168	-0.133691
4.169	-0.250162
4.17	-0.475782
4.171	-0.449358
4.172	-0.232728
4.173	-0.134657
4.174	-0.1391
4.175	-0.064823
4.176	0.06699
4.177	0.148529
4.178	0.248368
4.179	0.437622
4.18	0.483913
4.181	0.243244
4.182	0.048242
4.183	0.122352
4.184	0.187188
4.185	0.012898
4.186	-0.205295
4.187	-0.202833
4.188	-0.102648
4.189	-0.22476
4.19	-0.477534
4.191	-0.499763
4.192	-0.327455
4.193	-0.230376
4.194	-0.189461
4.195	-0.062835
4.196	0.091938
4.197	0.158795
4.198	0.217465
4.199	0.357947
4.2	0.365604
4.201	0.10824
4.202	-0.075804
4.203	0.035257
4.204	0.153063
4.205	0.029941
4.206	-0.156558
4.207	-0.147068
4.208	-0.05568
4.209	-0.186094
4.21	-0.433597
4.211	-0.437089
4.212	-0.24383
4.213	-0.137462
4.214	-0.10755
4.215	-0.012597
4.216	0.090543
4.217	0.08551
4.218	0.072839
4.219	0.21574
4.22	0.369344
4.221	0.322648
4.222	0.229732
4.223	0.260182
4.224	0.235766
4.225	0.009301
4.226	-0.221432
4.227	-0.217079
4.228	-0.112773
4.229	-0.225318
4.23	-0.459996
4.231	-0.457327
4.232	-0.255881
4.233	-0.134499
4.234	-0.090462
4.235	0.005891
4.236	0.092525
4.237	0.050037
4.238	-0.035022
4.239	-0.01888
4.24	-0.02182
4.241	-0.150062
4.242	-0.164255
4.243	0.052388
4.244	0.202347
4.245	0.080248
4.246	-0.108863
4.247	-0.107074
4.248	-0.051972
4.249	-0.280852
4.25	-0.678721
4.251	-0.779487
4.252	-0.531627
4.253	-0.260695
4.254	-0.080544
4.255	0.0745
4.256	0.156176
4.257	0.106538
4.258	0.075285
4.259	0.208077
4.26	0.298241
4.261	0.155763
4.262	0.038939
4.263	0.139995
4.264	0.205961
4.265	0.03825
4.266	-0.157224
4.267	-0.098792
4.268	0.12416
4.269	0.181266
4.27	0.067462
4.271	0.061364
4.272	0.153701
4.273	0.137191
4.274	0.047471
4.275	0.019993
4.276	0.003732
4.277	-0.092014
4.278	-0.137328
4.279	0.039809
4.28	0.265936
4.281	0.280262
4.282	0.206502
4.283	0.224516
4.284	0.188051
4.285	-0.026006
4.286	-0.208608
4.287	-0.114451
4.288	0.105132
4.289	0.051222
4.29	-0.279971
4.291	-0.475131
4.292	-0.388569
4.293	-0.228286
4.294	-0.086743
4.295	0.074419
4.296	0.199902
4.297	0.224686
4.298	0.249057
4.299	0.364608
4.3	0.378884
4.301	0.154807
4.302	-0.006587
4.303	0.121793
4.304	0.258649
4.305	0.108397
4.306	-0.173547
4.307	-0.255009
4.308	-0.126902
4.309	-0.047862
4.31	-0.032836
4.311	0.100147
4.312	0.23011
4.313	0.125716
4.314	-0.084228
4.315	-0.137287
4.316	-0.036998
4.317	0.062819
4.318	0.171197
4.319	0.359243
4.32	0.446867
4.321	0.278778
4.322	0.115015
4.323	0.179277
4.324	0.238816
4.325	0.05207
4.326	-0.211322
4.327	-0.253576
4.328	-0.130112
4.329	-0.157155
4.33	-0.329925
4.331	-0.337176
4.332	-0.184319
4.333	-0.135014
4.334	-0.178544
4.335	-0.129421
4.336	-0.00032
4.337	0.081121
4.338	0.150901
4.339	0.293861
4.34	0.335813
4.341	0.129099
4.342	-0.049561
4.343	0.038845
4.344	0.157252
4.345	0.042679
4.346	-0.158848
4.347	-0.167398
4.348	-0.048611
4.349	-0.116737
4.35	-0.345776
4.351	-0.388701
4.352	-0.225373
4.353	-0.12948
4.354	-0.127196
4.355	-0.061245
4.356	0.053037
4.357	0.099951
4.358	0.132014
4.359	0.254466
4.36	0.307553
4.361	0.134224
4.362	-0.018965
4.363	0.06756
4.364	0.168542
4.365	0.04238
4.366	-0.159932
4.367	-0.158965
4.368	-0.001153
4.369	0.034557
4.37	-0.040496
4.371	0.009883
4.372	0.117528
4.373	0.067296
4.374	-0.053754
4.375	-0.051119
4.376	0.028077
4.377	0.018397
4.378	-0.062723
4.379	-0.088755
4.38	-0.128199
4.381	-0.265628
4.382	-0.288465
4.383	-0.061065
4.384	0.147362
4.385	0.090796
4.386	-0.076603
4.387	-0.080308
4.388	0.012356
4.389	-0.102138
4.39	-0.379634
4.391	-0.451949
4.392	-0.275933
4.393	-0.122106
4.394	-0.051829
4.395	0.043864
4.396	0.128683
4.397	0.103426
4.398	0.060907
4.399	0.152084
4.4	0.238895
4.401	0.137785
4.402	0.040398
4.403	0.137207
4.404	0.222405
4.405	0.085912
4.406	-0.115959
4.407	-0.124604
4.408	-0.01757
4.409	-0.098586
4.41	-0.326135
4.411	-0.346803
4.412	-0.143522
4.413	-0.005232
4.414	0.014404
4.415	0.046992
4.416	0.075274
4.417	0.013113
4.418	-0.036691
4.419	0.079759
4.42	0.209559
4.421	0.1404
4.422	0.047249
4.423	0.12929
4.424	0.198886
4.425	0.058771
4.426	-0.124443
4.427	-0.082448
4.428	0.098445
4.429	0.04756
4.43	-0.282759
4.431	-0.496316
4.432	-0.403839
4.433	-0.214432
4.434	-0.063875
4.435	0.071115
4.436	0.132533
4.437	0.056043
4.438	-0.01677
4.439	0.086781
4.44	0.211009
4.441	0.137669
4.442	0.039774
4.443	0.115441
4.444	0.178902
4.445	0.037163
4.446	-0.139611
4.447	-0.0724
4.448	0.181713
4.449	0.289767
4.45	0.191108
4.451	0.158919
4.452	0.224504
4.453	0.148639
4.454	-0.056486
4.455	-0.152446
4.456	-0.088625
4.457	-0.001224
4.458	0.09059
4.459	0.255828
4.46	0.351938
4.461	0.21583
4.462	0.065282
4.463	0.146803
4.464	0.26142
4.465	0.121933
4.466	-0.160396
4.467	-0.272018
4.468	-0.194038
4.469	-0.203666
4.47	-0.337426
4.471	-0.309326
4.472	-0.10462
4.473	-0.019911
4.474	-0.092106
4.475	-0.100718
4.476	0.001489
4.477	0.080865
4.478	0.110583
4.479	0.140359
4.48	0.052811
4.481	-0.207088
4.482	-0.330001
4.483	-0.106597
4.484	0.161986
4.485	0.133123
4.486	-0.083775
4.487	-0.155135
4.488	-0.032908
4.489	0.032163
4.49	-0.009854
4.491	0.051298
4.492	0.178904
4.493	0.13261
4.494	-0.041181
4.495	-0.105675
4.496	-0.034133
4.497	0.042478
4.498	0.143373
4.499	0.38173
4.5	0.607952
4.501	0.556235
4.502	0.347031
4.503	0.269318
4.504	0.248165
4.505	0.067316
4.506	-0.175088
4.507	-0.222715
4.508	-0.115609
4.509	-0.165669
4.51	-0.400764
4.511	-0.479079
4.512	-0.315868
4.513	-0.179578
4.514	-0.149633
4.515	-0.081993
4.516	0.026387
4.517	0.058915
4.518	0.055379
4.519	0.146651
4.52	0.222083
4.521	0.095888
4.522	-0.057584
4.523	0.007808
4.524	0.137242
4.525	0.075603
4.526	-0.075579
4.527	-0.030647
4.528	0.202434
4.529	0.290134
4.53	0.11073
4.531	-0.045796
4.532	-0.019581
4.533	0.014568
4.534	-0.015927
4.535	-0.004556
4.536	0.039423
4.537	0.02244
4.538	0.013136
4.539	0.148098
4.54	0.291538
4.541	0.211864
4.542	0.04689
4.543	0.049758
4.544	0.109064
4.545	0.00692
4.546	-0.147269
4.547	-0.073331
4.548	0.228954
4.549	0.447906
4.55	0.442552
4.551	0.396057
4.552	0.371265
4.553	0.235375
4.554	0.036177
4.555	-0.052625
4.556	-0.049787
4.557	-0.100435
4.558	-0.192385
4.559	-0.191892
4.56	-0.152932
4.561	-0.226072
4.562	-0.287279
4.563	-0.150563
4.564	0.029355
4.565	0.022378
4.566	-0.072746
4.567	-0.011943
4.568	0.14649
4.569	0.079196
4.57	-0.227462
4.571	-0.385372
4.572	-0.259365
4.573	-0.103772
4.574	-0.034445
4.575	0.037273
4.576	0.089033
4.577	0.014048
4.578	-0.131719
4.579	-0.179172
4.58	-0.158014
4.581	-0.217324
4.582	-0.258126
4.583	-0.120437
4.584	0.043258
4.585	0.025174
4.586	-0.058305
4.587	0.049767
4.588	0.304854
4.589	0.364425
4.59	0.134587
4.591	-0.055751
4.592	-0.027466
4.593	0.03706
4.594	0.039471
4.595	0.056843
4.596	0.059463
4.597	-0.052641
4.598	-0.190874
4.599	-0.140223
4.6	0.057875
4.601	0.134867
4.602	0.075555
4.603	0.072796
4.604	0.086557
4.605	-0.045831
4.606	-0.240027
4.607	-0.26419
4.608	-0.119765
4.609	-0.058404
4.61	-0.133457
4.611	-0.099817
4.612	0.067593
4.613	0.103435
4.614	-0.018625
4.615	-0.065119
4.616	0.020063
4.617	0.079977
4.618	0.053952
4.619	0.014789
4.62	-0.086897
4.621	-0.316763
4.622	-0.434278
4.623	-0.211377
4.624	0.110078
4.625	0.163139
4.626	-0.011123
4.627	-0.099539
4.628	-0.014099
4.629	0.031641
4.63	-0.016417
4.631	0.068997
4.632	0.278062
4.633	0.307678
4.634	0.124644
4.635	-0.012506
4.636	-0.016034
4.637	-0.010217
4.638	-0.010782
4.639	0.098937
4.64	0.238036
4.641	0.188115
4.642	0.04944
4.643	0.084409
4.644	0.19655
4.645	0.118452
4.646	-0.096034
4.647	-0.173913
4.648	-0.088252
4.649	-0.108769
4.65	-0.286568
4.651	-0.293992
4.652	-0.046101
4.653	0.120159
4.654	0.068685
4.655	0.001198
4.656	0.009398
4.657	-0.006788
4.658	-0.056962
4.659	-0.043229
4.66	-0.037729
4.661	-0.175305
4.662	-0.278964
4.663	-0.120866
4.664	0.113625
4.665	0.114521
4.666	-0.058154
4.667	-0.112354
4.668	-0.01087
4.669	-0.030162
4.67	-0.233205
4.671	-0.286249
4.672	-0.075982
4.673	0.084932
4.674	0.05264
4.675	-0.000513
4.676	0.003115
4.677	-0.016471
4.678	-0.0231
4.679	0.124091
4.68	0.332824
4.681	0.344466
4.682	0.209343
4.683	0.173953
4.684	0.18336
4.685	0.031728
4.686	-0.186579
4.687	-0.174544
4.688	0.109604
4.689	0.350139
4.69	0.338072
4.691	0.247903
4.692	0.220508
4.693	0.13773
4.694	-0.011462
4.695	-0.072837
4.696	-0.046024
4.697	-0.073835
4.698	-0.156395
4.699	-0.138869
4.7	-0.030529
4.701	-0.016939
4.702	-0.068198
4.703	0.001075
4.704	0.108049
4.705	0.042969
4.706	-0.111932
4.707	-0.098361
4.708	0.065346
4.709	0.047976
4.71	-0.238957
4.711	-0.426295
4.712	-0.313388
4.713	-0.141711
4.714	-0.067952
4.715	-0.000431
4.716	0.06646
4.717	0.02393
4.718	-0.095864
4.719	-0.118791
4.72	-0.043931
4.721	-0.055518
4.722	-0.125364
4.723	-0.064468
4.724	0.048604
4.725	0.004164
4.726	-0.112966
4.727	-0.024426
4.728	0.290555
4.729	0.505392
4.73	0.428149
4.731	0.274117
4.732	0.214561
4.733	0.130287
4.734	-0.010984
4.735	-0.063486
4.736	0.002224
4.737	0.074561
4.738	0.126162
4.739	0.238556
4.74	0.333909
4.741	0.203006
4.742	-0.037136
4.743	-0.048628
4.744	0.112208
4.745	0.107026
4.746	-0.088624
4.747	-0.191509
4.748	-0.101252
4.749	-0.050859
4.75	-0.154789
4.751	-0.16827
4.752	-0.000935
4.753	0.070241
4.754	-0.044077
4.755	-0.106559
4.756	-0.015335
4.757	0.081337
4.758	0.090274
4.759	0.073598
4.76	0.006495
4.761	-0.204635
4.762	-0.373933
4.763	-0.228345
4.764	0.070056
4.765	0.143912
4.766	-0.019751
4.767	-0.118756
4.768	-0.036727
4.769	0.009209
4.77	-0.083207
4.771	-0.071302
4.772	0.118672
4.773	0.191788
4.774	0.054222
4.775	-0.047787
4.776	-0.002689
4.777	0.049316
4.778	0.031286
4.779	0.031139
4.78	0.034894
4.781	-0.086849
4.782	-0.212939
4.783	-0.098176
4.784	0.130091
4.785	0.145927
4.786	-0.0426
4.787	-0.149381
4.788	-0.099591
4.789	-0.157904
4.79	-0.422754
4.791	-0.545566
4.792	-0.335931
4.793	-0.099969
4.794	-0.040756
4.795	-0.004648
4.796	0.09085
4.797	0.127715
4.798	0.064777
4.799	0.009759
4.8	-0.045335
4.801	-0.214698
4.802	-0.348495
4.803	-0.190099
4.804	0.110021
4.805	0.190782
4.806	0.039749
4.807	-0.056871
4.808	-0.012158
4.809	-0.081836
4.81	-0.361975
4.811	-0.49398
4.812	-0.274213
4.813	-0.016573
4.814	0.050927
4.815	0.069529
4.816	0.133837
4.817	0.146694
4.818	0.079752
4.819	0.042423
4.82	0.016749
4.821	-0.13198
4.822	-0.271669
4.823	-0.143843
4.824	0.120217
4.825	0.177746
4.826	0.028776
4.827	-0.02092
4.828	0.138232
4.829	0.221046
4.83	0.020011
4.831	-0.18706
4.832	-0.13579
4.833	-0.018403
4.834	-0.009577
4.835	0.007136
4.836	0.085332
4.837	0.118075
4.838	0.10284
4.839	0.181571
4.84	0.31892
4.841	0.279832
4.842	0.103454
4.843	0.07837
4.844	0.1792
4.845	0.129749
4.846	-0.063017
4.847	-0.102758
4.848	0.129572
4.849	0.371406
4.85	0.389256
4.851	0.342824
4.852	0.381474
4.853	0.325963
4.854	0.107146
4.855	-0.06355
4.856	-0.087669
4.857	-0.06822
4.858	-0.008
4.859	0.251014
4.86	0.649777
4.861	0.819656
4.862	0.646763
4.863	0.42319
4.864	0.268087
4.865	0.032392
4.866	-0.24018
4.867	-0.279388
4.868	-0.011508
4.869	0.260041
4.87	0.275449
4.871	0.193944
4.872	0.195579
4.873	0.140374
4.874	-0.032433
4.875	-0.141041
4.876	-0.125735
4.877	-0.119873
4.878	-0.146296
4.879	-0.023282
4.88	0.280842
4.881	0.467996
4.882	0.392224
4.883	0.27548
4.884	0.207766
4.885	0.041521
4.886	-0.184849
4.887	-0.236015
4.888	-0.095075
4.889	-0.076109
4.89	-0.317903
4.891	-0.47797
4.892	-0.331798
4.893	-0.143368
4.894	-0.106036
4.895	-0.091078
4.896	-0.034066
4.897	-0.040202
4.898	-0.107336
4.899	-0.040363
4.9	0.203458
4.901	0.341503
4.902	0.246205
4.903	0.147998
4.904	0.125596
4.905	0.013095
4.906	-0.157834
4.907	-0.13965
4.908	0.104668
4.909	0.24203
4.91	0.050548
4.911	-0.183573
4.912	-0.184434
4.913	-0.134284
4.914	-0.191596
4.915	-0.203081
4.916	-0.072312
4.917	0.073789
4.918	0.120724
4.919	0.110416
4.92	0.045357
4.921	-0.171686
4.922	-0.388282
4.923	-0.283327
4.924	0.048587
4.925	0.190753
4.926	0.041929
4.927	-0.120267
4.928	-0.140487
4.929	-0.224754
4.93	-0.489794
4.931	-0.59704
4.932	-0.342402
4.933	-0.081358
4.934	-0.065677
4.935	-0.086123
4.936	0.024108
4.937	0.147175
4.938	0.167201
4.939	0.147755
4.94	0.112108
4.941	-0.053533
4.942	-0.251675
4.943	-0.20155
4.944	0.02841
4.945	0.09544
4.946	-0.047188
4.947	-0.117722
4.948	0.018608
4.949	0.131664
4.95	0.054672
4.951	0.035283
4.952	0.218508
4.953	0.297132
4.954	0.112974
4.955	-0.079162
4.956	-0.110188
4.957	-0.100686
4.958	-0.152954
4.959	-0.152406
4.96	-0.03208
4.961	0.007325
4.962	-0.105018
4.963	-0.117804
4.964	0.017236
4.965	0.043614
4.966	-0.087299
4.967	-0.132383
4.968	0.009341
4.969	0.090891
4.97	-0.054619
4.971	-0.157097
4.972	-0.020707
4.973	0.094805
4.974	0.020751
4.975	-0.05351
4.976	-0.017256
4.977	-0.009414
4.978	-0.132954
4.979	-0.272931
4.98	-0.32516
4.981	-0.392172
4.982	-0.472736
4.983	-0.354602
4.984	-0.075074
4.985	0.063634
4.986	0.006764
4.987	0.01019
4.988	0.18614
4.989	0.258986
4.99	0.017526
4.991	-0.205188
4.992	-0.076795
4.993	0.140659
4.994	0.147933
4.995	0.067247
4.996	0.04113
4.997	-0.011632
4.998	-0.142226
4.999	-0.19619
5.0	-0.084712
5.001	-0.017724
5.002	-0.101822
5.003	-0.108835
5.004	0.022749
5.005	0.057763
5.006	-0.048812
5.007	-0.049993
5.008	0.174528
5.009	0.37006
5.01	0.295872
5.011	0.17038
5.012	0.241544
5.013	0.308733
5.014	0.190776
5.015	0.050686
5.016	0.003321
5.017	-0.067326
5.018	-0.23889
5.019	-0.378493
5.02	-0.383207
5.021	-0.383794
5.022	-0.419424
5.023	-0.299029
5.024	-0.04605
5.025	0.066568
5.026	-0.000775
5.027	0.005371
5.028	0.193629
5.029	0.286519
5.03	0.060775
5.031	-0.167033
5.032	-0.063469
5.033	0.135475
5.034	0.152489
5.035	0.091507
5.036	0.059941
5.037	-0.031343
5.038	-0.225517
5.039	-0.371628
5.04	-0.367662
5.041	-0.35119
5.042	-0.369547
5.043	-0.247821
5.044	-0.019975
5.045	0.056835
5.046	-0.021734
5.047	0.039362
5.048	0.388436
5.049	0.731312
5.05	0.706177
5.051	0.464412
5.052	0.349451
5.053	0.30065
5.054	0.169732
5.055	0.05441
5.056	0.007258
5.057	-0.080889
5.058	-0.226893
5.059	-0.242852
5.06	-0.050347
5.061	0.090739
5.062	0.023363
5.063	-0.03464
5.064	0.016111
5.065	-0.012192
5.066	-0.151568
5.067	-0.164033
5.068	0.093824
5.069	0.405244
5.07	0.492545
5.071	0.475754
5.072	0.539483
5.073	0.482143
5.074	0.184157
5.075	-0.079339
5.076	-0.113736
5.077	-0.062596
5.078	-0.117898
5.079	-0.250799
5.08	-0.357096
5.081	-0.47636
5.082	-0.56469
5.083	-0.40475
5.084	-0.060199
5.085	0.107136
5.086	0.005813
5.087	-0.056678
5.088	0.159856
5.089	0.468834
5.09	0.56575
5.091	0.547155
5.092	0.597586
5.093	0.52143
5.094	0.200515
5.095	-0.091209
5.096	-0.155997
5.097	-0.116862
5.098	-0.116163
5.099	-0.066147
5.1	0.105611
5.101	0.165685
5.102	-0.009155
5.103	-0.117235
5.104	-0.012317
5.105	0.046396
5.106	-0.062383
5.107	-0.124197
5.108	-0.001186
5.109	0.084352
5.11	-0.062178
5.111	-0.163423
5.112	0.016697
5.113	0.174389
5.114	0.072086
5.115	-0.070627
5.116	-0.06616
5.117	-0.030887
5.118	-0.10731
5.119	-0.212718
5.12	-0.23445
5.121	-0.295703
5.122	-0.435836
5.123	-0.396078
5.124	-0.135589
5.125	0.03152
5.126	-0.00831
5.127	-0.00471
5.128	0.213473
5.129	0.403187
5.13	0.281016
5.131	0.080551
5.132	0.123655
5.133	0.209687
5.134	0.105484
5.135	-0.023678
5.136	-0.02726
5.137	-0.018073
5.138	-0.099524
5.139	-0.132253
5.14	0.009088
5.141	0.106518
5.142	-0.00607
5.143	-0.08402
5.144	0.00816
5.145	0.048913
5.146	-0.045441
5.147	-0.05267
5.148	0.141531
5.149	0.24519
5.15	-0.013096
5.151	-0.301425
5.152	-0.210976
5.153	0.021901
5.154	0.063271
5.155	0.020673
5.156	0.037677
5.157	0.011192
5.158	-0.155944
5.159	-0.320128
5.16	-0.31719
5.161	-0.277469
5.162	-0.318725
5.163	-0.257469
5.164	-0.047676
5.165	0.059414
5.166	-0.00573
5.167	-0.000825
5.168	0.199143
5.169	0.299915
5.17	0.020301
5.171	-0.305798
5.172	-0.24212
5.173	0.002292
5.174	0.085935
5.175	0.079987
5.176	0.097855
5.177	0.036764
5.178	-0.173336
5.179	-0.35607
5.18	-0.331812
5.181	-0.245321
5.182	-0.249343
5.183	-0.188169
5.184	-0.013852
5.185	0.048367
5.186	-0.043777
5.187	-0.028217
5.188	0.241711
5.189	0.490723
5.19	0.405599
5.191	0.208651
5.192	0.240784
5.193	0.324916
5.194	0.227842
5.195	0.096631
5.196	0.073862
5.197	0.061808
5.198	-0.045324
5.199	-0.167006
5.2	-0.219081
5.201	-0.320315
5.202	-0.466498
5.203	-0.37465
5.204	-0.036564
5.205	0.163005
5.206	0.059814
5.207	-0.083486
5.208	-0.036442
5.209	0.025346
5.21	-0.119403
5.211	-0.193896
5.212	0.072664
5.213	0.321853
5.214	0.224736
5.215	0.016986
5.216	-0.031482
5.217	0.001474
5.218	-0.04801
5.219	-0.135257
5.22	-0.164839
5.221	-0.240926
5.222	-0.371997
5.223	-0.298357
5.224	-0.009676
5.225	0.141983
5.226	0.025449
5.227	-0.082467
5.228	0.053282
5.229	0.254825
5.23	0.256254
5.231	0.234676
5.232	0.406781
5.233	0.489263
5.234	0.262526
5.235	-0.008477
5.236	-0.082578
5.237	-0.056107
5.238	-0.073599
5.239	-0.053377
5.24	0.088295
5.241	0.139125
5.242	-0.020788
5.243	-0.107119
5.244	0.011904
5.245	0.067924
5.246	-0.061206
5.247	-0.129164
5.248	0.059373
5.249	0.290574
5.25	0.274327
5.251	0.190322
5.252	0.2935
5.253	0.350853
5.254	0.159828
5.255	-0.044715
5.256	-0.066371
5.257	-0.030795
5.258	-0.09857
5.259	-0.194996
5.26	-0.200059
5.261	-0.232492
5.262	-0.353666
5.263	-0.328499
5.264	-0.105541
5.265	0.018806
5.266	-0.067393
5.267	-0.097925
5.268	0.149537
5.269	0.48736
5.27	0.608051
5.271	0.601653
5.272	0.651661
5.273	0.57097
5.274	0.250804
5.275	-0.035888
5.276	-0.101734
5.277	-0.084689
5.278	-0.140967
5.279	-0.175195
5.28	-0.073865
5.281	-0.032012
5.282	-0.181049
5.283	-0.251704
5.284	-0.108652
5.285	-0.008544
5.286	-0.074962
5.287	-0.080278
5.288	0.147413
5.289	0.376351
5.29	0.313998
5.291	0.160076
5.292	0.208549
5.293	0.265754
5.294	0.131026
5.295	-0.006159
5.296	0.001814
5.297	0.011863
5.298	-0.128445
5.299	-0.316449
5.3	-0.388287
5.301	-0.433601
5.302	-0.522137
5.303	-0.445932
5.304	-0.169356
5.305	0.01207
5.306	-0.017081
5.307	-0.012889
5.308	0.211052
5.309	0.434038
5.31	0.370094
5.311	0.223051
5.312	0.288719
5.313	0.364774
5.314	0.233031
5.315	0.073983
5.316	0.04088
5.317	0.006755
5.318	-0.149196
5.319	-0.277848
5.32	-0.204136
5.321	-0.101425
5.322	-0.152953
5.323	-0.166064
5.324	-0.02798
5.325	0.040696
5.326	-0.047132
5.327	-0.061903
5.328	0.14011
5.329	0.289886
5.33	0.09733
5.331	-0.152946
5.332	-0.072627
5.333	0.127397
5.334	0.145549
5.335	0.094302
5.336	0.099738
5.337	0.043231
5.338	-0.16291
5.339	-0.331459
5.34	-0.263433
5.341	-0.136653
5.342	-0.161144
5.343	-0.164241
5.344	-0.029645
5.345	0.034667
5.346	-0.051248
5.347	-0.053608
5.348	0.174521
5.349	0.359148
5.35	0.193132
5.351	-0.055242
5.352	0.003554
5.353	0.177197
5.354	0.182205
5.355	0.128336
5.356	0.122651
5.357	0.036515
5.358	-0.208353
5.359	-0.406743
5.36	-0.348321
5.361	-0.209482
5.362	-0.20465
5.363	-0.175554
5.364	-0.025379
5.365	0.032021
5.366	-0.0752
5.367	-0.103585
5.368	0.115802
5.369	0.364577
5.37	0.372267
5.371	0.312948
5.372	0.394625
5.373	0.358841
5.374	0.051318
5.375	-0.199808
5.376	-0.141531
5.377	0.069273
5.378	0.191469
5.379	0.249635
5.38	0.342164
5.381	0.300735
5.382	0.057229
5.383	-0.042439
5.384	0.139375
5.385	0.245674
5.386	0.057895
5.387	-0.18747
5.388	-0.231553
5.389	-0.223012
5.39	-0.413862
5.391	-0.578345
5.392	-0.404387
5.393	-0.144231
5.394	-0.107651
5.395	-0.127464
5.396	0.005927
5.397	0.18022
5.398	0.223074
5.399	0.217043
5.4	0.293378
5.401	0.286056
5.402	0.099242
5.403	0.037324
5.404	0.215665
5.405	0.291803
5.406	0.07809
5.407	-0.169419
5.408	-0.18901
5.409	-0.13811
5.41	-0.284825
5.411	-0.41797
5.412	-0.235002
5.413	0.006062
5.414	-0.000316
5.415	-0.074435
5.416	0.003877
5.417	0.130478
5.418	0.145192
5.419	0.148546
5.42	0.28177
5.421	0.358412
5.422	0.231062
5.423	0.160988
5.424	0.272211
5.425	0.271466
5.426	0.01366
5.427	-0.231522
5.428	-0.211694
5.429	-0.112608
5.43	-0.24415
5.431	-0.419948
5.432	-0.311597
5.433	-0.115901
5.434	-0.10493
5.435	-0.127705
5.436	-0.013091
5.437	0.12303
5.438	0.153269
5.439	0.22063
5.44	0.46011
5.441	0.604858
5.442	0.439491
5.443	0.259726
5.444	0.272824
5.445	0.228732
5.446	-0.019064
5.447	-0.220408
5.448	-0.152835
5.449	-0.046862
5.45	-0.255077
5.451	-0.563752
5.452	-0.524887
5.453	-0.263436
5.454	-0.132989
5.455	-0.093044
5.456	0.014204
5.457	0.115258
5.458	0.114639
5.459	0.168382
5.46	0.417406
5.461	0.591873
5.462	0.453975
5.463	0.27424
5.464	0.260993
5.465	0.187956
5.466	-0.069019
5.467	-0.25077
5.468	-0.134277
5.469	0.050352
5.47	-0.053064
5.471	-0.272211
5.472	-0.245444
5.473	-0.117892
5.474	-0.132603
5.475	-0.148998
5.476	-0.027396
5.477	0.094746
5.478	0.089785
5.479	0.112815
5.48	0.314788
5.481	0.438458
5.482	0.264095
5.483	0.08429
5.484	0.114282
5.485	0.111387
5.486	-0.070544
5.487	-0.187439
5.488	-0.027858
5.489	0.167791
5.49	0.042994
5.491	-0.213786
5.492	-0.218582
5.493	-0.102692
5.494	-0.11103
5.495	-0.119455
5.496	-0.003669
5.497	0.105134
5.498	0.110469
5.499	0.198642
5.5	0.499115
5.501	0.668613
5.502	0.446618
5.503	0.205039
5.504	0.233914
5.505	0.245764
5.506	0.00511
5.507	-0.266923
5.508	-0.30412
5.509	-0.260238
5.51	-0.425811
5.511	-0.6038
5.512	-0.456082
5.513	-0.20408
5.514	-0.177386
5.515	-0.222492
5.516	-0.096158
5.517	0.110381
5.518	0.196503
5.519	0.203749
5.52	0.254225
5.521	0.204617
5.522	-0.018989
5.523	-0.096689
5.524	0.100423
5.525	0.218793
5.526	0.038934
5.527	-0.197389
5.528	-0.219956
5.529	-0.187969
5.53	-0.393052
5.531	-0.622653
5.532	-0.505273
5.533	-0.235057
5.534	-0.151907
5.535	-0.145275
5.536	-0.009332
5.537	0.159559
5.538	0.182719
5.539	0.13136
5.54	0.149823
5.541	0.101919
5.542	-0.093306
5.543	-0.1332
5.544	0.092425
5.545	0.224121
5.546	0.050824
5.547	-0.171069
5.548	-0.148361
5.549	-0.009872
5.55	-0.053373
5.551	-0.147977
5.552	-0.007984
5.553	0.171615
5.554	0.10665
5.555	-0.039628
5.556	-0.028372
5.557	0.055668
5.558	0.034508
5.559	-0.017158
5.56	0.046043
5.561	0.067305
5.562	-0.075013
5.563	-0.104096
5.564	0.10139
5.565	0.209478
5.566	0.025901
5.567	-0.190422
5.568	-0.152407
5.569	-0.00369
5.57	-0.066473
5.571	-0.22272
5.572	-0.153963
5.573	0.007638
5.574	0.002355
5.575	-0.05226
5.576	0.016899
5.577	0.103418
5.578	0.057708
5.579	-0.003493
5.58	0.087622
5.581	0.162044
5.582	0.057437
5.583	0.015589
5.584	0.165539
5.585	0.215824
5.586	0.002942
5.587	-0.210131
5.588	-0.145762
5.589	0.039147
5.59	0.00642
5.591	-0.136384
5.592	-0.070146
5.593	0.077863
5.594	0.049424
5.595	-0.040233
5.596	-0.014003
5.597	0.042069
5.598	0.011787
5.599	0.040507
5.6	0.275185
5.601	0.454775
5.602	0.338921
5.603	0.192389
5.604	0.221708
5.605	0.188649
5.606	-0.053807
5.607	-0.250043
5.608	-0.14328
5.609	0.079354
5.61	0.044789
5.611	-0.15461
5.612	-0.169053
5.613	-0.06554
5.614	-0.070016
5.615	-0.09492
5.616	-0.014668
5.617	0.060722
5.618	0.024502
5.619	0.039044
5.62	0.259201
5.621	0.423604
5.622	0.289761
5.623	0.126483
5.624	0.152016
5.625	0.13805
5.626	-0.061374
5.627	-0.200519
5.628	-0.047927
5.629	0.165997
5.63	0.029159
5.631	-0.333197
5.632	-0.444239
5.633	-0.285948
5.634	-0.154225
5.635	-0.078861
5.636	0.030077
5.637	0.08967
5.638	0.024614
5.639	0.011774
5.64	0.206546
5.641	0.343305
5.642	0.188873
5.643	0.051671
5.644	0.167735
5.645	0.239797
5.646	0.024789
5.647	-0.250879
5.648	-0.282028
5.649	-0.181815
5.65	-0.267931
5.651	-0.425084
5.652	-0.319241
5.653	-0.100645
5.654	-0.095626
5.655	-0.193044
5.656	-0.134096
5.657	0.037067
5.658	0.13577
5.659	0.178744
5.66	0.246345
5.661	0.169456
5.662	-0.114085
5.663	-0.235256
5.664	-0.021111
5.665	0.16021
5.666	0.035864
5.667	-0.176232
5.668	-0.177349
5.669	-0.088286
5.67	-0.22493
5.671	-0.451649
5.672	-0.399436
5.673	-0.184262
5.674	-0.127638
5.675	-0.156851
5.676	-0.062299
5.677	0.093378
5.678	0.143675
5.679	0.144978
5.68	0.220336
5.681	0.213738
5.682	0.018534
5.683	-0.068796
5.684	0.099492
5.685	0.202156
5.686	0.025274
5.687	-0.198167
5.688	-0.190724
5.689	-0.096549
5.69	-0.236904
5.691	-0.467016
5.692	-0.40758
5.693	-0.171377
5.694	-0.088965
5.695	-0.106072
5.696	-0.026304
5.697	0.090017
5.698	0.09088
5.699	0.05101
5.7	0.105582
5.701	0.094893
5.702	-0.098979
5.703	-0.178865
5.704	0.013491
5.705	0.157499
5.706	0.027273
5.707	-0.151903
5.708	-0.098848
5.709	0.038373
5.71	-0.111764
5.711	-0.465359
5.712	-0.57621
5.713	-0.394818
5.714	-0.215697
5.715	-0.097637
5.716	0.055406
5.717	0.165175
5.718	0.116511
5.719	0.035145
5.72	0.092028
5.721	0.128206
5.722	-0.011725
5.723	-0.073956
5.724	0.091705
5.725	0.191053
5.726	0.024881
5.727	-0.172015
5.728	-0.11145
5.729	0.084666
5.73	0.080433
5.731	-0.060577
5.732	-0.016029
5.733	0.140692
5.734	0.137596
5.735	0.036622
5.736	0.017898
5.737	0.023568
5.738	-0.060879
5.739	-0.097651
5.74	0.096212
5.741	0.317062
5.742	0.290204
5.743	0.187458
5.744	0.213606
5.745	0.186624
5.746	-0.036115
5.747	-0.225599
5.748	-0.132121
5.749	0.06218
5.75	-0.043452
5.751	-0.386878
5.752	-0.530055
5.753	-0.422299
5.754	-0.344586
5.755	-0.313042
5.756	-0.168835
5.757	0.042706
5.758	0.16849
5.759	0.235181
5.76	0.304675
5.761	0.187442
5.762	-0.158966
5.763	-0.3044
5.764	-0.039574
5.765	0.222989
5.766	0.124065
5.767	-0.152828
5.768	-0.247302
5.769	-0.162621
5.77	-0.152307
5.771	-0.160352
5.772	0.038399
5.773	0.255144
5.774	0.183048
5.775	-0.035339
5.776	-0.094473
5.777	0.00725
5.778	0.106036
5.779	0.223353
5.78	0.432387
5.781	0.511476
5.782	0.294802
5.783	0.101431
5.784	0.182344
5.785	0.264112
5.786	0.077902
5.787	-0.192997
5.788	-0.2458
5.789	-0.164469
5.79	-0.271882
5.791	-0.497521
5.792	-0.473258
5.793	-0.243764
5.794	-0.134127
5.795	-0.13665
5.796	-0.054405
5.797	0.080507
5.798	0.126734
5.799	0.158444
5.8	0.301996
5.801	0.352056
5.802	0.120789
5.803	-0.081671
5.804	0.021196
5.805	0.173914
5.806	0.088529
5.807	-0.084126
5.808	-0.050564
5.809	0.123826
5.81	0.117479
5.811	-0.050568
5.812	-0.049771
5.813	0.111036
5.814	0.147499
5.815	0.061758
5.816	0.041886
5.817	0.07131
5.818	0.026579
5.819	-0.017165
5.82	0.080117
5.821	0.163655
5.822	0.051901
5.823	-0.040404
5.824	0.079028
5.825	0.175954
5.826	0.028814
5.827	-0.173011
5.828	-0.123286
5.829	0.126843
5.83	0.269931
5.831	0.285166
5.832	0.379039
5.833	0.455185
5.834	0.299439
5.835	0.045475
5.836	-0.062349
5.837	-0.052832
5.838	-0.079515
5.839	-0.097592
5.84	0.006751
5.841	0.06689
5.842	-0.084117
5.843	-0.198431
5.844	-0.061496
5.845	0.087061
5.846	0.005292
5.847	-0.137503
5.848	-0.057555
5.849	0.15778
5.85	0.161934
5.851	-0.03761
5.852	-0.093379
5.853	0.020752
5.854	0.043689
5.855	-0.029388
5.856	-0.031547
5.857	0.01263
5.858	-0.016658
5.859	-0.048786
5.86	0.044461
5.861	0.106353
5.862	-0.034628
5.863	-0.14989
5.864	-0.034502
5.865	0.085487
5.866	-0.011641
5.867	-0.151201
5.868	-0.052685
5.869	0.207243
5.87	0.305085
5.871	0.231304
5.872	0.240157
5.873	0.288403
5.874	0.173291
5.875	-0.009048
5.876	-0.060316
5.877	-0.026119
5.878	-0.051208
5.879	-0.077896
5.88	0.023866
5.881	0.100789
5.882	-0.031555
5.883	-0.159049
5.884	-0.06521
5.885	0.050572
5.886	-0.024115
5.887	-0.131766
5.888	-0.024125
5.889	0.184076
5.89	0.140881
5.891	-0.1317
5.892	-0.25648
5.893	-0.166505
5.894	-0.097136
5.895	-0.076906
5.896	0.003754
5.897	0.076319
5.898	0.001286
5.899	-0.153403
5.9	-0.21172
5.901	-0.225881
5.902	-0.317076
5.903	-0.326509
5.904	-0.128016
5.905	0.049964
5.906	0.003888
5.907	-0.101275
5.908	-0.000873
5.909	0.233815
5.91	0.307883
5.911	0.238945
5.912	0.279824
5.913	0.364659
5.914	0.269322
5.915	0.079018
5.916	-0.007118
5.917	-0.030906
5.918	-0.139015
5.919	-0.261248
5.92	-0.200299
5.921	-0.031717
5.922	0.006803
5.923	-0.027184
5.924	0.035724
5.925	0.084889
5.926	-0.023215
5.927	-0.136407
5.928	-0.041212
5.929	0.115914
5.93	-0.030918
5.931	-0.420699
5.932	-0.570297
5.933	-0.35534
5.934	-0.105511
5.935	0.018208
5.936	0.09468
5.937	0.101188
5.938	-0.052915
5.939	-0.268856
5.94	-0.352466
5.941	-0.354869
5.942	-0.414501
5.943	-0.390245
5.944	-0.160693
5.945	0.047098
5.946	0.026236
5.947	-0.066378
5.948	0.024897
5.949	0.218905
5.95	0.198351
5.951	-0.012143
5.952	-0.042949
5.953	0.128737
5.954	0.16322
5.955	0.016365
5.956	-0.061549
5.957	-0.011834
5.958	0.023114
5.959	0.035038
5.96	0.134243
5.961	0.219599
5.962	0.123614
5.963	0.021686
5.964	0.12837
5.965	0.247917
5.966	0.116139
5.967	-0.140784
5.968	-0.212929
5.969	-0.095321
5.97	-0.0772
5.971	-0.197705
5.972	-0.167601
5.973	0.026006
5.974	0.082535
5.975	-0.029099
5.976	-0.080942
5.977	-0.02845
5.978	-0.003539
5.979	7.4e-05
5.98	0.090748
5.981	0.155628
5.982	0.029955
5.983	-0.090941
5.984	0.023866
5.985	0.178218
5.986	0.094861
5.987	-0.113649
5.988	-0.14498
5.989	-0.002531
5.99	0.008235
5.991	-0.162674
5.992	-0.207997
5.993	-0.068597
5.994	-0.008671
5.995	-0.070786
5.996	-0.071414
5.997	0.005015
5.998	0.031757
5.999	0.037407
6.0	0.149412
6.001	0.256427
6.002	0.165915
6.003	0.033502
6.004	0.086212
6.005	0.168387
6.006	0.042142
6.007	-0.17048
6.008	-0.170111
6.009	0.050202
6.01	0.204195
6.011	0.215134
6.012	0.278297
6.013	0.357562
6.014	0.233907
6.015	-0.01381
6.016	-0.129991
6.017	-0.094954
6.018	-0.065958
6.019	-0.054893
6.02	0.033597
6.021	0.082395
6.022	-0.069635
6.023	-0.217328
6.024	-0.11333
6.025	0.060446
6.026	0.028079
6.027	-0.111474
6.028	-0.078131
6.029	0.100024
6.03	0.096168
6.031	-0.138844
6.032	-0.262481
6.033	-0.168558
6.034	-0.100235
6.035	-0.119961
6.036	-0.082233
6.037	0.008605
6.038	0.034938
6.039	0.049974
6.04	0.208139
6.041	0.389974
6.042	0.328795
6.043	0.128168
6.044	0.075178
6.045	0.107143
6.046	0.010195
6.047	-0.13221
6.048	-0.081768
6.049	0.106305
6.05	0.105099
6.051	-0.119759
6.052	-0.219963
6.053	-0.10256
6.054	-0.028095
6.055	-0.062763
6.056	-0.052449
6.057	0.00139
6.058	-0.034226
6.059	-0.122911
6.06	-0.077153
6.061	0.075964
6.062	0.109912
6.063	0.043212
6.064	0.0656
6.065	0.109568
6.066	0.004202
6.067	-0.14275
6.068	-0.094631
6.069	0.081752
6.07	0.05071
6.071	-0.222802
6.072	-0.37484
6.073	-0.274902
6.074	-0.154588
6.075	-0.099411
6.076	-0.007998
6.077	0.079551
6.078	0.020816
6.079	-0.147523
6.08	-0.236697
6.081	-0.2372
6.082	-0.281972
6.083	-0.290228
6.084	-0.125741
6.085	0.049652
6.086	0.027045
6.087	-0.072942
6.088	0.014603
6.089	0.239676
6.09	0.235897
6.091	-0.085475
6.092	-0.324162
6.093	-0.257965
6.094	-0.141639
6.095	-0.139871
6.096	-0.114267
6.097	-0.002256
6.098	0.077358
6.099	0.09145
6.1	0.141486
6.101	0.175546
6.102	0.044966
6.103	-0.094313
6.104	0.010168
6.105	0.199008
6.106	0.149189
6.107	-0.092107
6.108	-0.216583
6.109	-0.155222
6.11	-0.158099
6.111	-0.288983
6.112	-0.258515
6.113	-0.018828
6.114	0.093484
6.115	-0.010925
6.116	-0.077632
6.117	-0.010045
6.118	0.043009
6.119	0.013948
6.12	-0.019682
6.121	-0.097629
6.122	-0.292764
6.123	-0.385122
6.124	-0.16062
6.125	0.138858
6.126	0.156821
6.127	-0.048939
6.128	-0.153
6.129	-0.079057
6.13	-0.083807
6.131	-0.241281
6.132	-0.254917
6.133	-0.048801
6.134	0.063628
6.135	-0.016098
6.136	-0.06679
6.137	-0.009424
6.138	0.029966
6.139	0.037297
6.14	0.140039
6.141	0.277625
6.142	0.244572
6.143	0.127456
6.144	0.160819
6.145	0.239154
6.146	0.112078
6.147	-0.140577
6.148	-0.223923
6.149	-0.10563
6.15	-0.081877
6.151	-0.251964
6.152	-0.31474
6.153	-0.157044
6.154	-0.053841
6.155	-0.103952
6.156	-0.119641
6.157	-0.045004
6.158	0.004591
6.159	0.047738
6.16	0.236364
6.161	0.48202
6.162	0.489214
6.163	0.29114
6.164	0.190896
6.165	0.18628
6.166	0.054218
6.167	-0.157632
6.168	-0.191621
6.169	-0.042818
6.17	-0.029251
6.171	-0.258051
6.172	-0.402701
6.173	-0.297246
6.174	-0.180002
6.175	-0.165228
6.176	-0.113359
6.177	-0.001344
6.178	0.055064
6.179	0.088037
6.18	0.259975
6.181	0.488073
6.182	0.477625
6.183	0.260319
6.184	0.143812
6.185	0.136298
6.186	0.020349
6.187	-0.161461
6.188	-0.156521
6.189	0.053363
6.19	0.179188
6.191	0.106044
6.192	0.066448
6.193	0.13128
6.194	0.09185
6.195	-0.057789
6.196	-0.111389
6.197	-0.050194
6.198	-0.042166
6.199	-0.122825
6.2	-0.144572
6.201	-0.088837
6.202	-0.110607
6.203	-0.169199
6.204	-0.082664
6.205	0.055241
6.206	0.021179
6.207	-0.112955
6.208	-0.091354
6.209	0.073141
6.21	0.057385
6.211	-0.221802
6.212	-0.403272
6.213	-0.306753
6.214	-0.175764
6.215	-0.137583
6.216	-0.07398
6.217	0.015181
6.218	-0.001693
6.219	-0.094714
6.22	-0.052832
6.221	0.146334
6.222	0.244402
6.223	0.162105
6.224	0.093631
6.225	0.061339
6.226	-0.083666
6.227	-0.277992
6.228	-0.28109
6.229	-0.061024
6.23	0.112953
6.231	0.108795
6.232	0.153248
6.233	0.311186
6.234	0.290768
6.235	0.031631
6.236	-0.17024
6.237	-0.171522
6.238	-0.104957
6.239	-0.047368
6.24	0.081367
6.241	0.215841
6.242	0.130095
6.243	-0.093467
6.244	-0.125816
6.245	0.007866
6.246	0.006954
6.247	-0.139747
6.248	-0.160288
6.249	0.02091
6.25	0.138734
6.251	0.054921
6.252	0.017541
6.253	0.13577
6.254	0.148159
6.255	-0.022172
6.256	-0.1335
6.257	-0.093571
6.258	-0.067749
6.259	-0.159313
6.26	-0.274847
6.261	-0.36301
6.262	-0.494421
6.263	-0.5662
6.264	-0.379728
6.265	-0.077837
6.266	0.01959
6.267	-0.073542
6.268	-0.071685
6.269	0.098839
6.27	0.173552
6.271	0.034177
6.272	-0.034161
6.273	0.103146
6.274	0.169423
6.275	0.043169
6.276	-0.064802
6.277	-0.057155
6.278	-0.068332
6.279	-0.157474
6.28	-0.188472
6.281	-0.123833
6.282	-0.145827
6.283	-0.255256
6.284	-0.215483
6.285	-0.050175
6.286	-0.015555
6.287	-0.111176
6.288	-0.091673
6.289	0.087282
6.29	0.153661
6.291	-0.005564
6.292	-0.096852
6.293	0.029934
6.294	0.114922
6.295	0.032783
6.296	-0.032467
6.297	-0.009941
6.298	-0.046435
6.299	-0.209035
6.3	-0.3681
6.301	-0.454146
6.302	-0.557288
6.303	-0.614534
6.304	-0.437098
6.305	-0.136878
6.306	-0.008215
6.307	-0.043244
6.308	0.026042
6.309	0.253383
6.31	0.321432
6.311	0.047195
6.312	-0.227924
6.313	-0.194002
6.314	-0.048851
6.315	-0.002683
6.316	0.029893
6.317	0.079626
6.318	0.014424
6.319	-0.189158
6.32	-0.35904
6.321	-0.407716
6.322	-0.446134
6.323	-0.460018
6.324	-0.295356
6.325	-0.051423
6.326	0.020572
6.327	-0.04132
6.328	0.03054
6.329	0.271647
6.33	0.340831
6.331	0.034579
6.332	-0.301156
6.333	-0.315912
6.334	-0.162407
6.335	-0.050323
6.336	0.05625
6.337	0.141208
6.338	0.068056
6.339	-0.167546
6.34	-0.388273
6.341	-0.521223
6.342	-0.662589
6.343	-0.711317
6.344	-0.438078
6.345	-0.005859
6.346	0.174484
6.347	0.048835
6.348	-0.069137
6.349	-0.007159
6.35	0.041185
6.351	-0.057637
6.352	-0.046496
6.353	0.192099
6.354	0.308213
6.355	0.131941
6.356	-0.056608
6.357	-0.066122
6.358	-0.011878
6.359	0.002779
6.36	0.05554
6.361	0.14545
6.362	0.094534
6.363	-0.056124
6.364	-0.037541
6.365	0.110108
6.366	0.08309
6.367	-0.135437
6.368	-0.243295
6.369	-0.082836
6.37	0.147653
6.371	0.269971
6.372	0.420708
6.373	0.621903
6.374	0.564929
6.375	0.191384
6.376	-0.147092
6.377	-0.239007
6.378	-0.201507
6.379	-0.135393
6.38	0.046503
6.381	0.311021
6.382	0.372086
6.383	0.183045
6.384	0.059573
6.385	0.07499
6.386	-0.017777
6.387	-0.241875
6.388	-0.320469
6.389	-0.122754
6.39	0.125853
6.391	0.227913
6.392	0.328102
6.393	0.487184
6.394	0.432633
6.395	0.104005
6.396	-0.179711
6.397	-0.240865
6.398	-0.223573
6.399	-0.249051
6.4	-0.20846
6.401	-0.045152
6.402	0.027073
6.403	-0.07034
6.404	-0.0937
6.405	0.001135
6.406	-0.029087
6.407	-0.202676
6.408	-0.252922
6.409	-0.080554
6.41	0.051214
6.411	-0.036205
6.412	-0.082592
6.413	0.079214
6.414	0.155141
6.415	-0.011228
6.416	-0.170918
6.417	-0.169329
6.418	-0.141619
6.419	-0.191266
6.42	-0.1959
6.421	-0.085529
6.422	-0.060596
6.423	-0.185584
6.424	-0.202267
6.425	-0.06293
6.426	-0.024399
6.427	-0.130543
6.428	-0.147323
6.429	-0.016283
6.43	-0.041142
6.431	-0.382098
6.432	-0.649725
6.433	-0.528344
6.434	-0.289808
6.435	-0.195431
6.436	-0.126919
6.437	-0.004754
6.438	0.038119
6.439	-0.059599
6.44	-0.133105
6.441	-0.080619
6.442	-0.087502
6.443	-0.221515
6.444	-0.231867
6.445	-0.070483
6.446	0.004373
6.447	-0.066578
6.448	-0.068598
6.449	0.052222
6.45	0.00876
6.451	-0.329627
6.452	-0.55169
6.453	-0.355349
6.454	-0.067116
6.455	0.005011
6.456	-0.008272
6.457	0.021168
6.458	-0.007405
6.459	-0.146961
6.46	-0.225232
6.461	-0.130617
6.462	-0.062083
6.463	-0.13469
6.464	-0.140201
6.465	-0.02661
6.466	-0.013587
6.467	-0.120876
6.468	-0.095428
6.469	0.160118
6.47	0.356977
6.471	0.238303
6.472	0.036932
6.473	0.037341
6.474	0.08207
6.475	0.012042
6.476	-0.034032
6.477	0.00272
6.478	-0.03805
6.479	-0.241039
6.48	-0.448925
6.481	-0.520448
6.482	-0.552585
6.483	-0.574414
6.484	-0.414334
6.485	-0.123527
6.486	0.016847
6.487	-0.021775
6.488	0.01847
6.489	0.224678
6.49	0.283415
6.491	-0.042756
6.492	-0.401166
6.493	-0.382328
6.494	-0.162481
6.495	-0.028167
6.496	0.057683
6.497	0.134432
6.498	0.088048
6.499	-0.105907
6.5	-0.279827
6.501	-0.34672
6.502	-0.435793
6.503	-0.512646
6.504	-0.328385
6.505	0.038768
6.506	0.19999
6.507	0.054845
6.508	-0.109762
6.509	-0.096256
6.51	-0.085659
6.511	-0.243568
6.512	-0.289403
6.513	-0.02243
6.514	0.19793
6.515	0.108728
6.516	-0.047013
6.517	-0.04925
6.518	0.004475
6.519	-0.008221
6.52	-0.008937
6.521	0.046843
6.522	-0.018202
6.523	-0.203636
6.524	-0.200099
6.525	0.022004
6.526	0.122756
6.527	-0.014818
6.528	-0.13938
6.529	-0.083053
6.53	-0.050094
6.531	-0.22411
6.532	-0.323845
6.533	-0.117154
6.534	0.0821
6.535	0.026676
6.536	-0.073787
6.537	-0.042327
6.538	0.014208
6.539	-0.006682
6.54	-0.007863
6.541	0.054384
6.542	-0.013568
6.543	-0.221029
6.544	-0.246616
6.545	-0.041956
6.546	0.06106
6.547	-0.048772
6.548	-0.09734
6.549	0.12298
6.55	0.40631
6.551	0.452338
6.552	0.385105
6.553	0.422282
6.554	0.384035
6.555	0.140445
6.556	-0.070659
6.557	-0.09582
6.558	-0.087036
6.559	-0.18949
6.56	-0.294813
6.561	-0.273087
6.562	-0.262791
6.563	-0.344978
6.564	-0.295109
6.565	-0.067846
6.566	0.051389
6.567	-0.036827
6.568	-0.101539
6.569	-0.004901
6.57	0.029145
6.571	-0.181138
6.572	-0.327084
6.573	-0.14204
6.574	0.070862
6.575	0.044086
6.576	-0.040606
6.577	-0.023892
6.578	-0.027967
6.579	-0.171038
6.58	-0.327753
6.581	-0.352027
6.582	-0.366855
6.583	-0.446592
6.584	-0.371174
6.585	-0.104917
6.586	0.05974
6.587	0.014338
6.588	-0.026349
6.589	0.061954
6.59	0.055636
6.591	-0.208179
6.592	-0.390904
6.593	-0.203919
6.594	0.048606
6.595	0.072684
6.596	0.015293
6.597	0.021165
6.598	-0.013742
6.599	-0.163577
6.6	-0.249407
6.601	-0.118216
6.602	0.009243
6.603	-0.06161
6.604	-0.109444
6.605	0.005997
6.606	0.078849
6.607	0.011918
6.608	-0.028744
6.609	0.012745
6.61	-0.134327
6.611	-0.605343
6.612	-0.936294
6.613	-0.720199
6.614	-0.279226
6.615	-0.028083
6.616	0.073321
6.617	0.130751
6.618	0.061969
6.619	-0.160592
6.62	-0.319135
6.621	-0.24041
6.622	-0.142412
6.623	-0.221823
6.624	-0.250127
6.625	-0.079105
6.626	0.074137
6.627	0.088378
6.628	0.120928
6.629	0.238718
6.63	0.154454
6.631	-0.340174
6.632	-0.80686
6.633	-0.729919
6.634	-0.315503
6.635	0.007958
6.636	0.186621
6.637	0.258065
6.638	0.13718
6.639	-0.163116
6.64	-0.382326
6.641	-0.326891
6.642	-0.219157
6.643	-0.272585
6.644	-0.270071
6.645	-0.059854
6.646	0.145036
6.647	0.199384
6.648	0.202313
6.649	0.169854
6.65	-0.141935
6.651	-0.783783
6.652	-1.215955
6.653	-1.009041
6.654	-0.499667
6.655	-0.138953
6.656	0.06035
6.657	0.170647
6.658	0.129183
6.659	-0.035851
6.66	-0.066284
6.661	0.182942
6.662	0.393416
6.663	0.287965
6.664	0.11873
6.665	0.115321
6.666	0.111782
6.667	-0.006388
6.668	-0.053359
6.669	0.18923
6.67	0.693178
6.671	1.202761
6.672	1.426004
6.673	1.209601
6.674	0.671147
6.675	0.155634
6.676	-0.050963
6.677	0.029075
6.678	0.148254
6.679	0.162873
6.68	0.202741
6.681	0.35632
6.682	0.366173
6.683	0.110349
6.684	-0.037917
6.685	0.126646
6.686	0.291468
6.687	0.202597
6.688	0.012836
6.689	0.012581
6.69	0.300528
6.691	0.73644
6.692	1.062107
6.693	1.057707
6.694	0.728119
6.695	0.333241
6.696	0.135157
6.697	0.136886
6.698	0.142789
6.699	0.068726
6.7	0.090797
6.701	0.306708
6.702	0.415199
6.703	0.220345
6.704	0.056807
6.705	0.161715
6.706	0.281397
6.707	0.194089
6.708	0.059124
6.709	0.169102
6.71	0.592093
6.711	1.083882
6.712	1.302042
6.713	1.102952
6.714	0.656323
6.715	0.282439
6.716	0.164463
6.717	0.206402
6.718	0.186806
6.719	0.058444
6.72	0.038246
6.721	0.234224
6.722	0.336571
6.723	0.147379
6.724	0.004429
6.725	0.141741
6.726	0.299643
6.727	0.249221
6.728	0.141256
6.729	0.269148
6.73	0.715263
6.731	1.247791
6.732	1.518603
6.733	1.359172
6.734	0.910004
6.735	0.478962
6.736	0.263315
6.737	0.200947
6.738	0.110919
6.739	-0.014407
6.74	0.068751
6.741	0.435832
6.742	0.659787
6.743	0.443962
6.744	0.161915
6.745	0.160514
6.746	0.247429
6.747	0.192329
6.748	0.115325
6.749	0.278243
6.75	0.733721
6.751	1.22528
6.752	1.4132
6.753	1.18474
6.754	0.737622
6.755	0.376623
6.756	0.241419
6.757	0.221049
6.758	0.131065
6.759	-0.012548
6.76	0.053617
6.761	0.410446
6.762	0.627236
6.763	0.4013
6.764	0.107562
6.765	0.103697
6.766	0.205405
6.767	0.181353
6.768	0.146715
6.769	0.356317
6.77	0.848229
6.771	1.344432
6.772	1.4945
6.773	1.203974
6.774	0.708594
6.775	0.33696
6.776	0.218921
6.777	0.216912
6.778	0.129977
6.779	-0.023622
6.78	0.034891
6.781	0.407163
6.782	0.668868
6.783	0.487558
6.784	0.195021
6.785	0.143383
6.786	0.189083
6.787	0.145896
6.788	0.136294
6.789	0.373113
6.79	0.821545
6.791	1.158387
6.792	1.097485
6.793	0.699568
6.794	0.2832
6.795	0.099619
6.796	0.151965
6.797	0.242029
6.798	0.172256
6.799	-0.01422
6.8	-0.014269
6.801	0.296238
6.802	0.516567
6.803	0.342881
6.804	0.129641
6.805	0.204494
6.806	0.338659
6.807	0.264168
6.808	0.103043
6.809	0.15379
6.81	0.499323
6.811	0.901525
6.812	1.054115
6.813	0.868897
6.814	0.498872
6.815	0.180008
6.816	0.07307
6.817	0.146048
6.818	0.214201
6.819	0.182493
6.82	0.187174
6.821	0.303277
6.822	0.269392
6.823	-0.024339
6.824	-0.179916
6.825	0.025262
6.826	0.258399
6.827	0.228214
6.828	0.089866
6.829	0.176688
6.83	0.580986
6.831	1.052514
6.832	1.259402
6.833	1.083916
6.834	0.667686
6.835	0.269048
6.836	0.087864
6.837	0.113561
6.838	0.151351
6.839	0.08486
6.84	0.048871
6.841	0.141584
6.842	0.120776
6.843	-0.130441
6.844	-0.239315
6.845	-0.007163
6.846	0.225205
6.847	0.180659
6.848	0.042544
6.849	0.16226
6.85	0.617693
6.851	1.115679
6.852	1.292604
6.853	1.050157
6.854	0.584681
6.855	0.190813
6.856	0.059119
6.857	0.13916
6.858	0.198274
6.859	0.108048
6.86	0.024042
6.861	0.085163
6.862	0.074751
6.863	-0.137721
6.864	-0.210398
6.865	0.044758
6.866	0.299648
6.867	0.280564
6.868	0.108863
6.869	-0.039715
6.87	-0.29087
6.871	-0.767567
6.872	-1.077909
6.873	-0.814978
6.874	-0.283912
6.875	0.039298
6.876	0.160482
6.877	0.234983
6.878	0.225308
6.879	0.104838
6.88	0.080934
6.881	0.296082
6.882	0.44973
6.883	0.295244
6.884	0.140177
6.885	0.227495
6.886	0.306226
6.887	0.165735
6.888	-0.036567
6.889	-0.130925
6.89	-0.30593
6.891	-0.787079
6.892	-1.228739
6.893	-1.127695
6.894	-0.646784
6.895	-0.239629
6.896	0.014837
6.897	0.195136
6.898	0.236791
6.899	0.11964
6.9	0.07196
6.901	0.258445
6.902	0.397378
6.903	0.25327
6.904	0.123034
6.905	0.221296
6.906	0.283271
6.907	0.115644
6.908	-0.089433
6.909	-0.12881
6.91	-0.172867
6.911	-0.452987
6.912	-0.679409
6.913	-0.474192
6.914	-0.09515
6.915	0.06405
6.916	0.074348
6.917	0.108063
6.918	0.101859
6.919	-0.008433
6.92	-0.029138
6.921	0.19783
6.922	0.389909
6.923	0.290891
6.924	0.166573
6.925	0.224069
6.926	0.227139
6.927	0.026471
6.928	-0.157006
6.929	-0.132081
6.93	-0.133453
6.931	-0.480857
6.932	-0.90068
6.933	-0.888567
6.934	-0.54873
6.935	-0.266086
6.936	-0.079831
6.937	0.086684
6.938	0.139924
6.939	0.03112
6.94	-0.017238
6.941	0.176659
6.942	0.342107
6.943	0.222635
6.944	0.086998
6.945	0.150452
6.946	0.165019
6.947	-0.05524
6.948	-0.313184
6.949	-0.378738
6.95	-0.376622
6.951	-0.521733
6.952	-0.586631
6.953	-0.312827
6.954	-0.027746
6.955	-0.059655
6.956	-0.182239
6.957	-0.112219
6.958	0.073343
6.959	0.210407
6.96	0.385396
6.961	0.680154
6.962	0.782082
6.963	0.492055
6.964	0.212974
6.965	0.231874
6.966	0.248378
6.967	0.011429
6.968	-0.274946
6.969	-0.355396
6.97	-0.381092
6.971	-0.624435
6.972	-0.854892
6.973	-0.703399
6.974	-0.391249
6.975	-0.278428
6.976	-0.251786
6.977	-0.098098
6.978	0.094569
6.979	0.167851
6.98	0.214442
6.981	0.353989
6.982	0.361396
6.983	0.100048
6.984	-0.063262
6.985	0.079359
6.986	0.189521
6.987	0.017856
6.988	-0.22329
6.989	-0.277939
6.99	-0.305427
6.991	-0.58387
6.992	-0.870657
6.993	-0.762896
6.994	-0.447754
6.995	-0.287616
6.996	-0.20983
6.997	-0.0381
6.998	0.133711
6.999	0.165356
7.0	0.178613
7.001	0.321731
7.002	0.374279
7.003	0.165375
7.004	0.016675
7.005	0.127494
7.006	0.191253
7.007	-0.00846
7.008	-0.244866
7.009	-0.249351
7.01	-0.161226
7.011	-0.272548
7.012	-0.426279
7.013	-0.302365
7.014	-0.079706
7.015	-0.059973
7.016	-0.119851
7.017	-0.053305
7.018	0.046393
7.019	0.011301
7.02	-0.064944
7.021	-0.017417
7.022	0.004383
7.023	-0.129734
7.024	-0.152046
7.025	0.060399
7.026	0.180259
7.027	0.00929
7.028	-0.20786
7.029	-0.205453
7.03	-0.153475
7.031	-0.386908
7.032	-0.734146
7.033	-0.747581
7.034	-0.483124
7.035	-0.279601
7.036	-0.152055
7.037	0.014636
7.038	0.124533
7.039	0.055609
7.04	-0.053132
7.041	-0.01775
7.042	0.007469
7.043	-0.120131
7.044	-0.140441
7.045	0.069538
7.046	0.187141
7.047	0.017726
7.048	-0.192016
7.049	-0.166302
7.05	-0.050549
7.051	-0.155579
7.052	-0.336065
7.053	-0.25101
7.054	-0.044462
7.055	-0.012362
7.056	-0.063519
7.057	-0.025007
7.058	0.021457
7.059	-0.031084
7.06	-0.021343
7.061	0.215095
7.062	0.418856
7.063	0.33096
7.064	0.19808
7.065	0.224546
7.066	0.181793
7.067	-0.068972
7.068	-0.278109
7.069	-0.211178
7.07	-0.083974
7.071	-0.280745
7.072	-0.656291
7.073	-0.738705
7.074	-0.522089
7.075	-0.301371
7.076	-0.116092
7.077	0.078071
7.078	0.146373
7.079	-0.005697
7.08	-0.177205
7.081	-0.135068
7.082	-0.040281
7.083	-0.105503
7.084	-0.134596
7.085	0.013162
7.086	0.088055
7.087	-0.067397
7.088	-0.239592
7.089	-0.199088
7.09	-0.080343
7.091	-0.157576
7.092	-0.297325
7.093	-0.176505
7.094	0.059094
7.095	0.07174
7.096	-0.056351
7.097	-0.068581
7.098	0.011959
7.099	0.025609
7.1	0.019401
7.101	0.097011
7.102	0.076918
7.103	-0.142613
7.104	-0.222074
7.105	0.004333
7.106	0.174937
7.107	0.02584
7.108	-0.216258
7.109	-0.232184
7.11	-0.105639
7.111	-0.1406
7.112	-0.256936
7.113	-0.150519
7.114	0.053825
7.115	0.049766
7.116	-0.076939
7.117	-0.092872
7.118	-0.032062
7.119	-0.037864
7.12	-0.041593
7.121	0.061324
7.122	0.067784
7.123	-0.145306
7.124	-0.241033
7.125	-0.037602
7.126	0.124184
7.127	-0.009483
7.128	-0.216311
7.129	-0.18994
7.13	-0.03296
7.131	-0.070873
7.132	-0.230196
7.133	-0.183361
7.134	-0.013995
7.135	-0.006126
7.136	-0.094372
7.137	-0.0837
7.138	-0.022658
7.139	-0.039156
7.14	-0.041169
7.141	0.089659
7.142	0.147964
7.143	-0.014523
7.144	-0.101827
7.145	0.051036
7.146	0.136062
7.147	-0.05109
7.148	-0.265529
7.149	-0.203432
7.15	0.031432
7.151	0.11872
7.152	0.101165
7.153	0.210891
7.154	0.300353
7.155	0.148486
7.156	-0.074768
7.157	-0.136625
7.158	-0.099424
7.159	-0.11159
7.16	-0.096811
7.161	0.050759
7.162	0.111345
7.163	-0.076889
7.164	-0.206977
7.165	-0.075959
7.166	0.032918
7.167	-0.093882
7.168	-0.23819
7.169	-0.130713
7.17	0.076865
7.171	0.017291
7.172	-0.240341
7.173	-0.3165
7.174	-0.215762
7.175	-0.181625
7.176	-0.183261
7.177	-0.095268
7.178	-0.002961
7.179	-0.024076
7.18	-0.044036
7.181	0.068384
7.182	0.106198
7.183	-0.093118
7.184	-0.229652
7.185	-0.101141
7.186	0.014915
7.187	-0.094022
7.188	-0.217877
7.189	-0.089516
7.19	0.163454
7.191	0.217863
7.192	0.138078
7.193	0.190149
7.194	0.25466
7.195	0.119009
7.196	-0.06703
7.197	-0.106423
7.198	-0.086086
7.199	-0.158655
7.2	-0.22754
7.201	-0.117989
7.202	0.02334
7.203	-0.022294
7.204	-0.095852
7.205	-0.022764
7.206	0.015213
7.207	-0.125282
7.208	-0.238712
7.209	-0.100498
7.21	0.106703
7.211	0.018918
7.212	-0.265331
7.213	-0.338606
7.214	-0.20011
7.215	-0.116657
7.216	-0.092356
7.217	-0.019079
7.218	0.018543
7.219	-0.099998
7.22	-0.260235
7.221	-0.284123
7.222	-0.284661
7.223	-0.391116
7.224	-0.389955
7.225	-0.169844
7.226	-0.00908
7.227	-0.084747
7.228	-0.179997
7.229	-0.049343
7.23	0.15285
7.231	0.102137
7.232	-0.075492
7.233	-0.014698
7.234	0.164494
7.235	0.115973
7.236	-0.079926
7.237	-0.139025
7.238	-0.057133
7.239	-0.005922
7.24	0.024135
7.241	0.139421
7.242	0.19731
7.243	0.05451
7.244	-0.043229
7.245	0.092033
7.246	0.195015
7.247	0.021335
7.248	-0.248791
7.249	-0.329983
7.25	-0.306427
7.251	-0.46477
7.252	-0.682759
7.253	-0.579456
7.254	-0.251045
7.255	-0.092587
7.256	-0.117426
7.257	-0.092706
7.258	-0.005932
7.259	0.004938
7.26	-0.034043
7.261	-0.030226
7.262	-0.118499
7.263	-0.357848
7.264	-0.417572
7.265	-0.139745
7.266	0.111367
7.267	0.034942
7.268	-0.18054
7.269	-0.206499
7.27	-0.088629
7.271	-0.139159
7.272	-0.333049
7.273	-0.332995
7.274	-0.143902
7.275	-0.0573
7.276	-0.087337
7.277	-0.057988
7.278	0.014964
7.279	0.013063
7.28	0.006117
7.281	0.119492
7.282	0.189816
7.283	0.049311
7.284	-0.059279
7.285	0.064673
7.286	0.167845
7.287	0.008673
7.288	-0.228267
7.289	-0.229047
7.29	-0.031296
7.291	0.071148
7.292	0.069057
7.293	0.176735
7.294	0.293186
7.295	0.183907
7.296	-0.037176
7.297	-0.1269
7.298	-0.099276
7.299	-0.095236
7.3	-0.071784
7.301	0.07103
7.302	0.151856
7.303	0.001962
7.304	-0.122265
7.305	-0.00427
7.306	0.111309
7.307	-0.018551
7.308	-0.218468
7.309	-0.192687
7.31	-0.015045
7.311	-0.024482
7.312	-0.215642
7.313	-0.249557
7.314	-0.109174
7.315	-0.063004
7.316	-0.120961
7.317	-0.113862
7.318	-0.054116
7.319	-0.048542
7.32	-0.022715
7.321	0.142138
7.322	0.266306
7.323	0.151707
7.324	0.013856
7.325	0.067359
7.326	0.108771
7.327	-0.066641
7.328	-0.274786
7.329	-0.223812
7.33	0.021342
7.331	0.139019
7.332	0.108207
7.333	0.163211
7.334	0.238447
7.335	0.117105
7.336	-0.098453
7.337	-0.1851
7.338	-0.159375
7.339	-0.143585
7.34	-0.06536
7.341	0.204577
7.342	0.462321
7.343	0.416508
7.344	0.217562
7.345	0.141014
7.346	0.087106
7.347	-0.112507
7.348	-0.298649
7.349	-0.226188
7.35	-0.013127
7.351	-0.024343
7.352	-0.25826
7.353	-0.354466
7.354	-0.256766
7.355	-0.202963
7.356	-0.211709
7.357	-0.155135
7.358	-0.079825
7.359	-0.103348
7.36	-0.142596
7.361	-0.026076
7.362	0.138102
7.363	0.120653
7.364	0.024375
7.365	0.046145
7.366	0.06182
7.367	-0.090506
7.368	-0.250484
7.369	-0.173566
7.37	0.032186
7.371	0.026271
7.372	-0.167131
7.373	-0.197952
7.374	-0.05584
7.375	-0.018261
7.376	-0.097992
7.377	-0.124864
7.378	-0.111086
7.379	-0.175061
7.38	-0.258864
7.381	-0.211633
7.382	-0.121413
7.383	-0.152018
7.384	-0.172232
7.385	-0.046554
7.386	0.036015
7.387	-0.087477
7.388	-0.234973
7.389	-0.162983
7.39	-0.010956
7.391	-0.159268
7.392	-0.56351
7.393	-0.741894
7.394	-0.551925
7.395	-0.300808
7.396	-0.149266
7.397	-0.03691
7.398	0.007867
7.399	-0.093917
7.4	-0.242809
7.401	-0.270737
7.402	-0.258995
7.403	-0.343697
7.404	-0.348719
7.405	-0.12476
7.406	0.087389
7.407	0.028121
7.408	-0.183168
7.409	-0.251325
7.41	-0.16541
7.411	-0.194241
7.412	-0.352324
7.413	-0.332768
7.414	-0.122029
7.415	-0.034752
7.416	-0.117169
7.417	-0.143869
7.418	-0.059726
7.419	0.014349
7.42	0.081672
7.421	0.233463
7.422	0.337272
7.423	0.21726
7.424	0.070458
7.425	0.134588
7.426	0.220627
7.427	0.064144
7.428	-0.209229
7.429	-0.300664
7.43	-0.238811
7.431	-0.354308
7.432	-0.668465
7.433	-0.770406
7.434	-0.532229
7.435	-0.286683
7.436	-0.193782
7.437	-0.114122
7.438	-0.005336
7.439	0.043309
7.44	0.056783
7.441	0.113545
7.442	0.084508
7.443	-0.129497
7.444	-0.253643
7.445	-0.075669
7.446	0.134786
7.447	0.070313
7.448	-0.14523
7.449	-0.203252
7.45	-0.128426
7.451	-0.258708
7.452	-0.620146
7.453	-0.78413
7.454	-0.585438
7.455	-0.330992
7.456	-0.195737
7.457	-0.081148
7.458	0.033797
7.459	0.073485
7.46	0.086368
7.461	0.15734
7.462	0.146322
7.463	-0.060318
7.464	-0.199405
7.465	-0.058727
7.466	0.110753
7.467	0.025095
7.468	-0.175263
7.469	-0.159285
7.47	0.080834
7.471	0.19526
7.472	0.034476
7.473	-0.129123
7.474	-0.132481
7.475	-0.12795
7.476	-0.164967
7.477	-0.130543
7.478	-0.037468
7.479	0.01002
7.48	0.041115
7.481	0.121495
7.482	0.094605
7.483	-0.152107
7.484	-0.3303
7.485	-0.194831
7.486	0.01749
7.487	0.008325
7.488	-0.119495
7.489	-0.093333
7.49	0.02647
7.491	-0.123
7.492	-0.562295
7.493	-0.817654
7.494	-0.667393
7.495	-0.394184
7.496	-0.198279
7.497	-0.031679
7.498	0.084312
7.499	0.041033
7.5	-0.141643
7.501	-0.355463
7.502	-0.613038
7.503	-0.874977
7.504	-0.859937
7.505	-0.474677
7.506	-0.073391
7.507	0.036734
7.508	-0.004431
7.509	0.117701
7.51	0.390536
7.511	0.464791
7.512	0.230584
7.513	0.024646
7.514	0.044702
7.515	0.108112
7.516	0.099328
7.517	0.08275
7.518	0.041279
7.519	-0.097711
7.52	-0.253994
7.521	-0.283827
7.522	-0.264651
7.523	-0.339336
7.524	-0.372847
7.525	-0.218025
7.526	-0.056066
7.527	-0.083335
7.528	-0.153121
7.529	0.004442
7.53	0.326395
7.531	0.429352
7.532	0.194838
7.533	-0.029395
7.534	-0.045415
7.535	-0.050709
7.536	-0.132575
7.537	-0.140041
7.538	-0.037449
7.539	0.04816
7.54	0.063779
7.541	0.021325
7.542	-0.18808
7.543	-0.570162
7.544	-0.75971
7.545	-0.498409
7.546	-0.088671
7.547	0.057428
7.548	-0.024573
7.549	-0.030758
7.55	0.075325
7.551	0.000861
7.552	-0.306752
7.553	-0.45858
7.554	-0.287508
7.555	-0.099719
7.556	-0.068275
7.557	-0.047056
7.558	0.034991
7.559	0.091385
7.56	0.112257
7.561	0.149253
7.562	0.07832
7.563	-0.217425
7.564	-0.468425
7.565	-0.364642
7.566	-0.084151
7.567	0.020584
7.568	-0.035742
7.569	-0.001028
7.57	0.119548
7.571	0.019858
7.572	-0.340827
7.573	-0.551759
7.574	-0.420302
7.575	-0.223254
7.576	-0.125712
7.577	-0.017466
7.578	0.115665
7.579	0.137227
7.58	0.000312
7.581	-0.228097
7.582	-0.547493
7.583	-0.91172
7.584	-1.020576
7.585	-0.681536
7.586	-0.188499
7.587	0.066012
7.588	0.094281
7.589	0.150755
7.59	0.233629
7.591	0.046469
7.592	-0.428032
7.593	-0.736285
7.594	-0.631702
7.595	-0.36613
7.596	-0.143327
7.597	0.072351
7.598	0.246741
7.599	0.252143
7.6	0.097854
7.601	-0.079038
7.602	-0.267017
7.603	-0.522056
7.604	-0.658165
7.605	-0.462123
7.606	-0.113196
7.607	0.068072
7.608	0.092021
7.609	0.19121
7.61	0.360674
7.611	0.288953
7.612	-0.111001
7.613	-0.440856
7.614	-0.416179
7.615	-0.226439
7.616	-0.059619
7.617	0.113394
7.618	0.249885
7.619	0.212931
7.62	0.01464
7.621	-0.187219
7.622	-0.360032
7.623	-0.565235
7.624	-0.650979
7.625	-0.433147
7.626	-0.086488
7.627	0.090998
7.628	0.117496
7.629	0.214161
7.63	0.366667
7.631	0.271503
7.632	-0.137819
7.633	-0.445232
7.634	-0.371946
7.635	-0.140068
7.636	0.033973
7.637	0.179204
7.638	0.268811
7.639	0.181977
7.64	-0.048411
7.641	-0.236389
7.642	-0.339682
7.643	-0.45731
7.644	-0.499942
7.645	-0.31135
7.646	-0.036648
7.647	0.075782
7.648	0.069411
7.649	0.167347
7.65	0.369875
7.651	0.409693
7.652	0.212496
7.653	0.080877
7.654	0.164416
7.655	0.240618
7.656	0.199084
7.657	0.162247
7.658	0.137241
7.659	0.003515
7.66	-0.194197
7.661	-0.237997
7.662	-0.1058
7.663	-0.030311
7.664	-0.062214
7.665	-0.034883
7.666	0.032535
7.667	-0.004669
7.668	-0.073791
7.669	0.033818
7.67	0.311589
7.671	0.509076
7.672	0.529963
7.673	0.553746
7.674	0.597172
7.675	0.441087
7.676	0.107188
7.677	-0.120515
7.678	-0.137948
7.679	-0.092805
7.68	-0.051703
7.681	0.093422
7.682	0.287252
7.683	0.267653
7.684	0.062888
7.685	-0.009374
7.686	0.072888
7.687	0.053588
7.688	-0.097497
7.689	-0.16286
7.69	-0.058679
7.691	0.067294
7.692	0.163868
7.693	0.356024
7.694	0.549269
7.695	0.46077
7.696	0.139793
7.697	-0.076707
7.698	-0.077201
7.699	-0.032439
7.7	-0.017713
7.701	0.086698
7.702	0.24274
7.703	0.197821
7.704	-0.021442
7.705	-0.096156
7.706	0.007335
7.707	0.03949
7.708	-0.04434
7.709	-0.057105
7.71	0.057588
7.711	0.144156
7.712	0.170274
7.713	0.297845
7.714	0.464631
7.715	0.397113
7.716	0.1281
7.717	-0.038306
7.718	-0.024371
7.719	-0.019829
7.72	-0.08503
7.721	-0.021021
7.722	0.234149
7.723	0.389444
7.724	0.291356
7.725	0.16506
7.726	0.122449
7.727	0.029404
7.728	-0.111398
7.729	-0.125292
7.73	0.036124
7.731	0.24921
7.732	0.493317
7.733	0.832529
7.734	1.057182
7.735	0.851195
7.736	0.333747
7.737	-0.068337
7.738	-0.202078
7.739	-0.250937
7.74	-0.288787
7.741	-0.102452
7.742	0.366446
7.743	0.724066
7.744	0.67919
7.745	0.436722
7.746	0.207345
7.747	-0.040856
7.748	-0.2577
7.749	-0.251784
7.75	0.048022
7.751	0.512065
7.752	0.995916
7.753	1.376071
7.754	1.410377
7.755	0.949772
7.756	0.269619
7.757	-0.186012
7.758	-0.322116
7.759	-0.372257
7.76	-0.427847
7.761	-0.265259
7.762	0.195779
7.763	0.572732
7.764	0.567234
7.765	0.371401
7.766	0.192201
7.767	-0.001492
7.768	-0.178718
7.769	-0.211741
7.77	-0.131697
7.771	-0.122322
7.772	-0.17986
7.773	-0.089675
7.774	0.119216
7.775	0.168912
7.776	0.045154
7.777	-0.009342
7.778	0.036434
7.779	-0.053387
7.78	-0.402398
7.781	-0.826051
7.782	-1.10132
7.783	-1.216463
7.784	-1.153282
7.785	-0.802625
7.786	-0.29015
7.787	0.079224
7.788	0.230641
7.789	0.322376
7.79	0.401155
7.791	0.308814
7.792	0.037105
7.793	-0.104062
7.794	0.029234
7.795	0.181582
7.796	0.199736
7.797	0.210669
7.798	0.236085
7.799	0.1284
7.8	-0.080291
7.801	-0.081682
7.802	0.242242
7.803	0.520728
7.804	0.4632
7.805	0.272795
7.806	0.154405
7.807	0.043712
7.808	-0.059729
7.809	0.02271
7.81	0.420138
7.811	1.060176
7.812	1.733175
7.813	2.170457
7.814	2.094821
7.815	1.456612
7.816	0.614921
7.817	0.021223
7.818	-0.244629
7.819	-0.409165
7.82	-0.521474
7.821	-0.291332
7.822	0.380428
7.823	1.004177
7.824	1.11355
7.825	0.832469
7.826	0.444105
7.827	0.04078
7.828	-0.26696
7.829	-0.310847
7.83	-0.070291
7.831	0.29623
7.832	0.672595
7.833	1.03341
7.834	1.198044
7.835	0.936214
7.836	0.388772
7.837	-0.059016
7.838	-0.292834
7.839	-0.503627
7.84	-0.748016
7.841	-0.750525
7.842	-0.34905
7.843	0.101805
7.844	0.230058
7.845	0.151668
7.846	0.062846
7.847	-0.060209
7.848	-0.182863
7.849	-0.1389
7.85	0.122913
7.851	0.456033
7.852	0.742121
7.853	0.981043
7.854	1.044893
7.855	0.731489
7.856	0.174717
7.857	-0.230262
7.858	-0.337024
7.859	-0.341178
7.86	-0.359678
7.861	-0.19242
7.862	0.269095
7.863	0.657613
7.864	0.654089
7.865	0.46427
7.866	0.307801
7.867	0.097765
7.868	-0.181678
7.869	-0.344504
7.87	-0.280215
7.871	-0.078687
7.872	0.192914
7.873	0.571737
7.874	0.878353
7.875	0.766052
7.876	0.281202
7.877	-0.142555
7.878	-0.290118
7.879	-0.327276
7.88	-0.371499
7.881	-0.234583
7.882	0.18257
7.883	0.515717
7.884	0.46822
7.885	0.277265
7.886	0.170143
7.887	0.034473
7.888	-0.175118
7.889	-0.283662
7.89	-0.180215
7.891	0.041572
7.892	0.307814
7.893	0.657716
7.894	0.926984
7.895	0.790098
7.896	0.301329
7.897	-0.120591
7.898	-0.277678
7.899	-0.335555
7.9	-0.400506
7.901	-0.269868
7.902	0.169169
7.903	0.547326
7.904	0.536736
7.905	0.344789
7.906	0.201961
7.907	0.027786
7.908	-0.197116
7.909	-0.304695
7.91	-0.227212
7.911	-0.115165
7.912	-0.037927
7.913	0.166397
7.914	0.463837
7.915	0.509482
7.916	0.225735
7.917	-0.072048
7.918	-0.203129
7.919	-0.292832
7.92	-0.405442
7.921	-0.324482
7.922	0.058441
7.923	0.377142
7.924	0.329685
7.925	0.147961
7.926	0.045223
7.927	-0.108351
7.928	-0.361722
7.929	-0.524957
7.93	-0.470862
7.931	-0.309735
7.932	-0.2182
7.933	-0.287204
7.934	-0.523468
7.935	-0.761109
7.936	-0.712462
7.937	-0.302164
7.938	0.200685
7.939	0.445818
7.94	0.322009
7.941	0.003002
7.942	-0.341329
7.943	-0.703901
7.944	-0.935879
7.945	-0.738691
7.946	-0.197002
7.947	0.243291
7.948	0.372308
7.949	0.333107
7.95	0.190901
7.951	-0.277205
7.952	-1.096018
7.953	-1.68567
7.954	-1.562665
7.955	-0.988564
7.956	-0.39216
7.957	0.122265
7.958	0.506503
7.959	0.650617
7.96	0.592048
7.961	0.54719
7.962	0.566984
7.963	0.40551
7.964	0.056966
7.965	-0.08759
7.966	0.08665
7.967	0.268588
7.968	0.282431
7.969	0.235215
7.97	0.13566
7.971	-0.280901
7.972	-1.061043
7.973	-1.634435
7.974	-1.516291
7.975	-0.95345
7.976	-0.360847
7.977	0.151638
7.978	0.513732
7.979	0.586393
7.98	0.376901
7.981	0.112422
7.982	-0.050517
7.983	-0.226407
7.984	-0.417777
7.985	-0.357143
7.986	-0.038511
7.987	0.194485
7.988	0.196327
7.989	0.184553
7.99	0.37003
7.991	0.668162
7.992	0.819994
7.993	0.654268
7.994	0.22176
7.995	-0.183712
7.996	-0.233903
7.997	0.093595
7.998	0.482205
7.999	0.59459
8.0	0.384052
8.001	0.107328
8.002	-0.041733
8.003	-0.176105
8.004	-0.330664
8.005	-0.262634
8.006	0.04531
8.007	0.269785
8.008	0.246649
8.009	0.11899
8.01	-0.012125
8.011	-0.308794
8.012	-0.815321
8.013	-1.078107
8.014	-0.775572
8.015	-0.289511
8.016	-0.017185
8.017	0.139545
8.018	0.325014
8.019	0.463068
8.02	0.507043
8.021	0.578471
8.022	0.676548
8.023	0.547934
8.024	0.20796
8.025	0.070647
8.026	0.236352
8.027	0.338834
8.028	0.180055
8.029	-0.049456
8.03	-0.168718
8.031	-0.295455
8.032	-0.514282
8.033	-0.511588
8.034	-0.116027
8.035	0.250228
8.036	0.262396
8.037	0.131098
8.038	0.088156
8.039	0.086655
8.04	0.081928
8.041	0.235078
8.042	0.59036
8.043	0.800924
8.044	0.664479
8.045	0.480845
8.046	0.431734
8.047	0.305261
8.048	0.007185
8.049	-0.261316
8.05	-0.381827
8.051	-0.55742
8.052	-0.906505
8.053	-1.039987
8.054	-0.670512
8.055	-0.189151
8.056	0.011583
8.057	0.044527
8.058	0.081944
8.059	0.082217
8.06	0.02772
8.061	0.077891
8.062	0.277618
8.063	0.349356
8.064	0.185278
8.065	0.099979
8.066	0.214338
8.067	0.251035
8.068	0.077633
8.069	-0.116392
8.07	-0.212447
8.071	-0.418085
8.072	-0.855311
8.073	-1.108199
8.074	-0.822427
8.075	-0.330371
8.076	-0.036359
8.077	0.100183
8.078	0.192672
8.079	0.190224
8.08	0.075677
8.081	-0.022359
8.082	-0.068127
8.083	-0.237918
8.084	-0.487901
8.085	-0.456644
8.086	-0.108275
8.087	0.157393
8.088	0.143958
8.089	0.096555
8.09	0.302637
8.091	0.693629
8.092	0.898779
8.093	0.650626
8.094	0.085294
8.095	-0.369046
8.096	-0.389532
8.097	-0.029953
8.098	0.377486
8.099	0.538488
8.1	0.433149
8.101	0.268282
8.102	0.137492
8.103	-0.110789
8.104	-0.426742
8.105	-0.441215
8.106	-0.099385
8.107	0.208055
8.108	0.261701
8.109	0.270919
8.11	0.518881
8.111	0.980531
8.112	1.329871
8.113	1.252327
8.114	0.744988
8.115	0.169975
8.116	-0.054905
8.117	0.141378
8.118	0.456744
8.119	0.54079
8.12	0.285145
8.121	-0.143743
8.122	-0.5597
8.123	-0.94015
8.124	-1.156983
8.125	-0.922468
8.126	-0.312875
8.127	0.202948
8.128	0.394714
8.129	0.502921
8.13	0.838357
8.131	1.330931
8.132	1.539157
8.133	1.14342
8.134	0.361551
8.135	-0.23531
8.136	-0.277344
8.137	0.125217
8.138	0.587166
8.139	0.823854
8.14	0.863748
8.141	0.951742
8.142	1.122885
8.143	1.021189
8.144	0.553683
8.145	0.217682
8.146	0.282869
8.147	0.41519
8.148	0.32546
8.149	0.129957
8.15	0.021038
8.151	-0.071928
8.152	-0.229268
8.153	-0.160406
8.154	0.286128
8.155	0.643743
8.156	0.551408
8.157	0.261397
8.158	0.089301
8.159	0.029568
8.16	0.032068
8.161	0.278844
8.162	0.856519
8.163	1.329113
8.164	1.289855
8.165	0.98085
8.166	0.718969
8.167	0.412859
8.168	-0.019194
8.169	-0.408942
8.17	-0.638347
8.171	-0.846286
8.172	-1.0641
8.173	-0.904018
8.174	-0.237323
8.175	0.335004
8.176	0.363706
8.177	0.109835
8.178	-0.072428
8.179	-0.167421
8.18	-0.225801
8.181	-0.07662
8.182	0.376746
8.183	0.759586
8.184	0.73771
8.185	0.558136
8.186	0.470645
8.187	0.30936
8.188	-0.033814
8.189	-0.35776
8.19	-0.492159
8.191	-0.580802
8.192	-0.741983
8.193	-0.636488
8.194	-0.058565
8.195	0.470044
8.196	0.478673
8.197	0.178594
8.198	-0.078671
8.199	-0.239262
8.2	-0.300818
8.201	-0.047977
8.202	0.601843
8.203	1.168617
8.204	1.200542
8.205	0.923757
8.206	0.657881
8.207	0.324455
8.208	-0.128965
8.209	-0.4846
8.21	-0.562691
8.211	-0.487015
8.212	-0.398022
8.213	-0.076195
8.214	0.546778
8.215	0.931595
8.216	0.702089
8.217	0.172478
8.218	-0.244479
8.219	-0.479903
8.22	-0.561336
8.221	-0.335842
8.222	0.231095
8.223	0.688176
8.224	0.670046
8.225	0.452416
8.226	0.322455
8.227	0.12297
8.228	-0.244459
8.229	-0.494815
8.23	-0.259757
8.231	0.49702
8.232	1.380241
8.233	1.858674
8.234	1.682447
8.235	1.047932
8.236	0.384296
8.237	-0.012548
8.238	-0.158716
8.239	-0.234754
8.24	-0.276043
8.241	-0.063563
8.242	0.473557
8.243	0.890127
8.244	0.816442
8.245	0.532074
8.246	0.352291
8.247	0.153095
8.248	-0.161541
8.249	-0.343213
8.25	-0.08709
8.251	0.565307
8.252	1.175193
8.253	1.301834
8.254	0.919147
8.255	0.376874
8.256	0.024775
8.257	-0.051563
8.258	-0.010797
8.259	-0.037522
8.26	-0.097077
8.261	0.082889
8.262	0.582816
8.263	0.950717
8.264	0.82
8.265	0.489824
8.266	0.297776
8.267	0.124884
8.268	-0.138716
8.269	-0.263733
8.27	0.038074
8.271	0.708715
8.272	1.297031
8.273	1.369697
8.274	0.93245
8.275	0.368407
8.276	0.030846
8.277	-0.019048
8.278	0.048837
8.279	0.072661
8.28	0.095966
8.281	0.319052
8.282	0.707317
8.283	0.809802
8.284	0.44727
8.285	0.116313
8.286	0.138882
8.287	0.189988
8.288	-0.018694
8.289	-0.26842
8.29	-0.146556
8.291	0.449296
8.292	1.172272
8.293	1.545698
8.294	1.370542
8.295	0.825426
8.296	0.263491
8.297	-0.050612
8.298	-0.093198
8.299	-0.024406
8.3	0.036426
8.301	0.137997
8.302	0.274601
8.303	0.205558
8.304	-0.094276
8.305	-0.206788
8.306	0.029393
8.307	0.231446
8.308	0.117814
8.309	-0.143078
8.31	-0.309478
8.311	-0.47227
8.312	-0.777898
8.313	-0.906965
8.314	-0.537051
8.315	-0.01751
8.316	0.185849
8.317	0.123686
8.318	0.037608
8.319	-0.00573
8.32	-0.017496
8.321	0.068691
8.322	0.230693
8.323	0.204125
8.324	-0.061006
8.325	-0.164625
8.326	0.051673
8.327	0.216523
8.328	0.068752
8.329	-0.201645
8.33	-0.347818
8.331	-0.492113
8.332	-0.842544
8.333	-1.096866
8.334	-0.835771
8.335	-0.299578
8.336	0.020399
8.337	0.068085
8.338	0.027995
8.339	-0.01662
8.34	-0.03078
8.341	0.085781
8.342	0.314439
8.343	0.362971
8.344	0.136098
8.345	0.006105
8.346	0.145923
8.347	0.222819
8.348	0.007155
8.349	-0.293045
8.35	-0.420858
8.351	-0.50136
8.352	-0.768663
8.353	-0.962069
8.354	-0.689083
8.355	-0.184796
8.356	0.077249
8.357	0.050459
8.358	-0.067103
8.359	-0.168959
8.36	-0.216202
8.361	-0.138764
8.362	0.027237
8.363	0.033274
8.364	-0.169811
8.365	-0.237192
8.366	-0.044279
8.367	0.079291
8.368	-0.067755
8.369	-0.272925
8.37	-0.311577
8.371	-0.373632
8.372	-0.753635
8.373	-1.156796
8.374	-1.032973
8.375	-0.490848
8.376	-0.054574
8.377	0.092463
8.378	0.072093
8.379	-0.038297
8.38	-0.275928
8.381	-0.69087
8.382	-1.243402
8.383	-1.730329
8.384	-1.804399
8.385	-1.276993
8.386	-0.452553
8.387	0.105297
8.388	0.180015
8.389	0.057903
8.39	0.034027
8.391	-0.1018
8.392	-0.790076
8.393	-1.824858
8.394	-2.366318
8.395	-2.006722
8.396	-1.119953
8.397	-0.243416
8.398	0.314232
8.399	0.475535
8.4	0.321684
8.401	-0.020502
8.402	-0.48077
8.403	-0.990397
8.404	-1.276328
8.405	-1.011588
8.406	-0.331188
8.407	0.2139
8.408	0.319401
8.409	0.212548
8.41	0.223554
8.411	0.259461
8.412	-0.02496
8.413	-0.514473
8.414	-0.681409
8.415	-0.402479
8.416	-0.032758
8.417	0.168674
8.418	0.183561
8.419	0.083011
8.42	-0.026667
8.421	-0.043053
8.422	-0.009763
8.423	-0.12792
8.424	-0.366331
8.425	-0.371615
8.426	-0.070001
8.427	0.161076
8.428	0.087652
8.429	-0.072355
8.43	-0.03284
8.431	0.070537
8.432	-0.146005
8.433	-0.602436
8.434	-0.781288
8.435	-0.527749
8.436	-0.153826
8.437	0.087326
8.438	0.144851
8.439	0.039268
8.44	-0.203532
8.441	-0.574554
8.442	-1.051923
8.443	-1.489837
8.444	-1.573807
8.445	-1.106273
8.446	-0.355519
8.447	0.151044
8.448	0.207379
8.449	0.097494
8.45	0.137358
8.451	0.149786
8.452	-0.334024
8.453	-1.21961
8.454	-1.754632
8.455	-1.514279
8.456	-0.811564
8.457	-0.139379
8.458	0.2477
8.459	0.358905
8.46	0.345896
8.461	0.295808
8.462	0.097348
8.463	-0.378807
8.464	-0.869773
8.465	-0.849226
8.466	-0.281581
8.467	0.250988
8.468	0.313227
8.469	0.072402
8.47	-0.083344
8.471	-0.127524
8.472	-0.315744
8.473	-0.547673
8.474	-0.433203
8.475	-0.03535
8.476	0.204592
8.477	0.128718
8.478	-0.076147
8.479	-0.168268
8.48	0.062338
8.481	0.756344
8.482	1.687567
8.483	2.143556
8.484	1.738283
8.485	1.00202
8.486	0.518271
8.487	0.207071
8.488	-0.165196
8.489	-0.497787
8.49	-0.609687
8.491	-0.683422
8.492	-1.089976
8.493	-1.691062
8.494	-1.917378
8.495	-1.604531
8.496	-1.062286
8.497	-0.557215
8.498	-0.207195
8.499	-0.018054
8.5	0.161732
8.501	0.51813
8.502	0.962308
8.503	1.071987
8.504	0.699423
8.505	0.296805
8.506	0.197526
8.507	0.183634
8.508	0.019048
8.509	-0.165247
8.51	-0.186141
8.511	-0.291301
8.512	-1.016272
8.513	-2.380765
8.514	-3.60409
8.515	-3.819844
8.516	-2.808748
8.517	-1.116771
8.518	0.393386
8.519	1.159055
8.52	1.04149
8.521	0.0198
8.522	-1.811172
8.523	-3.805615
8.524	-4.766785
8.525	-3.915484
8.526	-1.764799
8.527	0.345028
8.528	1.501672
8.529	1.778911
8.53	1.681294
8.531	1.32685
8.532	0.418568
8.533	-0.993701
8.534	-2.213418
8.535	-2.512345
8.536	-1.714229
8.537	-0.283076
8.538	1.013884
8.539	1.691248
8.54	1.778684
8.541	1.512258
8.542	0.954587
8.543	0.051618
8.544	-0.8677
8.545	-1.11624
8.546	-0.510923
8.547	0.330764
8.548	0.771102
8.549	0.81806
8.55	0.978559
8.551	1.690912
8.552	2.937619
8.553	4.245535
8.554	4.938521
8.555	4.546677
8.556	3.182411
8.557	1.476524
8.558	0.0755
8.559	-0.714194
8.56	-0.789321
8.561	0.02043
8.562	1.722394
8.563	3.608319
8.564	4.559442
8.565	4.108297
8.566	2.675119
8.567	0.943273
8.568	-0.530461
8.569	-1.405743
8.57	-1.659678
8.571	-1.589781
8.572	-1.437794
8.573	-0.9883
8.574	-0.071399
8.575	0.776197
8.576	0.910343
8.577	0.38347
8.578	-0.320367
8.579	-0.867967
8.58	-1.221615
8.581	-1.488089
8.582	-1.757621
8.583	-1.996773
8.584	-1.990106
8.585	-1.531823
8.586	-0.778457
8.587	-0.183278
8.588	0.002556
8.589	-0.053036
8.59	-0.129557
8.591	-0.42137
8.592	-1.372104
8.593	-2.888869
8.594	-4.099395
8.595	-4.122196
8.596	-2.845221
8.597	-1.001055
8.598	0.434242
8.599	1.035434
8.6	1.149652
8.601	1.427794
8.602	2.067216
8.603	2.475264
8.604	2.095936
8.605	1.267636
8.606	0.638598
8.607	0.354415
8.608	0.255139
8.609	0.280982
8.61	0.389571
8.611	0.256792
8.612	-0.584893
8.613	-2.065704
8.614	-3.357078
8.615	-3.565257
8.616	-2.474554
8.617	-0.713821
8.618	0.732359
8.619	1.326923
8.62	1.282417
8.621	1.139878
8.622	1.112476
8.623	0.891086
8.624	0.315846
8.625	-0.166912
8.626	-0.163005
8.627	0.154923
8.628	0.456149
8.629	0.660432
8.63	0.819097
8.631	0.830047
8.632	0.549297
8.633	0.214295
8.634	0.261849
8.635	0.681393
8.636	1.06641
8.637	1.126612
8.638	0.823062
8.639	0.31087
8.64	-0.051287
8.641	0.185468
8.642	1.108759
8.643	2.071796
8.644	2.28477
8.645	1.711699
8.646	0.833128
8.647	-0.037355
8.648	-0.679936
8.649	-0.59977
8.65	0.892376
8.651	4.01388
8.652	7.82237
8.653	10.542041
8.654	10.664622
8.655	7.719034
8.656	2.684088
8.657	-2.28054
8.658	-5.353929
8.659	-6.315641
8.66	-6.121107
8.661	-5.787451
8.662	-5.812497
8.663	-6.04503
8.664	-5.829167
8.665	-4.665606
8.666	-2.924355
8.667	-1.564749
8.668	-1.123
8.669	-1.342687
8.67	-1.750378
8.671	-2.195275
8.672	-2.582683
8.673	-2.420396
8.674	-1.411688
8.675	-0.191618
8.676	0.393567
8.677	0.245443
8.678	-0.218465
8.679	-0.671671
8.68	-1.029671
8.681	-1.327026
8.682	-1.622429
8.683	-1.911819
8.684	-2.01407
8.685	-1.705154
8.686	-1.085526
8.687	-0.574574
8.688	-0.434636
8.689	-0.498979
8.69	-0.387589
8.691	0.158369
8.692	1.132068
8.693	2.253149
8.694	3.025801
8.695	3.005975
8.696	2.178748
8.697	0.987925
8.698	-0.061199
8.699	-0.717966
8.7	-0.879798
8.701	-0.378067
8.702	0.802925
8.703	2.099491
8.704	2.692402
8.705	2.336666
8.706	1.406762
8.707	0.354996
8.708	-0.490775
8.709	-0.955935
8.71	-1.182083
8.711	-1.650054
8.712	-2.674346
8.713	-3.704776
8.714	-3.710224
8.715	-2.500724
8.716	-0.942578
8.717	0.114174
8.718	0.447024
8.719	0.276582
8.72	0.00481
8.721	0.01831
8.722	0.377303
8.723	0.67883
8.724	0.585167
8.725	0.275925
8.726	-0.000331
8.727	-0.312315
8.728	-0.695932
8.729	-0.788716
8.73	0.106508
8.731	2.552434
8.732	6.214661
8.733	9.544708
8.734	10.646342
8.735	8.663222
8.736	4.457605
8.737	0.058342
8.738	-2.837644
8.739	-3.9871
8.74	-4.330136
8.741	-4.992432
8.742	-6.426898
8.743	-7.978917
8.744	-8.346451
8.745	-6.798505
8.746	-3.943475
8.747	-1.214699
8.748	0.385564
8.749	0.884292
8.75	0.741455
8.751	0.021541
8.752	-1.582271
8.753	-3.957033
8.754	-6.203438
8.755	-7.132612
8.756	-5.946775
8.757	-2.908075
8.758	0.530153
8.759	2.84092
8.76	3.600673
8.761	3.344232
8.762	2.717397
8.763	2.048903
8.764	1.461356
8.765	1.063692
8.766	0.921456
8.767	0.937503
8.768	0.941472
8.769	0.892015
8.77	0.859923
8.771	0.826473
8.772	0.709179
8.773	0.636302
8.774	0.820289
8.775	1.13624
8.776	1.272682
8.777	1.152939
8.778	0.894326
8.779	0.617962
8.78	0.50794
8.781	0.898819
8.782	1.969609
8.783	3.223534
8.784	3.754327
8.785	3.211817
8.786	2.011488
8.787	0.724509
8.788	-0.266489
8.789	-0.778153
8.79	-0.902646
8.791	-1.054226
8.792	-1.60142
8.793	-2.240343
8.794	-2.225018
8.795	-1.423987
8.796	-0.462931
8.797	0.132091
8.798	0.30278
8.799	0.241291
8.8	0.240574
8.801	0.595906
8.802	1.294139
8.803	1.790689
8.804	1.59337
8.805	0.963884
8.806	0.444879
8.807	0.108292
8.808	-0.238569
8.809	-0.586208
8.81	-0.804772
8.811	-0.970523
8.812	-1.268883
8.813	-1.508637
8.814	-1.253139
8.815	-0.575551
8.816	-0.011381
8.817	0.1979
8.818	0.218122
8.819	0.199389
8.82	0.117093
8.821	-0.10939
8.822	-0.524847
8.823	-1.078835
8.824	-1.496069
8.825	-1.400455
8.826	-0.798447
8.827	-0.173423
8.828	0.07261
8.829	0.010714
8.83	-0.098772
8.831	-0.317828
8.832	-0.995267
8.833	-2.056316
8.834	-2.754731
8.835	-2.537763
8.836	-1.619671
8.837	-0.506012
8.838	0.432238
8.839	0.96023
8.84	0.973346
8.841	0.483689
8.842	-0.408169
8.843	-1.434799
8.844	-2.094341
8.845	-1.935655
8.846	-1.059552
8.847	-0.099219
8.848	0.422286
8.849	0.520943
8.85	0.471572
8.851	0.266988
8.852	-0.375703
8.853	-1.337649
8.854	-1.912093
8.855	-1.669525
8.856	-0.90969
8.857	-0.087826
8.858	0.567501
8.859	0.952049
8.86	1.048474
8.861	0.927456
8.862	0.595408
8.863	-0.051357
8.864	-0.837257
8.865	-1.183896
8.866	-0.816677
8.867	-0.157827
8.868	0.268856
8.869	0.395976
8.87	0.420688
8.871	0.304272
8.872	-0.226665
8.873	-1.057827
8.874	-1.554506
8.875	-1.360378
8.876	-0.743237
8.877	-0.062275
8.878	0.509753
8.879	0.867096
8.88	0.978588
8.881	0.92877
8.882	0.738812
8.883	0.245073
8.884	-0.486532
8.885	-0.915579
8.886	-0.703276
8.887	-0.177172
8.888	0.198674
8.889	0.351114
8.89	0.415336
8.891	0.271111
8.892	-0.413154
8.893	-1.498843
8.894	-2.211949
8.895	-2.041386
8.896	-1.23507
8.897	-0.267263
8.898	0.551874
8.899	1.033537
8.9	1.134584
8.901	0.984166
8.902	0.678151
8.903	0.120836
8.904	-0.600585
8.905	-0.979339
8.906	-0.721478
8.907	-0.16453
8.908	0.23643
8.909	0.402462
8.91	0.475174
8.911	0.416002
8.912	0.047359
8.913	-0.458612
8.914	-0.626852
8.915	-0.356982
8.916	0.022849
8.917	0.312309
8.918	0.523302
8.919	0.626431
8.92	0.597385
8.921	0.621699
8.922	0.949088
8.923	1.433883
8.924	1.599664
8.925	1.292273
8.926	0.777559
8.927	0.258006
8.928	-0.209837
8.929	-0.46955
8.93	-0.261861
8.931	0.556747
8.932	1.841889
8.933	3.140077
8.934	3.828685
8.935	3.473424
8.936	2.225811
8.937	0.77505
8.938	-0.238921
8.939	-0.704995
8.94	-0.839253
8.941	-0.630284
8.942	0.208387
8.943	1.573708
8.944	2.672905
8.945	2.805245
8.946	2.023101
8.947	0.809031
8.948	-0.361554
8.949	-1.119012
8.95	-1.289776
8.951	-0.940973
8.952	-0.186237
8.953	0.924353
8.954	2.024258
8.955	2.346753
8.956	1.565569
8.957	0.288928
8.958	-0.635521
8.959	-0.936288
8.96	-0.868628
8.961	-0.639758
8.962	-0.23041
8.963	0.232617
8.964	0.441347
8.965	0.372372
8.966	0.247324
8.967	0.078444
8.968	-0.2492
8.969	-0.639597
8.97	-0.873752
8.971	-0.895408
8.972	-0.748088
8.973	-0.319822
8.974	0.390193
8.975	0.896741
8.976	0.747881
8.977	0.170059
8.978	-0.283431
8.979	-0.410059
8.98	-0.365189
8.981	-0.203981
8.982	0.213435
8.983	0.789767
8.984	1.114351
8.985	1.018243
8.986	0.705773
8.987	0.311436
8.988	-0.162721
8.989	-0.598941
8.99	-0.822552
8.991	-0.817504
8.992	-0.621776
8.993	-0.079099
8.994	0.821863
8.995	1.487802
8.996	1.306234
8.997	0.479265
8.998	-0.294795
8.999	-0.658979
9.0	-0.686166
9.001	-0.337474
9.002	0.673084
9.003	2.225261
9.004	3.443794
9.005	3.542538
9.006	2.604092
9.007	1.210877
9.008	-0.103709
9.009	-0.978965
9.01	-1.347526
9.011	-1.534424
9.012	-1.93268
9.013	-2.398686
9.014	-2.376806
9.015	-1.790183
9.016	-1.137062
9.017	-0.717043
9.018	-0.456312
9.019	-0.301182
9.02	-0.243969
9.021	-0.038854
9.022	0.712403
9.023	1.929523
9.024	2.839258
9.025	2.814873
9.026	1.987898
9.027	0.812685
9.028	-0.334822
9.029	-1.088748
9.03	-1.103856
9.031	-0.207737
9.032	1.459771
9.033	3.336018
9.034	4.509826
9.035	4.229307
9.036	2.577851
9.037	0.516105
9.038	-0.936034
9.039	-1.498962
9.04	-1.547713
9.041	-1.442965
9.042	-1.219544
9.043	-0.88013
9.044	-0.590814
9.045	-0.426686
9.046	-0.314816
9.047	-0.293296
9.048	-0.439147
9.049	-0.632256
9.05	-0.710065
9.051	-0.786495
9.052	-1.122477
9.053	-1.584074
9.054	-1.671827
9.055	-1.268759
9.056	-0.76258
9.057	-0.410519
9.058	-0.174677
9.059	-0.03959
9.06	-0.061327
9.061	-0.171584
9.062	-0.204933
9.063	-0.183002
9.064	-0.275421
9.065	-0.421436
9.066	-0.413175
9.067	-0.287186
9.068	-0.216359
9.069	-0.188276
9.07	-0.099944
9.071	-0.067965
9.072	-0.356211
9.073	-0.872576
9.074	-1.121697
9.075	-0.891859
9.076	-0.475237
9.077	-0.132796
9.078	0.105107
9.079	0.208129
9.08	0.13831
9.081	0.020993
9.082	0.061732
9.083	0.203913
9.084	0.171796
9.085	-0.023043
9.086	-0.099318
9.087	-0.030696
9.088	-0.024152
9.089	-0.118558
9.09	-0.217645
9.091	-0.422817
9.092	-0.984555
9.093	-1.750328
9.094	-2.073768
9.095	-1.655641
9.096	-0.913231
9.097	-0.275941
9.098	0.198904
9.099	0.500395
9.1	0.483974
9.101	0.005688
9.102	-0.929839
9.103	-2.077554
9.104	-2.910082
9.105	-2.862655
9.106	-1.890139
9.107	-0.623592
9.108	0.245917
9.109	0.563548
9.11	0.58176
9.111	0.45379
9.112	0.108121
9.113	-0.342425
9.114	-0.483707
9.115	-0.190281
9.116	0.170149
9.117	0.326909
9.118	0.350514
9.119	0.343849
9.12	0.351041
9.121	0.509167
9.122	0.940483
9.123	1.392235
9.124	1.387776
9.125	0.913462
9.126	0.416288
9.127	0.116905
9.128	-0.097471
9.129	-0.26795
9.13	-0.298634
9.131	-0.191787
9.132	-0.061055
9.133	0.129508
9.134	0.511553
9.135	0.903612
9.136	0.923699
9.137	0.544317
9.138	0.092856
9.139	-0.201152
9.14	-0.342172
9.141	-0.37457
9.142	-0.324542
9.143	-0.32789
9.144	-0.498758
9.145	-0.655797
9.146	-0.556597
9.147	-0.297244
9.148	-0.126085
9.149	-0.072137
9.15	-0.049184
9.151	-0.2114
9.152	-0.912866
9.153	-2.060932
9.154	-2.825361
9.155	-2.564359
9.156	-1.578498
9.157	-0.526107
9.158	0.217625
9.159	0.529366
9.16	0.435551
9.161	0.064405
9.162	-0.454288
9.163	-1.023218
9.164	-1.468004
9.165	-1.513055
9.166	-1.065064
9.167	-0.40179
9.168	0.125243
9.169	0.429884
9.17	0.564015
9.171	0.363564
9.172	-0.509237
9.173	-1.907192
9.174	-2.900871
9.175	-2.742825
9.176	-1.692128
9.177	-0.472202
9.178	0.416465
9.179	0.788119
9.18	0.740057
9.181	0.522593
9.182	0.255797
9.183	-0.172688
9.184	-0.767503
9.185	-1.163623
9.186	-1.032646
9.187	-0.513514
9.188	0.034817
9.189	0.454436
9.19	0.774975
9.191	0.927644
9.192	0.674161
9.193	-0.080801
9.194	-1.00679
9.195	-1.513751
9.196	-1.235875
9.197	-0.385557
9.198	0.419259
9.199	0.74329
9.2	0.713907
9.201	0.850624
9.202	1.500452
9.203	2.322374
9.204	2.555929
9.205	1.96028
9.206	1.021132
9.207	0.216245
9.208	-0.330178
9.209	-0.552199
9.21	-0.194052
9.211	1.160817
9.212	3.695428
9.213	6.72466
9.214	8.704587
9.215	8.317651
9.216	5.548908
9.217	1.700856
9.218	-1.590077
9.219	-3.470903
9.22	-4.010449
9.221	-3.445966
9.222	-1.743624
9.223	1.006641
9.224	3.960854
9.225	5.641731
9.226	5.058697
9.227	2.617238
9.228	-0.307861
9.229	-2.463084
9.23	-3.23649
9.231	-2.487517
9.232	-0.343727
9.233	2.594017
9.234	5.035716
9.235	5.566245
9.236	3.777767
9.237	0.686109
9.238	-2.161223
9.239	-3.855002
9.24	-4.355191
9.241	-3.974176
9.242	-3.031796
9.243	-1.905213
9.244	-1.022381
9.245	-0.611699
9.246	-0.613838
9.247	-0.875508
9.248	-1.218742
9.249	-1.428211
9.25	-1.470335
9.251	-1.717653
9.252	-2.691511
9.253	-4.372458
9.254	-5.896786
9.255	-6.161564
9.256	-4.780885
9.257	-2.473511
9.258	-0.471521
9.259	0.460949
9.26	0.335196
9.261	-0.588919
9.262	-2.2379
9.263	-4.361683
9.264	-6.001818
9.265	-5.971028
9.266	-4.070882
9.267	-1.401926
9.268	0.718432
9.269	1.794835
9.27	2.066217
9.271	1.823337
9.272	1.088913
9.273	-0.141237
9.274	-1.613526
9.275	-2.811009
9.276	-3.050469
9.277	-1.847184
9.278	0.387402
9.279	2.377675
9.28	3.035781
9.281	2.032276
9.282	-0.450341
9.283	-3.621679
9.284	-5.913
9.285	-5.855534
9.286	-3.406522
9.287	-0.040982
9.288	2.604554
9.289	3.925853
9.29	4.193528
9.291	3.655365
9.292	2.14062
9.293	-0.284695
9.294	-2.519489
9.295	-3.158241
9.296	-1.993571
9.297	-0.032278
9.298	1.605124
9.299	2.411676
9.3	2.592902
9.301	2.611564
9.302	2.501967
9.303	1.804807
9.304	0.457158
9.305	-0.710853
9.306	-0.906406
9.307	-0.260663
9.308	0.565133
9.309	1.139184
9.31	1.444664
9.311	1.638264
9.312	1.844275
9.313	2.13105
9.314	2.490437
9.315	2.753234
9.316	2.661087
9.317	2.125921
9.318	1.333337
9.319	0.571722
9.32	0.03075
9.321	-0.319655
9.322	-0.754881
9.323	-1.5419
9.324	-2.470355
9.325	-2.849774
9.326	-2.259569
9.327	-1.070155
9.328	0.012804
9.329	0.637175
9.33	0.878006
9.331	0.906544
9.332	0.818896
9.333	0.776675
9.334	1.058109
9.335	1.650811
9.336	2.040523
9.337	1.773653
9.338	0.938374
9.339	-0.016753
9.34	-0.571594
9.341	-0.265877
9.342	1.043609
9.343	2.862028
9.344	4.233321
9.345	4.402459
9.346	3.254673
9.347	1.316132
9.348	-0.518146
9.349	-1.413233
9.35	-0.896374
9.351	0.977015
9.352	3.492639
9.353	5.584698
9.354	6.423108
9.355	5.493184
9.356	2.629534
9.357	-1.400314
9.358	-5.022811
9.359	-7.118288
9.36	-7.56894
9.361	-6.527965
9.362	-3.86784
9.363	0.322717
9.364	4.962532
9.365	8.445346
9.366	10.031171
9.367	10.200163
9.368	9.850404
9.369	9.643935
9.37	9.832319
9.371	10.263035
9.372	10.417589
9.373	9.538755
9.374	7.160036
9.375	3.808234
9.376	0.670641
9.377	-1.632554
9.378	-3.356011
9.379	-4.878427
9.38	-6.217415
9.381	-7.141876
9.382	-7.470848
9.383	-7.243021
9.384	-6.640046
9.385	-5.796146
9.386	-4.837144
9.387	-4.161754
9.388	-4.305789
9.389	-5.325703
9.39	-6.655115
9.391	-7.614037
9.392	-7.837012
9.393	-7.358232
9.394	-6.495275
9.395	-5.623888
9.396	-4.97526
9.397	-4.515221
9.398	-3.886447
9.399	-2.587154
9.4	-0.721015
9.401	0.295914
9.402	-1.084175
9.403	-4.163897
9.404	-6.134489
9.405	-4.871962
9.406	-0.782435
9.407	3.858582
9.408	6.94497
9.409	7.983223
9.41	7.760218
9.411	7.053318
9.412	5.866117
9.413	3.869103
9.414	1.46524
9.415	-0.087574
9.416	0.170293
9.417	2.02157
9.418	4.342677
9.419	6.000807
9.42	6.57748
9.421	6.341937
9.422	5.681533
9.423	4.754851
9.424	3.583077
9.425	2.236947
9.426	0.924509
9.427	-0.090775
9.428	-0.677063
9.429	-0.856367
9.43	-0.6867
9.431	-0.278784
9.432	0.123158
9.433	0.278255
9.434	0.220893
9.435	0.297364
9.436	0.836893
9.437	1.764958
9.438	2.624735
9.439	3.043021
9.44	3.104792
9.441	3.199769
9.442	3.446916
9.443	3.322626
9.444	2.250556
9.445	0.556131
9.446	-0.831818
9.447	-1.502214
9.448	-1.71338
9.449	-1.72938
9.45	-1.558977
9.451	-1.223307
9.452	-0.946074
9.453	-0.932146
9.454	-1.047347
9.455	-0.876108
9.456	-0.141978
9.457	0.95982
9.458	1.90833
9.459	2.342548
9.46	2.371803
9.461	2.425039
9.462	2.728486
9.463	2.868978
9.464	2.209334
9.465	0.853863
9.466	-0.421331
9.467	-1.183314
9.468	-1.579098
9.469	-1.773014
9.47	-1.743529
9.471	-1.544748
9.472	-1.391784
9.473	-1.259849
9.474	-0.706212
9.475	0.409723
9.476	1.50309
9.477	2.023659
9.478	2.005384
9.479	1.711831
9.48	1.280033
9.481	0.707576
9.482	-0.072522
9.483	-1.075837
9.484	-2.063344
9.485	-2.550997
9.486	-2.308376
9.487	-1.723458
9.488	-1.366509
9.489	-1.347064
9.49	-1.323522
9.491	-1.005117
9.492	-0.44376
9.493	0.13411
9.494	0.571344
9.495	0.840634
9.496	1.036822
9.497	1.272737
9.498	1.513733
9.499	1.61807
9.5	1.546004
9.501	1.42314
9.502	1.301922
9.503	0.9289
9.504	0.10638
9.505	-0.782663
9.506	-1.189272
9.507	-1.162733
9.508	-1.147065
9.509	-1.278821
9.51	-1.282604
9.511	-0.912213
9.512	-0.246514
9.513	0.446721
9.514	0.945229
9.515	1.161837
9.516	1.185811
9.517	1.199212
9.518	1.264075
9.519	1.288639
9.52	1.226901
9.521	1.216289
9.522	1.385868
9.523	1.49495
9.524	1.125664
9.525	0.366156
9.526	-0.276843
9.527	-0.644006
9.528	-0.956814
9.529	-1.259407
9.53	-1.354654
9.531	-1.227491
9.532	-1.202545
9.533	-1.408626
9.534	-1.360487
9.535	-0.689813
9.536	0.200258
9.537	0.796448
9.538	1.049959
9.539	1.083891
9.54	0.974694
9.541	0.843402
9.542	0.801614
9.543	0.713148
9.544	0.329758
9.545	-0.215472
9.546	-0.543671
9.547	-0.651386
9.548	-0.828952
9.549	-1.098452
9.55	-1.196123
9.551	-1.056906
9.552	-1.0138
9.553	-1.249485
9.554	-1.316871
9.555	-0.817076
9.556	-0.068859
9.557	0.480798
9.558	0.780899
9.559	0.901569
9.56	0.875318
9.561	0.842241
9.562	0.992454
9.563	1.210365
9.564	1.090287
9.565	0.569116
9.566	0.034016
9.567	-0.344385
9.568	-0.724567
9.569	-1.088288
9.57	-1.1889
9.571	-1.002002
9.572	-0.905671
9.573	-1.122203
9.574	-1.227814
9.575	-0.820847
9.576	-0.185909
9.577	0.282539
9.578	0.5668
9.579	0.718131
9.58	0.703795
9.581	0.600284
9.582	0.608424
9.583	0.718225
9.584	0.619363
9.585	0.247393
9.586	-0.059422
9.587	-0.200649
9.588	-0.442584
9.589	-0.842657
9.59	-1.1215
9.591	-1.136072
9.592	-1.132673
9.593	-1.261882
9.594	-1.156507
9.595	-0.59309
9.596	-0.008598
9.597	0.239797
9.598	0.334554
9.599	0.487267
9.6	0.644922
9.601	0.733738
9.602	0.81256
9.603	0.835414
9.604	0.578296
9.605	0.109164
9.606	-0.176988
9.607	-0.232042
9.608	-0.397196
9.609	-0.75664
9.61	-1.016005
9.611	-0.997902
9.612	-0.909769
9.613	-0.903681
9.614	-0.696913
9.615	-0.160951
9.616	0.271058
9.617	0.322242
9.618	0.251314
9.619	0.306422
9.62	0.430381
9.621	0.540722
9.622	0.717624
9.623	0.919029
9.624	0.833509
9.625	0.416825
9.626	0.059552
9.627	-0.105421
9.628	-0.347827
9.629	-0.723
9.63	-0.930952
9.631	-0.813841
9.632	-0.660739
9.633	-0.731988
9.634	-0.7207
9.635	-0.339342
9.636	0.06035
9.637	0.150808
9.638	0.12323
9.639	0.184981
9.64	0.250497
9.641	0.219344
9.642	0.195996
9.643	0.246564
9.644	0.183563
9.645	-0.044373
9.646	-0.175603
9.647	-0.174842
9.648	-0.319116
9.649	-0.635341
9.65	-0.801873
9.651	-0.641898
9.652	-0.41763
9.653	-0.391042
9.654	-0.324266
9.655	0.006323
9.656	0.277316
9.657	0.231662
9.658	0.101686
9.659	0.10749
9.66	0.159763
9.661	0.153609
9.662	0.20722
9.663	0.382862
9.664	0.41968
9.665	0.190862
9.666	-0.016872
9.667	-0.086822
9.668	-0.253016
9.669	-0.553686
9.67	-0.709118
9.671	-0.592338
9.672	-0.499463
9.673	-0.665095
9.674	-0.743984
9.675	-0.422504
9.676	-0.046358
9.677	0.047006
9.678	0.032006
9.679	0.101694
9.68	0.163642
9.681	0.128928
9.682	0.143641
9.683	0.300541
9.684	0.35186
9.685	0.15784
9.686	-0.011989
9.687	-0.04247
9.688	-0.166188
9.689	-0.433547
9.69	-0.581677
9.691	-0.488431
9.692	-0.438075
9.693	-0.644704
9.694	-0.744237
9.695	-0.41517
9.696	-0.018031
9.697	0.082569
9.698	0.05018
9.699	0.085696
9.7	0.108477
9.701	0.046676
9.702	0.076686
9.703	0.319008
9.704	0.507158
9.705	0.422598
9.706	0.262845
9.707	0.152211
9.708	-0.072255
9.709	-0.407748
9.71	-0.586189
9.711	-0.503297
9.712	-0.453991
9.713	-0.653375
9.714	-0.742947
9.715	-0.414022
9.716	-0.032936
9.717	0.044763
9.718	-0.008478
9.719	0.006395
9.72	0.007308
9.721	-0.072782
9.722	-0.056079
9.723	0.170092
9.724	0.336917
9.725	0.246638
9.726	0.122315
9.727	0.084419
9.728	-0.05839
9.729	-0.321829
9.73	-0.428306
9.731	-0.252643
9.732	-0.115728
9.733	-0.328357
9.734	-0.574066
9.735	-0.433667
9.736	-0.137658
9.737	-0.029604
9.738	-0.018266
9.739	0.026972
9.74	0.017568
9.741	-0.079205
9.742	-0.052542
9.743	0.215989
9.744	0.437392
9.745	0.394974
9.746	0.315976
9.747	0.322984
9.748	0.185448
9.749	-0.166465
9.75	-0.456378
9.751	-0.481313
9.752	-0.435922
9.753	-0.531877
9.754	-0.483471
9.755	-0.065199
9.756	0.277139
9.757	0.175412
9.758	-0.08463
9.759	-0.16152
9.76	-0.108078
9.761	-0.090095
9.762	-0.048785
9.763	0.102965
9.764	0.168734
9.765	0.041207
9.766	-0.005469
9.767	0.123735
9.768	0.131432
9.769	-0.10304
9.77	-0.321563
9.771	-0.32666
9.772	-0.31862
9.773	-0.508714
9.774	-0.585905
9.775	-0.267127
9.776	0.059873
9.777	0.030794
9.778	-0.129341
9.779	-0.14389
9.78	-0.07783
9.781	-0.067755
9.782	-0.030648
9.783	0.120459
9.784	0.176867
9.785	0.024795
9.786	-0.047512
9.787	0.083988
9.788	0.136941
9.789	-0.026151
9.79	-0.185341
9.791	-0.177482
9.792	-0.213205
9.793	-0.483826
9.794	-0.636394
9.795	-0.34885
9.796	-0.000803
9.797	0.01428
9.798	-0.121288
9.799	-0.149504
9.8	-0.109109
9.801	-0.078487
9.802	0.077322
9.803	0.428265
9.804	0.641211
9.805	0.472783
9.806	0.225192
9.807	0.144903
9.808	0.039903
9.809	-0.200581
9.81	-0.305357
9.811	0.051374
9.812	0.844011
9.813	1.645057
9.814	1.950438
9.815	1.574039
9.816	0.778567
9.817	0.048749
9.818	-0.286563
9.819	-0.262185
9.82	-0.14297
9.821	-0.076589
9.822	0.078503
9.823	0.40699
9.824	0.58257
9.825	0.375727
9.826	0.115688
9.827	0.068588
9.828	0.036099
9.829	-0.124446
9.83	-0.181357
9.831	0.169142
9.832	0.908922
9.833	1.643868
9.834	1.911908
9.835	1.549197
9.836	0.80311
9.837	0.119059
9.838	-0.201582
9.839	-0.192671
9.84	-0.115588
9.841	-0.145046
9.842	-0.179283
9.843	-0.090637
9.844	-0.034937
9.845	-0.125516
9.846	-0.137791
9.847	0.018767
9.848	0.08738
9.849	-0.044481
9.85	-0.106506
9.851	0.231175
9.852	0.964083
9.853	1.696633
9.854	1.951585
9.855	1.555621
9.856	0.77227
9.857	0.075735
9.858	-0.226179
9.859	-0.189684
9.86	-0.100265
9.861	-0.142795
9.862	-0.215316
9.863	-0.181017
9.864	-0.176132
9.865	-0.286841
9.866	-0.265025
9.867	-0.015631
9.868	0.184413
9.869	0.175251
9.87	0.117781
9.871	0.121632
9.872	-0.05804
9.873	-0.625483
9.874	-1.155429
9.875	-1.112172
9.876	-0.684922
9.877	-0.330941
9.878	-0.110292
9.879	0.060437
9.88	0.106201
9.881	-0.04638
9.882	-0.267403
9.883	-0.383033
9.884	-0.433915
9.885	-0.452097
9.886	-0.274352
9.887	0.070233
9.888	0.274011
9.889	0.225079
9.89	0.140264
9.891	0.158178
9.892	0.026221
9.893	-0.498361
9.894	-1.029476
9.895	-1.037262
9.896	-0.67866
9.897	-0.369552
9.898	-0.156889
9.899	0.025853
9.9	0.091517
9.901	-0.016415
9.902	-0.136189
9.903	-0.108145
9.904	-0.069621
9.905	-0.133462
9.906	-0.093942
9.907	0.119745
9.908	0.247916
9.909	0.174978
9.91	0.105387
9.911	0.16896
9.912	0.094027
9.913	-0.397302
9.914	-0.944996
9.915	-1.009245
9.916	-0.707961
9.917	-0.423469
9.918	-0.201493
9.919	0.002938
9.92	0.084901
9.921	-0.014239
9.922	-0.121726
9.923	-0.065858
9.924	0.012291
9.925	-0.025307
9.926	0.000225
9.927	0.160566
9.928	0.225999
9.929	0.113704
9.93	0.045843
9.931	0.159583
9.932	0.191466
9.933	-0.128957
9.934	-0.480121
9.935	-0.445794
9.936	-0.24316
9.937	-0.191531
9.938	-0.188828
9.939	-0.110137
9.94	-0.061508
9.941	-0.117725
9.942	-0.103909
9.943	0.130702
9.944	0.348715
9.945	0.312409
9.946	0.216571
9.947	0.228992
9.948	0.179116
9.949	-0.025053
9.95	-0.192274
9.951	-0.178145
9.952	-0.184212
9.953	-0.421529
9.954	-0.594834
9.955	-0.407738
9.956	-0.189702
9.957	-0.250472
9.958	-0.353164
9.959	-0.242081
9.96	-0.025721
9.961	0.084544
9.962	0.091235
9.963	0.082469
9.964	-0.027262
9.965	-0.224109
9.966	-0.208555
9.967	0.072979
9.968	0.257913
9.969	0.154449
9.97	-0.012752
9.971	-0.027364
9.972	-0.061512
9.973	-0.326587
9.974	-0.52221
9.975	-0.345539
9.976	-0.132766
9.977	-0.205799
9.978	-0.333444
9.979	-0.25623
9.98	-0.061901
9.981	0.090161
9.982	0.273826
9.983	0.568654
9.984	0.708431
9.985	0.508484
9.986	0.285216
9.987	0.267754
9.988	0.234426
9.989	0.036247
9.99	-0.132026
9.991	-0.112448
9.992	-0.124007
9.993	-0.394594
9.994	-0.613124
9.995	-0.451979
9.996	-0.225701
9.997	-0.259191
9.998	-0.346881
9.999	-0.252083
10.0	-0.074725
10.001	0.014413
10.002	0.086066
10.003	0.261059
10.004	0.360834
10.005	0.239391
10.006	0.142437
10.007	0.214701
10.008	0.223282
10.009	0.044761
10.01	-0.113158
10.011	-0.093112
10.012	-0.111345
10.013	-0.38038
10.014	-0.572884
10.015	-0.367151
10.016	-0.108445
10.017	-0.149027
10.018	-0.281907
10.019	-0.248148
10.02	-0.127039
10.021	-0.075358
10.022	-0.005059
10.023	0.221834
10.024	0.414833
10.025	0.372845
10.026	0.286313
10.027	0.299993
10.028	0.228416
10.029	-0.008023
10.03	-0.182752
10.031	-0.125704
10.032	-0.033421
10.033	-0.135336
10.034	-0.199922
10.035	0.005465
10.036	0.156578
10.037	-0.017417
10.038	-0.257117
10.039	-0.292716
10.04	-0.217275
10.041	-0.213864
10.042	-0.219135
10.043	-0.083652
10.044	0.067614
10.045	0.08031
10.046	0.104568
10.047	0.216931
10.048	0.208822
10.049	0.011182
10.05	-0.139051
10.051	-0.080253
10.052	-0.042613
10.053	-0.29577
10.054	-0.579526
10.055	-0.513339
10.056	-0.291915
10.057	-0.238373
10.058	-0.252623
10.059	-0.169808
10.06	-0.096019
10.061	-0.182339
10.062	-0.334861
10.063	-0.363476
10.064	-0.315314
10.065	-0.29591
10.066	-0.198015
10.067	-0.003251
10.068	0.080814
10.069	0.002859
10.07	-0.014526
10.071	0.159494
10.072	0.283079
10.073	0.112362
10.074	-0.074495
10.075	0.039511
10.076	0.183482
10.077	0.066146
10.078	-0.124726
10.079	-0.17636
10.08	-0.185798
10.081	-0.310946
10.082	-0.467142
10.083	-0.470641
10.084	-0.381691
10.085	-0.327329
10.086	-0.214229
10.087	-0.020672
10.088	0.05673
10.089	-0.02462
10.09	-0.032391
10.091	0.180772
10.092	0.386655
10.093	0.305298
10.094	0.119629
10.095	0.118938
10.096	0.143478
10.097	0.004919
10.098	-0.132072
10.099	-0.134747
10.1	-0.139544
10.101	-0.289045
10.102	-0.467168
10.103	-0.47689
10.104	-0.388398
10.105	-0.34212
10.106	-0.241279
10.107	-0.049048
10.108	0.0441
10.109	-0.012644
10.11	0.001938
10.111	0.230667
10.112	0.449237
10.113	0.386979
10.114	0.234738
10.115	0.274361
10.116	0.318309
10.117	0.155693
10.118	-0.042279
10.119	-0.11698
10.12	-0.179616
10.121	-0.354795
10.122	-0.515959
10.123	-0.470505
10.124	-0.314301
10.125	-0.225029
10.126	-0.13101
10.127	0.013049
10.128	0.050494
10.129	-0.048608
10.13	-0.080384
10.131	0.066122
10.132	0.173861
10.133	0.027607
10.134	-0.128244
10.135	-0.003336
10.136	0.152967
10.137	0.039823
10.138	-0.166296
10.139	-0.202971
10.14	-0.128472
10.141	-0.144458
10.142	-0.272796
10.143	-0.40394
10.144	-0.528981
10.145	-0.606279
10.146	-0.449488
10.147	-0.090616
10.148	0.139851
10.149	0.091566
10.15	-0.01051
10.151	0.062718
10.152	0.191308
10.153	0.16711
10.154	0.158867
10.155	0.345769
10.156	0.431757
10.157	0.186655
10.158	-0.125926
10.159	-0.22386
10.16	-0.166345
10.161	-0.120053
10.162	-0.053311
10.163	0.111766
10.164	0.195937
10.165	0.065563
10.166	-0.039974
10.167	0.038563
10.168	0.094667
10.169	-0.003857
10.17	-0.072292
10.171	0.052544
10.172	0.176968
10.173	0.035913
10.174	-0.175059
10.175	-0.132959
10.176	-0.009733
10.177	-0.079606
10.178	-0.214022
10.179	-0.208869
10.18	-0.122733
10.181	-0.088997
10.182	-0.047096
10.183	0.093644
10.184	0.155083
10.185	0.000177
10.186	-0.126194
10.187	-0.049089
10.188	0.033269
10.189	-0.019225
10.19	-0.039857
10.191	0.115535
10.192	0.241845
10.193	0.077534
10.194	-0.16475
10.195	-0.145137
10.196	-0.027335
10.197	-0.084047
10.198	-0.194143
10.199	-0.170402
10.2	-0.091183
10.201	-0.110138
10.202	-0.179005
10.203	-0.171246
10.204	-0.168434
10.205	-0.252959
10.206	-0.249139
10.207	-0.08038
10.208	0.035734
10.209	-0.010431
10.21	-0.031774
10.211	0.126129
10.212	0.286375
10.213	0.234642
10.214	0.176552
10.215	0.329171
10.216	0.411888
10.217	0.191772
10.218	-0.087024
10.219	-0.171844
10.22	-0.151662
10.221	-0.227609
10.222	-0.393585
10.223	-0.506899
10.224	-0.564222
10.225	-0.591415
10.226	-0.462378
10.227	-0.179985
10.228	0.014266
10.229	0.020276
10.23	0.028043
10.231	0.17894
10.232	0.267656
10.233	0.054602
10.234	-0.214406
10.235	-0.180873
10.236	-0.013411
10.237	-0.010835
10.238	-0.086179
10.239	-0.07158
10.24	-0.047318
10.241	-0.168694
10.242	-0.385968
10.243	-0.527944
10.244	-0.582305
10.245	-0.587769
10.246	-0.440786
10.247	-0.154978
10.248	0.033688
10.249	0.033855
10.25	0.044704
10.251	0.22749
10.252	0.402063
10.253	0.307912
10.254	0.098158
10.255	0.075254
10.256	0.135662
10.257	0.065379
10.258	-0.041245
10.259	-0.049491
10.26	-0.051106
10.261	-0.172151
10.262	-0.314691
10.263	-0.305471
10.264	-0.225347
10.265	-0.218826
10.266	-0.177812
10.267	-0.03011
10.268	0.05361
10.269	-0.000987
10.27	-0.005116
10.271	0.185403
10.272	0.378741
10.273	0.307049
10.274	0.117558
10.275	0.111288
10.276	0.184015
10.277	0.116684
10.278	-0.001823
10.279	-0.037475
10.28	-0.0746
10.281	-0.224198
10.282	-0.372819
10.283	-0.342641
10.284	-0.227662
10.285	-0.195228
10.286	-0.151906
10.287	-0.021207
10.288	0.042881
10.289	-0.019766
10.29	-0.01614
10.291	0.193875
10.292	0.409019
10.293	0.350735
10.294	0.166158
10.295	0.169792
10.296	0.262384
10.297	0.206789
10.298	0.071654
10.299	-0.006189
10.3	-0.089957
10.301	-0.26801
10.302	-0.408592
10.303	-0.327018
10.304	-0.134838
10.305	-0.043566
10.306	-0.004463
10.307	0.05682
10.308	0.032338
10.309	-0.087915
10.31	-0.092325
10.311	0.151621
10.312	0.431195
10.313	0.464152
10.314	0.385949
10.315	0.456141
10.316	0.495404
10.317	0.260078
10.318	-0.064359
10.319	-0.196454
10.32	-0.159904
10.321	-0.133431
10.322	-0.134293
10.323	-0.092716
10.324	-0.112031
10.325	-0.250609
10.326	-0.278031
10.327	-0.083631
10.328	0.080451
10.329	0.03425
10.33	-0.05636
10.331	0.017567
10.332	0.156469
10.333	0.151613
10.334	0.131265
10.335	0.291393
10.336	0.405343
10.337	0.225369
10.338	-0.05939
10.339	-0.174659
10.34	-0.140293
10.341	-0.101824
10.342	-0.030683
10.343	0.145241
10.344	0.23976
10.345	0.09801
10.346	-0.047059
10.347	-0.001858
10.348	0.054371
10.349	-0.029474
10.35	-0.098579
10.351	0.020494
10.352	0.191735
10.353	0.186261
10.354	0.134464
10.355	0.251454
10.356	0.337278
10.357	0.164377
10.358	-0.08319
10.359	-0.160968
10.36	-0.121497
10.361	-0.13459
10.362	-0.184697
10.363	-0.166811
10.364	-0.169346
10.365	-0.277079
10.366	-0.300985
10.367	-0.13445
10.368	0.00831
10.369	-0.016036
10.37	-0.043936
10.371	0.093658
10.372	0.248204
10.373	0.184535
10.374	0.050194
10.375	0.106414
10.376	0.199974
10.377	0.102294
10.378	-0.054986
10.379	-0.080066
10.38	-0.040585
10.381	-0.09058
10.382	-0.187455
10.383	-0.198552
10.384	-0.196694
10.385	-0.277171
10.386	-0.279807
10.387	-0.114114
10.388	0.016867
10.389	-0.015339
10.39	-0.046746
10.391	0.095668
10.392	0.294616
10.393	0.36346
10.394	0.438695
10.395	0.652147
10.396	0.722917
10.397	0.449851
10.398	0.088547
10.399	-0.085457
10.4	-0.126804
10.401	-0.213513
10.402	-0.326682
10.403	-0.340222
10.404	-0.326935
10.405	-0.38716
10.406	-0.366446
10.407	-0.174447
10.408	-0.013529
10.409	-0.01668
10.41	-0.027903
10.411	0.112777
10.412	0.261534
10.413	0.199325
10.414	0.086176
10.415	0.182141
10.416	0.319924
10.417	0.248666
10.418	0.083325
10.419	0.01448
10.42	-0.021349
10.421	-0.182602
10.422	-0.429846
10.423	-0.589388
10.424	-0.641168
10.425	-0.634519
10.426	-0.47976
10.427	-0.183842
10.428	0.017473
10.429	0.010297
10.43	-0.012339
10.431	0.155495
10.432	0.409945
10.433	0.510554
10.434	0.506877
10.435	0.57205
10.436	0.581539
10.437	0.380053
10.438	0.124658
10.439	-0.000447
10.44	-0.066172
10.441	-0.214151
10.442	-0.374404
10.443	-0.383106
10.444	-0.309552
10.445	-0.292431
10.446	-0.230223
10.447	-0.056547
10.448	0.044847
10.449	-0.019889
10.45	-0.057079
10.451	0.120718
10.452	0.367407
10.453	0.385989
10.454	0.223702
10.455	0.165993
10.456	0.20594
10.457	0.159621
10.458	0.063157
10.459	0.026529
10.46	-0.01979
10.461	-0.182833
10.462	-0.361962
10.463	-0.381317
10.464	-0.311759
10.465	-0.297105
10.466	-0.239765
10.467	-0.072363
10.468	0.026524
10.469	-0.033126
10.47	-0.054349
10.471	0.153966
10.472	0.439106
10.473	0.47981
10.474	0.30116
10.475	0.198594
10.476	0.202482
10.477	0.152661
10.478	0.072177
10.479	0.043105
10.48	-0.016603
10.481	-0.199994
10.482	-0.362712
10.483	-0.289368
10.484	-0.084385
10.485	0.023549
10.486	0.096422
10.487	0.225087
10.488	0.256216
10.489	0.109336
10.49	-0.021957
10.491	0.033402
10.492	0.092986
10.493	-0.156977
10.494	-0.590399
10.495	-0.775818
10.496	-0.664384
10.497	-0.520493
10.498	-0.387971
10.499	-0.156555
10.5	0.121679
10.501	0.311017
10.502	0.435512
10.503	0.551107
10.504	0.479186
10.505	0.156798
10.506	-0.038185
10.507	0.119206
10.508	0.310036
10.509	0.222593
10.51	-0.022753
10.511	-0.162275
10.512	-0.219101
10.513	-0.379391
10.514	-0.508618
10.515	-0.329015
10.516	-0.018412
10.517	0.050155
10.518	-0.072612
10.519	-0.101481
10.52	0.011249
10.521	0.143588
10.522	0.325824
10.523	0.637211
10.524	0.860614
10.525	0.764195
10.526	0.554289
10.527	0.475474
10.528	0.375397
10.529	0.077991
10.53	-0.246614
10.531	-0.32218
10.532	-0.162997
10.533	0.006021
10.534	0.161936
10.535	0.387341
10.536	0.483382
10.537	0.250416
10.538	-0.099421
10.539	-0.243362
10.54	-0.165983
10.541	-0.02664
10.542	0.186029
10.543	0.54736
10.544	0.831327
10.545	0.778559
10.546	0.569335
10.547	0.456241
10.548	0.321663
10.549	0.016324
10.55	-0.292444
10.551	-0.37012
10.552	-0.305594
10.553	-0.365962
10.554	-0.480473
10.555	-0.374229
10.556	-0.159496
10.557	-0.134644
10.558	-0.234969
10.559	-0.217415
10.56	-0.079637
10.561	0.028237
10.562	0.118121
10.563	0.288551
10.564	0.405926
10.565	0.309119
10.566	0.184906
10.567	0.221265
10.568	0.235591
10.569	0.041379
10.57	-0.201419
10.571	-0.246692
10.572	-0.170085
10.573	-0.231777
10.574	-0.356138
10.575	-0.26552
10.576	-0.073818
10.577	-0.076308
10.578	-0.198459
10.579	-0.192065
10.58	-0.058187
10.581	0.04401
10.582	0.113145
10.583	0.238161
10.584	0.290494
10.585	0.132732
10.586	-0.01279
10.587	0.06329
10.588	0.163083
10.589	0.061921
10.59	-0.112906
10.591	-0.138119
10.592	-0.119499
10.593	-0.351385
10.594	-0.728398
10.595	-0.82411
10.596	-0.604601
10.597	-0.390385
10.598	-0.260879
10.599	-0.087502
10.6	0.103632
10.601	0.186267
10.602	0.201841
10.603	0.274253
10.604	0.301309
10.605	0.152147
10.606	0.027842
10.607	0.111272
10.608	0.202261
10.609	0.090588
10.61	-0.083541
10.611	-0.077965
10.612	0.028311
10.613	-0.06967
10.614	-0.349642
10.615	-0.455474
10.616	-0.321303
10.617	-0.203183
10.618	-0.159994
10.619	-0.059829
10.62	0.07753
10.621	0.126258
10.622	0.128827
10.623	0.219328
10.624	0.299245
10.625	0.211693
10.626	0.116272
10.627	0.182322
10.628	0.233492
10.629	0.086974
10.63	-0.108013
10.631	-0.112072
10.632	-0.01082
10.633	-0.121744
10.634	-0.436573
10.635	-0.590164
10.636	-0.475749
10.637	-0.317885
10.638	-0.195899
10.639	-0.031646
10.64	0.122551
10.641	0.149831
10.642	0.119532
10.643	0.184702
10.644	0.249544
10.645	0.152639
10.646	0.056758
10.647	0.140373
10.648	0.226101
10.649	0.1167
10.65	-0.053699
10.651	-0.055833
10.652	0.012791
10.653	-0.178378
10.654	-0.594607
10.655	-0.780637
10.656	-0.58113
10.657	-0.300073
10.658	-0.118143
10.659	0.028145
10.66	0.128814
10.661	0.110241
10.662	0.067598
10.663	0.161105
10.664	0.281988
10.665	0.238274
10.666	0.161302
10.667	0.219147
10.668	0.251813
10.669	0.091031
10.67	-0.107668
10.671	-0.099867
10.672	0.038765
10.673	-0.003273
10.674	-0.228866
10.675	-0.30378
10.676	-0.164044
10.677	-0.058397
10.678	-0.046644
10.679	-0.006411
10.68	0.047891
10.681	0.015732
10.682	-0.045886
10.683	-0.018955
10.684	-0.010192
10.685	-0.125678
10.686	-0.157038
10.687	0.024495
10.688	0.169649
10.689	0.075659
10.69	-0.087132
10.691	-0.053943
10.692	0.103484
10.693	0.059677
10.694	-0.20034
10.695	-0.32891
10.696	-0.225694
10.697	-0.114157
10.698	-0.068557
10.699	-0.003051
10.7	0.051553
10.701	0.01499
10.702	-0.013473
10.703	0.116913
10.704	0.272938
10.705	0.243411
10.706	0.152534
10.707	0.174233
10.708	0.171554
10.709	0.005911
10.71	-0.145339
10.711	-0.025576
10.712	0.282327
10.713	0.39963
10.714	0.198738
10.715	-0.039424
10.716	-0.149924
10.717	-0.246435
10.718	-0.33126
10.719	-0.268398
10.72	-0.074416
10.721	0.108888
10.722	0.260879
10.723	0.421522
10.724	0.434713
10.725	0.192614
10.726	-0.013742
10.727	0.068885
10.728	0.211498
10.729	0.114479
10.73	-0.124162
10.731	-0.217281
10.732	-0.157264
10.733	-0.194498
10.734	-0.330785
10.735	-0.298658
10.736	-0.123645
10.737	-0.083652
10.738	-0.169982
10.739	-0.154034
10.74	-0.006995
10.741	0.113301
10.742	0.156106
10.743	0.179077
10.744	0.111833
10.745	-0.096212
10.746	-0.203687
10.747	-0.034566
10.748	0.162498
10.749	0.104715
10.75	-0.099133
10.751	-0.165617
10.752	-0.091512
10.753	-0.116456
10.754	-0.220798
10.755	-0.137157
10.756	0.070862
10.757	0.087029
10.758	-0.074644
10.759	-0.146635
10.76	-0.067283
10.761	0.021031
10.762	0.086521
10.763	0.214843
10.764	0.315648
10.765	0.224322
10.766	0.081782
10.767	0.107983
10.768	0.174717
10.769	0.061259
10.77	-0.138389
10.771	-0.19141
10.772	-0.154183
10.773	-0.309647
10.774	-0.610384
10.775	-0.659366
10.776	-0.402122
10.777	-0.190479
10.778	-0.144208
10.779	-0.085383
10.78	0.03502
10.781	0.094733
10.782	0.07468
10.783	0.062323
10.784	0.003979
10.785	-0.167191
10.786	-0.246047
10.787	-0.071415
10.788	0.127404
10.789	0.088809
10.79	-0.078037
10.791	-0.099847
10.792	0.008558
10.793	-0.044184
10.794	-0.293184
10.795	-0.396666
10.796	-0.240731
10.797	-0.097024
10.798	-0.079957
10.799	-0.043978
10.8	0.043548
10.801	0.07313
10.802	0.065234
10.803	0.152228
10.804	0.266253
10.805	0.225983
10.806	0.128529
10.807	0.164465
10.808	0.215299
10.809	0.085753
10.81	-0.114488
10.811	-0.137818
10.812	-0.020791
10.813	-0.067114
10.814	-0.320853
10.815	-0.439652
10.816	-0.29382
10.817	-0.13819
10.818	-0.090331
10.819	-0.028097
10.82	0.062556
10.821	0.071062
10.822	0.017851
10.823	0.026251
10.824	0.042178
10.825	-0.049061
10.826	-0.098666
10.827	0.043014
10.828	0.182848
10.829	0.099877
10.83	-0.083131
10.831	-0.101886
10.832	0.015399
10.833	-0.037694
10.834	-0.311658
10.835	-0.456955
10.836	-0.322993
10.837	-0.152574
10.838	-0.075942
10.839	0.00328
10.84	0.087933
10.841	0.079897
10.842	0.018881
10.843	0.036841
10.844	0.075689
10.845	0.010602
10.846	-0.025159
10.847	0.103246
10.848	0.206515
10.849	0.085988
10.85	-0.11523
10.851	-0.119249
10.852	0.06547
10.853	0.152978
10.854	0.061995
10.855	0.027697
10.856	0.108169
10.857	0.106628
10.858	0.006997
10.859	-0.030327
10.86	0.003128
10.861	-0.009012
10.862	-0.049158
10.863	-0.006254
10.864	0.04408
10.865	-0.029193
10.866	-0.085102
10.867	0.028097
10.868	0.136676
10.869	0.04553
10.87	-0.111558
10.871	-0.078883
10.872	0.094055
10.873	0.073746
10.874	-0.20863
10.875	-0.396883
10.876	-0.311923
10.877	-0.170461
10.878	-0.102267
10.879	-0.028637
10.88	0.045358
10.881	0.037188
10.882	0.01869
10.883	0.14485
10.884	0.32343
10.885	0.322218
10.886	0.201934
10.887	0.167433
10.888	0.154533
10.889	0.005119
10.89	-0.188999
10.891	-0.225198
10.892	-0.142913
10.893	-0.181818
10.894	-0.325455
10.895	-0.270653
10.896	-0.023323
10.897	0.059671
10.898	-0.08939
10.899	-0.186963
10.9	-0.096339
10.901	0.077081
10.902	0.286723
10.903	0.577687
10.904	0.791783
10.905	0.678279
10.906	0.375073
10.907	0.22447
10.908	0.194
10.909	0.035613
10.91	-0.207075
10.911	-0.272006
10.912	-0.120706
10.913	-0.015756
10.914	-0.072999
10.915	-0.068131
10.916	0.074225
10.917	0.108714
10.918	-0.027087
10.919	-0.114803
10.92	-0.07101
10.921	-0.02704
10.922	-0.051889
10.923	-0.095314
10.924	-0.191395
10.925	-0.371101
10.926	-0.425753
10.927	-0.1978
10.928	0.073407
10.929	0.08725
10.93	-0.074927
10.931	-0.109139
10.932	0.046536
10.933	0.138981
10.934	0.063951
10.935	0.061858
10.936	0.208139
10.937	0.234619
10.938	0.06161
10.939	-0.080785
10.94	-0.081471
10.941	-0.047687
10.942	-0.027297
10.943	0.046766
10.944	0.110184
10.945	0.022267
10.946	-0.096461
10.947	-0.036534
10.948	0.084828
10.949	0.030546
10.95	-0.128642
10.951	-0.129762
10.952	0.050638
10.953	0.136582
10.954	0.019803
10.955	-0.043701
10.956	0.054479
10.957	0.081865
10.958	-0.035226
10.959	-0.102394
10.96	-0.055406
10.961	-0.034419
10.962	-0.106527
10.963	-0.181748
10.964	-0.234493
10.965	-0.331332
10.966	-0.374119
10.967	-0.213304
10.968	0.00499
10.969	0.033707
10.97	-0.06687
10.971	-0.043358
10.972	0.123033
10.973	0.159288
10.974	-0.027352
10.975	-0.152168
10.976	-0.075869
10.977	-0.01825
10.978	-0.074724
10.979	-0.0918
10.98	-0.021715
10.981	0.029331
10.982	0.060185
10.983	0.191909
10.984	0.363829
10.985	0.344613
10.986	0.167778
10.987	0.086166
10.988	0.095195
10.989	0.010856
10.99	-0.122964
10.991	-0.099045
10.992	0.069344
10.993	0.107276
10.994	-0.06529
10.995	-0.161601
10.996	-0.055269
10.997	0.020001
10.998	-0.034687
10.999	-0.060187
11.0	-0.010752
11.001	-0.019219
11.002	-0.127819
11.003	-0.210839
11.004	-0.217941
11.005	-0.240928
11.006	-0.246503
11.007	-0.115795
11.008	0.043221
11.009	0.034276
11.01	-0.075903
11.011	-0.060765
11.012	0.077088
11.013	0.068531
11.014	-0.157805
11.015	-0.292669
11.016	-0.178099
11.017	-0.041698
11.018	-0.017806
11.019	0.008528
11.02	0.065344
11.021	0.030536
11.022	-0.11629
11.023	-0.230476
11.024	-0.25037
11.025	-0.26482
11.026	-0.248086
11.027	-0.096223
11.028	0.073496
11.029	0.065982
11.03	-0.048789
11.031	-0.041836
11.032	0.09307
11.033	0.103521
11.034	-0.070159
11.035	-0.130366
11.036	0.039197
11.037	0.167404
11.038	0.118875
11.039	0.049173
11.04	0.027177
11.041	-0.052349
11.042	-0.210866
11.043	-0.312491
11.044	-0.310974
11.045	-0.310112
11.046	-0.285957
11.047	-0.127965
11.048	0.048511
11.049	0.048615
11.05	-0.048733
11.051	-2.3e-05
11.052	0.198001
11.053	0.229761
11.054	-0.054037
11.055	-0.314518
11.056	-0.262257
11.057	-0.084166
11.058	0.00913
11.059	0.06453
11.06	0.099149
11.061	0.019733
11.062	-0.157002
11.063	-0.270609
11.064	-0.274449
11.065	-0.281765
11.066	-0.271819
11.067	-0.129462
11.068	0.035687
11.069	0.030756
11.07	-0.064725
11.071	0.003793
11.072	0.272782
11.073	0.469371
11.074	0.430815
11.075	0.36561
11.076	0.400415
11.077	0.322688
11.078	0.070467
11.079	-0.104229
11.08	-0.071728
11.081	0.036613
11.082	0.116811
11.083	0.214468
11.084	0.293612
11.085	0.205406
11.086	0.038705
11.087	0.049207
11.088	0.174952
11.089	0.136428
11.09	-0.068862
11.091	-0.181911
11.092	-0.113435
11.093	-0.089565
11.094	-0.23512
11.095	-0.292578
11.096	-0.118676
11.097	0.010623
11.098	-0.055997
11.099	-0.112807
11.1	-0.031276
11.101	0.079334
11.102	0.139951
11.103	0.209556
11.104	0.256291
11.105	0.135289
11.106	-0.056249
11.107	-0.050587
11.108	0.097177
11.109	0.101646
11.11	-0.053892
11.111	-0.125519
11.112	-0.037134
11.113	-0.022208
11.114	-0.196298
11.115	-0.274985
11.116	-0.095929
11.117	0.053178
11.118	-0.004525
11.119	-0.070935
11.12	-0.006943
11.121	0.087441
11.122	0.135475
11.123	0.200925
11.124	0.259292
11.125	0.158264
11.126	-0.027469
11.127	-0.041052
11.128	0.076441
11.129	0.062637
11.13	-0.088882
11.131	-0.136296
11.132	0.000367
11.133	0.099136
11.134	0.02053
11.135	-0.036655
11.136	0.044958
11.137	0.064006
11.138	-0.051537
11.139	-0.102357
11.14	-0.005976
11.141	0.100419
11.142	0.133512
11.143	0.167791
11.144	0.195422
11.145	0.074968
11.146	-0.115209
11.147	-0.115431
11.148	0.034415
11.149	0.066039
11.15	-0.044131
11.151	-0.081831
11.152	0.002029
11.153	-0.029808
11.154	-0.271456
11.155	-0.408973
11.156	-0.255053
11.157	-0.078406
11.158	-0.061963
11.159	-0.05009
11.16	0.051509
11.161	0.130497
11.162	0.127706
11.163	0.142391
11.164	0.186828
11.165	0.114076
11.166	-0.034171
11.167	-0.031377
11.168	0.087587
11.169	0.082092
11.17	-0.055472
11.171	-0.105576
11.172	-0.00103
11.173	0.051523
11.174	-0.05682
11.175	-0.109228
11.176	0.008903
11.177	0.079966
11.178	0.010364
11.179	-0.019702
11.18	0.055964
11.181	0.084327
11.182	-0.019709
11.183	-0.125835
11.184	-0.127768
11.185	-0.123154
11.186	-0.142232
11.187	-0.049832
11.188	0.106773
11.189	0.115405
11.19	-0.017977
11.191	-0.083266
11.192	-0.037952
11.193	-0.111866
11.194	-0.385937
11.195	-0.532632
11.196	-0.349069
11.197	-0.106618
11.198	-0.021557
11.199	0.024095
11.2	0.111876
11.201	0.144486
11.202	0.091675
11.203	0.080816
11.204	0.136673
11.205	0.099553
11.206	-0.016008
11.207	-0.000551
11.208	0.114611
11.209	0.099982
11.21	-0.042436
11.211	-0.072903
11.212	0.110202
11.213	0.296471
11.214	0.29063
11.215	0.234615
11.216	0.275698
11.217	0.262013
11.218	0.118023
11.219	0.018016
11.22	0.030235
11.221	0.013599
11.222	-0.102895
11.223	-0.181372
11.224	-0.126304
11.225	-0.064852
11.226	-0.055996
11.227	0.024558
11.228	0.140431
11.229	0.104682
11.23	-0.049783
11.231	-0.08609
11.232	0.062976
11.233	0.14135
11.234	-0.040036
11.235	-0.230345
11.236	-0.169849
11.237	-0.03066
11.238	0.002457
11.239	0.024588
11.24	0.088684
11.241	0.078661
11.242	-0.044384
11.243	-0.125821
11.244	-0.070506
11.245	-0.015049
11.246	-0.026783
11.247	0.024492
11.248	0.121507
11.249	0.089477
11.25	-0.043026
11.251	-0.050976
11.252	0.119897
11.253	0.197597
11.254	-0.019905
11.255	-0.276188
11.256	-0.290746
11.257	-0.223162
11.258	-0.246389
11.259	-0.221036
11.26	-0.042348
11.261	0.16531
11.262	0.287226
11.263	0.384388
11.264	0.478742
11.265	0.414462
11.266	0.210201
11.267	0.144042
11.268	0.242376
11.269	0.223439
11.27	-0.000909
11.271	-0.226593
11.272	-0.330086
11.273	-0.442133
11.274	-0.607794
11.275	-0.56904
11.276	-0.260048
11.277	-0.042828
11.278	-0.087095
11.279	-0.132749
11.28	0.00233
11.281	0.19454
11.282	0.301965
11.283	0.367078
11.284	0.412213
11.285	0.296748
11.286	0.05985
11.287	-0.004511
11.288	0.135532
11.289	0.202259
11.29	0.115097
11.291	0.063991
11.292	0.103017
11.293	-0.007272
11.294	-0.366823
11.295	-0.627244
11.296	-0.522632
11.297	-0.271369
11.298	-0.100049
11.299	0.038282
11.3	0.159979
11.301	0.161283
11.302	0.067571
11.303	0.11644
11.304	0.403185
11.305	0.624017
11.306	0.5457
11.307	0.365887
11.308	0.2586
11.309	0.1199
11.31	-0.090948
11.311	-0.217119
11.312	-0.162498
11.313	-0.06358
11.314	-0.039845
11.315	0.042647
11.316	0.224598
11.317	0.246839
11.318	0.037382
11.319	-0.119079
11.32	-0.052112
11.321	0.102741
11.322	0.210726
11.323	0.347259
11.324	0.540588
11.325	0.561464
11.326	0.341201
11.327	0.179431
11.328	0.195524
11.329	0.163475
11.33	-0.014458
11.331	-0.173385
11.332	-0.213507
11.333	-0.277366
11.334	-0.434367
11.335	-0.419496
11.336	-0.107694
11.337	0.154293
11.338	0.128916
11.339	0.016742
11.34	0.005025
11.341	0.013756
11.342	-0.038533
11.343	-0.014065
11.344	0.190966
11.345	0.349052
11.346	0.273826
11.347	0.157999
11.348	0.133674
11.349	0.05393
11.35	-0.112024
11.351	-0.151167
11.352	0.08644
11.353	0.458873
11.354	0.72716
11.355	0.868616
11.356	0.905629
11.357	0.699095
11.358	0.275311
11.359	-0.064541
11.36	-0.162916
11.361	-0.161931
11.362	-0.186969
11.363	-0.111307
11.364	0.172539
11.365	0.416176
11.366	0.385016
11.367	0.246192
11.368	0.158461
11.369	0.022026
11.37	-0.173105
11.371	-0.227229
11.372	-0.011615
11.373	0.326811
11.374	0.564517
11.375	0.701467
11.376	0.77186
11.377	0.625023
11.378	0.255849
11.379	-0.061285
11.38	-0.170417
11.381	-0.195614
11.382	-0.241759
11.383	-0.165813
11.384	0.148141
11.385	0.439188
11.386	0.440599
11.387	0.298623
11.388	0.183395
11.389	0.018632
11.39	-0.197882
11.391	-0.272316
11.392	-0.07509
11.393	0.266036
11.394	0.550183
11.395	0.772516
11.396	0.92453
11.397	0.802265
11.398	0.383813
11.399	-0.021079
11.4	-0.208814
11.401	-0.287569
11.402	-0.383011
11.403	-0.382049
11.404	-0.155475
11.405	0.111369
11.406	0.197438
11.407	0.188283
11.408	0.168355
11.409	0.039958
11.41	-0.179077
11.411	-0.281574
11.412	-0.149133
11.413	0.06693
11.414	0.186457
11.415	0.310854
11.416	0.524625
11.417	0.579587
11.418	0.33181
11.419	0.015415
11.42	-0.165682
11.421	-0.267979
11.422	-0.352343
11.423	-0.270537
11.424	0.069177
11.425	0.379432
11.426	0.38964
11.427	0.260042
11.428	0.169251
11.429	0.034688
11.43	-0.160933
11.431	-0.249498
11.432	-0.151188
11.433	-0.056614
11.434	-0.13643
11.435	-0.175093
11.436	0.039903
11.437	0.256651
11.438	0.215529
11.439	0.036444
11.44	-0.114908
11.441	-0.234805
11.442	-0.261834
11.443	0.059774
11.444	0.796397
11.445	1.436819
11.446	1.468578
11.447	1.040733
11.448	0.517236
11.449	-0.000804
11.45	-0.435561
11.451	-0.566532
11.452	-0.220414
11.453	0.521183
11.454	1.339873
11.455	1.884218
11.456	1.914944
11.457	1.398929
11.458	0.599726
11.459	-0.08823
11.46	-0.480706
11.461	-0.650142
11.462	-0.632423
11.463	-0.254417
11.464	0.51462
11.465	1.190921
11.466	1.28993
11.467	0.928848
11.468	0.432825
11.469	-0.083263
11.47	-0.508968
11.471	-0.643453
11.472	-0.424185
11.473	-0.074931
11.474	0.153378
11.475	0.330713
11.476	0.563147
11.477	0.627235
11.478	0.358461
11.479	-0.044349
11.48	-0.355053
11.481	-0.553524
11.482	-0.6577
11.483	-0.566094
11.484	-0.24284
11.485	0.069246
11.486	0.149434
11.487	0.08775
11.488	-0.01501
11.489	-0.213966
11.49	-0.449249
11.491	-0.484708
11.492	-0.186071
11.493	0.277395
11.494	0.642463
11.495	0.892871
11.496	1.070457
11.497	0.985421
11.498	0.54167
11.499	-0.011333
11.5	-0.387371
11.501	-0.511777
11.502	-0.416427
11.503	-0.099747
11.504	0.339691
11.505	0.584032
11.506	0.481501
11.507	0.277628
11.508	0.136301
11.509	-0.068879
11.51	-0.366056
11.511	-0.574896
11.512	-0.638878
11.513	-0.817897
11.514	-1.257422
11.515	-1.507565
11.516	-1.153461
11.517	-0.552829
11.518	-0.213639
11.519	-0.132173
11.52	-0.106939
11.521	-0.089686
11.522	-0.151881
11.523	-0.367761
11.524	-0.749176
11.525	-1.165125
11.526	-1.310651
11.527	-0.991439
11.528	-0.449748
11.529	-0.123411
11.53	-0.118908
11.531	-0.138459
11.532	0.113638
11.533	0.551368
11.534	0.761074
11.535	0.462064
11.536	-0.143105
11.537	-0.569888
11.538	-0.543641
11.539	-0.190022
11.54	0.187191
11.541	0.38048
11.542	0.347099
11.543	0.123732
11.544	-0.25084
11.545	-0.676949
11.546	-0.900395
11.547	-0.716253
11.548	-0.287425
11.549	0.016129
11.55	0.067161
11.551	0.041983
11.552	0.054664
11.553	-0.093144
11.554	-0.535378
11.555	-0.855208
11.556	-0.626944
11.557	-0.125043
11.558	0.187946
11.559	0.270759
11.56	0.271273
11.561	0.215255
11.562	-0.031091
11.563	-0.678885
11.564	-1.783194
11.565	-2.92645
11.566	-3.315805
11.567	-2.543028
11.568	-1.113909
11.569	0.077196
11.57	0.619882
11.571	0.718999
11.572	0.630012
11.573	0.232338
11.574	-0.580966
11.575	-1.28953
11.576	-1.279092
11.577	-0.705405
11.578	-0.091756
11.579	0.322505
11.58	0.512879
11.581	0.537527
11.582	0.531149
11.583	0.606529
11.584	0.685678
11.585	0.53348
11.586	0.164294
11.587	-0.072447
11.588	-0.031577
11.589	0.061618
11.59	0.057109
11.591	0.054092
11.592	0.067321
11.593	-0.238002
11.594	-1.115939
11.595	-2.054465
11.596	-2.231777
11.597	-1.57486
11.598	-0.641455
11.599	0.115795
11.6	0.52986
11.601	0.600378
11.602	0.348754
11.603	-0.29523
11.604	-1.356311
11.605	-2.470875
11.606	-2.904015
11.607	-2.244608
11.608	-0.936639
11.609	0.188508
11.61	0.743301
11.611	0.915947
11.612	0.897403
11.613	0.407424
11.614	-0.914558
11.615	-2.594913
11.616	-3.47241
11.617	-2.960613
11.618	-1.51373
11.619	0.031055
11.62	1.071516
11.621	1.405822
11.622	1.036689
11.623	-0.075213
11.624	-1.838669
11.625	-3.577466
11.626	-4.185541
11.627	-3.14689
11.628	-1.154852
11.629	0.600453
11.63	1.531785
11.631	1.838433
11.632	1.804291
11.633	1.177929
11.634	-0.484745
11.635	-2.76174
11.636	-4.265412
11.637	-3.992594
11.638	-2.23175
11.639	-0.070997
11.64	1.513235
11.641	2.151783
11.642	1.964549
11.643	1.141991
11.644	-0.163358
11.645	-1.53419
11.646	-2.228299
11.647	-1.788042
11.648	-0.575632
11.649	0.601738
11.65	1.279789
11.651	1.546279
11.652	1.577569
11.653	1.201064
11.654	0.20031
11.655	-0.994648
11.656	-1.569574
11.657	-1.247397
11.658	-0.37573
11.659	0.546953
11.66	1.145203
11.661	1.353555
11.662	1.424467
11.663	1.631334
11.664	1.879108
11.665	1.735839
11.666	1.096882
11.667	0.433786
11.668	0.110669
11.669	0.021767
11.67	0.002845
11.671	0.13324
11.672	0.608417
11.673	1.484825
11.674	2.556705
11.675	3.420103
11.676	3.650248
11.677	3.060395
11.678	1.895164
11.679	0.675838
11.68	-0.203492
11.681	-0.62573
11.682	-0.503917
11.683	0.38563
11.684	1.977242
11.685	3.424687
11.686	3.743168
11.687	2.844103
11.688	1.351367
11.689	-0.109622
11.69	-1.102799
11.691	-1.373436
11.692	-0.872826
11.693	0.248323
11.694	1.64553
11.695	2.797281
11.696	3.16573
11.697	2.545028
11.698	1.274793
11.699	-0.015249
11.7	-0.898231
11.701	-1.309004
11.702	-1.258271
11.703	-0.61264
11.704	0.574589
11.705	1.663231
11.706	1.949091
11.707	1.419926
11.708	0.511018
11.709	-0.399904
11.71	-1.028907
11.711	-1.216159
11.712	-1.051118
11.713	-0.803963
11.714	-0.580885
11.715	-0.170149
11.716	0.443125
11.717	0.783302
11.718	0.53737
11.719	-0.022553
11.72	-0.488497
11.721	-0.69639
11.722	-0.584822
11.723	-0.024562
11.724	0.903854
11.725	1.620723
11.726	1.604332
11.727	1.020658
11.728	0.316307
11.729	-0.291326
11.73	-0.698345
11.731	-0.83841
11.732	-0.851251
11.733	-1.076207
11.734	-1.586327
11.735	-1.845175
11.736	-1.410914
11.737	-0.638111
11.738	-0.065499
11.739	0.232234
11.74	0.369812
11.741	0.311943
11.742	-0.136595
11.743	-1.219579
11.744	-2.95128
11.745	-4.719013
11.746	-5.415564
11.747	-4.426799
11.748	-2.353261
11.749	-0.414707
11.75	0.679898
11.751	1.093405
11.752	1.417634
11.753	2.155578
11.754	3.41806
11.755	4.756958
11.756	5.339011
11.757	4.606737
11.758	2.855513
11.759	0.993385
11.76	-0.267637
11.761	-0.767257
11.762	-0.509514
11.763	0.692733
11.764	2.82403
11.765	4.985971
11.766	5.819367
11.767	4.81559
11.768	2.655332
11.769	0.407121
11.77	-1.167354
11.771	-1.821566
11.772	-1.731566
11.773	-1.233067
11.774	-0.548385
11.775	0.230582
11.776	0.853686
11.777	0.927438
11.778	0.413601
11.779	-0.262621
11.78	-0.708297
11.781	-0.868779
11.782	-0.86895
11.783	-0.805559
11.784	-0.752568
11.785	-0.786741
11.786	-0.863582
11.787	-0.838439
11.788	-0.711397
11.789	-0.625429
11.79	-0.608639
11.791	-0.540399
11.792	-0.371252
11.793	-0.246492
11.794	-0.363331
11.795	-0.705643
11.796	-0.980591
11.797	-0.898262
11.798	-0.468309
11.799	0.035689
11.8	0.343247
11.801	0.417755
11.802	0.502724
11.803	0.913119
11.804	1.582723
11.805	1.903414
11.806	1.455595
11.807	0.606766
11.808	-0.063794
11.809	-0.372925
11.81	-0.386631
11.811	-0.239245
11.812	-0.184273
11.813	-0.524002
11.814	-1.199445
11.815	-1.565457
11.816	-1.134856
11.817	-0.276983
11.818	0.377873
11.819	0.650481
11.82	0.656712
11.821	0.489091
11.822	0.115837
11.823	-0.633996
11.824	-1.888281
11.825	-3.319973
11.826	-4.092826
11.827	-3.597273
11.828	-2.115523
11.829	-0.465975
11.83	0.792655
11.831	1.529544
11.832	1.592445
11.833	0.509923
11.834	-2.034041
11.835	-5.293835
11.836	-7.520276
11.837	-7.277217
11.838	-4.560325
11.839	-0.779858
11.84	2.249135
11.841	3.440419
11.842	2.612723
11.843	0.026937
11.844	-3.54252
11.845	-6.517491
11.846	-7.248031
11.847	-5.310883
11.848	-1.839494
11.849	1.4344
11.85	3.458065
11.851	4.254177
11.852	4.327699
11.853	4.056091
11.854	3.592059
11.855	3.024683
11.856	2.478192
11.857	2.10674
11.858	2.008624
11.859	2.087244
11.86	2.099908
11.861	1.966991
11.862	1.975467
11.863	2.562879
11.864	3.797328
11.865	5.050245
11.866	5.341602
11.867	4.20199
11.868	2.164829
11.869	0.302519
11.87	-0.638469
11.871	-0.623569
11.872	-0.060961
11.873	0.681704
11.874	1.465695
11.875	2.1777
11.876	2.546613
11.877	2.33037
11.878	1.617234
11.879	0.775635
11.88	0.107687
11.881	-0.329041
11.882	-0.609294
11.883	-0.853242
11.884	-1.235303
11.885	-1.818961
11.886	-2.338074
11.887	-2.405182
11.888	-1.951076
11.889	-1.225451
11.89	-0.464341
11.891	0.240111
11.892	0.903065
11.893	1.673753
11.894	2.739875
11.895	3.953577
11.896	4.661366
11.897	4.226758
11.898	2.741343
11.899	0.964891
11.9	-0.429807
11.901	-1.220095
11.902	-1.246255
11.903	-0.112867
11.904	2.312342
11.905	5.127677
11.906	6.72654
11.907	6.203626
11.908	4.230782
11.909	2.643439
11.91	2.911609
11.911	4.551405
11.912	5.810579
11.913	6.115546
11.914	6.184397
11.915	5.811226
11.916	3.657721
11.917	-0.549019
11.918	-5.103671
11.919	-8.126598
11.92	-9.360416
11.921	-9.699728
11.922	-9.869494
11.923	-10.048586
11.924	-10.126077
11.925	-9.822139
11.926	-8.777806
11.927	-6.930183
11.928	-4.836714
11.929	-3.350148
11.93	-2.884153
11.931	-3.221389
11.932	-3.922981
11.933	-4.440557
11.934	-3.946465
11.935	-1.966618
11.936	0.558338
11.937	1.840169
11.938	1.200394
11.939	-0.39405
11.94	-1.719449
11.941	-2.300355
11.942	-2.055417
11.943	-0.74282
11.944	1.798343
11.945	4.999282
11.946	7.686755
11.947	8.916376
11.948	8.225141
11.949	5.484608
11.95	1.338192
11.951	-2.571736
11.952	-4.467554
11.953	-3.489946
11.954	-0.265244
11.955	3.119875
11.956	4.276347
11.957	2.225444
11.958	-1.919143
11.959	-5.923302
11.96	-8.157275
11.961	-8.403458
11.962	-7.30965
11.963	-5.580012
11.964	-3.716865
11.965	-2.166818
11.966	-1.311668
11.967	-1.243628
11.968	-1.741708
11.969	-2.45258
11.97	-3.065348
11.971	-3.500182
11.972	-4.003098
11.973	-4.873891
11.974	-5.986564
11.975	-6.77144
11.976	-6.72498
11.977	-5.704666
11.978	-3.772283
11.979	-1.038833
11.98	2.026249
11.981	4.055687
11.982	3.337288
11.983	-0.320836
11.984	-4.801747
11.985	-7.409919
11.986	-6.887508
11.987	-3.641196
11.988	0.866867
11.989	4.862917
11.99	7.304529
11.991	8.202474
11.992	8.021579
11.993	7.304232
11.994	6.633715
11.995	6.381156
11.996	6.401502
11.997	6.22625
11.998	5.669541
11.999	5.009158
12.0	4.530816
12.001	4.280871
12.002	4.323597
12.003	4.84858
12.004	5.8404
12.005	6.807135
12.006	6.939767
12.007	5.616663
12.008	3.036955
12.009	0.312716
12.01	-1.42038
12.011	-1.929918
12.012	-1.841367
12.013	-1.895719
12.014	-2.174966
12.015	-1.99825
12.016	-0.948604
12.017	0.389398
12.018	1.249877
12.019	1.521474
12.02	1.475
12.021	1.316546
12.022	1.106544
12.023	0.790218
12.024	0.224495
12.025	-0.650296
12.026	-1.574085
12.027	-2.111891
12.028	-2.10415
12.029	-1.75967
12.03	-1.338721
12.031	-0.972424
12.032	-0.73997
12.033	-0.694076
12.034	-0.662199
12.035	-0.222036
12.036	0.707688
12.037	1.551279
12.038	1.793802
12.039	1.539477
12.04	1.168494
12.041	0.951952
12.042	1.091705
12.043	1.772579
12.044	2.80155
12.045	3.33973
12.046	2.689284
12.047	1.188494
12.048	-0.295721
12.049	-1.266153
12.05	-1.654439
12.051	-1.57768
12.052	-1.276246
12.053	-1.088541
12.054	-1.278316
12.055	-1.726481
12.056	-1.911732
12.057	-1.432794
12.058	-0.437789
12.059	0.589059
12.06	1.277002
12.061	1.569891
12.062	1.652245
12.063	1.70259
12.064	1.588481
12.065	0.914787
12.066	-0.299181
12.067	-1.340962
12.068	-1.628261
12.069	-1.290471
12.07	-0.761897
12.071	-0.357164
12.072	-0.325457
12.073	-0.945573
12.074	-2.149297
12.075	-3.083429
12.076	-2.808362
12.077	-1.447969
12.078	0.079465
12.079	1.113931
12.08	1.561738
12.081	1.661755
12.082	1.764907
12.083	2.114328
12.084	2.499542
12.085	2.233339
12.086	1.04243
12.087	-0.342459
12.088	-1.077628
12.089	-1.063663
12.09	-0.665228
12.091	-0.263283
12.092	-0.228702
12.093	-0.960649
12.094	-2.48687
12.095	-3.935354
12.096	-4.117617
12.097	-2.822108
12.098	-0.891214
12.099	0.757795
12.1	1.703654
12.101	1.993726
12.102	1.870369
12.103	1.45699
12.104	0.665352
12.105	-0.530789
12.106	-1.725801
12.107	-2.262775
12.108	-1.904954
12.109	-1.043889
12.11	-0.229374
12.111	0.271741
12.112	0.53721
12.113	0.837143
12.114	1.431895
12.115	2.343055
12.116	3.206105
12.117	3.471227
12.118	2.896262
12.119	1.77719
12.12	0.647484
12.121	-0.081043
12.122	-0.094519
12.123	0.991628
12.124	3.366133
12.125	6.410645
12.126	8.779792
12.127	9.260934
12.128	7.383253
12.129	3.766696
12.13	0.225631
12.131	-1.158668
12.132	0.383988
12.133	3.643383
12.134	6.523443
12.135	7.599208
12.136	6.323537
12.137	2.726069
12.138	-2.177491
12.139	-6.655225
12.14	-9.567943
12.141	-10.724023
12.142	-10.208451
12.143	-8.126347
12.144	-4.694876
12.145	-0.382069
12.146	3.68451
12.147	5.807379
12.148	4.983522
12.149	1.92296
12.15	-1.67434
12.151	-4.54356
12.152	-6.299916
12.153	-7.038782
12.154	-7.014201
12.155	-6.560717
12.156	-5.974457
12.157	-5.314989
12.158	-4.322077
12.159	-2.738168
12.16	-0.921299
12.161	0.149215
12.162	-0.3426
12.163	-2.419862
12.164	-5.215621
12.165	-7.385739
12.166	-7.817378
12.167	-6.103625
12.168	-2.855716
12.169	0.458956
12.17	2.589122
12.171	3.306171
12.172	3.029817
12.173	2.117918
12.174	0.796911
12.175	-0.409664
12.176	-0.762243
12.177	-0.045391
12.178	1.205393
12.179	2.265327
12.18	2.749774
12.181	2.802823
12.182	2.975742
12.183	3.801692
12.184	5.285633
12.185	6.670064
12.186	6.861149
12.187	5.37581
12.188	2.807049
12.189	0.26063
12.19	-1.463975
12.191	-2.12012
12.192	-1.691576
12.193	-0.040286
12.194	2.866361
12.195	6.261258
12.196	8.496977
12.197	8.176945
12.198	5.428157
12.199	1.816289
12.2	-1.00483
12.201	-2.351963
12.202	-2.452459
12.203	-1.927079
12.204	-1.447759
12.205	-1.445472
12.206	-1.820135
12.207	-2.100143
12.208	-2.035507
12.209	-1.80845
12.21	-1.647218
12.211	-1.580481
12.212	-1.657467
12.213	-2.149464
12.214	-3.189111
12.215	-4.184147
12.216	-4.180171
12.217	-2.942088
12.218	-1.158054
12.219	0.265654
12.22	0.845888
12.221	0.795542
12.222	0.769161
12.223	1.205871
12.224	1.821508
12.225	1.827766
12.226	0.924168
12.227	-0.242921
12.228	-0.9397
12.229	-1.080295
12.23	-0.923809
12.231	-0.647547
12.232	-0.414857
12.233	-0.605164
12.234	-1.635773
12.235	-3.401518
12.236	-5.22829
12.237	-6.396327
12.238	-6.225232
12.239	-4.132499
12.24	-0.520072
12.241	2.883347
12.242	4.240232
12.243	2.816472
12.244	-0.71783
12.245	-4.407245
12.246	-5.963857
12.247	-4.458649
12.248	-1.042683
12.249	2.195401
12.25	3.996589
12.251	4.510593
12.252	4.462007
12.253	4.162504
12.254	3.363822
12.255	1.899993
12.256	0.255765
12.257	-0.637213
12.258	-0.185189
12.259	1.261335
12.26	2.707562
12.261	3.418772
12.262	3.228298
12.263	2.070986
12.264	-0.111081
12.265	-2.705514
12.266	-4.294202
12.267	-3.827511
12.268	-1.736327
12.269	0.528468
12.27	1.912018
12.271	2.41094
12.272	2.50051
12.273	2.317124
12.274	1.595856
12.275	0.335991
12.276	-0.8472
12.277	-1.195689
12.278	-0.461087
12.279	0.854369
12.28	1.930845
12.281	2.435105
12.282	2.699383
12.283	3.040674
12.284	3.148571
12.285	2.438269
12.286	1.034936
12.287	-0.149771
12.288	-0.512013
12.289	-0.298429
12.29	0.009255
12.291	0.269131
12.292	0.521968
12.293	0.563456
12.294	0.040682
12.295	-0.858033
12.296	-1.303811
12.297	-0.800261
12.298	0.247732
12.299	1.102062
12.3	1.380206
12.301	1.219929
12.302	0.994785
12.303	0.860099
12.304	0.610878
12.305	0.044641
12.306	-0.628722
12.307	-0.962371
12.308	-0.83995
12.309	-0.574924
12.31	-0.434757
12.311	-0.346934
12.312	-0.165155
12.313	-0.066933
12.314	-0.378523
12.315	-0.903309
12.316	-0.962492
12.317	-0.324998
12.318	0.50822
12.319	0.97367
12.32	0.932601
12.321	0.630423
12.322	0.403049
12.323	0.354864
12.324	0.284868
12.325	-0.028053
12.326	-0.477425
12.327	-0.730622
12.328	-0.694302
12.329	-0.609096
12.33	-0.642352
12.331	-0.652928
12.332	-0.473244
12.333	-0.297818
12.334	-0.497121
12.335	-0.935365
12.336	-0.983369
12.337	-0.412623
12.338	0.324481
12.339	0.727336
12.34	0.68386
12.341	0.409147
12.342	0.18909
12.343	0.11987
12.344	0.049017
12.345	-0.195237
12.346	-0.519609
12.347	-0.660129
12.348	-0.582408
12.349	-0.531238
12.35	-0.632836
12.351	-0.695929
12.352	-0.523496
12.353	-0.307643
12.354	-0.433646
12.355	-0.788774
12.356	-0.785619
12.357	-0.267449
12.358	0.285352
12.359	0.48325
12.36	0.38146
12.361	0.237857
12.362	0.228856
12.363	0.307386
12.364	0.248167
12.365	-0.092016
12.366	-0.51631
12.367	-0.6568
12.368	-0.473302
12.369	-0.324918
12.37	-0.456935
12.371	-0.683954
12.372	-0.713152
12.373	-0.623895
12.374	-0.748847
12.375	-1.024027
12.376	-0.964895
12.377	-0.453911
12.378	0.087415
12.379	0.327916
12.38	0.305538
12.381	0.220082
12.382	0.214619
12.383	0.261763
12.384	0.191967
12.385	-0.100168
12.386	-0.443302
12.387	-0.530661
12.388	-0.348433
12.389	-0.231213
12.39	-0.387634
12.391	-0.613322
12.392	-0.617938
12.393	-0.496342
12.394	-0.595727
12.395	-0.853354
12.396	-0.784457
12.397	-0.291812
12.398	0.182221
12.399	0.326928
12.4	0.230275
12.401	0.11705
12.402	0.117352
12.403	0.190185
12.404	0.166972
12.405	-0.061727
12.406	-0.345356
12.407	-0.409126
12.408	-0.257426
12.409	-0.202108
12.41	-0.40603
12.411	-0.638165
12.412	-0.607962
12.413	-0.41683
12.414	-0.418589
12.415	-0.587972
12.416	-0.524685
12.417	-0.167987
12.418	0.132459
12.419	0.18427
12.42	0.094717
12.421	0.02944
12.422	0.057484
12.423	0.115855
12.424	0.053898
12.425	-0.204403
12.426	-0.487289
12.427	-0.519445
12.428	-0.317115
12.429	-0.206094
12.43	-0.3578
12.431	-0.545904
12.432	-0.487355
12.433	-0.293983
12.434	-0.323304
12.435	-0.537313
12.436	-0.517086
12.437	-0.195599
12.438	0.078323
12.439	0.121586
12.44	0.046581
12.441	0.002909
12.442	0.036303
12.443	0.084641
12.444	0.03035
12.445	-0.175262
12.446	-0.384233
12.447	-0.379226
12.448	-0.203318
12.449	-0.150116
12.45	-0.340699
12.451	-0.532452
12.452	-0.463574
12.453	-0.270992
12.454	-0.314345
12.455	-0.539042
12.456	-0.519954
12.457	-0.205318
12.458	0.046117
12.459	0.065832
12.46	-0.015888
12.461	-0.054369
12.462	-0.019557
12.463	0.034233
12.464	0.018707
12.465	-0.118539
12.466	-0.285686
12.467	-0.302941
12.468	-0.180921
12.469	-0.158742
12.47	-0.341493
12.471	-0.508778
12.472	-0.430338
12.473	-0.265739
12.474	-0.380138
12.475	-0.704286
12.476	-0.775677
12.477	-0.490193
12.478	-0.178801
12.479	-0.038835
12.48	-0.002917
12.481	0.02007
12.482	0.039947
12.483	0.02237
12.484	-0.071465
12.485	-0.247053
12.486	-0.397969
12.487	-0.362877
12.488	-0.179605
12.489	-0.103478
12.49	-0.249662
12.491	-0.407322
12.492	-0.340832
12.493	-0.173194
12.494	-0.211591
12.495	-0.377764
12.496	-0.314082
12.497	-0.041436
12.498	0.113767
12.499	0.06264
12.5	-0.039118
12.501	-0.074763
12.502	-0.028704
12.503	0.091611
12.504	0.230956
12.505	0.237893
12.506	0.075196
12.507	-0.052041
12.508	-0.037921
12.509	-0.062148
12.51	-0.242013
12.511	-0.399301
12.512	-0.340443
12.513	-0.22894
12.514	-0.396071
12.515	-0.728771
12.516	-0.755691
12.517	-0.416093
12.518	-0.091625
12.519	0.02113
12.52	0.021392
12.521	0.000554
12.522	-0.057301
12.523	-0.176012
12.524	-0.328655
12.525	-0.46289
12.526	-0.491037
12.527	-0.329801
12.528	-0.076186
12.529	0.013048
12.53	-0.147263
12.531	-0.318835
12.532	-0.245906
12.533	-0.031353
12.534	0.005928
12.535	-0.125432
12.536	-0.110799
12.537	0.075784
12.538	0.164066
12.539	0.072112
12.54	-0.059567
12.541	-0.123342
12.542	-0.073722
12.543	0.165924
12.544	0.578305
12.545	0.873979
12.546	0.811631
12.547	0.555391
12.548	0.326534
12.549	0.071324
12.55	-0.254939
12.551	-0.457877
12.552	-0.354899
12.553	-0.110884
12.554	-0.080419
12.555	-0.261144
12.556	-0.311095
12.557	-0.155154
12.558	-0.031963
12.559	-0.04056
12.56	-0.090395
12.561	-0.120204
12.562	-0.111006
12.563	0.012123
12.564	0.277576
12.565	0.494754
12.566	0.485096
12.567	0.360308
12.568	0.252197
12.569	0.076646
12.57	-0.203427
12.571	-0.398709
12.572	-0.346007
12.573	-0.194478
12.574	-0.206355
12.575	-0.287897
12.576	-0.151199
12.577	0.098181
12.578	0.115943
12.579	-0.101665
12.58	-0.270172
12.581	-0.220446
12.582	0.036913
12.583	0.476427
12.584	0.978818
12.585	1.186111
12.586	0.912203
12.587	0.500411
12.588	0.287601
12.589	0.147803
12.59	-0.114793
12.591	-0.380968
12.592	-0.42698
12.593	-0.293027
12.594	-0.191448
12.595	-0.094853
12.596	0.141596
12.597	0.334265
12.598	0.214023
12.599	-0.1028
12.6	-0.299155
12.601	-0.255623
12.602	-0.05755
12.603	0.215722
12.604	0.488619
12.605	0.568438
12.606	0.374333
12.607	0.149708
12.608	0.083314
12.609	0.029471
12.61	-0.131757
12.611	-0.223296
12.612	-0.059295
12.613	0.194817
12.614	0.210898
12.615	0.03338
12.616	-0.006844
12.617	0.122364
12.618	0.191697
12.619	0.133873
12.62	0.022838
12.621	-0.135002
12.622	-0.373907
12.623	-0.625876
12.624	-0.732969
12.625	-0.624805
12.626	-0.378836
12.627	-0.118153
12.628	0.03061
12.629	-0.029731
12.63	-0.238403
12.631	-0.364232
12.632	-0.228271
12.633	0.083485
12.634	0.358849
12.635	0.585311
12.636	0.823358
12.637	0.885645
12.638	0.596334
12.639	0.139391
12.64	-0.175775
12.641	-0.274497
12.642	-0.29673
12.643	-0.349554
12.644	-0.409129
12.645	-0.428079
12.646	-0.382526
12.647	-0.239831
12.648	-0.04875
12.649	0.024217
12.65	-0.081967
12.651	-0.183929
12.652	-0.085426
12.653	0.128679
12.654	0.218193
12.655	0.19693
12.656	0.258898
12.657	0.338828
12.658	0.231422
12.659	-0.005958
12.66	-0.160995
12.661	-0.188933
12.662	-0.212715
12.663	-0.308332
12.664	-0.426079
12.665	-0.49877
12.666	-0.489917
12.667	-0.358365
12.668	-0.146156
12.669	-0.023991
12.67	-0.071711
12.671	-0.129283
12.672	-0.008359
12.673	0.235218
12.674	0.422273
12.675	0.585745
12.676	0.81501
12.677	0.899937
12.678	0.618258
12.679	0.136145
12.68	-0.219073
12.681	-0.335528
12.682	-0.29133
12.683	-0.11815
12.684	0.180318
12.685	0.421721
12.686	0.410187
12.687	0.247528
12.688	0.120893
12.689	0.007951
12.69	-0.141146
12.691	-0.214487
12.692	-0.122858
12.693	-0.029024
12.694	-0.14417
12.695	-0.306414
12.696	-0.203007
12.697	0.053853
12.698	0.126965
12.699	-0.001707
12.7	-0.120035
12.701	-0.160038
12.702	-0.232105
12.703	-0.406317
12.704	-0.615242
12.705	-0.7619
12.706	-0.783952
12.707	-0.627337
12.708	-0.333707
12.709	-0.087185
12.71	3.3e-05
12.711	0.040309
12.712	0.169684
12.713	0.28003
12.714	0.160897
12.715	-0.09031
12.716	-0.168428
12.717	-0.058468
12.718	0.018618
12.719	0.013973
12.72	0.026629
12.721	0.046748
12.722	-0.042765
12.723	-0.27572
12.724	-0.541523
12.725	-0.715555
12.726	-0.734451
12.727	-0.563597
12.728	-0.259942
12.729	-0.004403
12.73	0.095621
12.731	0.142676
12.732	0.260489
12.733	0.346462
12.734	0.213512
12.735	-0.022665
12.736	-0.065543
12.737	0.069608
12.738	0.14186
12.739	0.11129
12.74	0.095295
12.741	0.088549
12.742	-0.036691
12.743	-0.331175
12.744	-0.693936
12.745	-0.982443
12.746	-1.07849
12.747	-0.888767
12.748	-0.464337
12.749	-0.043168
12.75	0.197333
12.751	0.321294
12.752	0.439496
12.753	0.431289
12.754	0.083585
12.755	-0.449597
12.756	-0.705139
12.757	-0.536731
12.758	-0.218441
12.759	0.032589
12.76	0.194712
12.761	0.255129
12.762	0.204724
12.763	0.15417
12.764	0.224081
12.765	0.309658
12.766	0.247113
12.767	0.129387
12.768	0.105208
12.769	0.106384
12.77	0.044615
12.771	0.038848
12.772	0.301585
12.773	0.891362
12.774	1.623357
12.775	2.187827
12.776	2.320014
12.777	1.925217
12.778	1.162267
12.779	0.382499
12.78	-0.129439
12.781	-0.350323
12.782	-0.384362
12.783	-0.198456
12.784	0.284675
12.785	0.829756
12.786	1.037376
12.787	0.857435
12.788	0.527989
12.789	0.186754
12.79	-0.11251
12.791	-0.242998
12.792	-0.102341
12.793	0.223875
12.794	0.560151
12.795	0.86213
12.796	1.095462
12.797	1.061143
12.798	0.675032
12.799	0.173691
12.8	-0.169763
12.801	-0.326801
12.802	-0.418539
12.803	-0.455462
12.804	-0.342053
12.805	-0.128458
12.806	0.0167
12.807	0.065844
12.808	0.079125
12.809	0.028675
12.81	-0.089883
12.811	-0.13516
12.812	0.032973
12.813	0.357009
12.814	0.671657
12.815	0.939062
12.816	1.138916
12.817	1.08455
12.818	0.69028
12.819	0.182692
12.82	-0.170612
12.821	-0.333938
12.822	-0.397611
12.823	-0.315201
12.824	0.042188
12.825	0.538607
12.826	0.81239
12.827	0.730045
12.828	0.451338
12.829	0.128416
12.83	-0.140456
12.831	-0.223633
12.832	-0.069988
12.833	0.149053
12.834	0.220607
12.835	0.218421
12.836	0.320743
12.837	0.408709
12.838	0.282724
12.839	0.028949
12.84	-0.153484
12.841	-0.239097
12.842	-0.306838
12.843	-0.311742
12.844	-0.139661
12.845	0.109386
12.846	0.206966
12.847	0.144991
12.848	0.057847
12.849	-0.03142
12.85	-0.119073
12.851	-0.097598
12.852	0.093164
12.853	0.292741
12.854	0.298499
12.855	0.212989
12.856	0.265394
12.857	0.370493
12.858	0.307434
12.859	0.113748
12.86	-0.032569
12.861	-0.094065
12.862	-0.14553
12.863	-0.185165
12.864	-0.156405
12.865	-0.123961
12.866	-0.173169
12.867	-0.194716
12.868	-0.074333
12.869	0.065539
12.87	0.070553
12.871	-0.003022
12.872	-0.020565
12.873	-0.004815
12.874	-0.031632
12.875	0.034096
12.876	0.312424
12.877	0.547343
12.878	0.442107
12.879	0.119272
12.88	-0.097713
12.881	-0.128893
12.882	-0.158615
12.883	-0.329027
12.884	-0.573333
12.885	-0.744985
12.886	-0.756044
12.887	-0.568234
12.888	-0.238618
12.889	0.036568
12.89	0.11533
12.891	0.085499
12.892	0.109826
12.893	0.171455
12.894	0.144124
12.895	0.092518
12.896	0.18983
12.897	0.340719
12.898	0.298494
12.899	0.085612
12.9	-0.068564
12.901	-0.081718
12.902	-0.046657
12.903	0.003708
12.904	0.106175
12.905	0.159136
12.906	0.046429
12.907	-0.083951
12.908	-0.047989
12.909	0.061691
12.91	0.081122
12.911	0.048392
12.912	0.088892
12.913	0.166497
12.914	0.14111
12.915	0.064921
12.916	0.119356
12.917	0.244612
12.918	0.226982
12.919	0.083883
12.92	-0.000595
12.921	-0.001649
12.922	-0.070372
12.923	-0.28987
12.924	-0.56326
12.925	-0.7517
12.926	-0.784274
12.927	-0.61646
12.928	-0.281313
12.929	0.035185
12.93	0.176785
12.931	0.20601
12.932	0.251626
12.933	0.23733
12.934	-0.04026
12.935	-0.488645
12.936	-0.687913
12.937	-0.483503
12.938	-0.17114
12.939	0.020108
12.94	0.131433
12.941	0.190027
12.942	0.107241
12.943	-0.149857
12.944	-0.47052
12.945	-0.714485
12.946	-0.794656
12.947	-0.646694
12.948	-0.304408
12.949	0.028098
12.95	0.177861
12.951	0.213451
12.952	0.318116
12.953	0.515758
12.954	0.656769
12.955	0.684052
12.956	0.692116
12.957	0.667167
12.958	0.492241
12.959	0.226658
12.96	0.057623
12.961	0.011658
12.962	-0.064587
12.963	-0.267259
12.964	-0.518404
12.965	-0.691989
12.966	-0.720801
12.967	-0.565406
12.968	-0.261389
12.969	0.014505
12.97	0.11848
12.971	0.132439
12.972	0.241296
12.973	0.46435
12.974	0.640154
12.975	0.69554
12.976	0.714056
12.977	0.679455
12.978	0.473829
12.979	0.153407
12.98	-0.088183
12.981	-0.182414
12.982	-0.169455
12.983	0.03791
12.984	0.60922
12.985	1.38179
12.986	1.817255
12.987	1.628553
12.988	1.062026
12.989	0.452796
12.99	-0.034764
12.991	-0.283056
12.992	-0.233698
12.993	-0.023178
12.994	0.117061
12.995	0.164427
12.996	0.262559
12.997	0.357319
12.998	0.26195
12.999	0.022058
13.0	-0.148499
13.001	-0.199218
13.002	-0.278411
13.003	-0.486796
13.004	-0.737095
13.005	-0.881853
13.006	-0.858091
13.007	-0.659573
13.008	-0.341186
13.009	-0.069649
13.01	0.030748
13.011	0.047472
13.012	0.143452
13.013	0.297988
13.014	0.34571
13.015	0.293059
13.016	0.308577
13.017	0.365443
13.018	0.286569
13.019	0.09144
13.02	-0.050376
13.021	-0.098713
13.022	-0.139252
13.023	-0.156736
13.024	-0.01333
13.025	0.26652
13.026	0.434437
13.027	0.383375
13.028	0.24735
13.029	0.098702
13.03	-0.08004
13.031	-0.177285
13.032	0.023924
13.033	0.615137
13.034	1.431693
13.035	2.136963
13.036	2.404629
13.037	2.082924
13.038	1.304953
13.039	0.445028
13.04	-0.137927
13.041	-0.352921
13.042	-0.311526
13.043	-0.033551
13.044	0.573755
13.045	1.33609
13.046	1.755993
13.047	1.590039
13.048	1.079698
13.049	0.501308
13.05	-0.037421
13.051	-0.409767
13.052	-0.477628
13.053	-0.280501
13.054	-0.001822
13.055	0.288365
13.056	0.597284
13.057	0.732414
13.058	0.476498
13.059	-0.024992
13.06	-0.411012
13.061	-0.523488
13.062	-0.440223
13.063	-0.18785
13.064	0.303836
13.065	0.880116
13.066	1.149101
13.067	0.986517
13.068	0.639813
13.069	0.284732
13.07	-0.066769
13.071	-0.328738
13.072	-0.391955
13.073	-0.367371
13.074	-0.502538
13.075	-0.750488
13.076	-0.774257
13.077	-0.52523
13.078	-0.311727
13.079	-0.266586
13.08	-0.248745
13.081	-0.18
13.082	-0.128609
13.083	-0.113971
13.084	-0.054594
13.085	0.042558
13.086	0.074423
13.087	0.070468
13.088	0.123259
13.089	0.154404
13.09	0.055271
13.091	-0.081694
13.092	-0.109095
13.093	-0.131235
13.094	-0.425018
13.095	-0.932069
13.096	-1.18756
13.097	-0.984247
13.098	-0.607086
13.099	-0.308039
13.1	-0.083973
13.101	0.076811
13.102	0.113834
13.103	0.031337
13.104	-0.086905
13.105	-0.218859
13.106	-0.357422
13.107	-0.366704
13.108	-0.17284
13.109	0.043734
13.11	0.097859
13.111	0.065824
13.112	0.119831
13.113	0.169633
13.114	-0.120678
13.115	-0.786596
13.116	-1.320272
13.117	-1.32146
13.118	-0.961788
13.119	-0.541932
13.12	-0.138178
13.121	0.212029
13.122	0.37591
13.123	0.237199
13.124	-0.179478
13.125	-0.706294
13.126	-1.069971
13.127	-0.991171
13.128	-0.466249
13.129	0.115479
13.13	0.360951
13.131	0.2792
13.132	0.136379
13.133	0.010416
13.134	-0.287972
13.135	-0.748793
13.136	-0.967168
13.137	-0.746135
13.138	-0.397087
13.139	-0.172256
13.14	0.008318
13.141	0.214109
13.142	0.344004
13.143	0.289549
13.144	0.044371
13.145	-0.331624
13.146	-0.670312
13.147	-0.686555
13.148	-0.30041
13.149	0.156388
13.15	0.318311
13.151	0.205663
13.152	0.081525
13.153	0.008356
13.154	-0.23022
13.155	-0.655377
13.156	-0.876912
13.157	-0.685712
13.158	-0.369028
13.159	-0.166529
13.16	-0.003843
13.161	0.181423
13.162	0.29375
13.163	0.238633
13.164	0.019633
13.165	-0.306583
13.166	-0.591406
13.167	-0.580193
13.168	-0.213823
13.169	0.186056
13.17	0.288133
13.171	0.144415
13.172	0.031061
13.173	0.004596
13.174	-0.171611
13.175	-0.542829
13.176	-0.734562
13.177	-0.545266
13.178	-0.267682
13.179	-0.138969
13.18	-0.062231
13.181	0.069893
13.182	0.229218
13.183	0.39828
13.184	0.575213
13.185	0.621028
13.186	0.422765
13.187	0.187781
13.188	0.166807
13.189	0.241678
13.19	0.162633
13.191	-0.030929
13.192	-0.110533
13.193	-0.07224
13.194	-0.204074
13.195	-0.591468
13.196	-0.860468
13.197	-0.754686
13.198	-0.496943
13.199	-0.308109
13.2	-0.138691
13.201	0.064126
13.202	0.251762
13.203	0.411039
13.204	0.547913
13.205	0.534491
13.206	0.280602
13.207	0.022296
13.208	0.024774
13.209	0.157492
13.21	0.144003
13.211	0.004157
13.212	-0.039283
13.213	0.018583
13.214	-0.109053
13.215	-0.503826
13.216	-0.78683
13.217	-0.700684
13.218	-0.463618
13.219	-0.284291
13.22	-0.108472
13.221	0.099725
13.222	0.250439
13.223	0.278396
13.224	0.187595
13.225	-0.034631
13.226	-0.322773
13.227	-0.423143
13.228	-0.202757
13.229	0.08877
13.23	0.152991
13.231	0.038546
13.232	0.003173
13.233	0.091186
13.234	0.056372
13.235	-0.188778
13.236	-0.361158
13.237	-0.301118
13.238	-0.203677
13.239	-0.179188
13.24	-0.111846
13.241	0.040651
13.242	0.175371
13.243	0.228909
13.244	0.2306
13.245	0.161069
13.246	-0.008994
13.247	-0.122714
13.248	-0.022664
13.249	0.140065
13.25	0.125713
13.251	-0.019006
13.252	-0.062696
13.253	0.021199
13.254	-0.008461
13.255	-0.221827
13.256	-0.330997
13.257	-0.201251
13.258	-0.073395
13.259	-0.082764
13.26	-0.089243
13.261	-0.007501
13.262	0.085089
13.263	0.146056
13.264	0.238495
13.265	0.340556
13.266	0.324942
13.267	0.233697
13.268	0.224315
13.269	0.235808
13.27	0.100617
13.271	-0.108205
13.272	-0.146131
13.273	0.032439
13.274	0.174174
13.275	0.121297
13.276	0.069274
13.277	0.149138
13.278	0.16301
13.279	0.011364
13.28	-0.124087
13.281	-0.126084
13.282	-0.071792
13.283	-0.013121
13.284	0.117803
13.285	0.301044
13.286	0.375516
13.287	0.330101
13.288	0.30538
13.289	0.27089
13.29	0.093705
13.291	-0.149256
13.292	-0.246732
13.293	-0.20778
13.294	-0.30091
13.295	-0.584007
13.296	-0.70084
13.297	-0.47343
13.298	-0.204742
13.299	-0.120341
13.3	-0.104407
13.301	-0.049634
13.302	-0.005268
13.303	0.014563
13.304	0.101618
13.305	0.244769
13.306	0.292364
13.307	0.248253
13.308	0.254244
13.309	0.259241
13.31	0.10964
13.311	-0.114937
13.312	-0.173157
13.313	-0.037196
13.314	0.0082
13.315	-0.193282
13.316	-0.357522
13.317	-0.255854
13.318	-0.099406
13.319	-0.079269
13.32	-0.092576
13.321	-0.051943
13.322	-0.01479
13.323	0.006763
13.324	0.105523
13.325	0.261953
13.326	0.311068
13.327	0.253396
13.328	0.242411
13.329	0.240787
13.33	0.098254
13.331	-0.110128
13.332	-0.147754
13.333	0.007804
13.334	0.059127
13.335	-0.165097
13.336	-0.376046
13.337	-0.312996
13.338	-0.157201
13.339	-0.104722
13.34	-0.082888
13.341	-0.024959
13.342	0.013757
13.343	0.033561
13.344	0.134578
13.345	0.2967
13.346	0.350357
13.347	0.287198
13.348	0.255301
13.349	0.226491
13.35	0.067083
13.351	-0.137049
13.352	-0.142659
13.353	0.084087
13.354	0.255405
13.355	0.166868
13.356	0.013321
13.357	-0.001853
13.358	0.003849
13.359	-0.067978
13.36	-0.114146
13.361	-0.084813
13.362	-0.046768
13.363	0.017847
13.364	0.242292
13.365	0.592869
13.366	0.793129
13.367	0.728239
13.368	0.573302
13.369	0.406665
13.37	0.135807
13.371	-0.190453
13.372	-0.356874
13.373	-0.303236
13.374	-0.258777
13.375	-0.366366
13.376	-0.405546
13.377	-0.249205
13.378	-0.152162
13.379	-0.240288
13.38	-0.291094
13.381	-0.150555
13.382	0.083943
13.383	0.286907
13.384	0.431802
13.385	0.452689
13.386	0.269223
13.387	0.051886
13.388	0.058857
13.389	0.192631
13.39	0.15808
13.391	-0.053426
13.392	-0.187065
13.393	-0.149105
13.394	-0.163232
13.395	-0.360997
13.396	-0.484609
13.397	-0.362667
13.398	-0.233067
13.399	-0.248423
13.4	-0.236991
13.401	-0.076897
13.402	0.145487
13.403	0.348985
13.404	0.555351
13.405	0.694124
13.406	0.592036
13.407	0.333738
13.408	0.211663
13.409	0.227376
13.41	0.140282
13.411	-0.066647
13.412	-0.175745
13.413	-0.12267
13.414	-0.131113
13.415	-0.310148
13.416	-0.390094
13.417	-0.222319
13.418	-0.081723
13.419	-0.130342
13.42	-0.172274
13.421	-0.066639
13.422	0.080531
13.423	0.141861
13.424	0.134178
13.425	0.089636
13.426	-0.02671
13.427	-0.122406
13.428	-0.030971
13.429	0.14505
13.43	0.147551
13.431	-0.021219
13.432	-0.126913
13.433	-0.097513
13.434	-0.151888
13.435	-0.38991
13.436	-0.521909
13.437	-0.367523
13.438	-0.183172
13.439	-0.152499
13.44	-0.12599
13.441	0.00575
13.442	0.13895
13.443	0.170134
13.444	0.140547
13.445	0.094042
13.446	-0.010091
13.447	-0.095947
13.448	-0.005737
13.449	0.166136
13.45	0.170783
13.451	0.006531
13.452	-0.101346
13.453	-0.080264
13.454	-0.134579
13.455	-0.347014
13.456	-0.426456
13.457	-0.218361
13.458	-0.019878
13.459	-0.032723
13.46	-0.085647
13.461	-0.031568
13.462	0.058342
13.463	0.111959
13.464	0.197483
13.465	0.327135
13.466	0.331633
13.467	0.179787
13.468	0.082199
13.469	0.085078
13.47	0.026568
13.471	-0.085497
13.472	-0.053558
13.473	0.15528
13.474	0.260682
13.475	0.067721
13.476	-0.161981
13.477	-0.152668
13.478	-0.063594
13.479	-0.075167
13.48	-0.081248
13.481	-0.002587
13.482	0.040182
13.483	-0.076311
13.484	-0.300192
13.485	-0.492651
13.486	-0.584833
13.487	-0.522903
13.488	-0.274529
13.489	-0.000543
13.49	0.079978
13.491	0.009501
13.492	0.027703
13.493	0.19742
13.494	0.264519
13.495	0.061818
13.496	-0.129893
13.497	-0.046391
13.498	0.100463
13.499	0.080403
13.5	0.00616
13.501	0.003286
13.502	-0.006278
13.503	-0.110911
13.504	-0.228533
13.505	-0.243051
13.506	-0.199833
13.507	-0.151117
13.508	-0.037511
13.509	0.087239
13.51	0.070121
13.511	-0.042783
13.512	-0.033906
13.513	0.140758
13.514	0.220393
13.515	0.034035
13.516	-0.145396
13.517	-0.058654
13.518	0.087551
13.519	0.070462
13.52	-0.001238
13.521	-0.012266
13.522	-0.040161
13.523	-0.161369
13.524	-0.284573
13.525	-0.298313
13.526	-0.258832
13.527	-0.216463
13.528	-0.097998
13.529	0.048039
13.53	0.05857
13.531	-0.032293
13.532	-0.010882
13.533	0.169291
13.534	0.249228
13.535	0.056925
13.536	-0.131281
13.537	-0.048557
13.538	0.10029
13.539	0.084178
13.54	-0.000936
13.541	-0.034894
13.542	-0.050795
13.543	-0.052632
13.544	0.07992
13.545	0.352522
13.546	0.517747
13.547	0.443062
13.548	0.297186
13.549	0.178351
13.55	0.012614
13.551	-0.147136
13.552	-0.11569
13.553	0.109769
13.554	0.234431
13.555	0.064271
13.556	-0.131875
13.557	-0.080399
13.558	0.029959
13.559	-0.015875
13.56	-0.102113
13.561	-0.080303
13.562	0.005775
13.563	0.047336
13.564	0.033429
13.565	-0.011991
13.566	-0.119224
13.567	-0.206727
13.568	-0.100708
13.569	0.114268
13.57	0.157647
13.571	-0.007415
13.572	-0.141556
13.573	-0.112973
13.574	-0.090396
13.575	-0.203693
13.576	-0.223016
13.577	0.011057
13.578	0.22238
13.579	0.198799
13.58	0.091673
13.581	0.036293
13.582	-0.033236
13.583	-0.163968
13.584	-0.238729
13.585	-0.15897
13.586	-0.037492
13.587	0.008247
13.588	0.032611
13.589	0.039517
13.59	-0.063561
13.591	-0.21368
13.592	-0.193634
13.593	0.082046
13.594	0.403841
13.595	0.532939
13.596	0.5476
13.597	0.571508
13.598	0.445344
13.599	0.110795
13.6	-0.158369
13.601	-0.168649
13.602	-0.04421
13.603	0.004495
13.604	-0.079435
13.605	-0.242893
13.606	-0.427667
13.607	-0.498319
13.608	-0.320642
13.609	-0.034432
13.61	0.074797
13.611	-0.016231
13.612	-0.068674
13.613	0.043877
13.614	0.155843
13.615	0.12302
13.616	0.108063
13.617	0.217247
13.618	0.225808
13.619	0.031032
13.62	-0.129678
13.621	-0.089102
13.622	0.032848
13.623	0.053723
13.624	-0.048343
13.625	-0.198475
13.626	-0.353843
13.627	-0.416414
13.628	-0.263706
13.629	-0.011783
13.63	0.079875
13.631	-0.009116
13.632	-0.05496
13.633	0.057172
13.634	0.168384
13.635	0.155647
13.636	0.191365
13.637	0.355959
13.638	0.378622
13.639	0.136035
13.64	-0.110632
13.641	-0.15201
13.642	-0.063987
13.643	0.03713
13.644	0.208765
13.645	0.482216
13.646	0.629234
13.647	0.50212
13.648	0.307966
13.649	0.193998
13.65	0.051681
13.651	-0.135369
13.652	-0.207138
13.653	-0.12845
13.654	-0.117098
13.655	-0.284636
13.656	-0.35264
13.657	-0.140494
13.658	0.054055
13.659	0.001769
13.66	-0.108047
13.661	-0.085292
13.662	-0.01027
13.663	-0.021591
13.664	-0.091833
13.665	-0.132743
13.666	-0.172349
13.667	-0.202628
13.668	-0.103722
13.669	0.071276
13.67	0.107233
13.671	-0.013687
13.672	-0.091755
13.673	-0.050345
13.674	-0.081239
13.675	-0.283602
13.676	-0.367146
13.677	-0.138978
13.678	0.094697
13.679	0.074341
13.68	-0.03338
13.681	-0.035391
13.682	0.013886
13.683	0.017354
13.684	0.040512
13.685	0.152417
13.686	0.220271
13.687	0.16272
13.688	0.132508
13.689	0.170095
13.69	0.112038
13.691	-0.049584
13.692	-0.105635
13.693	0.039597
13.694	0.173552
13.695	0.095525
13.696	0.006209
13.697	0.123826
13.698	0.225106
13.699	0.101594
13.7	-0.069401
13.701	-0.102732
13.702	-0.060808
13.703	-0.044362
13.704	0.005205
13.705	0.140871
13.706	0.214245
13.707	0.14658
13.708	0.107383
13.709	0.146844
13.71	0.097111
13.711	-0.057621
13.712	-0.110413
13.713	0.036123
13.714	0.165314
13.715	0.066768
13.716	-0.053798
13.717	0.048113
13.718	0.167945
13.719	0.083582
13.72	-0.057648
13.721	-0.082796
13.722	-0.042013
13.723	-0.019727
13.724	0.047786
13.725	0.21004
13.726	0.313199
13.727	0.265378
13.728	0.215683
13.729	0.211256
13.73	0.10994
13.731	-0.075242
13.732	-0.128683
13.733	0.040127
13.734	0.202127
13.735	0.131007
13.736	0.016961
13.737	0.098746
13.738	0.181923
13.739	0.062806
13.74	-0.097718
13.741	-0.123209
13.742	-0.073031
13.743	-0.057982
13.744	-0.049368
13.745	0.007089
13.746	0.033629
13.747	0.002177
13.748	0.03311
13.749	0.112031
13.75	0.072588
13.751	-0.069797
13.752	-0.09451
13.753	0.085753
13.754	0.226502
13.755	0.087056
13.756	-0.127238
13.757	-0.122546
13.758	-0.037851
13.759	-0.07707
13.76	-0.133981
13.761	-0.084172
13.762	0.001111
13.763	0.026531
13.764	0.036848
13.765	0.091952
13.766	0.10733
13.767	0.045113
13.768	0.03367
13.769	0.082352
13.77	0.038027
13.771	-0.090088
13.772	-0.087452
13.773	0.148736
13.774	0.404693
13.775	0.429372
13.776	0.33074
13.777	0.307006
13.778	0.244202
13.779	0.035892
13.78	-0.147055
13.781	-0.163403
13.782	-0.088575
13.783	-0.020583
13.784	0.090985
13.785	0.279958
13.786	0.369756
13.787	0.254429
13.788	0.116516
13.789	0.06816
13.79	-0.000125
13.791	-0.099771
13.792	-0.075865
13.793	0.087772
13.794	0.100349
13.795	-0.24166
13.796	-0.595869
13.797	-0.560512
13.798	-0.312513
13.799	-0.168149
13.8	-0.093792
13.801	0.017492
13.802	0.092817
13.803	0.01164
13.804	-0.216097
13.805	-0.471908
13.806	-0.64001
13.807	-0.612548
13.808	-0.358024
13.809	-0.057062
13.81	0.061452
13.811	0.021001
13.812	0.046714
13.813	0.221731
13.814	0.309432
13.815	0.104519
13.816	-0.142508
13.817	-0.121033
13.818	0.008854
13.819	0.00678
13.82	-0.047845
13.821	-0.033872
13.822	0.000964
13.823	0.007985
13.824	0.090119
13.825	0.317888
13.826	0.501159
13.827	0.463178
13.828	0.320287
13.829	0.192446
13.83	0.035479
13.831	-0.113572
13.832	-0.101615
13.833	0.059664
13.834	0.062354
13.835	-0.290439
13.836	-0.636087
13.837	-0.558197
13.838	-0.250329
13.839	-0.072365
13.84	-0.021222
13.841	0.016014
13.842	0.01411
13.843	-0.056483
13.844	-0.089787
13.845	0.006681
13.846	0.118476
13.847	0.129338
13.848	0.11729
13.849	0.115561
13.85	0.023116
13.851	-0.148089
13.852	-0.242274
13.853	-0.21776
13.854	-0.279579
13.855	-0.542577
13.856	-0.678281
13.857	-0.419851
13.858	-0.09321
13.859	-0.041847
13.86	-0.117787
13.861	-0.078935
13.862	0.060127
13.863	0.177225
13.864	0.250692
13.865	0.289355
13.866	0.221981
13.867	0.087719
13.868	0.077072
13.869	0.178663
13.87	0.162374
13.871	-0.021466
13.872	-0.15925
13.873	-0.096134
13.874	0.041972
13.875	0.085724
13.876	0.146363
13.877	0.321647
13.878	0.370651
13.879	0.146495
13.88	-0.1111
13.881	-0.168539
13.882	-0.071764
13.883	0.028177
13.884	0.083938
13.885	0.099566
13.886	0.036415
13.887	-0.049141
13.888	-0.007009
13.889	0.118095
13.89	0.118888
13.891	-0.017301
13.892	-0.075841
13.893	0.053331
13.894	0.188484
13.895	0.148354
13.896	0.098467
13.897	0.219587
13.898	0.308992
13.899	0.177409
13.9	-0.013247
13.901	-0.077946
13.902	-0.06738
13.903	-0.121492
13.904	-0.276143
13.905	-0.473145
13.906	-0.635628
13.907	-0.643611
13.908	-0.421017
13.909	-0.120223
13.91	0.015262
13.911	-0.023722
13.912	-0.02267
13.913	0.131982
13.914	0.271696
13.915	0.229357
13.916	0.181365
13.917	0.311737
13.918	0.408465
13.919	0.26841
13.92	0.046733
13.921	-0.064009
13.922	-0.092373
13.923	-0.15343
13.924	-0.272762
13.925	-0.409096
13.926	-0.522017
13.927	-0.519868
13.928	-0.327902
13.929	-0.07557
13.93	0.024038
13.931	-0.023056
13.932	-0.016878
13.933	0.116076
13.934	0.163287
13.935	-0.034482
13.936	-0.202379
13.937	-0.062126
13.938	0.153557
13.939	0.155288
13.94	0.035433
13.941	-0.031969
13.942	-0.054953
13.943	-0.11439
13.944	-0.220615
13.945	-0.344142
13.946	-0.464379
13.947	-0.493756
13.948	-0.341139
13.949	-0.115401
13.95	-0.022935
13.951	-0.061472
13.952	-0.020986
13.953	0.2137
13.954	0.476869
13.955	0.558533
13.956	0.538761
13.957	0.562697
13.958	0.508669
13.959	0.275155
13.96	0.022736
13.961	-0.093875
13.962	-0.115241
13.963	-0.149086
13.964	-0.226859
13.965	-0.333433
13.966	-0.452856
13.967	-0.496154
13.968	-0.364829
13.969	-0.1538
13.97	-0.059007
13.971	-0.078567
13.972	-0.011255
13.973	0.244611
13.974	0.506926
13.975	0.553364
13.976	0.472704
13.977	0.44578
13.978	0.385211
13.979	0.188175
13.98	-0.014436
13.981	-0.092464
13.982	-0.091429
13.983	-0.113562
13.984	-0.185614
13.985	-0.290759
13.986	-0.41588
13.987	-0.477883
13.988	-0.373722
13.989	-0.180267
13.99	-0.079066
13.991	-0.072239
13.992	0.01655
13.993	0.248396
13.994	0.404579
13.995	0.286008
13.996	0.091918
13.997	0.091865
13.998	0.15893
13.999	0.093748
14.0	-0.023299
14.001	-0.064315
14.002	-0.056781
14.003	-0.077932
14.004	-0.126879
14.005	-0.169703
14.006	-0.217545
14.007	-0.247084
14.008	-0.188953
14.009	-0.089653
14.01	-0.069553
14.011	-0.098283
14.012	-0.018848
14.013	0.179647
14.014	0.236863
14.015	-0.020992
14.016	-0.288937
14.017	-0.227798
14.018	-0.022174
14.019	0.031417
14.02	-0.023951
14.021	-0.050274
14.022	-0.056004
14.023	-0.105553
14.024	-0.188955
14.025	-0.260512
14.026	-0.321847
14.027	-0.347598
14.028	-0.270467
14.029	-0.140527
14.03	-0.084936
14.031	-0.084295
14.032	0.007851
14.033	0.197628
14.034	0.226913
14.035	-0.068764
14.036	-0.367766
14.037	-0.31044
14.038	-0.072439
14.039	0.03335
14.04	0.019868
14.041	0.004876
14.042	-0.02057
14.043	-0.106371
14.044	-0.220519
14.045	-0.296617
14.046	-0.332269
14.047	-0.322791
14.048	-0.228684
14.049	-0.109018
14.05	-0.08078
14.051	-0.109341
14.052	-0.022447
14.053	0.239998
14.054	0.485242
14.055	0.515804
14.056	0.447903
14.057	0.462449
14.058	0.448247
14.059	0.275449
14.06	0.060549
14.061	-0.066931
14.062	-0.143883
14.063	-0.251428
14.064	-0.372671
14.065	-0.442273
14.066	-0.45524
14.067	-0.409816
14.068	-0.277779
14.069	-0.131038
14.07	-0.091734
14.071	-0.120102
14.072	-0.034648
14.073	0.228376
14.074	0.470007
14.075	0.481372
14.076	0.378405
14.077	0.36523
14.078	0.359849
14.079	0.234624
14.08	0.074096
14.081	-0.02755
14.082	-0.114387
14.083	-0.250191
14.084	-0.400759
14.085	-0.49623
14.086	-0.528791
14.087	-0.485954
14.088	-0.334673
14.089	-0.156853
14.09	-0.085877
14.091	-0.085613
14.092	0.018565
14.093	0.266854
14.094	0.427253
14.095	0.302439
14.096	0.105446
14.097	0.124787
14.098	0.238672
14.099	0.223415
14.1	0.115417
14.101	0.012158
14.102	-0.101263
14.103	-0.247927
14.104	-0.356279
14.105	-0.349396
14.106	-0.266613
14.107	-0.172497
14.108	-0.07372
14.109	-0.019648
14.11	-0.080945
14.111	-0.194753
14.112	-0.207659
14.113	-0.101616
14.114	-0.089142
14.115	-0.302361
14.116	-0.461975
14.117	-0.303213
14.118	-0.061189
14.119	-0.017384
14.12	-0.072241
14.121	-0.047716
14.122	0.040231
14.123	0.083992
14.124	0.038325
14.125	-0.084285
14.126	-0.248457
14.127	-0.338248
14.128	-0.236321
14.129	-0.034239
14.13	0.050581
14.131	-0.0146
14.132	-0.045643
14.133	0.07142
14.134	0.195121
14.135	0.182724
14.136	0.208047
14.137	0.416272
14.138	0.537411
14.139	0.341108
14.14	0.022641
14.141	-0.147727
14.142	-0.143528
14.143	-0.063417
14.144	0.056245
14.145	0.187785
14.146	0.216083
14.147	0.110065
14.148	0.016963
14.149	-0.00389
14.15	-0.065533
14.151	-0.180675
14.152	-0.182506
14.153	0.025413
14.154	0.290901
14.155	0.427115
14.156	0.506356
14.157	0.618962
14.158	0.580952
14.159	0.283393
14.16	-0.050529
14.161	-0.195965
14.162	-0.182469
14.163	-0.156501
14.164	-0.185067
14.165	-0.258299
14.166	-0.357702
14.167	-0.409099
14.168	-0.318855
14.169	-0.155521
14.17	-0.092464
14.171	-0.135052
14.172	-0.106366
14.173	0.070535
14.174	0.20948
14.175	0.144793
14.176	0.066127
14.177	0.172818
14.178	0.266245
14.179	0.14616
14.18	-0.042259
14.181	-0.113134
14.182	-0.094859
14.183	-0.107495
14.184	-0.18665
14.185	-0.29526
14.186	-0.4017
14.187	-0.43875
14.188	-0.330866
14.189	-0.156997
14.19	-0.08456
14.191	-0.111751
14.192	-0.066494
14.193	0.118824
14.194	0.254712
14.195	0.17983
14.196	0.089095
14.197	0.185077
14.198	0.276252
14.199	0.168059
14.2	-0.002783
14.201	-0.067857
14.202	-0.067342
14.203	-0.123846
14.204	-0.267464
14.205	-0.443887
14.206	-0.593111
14.207	-0.624615
14.208	-0.4643
14.209	-0.214693
14.21	-0.069668
14.211	-0.046238
14.212	0.012373
14.213	0.151415
14.214	0.157296
14.215	-0.10592
14.216	-0.328179
14.217	-0.198802
14.218	0.060638
14.219	0.136588
14.22	0.084036
14.221	0.05465
14.222	0.028759
14.223	-0.082134
14.224	-0.275677
14.225	-0.474339
14.226	-0.613065
14.227	-0.617817
14.228	-0.436692
14.229	-0.182072
14.23	-0.047718
14.231	-0.044644
14.232	0.011135
14.233	0.227108
14.234	0.457785
14.235	0.525763
14.236	0.524691
14.237	0.586624
14.238	0.570123
14.239	0.361693
14.24	0.119871
14.241	-0.004261
14.242	-0.066327
14.243	-0.185633
14.244	-0.371499
14.245	-0.54905
14.246	-0.660959
14.247	-0.643545
14.248	-0.447711
14.249	-0.182688
14.25	-0.040818
14.251	-0.034035
14.252	0.016495
14.253	0.198921
14.254	0.335223
14.255	0.251929
14.256	0.1331
14.257	0.206229
14.258	0.314189
14.259	0.25721
14.26	0.129339
14.261	0.05909
14.262	0.00079
14.263	-0.140051
14.264	-0.35253
14.265	-0.552994
14.266	-0.679929
14.267	-0.663878
14.268	-0.45642
14.269	-0.176942
14.27	-0.026165
14.271	-0.015476
14.272	0.041456
14.273	0.241565
14.274	0.406131
14.275	0.346837
14.276	0.233188
14.277	0.29223
14.278	0.376366
14.279	0.295065
14.28	0.146604
14.281	0.06054
14.282	-0.007702
14.283	-0.146303
14.284	-0.327632
14.285	-0.45534
14.286	-0.492078
14.287	-0.429632
14.288	-0.260473
14.289	-0.080336
14.29	-0.030417
14.291	-0.0788
14.292	-0.02828
14.293	0.206011
14.294	0.41626
14.295	0.373986
14.296	0.222785
14.297	0.208713
14.298	0.240055
14.299	0.166697
14.3	0.076301
14.301	0.05632
14.302	0.025228
14.303	-0.122622
14.304	-0.35998
14.305	-0.570515
14.306	-0.675013
14.307	-0.626813
14.308	-0.414921
14.309	-0.166884
14.31	-0.06124
14.311	-0.077428
14.312	0.003787
14.313	0.304962
14.314	0.638153
14.315	0.727587
14.316	0.603094
14.317	0.457273
14.318	0.294688
14.319	0.100678
14.32	0.007088
14.321	0.065756
14.322	0.160228
14.323	0.212923
14.324	0.325033
14.325	0.559628
14.326	0.703315
14.327	0.589764
14.328	0.401727
14.329	0.29723
14.33	0.178806
14.331	0.005964
14.332	-0.077469
14.333	-0.014621
14.334	-0.031746
14.335	-0.311529
14.336	-0.563791
14.337	-0.457716
14.338	-0.195478
14.339	-0.071264
14.34	-0.024022
14.341	0.063236
14.342	0.138632
14.343	0.157043
14.344	0.235146
14.345	0.448674
14.346	0.592054
14.347	0.495107
14.348	0.328676
14.349	0.240372
14.35	0.130069
14.351	-0.033187
14.352	-0.089627
14.353	0.019961
14.354	0.042477
14.355	-0.247526
14.356	-0.573543
14.357	-0.558674
14.358	-0.335401
14.359	-0.17297
14.36	-0.045645
14.361	0.109244
14.362	0.205594
14.363	0.196165
14.364	0.220868
14.365	0.392209
14.366	0.535665
14.367	0.478787
14.368	0.355311
14.369	0.275516
14.37	0.127538
14.371	-0.114095
14.372	-0.272812
14.373	-0.232242
14.374	-0.136664
14.375	-0.149422
14.376	-0.11832
14.377	0.080909
14.378	0.176739
14.379	-0.000395
14.38	-0.18369
14.381	-0.123436
14.382	0.103996
14.383	0.329343
14.384	0.553784
14.385	0.78967
14.386	0.824625
14.387	0.565006
14.388	0.313079
14.389	0.260341
14.39	0.20684
14.391	0.011308
14.392	-0.172303
14.393	-0.205805
14.394	-0.241473
14.395	-0.436098
14.396	-0.546606
14.397	-0.351593
14.398	-0.134014
14.399	-0.147669
14.4	-0.197466
14.401	-0.070696
14.402	0.153317
14.403	0.330964
14.404	0.505683
14.405	0.729154
14.406	0.793238
14.407	0.567773
14.408	0.321704
14.409	0.25127
14.41	0.181874
14.411	-0.012444
14.412	-0.172196
14.413	-0.144702
14.414	-0.05852
14.415	-0.083744
14.416	-0.070097
14.417	0.112361
14.418	0.202651
14.419	0.037992
14.42	-0.126277
14.421	-0.067742
14.422	0.107356
14.423	0.210601
14.424	0.257501
14.425	0.335825
14.426	0.34107
14.427	0.204911
14.428	0.126451
14.429	0.190343
14.43	0.186446
14.431	0.013544
14.432	-0.149327
14.433	-0.163201
14.434	-0.18805
14.435	-0.380771
14.436	-0.489138
14.437	-0.28208
14.438	-0.042189
14.439	-0.034583
14.44	-0.07702
14.441	0.031016
14.442	0.185413
14.443	0.200985
14.444	0.095904
14.445	0.000974
14.446	-0.082871
14.447	-0.152005
14.448	-0.064858
14.449	0.150691
14.45	0.231657
14.451	0.086875
14.452	-0.076179
14.453	-0.096454
14.454	-0.124182
14.455	-0.317667
14.456	-0.428304
14.457	-0.220889
14.458	0.024675
14.459	0.034157
14.46	-0.022692
14.461	0.05237
14.462	0.177986
14.463	0.226144
14.464	0.280733
14.465	0.448867
14.466	0.556517
14.467	0.451278
14.468	0.329097
14.469	0.321867
14.47	0.253046
14.471	0.03699
14.472	-0.140749
14.473	-0.142278
14.474	-0.137687
14.475	-0.308471
14.476	-0.425263
14.477	-0.247495
14.478	-0.025375
14.479	-0.011014
14.48	-0.045195
14.481	0.0447
14.482	0.168515
14.483	0.209318
14.484	0.264113
14.485	0.440159
14.486	0.552111
14.487	0.440233
14.488	0.306519
14.489	0.296557
14.49	0.241667
14.491	0.050292
14.492	-0.109627
14.493	-0.126358
14.494	-0.197725
14.495	-0.491314
14.496	-0.687529
14.497	-0.471056
14.498	-0.135274
14.499	-0.024545
14.5	-0.018604
14.501	0.068522
14.502	0.17586
14.503	0.208852
14.504	0.272598
14.505	0.471559
14.506	0.611469
14.507	0.51738
14.508	0.373372
14.509	0.321918
14.51	0.213925
14.511	-0.014302
14.512	-0.164629
14.513	-0.080271
14.514	0.084617
14.515	0.10621
14.516	0.093994
14.517	0.204017
14.518	0.244167
14.519	0.083233
14.52	-0.060805
14.521	-0.020412
14.522	0.088245
14.523	0.112095
14.524	0.108977
14.525	0.1885
14.526	0.239802
14.527	0.162624
14.528	0.117622
14.529	0.179772
14.53	0.165997
14.531	0.007648
14.532	-0.10306
14.533	-0.033229
14.534	0.027782
14.535	-0.134543
14.536	-0.308955
14.537	-0.229469
14.538	-0.087825
14.539	-0.09287
14.54	-0.096685
14.541	0.030182
14.542	0.168129
14.543	0.187002
14.544	0.173276
14.545	0.260816
14.546	0.347191
14.547	0.307004
14.548	0.258314
14.549	0.26307
14.55	0.169437
14.551	-0.048097
14.552	-0.164516
14.553	-0.006604
14.554	0.287344
14.555	0.471139
14.556	0.558496
14.557	0.622662
14.558	0.50752
14.559	0.179451
14.56	-0.087438
14.561	-0.116982
14.562	-0.031149
14.563	0.0205
14.564	0.117296
14.565	0.370986
14.566	0.593982
14.567	0.57234
14.568	0.434515
14.569	0.323314
14.57	0.149654
14.571	-0.098033
14.572	-0.228965
14.573	-0.143456
14.574	-0.052908
14.575	-0.167248
14.576	-0.273084
14.577	-0.136179
14.578	0.012554
14.579	-0.040336
14.58	-0.120936
14.581	-0.068708
14.582	0.020025
14.583	0.034777
14.584	0.088008
14.585	0.315174
14.586	0.539461
14.587	0.539836
14.588	0.425873
14.589	0.327223
14.59	0.15762
14.591	-0.086742
14.592	-0.214718
14.593	-0.131246
14.594	-0.050742
14.595	-0.180982
14.596	-0.299305
14.597	-0.156801
14.598	0.02168
14.599	0.007947
14.6	-0.046864
14.601	0.005401
14.602	0.064223
14.603	0.009301
14.604	-0.060647
14.605	0.012364
14.606	0.13746
14.607	0.165852
14.608	0.17811
14.609	0.222374
14.61	0.163814
14.611	-0.011446
14.612	-0.113659
14.613	-0.06454
14.614	-0.112501
14.615	-0.466155
14.616	-0.808481
14.617	-0.75148
14.618	-0.464767
14.619	-0.238963
14.62	-0.043731
14.621	0.164582
14.622	0.258795
14.623	0.161979
14.624	0.022262
14.625	0.015689
14.626	0.055231
14.627	0.016031
14.628	0.019259
14.629	0.124563
14.63	0.151801
14.631	0.015376
14.632	-0.132714
14.633	-0.175167
14.634	-0.259922
14.635	-0.537682
14.636	-0.755245
14.637	-0.62043
14.638	-0.339733
14.639	-0.202556
14.64	-0.119283
14.641	0.064337
14.642	0.277705
14.643	0.405152
14.644	0.504396
14.645	0.642398
14.646	0.652737
14.647	0.45015
14.648	0.298382
14.649	0.338413
14.65	0.339151
14.651	0.145188
14.652	-0.083967
14.653	-0.172324
14.654	-0.21934
14.655	-0.364681
14.656	-0.409388
14.657	-0.18833
14.658	0.012919
14.659	-0.021349
14.66	-0.084172
14.661	0.014266
14.662	0.18153
14.663	0.273295
14.664	0.325691
14.665	0.414957
14.666	0.424876
14.667	0.287985
14.668	0.20935
14.669	0.283348
14.67	0.29786
14.671	0.129534
14.672	-0.057162
14.673	-0.111462
14.674	-0.184933
14.675	-0.470335
14.676	-0.742178
14.677	-0.68297
14.678	-0.440928
14.679	-0.275945
14.68	-0.13456
14.681	0.078961
14.682	0.275351
14.683	0.352622
14.684	0.37044
14.685	0.399129
14.686	0.327436
14.687	0.130445
14.688	0.050874
14.689	0.169072
14.69	0.233303
14.691	0.101866
14.692	-0.042917
14.693	0.009971
14.694	0.1935
14.695	0.312712
14.696	0.387602
14.697	0.473806
14.698	0.405637
14.699	0.143858
14.7	-0.057663
14.701	-0.038391
14.702	0.097411
14.703	0.223235
14.704	0.3887
14.705	0.628436
14.706	0.722788
14.707	0.53646
14.708	0.321638
14.709	0.265536
14.71	0.208849
14.711	0.036178
14.712	-0.111069
14.713	-0.110229
14.714	-0.109108
14.715	-0.263618
14.716	-0.351662
14.717	-0.169653
14.718	0.016756
14.719	-0.016946
14.72	-0.089418
14.721	-0.025293
14.722	0.100999
14.723	0.179628
14.724	0.263108
14.725	0.4164
14.726	0.493719
14.727	0.38665
14.728	0.270996
14.729	0.256907
14.73	0.19068
14.731	-0.001273
14.732	-0.15133
14.733	-0.119467
14.734	-0.031452
14.735	-0.051644
14.736	-0.03584
14.737	0.147442
14.738	0.255789
14.739	0.122564
14.74	-0.051884
14.741	-0.088882
14.742	-0.050737
14.743	-0.023375
14.744	0.079817
14.745	0.337673
14.746	0.561871
14.747	0.558058
14.748	0.438974
14.749	0.331408
14.75	0.156985
14.751	-0.094112
14.752	-0.231903
14.753	-0.112513
14.754	0.137042
14.755	0.304787
14.756	0.424328
14.757	0.562648
14.758	0.538561
14.759	0.275739
14.76	0.000436
14.761	-0.114255
14.762	-0.122308
14.763	-0.101444
14.764	0.017854
14.765	0.28586
14.766	0.503423
14.767	0.486634
14.768	0.362508
14.769	0.260989
14.77	0.098881
14.771	-0.136924
14.772	-0.260645
14.773	-0.134445
14.774	0.116807
14.775	0.29753
14.776	0.459645
14.777	0.663011
14.778	0.683841
14.779	0.402998
14.78	0.051466
14.781	-0.149466
14.782	-0.215164
14.783	-0.230215
14.784	-0.158703
14.785	0.052249
14.786	0.266419
14.787	0.330593
14.788	0.305163
14.789	0.25024
14.79	0.090265
14.791	-0.151219
14.792	-0.283502
14.793	-0.200791
14.794	-0.067926
14.795	-0.066967
14.796	-0.047245
14.797	0.144805
14.798	0.280209
14.799	0.172053
14.8	-0.019694
14.801	-0.123855
14.802	-0.159612
14.803	-0.181225
14.804	-0.132082
14.805	0.037061
14.806	0.18498
14.807	0.179899
14.808	0.123519
14.809	0.096283
14.81	-0.002316
14.811	-0.192196
14.812	-0.283602
14.813	-0.088261
14.814	0.351607
14.815	0.836125
14.816	1.233143
14.817	1.421683
14.818	1.22695
14.819	0.687644
14.82	0.108022
14.821	-0.273012
14.822	-0.434614
14.823	-0.402414
14.824	-0.089844
14.825	0.512301
14.826	1.063795
14.827	1.198952
14.828	0.97146
14.829	0.595572
14.83	0.142101
14.831	-0.29542
14.832	-0.52508
14.833	-0.467138
14.834	-0.298606
14.835	-0.202555
14.836	-0.051691
14.837	0.254502
14.838	0.436384
14.839	0.290502
14.84	0.000501
14.841	-0.218005
14.842	-0.355335
14.843	-0.493173
14.844	-0.649686
14.845	-0.758263
14.846	-0.747839
14.847	-0.581524
14.848	-0.289474
14.849	-0.029962
14.85	0.019557
14.851	-0.114017
14.852	-0.21094
14.853	-0.148867
14.854	-0.122865
14.855	-0.388672
14.856	-0.775248
14.857	-0.873695
14.858	-0.645332
14.859	-0.342302
14.86	-0.104674
14.861	0.031222
14.862	0.030079
14.863	-0.11356
14.864	-0.358645
14.865	-0.640316
14.866	-0.869625
14.867	-0.906765
14.868	-0.663097
14.869	-0.276411
14.87	-0.010748
14.871	0.053333
14.872	0.079355
14.873	0.183531
14.874	0.164495
14.875	-0.263295
14.876	-0.912775
14.877	-1.240765
14.878	-1.054568
14.879	-0.596935
14.88	-0.134674
14.881	0.168074
14.882	0.238449
14.883	0.116397
14.884	-0.099349
14.885	-0.332205
14.886	-0.527673
14.887	-0.58584
14.888	-0.4239
14.889	-0.145335
14.89	0.023851
14.891	0.004878
14.892	-0.057264
14.893	-0.02158
14.894	0.00078
14.895	-0.217034
14.896	-0.584732
14.897	-0.755522
14.898	-0.6466
14.899	-0.442206
14.9	-0.234082
14.901	-0.014722
14.902	0.184263
14.903	0.283323
14.904	0.170807
14.905	-0.246948
14.906	-0.875616
14.907	-1.325601
14.908	-1.208346
14.909	-0.599246
14.91	0.022582
14.911	0.320798
14.912	0.377862
14.913	0.39383
14.914	0.2629
14.915	-0.326263
14.916	-1.274565
14.917	-1.956875
14.918	-1.938384
14.919	-1.346548
14.92	-0.53152
14.921	0.205989
14.922	0.670665
14.923	0.769572
14.924	0.422525
14.925	-0.410462
14.926	-1.471329
14.927	-2.136164
14.928	-1.907191
14.929	-0.950314
14.93	0.073788
14.931	0.676179
14.932	0.877552
14.933	0.911078
14.934	0.756663
14.935	0.197281
14.936	-0.623869
14.937	-1.161668
14.938	-1.132711
14.939	-0.72062
14.94	-0.193308
14.941	0.274082
14.942	0.60538
14.943	0.862286
14.944	1.156853
14.945	1.420958
14.946	1.36679
14.947	0.922121
14.948	0.456941
14.949	0.26068
14.95	0.20802
14.951	0.117633
14.952	0.040394
14.953	0.095841
14.954	0.212215
14.955	0.231715
14.956	0.233065
14.957	0.354426
14.958	0.440928
14.959	0.318094
14.96	0.089557
14.961	-0.081717
14.962	-0.157199
14.963	-0.127084
14.964	0.077709
14.965	0.447947
14.966	0.747131
14.967	0.769883
14.968	0.613351
14.969	0.428063
14.97	0.196665
14.971	-0.081651
14.972	-0.266621
14.973	-0.240501
14.974	-0.101202
14.975	-0.016441
14.976	0.083376
14.977	0.300013
14.978	0.433134
14.979	0.294126
14.98	0.019249
14.981	-0.170469
14.982	-0.211309
14.983	-0.165002
14.984	-0.113804
14.985	-0.109099
14.986	-0.154014
14.987	-0.174047
14.988	-0.082873
14.989	0.055699
14.99	0.06531
14.991	-0.093496
14.992	-0.249246
14.993	-0.248812
14.994	-0.188326
14.995	-0.252601
14.996	-0.341062
14.997	-0.229429
14.998	-0.019787
14.999	0.040654
15.0	-0.047691
15.001	-0.137809
15.002	-0.161634
15.003	-0.140942
15.004	-0.117186
15.005	-0.115812
15.006	-0.132246
15.007	-0.105502
15.008	0.020154
15.009	0.156572
15.01	0.132984
15.011	-0.064342
15.012	-0.247215
15.013	-0.261695
15.014	-0.203149
15.015	-0.251166
15.016	-0.3081
15.017	-0.166404
15.018	0.051961
15.019	0.094573
15.02	-0.026731
15.021	-0.152225
15.022	-0.204039
15.023	-0.192431
15.024	-0.149839
15.025	-0.104588
15.026	-0.072357
15.027	-0.019924
15.028	0.095758
15.029	0.198803
15.03	0.141426
15.031	-0.075606
15.032	-0.263558
15.033	-0.275621
15.034	-0.217267
15.035	-0.283364
15.036	-0.387956
15.037	-0.308058
15.038	-0.122457
15.039	-0.052621
15.04	-0.10371
15.041	-0.161814
15.042	-0.175183
15.043	-0.148759
15.044	-0.10583
15.045	-0.080165
15.046	-0.091244
15.047	-0.086842
15.048	0.00531
15.049	0.121168
15.05	0.099147
15.051	-0.084497
15.052	-0.246821
15.053	-0.204422
15.054	0.001433
15.055	0.18787
15.056	0.315025
15.057	0.421805
15.058	0.401619
15.059	0.189895
15.06	-0.069824
15.061	-0.227109
15.062	-0.256664
15.063	-0.19997
15.064	-0.11097
15.065	-0.046676
15.066	-0.042301
15.067	-0.05067
15.068	0.010243
15.069	0.099658
15.07	0.076618
15.071	-0.082672
15.072	-0.220286
15.073	-0.20225
15.074	-0.135759
15.075	-0.226031
15.076	-0.396825
15.077	-0.405182
15.078	-0.280952
15.079	-0.208459
15.08	-0.201916
15.081	-0.185678
15.082	-0.13445
15.083	-0.061025
15.084	-0.000109
15.085	-0.001992
15.086	-0.080792
15.087	-0.149301
15.088	-0.096676
15.089	0.03221
15.09	0.071555
15.091	-0.025543
15.092	-0.117886
15.093	-0.089535
15.094	-0.072879
15.095	-0.29328
15.096	-0.635112
15.097	-0.736387
15.098	-0.551239
15.099	-0.333546
15.1	-0.211218
15.101	-0.145501
15.102	-0.085591
15.103	-0.007563
15.104	0.083441
15.105	0.153356
15.106	0.168028
15.107	0.149377
15.108	0.157975
15.109	0.174567
15.11	0.103751
15.111	-0.056115
15.112	-0.166942
15.113	-0.140496
15.114	-0.131448
15.115	-0.3701
15.116	-0.733783
15.117	-0.850821
15.118	-0.664996
15.119	-0.422983
15.12	-0.259854
15.121	-0.156777
15.122	-0.078582
15.123	-0.004934
15.124	0.06218
15.125	0.096275
15.126	0.075887
15.127	0.037689
15.128	0.052354
15.129	0.099775
15.13	0.072699
15.131	-0.047618
15.132	-0.131725
15.133	-0.076123
15.134	-0.004328
15.135	-0.150828
15.136	-0.465942
15.137	-0.629984
15.138	-0.53198
15.139	-0.345544
15.14	-0.203728
15.141	-0.115713
15.142	-0.059475
15.143	-0.01493
15.144	0.023726
15.145	0.044912
15.146	0.040045
15.147	0.040961
15.148	0.092646
15.149	0.151432
15.15	0.110934
15.151	-0.034097
15.152	-0.146937
15.153	-0.112599
15.154	-0.016723
15.155	-0.039121
15.156	-0.135749
15.157	-0.113826
15.158	-0.001478
15.159	0.031101
15.16	-0.0369
15.161	-0.119762
15.162	-0.16422
15.163	-0.164049
15.164	-0.139913
15.165	-0.121278
15.166	-0.123538
15.167	-0.115348
15.168	-0.054159
15.169	0.008872
15.17	-0.029136
15.171	-0.148885
15.172	-0.193964
15.173	-0.062895
15.174	0.116328
15.175	0.118572
15.176	-0.022484
15.177	-0.072986
15.178	-0.006547
15.179	0.025596
15.18	-0.025013
15.181	-0.115954
15.182	-0.2083
15.183	-0.270919
15.184	-0.288932
15.185	-0.273694
15.186	-0.247835
15.187	-0.204996
15.188	-0.122306
15.189	-0.04597
15.19	-0.064759
15.191	-0.161413
15.192	-0.185933
15.193	-0.013535
15.194	0.286271
15.195	0.516976
15.196	0.612538
15.197	0.630197
15.198	0.549974
15.199	0.347402
15.2	0.102757
15.201	-0.106813
15.202	-0.26152
15.203	-0.351373
15.204	-0.361582
15.205	-0.291977
15.206	-0.179069
15.207	-0.070154
15.208	0.011281
15.209	0.030769
15.21	-0.050316
15.211	-0.180495
15.212	-0.211384
15.213	-0.047678
15.214	0.193099
15.215	0.270941
15.216	0.148292
15.217	0.025126
15.218	0.009415
15.219	0.032582
15.22	0.024901
15.221	-0.040744
15.222	-0.162801
15.223	-0.295024
15.224	-0.375658
15.225	-0.374762
15.226	-0.312114
15.227	-0.217188
15.228	-0.103077
15.229	-0.019931
15.23	-0.039207
15.231	-0.133999
15.232	-0.163911
15.233	-0.029231
15.234	0.17929
15.235	0.285711
15.236	0.311472
15.237	0.40259
15.238	0.486058
15.239	0.371173
15.24	0.087593
15.241	-0.170683
15.242	-0.279643
15.243	-0.244183
15.244	-0.145154
15.245	-0.081415
15.246	-0.110528
15.247	-0.173674
15.248	-0.135693
15.249	0.010065
15.25	0.092847
15.251	0.002721
15.252	-0.153135
15.253	-0.202993
15.254	-0.152753
15.255	-0.160894
15.256	-0.234478
15.257	-0.194823
15.258	-0.03477
15.259	0.04796
15.26	-0.019068
15.261	-0.133214
15.262	-0.19428
15.263	-0.175898
15.264	-0.119382
15.265	-0.109886
15.266	-0.20175
15.267	-0.313313
15.268	-0.279997
15.269	-0.092729
15.27	0.054033
15.271	0.026007
15.272	-0.07998
15.273	-0.093597
15.274	-0.027428
15.275	-0.056496
15.276	-0.194824
15.277	-0.236424
15.278	-0.12312
15.279	-0.024133
15.28	-0.034582
15.281	-0.098904
15.282	-0.141133
15.283	-0.122165
15.284	-0.05454
15.285	-0.007794
15.286	-0.049169
15.287	-0.132547
15.288	-0.124093
15.289	-0.00756
15.29	0.065315
15.291	-0.00025
15.292	-0.098462
15.293	-0.077576
15.294	0.017449
15.295	-0.021576
15.296	-0.223297
15.297	-0.357792
15.298	-0.309884
15.299	-0.201303
15.3	-0.13416
15.301	-0.10681
15.302	-0.091414
15.303	-0.062361
15.304	-0.030295
15.305	-0.064937
15.306	-0.21728
15.307	-0.391623
15.308	-0.399481
15.309	-0.212667
15.31	-0.021466
15.311	0.028437
15.312	0.012323
15.313	0.071574
15.314	0.155497
15.315	0.051461
15.316	-0.253226
15.317	-0.481583
15.318	-0.46663
15.319	-0.312024
15.32	-0.149908
15.321	-0.034852
15.322	0.022346
15.323	0.048814
15.324	0.058529
15.325	0.005068
15.326	-0.154536
15.327	-0.336345
15.328	-0.36533
15.329	-0.207291
15.33	-0.035504
15.331	0.013172
15.332	0.016227
15.333	0.132658
15.334	0.354179
15.335	0.482572
15.336	0.407347
15.337	0.243186
15.338	0.113223
15.339	0.02967
15.34	-0.01318
15.341	-0.024444
15.342	-0.027016
15.343	-0.02668
15.344	-0.03965
15.345	-0.126174
15.346	-0.325363
15.347	-0.535281
15.348	-0.557937
15.349	-0.350195
15.35	-0.100838
15.351	0.025037
15.352	0.080455
15.353	0.203345
15.354	0.357007
15.355	0.320821
15.356	0.027673
15.357	-0.269068
15.358	-0.334728
15.359	-0.209817
15.36	-0.04341
15.361	0.068025
15.362	0.094466
15.363	0.061987
15.364	-0.005167
15.365	-0.135652
15.366	-0.356293
15.367	-0.571005
15.368	-0.590389
15.369	-0.370389
15.37	-0.096473
15.371	0.057897
15.372	0.130361
15.373	0.252659
15.374	0.397264
15.375	0.365012
15.376	0.107672
15.377	-0.128565
15.378	-0.146811
15.379	-0.025473
15.38	0.086119
15.381	0.124085
15.382	0.08564
15.383	0.006358
15.384	-0.078612
15.385	-0.181055
15.386	-0.332617
15.387	-0.480535
15.388	-0.481598
15.389	-0.294695
15.39	-0.072297
15.391	0.042733
15.392	0.098475
15.393	0.21898
15.394	0.357917
15.395	0.295762
15.396	-0.019896
15.397	-0.310994
15.398	-0.331749
15.399	-0.146171
15.4	0.060762
15.401	0.172664
15.402	0.155594
15.403	0.046096
15.404	-0.103423
15.405	-0.286976
15.406	-0.515287
15.407	-0.702837
15.408	-0.678259
15.409	-0.409035
15.41	-0.090216
15.411	0.097441
15.412	0.192243
15.413	0.326132
15.414	0.462279
15.415	0.389429
15.416	0.069619
15.417	-0.199046
15.418	-0.173879
15.419	0.040018
15.42	0.222397
15.421	0.26816
15.422	0.180355
15.423	0.024215
15.424	-0.128968
15.425	-0.263235
15.426	-0.408312
15.427	-0.531695
15.428	-0.509336
15.429	-0.306229
15.43	-0.071557
15.431	0.060925
15.432	0.147839
15.433	0.309526
15.434	0.484304
15.435	0.440565
15.436	0.131672
15.437	-0.144901
15.438	-0.141312
15.439	0.049911
15.44	0.219508
15.441	0.26045
15.442	0.165181
15.443	-0.005865
15.444	-0.172941
15.445	-0.310394
15.446	-0.453176
15.447	-0.584858
15.448	-0.585913
15.449	-0.402228
15.45	-0.160127
15.451	0.010625
15.452	0.154279
15.453	0.370737
15.454	0.573915
15.455	0.516587
15.456	0.162792
15.457	-0.155615
15.458	-0.162326
15.459	0.04821
15.46	0.243523
15.461	0.296262
15.462	0.190358
15.463	-0.00795
15.464	-0.193421
15.465	-0.307907
15.466	-0.380969
15.467	-0.43883
15.468	-0.422463
15.469	-0.298169
15.47	-0.160597
15.471	-0.100879
15.472	-0.059024
15.473	0.098766
15.474	0.396542
15.475	0.706941
15.476	0.903684
15.477	0.957021
15.478	0.855654
15.479	0.602376
15.48	0.298338
15.481	0.080554
15.482	-0.007947
15.483	-0.016582
15.484	-0.012221
15.485	-0.06345
15.486	-0.234394
15.487	-0.475988
15.488	-0.580875
15.489	-0.420985
15.49	-0.145837
15.491	0.030241
15.492	0.103522
15.493	0.195783
15.494	0.303645
15.495	0.301166
15.496	0.205911
15.497	0.202719
15.498	0.318436
15.499	0.375423
15.5	0.295187
15.501	0.167845
15.502	0.069785
15.503	-0.001817
15.504	-0.068909
15.505	-0.159004
15.506	-0.318563
15.507	-0.522534
15.508	-0.605567
15.509	-0.456591
15.51	-0.210177
15.511	-0.055717
15.512	0.032224
15.513	0.231552
15.514	0.627525
15.515	1.111002
15.516	1.481276
15.517	1.58487
15.518	1.379023
15.519	0.949916
15.52	0.481713
15.521	0.138836
15.522	-0.049405
15.523	-0.157307
15.524	-0.241153
15.525	-0.315872
15.526	-0.416271
15.527	-0.548804
15.528	-0.597098
15.529	-0.459583
15.53	-0.236805
15.531	-0.087977
15.532	0.00502
15.533	0.177419
15.534	0.467472
15.535	0.78475
15.536	1.04427
15.537	1.18816
15.538	1.133486
15.539	0.86086
15.54	0.496865
15.541	0.201064
15.542	0.01
15.543	-0.146918
15.544	-0.31688
15.545	-0.489989
15.546	-0.66121
15.547	-0.798472
15.548	-0.780937
15.549	-0.548146
15.55	-0.250152
15.551	-0.064045
15.552	0.046675
15.553	0.256504
15.554	0.640018
15.555	1.09111
15.556	1.43517
15.557	1.550592
15.558	1.398541
15.559	1.028755
15.56	0.588698
15.561	0.236179
15.562	0.001508
15.563	-0.187501
15.564	-0.349505
15.565	-0.424042
15.566	-0.407462
15.567	-0.374911
15.568	-0.333612
15.569	-0.236004
15.57	-0.132835
15.571	-0.10163
15.572	-0.075347
15.573	0.087312
15.574	0.408186
15.575	0.778089
15.576	1.098183
15.577	1.299843
15.578	1.278914
15.579	0.991031
15.58	0.570342
15.581	0.21044
15.582	-0.036679
15.583	-0.243976
15.584	-0.431909
15.585	-0.528769
15.586	-0.515784
15.587	-0.463315
15.588	-0.386734
15.589	-0.254474
15.59	-0.129927
15.591	-0.088807
15.592	-0.056937
15.593	0.08851
15.594	0.309017
15.595	0.449416
15.596	0.486523
15.597	0.525163
15.598	0.543049
15.599	0.416662
15.6	0.180235
15.601	0.003594
15.602	-0.047912
15.603	-0.035508
15.604	0.032206
15.605	0.193439
15.606	0.346878
15.607	0.338576
15.608	0.224468
15.609	0.15012
15.61	0.088351
15.611	-0.04368
15.612	-0.173494
15.613	-0.163621
15.614	-0.016745
15.615	0.159936
15.616	0.354053
15.617	0.589163
15.618	0.717978
15.619	0.573664
15.62	0.257217
15.621	0.017338
15.622	-0.069713
15.623	-0.111212
15.624	-0.15893
15.625	-0.149101
15.626	-0.079756
15.627	-0.029882
15.628	0.010823
15.629	0.085824
15.63	0.110989
15.631	0.005063
15.632	-0.136682
15.633	-0.176165
15.634	-0.153897
15.635	-0.196723
15.636	-0.221133
15.637	-0.033419
15.638	0.260182
15.639	0.354188
15.64	0.210021
15.641	0.044895
15.642	-0.02777
15.643	-0.054057
15.644	-0.016813
15.645	0.177293
15.646	0.449028
15.647	0.571175
15.648	0.502671
15.649	0.37646
15.65	0.217117
15.651	-0.008418
15.652	-0.199778
15.653	-0.228599
15.654	-0.152444
15.655	-0.127217
15.656	-0.108211
15.657	0.070998
15.658	0.311287
15.659	0.344275
15.66	0.165187
15.661	-0.002395
15.662	-0.060516
15.663	-0.074951
15.664	-0.037763
15.665	0.149323
15.666	0.418082
15.667	0.545359
15.668	0.482311
15.669	0.355155
15.67	0.192273
15.671	-0.030723
15.672	-0.20579
15.673	-0.208631
15.674	-0.132594
15.675	-0.19656
15.676	-0.369756
15.677	-0.376318
15.678	-0.174302
15.679	-0.016765
15.68	-0.00509
15.681	-0.009682
15.682	0.025877
15.683	0.0362
15.684	0.045747
15.685	0.16959
15.686	0.361501
15.687	0.429461
15.688	0.34928
15.689	0.247961
15.69	0.132641
15.691	-0.045431
15.692	-0.185544
15.693	-0.146225
15.694	0.012672
15.695	0.097717
15.696	0.103242
15.697	0.181725
15.698	0.284951
15.699	0.228924
15.7	0.053468
15.701	-0.04497
15.702	-0.029227
15.703	-0.011148
15.704	0.004989
15.705	0.138288
15.706	0.358216
15.707	0.462538
15.708	0.394728
15.709	0.269547
15.71	0.114348
15.711	-0.090502
15.712	-0.228292
15.713	-0.16288
15.714	0.021169
15.715	0.098315
15.716	0.050294
15.717	0.057391
15.718	0.121671
15.719	0.087984
15.72	-0.019313
15.721	-0.045831
15.722	0.010305
15.723	0.024296
15.724	-0.004525
15.725	0.058006
15.726	0.208454
15.727	0.281445
15.728	0.259213
15.729	0.263659
15.73	0.255021
15.731	0.103391
15.732	-0.130272
15.733	-0.267905
15.734	-0.299147
15.735	-0.357947
15.736	-0.399387
15.737	-0.237444
15.738	0.026734
15.739	0.079904
15.74	-0.083353
15.741	-0.171911
15.742	-0.059191
15.743	0.121947
15.744	0.279848
15.745	0.467784
15.746	0.643545
15.747	0.637354
15.748	0.475201
15.749	0.352257
15.75	0.263772
15.751	0.070863
15.752	-0.176541
15.753	-0.306376
15.754	-0.317313
15.755	-0.353385
15.756	-0.379901
15.757	-0.217637
15.758	0.03874
15.759	0.089655
15.76	-0.066959
15.761	-0.148792
15.762	-0.042381
15.763	0.104064
15.764	0.180117
15.765	0.226701
15.766	0.236904
15.767	0.145029
15.768	0.052946
15.769	0.104446
15.77	0.185897
15.771	0.1017
15.772	-0.096874
15.773	-0.222643
15.774	-0.282007
15.775	-0.450358
15.776	-0.679697
15.777	-0.6704
15.778	-0.391586
15.779	-0.163617
15.78	-0.114234
15.781	-0.059992
15.782	0.086662
15.783	0.206418
15.784	0.236294
15.785	0.253653
15.786	0.26391
15.787	0.189801
15.788	0.112488
15.789	0.164406
15.79	0.234861
15.791	0.136379
15.792	-0.073337
15.793	-0.200062
15.794	-0.239996
15.795	-0.363034
15.796	-0.53066
15.797	-0.466835
15.798	-0.170239
15.799	0.021749
15.8	-0.004889
15.801	-0.033412
15.802	0.051309
15.803	0.141097
15.804	0.170748
15.805	0.208022
15.806	0.243591
15.807	0.187166
15.808	0.117801
15.809	0.171813
15.81	0.238927
15.811	0.131713
15.812	-0.085775
15.813	-0.209637
15.814	-0.234733
15.815	-0.349975
15.816	-0.546333
15.817	-0.548961
15.818	-0.310496
15.819	-0.116573
15.82	-0.082016
15.821	-0.038989
15.822	0.089054
15.823	0.191906
15.824	0.212566
15.825	0.213988
15.826	0.18549
15.827	0.06693
15.828	-0.019594
15.829	0.070748
15.83	0.196956
15.831	0.139473
15.832	-0.039955
15.833	-0.106356
15.834	-0.019706
15.835	0.003337
15.836	-0.138853
15.837	-0.239496
15.838	-0.172291
15.839	-0.101153
15.84	-0.106294
15.841	-0.053089
15.842	0.100558
15.843	0.228612
15.844	0.266825
15.845	0.270572
15.846	0.225169
15.847	0.074857
15.848	-0.046662
15.849	0.0239
15.85	0.159793
15.851	0.136269
15.852	-0.003647
15.853	-0.045847
15.854	0.019816
15.855	-0.063037
15.856	-0.389696
15.857	-0.647487
15.858	-0.595036
15.859	-0.402313
15.86	-0.24379
15.861	-0.062707
15.862	0.157989
15.863	0.311394
15.864	0.374802
15.865	0.442745
15.866	0.495331
15.867	0.398348
15.868	0.218573
15.869	0.162005
15.87	0.191144
15.871	0.115555
15.872	-0.037082
15.873	-0.065771
15.874	0.059123
15.875	0.122295
15.876	0.023664
15.877	-0.03645
15.878	0.0428
15.879	0.068128
15.88	-0.035045
15.881	-0.085452
15.882	0.005907
15.883	0.134513
15.884	0.254705
15.885	0.456792
15.886	0.698276
15.887	0.743668
15.888	0.55815
15.889	0.369838
15.89	0.243302
15.891	0.057926
15.892	-0.146167
15.893	-0.184931
15.894	-0.047493
15.895	0.040853
15.896	-0.029098
15.897	-0.074401
15.898	-0.005634
15.899	-0.00126
15.9	-0.110973
15.901	-0.148042
15.902	-0.037356
15.903	0.094874
15.904	0.176385
15.905	0.280594
15.906	0.398052
15.907	0.384157
15.908	0.260711
15.909	0.20547
15.91	0.199833
15.911	0.089446
15.912	-0.090865
15.913	-0.177508
15.914	-0.19954
15.915	-0.38246
15.916	-0.715086
15.917	-0.832493
15.918	-0.593354
15.919	-0.305199
15.92	-0.175735
15.921	-0.087297
15.922	0.048418
15.923	0.157966
15.924	0.231797
15.925	0.394848
15.926	0.633313
15.927	0.710845
15.928	0.55984
15.929	0.384574
15.93	0.259653
15.931	0.080287
15.932	-0.119153
15.933	-0.175147
15.934	-0.101858
15.935	-0.144209
15.936	-0.384744
15.937	-0.535401
15.938	-0.411474
15.939	-0.226169
15.94	-0.147105
15.941	-0.069935
15.942	0.059796
15.943	0.123966
15.944	0.062751
15.945	-0.009323
15.946	-0.006219
15.947	-5e-05
15.948	-0.00358
15.949	0.07753
15.95	0.178465
15.951	0.133345
15.952	-0.015977
15.953	-0.07315
15.954	-0.023014
15.955	-0.09831
15.956	-0.380935
15.957	-0.571219
15.958	-0.458561
15.959	-0.245114
15.96	-0.12133
15.961	-0.019094
15.962	0.108487
15.963	0.181655
15.964	0.193913
15.965	0.260843
15.966	0.38151
15.967	0.396084
15.968	0.302702
15.969	0.260582
15.97	0.248811
15.971	0.122089
15.972	-0.070098
15.973	-0.126606
15.974	-0.009101
15.975	0.084016
15.976	0.047665
15.977	0.049754
15.978	0.163327
15.979	0.190828
15.98	0.060789
15.981	-0.048633
15.982	-0.04122
15.983	0.001286
15.984	0.044641
15.985	0.170804
15.986	0.346169
15.987	0.387941
15.988	0.291005
15.989	0.228719
15.99	0.199069
15.991	0.070057
15.992	-0.105967
15.993	-0.141678
15.994	-0.036157
15.995	-0.037868
15.996	-0.252307
15.997	-0.406474
15.998	-0.30476
15.999	-0.141956
16.0	-0.087337
16.001	-0.05505
16.002	0.012824
16.003	0.038415
16.004	0.003392
16.005	0.023755
16.006	0.138952
16.007	0.211986
16.008	0.188897
16.009	0.174955
16.01	0.162172
16.011	0.044334
16.012	-0.110393
16.013	-0.107116
16.014	0.066645
16.015	0.172873
16.016	0.075731
16.017	-0.038241
16.018	-0.016248
16.019	0.02481
16.02	0.008877
16.021	0.021428
16.022	0.066432
16.023	0.035812
16.024	-0.071364
16.025	-0.09251
16.026	0.042369
16.027	0.173717
16.028	0.199717
16.029	0.213388
16.03	0.22707
16.031	0.126914
16.032	-0.062017
16.033	-0.154111
16.034	-0.077287
16.035	-0.005678
16.036	-0.066214
16.037	-0.08112
16.038	0.065279
16.039	0.14357
16.04	0.021894
16.041	-0.098841
16.042	-0.062267
16.043	0.051487
16.044	0.13658
16.045	0.199276
16.046	0.215627
16.047	0.096715
16.048	-0.059983
16.049	-0.035134
16.05	0.112765
16.051	0.127152
16.052	-0.015026
16.053	-0.092275
16.054	-0.003374
16.055	0.07208
16.056	-0.0053
16.057	-0.04793
16.058	0.085151
16.059	0.170529
16.06	0.055191
16.061	-0.076079
16.062	-0.059944
16.063	0.034292
16.064	0.092802
16.065	0.097815
16.066	0.032587
16.067	-0.124019
16.068	-0.232609
16.069	-0.128188
16.07	0.065717
16.071	0.094853
16.072	-0.031973
16.073	-0.079118
16.074	0.046804
16.075	0.147534
16.076	0.065607
16.077	-0.017611
16.078	0.056116
16.079	0.100515
16.08	-0.013135
16.081	-0.113956
16.082	-0.074302
16.083	0.005185
16.084	-0.006521
16.085	-0.103384
16.086	-0.222796
16.087	-0.338046
16.088	-0.363707
16.089	-0.204173
16.09	0.013504
16.091	0.06239
16.092	-0.036051
16.093	-0.052919
16.094	0.088918
16.095	0.176755
16.096	0.053621
16.097	-0.078723
16.098	-0.03399
16.099	0.017873
16.1	-0.06079
16.101	-0.126527
16.102	-0.070509
16.103	0.015037
16.104	0.029199
16.105	0.011326
16.106	0.015351
16.107	-0.017157
16.108	-0.078573
16.109	-0.041485
16.11	0.056997
16.111	0.041931
16.112	-0.065988
16.113	-0.065966
16.114	0.090006
16.115	0.174546
16.116	0.032445
16.117	-0.123546
16.118	-0.093907
16.119	-0.036559
16.12	-0.089517
16.121	-0.126847
16.122	-0.05728
16.123	0.022958
16.124	0.017031
16.125	-0.029112
16.126	-0.052912
16.127	-0.105454
16.128	-0.172889
16.129	-0.122102
16.13	0.008598
16.131	0.03253
16.132	-0.045047
16.133	-0.032418
16.134	0.118586
16.135	0.186822
16.136	0.024935
16.137	-0.146562
16.138	-0.118529
16.139	-0.043813
16.14	-0.069432
16.141	-0.086836
16.142	-0.016681
16.143	0.044892
16.144	0.01197
16.145	-0.051396
16.146	-0.067329
16.147	-0.091133
16.148	-0.133848
16.149	-0.081484
16.15	0.033671
16.151	0.040527
16.152	-0.049919
16.153	-0.046791
16.154	0.100506
16.155	0.180197
16.156	0.055183
16.157	-0.054998
16.158	0.035336
16.159	0.13067
16.16	0.060675
16.161	-0.040144
16.162	-0.047784
16.163	-0.034803
16.164	-0.081905
16.165	-0.122074
16.166	-0.083102
16.167	-0.049216
16.168	-0.06769
16.169	-0.032205
16.17	0.048527
16.171	0.027856
16.172	-0.075792
16.173	-0.081436
16.174	0.033992
16.175	0.024084
16.176	-0.237561
16.177	-0.43559
16.178	-0.299157
16.179	-0.061678
16.18	0.009285
16.181	-0.00352
16.182	0.019804
16.183	0.010842
16.184	-0.128728
16.185	-0.362858
16.186	-0.57495
16.187	-0.673092
16.188	-0.576755
16.189	-0.285894
16.19	-0.000209
16.191	0.068273
16.192	-0.020441
16.193	-0.030816
16.194	0.08935
16.195	0.09333
16.196	-0.162521
16.197	-0.373102
16.198	-0.259391
16.199	-0.039335
16.2	0.023795
16.201	-0.000319
16.202	-0.000198
16.203	-0.018534
16.204	-0.089733
16.205	-0.114421
16.206	-0.019866
16.207	0.081528
16.208	0.103292
16.209	0.12165
16.21	0.131934
16.211	0.030564
16.212	-0.115951
16.213	-0.107825
16.214	0.063293
16.215	0.110358
16.216	-0.141356
16.217	-0.392924
16.218	-0.337695
16.219	-0.154347
16.22	-0.091112
16.221	-0.082867
16.222	-0.005444
16.223	0.112961
16.224	0.191245
16.225	0.216599
16.226	0.182439
16.227	0.042448
16.228	-0.104049
16.229	-0.053075
16.23	0.128321
16.231	0.156227
16.232	-0.021195
16.233	-0.177312
16.234	-0.183315
16.235	-0.198375
16.236	-0.337929
16.237	-0.366869
16.238	-0.125931
16.239	0.110513
16.24	0.121653
16.241	0.041969
16.242	0.006918
16.243	-0.025493
16.244	-0.072764
16.245	-0.00888
16.246	0.218936
16.247	0.399525
16.248	0.362537
16.249	0.228466
16.25	0.100541
16.251	-0.081729
16.252	-0.281062
16.253	-0.326399
16.254	-0.173144
16.255	-0.012712
16.256	0.012986
16.257	0.050612
16.258	0.183059
16.259	0.182594
16.26	-0.037339
16.261	-0.214451
16.262	-0.159445
16.263	0.014218
16.264	0.108341
16.265	0.060889
16.266	-0.090237
16.267	-0.286419
16.268	-0.37725
16.269	-0.222835
16.27	0.031763
16.271	0.100913
16.272	-0.033601
16.273	-0.137209
16.274	-0.103762
16.275	-0.118108
16.276	-0.294741
16.277	-0.374148
16.278	-0.185544
16.279	-0.015808
16.28	-0.07827
16.281	-0.178654
16.282	-0.123501
16.283	0.021542
16.284	0.135287
16.285	0.239078
16.286	0.361545
16.287	0.370542
16.288	0.226714
16.289	0.130171
16.29	0.138529
16.291	0.074689
16.292	-0.092513
16.293	-0.183828
16.294	-0.137807
16.295	-0.154923
16.296	-0.341972
16.297	-0.424873
16.298	-0.224132
16.299	-0.028952
16.3	-0.065613
16.301	-0.154229
16.302	-0.106068
16.303	0.019922
16.304	0.113845
16.305	0.202854
16.306	0.312367
16.307	0.311274
16.308	0.170806
16.309	0.092548
16.31	0.122961
16.311	0.076119
16.312	-0.083206
16.313	-0.178564
16.314	-0.149072
16.315	-0.191967
16.316	-0.40957
16.317	-0.521017
16.318	-0.329204
16.319	-0.104708
16.32	-0.079398
16.321	-0.104567
16.322	-0.02449
16.323	0.078428
16.324	0.066908
16.325	-0.057556
16.326	-0.211796
16.327	-0.342436
16.328	-0.356896
16.329	-0.17021
16.33	0.070377
16.331	0.111994
16.332	-0.03713
16.333	-0.117668
16.334	0.020985
16.335	0.214851
16.336	0.256658
16.337	0.247232
16.338	0.323573
16.339	0.314714
16.34	0.1063
16.341	-0.098524
16.342	-0.130335
16.343	-0.06188
16.344	-0.000376
16.345	0.090447
16.346	0.235254
16.347	0.285239
16.348	0.187274
16.349	0.128335
16.35	0.155812
16.351	0.092464
16.352	-0.083485
16.353	-0.16841
16.354	-0.066093
16.355	0.014896
16.356	-0.12024
16.357	-0.256468
16.358	-0.142654
16.359	0.024237
16.36	0.011992
16.361	-0.05908
16.362	-0.034941
16.363	0.024997
16.364	0.005542
16.365	-0.089496
16.366	-0.199223
16.367	-0.300157
16.368	-0.309827
16.369	-0.131535
16.37	0.101719
16.371	0.142103
16.372	-0.006279
16.373	-0.096418
16.374	-0.001826
16.375	0.076832
16.376	-0.065951
16.377	-0.22263
16.378	-0.13185
16.379	0.023442
16.38	0.007508
16.381	-0.076899
16.382	-0.076941
16.383	-0.009783
16.384	0.095547
16.385	0.323792
16.386	0.664681
16.387	0.839645
16.388	0.689163
16.389	0.441212
16.39	0.272494
16.391	0.091245
16.392	-0.117899
16.393	-0.191538
16.394	-0.089552
16.395	-0.076227
16.396	-0.354767
16.397	-0.619664
16.398	-0.512986
16.399	-0.239294
16.4	-0.124118
16.401	-0.117901
16.402	-0.071291
16.403	0.008824
16.404	0.086055
16.405	0.218283
16.406	0.406664
16.407	0.467559
16.408	0.329248
16.409	0.193638
16.41	0.151526
16.411	0.06194
16.412	-0.093842
16.413	-0.132905
16.414	0.015998
16.415	0.11557
16.416	-0.058367
16.417	-0.288522
16.418	-0.270887
16.419	-0.139485
16.42	-0.118968
16.421	-0.140176
16.422	-0.087944
16.423	0.00439
16.424	0.094451
16.425	0.242747
16.426	0.451364
16.427	0.527479
16.428	0.382479
16.429	0.214605
16.43	0.135713
16.431	0.032453
16.432	-0.107336
16.433	-0.119762
16.434	0.043364
16.435	0.140022
16.436	-0.036668
16.437	-0.252934
16.438	-0.21356
16.439	-0.074627
16.44	-0.067442
16.441	-0.110039
16.442	-0.075122
16.443	-0.012414
16.444	-0.025819
16.445	-0.124574
16.446	-0.250756
16.447	-0.35853
16.448	-0.37834
16.449	-0.252499
16.45	-0.083837
16.451	-0.03989
16.452	-0.089815
16.453	-0.027494
16.454	0.222875
16.455	0.42924
16.456	0.349257
16.457	0.14497
16.458	0.103056
16.459	0.151092
16.46	0.110354
16.461	0.025295
16.462	-0.021477
16.463	-0.069988
16.464	-0.181601
16.465	-0.336212
16.466	-0.4786
16.467	-0.575012
16.468	-0.557852
16.469	-0.376869
16.47	-0.154115
16.471	-0.067227
16.472	-0.080028
16.473	0.024218
16.474	0.338633
16.475	0.654028
16.476	0.711886
16.477	0.582439
16.478	0.476365
16.479	0.368801
16.48	0.184318
16.481	0.013976
16.482	-0.068881
16.483	-0.123654
16.484	-0.217954
16.485	-0.32412
16.486	-0.386608
16.487	-0.407376
16.488	-0.376017
16.489	-0.260189
16.49	-0.136217
16.491	-0.116133
16.492	-0.135445
16.493	-0.007462
16.494	0.289886
16.495	0.479265
16.496	0.315944
16.497	0.004949
16.498	-0.106738
16.499	-0.048287
16.5	-0.005405
16.501	0.007422
16.502	0.01426
16.503	-0.03559
16.504	-0.174145
16.505	-0.342882
16.506	-0.464955
16.507	-0.524624
16.508	-0.498139
16.509	-0.353721
16.51	-0.185963
16.511	-0.136568
16.512	-0.177813
16.513	-0.146411
16.514	0.014532
16.515	0.137505
16.516	0.091852
16.517	0.069534
16.518	0.233525
16.519	0.345309
16.52	0.195379
16.521	-0.037687
16.522	-0.121222
16.523	-0.067742
16.524	-0.022995
16.525	-0.070502
16.526	-0.208259
16.527	-0.384563
16.528	-0.46097
16.529	-0.320133
16.53	-0.082154
16.531	0.01505
16.532	-0.054468
16.533	-0.095065
16.534	0.007435
16.535	0.108533
16.536	0.065853
16.537	0.048328
16.538	0.207984
16.539	0.316582
16.54	0.177812
16.541	-0.037094
16.542	-0.118153
16.543	-0.09005
16.544	-0.090819
16.545	-0.188517
16.546	-0.367205
16.547	-0.562063
16.548	-0.625027
16.549	-0.441
16.55	-0.145681
16.551	0.002447
16.552	-0.035213
16.553	-0.061894
16.554	0.043549
16.555	0.140352
16.556	0.085447
16.557	0.050927
16.558	0.201962
16.559	0.320148
16.56	0.199704
16.561	-0.012251
16.562	-0.119302
16.563	-0.118751
16.564	-0.071304
16.565	0.040646
16.566	0.203586
16.567	0.263417
16.568	0.164147
16.569	0.07404
16.57	0.062269
16.571	0.003294
16.572	-0.121839
16.573	-0.16105
16.574	-0.061453
16.575	-0.021598
16.576	-0.181409
16.577	-0.278542
16.578	-0.07323
16.579	0.171082
16.58	0.158227
16.581	0.00015
16.582	-0.096905
16.583	-0.121456
16.584	-0.156454
16.585	-0.226458
16.586	-0.313304
16.587	-0.399808
16.588	-0.404565
16.589	-0.249222
16.59	-0.047079
16.591	0.006687
16.592	-0.076456
16.593	-0.101127
16.594	0.005613
16.595	0.038173
16.596	-0.161499
16.597	-0.327438
16.598	-0.179879
16.599	0.061541
16.6	0.10133
16.601	0.00778
16.602	-0.052041
16.603	-0.067769
16.604	-0.100719
16.605	-0.160373
16.606	-0.230821
16.607	-0.307456
16.608	-0.321576
16.609	-0.198421
16.61	-0.04005
16.611	-0.023265
16.612	-0.121963
16.613	-0.121223
16.614	0.095085
16.615	0.368191
16.616	0.485181
16.617	0.500852
16.618	0.538524
16.619	0.481111
16.62	0.238085
16.621	-0.027688
16.622	-0.155478
16.623	-0.172752
16.624	-0.18048
16.625	-0.218465
16.626	-0.286613
16.627	-0.379644
16.628	-0.417535
16.629	-0.307499
16.63	-0.134302
16.631	-0.072283
16.632	-0.111831
16.633	-0.075292
16.634	0.088884
16.635	0.154153
16.636	-0.054412
16.637	-0.269986
16.638	-0.187112
16.639	0.008611
16.64	0.037063
16.641	-0.043621
16.642	-0.083591
16.643	-0.081481
16.644	-0.102795
16.645	-0.16461
16.646	-0.255851
16.647	-0.367866
16.648	-0.423562
16.649	-0.330862
16.65	-0.168772
16.651	-0.107109
16.652	-0.136374
16.653	-0.069028
16.654	0.18548
16.655	0.450168
16.656	0.509264
16.657	0.438342
16.658	0.401628
16.659	0.324295
16.66	0.12636
16.661	-0.064374
16.662	-0.133861
16.663	-0.128472
16.664	-0.137807
16.665	-0.17433
16.666	-0.213569
16.667	-0.262444
16.668	-0.288899
16.669	-0.225143
16.67	-0.123931
16.671	-0.106481
16.672	-0.143029
16.673	-0.079519
16.674	0.099159
16.675	0.146433
16.676	-0.105201
16.677	-0.365186
16.678	-0.306067
16.679	-0.097469
16.68	-0.020723
16.681	-0.045799
16.682	-0.0553
16.683	-0.059686
16.684	-0.117047
16.685	-0.222058
16.686	-0.333868
16.687	-0.43529
16.688	-0.470941
16.689	-0.368644
16.69	-0.200721
16.691	-0.11769
16.692	-0.111015
16.693	-0.02556
16.694	0.18237
16.695	0.304996
16.696	0.168618
16.697	-0.015987
16.698	0.01923
16.699	0.143449
16.7	0.136398
16.701	0.044431
16.702	-0.019157
16.703	-0.068948
16.704	-0.162953
16.705	-0.283542
16.706	-0.371616
16.707	-0.412613
16.708	-0.388508
16.709	-0.268445
16.71	-0.128838
16.711	-0.091398
16.712	-0.120843
16.713	-0.053329
16.714	0.154092
16.715	0.294531
16.716	0.192183
16.717	0.041591
16.718	0.089381
16.719	0.200279
16.72	0.169951
16.721	0.058227
16.722	-0.025652
16.723	-0.103766
16.724	-0.230044
16.725	-0.375281
16.726	-0.472169
16.727	-0.505981
16.728	-0.463724
16.729	-0.320605
16.73	-0.158593
16.731	-0.103732
16.732	-0.121258
16.733	-0.044212
16.734	0.170676
16.735	0.307839
16.736	0.178499
16.737	-0.018094
16.738	-0.001498
16.739	0.125477
16.74	0.15115
16.741	0.093105
16.742	0.025036
16.743	-0.073802
16.744	-0.224585
16.745	-0.35894
16.746	-0.393922
16.747	-0.342681
16.748	-0.249777
16.749	-0.131236
16.75	-0.055215
16.751	-0.092746
16.752	-0.162034
16.753	-0.085828
16.754	0.161939
16.755	0.338696
16.756	0.230181
16.757	0.025296
16.758	0.016463
16.759	0.124727
16.76	0.151532
16.761	0.102833
16.762	0.032271
16.763	-0.085015
16.764	-0.258469
16.765	-0.409054
16.766	-0.457334
16.767	-0.4242
16.768	-0.335577
16.769	-0.164714
16.77	0.01788
16.771	0.055154
16.772	-0.058716
16.773	-0.140625
16.774	-0.070372
16.775	0.027866
16.776	0.008644
16.777	0.011058
16.778	0.169437
16.779	0.272196
16.78	0.146592
16.781	-0.041117
16.782	-0.099293
16.783	-0.053486
16.784	-0.032049
16.785	-0.103059
16.786	-0.26138
16.787	-0.451561
16.788	-0.532291
16.789	-0.389312
16.79	-0.142271
16.791	-0.032694
16.792	-0.096385
16.793	-0.121153
16.794	0.07382
16.795	0.416211
16.796	0.706731
16.797	0.879392
16.798	0.919145
16.799	0.719777
16.8	0.31449
16.801	-0.037854
16.802	-0.161874
16.803	-0.132168
16.804	-0.112772
16.805	-0.176786
16.806	-0.309683
16.807	-0.465366
16.808	-0.534038
16.809	-0.412279
16.81	-0.191773
16.811	-0.08273
16.812	-0.116671
16.813	-0.112845
16.814	0.037407
16.815	0.177114
16.816	0.129934
16.817	0.043066
16.818	0.104968
16.819	0.165323
16.82	0.071571
16.821	-0.041593
16.822	-0.036884
16.823	0.017423
16.824	-0.020562
16.825	-0.200588
16.826	-0.472633
16.827	-0.732644
16.828	-0.816632
16.829	-0.618523
16.83	-0.28217
16.831	-0.072912
16.832	-0.044305
16.833	-0.010902
16.834	0.149732
16.835	0.29188
16.836	0.24726
16.837	0.166753
16.838	0.231801
16.839	0.281513
16.84	0.162353
16.841	0.016084
16.842	-0.013035
16.843	0.019568
16.844	0.013602
16.845	-0.00997
16.846	-0.001975
16.847	-0.0326
16.848	-0.126742
16.849	-0.149539
16.85	-0.076501
16.851	-0.060798
16.852	-0.133948
16.853	-0.131383
16.854	0.040572
16.855	0.213004
16.856	0.197928
16.857	0.129438
16.858	0.186717
16.859	0.228246
16.86	0.122297
16.861	0.010769
16.862	0.014155
16.863	0.041382
16.864	-0.040336
16.865	-0.215768
16.866	-0.3781
16.867	-0.484878
16.868	-0.502429
16.869	-0.359812
16.87	-0.12985
16.871	-0.011818
16.872	-0.051679
16.873	-0.106262
16.874	-0.126425
16.875	-0.322478
16.876	-0.797799
16.877	-1.140325
16.878	-0.968643
16.879	-0.564245
16.88	-0.32536
16.881	-0.210062
16.882	-0.056778
16.883	0.12124
16.884	0.282207
16.885	0.512659
16.886	0.830025
16.887	0.963966
16.888	0.742181
16.889	0.423427
16.89	0.236087
16.891	0.078088
16.892	-0.126705
16.893	-0.249509
16.894	-0.223834
16.895	-0.255157
16.896	-0.512986
16.897	-0.726528
16.898	-0.60593
16.899	-0.361441
16.9	-0.250357
16.901	-0.17205
16.902	-0.000184
16.903	0.184596
16.904	0.279653
16.905	0.341986
16.906	0.43228
16.907	0.408209
16.908	0.206477
16.909	0.060861
16.91	0.087722
16.911	0.100623
16.912	-0.004886
16.913	-0.101674
16.914	-0.126689
16.915	-0.294196
16.916	-0.74006
16.917	-1.082197
16.918	-0.936418
16.919	-0.544992
16.92	-0.26551
16.921	-0.063117
16.922	0.165097
16.923	0.331333
16.924	0.32972
16.925	0.22469
16.926	0.133693
16.927	0.027258
16.928	-0.097208
16.929	-0.080876
16.93	0.078916
16.931	0.155409
16.932	0.063188
16.933	-0.036063
16.934	-0.040212
16.935	-0.129542
16.936	-0.457368
16.937	-0.732211
16.938	-0.63055
16.939	-0.34258
16.94	-0.147222
16.941	0.007067
16.942	0.200986
16.943	0.334872
16.944	0.325659
16.945	0.284442
16.946	0.333941
16.947	0.352857
16.948	0.233061
16.949	0.142878
16.95	0.17717
16.951	0.172248
16.952	0.048917
16.953	-0.051476
16.954	-0.048373
16.955	-0.136436
16.956	-0.478875
16.957	-0.78464
16.958	-0.709943
16.959	-0.415716
16.96	-0.174782
16.961	0.034787
16.962	0.254999
16.963	0.373193
16.964	0.32412
16.965	0.247712
16.966	0.285346
16.967	0.317536
16.968	0.225541
16.969	0.158788
16.97	0.197102
16.971	0.17975
16.972	0.043009
16.973	-0.053643
16.974	-0.001418
16.975	0.041923
16.976	-0.093932
16.977	-0.219239
16.978	-0.111407
16.979	0.052658
16.98	0.081975
16.981	0.087119
16.982	0.161077
16.983	0.208979
16.984	0.178387
16.985	0.232072
16.986	0.490996
16.987	0.714893
16.988	0.650355
16.989	0.444018
16.99	0.290298
16.991	0.135602
16.992	-0.049412
16.993	-0.137537
16.994	-0.090008
16.995	-0.133649
16.996	-0.439847
16.997	-0.70787
16.998	-0.592862
16.999	-0.27818
17.0	-0.060005
17.001	0.082416
17.002	0.211323
17.003	0.248681
17.004	0.17887
17.005	0.193843
17.006	0.426152
17.007	0.637295
17.008	0.573356
17.009	0.378536
17.01	0.242827
17.011	0.103743
17.012	-0.089014
17.013	-0.23116
17.014	-0.258394
17.015	-0.28922
17.016	-0.397995
17.017	-0.358317
17.018	-0.043071
17.019	0.214338
17.02	0.162032
17.021	0.014282
17.022	0.021854
17.023	0.152709
17.024	0.305593
17.025	0.54943
17.026	0.910914
17.027	1.093399
17.028	0.883084
17.029	0.549306
17.03	0.360452
17.031	0.213699
17.032	-0.007592
17.033	-0.20348
17.034	-0.278596
17.035	-0.337741
17.036	-0.457579
17.037	-0.409744
17.038	-0.068625
17.039	0.217482
17.04	0.177436
17.041	0.012123
17.042	-0.027483
17.043	0.049498
17.044	0.187192
17.045	0.500203
17.046	1.008047
17.047	1.319757
17.048	1.122157
17.049	0.690949
17.05	0.378941
17.051	0.154046
17.052	-0.080573
17.053	-0.246534
17.054	-0.270489
17.055	-0.242688
17.056	-0.223429
17.057	-0.038697
17.058	0.351153
17.059	0.580896
17.06	0.417417
17.061	0.098557
17.062	-0.091103
17.063	-0.130066
17.064	-0.049395
17.065	0.293983
17.066	0.947041
17.067	1.497683
17.068	1.514433
17.069	1.122423
17.07	0.641252
17.071	0.153057
17.072	-0.297583
17.073	-0.532651
17.074	-0.362019
17.075	0.273419
17.076	1.232342
17.077	2.141231
17.078	2.507871
17.079	2.070967
17.08	1.075162
17.081	0.082232
17.082	-0.523908
17.083	-0.743389
17.084	-0.661935
17.085	-0.153479
17.086	0.838985
17.087	1.837814
17.088	2.202136
17.089	1.847663
17.09	1.099004
17.091	0.231558
17.092	-0.527082
17.093	-0.92837
17.094	-0.780022
17.095	-0.009299
17.096	1.258316
17.097	2.567307
17.098	3.22206
17.099	2.774912
17.1	1.462724
17.101	0.021514
17.102	-0.963444
17.103	-1.388762
17.104	-1.320569
17.105	-0.631717
17.106	0.72792
17.107	2.196747
17.108	2.926904
17.109	2.63118
17.11	1.623381
17.111	0.352882
17.112	-0.759588
17.113	-1.366471
17.114	-1.264463
17.115	-0.398439
17.116	1.07932
17.117	2.647052
17.118	3.498679
17.119	3.085128
17.12	1.620696
17.121	-0.082284
17.122	-1.318025
17.123	-1.891624
17.124	-1.843918
17.125	-1.087388
17.126	0.368364
17.127	1.936648
17.128	2.760959
17.129	2.523665
17.13	1.524317
17.131	0.24189
17.132	-0.87468
17.133	-1.506005
17.134	-1.562601
17.135	-1.14407
17.136	-0.370551
17.137	0.645671
17.138	1.545006
17.139	1.754958
17.14	1.082367
17.141	-0.039481
17.142	-1.03276
17.143	-1.596081
17.144	-1.636013
17.145	-1.100282
17.146	-0.140021
17.147	0.712877
17.148	0.982899
17.149	0.730035
17.15	0.26401
17.151	-0.231697
17.152	-0.629668
17.153	-0.836756
17.154	-0.981005
17.155	-1.435442
17.156	-2.335091
17.157	-3.059405
17.158	-2.828203
17.159	-1.760495
17.16	-0.648499
17.161	-0.037757
17.162	0.02593
17.163	-0.222741
17.164	-0.522422
17.165	-0.800075
17.166	-1.186111
17.167	-1.722738
17.168	-2.101024
17.169	-1.930312
17.17	-1.241212
17.171	-0.44174
17.172	0.170105
17.173	0.580038
17.174	0.738774
17.175	0.246531
17.176	-1.372749
17.177	-3.909733
17.178	-6.281286
17.179	-7.204045
17.18	-5.908223
17.181	-2.732127
17.182	0.764976
17.183	2.832884
17.184	2.609472
17.185	0.17275
17.186	-3.548436
17.187	-6.718231
17.188	-7.461975
17.189	-5.265408
17.19	-1.331639
17.191	2.447293
17.192	4.845989
17.193	5.735339
17.194	5.555051
17.195	4.622591
17.196	2.856571
17.197	0.24708
17.198	-2.538806
17.199	-4.245559
17.2	-3.768495
17.201	-1.19004
17.202	1.988791
17.203	4.104306
17.204	4.462747
17.205	3.114921
17.206	0.441
17.207	-2.548561
17.208	-4.245411
17.209	-3.591896
17.21	-1.108686
17.211	1.607649
17.212	3.331063
17.213	3.915583
17.214	3.78185
17.215	3.150387
17.216	1.977801
17.217	0.532445
17.218	-0.436992
17.219	-0.403297
17.22	0.419203
17.221	1.401318
17.222	2.050779
17.223	2.281583
17.224	2.348948
17.225	2.519815
17.226	2.773991
17.227	2.823139
17.228	2.422925
17.229	1.663271
17.23	0.882751
17.231	0.319483
17.232	0.000224
17.233	-0.064834
17.234	0.255755
17.235	1.14273
17.236	2.602476
17.237	4.208896
17.238	5.143298
17.239	4.755768
17.24	3.173347
17.241	1.233579
17.242	-0.217765
17.243	-0.880537
17.244	-0.93865
17.245	-0.728536
17.246	-0.555117
17.247	-0.587753
17.248	-0.733431
17.249	-0.743834
17.25	-0.564902
17.251	-0.399711
17.252	-0.391256
17.253	-0.478813
17.254	-0.624796
17.255	-0.989512
17.256	-1.594074
17.257	-1.910058
17.258	-1.423851
17.259	-0.461157
17.26	0.248879
17.261	0.426172
17.262	0.233203
17.263	-0.062214
17.264	-0.161096
17.265	0.224454
17.266	1.052604
17.267	1.739323
17.268	1.746086
17.269	1.213807
17.27	0.582616
17.271	0.050684
17.272	-0.337578
17.273	-0.545128
17.274	-0.669876
17.275	-1.029293
17.276	-1.790507
17.277	-2.4791
17.278	-2.420889
17.279	-1.641649
17.28	-0.714742
17.281	-0.042783
17.282	0.293569
17.283	0.389263
17.284	0.438527
17.285	0.611759
17.286	0.830468
17.287	0.753839
17.288	0.285955
17.289	-0.163317
17.29	-0.276138
17.291	-0.231427
17.292	-0.292851
17.293	-0.388406
17.294	-0.163602
17.295	0.737797
17.296	2.367115
17.297	4.214881
17.298	5.307981
17.299	4.87559
17.3	3.062362
17.301	0.845084
17.302	-0.819599
17.303	-1.594572
17.304	-1.508168
17.305	-0.441555
17.306	1.746216
17.307	4.481217
17.308	6.365807
17.309	6.289156
17.31	4.348127
17.311	1.551405
17.312	-0.955054
17.313	-2.401969
17.314	-2.537438
17.315	-1.490749
17.316	0.342612
17.317	2.253997
17.318	3.335774
17.319	3.001775
17.32	1.479966
17.321	-0.341369
17.322	-1.630744
17.323	-2.148442
17.324	-2.144393
17.325	-1.955774
17.326	-1.787521
17.327	-1.688382
17.328	-1.548373
17.329	-1.225773
17.33	-0.803918
17.331	-0.552305
17.332	-0.567872
17.333	-0.68083
17.334	-0.819034
17.335	-1.320312
17.336	-2.562371
17.337	-4.123638
17.338	-4.858701
17.339	-4.152954
17.34	-2.51003
17.341	-0.836318
17.342	0.280953
17.343	0.720448
17.344	0.65599
17.345	0.288608
17.346	-0.278515
17.347	-0.918949
17.348	-1.333674
17.349	-1.228435
17.35	-0.681412
17.351	-0.10707
17.352	0.193539
17.353	0.265414
17.354	0.258013
17.355	0.108437
17.356	-0.302727
17.357	-0.713254
17.358	-0.698803
17.359	-0.300664
17.36	0.106097
17.361	0.326746
17.362	0.384093
17.363	0.35477
17.364	0.322213
17.365	0.346239
17.366	0.372219
17.367	0.241266
17.368	-0.035159
17.369	-0.198599
17.37	-0.144141
17.371	-0.085556
17.372	-0.187084
17.373	-0.291326
17.374	-0.074069
17.375	0.627952
17.376	1.641797
17.377	2.546662
17.378	2.912006
17.379	2.539654
17.38	1.59674
17.381	0.513424
17.382	-0.305917
17.383	-0.672797
17.384	-0.537595
17.385	0.144621
17.386	1.228794
17.387	2.134732
17.388	2.295722
17.389	1.769735
17.39	0.967326
17.391	0.147012
17.392	-0.535459
17.393	-0.90731
17.394	-0.948392
17.395	-0.956061
17.396	-1.252546
17.397	-1.640829
17.398	-1.624961
17.399	-1.169547
17.4	-0.657743
17.401	-0.332491
17.402	-0.19487
17.403	-0.168173
17.404	-0.183102
17.405	-0.217189
17.406	-0.302523
17.407	-0.45736
17.408	-0.577317
17.409	-0.50745
17.41	-0.287053
17.411	-0.145032
17.412	-0.182327
17.413	-0.240317
17.414	-0.186074
17.415	-0.244082
17.416	-0.788714
17.417	-1.669593
17.418	-2.189066
17.419	-1.953861
17.42	-1.222926
17.421	-0.440357
17.422	0.117206
17.423	0.37353
17.424	0.366337
17.425	0.103762
17.426	-0.453695
17.427	-1.19376
17.428	-1.710021
17.429	-1.595561
17.43	-0.925697
17.431	-0.207721
17.432	0.188255
17.433	0.335612
17.434	0.457291
17.435	0.487006
17.436	0.150353
17.437	-0.473891
17.438	-0.900946
17.439	-0.856783
17.44	-0.489759
17.441	-0.053368
17.442	0.279438
17.443	0.438809
17.444	0.428357
17.445	0.233748
17.446	-0.190523
17.447	-0.772072
17.448	-1.198743
17.449	-1.140452
17.45	-0.648576
17.451	-0.124049
17.452	0.152972
17.453	0.268483
17.454	0.398691
17.455	0.412244
17.456	-0.012851
17.457	-0.779257
17.458	-1.297114
17.459	-1.201978
17.46	-0.682563
17.461	-0.104664
17.462	0.296918
17.463	0.460482
17.464	0.43669
17.465	0.276988
17.466	-0.015603
17.467	-0.40064
17.468	-0.68912
17.469	-0.662285
17.47	-0.358534
17.471	-0.059226
17.472	0.066181
17.473	0.131632
17.474	0.271525
17.475	0.287263
17.476	-0.197637
17.477	-1.081147
17.478	-1.684331
17.479	-1.555833
17.48	-0.907931
17.481	-0.200675
17.482	0.266337
17.483	0.431484
17.484	0.408799
17.485	0.347506
17.486	0.289957
17.487	0.164682
17.488	-0.022281
17.489	-0.116031
17.49	-0.064892
17.491	-0.022353
17.492	-0.081626
17.493	-0.112077
17.494	0.034464
17.495	0.244394
17.496	0.283148
17.497	0.224869
17.498	0.317492
17.499	0.466203
17.5	0.395708
17.501	0.129921
17.502	-0.090041
17.503	-0.131485
17.504	-0.047264
17.505	0.022155
17.506	-0.051139
17.507	-0.286965
17.508	-0.507979
17.509	-0.468378
17.51	-0.18715
17.511	0.023905
17.512	-0.037238
17.513	-0.222396
17.514	-0.289526
17.515	-0.268909
17.516	-0.363819
17.517	-0.496364
17.518	-0.38137
17.519	-0.077434
17.52	0.083814
17.521	0.015869
17.522	-0.102781
17.523	-0.13194
17.524	-0.075275
17.525	-0.016109
17.526	-0.04946
17.527	-0.205912
17.528	-0.356618
17.529	-0.307029
17.53	-0.085222
17.531	0.040349
17.532	-0.07647
17.533	-0.263548
17.534	-0.294396
17.535	-0.235419
17.536	-0.325806
17.537	-0.505075
17.538	-0.471701
17.539	-0.234302
17.54	-0.075794
17.541	-0.084819
17.542	-0.132493
17.543	-0.120887
17.544	-0.057479
17.545	-0.006522
17.546	-0.048511
17.547	-0.21121
17.548	-0.367059
17.549	-0.324202
17.55	-0.109919
17.551	0.017423
17.552	-0.077503
17.553	-0.224481
17.554	-0.214517
17.555	-0.141769
17.556	-0.271385
17.557	-0.542789
17.558	-0.610683
17.559	-0.41973
17.56	-0.223492
17.561	-0.14113
17.562	-0.100649
17.563	-0.040805
17.564	0.025527
17.565	0.04267
17.566	-0.058204
17.567	-0.284035
17.568	-0.47962
17.569	-0.437517
17.57	-0.190644
17.571	-0.013337
17.572	-0.054776
17.573	-0.154561
17.574	-0.107017
17.575	0.004548
17.576	-0.063252
17.577	-0.257953
17.578	-0.305434
17.579	-0.200676
17.58	-0.134881
17.581	-0.133363
17.582	-0.107468
17.583	-0.033459
17.584	0.04877
17.585	0.088451
17.586	0.03565
17.587	-0.125765
17.588	-0.293472
17.589	-0.298502
17.59	-0.14304
17.591	-0.035666
17.592	-0.089244
17.593	-0.157531
17.594	-0.083926
17.595	-0.009959
17.596	-0.213389
17.597	-0.599187
17.598	-0.763875
17.599	-0.608895
17.6	-0.376053
17.601	-0.206261
17.602	-0.07565
17.603	0.032462
17.604	0.097096
17.605	0.09686
17.606	0.013056
17.607	-0.152694
17.608	-0.306363
17.609	-0.299884
17.61	-0.143854
17.611	-0.038878
17.612	-0.092242
17.613	-0.162715
17.614	-0.085388
17.615	0.05176
17.616	0.054739
17.617	0.002687
17.618	0.080283
17.619	0.175051
17.62	0.108586
17.621	-0.038939
17.622	-0.11129
17.623	-0.089588
17.624	-0.048979
17.625	-0.049378
17.626	-0.107442
17.627	-0.213055
17.628	-0.294642
17.629	-0.246351
17.63	-0.097584
17.631	-0.027448
17.632	-0.111751
17.633	-0.199999
17.634	-0.138248
17.635	-0.024727
17.636	-0.047693
17.637	-0.110792
17.638	-0.016334
17.639	0.119899
17.64	0.098266
17.641	-0.022292
17.642	-0.090918
17.643	-0.086203
17.644	-0.078591
17.645	-0.109902
17.646	-0.165153
17.647	-0.219015
17.648	-0.228447
17.649	-0.138078
17.65	0.001142
17.651	0.030811
17.652	-0.095055
17.653	-0.214396
17.654	-0.176148
17.655	-0.0779
17.656	-0.096641
17.657	-0.125019
17.658	0.028488
17.659	0.214591
17.66	0.191765
17.661	0.009322
17.662	-0.147684
17.663	-0.191954
17.664	-0.093061
17.665	0.216227
17.666	0.698005
17.667	1.036635
17.668	0.968469
17.669	0.654139
17.67	0.35641
17.671	0.087517
17.672	-0.185249
17.673	-0.346547
17.674	-0.309533
17.675	-0.231354
17.676	-0.32828
17.677	-0.473145
17.678	-0.375298
17.679	-0.113007
17.68	0.014339
17.681	-0.044656
17.682	-0.143628
17.683	-0.194085
17.684	-0.175526
17.685	-0.039791
17.686	0.222598
17.687	0.451335
17.688	0.484642
17.689	0.385698
17.69	0.263221
17.691	0.084972
17.692	-0.150146
17.693	-0.295037
17.694	-0.253603
17.695	-0.193816
17.696	-0.351039
17.697	-0.600607
17.698	-0.61047
17.699	-0.387084
17.7	-0.190488
17.701	-0.109779
17.702	-0.080392
17.703	-0.077687
17.704	-0.11526
17.705	-0.162936
17.706	-0.160233
17.707	-0.099253
17.708	-0.012517
17.709	0.084443
17.71	0.142937
17.711	0.0753
17.712	-0.095383
17.713	-0.190063
17.714	-0.086373
17.715	0.065855
17.716	0.004466
17.717	-0.233104
17.718	-0.359694
17.719	-0.297295
17.72	-0.191508
17.721	-0.110743
17.722	-0.044901
17.723	-0.029716
17.724	-0.117166
17.725	-0.289201
17.726	-0.464861
17.727	-0.583771
17.728	-0.609209
17.729	-0.499169
17.73	-0.292441
17.731	-0.124396
17.732	-0.046195
17.733	0.056058
17.734	0.261317
17.735	0.400847
17.736	0.229988
17.737	-0.149253
17.738	-0.361217
17.739	-0.278073
17.74	-0.075711
17.741	0.096957
17.742	0.182528
17.743	0.135976
17.744	-0.043366
17.745	-0.272629
17.746	-0.444245
17.747	-0.517685
17.748	-0.497466
17.749	-0.376041
17.75	-0.201036
17.751	-0.093736
17.752	-0.095035
17.753	-0.092946
17.754	0.025238
17.755	0.205232
17.756	0.315477
17.757	0.381071
17.758	0.489098
17.759	0.533272
17.76	0.38051
17.761	0.131264
17.762	-0.026961
17.763	-0.053875
17.764	-0.034975
17.765	-0.039986
17.766	-0.088435
17.767	-0.190831
17.768	-0.30117
17.769	-0.29552
17.77	-0.145085
17.771	-0.004991
17.772	0.004992
17.773	-0.023916
17.774	0.053928
17.775	0.204303
17.776	0.286125
17.777	0.316107
17.778	0.391826
17.779	0.426342
17.78	0.294829
17.781	0.08325
17.782	-0.046587
17.783	-0.069085
17.784	-0.064559
17.785	-0.085844
17.786	-0.138842
17.787	-0.233542
17.788	-0.336638
17.789	-0.336815
17.79	-0.200867
17.791	-0.065776
17.792	-0.038797
17.793	-0.033312
17.794	0.08362
17.795	0.279581
17.796	0.438665
17.797	0.583914
17.798	0.748863
17.799	0.770448
17.8	0.533075
17.801	0.191728
17.802	-0.039358
17.803	-0.119568
17.804	-0.136351
17.805	-0.147113
17.806	-0.150738
17.807	-0.165071
17.808	-0.205043
17.809	-0.210522
17.81	-0.141941
17.811	-0.079741
17.812	-0.081931
17.813	-0.059458
17.814	0.076762
17.815	0.23214
17.816	0.252359
17.817	0.20531
17.818	0.260493
17.819	0.347672
17.82	0.289034
17.821	0.114927
17.822	-0.02262
17.823	-0.081526
17.824	-0.124205
17.825	-0.180535
17.826	-0.226627
17.827	-0.266756
17.828	-0.315533
17.829	-0.316502
17.83	-0.227638
17.831	-0.127905
17.832	-0.085579
17.833	-0.029681
17.834	0.121466
17.835	0.294883
17.836	0.380758
17.837	0.449527
17.838	0.579823
17.839	0.621512
17.84	0.443823
17.841	0.169435
17.842	-0.022445
17.843	-0.104806
17.844	-0.137603
17.845	-0.116645
17.846	-0.00438
17.847	0.12134
17.848	0.133923
17.849	0.055909
17.85	-0.013524
17.851	-0.071993
17.852	-0.133511
17.853	-0.11445
17.854	0.062729
17.855	0.329486
17.856	0.55723
17.857	0.73109
17.858	0.852587
17.859	0.802736
17.86	0.530487
17.861	0.192697
17.862	-0.037316
17.863	-0.154594
17.864	-0.251504
17.865	-0.347343
17.866	-0.375182
17.867	-0.31844
17.868	-0.241323
17.869	-0.173821
17.87	-0.107403
17.871	-0.075048
17.872	-0.086936
17.873	-0.059773
17.874	0.066167
17.875	0.202999
17.876	0.25634
17.877	0.327851
17.878	0.511948
17.879	0.639215
17.88	0.531503
17.881	0.275081
17.882	0.048259
17.883	-0.108998
17.884	-0.254439
17.885	-0.381695
17.886	-0.408698
17.887	-0.321274
17.888	-0.20508
17.889	-0.116246
17.89	-0.060627
17.891	-0.068308
17.892	-0.128937
17.893	-0.113233
17.894	0.120005
17.895	0.567025
17.896	1.067826
17.897	1.420961
17.898	1.487739
17.899	1.237992
17.9	0.775998
17.901	0.306122
17.902	-0.016044
17.903	-0.202911
17.904	-0.352629
17.905	-0.481794
17.906	-0.521127
17.907	-0.458829
17.908	-0.363131
17.909	-0.262044
17.91	-0.152385
17.911	-0.083307
17.912	-0.075034
17.913	-0.039378
17.914	0.093967
17.915	0.242204
17.916	0.302549
17.917	0.361324
17.918	0.515075
17.919	0.618907
17.92	0.515875
17.921	0.285245
17.922	0.07651
17.923	-0.087173
17.924	-0.252605
17.925	-0.392673
17.926	-0.418511
17.927	-0.327434
17.928	-0.217377
17.929	-0.142386
17.93	-0.094668
17.931	-0.093354
17.932	-0.129543
17.933	-0.08696
17.934	0.149775
17.935	0.539271
17.936	0.914284
17.937	1.145405
17.938	1.180635
17.939	0.99287
17.94	0.634403
17.941	0.261931
17.942	-0.000406
17.943	-0.162389
17.944	-0.27829
17.945	-0.308199
17.946	-0.179542
17.947	0.025822
17.948	0.129465
17.949	0.094306
17.95	0.007619
17.951	-0.087439
17.952	-0.159632
17.953	-0.11642
17.954	0.078176
17.955	0.273553
17.956	0.285855
17.957	0.186586
17.958	0.183853
17.959	0.261156
17.96	0.258345
17.961	0.160476
17.962	0.049441
17.963	-0.067694
17.964	-0.227484
17.965	-0.384144
17.966	-0.429703
17.967	-0.346888
17.968	-0.23577
17.969	-0.167265
17.97	-0.138433
17.971	-0.148451
17.972	-0.163125
17.973	-0.073819
17.974	0.161438
17.975	0.379736
17.976	0.378422
17.977	0.230388
17.978	0.174433
17.979	0.225076
17.98	0.225461
17.981	0.147462
17.982	0.073586
17.983	0.031001
17.984	-0.015427
17.985	-0.079837
17.986	-0.147393
17.987	-0.229846
17.988	-0.327303
17.989	-0.346643
17.99	-0.222758
17.991	-0.069022
17.992	-0.017812
17.993	-0.023456
17.994	0.020049
17.995	0.075187
17.996	0.054133
17.997	0.057967
17.998	0.218497
17.999	0.381246
18.0	0.318441
18.001	0.094675
18.002	-0.063013
18.003	-0.085123
18.004	-0.07891
18.005	-0.137093
18.006	-0.26157
18.007	-0.430002
18.008	-0.588362
18.009	-0.602548
18.01	-0.407767
18.011	-0.152663
18.012	-0.008652
18.013	0.048791
18.014	0.122557
18.015	0.177774
18.016	0.13028
18.017	0.090251
18.018	0.208215
18.019	0.355707
18.02	0.318218
18.021	0.142088
18.022	0.01776
18.023	-0.00983
18.024	-0.044481
18.025	-0.150498
18.026	-0.289935
18.027	-0.41463
18.028	-0.48932
18.029	-0.441926
18.03	-0.257921
18.031	-0.074392
18.032	-0.009486
18.033	0.008683
18.034	0.112414
18.035	0.280246
18.036	0.389671
18.037	0.441241
18.038	0.513213
18.039	0.538629
18.04	0.402279
18.041	0.176056
18.042	0.024523
18.043	-0.031058
18.044	-0.096441
18.045	-0.216882
18.046	-0.33072
18.047	-0.392722
18.048	-0.409921
18.049	-0.351382
18.05	-0.19753
18.051	-0.049828
18.052	-0.003559
18.053	0.00597
18.054	0.073269
18.055	0.119669
18.056	0.005438
18.057	-0.161472
18.058	-0.125671
18.059	0.085834
18.06	0.212132
18.061	0.174479
18.062	0.096189
18.063	0.030932
18.064	-0.07786
18.065	-0.2388
18.066	-0.373883
18.067	-0.437716
18.068	-0.443213
18.069	-0.365284
18.07	-0.195332
18.071	-0.049451
18.072	-0.025191
18.073	-0.03274
18.074	0.079121
18.075	0.301438
18.076	0.501306
18.077	0.642557
18.078	0.76508
18.079	0.783524
18.08	0.588999
18.081	0.278321
18.082	0.041043
18.083	-0.086802
18.084	-0.203004
18.085	-0.348154
18.086	-0.459777
18.087	-0.498713
18.088	-0.481728
18.089	-0.388457
18.09	-0.214114
18.091	-0.073141
18.092	-0.054473
18.093	-0.057173
18.094	0.069312
18.095	0.285137
18.096	0.403223
18.097	0.382467
18.098	0.369856
18.099	0.397078
18.1	0.337562
18.101	0.181193
18.102	0.046459
18.103	-0.03937
18.104	-0.155625
18.105	-0.32612
18.106	-0.480876
18.107	-0.5699
18.108	-0.588166
18.109	-0.498591
18.11	-0.299019
18.111	-0.120227
18.112	-0.067071
18.113	-0.041593
18.114	0.116391
18.115	0.372143
18.116	0.52482
18.117	0.512149
18.118	0.478072
18.119	0.471868
18.12	0.382959
18.121	0.20541
18.122	0.058169
18.123	-0.033478
18.124	-0.154425
18.125	-0.325872
18.126	-0.457948
18.127	-0.483697
18.128	-0.423158
18.129	-0.300086
18.13	-0.145855
18.131	-0.062903
18.132	-0.098158
18.133	-0.112909
18.134	0.059328
18.135	0.360402
18.136	0.547087
18.137	0.518244
18.138	0.4129
18.139	0.323829
18.14	0.204911
18.141	0.075772
18.142	0.017502
18.143	-0.004755
18.144	-0.113322
18.145	-0.338112
18.146	-0.573268
18.147	-0.708805
18.148	-0.707903
18.149	-0.558858
18.15	-0.31175
18.151	-0.133066
18.152	-0.129805
18.153	-0.189544
18.154	-0.15657
18.155	-0.107908
18.156	-0.277738
18.157	-0.63305
18.158	-0.804387
18.159	-0.626995
18.16	-0.343014
18.161	-0.155937
18.162	-0.039461
18.163	0.043221
18.164	0.096467
18.165	0.22925
18.166	0.556021
18.167	0.90981
18.168	0.970579
18.169	0.732872
18.17	0.452165
18.171	0.216468
18.172	-0.025601
18.173	-0.193483
18.174	-0.157303
18.175	-0.008381
18.176	-0.007856
18.177	-0.195742
18.178	-0.321154
18.179	-0.270124
18.18	-0.184017
18.181	-0.131129
18.182	-0.050141
18.183	0.047505
18.184	0.101086
18.185	0.166766
18.186	0.330587
18.187	0.460402
18.188	0.367519
18.189	0.188603
18.19	0.172929
18.191	0.236058
18.192	0.143951
18.193	-0.076123
18.194	-0.220267
18.195	-0.268312
18.196	-0.398964
18.197	-0.601662
18.198	-0.612224
18.199	-0.397338
18.2	-0.236789
18.201	-0.221954
18.202	-0.165461
18.203	0.023405
18.204	0.251755
18.205	0.460269
18.206	0.638369
18.207	0.652864
18.208	0.413162
18.209	0.156719
18.21	0.138608
18.211	0.21653
18.212	0.126997
18.213	-0.088727
18.214	-0.203269
18.215	-0.174557
18.216	-0.16471
18.217	-0.196031
18.218	-0.118293
18.219	0.017148
18.22	-0.004462
18.221	-0.14848
18.222	-0.179632
18.223	-0.032959
18.224	0.16825
18.225	0.369856
18.226	0.59558
18.227	0.711617
18.228	0.546205
18.229	0.265832
18.23	0.165396
18.231	0.184951
18.232	0.087522
18.233	-0.105062
18.234	-0.197326
18.235	-0.190589
18.236	-0.291306
18.237	-0.506867
18.238	-0.56796
18.239	-0.405884
18.24	-0.255892
18.241	-0.200861
18.242	-0.094477
18.243	0.094547
18.244	0.22966
18.245	0.246378
18.246	0.20087
18.247	0.091867
18.248	-0.093639
18.249	-0.182266
18.25	-0.031494
18.251	0.166141
18.252	0.14903
18.253	-0.027705
18.254	-0.127774
18.255	-0.12099
18.256	-0.195832
18.257	-0.358851
18.258	-0.361401
18.259	-0.170233
18.26	-0.047268
18.261	-0.067917
18.262	-0.049566
18.263	0.07448
18.264	0.192174
18.265	0.260593
18.266	0.328291
18.267	0.321793
18.268	0.15183
18.269	-0.000504
18.27	0.066206
18.271	0.195487
18.272	0.132327
18.273	-0.069492
18.274	-0.174139
18.275	-0.155795
18.276	-0.221508
18.277	-0.40252
18.278	-0.447185
18.279	-0.282748
18.28	-0.138123
18.281	-0.100256
18.282	-0.028426
18.283	0.114753
18.284	0.219101
18.285	0.259776
18.286	0.301654
18.287	0.278122
18.288	0.101766
18.289	-0.042294
18.29	0.04745
18.291	0.20413
18.292	0.16094
18.293	-0.031211
18.294	-0.135595
18.295	-0.135852
18.296	-0.260635
18.297	-0.529953
18.298	-0.612742
18.299	-0.384317
18.3	-0.139453
18.301	-0.054948
18.302	-0.001016
18.303	0.099775
18.304	0.179823
18.305	0.254011
18.306	0.421184
18.307	0.593457
18.308	0.565957
18.309	0.40774
18.31	0.339087
18.311	0.30597
18.312	0.126433
18.313	-0.125824
18.314	-0.226652
18.315	-0.18495
18.316	-0.262699
18.317	-0.515777
18.318	-0.626962
18.319	-0.445546
18.32	-0.225205
18.321	-0.130433
18.322	-0.050774
18.323	0.071988
18.324	0.164697
18.325	0.240642
18.326	0.39344
18.327	0.53502
18.328	0.476048
18.329	0.305619
18.33	0.250596
18.331	0.248295
18.332	0.102837
18.333	-0.119654
18.334	-0.192518
18.335	-0.12107
18.336	-0.174015
18.337	-0.422621
18.338	-0.559584
18.339	-0.425148
18.34	-0.247143
18.341	-0.169563
18.342	-0.083179
18.343	0.055945
18.344	0.162616
18.345	0.245422
18.346	0.400337
18.347	0.545696
18.348	0.49138
18.349	0.315597
18.35	0.241933
18.351	0.2199
18.352	0.066262
18.353	-0.149636
18.354	-0.196374
18.355	-0.0583
18.356	0.023312
18.357	-0.044677
18.358	-0.065597
18.359	0.020928
18.36	0.024474
18.361	-0.080711
18.362	-0.11081
18.363	-0.021705
18.364	0.052693
18.365	0.064121
18.366	0.107941
18.367	0.182061
18.368	0.157596
18.369	0.074895
18.37	0.092641
18.371	0.140199
18.372	0.038771
18.373	-0.139555
18.374	-0.165427
18.375	-0.030391
18.376	0.013724
18.377	-0.126913
18.378	-0.230062
18.379	-0.187461
18.38	-0.153593
18.381	-0.168324
18.382	-0.103174
18.383	0.040217
18.384	0.119099
18.385	0.09942
18.386	0.099363
18.387	0.142554
18.388	0.114424
18.389	0.048042
18.39	0.08507
18.391	0.148563
18.392	0.065338
18.393	-0.09318
18.394	-0.115756
18.395	-0.024339
18.396	-0.091888
18.397	-0.374722
18.398	-0.539691
18.399	-0.41077
18.4	-0.219382
18.401	-0.126132
18.402	-0.038087
18.403	0.075516
18.404	0.114872
18.405	0.088839
18.406	0.157422
18.407	0.336849
18.408	0.413327
18.409	0.323193
18.41	0.238244
18.411	0.184421
18.412	0.041298
18.413	-0.130622
18.414	-0.148425
18.415	-0.055024
18.416	-0.133502
18.417	-0.442212
18.418	-0.637697
18.419	-0.517019
18.42	-0.29112
18.421	-0.134126
18.422	0.009849
18.423	0.141634
18.424	0.150113
18.425	0.041044
18.426	-0.024429
18.427	0.007762
18.428	0.017238
18.429	-0.000211
18.43	0.067804
18.431	0.146341
18.432	0.074911
18.433	-0.072702
18.434	-0.089332
18.435	-9.1e-05
18.436	-0.077205
18.437	-0.3708
18.438	-0.53273
18.439	-0.372962
18.44	-0.135276
18.441	-0.011628
18.442	0.079923
18.443	0.194578
18.444	0.263804
18.445	0.285194
18.446	0.351742
18.447	0.422661
18.448	0.332331
18.449	0.160937
18.45	0.162829
18.451	0.272681
18.452	0.2029
18.453	-0.054668
18.454	-0.235999
18.455	-0.224758
18.456	-0.194132
18.457	-0.248948
18.458	-0.208202
18.459	-0.014441
18.46	0.072628
18.461	-0.035817
18.462	-0.107699
18.463	-0.018153
18.464	0.114206
18.465	0.206121
18.466	0.31672
18.467	0.406256
18.468	0.313451
18.469	0.127053
18.47	0.117052
18.471	0.229693
18.472	0.178375
18.473	-0.050231
18.474	-0.198306
18.475	-0.156308
18.476	-0.107161
18.477	-0.164621
18.478	-0.144774
18.479	0.025622
18.48	0.100599
18.481	-0.011109
18.482	-0.090914
18.483	-0.019648
18.484	0.095195
18.485	0.191885
18.486	0.348075
18.487	0.523566
18.488	0.521616
18.489	0.368483
18.49	0.298919
18.491	0.294205
18.492	0.139898
18.493	-0.132021
18.494	-0.265943
18.495	-0.181782
18.496	-0.096798
18.497	-0.150326
18.498	-0.162391
18.499	-0.035926
18.5	0.016246
18.501	-0.087312
18.502	-0.145246
18.503	-0.056227
18.504	0.068114
18.505	0.166389
18.506	0.310059
18.507	0.45339
18.508	0.409948
18.509	0.229491
18.51	0.165447
18.511	0.199207
18.512	0.100732
18.513	-0.115602
18.514	-0.206997
18.515	-0.105033
18.516	-0.038532
18.517	-0.14505
18.518	-0.215815
18.519	-0.11423
18.52	-0.040459
18.521	-0.100197
18.522	-0.123549
18.523	-0.020765
18.524	0.103058
18.525	0.196618
18.526	0.339296
18.527	0.489696
18.528	0.453136
18.529	0.262752
18.53	0.169447
18.531	0.171648
18.532	0.057453
18.533	-0.154628
18.534	-0.222708
18.535	-0.062339
18.536	0.129003
18.537	0.202143
18.538	0.258258
18.539	0.324973
18.54	0.229641
18.541	-0.017997
18.542	-0.172462
18.543	-0.131864
18.544	-0.014393
18.545	0.121374
18.546	0.360482
18.547	0.639211
18.548	0.67747
18.549	0.444375
18.55	0.240273
18.551	0.156635
18.552	0.017954
18.553	-0.177652
18.554	-0.231702
18.555	-0.106528
18.556	-0.028808
18.557	-0.112977
18.558	-0.145094
18.559	-0.018565
18.56	0.03968
18.561	-0.067859
18.562	-0.147349
18.563	-0.097649
18.564	-0.02972
18.565	0.000785
18.566	0.114429
18.567	0.337774
18.568	0.443357
18.569	0.33523
18.57	0.219422
18.571	0.16652
18.572	0.028991
18.573	-0.174248
18.574	-0.240051
18.575	-0.125257
18.576	-0.037709
18.577	-0.069881
18.578	-0.010049
18.579	0.206753
18.58	0.291885
18.581	0.114922
18.582	-0.102908
18.583	-0.196446
18.584	-0.219557
18.585	-0.194242
18.586	0.008025
18.587	0.382944
18.588	0.625055
18.589	0.551252
18.59	0.346661
18.591	0.15028
18.592	-0.090592
18.593	-0.306199
18.594	-0.304083
18.595	-0.092969
18.596	0.049996
18.597	-0.021108
18.598	-0.084831
18.599	0.005575
18.6	0.054832
18.601	-0.042056
18.602	-0.121772
18.603	-0.105326
18.604	-0.133884
18.605	-0.344701
18.606	-0.695398
18.607	-1.028493
18.608	-1.191111
18.609	-1.058095
18.61	-0.643635
18.611	-0.211109
18.612	-0.020949
18.613	-0.016038
18.614	0.033311
18.615	0.119385
18.616	-0.068229
18.617	-0.614774
18.618	-1.041526
18.619	-0.945744
18.62	-0.549138
18.621	-0.199969
18.622	0.050763
18.623	0.208157
18.624	0.181099
18.625	-0.067916
18.626	-0.420654
18.627	-0.717167
18.628	-0.878587
18.629	-0.832002
18.63	-0.538559
18.631	-0.175436
18.632	0.018782
18.633	0.072419
18.634	0.193675
18.635	0.376612
18.636	0.289661
18.637	-0.229158
18.638	-0.741693
18.639	-0.769425
18.64	-0.442374
18.641	-0.101791
18.642	0.160145
18.643	0.313853
18.644	0.250163
18.645	-0.07945
18.646	-0.562775
18.647	-1.005286
18.648	-1.23352
18.649	-1.113258
18.65	-0.661338
18.651	-0.154615
18.652	0.103441
18.653	0.105476
18.654	0.076549
18.655	0.124092
18.656	0.085509
18.657	-0.133571
18.658	-0.263325
18.659	-0.111541
18.66	0.066983
18.661	0.066585
18.662	0.043353
18.663	0.127607
18.664	0.206433
18.665	0.139914
18.666	-0.054437
18.667	-0.293685
18.668	-0.526441
18.669	-0.604908
18.67	-0.369225
18.671	0.015003
18.672	0.198676
18.673	0.125699
18.674	0.04015
18.675	0.073864
18.676	0.058124
18.677	-0.123557
18.678	-0.221117
18.679	-0.05508
18.68	0.115169
18.681	0.087167
18.682	0.021694
18.683	0.062506
18.684	0.138619
18.685	0.176289
18.686	0.218529
18.687	0.24189
18.688	0.108915
18.689	-0.101104
18.69	-0.110924
18.691	0.062293
18.692	0.129527
18.693	0.023406
18.694	-0.045922
18.695	0.022314
18.696	0.036238
18.697	-0.135895
18.698	-0.242937
18.699	-0.08703
18.7	0.088657
18.701	0.077453
18.702	0.022823
18.703	0.059068
18.704	0.120349
18.705	0.145086
18.706	0.187182
18.707	0.228484
18.708	0.126685
18.709	-0.058821
18.71	-0.074056
18.711	0.060301
18.712	0.075451
18.713	-0.061426
18.714	-0.084699
18.715	0.18859
18.716	0.607937
18.717	0.903415
18.718	1.029868
18.719	1.023552
18.72	0.777333
18.721	0.323618
18.722	-0.048658
18.723	-0.168712
18.724	-0.130518
18.725	-0.02929
18.726	0.181813
18.727	0.452091
18.728	0.520766
18.729	0.330295
18.73	0.160224
18.731	0.115502
18.732	0.015042
18.733	-0.169522
18.734	-0.230466
18.735	-0.067912
18.736	0.136631
18.737	0.215124
18.738	0.286563
18.739	0.423227
18.74	0.403861
18.741	0.151405
18.742	-0.07901
18.743	-0.121276
18.744	-0.095834
18.745	-0.159598
18.746	-0.297103
18.747	-0.430353
18.748	-0.555151
18.749	-0.595528
18.75	-0.408727
18.751	-0.103067
18.752	0.037792
18.753	-0.020192
18.754	-0.051235
18.755	0.04105
18.756	0.049642
18.757	-0.163797
18.758	-0.327865
18.759	-0.207582
18.76	-0.025173
18.761	0.000182
18.762	-0.014325
18.763	0.045569
18.764	0.095982
18.765	0.067822
18.766	0.063562
18.767	0.148813
18.768	0.153957
18.769	0.005062
18.77	-0.070556
18.771	0.011255
18.772	0.050436
18.773	-0.020705
18.774	-0.039219
18.775	0.055223
18.776	0.055542
18.777	-0.160488
18.778	-0.314875
18.779	-0.183044
18.78	0.003389
18.781	0.028157
18.782	0.01316
18.783	0.070208
18.784	0.108398
18.785	0.054932
18.786	0.022928
18.787	0.101705
18.788	0.133164
18.789	0.024231
18.79	-0.027776
18.791	0.052897
18.792	0.078506
18.793	-0.010047
18.794	-0.050369
18.795	0.023111
18.796	0.022284
18.797	-0.158335
18.798	-0.251497
18.799	-0.06963
18.8	0.123465
18.801	0.111829
18.802	0.04447
18.803	0.05641
18.804	0.059742
18.805	-0.024345
18.806	-0.079607
18.807	-0.00116
18.808	0.063052
18.809	0.005631
18.81	-0.007222
18.811	0.080001
18.812	0.082908
18.813	-0.034749
18.814	-0.065733
18.815	0.118025
18.816	0.347925
18.817	0.407876
18.818	0.387873
18.819	0.433744
18.82	0.406643
18.821	0.214191
18.822	0.038141
18.823	-0.005594
18.824	-0.028756
18.825	-0.118501
18.826	-0.150341
18.827	-0.013264
18.828	0.125007
18.829	0.116248
18.83	0.101619
18.831	0.149716
18.832	0.10739
18.833	-0.043945
18.834	-0.104509
18.835	0.027372
18.836	0.154752
18.837	0.080278
18.838	-0.006621
18.839	0.117444
18.84	0.254473
18.841	0.193673
18.842	0.063952
18.843	0.001156
18.844	-0.054817
18.845	-0.13385
18.846	-0.068438
18.847	0.237397
18.848	0.518362
18.849	0.530108
18.85	0.414179
18.851	0.307239
18.852	0.122128
18.853	-0.120589
18.854	-0.204972
18.855	-0.015592
18.856	0.261583
18.857	0.380808
18.858	0.398833
18.859	0.448523
18.86	0.404348
18.861	0.191568
18.862	-0.004518
18.863	-0.056594
18.864	-0.040774
18.865	-0.03095
18.866	0.028314
18.867	0.141242
18.868	0.142353
18.869	0.025533
18.87	0.043485
18.871	0.215586
18.872	0.256906
18.873	0.089201
18.874	-0.035982
18.875	0.055105
18.876	0.165758
18.877	0.035102
18.878	-0.18493
18.879	-0.209821
18.88	-0.11455
18.881	-0.060354
18.882	-0.006966
18.883	0.061493
18.884	0.050057
18.885	-0.035256
18.886	0.008431
18.887	0.283574
18.888	0.518381
18.889	0.471916
18.89	0.311659
18.891	0.205757
18.892	0.069395
18.893	-0.105153
18.894	-0.13259
18.895	0.087633
18.896	0.375932
18.897	0.511799
18.898	0.560709
18.899	0.610565
18.9	0.483046
18.901	0.132187
18.902	-0.150135
18.903	-0.162699
18.904	-0.015418
18.905	0.131396
18.906	0.294526
18.907	0.483253
18.908	0.495468
18.909	0.278365
18.91	0.136466
18.911	0.193433
18.912	0.198103
18.913	0.020182
18.914	-0.161798
18.915	-0.197494
18.916	-0.228133
18.917	-0.407786
18.918	-0.511691
18.919	-0.32932
18.92	-0.117676
18.921	-0.107295
18.922	-0.130939
18.923	-0.021304
18.924	0.14059
18.925	0.241316
18.926	0.326933
18.927	0.42405
18.928	0.356017
18.929	0.104182
18.93	-0.010252
18.931	0.118872
18.932	0.208481
18.933	0.102496
18.934	-0.038157
18.935	-0.072571
18.936	-0.142532
18.937	-0.390097
18.938	-0.56365
18.939	-0.418689
18.94	-0.188163
18.941	-0.111213
18.942	-0.06214
18.943	0.0871
18.944	0.241363
18.945	0.283947
18.946	0.262449
18.947	0.243831
18.948	0.13561
18.949	-0.047916
18.95	-0.058358
18.951	0.13585
18.952	0.254317
18.953	0.166966
18.954	0.027844
18.955	-0.059769
18.956	-0.276886
18.957	-0.747283
18.958	-1.102308
18.959	-0.969506
18.96	-0.575351
18.961	-0.263762
18.962	-0.02497
18.963	0.210454
18.964	0.36678
18.965	0.395636
18.966	0.407991
18.967	0.471798
18.968	0.413472
18.969	0.179195
18.97	0.059343
18.971	0.17389
18.972	0.272087
18.973	0.195748
18.974	0.070142
18.975	0.008455
18.976	-0.127172
18.977	-0.452942
18.978	-0.683002
18.979	-0.535928
18.98	-0.233633
18.981	-0.058284
18.982	0.045671
18.983	0.172235
18.984	0.266831
18.985	0.311789
18.986	0.451889
18.987	0.736532
18.988	0.873326
18.989	0.676286
18.99	0.4274
18.991	0.346871
18.992	0.280892
18.993	0.109195
18.994	-0.047377
18.995	-0.073592
18.996	-0.077955
18.997	-0.18135
18.998	-0.201846
18.999	0.014562
19.0	0.21885
19.001	0.193046
19.002	0.074428
19.003	0.019981
19.004	0.007551
19.005	0.028994
19.006	0.232142
19.007	0.657292
19.008	0.95991
19.009	0.857783
19.01	0.563118
19.011	0.323364
19.012	0.085652
19.013	-0.176177
19.014	-0.26485
19.015	0.0647
19.016	0.86294
19.017	1.871023
19.018	2.603662
19.019	2.633524
19.02	1.921999
19.021	0.870163
19.022	-0.013398
19.023	-0.49572
19.024	-0.652706
19.025	-0.562935
19.026	-0.096404
19.027	0.772493
19.028	1.567648
19.029	1.770615
19.03	1.432664
19.031	0.844399
19.032	0.150591
19.033	-0.477452
19.034	-0.759386
19.035	-0.469927
19.036	0.394464
19.037	1.533576
19.038	2.411542
19.039	2.544325
19.04	1.858765
19.041	0.758118
19.042	-0.217838
19.043	-0.791289
19.044	-0.995102
19.045	-0.883108
19.046	-0.330192
19.047	0.653826
19.048	1.540771
19.049	1.777754
19.05	1.423013
19.051	0.794996
19.052	0.055644
19.053	-0.616858
19.054	-0.930151
19.055	-0.64154
19.056	0.260263
19.057	1.462391
19.058	2.405501
19.059	2.584949
19.06	1.911826
19.061	0.783994
19.062	-0.242552
19.063	-0.857743
19.064	-1.088914
19.065	-1.066245
19.066	-0.803165
19.067	-0.31816
19.068	0.152716
19.069	0.384676
19.07	0.412687
19.071	0.295586
19.072	0.006018
19.073	-0.357316
19.074	-0.586862
19.075	-0.643893
19.076	-0.789714
19.077	-1.187182
19.078	-1.440804
19.079	-1.147948
19.08	-0.595981
19.081	-0.247311
19.082	-0.156046
19.083	-0.192036
19.084	-0.288759
19.085	-0.426887
19.086	-0.57315
19.087	-0.676587
19.088	-0.687997
19.089	-0.540763
19.09	-0.240726
19.091	0.020923
19.092	0.045171
19.093	-0.118523
19.094	-0.237099
19.095	-0.204946
19.096	-0.23432
19.097	-0.523129
19.098	-0.782948
19.099	-0.655134
19.1	-0.324137
19.101	-0.122167
19.102	-0.078978
19.103	-0.110841
19.104	-0.181075
19.105	-0.273648
19.106	-0.368161
19.107	-0.442881
19.108	-0.468961
19.109	-0.377876
19.11	-0.154066
19.111	0.043012
19.112	0.038148
19.113	-0.115377
19.114	-0.199622
19.115	-0.145221
19.116	-0.223124
19.117	-0.66456
19.118	-1.115396
19.119	-1.091177
19.12	-0.715083
19.121	-0.3617
19.122	-0.156327
19.123	-0.088177
19.124	-0.106941
19.125	-0.110986
19.126	-0.010626
19.127	0.160462
19.128	0.236549
19.129	0.165303
19.13	0.090817
19.131	0.060404
19.132	-0.029837
19.133	-0.165028
19.134	-0.182985
19.135	-0.064613
19.136	-0.141648
19.137	-0.710154
19.138	-1.408569
19.139	-1.606239
19.14	-1.251311
19.141	-0.704776
19.142	-0.236419
19.143	0.021443
19.144	0.061729
19.145	-0.033076
19.146	-0.208743
19.147	-0.458822
19.148	-0.714735
19.149	-0.773749
19.15	-0.499787
19.151	-0.0761
19.152	0.162998
19.153	0.120805
19.154	-0.004867
19.155	-0.0555
19.156	-0.220926
19.157	-0.762533
19.158	-1.415602
19.159	-1.632705
19.16	-1.332606
19.161	-0.821077
19.162	-0.330593
19.163	0.04174
19.164	0.274393
19.165	0.352304
19.166	0.1816
19.167	-0.32211
19.168	-0.986695
19.169	-1.346575
19.17	-1.082364
19.171	-0.424527
19.172	0.111978
19.173	0.291251
19.174	0.276517
19.175	0.243656
19.176	0.006845
19.177	-0.708309
19.178	-1.598264
19.179	-1.980241
19.18	-1.652528
19.181	-0.955353
19.182	-0.262431
19.183	0.222354
19.184	0.462525
19.185	0.487396
19.186	0.246696
19.187	-0.325591
19.188	-1.04468
19.189	-1.427244
19.19	-1.145774
19.191	-0.440937
19.192	0.148735
19.193	0.364615
19.194	0.371245
19.195	0.382583
19.196	0.271934
19.197	-0.220493
19.198	-0.892661
19.199	-1.214276
19.2	-1.02255
19.201	-0.558974
19.202	-0.08785
19.203	0.232749
19.204	0.374683
19.205	0.377448
19.206	0.209143
19.207	-0.202208
19.208	-0.743434
19.209	-1.042601
19.21	-0.826474
19.211	-0.284344
19.212	0.142697
19.213	0.258819
19.214	0.235553
19.215	0.266423
19.216	0.211565
19.217	-0.185504
19.218	-0.725765
19.219	-0.922067
19.22	-0.687886
19.221	-0.306136
19.222	-0.002353
19.223	0.145614
19.224	0.172168
19.225	0.149193
19.226	0.060027
19.227	-0.182102
19.228	-0.536129
19.229	-0.734234
19.23	-0.560046
19.231	-0.167025
19.232	0.095389
19.233	0.106561
19.234	0.057254
19.235	0.117218
19.236	0.111995
19.237	-0.241042
19.238	-0.752569
19.239	-0.930281
19.24	-0.682031
19.241	-0.296292
19.242	-0.008426
19.243	0.105954
19.244	0.096316
19.245	0.044666
19.246	-0.075542
19.247	-0.373124
19.248	-0.804066
19.249	-1.052523
19.25	-0.852879
19.251	-0.36231
19.252	0.022792
19.253	0.141564
19.254	0.170632
19.255	0.266004
19.256	0.21055
19.257	-0.33255
19.258	-1.144504
19.259	-1.55448
19.26	-1.287673
19.261	-0.65158
19.262	-0.061321
19.263	0.25793
19.264	0.31761
19.265	0.228845
19.266	-0.006315
19.267	-0.479386
19.268	-1.096427
19.269	-1.452943
19.27	-1.220041
19.271	-0.571281
19.272	0.018332
19.273	0.31025
19.274	0.444754
19.275	0.573628
19.276	0.483944
19.277	-0.148937
19.278	-1.071747
19.279	-1.567125
19.28	-1.329031
19.281	-0.659167
19.282	0.004466
19.283	0.390195
19.284	0.471364
19.285	0.354826
19.286	0.060668
19.287	-0.481617
19.288	-1.160301
19.289	-1.558271
19.29	-1.336319
19.291	-0.659997
19.292	-0.008871
19.293	0.356462
19.294	0.547253
19.295	0.704942
19.296	0.655946
19.297	0.160999
19.298	-0.506242
19.299	-0.790278
19.3	-0.577656
19.301	-0.146096
19.302	0.239675
19.303	0.421426
19.304	0.38957
19.305	0.246513
19.306	0.038773
19.307	-0.283993
19.308	-0.69206
19.309	-0.945258
19.31	-0.821002
19.311	-0.426898
19.312	-0.073536
19.313	0.108928
19.314	0.265782
19.315	0.555955
19.316	0.882501
19.317	1.022107
19.318	0.987527
19.319	0.933782
19.32	0.850364
19.321	0.679145
19.322	0.450203
19.323	0.192841
19.324	-0.058138
19.325	-0.233069
19.326	-0.292045
19.327	-0.282615
19.328	-0.290103
19.329	-0.306485
19.33	-0.259715
19.331	-0.189025
19.332	-0.204254
19.333	-0.274027
19.334	-0.195701
19.335	0.213289
19.336	0.913489
19.337	1.656781
19.338	2.181112
19.339	2.300602
19.34	1.921868
19.341	1.156183
19.342	0.314229
19.343	-0.307999
19.344	-0.576568
19.345	-0.478339
19.346	-0.052495
19.347	0.519719
19.348	0.872254
19.349	0.805126
19.35	0.513639
19.351	0.212113
19.352	-0.117844
19.353	-0.474329
19.354	-0.659763
19.355	-0.424625
19.356	0.309796
19.357	1.349692
19.358	2.283005
19.359	2.664689
19.36	2.288562
19.361	1.349117
19.362	0.298785
19.363	-0.477186
19.364	-0.852876
19.365	-0.898009
19.366	-0.72536
19.367	-0.448506
19.368	-0.195358
19.369	-0.02794
19.37	0.07412
19.371	0.070825
19.372	-0.127894
19.373	-0.461141
19.374	-0.679473
19.375	-0.547229
19.376	-0.036221
19.377	0.698138
19.378	1.4432
19.379	1.912941
19.38	1.812463
19.381	1.147334
19.382	0.280944
19.383	-0.407184
19.384	-0.774487
19.385	-0.876959
19.386	-0.832055
19.387	-0.752725
19.388	-0.705997
19.389	-0.636582
19.39	-0.446454
19.391	-0.208395
19.392	-0.115629
19.393	-0.203316
19.394	-0.308073
19.395	-0.344742
19.396	-0.510255
19.397	-0.985243
19.398	-1.450106
19.399	-1.406432
19.4	-0.896311
19.401	-0.338584
19.402	0.023227
19.403	0.166225
19.404	0.131618
19.405	-0.065637
19.406	-0.496168
19.407	-1.232666
19.408	-2.087996
19.409	-2.530464
19.41	-2.138639
19.411	-1.116005
19.412	-0.092762
19.413	0.527163
19.414	0.798222
19.415	0.841798
19.416	0.407171
19.417	-0.903618
19.418	-2.790247
19.419	-4.092754
19.42	-3.905863
19.421	-2.422758
19.422	-0.541806
19.423	0.896603
19.424	1.519876
19.425	1.370914
19.426	0.582687
19.427	-0.718475
19.428	-2.125207
19.429	-2.869863
19.43	-2.416087
19.431	-1.056088
19.432	0.360077
19.433	1.221598
19.434	1.501629
19.435	1.383107
19.436	0.76777
19.437	-0.565279
19.438	-2.232536
19.439	-3.212295
19.44	-2.871411
19.441	-1.533882
19.442	0.02447
19.443	1.181215
19.444	1.693623
19.445	1.64167
19.446	1.200405
19.447	0.485673
19.448	-0.348793
19.449	-0.934349
19.45	-0.885485
19.451	-0.261661
19.452	0.44768
19.453	0.84501
19.454	0.936911
19.455	0.950215
19.456	0.999937
19.457	1.056835
19.458	1.139555
19.459	1.243743
19.46	1.215978
19.461	0.989528
19.462	0.704125
19.463	0.488058
19.464	0.382859
19.465	0.50396
19.466	1.091987
19.467	2.125708
19.468	2.95382
19.469	2.918686
19.47	2.163213
19.471	1.236053
19.472	0.421675
19.473	-0.191683
19.474	-0.481311
19.475	-0.302793
19.476	0.387211
19.477	1.419611
19.478	2.394627
19.479	2.827692
19.48	2.455701
19.481	1.474018
19.482	0.402623
19.483	-0.334399
19.484	-0.641976
19.485	-0.566057
19.486	-0.048516
19.487	0.852684
19.488	1.631083
19.489	1.785653
19.49	1.409973
19.491	0.843613
19.492	0.229381
19.493	-0.333051
19.494	-0.655883
19.495	-0.593068
19.496	-0.168281
19.497	0.461785
19.498	1.108696
19.499	1.512947
19.5	1.404989
19.501	0.818913
19.502	0.128054
19.503	-0.339996
19.504	-0.531683
19.505	-0.489591
19.506	-0.139494
19.507	0.502613
19.508	1.033388
19.509	1.07324
19.51	0.770792
19.511	0.432332
19.512	0.109467
19.513	-0.199741
19.514	-0.384992
19.515	-0.362418
19.516	-0.203963
19.517	-0.005347
19.518	0.286982
19.519	0.637389
19.52	0.754112
19.521	0.506792
19.522	0.138958
19.523	-0.101855
19.524	-0.209982
19.525	-0.256306
19.526	-0.183119
19.527	0.059209
19.528	0.271033
19.529	0.257532
19.53	0.146417
19.531	0.09291
19.532	0.025258
19.533	-0.113438
19.534	-0.18835
19.535	0.001987
19.536	0.534432
19.537	1.271501
19.538	1.898346
19.539	2.073727
19.54	1.671271
19.541	0.918282
19.542	0.217804
19.543	-0.194515
19.544	-0.356605
19.545	-0.326168
19.546	0.06177
19.547	0.923889
19.548	1.843024
19.549	2.179804
19.55	1.821651
19.551	1.106443
19.552	0.329593
19.553	-0.31248
19.554	-0.62339
19.555	-0.439928
19.556	0.287071
19.557	1.400753
19.558	2.469348
19.559	2.918721
19.56	2.439557
19.561	1.29616
19.562	0.121219
19.563	-0.629736
19.564	-0.942234
19.565	-0.947546
19.566	-0.531412
19.567	0.483598
19.568	1.762895
19.569	2.558441
19.57	2.469889
19.571	1.672306
19.572	0.569246
19.573	-0.423708
19.574	-0.966057
19.575	-0.888442
19.576	-0.2359
19.577	0.737427
19.578	1.605946
19.579	1.927515
19.58	1.53233
19.581	0.682803
19.582	-0.137712
19.583	-0.628287
19.584	-0.82447
19.585	-0.84382
19.586	-0.596297
19.587	0.019301
19.588	0.703197
19.589	1.022269
19.59	0.941964
19.591	0.639684
19.592	0.197671
19.593	-0.269258
19.594	-0.567699
19.595	-0.61187
19.596	-0.524078
19.597	-0.423105
19.598	-0.199142
19.599	0.178768
19.6	0.404001
19.601	0.280587
19.602	0.000909
19.603	-0.215575
19.604	-0.360135
19.605	-0.44508
19.606	-0.295974
19.607	0.220381
19.608	0.810349
19.609	1.056147
19.61	0.94477
19.611	0.654879
19.612	0.242739
19.613	-0.21783
19.614	-0.571427
19.615	-0.741287
19.616	-0.812961
19.617	-0.825665
19.618	-0.584884
19.619	-0.0682
19.62	0.293023
19.621	0.215471
19.622	-0.055487
19.623	-0.197513
19.624	-0.172693
19.625	-0.07299
19.626	0.128578
19.627	0.460019
19.628	0.702006
19.629	0.673993
19.63	0.549348
19.631	0.478157
19.632	0.328227
19.633	0.014326
19.634	-0.321346
19.635	-0.537312
19.636	-0.701866
19.637	-0.875826
19.638	-0.820189
19.639	-0.412794
19.64	-0.032056
19.641	0.020655
19.642	-0.077502
19.643	-0.086386
19.644	-0.006075
19.645	0.074077
19.646	0.172209
19.647	0.310116
19.648	0.336701
19.649	0.190859
19.65	0.102661
19.651	0.182055
19.652	0.213973
19.653	0.047108
19.654	-0.18479
19.655	-0.298718
19.656	-0.332683
19.657	-0.399067
19.658	-0.373439
19.659	-0.156405
19.66	0.013686
19.661	-0.028173
19.662	-0.113227
19.663	-0.081729
19.664	0.038025
19.665	0.207583
19.666	0.513041
19.667	0.950029
19.668	1.194888
19.669	1.024336
19.67	0.699657
19.671	0.481466
19.672	0.267964
19.673	-0.045339
19.674	-0.322038
19.675	-0.400007
19.676	-0.342405
19.677	-0.2871
19.678	-0.142744
19.679	0.141677
19.68	0.283156
19.681	0.117883
19.682	-0.130892
19.683	-0.235425
19.684	-0.18032
19.685	0.006108
19.686	0.39774
19.687	0.972781
19.688	1.376575
19.689	1.316232
19.69	0.982792
19.691	0.643161
19.692	0.274742
19.693	-0.149726
19.694	-0.472281
19.695	-0.574632
19.696	-0.60688
19.697	-0.760775
19.698	-0.861192
19.699	-0.670318
19.7	-0.386315
19.701	-0.280109
19.702	-0.287629
19.703	-0.255948
19.704	-0.162012
19.705	-0.020819
19.706	0.210363
19.707	0.507039
19.708	0.648774
19.709	0.520845
19.71	0.3427
19.711	0.269618
19.712	0.162378
19.713	-0.069947
19.714	-0.284959
19.715	-0.366382
19.716	-0.501801
19.717	-0.947668
19.718	-1.486935
19.719	-1.624776
19.72	-1.298443
19.721	-0.817607
19.722	-0.377998
19.723	-0.033169
19.724	0.167802
19.725	0.178539
19.726	-0.018319
19.727	-0.387033
19.728	-0.790865
19.729	-0.976167
19.73	-0.757718
19.731	-0.278602
19.732	0.097371
19.733	0.189806
19.734	0.141171
19.735	0.109274
19.736	-0.095239
19.737	-0.824243
19.738	-1.903447
19.739	-2.574431
19.74	-2.369134
19.741	-1.529312
19.742	-0.550404
19.743	0.209115
19.744	0.594539
19.745	0.611141
19.746	0.315778
19.747	-0.224792
19.748	-0.836127
19.749	-1.178596
19.75	-0.986057
19.751	-0.397883
19.752	0.149264
19.753	0.385367
19.754	0.40677
19.755	0.387289
19.756	0.192965
19.757	-0.472251
19.758	-1.427419
19.759	-1.989353
19.76	-1.787033
19.761	-1.0765
19.762	-0.285338
19.763	0.3016
19.764	0.575174
19.765	0.564283
19.766	0.333027
19.767	-0.070295
19.768	-0.533605
19.769	-0.805897
19.77	-0.667605
19.771	-0.220658
19.772	0.179711
19.773	0.325626
19.774	0.336209
19.775	0.380037
19.776	0.290655
19.777	-0.31811
19.778	-1.377457
19.779	-2.173669
19.78	-2.140284
19.781	-1.404786
19.782	-0.456801
19.783	0.282946
19.784	0.629852
19.785	0.623055
19.786	0.364355
19.787	-0.083686
19.788	-0.60407
19.789	-0.920416
19.79	-0.784285
19.791	-0.297715
19.792	0.159439
19.793	0.356964
19.794	0.408313
19.795	0.491519
19.796	0.46067
19.797	-0.043835
19.798	-0.953439
19.799	-1.626111
19.8	-1.591837
19.801	-0.992749
19.802	-0.246024
19.803	0.310798
19.804	0.540863
19.805	0.495448
19.806	0.270106
19.807	-0.096842
19.808	-0.53434
19.809	-0.800138
19.81	-0.637164
19.811	-0.137085
19.812	0.28136
19.813	0.340159
19.814	0.177392
19.815	0.105588
19.816	0.20793
19.817	0.321768
19.818	0.391208
19.819	0.492014
19.82	0.533231
19.821	0.367959
19.822	0.077623
19.823	-0.133989
19.824	-0.140811
19.825	0.104444
19.826	0.599311
19.827	1.166245
19.828	1.420671
19.829	1.196297
19.83	0.796566
19.831	0.50029
19.832	0.224136
19.833	-0.137647
19.834	-0.442208
19.835	-0.489138
19.836	-0.310747
19.837	-0.087682
19.838	0.17082
19.839	0.485371
19.84	0.615258
19.841	0.38138
19.842	-0.026336
19.843	-0.317491
19.844	-0.381807
19.845	-0.280933
19.846	-0.152001
19.847	-0.135136
19.848	-0.276493
19.849	-0.428369
19.85	-0.374236
19.851	-0.139119
19.852	0.003813
19.853	-0.090554
19.854	-0.249565
19.855	-0.253881
19.856	-0.183725
19.857	-0.297812
19.858	-0.548303
19.859	-0.612573
19.86	-0.43577
19.861	-0.244307
19.862	-0.149712
19.863	-0.111244
19.864	-0.089781
19.865	-0.09006
19.866	-0.170216
19.867	-0.421888
19.868	-0.830295
19.869	-1.135297
19.87	-1.025785
19.871	-0.543721
19.872	-0.073708
19.873	0.124763
19.874	0.161996
19.875	0.219187
19.876	0.138007
19.877	-0.445534
19.878	-1.422838
19.879	-2.082347
19.88	-1.949236
19.881	-1.248313
19.882	-0.442615
19.883	0.170179
19.884	0.482949
19.885	0.503929
19.886	0.228521
19.887	-0.389668
19.888	-1.224549
19.889	-1.814883
19.89	-1.694839
19.891	-0.932905
19.892	-0.084977
19.893	0.421173
19.894	0.632067
19.895	0.767988
19.896	0.75129
19.897	0.259935
19.898	-0.646019
19.899	-1.335091
19.9	-1.333681
19.901	-0.798382
19.902	-0.140376
19.903	0.359547
19.904	0.603105
19.905	0.626019
19.906	0.488459
19.907	0.193903
19.908	-0.228824
19.909	-0.583533
19.91	-0.612292
19.911	-0.317813
19.912	0.005449
19.913	0.142637
19.914	0.19622
19.915	0.391858
19.916	0.756116
19.917	1.118348
19.918	1.372793
19.919	1.471402
19.92	1.296415
19.921	0.854218
19.922	0.368626
19.923	0.038183
19.924	-0.101061
19.925	-0.089834
19.926	0.040961
19.927	0.229035
19.928	0.330907
19.929	0.271031
19.93	0.158451
19.931	0.084643
19.932	-0.016136
19.933	-0.171918
19.934	-0.247471
19.935	-0.135825
19.936	0.027754
19.937	0.050178
19.938	0.048282
19.939	0.228515
19.94	0.436529
19.941	0.410933
19.942	0.18964
19.943	-0.033976
19.944	-0.169471
19.945	-0.243848
19.946	-0.311178
19.947	-0.410587
19.948	-0.547551
19.949	-0.634519
19.95	-0.54164
19.951	-0.301838
19.952	-0.117637
19.953	-0.085757
19.954	-0.077285
19.955	0.028215
19.956	0.093987
19.957	-0.079585
19.958	-0.325966
19.959	-0.300723
19.96	-0.045878
19.961	0.134655
19.962	0.14386
19.963	0.076812
19.964	-0.004457
19.965	-0.102583
19.966	-0.217365
19.967	-0.336424
19.968	-0.454338
19.969	-0.520203
19.97	-0.439838
19.971	-0.237693
19.972	-0.086135
19.973	-0.070756
19.974	-0.065109
19.975	0.070424
19.976	0.253402
19.977	0.314026
19.978	0.326269
19.979	0.460911
19.98	0.604118
19.981	0.538475
19.982	0.291937
19.983	0.033555
19.984	-0.143605
19.985	-0.206733
19.986	-0.092468
19.987	0.20744
19.988	0.499237
19.989	0.56807
19.99	0.4446
19.991	0.250228
19.992	-0.008658
19.993	-0.296503
19.994	-0.414384
19.995	-0.142071
19.996	0.541811
19.997	1.402918
19.998	2.084328
19.999	2.293155
20.0	1.937952
20.001	1.186371
20.002	0.377947
20.003	-0.207203
20.004	-0.514087
20.005	-0.634923
20.006	-0.622339
20.007	-0.462408
20.008	-0.204228
20.009	0.027067
20.01	0.151494
20.011	0.13937
20.012	-0.030337
20.013	-0.280745
20.014	-0.411692
20.015	-0.296164
20.016	-0.057909
20.017	0.103771
20.018	0.238434
20.019	0.476358
20.02	0.655297
20.021	0.543679
20.022	0.211432
20.023	-0.114215
20.024	-0.330662
20.025	-0.46703
20.026	-0.546536
20.027	-0.55628
20.028	-0.514575
20.029	-0.443612
20.03	-0.320582
20.031	-0.17525
20.032	-0.122042
20.033	-0.178065
20.034	-0.183449
20.035	-0.021048
20.036	0.154346
20.037	0.088383
20.038	-0.14714
20.039	-0.230447
20.04	-0.100033
20.041	0.034329
20.042	0.067159
20.043	0.039328
20.044	-0.026604
20.045	-0.138769
20.046	-0.261767
20.047	-0.336857
20.048	-0.360446
20.049	-0.349613
20.05	-0.27896
20.051	-0.164896
20.052	-0.106012
20.053	-0.120139
20.054	-0.066638
20.055	0.145261
20.056	0.334595
20.057	0.22899
20.058	-0.090527
20.059	-0.259253
20.06	-0.169075
20.061	-0.015432
20.062	0.074469
20.063	0.104586
20.064	0.069591
20.065	-0.039815
20.066	-0.161394
20.067	-0.202151
20.068	-0.158373
20.069	-0.102996
20.07	-0.067436
20.071	-0.056099
20.072	-0.104206
20.073	-0.180677
20.074	-0.138987
20.075	0.097263
20.076	0.356527
20.077	0.41891
20.078	0.382978
20.079	0.467751
20.08	0.551958
20.081	0.395989
20.082	0.085447
20.083	-0.115443
20.084	-0.119988
20.085	-0.041043
20.086	0.006758
20.087	-0.006436
20.088	-0.078929
20.089	-0.169331
20.09	-0.172228
20.091	-0.065605
20.092	0.002417
20.093	-0.067786
20.094	-0.159127
20.095	-0.122356
20.096	-0.01628
20.097	0.025633
20.098	0.09702
20.099	0.321611
20.1	0.493895
20.101	0.371216
20.102	0.074813
20.103	-0.116554
20.104	-0.127138
20.105	-0.081441
20.106	-0.089035
20.107	-0.158196
20.108	-0.261907
20.109	-0.34458
20.11	-0.307278
20.111	-0.149514
20.112	-0.036182
20.113	-0.070938
20.114	-0.137079
20.115	-0.090385
20.116	0.001162
20.117	0.002392
20.118	0.024613
20.119	0.225884
20.12	0.425181
20.121	0.364222
20.122	0.122824
20.123	-0.047434
20.124	-0.074631
20.125	-0.073189
20.126	-0.127842
20.127	-0.210672
20.128	-0.272836
20.129	-0.279977
20.13	-0.187527
20.131	-0.031534
20.132	0.03642
20.133	-0.04939
20.134	-0.148538
20.135	-0.114733
20.136	-0.021233
20.137	-0.005917
20.138	0.038877
20.139	0.262093
20.14	0.471385
20.141	0.401324
20.142	0.131343
20.143	-0.080241
20.144	-0.132905
20.145	-0.068074
20.146	0.123601
20.147	0.444976
20.148	0.694545
20.149	0.66685
20.15	0.46788
20.151	0.287135
20.152	0.104884
20.153	-0.123074
20.154	-0.277555
20.155	-0.244629
20.156	-0.123944
20.157	-0.07262
20.158	-0.000329
20.159	0.232997
20.16	0.440785
20.161	0.371295
20.162	0.112082
20.163	-0.08711
20.164	-0.151563
20.165	-0.162597
20.166	-0.148021
20.167	-0.064696
20.168	0.045996
20.169	0.098356
20.17	0.120097
20.171	0.14518
20.172	0.084888
20.173	-0.096321
20.174	-0.247073
20.175	-0.220231
20.176	-0.091032
20.177	-0.005162
20.178	0.123662
20.179	0.41258
20.18	0.638732
20.181	0.529686
20.182	0.192505
20.183	-0.080665
20.184	-0.192064
20.185	-0.242272
20.186	-0.302998
20.187	-0.340909
20.188	-0.329545
20.189	-0.278429
20.19	-0.168951
20.191	-0.024889
20.192	0.028703
20.193	-0.05713
20.194	-0.137247
20.195	-0.087018
20.196	-0.056757
20.197	-0.302697
20.198	-0.721779
20.199	-0.90067
20.2	-0.709946
20.201	-0.399007
20.202	-0.149254
20.203	0.041067
20.204	0.158261
20.205	0.143735
20.206	0.003374
20.207	-0.187593
20.208	-0.366751
20.209	-0.470799
20.21	-0.407057
20.211	-0.188885
20.212	0.003406
20.213	0.049815
20.214	0.053919
20.215	0.146585
20.216	0.222339
20.217	0.076109
20.218	-0.194762
20.219	-0.28084
20.22	-0.154242
20.221	-0.031629
20.222	0.022152
20.223	0.085004
20.224	0.151276
20.225	0.137424
20.226	0.028893
20.227	-0.101242
20.228	-0.197845
20.229	-0.239161
20.23	-0.183541
20.231	-0.046357
20.232	0.04585
20.233	0.031539
20.234	0.03036
20.235	0.138314
20.236	0.182756
20.237	-0.104838
20.238	-0.610846
20.239	-0.884326
20.24	-0.753558
20.241	-0.44847
20.242	-0.167235
20.243	0.055808
20.244	0.202241
20.245	0.280249
20.246	0.401935
20.247	0.638406
20.248	0.814772
20.249	0.725779
20.25	0.470525
20.251	0.251264
20.252	0.075733
20.253	-0.089259
20.254	-0.138233
20.255	0.025277
20.256	0.285014
20.257	0.42711
20.258	0.44851
20.259	0.482788
20.26	0.48276
20.261	0.329171
20.262	0.097155
20.263	-0.057824
20.264	-0.107621
20.265	-0.081071
20.266	0.105563
20.267	0.538549
20.268	1.018352
20.269	1.189042
20.27	0.979721
20.271	0.585289
20.272	0.145248
20.273	-0.256088
20.274	-0.468527
20.275	-0.363078
20.276	0.044292
20.277	0.632857
20.278	1.253451
20.279	1.668031
20.28	1.592378
20.281	0.99699
20.282	0.232566
20.283	-0.284943
20.284	-0.440001
20.285	-0.398389
20.286	-0.320416
20.287	-0.234424
20.288	-0.145686
20.289	-0.083541
20.29	-0.026002
20.291	0.040834
20.292	0.020455
20.293	-0.142779
20.294	-0.305
20.295	-0.285053
20.296	-0.104798
20.297	0.095389
20.298	0.319792
20.299	0.603013
20.3	0.738639
20.301	0.521178
20.302	0.099882
20.303	-0.207229
20.304	-0.28879
20.305	-0.264407
20.306	-0.255196
20.307	-0.278725
20.308	-0.32559
20.309	-0.375263
20.31	-0.343406
20.311	-0.198925
20.312	-0.080866
20.313	-0.103448
20.314	-0.162033
20.315	-0.101172
20.316	0.023675
20.317	0.03767
20.318	-0.018613
20.319	0.047429
20.32	0.185003
20.321	0.174438
20.322	0.019362
20.323	-0.091181
20.324	-0.089916
20.325	-0.07326
20.326	-0.122847
20.327	-0.230976
20.328	-0.369303
20.329	-0.489851
20.33	-0.479708
20.331	-0.298822
20.332	-0.102867
20.333	-0.038231
20.334	-0.032912
20.335	0.042778
20.336	0.105329
20.337	-0.046715
20.338	-0.339505
20.339	-0.441481
20.34	-0.271905
20.341	-0.081442
20.342	-0.009733
20.343	0.026986
20.344	0.075726
20.345	0.070203
20.346	-0.033792
20.347	-0.202769
20.348	-0.387871
20.349	-0.522857
20.35	-0.493628
20.351	-0.280415
20.352	-0.060125
20.353	0.010536
20.354	0.003249
20.355	0.066461
20.356	0.163126
20.357	0.14647
20.358	0.082505
20.359	0.180721
20.36	0.381181
20.361	0.415613
20.362	0.241566
20.363	0.054651
20.364	-0.035357
20.365	-0.08642
20.366	-0.150906
20.367	-0.194687
20.368	-0.192213
20.369	-0.16224
20.37	-0.091257
20.371	0.01851
20.372	0.062555
20.373	-0.02296
20.374	-0.119152
20.375	-0.086922
20.376	-0.008083
20.377	-0.082588
20.378	-0.252391
20.379	-0.227539
20.38	0.014171
20.381	0.177694
20.382	0.134451
20.383	0.029213
20.384	-0.031366
20.385	-0.093303
20.386	-0.220937
20.387	-0.416937
20.388	-0.650831
20.389	-0.829836
20.39	-0.785088
20.391	-0.475693
20.392	-0.119429
20.393	0.068625
20.394	0.131397
20.395	0.19842
20.396	0.165842
20.397	-0.227465
20.398	-0.895042
20.399	-1.289056
20.4	-1.08789
20.401	-0.571474
20.402	-0.114117
20.403	0.179155
20.404	0.313758
20.405	0.284364
20.406	0.109532
20.407	-0.168844
20.408	-0.509565
20.409	-0.799728
20.41	-0.830249
20.411	-0.529897
20.412	-0.124137
20.413	0.13298
20.414	0.255474
20.415	0.39414
20.416	0.50888
20.417	0.362724
20.418	-0.0644
20.419	-0.396823
20.42	-0.360476
20.421	-0.121153
20.422	0.079439
20.423	0.19968
20.424	0.252986
20.425	0.217459
20.426	0.098842
20.427	-0.063214
20.428	-0.248683
20.429	-0.414843
20.43	-0.439064
20.431	-0.266485
20.432	-0.044258
20.433	0.069134
20.434	0.127144
20.435	0.272348
20.436	0.458767
20.437	0.461777
20.438	0.235982
20.439	0.044938
20.44	0.058614
20.441	0.138042
20.442	0.149259
20.443	0.129197
20.444	0.114197
20.445	0.069699
20.446	-0.017944
20.447	-0.117291
20.448	-0.219013
20.449	-0.317463
20.45	-0.334647
20.451	-0.218993
20.452	-0.075434
20.453	-0.017902
20.454	0.022634
20.455	0.185104
20.456	0.431084
20.457	0.560119
20.458	0.509878
20.459	0.434735
20.46	0.405243
20.461	0.324969
20.462	0.177388
20.463	0.061271
20.464	0.008095
20.465	-0.044487
20.466	-0.132613
20.467	-0.229481
20.468	-0.319156
20.469	-0.397607
20.47	-0.39802
20.471	-0.273747
20.472	-0.123705
20.473	-0.05372
20.474	0.003437
20.475	0.175114
20.476	0.41752
20.477	0.543408
20.478	0.512512
20.479	0.481294
20.48	0.491183
20.481	0.413607
20.482	0.228702
20.483	0.057381
20.484	-0.047233
20.485	-0.135011
20.486	-0.221781
20.487	-0.245524
20.488	-0.181549
20.489	-0.097318
20.49	-0.04118
20.491	-0.012928
20.492	-0.049671
20.493	-0.158362
20.494	-0.197864
20.495	0.026329
20.496	0.557286
20.497	1.216962
20.498	1.725183
20.499	1.864749
20.5	1.576994
20.501	0.989662
20.502	0.361774
20.503	-0.082645
20.504	-0.304486
20.505	-0.388982
20.506	-0.353175
20.507	-0.130568
20.508	0.215929
20.509	0.449732
20.51	0.440108
20.511	0.270871
20.512	0.04132
20.513	-0.183045
20.514	-0.27857
20.515	-0.149008
20.516	0.111484
20.517	0.292348
20.518	0.349527
20.519	0.423461
20.52	0.520381
20.521	0.472869
20.522	0.246868
20.523	-0.010903
20.524	-0.205652
20.525	-0.349206
20.526	-0.414681
20.527	-0.318991
20.528	-0.093082
20.529	0.098499
20.53	0.163717
20.531	0.126145
20.532	0.000466
20.533	-0.171732
20.534	-0.247206
20.535	-0.115213
20.536	0.115591
20.537	0.202969
20.538	0.119562
20.539	0.111632
20.54	0.254376
20.541	0.294354
20.542	0.097692
20.543	-0.149144
20.544	-0.259979
20.545	-0.241497
20.546	-0.156906
20.547	-0.036082
20.548	0.046977
20.549	0.02651
20.55	-0.005992
20.551	0.050357
20.552	0.088933
20.553	-0.029185
20.554	-0.215253
20.555	-0.245594
20.556	-0.029682
20.557	0.323713
20.558	0.686627
20.559	0.997788
20.56	1.115114
20.561	0.864138
20.562	0.342455
20.563	-0.117326
20.564	-0.326611
20.565	-0.365491
20.566	-0.377597
20.567	-0.419912
20.568	-0.499489
20.569	-0.580006
20.57	-0.535837
20.571	-0.306856
20.572	-0.066066
20.573	-0.013195
20.574	-0.09547
20.575	-0.112974
20.576	-0.016819
20.577	0.061621
20.578	0.094722
20.579	0.226547
20.58	0.428073
20.581	0.446056
20.582	0.218408
20.583	-0.038266
20.584	-0.164983
20.585	-0.198329
20.586	-0.212217
20.587	-0.21095
20.588	-0.19132
20.589	-0.166197
20.59	-0.097702
20.591	0.029108
20.592	0.09436
20.593	-0.000196
20.594	-0.14155
20.595	-0.144978
20.596	-0.034955
20.597	-0.036863
20.598	-0.208779
20.599	-0.2957
20.6	-0.162528
20.601	-0.017434
20.602	-0.013476
20.603	-0.053416
20.604	-0.046968
20.605	-0.044121
20.606	-0.125613
20.607	-0.319953
20.608	-0.606377
20.609	-0.870389
20.61	-0.896144
20.611	-0.597639
20.612	-0.193744
20.613	0.05079
20.614	0.142627
20.615	0.235105
20.616	0.271681
20.617	-0.040296
20.618	-0.736035
20.619	-1.306432
20.62	-1.301917
20.621	-0.867073
20.622	-0.353715
20.623	0.078277
20.624	0.361403
20.625	0.428042
20.626	0.245757
20.627	-0.171824
20.628	-0.746852
20.629	-1.253642
20.63	-1.355819
20.631	-0.935765
20.632	-0.295539
20.633	0.177883
20.634	0.414419
20.635	0.566232
20.636	0.63192
20.637	0.385612
20.638	-0.192484
20.639	-0.671652
20.64	-0.698075
20.641	-0.410978
20.642	-0.077539
20.643	0.210457
20.644	0.405868
20.645	0.439344
20.646	0.297313
20.647	0.042038
20.648	-0.250559
20.649	-0.497711
20.65	-0.561862
20.651	-0.375911
20.652	-0.101402
20.653	0.052684
20.654	0.110969
20.655	0.268643
20.656	0.599614
20.657	0.94635
20.658	1.135882
20.659	1.161159
20.66	1.042719
20.661	0.747549
20.662	0.359533
20.663	0.069719
20.664	-0.049947
20.665	-0.072011
20.666	-0.024796
20.667	0.160068
20.668	0.440617
20.669	0.59075
20.67	0.504505
20.671	0.315445
20.672	0.113483
20.673	-0.112454
20.674	-0.265876
20.675	-0.167417
20.676	0.215264
20.677	0.698344
20.678	1.082018
20.679	1.294003
20.68	1.266023
20.681	0.917472
20.682	0.370749
20.683	-0.088574
20.684	-0.321031
20.685	-0.39663
20.686	-0.364928
20.687	-0.155599
20.688	0.206317
20.689	0.482575
20.69	0.512401
20.691	0.374278
20.692	0.149968
20.693	-0.134737
20.694	-0.347045
20.695	-0.322354
20.696	-0.105368
20.697	0.061015
20.698	0.086339
20.699	0.162399
20.7	0.347505
20.701	0.397865
20.702	0.207159
20.703	-0.036638
20.704	-0.19757
20.705	-0.342646
20.706	-0.546038
20.707	-0.731296
20.708	-0.766695
20.709	-0.622862
20.71	-0.352162
20.711	-0.051953
20.712	0.108742
20.713	0.032855
20.714	-0.14528
20.715	-0.219633
20.716	-0.21701
20.717	-0.369952
20.718	-0.677716
20.719	-0.786836
20.72	-0.555026
20.721	-0.278076
20.722	-0.170765
20.723	-0.138861
20.724	-0.077147
20.725	0.017904
20.726	0.217764
20.727	0.670447
20.728	1.285003
20.729	1.639174
20.73	1.482598
20.731	1.006342
20.732	0.450798
20.733	-0.090564
20.734	-0.476953
20.735	-0.530263
20.736	-0.257724
20.737	0.125725
20.738	0.460516
20.739	0.733804
20.74	0.82914
20.741	0.548931
20.742	-0.006477
20.743	-0.449107
20.744	-0.533299
20.745	-0.323473
20.746	0.03806
20.747	0.483518
20.748	0.857006
20.749	0.916254
20.75	0.700264
20.751	0.493276
20.752	0.339124
20.753	0.064267
20.754	-0.311712
20.755	-0.596554
20.756	-0.779679
20.757	-1.067941
20.758	-1.428973
20.759	-1.442159
20.76	-0.969085
20.761	-0.443107
20.762	-0.177471
20.763	-0.053778
20.764	0.040438
20.765	0.013902
20.766	-0.222775
20.767	-0.606237
20.768	-0.969031
20.769	-1.122681
20.77	-0.912212
20.771	-0.383736
20.772	0.12528
20.773	0.289741
20.774	0.147749
20.775	-0.028757
20.776	-0.171338
20.777	-0.529868
20.778	-1.166804
20.779	-1.599755
20.78	-1.439046
20.781	-0.94018
20.782	-0.465303
20.783	-0.048839
20.784	0.322162
20.785	0.528614
20.786	0.452164
20.787	0.092603
20.788	-0.42895
20.789	-0.866718
20.79	-0.906733
20.791	-0.47376
20.792	0.075514
20.793	0.321293
20.794	0.241191
20.795	0.110597
20.796	0.039443
20.797	-0.184402
20.798	-0.644091
20.799	-0.958152
20.8	-0.831541
20.801	-0.505731
20.802	-0.253519
20.803	-0.031338
20.804	0.225153
20.805	0.454789
20.806	0.619948
20.807	0.734939
20.808	0.716252
20.809	0.470208
20.81	0.185117
20.811	0.139132
20.812	0.244793
20.813	0.209644
20.814	0.014383
20.815	-0.104597
20.816	-0.062059
20.817	-0.073849
20.818	-0.265319
20.819	-0.384838
20.82	-0.262791
20.821	-0.129467
20.822	-0.14062
20.823	-0.143675
20.824	-0.022862
20.825	0.172839
20.826	0.431607
20.827	0.819688
20.828	1.219028
20.829	1.307027
20.83	1.02929
20.831	0.68466
20.832	0.402798
20.833	0.063861
20.834	-0.293668
20.835	-0.430754
20.836	-0.246916
20.837	0.077825
20.838	0.361182
20.839	0.608809
20.84	0.745477
20.841	0.558909
20.842	0.108894
20.843	-0.251538
20.844	-0.323648
20.845	-0.207029
20.846	-0.034702
20.847	0.192793
20.848	0.432813
20.849	0.505882
20.85	0.393978
20.851	0.294189
20.852	0.223087
20.853	0.022016
20.854	-0.25765
20.855	-0.380804
20.856	-0.323014
20.857	-0.384914
20.858	-0.719328
20.859	-0.981534
20.86	-0.873061
20.861	-0.602225
20.862	-0.41025
20.863	-0.240726
20.864	-0.032105
20.865	0.139839
20.866	0.234536
20.867	0.326281
20.868	0.420577
20.869	0.380112
20.87	0.223847
20.871	0.160169
20.872	0.181651
20.873	0.087089
20.874	-0.110106
20.875	-0.193502
20.876	-0.137425
20.877	-0.232242
20.878	-0.618048
20.879	-0.933445
20.88	-0.858739
20.881	-0.584614
20.882	-0.353851
20.883	-0.134686
20.884	0.103378
20.885	0.258912
20.886	0.264782
20.887	0.174737
20.888	0.032331
20.889	-0.171694
20.89	-0.305839
20.891	-0.188324
20.892	0.059031
20.893	0.146739
20.894	0.054002
20.895	-0.004984
20.896	-0.005322
20.897	-0.246906
20.898	-0.842314
20.899	-1.320243
20.9	-1.247724
20.901	-0.82239
20.902	-0.390132
20.903	-0.015188
20.904	0.288244
20.905	0.424916
20.906	0.365157
20.907	0.205482
20.908	0.022302
20.909	-0.18136
20.91	-0.28942
20.911	-0.148807
20.912	0.104202
20.913	0.18479
20.914	0.087832
20.915	0.063136
20.916	0.195062
20.917	0.212238
20.918	-0.085043
20.919	-0.390203
20.92	-0.360954
20.921	-0.16055
20.922	-0.036476
20.923	0.0561
20.924	0.173121
20.925	0.223741
20.926	0.152794
20.927	0.043309
20.928	-0.040262
20.929	-0.135687
20.93	-0.182813
20.931	-0.053314
20.932	0.138179
20.933	0.148713
20.934	0.005596
20.935	-0.030589
20.936	0.11764
20.937	0.161844
20.938	-0.118207
20.939	-0.425322
20.94	-0.405987
20.941	-0.204142
20.942	-0.0638
20.943	0.039892
20.944	0.143808
20.945	0.168676
20.946	0.105676
20.947	0.090699
20.948	0.178642
20.949	0.222216
20.95	0.175311
20.951	0.181388
20.952	0.216287
20.953	0.103943
20.954	-0.104001
20.955	-0.141099
20.956	0.085931
20.957	0.319836
20.958	0.330477
20.959	0.292203
20.96	0.371519
20.961	0.340416
20.962	0.075247
20.963	-0.154792
20.964	-0.139121
20.965	0.033082
20.966	0.223617
20.967	0.432451
20.968	0.615801
20.969	0.588502
20.97	0.380232
20.971	0.280402
20.972	0.311315
20.973	0.200675
20.974	-0.094275
20.975	-0.30502
20.976	-0.277981
20.977	-0.214806
20.978	-0.308032
20.979	-0.350141
20.98	-0.165237
20.981	-0.019
20.982	-0.095476
20.983	-0.175952
20.984	-0.078264
20.985	0.102175
20.986	0.227875
20.987	0.298557
20.988	0.311666
20.989	0.191043
20.99	0.037333
20.991	0.078318
20.992	0.233335
20.993	0.196441
20.994	-0.055684
20.995	-0.234326
20.996	-0.183896
20.997	-0.115376
20.998	-0.221453
20.999	-0.274861
21.0	-0.083167
21.001	0.07277
21.002	-0.018792
21.003	-0.139461
21.004	-0.083367
21.005	0.077344
21.006	0.230352
21.007	0.406034
21.008	0.585162
21.009	0.576867
21.01	0.374119
21.011	0.247275
21.012	0.244202
21.013	0.129709
21.014	-0.126696
21.015	-0.273616
21.016	-0.190902
21.017	-0.111859
21.018	-0.23536
21.019	-0.327097
21.02	-0.17709
21.021	-0.038702
21.022	-0.106327
21.023	-0.17678
21.024	-0.077223
21.025	0.097096
21.026	0.224842
21.027	0.337649
21.028	0.431403
21.029	0.346708
21.03	0.117048
21.031	0.034605
21.032	0.126691
21.033	0.113813
21.034	-0.068748
21.035	-0.182612
21.036	-0.106231
21.037	-0.065513
21.038	-0.245739
21.039	-0.391
21.04	-0.266493
21.041	-0.109967
21.042	-0.126211
21.043	-0.146312
21.044	-0.02613
21.045	0.1417
21.046	0.272931
21.047	0.45361
21.048	0.690908
21.049	0.735522
21.05	0.508654
21.051	0.303339
21.052	0.242164
21.053	0.122805
21.054	-0.105283
21.055	-0.228488
21.056	-0.150805
21.057	-0.103479
21.058	-0.265149
21.059	-0.382054
21.06	-0.233652
21.061	-0.068933
21.062	-0.089555
21.063	-0.116921
21.064	-0.012369
21.065	0.098696
21.066	0.088138
21.067	0.047276
21.068	0.09708
21.069	0.133406
21.07	0.083236
21.071	0.103878
21.072	0.204428
21.073	0.163698
21.074	-0.043201
21.075	-0.176756
21.076	-0.125185
21.077	-0.112158
21.078	-0.310915
21.079	-0.452821
21.08	-0.293955
21.081	-0.083225
21.082	-0.056649
21.083	-0.065876
21.084	0.032913
21.085	0.149256
21.086	0.193177
21.087	0.248164
21.088	0.357297
21.089	0.354127
21.09	0.204552
21.091	0.144014
21.092	0.211128
21.093	0.16954
21.094	-0.03058
21.095	-0.163349
21.096	-0.111288
21.097	-0.08049
21.098	-0.232375
21.099	-0.308092
21.1	-0.100041
21.101	0.104211
21.102	0.068103
21.103	-0.023826
21.104	0.002565
21.105	0.053406
21.106	0.01452
21.107	-0.024228
21.108	0.042195
21.109	0.089388
21.11	0.040746
21.111	0.067163
21.112	0.186967
21.113	0.172073
21.114	-0.016392
21.115	-0.144685
21.116	-0.092241
21.117	-0.071775
21.118	-0.258844
21.119	-0.392975
21.12	-0.233194
21.121	-0.027326
21.122	-0.010026
21.123	-0.036736
21.124	0.030661
21.125	0.097211
21.126	0.065884
21.127	0.034736
21.128	0.10135
21.129	0.131077
21.13	0.049255
21.131	0.042659
21.132	0.148194
21.133	0.1484
21.134	0.009597
21.135	-0.029415
21.136	0.148081
21.137	0.288303
21.138	0.13751
21.139	-0.067643
21.14	-0.008166
21.141	0.133916
21.142	0.106963
21.143	0.025223
21.144	0.025136
21.145	0.01885
21.146	-0.081773
21.147	-0.157702
21.148	-0.085184
21.149	-0.005338
21.15	-0.039582
21.151	-0.032319
21.152	0.071121
21.153	0.083857
21.154	-0.025365
21.155	-0.036733
21.156	0.153468
21.157	0.287293
21.158	0.107235
21.159	-0.141548
21.16	-0.109708
21.161	0.049843
21.162	0.080501
21.163	0.058639
21.164	0.087462
21.165	0.072335
21.166	-0.073837
21.167	-0.239731
21.168	-0.28686
21.169	-0.283986
21.17	-0.289925
21.171	-0.182064
21.172	0.019173
21.173	0.094793
21.174	0.018856
21.175	0.023428
21.176	0.223242
21.177	0.367505
21.178	0.201704
21.179	-0.026897
21.18	0.024604
21.181	0.183203
21.182	0.178049
21.183	0.094652
21.184	0.062151
21.185	0.01623
21.186	-0.097751
21.187	-0.142764
21.188	-0.008282
21.189	0.125436
21.19	0.099267
21.191	0.060818
21.192	0.09359
21.193	0.05272
21.194	-0.06849
21.195	-0.045024
21.196	0.234678
21.197	0.523444
21.198	0.52873
21.199	0.38935
21.2	0.372512
21.201	0.365955
21.202	0.214001
21.203	0.052588
21.204	-0.003122
21.205	-0.053246
21.206	-0.189327
21.207	-0.301029
21.208	-0.261335
21.209	-0.176827
21.21	-0.160687
21.211	-0.111189
21.212	-0.007496
21.213	-0.004371
21.214	-0.090075
21.215	-0.029395
21.216	0.280816
21.217	0.573676
21.218	0.544712
21.219	0.343188
21.22	0.259306
21.221	0.190197
21.222	-0.018082
21.223	-0.193546
21.224	-0.162429
21.225	-0.018451
21.226	0.077595
21.227	0.138986
21.228	0.214758
21.229	0.183689
21.23	0.027213
21.231	-0.012253
21.232	0.111952
21.233	0.134675
21.234	-0.033222
21.235	-0.152834
21.236	-0.031111
21.237	0.188771
21.238	0.287579
21.239	0.366355
21.24	0.531461
21.241	0.523221
21.242	0.205108
21.243	-0.118078
21.244	-0.182946
21.245	-0.082203
21.246	-0.002289
21.247	0.064558
21.248	0.174106
21.249	0.189905
21.25	0.055879
21.251	-0.002381
21.252	0.085061
21.253	0.088864
21.254	-0.067152
21.255	-0.166943
21.256	-0.066813
21.257	0.044673
21.258	-0.028268
21.259	-0.066816
21.26	0.131388
21.261	0.270516
21.262	0.112184
21.263	-0.103899
21.264	-0.13005
21.265	-0.044994
21.266	-0.008294
21.267	0.016872
21.268	0.109831
21.269	0.137951
21.27	0.027159
21.271	-0.01668
21.272	0.072548
21.273	0.073618
21.274	-0.082339
21.275	-0.171324
21.276	-0.029594
21.277	0.18059
21.278	0.245397
21.279	0.290161
21.28	0.447423
21.281	0.469192
21.282	0.204076
21.283	-0.077246
21.284	-0.139678
21.285	-0.081449
21.286	-0.072455
21.287	-0.071687
21.288	0.0126
21.289	0.053544
21.29	-0.03101
21.291	-0.047076
21.292	0.067095
21.293	0.090275
21.294	-0.049824
21.295	-0.141111
21.296	-0.046074
21.297	0.042583
21.298	-0.070571
21.299	-0.152561
21.3	0.033333
21.301	0.21496
21.302	0.134702
21.303	-0.011438
21.304	-0.010944
21.305	0.03428
21.306	-0.064249
21.307	-0.296774
21.308	-0.524122
21.309	-0.681869
21.31	-0.693721
21.311	-0.44072
21.312	-0.050449
21.313	0.154218
21.314	0.097367
21.315	0.016573
21.316	0.058958
21.317	0.016014
21.318	-0.294157
21.319	-0.534239
21.32	-0.352491
21.321	-0.030426
21.322	0.067788
21.323	0.044877
21.324	0.083906
21.325	0.125442
21.326	0.077192
21.327	0.044087
21.328	0.143302
21.329	0.232996
21.33	0.189309
21.331	0.167039
21.332	0.224689
21.333	0.173024
21.334	-0.025548
21.335	-0.134243
21.336	0.011122
21.337	0.233336
21.338	0.286708
21.339	0.285454
21.34	0.401859
21.341	0.434529
21.342	0.225385
21.343	-0.009462
21.344	-0.07533
21.345	-0.05122
21.346	-0.041712
21.347	0.057983
21.348	0.331911
21.349	0.540498
21.35	0.482099
21.351	0.344974
21.352	0.276159
21.353	0.13936
21.354	-0.094114
21.355	-0.205147
21.356	-0.068545
21.357	0.089741
21.358	0.017648
21.359	-0.087889
21.36	0.035811
21.361	0.17315
21.362	0.085937
21.363	-0.063978
21.364	-0.091319
21.365	-0.057024
21.366	-0.041459
21.367	0.073799
21.368	0.37327
21.369	0.605878
21.37	0.549637
21.371	0.383891
21.372	0.273066
21.373	0.107432
21.374	-0.127527
21.375	-0.214379
21.376	-0.042915
21.377	0.133136
21.378	0.031111
21.379	-0.156334
21.38	-0.122555
21.381	-0.018573
21.382	-0.059612
21.383	-0.12268
21.384	-0.076726
21.385	-0.006137
21.386	0.012854
21.387	0.10391
21.388	0.352766
21.389	0.520486
21.39	0.412969
21.391	0.237395
21.392	0.163154
21.393	0.060581
21.394	-0.108591
21.395	-0.14174
21.396	0.059469
21.397	0.225764
21.398	0.064682
21.399	-0.215219
21.4	-0.259896
21.401	-0.168221
21.402	-0.143771
21.403	-0.105462
21.404	0.019942
21.405	0.106612
21.406	0.043036
21.407	-0.077081
21.408	-0.114323
21.409	-0.123019
21.41	-0.159174
21.411	-0.102717
21.412	0.039165
21.413	0.067598
21.414	-0.032657
21.415	-0.029244
21.416	0.183133
21.417	0.327893
21.418	0.113904
21.419	-0.228144
21.42	-0.31274
21.421	-0.219409
21.422	-0.161042
21.423	-0.084887
21.424	0.075391
21.425	0.232456
21.426	0.323992
21.427	0.436231
21.428	0.597846
21.429	0.593806
21.43	0.347194
21.431	0.163596
21.432	0.193016
21.433	0.191729
21.434	0.017519
21.435	-0.150217
21.436	-0.16509
21.437	-0.207589
21.438	-0.451405
21.439	-0.605405
21.44	-0.396307
21.441	-0.131684
21.442	-0.11634
21.443	-0.164618
21.444	-0.051672
21.445	0.136056
21.446	0.210809
21.447	0.157832
21.448	0.061255
21.449	-0.08695
21.45	-0.227477
21.451	-0.158648
21.452	0.085034
21.453	0.193096
21.454	0.055038
21.455	-0.098798
21.456	-0.077955
21.457	-0.032383
21.458	-0.154631
21.459	-0.241148
21.46	-0.07797
21.461	0.078172
21.462	0.00174
21.463	-0.102138
21.464	-0.028238
21.465	0.122111
21.466	0.164347
21.467	0.096427
21.468	0.009614
21.469	-0.111618
21.47	-0.22613
21.471	-0.145846
21.472	0.097258
21.473	0.205627
21.474	0.076153
21.475	-0.070975
21.476	-0.075345
21.477	-0.119948
21.478	-0.38052
21.479	-0.553521
21.48	-0.340256
21.481	-0.042585
21.482	0.005759
21.483	-0.044048
21.484	0.021437
21.485	0.136153
21.486	0.15476
21.487	0.101034
21.488	0.065374
21.489	0.002242
21.49	-0.086859
21.491	-0.031197
21.492	0.155912
21.493	0.211835
21.494	0.05556
21.495	-0.09204
21.496	-0.081511
21.497	-0.110799
21.498	-0.370454
21.499	-0.557665
21.5	-0.354821
21.501	-0.048991
21.502	0.013467
21.503	-0.043513
21.504	-0.011325
21.505	0.083158
21.506	0.1684
21.507	0.333907
21.508	0.623981
21.509	0.782976
21.51	0.634249
21.511	0.414467
21.512	0.308589
21.513	0.17563
21.514	-0.051866
21.515	-0.191295
21.516	-0.138697
21.517	-0.126139
21.518	-0.368094
21.519	-0.573013
21.52	-0.41251
21.521	-0.141272
21.522	-0.079088
21.523	-0.109645
21.524	-0.050691
21.525	0.054452
21.526	0.120593
21.527	0.212649
21.528	0.378749
21.529	0.441128
21.53	0.302332
21.531	0.178246
21.532	0.178453
21.533	0.12325
21.534	-0.051553
21.535	-0.145183
21.536	-0.030641
21.537	0.075946
21.538	-0.069684
21.539	-0.259171
21.54	-0.19825
21.541	-0.060485
21.542	-0.077385
21.543	-0.129364
21.544	-0.06941
21.545	0.043
21.546	0.12636
21.547	0.247171
21.548	0.443626
21.549	0.521247
21.55	0.366647
21.551	0.197427
21.552	0.150013
21.553	0.074372
21.554	-0.085382
21.555	-0.138953
21.556	0.034513
21.557	0.229558
21.558	0.196498
21.559	0.092754
21.56	0.175951
21.561	0.295241
21.562	0.238007
21.563	0.110382
21.564	0.053862
21.565	0.003562
21.566	-0.167611
21.567	-0.449856
21.568	-0.713313
21.569	-0.840018
21.57	-0.749357
21.571	-0.44224
21.572	-0.107512
21.573	0.019552
21.574	-0.04321
21.575	-0.031715
21.576	0.220204
21.577	0.530868
21.578	0.622255
21.579	0.552321
21.58	0.515163
21.581	0.439161
21.582	0.23932
21.583	0.05866
21.584	0.000587
21.585	-0.034026
21.586	-0.179061
21.587	-0.423909
21.588	-0.647153
21.589	-0.747956
21.59	-0.662937
21.591	-0.395591
21.592	-0.113788
21.593	-0.022234
21.594	-0.086043
21.595	-0.046491
21.596	0.243195
21.597	0.580361
21.598	0.673541
21.599	0.582259
21.6	0.515707
21.601	0.417159
21.602	0.204111
21.603	0.011861
21.604	-0.059139
21.605	-0.08763
21.606	-0.155998
21.607	-0.200693
21.608	-0.143166
21.609	-0.076041
21.61	-0.091778
21.611	-0.102522
21.612	-0.066905
21.613	-0.087246
21.614	-0.14885
21.615	-0.069685
21.616	0.193857
21.617	0.346279
21.618	0.122211
21.619	-0.208114
21.62	-0.243229
21.621	-0.092443
21.622	-0.020237
21.623	-0.00224
21.624	0.035851
21.625	0.024364
21.626	-0.104849
21.627	-0.277945
21.628	-0.372785
21.629	-0.385674
21.63	-0.353087
21.631	-0.249145
21.632	-0.124049
21.633	-0.10059
21.634	-0.138663
21.635	-0.039827
21.636	0.240089
21.637	0.412593
21.638	0.243226
21.639	0.024711
21.64	0.100433
21.641	0.236988
21.642	0.128189
21.643	-0.073026
21.644	-0.116001
21.645	-0.016589
21.646	0.072526
21.647	0.093915
21.648	0.057831
21.649	-0.075859
21.65	-0.25133
21.651	-0.263427
21.652	-0.095006
21.653	0.015339
21.654	-0.036778
21.655	-0.08493
21.656	-0.008019
21.657	0.02172
21.658	-0.148797
21.659	-0.245122
21.66	-0.022499
21.661	0.21328
21.662	0.155652
21.663	-0.022167
21.664	-0.067117
21.665	-0.004127
21.666	0.004364
21.667	-0.098933
21.668	-0.261738
21.669	-0.435939
21.67	-0.526763
21.671	-0.403829
21.672	-0.14135
21.673	0.005645
21.674	-0.038188
21.675	-0.075337
21.676	0.042672
21.677	0.162765
21.678	0.10358
21.679	0.048994
21.68	0.198353
21.681	0.320802
21.682	0.195093
21.683	-0.007657
21.684	-0.075479
21.685	-0.035759
21.686	0.009386
21.687	0.086397
21.688	0.233035
21.689	0.301237
21.69	0.189143
21.691	0.06732
21.692	0.05064
21.693	0.006972
21.694	-0.122296
21.695	-0.171846
21.696	-0.030317
21.697	0.127485
21.698	0.109914
21.699	0.090024
21.7	0.255711
21.701	0.372855
21.702	0.22966
21.703	0.00962
21.704	-0.074892
21.705	-0.06828
21.706	-0.109211
21.707	-0.211957
21.708	-0.302479
21.709	-0.363281
21.71	-0.370617
21.711	-0.245909
21.712	-0.050223
21.713	0.01837
21.714	-0.069913
21.715	-0.115
21.716	-0.005839
21.717	0.054757
21.718	-0.118756
21.719	-0.258961
21.72	-0.078656
21.721	0.168686
21.722	0.171579
21.723	0.040451
21.724	-0.025023
21.725	-0.031777
21.726	-0.055936
21.727	-0.062659
21.728	0.00186
21.729	0.048527
21.73	0.012639
21.731	0.001126
21.732	0.042161
21.733	-0.002323
21.734	-0.143464
21.735	-0.181367
21.736	0.000779
21.737	0.214399
21.738	0.246346
21.739	0.257043
21.74	0.43386
21.741	0.539343
21.742	0.353506
21.743	0.06106
21.744	-0.103657
21.745	-0.150464
21.746	-0.19246
21.747	-0.240923
21.748	-0.246176
21.749	-0.235223
21.75	-0.226589
21.751	-0.155561
21.752	-0.054641
21.753	-0.069389
21.754	-0.18981
21.755	-0.201126
21.756	0.012948
21.757	0.24597
21.758	0.257515
21.759	0.198123
21.76	0.288855
21.761	0.353087
21.762	0.201692
21.763	-0.009137
21.764	-0.098315
21.765	-0.11047
21.766	-0.174977
21.767	-0.314882
21.768	-0.454112
21.769	-0.527196
21.77	-0.487041
21.771	-0.316645
21.772	-0.130132
21.773	-0.095524
21.774	-0.184614
21.775	-0.167483
21.776	0.072736
21.777	0.32172
21.778	0.333156
21.779	0.261349
21.78	0.335645
21.781	0.381906
21.782	0.208157
21.783	-0.031604
21.784	-0.150353
21.785	-0.16198
21.786	-0.126558
21.787	0.007902
21.788	0.262266
21.789	0.433269
21.79	0.349601
21.791	0.149125
21.792	-0.006426
21.793	-0.15242
21.794	-0.279988
21.795	-0.235518
21.796	0.01024
21.797	0.171976
21.798	0.003695
21.799	-0.231772
21.8	-0.181646
21.801	-0.008004
21.802	0.016417
21.803	-0.039955
21.804	-0.043747
21.805	-0.040001
21.806	-0.129587
21.807	-0.304857
21.808	-0.467913
21.809	-0.550154
21.81	-0.521592
21.811	-0.375888
21.812	-0.209767
21.813	-0.161658
21.814	-0.196583
21.815	-0.117811
21.816	0.128161
21.817	0.263824
21.818	0.051163
21.819	-0.226583
21.82	-0.190098
21.821	0.009442
21.822	0.078347
21.823	0.049486
21.824	0.03902
21.825	0.009433
21.826	-0.122904
21.827	-0.332857
21.828	-0.509017
21.829	-0.581578
21.83	-0.534618
21.831	-0.37917
21.832	-0.215668
21.833	-0.170751
21.834	-0.198662
21.835	-0.104171
21.836	0.157512
21.837	0.302506
21.838	0.092203
21.839	-0.189138
21.84	-0.160371
21.841	0.035373
21.842	0.113286
21.843	0.099078
21.844	0.086416
21.845	0.024468
21.846	-0.16099
21.847	-0.423638
21.848	-0.633214
21.849	-0.708214
21.85	-0.626742
21.851	-0.398468
21.852	-0.138043
21.853	-0.022416
21.854	-0.075981
21.855	-0.126856
21.856	-0.064655
21.857	-0.046932
21.858	-0.204056
21.859	-0.255593
21.86	0.032592
21.861	0.32882
21.862	0.292317
21.863	0.08412
21.864	-0.018067
21.865	-0.001253
21.866	-0.014535
21.867	-0.140883
21.868	-0.345663
21.869	-0.542577
21.87	-0.605073
21.871	-0.439332
21.872	-0.160258
21.873	-0.021142
21.874	-0.085081
21.875	-0.144935
21.876	-0.037876
21.877	0.098936
21.878	0.087531
21.879	0.095994
21.88	0.302213
21.881	0.457891
21.882	0.330316
21.883	0.094032
21.884	-0.018225
21.885	-0.021492
21.886	-0.058567
21.887	-0.195253
21.888	-0.39529
21.889	-0.587461
21.89	-0.655335
21.891	-0.498196
21.892	-0.218308
21.893	-0.065431
21.894	-0.107226
21.895	-0.139297
21.896	0.001137
21.897	0.169266
21.898	0.167315
21.899	0.14769
21.9	0.299756
21.901	0.414329
21.902	0.290367
21.903	0.090496
21.904	0.008908
21.905	0.010147
21.906	-0.040168
21.907	-0.190164
21.908	-0.393891
21.909	-0.580008
21.91	-0.637964
21.911	-0.47811
21.912	-0.209198
21.913	-0.073213
21.914	-0.12376
21.915	-0.147722
21.916	0.021211
21.917	0.239654
21.918	0.308284
21.919	0.367874
21.92	0.573365
21.921	0.672928
21.922	0.460525
21.923	0.144179
21.924	-0.028097
21.925	-0.070508
21.926	-0.127341
21.927	-0.261662
21.928	-0.433693
21.929	-0.581352
21.93	-0.617749
21.931	-0.469307
21.932	-0.231753
21.933	-0.122938
21.934	-0.182598
21.935	-0.194133
21.936	0.002033
21.937	0.238017
21.938	0.275911
21.939	0.241092
21.94	0.337156
21.941	0.396464
21.942	0.248981
21.943	0.059388
21.944	0.003569
21.945	0.022124
21.946	-0.039369
21.947	-0.238213
21.948	-0.51564
21.949	-0.767132
21.95	-0.853806
21.951	-0.675965
21.952	-0.349487
21.953	-0.140218
21.954	-0.124664
21.955	-0.095345
21.956	0.107853
21.957	0.301055
21.958	0.219071
21.959	0.012644
21.96	0.00122
21.961	0.108925
21.962	0.114829
21.963	0.069984
21.964	0.094313
21.965	0.129144
21.966	0.041853
21.967	-0.187156
21.968	-0.452945
21.969	-0.636564
21.97	-0.646488
21.971	-0.451096
21.972	-0.185003
21.973	-0.072712
21.974	-0.139471
21.975	-0.154709
21.976	0.039691
21.977	0.245116
21.978	0.175757
21.979	-0.035601
21.98	-0.0693
21.981	0.022196
21.982	0.034495
21.983	0.003223
21.984	0.032327
21.985	0.108083
21.986	0.22552
21.987	0.484341
21.988	0.861126
21.989	1.027701
21.99	0.789664
21.991	0.43987
21.992	0.253997
21.993	0.116627
21.994	-0.092959
21.995	-0.228915
21.996	-0.165656
21.997	-0.123578
21.998	-0.402948
21.999	-0.80887
22.0	-0.890157
22.001	-0.650876
22.002	-0.386187
22.003	-0.16565
22.004	0.069278
22.005	0.280249
22.006	0.432482
22.007	0.624074
22.008	0.8903
22.009	0.980437
22.01	0.725826
22.011	0.391577
22.012	0.220401
22.013	0.0857
22.014	-0.126474
22.015	-0.259179
22.016	-0.181287
22.017	-0.114502
22.018	-0.361946
22.019	-0.734089
22.02	-0.795838
22.021	-0.566546
22.022	-0.332499
22.023	-0.137496
22.024	0.087879
22.025	0.284151
22.026	0.373666
22.027	0.422741
22.028	0.499727
22.029	0.46782
22.03	0.250071
22.031	0.073867
22.032	0.072326
22.033	0.053884
22.034	-0.097546
22.035	-0.204357
22.036	-0.120763
22.037	-0.068498
22.038	-0.354815
22.039	-0.781158
22.04	-0.882411
22.041	-0.642868
22.042	-0.345396
22.043	-0.070852
22.044	0.205375
22.045	0.394189
22.046	0.401176
22.047	0.295237
22.048	0.20121
22.049	0.093477
22.05	-0.047264
22.051	-0.070243
22.052	0.045976
22.053	0.078713
22.054	-0.059932
22.055	-0.165055
22.056	-0.081152
22.057	-0.028514
22.058	-0.30896
22.059	-0.715084
22.06	-0.783832
22.061	-0.519641
22.062	-0.225775
22.063	0.021427
22.064	0.277126
22.065	0.491015
22.066	0.591396
22.067	0.621594
22.068	0.61677
22.069	0.454448
22.07	0.138851
22.071	-0.019516
22.072	0.103449
22.073	0.201158
22.074	0.040833
22.075	-0.209614
22.076	-0.30644
22.077	-0.34038
22.078	-0.557604
22.079	-0.823638
22.08	-0.775117
22.081	-0.46252
22.082	-0.210089
22.083	-0.055307
22.084	0.152289
22.085	0.392243
22.086	0.534354
22.087	0.576194
22.088	0.56796
22.089	0.415588
22.09	0.12165
22.091	-0.021543
22.092	0.102387
22.093	0.192739
22.094	0.025822
22.095	-0.223393
22.096	-0.300968
22.097	-0.274256
22.098	-0.360225
22.099	-0.442297
22.1	-0.263663
22.101	0.022374
22.102	0.118366
22.103	0.095356
22.104	0.172728
22.105	0.337099
22.106	0.444643
22.107	0.490912
22.108	0.532718
22.109	0.46286
22.11	0.238846
22.111	0.105892
22.112	0.175952
22.113	0.189605
22.114	-0.030662
22.115	-0.291381
22.116	-0.347655
22.117	-0.289926
22.118	-0.361556
22.119	-0.461834
22.12	-0.323632
22.121	-0.065111
22.122	0.04505
22.123	0.067987
22.124	0.187699
22.125	0.367949
22.126	0.466621
22.127	0.492625
22.128	0.512228
22.129	0.42078
22.13	0.178498
22.131	0.035257
22.132	0.107597
22.133	0.138548
22.134	-0.051997
22.135	-0.277525
22.136	-0.301885
22.137	-0.227653
22.138	-0.311988
22.139	-0.454359
22.14	-0.362812
22.141	-0.12253
22.142	0.007629
22.143	0.068192
22.144	0.216843
22.145	0.411904
22.146	0.535539
22.147	0.63808
22.148	0.794533
22.149	0.827915
22.15	0.600143
22.151	0.345158
22.152	0.249798
22.153	0.138875
22.154	-0.123163
22.155	-0.352881
22.156	-0.346545
22.157	-0.240481
22.158	-0.312198
22.159	-0.466284
22.16	-0.404779
22.161	-0.195921
22.162	-0.07412
22.163	0.011967
22.164	0.203247
22.165	0.429834
22.166	0.555618
22.167	0.626087
22.168	0.722984
22.169	0.687803
22.17	0.408794
22.171	0.145176
22.172	0.090495
22.173	0.049721
22.174	-0.141147
22.175	-0.318777
22.176	-0.291064
22.177	-0.200046
22.178	-0.318749
22.179	-0.53079
22.18	-0.507087
22.181	-0.293805
22.182	-0.126399
22.183	0.024589
22.184	0.271474
22.185	0.522939
22.186	0.634057
22.187	0.654739
22.188	0.685533
22.189	0.595684
22.19	0.295151
22.191	0.045638
22.192	0.026811
22.193	0.030205
22.194	-0.116676
22.195	-0.263169
22.196	-0.231328
22.197	-0.164489
22.198	-0.314896
22.199	-0.536628
22.2	-0.491254
22.201	-0.242205
22.202	-0.046649
22.203	0.118013
22.204	0.367351
22.205	0.60226
22.206	0.652101
22.207	0.54996
22.208	0.438179
22.209	0.285303
22.21	0.046996
22.211	-0.087903
22.212	-0.024443
22.213	0.020765
22.214	-0.101854
22.215	-0.237131
22.216	-0.216288
22.217	-0.189911
22.218	-0.40656
22.219	-0.700895
22.22	-0.696643
22.221	-0.418647
22.222	-0.125333
22.223	0.156815
22.224	0.488109
22.225	0.743715
22.226	0.759163
22.227	0.594829
22.228	0.428976
22.229	0.254687
22.23	0.024146
22.231	-0.095588
22.232	-0.022293
22.233	0.031528
22.234	-0.080336
22.235	-0.210378
22.236	-0.198797
22.237	-0.192163
22.238	-0.420769
22.239	-0.702565
22.24	-0.664123
22.241	-0.352675
22.242	-0.045568
22.243	0.230123
22.244	0.541458
22.245	0.777753
22.246	0.817284
22.247	0.784482
22.248	0.851592
22.249	0.857852
22.25	0.598769
22.251	0.277702
22.252	0.129548
22.253	0.037674
22.254	-0.131237
22.255	-0.260541
22.256	-0.241388
22.257	-0.274821
22.258	-0.629681
22.259	-1.09436
22.26	-1.166756
22.261	-0.785031
22.262	-0.270193
22.263	0.220893
22.264	0.667272
22.265	0.934901
22.266	0.910738
22.267	0.735043
22.268	0.619354
22.269	0.492723
22.27	0.23035
22.271	0.015396
22.272	-0.002855
22.273	0.002216
22.274	-0.111491
22.275	-0.217682
22.276	-0.189257
22.277	-0.185406
22.278	-0.410602
22.279	-0.639165
22.28	-0.497546
22.281	-0.115755
22.282	0.147002
22.283	0.307735
22.284	0.567947
22.285	0.886572
22.286	1.084516
22.287	1.165259
22.288	1.199251
22.289	1.017748
22.29	0.537306
22.291	0.120838
22.292	0.045596
22.293	0.084894
22.294	-0.03668
22.295	-0.251145
22.296	-0.373349
22.297	-0.44328
22.298	-0.597566
22.299	-0.685331
22.3	-0.466157
22.301	-0.093086
22.302	0.148922
22.303	0.320625
22.304	0.605919
22.305	0.929615
22.306	1.095173
22.307	1.119234
22.308	1.127895
22.309	1.009081
22.31	0.627565
22.311	0.223734
22.312	0.065168
22.313	0.025745
22.314	-0.109563
22.315	-0.291046
22.316	-0.374156
22.317	-0.411403
22.318	-0.515482
22.319	-0.530126
22.32	-0.276234
22.321	0.046884
22.322	0.210206
22.323	0.347877
22.324	0.641392
22.325	0.97688
22.326	1.14707
22.327	1.20143
22.328	1.31844
22.329	1.37971
22.33	1.121875
22.331	0.65363
22.332	0.282451
22.333	0.040949
22.334	-0.185932
22.335	-0.371912
22.336	-0.468479
22.337	-0.608534
22.338	-0.882842
22.339	-1.002545
22.34	-0.690263
22.341	-0.200353
22.342	0.123618
22.343	0.364776
22.344	0.708907
22.345	1.05757
22.346	1.214316
22.347	1.231216
22.348	1.285562
22.349	1.265225
22.35	0.930232
22.351	0.424529
22.352	0.078485
22.353	-0.08122
22.354	-0.201207
22.355	-0.303775
22.356	-0.386377
22.357	-0.593331
22.358	-0.97371
22.359	-1.166259
22.36	-0.844979
22.361	-0.273511
22.362	0.154152
22.363	0.471941
22.364	0.845396
22.365	1.183093
22.366	1.308019
22.367	1.295479
22.368	1.345727
22.369	1.352592
22.37	1.045087
22.371	0.521037
22.372	0.10712
22.373	-0.12138
22.374	-0.27026
22.375	-0.361279
22.376	-0.38134
22.377	-0.404545
22.378	-0.435867
22.379	-0.262191
22.38	0.181296
22.381	0.560055
22.382	0.648939
22.383	0.666824
22.384	0.854101
22.385	1.103351
22.386	1.178254
22.387	1.102596
22.388	1.085553
22.389	1.090446
22.39	0.871191
22.391	0.445753
22.392	0.068686
22.393	-0.162544
22.394	-0.307243
22.395	-0.392443
22.396	-0.4454
22.397	-0.555614
22.398	-0.688596
22.399	-0.565173
22.4	-0.079724
22.401	0.418084
22.402	0.642808
22.403	0.753607
22.404	0.971892
22.405	1.212009
22.406	1.263271
22.407	1.136984
22.408	0.988168
22.409	0.756366
22.41	0.29018
22.411	-0.238701
22.412	-0.518924
22.413	-0.514674
22.414	-0.382896
22.415	-0.249985
22.416	-0.238398
22.417	-0.499044
22.418	-0.959926
22.419	-1.161887
22.42	-0.790889
22.421	-0.139142
22.422	0.399354
22.423	0.812782
22.424	1.194158
22.425	1.448901
22.426	1.464663
22.427	1.375715
22.428	1.411154
22.429	1.454354
22.43	1.134793
22.431	0.450327
22.432	-0.179079
22.433	-0.463033
22.434	-0.438824
22.435	-0.276741
22.436	-0.155746
22.437	-0.201143
22.438	-0.346026
22.439	-0.319079
22.44	0.017834
22.441	0.45977
22.442	0.784898
22.443	1.027055
22.444	1.272041
22.445	1.439219
22.446	1.429907
22.447	1.370151
22.448	1.455059
22.449	1.519253
22.45	1.156609
22.451	0.377361
22.452	-0.334271
22.453	-0.62433
22.454	-0.529971
22.455	-0.27887
22.456	-0.085893
22.457	-0.03193
22.458	-0.008406
22.459	0.169841
22.46	0.533894
22.461	0.908542
22.462	1.137745
22.463	1.255963
22.464	1.352747
22.465	1.394823
22.466	1.344161
22.467	1.369106
22.468	1.664648
22.469	1.987624
22.47	1.77279
22.471	0.910287
22.472	-0.059381
22.473	-0.604598
22.474	-0.64243
22.475	-0.421162
22.476	-0.239091
22.477	-0.185625
22.478	-0.057261
22.479	0.390723
22.48	1.076231
22.481	1.604619
22.482	1.707184
22.483	1.511483
22.484	1.296488
22.485	1.160525
22.486	1.068589
22.487	1.061773
22.488	1.155937
22.489	1.063863
22.49	0.433755
22.491	-0.533663
22.492	-1.163936
22.493	-1.050188
22.494	-0.394941
22.495	0.221689
22.496	0.144547
22.497	-1.104279
22.498	-3.440633
22.499	-5.898753
22.5	-7.067794
22.501	-6.144111
22.502	-3.484703
22.503	-0.267871
22.504	2.293413
22.505	3.62063
22.506	3.822673
22.507	3.21613
22.508	1.930538
22.509	0.036168
22.51	-2.000513
22.511	-3.276423
22.512	-3.128544
22.513	-1.740506
22.514	0.03292
22.515	1.299536
22.516	1.665379
22.517	1.493212
22.518	1.68291
22.519	2.834743
22.52	4.458433
22.521	5.310291
22.522	4.692311
22.523	3.138504
22.524	1.702527
22.525	0.960538
22.526	0.897373
22.527	1.344701
22.528	2.13406
22.529	2.9583
22.53	3.469493
22.531	3.525191
22.532	3.065317
22.533	1.972967
22.534	0.494029
22.535	-0.480742
22.536	0.002132
22.537	2.058149
22.538	4.659404
22.539	6.34855
22.54	6.132967
22.541	3.711909
22.542	-0.239154
22.543	-4.048333
22.544	-6.316173
22.545	-6.921325
22.546	-6.398152
22.547	-5.02896
22.548	-2.81697
22.549	-0.063925
22.55	2.251359
22.551	3.192138
22.552	2.952637
22.553	2.543841
22.554	2.63111
22.555	3.252894
22.556	4.139581
22.557	4.675416
22.558	4.159334
22.559	2.542252
22.56	0.262646
22.561	-2.362089
22.562	-4.873253
22.563	-6.640668
22.564	-7.581971
22.565	-8.125241
22.566	-8.464677
22.567	-8.320715
22.568	-7.208309
22.569	-4.891549
22.57	-1.806723
22.571	1.106959
22.572	2.93175
22.573	3.02317
22.574	1.428866
22.575	-0.724968
22.576	-1.8829
22.577	-1.304617
22.578	0.353358
22.579	1.711408
22.58	1.732779
22.581	0.139446
22.582	-2.445754
22.583	-4.89818
22.584	-6.641899
22.585	-7.758653
22.586	-8.201823
22.587	-7.613782
22.588	-5.760287
22.589	-2.926076
22.59	0.000376
22.591	2.016663
22.592	2.611148
22.593	1.753276
22.594	-0.159536
22.595	-2.186309
22.596	-3.246064
22.597	-2.78604
22.598	-1.125515
22.599	0.771944
22.6	1.817685
22.601	1.257909
22.602	-0.7157
22.603	-3.061965
22.604	-5.007051
22.605	-6.373513
22.606	-6.940292
22.607	-6.304175
22.608	-4.302541
22.609	-1.361697
22.61	1.482242
22.611	3.148937
22.612	3.182466
22.613	1.745004
22.614	-0.469372
22.615	-2.178439
22.616	-2.143059
22.617	-0.214891
22.618	2.356059
22.619	3.930077
22.62	3.651824
22.621	1.594381
22.622	-1.405298
22.623	-4.187048
22.624	-6.175928
22.625	-7.392789
22.626	-7.716414
22.627	-6.826018
22.628	-4.709965
22.629	-1.978041
22.63	0.32626
22.631	1.565604
22.632	2.241455
22.633	3.402595
22.634	5.379729
22.635	7.44436
22.636	8.533818
22.637	8.115323
22.638	6.402373
22.639	3.87217
22.64	0.951396
22.641	-1.701723
22.642	-3.430693
22.643	-4.392709
22.644	-5.322816
22.645	-6.522067
22.646	-7.616777
22.647	-8.011135
22.648	-7.194834
22.649	-4.905909
22.65	-1.614554
22.651	1.310778
22.652	2.700177
22.653	2.540191
22.654	1.256909
22.655	-1.017333
22.656	-3.714099
22.657	-5.308675
22.658	-4.542221
22.659	-2.056437
22.66	-0.103657
22.661	-0.381657
22.662	-2.594422
22.663	-5.291335
22.664	-7.455014
22.665	-8.772559
22.666	-9.083454
22.667	-8.450388
22.668	-7.545013
22.669	-7.302677
22.67	-8.012553
22.671	-9.018245
22.672	-9.421525
22.673	-8.932709
22.674	-8.039734
22.675	-7.528556
22.676	-7.921605
22.677	-9.137471
22.678	-10.433054
22.679	-10.795566
22.68	-9.619058
22.681	-7.058578
22.682	-3.735563
22.683	-0.169147
22.684	3.202808
22.685	5.321174
22.686	4.719816
22.687	1.21456
22.688	-3.383775
22.689	-6.868396
22.69	-8.14903
22.691	-7.078434
22.692	-4.128256
22.693	-0.446756
22.694	2.715963
22.695	4.66726
22.696	5.189975
22.697	4.245079
22.698	1.939076
22.699	-1.199978
22.7	-3.992771
22.701	-5.348299
22.702	-5.429601
22.703	-5.393198
22.704	-6.027022
22.705	-7.115581
22.706	-7.915752
22.707	-7.90965
22.708	-7.035534
22.709	-5.268553
22.71	-2.375666
22.711	1.475553
22.712	5.329612
22.713	8.318191
22.714	10.387471
22.715	11.741583
22.716	12.221218
22.717	11.478841
22.718	9.304591
22.719	5.732015
22.72	1.34027
22.721	-2.562887
22.722	-4.790048
22.723	-5.157229
22.724	-3.952076
22.725	-1.493359
22.726	1.092905
22.727	2.137207
22.728	1.16565
22.729	-0.626288
22.73	-1.497084
22.731	-0.284753
22.732	2.83271
22.733	6.49609
22.734	9.395828
22.735	10.996933
22.736	11.193186
22.737	9.980075
22.738	7.44153
22.739	3.738273
22.74	-0.596452
22.741	-4.380723
22.742	-6.633006
22.743	-7.612725
22.744	-8.239005
22.745	-8.853491
22.746	-9.085365
22.747	-8.51639
22.748	-7.050462
22.749	-4.672793
22.75	-1.296601
22.751	2.708573
22.752	6.303189
22.753	8.704481
22.754	10.016142
22.755	10.599846
22.756	10.462904
22.757	9.460744
22.758	7.608841
22.759	4.97512
22.76	1.654462
22.761	-1.794308
22.762	-4.299902
22.763	-4.916367
22.764	-3.453035
22.765	-1.094863
22.766	-0.114839
22.767	-1.729329
22.768	-4.553602
22.769	-5.936655
22.77	-4.311782
22.771	-0.173516
22.772	4.575188
22.773	8.269867
22.774	10.556969
22.775	11.812493
22.776	12.175047
22.777	11.440517
22.778	9.36325
22.779	5.867614
22.78	1.54663
22.781	-1.816573
22.782	-2.180039
22.783	0.605162
22.784	4.336045
22.785	6.719928
22.786	7.263477
22.787	6.531206
22.788	4.613483
22.789	1.286377
22.79	-2.552705
22.791	-4.862662
22.792	-4.504073
22.793	-2.366607
22.794	-0.106989
22.795	1.346755
22.796	1.952024
22.797	2.045552
22.798	2.055402
22.799	2.462569
22.8	3.659229
22.801	5.558062
22.802	7.423925
22.803	8.419729
22.804	8.31642
22.805	7.556486
22.806	6.795399
22.807	6.403204
22.808	6.134512
22.809	5.151102
22.81	2.6935
22.811	-0.916322
22.812	-4.276311
22.813	-6.177654
22.814	-6.485746
22.815	-5.807854
22.816	-4.761199
22.817	-3.514848
22.818	-1.767084
22.819	0.792547
22.82	3.868585
22.821	6.57067
22.822	8.162942
22.823	8.595723
22.824	8.296363
22.825	7.709976
22.826	7.127441
22.827	6.786684
22.828	6.728513
22.829	6.341276
22.83	4.631022
22.831	1.400294
22.832	-2.356077
22.833	-5.392958
22.834	-7.063575
22.835	-7.41786
22.836	-6.922183
22.837	-5.988369
22.838	-4.514446
22.839	-2.042923
22.84	1.261229
22.841	4.252053
22.842	5.949094
22.843	6.421171
22.844	6.267896
22.845	5.87131
22.846	5.349245
22.847	4.889791
22.848	4.713187
22.849	4.508365
22.85	3.381786
22.851	0.90273
22.852	-2.230172
22.853	-4.904712
22.854	-6.462092
22.855	-6.842178
22.856	-6.35494
22.857	-5.303844
22.858	-3.625435
22.859	-1.079876
22.86	1.939849
22.861	4.301363
22.862	5.29738
22.863	5.316472
22.864	5.095413
22.865	4.875602
22.866	4.432529
22.867	3.557552
22.868	2.24847
22.869	0.54001
22.87	-1.48165
22.871	-3.455924
22.872	-4.894572
22.873	-5.57417
22.874	-5.579626
22.875	-5.148112
22.876	-4.665501
22.877	-4.555374
22.878	-4.730725
22.879	-4.25271
22.88	-2.271626
22.881	0.747236
22.882	3.488588
22.883	5.17446
22.884	5.890254
22.885	5.944841
22.886	5.506417
22.887	4.74849
22.888	3.786359
22.889	2.370673
22.89	0.225091
22.891	-2.228306
22.892	-4.093636
22.893	-4.873821
22.894	-4.690236
22.895	-3.972555
22.896	-3.284182
22.897	-3.145891
22.898	-3.525411
22.899	-3.516816
22.9	-2.169613
22.901	0.327949
22.902	2.887818
22.903	4.691824
22.904	5.603502
22.905	5.765543
22.906	5.357151
22.907	4.711802
22.908	4.145042
22.909	3.427821
22.91	1.939115
22.911	-0.346819
22.912	-2.591003
22.913	-3.958271
22.914	-4.230003
22.915	-3.678536
22.916	-2.754097
22.917	-1.761172
22.918	-0.625412
22.919	0.911375
22.92	2.743602
22.921	4.225208
22.922	4.764411
22.923	4.497968
22.924	4.070859
22.925	3.821386
22.926	3.621555
22.927	3.428535
22.928	3.411148
22.929	3.364087
22.93	2.557545
22.931	0.688749
22.932	-1.518314
22.933	-3.091296
22.934	-3.649644
22.935	-3.424106
22.936	-2.928824
22.937	-2.520639
22.938	-1.983274
22.939	-0.715186
22.94	1.338498
22.941	3.245673
22.942	4.047008
22.943	3.821376
22.944	3.334835
22.945	2.974514
22.946	2.580254
22.947	2.128931
22.948	2.062998
22.949	2.892191
22.95	4.641219
22.951	6.641577
22.952	7.685373
22.953	6.624327
22.954	3.427428
22.955	-0.4647
22.956	-3.355385
22.957	-4.531082
22.958	-4.007152
22.959	-1.995604
22.96	0.587837
22.961	2.074784
22.962	1.592434
22.963	0.025226
22.964	-1.188527
22.965	-1.575408
22.966	-1.585982
22.967	-1.66693
22.968	-1.853329
22.969	-2.074333
22.97	-2.449745
22.971	-3.067956
22.972	-3.701003
22.973	-4.014944
22.974	-3.900491
22.975	-3.475422
22.976	-2.831229
22.977	-1.763186
22.978	0.074654
22.979	2.454801
22.98	4.30243
22.981	4.584771
22.982	3.294255
22.983	1.415705
22.984	0.025327
22.985	-0.586667
22.986	-0.775881
22.987	-0.681304
22.988	0.089151
22.989	1.738626
22.99	3.401951
22.991	3.64885
22.992	2.042541
22.993	-0.433289
22.994	-2.427271
22.995	-3.161685
22.996	-2.451522
22.997	-0.399442
22.998	2.366572
22.999	4.461892
23.0	4.665348
23.001	2.966501
23.002	0.311921
23.003	-2.116745
23.004	-3.472856
23.005	-3.770202
23.006	-3.597778
23.007	-3.162223
23.008	-1.934208
23.009	0.587235
23.01	3.695586
23.011	5.523266
23.012	4.780801
23.013	2.048674
23.014	-1.001219
23.015	-3.179777
23.016	-4.219176
23.017	-4.027276
23.018	-2.313341
23.019	0.598531
23.02	3.190065
23.021	3.813833
23.022	2.265272
23.023	-0.09766
23.024	-1.765041
23.025	-2.312153
23.026	-2.241336
23.027	-2.130117
23.028	-2.259253
23.029	-2.762267
23.03	-3.649186
23.031	-4.551095
23.032	-4.835364
23.033	-4.221643
23.034	-3.053749
23.035	-2.004598
23.036	-1.774748
23.037	-2.858402
23.038	-5.031746
23.039	-6.934667
23.04	-6.888427
23.041	-4.5746
23.042	-1.327797
23.043	1.3013
23.044	2.64586
23.045	2.850404
23.046	2.456524
23.047	2.128462
23.048	2.346775
23.049	3.037735
23.05	3.540067
23.051	3.115335
23.052	1.603365
23.053	-0.356259
23.054	-1.799788
23.055	-2.131138
23.056	-1.252362
23.057	0.720602
23.058	3.332587
23.059	5.501432
23.06	6.114944
23.061	4.907417
23.062	2.435947
23.063	-0.303837
23.064	-2.315148
23.065	-3.253139
23.066	-3.401393
23.067	-2.895062
23.068	-1.368307
23.069	1.424859
23.07	4.736516
23.071	7.058561
23.072	7.271691
23.073	5.230539
23.074	1.75964
23.075	-1.59828
23.076	-3.309703
23.077	-2.526552
23.078	0.47938
23.079	4.056834
23.08	5.928524
23.081	4.76521
23.082	1.125307
23.083	-3.000563
23.084	-5.782538
23.085	-6.801373
23.086	-6.640407
23.087	-5.708426
23.088	-3.827127
23.089	-0.886116
23.09	2.226691
23.091	3.848543
23.092	3.102724
23.093	0.755643
23.094	-1.760936
23.095	-3.668228
23.096	-5.006082
23.097	-5.848131
23.098	-5.625363
23.099	-3.600565
23.1	-0.306707
23.101	2.235361
23.102	2.458126
23.103	0.755205
23.104	-1.346962
23.105	-2.762029
23.106	-3.223521
23.107	-2.720073
23.108	-1.202976
23.109	0.961997
23.11	2.613759
23.111	2.642289
23.112	1.142122
23.113	-0.865858
23.114	-2.47185
23.115	-3.367976
23.116	-3.805685
23.117	-4.23955
23.118	-4.711408
23.119	-4.542745
23.12	-3.137005
23.121	-1.004844
23.122	0.665233
23.123	1.216855
23.124	0.863385
23.125	0.172819
23.126	-0.476064
23.127	-1.137128
23.128	-2.194584
23.129	-3.818042
23.13	-5.434464
23.131	-6.088358
23.132	-5.366443
23.133	-3.712614
23.134	-1.926589
23.135	-0.563813
23.136	0.151057
23.137	0.020557
23.138	-1.185207
23.139	-3.347891
23.14	-5.685038
23.141	-6.914278
23.142	-5.923552
23.143	-2.769275
23.144	1.029976
23.145	3.715939
23.146	4.602299
23.147	3.882794
23.148	1.820642
23.149	-1.135042
23.15	-3.818899
23.151	-4.86841
23.152	-3.866484
23.153	-1.621131
23.154	0.606936
23.155	2.039942
23.156	2.580456
23.157	2.279516
23.158	1.022394
23.159	-0.947179
23.16	-2.485483
23.161	-2.385685
23.162	-0.699337
23.163	1.43936
23.164	2.956397
23.165	3.504193
23.166	3.359697
23.167	2.785238
23.168	1.564015
23.169	-0.556393
23.17	-2.970337
23.171	-4.309606
23.172	-3.771846
23.173	-1.95391
23.174	-0.10567
23.175	1.043216
23.176	1.476931
23.177	1.297708
23.178	0.408466
23.179	-0.978233
23.18	-1.856906
23.181	-1.306387
23.182	0.317349
23.183	1.827225
23.184	2.448275
23.185	2.291553
23.186	2.041366
23.187	2.244153
23.188	2.648668
23.189	2.344815
23.19	0.930155
23.191	-0.76306
23.192	-1.637144
23.193	-1.523262
23.194	-0.988101
23.195	-0.508683
23.196	-0.219474
23.197	-0.19202
23.198	-0.542686
23.199	-1.038208
23.2	-0.929078
23.201	0.184045
23.202	1.612699
23.203	2.312551
23.204	1.959109
23.205	1.064294
23.206	0.399748
23.207	0.303215
23.208	0.347095
23.209	-0.213653
23.21	-1.47254
23.211	-2.568426
23.212	-2.663849
23.213	-1.893451
23.214	-0.995516
23.215	-0.405361
23.216	-0.081769
23.217	0.029705
23.218	-0.273983
23.219	-1.141666
23.22	-2.143383
23.221	-2.366084
23.222	-1.361319
23.223	0.211312
23.224	1.261892
23.225	1.395591
23.226	1.03186
23.227	0.540841
23.228	-0.314309
23.229	-1.777701
23.23	-3.26071
23.231	-3.71989
23.232	-2.774623
23.233	-1.053718
23.234	0.478012
23.235	1.355505
23.236	1.704644
23.237	1.60929
23.238	0.688133
23.239	-1.409149
23.24	-4.063087
23.241	-5.769594
23.242	-5.398036
23.243	-3.117233
23.244	-0.230937
23.245	1.844647
23.246	2.533651
23.247	1.914857
23.248	0.13415
23.249	-2.261942
23.25	-3.975322
23.251	-3.861443
23.252	-1.987341
23.253	0.511816
23.254	2.428696
23.255	3.339306
23.256	3.544444
23.257	3.28892
23.258	2.283345
23.259	0.180511
23.26	-2.488501
23.261	-4.311801
23.262	-4.167728
23.263	-2.19364
23.264	0.370286
23.265	2.265182
23.266	3.08681
23.267	2.938217
23.268	1.741136
23.269	-0.369413
23.27	-2.342556
23.271	-2.848511
23.272	-1.572148
23.273	0.5666
23.274	2.343344
23.275	3.2099
23.276	3.357017
23.277	2.985355
23.278	1.818507
23.279	-0.447943
23.28	-3.235868
23.281	-5.117435
23.282	-4.975058
23.283	-2.898904
23.284	-0.083564
23.285	2.117874
23.286	3.124558
23.287	2.960115
23.288	1.627374
23.289	-0.571884
23.29	-2.490731
23.291	-2.860724
23.292	-1.482619
23.293	0.689989
23.294	2.478723
23.295	3.373355
23.296	3.552738
23.297	3.18925
23.298	2.012296
23.299	-0.217816
23.3	-2.785946
23.301	-4.145366
23.302	-3.37946
23.303	-1.120551
23.304	1.161681
23.305	2.462279
23.306	2.71883
23.307	2.157521
23.308	0.695379
23.309	-1.499685
23.31	-3.34324
23.311	-3.581598
23.312	-2.035802
23.313	0.307838
23.314	2.247992
23.315	3.265185
23.316	3.529834
23.317	3.204035
23.318	2.014019
23.319	-0.280485
23.32	-3.056901
23.321	-5.003172
23.322	-5.142355
23.323	-3.340461
23.324	-0.387395
23.325	2.226281
23.326	3.222777
23.327	2.23064
23.328	-0.149303
23.329	-2.475816
23.33	-3.304021
23.331	-2.244964
23.332	0.083985
23.333	2.667564
23.334	4.574295
23.335	5.475344
23.336	5.623323
23.337	5.166406
23.338	3.75988
23.339	1.101704
23.34	-2.138353
23.341	-4.362347
23.342	-4.294798
23.343	-2.063659
23.344	0.945904
23.345	3.329537
23.346	4.722963
23.347	5.477368
23.348	5.537692
23.349	4.280489
23.35	1.775514
23.351	-0.542691
23.352	-1.232261
23.353	-0.323869
23.354	1.057844
23.355	1.985275
23.356	2.286166
23.357	2.270781
23.358	2.376545
23.359	2.997262
23.36	4.206922
23.361	5.437851
23.362	5.740993
23.363	4.661109
23.364	2.712396
23.365	0.913525
23.366	0.118571
23.367	0.774454
23.368	2.797376
23.369	5.358109
23.37	7.077965
23.371	6.852513
23.372	4.656178
23.373	1.559065
23.374	-1.104058
23.375	-2.568036
23.376	-2.686158
23.377	-1.4373
23.378	1.245354
23.379	4.894114
23.38	8.015275
23.381	8.82735
23.382	6.675963
23.383	2.622576
23.384	-1.368519
23.385	-3.877896
23.386	-4.6289
23.387	-3.907208
23.388	-1.951068
23.389	0.977549
23.39	4.168421
23.391	6.324383
23.392	6.173884
23.393	3.576142
23.394	-0.15179
23.395	-3.276496
23.396	-4.711262
23.397	-4.038774
23.398	-1.2704
23.399	2.777304
23.4	6.215125
23.401	7.060685
23.402	4.753518
23.403	0.591683
23.404	-3.326947
23.405	-5.64141
23.406	-6.177067
23.407	-5.141559
23.408	-2.498477
23.409	1.545397
23.41	5.650218
23.411	7.732184
23.412	6.692205
23.413	3.323247
23.414	-0.586977
23.415	-3.583502
23.416	-4.986964
23.417	-4.544277
23.418	-2.165339
23.419	1.667076
23.42	5.347
23.421	6.721425
23.422	4.823366
23.423	0.852223
23.424	-2.94253
23.425	-5.127998
23.426	-5.576047
23.427	-4.604765
23.428	-2.362021
23.429	0.723279
23.43	3.358225
23.431	4.153834
23.432	2.948936
23.433	0.719094
23.434	-1.472723
23.435	-3.036718
23.436	-3.905156
23.437	-4.415415
23.438	-4.877898
23.439	-4.9655
23.44	-3.952638
23.441	-1.958912
23.442	-0.238934
23.443	0.215122
23.444	-0.36689
23.445	-1.147944
23.446	-1.594195
23.447	-1.693651
23.448	-1.769608
23.449	-2.2009
23.45	-2.968957
23.451	-3.460435
23.452	-3.12041
23.453	-2.179816
23.454	-1.317039
23.455	-0.84736
23.456	-0.646718
23.457	-0.664057
23.458	-1.085204
23.459	-1.899242
23.46	-2.56875
23.461	-2.417453
23.462	-1.372537
23.463	-0.096232
23.464	0.720804
23.465	0.955973
23.466	0.939647
23.467	1.040892
23.468	1.293477
23.469	1.264323
23.47	0.574847
23.471	-0.428974
23.472	-1.021476
23.473	-1.00207
23.474	-0.739266
23.475	-0.517088
23.476	-0.301415
23.477	-0.062971
23.478	0.041944
23.479	-0.072877
23.48	-0.211296
23.481	-0.099361
23.482	0.278413
23.483	0.65034
23.484	0.775427
23.485	0.692574
23.486	0.645461
23.487	0.871787
23.488	1.340852
23.489	1.580592
23.49	1.109841
23.491	0.156039
23.492	-0.56166
23.493	-0.74391
23.494	-0.65654
23.495	-0.537876
23.496	-0.394999
23.497	-0.332079
23.498	-0.635124
23.499	-1.222385
23.5	-1.364046
23.501	-0.603333
23.502	0.461047
23.503	0.965189
23.504	0.778108
23.505	0.343991
23.506	0.08376
23.507	0.147903
23.508	0.391446
23.509	0.425303
23.51	-0.012362
23.511	-0.640841
23.512	-0.948021
23.513	-0.865416
23.514	-0.722177
23.515	-0.670136
23.516	-0.549865
23.517	-0.263278
23.518	0.04147
23.519	0.238
23.52	0.422855
23.521	0.70321
23.522	0.943445
23.523	0.872743
23.524	0.418745
23.525	-0.182285
23.526	-0.541489
23.527	-0.201856
23.528	1.265914
23.529	3.886563
23.53	6.911352
23.531	8.910214
23.532	8.491528
23.533	5.446834
23.534	1.203042
23.535	-2.275498
23.536	-3.985147
23.537	-4.250444
23.538	-3.917857
23.539	-3.292739
23.54	-2.074194
23.541	-0.445396
23.542	0.568449
23.543	0.273392
23.544	-0.904304
23.545	-2.051147
23.546	-2.626405
23.547	-2.653396
23.548	-2.517159
23.549	-2.653002
23.55	-3.085441
23.551	-3.268855
23.552	-2.756575
23.553	-1.865993
23.554	-1.257297
23.555	-1.103466
23.556	-1.058023
23.557	-0.848978
23.558	-0.565655
23.559	-0.365273
23.56	-0.17808
23.561	0.13915
23.562	0.482274
23.563	0.547191
23.564	0.235113
23.565	-0.201755
23.566	-0.494995
23.567	-0.718835
23.568	-1.302529
23.569	-2.559311
23.57	-4.006116
23.571	-4.486164
23.572	-3.40141
23.573	-1.493889
23.574	-0.003042
23.575	0.615193
23.576	0.787924
23.577	0.915585
23.578	0.732153
23.579	-0.312904
23.58	-2.048717
23.581	-3.304114
23.582	-3.065218
23.583	-1.601956
23.584	-0.020683
23.585	0.919949
23.586	1.220531
23.587	1.168462
23.588	0.775302
23.589	-0.165362
23.59	-1.431505
23.591	-2.160609
23.592	-1.721103
23.593	-0.529038
23.594	0.459078
23.595	0.827055
23.596	0.867606
23.597	0.83521
23.598	0.453584
23.599	-0.533843
23.6	-1.519267
23.601	-1.53954
23.602	-0.60144
23.603	0.373262
23.604	0.711742
23.605	0.499167
23.606	0.228934
23.607	0.262967
23.608	0.496612
23.609	0.473128
23.61	-0.022104
23.611	-0.568832
23.612	-0.632124
23.613	-0.30264
23.614	-0.097835
23.615	-0.18662
23.616	-0.217592
23.617	0.123504
23.618	0.660625
23.619	0.932896
23.62	0.793936
23.621	0.596169
23.622	0.626296
23.623	0.662363
23.624	0.366285
23.625	-0.177578
23.626	-0.533099
23.627	-0.365682
23.628	0.19588
23.629	0.604432
23.63	0.460675
23.631	0.003799
23.632	-0.25776
23.633	-0.268573
23.634	-0.360024
23.635	-0.601656
23.636	-0.65289
23.637	-0.269151
23.638	0.302228
23.639	0.568603
23.64	0.42122
23.641	0.283185
23.642	0.434712
23.643	0.549759
23.644	0.217251
23.645	-0.436721
23.646	-0.87904
23.647	-0.719066
23.648	-0.109306
23.649	0.34296
23.65	0.217039
23.651	-0.219096
23.652	-0.433936
23.653	-0.387956
23.654	-0.441111
23.655	-0.67117
23.656	-0.721446
23.657	-0.309001
23.658	0.379903
23.659	0.897697
23.66	1.074034
23.661	1.144761
23.662	1.229651
23.663	1.021312
23.664	0.270783
23.665	-0.722637
23.666	-1.322985
23.667	-1.123942
23.668	-0.335122
23.669	0.334736
23.67	0.359355
23.671	-0.052901
23.672	-0.35419
23.673	-0.432289
23.674	-0.570608
23.675	-0.815888
23.676	-0.840964
23.677	-0.430663
23.678	0.157917
23.679	0.453964
23.68	0.37052
23.681	0.314609
23.682	0.520282
23.683	0.608556
23.684	0.13634
23.685	-0.724816
23.686	-1.32624
23.687	-1.221491
23.688	-0.653527
23.689	-0.345871
23.69	-0.667195
23.691	-1.150578
23.692	-1.150761
23.693	-0.716452
23.694	-0.368785
23.695	-0.284598
23.696	-0.192085
23.697	-0.005517
23.698	-0.200829
23.699	-1.221544
23.7	-2.512036
23.701	-2.853158
23.702	-1.889128
23.703	-0.559926
23.704	0.061315
23.705	-0.200232
23.706	-0.725044
23.707	-0.963954
23.708	-1.090956
23.709	-1.651637
23.71	-2.567735
23.711	-2.942002
23.712	-2.163211
23.713	-0.748363
23.714	0.330931
23.715	0.767695
23.716	0.951304
23.717	1.113569
23.718	0.805369
23.719	-0.56291
23.72	-2.670638
23.721	-4.254931
23.722	-4.294686
23.723	-2.90365
23.724	-1.11519
23.725	0.074467
23.726	0.421633
23.727	0.108098
23.728	-0.871129
23.729	-2.373776
23.73	-3.515219
23.731	-3.253725
23.732	-1.517387
23.733	0.667913
23.734	2.132981
23.735	2.562697
23.736	2.481311
23.737	2.344739
23.738	1.935938
23.739	0.786677
23.74	-0.955056
23.741	-2.481907
23.742	-3.06058
23.743	-2.456861
23.744	-1.045432
23.745	0.349069
23.746	1.08763
23.747	0.963588
23.748	-0.095829
23.749	-1.787407
23.75	-3.048224
23.751	-2.792497
23.752	-1.018695
23.753	1.185188
23.754	2.65204
23.755	3.093138
23.756	3.040983
23.757	2.943549
23.758	2.568749
23.759	1.391365
23.76	-0.563813
23.761	-2.554763
23.762	-3.677283
23.763	-3.349449
23.764	-1.725336
23.765	0.260831
23.766	1.677409
23.767	2.120028
23.768	1.410689
23.769	-0.344849
23.77	-2.193153
23.771	-2.706227
23.772	-1.384514
23.773	0.766284
23.774	2.352597
23.775	2.922948
23.776	2.954686
23.777	2.877315
23.778	2.470099
23.779	1.280649
23.78	-0.48931
23.781	-1.865822
23.782	-1.998931
23.783	-0.975172
23.784	0.31589
23.785	1.087566
23.786	1.290798
23.787	1.203706
23.788	0.702474
23.789	-0.529219
23.79	-2.074152
23.791	-2.748902
23.792	-1.8824
23.793	-0.151087
23.794	1.238651
23.795	1.818777
23.796	1.96023
23.797	1.995029
23.798	1.634076
23.799	0.394089
23.8	-1.482301
23.801	-2.918181
23.802	-2.97534
23.803	-1.724302
23.804	-0.125346
23.805	0.912901
23.806	1.276709
23.807	1.314466
23.808	1.021434
23.809	0.052809
23.81	-1.384858
23.811	-2.256261
23.812	-1.786164
23.813	-0.420019
23.814	0.775391
23.815	1.324878
23.816	1.52346
23.817	1.643034
23.818	1.384146
23.819	0.298432
23.82	-1.328417
23.821	-2.449379
23.822	-2.275215
23.823	-1.040662
23.824	0.285297
23.825	0.961809
23.826	1.090477
23.827	1.205423
23.828	1.417266
23.829	1.244693
23.83	0.399904
23.831	-0.581217
23.832	-0.910731
23.833	-0.518284
23.834	0.026065
23.835	0.35406
23.836	0.572838
23.837	0.771308
23.838	0.690462
23.839	0.193788
23.84	-0.131097
23.841	0.423834
23.842	1.545338
23.843	2.193606
23.844	1.837409
23.845	0.818873
23.846	-0.25859
23.847	-1.22218
23.848	-2.414302
23.849	-3.968216
23.85	-5.150813
23.851	-4.928669
23.852	-3.14999
23.853	-0.796202
23.854	0.94427
23.855	1.717966
23.856	1.994274
23.857	2.125263
23.858	1.738788
23.859	0.227481
23.86	-2.268995
23.861	-4.791695
23.862	-6.363803
23.863	-6.267043
23.864	-4.077656
23.865	-0.416372
23.866	2.804966
23.867	3.635896
23.868	1.509042
23.869	-2.268494
23.87	-5.120058
23.871	-4.957287
23.872	-1.825623
23.873	2.337137
23.874	5.489893
23.875	6.830089
23.876	6.771951
23.877	6.174322
23.878	5.558287
23.879	4.931487
23.88	4.269796
23.881	3.762975
23.882	3.486429
23.883	3.245362
23.884	2.859166
23.885	2.39144
23.886	2.147861
23.887	2.535598
23.888	3.658558
23.889	4.835939
23.89	4.938902
23.891	3.604048
23.892	1.662953
23.893	0.135551
23.894	-0.625026
23.895	-0.745356
23.896	-0.444927
23.897	-0.059461
23.898	-0.072034
23.899	-0.578154
23.9	-0.828328
23.901	-0.133132
23.902	1.032447
23.903	1.690975
23.904	1.550889
23.905	0.996481
23.906	0.493751
23.907	0.304477
23.908	0.443316
23.909	0.623129
23.91	0.422309
23.911	-0.208026
23.912	-0.8314
23.913	-1.099326
23.914	-1.071874
23.915	-0.896915
23.916	-0.600301
23.917	-0.320957
23.918	-0.42806
23.919	-0.977581
23.92	-1.236686
23.921	-0.557073
23.922	0.573786
23.923	1.217206
23.924	1.13119
23.925	0.691541
23.926	0.321875
23.927	0.371614
23.928	1.137807
23.929	2.446719
23.93	3.357442
23.931	3.010104
23.932	1.617838
23.933	0.053919
23.934	-1.068945
23.935	-1.564926
23.936	-1.476648
23.937	-1.02308
23.938	-0.514192
23.939	-0.009861
23.94	0.781357
23.941	1.815385
23.942	2.34026
23.943	1.838823
23.944	0.759154
23.945	-0.160286
23.946	-0.682305
23.947	-0.884318
23.948	-0.649004
23.949	0.239445
23.95	1.522233
23.951	2.349363
23.952	2.033354
23.953	0.742789
23.954	-0.771347
23.955	-1.858241
23.956	-2.224969
23.957	-1.829967
23.958	-0.718804
23.959	1.006321
23.96	2.928576
23.961	4.132003
23.962	3.75784
23.963	1.961322
23.964	-0.079634
23.965	-1.334372
23.966	-1.695606
23.967	-1.450525
23.968	-0.52727
23.969	1.199737
23.97	3.052943
23.971	3.835185
23.972	3.074782
23.973	1.335258
23.974	-0.528352
23.975	-1.904044
23.976	-2.477374
23.977	-2.141763
23.978	-0.88578
23.979	1.170919
23.98	3.433563
23.981	4.710634
23.982	4.035721
23.983	1.773099
23.984	-0.587938
23.985	-1.909324
23.986	-2.211874
23.987	-1.950129
23.988	-1.091626
23.989	0.598051
23.99	2.57875
23.991	3.64545
23.992	3.16159
23.993	1.559918
23.994	-0.295941
23.995	-1.73923
23.996	-2.467473
23.997	-2.478156
23.998	-1.853555
23.999	-0.581547
24.0	1.140905
24.001	2.461002
24.002	2.387573
24.003	0.963843
24.004	-0.672886
24.005	-1.566735
24.006	-1.732449
24.007	-1.547354
24.008	-0.922296
24.009	0.409936
24.01	1.979606
24.011	2.74829
24.012	2.264625
24.013	0.984338
24.014	-0.403647
24.015	-1.444611
24.016	-1.959575
24.017	-2.006083
24.018	-1.713318
24.019	-1.008913
24.02	0.201678
24.021	1.399164
24.022	1.632913
24.023	0.710063
24.024	-0.48043
24.025	-1.100116
24.026	-1.17124
24.027	-1.046129
24.028	-0.625631
24.029	0.36801
24.03	1.537845
24.031	2.015874
24.032	1.521288
24.033	0.512025
24.034	-0.495127
24.035	-1.217041
24.036	-1.520274
24.037	-1.412045
24.038	-0.992052
24.039	-0.263457
24.04	0.772883
24.041	1.663112
24.042	1.658719
24.043	0.686382
24.044	-0.410613
24.045	-0.901634
24.046	-0.890694
24.047	-0.772038
24.048	-0.456237
24.049	0.35811
24.05	1.334708
24.051	1.690665
24.052	1.212482
24.053	0.3543
24.054	-0.441015
24.055	-0.976263
24.056	-1.190415
24.057	-1.183832
24.058	-1.169134
24.059	-1.112658
24.06	-0.660491
24.061	0.142734
24.062	0.575371
24.063	0.248328
24.064	-0.310854
24.065	-0.506618
24.066	-0.416971
24.067	-0.361248
24.068	-0.208889
24.069	0.358689
24.07	1.060824
24.071	1.238855
24.072	0.784453
24.073	0.124673
24.074	-0.421472
24.075	-0.760681
24.076	-0.871554
24.077	-0.856157
24.078	-0.926385
24.079	-1.04355
24.08	-0.802607
24.081	-0.138697
24.082	0.318009
24.083	0.155629
24.084	-0.217783
24.085	-0.30696
24.086	-0.205402
24.087	-0.192083
24.088	-0.080261
24.089	0.504413
24.09	1.297013
24.091	1.570732
24.092	1.121806
24.093	0.366334
24.094	-0.304835
24.095	-0.730054
24.096	-0.848493
24.097	-0.724309
24.098	-0.554952
24.099	-0.388171
24.1	0.008432
24.101	0.598102
24.102	0.808589
24.103	0.359638
24.104	-0.243111
24.105	-0.472396
24.106	-0.434326
24.107	-0.427955
24.108	-0.270127
24.109	0.421591
24.11	1.36915
24.111	1.785816
24.112	1.38926
24.113	0.561916
24.114	-0.269281
24.115	-0.86415
24.116	-1.0543
24.117	-0.750416
24.118	0.012725
24.119	1.123841
24.12	2.3089
24.121	2.96329
24.122	2.486789
24.123	1.037589
24.124	-0.416918
24.125	-1.091784
24.126	-1.092083
24.127	-0.902752
24.128	-0.570871
24.129	0.139541
24.13	0.96754
24.131	1.273008
24.132	0.917198
24.133	0.301952
24.134	-0.263098
24.135	-0.692774
24.136	-0.95836
24.137	-1.162295
24.138	-1.553776
24.139	-2.067436
24.14	-2.077691
24.141	-1.286531
24.142	-0.392531
24.143	-0.110934
24.144	-0.250615
24.145	-0.294564
24.146	-0.195895
24.147	-0.215668
24.148	-0.36779
24.149	-0.470324
24.15	-0.586697
24.151	-0.845184
24.152	-1.016331
24.153	-0.858826
24.154	-0.536726
24.155	-0.300144
24.156	-0.138042
24.157	0.023345
24.158	0.016492
24.159	-0.425302
24.16	-1.1863
24.161	-1.690399
24.162	-1.534218
24.163	-0.894433
24.164	-0.124717
24.165	0.569249
24.166	0.947846
24.167	0.711961
24.168	-0.237366
24.169	-1.697843
24.17	-3.205294
24.171	-4.052951
24.172	-3.646257
24.173	-2.137512
24.174	-0.392271
24.175	0.841725
24.176	1.412845
24.177	1.365234
24.178	0.452128
24.179	-1.505472
24.18	-3.749578
24.181	-4.82409
24.182	-4.050716
24.183	-2.090843
24.184	-0.005746
24.185	1.524684
24.186	2.189946
24.187	1.904338
24.188	0.803057
24.189	-0.793608
24.19	-2.403871
24.191	-3.354253
24.192	-3.077169
24.193	-1.694138
24.194	-0.016994
24.195	1.20288
24.196	1.768254
24.197	1.736794
24.198	0.98978
24.199	-0.494425
24.2	-2.014142
24.201	-2.532966
24.202	-1.831836
24.203	-0.582105
24.204	0.563731
24.205	1.343423
24.206	1.663734
24.207	1.552188
24.208	1.259312
24.209	0.992776
24.21	0.579211
24.211	-0.107782
24.212	-0.648027
24.213	-0.608786
24.214	-0.143257
24.215	0.337831
24.216	0.672793
24.217	0.949575
24.218	1.267297
24.219	1.658262
24.22	2.107404
24.221	2.434347
24.222	2.290019
24.223	1.568928
24.224	0.674392
24.225	0.078433
24.226	-0.167321
24.227	-0.17996
24.228	0.264529
24.229	1.466079
24.23	2.976949
24.231	3.717831
24.232	3.146706
24.233	1.727681
24.234	0.25065
24.235	-0.77931
24.236	-1.163737
24.237	-0.814448
24.238	0.359665
24.239	2.315085
24.24	4.475799
24.241	5.645449
24.242	4.842699
24.243	2.381591
24.244	-0.28244
24.245	-1.938968
24.246	-2.490469
24.247	-2.376516
24.248	-1.637903
24.249	0.012893
24.25	2.306759
24.251	4.158838
24.252	4.506972
24.253	3.198747
24.254	1.053095
24.255	-0.842051
24.256	-1.887246
24.257	-2.195857
24.258	-2.331052
24.259	-2.769229
24.26	-3.387087
24.261	-3.565916
24.262	-2.974783
24.263	-1.956061
24.264	-0.995661
24.265	-0.321031
24.266	-0.166048
24.267	-0.986756
24.268	-3.165796
24.269	-6.366683
24.27	-9.176758
24.271	-9.857761
24.272	-7.765224
24.273	-3.923212
24.274	-0.152287
24.275	2.335778
24.276	3.445327
24.277	3.501832
24.278	2.465692
24.279	0.100216
24.28	-3.15831
24.281	-5.972685
24.282	-6.889513
24.283	-5.232889
24.284	-1.684268
24.285	1.971499
24.286	4.198568
24.287	4.729804
24.288	4.191607
24.289	3.10071
24.29	1.530786
24.291	-0.203293
24.292	-1.212077
24.293	-0.924662
24.294	0.245253
24.295	1.464339
24.296	2.289715
24.297	2.840006
24.298	3.502511
24.299	4.560154
24.3	5.820596
24.301	6.491731
24.302	5.773216
24.303	3.787899
24.304	1.608975
24.305	0.175802
24.306	-0.45939
24.307	-0.636803
24.308	-0.254284
24.309	1.112596
24.31	3.269636
24.311	5.081654
24.312	5.342345
24.313	3.804642
24.314	1.343075
24.315	-0.806782
24.316	-1.876864
24.317	-1.693632
24.318	-0.351308
24.319	1.883636
24.32	4.252886
24.321	5.459584
24.322	4.555902
24.323	1.993593
24.324	-0.64299
24.325	-2.12717
24.326	-2.515239
24.327	-2.605743
24.328	-2.963199
24.329	-3.621544
24.33	-4.312972
24.331	-4.603041
24.332	-4.074299
24.333	-2.787392
24.334	-1.342846
24.335	-0.2795
24.336	0.284403
24.337	0.307298
24.338	-0.519166
24.339	-2.312809
24.34	-4.191993
24.341	-4.737845
24.342	-3.58285
24.343	-1.704105
24.344	-0.126371
24.345	0.813257
24.346	1.149695
24.347	1.069207
24.348	1.012754
24.349	1.372138
24.35	1.871288
24.351	1.841757
24.352	1.198442
24.353	0.464373
24.354	-0.000351
24.355	-0.205261
24.356	-0.222663
24.357	-0.060622
24.358	0.27086
24.359	0.768299
24.36	1.420214
24.361	1.983306
24.362	1.982359
24.363	1.276553
24.364	0.379933
24.365	-0.125027
24.366	-0.223707
24.367	-0.216418
24.368	-0.09076
24.369	0.369092
24.37	0.91477
24.371	0.987561
24.372	0.554849
24.373	0.062857
24.374	-0.256648
24.375	-0.457093
24.376	-0.529949
24.377	-0.347812
24.378	0.173124
24.379	0.998595
24.38	1.938887
24.381	2.558124
24.382	2.355904
24.383	1.334475
24.384	0.176482
24.385	-0.453285
24.386	-0.566304
24.387	-0.543317
24.388	-0.427959
24.389	0.015471
24.39	0.615671
24.391	0.837478
24.392	0.560055
24.393	0.1416
24.394	-0.174378
24.395	-0.387559
24.396	-0.512843
24.397	-0.600848
24.398	-0.833176
24.399	-1.197295
24.4	-1.191684
24.401	-0.528404
24.402	0.200014
24.403	0.344814
24.404	0.086383
24.405	-0.060862
24.406	-0.019837
24.407	-0.037821
24.408	-0.131883
24.409	-0.126985
24.41	-0.151077
24.411	-0.437486
24.412	-0.758665
24.413	-0.740461
24.414	-0.437818
24.415	-0.131486
24.416	0.06167
24.417	0.075099
24.418	-0.352507
24.419	-1.357234
24.42	-2.370694
24.421	-2.5506
24.422	-1.840507
24.423	-0.865401
24.424	-0.0234
24.425	0.64898
24.426	1.023072
24.427	0.825286
24.428	-0.010483
24.429	-1.21248
24.43	-2.365072
24.431	-3.022656
24.432	-2.812045
24.433	-1.779512
24.434	-0.483222
24.435	0.516029
24.436	1.061854
24.437	1.16311
24.438	0.600203
24.439	-0.816639
24.44	-2.527057
24.441	-3.409004
24.442	-2.950867
24.443	-1.616173
24.444	-0.098346
24.445	1.149709
24.446	1.820833
24.447	1.750553
24.448	1.076636
24.449	0.105488
24.45	-0.986041
24.451	-1.952524
24.452	-2.24899
24.453	-1.587375
24.454	-0.393574
24.455	0.675779
24.456	1.306787
24.457	1.43996
24.458	0.9464
24.459	-0.164802
24.46	-1.263392
24.461	-1.544516
24.462	-0.990331
24.463	-0.191715
24.464	0.499445
24.465	1.046173
24.466	1.336352
24.467	1.251614
24.468	1.045515
24.469	1.168821
24.47	1.549907
24.471	1.59871
24.472	1.100746
24.473	0.460532
24.474	0.055452
24.475	-0.069755
24.476	0.035891
24.477	0.394626
24.478	1.043409
24.479	1.94093
24.48	2.8606
24.481	3.317921
24.482	2.852531
24.483	1.596793
24.484	0.326279
24.485	-0.318232
24.486	-0.449428
24.487	-0.522166
24.488	-0.503916
24.489	0.125428
24.49	1.428907
24.491	2.569157
24.492	2.701824
24.493	1.846843
24.494	0.614648
24.495	-0.423551
24.496	-0.936298
24.497	-0.766176
24.498	0.137413
24.499	1.666403
24.5	3.334762
24.501	4.227264
24.502	3.595738
24.503	1.702624
24.504	-0.258887
24.505	-1.326852
24.506	-1.576311
24.507	-1.588428
24.508	-1.451634
24.509	-0.712076
24.51	0.663071
24.511	1.861851
24.512	2.130144
24.513	1.537445
24.514	0.603642
24.515	-0.268907
24.516	-0.894069
24.517	-1.261425
24.518	-1.482046
24.519	-1.507172
24.52	-1.013574
24.521	-0.059701
24.522	0.563
24.523	0.32203
24.524	-0.318569
24.525	-0.643043
24.526	-0.58266
24.527	-0.534851
24.528	-0.633711
24.529	-0.653043
24.53	-0.584898
24.531	-0.680835
24.532	-0.859034
24.533	-0.77278
24.534	-0.40708
24.535	-0.054122
24.536	0.093476
24.537	-0.038376
24.538	-0.582685
24.539	-1.485581
24.54	-2.148285
24.541	-1.988183
24.542	-1.257147
24.543	-0.590705
24.544	-0.131181
24.545	0.316659
24.546	0.701684
24.547	0.797515
24.548	0.716812
24.549	0.883387
24.55	1.328745
24.551	1.535945
24.552	1.228773
24.553	0.705178
24.554	0.279565
24.555	-0.01719
24.556	-0.198408
24.557	-0.163339
24.558	0.226782
24.559	1.019241
24.56	2.007682
24.561	2.642739
24.562	2.364639
24.563	1.241609
24.564	0.059046
24.565	-0.476727
24.566	-0.432981
24.567	-0.317498
24.568	-0.251559
24.569	0.133164
24.57	0.972798
24.571	1.835287
24.572	2.193831
24.573	1.848483
24.574	0.957033
24.575	-0.092619
24.576	-0.880199
24.577	-1.09531
24.578	-0.575722
24.579	0.632527
24.58	2.106866
24.581	3.022324
24.582	2.669514
24.583	1.203357
24.584	-0.371303
24.585	-1.178955
24.586	-1.239611
24.587	-1.085797
24.588	-0.868162
24.589	-0.24112
24.59	0.820648
24.591	1.664955
24.592	1.752325
24.593	1.220844
24.594	0.457581
24.595	-0.30462
24.596	-0.899437
24.597	-1.145709
24.598	-0.918622
24.599	-0.172749
24.6	0.974658
24.601	1.974279
24.602	2.03774
24.603	1.023186
24.604	-0.263122
24.605	-0.963991
24.606	-1.01472
24.607	-0.877963
24.608	-0.72555
24.609	-0.298694
24.61	0.403599
24.611	0.888731
24.612	0.863618
24.613	0.553101
24.614	0.210165
24.615	-0.131043
24.616	-0.469937
24.617	-0.842731
24.618	-1.469029
24.619	-2.456629
24.62	-3.260968
24.621	-3.109084
24.622	-2.088489
24.623	-1.010762
24.624	-0.322767
24.625	0.101161
24.626	0.367859
24.627	0.413936
24.628	0.388689
24.629	0.6469
24.63	1.137497
24.631	1.329353
24.632	1.008786
24.633	0.533834
24.634	0.202983
24.635	-0.020809
24.636	-0.224359
24.637	-0.445052
24.638	-0.810329
24.639	-1.354775
24.64	-1.675885
24.641	-1.376508
24.642	-0.744207
24.643	-0.313202
24.644	-0.124115
24.645	0.078986
24.646	0.317631
24.647	0.413272
24.648	0.415619
24.649	0.594253
24.65	0.877512
24.651	0.840645
24.652	0.441143
24.653	0.099012
24.654	0.010316
24.655	0.001125
24.656	-0.069475
24.657	-0.216598
24.658	-0.542531
24.659	-1.117704
24.66	-1.588022
24.661	-1.47358
24.662	-0.892766
24.663	-0.352777
24.664	-0.023634
24.665	0.251904
24.666	0.496516
24.667	0.55039
24.668	0.414039
24.669	0.275694
24.67	0.107736
24.671	-0.275411
24.672	-0.675025
24.673	-0.666782
24.674	-0.257093
24.675	0.175033
24.676	0.387584
24.677	0.315816
24.678	-0.249823
24.679	-1.546328
24.68	-3.167358
24.681	-4.057847
24.682	-3.594617
24.683	-2.158773
24.684	-0.52568
24.685	0.75472
24.686	1.433676
24.687	1.516081
24.688	1.272067
24.689	1.013959
24.69	0.690324
24.691	0.094029
24.692	-0.506726
24.693	-0.594905
24.694	-0.150007
24.695	0.387215
24.696	0.664517
24.697	0.55461
24.698	-0.108934
24.699	-1.485076
24.7	-3.150364
24.701	-4.057409
24.702	-3.568751
24.703	-2.078746
24.704	-0.38707
24.705	0.979062
24.706	1.788929
24.707	1.955477
24.708	1.507915
24.709	0.52309
24.71	-0.913188
24.711	-2.359919
24.712	-2.919589
24.713	-2.104419
24.714	-0.488581
24.715	0.919805
24.716	1.590856
24.717	1.551553
24.718	0.879175
24.719	-0.476841
24.72	-2.268137
24.721	-3.715528
24.722	-3.979038
24.723	-2.807313
24.724	-0.758728
24.725	1.208734
24.726	2.412243
24.727	2.743058
24.728	2.489423
24.729	1.894915
24.73	0.875617
24.731	-0.489639
24.732	-1.447917
24.733	-1.274822
24.734	-0.17184
24.735	1.04298
24.736	1.748388
24.737	1.732557
24.738	0.891555
24.739	-0.801143
24.74	-2.778464
24.741	-3.852637
24.742	-3.311229
24.743	-1.629759
24.744	0.203676
24.745	1.526281
24.746	2.149343
24.747	2.206293
24.748	1.977727
24.749	1.582277
24.75	0.779082
24.751	-0.47769
24.752	-1.468505
24.753	-1.408523
24.754	-0.408825
24.755	0.75427
24.756	1.450638
24.757	1.545692
24.758	1.252646
24.759	0.934757
24.76	0.970882
24.761	1.444867
24.762	1.957571
24.763	2.038065
24.764	1.645436
24.765	1.080892
24.766	0.585617
24.767	0.261856
24.768	0.352076
24.769	1.247738
24.77	2.991995
24.771	4.99835
24.772	6.31109
24.773	6.038523
24.774	4.034719
24.775	1.44244
24.776	0.147939
24.777	1.435432
24.778	4.938913
24.779	8.74675
24.78	10.713588
24.781	9.626415
24.782	5.500153
24.783	-0.236148
24.784	-5.221286
24.785	-7.923509
24.786	-8.619432
24.787	-8.322948
24.788	-7.380695
24.789	-5.322846
24.79	-1.906793
24.791	1.829866
24.792	4.076736
24.793	3.935999
24.794	2.023879
24.795	-0.470235
24.796	-2.65862
24.797	-3.936696
24.798	-3.677273
24.799	-1.514275
24.8	1.841903
24.801	4.464721
24.802	4.526408
24.803	1.939273
24.804	-1.578626
24.805	-4.154552
24.806	-5.191417
24.807	-5.189783
24.808	-4.708883
24.809	-3.83045
24.81	-2.454333
24.811	-0.819837
24.812	0.427827
24.813	0.741666
24.814	0.147036
24.815	-0.897555
24.816	-1.944998
24.817	-2.724765
24.818	-3.054884
24.819	-2.78659
24.82	-1.896374
24.821	-0.665239
24.822	0.303346
24.823	0.473625
24.824	-0.123575
24.825	-0.971069
24.826	-1.62559
24.827	-1.939763
24.828	-1.795722
24.829	-1.001953
24.83	0.372749
24.831	1.783464
24.832	2.499684
24.833	2.103157
24.834	0.782206
24.835	-0.816482
24.836	-1.975371
24.837	-2.047563
24.838	-0.454973
24.839	2.871841
24.84	6.773431
24.841	9.080386
24.842	8.18594
24.843	4.477987
24.844	0.039429
24.845	-3.126627
24.846	-4.451723
24.847	-4.484171
24.848	-3.770912
24.849	-2.421241
24.85	-0.665058
24.851	0.700077
24.852	0.999323
24.853	0.428509
24.854	-0.406994
24.855	-1.175437
24.856	-1.816624
24.857	-2.396424
24.858	-3.107417
24.859	-4.008695
24.86	-4.610705
24.861	-4.23387
24.862	-2.902545
24.863	-1.367677
24.864	-0.33487
24.865	-0.00197
24.866	-0.146061
24.867	-0.387494
24.868	-0.368105
24.869	0.03491
24.87	0.450127
24.871	0.328848
24.872	-0.280611
24.873	-0.783095
24.874	-0.861418
24.875	-0.7044
24.876	-0.576177
24.877	-0.618662
24.878	-0.997167
24.879	-1.822071
24.88	-2.763314
24.881	-3.127008
24.882	-2.519589
24.883	-1.212043
24.884	0.115403
24.885	0.890263
24.886	1.01708
24.887	0.819736
24.888	0.706978
24.889	0.783506
24.89	0.675831
24.891	0.060589
24.892	-0.699035
24.893	-0.977431
24.894	-0.698981
24.895	-0.267205
24.896	6.6e-05
24.897	0.036902
24.898	-0.203024
24.899	-0.78595
24.9	-1.485924
24.901	-1.79419
24.902	-1.403573
24.903	-0.466523
24.904	0.544294
24.905	1.151019
24.906	1.192364
24.907	0.821536
24.908	0.215264
24.909	-0.609027
24.91	-1.662674
24.911	-2.645309
24.912	-2.93135
24.913	-2.199995
24.914	-0.897722
24.915	0.220605
24.916	0.808094
24.917	0.96093
24.918	0.701465
24.919	-0.25212
24.92	-2.002445
24.921	-3.902992
24.922	-4.753548
24.923	-3.764371
24.924	-1.401068
24.925	0.95134
24.926	2.22693
24.927	2.298235
24.928	1.508715
24.929	0.102691
24.93	-1.690332
24.931	-3.217877
24.932	-3.535964
24.933	-2.319393
24.934	-0.364783
24.935	1.163831
24.936	1.787091
24.937	1.800313
24.938	1.55099
24.939	0.934782
24.94	-0.2883
24.941	-1.799368
24.942	-2.644242
24.943	-2.099292
24.944	-0.488947
24.945	1.146612
24.946	2.052566
24.947	2.141652
24.948	1.579974
24.949	0.400377
24.95	-1.292707
24.951	-2.852088
24.952	-3.268539
24.953	-2.166401
24.954	-0.331823
24.955	1.085112
24.956	1.641802
24.957	1.66672
24.958	1.515563
24.959	1.066211
24.96	0.038399
24.961	-1.3184
24.962	-2.133432
24.963	-1.713458
24.964	-0.321223
24.965	1.099538
24.966	1.847854
24.967	1.840159
24.968	1.24576
24.969	0.125619
24.97	-1.413832
24.971	-2.80091
24.972	-3.130087
24.973	-2.061005
24.974	-0.327756
24.975	0.992851
24.976	1.498637
24.977	1.533549
24.978	1.479512
24.979	1.267684
24.98	0.645269
24.981	-0.251404
24.982	-0.814353
24.983	-0.553218
24.984	0.327277
24.985	1.144406
24.986	1.472125
24.987	1.43998
24.988	1.380762
24.989	1.307265
24.99	0.832279
24.991	-0.13073
24.992	-0.901325
24.993	-0.835628
24.994	-0.171012
24.995	0.398315
24.996	0.581568
24.997	0.624627
24.998	0.781751
24.999	0.920813
25.0	0.748584
25.001	0.280286
25.002	-0.083996
25.003	0.021203
25.004	0.490822
25.005	0.877438
25.006	0.932717
25.007	0.835468
25.008	0.907642
25.009	1.131344
25.01	1.013959
25.011	0.295447
25.012	-0.460888
25.013	-0.590787
25.014	-0.210235
25.015	0.118598
25.016	0.170592
25.017	0.176217
25.018	0.343795
25.019	0.548758
25.02	0.58182
25.021	0.464005
25.022	0.390255
25.023	0.500338
25.024	0.706891
25.025	0.769081
25.026	0.600366
25.027	0.401787
25.028	0.46602
25.029	0.808675
25.03	0.985902
25.031	0.62058
25.032	0.027735
25.033	-0.228665
25.034	-0.133175
25.035	-0.060825
25.036	-0.136292
25.037	-0.130419
25.038	0.111355
25.039	0.407819
25.04	0.512201
25.041	0.424131
25.042	0.328598
25.043	0.382225
25.044	0.542739
25.045	0.602983
25.046	0.460202
25.047	0.250093
25.048	0.18948
25.049	0.28254
25.05	0.204602
25.051	-0.236276
25.052	-0.65885
25.053	-0.618657
25.054	-0.264108
25.055	-0.040993
25.056	-0.054356
25.057	-0.030617
25.058	0.208019
25.059	0.474415
25.06	0.510485
25.061	0.327412
25.062	0.150889
25.063	0.184942
25.064	0.401844
25.065	0.55761
25.066	0.490769
25.067	0.306094
25.068	0.246809
25.069	0.388373
25.07	0.438693
25.071	0.118392
25.072	-0.309586
25.073	-0.393741
25.074	-0.178816
25.075	-0.039314
25.076	-0.076205
25.077	-0.041506
25.078	0.220269
25.079	0.514942
25.08	0.585285
25.081	0.435071
25.082	0.270231
25.083	0.277939
25.084	0.440273
25.085	0.546757
25.086	0.452447
25.087	0.244363
25.088	0.151309
25.089	0.272864
25.09	0.356938
25.091	0.126935
25.092	-0.193873
25.093	-0.193778
25.094	0.05213
25.095	0.1336
25.096	-0.061016
25.097	-0.230287
25.098	-0.118103
25.099	0.170313
25.1	0.38448
25.101	0.422848
25.102	0.344034
25.103	0.278823
25.104	0.310508
25.105	0.39102
25.106	0.422931
25.107	0.35823
25.108	0.202724
25.109	-0.055877
25.11	-0.495427
25.111	-1.03174
25.112	-1.241396
25.113	-0.834793
25.114	-0.154115
25.115	0.210678
25.116	0.136096
25.117	0.02
25.118	0.2115
25.119	0.593206
25.12	0.786087
25.121	0.616504
25.122	0.277661
25.123	0.087271
25.124	0.153781
25.125	0.334972
25.126	0.4618
25.127	0.491172
25.128	0.496071
25.129	0.502287
25.13	0.31951
25.131	-0.160058
25.132	-0.554839
25.133	-0.43301
25.134	0.016058
25.135	0.264132
25.136	0.164871
25.137	0.019222
25.138	0.015414
25.139	-0.096362
25.14	-0.503595
25.141	-0.793105
25.142	-0.53745
25.143	-0.000491
25.144	0.344616
25.145	0.412424
25.146	0.34938
25.147	0.280882
25.148	0.313299
25.149	0.487184
25.15	0.59327
25.151	0.381354
25.152	0.048057
25.153	-0.008257
25.154	0.151532
25.155	0.143592
25.156	-0.10419
25.157	-0.276263
25.158	-0.187253
25.159	-0.091815
25.16	-0.222387
25.161	-0.286701
25.162	0.010603
25.163	0.37763
25.164	0.439508
25.165	0.255909
25.166	0.058557
25.167	-0.041215
25.168	0.029349
25.169	0.354399
25.17	0.773872
25.171	0.896243
25.172	0.660096
25.173	0.409944
25.174	0.264381
25.175	0.014411
25.176	-0.349828
25.177	-0.52731
25.178	-0.376713
25.179	-0.203741
25.18	-0.290407
25.181	-0.373793
25.182	-0.143716
25.183	0.159559
25.184	0.206521
25.185	0.064616
25.186	-0.061697
25.187	-0.103084
25.188	-0.016583
25.189	0.284522
25.19	0.67022
25.191	0.776533
25.192	0.546664
25.193	0.317288
25.194	0.199915
25.195	-0.0199
25.196	-0.355281
25.197	-0.505729
25.198	-0.331544
25.199	-0.144498
25.2	-0.233483
25.201	-0.340378
25.202	-0.155798
25.203	0.095611
25.204	0.117155
25.205	-0.004299
25.206	-0.086517
25.207	-0.118308
25.208	-0.114032
25.209	0.020052
25.21	0.252939
25.211	0.320188
25.212	0.168668
25.213	0.076147
25.214	0.099465
25.215	-0.008189
25.216	-0.271131
25.217	-0.38706
25.218	-0.21254
25.219	-0.057983
25.22	-0.207374
25.221	-0.38885
25.222	-0.269344
25.223	-0.040721
25.224	0.021084
25.225	-0.014243
25.226	-0.011076
25.227	-0.009303
25.228	-0.067402
25.229	-0.111652
25.23	-0.124261
25.231	-0.235961
25.232	-0.38149
25.233	-0.298054
25.234	-0.040091
25.235	0.050592
25.236	-0.090796
25.237	-0.169895
25.238	-0.049077
25.239	-0.050771
25.24	-0.433678
25.241	-0.817572
25.242	-0.744128
25.243	-0.384825
25.244	-0.104069
25.245	0.058993
25.246	0.173157
25.247	0.192643
25.248	0.106634
25.249	0.063835
25.25	0.122617
25.251	0.096431
25.252	-0.045639
25.253	-0.054616
25.254	0.086342
25.255	0.098098
25.256	-0.074858
25.257	-0.154983
25.258	-0.002911
25.259	0.092823
25.26	-0.113028
25.261	-0.314897
25.262	-0.176
25.263	0.079878
25.264	0.147057
25.265	0.09704
25.266	0.071393
25.267	0.028693
25.268	-0.051275
25.269	0.003737
25.27	0.256443
25.271	0.424302
25.272	0.343122
25.273	0.238321
25.274	0.212468
25.275	0.062413
25.276	-0.257079
25.277	-0.481692
25.278	-0.441296
25.279	-0.344604
25.28	-0.39081
25.281	-0.346338
25.282	-0.038805
25.283	0.193219
25.284	0.099179
25.285	-0.077064
25.286	-0.075923
25.287	0.034217
25.288	0.114587
25.289	0.227175
25.29	0.402678
25.291	0.427915
25.292	0.26243
25.293	0.200018
25.294	0.287659
25.295	0.209458
25.296	-0.126346
25.297	-0.41234
25.298	-0.417285
25.299	-0.320649
25.3	-0.319797
25.301	-0.198653
25.302	0.168533
25.303	0.390598
25.304	0.215249
25.305	-0.062338
25.306	-0.134543
25.307	-0.058678
25.308	0.01274
25.309	0.124576
25.31	0.293877
25.311	0.303688
25.312	0.127723
25.313	0.078201
25.314	0.202075
25.315	0.168318
25.316	-0.121697
25.317	-0.345741
25.318	-0.249515
25.319	-0.032866
25.32	0.020381
25.321	0.074736
25.322	0.318506
25.323	0.444071
25.324	0.214418
25.325	-0.094324
25.326	-0.183661
25.327	-0.104922
25.328	0.010344
25.329	0.234817
25.33	0.574296
25.331	0.717009
25.332	0.529029
25.333	0.329853
25.334	0.275207
25.335	0.125208
25.336	-0.199826
25.337	-0.406911
25.338	-0.284065
25.339	-0.071302
25.34	-0.081344
25.341	-0.139852
25.342	0.008927
25.343	0.133797
25.344	0.002063
25.345	-0.178066
25.346	-0.172687
25.347	-0.050166
25.348	0.074046
25.349	0.297072
25.35	0.647998
25.351	0.822349
25.352	0.659749
25.353	0.445751
25.354	0.34321
25.355	0.152928
25.356	-0.186215
25.357	-0.411945
25.358	-0.362045
25.359	-0.278298
25.36	-0.39782
25.361	-0.48237
25.362	-0.297846
25.363	-0.109668
25.364	-0.149377
25.365	-0.224236
25.366	-0.143425
25.367	-0.011564
25.368	0.040485
25.369	0.139294
25.37	0.401568
25.371	0.58368
25.372	0.487451
25.373	0.337395
25.374	0.288481
25.375	0.157546
25.376	-0.120852
25.377	-0.314187
25.378	-0.299252
25.379	-0.341127
25.38	-0.638138
25.381	-0.838338
25.382	-0.624249
25.383	-0.302289
25.384	-0.202359
25.385	-0.187735
25.386	-0.071143
25.387	0.059865
25.388	0.083458
25.389	0.122233
25.39	0.295478
25.391	0.386916
25.392	0.244747
25.393	0.119245
25.394	0.1417
25.395	0.087053
25.396	-0.121376
25.397	-0.21518
25.398	-0.000726
25.399	0.292814
25.4	0.355763
25.401	0.31957
25.402	0.404014
25.403	0.415304
25.404	0.182202
25.405	-0.076891
25.406	-0.160972
25.407	-0.186133
25.408	-0.318326
25.409	-0.443479
25.41	-0.377846
25.411	-0.262378
25.412	-0.267829
25.413	-0.225895
25.414	-0.047443
25.415	0.03729
25.416	-0.063012
25.417	-0.097994
25.418	0.122741
25.419	0.380354
25.42	0.384111
25.421	0.288825
25.422	0.335095
25.423	0.342559
25.424	0.139334
25.425	-0.075082
25.426	-0.122451
25.427	-0.128495
25.428	-0.258436
25.429	-0.394009
25.43	-0.344517
25.431	-0.247974
25.432	-0.277088
25.433	-0.25855
25.434	-0.090053
25.435	0.007495
25.436	-0.057945
25.437	-0.035956
25.438	0.273409
25.439	0.637105
25.44	0.700725
25.441	0.57749
25.442	0.546607
25.443	0.476844
25.444	0.202967
25.445	-0.075886
25.446	-0.169699
25.447	-0.193339
25.448	-0.302468
25.449	-0.363613
25.45	-0.195131
25.451	-0.007865
25.452	-0.048415
25.453	-0.122256
25.454	-0.044992
25.455	0.01195
25.456	-0.057667
25.457	-0.066259
25.458	0.11001
25.459	0.21987
25.46	0.018095
25.461	-0.211378
25.462	-0.126742
25.463	0.056445
25.464	0.049036
25.465	-0.035096
25.466	-0.037242
25.467	-0.061986
25.468	-0.246541
25.469	-0.446547
25.47	-0.441966
25.471	-0.353935
25.472	-0.364584
25.473	-0.318172
25.474	-0.114191
25.475	0.03306
25.476	0.019799
25.477	0.060226
25.478	0.310312
25.479	0.510794
25.48	0.345442
25.481	0.058037
25.482	0.055106
25.483	0.18934
25.484	0.16147
25.485	0.053154
25.486	0.014381
25.487	-0.052593
25.488	-0.269527
25.489	-0.47026
25.49	-0.420468
25.491	-0.259058
25.492	-0.21853
25.493	-0.181111
25.494	-0.033372
25.495	0.052406
25.496	-0.000729
25.497	0.02345
25.498	0.278559
25.499	0.516004
25.5	0.434431
25.501	0.260222
25.502	0.322145
25.503	0.388894
25.504	0.185873
25.505	-0.066145
25.506	-0.101594
25.507	-0.028369
25.508	-0.079281
25.509	-0.217546
25.51	-0.269244
25.511	-0.301024
25.512	-0.383028
25.513	-0.297157
25.514	0.007472
25.515	0.200782
25.516	0.104535
25.517	-0.039029
25.518	0.031275
25.519	0.173263
25.52	0.122989
25.521	0.056761
25.522	0.224771
25.523	0.362203
25.524	0.20068
25.525	-0.039714
25.526	-0.096604
25.527	-0.047822
25.528	-0.056033
25.529	-0.012406
25.53	0.231476
25.531	0.425961
25.532	0.32153
25.533	0.164687
25.534	0.178752
25.535	0.166504
25.536	-0.015668
25.537	-0.154819
25.538	-0.034672
25.539	0.169742
25.54	0.173846
25.541	0.13825
25.542	0.301321
25.543	0.401809
25.544	0.193645
25.545	-0.082727
25.546	-0.160122
25.547	-0.123439
25.548	-0.153929
25.549	-0.168182
25.55	-0.013196
25.551	0.124055
25.552	0.048552
25.553	-0.021242
25.554	0.075741
25.555	0.119588
25.556	-0.021867
25.557	-0.124141
25.558	0.024278
25.559	0.227158
25.56	0.179689
25.561	0.0561
25.562	0.151455
25.563	0.255574
25.564	0.114349
25.565	-0.083021
25.566	-0.109894
25.567	-0.063081
25.568	-0.127425
25.569	-0.226993
25.57	-0.185654
25.571	-0.114754
25.572	-0.162871
25.573	-0.157071
25.574	0.002918
25.575	0.08942
25.576	-0.013891
25.577	-0.078111
25.578	0.10153
25.579	0.322138
25.58	0.280073
25.581	0.154646
25.582	0.238232
25.583	0.314641
25.584	0.135804
25.585	-0.095539
25.586	-0.145053
25.587	-0.104401
25.588	-0.145983
25.589	-0.178343
25.59	-0.040721
25.591	0.084546
25.592	-0.007175
25.593	-0.103974
25.594	-0.025596
25.595	0.035833
25.596	-0.047609
25.597	-0.076737
25.598	0.124258
25.599	0.334802
25.6	0.251662
25.601	0.073453
25.602	0.123317
25.603	0.211109
25.604	0.086012
25.605	-0.082893
25.606	-0.095006
25.607	-0.057291
25.608	-0.15273
25.609	-0.299967
25.61	-0.310977
25.611	-0.282608
25.612	-0.351416
25.613	-0.336042
25.614	-0.136336
25.615	0.012629
25.616	-0.018724
25.617	-0.017071
25.618	0.218995
25.619	0.497666
25.62	0.505715
25.621	0.368045
25.622	0.358691
25.623	0.343789
25.624	0.149093
25.625	-0.050508
25.626	-0.084247
25.627	-0.06842
25.628	-0.162122
25.629	-0.242421
25.63	-0.116405
25.631	0.035308
25.632	-0.02809
25.633	-0.124668
25.634	-0.059913
25.635	0.010769
25.636	-0.031216
25.637	-0.020332
25.638	0.162954
25.639	0.250441
25.64	-0.046992
25.641	-0.415452
25.642	-0.391077
25.643	-0.138151
25.644	-0.015775
25.645	0.008583
25.646	0.06411
25.647	0.058529
25.648	-0.125798
25.649	-0.335491
25.65	-0.335714
25.651	-0.235118
25.652	-0.239873
25.653	-0.226107
25.654	-0.076393
25.655	0.034296
25.656	0.006717
25.657	0.031346
25.658	0.254128
25.659	0.431095
25.66	0.257365
25.661	-0.031933
25.662	-0.033457
25.663	0.12211
25.664	0.143315
25.665	0.088523
25.666	0.081316
25.667	0.029347
25.668	-0.166928
25.669	-0.33782
25.67	-0.276887
25.671	-0.161072
25.672	-0.204165
25.673	-0.196959
25.674	0.014813
25.675	0.169089
25.676	0.073227
25.677	-0.073377
25.678	-0.024101
25.679	0.108051
25.68	0.099453
25.681	0.125353
25.682	0.37871
25.683	0.533302
25.684	0.316902
25.685	-0.000303
25.686	-0.105131
25.687	-0.069334
25.688	-0.112965
25.689	-0.216921
25.69	-0.23613
25.691	-0.258269
25.692	-0.365959
25.693	-0.333835
25.694	-0.074602
25.695	0.114315
25.696	0.048513
25.697	-0.061932
25.698	0.022883
25.699	0.165771
25.7	0.117689
25.701	0.061598
25.702	0.246334
25.703	0.403859
25.704	0.259206
25.705	0.023052
25.706	-0.043231
25.707	-0.019708
25.708	-0.113545
25.709	-0.296768
25.71	-0.396761
25.711	-0.435162
25.712	-0.468669
25.713	-0.346772
25.714	-0.059173
25.715	0.107908
25.716	0.023566
25.717	-0.066833
25.718	0.091498
25.719	0.361777
25.72	0.449497
25.721	0.437094
25.722	0.522616
25.723	0.519649
25.724	0.264927
25.725	-0.006772
25.726	-0.071575
25.727	-0.041392
25.728	-0.131324
25.729	-0.311595
25.73	-0.410151
25.731	-0.454037
25.732	-0.506712
25.733	-0.410899
25.734	-0.133785
25.735	0.053822
25.736	0.015258
25.737	-0.028787
25.738	0.134929
25.739	0.323364
25.74	0.245261
25.741	0.081346
25.742	0.138793
25.743	0.232435
25.744	0.120875
25.745	-0.03065
25.746	-0.030017
25.747	0.018963
25.748	-0.061235
25.749	-0.202128
25.75	-0.234058
25.751	-0.247586
25.752	-0.357101
25.753	-0.364289
25.754	-0.160282
25.755	0.008791
25.756	-0.012415
25.757	-0.02068
25.758	0.204851
25.759	0.50653
25.76	0.58505
25.761	0.537689
25.762	0.585581
25.763	0.556228
25.764	0.285743
25.765	-0.000528
25.766	-0.08569
25.767	-0.072251
25.768	-0.139056
25.769	-0.204584
25.77	-0.105503
25.771	-0.00888
25.772	-0.117249
25.773	-0.222977
25.774	-0.13316
25.775	-0.031786
25.776	-0.067469
25.777	-0.068934
25.778	0.135052
25.779	0.342167
25.78	0.264894
25.781	0.098967
25.782	0.160162
25.783	0.262729
25.784	0.159077
25.785	0.005716
25.786	-0.010621
25.787	0.002499
25.788	-0.137368
25.789	-0.35471
25.79	-0.452447
25.791	-0.494855
25.792	-0.590502
25.793	-0.549588
25.794	-0.27641
25.795	-0.031494
25.796	0.012305
25.797	0.036384
25.798	0.235755
25.799	0.428796
25.8	0.337261
25.801	0.158693
25.802	0.21442
25.803	0.325294
25.804	0.237096
25.805	0.088455
25.806	0.053384
25.807	0.030514
25.808	-0.12988
25.809	-0.299568
25.81	-0.258429
25.811	-0.139595
25.812	-0.168277
25.813	-0.198593
25.814	-0.078714
25.815	0.017664
25.816	-0.023896
25.817	-0.008805
25.818	0.230531
25.819	0.442805
25.82	0.24736
25.821	-0.19345
25.822	-0.416284
25.823	-0.398988
25.824	-0.358517
25.825	-0.274022
25.826	-0.081298
25.827	0.091273
25.828	0.127439
25.829	0.191957
25.83	0.46766
25.831	0.691606
25.832	0.554899
25.833	0.285281
25.834	0.172733
25.835	0.098722
25.836	-0.065351
25.837	-0.15544
25.838	-0.032328
25.839	0.045802
25.84	-0.248325
25.841	-0.656068
25.842	-0.697491
25.843	-0.460509
25.844	-0.273756
25.845	-0.137396
25.846	0.043156
25.847	0.162222
25.848	0.102771
25.849	0.025168
25.85	0.147303
25.851	0.291571
25.852	0.212773
25.853	0.117964
25.854	0.210541
25.855	0.25979
25.856	0.059458
25.857	-0.205624
25.858	-0.279371
25.859	-0.256623
25.86	-0.338619
25.861	-0.320987
25.862	-0.011351
25.863	0.22314
25.864	0.086492
25.865	-0.133711
25.866	-0.108277
25.867	0.071546
25.868	0.141493
25.869	0.093129
25.87	0.085002
25.871	0.04978
25.872	-0.095152
25.873	-0.115044
25.874	0.095971
25.875	0.230773
25.876	0.078193
25.877	-0.157327
25.878	-0.220613
25.879	-0.238532
25.88	-0.450876
25.881	-0.623682
25.882	-0.424138
25.883	-0.10835
25.884	-0.041383
25.885	-0.089657
25.886	-0.000981
25.887	0.150418
25.888	0.156117
25.889	0.059479
25.89	0.045218
25.891	0.041432
25.892	-0.061967
25.893	-0.060922
25.894	0.139412
25.895	0.246668
25.896	0.074189
25.897	-0.153003
25.898	-0.160349
25.899	-0.061124
25.9	-0.128672
25.901	-0.226213
25.902	-0.083552
25.903	0.099137
25.904	0.049086
25.905	-0.074168
25.906	-0.038359
25.907	0.081926
25.908	0.123365
25.909	0.189416
25.91	0.439769
25.911	0.632343
25.912	0.499928
25.913	0.290151
25.914	0.259664
25.915	0.219122
25.916	-0.005616
25.917	-0.219463
25.918	-0.183328
25.919	-0.041756
25.92	-0.098487
25.921	-0.233185
25.922	-0.155217
25.923	-0.012678
25.924	-0.043247
25.925	-0.108495
25.926	-0.025413
25.927	0.102059
25.928	0.101818
25.929	0.070587
25.93	0.186748
25.931	0.285462
25.932	0.171185
25.933	0.066371
25.934	0.148563
25.935	0.187477
25.936	0.013295
25.937	-0.163372
25.938	-0.093899
25.939	0.077853
25.94	0.046076
25.941	-0.06741
25.942	0.022162
25.943	0.14786
25.944	0.064734
25.945	-0.068909
25.946	-0.042739
25.947	0.052352
25.948	0.044178
25.949	0.027397
25.95	0.180469
25.951	0.328119
25.952	0.241473
25.953	0.115381
25.954	0.143217
25.955	0.137023
25.956	-0.045412
25.957	-0.194202
25.958	-0.081726
25.959	0.116897
25.96	0.066329
25.961	-0.116007
25.962	-0.106365
25.963	-0.013378
25.964	-0.059685
25.965	-0.120251
25.966	-0.034863
25.967	0.081547
25.968	0.062288
25.969	0.015951
25.97	0.132219
25.971	0.24488
25.972	0.132943
25.973	0.000447
25.974	0.046989
25.975	0.080817
25.976	-0.050682
25.977	-0.149984
25.978	-0.004218
25.979	0.196319
25.98	0.110621
25.981	-0.127852
25.982	-0.160319
25.983	-0.06727
25.984	-0.077306
25.985	-0.099275
25.986	-0.00118
25.987	0.10252
25.988	0.073991
25.989	0.063892
25.99	0.276259
25.991	0.490769
25.992	0.416232
25.993	0.262169
25.994	0.27716
25.995	0.26944
25.996	0.042919
25.997	-0.220589
25.998	-0.265511
25.999	-0.206177
26.0	-0.322473
26.001	-0.475636
26.002	-0.361191
26.003	-0.153806
26.004	-0.154054
26.005	-0.228371
26.006	-0.123806
26.007	0.098468
26.008	0.234593
26.009	0.316811
26.01	0.468021
26.011	0.492385
26.012	0.22666
26.013	0.002703
26.014	0.076548
26.015	0.176428
26.016	0.03883
26.017	-0.17364
26.018	-0.201426
26.019	-0.151442
26.02	-0.292899
26.021	-0.470396
26.022	-0.360991
26.023	-0.131378
26.024	-0.094662
26.025	-0.142507
26.026	-0.042178
26.027	0.137045
26.028	0.18901
26.029	0.149562
26.03	0.178984
26.031	0.160829
26.032	-0.028677
26.033	-0.121617
26.034	0.050854
26.035	0.195018
26.036	0.069949
26.037	-0.141236
26.038	-0.170365
26.039	-0.116922
26.04	-0.239016
26.041	-0.376103
26.042	-0.219467
26.043	0.032505
26.044	0.047051
26.045	-0.055001
26.046	-0.017255
26.047	0.100599
26.048	0.085587
26.049	-0.036562
26.05	-0.087213
26.051	-0.126085
26.052	-0.250301
26.053	-0.242387
26.054	0.006778
26.055	0.192047
26.056	0.085589
26.057	-0.11801
26.058	-0.144187
26.059	-0.092712
26.06	-0.230469
26.061	-0.401668
26.062	-0.278242
26.063	-0.027737
26.064	0.021224
26.065	-0.042058
26.066	0.006838
26.067	0.113362
26.068	0.105971
26.069	0.05184
26.07	0.116175
26.071	0.154418
26.072	0.002247
26.073	-0.090879
26.074	0.059168
26.075	0.184206
26.076	0.055533
26.077	-0.138302
26.078	-0.112277
26.079	0.051775
26.08	0.058532
26.081	-0.032945
26.082	0.041852
26.083	0.169628
26.084	0.109006
26.085	-0.025561
26.086	-0.021829
26.087	0.059839
26.088	0.051541
26.089	0.026552
26.09	0.152209
26.091	0.270471
26.092	0.177013
26.093	0.076624
26.094	0.154742
26.095	0.194245
26.096	0.013599
26.097	-0.188034
26.098	-0.140015
26.099	0.050958
26.1	0.058381
26.101	-0.079249
26.102	-0.079265
26.103	-0.000122
26.104	-0.04373
26.105	-0.114111
26.106	-0.046928
26.107	0.07247
26.108	0.079349
26.109	0.051889
26.11	0.153745
26.111	0.227941
26.112	0.087603
26.113	-0.036118
26.114	0.057038
26.115	0.141428
26.116	0.013839
26.117	-0.144109
26.118	-0.068974
26.119	0.130154
26.12	0.126333
26.121	-0.029505
26.122	-0.03099
26.123	0.065688
26.124	0.029039
26.125	-0.064779
26.126	-0.036287
26.127	0.05445
26.128	0.056499
26.129	0.057668
26.13	0.235153
26.131	0.415388
26.132	0.332315
26.133	0.156561
26.134	0.135766
26.135	0.132339
26.136	-0.024235
26.137	-0.170087
26.138	-0.069761
26.139	0.149119
26.14	0.152517
26.141	-0.011777
26.142	-0.041183
26.143	0.016842
26.144	-0.042096
26.145	-0.125934
26.146	-0.070139
26.147	0.041344
26.148	0.046618
26.149	0.034722
26.15	0.191399
26.151	0.351745
26.152	0.252097
26.153	0.067082
26.154	0.055144
26.155	0.084554
26.156	-0.024091
26.157	-0.126765
26.158	-0.013054
26.159	0.160285
26.16	0.039877
26.161	-0.289717
26.162	-0.413297
26.163	-0.294999
26.164	-0.193836
26.165	-0.136549
26.166	-0.016477
26.167	0.093509
26.168	0.064786
26.169	0.019998
26.17	0.175988
26.171	0.381272
26.172	0.344833
26.173	0.187587
26.174	0.144028
26.175	0.114267
26.176	-0.036203
26.177	-0.150417
26.178	-0.032546
26.179	0.144179
26.18	0.022465
26.181	-0.309677
26.182	-0.434819
26.183	-0.311713
26.184	-0.193353
26.185	-0.113578
26.186	0.0151
26.187	0.101035
26.188	0.000977
26.189	-0.167592
26.19	-0.151641
26.191	-0.010415
26.192	0.034366
26.193	0.069251
26.194	0.229801
26.195	0.320651
26.196	0.14582
26.197	-0.130848
26.198	-0.229309
26.199	-0.19988
26.2	-0.303528
26.201	-0.454995
26.202	-0.357135
26.203	-0.12576
26.204	-0.074121
26.205	-0.138674
26.206	-0.074709
26.207	0.098385
26.208	0.193421
26.209	0.225674
26.21	0.331199
26.211	0.367413
26.212	0.163683
26.213	-0.013652
26.214	0.08797
26.215	0.228789
26.216	0.120974
26.217	-0.111736
26.218	-0.187831
26.219	-0.143272
26.22	-0.223026
26.221	-0.332292
26.222	-0.183717
26.223	0.072962
26.224	0.09607
26.225	-0.042686
26.226	-0.067435
26.227	0.03057
26.228	0.085108
26.229	0.128053
26.23	0.299051
26.231	0.428265
26.232	0.288786
26.233	0.10518
26.234	0.143957
26.235	0.215624
26.236	0.069703
26.237	-0.16377
26.238	-0.217142
26.239	-0.149576
26.24	-0.233567
26.241	-0.38985
26.242	-0.30836
26.243	-0.080626
26.244	-0.006244
26.245	-0.037333
26.246	0.031218
26.247	0.151767
26.248	0.134812
26.249	-0.000948
26.25	-0.097476
26.251	-0.213931
26.252	-0.426205
26.253	-0.479543
26.254	-0.219232
26.255	0.058864
26.256	0.077199
26.257	-0.024398
26.258	0.036178
26.259	0.213319
26.26	0.223244
26.261	0.094758
26.262	0.110694
26.263	0.224741
26.264	0.186724
26.265	0.047862
26.266	0.011257
26.267	0.045792
26.268	-0.012503
26.269	-0.109852
26.27	-0.056962
26.271	0.049273
26.272	-0.007607
26.273	-0.089092
26.274	0.004906
26.275	0.110986
26.276	0.028942
26.277	-0.101706
26.278	-0.038923
26.279	0.116645
26.28	0.029592
26.281	-0.263413
26.282	-0.364555
26.283	-0.204524
26.284	-0.064105
26.285	-0.020466
26.286	0.042548
26.287	0.091764
26.288	0.009295
26.289	-0.107907
26.29	-0.058118
26.291	0.050558
26.292	-0.008806
26.293	-0.09643
26.294	-0.006663
26.295	0.100262
26.296	0.023748
26.297	-0.098037
26.298	-0.016129
26.299	0.19048
26.3	0.209467
26.301	0.056847
26.302	0.040737
26.303	0.158773
26.304	0.167807
26.305	0.075046
26.306	0.039453
26.307	0.034394
26.308	-0.061827
26.309	-0.159474
26.31	-0.068977
26.311	0.084439
26.312	0.055221
26.313	-0.034584
26.314	0.017513
26.315	0.074065
26.316	-0.03311
26.317	-0.143413
26.318	0.007117
26.319	0.345296
26.32	0.514876
26.321	0.422429
26.322	0.310937
26.323	0.256538
26.324	0.142129
26.325	0.01253
26.326	-0.013338
26.327	-0.003652
26.328	-0.092074
26.329	-0.185331
26.33	-0.094723
26.331	0.048609
26.332	0.001117
26.333	-0.097579
26.334	-0.023384
26.335	0.080679
26.336	-0.005235
26.337	-0.183425
26.338	-0.200666
26.339	-0.066304
26.34	-0.016552
26.341	-0.031372
26.342	0.102901
26.343	0.262161
26.344	0.174135
26.345	-0.053015
26.346	-0.125464
26.347	-0.025751
26.348	0.05012
26.349	0.068208
26.35	0.154217
26.351	0.229275
26.352	0.117243
26.353	-0.025116
26.354	0.034953
26.355	0.142112
26.356	0.045617
26.357	-0.151178
26.358	-0.173853
26.359	-0.039445
26.36	-0.00703
26.361	-0.062951
26.362	0.024827
26.363	0.160796
26.364	0.089014
26.365	-0.094757
26.366	-0.128655
26.367	-0.017007
26.368	0.045661
26.369	0.03732
26.37	0.094151
26.371	0.143348
26.372	0.011364
26.373	-0.139115
26.374	-0.065725
26.375	0.079817
26.376	0.038808
26.377	-0.104428
26.378	-0.10396
26.379	-0.01097
26.38	-0.105569
26.381	-0.333856
26.382	-0.346483
26.383	-0.154135
26.384	-0.066259
26.385	-0.104266
26.386	-0.066644
26.387	0.048505
26.388	0.076732
26.389	0.023379
26.39	0.043809
26.391	0.076685
26.392	-0.05042
26.393	-0.184511
26.394	-0.095418
26.395	0.060609
26.396	0.0252
26.397	-0.111767
26.398	-0.075728
26.399	0.136722
26.4	0.267444
26.401	0.271263
26.402	0.328045
26.403	0.380598
26.404	0.237664
26.405	0.003543
26.406	-0.079833
26.407	-0.025091
26.408	-0.021968
26.409	-0.076426
26.41	-0.027178
26.411	0.063584
26.412	-0.006863
26.413	-0.124099
26.414	-0.061004
26.415	0.058369
26.416	0.002522
26.417	-0.138327
26.418	-0.109757
26.419	0.058377
26.42	0.074732
26.421	-0.085342
26.422	-0.126607
26.423	-0.004876
26.424	0.039922
26.425	-0.018518
26.426	-0.010808
26.427	0.055654
26.428	0.022299
26.429	-0.102053
26.43	-0.160948
26.431	-0.195029
26.432	-0.326369
26.433	-0.381204
26.434	-0.182571
26.435	0.052236
26.436	0.053443
26.437	-0.076147
26.438	-0.056898
26.439	0.102345
26.44	0.119368
26.441	-0.031531
26.442	-0.056413
26.443	0.083637
26.444	0.133919
26.445	0.05647
26.446	0.022807
26.447	0.041609
26.448	-0.017642
26.449	-0.109495
26.45	-0.04765
26.451	0.099775
26.452	0.096973
26.453	0.01734
26.454	0.067903
26.455	0.141244
26.456	0.041086
26.457	-0.121049
26.458	-0.096346
26.459	0.056504
26.46	0.003289
26.461	-0.283411
26.462	-0.416487
26.463	-0.258505
26.464	-0.082943
26.465	-0.024739
26.466	0.021628
26.467	0.061614
26.468	-0.002101
26.469	-0.090439
26.47	-0.005659
26.471	0.171624
26.472	0.179943
26.473	0.07509
26.474	0.076605
26.475	0.110122
26.476	-2e-05
26.477	-0.144259
26.478	-0.085764
26.479	0.100151
26.48	0.056935
26.481	-0.257842
26.482	-0.443659
26.483	-0.32426
26.484	-0.145805
26.485	-0.057105
26.486	0.012611
26.487	0.054414
26.488	-0.011042
26.489	-0.069058
26.49	0.106059
26.491	0.412926
26.492	0.503133
26.493	0.364492
26.494	0.2587
26.495	0.19425
26.496	0.002687
26.497	-0.252771
26.498	-0.329651
26.499	-0.203001
26.5	-0.104447
26.501	-0.077615
26.502	0.063195
26.503	0.235226
26.504	0.163786
26.505	-0.080671
26.506	-0.184425
26.507	-0.08117
26.508	0.030393
26.509	0.050076
26.51	0.050952
26.511	-0.006155
26.512	-0.208095
26.513	-0.345945
26.514	-0.185248
26.515	0.06991
26.516	0.083381
26.517	-0.094087
26.518	-0.167011
26.519	-0.101932
26.52	-0.16383
26.521	-0.374921
26.522	-0.414374
26.523	-0.233959
26.524	-0.13081
26.525	-0.163887
26.526	-0.121807
26.527	0.035599
26.528	0.135952
26.529	0.113577
26.53	0.061771
26.531	-0.046103
26.532	-0.284835
26.533	-0.435226
26.534	-0.259531
26.535	0.033541
26.536	0.098514
26.537	-0.02955
26.538	-0.075164
26.539	-0.018706
26.54	-0.123581
26.541	-0.392057
26.542	-0.472633
26.543	-0.293277
26.544	-0.151895
26.545	-0.134444
26.546	-0.060683
26.547	0.097727
26.548	0.176176
26.549	0.123578
26.55	0.048543
26.551	-0.065733
26.552	-0.299913
26.553	-0.449704
26.554	-0.279673
26.555	0.013812
26.556	0.091136
26.557	-0.017045
26.558	-0.027423
26.559	0.106196
26.56	0.120651
26.561	-0.054243
26.562	-0.132969
26.563	-0.023357
26.564	0.028155
26.565	-0.04561
26.566	-0.056228
26.567	0.036586
26.568	0.080589
26.569	0.052237
26.57	0.102166
26.571	0.203508
26.572	0.150206
26.573	0.006744
26.574	0.017782
26.575	0.114643
26.576	0.054951
26.577	-0.116407
26.578	-0.145266
26.579	-0.014227
26.58	-0.000133
26.581	-0.178266
26.582	-0.259584
26.583	-0.136119
26.584	-0.045208
26.585	-0.071255
26.586	-0.054918
26.587	0.032104
26.588	0.050487
26.589	0.002458
26.59	0.062826
26.591	0.209589
26.592	0.210015
26.593	0.090627
26.594	0.085401
26.595	0.147106
26.596	0.056083
26.597	-0.137632
26.598	-0.182239
26.599	-0.053767
26.6	-0.014411
26.601	-0.133171
26.602	-0.137496
26.603	0.039426
26.604	0.12164
26.605	0.02719
26.606	-0.044957
26.607	-0.026899
26.608	-0.041552
26.609	-0.093598
26.61	-0.030026
26.611	0.103371
26.612	0.07314
26.613	-0.062006
26.614	-0.039391
26.615	0.083106
26.616	0.051241
26.617	-0.107987
26.618	-0.143162
26.619	-0.01983
26.62	0.004106
26.621	-0.14327
26.622	-0.180279
26.623	-0.015355
26.624	0.088865
26.625	0.032189
26.626	-0.017534
26.627	-0.001581
26.628	-0.024955
26.629	-0.070168
26.63	0.024735
26.631	0.206975
26.632	0.22074
26.633	0.093108
26.634	0.07347
26.635	0.131627
26.636	0.057731
26.637	-0.103429
26.638	-0.123026
26.639	-0.019472
26.64	-0.112451
26.641	-0.479415
26.642	-0.72435
26.643	-0.603027
26.644	-0.34524
26.645	-0.153637
26.646	0.012804
26.647	0.144215
26.648	0.118582
26.649	-0.065462
26.65	-0.258561
26.651	-0.425126
26.652	-0.62657
26.653	-0.706583
26.654	-0.465035
26.655	-0.076469
26.656	0.129714
26.657	0.145001
26.658	0.191139
26.659	0.242121
26.66	-0.047932
26.661	-0.735382
26.662	-1.279451
26.663	-1.250318
26.664	-0.827036
26.665	-0.330191
26.666	0.113053
26.667	0.402181
26.668	0.441221
26.669	0.305495
26.67	0.168871
26.671	0.004224
26.672	-0.308256
26.673	-0.571198
26.674	-0.486603
26.675	-0.165774
26.676	0.062229
26.677	0.160045
26.678	0.366221
26.679	0.761278
26.68	1.084629
26.681	1.109606
26.682	0.963473
26.683	0.816784
26.684	0.621703
26.685	0.373997
26.686	0.191414
26.687	0.064461
26.688	-0.124934
26.689	-0.316244
26.69	-0.25875
26.691	0.062691
26.692	0.303031
26.693	0.292251
26.694	0.222526
26.695	0.17479
26.696	0.015859
26.697	-0.218764
26.698	-0.245769
26.699	0.13309
26.7	0.813637
26.701	1.544104
26.702	2.065474
26.703	2.071639
26.704	1.429244
26.705	0.481647
26.706	-0.225365
26.707	-0.494804
26.708	-0.509394
26.709	-0.39062
26.71	-0.035204
26.711	0.484845
26.712	0.769179
26.713	0.655617
26.714	0.418238
26.715	0.205745
26.716	-0.089191
26.717	-0.410739
26.718	-0.501357
26.719	-0.269113
26.72	0.092573
26.721	0.433231
26.722	0.776013
26.723	0.972363
26.724	0.740504
26.725	0.177114
26.726	-0.292887
26.727	-0.471809
26.728	-0.510712
26.729	-0.526263
26.73	-0.409087
26.731	-0.142094
26.732	0.020625
26.733	-0.01868
26.734	-0.047879
26.735	-0.020383
26.736	-0.113591
26.737	-0.299304
26.738	-0.329545
26.739	-0.141469
26.74	0.019021
26.741	0.012205
26.742	0.027173
26.743	0.1353
26.744	0.115984
26.745	-0.072486
26.746	-0.201685
26.747	-0.187258
26.748	-0.186447
26.749	-0.294533
26.75	-0.403203
26.751	-0.455548
26.752	-0.555556
26.753	-0.639058
26.754	-0.48705
26.755	-0.182401
26.756	-0.026831
26.757	-0.05127
26.758	-0.02533
26.759	0.100413
26.76	0.062702
26.761	-0.23593
26.762	-0.449012
26.763	-0.347819
26.764	-0.164707
26.765	-0.090106
26.766	-0.027467
26.767	0.066116
26.768	0.059465
26.769	-0.102179
26.77	-0.282262
26.771	-0.404646
26.772	-0.560379
26.773	-0.677848
26.774	-0.53015
26.775	-0.194748
26.776	0.014985
26.777	0.040284
26.778	0.089359
26.779	0.207524
26.78	0.138721
26.781	-0.206576
26.782	-0.4716
26.783	-0.403864
26.784	-0.209644
26.785	-0.083122
26.786	0.035207
26.787	0.152924
26.788	0.132205
26.789	-0.063899
26.79	-0.271081
26.791	-0.390811
26.792	-0.517256
26.793	-0.609918
26.794	-0.467888
26.795	-0.161588
26.796	0.019243
26.797	0.033995
26.798	0.111616
26.799	0.324451
26.8	0.405023
26.801	0.178544
26.802	-0.07221
26.803	-0.071759
26.804	0.025656
26.805	0.042291
26.806	0.048185
26.807	0.070991
26.808	0.001194
26.809	-0.143192
26.81	-0.127382
26.811	0.122996
26.812	0.301318
26.813	0.22074
26.814	0.096251
26.815	0.05541
26.816	-0.030156
26.817	-0.152262
26.818	-0.104308
26.819	0.150827
26.82	0.327113
26.821	0.23422
26.822	0.115165
26.823	0.181255
26.824	0.237051
26.825	0.133235
26.826	0.012783
26.827	-0.046715
26.828	-0.165309
26.829	-0.39101
26.83	-0.569269
26.831	-0.612036
26.832	-0.63373
26.833	-0.617049
26.834	-0.382412
26.835	-0.027412
26.836	0.121648
26.837	0.004745
26.838	-0.115378
26.839	-0.088729
26.84	-0.113407
26.841	-0.330008
26.842	-0.453552
26.843	-0.275675
26.844	-0.072645
26.845	-0.060194
26.846	-0.076666
26.847	0.003227
26.848	0.078338
26.849	0.099477
26.85	0.216362
26.851	0.458393
26.852	0.554113
26.853	0.404495
26.854	0.270374
26.855	0.233695
26.856	0.088913
26.857	-0.178133
26.858	-0.308528
26.859	-0.175974
26.86	0.003526
26.861	0.038163
26.862	0.084797
26.863	0.238207
26.864	0.25031
26.865	0.031014
26.866	-0.158853
26.867	-0.164234
26.868	-0.112808
26.869	-0.114353
26.87	-0.086532
26.871	-0.013749
26.872	-0.07252
26.873	-0.23562
26.874	-0.222748
26.875	-0.03969
26.876	0.013362
26.877	-0.120625
26.878	-0.185521
26.879	-0.061837
26.88	0.007487
26.881	-0.15627
26.882	-0.283014
26.883	-0.154127
26.884	-0.019142
26.885	-0.065918
26.886	-0.120201
26.887	-0.066148
26.888	-0.039933
26.889	-0.149266
26.89	-0.28014
26.891	-0.330235
26.892	-0.405986
26.893	-0.504022
26.894	-0.403385
26.895	-0.133743
26.896	0.001226
26.897	-0.061341
26.898	-0.073502
26.899	0.074101
26.9	0.127143
26.901	-0.094827
26.902	-0.301007
26.903	-0.233387
26.904	-0.106142
26.905	-0.105916
26.906	-0.09638
26.907	-0.002932
26.908	0.026353
26.909	-0.102885
26.91	-0.253661
26.911	-0.304674
26.912	-0.367025
26.913	-0.462852
26.914	-0.383871
26.915	-0.142582
26.916	-0.016337
26.917	-0.061526
26.918	-0.047262
26.919	0.113693
26.92	0.156446
26.921	-0.090338
26.922	-0.313938
26.923	-0.241778
26.924	-0.092246
26.925	-0.068983
26.926	-0.051352
26.927	0.029955
26.928	0.02929
26.929	-0.142532
26.93	-0.336999
26.931	-0.415121
26.932	-0.478622
26.933	-0.556246
26.934	-0.451698
26.935	-0.182972
26.936	-0.027385
26.937	-0.045334
26.938	-0.015989
26.939	0.140386
26.94	0.163712
26.941	-0.097182
26.942	-0.30405
26.943	-0.178652
26.944	0.026674
26.945	0.061694
26.946	0.036479
26.947	0.045955
26.948	-0.02118
26.949	-0.210589
26.95	-0.31831
26.951	-0.198211
26.952	-0.064504
26.953	-0.096988
26.954	-0.123821
26.955	-0.057762
26.956	-0.067804
26.957	-0.166866
26.958	-0.123909
26.959	0.148083
26.96	0.374554
26.961	0.326442
26.962	0.241657
26.963	0.338075
26.964	0.347571
26.965	0.092963
26.966	-0.147192
26.967	-0.157034
26.968	-0.081782
26.969	-0.106595
26.97	-0.17049
26.971	-0.185907
26.972	-0.278376
26.973	-0.435375
26.974	-0.367265
26.975	-0.073117
26.976	0.077114
26.977	-0.050237
26.978	-0.188004
26.979	-0.123173
26.98	-0.011594
26.981	-0.041614
26.982	-0.026746
26.983	0.176816
26.984	0.277278
26.985	0.103539
26.986	-0.08151
26.987	-0.085812
26.988	-0.048516
26.989	-0.119479
26.99	-0.198942
26.991	-0.182759
26.992	-0.214854
26.993	-0.324917
26.994	-0.256483
26.995	-0.002769
26.996	0.103547
26.997	-0.042237
26.998	-0.179182
26.999	-0.131323
27.0	-0.099841
27.001	-0.270794
27.002	-0.363564
27.003	-0.13905
27.004	0.089185
27.005	0.056358
27.006	-0.040953
27.007	-0.024467
27.008	-0.009386
27.009	-0.112575
27.01	-0.216886
27.011	-0.220205
27.012	-0.272773
27.013	-0.398703
27.014	-0.32844
27.015	-0.050332
27.016	0.094936
27.017	-0.009791
27.018	-0.112025
27.019	-0.042565
27.02	-0.018704
27.021	-0.247449
27.022	-0.439228
27.023	-0.295692
27.024	-0.066473
27.025	-0.017649
27.026	-0.017484
27.027	0.054541
27.028	0.075864
27.029	-0.044692
27.03	-0.163124
27.031	-0.163674
27.032	-0.202006
27.033	-0.325559
27.034	-0.279928
27.035	-0.038341
27.036	0.083928
27.037	-0.020874
27.038	-0.098405
27.039	0.037187
27.04	0.194039
27.041	0.144502
27.042	0.074915
27.043	0.188018
27.044	0.257459
27.045	0.115646
27.046	-0.03226
27.047	-0.042127
27.048	-0.041769
27.049	-0.126271
27.05	-0.142913
27.051	0.003642
27.052	0.06626
27.053	-0.087184
27.054	-0.167334
27.055	-0.041919
27.056	0.031697
27.057	-0.063948
27.058	-0.117366
27.059	0.002623
27.06	0.057324
27.061	-0.165097
27.062	-0.36436
27.063	-0.229458
27.064	-0.010304
27.065	0.019767
27.066	-0.008689
27.067	0.024849
27.068	-0.011656
27.069	-0.214177
27.07	-0.395312
27.071	-0.364085
27.072	-0.297345
27.073	-0.362113
27.074	-0.33852
27.075	-0.120954
27.076	0.031732
27.077	-0.003457
27.078	-0.025831
27.079	0.088478
27.08	0.104385
27.081	-0.169821
27.082	-0.402619
27.083	-0.261695
27.084	-0.002692
27.085	0.071414
27.086	0.059956
27.087	0.073686
27.088	-0.002346
27.089	-0.226065
27.09	-0.362022
27.091	-0.209431
27.092	-0.025867
27.093	-0.078631
27.094	-0.145136
27.095	-0.035267
27.096	0.051792
27.097	-0.018906
27.098	-0.104431
27.099	-0.122581
27.1	-0.296153
27.101	-0.759789
27.102	-1.102933
27.103	-0.9386
27.104	-0.537968
27.105	-0.268041
27.106	-0.091206
27.107	0.074688
27.108	0.132409
27.109	0.061532
27.11	0.083454
27.111	0.313768
27.112	0.451269
27.113	0.293254
27.114	0.132582
27.115	0.164487
27.116	0.174123
27.117	0.033304
27.118	-0.090672
27.119	-0.110416
27.12	-0.282892
27.121	-0.780411
27.122	-1.18163
27.123	-1.043811
27.124	-0.59832
27.125	-0.235411
27.126	0.016706
27.127	0.194599
27.128	0.213021
27.129	0.107153
27.13	0.157875
27.131	0.48762
27.132	0.713995
27.133	0.544662
27.134	0.288025
27.135	0.229358
27.136	0.201365
27.137	0.032832
27.138	-0.181608
27.139	-0.354234
27.14	-0.639595
27.141	-1.089474
27.142	-1.278369
27.143	-0.917544
27.144	-0.408141
27.145	-0.149575
27.146	-0.025235
27.147	0.136774
27.148	0.256299
27.149	0.254142
27.15	0.263549
27.151	0.35287
27.152	0.278016
27.153	-0.019777
27.154	-0.140476
27.155	0.071666
27.156	0.249865
27.157	0.142908
27.158	-0.046496
27.159	0.009402
27.16	0.375739
27.161	0.82488
27.162	1.050876
27.163	0.891025
27.164	0.465817
27.165	0.097661
27.166	0.014363
27.167	0.146151
27.168	0.249206
27.169	0.237648
27.17	0.310955
27.171	0.55563
27.172	0.629207
27.173	0.347188
27.174	0.105891
27.175	0.170693
27.176	0.269574
27.177	0.159868
27.178	-0.009206
27.179	0.039481
27.18	0.370285
27.181	0.796836
27.182	1.0493
27.183	0.959835
27.184	0.605055
27.185	0.260346
27.186	0.136832
27.187	0.180695
27.188	0.183458
27.189	0.100133
27.19	0.159418
27.191	0.447553
27.192	0.585776
27.193	0.342227
27.194	0.09993
27.195	0.153758
27.196	0.261928
27.197	0.178959
27.198	0.027776
27.199	0.064018
27.2	0.352038
27.201	0.723698
27.202	0.938413
27.203	0.859525
27.204	0.569206
27.205	0.304038
27.206	0.219638
27.207	0.238935
27.208	0.179042
27.209	0.041666
27.21	0.085056
27.211	0.390436
27.212	0.552762
27.213	0.320932
27.214	0.07785
27.215	0.129478
27.216	0.245446
27.217	0.188286
27.218	0.095598
27.219	0.251883
27.22	0.718557
27.221	1.232588
27.222	1.441841
27.223	1.225104
27.224	0.78007
27.225	0.415496
27.226	0.273503
27.227	0.23721
27.228	0.101456
27.229	-0.134405
27.23	-0.181439
27.231	0.10816
27.232	0.354104
27.233	0.235366
27.234	0.056663
27.235	0.120379
27.236	0.235627
27.237	0.190772
27.238	0.121949
27.239	0.298271
27.24	0.761282
27.241	1.230882
27.242	1.36445
27.243	1.089275
27.244	0.652291
27.245	0.35695
27.246	0.288889
27.247	0.285128
27.248	0.141878
27.249	-0.115096
27.25	-0.181718
27.251	0.086056
27.252	0.302698
27.253	0.154684
27.254	-0.036781
27.255	0.041562
27.256	0.19567
27.257	0.202252
27.258	0.185742
27.259	0.404357
27.26	0.883945
27.261	1.326742
27.262	1.390688
27.263	1.029298
27.264	0.512396
27.265	0.149796
27.266	0.055748
27.267	0.122178
27.268	0.159852
27.269	0.13715
27.27	0.267089
27.271	0.613776
27.272	0.758686
27.273	0.443968
27.274	0.115928
27.275	0.15493
27.276	0.30333
27.277	0.240729
27.278	0.069447
27.279	0.095873
27.28	0.412218
27.281	0.778682
27.282	0.895627
27.283	0.70917
27.284	0.397235
27.285	0.163876
27.286	0.106391
27.287	0.161649
27.288	0.171994
27.289	0.115986
27.29	0.213692
27.291	0.539329
27.292	0.679291
27.293	0.368787
27.294	0.045554
27.295	0.089999
27.296	0.252174
27.297	0.21858
27.298	0.089197
27.299	0.156571
27.3	0.491591
27.301	0.83966
27.302	0.906827
27.303	0.665406
27.304	0.327509
27.305	0.112625
27.306	0.096865
27.307	0.181447
27.308	0.190366
27.309	0.10515
27.31	0.163531
27.311	0.464619
27.312	0.607452
27.313	0.316364
27.314	0.008486
27.315	0.054731
27.316	0.213759
27.317	0.185778
27.318	0.077038
27.319	0.18106
27.32	0.568845
27.321	0.982875
27.322	1.111482
27.323	0.892046
27.324	0.514905
27.325	0.22008
27.326	0.129533
27.327	0.170893
27.328	0.146624
27.329	-0.024199
27.33	-0.160005
27.331	-0.120542
27.332	-0.135831
27.333	-0.349428
27.334	-0.415702
27.335	-0.129559
27.336	0.180737
27.337	0.219651
27.338	0.133897
27.339	0.250135
27.34	0.63939
27.341	1.02048
27.342	1.078702
27.343	0.796668
27.344	0.415656
27.345	0.175767
27.346	0.156458
27.347	0.24362
27.348	0.221797
27.349	0.016949
27.35	-0.160447
27.351	-0.129216
27.352	-0.099037
27.353	-0.243844
27.354	-0.277162
27.355	-0.023649
27.356	0.209903
27.357	0.173557
27.358	0.055941
27.359	0.211027
27.36	0.714584
27.361	1.254158
27.362	1.446205
27.363	1.199856
27.364	0.729599
27.365	0.322267
27.366	0.14372
27.367	0.136358
27.368	0.086681
27.369	-0.091536
27.37	-0.176458
27.371	0.012145
27.372	0.190087
27.373	0.086705
27.374	-0.021677
27.375	0.110384
27.376	0.249095
27.377	0.172776
27.378	0.007083
27.379	-0.088051
27.38	-0.269527
27.381	-0.713208
27.382	-1.065763
27.383	-0.887301
27.384	-0.397685
27.385	-0.036813
27.386	0.145432
27.387	0.231439
27.388	0.162273
27.389	-0.064005
27.39	-0.191231
27.391	-0.0233
27.392	0.162601
27.393	0.088129
27.394	0.003246
27.395	0.126536
27.396	0.224552
27.397	0.107057
27.398	-0.058883
27.399	-0.09068
27.4	-0.164566
27.401	-0.510917
27.402	-0.822917
27.403	-0.671064
27.404	-0.264385
27.405	-0.022606
27.406	0.050897
27.407	0.112745
27.408	0.151008
27.409	0.127136
27.41	0.19589
27.411	0.448491
27.412	0.559374
27.413	0.3157
27.414	0.108505
27.415	0.21288
27.416	0.305253
27.417	0.093486
27.418	-0.244982
27.419	-0.424588
27.42	-0.511218
27.421	-0.6946
27.422	-0.749678
27.423	-0.423675
27.424	-0.053533
27.425	-0.005533
27.426	-0.102887
27.427	-0.075643
27.428	0.024434
27.429	0.065403
27.43	0.161216
27.431	0.418779
27.432	0.537456
27.433	0.303144
27.434	0.089769
27.435	0.169932
27.436	0.237729
27.437	0.025933
27.438	-0.272679
27.439	-0.386971
27.44	-0.438247
27.441	-0.686368
27.442	-0.906672
27.443	-0.727906
27.444	-0.369378
27.445	-0.218708
27.446	-0.198485
27.447	-0.096445
27.448	0.030644
27.449	0.066129
27.45	0.147402
27.451	0.410981
27.452	0.570481
27.453	0.382
27.454	0.170789
27.455	0.200423
27.456	0.203552
27.457	-0.043315
27.458	-0.330467
27.459	-0.399241
27.46	-0.403125
27.461	-0.638821
27.462	-0.902187
27.463	-0.803771
27.464	-0.506083
27.465	-0.350278
27.466	-0.271466
27.467	-0.1078
27.468	0.048293
27.469	0.073708
27.47	0.116026
27.471	0.329091
27.472	0.444505
27.473	0.235534
27.474	0.037621
27.475	0.106464
27.476	0.157664
27.477	-0.04317
27.478	-0.290869
27.479	-0.331085
27.48	-0.325956
27.481	-0.579499
27.482	-0.880167
27.483	-0.812166
27.484	-0.511808
27.485	-0.323492
27.486	-0.211096
27.487	-0.035394
27.488	0.101484
27.489	0.062635
27.49	-0.017381
27.491	0.045718
27.492	0.073573
27.493	-0.096918
27.494	-0.173207
27.495	0.014493
27.496	0.143803
27.497	-0.014194
27.498	-0.239958
27.499	-0.267207
27.5	-0.25014
27.501	-0.488799
27.502	-0.773058
27.503	-0.696262
27.504	-0.405371
27.505	-0.244081
27.506	-0.165813
27.507	-0.025103
27.508	0.076237
27.509	0.004944
27.51	-0.092069
27.511	-0.016527
27.512	0.048008
27.513	-0.091427
27.514	-0.16502
27.515	0.007284
27.516	0.127415
27.517	-0.02189
27.518	-0.224218
27.519	-0.230878
27.52	-0.235861
27.521	-0.592488
27.522	-1.087942
27.523	-1.187489
27.524	-0.887114
27.525	-0.536137
27.526	-0.233216
27.527	0.04173
27.528	0.165171
27.529	0.054865
27.53	-0.09045
27.531	-0.059689
27.532	-0.04775
27.533	-0.246221
27.534	-0.360365
27.535	-0.18539
27.536	-0.01302
27.537	-0.068724
27.538	-0.146858
27.539	0.003054
27.54	0.20103
27.541	0.082273
27.542	-0.227482
27.543	-0.319165
27.544	-0.216248
27.545	-0.156119
27.546	-0.100116
27.547	0.047889
27.548	0.176722
27.549	0.159171
27.55	0.103002
27.551	0.13457
27.552	0.05277
27.553	-0.248665
27.554	-0.378482
27.555	-0.127586
27.556	0.111771
27.557	0.011339
27.558	-0.233263
27.559	-0.295773
27.56	-0.254341
27.561	-0.404691
27.562	-0.616768
27.563	-0.532613
27.564	-0.277553
27.565	-0.187194
27.566	-0.198546
27.567	-0.100095
27.568	0.044692
27.569	0.063422
27.57	0.022351
27.571	0.052945
27.572	-0.028339
27.573	-0.322996
27.574	-0.439656
27.575	-0.168306
27.576	0.097149
27.577	0.024129
27.578	-0.196815
27.579	-0.244017
27.58	-0.197323
27.581	-0.349542
27.582	-0.559246
27.583	-0.453174
27.584	-0.163657
27.585	-0.059041
27.586	-0.097034
27.587	-0.056078
27.588	0.025128
27.589	8.8e-05
27.59	-0.03956
27.591	0.055329
27.592	0.085208
27.593	-0.116942
27.594	-0.228516
27.595	-0.03964
27.596	0.120474
27.597	-0.02076
27.598	-0.257506
27.599	-0.283845
27.6	-0.202009
27.601	-0.325859
27.602	-0.530935
27.603	-0.447207
27.604	-0.188661
27.605	-0.097844
27.606	-0.12994
27.607	-0.083568
27.608	-0.007895
27.609	-0.040444
27.61	-0.080916
27.611	0.011771
27.612	0.024868
27.613	-0.201154
27.614	-0.321639
27.615	-0.118796
27.616	0.068689
27.617	-0.041528
27.618	-0.240624
27.619	-0.20195
27.62	-0.006496
27.621	0.001275
27.622	-0.151203
27.623	-0.148811
27.624	-0.034502
27.625	-0.052061
27.626	-0.137559
27.627	-0.11898
27.628	-0.061393
27.629	-0.089203
27.63	-0.067072
27.631	0.178948
27.632	0.401871
27.633	0.301308
27.634	0.102993
27.635	0.085383
27.636	0.071259
27.637	-0.132791
27.638	-0.329971
27.639	-0.245415
27.64	-0.010869
27.641	-0.007954
27.642	-0.218081
27.643	-0.290377
27.644	-0.208602
27.645	-0.190534
27.646	-0.202851
27.647	-0.122551
27.648	-0.04261
27.649	-0.097724
27.65	-0.158705
27.651	-0.024288
27.652	0.137987
27.653	0.07267
27.654	-0.046886
27.655	-0.005115
27.656	0.019133
27.657	-0.145054
27.658	-0.295593
27.659	-0.170855
27.66	0.077978
27.661	0.057554
27.662	-0.203662
27.663	-0.324587
27.664	-0.2617
27.665	-0.229338
27.666	-0.21259
27.667	-0.11042
27.668	-0.02581
27.669	-0.091248
27.67	-0.172364
27.671	-0.06251
27.672	0.076876
27.673	-0.00558
27.674	-0.132898
27.675	-0.084665
27.676	-0.035803
27.677	-0.158173
27.678	-0.261206
27.679	-0.101469
27.68	0.161207
27.681	0.147581
27.682	-0.089691
27.683	-0.173
27.684	-0.09694
27.685	-0.102366
27.686	-0.156936
27.687	-0.120529
27.688	-0.070931
27.689	-0.140555
27.69	-0.218975
27.691	-0.145741
27.692	-0.113555
27.693	-0.315435
27.694	-0.443702
27.695	-0.234218
27.696	0.01392
27.697	-0.033533
27.698	-0.235262
27.699	-0.272295
27.7	-0.173803
27.701	-0.208377
27.702	-0.309501
27.703	-0.207107
27.704	-0.036458
27.705	-0.083686
27.706	-0.226528
27.707	-0.196042
27.708	-0.039272
27.709	0.01328
27.71	-0.059889
27.711	-0.124856
27.712	-0.246974
27.713	-0.488381
27.714	-0.55974
27.715	-0.28517
27.716	0.006588
27.717	-0.006005
27.718	-0.179353
27.719	-0.204454
27.72	-0.11506
27.721	-0.168798
27.722	-0.277249
27.723	-0.155228
27.724	0.051839
27.725	0.026984
27.726	-0.12984
27.727	-0.147572
27.728	-0.055266
27.729	-0.052587
27.73	-0.107922
27.731	-0.027488
27.732	0.104722
27.733	0.065662
27.734	-0.020398
27.735	0.048116
27.736	0.105734
27.737	-0.052854
27.738	-0.273751
27.739	-0.298305
27.74	-0.221897
27.741	-0.345512
27.742	-0.563635
27.743	-0.493011
27.744	-0.209387
27.745	-0.092024
27.746	-0.147551
27.747	-0.141795
27.748	-0.079126
27.749	-0.118652
27.75	-0.196455
27.751	-0.105088
27.752	0.062033
27.753	0.057801
27.754	-0.011855
27.755	0.053441
27.756	0.0994
27.757	-0.067421
27.758	-0.288741
27.759	-0.30694
27.76	-0.216356
27.761	-0.313809
27.762	-0.49121
27.763	-0.373168
27.764	-0.061114
27.765	0.039919
27.766	-0.074789
27.767	-0.144041
27.768	-0.143008
27.769	-0.212078
27.77	-0.278369
27.771	-0.135188
27.772	0.108346
27.773	0.171314
27.774	0.119412
27.775	0.138516
27.776	0.103303
27.777	-0.13316
27.778	-0.377442
27.779	-0.341182
27.78	-0.085518
27.781	0.075081
27.782	0.111495
27.783	0.228267
27.784	0.325877
27.785	0.176214
27.786	-0.091663
27.787	-0.218404
27.788	-0.22808
27.789	-0.287644
27.79	-0.330193
27.791	-0.155945
27.792	0.110037
27.793	0.171528
27.794	0.093688
27.795	0.082792
27.796	0.040358
27.797	-0.170076
27.798	-0.366493
27.799	-0.290055
27.8	-0.051812
27.801	-0.021153
27.802	-0.21174
27.803	-0.276788
27.804	-0.168716
27.805	-0.134664
27.806	-0.188278
27.807	-0.1786
27.808	-0.145644
27.809	-0.216952
27.81	-0.282943
27.811	-0.121343
27.812	0.149103
27.813	0.224063
27.814	0.147514
27.815	0.112376
27.816	0.03411
27.817	-0.19654
27.818	-0.38463
27.819	-0.271504
27.82	0.042572
27.821	0.214808
27.822	0.2195
27.823	0.285598
27.824	0.315351
27.825	0.070661
27.826	-0.278857
27.827	-0.395217
27.828	-0.270723
27.829	-0.122614
27.83	0.019321
27.831	0.270226
27.832	0.472294
27.833	0.360822
27.834	0.111771
27.835	0.052138
27.836	0.070249
27.837	-0.09603
27.838	-0.345414
27.839	-0.394661
27.84	-0.270699
27.841	-0.26373
27.842	-0.374287
27.843	-0.332782
27.844	-0.19386
27.845	-0.222954
27.846	-0.346514
27.847	-0.312558
27.848	-0.138234
27.849	-0.018523
27.85	0.039508
27.851	0.15738
27.852	0.208742
27.853	0.01416
27.854	-0.191695
27.855	-0.128832
27.856	0.009249
27.857	-0.070587
27.858	-0.265215
27.859	-0.290903
27.86	-0.176822
27.861	-0.206812
27.862	-0.360396
27.863	-0.340849
27.864	-0.187303
27.865	-0.177082
27.866	-0.267701
27.867	-0.228952
27.868	-0.082875
27.869	-0.030668
27.87	-0.08991
27.871	-0.114677
27.872	-0.150684
27.873	-0.320545
27.874	-0.427959
27.875	-0.259899
27.876	-0.031613
27.877	-0.03475
27.878	-0.173285
27.879	-0.183198
27.88	-0.128369
27.881	-0.327743
27.882	-0.730663
27.883	-0.89417
27.884	-0.708927
27.885	-0.473298
27.886	-0.302331
27.887	-0.096922
27.888	0.091245
27.889	0.105122
27.89	-0.010047
27.891	-0.061803
27.892	-0.080526
27.893	-0.211851
27.894	-0.302608
27.895	-0.159358
27.896	0.023528
27.897	-0.016955
27.898	-0.176297
27.899	-0.186615
27.9	-0.082549
27.901	-0.134395
27.902	-0.297492
27.903	-0.25595
27.904	-0.053846
27.905	-0.002414
27.906	-0.0973
27.907	-0.12257
27.908	-0.080423
27.909	-0.118733
27.91	-0.173937
27.911	-0.021138
27.912	0.273541
27.913	0.393995
27.914	0.316968
27.915	0.245651
27.916	0.147988
27.917	-0.097127
27.918	-0.343549
27.919	-0.361255
27.92	-0.256226
27.921	-0.363437
27.922	-0.638639
27.923	-0.666433
27.924	-0.400156
27.925	-0.195912
27.926	-0.163287
27.927	-0.142869
27.928	-0.118619
27.929	-0.189528
27.93	-0.255469
27.931	-0.090263
27.932	0.214383
27.933	0.324683
27.934	0.229306
27.935	0.153025
27.936	0.068627
27.937	-0.152754
27.938	-0.36441
27.939	-0.315831
27.94	-0.084128
27.941	-0.015364
27.942	-0.144709
27.943	-0.13693
27.944	0.030843
27.945	0.021407
27.946	-0.187435
27.947	-0.293196
27.948	-0.216259
27.949	-0.15517
27.95	-0.20261
27.951	-0.260984
27.952	-0.341196
27.953	-0.515264
27.954	-0.58529
27.955	-0.354626
27.956	-0.059273
27.957	-0.029551
27.958	-0.189965
27.959	-0.237549
27.96	-0.143976
27.961	-0.157772
27.962	-0.272686
27.963	-0.187212
27.964	0.066489
27.965	0.128499
27.966	-0.037158
27.967	-0.153823
27.968	-0.145174
27.969	-0.169988
27.97	-0.273138
27.971	-0.3466
27.972	-0.429442
27.973	-0.61706
27.974	-0.699704
27.975	-0.456626
27.976	-0.121692
27.977	-0.040112
27.978	-0.144223
27.979	-0.128665
27.98	0.021552
27.981	-0.013429
27.982	-0.308486
27.983	-0.482025
27.984	-0.345291
27.985	-0.16846
27.986	-0.1115
27.987	-0.055257
27.988	0.01848
27.989	-0.022151
27.99	-0.187411
27.991	-0.367765
27.992	-0.587345
27.993	-0.862968
27.994	-0.920502
27.995	-0.578852
27.996	-0.14742
27.997	0.003623
27.998	-0.050611
27.999	-0.000508
28.0	0.160618
28.001	0.091556
28.002	-0.297645
28.003	-0.598117
28.004	-0.545526
28.005	-0.345597
28.006	-0.176391
28.007	-0.001806
28.008	0.136152
28.009	0.106217
28.01	-0.078066
28.011	-0.300565
28.012	-0.588283
28.013	-0.93944
28.014	-1.042513
28.015	-0.692208
28.016	-0.205081
28.017	0.01813
28.018	0.023045
28.019	0.115793
28.02	0.331907
28.021	0.369687
28.022	0.131043
28.023	-0.070693
28.024	-0.063842
28.025	-0.028035
28.026	-0.046134
28.027	-0.023238
28.028	0.014787
28.029	-0.035607
28.03	-0.073537
28.031	0.136682
28.032	0.52039
28.033	0.691039
28.034	0.542278
28.035	0.318728
28.036	0.102256
28.037	-0.189936
28.038	-0.430881
28.039	-0.349187
28.04	0.097075
28.041	0.682185
28.042	1.241326
28.043	1.671728
28.044	1.687602
28.045	1.118105
28.046	0.289252
28.047	-0.321635
28.048	-0.598002
28.049	-0.695
28.05	-0.606831
28.051	-0.142799
28.052	0.572183
28.053	1.009734
28.054	0.916519
28.055	0.541972
28.056	0.09881
28.057	-0.370857
28.058	-0.688978
28.059	-0.61893
28.06	-0.224961
28.061	0.148392
28.062	0.349323
28.063	0.51446
28.064	0.60013
28.065	0.387426
28.066	-0.040901
28.067	-0.380646
28.068	-0.546913
28.069	-0.6593
28.07	-0.694974
28.071	-0.473066
28.072	-0.06971
28.073	0.148679
28.074	0.104539
28.075	0.056189
28.076	0.017931
28.077	-0.203787
28.078	-0.522664
28.079	-0.636503
28.08	-0.48551
28.081	-0.311166
28.082	-0.195221
28.083	0.039128
28.084	0.303012
28.085	0.245576
28.086	-0.118415
28.087	-0.415213
28.088	-0.477653
28.089	-0.442876
28.09	-0.384612
28.091	-0.202816
28.092	0.043959
28.093	0.091949
28.094	-0.044919
28.095	-0.087063
28.096	-0.049539
28.097	-0.169543
28.098	-0.399071
28.099	-0.468295
28.1	-0.359858
28.101	-0.364893
28.102	-0.551622
28.103	-0.590231
28.104	-0.371091
28.105	-0.204298
28.106	-0.223607
28.107	-0.239884
28.108	-0.175408
28.109	-0.16016
28.11	-0.251442
28.111	-0.367005
28.112	-0.517961
28.113	-0.755617
28.114	-0.862378
28.115	-0.605482
28.116	-0.205757
28.117	-0.043725
28.118	-0.11011
28.119	-0.134005
28.12	-0.120663
28.121	-0.416454
28.122	-1.060851
28.123	-1.490661
28.124	-1.322475
28.125	-0.840268
28.126	-0.390394
28.127	-0.019419
28.128	0.23477
28.129	0.249791
28.13	-0.0009
28.131	-0.442259
28.132	-1.026024
28.133	-1.567604
28.134	-1.632376
28.135	-1.056381
28.136	-0.298973
28.137	0.111394
28.138	0.17425
28.139	0.221741
28.14	0.314236
28.141	0.097605
28.142	-0.56435
28.143	-1.157287
28.144	-1.194584
28.145	-0.819641
28.146	-0.349201
28.147	0.095228
28.148	0.396627
28.149	0.413798
28.15	0.1422
28.151	-0.326353
28.152	-0.946083
28.153	-1.535106
28.154	-1.642739
28.155	-1.079913
28.156	-0.297333
28.157	0.161094
28.158	0.272041
28.159	0.354581
28.16	0.464805
28.161	0.241282
28.162	-0.458686
28.163	-1.106062
28.164	-1.180276
28.165	-0.803739
28.166	-0.306344
28.167	0.159006
28.168	0.458539
28.169	0.467327
28.17	0.226575
28.171	-0.123968
28.172	-0.555034
28.173	-1.009723
28.174	-1.161535
28.175	-0.79422
28.176	-0.227778
28.177	0.083899
28.178	0.139264
28.179	0.275221
28.18	0.607496
28.181	0.821641
28.182	0.665086
28.183	0.380959
28.184	0.263012
28.185	0.218366
28.186	0.13326
28.187	0.089569
28.188	0.088842
28.189	0.025723
28.19	-0.056327
28.191	0.021692
28.192	0.207893
28.193	0.205452
28.194	0.005235
28.195	-0.090399
28.196	-0.0474
28.197	-0.094861
28.198	-0.237072
28.199	-0.254129
28.2	-0.122294
28.201	-0.124335
28.202	-0.367489
28.203	-0.509635
28.204	-0.357541
28.205	-0.197488
28.206	-0.195271
28.207	-0.162957
28.208	-0.007
28.209	0.143605
28.21	0.227448
28.211	0.321559
28.212	0.354043
28.213	0.128732
28.214	-0.198456
28.215	-0.23978
28.216	-0.039162
28.217	0.028665
28.218	-0.101893
28.219	-0.165676
28.22	-0.078224
28.221	-0.102221
28.222	-0.33663
28.223	-0.425206
28.224	-0.194812
28.225	0.004201
28.226	-0.035795
28.227	-0.099531
28.228	-0.037519
28.229	0.055357
28.23	0.140402
28.231	0.328264
28.232	0.539899
28.233	0.464921
28.234	0.132975
28.235	-0.051518
28.236	-0.010852
28.237	-0.033407
28.238	-0.179576
28.239	-0.224817
28.24	-0.124162
28.241	-0.151669
28.242	-0.394043
28.243	-0.483817
28.244	-0.24798
28.245	-0.036064
28.246	-0.053111
28.247	-0.094236
28.248	-0.035507
28.249	-0.00034
28.25	-0.039279
28.251	0.002969
28.252	0.151959
28.253	0.151073
28.254	-0.043901
28.255	-0.125674
28.256	-0.031955
28.257	-0.020635
28.258	-0.138627
28.259	-0.172094
28.26	-0.088403
28.261	-0.156031
28.262	-0.440292
28.263	-0.552106
28.264	-0.305127
28.265	-0.05061
28.266	-0.01391
28.267	-0.016692
28.268	0.047065
28.269	0.045181
28.27	-0.082114
28.271	-0.18754
28.272	-0.214174
28.273	-0.322823
28.274	-0.480825
28.275	-0.413397
28.276	-0.144949
28.277	0.013581
28.278	0.001557
28.279	0.03589
28.28	0.145087
28.281	0.012181
28.282	-0.485899
28.283	-0.876757
28.284	-0.759217
28.285	-0.387293
28.286	-0.097742
28.287	0.122295
28.288	0.289849
28.289	0.271303
28.29	0.034814
28.291	-0.259704
28.292	-0.521121
28.293	-0.800509
28.294	-0.956897
28.295	-0.731991
28.296	-0.258052
28.297	0.061279
28.298	0.126729
28.299	0.185985
28.3	0.389119
28.301	0.591454
28.302	0.696563
28.303	0.873726
28.304	1.115738
28.305	1.073204
28.306	0.654264
28.307	0.187533
28.308	-0.112016
28.309	-0.299385
28.31	-0.305583
28.311	0.206293
28.312	1.273009
28.313	2.202369
28.314	2.314405
28.315	1.711708
28.316	0.845598
28.317	0.004828
28.318	-0.573053
28.319	-0.694634
28.32	-0.441087
28.321	-0.154942
28.322	-0.004483
28.323	0.223835
28.324	0.572777
28.325	0.661678
28.326	0.339551
28.327	-0.080599
28.328	-0.37088
28.329	-0.603512
28.33	-0.806627
28.331	-0.777229
28.332	-0.442453
28.333	-0.135376
28.334	-0.102755
28.335	-0.153778
28.336	-0.141047
28.337	-0.173781
28.338	-0.240536
28.339	-0.158312
28.34	0.07586
28.341	0.188715
28.342	0.065011
28.343	0.014246
28.344	0.223253
28.345	0.401181
28.346	0.329812
28.347	0.148484
28.348	-0.034807
28.349	-0.28263
28.35	-0.546895
28.351	-0.571508
28.352	-0.27821
28.353	-0.012782
28.354	-0.017792
28.355	-0.069501
28.356	0.001645
28.357	0.044652
28.358	-0.011608
28.359	-0.035173
28.36	-0.012305
28.361	-0.15622
28.362	-0.479304
28.363	-0.559127
28.364	-0.197698
28.365	0.188363
28.366	0.276365
28.367	0.231881
28.368	0.21744
28.369	0.103572
28.37	-0.295002
28.371	-0.984257
28.372	-1.795308
28.373	-2.425189
28.374	-2.477714
28.375	-1.790573
28.376	-0.75429
28.377	0.024227
28.378	0.3343
28.379	0.398603
28.38	0.410529
28.381	0.264985
28.382	-0.210561
28.383	-0.898388
28.384	-1.387475
28.385	-1.316275
28.386	-0.676988
28.387	0.19984
28.388	0.892576
28.389	1.130848
28.39	0.891011
28.391	0.271941
28.392	-0.660495
28.393	-1.672182
28.394	-2.155948
28.395	-1.666956
28.396	-0.551108
28.397	0.433187
28.398	0.929389
28.399	1.117509
28.4	1.237846
28.401	1.237006
28.402	0.904056
28.403	0.245507
28.404	-0.384317
28.405	-0.560797
28.406	-0.165066
28.407	0.534384
28.408	1.120916
28.409	1.335012
28.41	1.208106
28.411	0.878007
28.412	0.294392
28.413	-0.581411
28.414	-1.292877
28.415	-1.228401
28.416	-0.453008
28.417	0.39999
28.418	0.922945
28.419	1.186646
28.42	1.368551
28.421	1.436461
28.422	1.23302
28.423	0.739495
28.424	0.183879
28.425	-0.087735
28.426	0.113304
28.427	0.63432
28.428	1.107538
28.429	1.276204
28.43	1.199063
28.431	1.076233
28.432	0.835711
28.433	0.218596
28.434	-0.548045
28.435	-0.798066
28.436	-0.334537
28.437	0.392684
28.438	0.952171
28.439	1.206572
28.44	1.044253
28.441	0.291236
28.442	-0.831564
28.443	-1.508208
28.444	-1.216392
28.445	-0.376884
28.446	0.375576
28.447	0.843091
28.448	1.026165
28.449	0.95082
28.45	0.839593
28.451	1.061635
28.452	1.598465
28.453	1.817786
28.454	1.333819
28.455	0.613076
28.456	0.213165
28.457	0.156683
28.458	0.268774
28.459	0.510902
28.46	0.932604
28.461	1.549474
28.462	2.275121
28.463	2.857924
28.464	2.925658
28.465	2.307362
28.466	1.318883
28.467	0.502305
28.468	0.074693
28.469	-0.151197
28.47	-0.317845
28.471	-0.216185
28.472	0.464856
28.473	1.607004
28.474	2.541999
28.475	2.631949
28.476	1.847822
28.477	0.663213
28.478	-0.376902
28.479	-0.844403
28.48	-0.377934
28.481	1.293934
28.482	3.956151
28.483	6.438509
28.484	7.076773
28.485	5.190183
28.486	1.904007
28.487	-0.914968
28.488	-2.351444
28.489	-2.723587
28.49	-2.494971
28.491	-1.449054
28.492	0.842353
28.493	3.872416
28.494	6.118032
28.495	6.324313
28.496	4.490958
28.497	1.67278
28.498	-0.868711
28.499	-2.326162
28.5	-2.387588
28.501	-1.025694
28.502	1.377577
28.503	3.719425
28.504	4.543109
28.505	3.224279
28.506	0.656845
28.507	-1.589319
28.508	-2.693385
28.509	-2.914417
28.51	-2.767449
28.511	-2.351748
28.512	-1.608124
28.513	-0.837439
28.514	-0.392554
28.515	-0.186021
28.516	-0.059867
28.517	-0.123828
28.518	-0.445917
28.519	-0.888177
28.52	-1.303426
28.521	-1.573335
28.522	-1.470155
28.523	-0.879432
28.524	-0.15222
28.525	0.211743
28.526	0.152097
28.527	-0.022725
28.528	-0.131746
28.529	-0.248454
28.53	-0.378043
28.531	-0.274015
28.532	0.149629
28.533	0.445001
28.534	0.278295
28.535	0.020042
28.536	0.053417
28.537	0.222127
28.538	0.27575
28.539	0.198379
28.54	0.012266
28.541	-0.382703
28.542	-1.030808
28.543	-1.680751
28.544	-1.897546
28.545	-1.464156
28.546	-0.582345
28.547	0.328696
28.548	0.916186
28.549	1.063499
28.55	0.977951
28.551	1.031433
28.552	1.250235
28.553	1.172385
28.554	0.642792
28.555	0.200405
28.556	0.22587
28.557	0.472483
28.558	0.617062
28.559	0.640409
28.56	0.63389
28.561	0.54533
28.562	0.236298
28.563	-0.247217
28.564	-0.597921
28.565	-0.52568
28.566	-0.038659
28.567	0.589687
28.568	1.030063
28.569	1.10601
28.57	0.949034
28.571	0.907001
28.572	1.06386
28.573	1.01218
28.574	0.561487
28.575	0.188179
28.576	0.256494
28.577	0.523056
28.578	0.668711
28.579	0.698513
28.58	0.749277
28.581	0.80656
28.582	0.718001
28.583	0.429837
28.584	0.113486
28.585	0.024427
28.586	0.260422
28.587	0.671311
28.588	0.976355
28.589	0.997368
28.59	0.865279
28.591	0.947458
28.592	1.327504
28.593	1.509961
28.594	1.161952
28.595	0.693561
28.596	0.528962
28.597	0.541914
28.598	0.505726
28.599	0.468459
28.6	0.593037
28.601	0.904102
28.602	1.253841
28.603	1.43997
28.604	1.342943
28.605	1.046517
28.606	0.784328
28.607	0.692355
28.608	0.675403
28.609	0.574618
28.61	0.451808
28.611	0.604037
28.612	1.069835
28.613	1.320519
28.614	1.011889
28.615	0.571967
28.616	0.437117
28.617	0.472535
28.618	0.44404
28.619	0.392255
28.62	0.449156
28.621	0.603162
28.622	0.740773
28.623	0.787776
28.624	0.729785
28.625	0.60484
28.626	0.513382
28.627	0.544397
28.628	0.653446
28.629	0.692066
28.63	0.627144
28.631	0.640469
28.632	0.787733
28.633	0.73381
28.634	0.352798
28.635	0.129613
28.636	0.355154
28.637	0.667176
28.638	0.700257
28.639	0.534061
28.64	0.424843
28.641	0.43178
28.642	0.411413
28.643	0.281512
28.644	0.149171
28.645	0.162492
28.646	0.352102
28.647	0.640072
28.648	0.880337
28.649	0.914855
28.65	0.723537
28.651	0.482925
28.652	0.298967
28.653	0.017132
28.654	-0.327436
28.655	-0.301379
28.656	0.210794
28.657	0.732567
28.658	0.885642
28.659	0.802013
28.66	0.792596
28.661	0.88216
28.662	0.788664
28.663	0.376128
28.664	-0.05661
28.665	-0.127379
28.666	0.197515
28.667	0.673023
28.668	1.028065
28.669	1.110301
28.67	0.990644
28.671	0.906073
28.672	0.895203
28.673	0.662702
28.674	0.199161
28.675	0.029885
28.676	0.373319
28.677	0.785557
28.678	0.878244
28.679	0.781884
28.68	0.838813
28.681	1.121893
28.682	1.349119
28.683	1.263564
28.684	0.962588
28.685	0.727129
28.686	0.691627
28.687	0.798758
28.688	0.900215
28.689	0.875297
28.69	0.793352
28.691	0.899406
28.692	1.203057
28.693	1.267867
28.694	0.903464
28.695	0.584648
28.696	0.638
28.697	0.767945
28.698	0.680206
28.699	0.531344
28.7	0.648344
28.701	1.066629
28.702	1.448893
28.703	1.47964
28.704	1.217659
28.705	0.93642
28.706	0.792927
28.707	0.773183
28.708	0.768896
28.709	0.66766
28.71	0.520006
28.711	0.579319
28.712	0.915713
28.713	1.117437
28.714	0.912499
28.715	0.673039
28.716	0.703153
28.717	0.757079
28.718	0.609186
28.719	0.459361
28.72	0.622494
28.721	1.059835
28.722	1.350963
28.723	1.200132
28.724	0.809426
28.725	0.559286
28.726	0.558559
28.727	0.679652
28.728	0.75709
28.729	0.685472
28.73	0.542154
28.731	0.59747
28.732	0.925205
28.733	1.114353
28.734	0.897935
28.735	0.655248
28.736	0.687091
28.737	0.728764
28.738	0.535464
28.739	0.308629
28.74	0.400695
28.741	0.836599
28.742	1.231699
28.743	1.240093
28.744	0.942974
28.745	0.635297
28.746	0.47627
28.747	0.495027
28.748	0.643417
28.749	0.786772
28.75	0.846657
28.751	0.907346
28.752	0.968546
28.753	0.773171
28.754	0.335367
28.755	0.18422
28.756	0.528082
28.757	0.890386
28.758	0.881485
28.759	0.660137
28.76	0.494698
28.761	0.241108
28.762	-0.378551
28.763	-1.036085
28.764	-1.078253
28.765	-0.51298
28.766	0.128027
28.767	0.578311
28.768	0.865975
28.769	1.00156
28.77	1.001073
28.771	0.989936
28.772	0.987489
28.773	0.750968
28.774	0.301186
28.775	0.160554
28.776	0.519862
28.777	0.891394
28.778	0.89219
28.779	0.698199
28.78	0.593181
28.781	0.441167
28.782	-0.033815
28.783	-0.538067
28.784	-0.517626
28.785	-0.050106
28.786	0.396515
28.787	0.675382
28.788	0.869011
28.789	0.971488
28.79	0.960897
28.791	0.942915
28.792	0.942934
28.793	0.725101
28.794	0.300472
28.795	0.172901
28.796	0.523566
28.797	0.877003
28.798	0.877625
28.799	0.723066
28.8	0.692163
28.801	0.597404
28.802	0.078831
28.803	-0.589524
28.804	-0.734057
28.805	-0.29096
28.806	0.275248
28.807	0.718762
28.808	1.027832
28.809	1.109072
28.81	0.806401
28.811	0.081524
28.812	-0.896548
28.813	-1.733739
28.814	-1.907354
28.815	-1.178571
28.816	0.012934
28.817	0.885447
28.818	1.113163
28.819	1.038476
28.82	1.075939
28.821	1.119031
28.822	0.811429
28.823	0.325443
28.824	0.187985
28.825	0.426272
28.826	0.688135
28.827	0.858785
28.828	0.989942
28.829	1.038443
28.83	0.979266
28.831	0.9593
28.832	1.050003
28.833	0.988144
28.834	0.664912
28.835	0.486401
28.836	0.669791
28.837	0.862094
28.838	0.79842
28.839	0.690502
28.84	0.781252
28.841	0.841342
28.842	0.492957
28.843	-0.015209
28.844	-0.094264
28.845	0.247675
28.846	0.59421
28.847	0.810969
28.848	0.957285
28.849	0.994614
28.85	0.902012
28.851	0.850336
28.852	0.95307
28.853	0.963116
28.854	0.730171
28.855	0.594849
28.856	0.74917
28.857	0.873752
28.858	0.753732
28.859	0.625813
28.86	0.7327
28.861	0.842599
28.862	0.587995
28.863	0.222157
28.864	0.286187
28.865	0.666744
28.866	0.878962
28.867	0.85799
28.868	0.829441
28.869	0.86754
28.87	0.930764
28.871	1.09203
28.872	1.362918
28.873	1.417611
28.874	1.104051
28.875	0.85934
28.876	0.951288
28.877	1.019008
28.878	0.768436
28.879	0.432318
28.88	0.335261
28.881	0.365866
28.882	0.242772
28.883	0.180856
28.884	0.543823
28.885	1.026921
28.886	1.11251
28.887	0.88641
28.888	0.728177
28.889	0.72874
28.89	0.79269
28.891	0.975165
28.892	1.305234
28.893	1.452535
28.894	1.217253
28.895	0.988818
28.896	1.035969
28.897	1.038623
28.898	0.743343
28.899	0.40599
28.9	0.365546
28.901	0.517759
28.902	0.541989
28.903	0.551633
28.904	0.852246
28.905	1.207139
28.906	1.196221
28.907	0.926924
28.908	0.749302
28.909	0.726706
28.91	0.747173
28.911	0.855741
28.912	1.100308
28.913	1.215028
28.914	1.039976
28.915	0.913397
28.916	1.032381
28.917	1.067012
28.918	0.791338
28.919	0.478743
28.92	0.465732
28.921	0.628422
28.922	0.615598
28.923	0.52801
28.924	0.713825
28.925	1.019669
28.926	1.068066
28.927	0.916639
28.928	0.832615
28.929	0.848118
28.93	0.872343
28.931	0.973228
28.932	1.196259
28.933	1.265079
28.934	1.030662
28.935	0.863032
28.936	0.986192
28.937	1.072827
28.938	0.875651
28.939	0.636793
28.94	0.661205
28.941	0.787943
28.942	0.63158
28.943	0.32644
28.944	0.360563
28.945	0.698724
28.946	0.91633
28.947	0.93272
28.948	0.938311
28.949	0.976793
28.95	1.001121
28.951	1.108162
28.952	1.347775
28.953	1.43162
28.954	1.186895
28.955	0.970646
28.956	1.032938
28.957	1.091691
28.958	0.916772
28.959	0.727896
28.96	0.794363
28.961	0.930145
28.962	0.74171
28.963	0.374326
28.964	0.344358
28.965	0.649936
28.966	0.883156
28.967	0.948638
28.968	1.005477
28.969	1.072894
28.97	1.075999
28.971	1.060612
28.972	1.051383
28.973	0.84828
28.974	0.447638
28.975	0.307138
28.976	0.633555
28.977	1.018797
28.978	1.12226
28.979	1.10895
28.98	1.217093
28.981	1.204377
28.982	0.607435
28.983	-0.372684
28.984	-0.910239
28.985	-0.645038
28.986	0.056502
28.987	0.796937
28.988	1.393388
28.989	1.690299
28.99	1.56252
28.991	1.026661
28.992	0.217205
28.993	-0.649662
28.994	-1.15687
28.995	-0.864446
28.996	0.105241
28.997	1.07133
28.998	1.572499
28.999	1.759524
29.0	1.912945
29.001	1.827407
29.002	1.021848
29.003	-0.329289
29.004	-1.276932
29.005	-1.192897
29.006	-0.30794
29.007	0.837753
29.008	1.807689
29.009	2.27944
29.01	2.076476
29.011	1.221143
29.012	-0.057759
29.013	-1.305531
29.014	-1.89105
29.015	-1.394264
29.016	-0.099309
29.017	1.188971
29.018	1.93859
29.019	2.256928
29.02	2.412829
29.021	2.218745
29.022	1.237782
29.023	-0.287677
29.024	-1.337038
29.025	-1.242899
29.026	-0.254746
29.027	1.019549
29.028	2.073918
29.029	2.579183
29.03	2.454469
29.031	1.871277
29.032	1.048473
29.033	0.117079
29.034	-0.602414
29.035	-0.58048
29.036	0.242629
29.037	1.261738
29.038	1.939432
29.039	2.278439
29.04	2.460244
29.041	2.315935
29.042	1.527873
29.043	0.404794
29.044	-0.205662
29.045	0.039533
29.046	0.745389
29.047	1.478565
29.048	2.050252
29.049	2.358876
29.05	2.399116
29.051	2.339791
29.052	2.268223
29.053	1.926957
29.054	1.245427
29.055	0.783457
29.056	0.953426
29.057	1.424056
29.058	1.720884
29.059	1.794824
29.06	1.788589
29.061	1.600173
29.062	1.052895
29.063	0.469963
29.064	0.423194
29.065	0.870714
29.066	1.312464
29.067	1.578012
29.068	1.795821
29.069	1.957679
29.07	1.982214
29.071	1.989834
29.072	2.091623
29.073	2.002101
29.074	1.500839
29.075	1.022582
29.076	1.035033
29.077	1.352766
29.078	1.572549
29.079	1.632683
29.08	1.688422
29.081	1.771168
29.082	1.882561
29.083	2.231998
29.084	2.808189
29.085	3.054811
29.086	2.634215
29.087	1.952384
29.088	1.521877
29.089	1.373244
29.09	1.32445
29.091	1.492973
29.092	2.138243
29.093	2.990682
29.094	3.355333
29.095	3.010345
29.096	2.338705
29.097	1.67739
29.098	1.144265
29.099	0.896822
29.1	1.162494
29.101	2.063942
29.102	3.477581
29.103	4.941555
29.104	5.698046
29.105	5.154589
29.106	3.53088
29.107	1.789589
29.108	0.721761
29.109	0.336817
29.11	0.292197
29.111	0.637032
29.112	1.732883
29.113	3.380818
29.114	4.597116
29.115	4.622598
29.116	3.616621
29.117	2.205419
29.118	0.948356
29.119	0.258985
29.12	0.415049
29.121	1.523372
29.122	3.421072
29.123	5.471327
29.124	6.584018
29.125	5.914467
29.126	3.758845
29.127	1.417603
29.128	-0.031342
29.129	-0.535323
29.13	-0.554424
29.131	-0.141192
29.132	1.076834
29.133	2.968653
29.134	4.506681
29.135	4.763669
29.136	3.796737
29.137	2.271984
29.138	0.844936
29.139	0.011497
29.14	0.093286
29.141	1.197103
29.142	3.124181
29.143	5.188128
29.144	6.276629
29.145	5.574912
29.146	3.425537
29.147	1.140767
29.148	-0.225667
29.149	-0.660596
29.15	-0.679553
29.151	-0.406463
29.152	0.501118
29.153	2.019013
29.154	3.342461
29.155	3.693331
29.156	3.073358
29.157	1.971704
29.158	0.887528
29.159	0.214408
29.16	0.160877
29.161	0.691923
29.162	1.674793
29.163	2.938015
29.164	3.942941
29.165	3.896019
29.166	2.698071
29.167	1.225376
29.168	0.330659
29.169	0.055015
29.17	-0.016008
29.171	0.005286
29.172	0.381112
29.173	1.112235
29.174	1.728446
29.175	1.904228
29.176	1.753635
29.177	1.456083
29.178	1.1032
29.179	0.816816
29.18	0.636676
29.181	0.362776
29.182	-0.135187
29.183	-0.454023
29.184	-0.116409
29.185	0.587845
29.186	1.023893
29.187	1.139269
29.188	1.270527
29.189	1.469345
29.19	1.533941
29.191	1.476717
29.192	1.535921
29.193	1.702177
29.194	1.719177
29.195	1.605621
29.196	1.588251
29.197	1.633883
29.198	1.572262
29.199	1.43618
29.2	1.315065
29.201	1.043712
29.202	0.422011
29.203	-0.22086
29.204	-0.274878
29.205	0.257999
29.206	0.856042
29.207	1.299886
29.208	1.699728
29.209	2.013292
29.21	2.073733
29.211	1.945895
29.212	1.849081
29.213	1.730177
29.214	1.428682
29.215	1.178511
29.216	1.285484
29.217	1.584132
29.218	1.737791
29.219	1.712582
29.22	1.635373
29.221	1.429244
29.222	0.971702
29.223	0.588894
29.224	0.754061
29.225	1.287021
29.226	1.637349
29.227	1.727936
29.228	1.823397
29.229	1.9393
29.23	1.891108
29.231	1.726407
29.232	1.704805
29.233	1.817853
29.234	1.795441
29.235	1.643527
29.236	1.593625
29.237	1.630609
29.238	1.599658
29.239	1.551637
29.24	1.618008
29.241	1.686316
29.242	1.54441
29.243	1.349007
29.244	1.427704
29.245	1.663704
29.246	1.730759
29.247	1.681193
29.248	1.745416
29.249	1.868146
29.25	1.810725
29.251	1.545282
29.252	1.237923
29.253	0.902863
29.254	0.536946
29.255	0.443799
29.256	0.829222
29.257	1.389101
29.258	1.737833
29.259	1.873912
29.26	1.959622
29.261	1.868448
29.262	1.31137
29.263	0.500528
29.264	0.125394
29.265	0.432425
29.266	1.019486
29.267	1.552273
29.268	1.97334
29.269	2.19146
29.27	2.119287
29.271	1.940797
29.272	1.952055
29.273	2.066328
29.274	1.958327
29.275	1.702571
29.276	1.619621
29.277	1.695701
29.278	1.728375
29.279	1.735604
29.28	1.827843
29.281	1.840847
29.282	1.474368
29.283	0.8947
29.284	0.671276
29.285	0.951505
29.286	1.368717
29.287	1.699428
29.288	1.954695
29.289	2.054808
29.29	1.900458
29.291	1.665164
29.292	1.669719
29.293	1.885547
29.294	1.982528
29.295	1.922483
29.296	1.921383
29.297	1.942371
29.298	1.797183
29.299	1.553475
29.3	1.454369
29.301	1.546586
29.302	1.691783
29.303	1.928005
29.304	2.344346
29.305	2.635595
29.306	2.437128
29.307	1.937129
29.308	1.59541
29.309	1.525887
29.31	1.536775
29.311	1.578367
29.312	1.767969
29.313	1.979521
29.314	1.933875
29.315	1.736608
29.316	1.693901
29.317	1.738837
29.318	1.620795
29.319	1.395192
29.32	1.324994
29.321	1.467809
29.322	1.676313
29.323	1.968455
29.324	2.414622
29.325	2.701996
29.326	2.46905
29.327	1.909951
29.328	1.498696
29.329	1.376812
29.33	1.370122
29.331	1.403079
29.332	1.526062
29.333	1.584457
29.334	1.392119
29.335	1.18748
29.336	1.290964
29.337	1.540967
29.338	1.601703
29.339	1.496084
29.34	1.469344
29.341	1.524372
29.342	1.43013
29.343	1.240179
29.344	1.30893
29.345	1.624742
29.346	1.78974
29.347	1.692127
29.348	1.55638
29.349	1.488059
29.35	1.456452
29.351	1.611069
29.352	2.199831
29.353	3.025922
29.354	3.448699
29.355	3.200325
29.356	2.621142
29.357	2.021976
29.358	1.48521
29.359	1.158654
29.36	1.185974
29.361	1.366231
29.362	1.217704
29.363	0.543559
29.364	-0.302155
29.365	-0.77507
29.366	-0.519908
29.367	0.42739
29.368	1.596419
29.369	2.381127
29.37	2.405832
29.371	1.615799
29.372	0.20986
29.373	-1.35756
29.374	-2.354738
29.375	-2.112561
29.376	-0.693741
29.377	1.023318
29.378	2.19266
29.379	2.704683
29.38	2.92852
29.381	3.004995
29.382	2.651742
29.383	1.690995
29.384	0.469447
29.385	-0.353119
29.386	-0.254467
29.387	0.759729
29.388	2.088187
29.389	3.005323
29.39	3.180538
29.391	2.728759
29.392	1.877997
29.393	0.76114
29.394	-0.270605
29.395	-0.545391
29.396	0.183144
29.397	1.329588
29.398	2.179945
29.399	2.590117
29.4	2.827314
29.401	2.989964
29.402	2.853736
29.403	2.374661
29.404	1.95164
29.405	1.872439
29.406	1.981396
29.407	2.096064
29.408	2.201277
29.409	2.232535
29.41	2.10645
29.411	1.940015
29.412	1.929246
29.413	1.957603
29.414	1.746839
29.415	1.426653
29.416	1.351589
29.417	1.490987
29.418	1.572883
29.419	1.588953
29.42	1.767814
29.421	2.180761
29.422	2.647412
29.423	3.053768
29.424	3.398953
29.425	3.460978
29.426	2.971832
29.427	2.155039
29.428	1.540868
29.429	1.324754
29.43	1.305233
29.431	1.333842
29.432	1.453279
29.433	1.572402
29.434	1.486737
29.435	1.326336
29.436	1.38498
29.437	1.552856
29.438	1.508507
29.439	1.271271
29.44	1.13629
29.441	1.209187
29.442	1.327464
29.443	1.478256
29.444	1.841914
29.445	2.24461
29.446	2.229955
29.447	1.796006
29.448	1.38474
29.449	1.219582
29.45	1.177949
29.451	1.206097
29.452	1.431418
29.453	1.771872
29.454	1.899802
29.455	1.789006
29.456	1.708451
29.457	1.652019
29.458	1.411281
29.459	1.062728
29.46	0.906038
29.461	1.021085
29.462	1.200076
29.463	1.377434
29.464	1.710285
29.465	2.056606
29.466	2.014303
29.467	1.599341
29.468	1.226612
29.469	1.090828
29.47	1.069061
29.471	1.133251
29.472	1.44311
29.473	1.907431
29.474	2.115503
29.475	1.966967
29.476	1.767947
29.477	1.608788
29.478	1.332345
29.479	1.007229
29.48	0.880037
29.481	0.915601
29.482	0.749397
29.483	0.304874
29.484	0.067285
29.485	0.317705
29.486	0.717712
29.487	0.981253
29.488	1.18597
29.489	1.366973
29.49	1.417922
29.491	1.379609
29.492	1.447678
29.493	1.587018
29.494	1.535479
29.495	1.339466
29.496	1.301336
29.497	1.385872
29.498	1.315494
29.499	1.108907
29.5	1.04223
29.501	1.166528
29.502	1.202495
29.503	1.04882
29.504	0.995257
29.505	1.143464
29.506	1.217541
29.507	1.137606
29.508	1.113911
29.509	1.197888
29.51	1.244177
29.511	1.262397
29.512	1.450531
29.513	1.756423
29.514	1.817575
29.515	1.579265
29.516	1.378093
29.517	1.302001
29.518	1.150115
29.519	0.938821
29.52	0.899497
29.521	1.02392
29.522	0.980773
29.523	0.680152
29.524	0.519584
29.525	0.696074
29.526	0.899429
29.527	0.952198
29.528	1.013679
29.529	1.128028
29.53	1.13637
29.531	1.012532
29.532	0.952943
29.533	1.015831
29.534	1.001102
29.535	0.897663
29.536	0.932815
29.537	1.067832
29.538	1.052095
29.539	0.909659
29.54	0.89319
29.541	1.0108
29.542	0.942678
29.543	0.613451
29.544	0.436566
29.545	0.61418
29.546	0.82738
29.547	0.884446
29.548	0.934127
29.549	1.020191
29.55	0.997001
29.551	0.8685
29.552	0.872737
29.553	1.070885
29.554	1.175168
29.555	1.071615
29.556	0.993187
29.557	0.991636
29.558	0.887276
29.559	0.723877
29.56	0.752108
29.561	0.97705
29.562	1.043583
29.563	0.782652
29.564	0.549036
29.565	0.609764
29.566	0.740934
29.567	0.76847
29.568	0.809601
29.569	0.879871
29.57	0.817126
29.571	0.614935
29.572	0.51086
29.573	0.600885
29.574	0.672142
29.575	0.646243
29.576	0.695941
29.577	0.795684
29.578	0.744816
29.579	0.597447
29.58	0.612341
29.581	0.804043
29.582	0.854512
29.583	0.657704
29.584	0.574735
29.585	0.755845
29.586	0.841018
29.587	0.677705
29.588	0.553566
29.589	0.617158
29.59	0.694022
29.591	0.676796
29.592	0.704665
29.593	0.812362
29.594	0.780624
29.595	0.617614
29.596	0.618313
29.597	0.759787
29.598	0.719671
29.599	0.468187
29.6	0.303953
29.601	0.355835
29.602	0.395311
29.603	0.301872
29.604	0.342997
29.605	0.600879
29.606	0.716959
29.607	0.563574
29.608	0.434
29.609	0.470826
29.61	0.498911
29.611	0.405889
29.612	0.312368
29.613	0.259529
29.614	0.110066
29.615	-0.033896
29.616	0.112064
29.617	0.432528
29.618	0.532791
29.619	0.364226
29.62	0.238041
29.621	0.299233
29.622	0.321558
29.623	0.181428
29.624	0.165356
29.625	0.39563
29.626	0.533191
29.627	0.423061
29.628	0.311539
29.629	0.323929
29.63	0.316615
29.631	0.241129
29.632	0.278979
29.633	0.459417
29.634	0.50946
29.635	0.374249
29.636	0.32783
29.637	0.384666
29.638	0.282327
29.639	0.031511
29.64	-0.052571
29.641	0.158471
29.642	0.381513
29.643	0.3758
29.644	0.346594
29.645	0.457863
29.646	0.458517
29.647	0.237534
29.648	0.04891
29.649	0.009208
29.65	-0.049665
29.651	-0.202051
29.652	-0.250158
29.653	-0.086365
29.654	0.067914
29.655	0.099511
29.656	0.185841
29.657	0.297046
29.658	0.169034
29.659	-0.18072
29.66	-0.438345
29.661	-0.483305
29.662	-0.561765
29.663	-0.781081
29.664	-0.795536
29.665	-0.457605
29.666	-0.17543
29.667	-0.184387
29.668	-0.24301
29.669	-0.189391
29.67	-0.142834
29.671	-0.139072
29.672	0.022286
29.673	0.368781
29.674	0.555417
29.675	0.435744
29.676	0.279813
29.677	0.17347
29.678	-0.088044
29.679	-0.486562
29.68	-0.737718
29.681	-0.751232
29.682	-0.793854
29.683	-0.984692
29.684	-0.97757
29.685	-0.620182
29.686	-0.328747
29.687	-0.35729
29.688	-0.471932
29.689	-0.492528
29.69	-0.498549
29.691	-0.477282
29.692	-0.192557
29.693	0.357568
29.694	0.711246
29.695	0.602203
29.696	0.30311
29.697	0.005758
29.698	-0.397108
29.699	-0.852797
29.7	-1.09308
29.701	-1.065191
29.702	-1.076446
29.703	-1.278161
29.704	-1.328239
29.705	-1.03474
29.706	-0.756479
29.707	-0.735452
29.708	-0.786772
29.709	-0.779145
29.71	-0.797613
29.711	-0.819705
29.712	-0.621709
29.713	-0.204345
29.714	0.035479
29.715	-0.085141
29.716	-0.288874
29.717	-0.444072
29.718	-0.711606
29.719	-1.064727
29.72	-1.250721
29.721	-1.240604
29.722	-1.364114
29.723	-1.732831
29.724	-1.880106
29.725	-1.544059
29.726	-1.176504
29.727	-1.125375
29.728	-1.172197
29.729	-1.094075
29.73	-0.956834
29.731	-0.810409
29.732	-0.542133
29.733	-0.218365
29.734	-0.183499
29.735	-0.4709
29.736	-0.686375
29.737	-0.728134
29.738	-0.895829
29.739	-1.270365
29.74	-1.598343
29.741	-1.769434
29.742	-2.014908
29.743	-2.39298
29.744	-2.463023
29.745	-2.024343
29.746	-1.553742
29.747	-1.404024
29.748	-1.389904
29.749	-1.322757
29.75	-1.26494
29.751	-1.245773
29.752	-1.124994
29.753	-0.916227
29.754	-0.922474
29.755	-1.181828
29.756	-1.31624
29.757	-1.24096
29.758	-1.290855
29.759	-1.572689
29.76	-1.797446
29.761	-1.737338
29.762	-1.514511
29.763	-1.37936
29.764	-1.43904
29.765	-1.657602
29.766	-1.888353
29.767	-1.934486
29.768	-1.7402
29.769	-1.474889
29.77	-1.358623
29.771	-1.411216
29.772	-1.455956
29.773	-1.463659
29.774	-1.638928
29.775	-1.923099
29.776	-1.947076
29.777	-1.706702
29.778	-1.599437
29.779	-1.760055
29.78	-1.897152
29.781	-1.750604
29.782	-1.426154
29.783	-1.230533
29.784	-1.339965
29.785	-1.684676
29.786	-2.020685
29.787	-2.113769
29.788	-1.940241
29.789	-1.70657
29.79	-1.654121
29.791	-1.838934
29.792	-2.142986
29.793	-2.515732
29.794	-2.961044
29.795	-3.210327
29.796	-2.926304
29.797	-2.305553
29.798	-1.898568
29.799	-1.889886
29.8	-1.980489
29.801	-1.898646
29.802	-1.761947
29.803	-1.874183
29.804	-2.303238
29.805	-2.773783
29.806	-2.937599
29.807	-2.689318
29.808	-2.227484
29.809	-1.875025
29.81	-1.837031
29.811	-2.04663
29.812	-2.266457
29.813	-2.42793
29.814	-2.673205
29.815	-2.909505
29.816	-2.818023
29.817	-2.457647
29.818	-2.245343
29.819	-2.332592
29.82	-2.471143
29.821	-2.457346
29.822	-2.421032
29.823	-2.481607
29.824	-2.381256
29.825	-1.993092
29.826	-1.74266
29.827	-1.947705
29.828	-2.39208
29.829	-2.796383
29.83	-3.094519
29.831	-3.193264
29.832	-2.876658
29.833	-2.216627
29.834	-1.770416
29.835	-1.873709
29.836	-2.217738
29.837	-2.51608
29.838	-2.855121
29.839	-3.255511
29.84	-3.53107
29.841	-3.641949
29.842	-3.83686
29.843	-4.164904
29.844	-4.14361
29.845	-3.531505
29.846	-2.886834
29.847	-2.737058
29.848	-2.97712
29.849	-3.323137
29.85	-3.651063
29.851	-3.843389
29.852	-3.730719
29.853	-3.39869
29.854	-3.243513
29.855	-3.373367
29.856	-3.450345
29.857	-3.371657
29.858	-3.419558
29.859	-3.685861
29.86	-3.900212
29.861	-3.830355
29.862	-3.620152
29.863	-3.651278
29.864	-4.060318
29.865	-4.519546
29.866	-4.617969
29.867	-4.300751
29.868	-3.821327
29.869	-3.460632
29.87	-3.348061
29.871	-3.400674
29.872	-3.458571
29.873	-3.571377
29.874	-3.917246
29.875	-4.30291
29.876	-4.277039
29.877	-3.881385
29.878	-3.642073
29.879	-3.802592
29.88	-4.053667
29.881	-3.972766
29.882	-3.474994
29.883	-2.84062
29.884	-2.452932
29.885	-2.532514
29.886	-3.001023
29.887	-3.567241
29.888	-3.984962
29.889	-4.215388
29.89	-4.321466
29.891	-4.244632
29.892	-3.835406
29.893	-3.259009
29.894	-3.065005
29.895	-3.434404
29.896	-3.884799
29.897	-4.104588
29.898	-4.318907
29.899	-4.679958
29.9	-4.947819
29.901	-4.834452
29.902	-4.376874
29.903	-3.902344
29.904	-3.710521
29.905	-3.852425
29.906	-4.170185
29.907	-4.474053
29.908	-4.676982
29.909	-4.816442
29.91	-4.951106
29.911	-5.008753
29.912	-4.8247
29.913	-4.48201
29.914	-4.392697
29.915	-4.670332
29.916	-4.890971
29.917	-4.847453
29.918	-4.834733
29.919	-5.04793
29.92	-5.325843
29.921	-5.527318
29.922	-5.792391
29.923	-6.141938
29.924	-6.104121
29.925	-5.43803
29.926	-4.740503
29.927	-4.612847
29.928	-4.96495
29.929	-5.436567
29.93	-5.799729
29.931	-5.876452
29.932	-5.491126
29.933	-4.792783
29.934	-4.379403
29.935	-4.573394
29.936	-4.989377
29.937	-5.279203
29.938	-5.576725
29.939	-5.987984
29.94	-6.285779
29.941	-6.201632
29.942	-5.7488
29.943	-5.189887
29.944	-4.78957
29.945	-4.673016
29.946	-4.845467
29.947	-5.235677
29.948	-5.71895
29.949	-6.176918
29.95	-6.527073
29.951	-6.655833
29.952	-6.444181
29.953	-6.033914
29.954	-5.856154
29.955	-6.038709
29.956	-6.201264
29.957	-6.157939
29.958	-6.176379
29.959	-6.413561
29.96	-6.655136
29.961	-6.665341
29.962	-6.533572
29.963	-6.556347
29.964	-6.804863
29.965	-6.986804
29.966	-6.84775
29.967	-6.508444
29.968	-6.270037
29.969	-6.301344
29.97	-6.602917
29.971	-7.127389
29.972	-7.871626
29.973	-8.81513
29.974	-9.673986
29.975	-9.848888
29.976	-8.984492
29.977	-7.540839
29.978	-6.423275
29.979	-6.085673
29.98	-6.268195
29.981	-6.563133
29.982	-7.032396
29.983	-8.080938
29.984	-9.596471
29.985	-10.601105
29.986	-10.262624
29.987	-8.854262
29.988	-7.316715
29.989	-6.333187
29.99	-6.013813
29.991	-6.148562
29.992	-6.631281
29.993	-7.56817
29.994	-8.802925
29.995	-9.58151
29.996	-9.239149
29.997	-8.060782
29.998	-6.901204
29.999	-6.094533
