time_s,mv
0.0,0.00867
0.001,0.009807
0.002,0.009725
0.003,0.008745
0.004,0.007321
0.005,0.005844
0.006,0.004486
0.007,0.003143
0.008,0.001724
0.009,0.000524
0.01,8.4e-05
0.011,0.000613
0.012,0.001693
0.013,0.002621
0.014,0.003065
0.015,0.003421
0.016,0.004465
0.017,0.006554
0.018,0.009145
0.019,0.011101
0.02,0.01152
0.021,0.010309
0.022,0.008063
0.023,0.005588
0.024,0.003663
0.025,0.003276
0.026,0.006065
0.027,0.014057
0.028,0.027879
0.029,0.044609
0.03,0.058774
0.031,0.067394
0.032,0.073863
0.033,0.085084
0.034,0.103858
0.035,0.124104
0.036,0.133804
0.037,0.123704
0.038,0.094597
0.039,0.056969
0.04,0.023938
0.041,0.003976
0.042,-0.001707
0.043,0.002834
0.044,0.011934
0.045,0.021019
0.046,0.02758
0.047,0.031
0.048,0.031965
0.049,0.03177
0.05,0.031535
0.051,0.031642
0.052,0.031785
0.053,0.031474
0.054,0.030573
0.055,0.02957
0.056,0.0294
0.057,0.030758
0.058,0.033389
0.059,0.036188
0.06,0.038126
0.061,0.038919
0.062,0.038771
0.063,0.037816
0.064,0.03597
0.065,0.033104
0.066,0.02922
0.067,0.024644
0.068,0.02009
0.069,0.016323
0.07,0.013656
0.071,0.011851
0.072,0.010434
0.073,0.009048
0.074,0.007653
0.075,0.00658
0.076,0.006354
0.077,0.007276
0.078,0.009101
0.079,0.011137
0.08,0.012678
0.081,0.013377
0.082,0.01324
0.083,0.012441
0.084,0.011158
0.085,0.009474
0.086,0.007455
0.087,0.005305
0.088,0.003364
0.089,0.001922
0.09,0.001072
0.091,0.000688
0.092,0.000525
0.093,0.000373
0.094,0.000264
0.095,0.000601
0.096,0.001894
0.097,0.004182
0.098,0.00668
0.099,0.008051
0.1,0.007113
0.101,0.003495
0.102,-0.002018
0.103,-0.007434
0.104,-0.010105
0.105,-0.008283
0.106,-0.002652
0.107,0.003839
0.108,0.007878
0.109,0.007832
0.11,0.004353
0.111,-0.000663
0.112,-0.005502
0.113,-0.009173
0.114,-0.011176
0.115,-0.011324
0.116,-0.009909
0.117,-0.0077
0.118,-0.005422
0.119,-0.003343
0.12,-0.001454
0.121,0.000131
0.122,0.001071
0.123,0.000992
0.124,-0.000244
0.125,-0.002377
0.126,-0.00475
0.127,-0.006635
0.128,-0.007748
0.129,-0.008432
0.13,-0.009271
0.131,-0.010502
0.132,-0.011739
0.133,-0.012197
0.134,-0.011264
0.135,-0.00898
0.136,-0.00605
0.137,-0.003457
0.138,-0.001944
0.139,-0.001642
0.14,-0.001969
0.141,-0.001727
0.142,0.000794
0.143,0.007574
0.144,0.019777
0.145,0.035879
0.146,0.051355
0.147,0.061968
0.148,0.068055
0.149,0.074551
0.15,0.085904
0.151,0.100737
0.152,0.111075
0.153,0.107325
0.154,0.085829
0.155,0.05255
0.156,0.019329
0.157,-0.003557
0.158,-0.012238
0.159,-0.009074
0.16,0.000596
0.161,0.011667
0.162,0.020842
0.163,0.02669
0.164,0.029124
0.165,0.028914
0.166,0.02722
0.167,0.025068
0.168,0.022989
0.169,0.021046
0.17,0.019143
0.171,0.017383
0.172,0.01625
0.173,0.016454
0.174,0.018373
0.175,0.021652
0.176,0.025376
0.177,0.028536
0.178,0.030431
0.179,0.030842
0.18,0.029943
0.181,0.02802
0.182,0.025264
0.183,0.021755
0.184,0.017572
0.185,0.013024
0.186,0.008729
0.187,0.005274
0.188,0.002788
0.189,0.000931
0.19,-0.000765
0.191,-0.002512
0.192,-0.004122
0.193,-0.005139
0.194,-0.005095
0.195,-0.003771
0.196,-0.001408
0.197,0.001234
0.198,0.003147
0.199,0.003638
0.2,0.002824
0.201,0.001521
0.202,0.000484
0.203,-0.000212
0.204,-0.001053
0.205,-0.002514
0.206,-0.004648
0.207,-0.007046
0.208,-0.00912
0.209,-0.010471
0.21,-0.011059
0.211,-0.011103
0.212,-0.01083
0.213,-0.010396
0.214,-0.010142
0.215,-0.010794
0.216,-0.013072
0.217,-0.016861
0.218,-0.020646
0.219,-0.021832
0.22,-0.01831
0.221,-0.010401
0.222,-0.001139
0.223,0.005629
0.224,0.007591
0.225,0.004899
0.226,-0.000599
0.227,-0.006805
0.228,-0.012283
0.229,-0.016375
0.23,-0.019
0.231,-0.020447
0.232,-0.021093
0.233,-0.02109
0.234,-0.020269
0.235,-0.018301
0.236,-0.01505
0.237,-0.010925
0.238,-0.006938
0.239,-0.004319
0.24,-0.003741
0.241,-0.00481
0.242,-0.006503
0.243,-0.008123
0.244,-0.009774
0.245,-0.012044
0.246,-0.015268
0.247,-0.018972
0.248,-0.022016
0.249,-0.023457
0.25,-0.023268
0.251,-0.022222
0.252,-0.021286
0.253,-0.021083
0.254,-0.021577
0.255,-0.022064
0.256,-0.021454
0.257,-0.018476
0.258,-0.01159
0.259,0.000713
0.26,0.018296
0.261,0.037785
0.262,0.054104
0.263,0.064843
0.264,0.072503
0.265,0.081558
0.266,0.093198
0.267,0.102678
0.268,0.101745
0.269,0.084971
0.27,0.054847
0.271,0.020775
0.272,-0.0068
0.273,-0.021828
0.274,-0.024145
0.275,-0.017462
0.276,-0.006458
0.277,0.004993
0.278,0.014287
0.279,0.020052
0.28,0.02216
0.281,0.021665
0.282,0.020231
0.283,0.019115
0.284,0.018471
0.285,0.017617
0.286,0.016012
0.287,0.013951
0.288,0.012339
0.289,0.011934
0.29,0.012838
0.291,0.014484
0.292,0.015973
0.293,0.016573
0.294,0.016119
0.295,0.015022
0.296,0.013816
0.297,0.012665
0.298,0.011245
0.299,0.009071
0.3,0.005965
0.301,0.002292
0.302,-0.001265
0.303,-0.004198
0.304,-0.006454
0.305,-0.008302
0.306,-0.01
0.307,-0.011568
0.308,-0.012755
0.309,-0.013141
0.31,-0.012384
0.311,-0.010622
0.312,-0.008627
0.313,-0.007387
0.314,-0.007453
0.315,-0.008594
0.316,-0.010038
0.317,-0.011129
0.318,-0.011816
0.319,-0.012558
0.32,-0.013818
0.321,-0.01557
0.322,-0.017253
0.323,-0.018237
0.324,-0.01829
0.325,-0.017661
0.326,-0.016808
0.327,-0.016119
0.328,-0.015872
0.329,-0.016431
0.33,-0.018363
0.331,-0.022076
0.332,-0.027007
0.333,-0.031172
0.334,-0.031993
0.335,-0.028132
0.336,-0.02074
0.337,-0.012916
0.338,-0.007899
0.339,-0.007327
0.34,-0.010683
0.341,-0.016031
0.342,-0.021296
0.343,-0.02522
0.344,-0.027571
0.345,-0.028793
0.346,-0.029536
0.347,-0.030232
0.348,-0.030767
0.349,-0.030515
0.35,-0.028853
0.351,-0.025795
0.352,-0.022174
0.353,-0.019199
0.354,-0.0177
0.355,-0.017615
0.356,-0.018202
0.357,-0.018838
0.358,-0.0196
0.359,-0.02111
0.36,-0.023834
0.361,-0.027468
0.362,-0.030968
0.363,-0.033198
0.364,-0.033661
0.365,-0.032756
0.366,-0.031423
0.367,-0.030492
0.368,-0.030243
0.369,-0.030384
0.37,-0.030214
0.371,-0.028717
0.372,-0.024518
0.373,-0.015957
0.374,-0.002
0.375,0.016028
0.376,0.034033
0.377,0.047907
0.378,0.057224
0.379,0.06549
0.38,0.076153
0.381,0.08819
0.382,0.095207
0.383,0.089287
0.384,0.067272
0.385,0.034249
0.386,0.000856
0.387,-0.023123
0.388,-0.033423
0.389,-0.031553
0.39,-0.022151
0.391,-0.010168
0.392,0.000718
0.393,0.008477
0.394,0.012484
0.395,0.013224
0.396,0.011975
0.397,0.010182
0.398,0.008671
0.399,0.007376
0.4,0.005835
0.401,0.003853
0.402,0.001819
0.403,0.000529
0.404,0.000609
0.405,0.002
0.406,0.003963
0.407,0.005545
0.408,0.006086
0.409,0.005484
0.41,0.004109
0.411,0.002458
0.412,0.000816
0.413,-0.000919
0.414,-0.003133
0.415,-0.006084
0.416,-0.009619
0.417,-0.013344
0.418,-0.016962
0.419,-0.020396
0.42,-0.023631
0.421,-0.02652
0.422,-0.028767
0.423,-0.030059
0.424,-0.030162
0.425,-0.02901
0.426,-0.026862
0.427,-0.024372
0.428,-0.022322
0.429,-0.021135
0.43,-0.020639
0.431,-0.020326
0.432,-0.019881
0.433,-0.019491
0.434,-0.019677
0.435,-0.020837
0.436,-0.022914
0.437,-0.025396
0.438,-0.027613
0.439,-0.029156
0.44,-0.030047
0.441,-0.030543
0.442,-0.030855
0.443,-0.03103
0.444,-0.031175
0.445,-0.031845
0.446,-0.033848
0.447,-0.037298
0.448,-0.040817
0.449,-0.041917
0.45,-0.038638
0.451,-0.03127
0.452,-0.022557
0.453,-0.016059
0.454,-0.014038
0.455,-0.01646
0.456,-0.02161
0.457,-0.027455
0.458,-0.032538
0.459,-0.0361
0.46,-0.037918
0.461,-0.038236
0.462,-0.037712
0.463,-0.037093
0.464,-0.036675
0.465,-0.036134
0.466,-0.035005
0.467,-0.033279
0.468,-0.031503
0.469,-0.030366
0.47,-0.03014
0.471,-0.030506
0.472,-0.03093
0.473,-0.03114
0.474,-0.031241
0.475,-0.031531
0.476,-0.032293
0.477,-0.033576
0.478,-0.035033
0.479,-0.036033
0.48,-0.036155
0.481,-0.035667
0.482,-0.035385
0.483,-0.035992
0.484,-0.037504
0.485,-0.039265
0.486,-0.040212
0.487,-0.038906
0.488,-0.033371
0.489,-0.021736
0.49,-0.004154
0.491,0.015799
0.492,0.032976
0.493,0.044906
0.494,0.053776
0.495,0.06366
0.496,0.075728
0.497,0.085592
0.498,0.085239
0.499,0.069078
0.5,0.039256
0.501,0.005022
0.502,-0.023001
0.503,-0.038456
0.504,-0.041074
0.505,-0.034743
0.506,-0.02436
0.507,-0.013856
0.508,-0.005743
0.509,-0.001192
0.51,-6e-06
0.511,-0.000828
0.512,-0.001967
0.513,-0.002393
0.514,-0.002177
0.515,-0.002098
0.516,-0.002767
0.517,-0.004067
0.518,-0.005337
0.519,-0.005918
0.52,-0.005523
0.521,-0.004385
0.522,-0.003165
0.523,-0.002589
0.524,-0.003048
0.525,-0.00442
0.526,-0.006228
0.527,-0.008044
0.528,-0.009821
0.529,-0.011814
0.53,-0.014211
0.531,-0.016854
0.532,-0.019294
0.533,-0.021185
0.534,-0.022629
0.535,-0.024098
0.536,-0.025954
0.537,-0.028026
0.538,-0.029689
0.539,-0.030359
0.54,-0.029872
0.541,-0.02854
0.542,-0.027023
0.543,-0.02601
0.544,-0.025786
0.545,-0.026029
0.546,-0.02606
0.547,-0.025406
0.548,-0.024228
0.549,-0.023248
0.55,-0.023152
0.551,-0.023953
0.552,-0.024979
0.553,-0.025546
0.554,-0.025555
0.555,-0.025417
0.556,-0.02547
0.557,-0.025667
0.558,-0.025922
0.559,-0.02657
0.56,-0.028309
0.561,-0.031619
0.562,-0.036128
0.563,-0.040252
0.564,-0.041606
0.565,-0.038487
0.566,-0.031461
0.567,-0.023373
0.568,-0.017602
0.569,-0.016097
0.57,-0.018638
0.571,-0.023515
0.572,-0.02867
0.573,-0.032525
0.574,-0.034403
0.575,-0.034535
0.576,-0.033736
0.577,-0.032957
0.578,-0.03278
0.579,-0.033046
0.58,-0.033045
0.581,-0.032208
0.582,-0.030721
0.583,-0.029441
0.584,-0.029123
0.585,-0.029801
0.586,-0.030887
0.587,-0.031717
0.588,-0.032081
0.589,-0.032359
0.59,-0.033121
0.591,-0.034542
0.592,-0.036191
0.593,-0.037353
0.594,-0.037567
0.595,-0.036921
0.596,-0.03593
0.597,-0.035178
0.598,-0.035021
0.599,-0.035394
0.6,-0.035738
0.601,-0.035109
0.602,-0.032241
0.603,-0.025495
0.604,-0.013506
0.605,0.003094
0.606,0.020736
0.607,0.035135
0.608,0.045234
0.609,0.054174
0.61,0.065676
0.611,0.079324
0.612,0.089019
0.613,0.086323
0.614,0.066889
0.615,0.034706
0.616,9.8e-05
0.617,-0.026602
0.618,-0.040201
0.619,-0.041451
0.62,-0.034576
0.621,-0.024341
0.622,-0.014391
0.623,-0.006821
0.624,-0.002292
0.625,-0.000304
0.626,0.000397
0.627,0.001089
0.628,0.002247
0.629,0.003378
0.63,0.003676
0.631,0.002781
0.632,0.001069
0.633,-0.000582
0.634,-0.001332
0.635,-0.000919
0.636,0.000135
0.637,0.000797
0.638,0.00016
0.639,-0.001925
0.64,-0.004779
0.641,-0.007472
0.642,-0.009525
0.643,-0.011145
0.644,-0.01293
0.645,-0.015297
0.646,-0.018069
0.647,-0.020608
0.648,-0.02238
0.649,-0.023373
0.65,-0.024046
0.651,-0.02491
0.652,-0.026064
0.653,-0.027063
0.654,-0.027279
0.655,-0.026452
0.656,-0.024947
0.657,-0.023573
0.658,-0.023098
0.659,-0.023754
0.66,-0.025081
0.661,-0.026223
0.662,-0.02653
0.663,-0.026058
0.664,-0.02555
0.665,-0.02579
0.666,-0.026897
0.667,-0.028242
0.668,-0.029025
0.669,-0.028892
0.67,-0.028094
0.671,-0.027219
0.672,-0.026789
0.673,-0.027081
0.674,-0.028355
0.675,-0.031022
0.676,-0.035302
0.677,-0.040593
0.678,-0.045136
0.679,-0.046541
0.68,-0.043288
0.681,-0.03613
0.682,-0.027953
0.683,-0.022081
0.684,-0.020374
0.685,-0.022492
0.686,-0.02662
0.687,-0.03076
0.688,-0.03361
0.689,-0.034765
0.69,-0.034531
0.691,-0.033677
0.692,-0.033062
0.693,-0.033111
0.694,-0.033516
0.695,-0.03357
0.696,-0.032946
0.697,-0.03213
0.698,-0.032044
0.699,-0.033179
0.7,-0.035137
0.701,-0.036996
0.702,-0.038088
0.703,-0.03852
0.704,-0.039066
0.705,-0.040499
0.706,-0.042847
0.707,-0.045215
0.708,-0.04638
0.709,-0.045764
0.71,-0.043934
0.711,-0.042191
0.712,-0.041658
0.713,-0.042622
0.714,-0.044498
0.715,-0.046203
0.716,-0.046536
0.717,-0.044215
0.718,-0.037748
0.719,-0.026032
0.72,-0.009991
0.721,0.006677
0.722,0.019941
0.723,0.029304
0.724,0.03831
0.725,0.050474
0.726,0.064651
0.727,0.074006
0.728,0.069984
0.729,0.049013
0.73,0.016251
0.731,-0.017266
0.732,-0.041279
0.733,-0.051203
0.734,-0.048611
0.735,-0.038489
0.736,-0.026041
0.737,-0.014989
0.738,-0.007339
0.739,-0.003611
0.74,-0.002977
0.741,-0.003721
0.742,-0.004259
0.743,-0.004079
0.744,-0.003802
0.745,-0.00437
0.746,-0.006082
0.747,-0.008198
0.748,-0.009357
0.749,-0.008571
0.75,-0.006041
0.751,-0.003071
0.752,-0.001176
0.753,-0.001195
0.754,-0.002943
0.755,-0.005471
0.756,-0.007732
0.757,-0.009347
0.758,-0.010866
0.759,-0.013147
0.76,-0.016342
0.761,-0.019622
0.762,-0.021943
0.763,-0.023016
0.764,-0.023492
0.765,-0.024309
0.766,-0.025895
0.767,-0.027846
0.768,-0.02927
0.769,-0.029511
0.77,-0.028611
0.771,-0.027187
0.772,-0.025995
0.773,-0.025525
0.774,-0.025749
0.775,-0.026121
0.776,-0.025975
0.777,-0.025182
0.778,-0.024469
0.779,-0.024878
0.78,-0.02676
0.781,-0.029365
0.782,-0.031498
0.783,-0.032511
0.784,-0.032679
0.785,-0.032709
0.786,-0.03302
0.787,-0.033533
0.788,-0.034163
0.789,-0.03534
0.79,-0.03782
0.791,-0.041741
0.792,-0.045684
0.793,-0.047022
0.794,-0.043805
0.795,-0.036486
0.796,-0.027815
0.797,-0.021114
0.798,-0.018453
0.799,-0.019933
0.8,-0.024146
0.801,-0.029102
0.802,-0.03303
0.803,-0.03502
0.804,-0.035339
0.805,-0.035122
0.806,-0.035523
0.807,-0.036901
0.808,-0.038612
0.809,-0.039568
0.81,-0.039112
0.811,-0.037542
0.812,-0.035914
0.813,-0.035221
0.814,-0.035603
0.815,-0.036286
0.816,-0.036326
0.817,-0.035481
0.818,-0.034482
0.819,-0.034495
0.82,-0.036094
0.821,-0.038599
0.822,-0.040528
0.823,-0.040801
0.824,-0.039644
0.825,-0.038467
0.826,-0.038726
0.827,-0.040697
0.828,-0.043283
0.829,-0.044889
0.83,-0.044253
0.831,-0.040364
0.832,-0.031959
0.833,-0.01817
0.834,-0.000438
0.835,0.017019
0.836,0.030288
0.837,0.039627
0.838,0.049252
0.839,0.062676
0.84,0.078081
0.841,0.087868
0.842,0.083392
0.843,0.061741
0.844,0.0286
0.845,-0.005306
0.846,-0.030499
0.847,-0.042755
0.848,-0.043241
0.849,-0.03612
0.85,-0.025949
0.851,-0.016242
0.852,-0.009046
0.853,-0.004943
0.854,-0.003339
0.855,-0.003001
0.856,-0.002691
0.857,-0.001795
0.858,-0.00065
0.859,-0.00013
0.86,-0.000716
0.861,-0.001956
0.862,-0.002819
0.863,-0.002574
0.864,-0.00142
0.865,-0.000347
0.866,-0.000366
0.867,-0.001814
0.868,-0.004217
0.869,-0.006656
0.87,-0.008387
0.871,-0.009388
0.872,-0.010318
0.873,-0.011866
0.874,-0.014151
0.875,-0.016639
0.876,-0.018514
0.877,-0.019314
0.878,-0.019406
0.879,-0.019813
0.88,-0.021358
0.881,-0.023879
0.882,-0.026302
0.883,-0.027486
0.884,-0.027135
0.885,-0.026049
0.886,-0.025457
0.887,-0.025978
0.888,-0.027163
0.889,-0.027985
0.89,-0.027717
0.891,-0.026462
0.892,-0.02505
0.893,-0.024451
0.894,-0.025078
0.895,-0.026467
0.896,-0.027585
0.897,-0.027653
0.898,-0.026821
0.899,-0.02604
0.9,-0.026155
0.901,-0.02722
0.902,-0.028808
0.903,-0.030812
0.904,-0.03357
0.905,-0.037105
0.906,-0.040286
0.907,-0.040978
0.908,-0.037491
0.909,-0.030165
0.91,-0.021435
0.911,-0.01437
0.912,-0.011049
0.913,-0.011784
0.914,-0.015402
0.915,-0.02014
0.916,-0.024403
0.917,-0.027163
0.918,-0.028197
0.919,-0.028106
0.92,-0.027845
0.921,-0.027971
0.922,-0.028233
0.923,-0.027887
0.924,-0.026497
0.925,-0.024512
0.926,-0.023024
0.927,-0.022852
0.928,-0.023819
0.929,-0.024877
0.93,-0.024908
0.931,-0.023614
0.932,-0.021819
0.933,-0.020841
0.934,-0.021395
0.935,-0.023007
0.936,-0.024373
0.937,-0.024343
0.938,-0.02279
0.939,-0.020786
0.94,-0.019884
0.941,-0.020957
0.942,-0.023461
0.943,-0.025789
0.944,-0.02629
0.945,-0.023696
0.946,-0.016686
0.947,-0.004109
0.948,0.013198
0.949,0.031363
0.95,0.045971
0.951,0.056276
0.952,0.066069
0.953,0.079531
0.954,0.09607
0.955,0.108896
0.956,0.108855
0.957,0.091128
0.958,0.059352
0.959,0.023635
0.96,-0.005359
0.961,-0.021414
0.962,-0.024133
0.963,-0.017251
0.964,-0.006008
0.965,0.004979
0.966,0.012935
0.967,0.017165
0.968,0.018555
0.969,0.018696
0.97,0.018952
0.971,0.019771
0.972,0.020568
0.973,0.020283
0.974,0.018306
0.975,0.015161
0.976,0.012368
0.977,0.011434
0.978,0.01268
0.979,0.014947
0.98,0.016511
0.981,0.016395
0.982,0.014943
0.983,0.013283
0.984,0.012347
0.985,0.012263
0.986,0.012384
0.987,0.011784
0.988,0.009909
0.989,0.007008
0.99,0.003983
0.991,0.001671
0.992,0.000134
0.993,-0.001357
0.994,-0.003607
0.995,-0.006587
0.996,-0.009174
0.997,-0.009994
0.998,-0.008655
0.999,-0.006128
1.0,-0.003947
1.001,-0.003006
1.002,-0.003008
1.003,-0.00302
1.004,-0.002473
1.005,-0.001629
1.006,-0.001224
1.007,-0.001831
1.008,-0.003526
1.009,-0.005872
1.01,-0.008077
1.011,-0.009446
1.012,-0.009892
1.013,-0.009979
1.014,-0.010434
1.015,-0.011663
1.016,-0.013645
1.017,-0.016133
1.018,-0.018912
1.019,-0.021793
1.02,-0.024122
1.021,-0.024351
1.022,-0.02083
1.023,-0.013488
1.024,-0.004515
1.025,0.002799
1.026,0.005978
1.027,0.004512
1.028,-0.000346
1.029,-0.006574
1.03,-0.01223
1.031,-0.015971
1.032,-0.017469
1.033,-0.017488
1.034,-0.017367
1.035,-0.018045
1.036,-0.019295
1.037,-0.019941
1.038,-0.019014
1.039,-0.016724
1.04,-0.014274
1.041,-0.012722
1.042,-0.012078
1.043,-0.011483
1.044,-0.010165
1.045,-0.008161
1.046,-0.006351
1.047,-0.005886
1.048,-0.007343
1.049,-0.010172
1.05,-0.01297
1.051,-0.014456
1.052,-0.014364
1.053,-0.013565
1.054,-0.013355
1.055,-0.014437
1.056,-0.01637
1.057,-0.017952
1.058,-0.018013
1.059,-0.01562
1.06,-0.00958
1.061,0.001536
1.062,0.017751
1.063,0.036053
1.064,0.051964
1.065,0.063729
1.066,0.074213
1.067,0.087674
1.068,0.104476
1.069,0.118678
1.07,0.120913
1.071,0.105025
1.072,0.073323
1.073,0.035789
1.074,0.004082
1.075,-0.014468
1.076,-0.018886
1.077,-0.012865
1.078,-0.001866
1.079,0.009205
1.08,0.01725
1.081,0.021314
1.082,0.022272
1.083,0.022026
1.084,0.022376
1.085,0.024066
1.086,0.026509
1.087,0.028339
1.088,0.028409
1.089,0.026659
1.09,0.024298
1.091,0.023007
1.092,0.023579
1.093,0.025196
1.094,0.026072
1.095,0.024931
1.096,0.021986
1.097,0.018628
1.098,0.016243
1.099,0.015264
1.1,0.015105
1.101,0.014741
1.102,0.013419
1.103,0.011179
1.104,0.008775
1.105,0.006911
1.106,0.005578
1.107,0.004176
1.108,0.002198
1.109,-0.000184
1.11,-0.002083
1.111,-0.002521
1.112,-0.00125
1.113,0.00092
1.114,0.002618
1.115,0.002922
1.116,0.002046
1.117,0.00108
1.118,0.001041
1.119,0.002089
1.12,0.003497
1.121,0.004243
1.122,0.003781
1.123,0.002528
1.124,0.0016
1.125,0.001914
1.126,0.003402
1.127,0.005023
1.128,0.005562
1.129,0.0045
1.13,0.002149
1.131,-0.000959
1.132,-0.004662
1.133,-0.00902
1.134,-0.013404
1.135,-0.015933
1.136,-0.014491
1.137,-0.008624
1.138,-0.000341
1.139,0.006995
1.14,0.010695
1.141,0.010093
1.142,0.006444
1.143,0.001866
1.144,-0.001779
1.145,-0.003611
1.146,-0.003983
1.147,-0.004077
1.148,-0.004933
1.149,-0.006591
1.15,-0.008085
1.151,-0.008257
1.152,-0.006725
1.153,-0.004345
1.154,-0.002783
1.155,-0.003341
1.156,-0.005969
1.157,-0.009344
1.158,-0.011897
1.159,-0.012926
1.16,-0.012953
1.161,-0.013127
1.162,-0.014137
1.163,-0.015532
1.164,-0.01605
1.165,-0.014735
1.166,-0.01192
1.167,-0.009168
1.168,-0.008193
1.169,-0.009639
1.17,-0.012617
1.171,-0.015298
1.172,-0.015953
1.173,-0.013378
1.174,-0.006559
1.175,0.005183
1.176,0.020805
1.177,0.036795
1.178,0.049424
1.179,0.058507
1.18,0.068005
1.181,0.081765
1.182,0.09839
1.183,0.11024
1.184,0.108003
1.185,0.087695
1.186,0.05432
1.187,0.01889
1.188,-0.00824
1.189,-0.02204
1.19,-0.023198
1.191,-0.015802
1.192,-0.004716
1.193,0.005999
1.194,0.013692
1.195,0.017368
1.196,0.0177
1.197,0.016488
1.198,0.015574
1.199,0.015845
1.2,0.01692
1.201,0.017746
1.202,0.017617
1.203,0.016824
1.204,0.01644
1.205,0.017417
1.206,0.019749
1.207,0.022347
1.208,0.023708
1.209,0.022916
1.21,0.02026
1.211,0.016983
1.212,0.014292
1.213,0.012435
1.214,0.010633
1.215,0.007942
1.216,0.004199
1.217,0.00022
1.218,-0.002886
1.219,-0.004633
1.22,-0.005457
1.221,-0.006185
1.222,-0.007234
1.223,-0.008292
1.224,-0.008625
1.225,-0.007665
1.226,-0.005517
1.227,-0.003084
1.228,-0.001625
1.229,-0.001964
1.23,-0.003848
1.231,-0.00604
1.232,-0.007264
1.233,-0.007204
1.234,-0.00667
1.235,-0.006811
1.236,-0.008067
1.237,-0.009768
1.238,-0.010719
1.239,-0.010158
1.24,-0.00827
1.241,-0.005991
1.242,-0.004369
1.243,-0.003968
1.244,-0.004814
1.245,-0.00681
1.246,-0.010003
1.247,-0.01427
1.248,-0.018556
1.249,-0.020699
1.25,-0.018707
1.251,-0.012585
1.252,-0.004777
1.253,0.001293
1.254,0.003206
1.255,0.000669
1.256,-0.004655
1.257,-0.010284
1.258,-0.01422
1.259,-0.015625
1.26,-0.01491
1.261,-0.013433
1.262,-0.012634
1.263,-0.012998
1.264,-0.013798
1.265,-0.013944
1.266,-0.013051
1.267,-0.011788
1.268,-0.011371
1.269,-0.012562
1.27,-0.014861
1.271,-0.016765
1.272,-0.017041
1.273,-0.015788
1.274,-0.014327
1.275,-0.014044
1.276,-0.015197
1.277,-0.016748
1.278,-0.017444
1.279,-0.017011
1.28,-0.016178
1.281,-0.015874
1.282,-0.016611
1.283,-0.01828
1.284,-0.020069
1.285,-0.020641
1.286,-0.018696
1.287,-0.013504
1.288,-0.004714
1.289,0.007919
1.29,0.023591
1.291,0.039392
1.292,0.051922
1.293,0.060787
1.294,0.069484
1.295,0.081872
1.296,0.097453
1.297,0.109745
1.298,0.109757
1.299,0.092742
1.3,0.06259
1.301,0.029646
1.302,0.004231
1.303,-0.008513
1.304,-0.009577
1.305,-0.003664
1.306,0.004325
1.307,0.011531
1.308,0.016863
1.309,0.019698
1.31,0.020069
1.311,0.019676
1.312,0.020871
1.313,0.024183
1.314,0.02765
1.315,0.028588
1.316,0.025907
1.317,0.021086
1.318,0.016897
1.319,0.01504
1.32,0.01529
1.321,0.01666
1.322,0.018452
1.323,0.020107
1.324,0.02095
1.325,0.020654
1.326,0.019779
1.327,0.01925
1.328,0.019104
1.329,0.018669
1.33,0.018325
1.331,0.019723
1.332,0.023219
1.333,0.025925
1.334,0.024059
1.335,0.017779
1.336,0.012339
1.337,0.01309
1.338,0.019447
1.339,0.025206
1.34,0.025638
1.341,0.022676
1.342,0.021537
1.343,0.023778
1.344,0.026406
1.345,0.0273
1.346,0.02788
1.347,0.029606
1.348,0.031367
1.349,0.031899
1.35,0.031938
1.351,0.032555
1.352,0.0335
1.353,0.034508
1.354,0.036572
1.355,0.040509
1.356,0.045454
1.357,0.04986
1.358,0.052762
1.359,0.053412
1.36,0.05121
1.361,0.047397
1.362,0.045848
1.363,0.050384
1.364,0.061075
1.365,0.073665
1.366,0.082101
1.367,0.081823
1.368,0.072484
1.369,0.058525
1.37,0.046481
1.371,0.040935
1.372,0.04205
1.373,0.046248
1.374,0.04958
1.375,0.050589
1.376,0.050027
1.377,0.049115
1.378,0.048862
1.379,0.049895
1.38,0.052007
1.381,0.054499
1.382,0.057263
1.383,0.060783
1.384,0.064811
1.385,0.067838
1.386,0.068399
1.387,0.066506
1.388,0.063557
1.389,0.061234
1.39,0.060594
1.391,0.061887
1.392,0.064711
1.393,0.067965
1.394,0.06998
1.395,0.069471
1.396,0.066718
1.397,0.063608
1.398,0.062508
1.399,0.065284
1.4,0.072865
1.401,0.084178
1.402,0.094546
1.403,0.096894
1.404,0.088043
1.405,0.075176
1.406,0.073406
1.407,0.093495
1.408,0.130622
1.409,0.165484
1.41,0.177635
1.411,0.159795
1.412,0.1213
1.413,0.079503
1.414,0.04819
1.415,0.032062
1.416,0.028634
1.417,0.032925
1.418,0.040647
1.419,0.048978
1.42,0.056178
1.421,0.061316
1.422,0.064432
1.423,0.066501
1.424,0.068636
1.425,0.071062
1.426,0.072869
1.427,0.072806
1.428,0.070457
1.429,0.066855
1.43,0.063986
1.431,0.063481
1.432,0.065423
1.433,0.06822
1.434,0.069766
1.435,0.068964
1.436,0.066328
1.437,0.063259
1.438,0.060877
1.439,0.059449
1.44,0.058454
1.441,0.057069
1.442,0.054949
1.443,0.052664
1.444,0.051206
1.445,0.050867
1.446,0.050682
1.447,0.049202
1.448,0.045824
1.449,0.041399
1.45,0.037694
1.451,0.036189
1.452,0.037043
1.453,0.038953
1.454,0.040061
1.455,0.039257
1.456,0.036857
1.457,0.034136
1.458,0.032246
1.459,0.031452
1.46,0.031132
1.461,0.030378
1.462,0.028757
1.463,0.026653
1.464,0.024811
1.465,0.023521
1.466,0.022304
1.467,0.020438
1.468,0.01782
1.469,0.015384
1.47,0.01453
1.471,0.01581
1.472,0.01809
1.473,0.019286
1.474,0.018249
1.475,0.016074
1.476,0.015259
1.477,0.017259
1.478,0.02087
1.479,0.023059
1.48,0.021374
1.481,0.015701
1.482,0.008078
1.483,0.001199
1.484,-0.003093
1.485,-0.004524
1.486,-0.004177
1.487,-0.00367
1.488,-0.004216
1.489,-0.005943
1.49,-0.007816
1.491,-0.008414
1.492,-0.007062
1.493,-0.004364
1.494,-0.001699
1.495,-0.000192
1.496,2.9e-05
1.497,-0.000241
1.498,-0.000118
1.499,0.000507
1.5,0.000906
1.501,0.000231
1.502,-0.001709
1.503,-0.004187
1.504,-0.006025
1.505,-0.006551
1.506,-0.006218
1.507,-0.006225
1.508,-0.00749
1.509,-0.009907
1.51,-0.01244
1.511,-0.013877
1.512,-0.013373
1.513,-0.010142
1.514,-0.002897
1.515,0.009441
1.516,0.025571
1.517,0.040875
1.518,0.050667
1.519,0.055602
1.52,0.062545
1.521,0.078068
1.522,0.100526
1.523,0.118896
1.524,0.120103
1.525,0.098859
1.526,0.06173
1.527,0.022352
1.528,-0.007276
1.529,-0.022107
1.53,-0.023619
1.531,-0.016576
1.532,-0.006095
1.533,0.003832
1.534,0.010796
1.535,0.014147
1.536,0.014827
1.537,0.014543
1.538,0.014649
1.539,0.015463
1.54,0.016321
1.541,0.016245
1.542,0.014823
1.543,0.012728
1.544,0.011336
1.545,0.011614
1.546,0.013264
1.547,0.015001
1.548,0.015667
1.549,0.015034
1.55,0.013694
1.551,0.012354
1.552,0.011281
1.553,0.010276
1.554,0.008947
1.555,0.00697
1.556,0.004286
1.557,0.001202
1.558,-0.00177
1.559,-0.004309
1.56,-0.006502
1.561,-0.008612
1.562,-0.010657
1.563,-0.012229
1.564,-0.012771
1.565,-0.012055
1.566,-0.010422
1.567,-0.008579
1.568,-0.007162
1.569,-0.006414
1.57,-0.006173
1.571,-0.006163
1.572,-0.006334
1.573,-0.006922
1.574,-0.008203
1.575,-0.010205
1.576,-0.012642
1.577,-0.015121
1.578,-0.017416
1.579,-0.019507
1.58,-0.021418
1.581,-0.023075
1.582,-0.02421
1.583,-0.024335
1.584,-0.022973
1.585,-0.020181
1.586,-0.016938
1.587,-0.014883
1.588,-0.015472
1.589,-0.018977
1.59,-0.023864
1.591,-0.02718
1.592,-0.026323
1.593,-0.021077
1.594,-0.014016
1.595,-0.008844
1.596,-0.008103
1.597,-0.011897
1.598,-0.018314
1.599,-0.024937
1.6,-0.030113
1.601,-0.033253
1.602,-0.034446
1.603,-0.034028
1.604,-0.032454
1.605,-0.030283
1.606,-0.027984
1.607,-0.02572
1.608,-0.023495
1.609,-0.021491
1.61,-0.020126
1.611,-0.019746
1.612,-0.020288
1.613,-0.02128
1.614,-0.022243
1.615,-0.023048
1.616,-0.023903
1.617,-0.025078
1.618,-0.026632
1.619,-0.02836
1.62,-0.029936
1.621,-0.03111
1.622,-0.031769
1.623,-0.031896
1.624,-0.031599
1.625,-0.031175
1.626,-0.030924
1.627,-0.030775
1.628,-0.030021
1.629,-0.027243
1.63,-0.02047
1.631,-0.008226
1.632,0.008367
1.633,0.02477
1.634,0.036101
1.635,0.04203
1.636,0.047653
1.637,0.058436
1.638,0.074015
1.639,0.086664
1.64,0.086104
1.641,0.067324
1.642,0.034961
1.643,0.000447
1.644,-0.025183
1.645,-0.036851
1.646,-0.036038
1.647,-0.027754
1.648,-0.017187
1.649,-0.007936
1.65,-0.001699
1.651,0.001278
1.652,0.001648
1.653,0.000532
1.654,-0.000955
1.655,-0.002165
1.656,-0.003065
1.657,-0.004039
1.658,-0.005438
1.659,-0.007072
1.66,-0.00817
1.661,-0.007948
1.662,-0.006153
1.663,-0.003168
1.664,0.000169
1.665,0.002876
1.666,0.004252
1.667,0.004115
1.668,0.002697
1.669,0.00035
1.67,-0.002709
1.671,-0.006412
1.672,-0.01061
1.673,-0.014909
1.674,-0.018826
1.675,-0.022097
1.676,-0.024755
1.677,-0.026935
1.678,-0.028563
1.679,-0.029313
1.68,-0.028915
1.681,-0.027487
1.682,-0.025423
1.683,-0.023102
1.684,-0.020848
1.685,-0.019059
1.686,-0.018134
1.687,-0.01825
1.688,-0.01922
1.689,-0.020603
1.69,-0.02204
1.691,-0.023495
1.692,-0.025114
1.693,-0.026906
1.694,-0.028642
1.695,-0.030041
1.696,-0.030931
1.697,-0.031301
1.698,-0.031221
1.699,-0.030678
1.7,-0.029601
1.701,-0.028202
1.702,-0.027282
1.703,-0.027929
1.704,-0.030683
1.705,-0.034783
1.706,-0.03808
1.707,-0.038078
1.708,-0.033719
1.709,-0.026448
1.71,-0.01942
1.711,-0.015522
1.712,-0.015794
1.713,-0.019354
1.714,-0.024465
1.715,-0.02954
1.716,-0.033445
1.717,-0.035468
1.718,-0.035502
1.719,-0.034186
1.72,-0.032484
1.721,-0.030943
1.722,-0.029409
1.723,-0.027478
1.724,-0.025149
1.725,-0.023016
1.726,-0.021841
1.727,-0.02197
1.728,-0.023069
1.729,-0.024389
1.73,-0.025402
1.731,-0.026234
1.732,-0.027405
1.733,-0.029228
1.734,-0.031566
1.735,-0.033945
1.736,-0.035732
1.737,-0.036381
1.738,-0.035767
1.739,-0.034312
1.74,-0.032723
1.741,-0.031544
1.742,-0.030802
1.743,-0.029918
1.744,-0.027854
1.745,-0.023139
1.746,-0.013999
1.747,0.000398
1.748,0.018003
1.749,0.034157
1.75,0.045376
1.751,0.052911
1.752,0.06146
1.753,0.073992
1.754,0.087661
1.755,0.094385
1.756,0.086284
1.757,0.062142
1.758,0.029081
1.759,-0.001966
1.76,-0.022501
1.761,-0.029798
1.762,-0.026296
1.763,-0.01676
1.764,-0.0057
1.765,0.003681
1.766,0.009565
1.767,0.011583
1.768,0.010771
1.769,0.008936
1.77,0.007565
1.771,0.007057
1.772,0.006877
1.773,0.006398
1.774,0.005555
1.775,0.004844
1.776,0.004906
1.777,0.006078
1.778,0.008191
1.779,0.010647
1.78,0.012635
1.781,0.013426
1.782,0.012765
1.783,0.011116
1.784,0.009333
1.785,0.007911
1.786,0.00655
1.787,0.004517
1.788,0.001421
1.789,-0.002389
1.79,-0.006152
1.791,-0.00936
1.792,-0.012042
1.793,-0.014457
1.794,-0.01668
1.795,-0.018416
1.796,-0.019143
1.797,-0.018538
1.798,-0.016806
1.799,-0.014584
1.8,-0.012539
1.801,-0.011077
1.802,-0.010266
1.803,-0.009859
1.804,-0.009502
1.805,-0.009144
1.806,-0.009204
1.807,-0.010135
1.808,-0.011917
1.809,-0.014081
1.81,-0.016088
1.811,-0.017626
1.812,-0.018652
1.813,-0.019246
1.814,-0.019448
1.815,-0.019302
1.816,-0.01907
1.817,-0.019391
1.818,-0.021012
1.819,-0.024037
1.82,-0.027309
1.821,-0.028583
1.822,-0.025759
1.823,-0.018543
1.824,-0.009117
1.825,-0.001096
1.826,0.002523
1.827,0.001
1.828,-0.00411
1.829,-0.010416
1.83,-0.016085
1.831,-0.020154
1.832,-0.022362
1.833,-0.02311
1.834,-0.023216
1.835,-0.023279
1.836,-0.023237
1.837,-0.022577
1.838,-0.020961
1.839,-0.018698
1.84,-0.016663
1.841,-0.015766
1.842,-0.016389
1.843,-0.01811
1.844,-0.019933
1.845,-0.021036
1.846,-0.021442
1.847,-0.021932
1.848,-0.023286
1.849,-0.025544
1.85,-0.027896
1.851,-0.029286
1.852,-0.02924
1.853,-0.028155
1.854,-0.026948
1.855,-0.026436
1.856,-0.026767
1.857,-0.027234
1.858,-0.026573
1.859,-0.023409
1.86,-0.016384
1.861,-0.004306
1.862,0.012702
1.863,0.031675
1.864,0.047686
1.865,0.057743
1.866,0.063731
1.867,0.07058
1.868,0.081145
1.869,0.092436
1.87,0.096435
1.871,0.085731
1.872,0.059845
1.873,0.026454
1.874,-0.003502
1.875,-0.022172
1.876,-0.027772
1.877,-0.023345
1.878,-0.01376
1.879,-0.00331
1.88,0.005344
1.881,0.011115
1.882,0.014016
1.883,0.014853
1.884,0.014912
1.885,0.015285
1.886,0.016189
1.887,0.016932
1.888,0.01662
1.889,0.015044
1.89,0.012971
1.891,0.011571
1.892,0.011564
1.893,0.012781
1.894,0.014332
1.895,0.015212
1.896,0.014855
1.897,0.013228
1.898,0.010499
1.899,0.006748
1.9,0.002025
1.901,-0.003462
1.902,-0.009259
1.903,-0.014714
1.904,-0.019178
1.905,-0.022318
1.906,-0.024341
1.907,-0.025873
1.908,-0.027557
1.909,-0.029663
1.91,-0.031908
1.911,-0.033575
1.912,-0.033946
1.913,-0.032843
1.914,-0.030843
1.915,-0.028925
1.916,-0.027838
1.917,-0.027656
1.918,-0.027871
1.919,-0.027923
1.92,-0.02768
1.921,-0.02749
1.922,-0.027851
1.923,-0.02894
1.924,-0.030395
1.925,-0.031602
1.926,-0.032197
1.927,-0.032299
1.928,-0.032265
1.929,-0.032237
1.93,-0.032057
1.931,-0.031726
1.932,-0.031872
1.933,-0.033491
1.934,-0.037012
1.935,-0.041428
1.936,-0.044352
1.937,-0.043349
1.938,-0.037801
1.939,-0.029614
1.94,-0.022113
1.941,-0.018096
1.942,-0.01841
1.943,-0.021886
1.944,-0.026445
1.945,-0.030349
1.946,-0.032758
1.947,-0.033614
1.948,-0.033346
1.949,-0.032609
1.95,-0.031939
1.951,-0.031478
1.952,-0.03103
1.953,-0.030343
1.954,-0.029447
1.955,-0.028794
1.956,-0.028968
1.957,-0.030184
1.958,-0.032021
1.959,-0.033627
1.96,-0.034377
1.961,-0.034453
1.962,-0.034623
1.963,-0.035379
1.964,-0.036414
1.965,-0.036925
1.966,-0.036347
1.967,-0.034823
1.968,-0.033128
1.969,-0.032177
1.97,-0.03245
1.971,-0.033708
1.972,-0.03519
1.973,-0.035959
1.974,-0.034896
1.975,-0.030401
1.976,-0.020697
1.977,-0.005441
1.978,0.012641
1.979,0.028802
1.98,0.040173
1.981,0.04842
1.982,0.057782
1.983,0.070194
1.984,0.081947
1.985,0.084935
1.986,0.072479
1.987,0.045292
1.988,0.011881
1.989,-0.016928
1.99,-0.034033
1.991,-0.038377
1.992,-0.033398
1.993,-0.023961
1.994,-0.014146
1.995,-0.006601
1.996,-0.002533
1.997,-0.00171
1.998,-0.002712
1.999,-0.003766
2.0,-0.003804
2.001,-0.002964
2.002,-0.002138
2.003,-0.002046
2.004,-0.00264
2.005,-0.003195
2.006,-0.002893
2.007,-0.00143
2.008,0.000739
2.009,0.002707
2.01,0.0037
2.011,0.003445
2.012,0.002151
2.013,0.000279
2.014,-0.001698
2.015,-0.00356
2.016,-0.005476
2.017,-0.007791
2.018,-0.010618
2.019,-0.013637
2.02,-0.016344
2.021,-0.018519
2.022,-0.020366
2.023,-0.022154
2.024,-0.02388
2.025,-0.025218
2.026,-0.025641
2.027,-0.024679
2.028,-0.022311
2.029,-0.019244
2.03,-0.016653
2.031,-0.015455
2.032,-0.015742
2.033,-0.016846
2.034,-0.017921
2.035,-0.018569
2.036,-0.019043
2.037,-0.019893
2.038,-0.021383
2.039,-0.023175
2.04,-0.024594
2.041,-0.025194
2.042,-0.02501
2.043,-0.024376
2.044,-0.023688
2.045,-0.023298
2.046,-0.023516
2.047,-0.024735
2.048,-0.027429
2.049,-0.031659
2.05,-0.036321
2.051,-0.039057
2.052,-0.037498
2.053,-0.031129
2.054,-0.022029
2.055,-0.013684
2.056,-0.008968
2.057,-0.0088
2.058,-0.012153
2.059,-0.017017
2.06,-0.021501
2.061,-0.024481
2.062,-0.025704
2.063,-0.025552
2.064,-0.024745
2.065,-0.024025
2.066,-0.023745
2.067,-0.023631
2.068,-0.023112
2.069,-0.021996
2.07,-0.020779
2.071,-0.020303
2.072,-0.021051
2.073,-0.022748
2.074,-0.024636
2.075,-0.026114
2.076,-0.027121
2.077,-0.027997
2.078,-0.029026
2.079,-0.030081
2.08,-0.030712
2.081,-0.030575
2.082,-0.02972
2.083,-0.028524
2.084,-0.027452
2.085,-0.026851
2.086,-0.026792
2.087,-0.026975
2.088,-0.026786
2.089,-0.025296
2.09,-0.020986
2.091,-0.011907
2.092,0.002746
2.093,0.020692
2.094,0.037247
2.095,0.049143
2.096,0.057514
2.097,0.066339
2.098,0.077766
2.099,0.088709
2.1,0.091767
2.101,0.080466
2.102,0.054935
2.103,0.022719
2.104,-0.005882
2.105,-0.023597
2.106,-0.028865
2.107,-0.024639
2.108,-0.015517
2.109,-0.005588
2.11,0.002417
2.111,0.007227
2.112,0.008905
2.113,0.008551
2.114,0.007647
2.115,0.007252
2.116,0.007535
2.117,0.007967
2.118,0.007972
2.119,0.007539
2.12,0.007329
2.121,0.008116
2.122,0.01004
2.123,0.012396
2.124,0.014063
2.125,0.014142
2.126,0.012484
2.127,0.009839
2.128,0.007349
2.129,0.005672
2.13,0.004466
2.131,0.002719
2.132,-0.00036
2.133,-0.004663
2.134,-0.009281
2.135,-0.013168
2.136,-0.015732
2.137,-0.017045
2.138,-0.017616
2.139,-0.017864
2.14,-0.017771
2.141,-0.017039
2.142,-0.015455
2.143,-0.013133
2.144,-0.010566
2.145,-0.008476
2.146,-0.007447
2.147,-0.007597
2.148,-0.008602
2.149,-0.010005
2.15,-0.011535
2.151,-0.013279
2.152,-0.015456
2.153,-0.017939
2.154,-0.0201
2.155,-0.021213
2.156,-0.021023
2.157,-0.019882
2.158,-0.018408
2.159,-0.01707
2.16,-0.016123
2.161,-0.015874
2.162,-0.016806
2.163,-0.019247
2.164,-0.02285
2.165,-0.02626
2.166,-0.027371
2.167,-0.024534
2.168,-0.018028
2.169,-0.010295
2.17,-0.004547
2.171,-0.002943
2.172,-0.005583
2.173,-0.010829
2.174,-0.016432
2.175,-0.020514
2.176,-0.022054
2.177,-0.021132
2.178,-0.018846
2.179,-0.016666
2.18,-0.015488
2.181,-0.015169
2.182,-0.014885
2.183,-0.013897
2.184,-0.012214
2.185,-0.010663
2.186,-0.01029
2.187,-0.011581
2.188,-0.01411
2.189,-0.016847
2.19,-0.01895
2.191,-0.020381
2.192,-0.021715
2.193,-0.02329
2.194,-0.024691
2.195,-0.025124
2.196,-0.024163
2.197,-0.022213
2.198,-0.020299
2.199,-0.019276
2.2,-0.019172
2.201,-0.019316
2.202,-0.018959
2.203,-0.017488
2.204,-0.01407
2.205,-0.007363
2.206,0.003879
2.207,0.019194
2.208,0.035396
2.209,0.048472
2.21,0.057368
2.211,0.065157
2.212,0.075729
2.213,0.089154
2.214,0.099778
2.215,0.099151
2.216,0.082402
2.217,0.052779
2.218,0.01999
2.219,-0.005846
2.22,-0.019319
2.221,-0.020803
2.222,-0.014306
2.223,-0.004629
2.224,0.004399
2.225,0.010486
2.226,0.012936
2.227,0.012463
2.228,0.010582
2.229,0.008745
2.23,0.007732
2.231,0.007485
2.232,0.007368
2.233,0.006852
2.234,0.006126
2.235,0.006048
2.236,0.007454
2.237,0.010435
2.238,0.014137
2.239,0.017225
2.24,0.018656
2.241,0.018203
2.242,0.01648
2.243,0.014435
2.244,0.012554
2.245,0.010408
2.246,0.007094
2.247,0.002209
2.248,-0.003585
2.249,-0.008909
2.25,-0.01263
2.251,-0.014629
2.252,-0.015661
2.253,-0.01652
2.254,-0.017396
2.255,-0.017829
2.256,-0.017099
2.257,-0.014864
2.258,-0.011632
2.259,-0.008542
2.26,-0.006638
2.261,-0.006304
2.262,-0.007143
2.263,-0.008255
2.264,-0.008895
2.265,-0.009086
2.266,-0.009502
2.267,-0.010726
2.268,-0.012722
2.269,-0.014922
2.27,-0.016673
2.271,-0.017691
2.272,-0.018189
2.273,-0.018591
2.274,-0.0192
2.275,-0.020184
2.276,-0.02174
2.277,-0.024091
2.278,-0.027253
2.279,-0.030611
2.28,-0.032563
2.281,-0.031085
2.282,-0.025348
2.283,-0.016861
2.284,-0.008858
2.285,-0.004434
2.286,-0.004806
2.287,-0.008924
2.288,-0.014482
2.289,-0.019279
2.29,-0.022046
2.291,-0.022717
2.292,-0.0222
2.293,-0.021666
2.294,-0.021776
2.295,-0.022347
2.296,-0.022584
2.297,-0.021704
2.298,-0.019568
2.299,-0.016886
2.3,-0.014797
2.301,-0.014107
2.302,-0.014756
2.303,-0.015887
2.304,-0.016568
2.305,-0.016657
2.306,-0.016909
2.307,-0.018127
2.308,-0.020313
2.309,-0.022644
2.31,-0.024122
2.311,-0.024263
2.312,-0.023354
2.313,-0.022168
2.314,-0.021443
2.315,-0.021418
2.316,-0.021697
2.317,-0.021516
2.318,-0.02003
2.319,-0.01611
2.32,-0.00813
2.321,0.00501
2.322,0.02187
2.323,0.038295
2.324,0.050741
2.325,0.059814
2.326,0.069457
2.327,0.082314
2.328,0.095758
2.329,0.102113
2.33,0.093674
2.331,0.06912
2.332,0.035459
2.333,0.003623
2.334,-0.017898
2.335,-0.026351
2.336,-0.023878
2.337,-0.014806
2.338,-0.003516
2.339,0.006491
2.34,0.013005
2.341,0.015389
2.342,0.01455
2.343,0.012345
2.344,0.010483
2.345,0.009632
2.346,0.009311
2.347,0.008575
2.348,0.007021
2.349,0.005359
2.35,0.004969
2.351,0.006752
2.352,0.010306
2.353,0.014155
2.354,0.01677
2.355,0.01747
2.356,0.016529
2.357,0.014726
2.358,0.012768
2.359,0.010805
2.36,0.008335
2.361,0.004746
2.362,9.6e-05
2.363,-0.004662
2.364,-0.008353
2.365,-0.01056
2.366,-0.011938
2.367,-0.013503
2.368,-0.015575
2.369,-0.017394
2.37,-0.017735
2.371,-0.01594
2.372,-0.012527
2.373,-0.008889
2.374,-0.006401
2.375,-0.005624
2.376,-0.00613
2.377,-0.007014
2.378,-0.007664
2.379,-0.00817
2.38,-0.00917
2.381,-0.011233
2.382,-0.014196
2.383,-0.017085
2.384,-0.018805
2.385,-0.019014
2.386,-0.018319
2.387,-0.017675
2.388,-0.017634
2.389,-0.018193
2.39,-0.019245
2.391,-0.020942
2.392,-0.023434
2.393,-0.026158
2.394,-0.027437
2.395,-0.025244
2.396,-0.018925
2.397,-0.010215
2.398,-0.002418
2.399,0.001543
2.4,0.000572
2.401,-0.004512
2.402,-0.011791
2.403,-0.019042
2.404,-0.024331
2.405,-0.026655
2.406,-0.02636
2.407,-0.024857
2.408,-0.02363
2.409,-0.023187
2.41,-0.022839
2.411,-0.021505
2.412,-0.018798
2.413,-0.015443
2.414,-0.012785
2.415,-0.011853
2.416,-0.01267
2.417,-0.014281
2.418,-0.015535
2.419,-0.01601
2.42,-0.016309
2.421,-0.017455
2.422,-0.01982
2.423,-0.022625
2.424,-0.024603
2.425,-0.025167
2.426,-0.02487
2.427,-0.024757
2.428,-0.025364
2.429,-0.02629
2.43,-0.026557
2.431,-0.025236
2.432,-0.021717
2.433,-0.015348
2.434,-0.005066
2.435,0.009769
2.436,0.027492
2.437,0.043942
2.438,0.055723
2.439,0.063692
2.44,0.072045
2.441,0.083616
2.442,0.095991
2.443,0.101797
2.444,0.09351
2.445,0.069555
2.446,0.036315
2.447,0.004272
2.448,-0.017908
2.449,-0.026836
2.45,-0.024181
2.451,-0.014394
2.452,-0.002377
2.453,0.008032
2.454,0.01471
2.455,0.01727
2.456,0.016714
2.457,0.014803
2.458,0.01309
2.459,0.012119
2.46,0.011385
2.461,0.010052
2.462,0.007905
2.463,0.005789
2.464,0.005057
2.465,0.006407
2.466,0.009197
2.467,0.011856
2.468,0.012984
2.469,0.012273
2.47,0.010621
2.471,0.00929
2.472,0.008778
2.473,0.008416
2.474,0.007003
2.475,0.003855
2.476,-0.000604
2.477,-0.005171
2.478,-0.008766
2.479,-0.011215
2.48,-0.013301
2.481,-0.015988
2.482,-0.019397
2.483,-0.022504
2.484,-0.023863
2.485,-0.022717
2.486,-0.019575
2.487,-0.015968
2.488,-0.013573
2.489,-0.013153
2.49,-0.01405
2.491,-0.014817
2.492,-0.014512
2.493,-0.01349
2.494,-0.013003
2.495,-0.014077
2.496,-0.016695
2.497,-0.019841
2.498,-0.02227
2.499,-0.023293
2.5,-0.023109
2.501,-0.022564
2.502,-0.022552
2.503,-0.023522
2.504,-0.025472
2.505,-0.028258
2.506,-0.031696
2.507,-0.035158
2.508,-0.037122
2.509,-0.035598
2.51,-0.029698
2.511,-0.020916
2.512,-0.012592
2.513,-0.007901
2.514,-0.00814
2.515,-0.012458
2.516,-0.018744
2.517,-0.024711
2.518,-0.02865
2.519,-0.029944
2.52,-0.029334
2.521,-0.02843
2.522,-0.028454
2.523,-0.029284
2.524,-0.029794
2.525,-0.02905
2.526,-0.02718
2.527,-0.025246
2.528,-0.024402
2.529,-0.025021
2.53,-0.026389
2.531,-0.02728
2.532,-0.026973
2.533,-0.025853
2.534,-0.025103
2.535,-0.025702
2.536,-0.027629
2.537,-0.029884
2.538,-0.031287
2.539,-0.031394
2.54,-0.030777
2.541,-0.030466
2.542,-0.03109
2.543,-0.032345
2.544,-0.033167
2.545,-0.032466
2.546,-0.029538
2.547,-0.02356
2.548,-0.013236
2.549,0.001954
2.55,0.019802
2.551,0.035884
2.552,0.047341
2.553,0.055852
2.554,0.065802
2.555,0.079264
2.556,0.092576
2.557,0.097536
2.558,0.086996
2.559,0.060771
2.56,0.026509
2.561,-0.00499
2.562,-0.025534
2.563,-0.032479
2.564,-0.028127
2.565,-0.01734
2.566,-0.00529
2.567,0.004028
2.568,0.008672
2.569,0.009012
2.57,0.007113
2.571,0.00536
2.572,0.005057
2.573,0.005893
2.574,0.006563
2.575,0.005963
2.576,0.004041
2.577,0.001784
2.578,0.000514
2.579,0.000984
2.58,0.002802
2.581,0.004676
2.582,0.005396
2.583,0.004752
2.584,0.003549
2.585,0.002727
2.586,0.002431
2.587,0.001754
2.588,-0.000605
2.589,-0.005129
2.59,-0.010702
2.591,-0.015256
2.592,-0.017446
2.593,-0.017694
2.594,-0.017622
2.595,-0.01853
2.596,-0.02038
2.597,-0.02201
2.598,-0.022201
2.599,-0.020703
2.6,-0.018481
2.601,-0.016969
2.602,-0.016825
2.603,-0.017287
2.604,-0.016867
2.605,-0.014872
2.606,-0.012202
2.607,-0.010662
2.608,-0.011636
2.609,-0.015198
2.61,-0.020057
2.611,-0.02433
2.612,-0.026628
2.613,-0.026554
2.614,-0.024486
2.615,-0.021344
2.616,-0.018605
2.617,-0.0179
2.618,-0.020012
2.619,-0.024212
2.62,-0.028675
2.621,-0.031313
2.622,-0.030252
2.623,-0.024459
2.624,-0.014868
2.625,-0.004835
2.626,0.00123
2.627,0.000527
2.628,-0.00617
2.629,-0.015153
2.63,-0.022301
2.631,-0.024964
2.632,-0.022615
2.633,-0.017172
2.634,-0.012451
2.635,-0.011889
2.636,-0.015875
2.637,-0.021096
2.638,-0.023094
2.639,-0.020322
2.64,-0.01559
2.641,-0.01297
2.642,-0.013661
2.643,-0.015394
2.644,-0.015394
2.645,-0.013225
2.646,-0.010847
2.647,-0.010337
2.648,-0.011855
2.649,-0.013785
2.65,-0.014424
2.651,-0.013294
2.652,-0.011047
2.653,-0.008628
2.654,-0.006645
2.655,-0.00527
2.656,-0.004376
2.657,-0.003008
2.658,0.000623
2.659,0.006867
2.66,0.013908
2.661,0.021689
2.662,0.033191
2.663,0.048286
2.664,0.060166
2.665,0.063029
2.666,0.061887
2.667,0.070033
2.668,0.095374
2.669,0.130429
2.67,0.156048
2.671,0.155524
2.672,0.126915
2.673,0.083526
2.674,0.04373
2.675,0.019793
2.676,0.013336
2.677,0.018266
2.678,0.027593
2.679,0.038329
2.68,0.050192
2.681,0.061641
2.682,0.069963
2.683,0.074361
2.684,0.076441
2.685,0.077642
2.686,0.077472
2.687,0.07486
2.688,0.07076
2.689,0.068113
2.69,0.068893
2.691,0.072413
2.692,0.076441
2.693,0.078449
2.694,0.076182
2.695,0.069127
2.696,0.060112
2.697,0.054168
2.698,0.054514
2.699,0.059687
2.7,0.065059
2.701,0.067008
2.702,0.065498
2.703,0.063169
2.704,0.062516
2.705,0.063846
2.706,0.065423
2.707,0.065198
2.708,0.062351
2.709,0.05751
2.71,0.05221
2.711,0.048385
2.712,0.047567
2.713,0.04984
2.714,0.053667
2.715,0.057002
2.716,0.058679
2.717,0.058892
2.718,0.058509
2.719,0.058169
2.72,0.058069
2.721,0.058262
2.722,0.05883
2.723,0.059845
2.724,0.061172
2.725,0.062213
2.726,0.062051
2.727,0.06012
2.728,0.056713
2.729,0.052719
2.73,0.048854
2.731,0.045341
2.732,0.042549
2.733,0.041637
2.734,0.043877
2.735,0.049197
2.736,0.05567
2.737,0.060552
2.738,0.061915
2.739,0.059623
2.74,0.055055
2.741,0.049982
2.742,0.045708
2.743,0.043031
2.744,0.042411
2.745,0.043692
2.746,0.045698
2.747,0.046572
2.748,0.044956
2.749,0.041042
2.75,0.036447
2.751,0.032922
2.752,0.031102
2.753,0.030417
2.754,0.030055
2.755,0.02988
2.756,0.030349
2.757,0.031652
2.758,0.033197
2.759,0.034014
2.76,0.033515
2.761,0.03194
2.762,0.030257
2.763,0.029583
2.764,0.030413
2.765,0.032098
2.766,0.033078
2.767,0.032003
2.768,0.028801
2.769,0.024735
2.77,0.021653
2.771,0.021369
2.772,0.025559
2.773,0.03541
2.774,0.050084
2.775,0.06537
2.776,0.075797
2.777,0.080253
2.778,0.08494
2.779,0.098178
2.78,0.120867
2.781,0.142673
2.782,0.148677
2.783,0.130835
2.784,0.09405
2.785,0.052182
2.786,0.018705
2.787,0.000101
2.788,-0.004591
2.789,-0.000362
2.79,0.007436
2.791,0.015024
2.792,0.020428
2.793,0.023077
2.794,0.023443
2.795,0.022642
2.796,0.021805
2.797,0.0214
2.798,0.021038
2.799,0.020075
2.8,0.018462
2.801,0.016994
2.802,0.01679
2.803,0.018525
2.804,0.021907
2.805,0.025684
2.806,0.028273
2.807,0.028667
2.808,0.026939
2.809,0.024019
2.81,0.020989
2.811,0.01844
2.812,0.016292
2.813,0.014122
2.814,0.011622
2.815,0.008773
2.816,0.005774
2.817,0.002823
2.818,-6.1e-05
2.819,-0.002939
2.82,-0.005656
2.821,-0.007784
2.822,-0.008849
2.823,-0.008545
2.824,-0.006916
2.825,-0.004505
2.826,-0.00219
2.827,-0.000742
2.828,-0.000537
2.829,-0.00153
2.83,-0.003362
2.831,-0.005568
2.832,-0.007777
2.833,-0.009732
2.834,-0.011281
2.835,-0.01244
2.836,-0.013412
2.837,-0.014434
2.838,-0.015659
2.839,-0.017094
2.84,-0.018469
2.841,-0.019233
2.842,-0.018805
2.843,-0.016832
2.844,-0.013469
2.845,-0.009738
2.846,-0.007451
2.847,-0.008244
2.848,-0.012166
2.849,-0.01697
2.85,-0.019224
2.851,-0.016907
2.852,-0.01116
2.853,-0.005466
2.854,-0.003153
2.855,-0.005393
2.856,-0.011013
2.857,-0.017793
2.858,-0.023794
2.859,-0.027878
2.86,-0.029691
2.861,-0.029567
2.862,-0.028237
2.863,-0.026404
2.864,-0.024491
2.865,-0.022715
2.866,-0.021216
2.867,-0.020123
2.868,-0.019634
2.869,-0.020003
2.87,-0.02128
2.871,-0.023096
2.872,-0.024862
2.873,-0.026229
2.874,-0.027342
2.875,-0.028651
2.876,-0.030459
2.877,-0.032617
2.878,-0.034589
2.879,-0.035724
2.88,-0.035547
2.881,-0.034072
2.882,-0.031907
2.883,-0.029895
2.884,-0.028522
2.885,-0.027646
2.886,-0.026635
2.887,-0.024393
2.888,-0.019174
2.889,-0.009083
2.89,0.006048
2.891,0.023029
2.892,0.036888
2.893,0.045376
2.894,0.051623
2.895,0.061065
2.896,0.075237
2.897,0.088469
2.898,0.090871
2.899,0.075764
2.9,0.045454
2.901,0.010172
2.902,-0.018449
2.903,-0.033633
2.904,-0.035352
2.905,-0.028099
2.906,-0.017435
2.907,-0.007609
2.908,-0.000819
2.909,0.002444
2.91,0.002831
2.911,0.00163
2.912,0.000156
2.913,-0.00078
2.914,-0.001037
2.915,-0.000941
2.916,-0.000894
2.917,-0.001044
2.918,-0.001179
2.919,-0.000859
2.92,0.000282
2.921,0.002185
2.922,0.004297
2.923,0.005889
2.924,0.006558
2.925,0.006417
2.926,0.005753
2.927,0.004574
2.928,0.002581
2.929,-0.000487
2.93,-0.004565
2.931,-0.00927
2.932,-0.014049
2.933,-0.018303
2.934,-0.021569
2.935,-0.023799
2.936,-0.025421
2.937,-0.026888
2.938,-0.028087
2.939,-0.028261
2.94,-0.026641
2.941,-0.023264
2.942,-0.019178
2.943,-0.015796
2.944,-0.013993
2.945,-0.013804
2.946,-0.014737
2.947,-0.016178
2.948,-0.017729
2.949,-0.01936
2.95,-0.021196
2.951,-0.023193
2.952,-0.025081
2.953,-0.026515
2.954,-0.027254
2.955,-0.027278
2.956,-0.026741
2.957,-0.02584
2.958,-0.024838
2.959,-0.024172
2.96,-0.024391
2.961,-0.025968
2.962,-0.029043
2.963,-0.032877
2.964,-0.035454
2.965,-0.034393
2.966,-0.028997
2.967,-0.021273
2.968,-0.014706
2.969,-0.011962
2.97,-0.013442
2.971,-0.017645
2.972,-0.022568
2.973,-0.026772
2.974,-0.029583
2.975,-0.030843
2.976,-0.030816
2.977,-0.030157
2.978,-0.029528
2.979,-0.029026
2.98,-0.028187
2.981,-0.026691
2.982,-0.024879
2.983,-0.023516
2.984,-0.023214
2.985,-0.024037
2.986,-0.025447
2.987,-0.026599
2.988,-0.026936
2.989,-0.026666
2.99,-0.026602
2.991,-0.027414
2.992,-0.02899
2.993,-0.03049
2.994,-0.031012
2.995,-0.030295
2.996,-0.028909
2.997,-0.027844
2.998,-0.027782
2.999,-0.02862
3.0,-0.029635
3.001,-0.029953
3.002,-0.028581
3.003,-0.024013
3.004,-0.01441
3.005,0.000778
3.006,0.01899
3.007,0.03546
3.008,0.047222
3.009,0.055984
3.01,0.066141
3.011,0.079644
3.012,0.092595
3.013,0.096661
3.014,0.084936
3.015,0.057899
3.016,0.023937
3.017,-0.006015
3.018,-0.02461
3.019,-0.030497
3.02,-0.026777
3.021,-0.018013
3.022,-0.008145
3.023,0.000171
3.024,0.005527
3.025,0.007684
3.026,0.007435
3.027,0.006198
3.028,0.00524
3.029,0.004984
3.03,0.004993
3.031,0.004617
3.032,0.003715
3.033,0.0028
3.034,0.002577
3.035,0.00334
3.036,0.004698
3.037,0.005755
3.038,0.005706
3.039,0.004475
3.04,0.002793
3.041,0.001506
3.042,0.000703
3.043,-0.000404
3.044,-0.002689
3.045,-0.006287
3.046,-0.010451
3.047,-0.014071
3.048,-0.016445
3.049,-0.017696
3.05,-0.018538
3.051,-0.019648
3.052,-0.021107
3.053,-0.022311
3.054,-0.022442
3.055,-0.021073
3.056,-0.018548
3.057,-0.015946
3.058,-0.014485
3.059,-0.01468
3.06,-0.016004
3.061,-0.017351
3.062,-0.017908
3.063,-0.01777
3.064,-0.017803
3.065,-0.018864
3.066,-0.021041
3.067,-0.023586
3.068,-0.02552
3.069,-0.026299
3.07,-0.026025
3.071,-0.02524
3.072,-0.024495
3.073,-0.024113
3.074,-0.024393
3.075,-0.025789
3.076,-0.028538
3.077,-0.031916
3.078,-0.033999
3.079,-0.032629
3.08,-0.027117
3.081,-0.019098
3.082,-0.011673
3.083,-0.007583
3.084,-0.007824
3.085,-0.011543
3.086,-0.016899
3.087,-0.022002
3.088,-0.025543
3.089,-0.027082
3.09,-0.027022
3.091,-0.026302
3.092,-0.02585
3.093,-0.02596
3.094,-0.026121
3.095,-0.025523
3.096,-0.023845
3.097,-0.021695
3.098,-0.020255
3.099,-0.020279
3.1,-0.021371
3.101,-0.02238
3.102,-0.022523
3.103,-0.022048
3.104,-0.021864
3.105,-0.022706
3.106,-0.024575
3.107,-0.02671
3.108,-0.028101
3.109,-0.028265
3.11,-0.027641
3.111,-0.027283
3.112,-0.028056
3.113,-0.029901
3.114,-0.031806
3.115,-0.032435
3.116,-0.030595
3.117,-0.025103
3.118,-0.014637
3.119,0.001251
3.12,0.020328
3.121,0.037941
3.122,0.050659
3.123,0.059486
3.124,0.068449
3.125,0.079862
3.126,0.090866
3.127,0.094176
3.128,0.083051
3.129,0.057043
3.13,0.023343
3.131,-0.007554
3.132,-0.027721
3.133,-0.034835
3.134,-0.031374
3.135,-0.021912
3.136,-0.010835
3.137,-0.001342
3.138,0.004754
3.139,0.007114
3.14,0.006772
3.141,0.00545
3.142,0.004558
3.143,0.004582
3.144,0.005112
3.145,0.005336
3.146,0.004725
3.147,0.003519
3.148,0.002605
3.149,0.002785
3.15,0.004045
3.151,0.005521
3.152,0.006204
3.153,0.005703
3.154,0.004439
3.155,0.003185
3.156,0.002422
3.157,0.001976
3.158,0.00116
3.159,-0.000704
3.16,-0.003719
3.161,-0.007326
3.162,-0.010765
3.163,-0.01366
3.164,-0.016237
3.165,-0.018952
3.166,-0.021852
3.167,-0.024344
3.168,-0.025643
3.169,-0.025379
3.17,-0.023867
3.171,-0.021962
3.172,-0.020592
3.173,-0.020214
3.174,-0.020561
3.175,-0.020896
3.176,-0.020644
3.177,-0.019884
3.178,-0.019303
3.179,-0.019669
3.18,-0.021238
3.181,-0.023542
3.182,-0.025723
3.183,-0.027066
3.184,-0.027425
3.185,-0.027265
3.186,-0.027186
3.187,-0.027421
3.188,-0.028047
3.189,-0.029445
3.19,-0.03211
3.191,-0.035827
3.192,-0.03908
3.193,-0.039491
3.194,-0.035454
3.195,-0.027662
3.196,-0.018957
3.197,-0.012624
3.198,-0.010615
3.199,-0.012825
3.2,-0.017614
3.201,-0.022911
3.202,-0.027072
3.203,-0.029291
3.204,-0.02974
3.205,-0.02939
3.206,-0.029354
3.207,-0.030073
3.208,-0.031008
3.209,-0.031085
3.21,-0.02957
3.211,-0.026786
3.212,-0.024028
3.213,-0.022637
3.214,-0.023023
3.215,-0.024429
3.216,-0.025671
3.217,-0.026198
3.218,-0.026503
3.219,-0.027567
3.22,-0.02985
3.221,-0.032774
3.222,-0.035122
3.223,-0.035923
3.224,-0.035112
3.225,-0.033537
3.226,-0.032294
3.227,-0.031893
3.228,-0.032022
3.229,-0.031943
3.23,-0.030804
3.231,-0.027519
3.232,-0.020498
3.233,-0.008206
3.234,0.008936
3.235,0.027308
3.236,0.042227
3.237,0.052038
3.238,0.059501
3.239,0.068682
3.24,0.080241
3.241,0.089188
3.242,0.087506
3.243,0.07042
3.244,0.040917
3.245,0.008298
3.246,-0.017481
3.247,-0.03079
3.248,-0.031653
3.249,-0.023937
3.25,-0.012553
3.251,-0.001484
3.252,0.006844
3.253,0.011457
3.254,0.012668
3.255,0.011777
3.256,0.010389
3.257,0.00957
3.258,0.009346
3.259,0.008939
3.26,0.007669
3.261,0.005752
3.262,0.004254
3.263,0.004254
3.264,0.005989
3.265,0.008636
3.266,0.010878
3.267,0.011767
3.268,0.011191
3.269,0.009757
3.27,0.008245
3.271,0.006933
3.272,0.005408
3.273,0.003033
3.274,-0.00044
3.275,-0.00462
3.276,-0.008658
3.277,-0.011753
3.278,-0.013689
3.279,-0.014909
3.28,-0.015996
3.281,-0.017113
3.282,-0.017893
3.283,-0.017805
3.284,-0.016657
3.285,-0.014815
3.286,-0.012957
3.287,-0.011651
3.288,-0.011098
3.289,-0.011104
3.29,-0.011312
3.291,-0.011583
3.292,-0.01214
3.293,-0.013306
3.294,-0.015112
3.295,-0.017067
3.296,-0.018375
3.297,-0.018557
3.298,-0.017908
3.299,-0.017297
3.3,-0.017415
3.301,-0.018246
3.302,-0.019362
3.303,-0.02061
3.304,-0.022316
3.305,-0.024829
3.306,-0.027721
3.307,-0.029352
3.308,-0.027705
3.309,-0.022102
3.31,-0.014114
3.311,-0.006785
3.312,-0.002889
3.313,-0.003487
3.314,-0.00773
3.315,-0.013674
3.316,-0.019289
3.317,-0.023197
3.318,-0.025016
3.319,-0.025244
3.32,-0.024829
3.321,-0.024554
3.322,-0.024499
3.323,-0.024054
3.324,-0.022619
3.325,-0.020336
3.326,-0.018141
3.327,-0.017045
3.328,-0.017324
3.329,-0.018346
3.33,-0.019151
3.331,-0.019247
3.332,-0.018976
3.333,-0.019154
3.334,-0.02033
3.335,-0.022311
3.336,-0.024258
3.337,-0.025259
3.338,-0.025022
3.339,-0.024089
3.34,-0.023432
3.341,-0.023762
3.342,-0.025
3.343,-0.02627
3.344,-0.026387
3.345,-0.024211
3.346,-0.018477
3.347,-0.007828
3.348,0.007907
3.349,0.026171
3.35,0.042522
3.351,0.054174
3.352,0.062518
3.353,0.071422
3.354,0.082785
3.355,0.093333
3.356,0.095598
3.357,0.083175
3.358,0.056365
3.359,0.022912
3.36,-0.006803
3.361,-0.025543
3.362,-0.031646
3.363,-0.027808
3.364,-0.018476
3.365,-0.007836
3.366,0.001105
3.367,0.006811
3.368,0.009272
3.369,0.009669
3.37,0.009492
3.371,0.009576
3.372,0.009797
3.373,0.009525
3.374,0.008364
3.375,0.006624
3.376,0.005221
3.377,0.005064
3.378,0.006381
3.379,0.00847
3.38,0.010084
3.381,0.010247
3.382,0.008917
3.383,0.006951
3.384,0.005383
3.385,0.004692
3.386,0.00455
3.387,0.004046
3.388,0.002287
3.389,-0.000865
3.39,-0.004583
3.391,-0.00774
3.392,-0.009833
3.393,-0.011243
3.394,-0.012693
3.395,-0.014445
3.396,-0.015976
3.397,-0.016422
3.398,-0.015334
3.399,-0.01304
3.4,-0.010458
3.401,-0.00862
3.402,-0.008113
3.403,-0.008741
3.404,-0.009704
3.405,-0.010265
3.406,-0.01038
3.407,-0.010672
3.408,-0.011802
3.409,-0.013819
3.41,-0.016045
3.411,-0.017613
3.412,-0.018183
3.413,-0.018199
3.414,-0.018461
3.415,-0.019423
3.416,-0.020904
3.417,-0.022513
3.418,-0.024295
3.419,-0.026742
3.42,-0.029945
3.421,-0.032705
3.422,-0.03283
3.423,-0.028799
3.424,-0.021296
3.425,-0.013127
3.426,-0.007546
3.427,-0.00639
3.428,-0.009408
3.429,-0.014839
3.43,-0.020465
3.431,-0.024586
3.432,-0.026579
3.433,-0.026864
3.434,-0.026424
3.435,-0.026105
3.436,-0.026056
3.437,-0.025772
3.438,-0.024698
3.439,-0.022776
3.44,-0.020523
3.441,-0.018746
3.442,-0.018058
3.443,-0.018432
3.444,-0.019252
3.445,-0.019864
3.446,-0.020105
3.447,-0.020421
3.448,-0.021519
3.449,-0.023692
3.45,-0.026358
3.451,-0.028371
3.452,-0.028942
3.453,-0.02832
3.454,-0.027658
3.455,-0.028131
3.456,-0.030032
3.457,-0.032553
3.458,-0.034234
3.459,-0.033494
3.46,-0.028821
3.461,-0.018884
3.462,-0.003347
3.463,0.015735
3.464,0.033991
3.465,0.047812
3.466,0.057715
3.467,0.067638
3.468,0.080309
3.469,0.093248
3.47,0.099044
3.471,0.09021
3.472,0.065325
3.473,0.031076
3.474,-0.001785
3.475,-0.024564
3.476,-0.034059
3.477,-0.032168
3.478,-0.023409
3.479,-0.012444
3.48,-0.002699
3.481,0.003989
3.482,0.007322
3.483,0.008308
3.484,0.00855
3.485,0.009217
3.486,0.010421
3.487,0.011355
3.488,0.011028
3.489,0.00916
3.49,0.006598
3.491,0.004791
3.492,0.004691
3.493,0.006016
3.494,0.007455
3.495,0.007634
3.496,0.006112
3.497,0.003595
3.498,0.001248
3.499,-0.000175
3.5,-0.000792
3.501,-0.001444
3.502,-0.003015
3.503,-0.005665
3.504,-0.008699
3.505,-0.011236
3.506,-0.013004
3.507,-0.014511
3.508,-0.016495
3.509,-0.019156
3.51,-0.021806
3.511,-0.023295
3.512,-0.02289
3.513,-0.020877
3.514,-0.018389
3.515,-0.016626
3.516,-0.016102
3.517,-0.016419
3.518,-0.016675
3.519,-0.016162
3.52,-0.014917
3.521,-0.013703
3.522,-0.013423
3.523,-0.014366
3.524,-0.015916
3.525,-0.017082
3.526,-0.017404
3.527,-0.017373
3.528,-0.017919
3.529,-0.0195
3.53,-0.021762
3.531,-0.024141
3.532,-0.026652
3.533,-0.029859
3.534,-0.033877
3.535,-0.037416
3.536,-0.038119
3.537,-0.034252
3.538,-0.026291
3.539,-0.016999
3.54,-0.009938
3.541,-0.007429
3.542,-0.009448
3.543,-0.014124
3.544,-0.019132
3.545,-0.022824
3.546,-0.024694
3.547,-0.025298
3.548,-0.025757
3.549,-0.026985
3.55,-0.029007
3.551,-0.030874
3.552,-0.031457
3.553,-0.030452
3.554,-0.028588
3.555,-0.026921
3.556,-0.026071
3.557,-0.025961
3.558,-0.025985
3.559,-0.02545
3.56,-0.024202
3.561,-0.022913
3.562,-0.022549
3.563,-0.023443
3.564,-0.024952
3.565,-0.026062
3.566,-0.026252
3.567,-0.025875
3.568,-0.025883
3.569,-0.027077
3.57,-0.02935
3.571,-0.031615
3.572,-0.032483
3.573,-0.030824
3.574,-0.025647
3.575,-0.015848
3.576,-0.001004
3.577,0.017
3.578,0.034084
3.579,0.047261
3.58,0.057715
3.581,0.069387
3.582,0.084208
3.583,0.09875
3.584,0.105105
3.585,0.095899
3.586,0.070236
3.587,0.035329
3.588,0.002199
3.589,-0.020488
3.59,-0.029756
3.591,-0.02774
3.592,-0.019054
3.593,-0.008354
3.594,0.000931
3.595,0.00701
3.596,0.009701
3.597,0.010016
3.598,0.009405
3.599,0.009004
3.6,0.009158
3.601,0.009398
3.602,0.008989
3.603,0.007724
3.604,0.006302
3.605,0.005858
3.606,0.006991
3.607,0.009172
3.608,0.011027
3.609,0.011254
3.61,0.009521
3.611,0.006619
3.612,0.003724
3.613,0.001485
3.614,-0.000257
3.615,-0.002073
3.616,-0.004333
3.617,-0.00686
3.618,-0.009037
3.619,-0.010266
3.62,-0.010513
3.621,-0.010521
3.622,-0.011262
3.623,-0.013047
3.624,-0.015245
3.625,-0.016758
3.626,-0.016804
3.627,-0.015458
3.628,-0.013631
3.629,-0.012496
3.63,-0.012704
3.631,-0.013962
3.632,-0.015318
3.633,-0.015918
3.634,-0.015699
3.635,-0.01542
3.636,-0.015947
3.637,-0.017447
3.638,-0.019233
3.639,-0.020313
3.64,-0.020143
3.641,-0.019037
3.642,-0.017884
3.643,-0.017484
3.644,-0.018139
3.645,-0.019833
3.646,-0.022597
3.647,-0.026489
3.648,-0.031104
3.649,-0.035055
3.65,-0.036176
3.651,-0.032911
3.652,-0.025819
3.653,-0.017625
3.654,-0.01168
3.655,-0.010069
3.656,-0.012651
3.657,-0.017574
3.658,-0.022521
3.659,-0.025709
3.66,-0.026461
3.661,-0.025433
3.662,-0.02413
3.663,-0.023816
3.664,-0.024661
3.665,-0.02581
3.666,-0.026192
3.667,-0.025386
3.668,-0.023948
3.669,-0.022968
3.67,-0.023178
3.671,-0.024359
3.672,-0.025552
3.673,-0.025889
3.674,-0.02534
3.675,-0.024749
3.676,-0.025112
3.677,-0.026668
3.678,-0.028588
3.679,-0.029585
3.68,-0.028933
3.681,-0.027059
3.682,-0.025266
3.683,-0.02476
3.684,-0.025754
3.685,-0.02736
3.686,-0.028219
3.687,-0.027145
3.688,-0.023136
3.689,-0.015038
3.69,-0.002137
3.691,0.014146
3.692,0.030034
3.693,0.042433
3.694,0.052147
3.695,0.062966
3.696,0.077224
3.697,0.092102
3.698,0.099906
3.699,0.092857
3.7,0.069231
3.701,0.035452
3.702,0.002314
3.703,-0.021073
3.704,-0.031092
3.705,-0.029519
3.706,-0.020924
3.707,-0.010015
3.708,-0.000264
3.709,0.006383
3.71,0.009477
3.711,0.009884
3.712,0.00924
3.713,0.009051
3.714,0.009821
3.715,0.01085
3.716,0.011013
3.717,0.009907
3.718,0.008321
3.719,0.00764
3.72,0.008657
3.721,0.010772
3.722,0.012352
3.723,0.012017
3.724,0.009693
3.725,0.006571
3.726,0.004134
3.727,0.003018
3.728,0.002585
3.729,0.001549
3.73,-0.000872
3.731,-0.004353
3.732,-0.007813
3.733,-0.010239
3.734,-0.011384
3.735,-0.01181
3.736,-0.012294
3.737,-0.013155
3.738,-0.014074
3.739,-0.014364
3.74,-0.013516
3.741,-0.011703
3.742,-0.009859
3.743,-0.00911
3.744,-0.009921
3.745,-0.0117
3.746,-0.013217
3.747,-0.013519
3.748,-0.012674
3.749,-0.011675
3.75,-0.011569
3.751,-0.012588
3.752,-0.014037
3.753,-0.014954
3.754,-0.014946
3.755,-0.014469
3.756,-0.014397
3.757,-0.01538
3.758,-0.017575
3.759,-0.020827
3.76,-0.024937
3.761,-0.029587
3.762,-0.033901
3.763,-0.036196
3.764,-0.034601
3.765,-0.028523
3.766,-0.019617
3.767,-0.01111
3.768,-0.006005
3.769,-0.005552
3.77,-0.008875
3.771,-0.013784
3.772,-0.018052
3.773,-0.020339
3.774,-0.020434
3.775,-0.019065
3.776,-0.017471
3.777,-0.01677
3.778,-0.017274
3.779,-0.018299
3.78,-0.018797
3.781,-0.018317
3.782,-0.017397
3.783,-0.016954
3.784,-0.017359
3.785,-0.018124
3.786,-0.018323
3.787,-0.017372
3.788,-0.015576
3.789,-0.013968
3.79,-0.013474
3.791,-0.01412
3.792,-0.014994
3.793,-0.015009
3.794,-0.013897
3.795,-0.012554
3.796,-0.012352
3.797,-0.014012
3.798,-0.01697
3.799,-0.019675
3.8,-0.020519
3.801,-0.01846
3.802,-0.012678
3.803,-0.002171
3.804,0.013211
3.805,0.031117
3.806,0.047366
3.807,0.059484
3.808,0.069332
3.809,0.081192
3.81,0.096807
3.811,0.112036
3.812,0.118194
3.813,0.107875
3.814,0.08103
3.815,0.045752
3.816,0.013231
3.817,-0.00838
3.818,-0.016754
3.819,-0.014311
3.82,-0.005576
3.821,0.00492
3.822,0.013777
3.823,0.019262
3.824,0.021404
3.825,0.021594
3.826,0.021612
3.827,0.022454
3.828,0.023777
3.829,0.024412
3.83,0.023512
3.831,0.021315
3.832,0.018996
3.833,0.017869
3.834,0.018499
3.835,0.020282
3.836,0.021782
3.837,0.021712
3.838,0.019891
3.839,0.017391
3.84,0.015641
3.841,0.015224
3.842,0.015443
3.843,0.014965
3.844,0.012906
3.845,0.009515
3.846,0.005951
3.847,0.003301
3.848,0.001723
3.849,0.000506
3.85,-0.001107
3.851,-0.003146
3.852,-0.004858
3.853,-0.005314
3.854,-0.00421
3.855,-0.002262
3.856,-0.000836
3.857,-0.001072
3.858,-0.003087
3.859,-0.005821
3.86,-0.007775
3.861,-0.008167
3.862,-0.00751
3.863,-0.007095
3.864,-0.007826
3.865,-0.009423
3.866,-0.010667
3.867,-0.010481
3.868,-0.008876
3.869,-0.006913
3.87,-0.005829
3.871,-0.006252
3.872,-0.008113
3.873,-0.011106
3.874,-0.015012
3.875,-0.019531
3.876,-0.023788
3.877,-0.026069
3.878,-0.02456
3.879,-0.018848
3.88,-0.010714
3.881,-0.00327
3.882,0.000836
3.883,0.000774
3.884,-0.002424
3.885,-0.006797
3.886,-0.010456
3.887,-0.012239
3.888,-0.012094
3.889,-0.011021
3.89,-0.010391
3.891,-0.010994
3.892,-0.012496
3.893,-0.013733
3.894,-0.013644
3.895,-0.012122
3.896,-0.010159
3.897,-0.009126
3.898,-0.009748
3.899,-0.011584
3.9,-0.013457
3.901,-0.014481
3.902,-0.01475
3.903,-0.015124
3.904,-0.016284
3.905,-0.017956
3.906,-0.019083
3.907,-0.01884
3.908,-0.017484
3.909,-0.016286
3.91,-0.016558
3.911,-0.018611
3.912,-0.021495
3.913,-0.023675
3.914,-0.023924
3.915,-0.021514
3.916,-0.015588
3.917,-0.004984
3.918,0.010328
3.919,0.027644
3.92,0.042743
3.921,0.053726
3.922,0.063084
3.923,0.075007
3.924,0.090358
3.925,0.103929
3.926,0.10666
3.927,0.091981
3.928,0.061438
3.929,0.024505
3.93,-0.007184
3.931,-0.026112
3.932,-0.031193
3.933,-0.025982
3.934,-0.015532
3.935,-0.004211
3.936,0.005065
3.937,0.010846
3.938,0.013027
3.939,0.012614
3.94,0.011156
3.941,0.009912
3.942,0.009222
3.943,0.008565
3.944,0.00728
3.945,0.005411
3.946,0.00392
3.947,0.003955
3.948,0.005767
3.949,0.008317
3.95,0.009992
3.951,0.009842
3.952,0.008236
3.953,0.006429
3.954,0.005453
3.955,0.005255
3.956,0.004694
3.957,0.002509
3.958,-0.001476
3.959,-0.00602
3.96,-0.009448
3.961,-0.011089
3.962,-0.011736
3.963,-0.012769
3.964,-0.014916
3.965,-0.017722
3.966,-0.019843
3.967,-0.019905
3.968,-0.017504
3.969,-0.01363
3.97,-0.009965
3.971,-0.007689
3.972,-0.00692
3.973,-0.006972
3.974,-0.00699
3.975,-0.006589
3.976,-0.006115
3.977,-0.006292
3.978,-0.007548
3.979,-0.009559
3.98,-0.011447
3.981,-0.012496
3.982,-0.0127
3.983,-0.012685
3.984,-0.013235
3.985,-0.01488
3.986,-0.017769
3.987,-0.021776
3.988,-0.026607
3.989,-0.031561
3.99,-0.035042
3.991,-0.034783
3.992,-0.029357
3.993,-0.019702
3.994,-0.00906
3.995,-0.00128
3.996,0.001243
3.997,-0.001417
3.998,-0.007195
3.999,-0.01332
4.0,-0.017627
4.001,-0.019373
4.002,-0.019232
4.003,-0.018573
4.004,-0.018506
4.005,-0.019225
4.006,-0.019954
4.007,-0.019608
4.008,-0.017794
4.009,-0.015256
4.01,-0.013261
4.011,-0.012576
4.012,-0.012956
4.013,-0.013431
4.014,-0.013205
4.015,-0.01248
4.016,-0.012366
4.017,-0.013898
4.018,-0.017078
4.019,-0.020737
4.02,-0.023266
4.021,-0.023767
4.022,-0.022748
4.023,-0.021671
4.024,-0.021741
4.025,-0.023107
4.026,-0.024946
4.027,-0.025962
4.028,-0.024873
4.029,-0.020657
4.03,-0.012434
4.031,0.000317
4.032,0.016601
4.033,0.033222
4.034,0.046647
4.035,0.056404
4.036,0.065867
4.037,0.078687
4.038,0.094098
4.039,0.105499
4.04,0.104068
4.041,0.08527
4.042,0.052932
4.043,0.017188
4.044,-0.011529
4.045,-0.02706
4.046,-0.028406
4.047,-0.018699
4.048,-0.003887
4.049,0.00923
4.05,0.015984
4.051,0.016391
4.052,0.014702
4.053,0.015481
4.054,0.019676
4.055,0.024534
4.056,0.026613
4.057,0.024285
4.058,0.018419
4.059,0.011902
4.06,0.007984
4.061,0.008083
4.062,0.011206
4.063,0.015399
4.064,0.018844
4.065,0.019909
4.066,0.018046
4.067,0.014872
4.068,0.012703
4.069,0.012048
4.07,0.011818
4.071,0.011176
4.072,0.00972
4.073,0.006991
4.074,0.003567
4.075,0.001587
4.076,0.002352
4.077,0.004136
4.078,0.003973
4.079,0.001394
4.08,-0.000962
4.081,-0.000657
4.082,0.001531
4.083,0.00252
4.084,0.000782
4.085,-0.001036
4.086,0.001632
4.087,0.009727
4.088,0.018518
4.089,0.022391
4.09,0.020383
4.091,0.015945
4.092,0.013149
4.093,0.01429
4.094,0.019224
4.095,0.025546
4.096,0.03024
4.097,0.03193
4.098,0.030957
4.099,0.027603
4.1,0.021618
4.101,0.013618
4.102,0.00655
4.103,0.005342
4.104,0.013151
4.105,0.027254
4.106,0.040527
4.107,0.047312
4.108,0.046822
4.109,0.042152
4.11,0.037806
4.111,0.037286
4.112,0.041056
4.113,0.046133
4.114,0.04836
4.115,0.045924
4.116,0.040889
4.117,0.037392
4.118,0.038223
4.119,0.042808
4.12,0.048316
4.121,0.052307
4.122,0.054086
4.123,0.054111
4.124,0.053003
4.125,0.051657
4.126,0.051717
4.127,0.054324
4.128,0.05823
4.129,0.060632
4.13,0.060043
4.131,0.057312
4.132,0.054291
4.133,0.052379
4.134,0.051918
4.135,0.052296
4.136,0.052619
4.137,0.052358
4.138,0.051617
4.139,0.051254
4.14,0.052846
4.141,0.058262
4.142,0.06868
4.143,0.082835
4.144,0.09548
4.145,0.099526
4.146,0.093013
4.147,0.084398
4.148,0.087889
4.149,0.110873
4.15,0.145356
4.151,0.172089
4.152,0.174187
4.153,0.148823
4.154,0.107798
4.155,0.068106
4.156,0.041618
4.157,0.031095
4.158,0.032628
4.159,0.040275
4.16,0.049231
4.161,0.056687
4.162,0.061394
4.163,0.063213
4.164,0.06308
4.165,0.062752
4.166,0.063712
4.167,0.065902
4.168,0.067668
4.169,0.067202
4.17,0.06425
4.171,0.060564
4.172,0.058557
4.173,0.059326
4.174,0.061799
4.175,0.063607
4.176,0.062872
4.177,0.059566
4.178,0.055382
4.179,0.052263
4.18,0.050892
4.181,0.0504
4.182,0.049422
4.183,0.047413
4.184,0.045087
4.185,0.043716
4.186,0.043893
4.187,0.044777
4.188,0.04456
4.189,0.041888
4.19,0.037067
4.191,0.031992
4.192,0.028839
4.193,0.028634
4.194,0.030748
4.195,0.033421
4.196,0.034824
4.197,0.034046
4.198,0.03145
4.199,0.028241
4.2,0.025573
4.201,0.023839
4.202,0.022673
4.203,0.021619
4.204,0.020714
4.205,0.020352
4.206,0.020653
4.207,0.021089
4.208,0.020788
4.209,0.019299
4.21,0.017143
4.211,0.015508
4.212,0.015218
4.213,0.015839
4.214,0.015895
4.215,0.014321
4.216,0.011874
4.217,0.010699
4.218,0.012251
4.219,0.01571
4.22,0.018389
4.221,0.017673
4.222,0.012907
4.223,0.005728
4.224,-0.001175
4.225,-0.005662
4.226,-0.007096
4.227,-0.006456
4.228,-0.005637
4.229,-0.006206
4.23,-0.008389
4.231,-0.011004
4.232,-0.012393
4.233,-0.011666
4.234,-0.009307
4.235,-0.006754
4.236,-0.005379
4.237,-0.005634
4.238,-0.006862
4.239,-0.007895
4.24,-0.008057
4.241,-0.00775
4.242,-0.008012
4.243,-0.009387
4.244,-0.011214
4.245,-0.01209
4.246,-0.011123
4.247,-0.008844
4.248,-0.006955
4.249,-0.007047
4.25,-0.009401
4.251,-0.012888
4.252,-0.015769
4.253,-0.016481
4.254,-0.013736
4.255,-0.006216
4.256,0.006754
4.257,0.023206
4.258,0.03803
4.259,0.046822
4.26,0.051206
4.261,0.058722
4.262,0.075543
4.263,0.098876
4.264,0.11687
4.265,0.116772
4.266,0.094521
4.267,0.057592
4.268,0.019443
4.269,-0.008683
4.27,-0.022333
4.271,-0.023378
4.272,-0.016813
4.273,-0.007706
4.274,0.000348
4.275,0.005527
4.276,0.007551
4.277,0.007303
4.278,0.006239
4.279,0.005588
4.28,0.005714
4.281,0.006162
4.282,0.006313
4.283,0.006045
4.284,0.005941
4.285,0.006863
4.286,0.009153
4.287,0.012157
4.288,0.014555
4.289,0.015239
4.29,0.013971
4.291,0.011366
4.292,0.008354
4.293,0.005615
4.294,0.00325
4.295,0.000838
4.296,-0.002101
4.297,-0.005525
4.298,-0.008819
4.299,-0.011336
4.3,-0.01289
4.301,-0.0138
4.302,-0.014587
4.303,-0.015513
4.304,-0.01628
4.305,-0.016272
4.306,-0.015167
4.307,-0.013307
4.308,-0.011509
4.309,-0.010565
4.31,-0.010797
4.311,-0.011904
4.312,-0.01322
4.313,-0.014193
4.314,-0.014705
4.315,-0.015067
4.316,-0.015797
4.317,-0.017318
4.318,-0.019631
4.319,-0.022208
4.32,-0.024328
4.321,-0.025602
4.322,-0.026117
4.323,-0.026095
4.324,-0.025468
4.325,-0.023893
4.326,-0.021275
4.327,-0.018377
4.328,-0.016827
4.329,-0.018204
4.33,-0.02267
4.331,-0.02822
4.332,-0.031482
4.333,-0.030019
4.334,-0.024277
4.335,-0.017357
4.336,-0.012934
4.337,-0.013028
4.338,-0.017112
4.339,-0.023024
4.34,-0.028644
4.341,-0.032862
4.342,-0.035388
4.343,-0.036188
4.344,-0.035348
4.345,-0.033268
4.346,-0.030636
4.347,-0.028117
4.348,-0.026126
4.349,-0.024844
4.35,-0.024339
4.351,-0.024625
4.352,-0.025598
4.353,-0.026929
4.354,-0.028114
4.355,-0.028799
4.356,-0.02915
4.357,-0.029812
4.358,-0.031343
4.359,-0.03361
4.36,-0.035816
4.361,-0.037018
4.362,-0.03665
4.363,-0.03481
4.364,-0.03227
4.365,-0.03009
4.366,-0.029008
4.367,-0.02909
4.368,-0.029789
4.369,-0.029941
4.37,-0.027625
4.371,-0.020574
4.372,-0.007714
4.373,0.008975
4.374,0.024654
4.375,0.035346
4.376,0.042143
4.377,0.05061
4.378,0.064936
4.379,0.082409
4.38,0.093537
4.381,0.08839
4.382,0.064458
4.383,0.029163
4.384,-0.005122
4.385,-0.028518
4.386,-0.037662
4.387,-0.034988
4.388,-0.025594
4.389,-0.014467
4.39,-0.005146
4.391,0.000618
4.392,0.002804
4.393,0.002591
4.394,0.001456
4.395,0.000453
4.396,-8.2e-05
4.397,-0.000471
4.398,-0.001221
4.399,-0.002392
4.4,-0.003403
4.401,-0.003501
4.402,-0.002351
4.403,-0.000152
4.404,0.002556
4.405,0.005062
4.406,0.00667
4.407,0.00697
4.408,0.006046
4.409,0.004316
4.41,0.002107
4.411,-0.000578
4.412,-0.003875
4.413,-0.007762
4.414,-0.011945
4.415,-0.016014
4.416,-0.019659
4.417,-0.022697
4.418,-0.024959
4.419,-0.026348
4.42,-0.026921
4.421,-0.026707
4.422,-0.02556
4.423,-0.023359
4.424,-0.020384
4.425,-0.01746
4.426,-0.015555
4.427,-0.015089
4.428,-0.015728
4.429,-0.016816
4.43,-0.017909
4.431,-0.019043
4.432,-0.020608
4.433,-0.022885
4.434,-0.025679
4.435,-0.028375
4.436,-0.030327
4.437,-0.031278
4.438,-0.031468
4.439,-0.031265
4.44,-0.030759
4.441,-0.029888
4.442,-0.028961
4.443,-0.028816
4.444,-0.030184
4.445,-0.0328
4.446,-0.035051
4.447,-0.034626
4.448,-0.030137
4.449,-0.022537
4.45,-0.014821
4.451,-0.010115
4.452,-0.009848
4.453,-0.013387
4.454,-0.018972
4.455,-0.024829
4.456,-0.029692
4.457,-0.032843
4.458,-0.034127
4.459,-0.033933
4.46,-0.032967
4.461,-0.031808
4.462,-0.030547
4.463,-0.028856
4.464,-0.026521
4.465,-0.023914
4.466,-0.02182
4.467,-0.020755
4.468,-0.020543
4.469,-0.020552
4.47,-0.020311
4.471,-0.019941
4.472,-0.020104
4.473,-0.021507
4.474,-0.024296
4.475,-0.027793
4.476,-0.030854
4.477,-0.032665
4.478,-0.033235
4.479,-0.033194
4.48,-0.033206
4.481,-0.033476
4.482,-0.033608
4.483,-0.032841
4.484,-0.030309
4.485,-0.025039
4.486,-0.0158
4.487,-0.001733
4.488,0.015925
4.489,0.033129
4.49,0.045672
4.491,0.053209
4.492,0.059799
4.493,0.06972
4.494,0.082463
4.495,0.091418
4.496,0.087855
4.497,0.067699
4.498,0.035401
4.499,0.001442
4.5,-0.024019
4.501,-0.036071
4.502,-0.035682
4.503,-0.027276
4.504,-0.015867
4.505,-0.005237
4.506,0.002614
4.507,0.007212
4.508,0.009185
4.509,0.009794
4.51,0.010229
4.511,0.010844
4.512,0.011056
4.513,0.010098
4.514,0.007876
4.515,0.005159
4.516,0.003024
4.517,0.00213
4.518,0.002421
4.519,0.003241
4.52,0.003648
4.521,0.002924
4.522,0.001135
4.523,-0.000835
4.524,-0.001947
4.525,-0.001829
4.526,-0.001103
4.527,-0.001008
4.528,-0.002534
4.529,-0.005695
4.53,-0.009556
4.531,-0.013037
4.532,-0.015755
4.533,-0.018062
4.534,-0.020358
4.535,-0.022545
4.536,-0.024134
4.537,-0.024693
4.538,-0.024113
4.539,-0.02263
4.54,-0.02078
4.541,-0.019182
4.542,-0.018197
4.543,-0.017765
4.544,-0.017535
4.545,-0.017248
4.546,-0.017091
4.547,-0.017609
4.548,-0.019133
4.549,-0.021358
4.55,-0.023532
4.551,-0.02505
4.552,-0.025844
4.553,-0.026272
4.554,-0.026711
4.555,-0.027296
4.556,-0.028076
4.557,-0.029279
4.558,-0.031228
4.559,-0.033906
4.56,-0.036533
4.561,-0.037471
4.562,-0.034933
4.563,-0.028427
4.564,-0.019609
4.565,-0.011565
4.566,-0.007106
4.567,-0.00733
4.568,-0.011341
4.569,-0.017091
4.57,-0.022521
4.571,-0.026339
4.572,-0.02826
4.573,-0.028791
4.574,-0.028751
4.575,-0.028762
4.576,-0.028929
4.577,-0.028876
4.578,-0.028126
4.579,-0.026612
4.58,-0.024882
4.581,-0.023771
4.582,-0.023816
4.583,-0.02489
4.584,-0.02632
4.585,-0.027407
4.586,-0.027963
4.587,-0.028387
4.588,-0.029166
4.589,-0.030328
4.59,-0.031373
4.591,-0.031712
4.592,-0.031179
4.593,-0.030157
4.594,-0.029334
4.595,-0.029279
4.596,-0.030031
4.597,-0.031009
4.598,-0.031296
4.599,-0.029825
4.6,-0.025189
4.601,-0.015701
4.602,-0.000643
4.603,0.017914
4.604,0.035352
4.605,0.047989
4.606,0.056494
4.607,0.065033
4.608,0.076607
4.609,0.08896
4.61,0.094705
4.611,0.086326
4.612,0.062491
4.613,0.029986
4.614,-0.000517
4.615,-0.020731
4.616,-0.028132
4.617,-0.025243
4.618,-0.016744
4.619,-0.006852
4.62,0.001655
4.621,0.007265
4.622,0.009581
4.623,0.009361
4.624,0.008103
4.625,0.007152
4.626,0.006959
4.627,0.007014
4.628,0.006487
4.629,0.005079
4.63,0.003405
4.631,0.002582
4.632,0.003321
4.633,0.005306
4.634,0.007436
4.635,0.008627
4.636,0.00849
4.637,0.007474
4.638,0.006464
4.639,0.006017
4.64,0.005853
4.641,0.005084
4.642,0.002988
4.643,-0.000371
4.644,-0.004188
4.645,-0.007559
4.646,-0.010173
4.647,-0.012483
4.648,-0.015155
4.649,-0.018298
4.65,-0.021214
4.651,-0.022904
4.652,-0.022794
4.653,-0.021078
4.654,-0.018527
4.655,-0.016038
4.656,-0.014231
4.657,-0.013295
4.658,-0.01308
4.659,-0.013319
4.66,-0.01385
4.661,-0.014762
4.662,-0.01632
4.663,-0.018595
4.664,-0.021137
4.665,-0.023091
4.666,-0.023804
4.667,-0.02335
4.668,-0.022417
4.669,-0.021655
4.67,-0.021314
4.671,-0.021528
4.672,-0.022633
4.673,-0.024941
4.674,-0.028135
4.675,-0.030872
4.676,-0.031129
4.677,-0.027455
4.678,-0.020271
4.679,-0.011953
4.68,-0.005586
4.681,-0.00331
4.682,-0.005296
4.683,-0.009965
4.684,-0.015119
4.685,-0.01905
4.686,-0.021036
4.687,-0.021324
4.688,-0.020806
4.689,-0.020508
4.69,-0.021004
4.691,-0.022076
4.692,-0.022899
4.693,-0.022756
4.694,-0.021679
4.695,-0.020354
4.696,-0.019519
4.697,-0.019498
4.698,-0.020109
4.699,-0.020798
4.7,-0.021009
4.701,-0.02066
4.702,-0.020273
4.703,-0.020502
4.704,-0.021483
4.705,-0.022664
4.706,-0.023312
4.707,-0.023212
4.708,-0.02283
4.709,-0.022875
4.71,-0.02366
4.711,-0.024876
4.712,-0.025851
4.713,-0.025836
4.714,-0.023878
4.715,-0.018437
4.716,-0.007775
4.717,0.0083
4.718,0.026934
4.719,0.043587
4.72,0.0558
4.721,0.065307
4.722,0.0758
4.723,0.088372
4.724,0.098746
4.725,0.099071
4.726,0.08385
4.727,0.0551
4.728,0.021698
4.729,-0.006165
4.73,-0.022227
4.731,-0.02579
4.732,-0.020173
4.733,-0.010108
4.734,0.000251
4.735,0.008212
4.736,0.012657
4.737,0.013798
4.738,0.012842
4.739,0.011393
4.74,0.0106
4.741,0.010601
4.742,0.010722
4.743,0.010261
4.744,0.009204
4.745,0.00826
4.746,0.00825
4.747,0.009432
4.748,0.011253
4.749,0.012668
4.75,0.012825
4.751,0.011633
4.752,0.009797
4.753,0.008221
4.754,0.007275
4.755,0.006518
4.756,0.005052
4.757,0.002272
4.758,-0.001573
4.759,-0.005522
4.76,-0.008625
4.761,-0.010595
4.762,-0.011858
4.763,-0.012986
4.764,-0.014062
4.765,-0.014583
4.766,-0.013963
4.767,-0.012061
4.768,-0.009285
4.769,-0.006389
4.77,-0.004153
4.771,-0.003019
4.772,-0.002898
4.773,-0.00325
4.774,-0.00346
4.775,-0.003351
4.776,-0.00343
4.777,-0.00453
4.778,-0.007016
4.779,-0.010258
4.78,-0.01301
4.781,-0.014405
4.782,-0.014527
4.783,-0.014064
4.784,-0.013602
4.785,-0.013436
4.786,-0.013919
4.787,-0.01559
4.788,-0.018693
4.789,-0.022537
4.79,-0.0253
4.791,-0.024783
4.792,-0.019997
4.793,-0.012251
4.794,-0.004575
4.795,8.4e-05
4.796,0.000475
4.797,-0.002615
4.798,-0.007346
4.799,-0.012057
4.8,-0.015809
4.801,-0.018313
4.802,-0.019751
4.803,-0.020615
4.804,-0.021352
4.805,-0.022023
4.806,-0.022259
4.807,-0.021557
4.808,-0.019778
4.809,-0.017457
4.81,-0.015556
4.811,-0.014798
4.812,-0.015188
4.813,-0.016097
4.814,-0.01678
4.815,-0.016966
4.816,-0.017141
4.817,-0.018175
4.818,-0.020435
4.819,-0.023217
4.82,-0.025219
4.821,-0.025617
4.822,-0.02469
4.823,-0.023538
4.824,-0.023209
4.825,-0.023929
4.826,-0.02509
4.827,-0.02578
4.828,-0.025117
4.829,-0.021979
4.83,-0.014694
4.831,-0.00186
4.832,0.015628
4.833,0.033775
4.834,0.048129
4.835,0.057697
4.836,0.065666
4.837,0.075845
4.838,0.088165
4.839,0.097058
4.84,0.094479
4.841,0.076055
4.842,0.045336
4.843,0.012104
4.844,-0.013673
4.845,-0.026973
4.846,-0.028528
4.847,-0.022325
4.848,-0.01279
4.849,-0.003344
4.85,0.003879
4.851,0.00797
4.852,0.00922
4.853,0.008855
4.854,0.008335
4.855,0.008537
4.856,0.00935
4.857,0.009938
4.858,0.009538
4.859,0.008253
4.86,0.007075
4.861,0.007031
4.862,0.008296
4.863,0.010067
4.864,0.011202
4.865,0.011018
4.866,0.009665
4.867,0.007815
4.868,0.005976
4.869,0.004061
4.87,0.001567
4.871,-0.001862
4.872,-0.005983
4.873,-0.009961
4.874,-0.012832
4.875,-0.014144
4.876,-0.014261
4.877,-0.014101
4.878,-0.014477
4.879,-0.015512
4.88,-0.016598
4.881,-0.016882
4.882,-0.015913
4.883,-0.014064
4.884,-0.0124
4.885,-0.0119
4.886,-0.012677
4.887,-0.013925
4.888,-0.014651
4.889,-0.014533
4.89,-0.014149
4.891,-0.014446
4.892,-0.015918
4.893,-0.018161
4.894,-0.02009
4.895,-0.0207
4.896,-0.01986
4.897,-0.018431
4.898,-0.017455
4.899,-0.017361
4.9,-0.018125
4.901,-0.019877
4.902,-0.022973
4.903,-0.027378
4.904,-0.031925
4.905,-0.03429
4.906,-0.032272
4.907,-0.025654
4.908,-0.016755
4.909,-0.009058
4.91,-0.005222
4.911,-0.005887
4.912,-0.009843
4.913,-0.015022
4.914,-0.019443
4.915,-0.021861
4.916,-0.022131
4.917,-0.021155
4.918,-0.02022
4.919,-0.0201
4.92,-0.020582
4.921,-0.02082
4.922,-0.020162
4.923,-0.018755
4.924,-0.017471
4.925,-0.017254
4.926,-0.018394
4.927,-0.020262
4.928,-0.021711
4.929,-0.021896
4.93,-0.020979
4.931,-0.020026
4.932,-0.020047
4.933,-0.02108
4.934,-0.022172
4.935,-0.022252
4.936,-0.021067
4.937,-0.019393
4.938,-0.018436
4.939,-0.018944
4.94,-0.020688
4.941,-0.022652
4.942,-0.023626
4.943,-0.022466
4.944,-0.01781
4.945,-0.008135
4.946,0.006842
4.947,0.024472
4.948,0.04013
4.949,0.051189
4.95,0.059668
4.951,0.069898
4.952,0.083401
4.953,0.095893
4.954,0.099047
4.955,0.08635
4.956,0.058708
4.957,0.024691
4.958,-0.004814
4.959,-0.022613
4.96,-0.027528
4.961,-0.022865
4.962,-0.013441
4.963,-0.003372
4.964,0.004656
4.965,0.009328
4.966,0.010678
4.967,0.009923
4.968,0.008701
4.969,0.008072
4.97,0.008026
4.971,0.00784
4.972,0.006909
4.973,0.005382
4.974,0.004098
4.975,0.003974
4.976,0.005352
4.977,0.007681
4.978,0.009801
4.979,0.010691
4.98,0.010083
4.981,0.008502
4.982,0.006779
4.983,0.005394
4.984,0.004096
4.985,0.002146
4.986,-0.00094
4.987,-0.004859
4.988,-0.008683
4.989,-0.011511
4.99,-0.0131
4.991,-0.014034
4.992,-0.015245
4.993,-0.017162
4.994,-0.0192
4.995,-0.020186
4.996,-0.01942
4.997,-0.017377
4.998,-0.015369
4.999,-0.014496
5.0,-0.014843
5.001,-0.015528
5.002,-0.015544
5.003,-0.014681
5.004,-0.013698
5.005,-0.013663
5.006,-0.015104
5.007,-0.017655
5.008,-0.020351
5.009,-0.022293
5.01,-0.023229
5.011,-0.023628
5.012,-0.024222
5.013,-0.025425
5.014,-0.02715
5.015,-0.029135
5.016,-0.031393
5.017,-0.034136
5.018,-0.037006
5.019,-0.038411
5.02,-0.036233
5.021,-0.029676
5.022,-0.02034
5.023,-0.011454
5.024,-0.006031
5.025,-0.005351
5.026,-0.008736
5.027,-0.014395
5.028,-0.020378
5.029,-0.025125
5.03,-0.027844
5.031,-0.028818
5.032,-0.029169
5.033,-0.029897
5.034,-0.031015
5.035,-0.031655
5.036,-0.030973
5.037,-0.028966
5.038,-0.02653
5.039,-0.024803
5.04,-0.02434
5.041,-0.024729
5.042,-0.025009
5.043,-0.024597
5.044,-0.023872
5.045,-0.023852
5.046,-0.025285
5.047,-0.027911
5.048,-0.030551
5.049,-0.031943
5.05,-0.031681
5.051,-0.030538
5.052,-0.029919
5.053,-0.030808
5.054,-0.032968
5.055,-0.035088
5.056,-0.035697
5.057,-0.033717
5.058,-0.028113
5.059,-0.017646
5.06,-0.002048
5.061,0.016264
5.062,0.03286
5.063,0.044988
5.064,0.054399
5.065,0.065465
5.066,0.080074
5.067,0.094163
5.068,0.09914
5.069,0.087769
5.07,0.060224
5.071,0.024792
5.072,-0.007307
5.073,-0.027998
5.074,-0.035004
5.075,-0.030914
5.076,-0.020648
5.077,-0.009088
5.078,0.000343
5.079,0.006141
5.08,0.008502
5.081,0.008679
5.082,0.008177
5.083,0.008081
5.084,0.008605
5.085,0.008981
5.086,0.008067
5.087,0.005533
5.088,0.002494
5.089,0.000712
5.09,0.001105
5.091,0.003053
5.092,0.005024
5.093,0.005748
5.094,0.004999
5.095,0.003517
5.096,0.002324
5.097,0.001967
5.098,0.002141
5.099,0.001916
5.1,0.000492
5.101,-0.002091
5.102,-0.005023
5.103,-0.007524
5.104,-0.009508
5.105,-0.011552
5.106,-0.014338
5.107,-0.017952
5.108,-0.021527
5.109,-0.023635
5.11,-0.023282
5.111,-0.020727
5.112,-0.017406
5.113,-0.014912
5.114,-0.013847
5.115,-0.013527
5.116,-0.012788
5.117,-0.011152
5.118,-0.00932
5.119,-0.008596
5.12,-0.009784
5.121,-0.012516
5.122,-0.015601
5.123,-0.017953
5.124,-0.01926
5.125,-0.020049
5.126,-0.021161
5.127,-0.023082
5.128,-0.025758
5.129,-0.028973
5.13,-0.032684
5.131,-0.036791
5.132,-0.040457
5.133,-0.041846
5.134,-0.039013
5.135,-0.031541
5.136,-0.021428
5.137,-0.0122
5.138,-0.006896
5.139,-0.006562
5.14,-0.010179
5.141,-0.015658
5.142,-0.020986
5.143,-0.024926
5.144,-0.027198
5.145,-0.028326
5.146,-0.029231
5.147,-0.030564
5.148,-0.032105
5.149,-0.032833
5.15,-0.031822
5.151,-0.029193
5.152,-0.026137
5.153,-0.023974
5.154,-0.023113
5.155,-0.022817
5.156,-0.021983
5.157,-0.020193
5.158,-0.018108
5.159,-0.016959
5.16,-0.017634
5.161,-0.019995
5.162,-0.02288
5.163,-0.024906
5.164,-0.025595
5.165,-0.025801
5.166,-0.026937
5.167,-0.029638
5.168,-0.033055
5.169,-0.035372
5.17,-0.03497
5.171,-0.031043
5.172,-0.023177
5.173,-0.010811
5.174,0.005961
5.175,0.024774
5.176,0.041526
5.177,0.053919
5.178,0.063986
5.179,0.07586
5.18,0.090773
5.181,0.104143
5.182,0.107399
5.183,0.093906
5.184,0.064644
5.185,0.028344
5.186,-0.003907
5.187,-0.024512
5.188,-0.031698
5.189,-0.028231
5.19,-0.01869
5.191,-0.007488
5.192,0.00202
5.193,0.008031
5.194,0.010527
5.195,0.010849
5.196,0.010711
5.197,0.011155
5.198,0.012052
5.199,0.012473
5.2,0.011627
5.201,0.009607
5.202,0.007431
5.203,0.006343
5.204,0.006898
5.205,0.00848
5.206,0.00964
5.207,0.009083
5.208,0.006634
5.209,0.003371
5.21,0.000744
5.211,-0.000603
5.212,-0.001266
5.213,-0.002404
5.214,-0.004635
5.215,-0.007484
5.216,-0.009792
5.217,-0.010746
5.218,-0.01064
5.219,-0.01065
5.22,-0.011841
5.221,-0.014299
5.222,-0.017044
5.223,-0.018761
5.224,-0.018818
5.225,-0.017766
5.226,-0.016879
5.227,-0.017112
5.228,-0.018376
5.229,-0.019705
5.23,-0.020121
5.231,-0.019405
5.232,-0.018159
5.233,-0.017258
5.234,-0.017203
5.235,-0.017773
5.236,-0.018204
5.237,-0.017861
5.238,-0.016842
5.239,-0.01596
5.24,-0.016075
5.241,-0.017455
5.242,-0.019848
5.243,-0.022983
5.244,-0.026779
5.245,-0.030983
5.246,-0.03457
5.247,-0.035662
5.248,-0.032598
5.249,-0.025493
5.25,-0.016751
5.251,-0.009769
5.252,-0.006875
5.253,-0.008252
5.254,-0.012371
5.255,-0.017075
5.256,-0.020488
5.257,-0.021582
5.258,-0.020463
5.259,-0.018332
5.26,-0.016857
5.261,-0.017043
5.262,-0.018512
5.263,-0.019898
5.264,-0.02006
5.265,-0.019038
5.266,-0.017927
5.267,-0.017806
5.268,-0.018751
5.269,-0.019847
5.27,-0.020112
5.271,-0.019397
5.272,-0.018453
5.273,-0.018267
5.274,-0.01922
5.275,-0.020702
5.276,-0.021562
5.277,-0.021117
5.278,-0.019805
5.279,-0.01886
5.28,-0.019357
5.281,-0.021458
5.282,-0.02431
5.283,-0.026461
5.284,-0.026429
5.285,-0.023038
5.286,-0.015334
5.287,-0.002786
5.288,0.01351
5.289,0.030148
5.29,0.043543
5.291,0.05347
5.292,0.0635
5.293,0.077053
5.294,0.092862
5.295,0.103992
5.296,0.101763
5.297,0.082283
5.298,0.050091
5.299,0.015467
5.3,-0.011678
5.301,-0.026121
5.302,-0.027956
5.303,-0.020813
5.304,-0.009571
5.305,0.0014
5.306,0.009238
5.307,0.012957
5.308,0.013266
5.309,0.0119
5.31,0.010613
5.311,0.010282
5.312,0.010638
5.313,0.010775
5.314,0.010104
5.315,0.009005
5.316,0.008568
5.317,0.00961
5.318,0.01181
5.319,0.013751
5.32,0.013963
5.321,0.012055
5.322,0.008918
5.323,0.005957
5.324,0.004093
5.325,0.003217
5.326,0.002389
5.327,0.000661
5.328,-0.002076
5.329,-0.004935
5.33,-0.006767
5.331,-0.007248
5.332,-0.007252
5.333,-0.008083
5.334,-0.010314
5.335,-0.013244
5.336,-0.015353
5.337,-0.015388
5.338,-0.013315
5.339,-0.010451
5.34,-0.008564
5.341,-0.008576
5.342,-0.009894
5.343,-0.01101
5.344,-0.010839
5.345,-0.009585
5.346,-0.008439
5.347,-0.0085
5.348,-0.009884
5.349,-0.011659
5.35,-0.012624
5.351,-0.012308
5.352,-0.011348
5.353,-0.010851
5.354,-0.011439
5.355,-0.013049
5.356,-0.015551
5.357,-0.019139
5.358,-0.023889
5.359,-0.029026
5.36,-0.032699
5.361,-0.032698
5.362,-0.027945
5.363,-0.019611
5.364,-0.010673
5.365,-0.004228
5.366,-0.001967
5.367,-0.0037
5.368,-0.007867
5.369,-0.012442
5.37,-0.015755
5.371,-0.017134
5.372,-0.017165
5.373,-0.017186
5.374,-0.018207
5.375,-0.020117
5.376,-0.021856
5.377,-0.022345
5.378,-0.021395
5.379,-0.019898
5.38,-0.019196
5.381,-0.020017
5.382,-0.021762
5.383,-0.022955
5.384,-0.022552
5.385,-0.020842
5.386,-0.019182
5.387,-0.01888
5.388,-0.020133
5.389,-0.021853
5.39,-0.022558
5.391,-0.021601
5.392,-0.019651
5.393,-0.018097
5.394,-0.018025
5.395,-0.019511
5.396,-0.021589
5.397,-0.022889
5.398,-0.022306
5.399,-0.018906
5.4,-0.01147
5.401,0.000885
5.402,0.016912
5.403,0.032935
5.404,0.045859
5.405,0.056484
5.406,0.068691
5.407,0.084835
5.408,0.101858
5.409,0.111643
5.41,0.105905
5.411,0.082467
5.412,0.047647
5.413,0.012627
5.414,-0.012804
5.415,-0.024389
5.416,-0.023588
5.417,-0.015132
5.418,-0.004265
5.419,0.00504
5.42,0.010795
5.421,0.012992
5.422,0.013055
5.423,0.012892
5.424,0.013789
5.425,0.015647
5.426,0.017196
5.427,0.017245
5.428,0.015925
5.429,0.014674
5.43,0.014865
5.431,0.016532
5.432,0.018451
5.433,0.019211
5.434,0.018191
5.435,0.015886
5.436,0.013407
5.437,0.011538
5.438,0.01022
5.439,0.008826
5.44,0.006732
5.441,0.003714
5.442,0.000166
5.443,-0.002914
5.444,-0.004513
5.445,-0.004535
5.446,-0.00418
5.447,-0.005119
5.448,-0.007958
5.449,-0.011455
5.45,-0.013381
5.451,-0.012254
5.452,-0.008479
5.453,-0.004119
5.454,-0.00146
5.455,-0.001369
5.456,-0.002803
5.457,-0.003876
5.458,-0.003402
5.459,-0.001644
5.46,-5.4e-05
5.461,-0.000361
5.462,-0.003371
5.463,-0.008051
5.464,-0.011796
5.465,-0.012346
5.466,-0.00984
5.467,-0.006571
5.468,-0.00468
5.469,-0.004684
5.47,-0.00629
5.471,-0.009608
5.472,-0.01466
5.473,-0.020045
5.474,-0.022867
5.475,-0.020489
5.476,-0.012559
5.477,-0.001588
5.478,0.008246
5.479,0.013093
5.48,0.011231
5.481,0.003905
5.482,-0.005323
5.483,-0.012444
5.484,-0.015
5.485,-0.013059
5.486,-0.008723
5.487,-0.004539
5.488,-0.00193
5.489,-0.000874
5.49,-0.001
5.491,-0.002419
5.492,-0.004957
5.493,-0.006954
5.494,-0.005742
5.495,0.00031
5.496,0.009887
5.497,0.018508
5.498,0.02115
5.499,0.016583
5.5,0.008952
5.501,0.004113
5.502,0.004509
5.503,0.00817
5.504,0.012036
5.505,0.014526
5.506,0.01477
5.507,0.0119
5.508,0.006895
5.509,0.003513
5.51,0.005228
5.511,0.011973
5.512,0.021431
5.513,0.032834
5.514,0.047433
5.515,0.064138
5.516,0.076703
5.517,0.079536
5.518,0.0774
5.519,0.08457
5.52,0.110401
5.521,0.147145
5.522,0.17454
5.523,0.176545
5.524,0.152871
5.525,0.115519
5.526,0.078
5.527,0.049154
5.528,0.033055
5.529,0.030496
5.53,0.039912
5.531,0.057321
5.532,0.076063
5.533,0.088614
5.534,0.09073
5.535,0.084415
5.536,0.076153
5.537,0.071498
5.538,0.071271
5.539,0.072564
5.54,0.072441
5.541,0.07044
5.542,0.068479
5.543,0.069249
5.544,0.074221
5.545,0.082184
5.546,0.089741
5.547,0.093691
5.548,0.093042
5.549,0.089061
5.55,0.083945
5.551,0.07932
5.552,0.07551
5.553,0.072072
5.554,0.068939
5.555,0.066836
5.556,0.06645
5.557,0.067481
5.558,0.068797
5.559,0.06932
5.56,0.068559
5.561,0.066692
5.562,0.064529
5.563,0.06311
5.564,0.062872
5.565,0.063271
5.566,0.063448
5.567,0.063037
5.568,0.062193
5.569,0.061227
5.57,0.060397
5.571,0.05973
5.572,0.059001
5.573,0.058068
5.574,0.057157
5.575,0.056657
5.576,0.056611
5.577,0.056502
5.578,0.05557
5.579,0.053313
5.58,0.049829
5.581,0.045881
5.582,0.042521
5.583,0.040411
5.584,0.039572
5.585,0.039952
5.586,0.041973
5.587,0.046064
5.588,0.051622
5.589,0.05672
5.59,0.059008
5.591,0.057033
5.592,0.051072
5.593,0.043041
5.594,0.035527
5.595,0.0305
5.596,0.02856
5.597,0.028992
5.598,0.030263
5.599,0.030731
5.6,0.029518
5.601,0.027068
5.602,0.024815
5.603,0.024083
5.604,0.025171
5.605,0.027245
5.606,0.028999
5.607,0.029642
5.608,0.029401
5.609,0.029032
5.61,0.028885
5.611,0.028534
5.612,0.027293
5.613,0.025026
5.614,0.022458
5.615,0.020722
5.616,0.020429
5.617,0.021069
5.618,0.021328
5.619,0.020044
5.62,0.017029
5.621,0.013174
5.622,0.009928
5.623,0.008754
5.624,0.011067
5.625,0.018296
5.626,0.031004
5.627,0.047091
5.628,0.061587
5.629,0.070419
5.63,0.075365
5.631,0.083644
5.632,0.100597
5.633,0.122419
5.634,0.136837
5.635,0.13188
5.636,0.105183
5.637,0.065871
5.638,0.028013
5.639,0.002027
5.64,-0.00928
5.641,-0.009084
5.642,-0.002651
5.643,0.005578
5.644,0.012887
5.645,0.01799
5.646,0.020643
5.647,0.021419
5.648,0.021384
5.649,0.021543
5.65,0.022293
5.651,0.023268
5.652,0.023777
5.653,0.023576
5.654,0.023306
5.655,0.024035
5.656,0.026249
5.657,0.029219
5.658,0.031366
5.659,0.031319
5.66,0.02881
5.661,0.024706
5.662,0.020302
5.663,0.016563
5.664,0.013757
5.665,0.011545
5.666,0.009413
5.667,0.00713
5.668,0.004911
5.669,0.003162
5.67,0.002021
5.671,0.001147
5.672,5.8e-05
5.673,-0.001323
5.674,-0.002528
5.675,-0.002957
5.676,-0.002358
5.677,-0.000982
5.678,0.000507
5.679,0.001316
5.68,0.000886
5.681,-0.000806
5.682,-0.003183
5.683,-0.005376
5.684,-0.006773
5.685,-0.007346
5.686,-0.007537
5.687,-0.007836
5.688,-0.008421
5.689,-0.009182
5.69,-0.009975
5.691,-0.010754
5.692,-0.011462
5.693,-0.011867
5.694,-0.01155
5.695,-0.01019
5.696,-0.007944
5.697,-0.005656
5.698,-0.00469
5.699,-0.006306
5.7,-0.01072
5.701,-0.016367
5.702,-0.020271
5.703,-0.019912
5.704,-0.015238
5.705,-0.008856
5.706,-0.004221
5.707,-0.003452
5.708,-0.006394
5.709,-0.011368
5.71,-0.016552
5.711,-0.020732
5.712,-0.023323
5.713,-0.024219
5.714,-0.023781
5.715,-0.022754
5.716,-0.021908
5.717,-0.021599
5.718,-0.021642
5.719,-0.021712
5.72,-0.021824
5.721,-0.02231
5.722,-0.023374
5.723,-0.024801
5.724,-0.026126
5.725,-0.027023
5.726,-0.027516
5.727,-0.027893
5.728,-0.028456
5.729,-0.029266
5.73,-0.030059
5.731,-0.030394
5.732,-0.029939
5.733,-0.028701
5.734,-0.026997
5.735,-0.025309
5.736,-0.02416
5.737,-0.023894
5.738,-0.024332
5.739,-0.02454
5.74,-0.022745
5.741,-0.01659
5.742,-0.004442
5.743,0.012439
5.744,0.029437
5.745,0.041964
5.746,0.050009
5.747,0.058318
5.748,0.071194
5.749,0.086925
5.75,0.097139
5.751,0.092296
5.752,0.069362
5.753,0.034937
5.754,0.001058
5.755,-0.022198
5.756,-0.031285
5.757,-0.028691
5.758,-0.01965
5.759,-0.009213
5.76,-0.000864
5.761,0.003769
5.762,0.004705
5.763,0.003135
5.764,0.00071
5.765,-0.001253
5.766,-0.002289
5.767,-0.002665
5.768,-0.002758
5.769,-0.002616
5.77,-0.001989
5.771,-0.000538
5.772,0.001949
5.773,0.005288
5.774,0.008766
5.775,0.011377
5.776,0.012275
5.777,0.011182
5.778,0.008551
5.779,0.005216
5.78,0.001736
5.781,-0.001896
5.782,-0.005949
5.783,-0.010442
5.784,-0.014901
5.785,-0.018649
5.786,-0.021348
5.787,-0.023165
5.788,-0.024394
5.789,-0.025087
5.79,-0.025088
5.791,-0.024201
5.792,-0.022291
5.793,-0.019466
5.794,-0.016267
5.795,-0.013581
5.796,-0.012211
5.797,-0.012395
5.798,-0.013699
5.799,-0.015437
5.8,-0.017232
5.801,-0.019171
5.802,-0.021481
5.803,-0.024145
5.804,-0.026755
5.805,-0.028688
5.806,-0.029497
5.807,-0.029153
5.808,-0.027961
5.809,-0.026371
5.81,-0.024838
5.811,-0.023752
5.812,-0.023476
5.813,-0.024385
5.814,-0.026649
5.815,-0.029761
5.816,-0.032164
5.817,-0.03168
5.818,-0.027024
5.819,-0.019231
5.82,-0.011469
5.821,-0.007213
5.822,-0.008164
5.823,-0.013464
5.824,-0.020637
5.825,-0.027246
5.826,-0.031922
5.827,-0.034347
5.828,-0.034877
5.829,-0.034263
5.83,-0.033337
5.831,-0.032558
5.832,-0.031788
5.833,-0.03052
5.834,-0.028449
5.835,-0.025952
5.836,-0.024018
5.837,-0.023527
5.838,-0.024503
5.839,-0.026147
5.84,-0.027595
5.841,-0.028608
5.842,-0.02955
5.843,-0.03084
5.844,-0.032487
5.845,-0.034056
5.846,-0.034939
5.847,-0.034771
5.848,-0.033797
5.849,-0.032775
5.85,-0.032376
5.851,-0.03268
5.852,-0.033161
5.853,-0.033012
5.854,-0.031422
5.855,-0.027455
5.856,-0.019742
5.857,-0.007012
5.858,0.010061
5.859,0.027759
5.86,0.041654
5.861,0.050833
5.862,0.05883
5.863,0.06961
5.864,0.082621
5.865,0.091446
5.866,0.087541
5.867,0.066899
5.868,0.034057
5.869,-0.000382
5.87,-0.026194
5.871,-0.038468
5.872,-0.038192
5.873,-0.02967
5.874,-0.017671
5.875,-0.006018
5.876,0.00277
5.877,0.007635
5.878,0.009013
5.879,0.008403
5.88,0.007475
5.881,0.007134
5.882,0.007168
5.883,0.006679
5.884,0.004981
5.885,0.002322
5.886,-0.00013
5.887,-0.00106
5.888,6.5e-05
5.889,0.002611
5.89,0.005187
5.891,0.006504
5.892,0.006077
5.893,0.004411
5.894,0.002537
5.895,0.001144
5.896,5.2e-05
5.897,-0.001446
5.898,-0.003833
5.899,-0.006977
5.9,-0.01028
5.901,-0.013132
5.902,-0.015375
5.903,-0.017373
5.904,-0.019548
5.905,-0.021802
5.906,-0.023425
5.907,-0.023683
5.908,-0.022464
5.909,-0.020422
5.91,-0.018605
5.911,-0.017828
5.912,-0.018109
5.913,-0.018639
5.914,-0.01843
5.915,-0.017169
5.916,-0.015503
5.917,-0.014549
5.918,-0.015103
5.919,-0.0171
5.92,-0.019648
5.921,-0.021667
5.922,-0.022661
5.923,-0.022938
5.924,-0.023142
5.925,-0.023708
5.926,-0.024829
5.927,-0.026766
5.928,-0.029782
5.929,-0.033637
5.93,-0.037186
5.931,-0.038519
5.932,-0.035857
5.933,-0.028958
5.934,-0.019822
5.935,-0.011736
5.936,-0.00731
5.937,-0.007124
5.938,-0.009959
5.939,-0.01407
5.94,-0.018144
5.941,-0.021486
5.942,-0.023847
5.943,-0.025347
5.944,-0.026369
5.945,-0.02725
5.946,-0.027977
5.947,-0.028194
5.948,-0.027503
5.949,-0.025853
5.95,-0.023745
5.951,-0.02201
5.952,-0.021252
5.953,-0.021444
5.954,-0.022012
5.955,-0.022352
5.956,-0.022412
5.957,-0.022743
5.958,-0.023908
5.959,-0.025835
5.96,-0.027689
5.961,-0.028424
5.962,-0.02762
5.963,-0.025884
5.964,-0.02442
5.965,-0.024153
5.966,-0.025134
5.967,-0.026563
5.968,-0.027244
5.969,-0.025929
5.97,-0.021233
5.971,-0.011624
5.972,0.003474
5.973,0.021943
5.974,0.039305
5.975,0.052143
5.976,0.061177
5.977,0.070149
5.978,0.081466
5.979,0.092673
5.98,0.096771
5.981,0.086938
5.982,0.062361
5.983,0.029798
5.984,-0.000493
5.985,-0.020523
5.986,-0.027735
5.987,-0.024432
5.988,-0.015229
5.989,-0.004701
5.99,0.003911
5.991,0.009115
5.992,0.011034
5.993,0.010913
5.994,0.010372
5.995,0.010518
5.996,0.011351
5.997,0.011941
5.998,0.011321
5.999,0.009382
6.0,0.007016
6.001,0.005398
6.002,0.005114
6.003,0.005826
6.004,0.006557
6.005,0.006386
6.006,0.005082
6.007,0.003204
6.008,0.001612
6.009,0.000795
6.01,0.000487
6.011,-0.000174
6.012,-0.00199
6.013,-0.004995
6.014,-0.00837
6.015,-0.011071
6.016,-0.012651
6.017,-0.013566
6.018,-0.014712
6.019,-0.016593
6.02,-0.018865
6.021,-0.020607
6.022,-0.021039
6.023,-0.020088
6.024,-0.018444
6.025,-0.017078
6.026,-0.016648
6.027,-0.017217
6.028,-0.018307
6.029,-0.019198
6.03,-0.019444
6.031,-0.01928
6.032,-0.019417
6.033,-0.020312
6.034,-0.021678
6.035,-0.022763
6.036,-0.023092
6.037,-0.022863
6.038,-0.022651
6.039,-0.022933
6.04,-0.023942
6.041,-0.025791
6.042,-0.028575
6.043,-0.032282
6.044,-0.036448
6.045,-0.03972
6.046,-0.04008
6.047,-0.036173
6.048,-0.02867
6.049,-0.020197
6.05,-0.013851
6.051,-0.011542
6.052,-0.013253
6.053,-0.01749
6.054,-0.022327
6.055,-0.026226
6.056,-0.028439
6.057,-0.029058
6.058,-0.028777
6.059,-0.028407
6.06,-0.02841
6.061,-0.028659
6.062,-0.028576
6.063,-0.027656
6.064,-0.026028
6.065,-0.024484
6.066,-0.02392
6.067,-0.02464
6.068,-0.026136
6.069,-0.02754
6.07,-0.028373
6.071,-0.028933
6.072,-0.029951
6.073,-0.031795
6.074,-0.033972
6.075,-0.035406
6.076,-0.035277
6.077,-0.033759
6.078,-0.031969
6.079,-0.031124
6.08,-0.031657
6.081,-0.032999
6.082,-0.034053
6.083,-0.033743
6.084,-0.031037
6.085,-0.024543
6.086,-0.012942
6.087,0.003199
6.088,0.020438
6.089,0.03469
6.09,0.044899
6.091,0.053802
6.092,0.064583
6.093,0.076675
6.094,0.084431
6.095,0.080274
6.096,0.0606
6.097,0.029534
6.098,-0.003057
6.099,-0.02744
6.1,-0.038806
6.101,-0.038023
6.102,-0.029388
6.103,-0.017819
6.104,-0.007054
6.105,0.000853
6.106,0.005316
6.107,0.006902
6.108,0.006877
6.109,0.006472
6.11,0.006178
6.111,0.005672
6.112,0.004462
6.113,0.002596
6.114,0.000793
6.115,-3.5e-05
6.116,0.000531
6.117,0.002157
6.118,0.004047
6.119,0.005387
6.12,0.005657
6.121,0.004818
6.122,0.003297
6.123,0.001677
6.124,0.000259
6.125,-0.001218
6.126,-0.003359
6.127,-0.006524
6.128,-0.010401
6.129,-0.014139
6.13,-0.016969
6.131,-0.018805
6.132,-0.020268
6.133,-0.022063
6.134,-0.024225
6.135,-0.025948
6.136,-0.026165
6.137,-0.024451
6.138,-0.021482
6.139,-0.018588
6.14,-0.01682
6.141,-0.016362
6.142,-0.016655
6.143,-0.016962
6.144,-0.016957
6.145,-0.016954
6.146,-0.01759
6.147,-0.01924
6.148,-0.021635
6.149,-0.023943
6.15,-0.025306
6.151,-0.025498
6.152,-0.025032
6.153,-0.024607
6.154,-0.024522
6.155,-0.02478
6.156,-0.025674
6.157,-0.027877
6.158,-0.031634
6.159,-0.035809
6.16,-0.03797
6.161,-0.035886
6.162,-0.029326
6.163,-0.020486
6.164,-0.012737
6.165,-0.00876
6.166,-0.009285
6.167,-0.013155
6.168,-0.018363
6.169,-0.023072
6.17,-0.026156
6.171,-0.027372
6.172,-0.027284
6.173,-0.026842
6.174,-0.026741
6.175,-0.026988
6.176,-0.027027
6.177,-0.026285
6.178,-0.024665
6.179,-0.022678
6.18,-0.021149
6.181,-0.020644
6.182,-0.020977
6.183,-0.021346
6.184,-0.021081
6.185,-0.020304
6.186,-0.019791
6.187,-0.020211
6.188,-0.021461
6.189,-0.022711
6.19,-0.023107
6.191,-0.022531
6.192,-0.0217
6.193,-0.021544
6.194,-0.022442
6.195,-0.023958
6.196,-0.025208
6.197,-0.025346
6.198,-0.023565
6.199,-0.018643
6.2,-0.009032
6.201,0.005676
6.202,0.023112
6.203,0.039032
6.204,0.050913
6.205,0.060323
6.206,0.07092
6.207,0.083939
6.208,0.095354
6.209,0.09738
6.21,0.084079
6.211,0.056742
6.212,0.023797
6.213,-0.004552
6.214,-0.021799
6.215,-0.026941
6.216,-0.022965
6.217,-0.014293
6.218,-0.004844
6.219,0.002818
6.22,0.007551
6.221,0.009455
6.222,0.009567
6.223,0.009282
6.224,0.009558
6.225,0.010429
6.226,0.011267
6.227,0.011454
6.228,0.010978
6.229,0.010542
6.23,0.011008
6.231,0.01259
6.232,0.01456
6.233,0.015733
6.234,0.015289
6.235,0.013305
6.236,0.010621
6.237,0.008179
6.238,0.006313
6.239,0.004612
6.24,0.002424
6.241,-0.000534
6.242,-0.003908
6.243,-0.006911
6.244,-0.008874
6.245,-0.009745
6.246,-0.010124
6.247,-0.010773
6.248,-0.011968
6.249,-0.013206
6.25,-0.013611
6.251,-0.012771
6.252,-0.011177
6.253,-0.009875
6.254,-0.00977
6.255,-0.011127
6.256,-0.013378
6.257,-0.015427
6.258,-0.016455
6.259,-0.016558
6.26,-0.016591
6.261,-0.017402
6.262,-0.019117
6.263,-0.021033
6.264,-0.0222
6.265,-0.022187
6.266,-0.021353
6.267,-0.020413
6.268,-0.019798
6.269,-0.019484
6.27,-0.019492
6.271,-0.020337
6.272,-0.022707
6.273,-0.026437
6.274,-0.029805
6.275,-0.030279
6.276,-0.026493
6.277,-0.019589
6.278,-0.012606
6.279,-0.008557
6.28,-0.008779
6.281,-0.012578
6.282,-0.018038
6.283,-0.023139
6.284,-0.026464
6.285,-0.027497
6.286,-0.026678
6.287,-0.025168
6.288,-0.024155
6.289,-0.023985
6.29,-0.023911
6.291,-0.022889
6.292,-0.020675
6.293,-0.018107
6.294,-0.016432
6.295,-0.016423
6.296,-0.017907
6.297,-0.019921
6.298,-0.02145
6.299,-0.02224
6.3,-0.022943
6.301,-0.02443
6.302,-0.026863
6.303,-0.029446
6.304,-0.031068
6.305,-0.03117
6.306,-0.030081
6.307,-0.028729
6.308,-0.028035
6.309,-0.02829
6.31,-0.028937
6.311,-0.028995
6.312,-0.027456
6.313,-0.0231
6.314,-0.014246
6.315,0.000166
6.316,0.018447
6.317,0.036053
6.318,0.049178
6.319,0.058382
6.32,0.067653
6.321,0.079691
6.322,0.092096
6.323,0.097654
6.324,0.089015
6.325,0.064719
6.326,0.031262
6.327,-0.000784
6.328,-0.022826
6.329,-0.031695
6.33,-0.029269
6.331,-0.020015
6.332,-0.00859
6.333,0.001513
6.334,0.008347
6.335,0.011463
6.336,0.011691
6.337,0.010604
6.338,0.009651
6.339,0.009399
6.34,0.009414
6.341,0.008894
6.342,0.007571
6.343,0.006065
6.344,0.005339
6.345,0.005901
6.346,0.007425
6.347,0.008914
6.348,0.009345
6.349,0.008444
6.35,0.006845
6.351,0.005477
6.352,0.004824
6.353,0.004611
6.354,0.004018
6.355,0.002296
6.356,-0.000622
6.357,-0.004041
6.358,-0.007075
6.359,-0.009303
6.36,-0.010991
6.361,-0.012778
6.362,-0.015041
6.363,-0.017448
6.364,-0.019079
6.365,-0.01905
6.366,-0.017234
6.367,-0.014554
6.368,-0.012425
6.369,-0.011758
6.37,-0.012452
6.371,-0.01367
6.372,-0.014508
6.373,-0.014574
6.374,-0.014146
6.375,-0.013898
6.376,-0.014384
6.377,-0.015616
6.378,-0.016964
6.379,-0.017636
6.38,-0.017418
6.381,-0.016858
6.382,-0.016642
6.383,-0.017095
6.384,-0.018359
6.385,-0.020683
6.386,-0.024234
6.387,-0.028631
6.388,-0.032575
6.389,-0.033923
6.39,-0.030808
6.391,-0.023343
6.392,-0.014099
6.393,-0.006677
6.394,-0.003623
6.395,-0.005216
6.396,-0.009769
6.397,-0.014866
6.398,-0.018531
6.399,-0.019913
6.4,-0.019442
6.401,-0.018356
6.402,-0.017858
6.403,-0.018441
6.404,-0.019692
6.405,-0.020662
6.406,-0.020652
6.407,-0.01983
6.408,-0.019069
6.409,-0.01921
6.41,-0.020391
6.411,-0.021907
6.412,-0.022738
6.413,-0.022372
6.414,-0.021248
6.415,-0.020402
6.416,-0.020629
6.417,-0.021839
6.418,-0.023087
6.419,-0.023301
6.42,-0.022193
6.421,-0.020534
6.422,-0.01952
6.423,-0.019854
6.424,-0.021285
6.425,-0.02281
6.426,-0.023248
6.427,-0.021547
6.428,-0.016455
6.429,-0.006495
6.43,0.00853
6.431,0.025953
6.432,0.041572
6.433,0.05339
6.434,0.063451
6.435,0.075321
6.436,0.08958
6.437,0.101383
6.438,0.102565
6.439,0.087545
6.44,0.058354
6.441,0.024064
6.442,-0.004723
6.443,-0.021431
6.444,-0.025285
6.445,-0.019643
6.446,-0.009382
6.447,0.001015
6.448,0.008511
6.449,0.011929
6.45,0.011866
6.451,0.010113
6.452,0.008648
6.453,0.00864
6.454,0.009946
6.455,0.011393
6.456,0.011758
6.457,0.010848
6.458,0.009701
6.459,0.009717
6.46,0.011446
6.461,0.014069
6.462,0.015937
6.463,0.015747
6.464,0.013475
6.465,0.010321
6.466,0.007669
6.467,0.005989
6.468,0.00464
6.469,0.002666
6.47,-0.000254
6.471,-0.00357
6.472,-0.006427
6.473,-0.008364
6.474,-0.009607
6.475,-0.010851
6.476,-0.012629
6.477,-0.014717
6.478,-0.016174
6.479,-0.016056
6.48,-0.014179
6.481,-0.011349
6.482,-0.008899
6.483,-0.007861
6.484,-0.00832
6.485,-0.009463
6.486,-0.010303
6.487,-0.010473
6.488,-0.010472
6.489,-0.011181
6.49,-0.013071
6.491,-0.015725
6.492,-0.017994
6.493,-0.018759
6.494,-0.017782
6.495,-0.015843
6.496,-0.014098
6.497,-0.013446
6.498,-0.01439
6.499,-0.017096
6.5,-0.021323
6.501,-0.026296
6.502,-0.030535
6.503,-0.031987
6.504,-0.029106
6.505,-0.022268
6.506,-0.013984
6.507,-0.007569
6.508,-0.005297
6.509,-0.007313
6.51,-0.012025
6.511,-0.017317
6.512,-0.021432
6.513,-0.023391
6.514,-0.023247
6.515,-0.021998
6.516,-0.020933
6.517,-0.020711
6.518,-0.020921
6.519,-0.02058
6.52,-0.019151
6.521,-0.017116
6.522,-0.015653
6.523,-0.015744
6.524,-0.017438
6.525,-0.019795
6.526,-0.021573
6.527,-0.022173
6.528,-0.022102
6.529,-0.022464
6.53,-0.023885
6.531,-0.025837
6.532,-0.026996
6.533,-0.026337
6.534,-0.024009
6.535,-0.021273
6.536,-0.019635
6.537,-0.019851
6.538,-0.021454
6.539,-0.023079
6.54,-0.023285
6.541,-0.02097
6.542,-0.015053
6.543,-0.004545
6.544,0.010128
6.545,0.026034
6.546,0.039393
6.547,0.04917
6.548,0.058343
6.549,0.070688
6.55,0.086036
6.551,0.098393
6.552,0.099015
6.553,0.082791
6.554,0.052784
6.555,0.018734
6.556,-0.008898
6.557,-0.024096
6.558,-0.026571
6.559,-0.02003
6.56,-0.00961
6.561,0.00021
6.562,0.006715
6.563,0.009157
6.564,0.008389
6.565,0.006186
6.566,0.004349
6.567,0.003848
6.568,0.00444
6.569,0.005104
6.57,0.005011
6.571,0.004243
6.572,0.003695
6.573,0.004332
6.574,0.006399
6.575,0.009141
6.576,0.011204
6.577,0.011495
6.578,0.009953
6.579,0.007565
6.58,0.005473
6.581,0.003949
6.582,0.002251
6.583,-0.000529
6.584,-0.004459
6.585,-0.008528
6.586,-0.011453
6.587,-0.012813
6.588,-0.01335
6.589,-0.014224
6.59,-0.016027
6.591,-0.018274
6.592,-0.019714
6.593,-0.019303
6.594,-0.017054
6.595,-0.014093
6.596,-0.01191
6.597,-0.011378
6.598,-0.012298
6.599,-0.013731
6.6,-0.014737
6.601,-0.014979
6.602,-0.014893
6.603,-0.015246
6.604,-0.016385
6.605,-0.017884
6.606,-0.018852
6.607,-0.018628
6.608,-0.017342
6.609,-0.01587
6.61,-0.015219
6.611,-0.015857
6.612,-0.017623
6.613,-0.020258
6.614,-0.023756
6.615,-0.027879
6.616,-0.031384
6.617,-0.032226
6.618,-0.029036
6.619,-0.022462
6.62,-0.015033
6.621,-0.009754
6.622,-0.008467
6.623,-0.011014
6.624,-0.015666
6.625,-0.020225
6.626,-0.023024
6.627,-0.023571
6.628,-0.022647
6.629,-0.021704
6.63,-0.021895
6.631,-0.023322
6.632,-0.02505
6.633,-0.025915
6.634,-0.025457
6.635,-0.024219
6.636,-0.023275
6.637,-0.02339
6.638,-0.024375
6.639,-0.025173
6.64,-0.024777
6.641,-0.02322
6.642,-0.021554
6.643,-0.020874
6.644,-0.021401
6.645,-0.022331
6.646,-0.022482
6.647,-0.021267
6.648,-0.019236
6.649,-0.017673
6.65,-0.01762
6.651,-0.019133
6.652,-0.021273
6.653,-0.022681
6.654,-0.022108
6.655,-0.018453
6.656,-0.010629
6.657,0.001785
6.658,0.017185
6.659,0.031969
6.66,0.043367
6.661,0.052457
6.662,0.063311
6.663,0.07843
6.664,0.09477
6.665,0.104058
6.666,0.097942
6.667,0.074479
6.668,0.040363
6.669,0.006877
6.67,-0.016649
6.671,-0.026696
6.672,-0.02518
6.673,-0.016766
6.674,-0.006246
6.675,0.002815
6.676,0.008432
6.677,0.01027
6.678,0.009507
6.679,0.008106
6.68,0.007682
6.681,0.008627
6.682,0.010103
6.683,0.010899
6.684,0.010477
6.685,0.009442
6.686,0.009149
6.687,0.010696
6.688,0.013943
6.689,0.017401
6.69,0.019198
6.691,0.018372
6.692,0.01546
6.693,0.011926
6.694,0.008976
6.695,0.006729
6.696,0.004366
6.697,0.001114
6.698,-0.00284
6.699,-0.006442
6.7,-0.008769
6.701,-0.009822
6.702,-0.01045
6.703,-0.011573
6.704,-0.01332
6.705,-0.01483
6.706,-0.01493
6.707,-0.013118
6.708,-0.01005
6.709,-0.007149
6.71,-0.005682
6.711,-0.005997
6.712,-0.007404
6.713,-0.008764
6.714,-0.009386
6.715,-0.009539
6.716,-0.010171
6.717,-0.012042
6.718,-0.014945
6.719,-0.017708
6.72,-0.01907
6.721,-0.018667
6.722,-0.017251
6.723,-0.016032
6.724,-0.015816
6.725,-0.016598
6.726,-0.017895
6.727,-0.019414
6.728,-0.02131
6.729,-0.023542
6.73,-0.0251
6.731,-0.024356
6.732,-0.020467
6.733,-0.014428
6.734,-0.008801
6.735,-0.006296
6.736,-0.008171
6.737,-0.013562
6.738,-0.02013
6.739,-0.025362
6.74,-0.027654
6.741,-0.026841
6.742,-0.024129
6.743,-0.02131
6.744,-0.01951
6.745,-0.018481
6.746,-0.017129
6.747,-0.014731
6.748,-0.011678
6.749,-0.009253
6.75,-0.008741
6.751,-0.010554
6.752,-0.01395
6.753,-0.017506
6.754,-0.020094
6.755,-0.021684
6.756,-0.023209
6.757,-0.025491
6.758,-0.028236
6.759,-0.030128
6.76,-0.029893
6.761,-0.027344
6.762,-0.023643
6.763,-0.020599
6.764,-0.019486
6.765,-0.020179
6.766,-0.021284
6.767,-0.02109
6.768,-0.018361
6.769,-0.012269
6.77,-0.002096
6.771,0.011961
6.772,0.027438
6.773,0.040497
6.774,0.049493
6.775,0.057106
6.776,0.067751
6.777,0.082513
6.778,0.096361
6.779,0.100312
6.78,0.087706
6.781,0.059873
6.782,0.025921
6.783,-0.003066
6.784,-0.020003
6.785,-0.023865
6.786,-0.018114
6.787,-0.007816
6.788,0.002606
6.789,0.010264
6.79,0.013849
6.791,0.013584
6.792,0.011036
6.793,0.008278
6.794,0.006725
6.795,0.006472
6.796,0.006647
6.797,0.006488
6.798,0.006231
6.799,0.006983
6.8,0.009681
6.801,0.014128
6.802,0.018943
6.803,0.022463
6.804,0.023793
6.805,0.02316
6.806,0.021482
6.807,0.019705
6.808,0.018207
6.809,0.016468
6.81,0.01342
6.811,0.008412
6.812,0.001969
6.813,-0.004456
6.814,-0.009554
6.815,-0.013093
6.816,-0.01583
6.817,-0.018538
6.818,-0.021082
6.819,-0.02238
6.82,-0.021277
6.821,-0.017625
6.822,-0.012556
6.823,-0.007774
6.824,-0.004551
6.825,-0.003121
6.826,-0.002805
6.827,-0.002726
6.828,-0.002616
6.829,-0.003119
6.83,-0.005234
6.831,-0.009273
6.832,-0.014329
6.833,-0.018802
6.834,-0.021495
6.835,-0.022298
6.836,-0.022009
6.837,-0.021636
6.838,-0.021739
6.839,-0.022288
6.84,-0.023099
6.841,-0.024241
6.842,-0.025789
6.843,-0.027141
6.844,-0.026701
6.845,-0.022762
6.846,-0.015155
6.847,-0.005998
6.848,0.001346
6.849,0.004239
6.85,0.002081
6.851,-0.00376
6.852,-0.010957
6.853,-0.017292
6.854,-0.021395
6.855,-0.023087
6.856,-0.023212
6.857,-0.022903
6.858,-0.022704
6.859,-0.022217
6.86,-0.020633
6.861,-0.017634
6.862,-0.013939
6.863,-0.01104
6.864,-0.010194
6.865,-0.01144
6.866,-0.01355
6.867,-0.015038
6.868,-0.015335
6.869,-0.015159
6.87,-0.015845
6.871,-0.018207
6.872,-0.021806
6.873,-0.025205
6.874,-0.027044
6.875,-0.027036
6.876,-0.026108
6.877,-0.025619
6.878,-0.026266
6.879,-0.027535
6.88,-0.02811
6.881,-0.02679
6.882,-0.022894
6.883,-0.015802
6.884,-0.004654
6.885,0.010488
6.886,0.027095
6.887,0.041319
6.888,0.051787
6.889,0.061349
6.89,0.073863
6.891,0.089122
6.892,0.100921
6.893,0.100284
6.894,0.081968
6.895,0.049175
6.896,0.012161
6.897,-0.017804
6.898,-0.03394
6.899,-0.035748
6.9,-0.027362
6.901,-0.014584
6.902,-0.002508
6.903,0.00573
6.904,0.009347
6.905,0.00951
6.906,0.008281
6.907,0.007415
6.908,0.007602
6.909,0.008368
6.91,0.00853
6.911,0.007159
6.912,0.004618
6.913,0.002615
6.914,0.002863
6.915,0.005518
6.916,0.009007
6.917,0.011367
6.918,0.011777
6.919,0.010949
6.92,0.010113
6.921,0.009604
6.922,0.008584
6.923,0.006141
6.924,0.002562
6.925,-0.000648
6.926,-0.002293
6.927,-0.002825
6.928,-0.003724
6.929,-0.005803
6.93,-0.008529
6.931,-0.01071
6.932,-0.011521
6.933,-0.011192
6.934,-0.010859
6.935,-0.01148
6.936,-0.012757
6.937,-0.013285
6.938,-0.011932
6.939,-0.008996
6.94,-0.005764
6.941,-0.003247
6.942,-0.002046
6.943,-0.002797
6.944,-0.00551
6.945,-0.008914
6.946,-0.011634
6.947,-0.013347
6.948,-0.014041
6.949,-0.013391
6.95,-0.01168
6.951,-0.010255
6.952,-0.010359
6.953,-0.011971
6.954,-0.014042
6.955,-0.015493
6.956,-0.01545
6.957,-0.012443
6.958,-0.004783
6.959,0.007061
6.96,0.019349
6.961,0.026984
6.962,0.026293
6.963,0.017222
6.964,0.004274
6.965,-0.005677
6.966,-0.008221
6.967,-0.004494
6.968,0.00057
6.969,0.002803
6.97,0.002062
6.971,0.001447
6.972,0.003232
6.973,0.006346
6.974,0.008535
6.975,0.009599
6.976,0.011093
6.977,0.013544
6.978,0.015597
6.979,0.016565
6.98,0.018626
6.981,0.02465
6.982,0.033838
6.983,0.041511
6.984,0.043971
6.985,0.042102
6.986,0.040128
6.987,0.042123
6.988,0.048746
6.989,0.055797
6.99,0.057127
6.991,0.050797
6.992,0.042111
6.993,0.039149
6.994,0.045443
6.995,0.058503
6.996,0.073962
6.997,0.087847
6.998,0.0958
6.999,0.09412
7.0,0.084166
7.001,0.075448
7.002,0.081145
7.003,0.10731
7.004,0.145488
7.005,0.176085
7.006,0.180883
7.007,0.155618
7.008,0.11226
7.009,0.069571
7.01,0.041363
7.011,0.031563
7.012,0.036461
7.013,0.049312
7.014,0.063752
7.015,0.075439
7.016,0.082499
7.017,0.085284
7.018,0.085693
7.019,0.085982
7.02,0.087304
7.021,0.089001
7.022,0.08941
7.023,0.087416
7.024,0.083399
7.025,0.07913
7.026,0.07679
7.027,0.077546
7.028,0.080581
7.029,0.083622
7.03,0.08466
7.031,0.08324
7.032,0.080245
7.033,0.076799
7.034,0.073539
7.035,0.070618
7.036,0.068072
7.037,0.066124
7.038,0.065182
7.039,0.065459
7.04,0.066469
7.041,0.066928
7.042,0.065403
7.043,0.061327
7.044,0.055556
7.045,0.050036
7.046,0.04678
7.047,0.046701
7.048,0.049068
7.049,0.052043
7.05,0.053907
7.051,0.054033
7.052,0.052993
7.053,0.051864
7.054,0.051343
7.055,0.05132
7.056,0.051196
7.057,0.050589
7.058,0.049699
7.059,0.049047
7.06,0.048864
7.061,0.048719
7.062,0.047801
7.063,0.045629
7.064,0.042588
7.065,0.039815
7.066,0.038301
7.067,0.037957
7.068,0.037873
7.069,0.037675
7.07,0.038181
7.071,0.040371
7.072,0.043945
7.073,0.047075
7.074,0.047451
7.075,0.043816
7.076,0.036888
7.077,0.02893
7.078,0.022434
7.079,0.018933
7.08,0.018412
7.081,0.019399
7.082,0.019815
7.083,0.018223
7.084,0.014655
7.085,0.010457
7.086,0.007286
7.087,0.005956
7.088,0.005999
7.089,0.006254
7.09,0.005894
7.091,0.004959
7.092,0.004118
7.093,0.004001
7.094,0.004603
7.095,0.005287
7.096,0.00541
7.097,0.004988
7.098,0.004795
7.099,0.005773
7.1,0.008102
7.101,0.010695
7.102,0.011743
7.103,0.009955
7.104,0.005424
7.105,-0.000385
7.106,-0.005292
7.107,-0.007168
7.108,-0.00424
7.109,0.004725
7.11,0.019345
7.111,0.036252
7.112,0.050216
7.113,0.058701
7.114,0.065478
7.115,0.077876
7.116,0.098925
7.117,0.122075
7.118,0.134223
7.119,0.125096
7.12,0.09504
7.121,0.054757
7.122,0.01803
7.123,-0.005937
7.124,-0.015286
7.125,-0.013516
7.126,-0.006028
7.127,0.00238
7.128,0.008616
7.129,0.011523
7.13,0.011615
7.131,0.010401
7.132,0.009466
7.133,0.009675
7.134,0.010906
7.135,0.012403
7.136,0.013506
7.137,0.014213
7.138,0.015185
7.139,0.017103
7.14,0.019843
7.141,0.022317
7.142,0.023202
7.143,0.021826
7.144,0.018544
7.145,0.014428
7.146,0.010586
7.147,0.007598
7.148,0.00543
7.149,0.003685
7.15,0.001868
7.151,-0.000307
7.152,-0.002731
7.153,-0.005113
7.154,-0.007364
7.155,-0.009549
7.156,-0.011463
7.157,-0.012469
7.158,-0.011901
7.159,-0.009674
7.16,-0.006498
7.161,-0.003554
7.162,-0.001902
7.163,-0.002003
7.164,-0.003562
7.165,-0.005804
7.166,-0.008007
7.167,-0.009881
7.168,-0.011511
7.169,-0.013036
7.17,-0.014482
7.171,-0.015813
7.172,-0.016962
7.173,-0.017832
7.174,-0.01834
7.175,-0.018464
7.176,-0.018202
7.177,-0.017457
7.178,-0.015989
7.179,-0.013686
7.18,-0.010947
7.181,-0.008774
7.182,-0.008474
7.183,-0.011108
7.184,-0.016742
7.185,-0.02372
7.186,-0.028831
7.187,-0.029167
7.188,-0.024438
7.189,-0.017408
7.19,-0.011984
7.191,-0.010717
7.192,-0.013582
7.193,-0.018663
7.194,-0.023773
7.195,-0.027452
7.196,-0.028993
7.197,-0.028258
7.198,-0.02572
7.199,-0.022407
7.2,-0.019449
7.201,-0.017541
7.202,-0.016796
7.203,-0.017009
7.204,-0.017966
7.205,-0.019536
7.206,-0.021641
7.207,-0.024134
7.208,-0.026728
7.209,-0.029044
7.21,-0.03078
7.211,-0.031885
7.212,-0.032518
7.213,-0.032803
7.214,-0.032669
7.215,-0.031965
7.216,-0.030695
7.217,-0.029037
7.218,-0.027207
7.219,-0.025442
7.22,-0.024051
7.221,-0.023264
7.222,-0.022986
7.223,-0.022646
7.224,-0.021001
7.225,-0.016044
7.226,-0.00602
7.227,0.008343
7.228,0.023026
7.229,0.033775
7.23,0.040593
7.231,0.048262
7.232,0.061462
7.233,0.078991
7.234,0.092541
7.235,0.091842
7.236,0.07257
7.237,0.040231
7.238,0.006626
7.239,-0.017572
7.24,-0.028068
7.241,-0.027001
7.242,-0.019439
7.243,-0.010055
7.244,-0.001871
7.245,0.003599
7.246,0.005987
7.247,0.005855
7.248,0.004336
7.249,0.002548
7.25,0.001076
7.251,-0.000118
7.252,-0.001292
7.253,-0.002426
7.254,-0.003078
7.255,-0.002639
7.256,-0.000743
7.257,0.00244
7.258,0.006171
7.259,0.009342
7.26,0.010914
7.261,0.010442
7.262,0.008305
7.263,0.005332
7.264,0.002151
7.265,-0.001155
7.266,-0.004841
7.267,-0.008993
7.268,-0.013203
7.269,-0.016785
7.27,-0.019365
7.271,-0.021171
7.272,-0.022672
7.273,-0.024077
7.274,-0.025228
7.275,-0.0258
7.276,-0.025433
7.277,-0.023867
7.278,-0.021201
7.279,-0.018098
7.28,-0.015572
7.281,-0.014355
7.282,-0.014414
7.283,-0.015128
7.284,-0.015913
7.285,-0.016684
7.286,-0.017769
7.287,-0.01949
7.288,-0.021785
7.289,-0.024141
7.29,-0.025854
7.291,-0.026456
7.292,-0.025997
7.293,-0.024925
7.294,-0.023698
7.295,-0.022631
7.296,-0.022096
7.297,-0.02266
7.298,-0.024796
7.299,-0.028307
7.3,-0.031832
7.301,-0.033092
7.302,-0.030263
7.303,-0.023578
7.304,-0.015603
7.305,-0.009765
7.306,-0.008281
7.307,-0.011092
7.308,-0.016439
7.309,-0.022197
7.31,-0.026843
7.311,-0.029723
7.312,-0.030899
7.313,-0.030889
7.314,-0.030369
7.315,-0.02978
7.316,-0.029084
7.317,-0.027943
7.318,-0.026141
7.319,-0.023897
7.32,-0.02185
7.321,-0.02066
7.322,-0.02052
7.323,-0.02104
7.324,-0.021668
7.325,-0.022205
7.326,-0.022922
7.327,-0.024232
7.328,-0.026207
7.329,-0.028355
7.33,-0.029928
7.331,-0.030506
7.332,-0.030344
7.333,-0.030158
7.334,-0.030499
7.335,-0.031306
7.336,-0.031969
7.337,-0.031734
7.338,-0.029943
7.339,-0.025786
7.34,-0.017957
7.341,-0.005238
7.342,0.011697
7.343,0.029223
7.344,0.042971
7.345,0.051961
7.346,0.059806
7.347,0.070895
7.348,0.08511
7.349,0.095995
7.35,0.094404
7.351,0.075497
7.352,0.04327
7.353,0.008328
7.354,-0.018747
7.355,-0.032592
7.356,-0.033888
7.357,-0.026971
7.358,-0.016867
7.359,-0.007421
7.36,-0.000731
7.361,0.002695
7.362,0.00357
7.363,0.003251
7.364,0.002967
7.365,0.003253
7.366,0.003918
7.367,0.00447
7.368,0.004633
7.369,0.004594
7.37,0.004864
7.371,0.005887
7.372,0.007652
7.373,0.009595
7.374,0.010892
7.375,0.010893
7.376,0.009402
7.377,0.006798
7.378,0.003894
7.379,0.001388
7.38,-0.000664
7.381,-0.00277
7.382,-0.005347
7.383,-0.008194
7.384,-0.010649
7.385,-0.012258
7.386,-0.013221
7.387,-0.014221
7.388,-0.015819
7.389,-0.017964
7.39,-0.020032
7.391,-0.021297
7.392,-0.021438
7.393,-0.020718
7.394,-0.019762
7.395,-0.019181
7.396,-0.019254
7.397,-0.019801
7.398,-0.020336
7.399,-0.020473
7.4,-0.020314
7.401,-0.020429
7.402,-0.02137
7.403,-0.023082
7.404,-0.024909
7.405,-0.026196
7.406,-0.026729
7.407,-0.026644
7.408,-0.026129
7.409,-0.025305
7.41,-0.024455
7.411,-0.024304
7.412,-0.025771
7.413,-0.029288
7.414,-0.034245
7.415,-0.038873
7.416,-0.040698
7.417,-0.037865
7.418,-0.030705
7.419,-0.021977
7.42,-0.015275
7.421,-0.012896
7.422,-0.014778
7.423,-0.019073
7.424,-0.023543
7.425,-0.026652
7.426,-0.027935
7.427,-0.027849
7.428,-0.027281
7.429,-0.026933
7.43,-0.026924
7.431,-0.026862
7.432,-0.026248
7.433,-0.024953
7.434,-0.023468
7.435,-0.022706
7.436,-0.023405
7.437,-0.025492
7.438,-0.028055
7.439,-0.030046
7.44,-0.031102
7.441,-0.031718
7.442,-0.032639
7.443,-0.034114
7.444,-0.035696
7.445,-0.03656
7.446,-0.036053
7.447,-0.03414
7.448,-0.031484
7.449,-0.029076
7.45,-0.027655
7.451,-0.027277
7.452,-0.027323
7.453,-0.026757
7.454,-0.024226
7.455,-0.018003
7.456,-0.006616
7.457,0.009393
7.458,0.026453
7.459,0.040185
7.46,0.049386
7.461,0.057073
7.462,0.067085
7.463,0.079553
7.464,0.089079
7.465,0.087549
7.466,0.070335
7.467,0.040715
7.468,0.008215
7.469,-0.017266
7.47,-0.030436
7.471,-0.031678
7.472,-0.024943
7.473,-0.015002
7.474,-0.005673
7.475,0.000849
7.476,0.003972
7.477,0.00434
7.478,0.003228
7.479,0.00181
7.48,0.00069
7.481,-7.2e-05
7.482,-0.000648
7.483,-0.001154
7.484,-0.001468
7.485,-0.001203
7.486,5.7e-05
7.487,0.002297
7.488,0.004862
7.489,0.006804
7.49,0.00743
7.491,0.006643
7.492,0.004949
7.493,0.003078
7.494,0.001381
7.495,-0.000503
7.496,-0.003351
7.497,-0.007594
7.498,-0.012763
7.499,-0.017684
7.5,-0.021288
7.501,-0.023315
7.502,-0.024326
7.503,-0.025097
7.504,-0.025968
7.505,-0.026589
7.506,-0.026242
7.507,-0.024469
7.508,-0.021497
7.509,-0.018167
7.51,-0.015525
7.511,-0.014273
7.512,-0.014383
7.513,-0.015204
7.514,-0.016083
7.515,-0.016924
7.516,-0.018173
7.517,-0.020294
7.518,-0.023206
7.519,-0.026215
7.52,-0.028488
7.521,-0.02966
7.522,-0.030001
7.523,-0.030076
7.524,-0.030309
7.525,-0.030863
7.526,-0.031862
7.527,-0.033527
7.528,-0.035954
7.529,-0.038621
7.53,-0.040061
7.531,-0.038387
7.532,-0.032781
7.533,-0.024655
7.534,-0.017109
7.535,-0.013048
7.536,-0.013521
7.537,-0.017532
7.538,-0.023093
7.539,-0.028378
7.54,-0.032276
7.541,-0.034414
7.542,-0.034967
7.543,-0.034499
7.544,-0.033702
7.545,-0.03293
7.546,-0.031995
7.547,-0.030546
7.548,-0.028586
7.549,-0.026615
7.55,-0.025332
7.551,-0.02519
7.552,-0.026077
7.553,-0.027342
7.554,-0.028259
7.555,-0.028643
7.556,-0.029076
7.557,-0.030366
7.558,-0.032646
7.559,-0.035071
7.56,-0.036514
7.561,-0.036516
7.562,-0.03551
7.563,-0.034355
7.564,-0.033792
7.565,-0.034045
7.566,-0.034681
7.567,-0.034829
7.568,-0.033409
7.569,-0.029037
7.57,-0.020014
7.571,-0.005317
7.572,0.013566
7.573,0.032283
7.574,0.046514
7.575,0.055788
7.576,0.063775
7.577,0.074262
7.578,0.086479
7.579,0.093908
7.58,0.088321
7.581,0.066489
7.582,0.03364
7.583,0.000451
7.584,-0.023379
7.585,-0.033595
7.586,-0.031629
7.587,-0.022104
7.588,-0.010024
7.589,0.000878
7.59,0.008516
7.591,0.012303
7.592,0.012946
7.593,0.011992
7.594,0.010967
7.595,0.010561
7.596,0.01042
7.597,0.009772
7.598,0.008355
7.599,0.006741
7.6,0.005844
7.601,0.006278
7.602,0.007965
7.603,0.010074
7.604,0.011404
7.605,0.011179
7.606,0.009576
7.607,0.007485
7.608,0.005775
7.609,0.004639
7.61,0.003497
7.611,0.001511
7.612,-0.001648
7.613,-0.005387
7.614,-0.008601
7.615,-0.010587
7.616,-0.01157
7.617,-0.01236
7.618,-0.013535
7.619,-0.014949
7.62,-0.015897
7.621,-0.015677
7.622,-0.014089
7.623,-0.011614
7.624,-0.009233
7.625,-0.007938
7.626,-0.008187
7.627,-0.009694
7.628,-0.011695
7.629,-0.013479
7.63,-0.014815
7.631,-0.01595
7.632,-0.017207
7.633,-0.018546
7.634,-0.019552
7.635,-0.019849
7.636,-0.019481
7.637,-0.018835
7.638,-0.018252
7.639,-0.017876
7.64,-0.017891
7.641,-0.018802
7.642,-0.021289
7.643,-0.025507
7.644,-0.030341
7.645,-0.033384
7.646,-0.03215
7.647,-0.025975
7.648,-0.016914
7.649,-0.008703
7.65,-0.004587
7.651,-0.005641
7.652,-0.010597
7.653,-0.017021
7.654,-0.022693
7.655,-0.026309
7.656,-0.027568
7.657,-0.026988
7.658,-0.025543
7.659,-0.024124
7.66,-0.023075
7.661,-0.022128
7.662,-0.020781
7.663,-0.018866
7.664,-0.016847
7.665,-0.015585
7.666,-0.015721
7.667,-0.017146
7.668,-0.019043
7.669,-0.020572
7.67,-0.02158
7.671,-0.022659
7.672,-0.024473
7.673,-0.026964
7.674,-0.029205
7.675,-0.030138
7.676,-0.029575
7.677,-0.028401
7.678,-0.027763
7.679,-0.028143
7.68,-0.029132
7.681,-0.02979
7.682,-0.029081
7.683,-0.02609
7.684,-0.019868
7.685,-0.009297
7.686,0.005975
7.687,0.023834
7.688,0.039978
7.689,0.05139
7.69,0.059406
7.691,0.068205
7.692,0.079974
7.693,0.091453
7.694,0.094904
7.695,0.083537
7.696,0.057489
7.697,0.024651
7.698,-0.004374
7.699,-0.02222
7.7,-0.027296
7.701,-0.022554
7.702,-0.012687
7.703,-0.001931
7.704,0.00682
7.705,0.012151
7.706,0.014019
7.707,0.013493
7.708,0.012181
7.709,0.011331
7.71,0.011126
7.711,0.010827
7.712,0.009653
7.713,0.007646
7.714,0.005791
7.715,0.005303
7.716,0.006715
7.717,0.009486
7.718,0.012323
7.719,0.013965
7.72,0.013871
7.721,0.012431
7.722,0.010581
7.723,0.00904
7.724,0.007738
7.725,0.005974
7.726,0.003137
7.727,-0.000696
7.728,-0.004754
7.729,-0.008083
7.73,-0.010253
7.731,-0.011674
7.732,-0.01311
7.733,-0.014876
7.734,-0.01658
7.735,-0.017541
7.736,-0.017369
7.737,-0.016217
7.738,-0.0146
7.739,-0.013087
7.74,-0.012036
7.741,-0.011425
7.742,-0.010923
7.743,-0.010298
7.744,-0.009759
7.745,-0.009809
7.746,-0.010761
7.747,-0.01248
7.748,-0.014438
7.749,-0.015927
7.75,-0.016445
7.751,-0.016112
7.752,-0.015609
7.753,-0.01559
7.754,-0.016238
7.755,-0.017507
7.756,-0.019654
7.757,-0.023149
7.758,-0.027776
7.759,-0.031904
7.76,-0.033029
7.761,-0.029519
7.762,-0.022059
7.763,-0.01341
7.764,-0.006771
7.765,-0.004065
7.766,-0.005271
7.767,-0.008986
7.768,-0.013449
7.769,-0.017279
7.77,-0.019795
7.771,-0.02108
7.772,-0.021808
7.773,-0.02272
7.774,-0.023993
7.775,-0.025068
7.776,-0.025165
7.777,-0.024041
7.778,-0.022304
7.779,-0.020984
7.78,-0.020752
7.781,-0.021388
7.782,-0.022026
7.783,-0.021954
7.784,-0.021233
7.785,-0.020625
7.786,-0.020954
7.787,-0.022414
7.788,-0.024344
7.789,-0.025665
7.79,-0.025697
7.791,-0.02468
7.792,-0.023574
7.793,-0.023317
7.794,-0.024183
7.795,-0.025632
7.796,-0.026624
7.797,-0.025995
7.798,-0.022491
7.799,-0.014599
7.8,-0.001264
7.801,0.016247
7.802,0.033803
7.803,0.047306
7.804,0.056551
7.805,0.065321
7.806,0.077115
7.807,0.090597
7.808,0.098875
7.809,0.093759
7.81,0.072213
7.811,0.039424
7.812,0.00578
7.813,-0.01913
7.814,-0.030862
7.815,-0.030607
7.816,-0.022704
7.817,-0.011787
7.818,-0.001347
7.819,0.006509
7.82,0.010968
7.821,0.012419
7.822,0.012132
7.823,0.011552
7.824,0.011456
7.825,0.0116
7.826,0.011221
7.827,0.009955
7.828,0.00831
7.829,0.007347
7.83,0.007887
7.831,0.009816
7.832,0.012076
7.833,0.01346
7.834,0.013449
7.835,0.012376
7.836,0.010925
7.837,0.009534
7.838,0.008126
7.839,0.006223
7.84,0.003283
7.841,-0.000815
7.842,-0.005375
7.843,-0.009139
7.844,-0.011192
7.845,-0.011682
7.846,-0.011646
7.847,-0.012176
7.848,-0.013572
7.849,-0.015074
7.85,-0.015496
7.851,-0.014353
7.852,-0.012363
7.853,-0.010863
7.854,-0.010749
7.855,-0.011871
7.856,-0.013262
7.857,-0.013894
7.858,-0.013362
7.859,-0.012106
7.86,-0.011084
7.861,-0.011033
7.862,-0.011846
7.863,-0.012678
7.864,-0.012722
7.865,-0.0119
7.866,-0.010845
7.867,-0.010223
7.868,-0.010198
7.869,-0.010643
7.87,-0.011715
7.871,-0.013949
7.872,-0.017641
7.873,-0.021924
7.874,-0.024546
7.875,-0.023211
7.876,-0.017613
7.877,-0.010074
7.878,-0.004113
7.879,-0.002274
7.88,-0.004841
7.881,-0.010122
7.882,-0.015683
7.883,-0.019549
7.884,-0.020903
7.885,-0.020241
7.886,-0.018934
7.887,-0.018323
7.888,-0.01886
7.889,-0.019956
7.89,-0.020592
7.891,-0.020106
7.892,-0.018643
7.893,-0.017062
7.894,-0.016352
7.895,-0.016941
7.896,-0.018415
7.897,-0.019804
7.898,-0.020322
7.899,-0.020087
7.9,-0.020068
7.901,-0.021095
7.902,-0.022949
7.903,-0.024504
7.904,-0.024714
7.905,-0.0235
7.906,-0.021802
7.907,-0.0208
7.908,-0.020997
7.909,-0.021942
7.91,-0.022734
7.911,-0.022576
7.912,-0.020652
7.913,-0.015594
7.914,-0.005716
7.915,0.009323
7.916,0.026901
7.917,0.042654
7.918,0.054344
7.919,0.064076
7.92,0.075809
7.921,0.090529
7.922,0.103505
7.923,0.10624
7.924,0.092454
7.925,0.063494
7.926,0.028152
7.927,-0.002763
7.928,-0.02212
7.929,-0.028454
7.93,-0.024525
7.931,-0.014896
7.932,-0.004011
7.933,0.004893
7.934,0.010181
7.935,0.011891
7.936,0.011438
7.937,0.010751
7.938,0.011161
7.939,0.012685
7.94,0.014216
7.941,0.014614
7.942,0.013803
7.943,0.012822
7.944,0.012853
7.945,0.014287
7.946,0.016496
7.947,0.018247
7.948,0.018465
7.949,0.016923
7.95,0.014379
7.951,0.011982
7.952,0.010411
7.953,0.009409
7.954,0.008026
7.955,0.005399
7.956,0.00153
7.957,-0.002596
7.958,-0.005773
7.959,-0.007562
7.96,-0.008605
7.961,-0.009914
7.962,-0.011813
7.963,-0.013545
7.964,-0.013938
7.965,-0.012486
7.966,-0.009866
7.967,-0.007465
7.968,-0.006332
7.969,-0.006471
7.97,-0.007084
7.971,-0.007434
7.972,-0.007438
7.973,-0.007574
7.974,-0.008395
7.975,-0.010068
7.976,-0.012246
7.977,-0.014257
7.978,-0.015469
7.979,-0.015725
7.98,-0.015532
7.981,-0.01574
7.982,-0.016904
7.983,-0.018989
7.984,-0.021708
7.985,-0.024885
7.986,-0.028226
7.987,-0.030734
7.988,-0.030639
7.989,-0.026438
7.99,-0.01838
7.991,-0.008881
7.992,-0.001255
7.993,0.002123
7.994,0.000867
7.995,-0.003686
7.996,-0.009496
7.997,-0.014672
7.998,-0.017929
7.999,-0.018955
8.0,-0.018569
8.001,-0.01823
8.002,-0.019009
8.003,-0.020769
8.004,-0.022302
8.005,-0.02244
8.006,-0.021147
8.007,-0.019512
8.008,-0.018692
8.009,-0.018902
8.01,-0.019378
8.011,-0.019188
8.012,-0.018019
8.013,-0.01643
8.014,-0.015497
8.015,-0.01602
8.016,-0.017799
8.017,-0.019678
8.018,-0.020427
8.019,-0.019807
8.02,-0.018884
8.021,-0.019177
8.022,-0.021365
8.023,-0.024724
8.024,-0.027664
8.025,-0.028641
8.026,-0.026511
8.027,-0.020168
8.028,-0.008525
8.029,0.008164
8.03,0.026916
8.031,0.043401
8.032,0.055759
8.033,0.066483
8.034,0.07953
8.035,0.095264
8.036,0.108023
8.037,0.108931
8.038,0.092453
8.039,0.061343
8.04,0.025368
8.041,-0.004708
8.042,-0.022459
8.043,-0.027215
8.044,-0.022302
8.045,-0.012408
8.046,-0.001748
8.047,0.006691
8.048,0.01149
8.049,0.012993
8.05,0.012851
8.051,0.012858
8.052,0.013848
8.053,0.015431
8.054,0.016572
8.055,0.016526
8.056,0.015474
8.057,0.01438
8.058,0.014222
8.059,0.015167
8.06,0.016368
8.061,0.016593
8.062,0.01516
8.063,0.0124
8.064,0.009388
8.065,0.007156
8.066,0.005919
8.067,0.00496
8.068,0.003289
8.069,0.000555
8.07,-0.002572
8.071,-0.004897
8.072,-0.00571
8.073,-0.005404
8.074,-0.005181
8.075,-0.006081
8.076,-0.008097
8.077,-0.01011
8.078,-0.010732
8.079,-0.009428
8.08,-0.006992
8.081,-0.005033
8.082,-0.004874
8.083,-0.006651
8.084,-0.009318
8.085,-0.011539
8.086,-0.012671
8.087,-0.013057
8.088,-0.01348
8.089,-0.01439
8.09,-0.015564
8.091,-0.016275
8.092,-0.015815
8.093,-0.014051
8.094,-0.01161
8.095,-0.009523
8.096,-0.00862
8.097,-0.00921
8.098,-0.011259
8.099,-0.014699
8.1,-0.019318
8.101,-0.024136
8.102,-0.027085
8.103,-0.026138
8.104,-0.021188
8.105,-0.014533
8.106,-0.009391
8.107,-0.007896
8.108,-0.010104
8.109,-0.014435
8.11,-0.018862
8.111,-0.021802
8.112,-0.022489
8.113,-0.021208
8.114,-0.019205
8.115,-0.017862
8.116,-0.017677
8.117,-0.018028
8.118,-0.017868
8.119,-0.016649
8.12,-0.014807
8.121,-0.01352
8.122,-0.013867
8.123,-0.015998
8.124,-0.018969
8.125,-0.021418
8.126,-0.022586
8.127,-0.022811
8.128,-0.023074
8.129,-0.02406
8.13,-0.025522
8.131,-0.026414
8.132,-0.025656
8.133,-0.023019
8.134,-0.019507
8.135,-0.01679
8.136,-0.016059
8.137,-0.017215
8.138,-0.018956
8.139,-0.019585
8.14,-0.017696
8.141,-0.012117
8.142,-0.001895
8.143,0.012533
8.144,0.028166
8.145,0.041085
8.146,0.05033
8.147,0.059272
8.148,0.072069
8.149,0.088538
8.15,0.102159
8.151,0.103413
8.152,0.086748
8.153,0.055471
8.154,0.019927
8.155,-0.008988
8.156,-0.025096
8.157,-0.028028
8.158,-0.021366
8.159,-0.010165
8.16,0.000861
8.161,0.008476
8.162,0.011571
8.163,0.011067
8.164,0.009029
8.165,0.007459
8.166,0.00731
8.167,0.008234
8.168,0.009156
8.169,0.009209
8.17,0.008385
8.171,0.007535
8.172,0.007697
8.173,0.00923
8.174,0.011441
8.175,0.01303
8.176,0.012982
8.177,0.011231
8.178,0.008657
8.179,0.006337
8.18,0.004638
8.181,0.003016
8.182,0.000682
8.183,-0.002562
8.184,-0.006047
8.185,-0.008792
8.186,-0.010407
8.187,-0.011408
8.188,-0.012642
8.189,-0.014504
8.19,-0.016599
8.191,-0.017954
8.192,-0.017683
8.193,-0.015762
8.194,-0.013244
8.195,-0.011587
8.196,-0.011603
8.197,-0.01294
8.198,-0.014459
8.199,-0.015171
8.2,-0.014931
8.201,-0.014438
8.202,-0.014596
8.203,-0.01574
8.204,-0.017371
8.205,-0.018634
8.206,-0.019019
8.207,-0.018708
8.208,-0.018362
8.209,-0.018613
8.21,-0.019715
8.211,-0.021537
8.212,-0.023869
8.213,-0.026649
8.214,-0.029773
8.215,-0.032556
8.216,-0.03346
8.217,-0.030812
8.218,-0.024281
8.219,-0.015745
8.22,-0.008494
8.221,-0.00528
8.222,-0.006814
8.223,-0.011767
8.224,-0.017858
8.225,-0.023037
8.226,-0.02623
8.227,-0.027514
8.228,-0.027717
8.229,-0.027707
8.23,-0.027832
8.231,-0.02777
8.232,-0.026882
8.233,-0.024914
8.234,-0.022498
8.235,-0.020836
8.236,-0.020739
8.237,-0.021918
8.238,-0.023197
8.239,-0.023442
8.24,-0.022474
8.241,-0.02124
8.242,-0.02112
8.243,-0.022857
8.244,-0.02589
8.245,-0.028664
8.246,-0.029766
8.247,-0.028965
8.248,-0.027269
8.249,-0.026008
8.25,-0.025761
8.251,-0.026084
8.252,-0.026038
8.253,-0.024795
8.254,-0.021637
8.255,-0.015444
8.256,-0.004864
8.257,0.010049
8.258,0.026382
8.259,0.040011
8.26,0.049613
8.261,0.058249
8.262,0.070067
8.263,0.085258
8.264,0.097953
8.265,0.099154
8.266,0.083233
8.267,0.052816
8.268,0.01752
8.269,-0.011929
8.27,-0.028998
8.271,-0.032941
8.272,-0.027145
8.273,-0.016488
8.274,-0.005405
8.275,0.003032
8.276,0.007487
8.277,0.008408
8.278,0.007534
8.279,0.006772
8.28,0.007045
8.281,0.007881
8.282,0.008089
8.283,0.006938
8.284,0.004893
8.285,0.003362
8.286,0.003643
8.287,0.005864
8.288,0.008746
8.289,0.010442
8.29,0.009889
8.291,0.007589
8.292,0.005032
8.293,0.0032
8.294,0.001681
8.295,-0.000748
8.296,-0.004767
8.297,-0.009675
8.298,-0.013808
8.299,-0.015853
8.3,-0.015856
8.301,-0.015133
8.302,-0.015353
8.303,-0.017448
8.304,-0.020894
8.305,-0.023882
8.306,-0.024574
8.307,-0.022624
8.308,-0.019532
8.309,-0.017359
8.31,-0.016923
8.311,-0.017233
8.312,-0.016709
8.313,-0.014919
8.314,-0.013129
8.315,-0.013219
8.316,-0.015972
8.317,-0.020241
8.318,-0.023672
8.319,-0.024388
8.32,-0.022345
8.321,-0.019244
8.322,-0.017044
8.323,-0.016613
8.324,-0.017671
8.325,-0.019536
8.326,-0.021967
8.327,-0.025441
8.328,-0.030073
8.329,-0.034064
8.33,-0.034062
8.331,-0.027774
8.332,-0.016387
8.333,-0.004523
8.334,0.002415
8.335,0.001638
8.336,-0.005513
8.337,-0.014908
8.338,-0.022394
8.339,-0.025959
8.34,-0.026171
8.341,-0.024932
8.342,-0.023779
8.343,-0.023003
8.344,-0.021946
8.345,-0.019946
8.346,-0.017044
8.347,-0.014051
8.348,-0.012252
8.349,-0.012604
8.35,-0.014598
8.351,-0.016202
8.352,-0.015618
8.353,-0.013196
8.354,-0.01138
8.355,-0.012462
8.356,-0.016146
8.357,-0.019309
8.358,-0.018464
8.359,-0.012876
8.36,-0.00557
8.361,-0.001114
8.362,-0.001727
8.363,-0.005194
8.364,-0.00701
8.365,-0.004998
8.366,-0.001179
8.367,0.002152
8.368,0.00739
8.369,0.019611
8.37,0.038717
8.371,0.056678
8.372,0.065012
8.373,0.064325
8.374,0.065237
8.375,0.079237
8.376,0.107913
8.377,0.13978
8.378,0.156477
8.379,0.14482
8.38,0.107234
8.381,0.060752
8.382,0.024568
8.383,0.008043
8.384,0.008648
8.385,0.018812
8.386,0.032963
8.387,0.04773
8.388,0.059009
8.389,0.063301
8.39,0.061461
8.391,0.058446
8.392,0.059113
8.393,0.064897
8.394,0.07375
8.395,0.081985
8.396,0.085982
8.397,0.083677
8.398,0.076411
8.399,0.069359
8.4,0.068037
8.401,0.073265
8.402,0.080378
8.403,0.08357
8.404,0.080347
8.405,0.072652
8.406,0.064863
8.407,0.060323
8.408,0.059238
8.409,0.059533
8.41,0.059141
8.411,0.057745
8.412,0.056648
8.413,0.056775
8.414,0.05718
8.415,0.056169
8.416,0.053613
8.417,0.051519
8.418,0.052277
8.419,0.056473
8.42,0.062226
8.421,0.066444
8.422,0.066984
8.423,0.064186
8.424,0.060557
8.425,0.058674
8.426,0.059172
8.427,0.060675
8.428,0.061505
8.429,0.061225
8.43,0.060613
8.431,0.060523
8.432,0.061059
8.433,0.061579
8.434,0.061231
8.435,0.059543
8.436,0.056722
8.437,0.053441
8.438,0.050271
8.439,0.047406
8.44,0.04514
8.441,0.044459
8.442,0.046637
8.443,0.051882
8.444,0.058496
8.445,0.063561
8.446,0.064663
8.447,0.061333
8.448,0.055201
8.449,0.048766
8.45,0.043859
8.451,0.041
8.452,0.039764
8.453,0.039371
8.454,0.038961
8.455,0.03784
8.456,0.03588
8.457,0.033669
8.458,0.032098
8.459,0.031708
8.46,0.032319
8.461,0.033218
8.462,0.033694
8.463,0.033554
8.464,0.033244
8.465,0.033289
8.466,0.033543
8.467,0.033228
8.468,0.031861
8.469,0.029936
8.47,0.028576
8.471,0.02856
8.472,0.029648
8.473,0.03074
8.474,0.030637
8.475,0.028796
8.476,0.02563
8.477,0.022267
8.478,0.020084
8.479,0.020463
8.48,0.02484
8.481,0.034281
8.482,0.047846
8.483,0.061319
8.484,0.069604
8.485,0.072402
8.486,0.0767
8.487,0.091001
8.488,0.115671
8.489,0.139414
8.49,0.146478
8.491,0.128605
8.492,0.091071
8.493,0.04821
8.494,0.013679
8.495,-0.00606
8.496,-0.011846
8.497,-0.008337
8.498,-0.000644
8.499,0.007386
8.5,0.013478
8.501,0.01677
8.502,0.01771
8.503,0.017678
8.504,0.018055
8.505,0.01926
8.506,0.020545
8.507,0.02086
8.508,0.019966
8.509,0.018746
8.51,0.018534
8.511,0.020066
8.512,0.022861
8.513,0.025509
8.514,0.026554
8.515,0.025273
8.516,0.021967
8.517,0.017743
8.518,0.013853
8.519,0.010948
8.52,0.008828
8.521,0.006903
8.522,0.00483
8.523,0.002766
8.524,0.001084
8.525,-0.000102
8.526,-0.001084
8.527,-0.002225
8.528,-0.003557
8.529,-0.004706
8.53,-0.005144
8.531,-0.004553
8.532,-0.003127
8.533,-0.001599
8.534,-0.000905
8.535,-0.00164
8.536,-0.003693
8.537,-0.006334
8.538,-0.0087
8.539,-0.010322
8.54,-0.01129
8.541,-0.011989
8.542,-0.012703
8.543,-0.013431
8.544,-0.014025
8.545,-0.014409
8.546,-0.014643
8.547,-0.014801
8.548,-0.014839
8.549,-0.014562
8.55,-0.013696
8.551,-0.012103
8.552,-0.010119
8.553,-0.008823
8.554,-0.009744
8.555,-0.013853
8.556,-0.020389
8.557,-0.026468
8.558,-0.028463
8.559,-0.024728
8.56,-0.017131
8.561,-0.009678
8.562,-0.005691
8.563,-0.006046
8.564,-0.009476
8.565,-0.014075
8.566,-0.018481
8.567,-0.022008
8.568,-0.024256
8.569,-0.02501
8.57,-0.024478
8.571,-0.023368
8.572,-0.022481
8.573,-0.022218
8.574,-0.022564
8.575,-0.02343
8.576,-0.024794
8.577,-0.026514
8.578,-0.028182
8.579,-0.02927
8.58,-0.029381
8.581,-0.028471
8.582,-0.027037
8.583,-0.025944
8.584,-0.025808
8.585,-0.026489
8.586,-0.027252
8.587,-0.027403
8.588,-0.026725
8.589,-0.025504
8.59,-0.024373
8.591,-0.024026
8.592,-0.024802
8.593,-0.026383
8.594,-0.027823
8.595,-0.027669
8.596,-0.023986
8.597,-0.014842
8.598,-1e-05
8.599,0.017421
8.6,0.032541
8.601,0.043119
8.602,0.052175
8.603,0.064806
8.604,0.082021
8.605,0.097682
8.606,0.101587
8.607,0.086862
8.608,0.055794
8.609,0.018876
8.61,-0.011865
8.611,-0.029392
8.612,-0.033549
8.613,-0.028621
8.614,-0.019818
8.615,-0.011122
8.616,-0.004743
8.617,-0.001316
8.618,-0.000307
8.619,-0.000524
8.62,-0.000753
8.621,-0.000342
8.622,0.000556
8.623,0.001283
8.624,0.001356
8.625,0.00094
8.626,0.000703
8.627,0.001236
8.628,0.002607
8.629,0.00432
8.63,0.005614
8.631,0.00589
8.632,0.004992
8.633,0.0032
8.634,0.000979
8.635,-0.00136
8.636,-0.003812
8.637,-0.006482
8.638,-0.009347
8.639,-0.012248
8.64,-0.014955
8.641,-0.017142
8.642,-0.018515
8.643,-0.019102
8.644,-0.019318
8.645,-0.019652
8.646,-0.020309
8.647,-0.021087
8.648,-0.021487
8.649,-0.021056
8.65,-0.01984
8.651,-0.018476
8.652,-0.017701
8.653,-0.017804
8.654,-0.018612
8.655,-0.01982
8.656,-0.02118
8.657,-0.022492
8.658,-0.023607
8.659,-0.024516
8.66,-0.025315
8.661,-0.026044
8.662,-0.026643
8.663,-0.027073
8.664,-0.027335
8.665,-0.027361
8.666,-0.027066
8.667,-0.026674
8.668,-0.026865
8.669,-0.028427
8.67,-0.031612
8.671,-0.035501
8.672,-0.037885
8.673,-0.036328
8.674,-0.030055
8.675,-0.020948
8.676,-0.012589
8.677,-0.008147
8.678,-0.008743
8.679,-0.013307
8.68,-0.019596
8.681,-0.025403
8.682,-0.029316
8.683,-0.03097
8.684,-0.030908
8.685,-0.030183
8.686,-0.029736
8.687,-0.029786
8.688,-0.029751
8.689,-0.028889
8.69,-0.027112
8.691,-0.025205
8.692,-0.024274
8.693,-0.024874
8.694,-0.026551
8.695,-0.028189
8.696,-0.028949
8.697,-0.028943
8.698,-0.028989
8.699,-0.029741
8.7,-0.0311
8.701,-0.032402
8.702,-0.033089
8.703,-0.033163
8.704,-0.033072
8.705,-0.033297
8.706,-0.034014
8.707,-0.034925
8.708,-0.035381
8.709,-0.034679
8.71,-0.032083
8.711,-0.026468
8.712,-0.016321
8.713,-0.001032
8.714,0.017245
8.715,0.033977
8.716,0.045951
8.717,0.054498
8.718,0.06397
8.719,0.076634
8.72,0.088868
8.721,0.092266
8.722,0.079654
8.723,0.051452
8.724,0.016356
8.725,-0.014286
8.726,-0.032944
8.727,-0.038295
8.728,-0.033494
8.729,-0.023256
8.73,-0.01191
8.731,-0.002607
8.732,0.003049
8.733,0.00514
8.734,0.005062
8.735,0.004566
8.736,0.004743
8.737,0.005593
8.738,0.006359
8.739,0.006252
8.74,0.005071
8.741,0.003379
8.742,0.002155
8.743,0.002087
8.744,0.003003
8.745,0.00398
8.746,0.00403
8.747,0.002833
8.748,0.000951
8.749,-0.000664
8.75,-0.001467
8.751,-0.001771
8.752,-0.00248
8.753,-0.004273
8.754,-0.007004
8.755,-0.009891
8.756,-0.012218
8.757,-0.013889
8.758,-0.015376
8.759,-0.01719
8.76,-0.019325
8.761,-0.021174
8.762,-0.02198
8.763,-0.021332
8.764,-0.019375
8.765,-0.016839
8.766,-0.014804
8.767,-0.014081
8.768,-0.01467
8.769,-0.015845
8.77,-0.016843
8.771,-0.017433
8.772,-0.017896
8.773,-0.018661
8.774,-0.019981
8.775,-0.02174
8.776,-0.023452
8.777,-0.024524
8.778,-0.02462
8.779,-0.02382
8.78,-0.022495
8.781,-0.02116
8.782,-0.020486
8.783,-0.021235
8.784,-0.023886
8.785,-0.028007
8.786,-0.031827
8.787,-0.032775
8.788,-0.029194
8.789,-0.021845
8.79,-0.013674
8.791,-0.007955
8.792,-0.006395
8.793,-0.008622
8.794,-0.013029
8.795,-0.017815
8.796,-0.021574
8.797,-0.023601
8.798,-0.024057
8.799,-0.023821
8.8,-0.023937
8.801,-0.024874
8.802,-0.026163
8.803,-0.026758
8.804,-0.025912
8.805,-0.023885
8.806,-0.021897
8.807,-0.021259
8.808,-0.022269
8.809,-0.023926
8.81,-0.024882
8.811,-0.024698
8.812,-0.024086
8.813,-0.02402
8.814,-0.024811
8.815,-0.026011
8.816,-0.026947
8.817,-0.027246
8.818,-0.027047
8.819,-0.026879
8.82,-0.027261
8.821,-0.028265
8.822,-0.029428
8.823,-0.030028
8.824,-0.029291
8.825,-0.026131
8.826,-0.018825
8.827,-0.005778
8.828,0.012342
8.829,0.031495
8.83,0.046869
8.831,0.05718
8.832,0.065532
8.833,0.075567
8.834,0.086806
8.835,0.093413
8.836,0.087824
8.837,0.067003
8.838,0.035741
8.839,0.003852
8.84,-0.01965
8.841,-0.030581
8.842,-0.030017
8.843,-0.022167
8.844,-0.011703
8.845,-0.002138
8.846,0.004505
8.847,0.007509
8.848,0.007366
8.849,0.005527
8.85,0.003656
8.851,0.002708
8.852,0.00254
8.853,0.002395
8.854,0.001777
8.855,0.000943
8.856,0.000645
8.857,0.001493
8.858,0.003466
8.859,0.005864
8.86,0.007686
8.861,0.008197
8.862,0.007334
8.863,0.005648
8.864,0.003843
8.865,0.002218
8.866,0.000429
8.867,-0.002119
8.868,-0.005577
8.869,-0.009417
8.87,-0.012846
8.871,-0.015419
8.872,-0.017273
8.873,-0.018875
8.874,-0.020557
8.875,-0.022173
8.876,-0.023128
8.877,-0.02281
8.878,-0.021074
8.879,-0.018464
8.88,-0.01598
8.881,-0.014449
8.882,-0.014
8.883,-0.01412
8.884,-0.014191
8.885,-0.013999
8.886,-0.013885
8.887,-0.014466
8.888,-0.016084
8.889,-0.018414
8.89,-0.020642
8.891,-0.022074
8.892,-0.022586
8.893,-0.022502
8.894,-0.022181
8.895,-0.021798
8.896,-0.021571
8.897,-0.022081
8.898,-0.024086
8.899,-0.027805
8.9,-0.032302
8.901,-0.035449
8.902,-0.034841
8.903,-0.029538
8.904,-0.021153
8.905,-0.013032
8.906,-0.008236
8.907,-0.007946
8.908,-0.011224
8.909,-0.016024
8.91,-0.020475
8.911,-0.023503
8.912,-0.024845
8.913,-0.024894
8.914,-0.024448
8.915,-0.024241
8.916,-0.024441
8.917,-0.024566
8.918,-0.023997
8.919,-0.02267
8.92,-0.02125
8.921,-0.020621
8.922,-0.021149
8.923,-0.022365
8.924,-0.023335
8.925,-0.02345
8.926,-0.022982
8.927,-0.02285
8.928,-0.023774
8.929,-0.025668
8.93,-0.027689
8.931,-0.02883
8.932,-0.028596
8.933,-0.027271
8.934,-0.025671
8.935,-0.024703
8.936,-0.024924
8.937,-0.026144
8.938,-0.027335
8.939,-0.027016
8.94,-0.023595
8.941,-0.015528
8.942,-0.002216
8.943,0.014481
8.944,0.030449
8.945,0.042423
8.946,0.050989
8.947,0.059776
8.948,0.071354
8.949,0.083519
8.95,0.089226
8.951,0.081107
8.952,0.057584
8.953,0.025047
8.954,-0.005939
8.955,-0.02674
8.956,-0.034303
8.957,-0.030853
8.958,-0.021298
8.959,-0.010503
8.96,-0.001721
8.961,0.003597
8.962,0.005366
8.963,0.004527
8.964,0.002603
8.965,0.000892
8.966,-0.000205
8.967,-0.001102
8.968,-0.002275
8.969,-0.00361
8.97,-0.004416
8.971,-0.003951
8.972,-0.001972
8.973,0.000999
8.974,0.003854
8.975,0.005409
8.976,0.005047
8.977,0.003141
8.978,0.000783
8.979,-0.001127
8.98,-0.002587
8.981,-0.00431
8.982,-0.006999
8.983,-0.010728
8.984,-0.014779
8.985,-0.018076
8.986,-0.020013
8.987,-0.020864
8.988,-0.021359
8.989,-0.021972
8.99,-0.022626
8.991,-0.022841
8.992,-0.022153
8.993,-0.020602
8.994,-0.018919
8.995,-0.01808
8.996,-0.018563
8.997,-0.019943
8.998,-0.021181
8.999,-0.021423
9.0,-0.020673
9.001,-0.019741
9.002,-0.019553
9.003,-0.02042
9.004,-0.021851
9.005,-0.022967
9.006,-0.023206
9.007,-0.022753
9.008,-0.022255
9.009,-0.022193
9.01,-0.02263
9.011,-0.023494
9.012,-0.024979
9.013,-0.027497
9.014,-0.031055
9.015,-0.034574
9.016,-0.03599
9.017,-0.03349
9.018,-0.027005
9.019,-0.018657
9.02,-0.011753
9.021,-0.008899
9.022,-0.010549
9.023,-0.015131
9.024,-0.02035
9.025,-0.024371
9.026,-0.026342
9.027,-0.026417
9.028,-0.025529
9.029,-0.024865
9.03,-0.025108
9.031,-0.025911
9.032,-0.026215
9.033,-0.025193
9.034,-0.022958
9.035,-0.020546
9.036,-0.019184
9.037,-0.019324
9.038,-0.020355
9.039,-0.021267
9.04,-0.021556
9.041,-0.02152
9.042,-0.021883
9.043,-0.023143
9.044,-0.025059
9.045,-0.026714
9.046,-0.027243
9.047,-0.026505
9.048,-0.02508
9.049,-0.023776
9.05,-0.023037
9.051,-0.022686
9.052,-0.02216
9.053,-0.020773
9.054,-0.017552
9.055,-0.010896
9.056,0.000846
9.057,0.01746
9.058,0.035549
9.059,0.050499
9.06,0.060628
9.061,0.068842
9.062,0.0794
9.063,0.092795
9.064,0.103477
9.065,0.102788
9.066,0.085507
9.067,0.054688
9.068,0.020294
9.069,-0.00701
9.07,-0.02143
9.071,-0.023359
9.072,-0.017005
9.073,-0.007151
9.074,0.002649
9.075,0.01027
9.076,0.014779
9.077,0.016407
9.078,0.016344
9.079,0.016028
9.08,0.016271
9.081,0.016923
9.082,0.017238
9.083,0.016609
9.084,0.015178
9.085,0.01385
9.086,0.013645
9.087,0.014879
9.088,0.016865
9.089,0.018388
9.09,0.018554
9.091,0.017347
9.092,0.015488
9.093,0.013837
9.094,0.012822
9.095,0.01213
9.096,0.010834
9.097,0.008095
9.098,0.003998
9.099,-0.000382
9.1,-0.003865
9.101,-0.006097
9.102,-0.007546
9.103,-0.008789
9.104,-0.009919
9.105,-0.010562
9.106,-0.010312
9.107,-0.009165
9.108,-0.007557
9.109,-0.006072
9.11,-0.005158
9.111,-0.004957
9.112,-0.005257
9.113,-0.005682
9.114,-0.006052
9.115,-0.006579
9.116,-0.007714
9.117,-0.009666
9.118,-0.012045
9.119,-0.014053
9.12,-0.015071
9.121,-0.015089
9.122,-0.014655
9.123,-0.014399
9.124,-0.014492
9.125,-0.014665
9.126,-0.014879
9.127,-0.015796
9.128,-0.018223
9.129,-0.022001
9.13,-0.025478
9.131,-0.0263
9.132,-0.023158
9.133,-0.017042
9.134,-0.010767
9.135,-0.007233
9.136,-0.0078
9.137,-0.011817
9.138,-0.017356
9.139,-0.022366
9.14,-0.025466
9.141,-0.02627
9.142,-0.025415
9.143,-0.024171
9.144,-0.023576
9.145,-0.023746
9.146,-0.023991
9.147,-0.023541
9.148,-0.022156
9.149,-0.020306
9.15,-0.018881
9.151,-0.01852
9.152,-0.019049
9.153,-0.019628
9.154,-0.019561
9.155,-0.019006
9.156,-0.01886
9.157,-0.019978
9.158,-0.022452
9.159,-0.025475
9.16,-0.027871
9.161,-0.028941
9.162,-0.028945
9.163,-0.028761
9.164,-0.029024
9.165,-0.029547
9.166,-0.029585
9.167,-0.028463
9.168,-0.025717
9.169,-0.020545
9.17,-0.011477
9.171,0.002516
9.172,0.01992
9.173,0.036579
9.174,0.049101
9.175,0.058236
9.176,0.067857
9.177,0.080377
9.178,0.093021
9.179,0.098205
9.18,0.088524
9.181,0.062957
9.182,0.028594
9.183,-0.003694
9.184,-0.025392
9.185,-0.033659
9.186,-0.030806
9.187,-0.021597
9.188,-0.010632
9.189,-0.00108
9.19,0.005455
9.191,0.008739
9.192,0.00965
9.193,0.009663
9.194,0.010022
9.195,0.011013
9.196,0.01193
9.197,0.011815
9.198,0.010407
9.199,0.008484
9.2,0.007288
9.201,0.007521
9.202,0.008789
9.203,0.009916
9.204,0.009769
9.205,0.007967
9.206,0.005075
9.207,0.002203
9.208,0.000205
9.209,-0.000924
9.21,-0.001932
9.211,-0.003587
9.212,-0.006
9.213,-0.008481
9.214,-0.010083
9.215,-0.010473
9.216,-0.01031
9.217,-0.010669
9.218,-0.012088
9.219,-0.01413
9.22,-0.015763
9.221,-0.016132
9.222,-0.01513
9.223,-0.013472
9.224,-0.012155
9.225,-0.011789
9.226,-0.012348
9.227,-0.013311
9.228,-0.014051
9.229,-0.014337
9.23,-0.014567
9.231,-0.015404
9.232,-0.017056
9.233,-0.018937
9.234,-0.020101
9.235,-0.020083
9.236,-0.019266
9.237,-0.018386
9.238,-0.01779
9.239,-0.017311
9.24,-0.016904
9.241,-0.017264
9.242,-0.019499
9.243,-0.02384
9.244,-0.028576
9.245,-0.030698
9.246,-0.028119
9.247,-0.02142
9.248,-0.013529
9.249,-0.007882
9.25,-0.006529
9.251,-0.009284
9.252,-0.014281
9.253,-0.019278
9.254,-0.02271
9.255,-0.024089
9.256,-0.023953
9.257,-0.02343
9.258,-0.023459
9.259,-0.024121
9.26,-0.024656
9.261,-0.024123
9.262,-0.022259
9.263,-0.019836
9.264,-0.018081
9.265,-0.017739
9.266,-0.018701
9.267,-0.020269
9.268,-0.021588
9.269,-0.022172
9.27,-0.022313
9.271,-0.022821
9.272,-0.024216
9.273,-0.026119
9.274,-0.027483
9.275,-0.027473
9.276,-0.02625
9.277,-0.024904
9.278,-0.024562
9.279,-0.025458
9.28,-0.026755
9.281,-0.027178
9.282,-0.025634
9.283,-0.021065
9.284,-0.012055
9.285,0.002349
9.286,0.020609
9.287,0.038315
9.288,0.051498
9.289,0.060508
9.29,0.069527
9.291,0.081802
9.292,0.095345
9.293,0.102801
9.294,0.096093
9.295,0.072877
9.296,0.039228
9.297,0.006051
9.298,-0.017314
9.299,-0.027189
9.3,-0.025393
9.301,-0.01651
9.302,-0.005261
9.303,0.00487
9.304,0.012011
9.305,0.015739
9.306,0.01673
9.307,0.016287
9.308,0.0157
9.309,0.015585
9.31,0.015637
9.311,0.01508
9.312,0.013492
9.313,0.011332
9.314,0.009712
9.315,0.00952
9.316,0.010624
9.317,0.011954
9.318,0.012408
9.319,0.011701
9.32,0.01044
9.321,0.009475
9.322,0.009162
9.323,0.009103
9.324,0.008456
9.325,0.006537
9.326,0.003332
9.327,-0.0004
9.328,-0.00361
9.329,-0.005737
9.33,-0.007071
9.331,-0.008372
9.332,-0.010195
9.333,-0.012416
9.334,-0.014216
9.335,-0.014573
9.336,-0.013062
9.337,-0.010354
9.338,-0.00784
9.339,-0.006611
9.34,-0.006768
9.341,-0.007608
9.342,-0.008271
9.343,-0.008313
9.344,-0.007922
9.345,-0.007711
9.346,-0.008238
9.347,-0.009523
9.348,-0.010971
9.349,-0.011912
9.35,-0.012246
9.351,-0.012477
9.352,-0.013119
9.353,-0.014181
9.354,-0.015347
9.355,-0.016637
9.356,-0.018687
9.357,-0.022089
9.358,-0.026304
9.359,-0.029241
9.36,-0.028353
9.361,-0.022689
9.362,-0.01401
9.363,-0.005862
9.364,-0.001431
9.365,-0.001849
9.366,-0.006035
9.367,-0.011791
9.368,-0.016992
9.369,-0.02026
9.37,-0.021273
9.371,-0.020759
9.372,-0.019954
9.373,-0.019712
9.374,-0.019957
9.375,-0.019891
9.376,-0.018791
9.377,-0.016756
9.378,-0.014736
9.379,-0.013775
9.38,-0.014139
9.381,-0.015132
9.382,-0.015752
9.383,-0.015574
9.384,-0.015076
9.385,-0.015247
9.386,-0.016796
9.387,-0.019469
9.388,-0.022049
9.389,-0.023224
9.39,-0.022657
9.391,-0.021268
9.392,-0.020445
9.393,-0.020898
9.394,-0.022176
9.395,-0.023199
9.396,-0.023014
9.397,-0.020793
9.398,-0.015256
9.399,-0.004803
9.4,0.010823
9.401,0.028836
9.402,0.044579
9.403,0.055552
9.404,0.063951
9.405,0.074279
9.406,0.088074
9.407,0.10076
9.408,0.103684
9.409,0.090331
9.41,0.061848
9.411,0.026915
9.412,-0.003671
9.413,-0.022741
9.414,-0.028824
9.415,-0.024768
9.416,-0.015231
9.417,-0.004579
9.418,0.004181
9.419,0.009618
9.42,0.011784
9.421,0.01191
9.422,0.011636
9.423,0.011986
9.424,0.012814
9.425,0.013183
9.426,0.012331
9.427,0.010476
9.428,0.008827
9.429,0.008683
9.43,0.010337
9.431,0.012804
9.432,0.01458
9.433,0.014756
9.434,0.013554
9.435,0.011941
9.436,0.010704
9.437,0.009812
9.438,0.008557
9.439,0.006222
9.44,0.002728
9.441,-0.001198
9.442,-0.004497
9.443,-0.006542
9.444,-0.00756
9.445,-0.008433
9.446,-0.010073
9.447,-0.012713
9.448,-0.015582
9.449,-0.017354
9.45,-0.017176
9.451,-0.015407
9.452,-0.013373
9.453,-0.012351
9.454,-0.012613
9.455,-0.013331
9.456,-0.01341
9.457,-0.012508
9.458,-0.011334
9.459,-0.010984
9.46,-0.011932
9.461,-0.01361
9.462,-0.014965
9.463,-0.015409
9.464,-0.015215
9.465,-0.015109
9.466,-0.015617
9.467,-0.01675
9.468,-0.01824
9.469,-0.020051
9.47,-0.02255
9.471,-0.025923
9.472,-0.029242
9.473,-0.030375
9.474,-0.027449
9.475,-0.020596
9.476,-0.01224
9.477,-0.005712
9.478,-0.003344
9.479,-0.005424
9.48,-0.010516
9.481,-0.016468
9.482,-0.02128
9.483,-0.023728
9.484,-0.023739
9.485,-0.022375
9.486,-0.021226
9.487,-0.021324
9.488,-0.022345
9.489,-0.022975
9.49,-0.022207
9.491,-0.020307
9.492,-0.01855
9.493,-0.018088
9.494,-0.019014
9.495,-0.020395
9.496,-0.021122
9.497,-0.020772
9.498,-0.019915
9.499,-0.019672
9.5,-0.020761
9.501,-0.022767
9.502,-0.024415
9.503,-0.024663
9.504,-0.023554
9.505,-0.022162
9.506,-0.021839
9.507,-0.023223
9.508,-0.025671
9.509,-0.027619
9.51,-0.027452
9.511,-0.023907
9.512,-0.015864
9.513,-0.002729
9.514,0.014065
9.515,0.030531
9.516,0.042803
9.517,0.051036
9.518,0.05966
9.519,0.072787
9.52,0.089073
9.521,0.100769
9.522,0.098351
9.523,0.077801
9.524,0.044359
9.525,0.009168
9.526,-0.01772
9.527,-0.031799
9.528,-0.033942
9.529,-0.027906
9.53,-0.018061
9.531,-0.00806
9.532,-0.000281
9.533,0.004317
9.534,0.006148
9.535,0.006597
9.536,0.007083
9.537,0.008153
9.538,0.009354
9.539,0.00982
9.54,0.009012
9.541,0.007201
9.542,0.005414
9.543,0.004734
9.544,0.005441
9.545,0.006732
9.546,0.007275
9.547,0.006224
9.548,0.003877
9.549,0.0014
9.55,-0.000124
9.551,-0.000538
9.552,-0.000666
9.553,-0.001506
9.554,-0.003321
9.555,-0.005477
9.556,-0.007081
9.557,-0.007748
9.558,-0.007942
9.559,-0.008641
9.56,-0.010547
9.561,-0.013497
9.562,-0.016519
9.563,-0.018465
9.564,-0.018803
9.565,-0.018009
9.566,-0.017236
9.567,-0.017405
9.568,-0.018429
9.569,-0.01931
9.57,-0.01908
9.571,-0.017728
9.572,-0.016241
9.573,-0.015747
9.574,-0.016586
9.575,-0.018115
9.576,-0.019308
9.577,-0.019552
9.578,-0.019006
9.579,-0.018383
9.58,-0.018424
9.581,-0.019454
9.582,-0.02138
9.583,-0.024097
9.584,-0.027728
9.585,-0.032236
9.586,-0.036682
9.587,-0.038974
9.588,-0.036928
9.589,-0.030101
9.59,-0.020661
9.591,-0.012322
9.592,-0.008151
9.593,-0.008996
9.594,-0.013525
9.595,-0.019361
9.596,-0.024317
9.597,-0.027207
9.598,-0.028067
9.599,-0.027785
9.6,-0.02737
9.601,-0.027293
9.602,-0.02727
9.603,-0.02659
9.604,-0.024814
9.605,-0.022367
9.606,-0.020476
9.607,-0.020277
9.608,-0.021758
9.609,-0.02364
9.61,-0.024435
9.611,-0.023684
9.612,-0.022213
9.613,-0.021371
9.614,-0.022029
9.615,-0.023995
9.616,-0.026185
9.617,-0.027455
9.618,-0.027431
9.619,-0.026695
9.62,-0.026267
9.621,-0.026844
9.622,-0.028303
9.623,-0.029828
9.624,-0.030349
9.625,-0.028646
9.626,-0.023146
9.627,-0.01231
9.628,0.003741
9.629,0.021852
9.63,0.037434
9.631,0.048599
9.632,0.058126
9.633,0.070296
9.634,0.085607
9.635,0.098416
9.636,0.099766
9.637,0.083847
9.638,0.053063
9.639,0.017005
9.64,-0.013464
9.641,-0.031626
9.642,-0.036512
9.643,-0.03131
9.644,-0.020834
9.645,-0.009653
9.646,-0.001029
9.647,0.003718
9.648,0.005251
9.649,0.005398
9.65,0.005852
9.651,0.007205
9.652,0.008896
9.653,0.00988
9.654,0.009456
9.655,0.007807
9.656,0.00599
9.657,0.005211
9.658,0.005849
9.659,0.007111
9.66,0.007665
9.661,0.006672
9.662,0.004359
9.663,0.001741
9.664,-0.000179
9.665,-0.001147
9.666,-0.001815
9.667,-0.003124
9.668,-0.005386
9.669,-0.007943
9.67,-0.009776
9.671,-0.010429
9.672,-0.010414
9.673,-0.010867
9.674,-0.012671
9.675,-0.015614
9.676,-0.018419
9.677,-0.019718
9.678,-0.019127
9.679,-0.017464
9.68,-0.015984
9.681,-0.015454
9.682,-0.015787
9.683,-0.016301
9.684,-0.016354
9.685,-0.015947
9.686,-0.015813
9.687,-0.016739
9.688,-0.018703
9.689,-0.020781
9.69,-0.021919
9.691,-0.021772
9.692,-0.020936
9.693,-0.02053
9.694,-0.021475
9.695,-0.023979
9.696,-0.02762
9.697,-0.031846
9.698,-0.03636
9.699,-0.040908
9.7,-0.044548
9.701,-0.045408
9.702,-0.041808
9.703,-0.033873
9.704,-0.023992
9.705,-0.015681
9.706,-0.011747
9.707,-0.012963
9.708,-0.018013
9.709,-0.024479
9.71,-0.030024
9.711,-0.033205
9.712,-0.033898
9.713,-0.033249
9.714,-0.032821
9.715,-0.033357
9.716,-0.034207
9.717,-0.034018
9.718,-0.032167
9.719,-0.029536
9.72,-0.02779
9.721,-0.02782
9.722,-0.028884
9.723,-0.029256
9.724,-0.027785
9.725,-0.025037
9.726,-0.023107
9.727,-0.024081
9.728,-0.027993
9.729,-0.032199
9.73,-0.033412
9.731,-0.030611
9.732,-0.025895
9.733,-0.022829
9.734,-0.023901
9.735,-0.028666
9.736,-0.033795
9.737,-0.035572
9.738,-0.032743
9.739,-0.026582
9.74,-0.018376
9.741,-0.007986
9.742,0.004591
9.743,0.017324
9.744,0.027447
9.745,0.034994
9.746,0.043799
9.747,0.058061
9.748,0.077741
9.749,0.09629
9.75,0.102698
9.751,0.088576
9.752,0.055697
9.753,0.015966
9.754,-0.01688
9.755,-0.035345
9.756,-0.039283
9.757,-0.032365
9.758,-0.019435
9.759,-0.005617
9.76,0.004693
9.761,0.009302
9.762,0.009454
9.763,0.009441
9.764,0.013283
9.765,0.020743
9.766,0.027617
9.767,0.030325
9.768,0.029013
9.769,0.026177
9.77,0.024071
9.771,0.024013
9.772,0.026617
9.773,0.031425
9.774,0.036982
9.775,0.042061
9.776,0.046116
9.777,0.048095
9.778,0.046361
9.779,0.041107
9.78,0.035834
9.781,0.034534
9.782,0.037076
9.783,0.038677
9.784,0.03511
9.785,0.027972
9.786,0.023455
9.787,0.025632
9.788,0.032117
9.789,0.036975
9.79,0.036827
9.791,0.033493
9.792,0.03186
9.793,0.035788
9.794,0.045228
9.795,0.056618
9.796,0.065503
9.797,0.068395
9.798,0.063496
9.799,0.052007
9.8,0.039111
9.801,0.031683
9.802,0.033531
9.803,0.043088
9.804,0.055425
9.805,0.065521
9.806,0.070413
9.807,0.069989
9.808,0.066114
9.809,0.060754
9.81,0.054963
9.811,0.049478
9.812,0.045658
9.813,0.045321
9.814,0.049517
9.815,0.057575
9.816,0.067134
9.817,0.074959
9.818,0.078376
9.819,0.076645
9.82,0.071125
9.821,0.064293
9.822,0.058634
9.823,0.055847
9.824,0.056224
9.825,0.058361
9.826,0.059859
9.827,0.058995
9.828,0.056062
9.829,0.053089
9.83,0.052178
9.831,0.053847
9.832,0.056799
9.833,0.059298
9.834,0.060806
9.835,0.062152
9.836,0.064228
9.837,0.066761
9.838,0.068385
9.839,0.067758
9.84,0.064658
9.841,0.060305
9.842,0.056644
9.843,0.054946
9.844,0.054845
9.845,0.054664
9.846,0.05276
9.847,0.048777
9.848,0.043939
9.849,0.040381
9.85,0.040223
9.851,0.045061
9.852,0.055562
9.853,0.070122
9.854,0.083498
9.855,0.08905
9.856,0.085572
9.857,0.081979
9.858,0.091674
9.859,0.119384
9.86,0.153727
9.861,0.174061
9.862,0.165813
9.863,0.130642
9.864,0.083743
9.865,0.042527
9.866,0.016936
9.867,0.007593
9.868,0.009835
9.869,0.01821
9.87,0.028526
9.871,0.037881
9.872,0.044363
9.873,0.047311
9.874,0.047629
9.875,0.04724
9.876,0.047761
9.877,0.049467
9.878,0.051315
9.879,0.0519
9.88,0.05065
9.881,0.048309
9.882,0.046295
9.883,0.045521
9.884,0.0457
9.885,0.045593
9.886,0.043943
9.887,0.040403
9.888,0.035826
9.889,0.031677
9.89,0.028979
9.891,0.027659
9.892,0.026865
9.893,0.025889
9.894,0.024726
9.895,0.023796
9.896,0.023282
9.897,0.022833
9.898,0.021786
9.899,0.019665
9.9,0.016613
9.901,0.013439
9.902,0.011178
9.903,0.010409
9.904,0.010829
9.905,0.011397
9.906,0.011
9.907,0.009215
9.908,0.006599
9.909,0.004258
9.91,0.003005
9.911,0.002805
9.912,0.002913
9.913,0.002538
9.914,0.00151
9.915,0.000402
9.916,-5.8e-05
9.917,0.000291
9.918,0.000914
9.919,0.001098
9.92,0.000618
9.921,2.5e-05
9.922,0.000226
9.923,0.001489
9.924,0.002765
9.925,0.002261
9.926,-0.000868
9.927,-0.005146
9.928,-0.007417
9.929,-0.005424
9.93,0.000157
9.931,0.006112
9.932,0.008952
9.933,0.007186
9.934,0.002005
9.935,-0.003971
9.936,-0.008621
9.937,-0.011284
9.938,-0.012417
9.939,-0.012813
9.94,-0.013088
9.941,-0.01347
9.942,-0.013802
9.943,-0.01379
9.944,-0.013375
9.945,-0.012916
9.946,-0.01301
9.947,-0.014054
9.948,-0.015848
9.949,-0.01765
9.95,-0.018713
9.951,-0.018855
9.952,-0.018573
9.953,-0.018608
9.954,-0.01929
9.955,-0.02028
9.956,-0.020902
9.957,-0.020718
9.958,-0.019874
9.959,-0.019027
9.96,-0.01888
9.961,-0.019676
9.962,-0.020976
9.963,-0.021957
9.964,-0.021817
9.965,-0.019741
9.966,-0.014446
9.967,-0.0044
9.968,0.010432
9.969,0.026774
9.97,0.039567
9.971,0.046944
9.972,0.053113
9.973,0.064605
9.974,0.082955
9.975,0.101029
9.976,0.106885
9.977,0.092606
9.978,0.060699
9.979,0.022478
9.98,-0.009388
9.981,-0.027379
9.982,-0.0309
9.983,-0.024155
9.984,-0.012808
9.985,-0.001555
9.986,0.006745
9.987,0.011114
9.988,0.012248
9.989,0.011836
9.99,0.011467
9.991,0.011766
9.992,0.012288
9.993,0.012159
9.994,0.010984
9.995,0.009304
9.996,0.008165
9.997,0.008259
9.998,0.009448
9.999,0.01098
10.0,0.012065
10.001,0.012331
10.002,0.011882
10.003,0.011025
10.004,0.009936
10.005,0.008545
10.006,0.006669
10.007,0.004212
10.008,0.001304
10.009,-0.001706
10.01,-0.004399
10.011,-0.006484
10.012,-0.00797
10.013,-0.009159
10.014,-0.010348
10.015,-0.011513
10.016,-0.01234
10.017,-0.0125
10.018,-0.011898
10.019,-0.010789
10.02,-0.00969
10.021,-0.009042
10.022,-0.008945
10.023,-0.00916
10.024,-0.009378
10.025,-0.009526
10.026,-0.009872
10.027,-0.010756
10.028,-0.012172
10.029,-0.013737
10.03,-0.015078
10.031,-0.016136
10.032,-0.017021
10.033,-0.017632
10.034,-0.017586
10.035,-0.016591
10.036,-0.014805
10.037,-0.012829
10.038,-0.011554
10.039,-0.012003
10.04,-0.014949
10.041,-0.020285
10.042,-0.026521
10.043,-0.030962
10.044,-0.030973
10.045,-0.025832
10.046,-0.017583
10.047,-0.009893
10.048,-0.00575
10.049,-0.005888
10.05,-0.008998
10.051,-0.0131
10.052,-0.016727
10.053,-0.019199
10.054,-0.020346
10.055,-0.020337
10.056,-0.01968
10.057,-0.019041
10.058,-0.018827
10.059,-0.018972
10.06,-0.019152
10.061,-0.019197
10.062,-0.01929
10.063,-0.019781
10.064,-0.02081
10.065,-0.022122
10.066,-0.023255
10.067,-0.023887
10.068,-0.024034
10.069,-0.023992
10.07,-0.02403
10.071,-0.024066
10.072,-0.023722
10.073,-0.022704
10.074,-0.021079
10.075,-0.019268
10.076,-0.017859
10.077,-0.017276
10.078,-0.01746
10.079,-0.017845
10.08,-0.017639
10.081,-0.015825
10.082,-0.01078
10.083,-0.000693
10.084,0.014525
10.085,0.031653
10.086,0.045813
10.087,0.054848
10.088,0.061744
10.089,0.071658
10.09,0.086082
10.091,0.09961
10.092,0.102536
10.093,0.088035
10.094,0.058228
10.095,0.023429
10.096,-0.004671
10.097,-0.019518
10.098,-0.021332
10.099,-0.01459
10.1,-0.004561
10.101,0.004861
10.102,0.011685
10.103,0.01547
10.104,0.016779
10.105,0.01668
10.106,0.016216
10.107,0.015915
10.108,0.015713
10.109,0.015352
10.11,0.014764
10.111,0.014147
10.112,0.01393
10.113,0.014603
10.114,0.016286
10.115,0.018451
10.116,0.020235
10.117,0.021025
10.118,0.020776
10.119,0.0199
10.12,0.01888
10.121,0.017859
10.122,0.016483
10.123,0.014187
10.124,0.010754
10.125,0.006636
10.126,0.002642
10.127,-0.000662
10.128,-0.00318
10.129,-0.00511
10.13,-0.006693
10.131,-0.008022
10.132,-0.008948
10.133,-0.009155
10.134,-0.008362
10.135,-0.006593
10.136,-0.004326
10.137,-0.002302
10.138,-0.001083
10.139,-0.000753
10.14,-0.000902
10.141,-0.000924
10.142,-0.000561
10.143,-0.000198
10.144,-0.000477
10.145,-0.001705
10.146,-0.003646
10.147,-0.005701
10.148,-0.007208
10.149,-0.007789
10.15,-0.007574
10.151,-0.007043
10.152,-0.006671
10.153,-0.006808
10.154,-0.007829
10.155,-0.010155
10.156,-0.013816
10.157,-0.017731
10.158,-0.019574
10.159,-0.017104
10.16,-0.010148
10.161,-0.001213
10.162,0.005974
10.163,0.008745
10.164,0.006852
10.165,0.002106
10.166,-0.003107
10.167,-0.007154
10.168,-0.009492
10.169,-0.010363
10.17,-0.010453
10.171,-0.010566
10.172,-0.011199
10.173,-0.012226
10.174,-0.013022
10.175,-0.01292
10.176,-0.011732
10.177,-0.010036
10.178,-0.008877
10.179,-0.008934
10.18,-0.009921
10.181,-0.010873
10.182,-0.011025
10.183,-0.01046
10.184,-0.00992
10.185,-0.010052
10.186,-0.010919
10.187,-0.012133
10.188,-0.013254
10.189,-0.014109
10.19,-0.014932
10.191,-0.0162
10.192,-0.018178
10.193,-0.020528
10.194,-0.022422
10.195,-0.022917
10.196,-0.020911
10.197,-0.014788
10.198,-0.002814
10.199,0.015038
10.2,0.035442
10.201,0.053164
10.202,0.065374
10.203,0.07419
10.204,0.084142
10.205,0.096892
10.206,0.108054
10.207,0.109155
10.208,0.094014
10.209,0.064374
10.21,0.029437
10.211,1.4e-05
10.212,-0.01726
10.213,-0.021704
10.214,-0.0167
10.215,-0.006858
10.216,0.003704
10.217,0.011997
10.218,0.016511
10.219,0.017476
10.22,0.016524
10.221,0.015609
10.222,0.015821
10.223,0.016917
10.224,0.017826
10.225,0.017679
10.226,0.016506
10.227,0.015082
10.228,0.014246
10.229,0.01431
10.23,0.014918
10.231,0.015338
10.232,0.014938
10.233,0.013639
10.234,0.011994
10.235,0.010696
10.236,0.009896
10.237,0.009036
10.238,0.007401
10.239,0.004828
10.24,0.001853
10.241,-0.000758
10.242,-0.002586
10.243,-0.003769
10.244,-0.004807
10.245,-0.006208
10.246,-0.008219
10.247,-0.010624
10.248,-0.012705
10.249,-0.013631
10.25,-0.013128
10.251,-0.011843
10.252,-0.010948
10.253,-0.011232
10.254,-0.012473
10.255,-0.013661
10.256,-0.013799
10.257,-0.012575
10.258,-0.010493
10.259,-0.008503
10.26,-0.007345
10.261,-0.007124
10.262,-0.007474
10.263,-0.008046
10.264,-0.008751
10.265,-0.009632
10.266,-0.01072
10.267,-0.012167
10.268,-0.014398
10.269,-0.017929
10.27,-0.022858
10.271,-0.028337
10.272,-0.032388
10.273,-0.032539
10.274,-0.027398
10.275,-0.018031
10.276,-0.007687
10.277,8.8e-05
10.278,0.00345
10.279,0.002841
10.28,7e-06
10.281,-0.003372
10.282,-0.006357
10.283,-0.008681
10.284,-0.010393
10.285,-0.011714
10.286,-0.013084
10.287,-0.014847
10.288,-0.016749
10.289,-0.01803
10.29,-0.018165
10.291,-0.017441
10.292,-0.016766
10.293,-0.016872
10.294,-0.017597
10.295,-0.017967
10.296,-0.017071
10.297,-0.014899
10.298,-0.012357
10.299,-0.010599
10.3,-0.010288
10.301,-0.011246
10.302,-0.012619
10.303,-0.013502
10.304,-0.013595
10.305,-0.013392
10.306,-0.013778
10.307,-0.015321
10.308,-0.017785
10.309,-0.020174
10.31,-0.021133
10.311,-0.0192
10.312,-0.012747
10.313,-0.000399
10.314,0.0173
10.315,0.036719
10.316,0.053124
10.317,0.064663
10.318,0.073842
10.319,0.084548
10.32,0.097431
10.321,0.107648
10.322,0.107233
10.323,0.091041
10.324,0.061457
10.325,0.027512
10.326,-0.000608
10.327,-0.016859
10.328,-0.020874
10.329,-0.016112
10.33,-0.007163
10.331,0.002047
10.332,0.009012
10.333,0.012839
10.334,0.014063
10.335,0.014041
10.336,0.014146
10.337,0.015087
10.338,0.016643
10.339,0.018002
10.34,0.018506
10.341,0.018203
10.342,0.017762
10.343,0.017911
10.344,0.018859
10.345,0.020111
10.346,0.02076
10.347,0.020088
10.348,0.018082
10.349,0.01541
10.35,0.01289
10.351,0.01088
10.352,0.009058
10.353,0.006789
10.354,0.003815
10.355,0.000623
10.356,-0.001945
10.357,-0.003387
10.358,-0.003862
10.359,-0.003976
10.36,-0.004265
10.361,-0.004814
10.362,-0.005259
10.363,-0.005092
10.364,-0.004028
10.365,-0.002299
10.366,-0.000702
10.367,-0.000175
10.368,-0.001095
10.369,-0.002964
10.37,-0.00485
10.371,-0.006139
10.372,-0.006903
10.373,-0.007589
10.374,-0.008464
10.375,-0.009368
10.376,-0.009819
10.377,-0.00937
10.378,-0.008032
10.379,-0.006344
10.38,-0.004937
10.381,-0.004116
10.382,-0.003992
10.383,-0.004891
10.384,-0.007264
10.385,-0.011112
10.386,-0.015501
10.387,-0.018503
10.388,-0.017933
10.389,-0.012885
10.39,-0.004855
10.391,0.002736
10.392,0.006338
10.393,0.004103
10.394,-0.003388
10.395,-0.013687
10.396,-0.023777
10.397,-0.031299
10.398,-0.035243
10.399,-0.036042
10.4,-0.035107
10.401,-0.033908
10.402,-0.033157
10.403,-0.032653
10.404,-0.031826
10.405,-0.030528
10.406,-0.029399
10.407,-0.029423
10.408,-0.031003
10.409,-0.033478
10.41,-0.035607
10.411,-0.036578
10.412,-0.036591
10.413,-0.036532
10.414,-0.037085
10.415,-0.038137
10.416,-0.038938
10.417,-0.038748
10.418,-0.037406
10.419,-0.03546
10.42,-0.033822
10.421,-0.033269
10.422,-0.034059
10.423,-0.035755
10.424,-0.037262
10.425,-0.037069
10.426,-0.033514
10.427,-0.024966
10.428,-0.010721
10.429,0.007373
10.43,0.024902
10.431,0.03804
10.432,0.047072
10.433,0.055968
10.434,0.067941
10.435,0.081121
10.436,0.088213
10.437,0.081251
10.438,0.058244
10.439,0.025596
10.44,-0.005958
10.441,-0.027684
10.442,-0.036392
10.443,-0.034029
10.444,-0.025131
10.445,-0.014379
10.446,-0.00536
10.447,-0.000133
10.448,0.001016
10.449,-0.000625
10.45,-0.003057
10.451,-0.004674
10.452,-0.004995
10.453,-0.004585
10.454,-0.004348
10.455,-0.004765
10.456,-0.005544
10.457,-0.005874
10.458,-0.005068
10.459,-0.003108
10.46,-0.000711
10.461,0.001088
10.462,0.001538
10.463,0.000633
10.464,-0.000917
10.465,-0.002261
10.466,-0.003141
10.467,-0.004159
10.468,-0.006236
10.469,-0.009692
10.47,-0.013897
10.471,-0.01783
10.472,-0.02089
10.473,-0.023188
10.474,-0.025193
10.475,-0.027122
10.476,-0.02865
10.477,-0.029168
10.478,-0.028328
10.479,-0.026388
10.48,-0.024109
10.481,-0.022338
10.482,-0.021534
10.483,-0.021489
10.484,-0.0215
10.485,-0.020959
10.486,-0.020007
10.487,-0.019547
10.488,-0.020477
10.489,-0.022894
10.49,-0.026033
10.491,-0.028836
10.492,-0.030577
10.493,-0.031127
10.494,-0.03077
10.495,-0.029908
10.496,-0.028951
10.497,-0.028437
10.498,-0.029087
10.499,-0.031469
10.5,-0.035344
10.501,-0.03923
10.502,-0.040799
10.503,-0.038273
10.504,-0.031827
10.505,-0.023731
10.506,-0.017131
10.507,-0.014332
10.508,-0.01572
10.509,-0.019998
10.51,-0.025227
10.511,-0.029744
10.512,-0.03263
10.513,-0.033829
10.514,-0.033933
10.515,-0.03374
10.516,-0.033708
10.517,-0.033666
10.518,-0.033075
10.519,-0.031636
10.52,-0.029659
10.521,-0.027943
10.522,-0.027247
10.523,-0.027702
10.524,-0.028622
10.525,-0.029122
10.526,-0.028998
10.527,-0.028882
10.528,-0.029589
10.529,-0.031397
10.53,-0.033809
10.531,-0.035865
10.532,-0.036738
10.533,-0.036273
10.534,-0.03511
10.535,-0.034312
10.536,-0.034736
10.537,-0.036447
10.538,-0.038523
10.539,-0.039368
10.54,-0.037137
10.541,-0.029996
10.542,-0.016718
10.543,0.001834
10.544,0.021803
10.545,0.038373
10.546,0.049779
10.547,0.058794
10.548,0.069521
10.549,0.082494
10.55,0.092445
10.551,0.090974
10.552,0.072861
10.553,0.040918
10.554,0.00483
10.555,-0.024607
10.556,-0.040933
10.557,-0.043785
10.558,-0.037082
10.559,-0.025965
10.56,-0.014705
10.561,-0.005948
10.562,-0.000646
10.563,0.001711
10.564,0.00254
10.565,0.00328
10.566,0.004552
10.567,0.005908
10.568,0.006404
10.569,0.005526
10.57,0.003671
10.571,0.001854
10.572,0.000949
10.573,0.001117
10.574,0.001735
10.575,0.001818
10.576,0.000715
10.577,-0.001403
10.578,-0.0037
10.579,-0.005315
10.58,-0.005994
10.581,-0.006262
10.582,-0.007009
10.583,-0.008782
10.584,-0.011381
10.585,-0.014098
10.586,-0.016307
10.587,-0.017885
10.588,-0.019185
10.589,-0.020641
10.59,-0.022331
10.591,-0.023866
10.592,-0.024649
10.593,-0.024366
10.594,-0.023332
10.595,-0.022336
10.596,-0.022087
10.597,-0.022693
10.598,-0.023581
10.599,-0.023955
10.6,-0.023422
10.601,-0.022344
10.602,-0.021591
10.603,-0.021818
10.604,-0.022946
10.605,-0.024301
10.606,-0.025182
10.607,-0.025328
10.608,-0.025036
10.609,-0.02485
10.61,-0.025119
10.611,-0.025883
10.612,-0.027211
10.613,-0.02951
10.614,-0.033259
10.615,-0.038172
10.616,-0.042542
10.617,-0.04372
10.618,-0.039924
10.619,-0.031968
10.62,-0.0231
10.621,-0.017027
10.622,-0.015805
10.623,-0.018987
10.624,-0.024338
10.625,-0.0294
10.626,-0.032665
10.627,-0.033801
10.628,-0.033355
10.629,-0.032361
10.63,-0.031828
10.631,-0.03213
10.632,-0.032746
10.633,-0.03273
10.634,-0.031534
10.635,-0.029491
10.636,-0.027649
10.637,-0.027009
10.638,-0.027741
10.639,-0.029113
10.64,-0.030161
10.641,-0.030496
10.642,-0.03062
10.643,-0.031426
10.644,-0.03323
10.645,-0.035288
10.646,-0.036381
10.647,-0.035848
10.648,-0.034086
10.649,-0.032197
10.65,-0.031153
10.651,-0.031158
10.652,-0.031668
10.653,-0.031811
10.654,-0.030656
10.655,-0.027099
10.656,-0.0197
10.657,-0.007389
10.658,0.008793
10.659,0.025128
10.66,0.037836
10.661,0.046706
10.662,0.055305
10.663,0.06701
10.664,0.080574
10.665,0.089225
10.666,0.084778
10.667,0.064155
10.668,0.032584
10.669,0.000507
10.67,-0.022687
10.671,-0.03299
10.672,-0.031946
10.673,-0.024041
10.674,-0.013913
10.675,-0.004872
10.676,0.001341
10.677,0.004278
10.678,0.00447
10.679,0.003138
10.68,0.001633
10.681,0.000657
10.682,-6.7e-05
10.683,-0.001263
10.684,-0.00317
10.685,-0.005098
10.686,-0.005841
10.687,-0.004594
10.688,-0.001623
10.689,0.001817
10.69,0.004299
10.691,0.005092
10.692,0.004391
10.693,0.002933
10.694,0.00135
10.695,-0.000342
10.696,-0.002642
10.697,-0.005933
10.698,-0.009966
10.699,-0.01392
10.7,-0.016931
10.701,-0.0187
10.702,-0.019703
10.703,-0.020756
10.704,-0.022288
10.705,-0.024007
10.706,-0.025176
10.707,-0.025137
10.708,-0.023749
10.709,-0.021602
10.71,-0.019739
10.711,-0.018949
10.712,-0.019194
10.713,-0.019752
10.714,-0.019901
10.715,-0.019473
10.716,-0.018988
10.717,-0.019346
10.718,-0.021122
10.719,-0.023872
10.72,-0.026276
10.721,-0.027257
10.722,-0.026928
10.723,-0.026299
10.724,-0.026211
10.725,-0.02674
10.726,-0.027531
10.727,-0.028523
10.728,-0.030189
10.729,-0.032879
10.73,-0.035777
10.731,-0.036706
10.732,-0.033621
10.733,-0.026575
10.734,-0.018076
10.735,-0.011558
10.736,-0.009459
10.737,-0.012177
10.738,-0.018209
10.739,-0.025131
10.74,-0.030736
10.741,-0.03384
10.742,-0.034509
10.743,-0.033738
10.744,-0.032752
10.745,-0.032283
10.746,-0.032176
10.747,-0.031647
10.748,-0.030048
10.749,-0.027522
10.75,-0.024996
10.751,-0.023507
10.752,-0.02342
10.753,-0.024198
10.754,-0.02492
10.755,-0.025122
10.756,-0.025236
10.757,-0.026153
10.758,-0.028315
10.759,-0.031149
10.76,-0.033328
10.761,-0.033764
10.762,-0.032514
10.763,-0.030719
10.764,-0.029624
10.765,-0.029648
10.766,-0.030229
10.767,-0.030346
10.768,-0.02904
10.769,-0.025346
10.77,-0.017933
10.771,-0.005619
10.772,0.010893
10.773,0.028116
10.774,0.041972
10.775,0.051569
10.776,0.060146
10.777,0.071517
10.778,0.085332
10.779,0.095489
10.78,0.093463
10.781,0.074703
10.782,0.042924
10.783,0.008277
10.784,-0.018833
10.785,-0.032916
10.786,-0.034393
10.787,-0.027322
10.788,-0.016522
10.789,-0.005873
10.79,0.002172
10.791,0.006642
10.792,0.00797
10.793,0.00759
10.794,0.007144
10.795,0.007539
10.796,0.008434
10.797,0.008709
10.798,0.007652
10.799,0.005748
10.8,0.00432
10.801,0.004431
10.802,0.005988
10.803,0.007775
10.804,0.008359
10.805,0.007115
10.806,0.004622
10.807,0.002154
10.808,0.00065
10.809,0.000108
10.81,-0.000242
10.811,-0.001345
10.812,-0.003702
10.813,-0.006955
10.814,-0.010098
10.815,-0.012314
10.816,-0.013681
10.817,-0.015021
10.818,-0.017053
10.819,-0.019666
10.82,-0.021909
10.821,-0.022653
10.822,-0.021425
10.823,-0.018801
10.824,-0.016063
10.825,-0.014438
10.826,-0.01439
10.827,-0.015376
10.828,-0.016333
10.829,-0.016543
10.83,-0.016141
10.831,-0.015903
10.832,-0.016549
10.833,-0.018094
10.834,-0.019797
10.835,-0.020785
10.836,-0.020768
10.837,-0.020209
10.838,-0.019891
10.839,-0.020286
10.84,-0.021373
10.841,-0.023096
10.842,-0.02575
10.843,-0.029485
10.844,-0.033321
10.845,-0.035047
10.846,-0.03263
10.847,-0.025959
10.848,-0.017339
10.849,-0.010282
10.85,-0.007524
10.851,-0.009633
10.852,-0.015059
10.853,-0.021306
10.854,-0.026231
10.855,-0.028732
10.856,-0.028889
10.857,-0.027801
10.858,-0.026943
10.859,-0.02718
10.86,-0.028159
10.861,-0.028673
10.862,-0.027731
10.863,-0.025415
10.864,-0.02285
10.865,-0.021339
10.866,-0.021415
10.867,-0.022529
10.868,-0.023576
10.869,-0.023889
10.87,-0.023842
10.871,-0.024425
10.872,-0.026247
10.873,-0.028889
10.874,-0.031134
10.875,-0.031907
10.876,-0.031188
10.877,-0.030027
10.878,-0.029637
10.879,-0.030446
10.88,-0.031868
10.881,-0.032738
10.882,-0.031891
10.883,-0.028324
10.884,-0.020885
10.885,-0.008454
10.886,0.008602
10.887,0.027128
10.888,0.042701
10.889,0.053614
10.89,0.062774
10.891,0.074471
10.892,0.089046
10.893,0.100662
10.894,0.100458
10.895,0.083147
10.896,0.051791
10.897,0.016326
10.898,-0.012538
10.899,-0.028623
10.9,-0.031637
10.901,-0.025301
10.902,-0.014556
10.903,-0.00361
10.904,0.004797
10.905,0.009502
10.906,0.010921
10.907,0.010655
10.908,0.010465
10.909,0.011179
10.91,0.01241
10.911,0.013131
10.912,0.012623
10.913,0.01114
10.914,0.009775
10.915,0.009524
10.916,0.010384
10.917,0.011295
10.918,0.010939
10.919,0.008755
10.92,0.005367
10.921,0.002117
10.922,0.000131
10.923,-0.000409
10.924,-0.000294
10.925,-0.000607
10.926,-0.001867
10.927,-0.003658
10.928,-0.005097
10.929,-0.005639
10.93,-0.005561
10.931,-0.005809
10.932,-0.007352
10.933,-0.010435
10.934,-0.014271
10.935,-0.017467
10.936,-0.019001
10.937,-0.018951
10.938,-0.018319
10.939,-0.018085
10.94,-0.018411
10.941,-0.01869
10.942,-0.018266
10.943,-0.017058
10.944,-0.015663
10.945,-0.01502
10.946,-0.015784
10.947,-0.017721
10.948,-0.019721
10.949,-0.020643
10.95,-0.020294
10.951,-0.019498
10.952,-0.019207
10.953,-0.019779
10.954,-0.021154
10.955,-0.023424
10.956,-0.026836
10.957,-0.031185
10.958,-0.035277
10.959,-0.037048
10.96,-0.034699
10.961,-0.028222
10.962,-0.019821
10.963,-0.01271
10.964,-0.009286
10.965,-0.010071
10.966,-0.01394
10.967,-0.019009
10.968,-0.023408
10.969,-0.025853
10.97,-0.026101
10.971,-0.025041
10.972,-0.024103
10.973,-0.024198
10.974,-0.025024
10.975,-0.025411
10.976,-0.024461
10.977,-0.02246
10.978,-0.020671
10.979,-0.020268
10.98,-0.021443
10.981,-0.0234
10.982,-0.025089
10.983,-0.025975
10.984,-0.026336
10.985,-0.026966
10.986,-0.028452
10.987,-0.030539
10.988,-0.032217
10.989,-0.032538
10.99,-0.031433
10.991,-0.029825
10.992,-0.028891
10.993,-0.029113
10.994,-0.030024
10.995,-0.030698
10.996,-0.030203
10.997,-0.027541
10.998,-0.021397
10.999,-0.01047
11.0,0.005036
11.001,0.022116
11.002,0.036468
11.003,0.046453
11.004,0.054959
11.005,0.06633
11.006,0.081212
11.007,0.094168
11.008,0.096297
11.009,0.081558
11.01,0.051931
11.011,0.016703
11.012,-0.013258
11.013,-0.031069
11.014,-0.035593
11.015,-0.029839
11.016,-0.018539
11.017,-0.006412
11.018,0.002976
11.019,0.007996
11.02,0.009075
11.021,0.007957
11.022,0.006523
11.023,0.005775
11.024,0.005494
11.025,0.00473
11.026,0.002799
11.027,0.000103
11.028,-0.001948
11.029,-0.001949
11.03,0.000383
11.031,0.003923
11.032,0.006883
11.033,0.008009
11.034,0.007273
11.035,0.005623
11.036,0.004079
11.037,0.00293
11.038,0.001597
11.039,-0.000732
11.04,-0.004265
11.041,-0.008303
11.042,-0.011753
11.043,-0.014012
11.044,-0.015449
11.045,-0.017052
11.046,-0.019527
11.047,-0.022525
11.048,-0.024758
11.049,-0.02498
11.05,-0.022988
11.051,-0.019839
11.052,-0.017172
11.053,-0.016079
11.054,-0.016402
11.055,-0.017025
11.056,-0.016871
11.057,-0.015759
11.058,-0.014504
11.059,-0.014297
11.06,-0.015748
11.061,-0.018348
11.062,-0.020871
11.063,-0.02234
11.064,-0.022673
11.065,-0.022517
11.066,-0.022555
11.067,-0.023028
11.068,-0.023869
11.069,-0.025077
11.07,-0.026786
11.071,-0.028992
11.072,-0.031081
11.073,-0.031499
11.074,-0.028489
11.075,-0.021728
11.076,-0.013131
11.077,-0.005845
11.078,-0.002409
11.079,-0.003533
11.08,-0.008227
11.081,-0.014746
11.082,-0.021285
11.083,-0.026337
11.084,-0.029179
11.085,-0.030254
11.086,-0.030681
11.087,-0.03114
11.088,-0.031285
11.089,-0.03024
11.09,-0.027599
11.091,-0.024044
11.092,-0.02107
11.093,-0.019979
11.094,-0.020875
11.095,-0.022566
11.096,-0.023515
11.097,-0.023131
11.098,-0.02223
11.099,-0.022182
11.1,-0.023561
11.101,-0.025581
11.102,-0.026782
11.103,-0.026249
11.104,-0.024276
11.105,-0.022049
11.106,-0.020839
11.107,-0.021193
11.108,-0.022448
11.109,-0.02305
11.11,-0.021552
11.111,-0.017195
11.112,-0.009411
11.113,0.00252
11.114,0.018204
11.115,0.034773
11.116,0.048403
11.117,0.05799
11.118,0.066517
11.119,0.077879
11.12,0.092087
11.121,0.103288
11.122,0.10279
11.123,0.085492
11.124,0.054452
11.125,0.0194
11.126,-0.009098
11.127,-0.024768
11.128,-0.027061
11.129,-0.019461
11.13,-0.007023
11.131,0.005443
11.132,0.014545
11.133,0.018976
11.134,0.019536
11.135,0.018362
11.136,0.017539
11.137,0.017827
11.138,0.018429
11.139,0.017936
11.14,0.015634
11.141,0.012176
11.142,0.00915
11.143,0.007905
11.144,0.008594
11.145,0.010146
11.146,0.011128
11.147,0.010849
11.148,0.009865
11.149,0.009421
11.15,0.010257
11.151,0.011843
11.152,0.012719
11.153,0.011596
11.154,0.008251
11.155,0.003625
11.156,-0.000825
11.157,-0.004079
11.158,-0.006189
11.159,-0.008062
11.16,-0.010538
11.161,-0.01355
11.162,-0.016139
11.163,-0.017264
11.164,-0.016609
11.165,-0.014816
11.166,-0.013097
11.167,-0.012376
11.168,-0.01251
11.169,-0.012447
11.17,-0.011395
11.171,-0.009821
11.172,-0.009155
11.173,-0.010437
11.174,-0.013293
11.175,-0.016265
11.176,-0.018076
11.177,-0.018463
11.178,-0.017911
11.179,-0.017108
11.18,-0.016744
11.181,-0.01734
11.182,-0.019032
11.183,-0.021655
11.184,-0.025136
11.185,-0.029434
11.186,-0.033484
11.187,-0.034515
11.188,-0.029634
11.189,-0.018737
11.19,-0.005635
11.191,0.003973
11.192,0.006178
11.193,0.001359
11.194,-0.006468
11.195,-0.012764
11.196,-0.01536
11.197,-0.015073
11.198,-0.014141
11.199,-0.014187
11.2,-0.015374
11.201,-0.016886
11.202,-0.017859
11.203,-0.017908
11.204,-0.017028
11.205,-0.015469
11.206,-0.013645
11.207,-0.01163
11.208,-0.009119
11.209,-0.006466
11.21,-0.005033
11.211,-0.00579
11.212,-0.008204
11.213,-0.01104
11.214,-0.013489
11.215,-0.014975
11.216,-0.014788
11.217,-0.01267
11.218,-0.009538
11.219,-0.007401
11.22,-0.008218
11.221,-0.011889
11.222,-0.015309
11.223,-0.014907
11.224,-0.010213
11.225,-0.003026
11.226,0.006615
11.227,0.020646
11.228,0.03811
11.229,0.052746
11.23,0.05885
11.231,0.059714
11.232,0.066885
11.233,0.088523
11.234,0.119276
11.235,0.142913
11.236,0.144825
11.237,0.122131
11.238,0.084041
11.239,0.045039
11.24,0.016796
11.241,0.00364
11.242,0.003825
11.243,0.013368
11.244,0.027716
11.245,0.041556
11.246,0.050019
11.247,0.051383
11.248,0.048316
11.249,0.045944
11.25,0.048325
11.251,0.055937
11.252,0.065188
11.253,0.070396
11.254,0.068178
11.255,0.061003
11.256,0.055304
11.257,0.055452
11.258,0.060893
11.259,0.069102
11.26,0.078462
11.261,0.087096
11.262,0.091503
11.263,0.088936
11.264,0.081191
11.265,0.074224
11.266,0.072104
11.267,0.07216
11.268,0.068779
11.269,0.061194
11.27,0.054264
11.271,0.05216
11.272,0.054228
11.273,0.057264
11.274,0.059713
11.275,0.062311
11.276,0.065587
11.277,0.068474
11.278,0.069263
11.279,0.067072
11.28,0.06262
11.281,0.058022
11.282,0.055615
11.283,0.056561
11.284,0.060104
11.285,0.064058
11.286,0.066385
11.287,0.066726
11.288,0.066453
11.289,0.06723
11.29,0.069394
11.291,0.071431
11.292,0.071265
11.293,0.06851
11.294,0.06505
11.295,0.062918
11.296,0.062118
11.297,0.061235
11.298,0.059836
11.299,0.059446
11.3,0.061931
11.301,0.067296
11.302,0.073219
11.303,0.076554
11.304,0.075409
11.305,0.070228
11.306,0.063304
11.307,0.057337
11.308,0.054164
11.309,0.054128
11.31,0.055951
11.311,0.057308
11.312,0.056225
11.313,0.052407
11.314,0.047372
11.315,0.043308
11.316,0.041654
11.317,0.042346
11.318,0.044166
11.319,0.045803
11.32,0.046745
11.321,0.04734
11.322,0.04806
11.323,0.048758
11.324,0.048723
11.325,0.047371
11.326,0.044889
11.327,0.042341
11.328,0.040992
11.329,0.041256
11.33,0.042243
11.331,0.042403
11.332,0.040734
11.333,0.037506
11.334,0.033948
11.335,0.031476
11.336,0.03132
11.337,0.034726
11.338,0.042901
11.339,0.055707
11.34,0.069823
11.341,0.07962
11.342,0.082582
11.343,0.084231
11.344,0.094803
11.345,0.118561
11.346,0.146744
11.347,0.162372
11.348,0.152951
11.349,0.11962
11.35,0.075423
11.351,0.035778
11.352,0.010094
11.353,-0.000242
11.354,0.000955
11.355,0.008383
11.356,0.017518
11.357,0.025382
11.358,0.030669
11.359,0.033513
11.36,0.034885
11.361,0.035796
11.362,0.036691
11.363,0.037336
11.364,0.037159
11.365,0.035825
11.366,0.033732
11.367,0.032064
11.368,0.032018
11.369,0.03374
11.37,0.036103
11.371,0.037522
11.372,0.036945
11.373,0.034398
11.374,0.030841
11.375,0.027453
11.376,0.024939
11.377,0.023344
11.378,0.022283
11.379,0.021265
11.38,0.020028
11.381,0.018641
11.382,0.017258
11.383,0.01581
11.384,0.013993
11.385,0.011574
11.386,0.008783
11.387,0.006392
11.388,0.005185
11.389,0.005241
11.39,0.005805
11.391,0.005861
11.392,0.004841
11.393,0.002913
11.394,0.000823
11.395,-0.000604
11.396,-0.000996
11.397,-0.000608
11.398,3.3e-05
11.399,0.000602
11.4,0.001114
11.401,0.001693
11.402,0.002315
11.403,0.002749
11.404,0.002656
11.405,0.001806
11.406,0.000396
11.407,-0.000778
11.408,-0.000725
11.409,0.000839
11.41,0.00285
11.411,0.003268
11.412,0.000456
11.413,-0.005287
11.414,-0.011382
11.415,-0.014429
11.416,-0.012568
11.417,-0.006849
11.418,-0.000487
11.419,0.003242
11.42,0.00286
11.421,-0.000875
11.422,-0.005988
11.423,-0.010646
11.424,-0.013893
11.425,-0.015708
11.426,-0.016647
11.427,-0.017268
11.428,-0.017794
11.429,-0.018202
11.43,-0.018433
11.431,-0.018521
11.432,-0.018688
11.433,-0.019288
11.434,-0.020507
11.435,-0.022049
11.436,-0.023166
11.437,-0.023137
11.438,-0.02185
11.439,-0.019929
11.44,-0.018276
11.441,-0.017435
11.442,-0.01736
11.443,-0.017599
11.444,-0.017595
11.445,-0.01701
11.446,-0.015962
11.447,-0.014957
11.448,-0.014538
11.449,-0.014948
11.45,-0.015982
11.451,-0.017025
11.452,-0.016937
11.453,-0.013739
11.454,-0.005116
11.455,0.009494
11.456,0.026986
11.457,0.042041
11.458,0.051861
11.459,0.059235
11.46,0.069776
11.461,0.085538
11.462,0.101224
11.463,0.106699
11.464,0.094266
11.465,0.064889
11.466,0.028117
11.467,-0.003799
11.468,-0.022568
11.469,-0.02683
11.47,-0.020717
11.471,-0.010281
11.472,-0.000441
11.473,0.006242
11.474,0.009284
11.475,0.009475
11.476,0.008183
11.477,0.006763
11.478,0.00602
11.479,0.005977
11.48,0.006136
11.481,0.006006
11.482,0.005515
11.483,0.005112
11.484,0.00551
11.485,0.007173
11.486,0.009879
11.487,0.012782
11.488,0.014889
11.489,0.015567
11.49,0.014809
11.491,0.013075
11.492,0.010833
11.493,0.008201
11.494,0.005004
11.495,0.001121
11.496,-0.003153
11.497,-0.007098
11.498,-0.010004
11.499,-0.01172
11.5,-0.012759
11.501,-0.013768
11.502,-0.014914
11.503,-0.015832
11.504,-0.016053
11.505,-0.01538
11.506,-0.013951
11.507,-0.012102
11.508,-0.010241
11.509,-0.008785
11.51,-0.008079
11.511,-0.008296
11.512,-0.009374
11.513,-0.011048
11.514,-0.01303
11.515,-0.015178
11.516,-0.017412
11.517,-0.019582
11.518,-0.021539
11.519,-0.023222
11.52,-0.024574
11.521,-0.025459
11.522,-0.025681
11.523,-0.025043
11.524,-0.023516
11.525,-0.021585
11.526,-0.020398
11.527,-0.021191
11.528,-0.024159
11.529,-0.027674
11.53,-0.028856
11.531,-0.025599
11.532,-0.018437
11.533,-0.010419
11.534,-0.005156
11.535,-0.004725
11.536,-0.008842
11.537,-0.01557
11.538,-0.022665
11.539,-0.028426
11.54,-0.031825
11.541,-0.032591
11.542,-0.031367
11.543,-0.029383
11.544,-0.027626
11.545,-0.026344
11.546,-0.025223
11.547,-0.023834
11.548,-0.022083
11.549,-0.020464
11.55,-0.019753
11.551,-0.020259
11.552,-0.021418
11.553,-0.022388
11.554,-0.022998
11.555,-0.023867
11.556,-0.025627
11.557,-0.028199
11.558,-0.030807
11.559,-0.032498
11.56,-0.0327
11.561,-0.031566
11.562,-0.02993
11.563,-0.028753
11.564,-0.02844
11.565,-0.02861
11.566,-0.028409
11.567,-0.026804
11.568,-0.022478
11.569,-0.013746
11.57,0.000459
11.571,0.018618
11.572,0.036207
11.573,0.04887
11.574,0.056535
11.575,0.063484
11.576,0.073755
11.577,0.086268
11.578,0.09406
11.579,0.088776
11.58,0.067442
11.581,0.03561
11.582,0.003932
11.583,-0.018358
11.584,-0.027621
11.585,-0.025683
11.586,-0.017051
11.587,-0.006158
11.588,0.003902
11.589,0.011367
11.59,0.015503
11.591,0.016537
11.592,0.015539
11.593,0.013844
11.594,0.012294
11.595,0.010974
11.596,0.009563
11.597,0.007862
11.598,0.006092
11.599,0.004851
11.6,0.004721
11.601,0.005823
11.602,0.007698
11.603,0.009559
11.604,0.01071
11.605,0.01094
11.606,0.010591
11.607,0.010178
11.608,0.009829
11.609,0.009061
11.61,0.007201
11.611,0.004058
11.612,0.000177
11.613,-0.003619
11.614,-0.006868
11.615,-0.009661
11.616,-0.012302
11.617,-0.014886
11.618,-0.017087
11.619,-0.01833
11.62,-0.018182
11.621,-0.016655
11.622,-0.014237
11.623,-0.011687
11.624,-0.009674
11.625,-0.008474
11.626,-0.00786
11.627,-0.007285
11.628,-0.006383
11.629,-0.005419
11.63,-0.005158
11.631,-0.006207
11.632,-0.008472
11.633,-0.011168
11.634,-0.013384
11.635,-0.014782
11.636,-0.015729
11.637,-0.016728
11.638,-0.017811
11.639,-0.018685
11.64,-0.019496
11.641,-0.021101
11.642,-0.024243
11.643,-0.028346
11.644,-0.031164
11.645,-0.030032
11.646,-0.02397
11.647,-0.014742
11.648,-0.005904
11.649,-0.000712
11.65,-0.000465
11.651,-0.00432
11.652,-0.010379
11.653,-0.016786
11.654,-0.022159
11.655,-0.025705
11.656,-0.027291
11.657,-0.027369
11.658,-0.02664
11.659,-0.025595
11.66,-0.024235
11.661,-0.022261
11.662,-0.019544
11.663,-0.016482
11.664,-0.013942
11.665,-0.012736
11.666,-0.013024
11.667,-0.014188
11.668,-0.015379
11.669,-0.016214
11.67,-0.016984
11.671,-0.018214
11.672,-0.020054
11.673,-0.022051
11.674,-0.023481
11.675,-0.023945
11.676,-0.023674
11.677,-0.023327
11.678,-0.023511
11.679,-0.024383
11.68,-0.025529
11.681,-0.026123
11.682,-0.025076
11.683,-0.020931
11.684,-0.011921
11.685,0.002817
11.686,0.021366
11.687,0.039172
11.688,0.052413
11.689,0.061428
11.69,0.070137
11.691,0.081642
11.692,0.094069
11.693,0.100286
11.694,0.092484
11.695,0.068574
11.696,0.034762
11.697,0.001894
11.698,-0.020916
11.699,-0.03023
11.7,-0.028026
11.701,-0.018987
11.702,-0.007832
11.703,0.002065
11.704,0.008944
11.705,0.012468
11.706,0.013399
11.707,0.013089
11.708,0.012768
11.709,0.012901
11.71,0.013083
11.711,0.012608
11.712,0.011305
11.713,0.009867
11.714,0.009238
11.715,0.009732
11.716,0.010874
11.717,0.011929
11.718,0.012391
11.719,0.01212
11.72,0.01129
11.721,0.010229
11.722,0.009183
11.723,0.0081
11.724,0.006585
11.725,0.004137
11.726,0.000647
11.727,-0.00335
11.728,-0.007053
11.729,-0.010014
11.73,-0.012355
11.731,-0.014512
11.732,-0.016812
11.733,-0.01914
11.734,-0.020876
11.735,-0.021206
11.736,-0.019719
11.737,-0.016831
11.738,-0.013654
11.739,-0.011359
11.74,-0.010528
11.741,-0.010907
11.742,-0.011749
11.743,-0.012428
11.744,-0.012825
11.745,-0.013244
11.746,-0.014043
11.747,-0.015297
11.748,-0.016761
11.749,-0.018092
11.75,-0.019095
11.751,-0.019782
11.752,-0.020174
11.753,-0.020163
11.754,-0.019822
11.755,-0.019846
11.756,-0.021256
11.757,-0.024422
11.758,-0.028358
11.759,-0.03093
11.76,-0.029894
11.761,-0.024354
11.762,-0.015701
11.763,-0.007111
11.764,-0.001819
11.765,-0.001384
11.766,-0.005163
11.767,-0.011084
11.768,-0.016959
11.769,-0.021411
11.77,-0.024042
11.771,-0.025162
11.772,-0.025513
11.773,-0.025849
11.774,-0.026356
11.775,-0.026443
11.776,-0.025314
11.777,-0.022831
11.778,-0.019795
11.779,-0.017398
11.78,-0.016374
11.781,-0.016624
11.782,-0.017521
11.783,-0.018481
11.784,-0.019327
11.785,-0.020286
11.786,-0.021711
11.787,-0.023684
11.788,-0.025792
11.789,-0.027359
11.79,-0.027983
11.791,-0.027856
11.792,-0.027499
11.793,-0.027238
11.794,-0.026982
11.795,-0.026451
11.796,-0.025353
11.797,-0.023111
11.798,-0.018383
11.799,-0.009171
11.8,0.005785
11.801,0.024925
11.802,0.04364
11.803,0.057533
11.804,0.066296
11.805,0.073549
11.806,0.082578
11.807,0.092101
11.808,0.095699
11.809,0.086047
11.81,0.061259
11.811,0.027507
11.812,-0.004659
11.813,-0.026476
11.814,-0.034719
11.815,-0.031482
11.816,-0.021504
11.817,-0.009493
11.818,0.001179
11.819,0.008667
11.82,0.012545
11.821,0.01358
11.822,0.013211
11.823,0.012716
11.824,0.012507
11.825,0.012046
11.826,0.010536
11.827,0.007845
11.828,0.00483
11.829,0.002772
11.83,0.002454
11.831,0.003632
11.832,0.005237
11.833,0.006123
11.834,0.005819
11.835,0.004765
11.836,0.003901
11.837,0.003952
11.838,0.004859
11.839,0.005732
11.84,0.005453
11.841,0.003509
11.842,0.000334
11.843,-0.003188
11.844,-0.006548
11.845,-0.009916
11.846,-0.013701
11.847,-0.01789
11.848,-0.021801
11.849,-0.024415
11.85,-0.024998
11.851,-0.023539
11.852,-0.020749
11.853,-0.017675
11.854,-0.015182
11.855,-0.01355
11.856,-0.012433
11.857,-0.011303
11.858,-0.010058
11.859,-0.009205
11.86,-0.009414
11.861,-0.010939
11.862,-0.013446
11.863,-0.016245
11.864,-0.018642
11.865,-0.020272
11.866,-0.021238
11.867,-0.021918
11.868,-0.022641
11.869,-0.023639
11.87,-0.025268
11.871,-0.027986
11.872,-0.031785
11.873,-0.035548
11.874,-0.037053
11.875,-0.034146
11.876,-0.026519
11.877,-0.016395
11.878,-0.00735
11.879,-0.0023
11.88,-0.002179
11.881,-0.005964
11.882,-0.011634
11.883,-0.017178
11.884,-0.021217
11.885,-0.023361
11.886,-0.024229
11.887,-0.024885
11.888,-0.026011
11.889,-0.027459
11.89,-0.028476
11.891,-0.028339
11.892,-0.026967
11.893,-0.02504
11.894,-0.023478
11.895,-0.022768
11.896,-0.022727
11.897,-0.022764
11.898,-0.022367
11.899,-0.021528
11.9,-0.020759
11.901,-0.020697
11.902,-0.02167
11.903,-0.023468
11.904,-0.025403
11.905,-0.026784
11.906,-0.027469
11.907,-0.027889
11.908,-0.028565
11.909,-0.029602
11.91,-0.030534
11.911,-0.030539
11.912,-0.028576
11.913,-0.023198
11.914,-0.012722
11.915,0.003268
11.916,0.022156
11.917,0.039157
11.918,0.051145
11.919,0.059468
11.92,0.068279
11.921,0.079839
11.922,0.090988
11.923,0.094017
11.924,0.082189
11.925,0.05559
11.926,0.021852
11.927,-0.008522
11.928,-0.027889
11.929,-0.0343
11.93,-0.03055
11.931,-0.021335
11.932,-0.010909
11.933,-0.002112
11.934,0.003632
11.935,0.006089
11.936,0.006097
11.937,0.005249
11.938,0.005023
11.939,0.005829
11.94,0.006895
11.941,0.007175
11.942,0.006389
11.943,0.005277
11.944,0.00502
11.945,0.006335
11.946,0.008881
11.947,0.011407
11.948,0.012571
11.949,0.011747
11.95,0.009236
11.951,0.005924
11.952,0.002731
11.953,0.000102
11.954,-0.002176
11.955,-0.004604
11.956,-0.007352
11.957,-0.010071
11.958,-0.012259
11.959,-0.013734
11.96,-0.014729
11.961,-0.015568
11.962,-0.016259
11.963,-0.016457
11.964,-0.015852
11.965,-0.014529
11.966,-0.012987
11.967,-0.011884
11.968,-0.011702
11.969,-0.012485
11.97,-0.0138
11.971,-0.014968
11.972,-0.015488
11.973,-0.015404
11.974,-0.015289
11.975,-0.015791
11.976,-0.017068
11.977,-0.018586
11.978,-0.019513
11.979,-0.019467
11.98,-0.018859
11.981,-0.01842
11.982,-0.018512
11.983,-0.018977
11.984,-0.019603
11.985,-0.02071
11.986,-0.023089
11.987,-0.02704
11.988,-0.031329
11.989,-0.033385
11.99,-0.031048
11.991,-0.024395
11.992,-0.015946
11.993,-0.009198
11.994,-0.006684
11.995,-0.008715
11.996,-0.013566
11.997,-0.018837
11.998,-0.022811
11.999,-0.024917
12.0,-0.025446
12.001,-0.025175
12.002,-0.025036
12.003,-0.025527
12.004,-0.026242
12.005,-0.02622
12.006,-0.024877
12.007,-0.022581
12.008,-0.020366
12.009,-0.019145
12.01,-0.019105
12.011,-0.019658
12.012,-0.020006
12.013,-0.019896
12.014,-0.019903
12.015,-0.020986
12.016,-0.023654
12.017,-0.027338
12.018,-0.030614
12.019,-0.032233
12.02,-0.032013
12.021,-0.030853
12.022,-0.029955
12.023,-0.029889
12.024,-0.030224
12.025,-0.029964
12.026,-0.028186
12.027,-0.024009
12.028,-0.016126
12.029,-0.003254
12.03,0.014001
12.031,0.032049
12.032,0.046497
12.033,0.05614
12.034,0.064161
12.035,0.074626
12.036,0.08754
12.037,0.096989
12.038,0.094477
12.039,0.075494
12.04,0.043845
12.041,0.009671
12.042,-0.01681
12.043,-0.030345
12.044,-0.031428
12.045,-0.024045
12.046,-0.012982
12.047,-0.002123
12.048,0.006107
12.049,0.010687
12.05,0.011846
12.051,0.010829
12.052,0.00931
12.053,0.008502
12.054,0.008472
12.055,0.008267
12.056,0.006916
12.057,0.004469
12.058,0.00207
12.059,0.000996
12.06,0.001643
12.061,0.003345
12.062,0.004932
12.063,0.005508
12.064,0.004952
12.065,0.003779
12.066,0.002571
12.067,0.001498
12.068,0.00025
12.069,-0.001627
12.07,-0.004263
12.071,-0.007211
12.072,-0.009713
12.073,-0.01131
12.074,-0.012247
12.075,-0.013257
12.076,-0.014853
12.077,-0.016837
12.078,-0.018414
12.079,-0.018734
12.08,-0.017518
12.081,-0.015364
12.082,-0.01342
12.083,-0.012645
12.084,-0.013243
12.085,-0.014627
12.086,-0.015896
12.087,-0.016437
12.088,-0.016312
12.089,-0.016204
12.09,-0.0168
12.091,-0.018103
12.092,-0.01946
12.093,-0.020223
12.094,-0.020335
12.095,-0.020298
12.096,-0.020585
12.097,-0.02113
12.098,-0.021553
12.099,-0.021954
12.1,-0.023226
12.101,-0.026272
12.102,-0.030714
12.103,-0.034377
12.104,-0.034478
12.105,-0.02981
12.106,-0.021877
12.107,-0.013973
12.108,-0.009174
12.109,-0.008786
12.11,-0.012082
12.111,-0.017134
12.112,-0.02197
12.113,-0.025369
12.114,-0.02707
12.115,-0.027502
12.116,-0.027358
12.117,-0.027243
12.118,-0.027378
12.119,-0.027474
12.12,-0.027063
12.121,-0.026076
12.122,-0.025028
12.123,-0.024595
12.124,-0.024982
12.125,-0.025658
12.126,-0.025732
12.127,-0.024685
12.128,-0.02289
12.129,-0.021448
12.13,-0.021335
12.131,-0.022542
12.132,-0.023991
12.133,-0.024371
12.134,-0.023194
12.135,-0.021282
12.136,-0.020188
12.137,-0.020967
12.138,-0.023388
12.139,-0.026187
12.14,-0.027801
12.141,-0.026784
12.142,-0.021737
12.143,-0.011406
12.144,0.00414
12.145,0.022036
12.146,0.037645
12.147,0.04848
12.148,0.056797
12.149,0.067203
12.15,0.081418
12.151,0.095063
12.152,0.099435
12.153,0.087677
12.154,0.060636
12.155,0.026938
12.156,-0.002655
12.157,-0.021131
12.158,-0.027271
12.159,-0.024082
12.16,-0.016058
12.161,-0.007184
12.162,-0.00011
12.163,0.004007
12.164,0.005351
12.165,0.005047
12.166,0.004529
12.167,0.004842
12.168,0.006121
12.169,0.007637
12.17,0.008507
12.171,0.008497
12.172,0.008232
12.173,0.008686
12.174,0.010295
12.175,0.012463
12.176,0.013913
12.177,0.013565
12.178,0.011217
12.179,0.007593
12.18,0.00384
12.181,0.000828
12.182,-0.001357
12.183,-0.003332
12.184,-0.005802
12.185,-0.008944
12.186,-0.012221
12.187,-0.014698
12.188,-0.015794
12.189,-0.015771
12.19,-0.015409
12.191,-0.015237
12.192,-0.015067
12.193,-0.014228
12.194,-0.012326
12.195,-0.00983
12.196,-0.007844
12.197,-0.007294
12.198,-0.008321
12.199,-0.010274
12.2,-0.012206
12.201,-0.013608
12.202,-0.014809
12.203,-0.016538
12.204,-0.019047
12.205,-0.02173
12.206,-0.023589
12.207,-0.023963
12.208,-0.022977
12.209,-0.021475
12.21,-0.020405
12.211,-0.020114
12.212,-0.020291
12.213,-0.020663
12.214,-0.021627
12.215,-0.023992
12.216,-0.027894
12.217,-0.031887
12.218,-0.033412
12.219,-0.030664
12.22,-0.024243
12.221,-0.016987
12.222,-0.012192
12.223,-0.011715
12.224,-0.01526
12.225,-0.021005
12.226,-0.026726
12.227,-0.030575
12.228,-0.031534
12.229,-0.029845
12.23,-0.026933
12.231,-0.024459
12.232,-0.023195
12.233,-0.022749
12.234,-0.022296
12.235,-0.021493
12.236,-0.020762
12.237,-0.020842
12.238,-0.022142
12.239,-0.024391
12.24,-0.026763
12.241,-0.028384
12.242,-0.028977
12.243,-0.029083
12.244,-0.029512
12.245,-0.030528
12.246,-0.031534
12.247,-0.031559
12.248,-0.03013
12.249,-0.027757
12.25,-0.025619
12.251,-0.024728
12.252,-0.025229
12.253,-0.026371
12.254,-0.027032
12.255,-0.026163
12.256,-0.022622
12.257,-0.014898
12.258,-0.001927
12.259,0.015021
12.26,0.031938
12.261,0.045059
12.262,0.054538
12.263,0.064203
12.264,0.077191
12.265,0.091604
12.266,0.100132
12.267,0.094602
12.268,0.072414
12.269,0.03921
12.27,0.005453
12.271,-0.019488
12.272,-0.031244
12.273,-0.030819
12.274,-0.022545
12.275,-0.011567
12.276,-0.002064
12.277,0.003677
12.278,0.005403
12.279,0.004425
12.28,0.002738
12.281,0.001953
12.282,0.002455
12.283,0.003394
12.284,0.003581
12.285,0.002636
12.286,0.001402
12.287,0.001266
12.288,0.003016
12.289,0.006166
12.29,0.009226
12.291,0.010614
12.292,0.009597
12.293,0.006722
12.294,0.003328
12.295,0.000485
12.296,-0.001754
12.297,-0.004167
12.298,-0.007453
12.299,-0.011502
12.3,-0.01542
12.301,-0.018203
12.302,-0.019481
12.303,-0.019757
12.304,-0.019977
12.305,-0.020788
12.306,-0.021953
12.307,-0.022418
12.308,-0.021147
12.309,-0.01807
12.31,-0.014283
12.311,-0.011295
12.312,-0.009953
12.313,-0.009958
12.314,-0.010419
12.315,-0.010794
12.316,-0.011225
12.317,-0.012238
12.318,-0.014279
12.319,-0.017223
12.32,-0.020157
12.321,-0.02188
12.322,-0.021872
12.323,-0.020708
12.324,-0.019455
12.325,-0.018726
12.326,-0.018382
12.327,-0.018127
12.328,-0.018257
12.329,-0.019526
12.33,-0.022039
12.331,-0.024329
12.332,-0.024046
12.333,-0.020033
12.334,-0.013621
12.335,-0.007803
12.336,-0.005225
12.337,-0.00671
12.338,-0.011231
12.339,-0.016865
12.34,-0.021671
12.341,-0.024247
12.342,-0.024197
12.343,-0.022352
12.344,-0.020305
12.345,-0.019344
12.346,-0.019571
12.347,-0.020003
12.348,-0.01954
12.349,-0.017893
12.35,-0.015768
12.351,-0.014322
12.352,-0.014322
12.353,-0.015592
12.354,-0.017242
12.355,-0.01849
12.356,-0.019254
12.357,-0.02008
12.358,-0.021551
12.359,-0.02365
12.36,-0.025574
12.361,-0.026259
12.362,-0.025277
12.363,-0.023293
12.364,-0.021653
12.365,-0.021407
12.366,-0.022526
12.367,-0.023924
12.368,-0.024129
12.369,-0.02185
12.37,-0.015934
12.371,-0.005316
12.372,0.00986
12.373,0.026766
12.374,0.041025
12.375,0.050683
12.376,0.05849
12.377,0.069151
12.378,0.084035
12.379,0.098252
12.38,0.102775
12.381,0.09072
12.382,0.062994
12.383,0.028243
12.384,-0.002489
12.385,-0.02157
12.386,-0.027255
12.387,-0.022453
12.388,-0.012041
12.389,-0.00078
12.39,0.007856
12.391,0.012266
12.392,0.012803
12.393,0.011204
12.394,0.009484
12.395,0.008883
12.396,0.009441
12.397,0.010265
12.398,0.010274
12.399,0.009097
12.4,0.007445
12.401,0.006571
12.402,0.00726
12.403,0.009165
12.404,0.010988
12.405,0.011358
12.406,0.009824
12.407,0.007222
12.408,0.004955
12.409,0.003714
12.41,0.002909
12.411,0.0014
12.412,-0.001313
12.413,-0.004653
12.414,-0.007516
12.415,-0.009126
12.416,-0.009617
12.417,-0.009951
12.418,-0.011161
12.419,-0.0135
12.42,-0.016165
12.421,-0.017787
12.422,-0.017432
12.423,-0.015378
12.424,-0.012983
12.425,-0.011786
12.426,-0.012471
12.427,-0.014402
12.428,-0.016226
12.429,-0.017029
12.43,-0.016946
12.431,-0.016813
12.432,-0.017314
12.433,-0.018397
12.434,-0.019471
12.435,-0.020024
12.436,-0.019941
12.437,-0.019451
12.438,-0.018931
12.439,-0.018664
12.44,-0.018764
12.441,-0.019414
12.442,-0.021096
12.443,-0.024299
12.444,-0.028709
12.445,-0.032658
12.446,-0.033708
12.447,-0.030338
12.448,-0.023401
12.449,-0.015907
12.45,-0.011214
12.451,-0.011068
12.452,-0.014893
12.453,-0.020543
12.454,-0.025588
12.455,-0.028315
12.456,-0.028261
12.457,-0.026289
12.458,-0.024021
12.459,-0.022806
12.46,-0.022877
12.461,-0.023426
12.462,-0.023507
12.463,-0.022874
12.464,-0.022102
12.465,-0.022105
12.466,-0.023394
12.467,-0.02558
12.468,-0.027606
12.469,-0.028603
12.47,-0.028597
12.471,-0.028437
12.472,-0.028923
12.473,-0.02991
12.474,-0.03029
12.475,-0.028984
12.476,-0.025999
12.477,-0.022519
12.478,-0.020031
12.479,-0.019329
12.48,-0.020114
12.481,-0.021281
12.482,-0.021543
12.483,-0.019816
12.484,-0.015014
12.485,-0.005844
12.486,0.0082
12.487,0.025155
12.488,0.040907
12.489,0.052575
12.49,0.061567
12.491,0.072203
12.492,0.086737
12.493,0.101461
12.494,0.107671
12.495,0.097667
12.496,0.071224
12.497,0.036501
12.498,0.004844
12.499,-0.015517
12.5,-0.022343
12.501,-0.018378
12.502,-0.008576
12.503,0.002362
12.504,0.011249
12.505,0.016595
12.506,0.018412
12.507,0.017942
12.508,0.017
12.509,0.016863
12.51,0.017503
12.511,0.017873
12.512,0.017047
12.513,0.015236
12.514,0.013782
12.515,0.014128
12.516,0.016669
12.517,0.020439
12.518,0.023708
12.519,0.024992
12.52,0.023932
12.521,0.021492
12.522,0.019107
12.523,0.017407
12.524,0.01576
12.525,0.013045
12.526,0.008818
12.527,0.003849
12.528,-0.000411
12.529,-0.002935
12.53,-0.00388
12.531,-0.004403
12.532,-0.005693
12.533,-0.007961
12.534,-0.010176
12.535,-0.010854
12.536,-0.009312
12.537,-0.006313
12.538,-0.003531
12.539,-0.002375
12.54,-0.003083
12.541,-0.00476
12.542,-0.006232
12.543,-0.006902
12.544,-0.007036
12.545,-0.007446
12.546,-0.008757
12.547,-0.010786
12.548,-0.012672
12.549,-0.013575
12.55,-0.013307
12.551,-0.012486
12.552,-0.01211
12.553,-0.012784
12.554,-0.014402
12.555,-0.016602
12.556,-0.019285
12.557,-0.022528
12.558,-0.025904
12.559,-0.027974
12.56,-0.026943
12.561,-0.022232
12.562,-0.015361
12.563,-0.009253
12.564,-0.006604
12.565,-0.008414
12.566,-0.01363
12.567,-0.019915
12.568,-0.024895
12.569,-0.027184
12.57,-0.026811
12.571,-0.024948
12.572,-0.023082
12.573,-0.022065
12.574,-0.021718
12.575,-0.021211
12.576,-0.019846
12.577,-0.017711
12.578,-0.015761
12.579,-0.015118
12.58,-0.016136
12.581,-0.018096
12.582,-0.019782
12.583,-0.020448
12.584,-0.020409
12.585,-0.020703
12.586,-0.022094
12.587,-0.024274
12.588,-0.026032
12.589,-0.026214
12.59,-0.024691
12.591,-0.022538
12.592,-0.021263
12.593,-0.021721
12.594,-0.023547
12.595,-0.025361
12.596,-0.025451
12.597,-0.022351
12.598,-0.014936
12.599,-0.002661
12.6,0.013334
12.601,0.029588
12.602,0.042416
12.603,0.051522
12.604,0.060646
12.605,0.073632
12.606,0.089604
12.607,0.10173
12.608,0.100963
12.609,0.08265
12.61,0.050731
12.611,0.015652
12.612,-0.012002
12.613,-0.026653
12.614,-0.028562
12.615,-0.021606
12.616,-0.010636
12.617,0.000173
12.618,0.007998
12.619,0.011687
12.62,0.011861
12.621,0.01039
12.622,0.009173
12.623,0.009035
12.624,0.009505
12.625,0.009541
12.626,0.008608
12.627,0.007229
12.628,0.006525
12.629,0.00728
12.63,0.009283
12.631,0.01144
12.632,0.01252
12.633,0.011936
12.634,0.010076
12.635,0.008045
12.636,0.006901
12.637,0.006809
12.638,0.006801
12.639,0.005562
12.64,0.002585
12.641,-0.001446
12.642,-0.005287
12.643,-0.008082
12.644,-0.009909
12.645,-0.011604
12.646,-0.013943
12.647,-0.016767
12.648,-0.018928
12.649,-0.019197
12.65,-0.017316
12.651,-0.014286
12.652,-0.011686
12.653,-0.010593
12.654,-0.010985
12.655,-0.011964
12.656,-0.012504
12.657,-0.012202
12.658,-0.011584
12.659,-0.011651
12.66,-0.01293
12.661,-0.014954
12.662,-0.01671
12.663,-0.017532
12.664,-0.017568
12.665,-0.017506
12.666,-0.017875
12.667,-0.018569
12.668,-0.01914
12.669,-0.019587
12.67,-0.020609
12.671,-0.022901
12.672,-0.02613
12.673,-0.028548
12.674,-0.027947
12.675,-0.023385
12.676,-0.016143
12.677,-0.009168
12.678,-0.005486
12.679,-0.006594
12.68,-0.011794
12.681,-0.018748
12.682,-0.024793
12.683,-0.028254
12.684,-0.029079
12.685,-0.028596
12.686,-0.028494
12.687,-0.029548
12.688,-0.031085
12.689,-0.031683
12.69,-0.030443
12.691,-0.027843
12.692,-0.025465
12.693,-0.024715
12.694,-0.025664
12.695,-0.027064
12.696,-0.027451
12.697,-0.026325
12.698,-0.024559
12.699,-0.023802
12.7,-0.02523
12.701,-0.028551
12.702,-0.032094
12.703,-0.033999
12.704,-0.033536
12.705,-0.03157
12.706,-0.029853
12.707,-0.029699
12.708,-0.031074
12.709,-0.03278
12.71,-0.03327
12.711,-0.031051
12.712,-0.024548
12.713,-0.012497
12.714,0.004467
12.715,0.022617
12.716,0.037041
12.717,0.046196
12.718,0.054082
12.719,0.066385
12.72,0.083775
12.721,0.099059
12.722,0.101393
12.723,0.0844
12.724,0.051397
12.725,0.013525
12.726,-0.017007
12.727,-0.032972
12.728,-0.03399
12.729,-0.024752
12.73,-0.011914
12.731,-0.00112
12.732,0.005113
12.733,0.007712
12.734,0.009192
12.735,0.011116
12.736,0.013093
12.737,0.013767
12.738,0.012392
12.739,0.009542
12.74,0.006692
12.741,0.005312
12.742,0.006076
12.743,0.008452
12.744,0.011015
12.745,0.012446
12.746,0.012351
12.747,0.011258
12.748,0.010121
12.749,0.009757
12.75,0.010236
12.751,0.010475
12.752,0.008709
12.753,0.004002
12.754,-0.002299
12.755,-0.006801
12.756,-0.006478
12.757,-0.001508
12.758,0.004284
12.759,0.006286
12.76,0.003293
12.761,-0.000742
12.762,-0.000474
12.763,0.004594
12.764,0.009263
12.765,0.009038
12.766,0.005871
12.767,0.005784
12.768,0.010972
12.769,0.016783
12.77,0.01834
12.771,0.017316
12.772,0.018729
12.773,0.023224
12.774,0.026458
12.775,0.025347
12.776,0.021858
12.777,0.019908
12.778,0.020017
12.779,0.019024
12.78,0.015292
12.781,0.011644
12.782,0.011259
12.783,0.012688
12.784,0.012309
12.785,0.011177
12.786,0.015453
12.787,0.028384
12.788,0.044749
12.789,0.055621
12.79,0.057033
12.791,0.052116
12.792,0.046184
12.793,0.042011
12.794,0.039652
12.795,0.038558
12.796,0.038471
12.797,0.03892
12.798,0.038778
12.799,0.036693
12.8,0.032737
12.801,0.029477
12.802,0.030281
12.803,0.036126
12.804,0.043996
12.805,0.048763
12.806,0.04785
12.807,0.044266
12.808,0.043857
12.809,0.049234
12.81,0.057165
12.811,0.061977
12.812,0.06083
12.813,0.055485
12.814,0.050055
12.815,0.047911
12.816,0.049935
12.817,0.054392
12.818,0.058209
12.819,0.058933
12.82,0.05624
12.821,0.052055
12.822,0.049327
12.823,0.050796
12.824,0.058404
12.825,0.07209
12.826,0.087662
12.827,0.096975
12.828,0.093657
12.829,0.081081
12.83,0.073227
12.831,0.084191
12.832,0.114936
12.833,0.150177
12.834,0.168732
12.835,0.158512
12.836,0.123824
12.837,0.08052
12.838,0.044938
12.839,0.025613
12.84,0.022006
12.841,0.028368
12.842,0.038261
12.843,0.047128
12.844,0.052906
12.845,0.055564
12.846,0.056322
12.847,0.056831
12.848,0.058281
12.849,0.060681
12.85,0.062876
12.851,0.063398
12.852,0.061635
12.853,0.058385
12.854,0.055342
12.855,0.053965
12.856,0.054654
12.857,0.056647
12.858,0.058487
12.859,0.058924
12.86,0.057764
12.861,0.055899
12.862,0.05446
12.863,0.053924
12.864,0.053785
12.865,0.052958
12.866,0.050756
12.867,0.047647
12.868,0.044898
12.869,0.043301
12.87,0.042252
12.871,0.040234
12.872,0.036315
12.873,0.031156
12.874,0.02657
12.875,0.024183
12.876,0.024452
12.877,0.026539
12.878,0.028861
12.879,0.030031
12.88,0.029698
12.881,0.028599
12.882,0.027776
12.883,0.027715
12.884,0.028075
12.885,0.028027
12.886,0.026995
12.887,0.025271
12.888,0.023751
12.889,0.022908
12.89,0.022139
12.891,0.020293
12.892,0.016979
12.893,0.013283
12.894,0.011027
12.895,0.011171
12.896,0.012846
12.897,0.013991
12.898,0.013245
12.899,0.011372
12.9,0.010594
12.901,0.012363
12.902,0.015905
12.903,0.018783
12.904,0.018671
12.905,0.014805
12.906,0.008302
12.907,0.001433
12.908,-0.003593
12.909,-0.005794
12.91,-0.005864
12.911,-0.005558
12.912,-0.006443
12.913,-0.008886
12.914,-0.011925
12.915,-0.014074
12.916,-0.014444
12.917,-0.0133
12.918,-0.011702
12.919,-0.010589
12.92,-0.010161
12.921,-0.010035
12.922,-0.009792
12.923,-0.009308
12.924,-0.008788
12.925,-0.008642
12.926,-0.009104
12.927,-0.009856
12.928,-0.010186
12.929,-0.009719
12.93,-0.008989
12.931,-0.009213
12.932,-0.011362
12.933,-0.015264
12.934,-0.019522
12.935,-0.022298
12.936,-0.022187
12.937,-0.018285
12.938,-0.00969
12.939,0.004123
12.94,0.021496
12.941,0.037823
12.942,0.048716
12.943,0.055082
12.944,0.063639
12.945,0.080426
12.946,0.10334
12.947,0.12142
12.948,0.122059
12.949,0.100224
12.95,0.062143
12.951,0.021064
12.952,-0.010672
12.953,-0.027186
12.954,-0.02959
12.955,-0.023069
12.956,-0.013389
12.957,-0.004624
12.958,0.001451
12.959,0.004857
12.96,0.006568
12.961,0.007754
12.962,0.00925
12.963,0.011252
12.964,0.013258
12.965,0.014451
12.966,0.014362
12.967,0.013331
12.968,0.012386
12.969,0.012457
12.97,0.013446
12.971,0.014122
12.972,0.013164
12.973,0.010361
12.974,0.006743
12.975,0.00365
12.976,0.001785
12.977,0.00097
12.978,0.00049
12.979,-0.000389
12.98,-0.001933
12.981,-0.003756
12.982,-0.00516
12.983,-0.005784
12.984,-0.005989
12.985,-0.006575
12.986,-0.008015
12.987,-0.009917
12.988,-0.011263
12.989,-0.011317
12.99,-0.010341
12.991,-0.009429
12.992,-0.009623
12.993,-0.011193
12.994,-0.013673
12.995,-0.016377
12.996,-0.018748
12.997,-0.020417
12.998,-0.021216
12.999,-0.021227
13.0,-0.020776
13.001,-0.020284
13.002,-0.020067
13.003,-0.020158
13.004,-0.020315
13.005,-0.020268
13.006,-0.019836
13.007,-0.018772
13.008,-0.016775
13.009,-0.013967
13.01,-0.011415
13.011,-0.010972
13.012,-0.014207
13.013,-0.021023
13.014,-0.02896
13.015,-0.034146
13.016,-0.033749
13.017,-0.028076
13.018,-0.020412
13.019,-0.014766
13.02,-0.01341
13.021,-0.016011
13.022,-0.020613
13.023,-0.025189
13.024,-0.028473
13.025,-0.030041
13.026,-0.030071
13.027,-0.028973
13.028,-0.027119
13.029,-0.024889
13.03,-0.022794
13.031,-0.021396
13.032,-0.020998
13.033,-0.021526
13.034,-0.022795
13.035,-0.024701
13.036,-0.027037
13.037,-0.029322
13.038,-0.031027
13.039,-0.031963
13.04,-0.032412
13.041,-0.032883
13.042,-0.033635
13.043,-0.034306
13.044,-0.034133
13.045,-0.032713
13.046,-0.030438
13.047,-0.028114
13.048,-0.026376
13.049,-0.025529
13.05,-0.025616
13.051,-0.026346
13.052,-0.026848
13.053,-0.025459
13.054,-0.019886
13.055,-0.008505
13.056,0.007447
13.057,0.023372
13.058,0.034744
13.059,0.041728
13.06,0.049433
13.061,0.062649
13.062,0.080032
13.063,0.093202
13.064,0.092106
13.065,0.072727
13.066,0.040494
13.067,0.006713
13.068,-0.018221
13.069,-0.029603
13.07,-0.028948
13.071,-0.021223
13.072,-0.011446
13.073,-0.002886
13.074,0.002911
13.075,0.005529
13.076,0.005406
13.077,0.003698
13.078,0.001822
13.079,0.000738
13.08,0.000461
13.081,0.000311
13.082,-0.000242
13.083,-0.000893
13.084,-0.000706
13.085,0.000997
13.086,0.004057
13.087,0.007686
13.088,0.010975
13.089,0.013188
13.09,0.013849
13.091,0.012858
13.092,0.010538
13.093,0.007368
13.094,0.00365
13.095,-0.000455
13.096,-0.004681
13.097,-0.008639
13.098,-0.012021
13.099,-0.014747
13.1,-0.016984
13.101,-0.019037
13.102,-0.021038
13.103,-0.022703
13.104,-0.023511
13.105,-0.023125
13.106,-0.021582
13.107,-0.019225
13.108,-0.016567
13.109,-0.014109
13.11,-0.012211
13.111,-0.011054
13.112,-0.01064
13.113,-0.010836
13.114,-0.011517
13.115,-0.012756
13.116,-0.014771
13.117,-0.017562
13.118,-0.020638
13.119,-0.023255
13.12,-0.024953
13.121,-0.025797
13.122,-0.026139
13.123,-0.026189
13.124,-0.025938
13.125,-0.025624
13.126,-0.026051
13.127,-0.028096
13.128,-0.031784
13.129,-0.03574
13.13,-0.037495
13.131,-0.03489
13.132,-0.027761
13.133,-0.018332
13.134,-0.009976
13.135,-0.005451
13.136,-0.005706
13.137,-0.009735
13.138,-0.015473
13.139,-0.020964
13.14,-0.025059
13.141,-0.027555
13.142,-0.028897
13.143,-0.029651
13.144,-0.030113
13.145,-0.030252
13.146,-0.029819
13.147,-0.028545
13.148,-0.026458
13.149,-0.024082
13.15,-0.022212
13.151,-0.021373
13.152,-0.021408
13.153,-0.021609
13.154,-0.021359
13.155,-0.020814
13.156,-0.020864
13.157,-0.022272
13.158,-0.024859
13.159,-0.027648
13.16,-0.02968
13.161,-0.030588
13.162,-0.030647
13.163,-0.030454
13.164,-0.030454
13.165,-0.030704
13.166,-0.030907
13.167,-0.030363
13.168,-0.027771
13.169,-0.021268
13.17,-0.009205
13.171,0.008141
13.172,0.027299
13.173,0.04322
13.174,0.053483
13.175,0.060663
13.176,0.069601
13.177,0.081959
13.178,0.093119
13.179,0.094343
13.18,0.079208
13.181,0.049287
13.182,0.013853
13.183,-0.01589
13.184,-0.03281
13.185,-0.036065
13.186,-0.029415
13.187,-0.017974
13.188,-0.005952
13.189,0.003888
13.19,0.010094
13.191,0.01255
13.192,0.012371
13.193,0.011235
13.194,0.010387
13.195,0.010029
13.196,0.009589
13.197,0.008543
13.198,0.006966
13.199,0.005493
13.2,0.004852
13.201,0.005314
13.202,0.006503
13.203,0.007666
13.204,0.008093
13.205,0.007445
13.206,0.005926
13.207,0.004197
13.208,0.002861
13.209,0.001869
13.21,0.000561
13.211,-0.001584
13.212,-0.004351
13.213,-0.006999
13.214,-0.008925
13.215,-0.010098
13.216,-0.010996
13.217,-0.012211
13.218,-0.013982
13.219,-0.015983
13.22,-0.017499
13.221,-0.017918
13.222,-0.017175
13.223,-0.015809
13.224,-0.014613
13.225,-0.014154
13.226,-0.014463
13.227,-0.015111
13.228,-0.015618
13.229,-0.015856
13.23,-0.016147
13.231,-0.016886
13.232,-0.018054
13.233,-0.019209
13.234,-0.019911
13.235,-0.019994
13.236,-0.019562
13.237,-0.018919
13.238,-0.018421
13.239,-0.018337
13.24,-0.018968
13.241,-0.020772
13.242,-0.024052
13.243,-0.028354
13.244,-0.032121
13.245,-0.033115
13.246,-0.02979
13.247,-0.022653
13.248,-0.014249
13.249,-0.007668
13.25,-0.004881
13.251,-0.006055
13.252,-0.009938
13.253,-0.014742
13.254,-0.018943
13.255,-0.021739
13.256,-0.023136
13.257,-0.023666
13.258,-0.023904
13.259,-0.024166
13.26,-0.024476
13.261,-0.024679
13.262,-0.024631
13.263,-0.024434
13.264,-0.024456
13.265,-0.02503
13.266,-0.026089
13.267,-0.027031
13.268,-0.027051
13.269,-0.025902
13.27,-0.024397
13.271,-0.023896
13.272,-0.025102
13.273,-0.027405
13.274,-0.029389
13.275,-0.029917
13.276,-0.028871
13.277,-0.027053
13.278,-0.025532
13.279,-0.024961
13.28,-0.025264
13.281,-0.025769
13.282,-0.025446
13.283,-0.022903
13.284,-0.016346
13.285,-0.004263
13.286,0.012848
13.287,0.031407
13.288,0.046722
13.289,0.05694
13.29,0.064628
13.291,0.073911
13.292,0.085847
13.293,0.09591
13.294,0.09601
13.295,0.080514
13.296,0.051437
13.297,0.017797
13.298,-0.009954
13.299,-0.025417
13.3,-0.028171
13.301,-0.022096
13.302,-0.012271
13.303,-0.002671
13.304,0.004581
13.305,0.008883
13.306,0.010621
13.307,0.01081
13.308,0.010622
13.309,0.010788
13.31,0.011251
13.311,0.011419
13.312,0.010832
13.313,0.009689
13.314,0.008766
13.315,0.008849
13.316,0.01014
13.317,0.012028
13.318,0.013444
13.319,0.013573
13.32,0.012323
13.321,0.010258
13.322,0.008141
13.323,0.006364
13.324,0.004643
13.325,0.002315
13.326,-0.00097
13.327,-0.004818
13.328,-0.008323
13.329,-0.010754
13.33,-0.012107
13.331,-0.013017
13.332,-0.014031
13.333,-0.015015
13.334,-0.015371
13.335,-0.014712
13.336,-0.013173
13.337,-0.011229
13.338,-0.00941
13.339,-0.008169
13.34,-0.007832
13.341,-0.008502
13.342,-0.00987
13.343,-0.011298
13.344,-0.012344
13.345,-0.013236
13.346,-0.014654
13.347,-0.016897
13.348,-0.019361
13.349,-0.020977
13.35,-0.021139
13.351,-0.020138
13.352,-0.01875
13.353,-0.017579
13.354,-0.016939
13.355,-0.017144
13.356,-0.018588
13.357,-0.021399
13.358,-0.024981
13.359,-0.027739
13.36,-0.027523
13.361,-0.02309
13.362,-0.015461
13.363,-0.007635
13.364,-0.002783
13.365,-0.002503
13.366,-0.006342
13.367,-0.012451
13.368,-0.018578
13.369,-0.022962
13.37,-0.024893
13.371,-0.024688
13.372,-0.023216
13.373,-0.021401
13.374,-0.019841
13.375,-0.018572
13.376,-0.017214
13.377,-0.015476
13.378,-0.01359
13.379,-0.012259
13.38,-0.012181
13.381,-0.013523
13.382,-0.015728
13.383,-0.017855
13.384,-0.019372
13.385,-0.020687
13.386,-0.02263
13.387,-0.025307
13.388,-0.027721
13.389,-0.028621
13.39,-0.027575
13.391,-0.025242
13.392,-0.022823
13.393,-0.021277
13.394,-0.02084
13.395,-0.021024
13.396,-0.020939
13.397,-0.019575
13.398,-0.01574
13.399,-0.007916
13.4,0.004998
13.401,0.021901
13.402,0.03886
13.403,0.051704
13.404,0.059841
13.405,0.06682
13.406,0.076511
13.407,0.088484
13.408,0.096626
13.409,0.09276
13.41,0.073135
13.411,0.042185
13.412,0.01005
13.413,-0.013576
13.414,-0.024179
13.415,-0.023022
13.416,-0.014635
13.417,-0.003858
13.418,0.005784
13.419,0.012326
13.42,0.015191
13.421,0.0151
13.422,0.01373
13.423,0.01277
13.424,0.012852
13.425,0.013301
13.426,0.012997
13.427,0.011523
13.428,0.009531
13.429,0.00824
13.43,0.008582
13.431,0.01055
13.432,0.013169
13.433,0.015164
13.434,0.015747
13.435,0.014967
13.436,0.013496
13.437,0.012036
13.438,0.010764
13.439,0.009281
13.44,0.00703
13.441,0.003784
13.442,-0.000116
13.443,-0.00394
13.444,-0.007075
13.445,-0.009449
13.446,-0.011409
13.447,-0.013224
13.448,-0.014757
13.449,-0.015537
13.45,-0.015106
13.451,-0.01339
13.452,-0.01084
13.453,-0.008241
13.454,-0.006344
13.455,-0.005524
13.456,-0.005617
13.457,-0.006022
13.458,-0.006244
13.459,-0.006447
13.46,-0.007307
13.461,-0.009258
13.462,-0.011925
13.463,-0.014293
13.464,-0.015499
13.465,-0.015561
13.466,-0.01525
13.467,-0.015207
13.468,-0.01535
13.469,-0.015332
13.47,-0.015421
13.471,-0.0166
13.472,-0.019594
13.473,-0.023691
13.474,-0.026607
13.475,-0.02592
13.476,-0.020981
13.477,-0.013504
13.478,-0.006488
13.479,-0.002551
13.48,-0.002745
13.481,-0.006401
13.482,-0.011814
13.483,-0.017053
13.484,-0.02064
13.485,-0.022083
13.486,-0.021921
13.487,-0.021194
13.488,-0.020739
13.489,-0.020746
13.49,-0.020809
13.491,-0.020392
13.492,-0.019368
13.493,-0.018178
13.494,-0.017483
13.495,-0.017624
13.496,-0.018312
13.497,-0.018782
13.498,-0.01841
13.499,-0.017376
13.5,-0.016643
13.501,-0.017126
13.502,-0.018909
13.503,-0.021182
13.504,-0.02286
13.505,-0.023429
13.506,-0.023288
13.507,-0.023235
13.508,-0.023737
13.509,-0.024704
13.51,-0.025638
13.511,-0.025715
13.512,-0.023713
13.513,-0.01801
13.514,-0.007047
13.515,0.009225
13.516,0.027886
13.517,0.044142
13.518,0.055217
13.519,0.062995
13.52,0.071957
13.521,0.084165
13.522,0.095926
13.523,0.099152
13.524,0.087116
13.525,0.060265
13.526,0.026692
13.527,-0.002999
13.528,-0.021545
13.529,-0.02742
13.53,-0.023543
13.531,-0.014504
13.532,-0.004366
13.533,0.004156
13.534,0.009677
13.535,0.012068
13.536,0.012357
13.537,0.012121
13.538,0.012472
13.539,0.013366
13.54,0.013885
13.541,0.013248
13.542,0.011637
13.543,0.010115
13.544,0.009763
13.545,0.010844
13.546,0.012672
13.547,0.014144
13.548,0.014469
13.549,0.0136
13.55,0.012087
13.551,0.010536
13.552,0.009162
13.553,0.007715
13.554,0.005677
13.555,0.002635
13.556,-0.001332
13.557,-0.005555
13.558,-0.009176
13.559,-0.011776
13.56,-0.013641
13.561,-0.015341
13.562,-0.016993
13.563,-0.018009
13.564,-0.017613
13.565,-0.01564
13.566,-0.012771
13.567,-0.010085
13.568,-0.008433
13.569,-0.008063
13.57,-0.008633
13.571,-0.009527
13.572,-0.010215
13.573,-0.010531
13.574,-0.010825
13.575,-0.011755
13.576,-0.013682
13.577,-0.01618
13.578,-0.018252
13.579,-0.019071
13.58,-0.01857
13.581,-0.017362
13.582,-0.016057
13.583,-0.014817
13.584,-0.013765
13.585,-0.013673
13.586,-0.015723
13.587,-0.020165
13.588,-0.02528
13.589,-0.028058
13.59,-0.026317
13.591,-0.020391
13.592,-0.012949
13.593,-0.007341
13.594,-0.005787
13.595,-0.008406
13.596,-0.013502
13.597,-0.018709
13.598,-0.022189
13.599,-0.023343
13.6,-0.022835
13.601,-0.021955
13.602,-0.021691
13.603,-0.022083
13.604,-0.022332
13.605,-0.02159
13.606,-0.019719
13.607,-0.017399
13.608,-0.015674
13.609,-0.015309
13.61,-0.016335
13.611,-0.018012
13.612,-0.019323
13.613,-0.019698
13.614,-0.019419
13.615,-0.019328
13.616,-0.020058
13.617,-0.021404
13.618,-0.022386
13.619,-0.022034
13.62,-0.020256
13.621,-0.017931
13.622,-0.016213
13.623,-0.015738
13.624,-0.016298
13.625,-0.017091
13.626,-0.017027
13.627,-0.014638
13.628,-0.008021
13.629,0.004207
13.63,0.020967
13.631,0.038174
13.632,0.051604
13.633,0.060813
13.634,0.069419
13.635,0.080994
13.636,0.094584
13.637,0.103764
13.638,0.100369
13.639,0.080746
13.64,0.049266
13.641,0.015809
13.642,-0.010052
13.643,-0.023383
13.644,-0.024673
13.645,-0.017922
13.646,-0.008002
13.647,0.001223
13.648,0.007681
13.649,0.010999
13.65,0.011934
13.651,0.01172
13.652,0.011463
13.653,0.011633
13.654,0.011958
13.655,0.011862
13.656,0.011132
13.657,0.01026
13.658,0.010156
13.659,0.011467
13.66,0.013926
13.661,0.016292
13.662,0.017189
13.663,0.016158
13.664,0.013805
13.665,0.011084
13.666,0.008625
13.667,0.006523
13.668,0.004378
13.669,0.001585
13.67,-0.002159
13.671,-0.006447
13.672,-0.010201
13.673,-0.012366
13.674,-0.012845
13.675,-0.012684
13.676,-0.013095
13.677,-0.014271
13.678,-0.015256
13.679,-0.014915
13.68,-0.012972
13.681,-0.010253
13.682,-0.00809
13.683,-0.007399
13.684,-0.008145
13.685,-0.009649
13.686,-0.01124
13.687,-0.012598
13.688,-0.013776
13.689,-0.015098
13.69,-0.016906
13.691,-0.019144
13.692,-0.02118
13.693,-0.022227
13.694,-0.022029
13.695,-0.021068
13.696,-0.020021
13.697,-0.019156
13.698,-0.018444
13.699,-0.018191
13.7,-0.019203
13.701,-0.022041
13.702,-0.02595
13.703,-0.028644
13.704,-0.02763
13.705,-0.022219
13.706,-0.014373
13.707,-0.007564
13.708,-0.004666
13.709,-0.006495
13.71,-0.011811
13.711,-0.018318
13.712,-0.023751
13.713,-0.02666
13.714,-0.026929
13.715,-0.025695
13.716,-0.024464
13.717,-0.024032
13.718,-0.024074
13.719,-0.023674
13.72,-0.022215
13.721,-0.019918
13.722,-0.017736
13.723,-0.016719
13.724,-0.017316
13.725,-0.019109
13.726,-0.021089
13.727,-0.022325
13.728,-0.022617
13.729,-0.022641
13.73,-0.0233
13.731,-0.024827
13.732,-0.026496
13.733,-0.027258
13.734,-0.026697
13.735,-0.025431
13.736,-0.024606
13.737,-0.024953
13.738,-0.02622
13.739,-0.027392
13.74,-0.027304
13.741,-0.024882
13.742,-0.018789
13.743,-0.007532
13.744,0.008913
13.745,0.027492
13.746,0.043525
13.747,0.054762
13.748,0.063506
13.749,0.073985
13.75,0.087366
13.751,0.098909
13.752,0.100111
13.753,0.085016
13.754,0.05552
13.755,0.020757
13.756,-0.008522
13.757,-0.02559
13.758,-0.029659
13.759,-0.024125
13.76,-0.013729
13.761,-0.002646
13.762,0.006342
13.763,0.012043
13.764,0.014617
13.765,0.015051
13.766,0.014549
13.767,0.013981
13.768,0.01353
13.769,0.012709
13.77,0.010973
13.771,0.008533
13.772,0.006548
13.773,0.006356
13.774,0.008347
13.775,0.011484
13.776,0.013957
13.777,0.014471
13.778,0.013063
13.779,0.010829
13.78,0.008915
13.781,0.007632
13.782,0.006402
13.783,0.004485
13.784,0.001712
13.785,-0.001456
13.786,-0.004366
13.787,-0.006613
13.788,-0.008277
13.789,-0.009877
13.79,-0.012012
13.791,-0.0148
13.792,-0.017484
13.793,-0.018779
13.794,-0.017928
13.795,-0.015481
13.796,-0.012936
13.797,-0.011565
13.798,-0.011559
13.799,-0.01215
13.8,-0.012381
13.801,-0.011873
13.802,-0.011076
13.803,-0.010846
13.804,-0.011755
13.805,-0.013677
13.806,-0.015816
13.807,-0.017221
13.808,-0.017509
13.809,-0.017083
13.81,-0.016663
13.811,-0.016687
13.812,-0.017207
13.813,-0.018311
13.814,-0.020432
13.815,-0.024029
13.816,-0.028645
13.817,-0.032274
13.818,-0.032262
13.819,-0.027459
13.82,-0.019499
13.821,-0.011914
13.822,-0.007965
13.823,-0.008893
13.824,-0.013615
13.825,-0.01976
13.826,-0.025008
13.827,-0.027925
13.828,-0.028272
13.829,-0.02697
13.83,-0.025597
13.831,-0.02536
13.832,-0.026208
13.833,-0.026987
13.834,-0.026575
13.835,-0.02489
13.836,-0.022865
13.837,-0.021602
13.838,-0.021542
13.839,-0.022243
13.84,-0.022839
13.841,-0.022789
13.842,-0.022368
13.843,-0.022476
13.844,-0.02385
13.845,-0.026317
13.846,-0.028806
13.847,-0.03014
13.848,-0.029913
13.849,-0.02879
13.85,-0.02804
13.851,-0.028563
13.852,-0.030158
13.853,-0.031659
13.854,-0.031711
13.855,-0.029237
13.856,-0.02318
13.857,-0.012414
13.858,0.003068
13.859,0.020679
13.86,0.036199
13.861,0.047381
13.862,0.056332
13.863,0.067404
13.864,0.082174
13.865,0.096011
13.866,0.099787
13.867,0.086422
13.868,0.056983
13.869,0.020651
13.87,-0.011177
13.871,-0.031095
13.872,-0.037785
13.873,-0.034267
13.874,-0.025094
13.875,-0.014389
13.876,-0.004992
13.877,0.001633
13.878,0.005272
13.879,0.006761
13.88,0.007413
13.881,0.008161
13.882,0.009083
13.883,0.009568
13.884,0.008919
13.885,0.00706
13.886,0.004849
13.887,0.003534
13.888,0.003705
13.889,0.004728
13.89,0.0052
13.891,0.004059
13.892,0.001443
13.893,-0.001476
13.894,-0.003541
13.895,-0.004496
13.896,-0.00499
13.897,-0.005906
13.898,-0.007674
13.899,-0.009967
13.9,-0.011959
13.901,-0.013049
13.902,-0.013433
13.903,-0.013911
13.904,-0.015189
13.905,-0.017296
13.906,-0.019431
13.907,-0.020399
13.908,-0.019506
13.909,-0.017213
13.91,-0.014886
13.911,-0.013835
13.912,-0.014389
13.913,-0.015688
13.914,-0.016312
13.915,-0.015305
13.916,-0.0129
13.917,-0.010397
13.918,-0.009137
13.919,-0.009496
13.92,-0.010795
13.921,-0.012039
13.922,-0.012659
13.923,-0.012759
13.924,-0.012911
13.925,-0.013739
13.926,-0.015525
13.927,-0.018157
13.928,-0.021436
13.929,-0.025261
13.93,-0.029207
13.931,-0.031802
13.932,-0.030916
13.933,-0.025556
13.934,-0.01726
13.935,-0.00942
13.936,-0.005183
13.937,-0.005737
13.938,-0.010057
13.939,-0.015896
13.94,-0.021062
13.941,-0.024207
13.942,-0.025089
13.943,-0.024496
13.944,-0.023786
13.945,-0.02404
13.946,-0.025233
13.947,-0.026218
13.948,-0.025747
13.949,-0.023648
13.95,-0.021041
13.951,-0.019428
13.952,-0.019485
13.953,-0.020578
13.954,-0.021392
13.955,-0.021112
13.956,-0.020133
13.957,-0.019694
13.958,-0.020803
13.959,-0.023356
13.96,-0.026216
13.961,-0.028103
13.962,-0.028476
13.963,-0.02779
13.964,-0.0271
13.965,-0.027252
13.966,-0.028203
13.967,-0.028986
13.968,-0.02834
13.969,-0.025271
13.97,-0.018911
13.971,-0.008211
13.972,0.00719
13.973,0.025239
13.974,0.041579
13.975,0.052933
13.976,0.060492
13.977,0.068879
13.978,0.081106
13.979,0.094214
13.98,0.099731
13.981,0.089516
13.982,0.062621
13.983,0.026835
13.984,-0.006348
13.985,-0.028349
13.986,-0.036609
13.987,-0.033533
13.988,-0.023701
13.989,-0.011703
13.99,-0.001168
13.991,0.005688
13.992,0.008428
13.993,0.008294
13.994,0.007294
13.995,0.006903
13.996,0.007291
13.997,0.007596
13.998,0.006898
13.999,0.005072
14.0,0.002954
14.001,0.001738
14.002,0.002069
14.003,0.003576
14.004,0.005239
14.005,0.006123
14.006,0.005936
14.007,0.005149
14.008,0.004569
14.009,0.004555
14.01,0.004553
14.011,0.003497
14.012,0.000793
14.013,-0.003083
14.014,-0.00694
14.015,-0.00983
14.016,-0.011722
14.017,-0.013358
14.018,-0.015473
14.019,-0.018132
14.02,-0.02066
14.021,-0.022089
14.022,-0.021777
14.023,-0.019887
14.024,-0.01742
14.025,-0.01562
14.026,-0.015107
14.027,-0.01546
14.028,-0.015656
14.029,-0.015043
14.03,-0.014042
14.031,-0.013819
14.032,-0.015127
14.033,-0.017479
14.034,-0.019552
14.035,-0.020318
14.036,-0.019783
14.037,-0.01886
14.038,-0.018642
14.039,-0.019679
14.04,-0.021862
14.041,-0.02493
14.042,-0.028866
14.043,-0.033595
14.044,-0.038196
14.045,-0.040625
14.046,-0.038723
14.047,-0.031986
14.048,-0.022399
14.049,-0.013487
14.05,-0.008398
14.051,-0.008439
14.052,-0.012791
14.053,-0.019231
14.054,-0.025233
14.055,-0.028967
14.056,-0.029861
14.057,-0.028689
14.058,-0.027027
14.059,-0.026184
14.06,-0.026287
14.061,-0.026352
14.062,-0.025292
14.063,-0.023031
14.064,-0.020761
14.065,-0.020053
14.066,-0.021455
14.067,-0.023887
14.068,-0.025563
14.069,-0.025566
14.07,-0.024536
14.071,-0.023939
14.072,-0.024744
14.073,-0.026714
14.074,-0.028722
14.075,-0.029605
14.076,-0.028915
14.077,-0.027222
14.078,-0.025763
14.079,-0.025535
14.08,-0.026526
14.081,-0.027802
14.082,-0.028184
14.083,-0.026599
14.084,-0.02185
14.085,-0.012567
14.086,0.001662
14.087,0.018638
14.088,0.034067
14.089,0.045139
14.09,0.053468
14.091,0.063461
14.092,0.077319
14.093,0.09135
14.094,0.097029
14.095,0.086866
14.096,0.060613
14.097,0.026147
14.098,-0.0055
14.099,-0.026177
14.1,-0.033462
14.101,-0.029777
14.102,-0.01978
14.103,-0.008188
14.104,0.001341
14.105,0.006759
14.106,0.008014
14.107,0.006832
14.108,0.005526
14.109,0.005517
14.11,0.006625
14.111,0.007458
14.112,0.006615
14.113,0.003902
14.114,0.00064
14.115,-0.001251
14.116,-0.00076
14.117,0.001325
14.118,0.003053
14.119,0.002959
14.12,0.001167
14.121,-0.000907
14.122,-0.00189
14.123,-0.001695
14.124,-0.001601
14.125,-0.00302
14.126,-0.006146
14.127,-0.009885
14.128,-0.012934
14.129,-0.014753
14.13,-0.015769
14.131,-0.016991
14.132,-0.01928
14.133,-0.022667
14.134,-0.026214
14.135,-0.028574
14.136,-0.02893
14.137,-0.027592
14.138,-0.025721
14.139,-0.024375
14.14,-0.023635
14.141,-0.022506
14.142,-0.020012
14.143,-0.016619
14.144,-0.014176
14.145,-0.014043
14.146,-0.015606
14.147,-0.017034
14.148,-0.017297
14.149,-0.016933
14.15,-0.017055
14.151,-0.018268
14.152,-0.02039
14.153,-0.022679
14.154,-0.024496
14.155,-0.026023
14.156,-0.028214
14.157,-0.031751
14.158,-0.035843
14.159,-0.038073
14.16,-0.035747
14.161,-0.02808
14.162,-0.017592
14.163,-0.008928
14.164,-0.005572
14.165,-0.007574
14.166,-0.012218
14.167,-0.016407
14.168,-0.018656
14.169,-0.01934
14.17,-0.019532
14.171,-0.020181
14.172,-0.021918
14.173,-0.024493
14.174,-0.026406
14.175,-0.025811
14.176,-0.022265
14.177,-0.017833
14.178,-0.015649
14.179,-0.016469
14.18,-0.017576
14.181,-0.015929
14.182,-0.011203
14.183,-0.005211
14.184,-0.000282
14.185,0.000843
14.186,-0.004003
14.187,-0.013125
14.188,-0.01994
14.189,-0.018077
14.19,-0.007896
14.191,0.003609
14.192,0.00963
14.193,0.00899
14.194,0.005033
14.195,0.001593
14.196,0.001427
14.197,0.006804
14.198,0.018912
14.199,0.035609
14.2,0.050649
14.201,0.057551
14.202,0.056175
14.203,0.054759
14.204,0.063982
14.205,0.088513
14.206,0.122682
14.207,0.152071
14.208,0.160831
14.209,0.14209
14.21,0.103977
14.211,0.065001
14.212,0.041515
14.213,0.037229
14.214,0.043572
14.215,0.049658
14.216,0.051212
14.217,0.050655
14.218,0.051427
14.219,0.054545
14.22,0.06019
14.221,0.069383
14.222,0.081659
14.223,0.092408
14.224,0.095187
14.225,0.087397
14.226,0.073127
14.227,0.059956
14.228,0.052976
14.229,0.052009
14.23,0.053955
14.231,0.056744
14.232,0.060427
14.233,0.065266
14.234,0.070302
14.235,0.07403
14.236,0.075478
14.237,0.074435
14.238,0.071295
14.239,0.067047
14.24,0.063038
14.241,0.060373
14.242,0.059469
14.243,0.060054
14.244,0.061283
14.245,0.061974
14.246,0.061237
14.247,0.059218
14.248,0.057203
14.249,0.056652
14.25,0.057857
14.251,0.05961
14.252,0.060266
14.253,0.059192
14.254,0.057297
14.255,0.05606
14.256,0.056016
14.257,0.056261
14.258,0.055364
14.259,0.052735
14.26,0.049256
14.261,0.046546
14.262,0.045545
14.263,0.045811
14.264,0.046094
14.265,0.045502
14.266,0.044202
14.267,0.043031
14.268,0.042397
14.269,0.04178
14.27,0.040601
14.271,0.039448
14.272,0.039988
14.273,0.043262
14.274,0.048215
14.275,0.05217
14.276,0.05278
14.277,0.049569
14.278,0.043906
14.279,0.037838
14.28,0.032972
14.281,0.030099
14.282,0.029241
14.283,0.029678
14.284,0.030138
14.285,0.029488
14.286,0.027592
14.287,0.025448
14.288,0.024254
14.289,0.024338
14.29,0.024975
14.291,0.025119
14.292,0.024327
14.293,0.023105
14.294,0.022413
14.295,0.022764
14.296,0.023749
14.297,0.024397
14.298,0.024044
14.299,0.022918
14.3,0.021881
14.301,0.021538
14.302,0.021619
14.303,0.021251
14.304,0.01968
14.305,0.016766
14.306,0.013106
14.307,0.009868
14.308,0.008358
14.309,0.009763
14.31,0.015213
14.311,0.02538
14.312,0.039003
14.313,0.052073
14.314,0.060453
14.315,0.064857
14.316,0.072006
14.317,0.088394
14.318,0.112007
14.319,0.131049
14.32,0.131995
14.321,0.110008
14.322,0.072484
14.323,0.033324
14.324,0.004004
14.325,-0.011215
14.326,-0.014279
14.327,-0.009745
14.328,-0.002015
14.329,0.005621
14.33,0.011049
14.331,0.013464
14.332,0.013427
14.333,0.012356
14.334,0.011604
14.335,0.011786
14.336,0.012784
14.337,0.014147
14.338,0.01551
14.339,0.016909
14.34,0.01875
14.341,0.021248
14.342,0.023936
14.343,0.025919
14.344,0.026565
14.345,0.025869
14.346,0.024289
14.347,0.022358
14.348,0.020357
14.349,0.018178
14.35,0.01549
14.351,0.012062
14.352,0.008052
14.353,0.004055
14.354,0.000754
14.355,-0.001585
14.356,-0.003256
14.357,-0.004738
14.358,-0.006203
14.359,-0.007319
14.36,-0.007518
14.361,-0.006537
14.362,-0.004774
14.363,-0.003094
14.364,-0.002302
14.365,-0.00274
14.366,-0.00419
14.367,-0.006054
14.368,-0.007724
14.369,-0.00893
14.37,-0.009806
14.371,-0.010629
14.372,-0.011512
14.373,-0.012354
14.374,-0.013077
14.375,-0.013797
14.376,-0.014644
14.377,-0.015442
14.378,-0.015692
14.379,-0.014912
14.38,-0.013019
14.381,-0.01049
14.382,-0.008239
14.383,-0.007318
14.384,-0.008599
14.385,-0.012406
14.386,-0.017897
14.387,-0.022695
14.388,-0.023917
14.389,-0.020374
14.39,-0.013788
14.391,-0.00768
14.392,-0.00505
14.393,-0.006722
14.394,-0.011365
14.395,-0.016828
14.396,-0.021469
14.397,-0.024526
14.398,-0.025762
14.399,-0.025218
14.4,-0.023372
14.401,-0.021158
14.402,-0.019468
14.403,-0.01856
14.404,-0.018136
14.405,-0.017968
14.406,-0.018216
14.407,-0.019085
14.408,-0.020448
14.409,-0.021935
14.41,-0.023213
14.411,-0.024109
14.412,-0.024642
14.413,-0.025064
14.414,-0.025727
14.415,-0.026762
14.416,-0.027841
14.417,-0.028307
14.418,-0.027646
14.419,-0.025939
14.42,-0.023894
14.421,-0.022414
14.422,-0.022083
14.423,-0.022757
14.424,-0.023471
14.425,-0.02261
14.426,-0.01807
14.427,-0.007797
14.428,0.008474
14.429,0.027504
14.43,0.043874
14.431,0.054542
14.432,0.061967
14.433,0.071618
14.434,0.085843
14.435,0.099938
14.436,0.104235
14.437,0.091191
14.438,0.061888
14.439,0.026088
14.44,-0.004083
14.441,-0.021088
14.442,-0.024383
14.443,-0.018186
14.444,-0.007963
14.445,0.001852
14.446,0.00872
14.447,0.012052
14.448,0.012667
14.449,0.011894
14.45,0.01085
14.451,0.010125
14.452,0.009724
14.453,0.009251
14.454,0.008349
14.455,0.00712
14.456,0.006158
14.457,0.006188
14.458,0.007573
14.459,0.009967
14.46,0.012421
14.461,0.013908
14.462,0.013837
14.463,0.01231
14.464,0.009993
14.465,0.007579
14.466,0.005248
14.467,0.002671
14.468,-0.000508
14.469,-0.004269
14.47,-0.008195
14.471,-0.011773
14.472,-0.014689
14.473,-0.016863
14.474,-0.018299
14.475,-0.019036
14.476,-0.019141
14.477,-0.018614
14.478,-0.017382
14.479,-0.015484
14.48,-0.013255
14.481,-0.011283
14.482,-0.010165
14.483,-0.010195
14.484,-0.011175
14.485,-0.012556
14.486,-0.013857
14.487,-0.015003
14.488,-0.016235
14.489,-0.017733
14.49,-0.019403
14.491,-0.020896
14.492,-0.021773
14.493,-0.021801
14.494,-0.021141
14.495,-0.020228
14.496,-0.019499
14.497,-0.019294
14.498,-0.020024
14.499,-0.022267
14.5,-0.026331
14.501,-0.031376
14.502,-0.035008
14.503,-0.034462
14.504,-0.028823
14.505,-0.020144
14.506,-0.012286
14.507,-0.008425
14.508,-0.009271
14.509,-0.013233
14.51,-0.017954
14.511,-0.021665
14.512,-0.02364
14.513,-0.024021
14.514,-0.023523
14.515,-0.023055
14.516,-0.023201
14.517,-0.023816
14.518,-0.024201
14.519,-0.023835
14.52,-0.0229
14.521,-0.022107
14.522,-0.022198
14.523,-0.023462
14.524,-0.025443
14.525,-0.027176
14.526,-0.027948
14.527,-0.027857
14.528,-0.02765
14.529,-0.028063
14.53,-0.029197
14.531,-0.030393
14.532,-0.030723
14.533,-0.029786
14.534,-0.028102
14.535,-0.026761
14.536,-0.026679
14.537,-0.027973
14.538,-0.029847
14.539,-0.030949
14.54,-0.029753
14.541,-0.024627
14.542,-0.014086
14.543,0.001937
14.544,0.020534
14.545,0.036646
14.546,0.047047
14.547,0.053606
14.548,0.06152
14.549,0.073774
14.55,0.087013
14.551,0.092617
14.552,0.082749
14.553,0.056876
14.554,0.022909
14.555,-0.007861
14.556,-0.027166
14.557,-0.032876
14.558,-0.028001
14.559,-0.017672
14.56,-0.006618
14.561,0.001965
14.562,0.006744
14.563,0.008082
14.564,0.007424
14.565,0.006438
14.566,0.006202
14.567,0.00673
14.568,0.007177
14.569,0.006652
14.57,0.005
14.571,0.002989
14.572,0.001855
14.573,0.002452
14.574,0.004553
14.575,0.006886
14.576,0.007996
14.577,0.007272
14.578,0.005224
14.579,0.002892
14.58,0.001
14.581,-0.000424
14.582,-0.001857
14.583,-0.00382
14.584,-0.006514
14.585,-0.009722
14.586,-0.012981
14.587,-0.015858
14.588,-0.018207
14.589,-0.020226
14.59,-0.022147
14.591,-0.023844
14.592,-0.024807
14.593,-0.024531
14.594,-0.022967
14.595,-0.020703
14.596,-0.018668
14.597,-0.017527
14.598,-0.017297
14.599,-0.017528
14.6,-0.017816
14.601,-0.018167
14.602,-0.018893
14.603,-0.020167
14.604,-0.021733
14.605,-0.023111
14.606,-0.023959
14.607,-0.024225
14.608,-0.024133
14.609,-0.024086
14.61,-0.024417
14.611,-0.025148
14.612,-0.026167
14.613,-0.027613
14.614,-0.029887
14.615,-0.033056
14.616,-0.03609
14.617,-0.036793
14.618,-0.033112
14.619,-0.025059
14.62,-0.015298
14.621,-0.007585
14.622,-0.004507
14.623,-0.006333
14.624,-0.011494
14.625,-0.01788
14.626,-0.02374
14.627,-0.027869
14.628,-0.029718
14.629,-0.029632
14.63,-0.028663
14.631,-0.027845
14.632,-0.027481
14.633,-0.027073
14.634,-0.025991
14.635,-0.024224
14.636,-0.02248
14.637,-0.021574
14.638,-0.021728
14.639,-0.022371
14.64,-0.022647
14.641,-0.022205
14.642,-0.021523
14.643,-0.021453
14.644,-0.022489
14.645,-0.024368
14.646,-0.026261
14.647,-0.027378
14.648,-0.027487
14.649,-0.027015
14.65,-0.026715
14.651,-0.027095
14.652,-0.02791
14.653,-0.028253
14.654,-0.027134
14.655,-0.023658
14.656,-0.016597
14.657,-0.00454
14.658,0.012467
14.659,0.031309
14.66,0.04719
14.661,0.057662
14.662,0.064915
14.663,0.073389
14.664,0.084826
14.665,0.09517
14.666,0.096275
14.667,0.081969
14.668,0.053571
14.669,0.019681
14.67,-0.009165
14.671,-0.026036
14.672,-0.02979
14.673,-0.023732
14.674,-0.012876
14.675,-0.001788
14.676,0.006537
14.677,0.011032
14.678,0.012331
14.679,0.012043
14.68,0.011748
14.681,0.012132
14.682,0.012824
14.683,0.013009
14.684,0.0122
14.685,0.010633
14.686,0.009204
14.687,0.008955
14.688,0.010346
14.689,0.012824
14.69,0.015001
14.691,0.015476
14.692,0.013843
14.693,0.011031
14.694,0.00858
14.695,0.007448
14.696,0.007328
14.697,0.007032
14.698,0.005548
14.699,0.00284
14.7,-0.00023
14.701,-0.002707
14.702,-0.00432
14.703,-0.00555
14.704,-0.007109
14.705,-0.009275
14.706,-0.0116
14.707,-0.013199
14.708,-0.013442
14.709,-0.012485
14.71,-0.011148
14.711,-0.010284
14.712,-0.010179
14.713,-0.010487
14.714,-0.010703
14.715,-0.010668
14.716,-0.010663
14.717,-0.011086
14.718,-0.012129
14.719,-0.013622
14.72,-0.015025
14.721,-0.015721
14.722,-0.01549
14.723,-0.014675
14.724,-0.013856
14.725,-0.013403
14.726,-0.013399
14.727,-0.013996
14.728,-0.015649
14.729,-0.01875
14.73,-0.022888
14.731,-0.026398
14.732,-0.026953
14.733,-0.023248
14.734,-0.016299
14.735,-0.009003
14.736,-0.004371
14.737,-0.003853
14.738,-0.006844
14.739,-0.011482
14.74,-0.015883
14.741,-0.018891
14.742,-0.020189
14.743,-0.020075
14.744,-0.019175
14.745,-0.018187
14.746,-0.017508
14.747,-0.016938
14.748,-0.015922
14.749,-0.014209
14.75,-0.012281
14.751,-0.011115
14.752,-0.011442
14.753,-0.01318
14.754,-0.015534
14.755,-0.017584
14.756,-0.018898
14.757,-0.019754
14.758,-0.020787
14.759,-0.022315
14.76,-0.023936
14.761,-0.02482
14.762,-0.024404
14.763,-0.0229
14.764,-0.021247
14.765,-0.020493
14.766,-0.020968
14.767,-0.021984
14.768,-0.02235
14.769,-0.020917
14.77,-0.016517
14.771,-0.007802
14.772,0.005911
14.773,0.023059
14.774,0.039684
14.775,0.052166
14.776,0.060541
14.777,0.068421
14.778,0.079079
14.779,0.091236
14.78,0.098261
14.781,0.092286
14.782,0.070675
14.783,0.03904
14.784,0.007841
14.785,-0.013983
14.786,-0.022974
14.787,-0.020877
14.788,-0.01208
14.789,-0.00117
14.79,0.008437
14.791,0.014966
14.792,0.018192
14.793,0.018955
14.794,0.018426
14.795,0.0175
14.796,0.016576
14.797,0.015685
14.798,0.01475
14.799,0.013804
14.8,0.013083
14.801,0.012963
14.802,0.013775
14.803,0.015505
14.804,0.017517
14.805,0.018719
14.806,0.018355
14.807,0.016669
14.808,0.014607
14.809,0.012862
14.81,0.011315
14.811,0.009327
14.812,0.006451
14.813,0.002852
14.814,-0.000815
14.815,-0.003824
14.816,-0.005835
14.817,-0.007089
14.818,-0.008185
14.819,-0.009558
14.82,-0.011085
14.821,-0.012097
14.822,-0.011834
14.823,-0.010091
14.824,-0.007563
14.825,-0.005493
14.826,-0.004863
14.827,-0.005733
14.828,-0.007234
14.829,-0.008237
14.83,-0.008204
14.831,-0.007519
14.832,-0.007059
14.833,-0.007453
14.834,-0.008715
14.835,-0.01037
14.836,-0.011792
14.837,-0.012558
14.838,-0.012673
14.839,-0.012349
14.84,-0.011684
14.841,-0.010814
14.842,-0.010304
14.843,-0.011078
14.844,-0.013724
14.845,-0.017619
14.846,-0.020628
14.847,-0.020145
14.848,-0.01513
14.849,-0.007317
14.85,-0.000253
14.851,0.003005
14.852,0.001609
14.853,-0.003074
14.854,-0.008719
14.855,-0.013365
14.856,-0.016073
14.857,-0.016912
14.858,-0.016603
14.859,-0.01604
14.86,-0.015825
14.861,-0.015959
14.862,-0.015888
14.863,-0.014982
14.864,-0.013151
14.865,-0.011048
14.866,-0.009643
14.867,-0.009544
14.868,-0.010544
14.869,-0.011779
14.87,-0.012458
14.871,-0.012524
14.872,-0.01263
14.873,-0.013488
14.874,-0.015188
14.875,-0.017049
14.876,-0.018114
14.877,-0.017872
14.878,-0.016644
14.879,-0.015321
14.88,-0.014748
14.881,-0.015237
14.882,-0.016427
14.883,-0.017388
14.884,-0.016815
14.885,-0.013108
14.886,-0.004528
14.887,0.009716
14.888,0.027696
14.889,0.044895
14.89,0.057598
14.891,0.066326
14.892,0.075097
14.893,0.086896
14.894,0.099494
14.895,0.105405
14.896,0.096979
14.897,0.072967
14.898,0.04033
14.899,0.009707
14.9,-0.010838
14.901,-0.018935
14.902,-0.016962
14.903,-0.009234
14.904,0.00021
14.905,0.008475
14.906,0.013952
14.907,0.016338
14.908,0.016487
14.909,0.015848
14.91,0.01558
14.911,0.015946
14.912,0.016408
14.913,0.016295
14.914,0.015493
14.915,0.014659
14.916,0.014733
14.917,0.016068
14.918,0.018026
14.919,0.019444
14.92,0.01944
14.921,0.017912
14.922,0.015522
14.923,0.013206
14.924,0.011469
14.925,0.01
14.926,0.00805
14.927,0.005219
14.928,0.001866
14.929,-0.0012
14.93,-0.003327
14.931,-0.004344
14.932,-0.00456
14.933,-0.004616
14.934,-0.005166
14.935,-0.006463
14.936,-0.008118
14.937,-0.009308
14.938,-0.009385
14.939,-0.008456
14.94,-0.007469
14.941,-0.007691
14.942,-0.009824
14.943,-0.013402
14.944,-0.017084
14.945,-0.019696
14.946,-0.021109
14.947,-0.022068
14.948,-0.023231
14.949,-0.024493
14.95,-0.025286
14.951,-0.025329
14.952,-0.024907
14.953,-0.024513
14.954,-0.024424
14.955,-0.024659
14.956,-0.025345
14.957,-0.027058
14.958,-0.030553
14.959,-0.035826
14.96,-0.041315
14.961,-0.044234
14.962,-0.042255
14.963,-0.035377
14.964,-0.026287
14.965,-0.01878
14.966,-0.015508
14.967,-0.016771
14.968,-0.020992
14.969,-0.025987
14.97,-0.029902
14.971,-0.031712
14.972,-0.031507
14.973,-0.030422
14.974,-0.029915
14.975,-0.030715
14.976,-0.032367
14.977,-0.033755
14.978,-0.034041
14.979,-0.033289
14.98,-0.032417
14.981,-0.032479
14.982,-0.033762
14.983,-0.035469
14.984,-0.036357
14.985,-0.035837
14.986,-0.034416
14.987,-0.03312
14.988,-0.03262
14.989,-0.032821
14.99,-0.033076
14.991,-0.032786
14.992,-0.031952
14.993,-0.031185
14.994,-0.031176
14.995,-0.032159
14.996,-0.033749
14.997,-0.035137
14.998,-0.035359
14.999,-0.033334
15.0,-0.027651
15.001,-0.016857
15.002,-0.000992
15.003,0.017022
15.004,0.03275
15.005,0.044013
15.006,0.052952
15.007,0.063629
15.008,0.077255
15.009,0.08929
15.01,0.091396
15.011,0.077688
15.012,0.050117
15.013,0.017696
15.014,-0.009295
15.015,-0.024757
15.016,-0.028393
15.017,-0.023784
15.018,-0.015412
15.019,-0.006743
15.02,0.000184
15.021,0.00447
15.022,0.006194
15.023,0.006351
15.024,0.006341
15.025,0.007013
15.026,0.008105
15.027,0.008644
15.028,0.007902
15.029,0.006088
15.03,0.004267
15.031,0.003566
15.032,0.004301
15.033,0.005743
15.034,0.006684
15.035,0.006278
15.036,0.004533
15.037,0.002177
15.038,8.4e-05
15.039,-0.001367
15.04,-0.002574
15.041,-0.004382
15.042,-0.007318
15.043,-0.010976
15.044,-0.014267
15.045,-0.016401
15.046,-0.017549
15.047,-0.01856
15.048,-0.020152
15.049,-0.022359
15.05,-0.024474
15.051,-0.025468
15.052,-0.024803
15.053,-0.023035
15.054,-0.021489
15.055,-0.021171
15.056,-0.022025
15.057,-0.023157
15.058,-0.02365
15.059,-0.02324
15.06,-0.022463
15.061,-0.022223
15.062,-0.023091
15.063,-0.024874
15.064,-0.026823
15.065,-0.028212
15.066,-0.028751
15.067,-0.028643
15.068,-0.028398
15.069,-0.02851
15.07,-0.02928
15.071,-0.030971
15.072,-0.033916
15.073,-0.038101
15.074,-0.042513
15.075,-0.044977
15.076,-0.04316
15.077,-0.036404
15.078,-0.026684
15.079,-0.017589
15.08,-0.012262
15.081,-0.011863
15.082,-0.015387
15.083,-0.02064
15.084,-0.025559
15.085,-0.029041
15.086,-0.030981
15.087,-0.031937
15.088,-0.032725
15.089,-0.03382
15.09,-0.034866
15.091,-0.0349
15.092,-0.033195
15.093,-0.029957
15.094,-0.026298
15.095,-0.023533
15.096,-0.022341
15.097,-0.022378
15.098,-0.022672
15.099,-0.022514
15.1,-0.022115
15.101,-0.022373
15.102,-0.023962
15.103,-0.026525
15.104,-0.02886
15.105,-0.029952
15.106,-0.029741
15.107,-0.02904
15.108,-0.02888
15.109,-0.029821
15.11,-0.031558
15.111,-0.03302
15.112,-0.032906
15.113,-0.030127
15.114,-0.023626
15.115,-0.012223
15.116,0.004241
15.117,0.023209
15.118,0.040131
15.119,0.052159
15.12,0.060895
15.121,0.07064
15.122,0.083531
15.123,0.095969
15.124,0.099737
15.125,0.087804
15.126,0.060357
15.127,0.025527
15.128,-0.005716
15.129,-0.025649
15.13,-0.032393
15.131,-0.028692
15.132,-0.019223
15.133,-0.008398
15.134,0.00067
15.135,0.006392
15.136,0.008673
15.137,0.008674
15.138,0.008119
15.139,0.008241
15.14,0.009037
15.141,0.009495
15.142,0.008666
15.143,0.006628
15.144,0.004508
15.145,0.003598
15.146,0.004388
15.147,0.006273
15.148,0.007979
15.149,0.008327
15.15,0.007006
15.151,0.004841
15.152,0.003137
15.153,0.002536
15.154,0.002428
15.155,0.001503
15.156,-0.001057
15.157,-0.004793
15.158,-0.008318
15.159,-0.010512
15.16,-0.011489
15.161,-0.012433
15.162,-0.014466
15.163,-0.017579
15.164,-0.02054
15.165,-0.021839
15.166,-0.02085
15.167,-0.018282
15.168,-0.015618
15.169,-0.014081
15.17,-0.013927
15.171,-0.014548
15.172,-0.01511
15.173,-0.015163
15.174,-0.014888
15.175,-0.014929
15.176,-0.015846
15.177,-0.017563
15.178,-0.019328
15.179,-0.020254
15.18,-0.020064
15.181,-0.019331
15.182,-0.018944
15.183,-0.019375
15.184,-0.020522
15.185,-0.022215
15.186,-0.02464
15.187,-0.028081
15.188,-0.03211
15.189,-0.035063
15.19,-0.034759
15.191,-0.030219
15.192,-0.022725
15.193,-0.015195
15.194,-0.010491
15.195,-0.009917
15.196,-0.012832
15.197,-0.017405
15.198,-0.021665
15.199,-0.024247
15.2,-0.024822
15.201,-0.024143
15.202,-0.023521
15.203,-0.023893
15.204,-0.025137
15.205,-0.026248
15.206,-0.026189
15.207,-0.024744
15.208,-0.022726
15.209,-0.021415
15.21,-0.021592
15.211,-0.022888
15.212,-0.024076
15.213,-0.024136
15.214,-0.023103
15.215,-0.021937
15.216,-0.021653
15.217,-0.022455
15.218,-0.023521
15.219,-0.023712
15.22,-0.022676
15.221,-0.021244
15.222,-0.020686
15.223,-0.021581
15.224,-0.023428
15.225,-0.025154
15.226,-0.025671
15.227,-0.02391
15.228,-0.018574
15.229,-0.008369
15.23,0.00665
15.231,0.023764
15.232,0.038788
15.233,0.04972
15.234,0.058835
15.235,0.070217
15.236,0.084951
15.237,0.098413
15.238,0.102185
15.239,0.089897
15.24,0.062615
15.241,0.028833
15.242,-0.00082
15.243,-0.019235
15.244,-0.024915
15.245,-0.020592
15.246,-0.010695
15.247,0.000545
15.248,0.009971
15.249,0.01587
15.25,0.018153
15.251,0.01809
15.252,0.01744
15.253,0.017427
15.254,0.018191
15.255,0.018972
15.256,0.018847
15.257,0.017541
15.258,0.015766
15.259,0.014759
15.26,0.015259
15.261,0.016771
15.262,0.017855
15.263,0.017248
15.264,0.01485
15.265,0.011693
15.266,0.009024
15.267,0.007413
15.268,0.006497
15.269,0.005417
15.27,0.003586
15.271,0.00119
15.272,-0.000984
15.273,-0.002267
15.274,-0.002781
15.275,-0.003431
15.276,-0.005073
15.277,-0.007668
15.278,-0.010294
15.279,-0.011876
15.28,-0.011938
15.281,-0.010898
15.282,-0.009723
15.283,-0.009258
15.284,-0.009733
15.285,-0.010639
15.286,-0.011042
15.287,-0.010356
15.288,-0.008988
15.289,-0.008072
15.29,-0.008487
15.291,-0.010099
15.292,-0.011862
15.293,-0.012635
15.294,-0.012079
15.295,-0.010947
15.296,-0.01043
15.297,-0.01114
15.298,-0.012782
15.299,-0.014838
15.3,-0.017389
15.301,-0.020975
15.302,-0.025407
15.303,-0.028895
15.304,-0.02894
15.305,-0.02444
15.306,-0.016811
15.307,-0.009206
15.308,-0.004677
15.309,-0.004559
15.31,-0.008099
15.311,-0.013304
15.312,-0.017998
15.313,-0.020626
15.314,-0.02088
15.315,-0.019825
15.316,-0.01903
15.317,-0.019279
15.318,-0.020086
15.319,-0.020328
15.32,-0.019258
15.321,-0.01709
15.322,-0.014825
15.323,-0.013601
15.324,-0.013982
15.325,-0.015538
15.326,-0.017142
15.327,-0.017897
15.328,-0.017856
15.329,-0.017866
15.33,-0.018697
15.331,-0.020275
15.332,-0.021683
15.333,-0.021912
15.334,-0.020742
15.335,-0.019046
15.336,-0.018158
15.337,-0.018834
15.338,-0.020666
15.339,-0.022371
15.34,-0.022585
15.341,-0.020286
15.342,-0.014433
15.343,-0.003731
15.344,0.012121
15.345,0.03058
15.346,0.047007
15.347,0.058626
15.348,0.067285
15.349,0.077264
15.35,0.090197
15.351,0.10191
15.352,0.104125
15.353,0.090413
15.354,0.061768
15.355,0.02664
15.356,-0.004258
15.357,-0.023506
15.358,-0.029285
15.359,-0.024382
15.36,-0.013704
15.361,-0.00208
15.362,0.007028
15.363,0.01204
15.364,0.01326
15.365,0.01239
15.366,0.011554
15.367,0.0121
15.368,0.013894
15.369,0.015641
15.37,0.016027
15.371,0.014797
15.372,0.012962
15.373,0.011979
15.374,0.012542
15.375,0.014001
15.376,0.014948
15.377,0.014415
15.378,0.012554
15.379,0.010336
15.38,0.008734
15.381,0.007965
15.382,0.007368
15.383,0.00602
15.384,0.003559
15.385,0.000487
15.386,-0.002298
15.387,-0.004272
15.388,-0.005711
15.389,-0.007435
15.39,-0.010079
15.391,-0.013396
15.392,-0.016209
15.393,-0.017151
15.394,-0.015699
15.395,-0.012648
15.396,-0.00959
15.397,-0.007772
15.398,-0.007302
15.399,-0.007352
15.4,-0.007031
15.401,-0.006126
15.402,-0.005163
15.403,-0.004949
15.404,-0.006044
15.405,-0.008364
15.406,-0.01111
15.407,-0.013273
15.408,-0.014405
15.409,-0.014851
15.41,-0.015215
15.411,-0.015702
15.412,-0.016211
15.413,-0.016983
15.414,-0.018807
15.415,-0.022127
15.416,-0.025822
15.417,-0.027325
15.418,-0.024513
15.419,-0.017542
15.42,-0.008976
15.421,-0.00227
15.422,0.00021
15.423,-0.001692
15.424,-0.006291
15.425,-0.011361
15.426,-0.01519
15.427,-0.016993
15.428,-0.01701
15.429,-0.016371
15.43,-0.016412
15.431,-0.017677
15.432,-0.019423
15.433,-0.020243
15.434,-0.019346
15.435,-0.017307
15.436,-0.015591
15.437,-0.015305
15.438,-0.016275
15.439,-0.017258
15.44,-0.017109
15.441,-0.015801
15.442,-0.014429
15.443,-0.014306
15.444,-0.01593
15.445,-0.018554
15.446,-0.020695
15.447,-0.021259
15.448,-0.020382
15.449,-0.019236
15.45,-0.018966
15.451,-0.019757
15.452,-0.020755
15.453,-0.0207
15.454,-0.018606
15.455,-0.013803
15.456,-0.005458
15.457,0.007196
15.458,0.023267
15.459,0.039314
15.46,0.051721
15.461,0.060532
15.462,0.069791
15.463,0.083159
15.464,0.098927
15.465,0.10921
15.466,0.104869
15.467,0.082667
15.468,0.048315
15.469,0.012792
15.47,-0.014088
15.471,-0.027697
15.472,-0.028747
15.473,-0.021234
15.474,-0.010118
15.475,0.000336
15.476,0.00748
15.477,0.010599
15.478,0.010668
15.479,0.009591
15.48,0.009091
15.481,0.009764
15.482,0.010941
15.483,0.011474
15.484,0.010782
15.485,0.009412
15.486,0.008707
15.487,0.009768
15.488,0.012455
15.489,0.015304
15.49,0.016585
15.491,0.015654
15.492,0.013398
15.493,0.011369
15.494,0.010407
15.495,0.009905
15.496,0.008405
15.497,0.005023
15.498,0.00034
15.499,-0.004101
15.5,-0.007123
15.501,-0.008768
15.502,-0.010059
15.503,-0.012018
15.504,-0.01485
15.505,-0.017812
15.506,-0.019705
15.507,-0.019662
15.508,-0.017799
15.509,-0.015299
15.51,-0.013684
15.511,-0.013763
15.512,-0.015181
15.513,-0.016902
15.514,-0.018
15.515,-0.0183
15.516,-0.018527
15.517,-0.019597
15.518,-0.021506
15.519,-0.023042
15.52,-0.022859
15.521,-0.021018
15.522,-0.019197
15.523,-0.019
15.524,-0.020133
15.525,-0.020728
15.526,-0.01961
15.527,-0.017845
15.528,-0.017891
15.529,-0.021328
15.53,-0.027057
15.531,-0.031301
15.532,-0.029943
15.533,-0.021924
15.534,-0.010663
15.535,-0.001969
15.536,-0.000131
15.537,-0.005357
15.538,-0.014298
15.539,-0.022815
15.54,-0.028351
15.541,-0.030196
15.542,-0.028693
15.543,-0.024944
15.544,-0.020887
15.545,-0.018668
15.546,-0.019141
15.547,-0.020961
15.548,-0.021606
15.549,-0.019473
15.55,-0.015126
15.551,-0.010879
15.552,-0.009031
15.553,-0.00994
15.554,-0.012021
15.555,-0.013949
15.556,-0.016113
15.557,-0.019166
15.558,-0.021972
15.559,-0.022188
15.56,-0.018779
15.561,-0.013158
15.562,-0.008115
15.563,-0.006183
15.564,-0.008314
15.565,-0.012972
15.566,-0.016657
15.567,-0.016364
15.568,-0.011529
15.569,-0.002767
15.57,0.010385
15.571,0.028271
15.572,0.047514
15.573,0.061521
15.574,0.067134
15.575,0.069955
15.576,0.080494
15.577,0.103695
15.578,0.132063
15.579,0.14928
15.58,0.142439
15.581,0.112762
15.582,0.073964
15.583,0.040291
15.584,0.018155
15.585,0.008119
15.586,0.009538
15.587,0.020048
15.588,0.033431
15.589,0.042573
15.59,0.045253
15.591,0.045246
15.592,0.0474
15.593,0.052466
15.594,0.057611
15.595,0.061395
15.596,0.065102
15.597,0.068479
15.598,0.068305
15.599,0.063305
15.6,0.05779
15.601,0.057993
15.602,0.06512
15.603,0.073715
15.604,0.077697
15.605,0.0766
15.606,0.074662
15.607,0.074965
15.608,0.076157
15.609,0.07502
15.61,0.071038
15.611,0.067044
15.612,0.065654
15.613,0.066675
15.614,0.068076
15.615,0.068006
15.616,0.06551
15.617,0.06052
15.618,0.054042
15.619,0.048137
15.62,0.045072
15.621,0.04596
15.622,0.050038
15.623,0.055246
15.624,0.059555
15.625,0.062046
15.626,0.063162
15.627,0.063883
15.628,0.064437
15.629,0.064077
15.63,0.06226
15.631,0.059544
15.632,0.05714
15.633,0.055966
15.634,0.056249
15.635,0.057551
15.636,0.058923
15.637,0.059479
15.638,0.059003
15.639,0.057726
15.64,0.055617
15.641,0.052567
15.642,0.049531
15.643,0.048794
15.644,0.052302
15.645,0.059617
15.646,0.067721
15.647,0.072837
15.648,0.07264
15.649,0.067336
15.65,0.059154
15.651,0.050958
15.652,0.044969
15.653,0.042036
15.654,0.041627
15.655,0.042404
15.656,0.04303
15.657,0.042842
15.658,0.042199
15.659,0.04211
15.66,0.043199
15.661,0.044939
15.662,0.046076
15.663,0.045765
15.664,0.044223
15.665,0.042385
15.666,0.041058
15.667,0.040333
15.668,0.039647
15.669,0.03832
15.67,0.036112
15.671,0.033497
15.672,0.031479
15.673,0.030869
15.674,0.031529
15.675,0.03235
15.676,0.032098
15.677,0.030469
15.678,0.028415
15.679,0.027446
15.68,0.028757
15.681,0.033186
15.682,0.041615
15.683,0.054052
15.684,0.067621
15.685,0.077055
15.686,0.079842
15.687,0.081109
15.688,0.090722
15.689,0.11311
15.69,0.140113
15.691,0.155243
15.692,0.146072
15.693,0.113436
15.694,0.069998
15.695,0.03099
15.696,0.005801
15.697,-0.004178
15.698,-0.00278
15.699,0.004646
15.7,0.013489
15.701,0.02062
15.702,0.024609
15.703,0.025768
15.704,0.025562
15.705,0.025447
15.706,0.025933
15.707,0.026516
15.708,0.026353
15.709,0.025094
15.71,0.023281
15.711,0.022067
15.712,0.022408
15.713,0.024348
15.714,0.026903
15.715,0.028583
15.716,0.028246
15.717,0.025753
15.718,0.021998
15.719,0.018286
15.72,0.015494
15.721,0.013633
15.722,0.01208
15.723,0.01022
15.724,0.00796
15.725,0.005693
15.726,0.003816
15.727,0.002338
15.728,0.000961
15.729,-0.000528
15.73,-0.002015
15.731,-0.003137
15.732,-0.003542
15.733,-0.00318
15.734,-0.00249
15.735,-0.002253
15.736,-0.003056
15.737,-0.004813
15.738,-0.006877
15.739,-0.008607
15.74,-0.009831
15.741,-0.010812
15.742,-0.011889
15.743,-0.013177
15.744,-0.014572
15.745,-0.015869
15.746,-0.016832
15.747,-0.017323
15.748,-0.017473
15.749,-0.017524
15.75,-0.017478
15.751,-0.016969
15.752,-0.015453
15.753,-0.012778
15.754,-0.009897
15.755,-0.008759
15.756,-0.010977
15.757,-0.016235
15.758,-0.021879
15.759,-0.02446
15.76,-0.02233
15.761,-0.016994
15.762,-0.011912
15.763,-0.009958
15.764,-0.011716
15.765,-0.015758
15.766,-0.020184
15.767,-0.023804
15.768,-0.026236
15.769,-0.02748
15.77,-0.027658
15.771,-0.02698
15.772,-0.025733
15.773,-0.024229
15.774,-0.022761
15.775,-0.021646
15.776,-0.021323
15.777,-0.02219
15.778,-0.024225
15.779,-0.026831
15.78,-0.029158
15.781,-0.030619
15.782,-0.031114
15.783,-0.030918
15.784,-0.030513
15.785,-0.03037
15.786,-0.030581
15.787,-0.030764
15.788,-0.030468
15.789,-0.029663
15.79,-0.028739
15.791,-0.028092
15.792,-0.027897
15.793,-0.028211
15.794,-0.028934
15.795,-0.029523
15.796,-0.028653
15.797,-0.024116
15.798,-0.013678
15.799,0.002649
15.8,0.021013
15.801,0.035951
15.802,0.045387
15.803,0.052866
15.804,0.063914
15.805,0.079752
15.806,0.094268
15.807,0.097366
15.808,0.08259
15.809,0.052546
15.81,0.017412
15.811,-0.011528
15.812,-0.02773
15.813,-0.031103
15.814,-0.025847
15.815,-0.017143
15.816,-0.008989
15.817,-0.003509
15.818,-0.001103
15.819,-0.000995
15.82,-0.001932
15.821,-0.002763
15.822,-0.002813
15.823,-0.00207
15.824,-0.001015
15.825,-0.000111
15.826,0.000601
15.827,0.001387
15.828,0.002473
15.829,0.003854
15.83,0.005307
15.831,0.006438
15.832,0.006762
15.833,0.00588
15.834,0.003715
15.835,0.000567
15.836,-0.003094
15.837,-0.006895
15.838,-0.010647
15.839,-0.014227
15.84,-0.017471
15.841,-0.020187
15.842,-0.022222
15.843,-0.023561
15.844,-0.0244
15.845,-0.024997
15.846,-0.025384
15.847,-0.025318
15.848,-0.024591
15.849,-0.023309
15.85,-0.021868
15.851,-0.020766
15.852,-0.020398
15.853,-0.020816
15.854,-0.021704
15.855,-0.022653
15.856,-0.023412
15.857,-0.023941
15.858,-0.024401
15.859,-0.025101
15.86,-0.026239
15.861,-0.027617
15.862,-0.028685
15.863,-0.02895
15.864,-0.028341
15.865,-0.027151
15.866,-0.025729
15.867,-0.024255
15.868,-0.022821
15.869,-0.021809
15.87,-0.022141
15.871,-0.024732
15.872,-0.029284
15.873,-0.033646
15.874,-0.034952
15.875,-0.031871
15.876,-0.025838
15.877,-0.020133
15.878,-0.017729
15.879,-0.019554
15.88,-0.024329
15.881,-0.029838
15.882,-0.03433
15.883,-0.037043
15.884,-0.03799
15.885,-0.037583
15.886,-0.036351
15.887,-0.034759
15.888,-0.033121
15.889,-0.031566
15.89,-0.03009
15.891,-0.028757
15.892,-0.02787
15.893,-0.027833
15.894,-0.02877
15.895,-0.030325
15.896,-0.031866
15.897,-0.032885
15.898,-0.033289
15.899,-0.033382
15.9,-0.033559
15.901,-0.033954
15.902,-0.03427
15.903,-0.033963
15.904,-0.032741
15.905,-0.030969
15.906,-0.029534
15.907,-0.029248
15.908,-0.030188
15.909,-0.031522
15.91,-0.032013
15.911,-0.030548
15.912,-0.025935
15.913,-0.016638
15.914,-0.001924
15.915,0.016154
15.916,0.032959
15.917,0.044898
15.918,0.052908
15.919,0.061397
15.92,0.073273
15.921,0.085789
15.922,0.09104
15.923,0.08145
15.924,0.056221
15.925,0.022766
15.926,-0.008047
15.927,-0.028135
15.928,-0.035244
15.929,-0.032039
15.93,-0.023234
15.931,-0.013136
15.932,-0.00462
15.933,0.000867
15.934,0.003107
15.935,0.002924
15.936,0.001759
15.937,0.000897
15.938,0.00081
15.939,0.001122
15.94,0.001149
15.941,0.000589
15.942,-6.1e-05
15.943,0.000249
15.944,0.002193
15.945,0.00532
15.946,0.008336
15.947,0.010042
15.948,0.009961
15.949,0.00842
15.95,0.006215
15.951,0.004038
15.952,0.002005
15.953,-0.000318
15.954,-0.003405
15.955,-0.007246
15.956,-0.011246
15.957,-0.014554
15.958,-0.016642
15.959,-0.017732
15.96,-0.018563
15.961,-0.019616
15.962,-0.020572
15.963,-0.020603
15.964,-0.019211
15.965,-0.016827
15.966,-0.014586
15.967,-0.013518
15.968,-0.013862
15.969,-0.015023
15.97,-0.016144
15.971,-0.016701
15.972,-0.016707
15.973,-0.016618
15.974,-0.017083
15.975,-0.018473
15.976,-0.02048
15.977,-0.022311
15.978,-0.023345
15.979,-0.023562
15.98,-0.023363
15.981,-0.023107
15.982,-0.022889
15.983,-0.02285
15.984,-0.023563
15.985,-0.025756
15.986,-0.029388
15.987,-0.032959
15.988,-0.033966
15.989,-0.030644
15.99,-0.02361
15.991,-0.015682
15.992,-0.010008
15.993,-0.008281
15.994,-0.010264
15.995,-0.014547
15.996,-0.019557
15.997,-0.024043
15.998,-0.027169
15.999,-0.028653
16.0,-0.028904
16.001,-0.028746
16.002,-0.028715
16.003,-0.028576
16.004,-0.027646
16.005,-0.025639
16.006,-0.023175
16.007,-0.02144
16.008,-0.021247
16.009,-0.022397
16.01,-0.023893
16.011,-0.024706
16.012,-0.024525
16.013,-0.023966
16.014,-0.024082
16.015,-0.02546
16.016,-0.027616
16.017,-0.029261
16.018,-0.02932
16.019,-0.02786
16.02,-0.026067
16.021,-0.025316
16.022,-0.026156
16.023,-0.027961
16.024,-0.029412
16.025,-0.029175
16.026,-0.025995
16.027,-0.018365
16.028,-0.005017
16.029,0.013232
16.03,0.032342
16.031,0.047378
16.032,0.056786
16.033,0.063742
16.034,0.072663
16.035,0.084151
16.036,0.092895
16.037,0.090805
16.038,0.073477
16.039,0.044326
16.04,0.012613
16.041,-0.012253
16.042,-0.025259
16.043,-0.026712
16.044,-0.020332
16.045,-0.010677
16.046,-0.001418
16.047,0.005305
16.048,0.008853
16.049,0.009766
16.05,0.009231
16.051,0.008455
16.052,0.008145
16.053,0.008308
16.054,0.00842
16.055,0.007916
16.056,0.006783
16.057,0.00573
16.058,0.005611
16.059,0.006639
16.06,0.008166
16.061,0.009118
16.062,0.00874
16.063,0.007119
16.064,0.005003
16.065,0.003056
16.066,0.001333
16.067,-0.00064
16.068,-0.003378
16.069,-0.006984
16.07,-0.01095
16.071,-0.014375
16.072,-0.016524
16.073,-0.017344
16.074,-0.017461
16.075,-0.017686
16.076,-0.018365
16.077,-0.019084
16.078,-0.019033
16.079,-0.017756
16.08,-0.015573
16.081,-0.013374
16.082,-0.012081
16.083,-0.012166
16.084,-0.013431
16.085,-0.015216
16.086,-0.01687
16.087,-0.018166
16.088,-0.019372
16.089,-0.020919
16.09,-0.022899
16.091,-0.024788
16.092,-0.02581
16.093,-0.025663
16.094,-0.02479
16.095,-0.023828
16.096,-0.022938
16.097,-0.021945
16.098,-0.021059
16.099,-0.021174
16.1,-0.023229
16.101,-0.027089
16.102,-0.030879
16.103,-0.031739
16.104,-0.02797
16.105,-0.020685
16.106,-0.013247
16.107,-0.009099
16.108,-0.009827
16.109,-0.014706
16.11,-0.021553
16.111,-0.027932
16.112,-0.032083
16.113,-0.033427
16.114,-0.03252
16.115,-0.030567
16.116,-0.028777
16.117,-0.027755
16.118,-0.027236
16.119,-0.026455
16.12,-0.024972
16.121,-0.023229
16.122,-0.022234
16.123,-0.022619
16.124,-0.024068
16.125,-0.025623
16.126,-0.026529
16.127,-0.026789
16.128,-0.027035
16.129,-0.027966
16.13,-0.029763
16.131,-0.031844
16.132,-0.033247
16.133,-0.033394
16.134,-0.032529
16.135,-0.031492
16.136,-0.031055
16.137,-0.031331
16.138,-0.031727
16.139,-0.031353
16.14,-0.029235
16.141,-0.02403
16.142,-0.014029
16.143,0.00153
16.144,0.020536
16.145,0.038283
16.146,0.050935
16.147,0.058855
16.148,0.065953
16.149,0.075438
16.15,0.085742
16.151,0.090169
16.152,0.081384
16.153,0.057601
16.154,0.024891
16.155,-0.006425
16.156,-0.027811
16.157,-0.036189
16.158,-0.033555
16.159,-0.024373
16.16,-0.013198
16.161,-0.003488
16.162,0.002851
16.163,0.005598
16.164,0.005928
16.165,0.005588
16.166,0.005865
16.167,0.006873
16.168,0.007706
16.169,0.007337
16.17,0.005538
16.171,0.003136
16.172,0.001487
16.173,0.00154
16.174,0.003217
16.175,0.005521
16.176,0.007191
16.177,0.007465
16.178,0.006427
16.179,0.004747
16.18,0.003112
16.181,0.00176
16.182,0.000368
16.183,-0.001621
16.184,-0.004494
16.185,-0.007954
16.186,-0.011229
16.187,-0.013636
16.188,-0.015185
16.189,-0.01655
16.19,-0.018345
16.191,-0.02044
16.192,-0.021992
16.193,-0.022186
16.194,-0.020985
16.195,-0.019124
16.196,-0.017485
16.197,-0.016576
16.198,-0.016336
16.199,-0.01625
16.2,-0.015808
16.201,-0.015063
16.202,-0.014722
16.203,-0.015537
16.204,-0.017559
16.205,-0.020035
16.206,-0.022027
16.207,-0.023122
16.208,-0.023558
16.209,-0.023763
16.21,-0.023882
16.211,-0.023717
16.212,-0.02316
16.213,-0.022734
16.214,-0.02355
16.215,-0.02629
16.216,-0.030009
16.217,-0.032212
16.218,-0.030584
16.219,-0.024873
16.22,-0.017228
16.221,-0.010899
16.222,-0.008349
16.223,-0.01008
16.224,-0.014842
16.225,-0.020608
16.226,-0.025483
16.227,-0.028326
16.228,-0.029054
16.229,-0.028503
16.23,-0.027862
16.231,-0.027863
16.232,-0.028301
16.233,-0.028337
16.234,-0.027289
16.235,-0.025238
16.236,-0.023013
16.237,-0.02154
16.238,-0.021134
16.239,-0.021392
16.24,-0.021701
16.241,-0.021822
16.242,-0.022102
16.243,-0.023137
16.244,-0.025128
16.245,-0.027551
16.246,-0.029411
16.247,-0.029877
16.248,-0.028842
16.249,-0.026999
16.25,-0.025381
16.251,-0.024751
16.252,-0.025141
16.253,-0.025785
16.254,-0.025444
16.255,-0.022587
16.256,-0.015391
16.257,-0.002507
16.258,0.015158
16.259,0.033691
16.26,0.048565
16.261,0.058528
16.262,0.066621
16.263,0.076743
16.264,0.088854
16.265,0.097155
16.266,0.093429
16.267,0.073581
16.268,0.041693
16.269,0.007794
16.27,-0.01824
16.271,-0.031358
16.272,-0.03207
16.273,-0.024428
16.274,-0.013399
16.275,-0.002963
16.276,0.004693
16.277,0.009033
16.278,0.010576
16.279,0.010356
16.28,0.009516
16.281,0.008824
16.282,0.008331
16.283,0.007542
16.284,0.006074
16.285,0.004247
16.286,0.00307
16.287,0.003471
16.288,0.005445
16.289,0.007969
16.29,0.009753
16.291,0.010084
16.292,0.009123
16.293,0.007615
16.294,0.006342
16.295,0.00561
16.296,0.005064
16.297,0.003949
16.298,0.001656
16.299,-0.001796
16.3,-0.005717
16.301,-0.009271
16.302,-0.012093
16.303,-0.0144
16.304,-0.016597
16.305,-0.018749
16.306,-0.020362
16.307,-0.020769
16.308,-0.019762
16.309,-0.017814
16.31,-0.015787
16.311,-0.014375
16.312,-0.013652
16.313,-0.013143
16.314,-0.012403
16.315,-0.011451
16.316,-0.010713
16.317,-0.010741
16.318,-0.011934
16.319,-0.014238
16.32,-0.01706
16.321,-0.019605
16.322,-0.021392
16.323,-0.022438
16.324,-0.022977
16.325,-0.023072
16.326,-0.022652
16.327,-0.022
16.328,-0.021972
16.329,-0.023471
16.33,-0.02646
16.331,-0.029329
16.332,-0.029445
16.333,-0.025016
16.334,-0.016782
16.335,-0.007874
16.336,-0.001893
16.337,-0.000797
16.338,-0.004126
16.339,-0.009826
16.34,-0.015711
16.341,-0.020405
16.342,-0.023454
16.343,-0.025078
16.344,-0.025905
16.345,-0.026595
16.346,-0.027294
16.347,-0.027414
16.348,-0.026184
16.349,-0.023547
16.35,-0.020416
16.351,-0.018022
16.352,-0.017054
16.353,-0.017294
16.354,-0.017886
16.355,-0.018043
16.356,-0.017683
16.357,-0.017505
16.358,-0.018372
16.359,-0.020477
16.36,-0.023059
16.361,-0.024954
16.362,-0.025478
16.363,-0.024922
16.364,-0.024308
16.365,-0.024616
16.366,-0.026054
16.367,-0.02788
16.368,-0.028802
16.369,-0.027426
16.37,-0.022312
16.371,-0.011967
16.372,0.00423
16.373,0.024298
16.374,0.043524
16.375,0.057673
16.376,0.066751
16.377,0.074733
16.378,0.084994
16.379,0.095819
16.38,0.100187
16.381,0.0906
16.382,0.065407
16.383,0.031021
16.384,-0.001849
16.385,-0.024292
16.386,-0.032965
16.387,-0.029917
16.388,-0.019931
16.389,-0.007825
16.39,0.002962
16.391,0.010696
16.392,0.015115
16.393,0.016946
16.394,0.017346
16.395,0.017336
16.396,0.01732
16.397,0.016958
16.398,0.015598
16.399,0.013074
16.4,0.010164
16.401,0.008158
16.402,0.007853
16.403,0.008899
16.404,0.010064
16.405,0.010137
16.406,0.008776
16.407,0.00665
16.408,0.004845
16.409,0.004046
16.41,0.00408
16.411,0.004086
16.412,0.003151
16.413,0.000971
16.414,-0.001966
16.415,-0.004842
16.416,-0.007135
16.417,-0.008916
16.418,-0.010671
16.419,-0.012805
16.42,-0.015221
16.421,-0.01728
16.422,-0.018171
16.423,-0.017493
16.424,-0.015681
16.425,-0.013818
16.426,-0.012847
16.427,-0.012925
16.428,-0.01345
16.429,-0.013624
16.43,-0.013093
16.431,-0.012251
16.432,-0.011951
16.433,-0.012795
16.434,-0.014593
16.435,-0.016471
16.436,-0.017573
16.437,-0.017721
16.438,-0.01745
16.439,-0.017445
16.44,-0.017978
16.441,-0.018947
16.442,-0.02047
16.443,-0.023136
16.444,-0.027303
16.445,-0.03201
16.446,-0.034816
16.447,-0.033236
16.448,-0.026792
16.449,-0.017771
16.45,-0.009877
16.451,-0.005944
16.452,-0.006573
16.453,-0.010471
16.454,-0.015659
16.455,-0.020356
16.456,-0.023376
16.457,-0.024408
16.458,-0.024047
16.459,-0.023359
16.46,-0.023151
16.461,-0.023419
16.462,-0.023455
16.463,-0.022571
16.464,-0.020833
16.465,-0.01912
16.466,-0.01837
16.467,-0.018769
16.468,-0.019673
16.469,-0.020237
16.47,-0.020142
16.471,-0.019842
16.472,-0.020182
16.473,-0.021637
16.474,-0.023819
16.475,-0.025686
16.476,-0.026272
16.477,-0.025395
16.478,-0.023842
16.479,-0.02283
16.48,-0.023129
16.481,-0.024524
16.482,-0.025943
16.483,-0.026006
16.484,-0.023421
16.485,-0.016875
16.486,-0.005188
16.487,0.011354
16.488,0.029716
16.489,0.045478
16.49,0.0565
16.491,0.064905
16.492,0.074711
16.493,0.087124
16.494,0.097736
16.495,0.09844
16.496,0.083477
16.497,0.054657
16.498,0.020819
16.499,-0.00762
16.5,-0.024061
16.501,-0.027653
16.502,-0.021839
16.503,-0.01158
16.504,-0.001142
16.505,0.006846
16.506,0.011433
16.507,0.013024
16.508,0.012906
16.509,0.012588
16.51,0.012966
16.511,0.013791
16.512,0.014011
16.513,0.012861
16.514,0.010747
16.515,0.009041
16.516,0.009009
16.517,0.010837
16.518,0.013434
16.519,0.015142
16.52,0.014887
16.521,0.012877
16.522,0.010321
16.523,0.008437
16.524,0.007534
16.525,0.006885
16.526,0.005434
16.527,0.002693
16.528,-0.00091
16.529,-0.004347
16.53,-0.006689
16.531,-0.007728
16.532,-0.008086
16.533,-0.008705
16.534,-0.010112
16.535,-0.011963
16.536,-0.013287
16.537,-0.013336
16.538,-0.012232
16.539,-0.01083
16.54,-0.009997
16.541,-0.009915
16.542,-0.01001
16.543,-0.009567
16.544,-0.008475
16.545,-0.007423
16.546,-0.007355
16.547,-0.008699
16.548,-0.011031
16.549,-0.01338
16.55,-0.014894
16.551,-0.015409
16.552,-0.015516
16.553,-0.015999
16.554,-0.017155
16.555,-0.018757
16.556,-0.020651
16.557,-0.02312
16.558,-0.026415
16.559,-0.029891
16.56,-0.031715
16.561,-0.029847
16.562,-0.023712
16.563,-0.014997
16.564,-0.006824
16.565,-0.001955
16.566,-0.001459
16.567,-0.004629
16.568,-0.009723
16.569,-0.014778
16.57,-0.018342
16.571,-0.019991
16.572,-0.020334
16.573,-0.020432
16.574,-0.021032
16.575,-0.022052
16.576,-0.022705
16.577,-0.022202
16.578,-0.020513
16.579,-0.01852
16.58,-0.017348
16.581,-0.017483
16.582,-0.018482
16.583,-0.019429
16.584,-0.019711
16.585,-0.019504
16.586,-0.019576
16.587,-0.020549
16.588,-0.022211
16.589,-0.023529
16.59,-0.023489
16.591,-0.022047
16.592,-0.020297
16.593,-0.019645
16.594,-0.020687
16.595,-0.022742
16.596,-0.024363
16.597,-0.024206
16.598,-0.02133
16.599,-0.014747
16.6,-0.003416
16.601,0.012334
16.602,0.029463
16.603,0.043727
16.604,0.053518
16.605,0.061683
16.606,0.072615
16.607,0.087116
16.608,0.099772
16.609,0.101641
16.61,0.086868
16.611,0.057768
16.612,0.023753
16.613,-0.004598
16.614,-0.020983
16.615,-0.024867
16.616,-0.019676
16.617,-0.010135
16.618,-0.000348
16.619,0.007071
16.62,0.011161
16.621,0.012417
16.622,0.012288
16.623,0.012265
16.624,0.012931
16.625,0.013742
16.626,0.013738
16.627,0.012493
16.628,0.010529
16.629,0.008984
16.63,0.008887
16.631,0.010488
16.632,0.012995
16.633,0.015039
16.634,0.015642
16.635,0.014855
16.636,0.013554
16.637,0.012581
16.638,0.011966
16.639,0.01092
16.64,0.008529
16.641,0.004577
16.642,-0.000106
16.643,-0.004108
16.644,-0.006485
16.645,-0.007517
16.646,-0.008408
16.647,-0.010174
16.648,-0.012724
16.649,-0.014892
16.65,-0.015333
16.651,-0.013602
16.652,-0.010526
16.653,-0.007615
16.654,-0.006062
16.655,-0.006114
16.656,-0.007144
16.657,-0.00822
16.658,-0.00878
16.659,-0.009006
16.66,-0.009569
16.661,-0.010955
16.662,-0.012979
16.663,-0.014875
16.664,-0.015909
16.665,-0.015988
16.666,-0.015695
16.667,-0.015764
16.668,-0.016544
16.669,-0.01792
16.67,-0.019738
16.671,-0.022213
16.672,-0.025642
16.673,-0.029451
16.674,-0.031674
16.675,-0.029991
16.676,-0.023724
16.677,-0.0148
16.678,-0.006689
16.679,-0.002243
16.68,-0.002281
16.681,-0.005786
16.682,-0.010847
16.683,-0.01545
16.684,-0.01816
16.685,-0.01873
16.686,-0.018156
16.687,-0.017922
16.688,-0.01887
16.689,-0.020584
16.69,-0.021872
16.691,-0.021877
16.692,-0.020757
16.693,-0.019424
16.694,-0.018748
16.695,-0.018945
16.696,-0.019507
16.697,-0.019664
16.698,-0.019104
16.699,-0.018311
16.7,-0.018115
16.701,-0.018846
16.702,-0.019927
16.703,-0.020346
16.704,-0.019589
16.705,-0.018155
16.706,-0.017208
16.707,-0.017711
16.708,-0.01967
16.709,-0.022109
16.71,-0.023728
16.711,-0.023448
16.712,-0.020356
16.713,-0.01335
16.714,-0.001457
16.715,0.014625
16.716,0.031548
16.717,0.045322
16.718,0.055141
16.719,0.064477
16.72,0.077444
16.721,0.093652
16.722,0.106348
16.723,0.106158
16.724,0.088157
16.725,0.056278
16.726,0.021003
16.727,-0.007201
16.728,-0.022875
16.729,-0.02615
16.73,-0.020542
16.731,-0.010577
16.732,-0.000333
16.733,0.007377
16.734,0.011452
16.735,0.012516
16.736,0.012312
16.737,0.012579
16.738,0.014009
16.739,0.015989
16.74,0.017266
16.741,0.016989
16.742,0.015476
16.743,0.014104
16.744,0.014271
16.745,0.016203
16.746,0.018626
16.747,0.019702
16.748,0.018414
16.749,0.015272
16.75,0.011783
16.751,0.009263
16.752,0.007978
16.753,0.007115
16.754,0.005535
16.755,0.002769
16.756,-0.000582
16.757,-0.003431
16.758,-0.0052
16.759,-0.006267
16.76,-0.007509
16.761,-0.009494
16.762,-0.011962
16.763,-0.013902
16.764,-0.014287
16.765,-0.012929
16.766,-0.010712
16.767,-0.009029
16.768,-0.00884
16.769,-0.009979
16.77,-0.011368
16.771,-0.012007
16.772,-0.011812
16.773,-0.011587
16.774,-0.012216
16.775,-0.013798
16.776,-0.015484
16.777,-0.01621
16.778,-0.015616
16.779,-0.014335
16.78,-0.013486
16.781,-0.013847
16.782,-0.015367
16.783,-0.017463
16.784,-0.019818
16.785,-0.022671
16.786,-0.026173
16.787,-0.029434
16.788,-0.03045
16.789,-0.027462
16.79,-0.020619
16.791,-0.012235
16.792,-0.005534
16.793,-0.002937
16.794,-0.004919
16.795,-0.01002
16.796,-0.015823
16.797,-0.020204
16.798,-0.022171
16.799,-0.021983
16.8,-0.020723
16.801,-0.01963
16.802,-0.019328
16.803,-0.019421
16.804,-0.018945
16.805,-0.017362
16.806,-0.015159
16.807,-0.013496
16.808,-0.013279
16.809,-0.014452
16.81,-0.016054
16.811,-0.017023
16.812,-0.017096
16.813,-0.016968
16.814,-0.017538
16.815,-0.018961
16.816,-0.020412
16.817,-0.020757
16.818,-0.019534
16.819,-0.017405
16.82,-0.015753
16.821,-0.015735
16.822,-0.017455
16.823,-0.019872
16.824,-0.021473
16.825,-0.020964
16.826,-0.017351
16.827,-0.009628
16.828,0.002875
16.829,0.019022
16.83,0.035241
16.831,0.047975
16.832,0.057305
16.833,0.067047
16.834,0.080485
16.835,0.095846
16.836,0.105697
16.837,0.101416
16.838,0.079925
16.839,0.046838
16.84,0.013039
16.841,-0.011793
16.842,-0.023359
16.843,-0.02282
16.844,-0.014459
16.845,-0.003191
16.846,0.006944
16.847,0.013484
16.848,0.015842
16.849,0.015148
16.85,0.013431
16.851,0.012409
16.852,0.012605
16.853,0.013375
16.854,0.013669
16.855,0.012937
16.856,0.011574
16.857,0.010621
16.858,0.010957
16.859,0.012529
16.86,0.01423
16.861,0.014714
16.862,0.013522
16.863,0.011488
16.864,0.009958
16.865,0.009542
16.866,0.009572
16.867,0.008742
16.868,0.006269
16.869,0.002532
16.87,-0.001281
16.871,-0.004079
16.872,-0.0056
16.873,-0.006568
16.874,-0.008092
16.875,-0.010661
16.876,-0.013601
16.877,-0.015511
16.878,-0.01537
16.879,-0.01332
16.88,-0.010519
16.881,-0.008353
16.882,-0.007609
16.883,-0.008095
16.884,-0.008933
16.885,-0.009366
16.886,-0.009442
16.887,-0.009959
16.888,-0.011657
16.889,-0.014398
16.89,-0.017116
16.891,-0.018628
16.892,-0.018518
16.893,-0.017322
16.894,-0.016008
16.895,-0.015376
16.896,-0.015797
16.897,-0.017386
16.898,-0.020287
16.899,-0.024537
16.9,-0.029415
16.901,-0.033004
16.902,-0.032892
16.903,-0.027905
16.904,-0.019383
16.905,-0.010691
16.906,-0.005282
16.907,-0.004813
16.908,-0.008596
16.909,-0.014456
16.91,-0.020019
16.911,-0.023649
16.912,-0.024946
16.913,-0.0247
16.914,-0.024225
16.915,-0.02445
16.916,-0.02533
16.917,-0.025927
16.918,-0.025224
16.919,-0.023064
16.92,-0.020391
16.921,-0.01851
16.922,-0.01807
16.923,-0.018647
16.924,-0.019283
16.925,-0.019415
16.926,-0.019306
16.927,-0.019719
16.928,-0.02122
16.929,-0.02358
16.93,-0.025737
16.931,-0.026498
16.932,-0.025473
16.933,-0.023471
16.934,-0.021977
16.935,-0.022084
16.936,-0.023774
16.937,-0.026102
16.938,-0.027847
16.939,-0.02787
16.94,-0.02482
16.941,-0.016844
16.942,-0.002642
16.943,0.016284
16.944,0.035218
16.945,0.049818
16.946,0.060335
16.947,0.071117
16.948,0.085386
16.949,0.100379
16.95,0.1075
16.951,0.098156
16.952,0.070876
16.953,0.033212
16.954,-0.002946
16.955,-0.027836
16.956,-0.037574
16.957,-0.034229
16.958,-0.023386
16.959,-0.011093
16.96,-0.001738
16.961,0.002885
16.962,0.003625
16.963,0.003162
16.964,0.00418
16.965,0.00726
16.966,0.01038
16.967,0.010898
16.968,0.008234
16.969,0.004527
16.97,0.002709
16.971,0.004118
16.972,0.00777
16.973,0.011278
16.974,0.012496
16.975,0.010955
16.976,0.008017
16.977,0.005532
16.978,0.004338
16.979,0.003848
16.98,0.002713
16.981,6.5e-05
16.982,-0.003495
16.983,-0.006149
16.984,-0.00646
16.985,-0.00492
16.986,-0.003803
16.987,-0.005138
16.988,-0.008819
16.989,-0.012917
16.99,-0.015491
16.991,-0.015818
16.992,-0.014593
16.993,-0.013292
16.994,-0.012794
16.995,-0.012572
16.996,-0.011507
16.997,-0.009265
16.998,-0.006897
16.999,-0.006284
17.0,-0.0087
17.001,-0.01358
17.002,-0.01876
17.003,-0.021801
17.004,-0.020832
17.005,-0.014916
17.006,-0.005143
17.007,0.004672
17.008,0.009941
17.009,0.008633
17.01,0.002554
17.011,-0.004411
17.012,-0.00914
17.013,-0.010456
17.014,-0.008433
17.015,-0.003737
17.016,0.002724
17.017,0.010083
17.018,0.016602
17.019,0.019081
17.02,0.015489
17.021,0.008134
17.022,0.002147
17.023,0.000354
17.024,0.000779
17.025,-0.000385
17.026,-0.004078
17.027,-0.007136
17.028,-0.005853
17.029,-0.000184
17.03,0.006892
17.031,0.013578
17.032,0.020385
17.033,0.026871
17.034,0.029882
17.035,0.027268
17.036,0.022433
17.037,0.022263
17.038,0.02975
17.039,0.040535
17.04,0.047564
17.041,0.047672
17.042,0.042844
17.043,0.036637
17.044,0.031303
17.045,0.028601
17.046,0.031283
17.047,0.040798
17.048,0.053356
17.049,0.061401
17.05,0.060643
17.051,0.054423
17.052,0.050841
17.053,0.056075
17.054,0.069459
17.055,0.083677
17.056,0.09002
17.057,0.085737
17.058,0.078317
17.059,0.081409
17.06,0.10333
17.061,0.137894
17.062,0.166815
17.063,0.172356
17.064,0.14961
17.065,0.108868
17.066,0.067588
17.067,0.039638
17.068,0.029748
17.069,0.034606
17.07,0.047159
17.071,0.060642
17.072,0.070699
17.073,0.075719
17.074,0.076505
17.075,0.075526
17.076,0.075309
17.077,0.076609
17.078,0.077956
17.079,0.077189
17.08,0.073524
17.081,0.06829
17.082,0.064068
17.083,0.063183
17.084,0.066288
17.085,0.071747
17.086,0.076479
17.087,0.077977
17.088,0.075948
17.089,0.072263
17.09,0.069271
17.091,0.067929
17.092,0.067352
17.093,0.065915
17.094,0.062723
17.095,0.058329
17.096,0.054286
17.097,0.051773
17.098,0.050489
17.099,0.048925
17.1,0.04581
17.101,0.041362
17.102,0.037265
17.103,0.035447
17.104,0.036625
17.105,0.039777
17.106,0.042901
17.107,0.04436
17.108,0.043755
17.109,0.041906
17.11,0.040135
17.111,0.039298
17.112,0.039178
17.113,0.038825
17.114,0.037607
17.115,0.035895
17.116,0.034654
17.117,0.034403
17.118,0.034644
17.119,0.034295
17.12,0.032681
17.121,0.030203
17.122,0.028189
17.123,0.027842
17.124,0.029065
17.125,0.030497
17.126,0.031015
17.127,0.03104
17.128,0.032
17.129,0.034517
17.13,0.037306
17.131,0.037914
17.132,0.034584
17.133,0.027638
17.134,0.019251
17.135,0.012051
17.136,0.00775
17.137,0.006471
17.138,0.006936
17.139,0.00732
17.14,0.006312
17.141,0.003844
17.142,0.00109
17.143,-0.000441
17.144,-0.000153
17.145,0.001137
17.146,0.00193
17.147,0.001241
17.148,-0.000728
17.149,-0.002852
17.15,-0.004034
17.151,-0.004053
17.152,-0.003665
17.153,-0.003872
17.154,-0.004966
17.155,-0.006213
17.156,-0.006532
17.157,-0.00549
17.158,-0.003755
17.159,-0.002702
17.16,-0.003488
17.161,-0.006234
17.162,-0.009853
17.163,-0.012542
17.164,-0.012486
17.165,-0.008262
17.166,0.00107
17.167,0.015319
17.168,0.031812
17.169,0.045799
17.17,0.054316
17.171,0.060153
17.172,0.070313
17.173,0.088862
17.174,0.110991
17.175,0.124569
17.176,0.118609
17.177,0.091571
17.178,0.052538
17.179,0.015053
17.18,-0.010642
17.181,-0.021367
17.182,-0.019861
17.183,-0.011458
17.184,-0.001336
17.185,0.006869
17.186,0.011493
17.187,0.012707
17.188,0.011935
17.189,0.010952
17.19,0.010941
17.191,0.012002
17.192,0.013417
17.193,0.014346
17.194,0.014416
17.195,0.0139
17.196,0.013463
17.197,0.013659
17.198,0.014497
17.199,0.015391
17.2,0.015561
17.201,0.014646
17.202,0.01306
17.203,0.011645
17.204,0.010927
17.205,0.010663
17.206,0.00999
17.207,0.00803
17.208,0.004585
17.209,0.000326
17.21,-0.003763
17.211,-0.007185
17.212,-0.010134
17.213,-0.01293
17.214,-0.015394
17.215,-0.016872
17.216,-0.016834
17.217,-0.015412
17.218,-0.013368
17.219,-0.011587
17.22,-0.010585
17.221,-0.010343
17.222,-0.010413
17.223,-0.010258
17.224,-0.009675
17.225,-0.009032
17.226,-0.00898
17.227,-0.009908
17.228,-0.011667
17.229,-0.013778
17.23,-0.01584
17.231,-0.017817
17.232,-0.019916
17.233,-0.022201
17.234,-0.024334
17.235,-0.02561
17.236,-0.025331
17.237,-0.023439
17.238,-0.020944
17.239,-0.019571
17.24,-0.020721
17.241,-0.024346
17.242,-0.028478
17.243,-0.030097
17.244,-0.027226
17.245,-0.020647
17.246,-0.013559
17.247,-0.009448
17.248,-0.009995
17.249,-0.014541
17.25,-0.021133
17.251,-0.027847
17.252,-0.033339
17.253,-0.036826
17.254,-0.038133
17.255,-0.037723
17.256,-0.036423
17.257,-0.034979
17.258,-0.033764
17.259,-0.032762
17.26,-0.031858
17.261,-0.03118
17.262,-0.030996
17.263,-0.031263
17.264,-0.031532
17.265,-0.031401
17.266,-0.03093
17.267,-0.030606
17.268,-0.030927
17.269,-0.031994
17.27,-0.033406
17.271,-0.034509
17.272,-0.034824
17.273,-0.034356
17.274,-0.033515
17.275,-0.032719
17.276,-0.0322
17.277,-0.032058
17.278,-0.03221
17.279,-0.0322
17.28,-0.030968
17.281,-0.026671
17.282,-0.017115
17.283,-0.001623
17.284,0.016825
17.285,0.032658
17.286,0.042534
17.287,0.048884
17.288,0.057552
17.289,0.071471
17.29,0.086325
17.291,0.092297
17.292,0.081174
17.293,0.05317
17.294,0.017331
17.295,-0.014438
17.296,-0.034054
17.297,-0.039952
17.298,-0.035497
17.299,-0.025789
17.3,-0.015275
17.301,-0.006767
17.302,-0.001364
17.303,0.001187
17.304,0.001935
17.305,0.002059
17.306,0.002239
17.307,0.002435
17.308,0.002182
17.309,0.001139
17.31,-0.000563
17.311,-0.002326
17.312,-0.003333
17.313,-0.00299
17.314,-0.001423
17.315,0.000524
17.316,0.001889
17.317,0.002239
17.318,0.001842
17.319,0.001302
17.32,0.000908
17.321,0.000238
17.322,-0.001442
17.323,-0.00441
17.324,-0.008258
17.325,-0.012292
17.326,-0.015923
17.327,-0.018856
17.328,-0.021202
17.329,-0.023337
17.33,-0.025473
17.331,-0.027363
17.332,-0.028445
17.333,-0.028226
17.334,-0.026592
17.335,-0.023961
17.336,-0.021211
17.337,-0.019224
17.338,-0.01832
17.339,-0.01817
17.34,-0.018301
17.341,-0.018575
17.342,-0.019249
17.343,-0.020643
17.344,-0.02273
17.345,-0.025051
17.346,-0.027031
17.347,-0.028375
17.348,-0.029181
17.349,-0.029706
17.35,-0.030025
17.351,-0.029947
17.352,-0.029306
17.353,-0.028466
17.354,-0.028467
17.355,-0.030281
17.356,-0.033577
17.357,-0.036235
17.358,-0.035525
17.359,-0.030293
17.36,-0.02216
17.361,-0.014568
17.362,-0.010609
17.363,-0.01137
17.364,-0.015834
17.365,-0.022007
17.366,-0.028061
17.367,-0.032806
17.368,-0.035736
17.369,-0.037011
17.37,-0.037233
17.371,-0.036966
17.372,-0.036345
17.373,-0.035084
17.374,-0.032927
17.375,-0.030155
17.376,-0.027594
17.377,-0.026031
17.378,-0.025651
17.379,-0.02598
17.38,-0.026321
17.381,-0.026296
17.382,-0.026078
17.383,-0.026171
17.384,-0.026989
17.385,-0.028523
17.386,-0.030301
17.387,-0.031684
17.388,-0.032267
17.389,-0.032146
17.39,-0.031905
17.391,-0.032207
17.392,-0.033169
17.393,-0.034011
17.394,-0.033382
17.395,-0.029941
17.396,-0.022476
17.397,-0.009931
17.398,0.007501
17.399,0.026879
17.4,0.04333
17.401,0.053893
17.402,0.060526
17.403,0.06828
17.404,0.079882
17.405,0.091758
17.406,0.095254
17.407,0.082901
17.408,0.054853
17.409,0.019654
17.41,-0.011238
17.411,-0.030022
17.412,-0.035259
17.413,-0.030275
17.414,-0.019998
17.415,-0.008676
17.416,0.000894
17.417,0.007322
17.418,0.010464
17.419,0.011182
17.42,0.010774
17.421,0.010191
17.422,0.009603
17.423,0.008628
17.424,0.006942
17.425,0.004764
17.426,0.002868
17.427,0.002078
17.428,0.002651
17.429,0.004064
17.43,0.005337
17.431,0.00564
17.432,0.004834
17.433,0.003556
17.434,0.002713
17.435,0.002729
17.436,0.003142
17.437,0.002918
17.438,0.00126
17.439,-0.001787
17.44,-0.005418
17.441,-0.008717
17.442,-0.011269
17.443,-0.013285
17.444,-0.015252
17.445,-0.017415
17.446,-0.019514
17.447,-0.020982
17.448,-0.021333
17.449,-0.020457
17.45,-0.018771
17.451,-0.017073
17.452,-0.016048
17.453,-0.015789
17.454,-0.015833
17.455,-0.015608
17.456,-0.014917
17.457,-0.014145
17.458,-0.013931
17.459,-0.014541
17.46,-0.015611
17.461,-0.016525
17.462,-0.016973
17.463,-0.017097
17.464,-0.017279
17.465,-0.017822
17.466,-0.018727
17.467,-0.019879
17.468,-0.021539
17.469,-0.024325
17.47,-0.028329
17.471,-0.032279
17.472,-0.033814
17.473,-0.030997
17.474,-0.023909
17.475,-0.01482
17.476,-0.006898
17.477,-0.002568
17.478,-0.002492
17.479,-0.005626
17.48,-0.010198
17.481,-0.0147
17.482,-0.018235
17.483,-0.02053
17.484,-0.021933
17.485,-0.023126
17.486,-0.024472
17.487,-0.025635
17.488,-0.025929
17.489,-0.024969
17.49,-0.023044
17.491,-0.02097
17.492,-0.019569
17.493,-0.019135
17.494,-0.019226
17.495,-0.019029
17.496,-0.018129
17.497,-0.016972
17.498,-0.016549
17.499,-0.017524
17.5,-0.019585
17.501,-0.021678
17.502,-0.022856
17.503,-0.022945
17.504,-0.022583
17.505,-0.022719
17.506,-0.023918
17.507,-0.025917
17.508,-0.027748
17.509,-0.028242
17.51,-0.026211
17.511,-0.020152
17.512,-0.008486
17.513,0.008748
17.514,0.028267
17.515,0.044984
17.516,0.056274
17.517,0.064417
17.518,0.073986
17.519,0.086482
17.52,0.097137
17.521,0.09718
17.522,0.080605
17.523,0.049715
17.524,0.014165
17.525,-0.015178
17.526,-0.031846
17.527,-0.035384
17.528,-0.029503
17.529,-0.019148
17.53,-0.008434
17.531,7.2e-05
17.532,0.005313
17.533,0.007471
17.534,0.007627
17.535,0.007161
17.536,0.006945
17.537,0.006932
17.538,0.006545
17.539,0.005415
17.54,0.00383
17.541,0.002696
17.542,0.002957
17.543,0.004776
17.544,0.00726
17.545,0.00903
17.546,0.009148
17.547,0.007665
17.548,0.005443
17.549,0.003435
17.55,0.001991
17.551,0.000691
17.552,-0.001195
17.553,-0.004061
17.554,-0.007661
17.555,-0.011267
17.556,-0.014133
17.557,-0.015964
17.558,-0.017068
17.559,-0.018043
17.56,-0.019238
17.561,-0.020448
17.562,-0.021054
17.563,-0.020462
17.564,-0.018597
17.565,-0.01617
17.566,-0.014291
17.567,-0.013621
17.568,-0.013905
17.569,-0.014385
17.57,-0.014588
17.571,-0.014709
17.572,-0.015303
17.573,-0.016652
17.574,-0.018407
17.575,-0.019843
17.576,-0.020484
17.577,-0.020458
17.578,-0.020303
17.579,-0.020476
17.58,-0.021016
17.581,-0.02167
17.582,-0.022412
17.583,-0.023788
17.584,-0.026561
17.585,-0.030737
17.586,-0.034786
17.587,-0.036093
17.588,-0.032749
17.589,-0.025212
17.59,-0.016267
17.591,-0.009308
17.592,-0.006423
17.593,-0.007684
17.594,-0.011717
17.595,-0.016693
17.596,-0.02109
17.597,-0.024104
17.598,-0.025753
17.599,-0.026634
17.6,-0.027397
17.601,-0.028272
17.602,-0.028892
17.603,-0.028554
17.604,-0.026882
17.605,-0.024373
17.606,-0.02211
17.607,-0.020922
17.608,-0.020866
17.609,-0.021313
17.61,-0.021473
17.611,-0.021082
17.612,-0.020671
17.613,-0.021072
17.614,-0.022614
17.615,-0.024753
17.616,-0.026427
17.617,-0.026856
17.618,-0.026069
17.619,-0.024782
17.62,-0.023833
17.621,-0.02367
17.622,-0.024102
17.623,-0.024395
17.624,-0.023516
17.625,-0.020079
17.626,-0.012192
17.627,0.00162
17.628,0.02028
17.629,0.039421
17.63,0.054288
17.631,0.063896
17.632,0.071637
17.633,0.081395
17.634,0.092877
17.635,0.100206
17.636,0.095532
17.637,0.075426
17.638,0.04435
17.639,0.01207
17.64,-0.012173
17.641,-0.023966
17.642,-0.024243
17.643,-0.017029
17.644,-0.006843
17.645,0.002784
17.646,0.009791
17.647,0.013621
17.648,0.014942
17.649,0.015088
17.65,0.015259
17.651,0.015833
17.652,0.016274
17.653,0.015787
17.654,0.014193
17.655,0.0122
17.656,0.010862
17.657,0.010857
17.658,0.012106
17.659,0.013816
17.66,0.014896
17.661,0.014638
17.662,0.013148
17.663,0.011208
17.664,0.009642
17.665,0.008677
17.666,0.007809
17.667,0.006251
17.668,0.003561
17.669,8e-06
17.67,-0.0036
17.671,-0.006462
17.672,-0.008275
17.673,-0.009305
17.674,-0.010017
17.675,-0.010568
17.676,-0.010614
17.677,-0.009674
17.678,-0.007679
17.679,-0.005181
17.68,-0.003135
17.681,-0.002405
17.682,-0.003148
17.683,-0.004656
17.684,-0.006005
17.685,-0.006881
17.686,-0.007716
17.687,-0.009206
17.688,-0.011656
17.689,-0.014605
17.69,-0.017084
17.691,-0.018331
17.692,-0.018321
17.693,-0.017614
17.694,-0.016741
17.695,-0.015807
17.696,-0.014791
17.697,-0.014141
17.698,-0.014732
17.699,-0.017081
17.7,-0.020543
17.701,-0.023206
17.702,-0.022876
17.703,-0.018668
17.704,-0.01186
17.705,-0.005259
17.706,-0.001604
17.707,-0.002145
17.708,-0.006239
17.709,-0.011995
17.71,-0.017303
17.711,-0.020722
17.712,-0.021945
17.713,-0.021697
17.714,-0.021116
17.715,-0.020973
17.716,-0.021212
17.717,-0.021097
17.718,-0.019857
17.719,-0.017353
17.72,-0.014291
17.721,-0.011772
17.722,-0.010545
17.723,-0.0106
17.724,-0.011377
17.725,-0.012342
17.726,-0.01344
17.727,-0.014994
17.728,-0.017153
17.729,-0.019454
17.73,-0.020958
17.731,-0.0209
17.732,-0.019383
17.733,-0.01749
17.734,-0.016573
17.735,-0.017225
17.736,-0.018899
17.737,-0.020465
17.738,-0.020854
17.739,-0.019001
17.74,-0.013451
17.741,-0.002725
17.742,0.013084
17.743,0.031003
17.744,0.046499
17.745,0.057194
17.746,0.065149
17.747,0.074686
17.748,0.087372
17.749,0.098828
17.75,0.100677
17.751,0.086805
17.752,0.058756
17.753,0.025399
17.754,-0.002594
17.755,-0.018524
17.756,-0.021714
17.757,-0.015822
17.758,-0.005789
17.759,0.004396
17.76,0.012403
17.761,0.01731
17.762,0.019292
17.763,0.019354
17.764,0.018743
17.765,0.018208
17.766,0.017764
17.767,0.017032
17.768,0.015789
17.769,0.014391
17.77,0.01374
17.771,0.014681
17.772,0.017258
17.773,0.0205
17.774,0.02297
17.775,0.023625
17.776,0.022375
17.777,0.020032
17.778,0.017649
17.779,0.01571
17.78,0.013877
17.781,0.011498
17.782,0.00835
17.783,0.004907
17.784,0.001964
17.785,1.9e-05
17.786,-0.001135
17.787,-0.002294
17.788,-0.004223
17.789,-0.006942
17.79,-0.00957
17.791,-0.010933
17.792,-0.010409
17.793,-0.008335
17.794,-0.005734
17.795,-0.003729
17.796,-0.002998
17.797,-0.003497
17.798,-0.004574
17.799,-0.005496
17.8,-0.006024
17.801,-0.00654
17.802,-0.007558
17.803,-0.009176
17.804,-0.010998
17.805,-0.012444
17.806,-0.01311
17.807,-0.012994
17.808,-0.012412
17.809,-0.011663
17.81,-0.010872
17.811,-0.010279
17.812,-0.010647
17.813,-0.013039
17.814,-0.017709
17.815,-0.023058
17.816,-0.026145
17.817,-0.024732
17.818,-0.01906
17.819,-0.011821
17.82,-0.006467
17.821,-0.005237
17.822,-0.008175
17.823,-0.013497
17.824,-0.018828
17.825,-0.022419
17.826,-0.023655
17.827,-0.022941
17.828,-0.021316
17.829,-0.019855
17.83,-0.019015
17.831,-0.018468
17.832,-0.017618
17.833,-0.01625
17.834,-0.014761
17.835,-0.013923
17.836,-0.01436
17.837,-0.016025
17.838,-0.018128
17.839,-0.019656
17.84,-0.020188
17.841,-0.020254
17.842,-0.020815
17.843,-0.022278
17.844,-0.024078
17.845,-0.025167
17.846,-0.024883
17.847,-0.023469
17.848,-0.021889
17.849,-0.021113
17.85,-0.021456
17.851,-0.022359
17.852,-0.022696
17.853,-0.021285
17.854,-0.016999
17.855,-0.008557
17.856,0.004861
17.857,0.021949
17.858,0.038757
17.859,0.051377
17.86,0.0597
17.861,0.067616
17.862,0.07877
17.863,0.091838
17.864,0.099698
17.865,0.09401
17.866,0.072057
17.867,0.039641
17.868,0.007384
17.869,-0.015583
17.87,-0.025448
17.871,-0.023711
17.872,-0.014809
17.873,-0.003491
17.874,0.006726
17.875,0.013906
17.876,0.01751
17.877,0.018106
17.878,0.016966
17.879,0.015424
17.88,0.014187
17.881,0.013062
17.882,0.011453
17.883,0.009231
17.884,0.00715
17.885,0.00641
17.886,0.007715
17.887,0.010636
17.888,0.013825
17.889,0.015891
17.89,0.016247
17.891,0.015345
17.892,0.014168
17.893,0.013371
17.894,0.012761
17.895,0.011559
17.896,0.009119
17.897,0.005443
17.898,0.001196
17.899,-0.002712
17.9,-0.005693
17.901,-0.007821
17.902,-0.009676
17.903,-0.011759
17.904,-0.013893
17.905,-0.015166
17.906,-0.014624
17.907,-0.012173
17.908,-0.008843
17.909,-0.006106
17.91,-0.004899
17.911,-0.0052
17.912,-0.00635
17.913,-0.007664
17.914,-0.00882
17.915,-0.009908
17.916,-0.011275
17.917,-0.013174
17.918,-0.015354
17.919,-0.017045
17.92,-0.017637
17.921,-0.017357
17.922,-0.017009
17.923,-0.017046
17.924,-0.017124
17.925,-0.016766
17.926,-0.016346
17.927,-0.01702
17.928,-0.01953
17.929,-0.023026
17.93,-0.025078
17.931,-0.023246
17.932,-0.017098
17.933,-0.00882
17.934,-0.001899
17.935,0.00092
17.936,-0.001055
17.937,-0.006486
17.938,-0.013023
17.939,-0.018522
17.94,-0.021806
17.941,-0.022851
17.942,-0.022546
17.943,-0.022104
17.944,-0.022322
17.945,-0.02305
17.946,-0.02338
17.947,-0.022479
17.948,-0.020373
17.949,-0.017924
17.95,-0.016089
17.951,-0.015252
17.952,-0.01512
17.953,-0.0151
17.954,-0.014867
17.955,-0.014721
17.956,-0.015333
17.957,-0.017058
17.958,-0.019416
17.959,-0.021284
17.96,-0.021735
17.961,-0.02086
17.962,-0.019756
17.963,-0.019586
17.964,-0.020626
17.965,-0.022131
17.966,-0.022914
17.967,-0.021917
17.968,-0.018143
17.969,-0.010262
17.97,0.00279
17.971,0.019949
17.972,0.037229
17.973,0.050358
17.974,0.05883
17.975,0.066571
17.976,0.077902
17.977,0.092515
17.978,0.103861
17.979,0.102843
17.98,0.084717
17.981,0.053302
17.982,0.018687
17.983,-0.008896
17.984,-0.0239
17.985,-0.02646
17.986,-0.020329
17.987,-0.010144
17.988,0.000183
17.989,0.008065
17.99,0.012467
17.991,0.013865
17.992,0.013734
17.993,0.013581
17.994,0.014065
17.995,0.014847
17.996,0.015133
17.997,0.014365
17.998,0.01272
17.999,0.01112
18.0,0.010587
18.001,0.011361
18.002,0.012681
18.003,0.013387
18.004,0.01268
18.005,0.010603
18.006,0.008035
18.007,0.005993
18.008,0.004809
18.009,0.003971
18.01,0.002675
18.011,0.000469
18.012,-0.002405
18.013,-0.005141
18.014,-0.006936
18.015,-0.007673
18.016,-0.00809
18.017,-0.009127
18.018,-0.011001
18.019,-0.012936
18.02,-0.013848
18.021,-0.013353
18.022,-0.012104
18.023,-0.01123
18.024,-0.011496
18.025,-0.012841
18.026,-0.014474
18.027,-0.015464
18.028,-0.015439
18.029,-0.014793
18.03,-0.014269
18.031,-0.014398
18.032,-0.015148
18.033,-0.015895
18.034,-0.015905
18.035,-0.015027
18.036,-0.013882
18.037,-0.013315
18.038,-0.013691
18.039,-0.014787
18.04,-0.016382
18.041,-0.018754
18.042,-0.022351
18.043,-0.026834
18.044,-0.030403
18.045,-0.030543
18.046,-0.026088
18.047,-0.018581
18.048,-0.011405
18.049,-0.007543
18.05,-0.007997
18.051,-0.011883
18.052,-0.017447
18.053,-0.022786
18.054,-0.026249
18.055,-0.027048
18.056,-0.025758
18.057,-0.023943
18.058,-0.022969
18.059,-0.023028
18.06,-0.023254
18.061,-0.022749
18.062,-0.021435
18.063,-0.020001
18.064,-0.019283
18.065,-0.019672
18.066,-0.020838
18.067,-0.021925
18.068,-0.022206
18.069,-0.021719
18.07,-0.02126
18.071,-0.02166
18.072,-0.022974
18.073,-0.02436
18.074,-0.024779
18.075,-0.02392
18.076,-0.022529
18.077,-0.021828
18.078,-0.022494
18.079,-0.024114
18.08,-0.025519
18.081,-0.025577
18.082,-0.023544
18.083,-0.018575
18.084,-0.00928
18.085,0.005186
18.086,0.023041
18.087,0.039915
18.088,0.052373
18.089,0.061297
18.09,0.070897
18.091,0.083912
18.092,0.097398
18.093,0.103133
18.094,0.093403
18.095,0.067551
18.096,0.033191
18.097,0.001299
18.098,-0.019963
18.099,-0.028162
18.1,-0.025642
18.101,-0.016876
18.102,-0.006223
18.103,0.003146
18.104,0.009456
18.105,0.012351
18.106,0.01279
18.107,0.012383
18.108,0.012321
18.109,0.012666
18.11,0.012553
18.111,0.011103
18.112,0.008366
18.113,0.005532
18.114,0.004158
18.115,0.004968
18.116,0.007211
18.117,0.009185
18.118,0.009511
18.119,0.008053
18.12,0.005761
18.121,0.003827
18.122,0.002859
18.123,0.002472
18.124,0.001599
18.125,-0.000574
18.126,-0.003841
18.127,-0.00714
18.128,-0.009446
18.129,-0.010552
18.13,-0.011168
18.131,-0.012325
18.132,-0.01449
18.133,-0.017089
18.134,-0.018852
18.135,-0.018829
18.136,-0.017227
18.137,-0.015216
18.138,-0.013863
18.139,-0.013311
18.14,-0.012962
18.141,-0.012287
18.142,-0.011389
18.143,-0.010841
18.144,-0.011219
18.145,-0.01268
18.146,-0.014791
18.147,-0.016769
18.148,-0.017993
18.149,-0.018328
18.15,-0.018144
18.151,-0.018102
18.152,-0.018767
18.153,-0.020311
18.154,-0.022603
18.155,-0.025554
18.156,-0.029126
18.157,-0.032735
18.158,-0.034724
18.159,-0.032996
18.16,-0.026741
18.161,-0.017616
18.162,-0.009057
18.163,-0.00426
18.164,-0.004512
18.165,-0.008933
18.166,-0.015357
18.167,-0.02144
18.168,-0.02549
18.169,-0.026969
18.17,-0.026648
18.171,-0.026105
18.172,-0.026588
18.173,-0.028097
18.174,-0.029487
18.175,-0.029507
18.176,-0.02789
18.177,-0.025553
18.178,-0.023819
18.179,-0.023393
18.18,-0.023907
18.181,-0.024353
18.182,-0.023988
18.183,-0.022944
18.184,-0.02212
18.185,-0.022449
18.186,-0.024037
18.187,-0.025968
18.188,-0.027054
18.189,-0.026792
18.19,-0.025714
18.191,-0.024964
18.192,-0.025441
18.193,-0.027132
18.194,-0.029082
18.195,-0.02992
18.196,-0.028326
18.197,-0.022975
18.198,-0.012556
18.199,0.00304
18.2,0.021139
18.201,0.037182
18.202,0.048602
18.203,0.057562
18.204,0.068746
18.205,0.083973
18.206,0.098684
18.207,0.103677
18.208,0.091555
18.209,0.062933
18.21,0.026719
18.211,-0.005501
18.212,-0.025733
18.213,-0.032131
18.214,-0.027711
18.215,-0.017496
18.216,-0.006233
18.217,0.00265
18.218,0.00742
18.219,0.008267
18.22,0.007062
18.221,0.00614
18.222,0.006677
18.223,0.008007
18.224,0.008501
18.225,0.007161
18.226,0.004499
18.227,0.002131
18.228,0.001558
18.229,0.003118
18.23,0.005757
18.231,0.007698
18.232,0.007635
18.233,0.005597
18.234,0.002764
18.235,0.000501
18.236,-0.000642
18.237,-0.001264
18.238,-0.002553
18.239,-0.005251
18.24,-0.009006
18.241,-0.01264
18.242,-0.015069
18.243,-0.016112
18.244,-0.016563
18.245,-0.01745
18.246,-0.019117
18.247,-0.020936
18.248,-0.021818
18.249,-0.021092
18.25,-0.019097
18.251,-0.017027
18.252,-0.016138
18.253,-0.0169
18.254,-0.018657
18.255,-0.020146
18.256,-0.020542
18.257,-0.020086
18.258,-0.019745
18.259,-0.020259
18.26,-0.021404
18.261,-0.022223
18.262,-0.021995
18.263,-0.020887
18.264,-0.019757
18.265,-0.019441
18.266,-0.020268
18.267,-0.022154
18.268,-0.024948
18.269,-0.02857
18.27,-0.032788
18.271,-0.036727
18.272,-0.038661
18.273,-0.036835
18.274,-0.030922
18.275,-0.02269
18.276,-0.015227
18.277,-0.011274
18.278,-0.011819
18.279,-0.015898
18.28,-0.02145
18.281,-0.026376
18.282,-0.029294
18.283,-0.029935
18.284,-0.02912
18.285,-0.02823
18.286,-0.028213
18.287,-0.02889
18.288,-0.029234
18.289,-0.028349
18.29,-0.026194
18.291,-0.02359
18.292,-0.021646
18.293,-0.020954
18.294,-0.021108
18.295,-0.021098
18.296,-0.020338
18.297,-0.019321
18.298,-0.01918
18.299,-0.020519
18.3,-0.022707
18.301,-0.024379
18.302,-0.024575
18.303,-0.02349
18.304,-0.022376
18.305,-0.022733
18.306,-0.025187
18.307,-0.028876
18.308,-0.031942
18.309,-0.032676
18.31,-0.030068
18.311,-0.023333
18.312,-0.011668
18.313,0.004489
18.314,0.02209
18.315,0.036935
18.316,0.04756
18.317,0.057031
18.318,0.069829
18.319,0.086429
18.32,0.100589
18.321,0.102463
18.322,0.085981
18.323,0.054253
18.324,0.017823
18.325,-0.012219
18.326,-0.029828
18.327,-0.034917
18.328,-0.03105
18.329,-0.022656
18.33,-0.013383
18.331,-0.0057
18.332,-0.000924
18.333,0.000943
18.334,0.001151
18.335,0.001355
18.336,0.002492
18.337,0.004296
18.338,0.005752
18.339,0.006026
18.34,0.00518
18.341,0.004207
18.342,0.004288
18.343,0.005787
18.344,0.00782
18.345,0.008831
18.346,0.007788
18.347,0.004984
18.348,0.001659
18.349,-0.001093
18.35,-0.003064
18.351,-0.004849
18.352,-0.007253
18.353,-0.010602
18.354,-0.014319
18.355,-0.017225
18.356,-0.018423
18.357,-0.018007
18.358,-0.016983
18.359,-0.016528
18.36,-0.017103
18.361,-0.018128
18.362,-0.018512
18.363,-0.017586
18.364,-0.015732
18.365,-0.014186
18.366,-0.014056
18.367,-0.015411
18.368,-0.017336
18.369,-0.018817
18.37,-0.019555
18.371,-0.020093
18.372,-0.021284
18.373,-0.023459
18.374,-0.025965
18.375,-0.027565
18.376,-0.027407
18.377,-0.025737
18.378,-0.023716
18.379,-0.022462
18.38,-0.022263
18.381,-0.02274
18.382,-0.023653
18.383,-0.025329
18.384,-0.028237
18.385,-0.032003
18.386,-0.034846
18.387,-0.034461
18.388,-0.029984
18.389,-0.02303
18.39,-0.016692
18.391,-0.013629
18.392,-0.014772
18.393,-0.019224
18.394,-0.024965
18.395,-0.029817
18.396,-0.032349
18.397,-0.032459
18.398,-0.031252
18.399,-0.030173
18.4,-0.029968
18.401,-0.030196
18.402,-0.029708
18.403,-0.027714
18.404,-0.024554
18.405,-0.021549
18.406,-0.020073
18.407,-0.020523
18.408,-0.022066
18.409,-0.023442
18.41,-0.024048
18.411,-0.024333
18.412,-0.025206
18.413,-0.027054
18.414,-0.029266
18.415,-0.030671
18.416,-0.030482
18.417,-0.028921
18.418,-0.027097
18.419,-0.026277
18.42,-0.027047
18.421,-0.028898
18.422,-0.03055
18.423,-0.030676
18.424,-0.028237
18.425,-0.022182
18.426,-0.011391
18.427,0.003986
18.428,0.020981
18.429,0.035127
18.43,0.044656
18.431,0.052705
18.432,0.064159
18.433,0.079969
18.434,0.094339
18.435,0.097548
18.436,0.082945
18.437,0.052617
18.438,0.016504
18.439,-0.013877
18.44,-0.031326
18.441,-0.034822
18.442,-0.027915
18.443,-0.015968
18.444,-0.004009
18.445,0.004481
18.446,0.008157
18.447,0.007775
18.448,0.005445
18.449,0.003398
18.45,0.00281
18.451,0.003312
18.452,0.003546
18.453,0.002412
18.454,0.000116
18.455,-0.001899
18.456,-0.002141
18.457,-0.000292
18.458,0.002596
18.459,0.00495
18.46,0.005818
18.461,0.005398
18.462,0.004619
18.463,0.004229
18.464,0.004105
18.465,0.003235
18.466,0.000518
18.467,-0.004114
18.468,-0.009331
18.469,-0.013405
18.47,-0.015664
18.471,-0.016876
18.472,-0.01828
18.473,-0.020409
18.474,-0.022638
18.475,-0.023648
18.476,-0.022545
18.477,-0.019884
18.478,-0.01756
18.479,-0.017355
18.48,-0.019345
18.481,-0.021735
18.482,-0.022393
18.483,-0.020651
18.484,-0.017863
18.485,-0.01631
18.486,-0.017341
18.487,-0.020249
18.488,-0.022828
18.489,-0.02314
18.49,-0.020985
18.491,-0.017907
18.492,-0.015884
18.493,-0.015942
18.494,-0.017709
18.495,-0.020005
18.496,-0.021985
18.497,-0.023978
18.498,-0.027054
18.499,-0.031198
18.5,-0.033969
18.501,-0.031932
18.502,-0.023964
18.503,-0.012845
18.504,-0.003549
18.505,0.000115
18.506,-0.002232
18.507,-0.008215
18.508,-0.015233
18.509,-0.021796
18.51,-0.026748
18.511,-0.028642
18.512,-0.027035
18.513,-0.023742
18.514,-0.02138
18.515,-0.020841
18.516,-0.02122
18.517,-0.021584
18.518,-0.021533
18.519,-0.020712
18.52,-0.019191
18.521,-0.017687
18.522,-0.016327
18.523,-0.014106
18.524,-0.010644
18.525,-0.007232
18.526,-0.004891
18.527,-0.002621
18.528,0.000906
18.529,0.004762
18.53,0.006396
18.531,0.004926
18.532,0.002634
18.533,0.002049
18.534,0.002402
18.535,0.001107
18.536,-0.001652
18.537,-0.002183
18.538,0.003028
18.539,0.014998
18.54,0.032702
18.541,0.052397
18.542,0.066997
18.543,0.071159
18.544,0.068931
18.545,0.072339
18.546,0.089546
18.547,0.116142
18.548,0.138655
18.549,0.144343
18.55,0.128416
18.551,0.096132
18.552,0.059809
18.553,0.032172
18.554,0.020162
18.555,0.022942
18.556,0.034546
18.557,0.048613
18.558,0.061336
18.559,0.071019
18.56,0.076837
18.561,0.079004
18.562,0.078984
18.563,0.078514
18.564,0.078349
18.565,0.077634
18.566,0.074303
18.567,0.067208
18.568,0.059141
18.569,0.056756
18.57,0.064859
18.571,0.08004
18.572,0.092346
18.573,0.094603
18.574,0.088286
18.575,0.080013
18.576,0.075149
18.577,0.074978
18.578,0.077056
18.579,0.077614
18.58,0.075124
18.581,0.071528
18.582,0.069568
18.583,0.069783
18.584,0.07055
18.585,0.069925
18.586,0.066818
18.587,0.061429
18.588,0.055371
18.589,0.050896
18.59,0.04939
18.591,0.050507
18.592,0.052761
18.593,0.054912
18.594,0.056781
18.595,0.058818
18.596,0.061122
18.597,0.063042
18.598,0.063717
18.599,0.062838
18.6,0.060874
18.601,0.058818
18.602,0.057662
18.603,0.057685
18.604,0.058174
18.605,0.05802
18.606,0.056642
18.607,0.054351
18.608,0.05174
18.609,0.048902
18.61,0.045605
18.611,0.042279
18.612,0.040481
18.613,0.041955
18.614,0.046975
18.615,0.053582
18.616,0.058543
18.617,0.059313
18.618,0.055558
18.619,0.049111
18.62,0.042627
18.621,0.038164
18.622,0.036449
18.623,0.036783
18.624,0.037617
18.625,0.037573
18.626,0.036163
18.627,0.033768
18.628,0.031224
18.629,0.02941
18.63,0.028849
18.631,0.029395
18.632,0.030417
18.633,0.031435
18.634,0.032437
18.635,0.033559
18.636,0.034654
18.637,0.035194
18.638,0.034698
18.639,0.033273
18.64,0.031683
18.641,0.030849
18.642,0.031184
18.643,0.032213
18.644,0.032746
18.645,0.03164
18.646,0.028581
18.647,0.024271
18.648,0.020056
18.649,0.017521
18.65,0.018364
18.651,0.02431
18.652,0.036173
18.653,0.051942
18.654,0.066357
18.655,0.074719
18.656,0.078556
18.657,0.085951
18.658,0.103743
18.659,0.128688
18.66,0.147332
18.661,0.145727
18.662,0.120186
18.663,0.079667
18.664,0.038866
18.665,0.009135
18.666,-0.005722
18.667,-0.008009
18.668,-0.00267
18.669,0.005373
18.67,0.012541
18.671,0.017029
18.672,0.018775
18.673,0.018999
18.674,0.019275
18.675,0.020435
18.676,0.022091
18.677,0.023182
18.678,0.023036
18.679,0.02202
18.68,0.021282
18.681,0.021899
18.682,0.024113
18.683,0.027127
18.684,0.029549
18.685,0.030199
18.686,0.028736
18.687,0.025711
18.688,0.022125
18.689,0.018814
18.69,0.016095
18.691,0.013792
18.692,0.011509
18.693,0.009021
18.694,0.00648
18.695,0.004188
18.696,0.002133
18.697,-1.1e-05
18.698,-0.002368
18.699,-0.004525
18.7,-0.005805
18.701,-0.005735
18.702,-0.004378
18.703,-0.002386
18.704,-0.000675
18.705,0.000166
18.706,0.000205
18.707,-0.000148
18.708,-0.000676
18.709,-0.001522
18.71,-0.002915
18.711,-0.004846
18.712,-0.007034
18.713,-0.009117
18.714,-0.010818
18.715,-0.01202
18.716,-0.012861
18.717,-0.013689
18.718,-0.014681
18.719,-0.015546
18.72,-0.015717
18.721,-0.014758
18.722,-0.012613
18.723,-0.009682
18.724,-0.006899
18.725,-0.005656
18.726,-0.007198
18.727,-0.011457
18.728,-0.016286
18.729,-0.018449
18.73,-0.016157
18.731,-0.010712
18.732,-0.005559
18.733,-0.003735
18.734,-0.006006
18.735,-0.011004
18.736,-0.016747
18.737,-0.021868
18.738,-0.0257
18.739,-0.027825
18.74,-0.027994
18.741,-0.026448
18.742,-0.023958
18.743,-0.021388
18.744,-0.019307
18.745,-0.017952
18.746,-0.017354
18.747,-0.017468
18.748,-0.018272
18.749,-0.019721
18.75,-0.021583
18.751,-0.023446
18.752,-0.025033
18.753,-0.026498
18.754,-0.028245
18.755,-0.030418
18.756,-0.03269
18.757,-0.034451
18.758,-0.03506
18.759,-0.034091
18.76,-0.031648
18.761,-0.028417
18.762,-0.025272
18.763,-0.022767
18.764,-0.020972
18.765,-0.019514
18.766,-0.017352
18.767,-0.012496
18.768,-0.002701
18.769,0.012361
18.77,0.029338
18.771,0.042918
18.772,0.050691
18.773,0.055997
18.774,0.064751
18.775,0.078823
18.776,0.09239
18.777,0.095076
18.778,0.07987
18.779,0.049162
18.78,0.013537
18.781,-0.015136
18.782,-0.03011
18.783,-0.031424
18.784,-0.02355
18.785,-0.012117
18.786,-0.001602
18.787,0.0056
18.788,0.009044
18.789,0.009569
18.79,0.008534
18.791,0.007163
18.792,0.006049
18.793,0.005042
18.794,0.003682
18.795,0.001791
18.796,-0.000291
18.797,-0.001889
18.798,-0.002323
18.799,-0.001239
18.8,0.001159
18.801,0.004116
18.802,0.006611
18.803,0.007825
18.804,0.00749
18.805,0.005913
18.806,0.00361
18.807,0.000896
18.808,-0.002144
18.809,-0.005396
18.81,-0.00864
18.811,-0.011714
18.812,-0.014595
18.813,-0.017276
18.814,-0.019684
18.815,-0.02178
18.816,-0.02362
18.817,-0.025182
18.818,-0.026176
18.819,-0.026206
18.82,-0.025141
18.821,-0.02329
18.822,-0.021239
18.823,-0.019497
18.824,-0.018318
18.825,-0.01778
18.826,-0.017879
18.827,-0.018535
18.828,-0.019603
18.829,-0.020883
18.83,-0.022165
18.831,-0.023303
18.832,-0.024218
18.833,-0.024862
18.834,-0.025192
18.835,-0.025148
18.836,-0.024733
18.837,-0.024127
18.838,-0.023668
18.839,-0.023802
18.84,-0.025082
18.841,-0.027941
18.842,-0.032075
18.843,-0.035909
18.844,-0.036972
18.845,-0.033511
18.846,-0.02617
18.847,-0.017982
18.848,-0.0125
18.849,-0.011651
18.85,-0.014987
18.851,-0.020596
18.852,-0.026543
18.853,-0.031599
18.854,-0.035093
18.855,-0.036684
18.856,-0.036553
18.857,-0.035459
18.858,-0.034212
18.859,-0.033074
18.86,-0.031803
18.861,-0.030219
18.862,-0.028576
18.863,-0.027428
18.864,-0.027185
18.865,-0.027792
18.866,-0.028757
18.867,-0.029538
18.868,-0.029979
18.869,-0.030383
18.87,-0.031152
18.871,-0.032328
18.872,-0.033482
18.873,-0.034013
18.874,-0.033584
18.875,-0.032382
18.876,-0.031022
18.877,-0.030144
18.878,-0.030032
18.879,-0.030539
18.88,-0.031115
18.881,-0.030774
18.882,-0.028013
18.883,-0.02088
18.884,-0.007981
18.885,0.009517
18.886,0.027278
18.887,0.040785
18.888,0.049523
18.889,0.057389
18.89,0.068414
18.891,0.081805
18.892,0.090742
18.893,0.086646
18.894,0.066114
18.895,0.034312
18.896,0.001771
18.897,-0.021957
18.898,-0.03261
18.899,-0.031516
18.9,-0.02316
18.901,-0.012443
18.902,-0.003001
18.903,0.003443
18.904,0.006919
18.905,0.00845
18.906,0.009172
18.907,0.009776
18.908,0.010372
18.909,0.010608
18.91,0.01001
18.911,0.008477
18.912,0.006589
18.913,0.005334
18.914,0.005481
18.915,0.007025
18.916,0.009124
18.917,0.010614
18.918,0.010764
18.919,0.009681
18.92,0.008025
18.921,0.00639
18.922,0.004936
18.923,0.003413
18.924,0.00142
18.925,-0.001257
18.926,-0.004442
18.927,-0.007639
18.928,-0.010332
18.929,-0.01238
18.93,-0.014071
18.931,-0.015698
18.932,-0.017177
18.933,-0.018133
18.934,-0.01821
18.935,-0.017305
18.936,-0.015735
18.937,-0.014156
18.938,-0.013208
18.939,-0.013118
18.94,-0.013562
18.941,-0.013943
18.942,-0.013932
18.943,-0.013732
18.944,-0.013867
18.945,-0.014723
18.946,-0.016189
18.947,-0.017697
18.948,-0.018677
18.949,-0.018995
18.95,-0.018979
18.951,-0.019115
18.952,-0.019708
18.953,-0.020752
18.954,-0.022175
18.955,-0.024202
18.956,-0.02723
18.957,-0.03104
18.958,-0.034079
18.959,-0.033958
18.96,-0.029329
18.961,-0.021423
18.962,-0.013471
18.963,-0.008576
18.964,-0.008009
18.965,-0.011081
18.966,-0.016132
18.967,-0.021556
18.968,-0.026169
18.969,-0.029161
18.97,-0.030201
18.971,-0.029638
18.972,-0.028396
18.973,-0.027428
18.974,-0.027125
18.975,-0.027203
18.976,-0.027129
18.977,-0.026711
18.978,-0.026304
18.979,-0.026432
18.98,-0.027239
18.981,-0.028314
18.982,-0.029057
18.983,-0.029308
18.984,-0.02961
18.985,-0.030738
18.986,-0.032831
18.987,-0.035041
18.988,-0.036127
18.989,-0.035457
18.99,-0.03353
18.991,-0.031638
18.992,-0.030958
18.993,-0.031758
18.994,-0.03327
18.995,-0.034252
18.996,-0.033559
18.997,-0.029998
18.998,-0.021896
18.999,-0.007873
19.0,0.011034
19.001,0.030502
19.002,0.045641
19.003,0.055164
19.004,0.062382
19.005,0.071631
19.006,0.083239
19.007,0.091378
19.008,0.087545
19.009,0.067618
19.01,0.036027
19.011,0.003165
19.012,-0.021106
19.013,-0.032286
19.014,-0.031659
19.015,-0.023781
19.016,-0.013641
19.017,-0.004879
19.018,0.000794
19.019,0.003324
19.02,0.003699
19.021,0.003275
19.022,0.003092
19.023,0.00347
19.024,0.004061
19.025,0.004252
19.026,0.003699
19.027,0.002599
19.028,0.001559
19.029,0.001198
19.03,0.001715
19.031,0.002687
19.032,0.003324
19.033,0.003104
19.034,0.002206
19.035,0.001215
19.036,0.000436
19.037,-0.000379
19.038,-0.001709
19.039,-0.00379
19.04,-0.006424
19.041,-0.009146
19.042,-0.011503
19.043,-0.013274
19.044,-0.014626
19.045,-0.016085
19.046,-0.018126
19.047,-0.020636
19.048,-0.022823
19.049,-0.023751
19.05,-0.023078
19.051,-0.021313
19.052,-0.019409
19.053,-0.018095
19.054,-0.017506
19.055,-0.017319
19.056,-0.017175
19.057,-0.017015
19.058,-0.017123
19.059,-0.017882
19.06,-0.019438
19.061,-0.02154
19.062,-0.023627
19.063,-0.025102
19.064,-0.025687
19.065,-0.025596
19.066,-0.025302
19.067,-0.025193
19.068,-0.025494
19.069,-0.026454
19.07,-0.028447
19.071,-0.031716
19.072,-0.035763
19.073,-0.038926
19.074,-0.038869
19.075,-0.034151
19.076,-0.025662
19.077,-0.016512
19.078,-0.010287
19.079,-0.008974
19.08,-0.012118
19.081,-0.017637
19.082,-0.023283
19.083,-0.027535
19.084,-0.029808
19.085,-0.030323
19.086,-0.029778
19.087,-0.028867
19.088,-0.027863
19.089,-0.02653
19.09,-0.024532
19.091,-0.021987
19.092,-0.019662
19.093,-0.018541
19.094,-0.019002
19.095,-0.020389
19.096,-0.021527
19.097,-0.021655
19.098,-0.020903
19.099,-0.020053
19.1,-0.01993
19.101,-0.020842
19.102,-0.022376
19.103,-0.023629
19.104,-0.023825
19.105,-0.022911
19.106,-0.021584
19.107,-0.020754
19.108,-0.020949
19.109,-0.021986
19.11,-0.022963
19.111,-0.022518
19.112,-0.019078
19.113,-0.011028
19.114,0.00257
19.115,0.020464
19.116,0.038638
19.117,0.052775
19.118,0.062105
19.119,0.0701
19.12,0.080634
19.121,0.093145
19.122,0.101256
19.123,0.096693
19.124,0.076023
19.125,0.044214
19.126,0.011688
19.127,-0.012037
19.128,-0.022771
19.129,-0.021978
19.13,-0.014235
19.131,-0.004299
19.132,0.004539
19.133,0.010699
19.134,0.013948
19.135,0.014942
19.136,0.014785
19.137,0.014558
19.138,0.01486
19.139,0.015543
19.14,0.015919
19.141,0.01546
19.142,0.01442
19.143,0.013772
19.144,0.01438
19.145,0.016203
19.146,0.018246
19.147,0.019253
19.148,0.018563
19.149,0.016501
19.15,0.014045
19.151,0.012045
19.152,0.010564
19.153,0.008885
19.154,0.006236
19.155,0.002533
19.156,-0.001511
19.157,-0.004881
19.158,-0.006919
19.159,-0.007695
19.16,-0.007853
19.161,-0.008012
19.162,-0.00821
19.163,-0.008014
19.164,-0.007108
19.165,-0.005593
19.166,-0.003897
19.167,-0.00264
19.168,-0.002373
19.169,-0.003203
19.17,-0.004758
19.171,-0.006498
19.172,-0.00803
19.173,-0.009267
19.174,-0.010354
19.175,-0.011482
19.176,-0.012684
19.177,-0.013701
19.178,-0.01408
19.179,-0.013576
19.18,-0.012447
19.181,-0.011255
19.182,-0.010316
19.183,-0.009561
19.184,-0.009159
19.185,-0.009944
19.186,-0.01279
19.187,-0.017407
19.188,-0.021772
19.189,-0.023058
19.19,-0.019634
19.191,-0.012501
19.192,-0.004883
19.193,-0.000275
19.194,-0.000378
19.195,-0.004354
19.196,-0.009851
19.197,-0.014678
19.198,-0.017704
19.199,-0.018749
19.2,-0.018221
19.201,-0.016942
19.202,-0.015848
19.203,-0.0154
19.204,-0.015314
19.205,-0.015
19.206,-0.014194
19.207,-0.013193
19.208,-0.012613
19.209,-0.012897
19.21,-0.013935
19.211,-0.015107
19.212,-0.01579
19.213,-0.015908
19.214,-0.015969
19.215,-0.016512
19.216,-0.017532
19.217,-0.018497
19.218,-0.018829
19.219,-0.018383
19.22,-0.017615
19.221,-0.017244
19.222,-0.017645
19.223,-0.018503
19.224,-0.019
19.225,-0.018295
19.226,-0.015693
19.227,-0.010172
19.228,-0.000101
19.229,0.015398
19.23,0.034155
19.231,0.051255
19.232,0.063031
19.233,0.070548
19.234,0.078278
19.235,0.089128
19.236,0.100411
19.237,0.104411
19.238,0.09387
19.239,0.068192
19.24,0.034695
19.241,0.004069
19.242,-0.015619
19.243,-0.022056
19.244,-0.01795
19.245,-0.008216
19.246,0.002655
19.247,0.011822
19.248,0.018031
19.249,0.021162
19.25,0.021927
19.251,0.021519
19.252,0.021061
19.253,0.021091
19.254,0.021416
19.255,0.02155
19.256,0.021365
19.257,0.021327
19.258,0.02206
19.259,0.023679
19.26,0.025538
19.261,0.026632
19.262,0.026278
19.263,0.024519
19.264,0.022
19.265,0.019494
19.266,0.01746
19.267,0.015856
19.268,0.014276
19.269,0.012314
19.27,0.009867
19.271,0.007178
19.272,0.004662
19.273,0.002626
19.274,0.001044
19.275,-0.000382
19.276,-0.001866
19.277,-0.003247
19.278,-0.004091
19.279,-0.00401
19.28,-0.002918
19.281,-0.001186
19.282,0.000406
19.283,0.001099
19.284,0.000705
19.285,-0.000291
19.286,-0.001198
19.287,-0.001734
19.288,-0.00225
19.289,-0.003338
19.29,-0.005195
19.291,-0.007358
19.292,-0.009043
19.293,-0.009758
19.294,-0.00963
19.295,-0.009203
19.296,-0.008953
19.297,-0.008998
19.298,-0.009269
19.299,-0.009974
19.3,-0.011855
19.301,-0.015661
19.302,-0.02095
19.303,-0.025451
19.304,-0.026162
19.305,-0.021632
19.306,-0.013314
19.307,-0.00473
19.308,0.000705
19.309,0.001486
19.31,-0.001632
19.311,-0.006633
19.312,-0.01151
19.313,-0.014978
19.314,-0.016581
19.315,-0.016559
19.316,-0.01568
19.317,-0.014906
19.318,-0.014813
19.319,-0.015227
19.32,-0.015503
19.321,-0.015172
19.322,-0.014338
19.323,-0.013554
19.324,-0.013325
19.325,-0.013687
19.326,-0.014252
19.327,-0.014679
19.328,-0.015026
19.329,-0.015605
19.33,-0.016568
19.331,-0.017636
19.332,-0.0182
19.333,-0.017781
19.334,-0.016506
19.335,-0.01515
19.336,-0.014663
19.337,-0.015563
19.338,-0.017597
19.339,-0.019894
19.34,-0.021369
19.341,-0.020866
19.342,-0.016926
19.343,-0.00783
19.344,0.007134
19.345,0.025871
19.346,0.043762
19.347,0.057111
19.348,0.0665
19.349,0.075975
19.35,0.088445
19.351,0.101502
19.352,0.107478
19.353,0.098556
19.354,0.073384
19.355,0.03911
19.356,0.006882
19.357,-0.014686
19.358,-0.022858
19.359,-0.019937
19.36,-0.010551
19.361,0.000616
19.362,0.010012
19.363,0.015788
19.364,0.017928
19.365,0.017734
19.366,0.016865
19.367,0.016484
19.368,0.016889
19.369,0.017613
19.37,0.017897
19.371,0.017351
19.372,0.016344
19.373,0.015789
19.374,0.016386
19.375,0.017968
19.376,0.01961
19.377,0.020326
19.378,0.019696
19.379,0.018085
19.38,0.016368
19.381,0.015225
19.382,0.014561
19.383,0.013621
19.384,0.011679
19.385,0.00866
19.386,0.005187
19.387,0.002085
19.388,-0.000189
19.389,-0.001739
19.39,-0.003036
19.391,-0.004496
19.392,-0.00603
19.393,-0.007006
19.394,-0.006805
19.395,-0.005456
19.396,-0.003632
19.397,-0.002142
19.398,-0.001467
19.399,-0.001566
19.4,-0.00197
19.401,-0.002191
19.402,-0.002128
19.403,-0.002098
19.404,-0.002535
19.405,-0.00363
19.406,-0.005088
19.407,-0.006302
19.408,-0.006834
19.409,-0.006688
19.41,-0.00619
19.411,-0.005707
19.412,-0.005502
19.413,-0.005819
19.414,-0.007038
19.415,-0.009593
19.416,-0.013536
19.417,-0.017907
19.418,-0.020564
19.419,-0.019186
19.42,-0.013068
19.421,-0.0041
19.422,0.004153
19.423,0.008579
19.424,0.008116
19.425,0.003844
19.426,-0.002011
19.427,-0.007285
19.428,-0.010724
19.429,-0.012208
19.43,-0.01242
19.431,-0.012271
19.432,-0.012339
19.433,-0.012554
19.434,-0.012365
19.435,-0.011265
19.436,-0.009345
19.437,-0.007364
19.438,-0.006213
19.439,-0.006215
19.44,-0.006927
19.441,-0.007593
19.442,-0.007776
19.443,-0.007638
19.444,-0.007822
19.445,-0.008969
19.446,-0.011086
19.447,-0.013344
19.448,-0.014608
19.449,-0.014374
19.45,-0.013267
19.451,-0.012515
19.452,-0.012858
19.453,-0.013982
19.454,-0.014814
19.455,-0.014169
19.456,-0.011113
19.457,-0.004737
19.458,0.006056
19.459,0.021513
19.46,0.039291
19.461,0.055041
19.462,0.066096
19.463,0.074232
19.464,0.083713
19.465,0.096306
19.466,0.108027
19.467,0.110701
19.468,0.097848
19.469,0.070263
19.47,0.036188
19.471,0.006297
19.472,-0.011885
19.473,-0.016562
19.474,-0.010767
19.475,0.000393
19.476,0.012222
19.477,0.021563
19.478,0.026924
19.479,0.028355
19.48,0.027156
19.481,0.025177
19.482,0.023807
19.483,0.023275
19.484,0.022808
19.485,0.021553
19.486,0.019513
19.487,0.017721
19.488,0.017445
19.489,0.019127
19.49,0.022012
19.491,0.024663
19.492,0.025871
19.493,0.025366
19.494,0.023914
19.495,0.022673
19.496,0.022183
19.497,0.021921
19.498,0.020843
19.499,0.018352
19.5,0.014775
19.501,0.010982
19.502,0.007694
19.503,0.005085
19.504,0.002793
19.505,0.000255
19.506,-0.002699
19.507,-0.00544
19.508,-0.006885
19.509,-0.006341
19.51,-0.00405
19.511,-0.001045
19.512,0.001432
19.513,0.002598
19.514,0.002524
19.515,0.00195
19.516,0.001624
19.517,0.001713
19.518,0.001691
19.519,0.000815
19.52,-0.001148
19.521,-0.003627
19.522,-0.005675
19.523,-0.006735
19.524,-0.007087
19.525,-0.007534
19.526,-0.008595
19.527,-0.010073
19.528,-0.011575
19.529,-0.013276
19.53,-0.015758
19.531,-0.018902
19.532,-0.021089
19.533,-0.019896
19.534,-0.014016
19.535,-0.004705
19.536,0.004618
19.537,0.010339
19.538,0.010639
19.539,0.006152
19.54,-0.000861
19.541,-0.007858
19.542,-0.013002
19.543,-0.0156
19.544,-0.016194
19.545,-0.016144
19.546,-0.016628
19.547,-0.017768
19.548,-0.018655
19.549,-0.018208
19.55,-0.016133
19.551,-0.013218
19.552,-0.010736
19.553,-0.009478
19.554,-0.009247
19.555,-0.009194
19.556,-0.008669
19.557,-0.007855
19.558,-0.00756
19.559,-0.008421
19.56,-0.010336
19.561,-0.012504
19.562,-0.013924
19.563,-0.014095
19.564,-0.013474
19.565,-0.013166
19.566,-0.013993
19.567,-0.01579
19.568,-0.017525
19.569,-0.017921
19.57,-0.01582
19.571,-0.009976
19.572,0.00093
19.573,0.017005
19.574,0.035538
19.575,0.05194
19.576,0.063583
19.577,0.072455
19.578,0.083124
19.579,0.097582
19.58,0.111659
19.581,0.116464
19.582,0.104629
19.583,0.076519
19.584,0.040706
19.585,0.008631
19.586,-0.011588
19.587,-0.017999
19.588,-0.013667
19.589,-0.003669
19.59,0.007383
19.591,0.01641
19.592,0.02197
19.593,0.024056
19.594,0.023821
19.595,0.02295
19.596,0.02272
19.597,0.023371
19.598,0.024236
19.599,0.024474
19.6,0.023862
19.601,0.023036
19.602,0.023014
19.603,0.024346
19.604,0.026518
19.605,0.028159
19.606,0.028013
19.607,0.025887
19.608,0.022698
19.609,0.019689
19.61,0.017538
19.611,0.016019
19.612,0.014357
19.613,0.01194
19.614,0.008844
19.615,0.005775
19.616,0.003481
19.617,0.002189
19.618,0.001476
19.619,0.000611
19.62,-0.000787
19.621,-0.002322
19.622,-0.003099
19.623,-0.002496
19.624,-0.00077
19.625,0.000962
19.626,0.001523
19.627,0.000658
19.628,-0.000771
19.629,-0.001598
19.63,-0.001399
19.631,-0.000835
19.632,-0.001004
19.633,-0.002465
19.634,-0.004714
19.635,-0.006516
19.636,-0.006838
19.637,-0.005658
19.638,-0.003898
19.639,-0.002616
19.64,-0.002224
19.641,-0.00244
19.642,-0.002988
19.643,-0.004231
19.644,-0.006966
19.645,-0.011385
19.646,-0.016046
19.647,-0.018205
19.648,-0.015762
19.649,-0.009093
19.65,-0.001046
19.651,0.004809
19.652,0.006274
19.653,0.003439
19.654,-0.001955
19.655,-0.007696
19.656,-0.011925
19.657,-0.013634
19.658,-0.01299
19.659,-0.011189
19.66,-0.009676
19.661,-0.009171
19.662,-0.009224
19.663,-0.008771
19.664,-0.007307
19.665,-0.005495
19.666,-0.004505
19.667,-0.004895
19.668,-0.006221
19.669,-0.007527
19.67,-0.008131
19.671,-0.008081
19.672,-0.008018
19.673,-0.008543
19.674,-0.009594
19.675,-0.010406
19.676,-0.010168
19.677,-0.008746
19.678,-0.006827
19.679,-0.005545
19.68,-0.005841
19.681,-0.007791
19.682,-0.010394
19.683,-0.012045
19.684,-0.011192
19.685,-0.006482
19.686,0.003286
19.687,0.018194
19.688,0.03574
19.689,0.051527
19.69,0.062885
19.691,0.071717
19.692,0.082732
19.693,0.098271
19.694,0.114429
19.695,0.122166
19.696,0.113477
19.697,0.087911
19.698,0.053477
19.699,0.021425
19.7,-1.8e-05
19.701,-0.008446
19.702,-0.006235
19.703,0.002066
19.704,0.011904
19.705,0.019925
19.706,0.024476
19.707,0.025593
19.708,0.02457
19.709,0.023218
19.71,0.022932
19.711,0.023944
19.712,0.025396
19.713,0.026223
19.714,0.026118
19.715,0.025793
19.716,0.02639
19.717,0.028523
19.718,0.031687
19.719,0.03455
19.72,0.035885
19.721,0.035299
19.722,0.033284
19.723,0.030753
19.724,0.02838
19.725,0.02613
19.726,0.023388
19.727,0.019648
19.728,0.01512
19.729,0.010747
19.73,0.007634
19.731,0.006256
19.732,0.006044
19.733,0.005818
19.734,0.004848
19.735,0.003502
19.736,0.002871
19.737,0.003786
19.738,0.006062
19.739,0.008566
19.74,0.010054
19.741,0.010069
19.742,0.009132
19.743,0.008122
19.744,0.007439
19.745,0.00675
19.746,0.005443
19.747,0.003231
19.748,0.000383
19.749,-0.002434
19.75,-0.004491
19.751,-0.005349
19.752,-0.005083
19.753,-0.004179
19.754,-0.003119
19.755,-0.002122
19.756,-0.001389
19.757,-0.001491
19.758,-0.003204
19.759,-0.006666
19.76,-0.010589
19.761,-0.012531
19.762,-0.010466
19.763,-0.004424
19.764,0.003209
19.765,0.008951
19.766,0.010242
19.767,0.006867
19.768,0.000776
19.769,-0.005314
19.77,-0.009345
19.771,-0.01058
19.772,-0.009549
19.773,-0.007569
19.774,-0.005971
19.775,-0.005354
19.776,-0.005373
19.777,-0.005179
19.778,-0.004142
19.779,-0.00239
19.78,-0.000804
19.781,-0.000331
19.782,-0.001182
19.783,-0.002687
19.784,-0.00395
19.785,-0.004669
19.786,-0.005386
19.787,-0.006933
19.788,-0.009548
19.789,-0.012442
19.79,-0.014227
19.791,-0.013919
19.792,-0.011771
19.793,-0.00917
19.794,-0.00761
19.795,-0.007609
19.796,-0.008479
19.797,-0.008925
19.798,-0.007745
19.799,-0.003861
19.8,0.004015
19.801,0.016818
19.802,0.033399
19.803,0.049936
19.804,0.062623
19.805,0.071484
19.806,0.080559
19.807,0.093449
19.808,0.10842
19.809,0.117735
19.81,0.112521
19.811,0.08979
19.812,0.055527
19.813,0.021041
19.814,-0.003814
19.815,-0.014932
19.816,-0.013863
19.817,-0.005146
19.818,0.006388
19.819,0.017012
19.82,0.024446
19.821,0.027959
19.822,0.02838
19.823,0.027508
19.824,0.026938
19.825,0.027094
19.826,0.027209
19.827,0.026136
19.828,0.02341
19.829,0.019852
19.83,0.01719
19.831,0.016874
19.832,0.019004
19.833,0.022168
19.834,0.024387
19.835,0.024479
19.836,0.022735
19.837,0.020443
19.838,0.018778
19.839,0.017948
19.84,0.017164
19.841,0.015418
19.842,0.012442
19.843,0.008981
19.844,0.006094
19.845,0.004202
19.846,0.00284
19.847,0.00123
19.848,-0.000981
19.849,-0.003426
19.85,-0.005256
19.851,-0.005698
19.852,-0.004665
19.853,-0.002897
19.854,-0.001462
19.855,-0.001038
19.856,-0.001508
19.857,-0.002082
19.858,-0.001986
19.859,-0.001217
19.86,-0.000649
19.861,-0.001245
19.862,-0.00309
19.863,-0.005232
19.864,-0.006488
19.865,-0.00643
19.866,-0.005665
19.867,-0.005257
19.868,-0.005822
19.869,-0.007148
19.87,-0.008665
19.871,-0.010271
19.872,-0.012524
19.873,-0.015802
19.874,-0.019213
19.875,-0.020625
19.876,-0.018172
19.877,-0.01193
19.878,-0.004218
19.879,0.001738
19.88,0.003659
19.881,0.001278
19.882,-0.003867
19.883,-0.009474
19.884,-0.013586
19.885,-0.015301
19.886,-0.014962
19.887,-0.013785
19.888,-0.013031
19.889,-0.013117
19.89,-0.013348
19.891,-0.012647
19.892,-0.010679
19.893,-0.008288
19.894,-0.006893
19.895,-0.007436
19.896,-0.009696
19.897,-0.01243
19.898,-0.014297
19.899,-0.014968
19.9,-0.015565
19.901,-0.017841
19.902,-0.022534
19.903,-0.028439
19.904,-0.033253
19.905,-0.035398
19.906,-0.03508
19.907,-0.033861
19.908,-0.033314
19.909,-0.03385
19.91,-0.034552
19.911,-0.034061
19.912,-0.031542
19.913,-0.026623
19.914,-0.01854
19.915,-0.006345
19.916,0.009184
19.917,0.02459
19.918,0.036376
19.919,0.044865
19.92,0.054229
19.921,0.067916
19.922,0.083834
19.923,0.09386
19.924,0.089025
19.925,0.06669
19.926,0.033168
19.927,-0.000439
19.928,-0.024786
19.929,-0.036018
19.93,-0.035432
19.931,-0.027084
19.932,-0.015635
19.933,-0.005232
19.934,0.001114
19.935,0.002248
19.936,-0.000677
19.937,-0.004864
19.938,-0.007583
19.939,-0.007801
19.94,-0.006486
19.941,-0.005453
19.942,-0.005712
19.943,-0.006645
19.944,-0.006707
19.945,-0.00494
19.946,-0.001849
19.947,0.001071
19.948,0.002492
19.949,0.001879
19.95,-0.000584
19.951,-0.00418
19.952,-0.007982
19.953,-0.011517
19.954,-0.015072
19.955,-0.01911
19.956,-0.023509
19.957,-0.027526
19.958,-0.030303
19.959,-0.03138
19.96,-0.031137
19.961,-0.030771
19.962,-0.031385
19.963,-0.032852
19.964,-0.033759
19.965,-0.032501
19.966,-0.028555
19.967,-0.023217
19.968,-0.019105
19.969,-0.018181
19.97,-0.019989
19.971,-0.022227
19.972,-0.023097
19.973,-0.022804
19.974,-0.022782
19.975,-0.023865
19.976,-0.025574
19.977,-0.027022
19.978,-0.027856
19.979,-0.028148
19.98,-0.028003
19.981,-0.027559
19.982,-0.026851
19.983,-0.025791
19.984,-0.024853
19.985,-0.025292
19.986,-0.027746
19.987,-0.030951
19.988,-0.032686
19.989,-0.031685
19.99,-0.027907
19.991,-0.021651
19.992,-0.013918
19.993,-0.00758
19.994,-0.006583
19.995,-0.012978
19.996,-0.024582
19.997,-0.035421
19.998,-0.039373
19.999,-0.035146
20.0,-0.027532
20.001,-0.022299
20.002,-0.020419
20.003,-0.018617
20.004,-0.014465
20.005,-0.009186
20.006,-0.005835
20.007,-0.005958
20.008,-0.007997
20.009,-0.008655
20.01,-0.006096
20.011,-0.001937
20.012,0.000187
20.013,-0.001847
20.014,-0.006789
20.015,-0.011622
20.016,-0.013959
20.017,-0.012723
20.018,-0.00843
20.019,-0.003631
20.02,-0.001217
20.021,-0.001136
20.022,-0.000303
20.023,0.003184
20.024,0.007541
20.025,0.010341
20.026,0.012523
20.027,0.018342
20.028,0.032044
20.029,0.053545
20.03,0.07582
20.031,0.088661
20.032,0.088898
20.033,0.086456
20.034,0.09616
20.035,0.122273
20.036,0.153041
20.037,0.170354
20.038,0.163035
20.039,0.132377
20.04,0.089403
20.041,0.048244
20.042,0.019372
20.043,0.006397
20.044,0.007542
20.045,0.018665
20.046,0.034905
20.047,0.051134
20.048,0.062683
20.049,0.06727
20.05,0.066725
20.051,0.065424
20.052,0.06612
20.053,0.067913
20.054,0.0683
20.055,0.066295
20.056,0.063341
20.057,0.061798
20.058,0.063055
20.059,0.066941
20.06,0.07207
20.061,0.076493
20.062,0.078815
20.063,0.079028
20.064,0.078052
20.065,0.076647
20.066,0.074833
20.067,0.072081
20.068,0.068073
20.069,0.063433
20.07,0.059599
20.071,0.05778
20.072,0.057927
20.073,0.058634
20.074,0.057982
20.075,0.054778
20.076,0.049585
20.077,0.044671
20.078,0.04248
20.079,0.043737
20.08,0.046958
20.081,0.049763
20.082,0.050741
20.083,0.050203
20.084,0.049403
20.085,0.049191
20.086,0.049354
20.087,0.048992
20.088,0.04748
20.089,0.045199
20.09,0.043345
20.091,0.042892
20.092,0.043669
20.093,0.044456
20.094,0.044004
20.095,0.04203
20.096,0.039336
20.097,0.036957
20.098,0.03521
20.099,0.033654
20.1,0.032084
20.101,0.031349
20.102,0.032754
20.103,0.036504
20.104,0.041006
20.105,0.043815
20.106,0.043276
20.107,0.03953
20.108,0.034203
20.109,0.02926
20.11,0.026074
20.111,0.025151
20.112,0.026055
20.113,0.02739
20.114,0.027407
20.115,0.0252
20.116,0.021416
20.117,0.017757
20.118,0.015669
20.119,0.015302
20.12,0.015563
20.121,0.01514
20.122,0.01358
20.123,0.011543
20.124,0.01009
20.125,0.009714
20.126,0.010009
20.127,0.010145
20.128,0.009661
20.129,0.008907
20.13,0.008753
20.131,0.009742
20.132,0.011456
20.133,0.012657
20.134,0.012018
20.135,0.008952
20.136,0.004112
20.137,-0.000813
20.138,-0.00379
20.139,-0.002941
20.14,0.003292
20.141,0.015395
20.142,0.031227
20.143,0.0459
20.144,0.055419
20.145,0.061481
20.146,0.071136
20.147,0.089606
20.148,0.112993
20.149,0.128881
20.15,0.125237
20.151,0.099857
20.152,0.061966
20.153,0.025251
20.154,-0.000607
20.155,-0.013226
20.156,-0.015415
20.157,-0.011565
20.158,-0.00536
20.159,0.000797
20.16,0.005511
20.161,0.00827
20.162,0.009535
20.163,0.010365
20.164,0.011564
20.165,0.013108
20.166,0.014306
20.167,0.014534
20.168,0.013906
20.169,0.013312
20.17,0.013771
20.171,0.015624
20.172,0.018231
20.173,0.020439
20.174,0.021353
20.175,0.020786
20.176,0.019151
20.177,0.017014
20.178,0.014726
20.179,0.012312
20.18,0.009568
20.181,0.006294
20.182,0.002604
20.183,-0.000997
20.184,-0.003982
20.185,-0.006251
20.186,-0.008123
20.187,-0.009903
20.188,-0.01151
20.189,-0.012449
20.19,-0.012138
20.191,-0.01038
20.192,-0.007602
20.193,-0.004773
20.194,-0.003087
20.195,-0.003395
20.196,-0.005599
20.197,-0.008721
20.198,-0.011654
20.199,-0.013839
20.2,-0.015351
20.201,-0.016544
20.202,-0.017675
20.203,-0.018767
20.204,-0.019706
20.205,-0.02044
20.206,-0.02103
20.207,-0.021486
20.208,-0.021563
20.209,-0.020772
20.21,-0.018729
20.211,-0.015618
20.212,-0.012368
20.213,-0.010433
20.214,-0.011231
20.215,-0.015289
20.216,-0.021419
20.217,-0.026745
20.218,-0.028319
20.219,-0.025308
20.22,-0.019716
20.221,-0.014972
20.222,-0.013686
20.223,-0.016252
20.224,-0.021144
20.225,-0.026352
20.226,-0.030504
20.227,-0.033021
20.228,-0.033836
20.229,-0.033217
20.23,-0.031675
20.231,-0.029844
20.232,-0.028284
20.233,-0.027333
20.234,-0.027077
20.235,-0.027467
20.236,-0.028411
20.237,-0.02974
20.238,-0.031132
20.239,-0.032202
20.24,-0.032724
20.241,-0.032756
20.242,-0.03253
20.243,-0.032287
20.244,-0.032202
20.245,-0.032294
20.246,-0.032388
20.247,-0.032284
20.248,-0.031951
20.249,-0.031525
20.25,-0.031196
20.251,-0.031109
20.252,-0.031323
20.253,-0.031767
20.254,-0.032024
20.255,-0.030841
20.256,-0.025927
20.257,-0.015151
20.258,0.000992
20.259,0.018287
20.26,0.031672
20.261,0.040161
20.262,0.04811
20.263,0.060586
20.264,0.077162
20.265,0.090089
20.266,0.089067
20.267,0.069248
20.268,0.035593
20.269,-0.000191
20.27,-0.027026
20.271,-0.039958
20.272,-0.040614
20.273,-0.03408
20.274,-0.025433
20.275,-0.017937
20.276,-0.012954
20.277,-0.010557
20.278,-0.010045
20.279,-0.010329
20.28,-0.010425
20.281,-0.009966
20.282,-0.00933
20.283,-0.009236
20.284,-0.010088
20.285,-0.011569
20.286,-0.012812
20.287,-0.012975
20.288,-0.011823
20.289,-0.009924
20.29,-0.0083
20.291,-0.007764
20.292,-0.008532
20.293,-0.010387
20.294,-0.01299
20.295,-0.015966
20.296,-0.018942
20.297,-0.021706
20.298,-0.024253
20.299,-0.026605
20.3,-0.028718
20.301,-0.030597
20.302,-0.032386
20.303,-0.034231
20.304,-0.036075
20.305,-0.037605
20.306,-0.038372
20.307,-0.038034
20.308,-0.036621
20.309,-0.034638
20.31,-0.032842
20.311,-0.03189
20.312,-0.032131
20.313,-0.033511
20.314,-0.035519
20.315,-0.037404
20.316,-0.038668
20.317,-0.039331
20.318,-0.039679
20.319,-0.039923
20.32,-0.040129
20.321,-0.040268
20.322,-0.040234
20.323,-0.039909
20.324,-0.039253
20.325,-0.038339
20.326,-0.037363
20.327,-0.036715
20.328,-0.037069
20.329,-0.03922
20.33,-0.043533
20.331,-0.049202
20.332,-0.053979
20.333,-0.05519
20.334,-0.051702
20.335,-0.045015
20.336,-0.038266
20.337,-0.034084
20.338,-0.033217
20.339,-0.034773
20.34,-0.037355
20.341,-0.03986
20.342,-0.041621
20.343,-0.042352
20.344,-0.042221
20.345,-0.041816
20.346,-0.041775
20.347,-0.042318
20.348,-0.043121
20.349,-0.043686
20.35,-0.043909
20.351,-0.044261
20.352,-0.045319
20.353,-0.047159
20.354,-0.049236
20.355,-0.050792
20.356,-0.051405
20.357,-0.051224
20.358,-0.05078
20.359,-0.050531
20.36,-0.050546
20.361,-0.050568
20.362,-0.050261
20.363,-0.04941
20.364,-0.048159
20.365,-0.047138
20.366,-0.047108
20.367,-0.04833
20.368,-0.050283
20.369,-0.051814
20.37,-0.051365
20.371,-0.047124
20.372,-0.037481
20.373,-0.022361
20.374,-0.004641
20.375,0.010828
20.376,0.021121
20.377,0.028133
20.378,0.036718
20.379,0.04949
20.38,0.062981
20.381,0.068687
20.382,0.059111
20.383,0.034132
20.384,0.001691
20.385,-0.027465
20.386,-0.045779
20.387,-0.051464
20.388,-0.047461
20.389,-0.038687
20.39,-0.02959
20.391,-0.022946
20.392,-0.019782
20.393,-0.019774
20.394,-0.021687
20.395,-0.023954
20.396,-0.025396
20.397,-0.025636
20.398,-0.024991
20.399,-0.024044
20.4,-0.023172
20.401,-0.022297
20.402,-0.020988
20.403,-0.018857
20.404,-0.016013
20.405,-0.013251
20.406,-0.011709
20.407,-0.012152
20.408,-0.014463
20.409,-0.017784
20.41,-0.021192
20.411,-0.024364
20.412,-0.027742
20.413,-0.03198
20.414,-0.037126
20.415,-0.042341
20.416,-0.046423
20.417,-0.048599
20.418,-0.048929
20.419,-0.048142
20.42,-0.047116
20.421,-0.046324
20.422,-0.045566
20.423,-0.044241
20.424,-0.042083
20.425,-0.039658
20.426,-0.038086
20.427,-0.038238
20.428,-0.040085
20.429,-0.042722
20.43,-0.045086
20.431,-0.046767
20.432,-0.048249
20.433,-0.050341
20.434,-0.053318
20.435,-0.056582
20.436,-0.059041
20.437,-0.059811
20.438,-0.058689
20.439,-0.056142
20.44,-0.052927
20.441,-0.049735
20.442,-0.047147
20.443,-0.045787
20.444,-0.046336
20.445,-0.049118
20.446,-0.053358
20.447,-0.056911
20.448,-0.05733
20.449,-0.05375
20.45,-0.047806
20.451,-0.042703
20.452,-0.041251
20.453,-0.044227
20.454,-0.050202
20.455,-0.056746
20.456,-0.061769
20.457,-0.064111
20.458,-0.063614
20.459,-0.061079
20.46,-0.057954
20.461,-0.055585
20.462,-0.054439
20.463,-0.05398
20.464,-0.053377
20.465,-0.052417
20.466,-0.051752
20.467,-0.052317
20.468,-0.054474
20.469,-0.057566
20.47,-0.06033
20.471,-0.061917
20.472,-0.062624
20.473,-0.063623
20.474,-0.065862
20.475,-0.06908
20.476,-0.071763
20.477,-0.072181
20.478,-0.069722
20.479,-0.065391
20.48,-0.061082
20.481,-0.058323
20.482,-0.057449
20.483,-0.057591
20.484,-0.057296
20.485,-0.055129
20.486,-0.049682
20.487,-0.039603
20.488,-0.024826
20.489,-0.008045
20.49,0.006335
20.491,0.015776
20.492,0.021922
20.493,0.028732
20.494,0.038042
20.495,0.04652
20.496,0.046957
20.497,0.033449
20.498,0.005831
20.499,-0.030457
