time_s	mv
0.0	0.000927
0.001	0.009611
0.002	0.015241
0.003	0.019163
0.004	0.021682
0.005	0.022721
0.006	0.022638
0.007	0.022292
0.008	0.02254
0.009	0.023637
0.01	0.024856
0.011	0.02437
0.012	0.020287
0.013	0.01296
0.014	0.00489
0.015	-0.002274
0.016	-0.008355
0.017	-0.01273
0.018	-0.014097
0.019	-0.01197
0.02	-0.007287
0.021	-0.001267
0.022	0.005592
0.023	0.012771
0.024	0.018742
0.025	0.021605
0.026	0.020822
0.027	0.018024
0.028	0.015705
0.029	0.015299
0.03	0.016485
0.031	0.017403
0.032	0.015717
0.033	0.0106
0.034	0.002934
0.035	-0.006233
0.036	-0.015395
0.037	-0.021751
0.038	-0.022817
0.039	-0.018482
0.04	-0.010843
0.041	-0.002473
0.042	0.00478
0.043	0.00983
0.044	0.012302
0.045	0.012786
0.046	0.012606
0.047	0.012912
0.048	0.014
0.049	0.015578
0.05	0.017088
0.051	0.017263
0.052	0.014605
0.053	0.009551
0.054	0.00463
0.055	0.001535
0.056	-0.000519
0.057	-0.003652
0.058	-0.009226
0.059	-0.014978
0.06	-0.012226
0.061	0.011859
0.062	0.063668
0.063	0.132494
0.064	0.193831
0.065	0.226372
0.066	0.225571
0.067	0.201244
0.068	0.165088
0.069	0.122531
0.07	0.07542
0.071	0.029058
0.072	-0.006384
0.073	-0.022075
0.074	-0.018154
0.075	-0.004506
0.076	0.007425
0.077	0.01309
0.078	0.014798
0.079	0.015783
0.08	0.016337
0.081	0.014854
0.082	0.010622
0.083	0.005023
0.084	0.00066
0.085	-0.000436
0.086	0.001872
0.087	0.005848
0.088	0.009444
0.089	0.011952
0.09	0.013654
0.091	0.014158
0.092	0.012403
0.093	0.008705
0.094	0.005002
0.095	0.002438
0.096	0.000714
0.097	-0.000454
0.098	-0.001298
0.099	-0.002866
0.1	-0.00633
0.101	-0.011398
0.102	-0.015965
0.103	-0.017624
0.104	-0.015797
0.105	-0.012227
0.106	-0.009254
0.107	-0.00804
0.108	-0.008214
0.109	-0.008491
0.11	-0.007883
0.111	-0.006881
0.112	-0.007129
0.113	-0.009309
0.114	-0.0125
0.115	-0.01593
0.116	-0.019202
0.117	-0.021072
0.118	-0.02039
0.119	-0.018125
0.12	-0.017186
0.121	-0.020057
0.122	-0.026463
0.123	-0.0332
0.124	-0.036656
0.125	-0.035357
0.126	-0.030056
0.127	-0.022557
0.128	-0.014692
0.129	-0.00754
0.13	-0.001597
0.131	0.001999
0.132	0.001515
0.133	-0.002838
0.134	-0.008101
0.135	-0.011411
0.136	-0.01165
0.137	-0.008783
0.138	-0.003992
0.139	1.7e-05
0.14	0.00042
0.141	-0.003462
0.142	-0.009331
0.143	-0.013901
0.144	-0.015826
0.145	-0.016121
0.146	-0.016192
0.147	-0.016214
0.148	-0.015091
0.149	-0.011529
0.15	-0.005373
0.151	0.001444
0.152	0.005578
0.153	0.004918
0.154	-0.000463
0.155	-0.010083
0.156	-0.022699
0.157	-0.033205
0.158	-0.03127
0.159	-0.00494
0.16	0.049727
0.161	0.119474
0.162	0.178108
0.163	0.204705
0.164	0.197478
0.165	0.169765
0.166	0.135609
0.167	0.100733
0.168	0.065312
0.169	0.03186
0.17	0.007304
0.171	-0.003276
0.172	-0.001975
0.173	0.004934
0.174	0.012407
0.175	0.017603
0.176	0.018952
0.177	0.015522
0.178	0.006513
0.179	-0.007813
0.18	-0.024302
0.181	-0.037114
0.182	-0.041241
0.183	-0.036305
0.184	-0.0263
0.185	-0.015866
0.186	-0.007331
0.187	-0.000522
0.188	0.005747
0.189	0.01224
0.19	0.018634
0.191	0.023295
0.192	0.024343
0.193	0.022107
0.194	0.018957
0.195	0.016348
0.196	0.014323
0.197	0.01296
0.198	0.011945
0.199	0.009529
0.2	0.003422
0.201	-0.007
0.202	-0.019573
0.203	-0.030327
0.204	-0.035656
0.205	-0.034373
0.206	-0.028099
0.207	-0.019644
0.208	-0.01119
0.209	-0.003746
0.21	0.002106
0.211	0.005111
0.212	0.004174
0.213	0.000828
0.214	-0.001376
0.215	-0.000539
0.216	0.002451
0.217	0.005542
0.218	0.006563
0.219	0.003772
0.22	-0.002929
0.221	-0.011107
0.222	-0.01715
0.223	-0.019146
0.224	-0.018105
0.225	-0.01635
0.226	-0.015193
0.227	-0.014259
0.228	-0.012527
0.229	-0.009463
0.23	-0.00559
0.231	-0.002661
0.232	-0.002401
0.233	-0.004261
0.234	-0.005926
0.235	-0.006254
0.236	-0.005751
0.237	-0.005067
0.238	-0.005052
0.239	-0.007403
0.24	-0.013694
0.241	-0.023636
0.242	-0.034545
0.243	-0.042464
0.244	-0.044269
0.245	-0.039337
0.246	-0.029546
0.247	-0.018025
0.248	-0.007629
0.249	0.000198
0.25	0.005384
0.251	0.008173
0.252	0.008975
0.253	0.009201
0.254	0.00976
0.255	0.008324
0.256	0.001644
0.257	-0.007805
0.258	-0.008755
0.259	0.013067
0.26	0.062213
0.261	0.124983
0.262	0.176629
0.263	0.199131
0.264	0.191368
0.265	0.16406
0.266	0.128559
0.267	0.090777
0.268	0.053444
0.269	0.021033
0.27	-0.000205
0.271	-0.007202
0.272	-0.003108
0.273	0.005519
0.274	0.012819
0.275	0.015159
0.276	0.012233
0.277	0.007089
0.278	0.002838
0.279	-0.000416
0.28	-0.004826
0.281	-0.011903
0.282	-0.020815
0.283	-0.029328
0.284	-0.036007
0.285	-0.040884
0.286	-0.044096
0.287	-0.044523
0.288	-0.039883
0.289	-0.028618
0.29	-0.012283
0.291	0.004207
0.292	0.015651
0.293	0.020544
0.294	0.021109
0.295	0.019755
0.296	0.017811
0.297	0.016379
0.298	0.015476
0.299	0.013104
0.3	0.007022
0.301	-0.002592
0.302	-0.012867
0.303	-0.020727
0.304	-0.024986
0.305	-0.02585
0.306	-0.023657
0.307	-0.018826
0.308	-0.012315
0.309	-0.005608
0.31	-0.000173
0.311	0.002946
0.312	0.003504
0.313	0.002726
0.314	0.002101
0.315	0.001149
0.316	-0.001358
0.317	-0.004812
0.318	-0.007457
0.319	-0.008812
0.32	-0.010455
0.321	-0.014538
0.322	-0.021538
0.323	-0.029492
0.324	-0.035244
0.325	-0.036379
0.326	-0.032633
0.327	-0.025828
0.328	-0.018362
0.329	-0.011869
0.33	-0.007007
0.331	-0.004026
0.332	-0.002763
0.333	-0.001836
0.334	7.4e-05
0.335	0.00191
0.336	0.00172
0.337	-0.000486
0.338	-0.003286
0.339	-0.006002
0.34	-0.00915
0.341	-0.012988
0.342	-0.016477
0.343	-0.018387
0.344	-0.018896
0.345	-0.019167
0.346	-0.019569
0.347	-0.019047
0.348	-0.01651
0.349	-0.012273
0.35	-0.007838
0.351	-0.004956
0.352	-0.004448
0.353	-0.00506
0.354	-0.005055
0.355	-0.004936
0.356	-0.006184
0.357	-0.008782
0.358	-0.012485
0.359	-0.018809
0.36	-0.028314
0.361	-0.034274
0.362	-0.021771
0.363	0.021023
0.364	0.087923
0.365	0.154227
0.366	0.194412
0.367	0.199715
0.368	0.17901
0.369	0.14663
0.37	0.111118
0.371	0.073861
0.372	0.036396
0.373	0.00609
0.374	-0.008798
0.375	-0.00803
0.376	0.000607
0.377	0.00873
0.378	0.012296
0.379	0.011345
0.38	0.007941
0.381	0.004566
0.382	0.002528
0.383	0.000822
0.384	-0.002678
0.385	-0.008556
0.386	-0.014729
0.387	-0.018053
0.388	-0.016874
0.389	-0.01212
0.39	-0.006852
0.391	-0.00543
0.392	-0.011285
0.393	-0.023579
0.394	-0.037315
0.395	-0.047188
0.396	-0.05007
0.397	-0.045393
0.398	-0.035296
0.399	-0.023801
0.4	-0.014627
0.401	-0.009416
0.402	-0.00769
0.403	-0.007858
0.404	-0.008361
0.405	-0.008523
0.406	-0.008479
0.407	-0.008524
0.408	-0.008733
0.409	-0.008875
0.41	-0.008602
0.411	-0.007899
0.412	-0.006768
0.413	-0.004326
0.414	-4.6e-05
0.415	0.00421
0.416	0.005639
0.417	0.003381
0.418	-0.001423
0.419	-0.007366
0.42	-0.013451
0.421	-0.018452
0.422	-0.020694
0.423	-0.019383
0.424	-0.016085
0.425	-0.013902
0.426	-0.014752
0.427	-0.018079
0.428	-0.021983
0.429	-0.024671
0.43	-0.025229
0.431	-0.023909
0.432	-0.021318
0.433	-0.017146
0.434	-0.011418
0.435	-0.006695
0.436	-0.006052
0.437	-0.009198
0.438	-0.012779
0.439	-0.014194
0.44	-0.014119
0.441	-0.015317
0.442	-0.019618
0.443	-0.026327
0.444	-0.032908
0.445	-0.036634
0.446	-0.036195
0.447	-0.032414
0.448	-0.027186
0.449	-0.021845
0.45	-0.016954
0.451	-0.013184
0.452	-0.011217
0.453	-0.010493
0.454	-0.009792
0.455	-0.009261
0.456	-0.00973
0.457	-0.010671
0.458	-0.010718
0.459	-0.00941
0.46	-0.007598
0.461	-0.006896
0.462	-0.009221
0.463	-0.015353
0.464	-0.020983
0.465	-0.014311
0.466	0.01686
0.467	0.071435
0.468	0.131175
0.469	0.173642
0.47	0.187713
0.471	0.176522
0.472	0.149737
0.473	0.115627
0.474	0.078123
0.475	0.039499
0.476	0.005374
0.477	-0.015917
0.478	-0.020381
0.479	-0.012623
0.48	-0.002363
0.481	0.002395
0.482	-0.000599
0.483	-0.008657
0.484	-0.017488
0.485	-0.023933
0.486	-0.027087
0.487	-0.027757
0.488	-0.026948
0.489	-0.025061
0.49	-0.02224
0.491	-0.019051
0.492	-0.016155
0.493	-0.013129
0.494	-0.009354
0.495	-0.005913
0.496	-0.004278
0.497	-0.00448
0.498	-0.006444
0.499	-0.011268
0.5	-0.019662
0.501	-0.029561
0.502	-0.036363
0.503	-0.036529
0.504	-0.030846
0.505	-0.023639
0.506	-0.019031
0.507	-0.018021
0.508	-0.018638
0.509	-0.018362
0.51	-0.016351
0.511	-0.014006
0.512	-0.013188
0.513	-0.013469
0.514	-0.01282
0.515	-0.010843
0.516	-0.008765
0.517	-0.007235
0.518	-0.006114
0.519	-0.005568
0.52	-0.006411
0.521	-0.0091
0.522	-0.012719
0.523	-0.015603
0.524	-0.016885
0.525	-0.017134
0.526	-0.017599
0.527	-0.019012
0.528	-0.021249
0.529	-0.023749
0.53	-0.025934
0.531	-0.027496
0.532	-0.027973
0.533	-0.026108
0.534	-0.021566
0.535	-0.016867
0.536	-0.015048
0.537	-0.016423
0.538	-0.019054
0.539	-0.021001
0.54	-0.021361
0.541	-0.020005
0.542	-0.017385
0.543	-0.014666
0.544	-0.013304
0.545	-0.014185
0.546	-0.017045
0.547	-0.020711
0.548	-0.024077
0.549	-0.026821
0.55	-0.029271
0.551	-0.031937
0.552	-0.034332
0.553	-0.034059
0.554	-0.029286
0.555	-0.021997
0.556	-0.016268
0.557	-0.014056
0.558	-0.014186
0.559	-0.014492
0.56	-0.014019
0.561	-0.013394
0.562	-0.013597
0.563	-0.014844
0.564	-0.017119
0.565	-0.021459
0.566	-0.028805
0.567	-0.035728
0.568	-0.031582
0.569	-0.00364
0.57	0.05004
0.571	0.113191
0.572	0.161425
0.573	0.180305
0.574	0.171704
0.575	0.146032
0.576	0.112722
0.577	0.076661
0.578	0.040674
0.579	0.009647
0.58	-0.009867
0.581	-0.01473
0.582	-0.00854
0.583	0.000787
0.584	0.00638
0.585	0.005955
0.586	0.001376
0.587	-0.004432
0.588	-0.009979
0.589	-0.015363
0.59	-0.02124
0.591	-0.028017
0.592	-0.035013
0.593	-0.039967
0.594	-0.040814
0.595	-0.037982
0.596	-0.033388
0.597	-0.028018
0.598	-0.021893
0.599	-0.015457
0.6	-0.01016
0.601	-0.007771
0.602	-0.008974
0.603	-0.012765
0.604	-0.017865
0.605	-0.024463
0.606	-0.033832
0.607	-0.046257
0.608	-0.059343
0.609	-0.068481
0.61	-0.069848
0.611	-0.063493
0.612	-0.053035
0.613	-0.042372
0.614	-0.033799
0.615	-0.028354
0.616	-0.025498
0.617	-0.022957
0.618	-0.018453
0.619	-0.011333
0.62	-0.002556
0.621	0.006102
0.622	0.012714
0.623	0.015637
0.624	0.014058
0.625	0.008757
0.626	0.002017
0.627	-0.003759
0.628	-0.007353
0.629	-0.009054
0.63	-0.010356
0.631	-0.013295
0.632	-0.01892
0.633	-0.025844
0.634	-0.031675
0.635	-0.035785
0.636	-0.03875
0.637	-0.040132
0.638	-0.038732
0.639	-0.034317
0.64	-0.028308
0.641	-0.022924
0.642	-0.019586
0.643	-0.018216
0.644	-0.017923
0.645	-0.017831
0.646	-0.017439
0.647	-0.016607
0.648	-0.015359
0.649	-0.014025
0.65	-0.013551
0.651	-0.015265
0.652	-0.019763
0.653	-0.025989
0.654	-0.032559
0.655	-0.039396
0.656	-0.046169
0.657	-0.050553
0.658	-0.049954
0.659	-0.043903
0.66	-0.033989
0.661	-0.022282
0.662	-0.010525
0.663	-0.000534
0.664	0.005729
0.665	0.007168
0.666	0.004137
0.667	-0.002444
0.668	-0.012022
0.669	-0.022857
0.67	-0.028574
0.671	-0.018573
0.672	0.014138
0.673	0.064097
0.674	0.113835
0.675	0.145298
0.676	0.151944
0.677	0.139897
0.678	0.11893
0.679	0.093998
0.68	0.065169
0.681	0.033968
0.682	0.006884
0.683	-0.008763
0.684	-0.011025
0.685	-0.004673
0.686	0.002726
0.687	0.005985
0.688	0.004567
0.689	0.000966
0.69	-0.002464
0.691	-0.005486
0.692	-0.009066
0.693	-0.013288
0.694	-0.01804
0.695	-0.02456
0.696	-0.033372
0.697	-0.042022
0.698	-0.046693
0.699	-0.044953
0.7	-0.036616
0.701	-0.023228
0.702	-0.007731
0.703	0.005731
0.704	0.013132
0.705	0.01254
0.706	0.004918
0.707	-0.006674
0.708	-0.01855
0.709	-0.027518
0.71	-0.031594
0.711	-0.030815
0.712	-0.027295
0.713	-0.02387
0.714	-0.02284
0.715	-0.02536
0.716	-0.030597
0.717	-0.035732
0.718	-0.037575
0.719	-0.034533
0.72	-0.027305
0.721	-0.01801
0.722	-0.009057
0.723	-0.002481
0.724	0.000645
0.725	0.000448
0.726	-0.00197
0.727	-0.004841
0.728	-0.006271
0.729	-0.005223
0.73	-0.002628
0.731	-0.001646
0.732	-0.005724
0.733	-0.015853
0.734	-0.030411
0.735	-0.046663
0.736	-0.06108
0.737	-0.069649
0.738	-0.069599
0.739	-0.061013
0.74	-0.046508
0.741	-0.029646
0.742	-0.013968
0.743	-0.002761
0.744	0.001654
0.745	-0.000866
0.746	-0.007814
0.747	-0.015231
0.748	-0.019745
0.749	-0.019979
0.75	-0.016957
0.751	-0.012981
0.752	-0.008121
0.753	0.002357
0.754	0.024178
0.755	0.056784
0.756	0.091883
0.757	0.119126
0.758	0.131695
0.759	0.127393
0.76	0.107021
0.761	0.073412
0.762	0.032394
0.763	-0.006479
0.764	-0.033165
0.765	-0.043145
0.766	-0.039737
0.767	-0.030259
0.768	-0.02066
0.769	-0.013755
0.77	-0.011358
0.771	-0.015862
0.772	-0.02709
0.773	-0.037375
0.774	-0.033506
0.775	-0.007549
0.776	0.034354
0.777	0.075898
0.778	0.103142
0.779	0.112801
0.78	0.110371
0.781	0.102275
0.782	0.089729
0.783	0.069881
0.784	0.042723
0.785	0.015085
0.786	-0.003776
0.787	-0.009611
0.788	-0.005288
0.789	0.002764
0.79	0.008733
0.791	0.010007
0.792	0.009077
0.793	0.013376
0.794	0.029749
0.795	0.057374
0.796	0.087704
0.797	0.110911
0.798	0.12082
0.799	0.115179
0.8	0.094101
0.801	0.060255
0.802	0.020933
0.803	-0.012368
0.804	-0.029967
0.805	-0.03077
0.806	-0.022273
0.807	-0.013891
0.808	-0.010786
0.809	-0.013108
0.81	-0.018835
0.811	-0.026237
0.812	-0.034231
0.813	-0.041809
0.814	-0.048908
0.815	-0.057211
0.816	-0.067823
0.817	-0.078692
0.818	-0.08551
0.819	-0.084518
0.82	-0.074435
0.821	-0.056888
0.822	-0.035913
0.823	-0.016722
0.824	-0.003573
0.825	0.002129
0.826	0.001775
0.827	-0.001783
0.828	-0.005463
0.829	-0.00725
0.83	-0.007248
0.831	-0.00689
0.832	-0.005492
0.833	0.002168
0.834	0.021597
0.835	0.051302
0.836	0.082345
0.837	0.104399
0.838	0.110568
0.839	0.09842
0.84	0.069585
0.841	0.029726
0.842	-0.01165
0.843	-0.043417
0.844	-0.057828
0.845	-0.055372
0.846	-0.044303
0.847	-0.033968
0.848	-0.028214
0.849	-0.024852
0.85	-0.020697
0.851	-0.016515
0.852	-0.016685
0.853	-0.025113
0.854	-0.042937
0.855	-0.06815
0.856	-0.094951
0.857	-0.115421
0.858	-0.123933
0.859	-0.119745
0.86	-0.105804
0.861	-0.085828
0.862	-0.062711
0.863	-0.039285
0.864	-0.019223
0.865	-0.006032
0.866	-0.001095
0.867	-0.00293
0.868	-0.008213
0.869	-0.013565
0.87	-0.01696
0.871	-0.017481
0.872	-0.012769
0.873	0.001921
0.874	0.028618
0.875	0.061323
0.876	0.08996
0.877	0.11008
0.878	0.12619
0.879	0.143936
0.88	0.16101
0.881	0.169678
0.882	0.166984
0.883	0.157654
0.884	0.146929
0.885	0.133893
0.886	0.112756
0.887	0.080126
0.888	0.04166
0.889	0.011041
0.89	-0.000365
0.891	0.006783
0.892	0.021435
0.893	0.030849
0.894	0.026306
0.895	0.005703
0.896	-0.024837
0.897	-0.053622
0.898	-0.07029
0.899	-0.070653
0.9	-0.055787
0.901	-0.029522
0.902	0.00156
0.903	0.029282
0.904	0.047786
0.905	0.055655
0.906	0.055414
0.907	0.052329
0.908	0.051243
0.909	0.052419
0.91	0.05133
0.911	0.044198
0.912	0.034331
0.913	0.031735
0.914	0.044679
0.915	0.071849
0.916	0.103645
0.917	0.130281
0.918	0.14743
0.919	0.154549
0.92	0.150117
0.921	0.131456
0.922	0.100487
0.923	0.067305
0.924	0.0442
0.925	0.03615
0.926	0.039171
0.927	0.046388
0.928	0.053416
0.929	0.058768
0.93	0.061144
0.931	0.057898
0.932	0.046853
0.933	0.028678
0.934	0.006415
0.935	-0.016419
0.936	-0.036558
0.937	-0.051361
0.938	-0.05933
0.939	-0.059404
0.94	-0.049999
0.941	-0.030385
0.942	-0.003453
0.943	0.023941
0.944	0.044355
0.945	0.054025
0.946	0.054363
0.947	0.049896
0.948	0.045136
0.949	0.042554
0.95	0.04215
0.951	0.043055
0.952	0.046738
0.953	0.057678
0.954	0.078009
0.955	0.10256
0.956	0.124094
0.957	0.143701
0.958	0.17016
0.959	0.205611
0.96	0.235991
0.961	0.24108
0.962	0.213621
0.963	0.166141
0.964	0.11988
0.965	0.088569
0.966	0.072054
0.967	0.063151
0.968	0.057784
0.969	0.057102
0.97	0.061962
0.971	0.068654
0.972	0.070707
0.973	0.06314
0.974	0.044116
0.975	0.015067
0.976	-0.018498
0.977	-0.048123
0.978	-0.066388
0.979	-0.069789
0.98	-0.058812
0.981	-0.037063
0.982	-0.010423
0.983	0.014368
0.984	0.031988
0.985	0.040604
0.986	0.041878
0.987	0.039223
0.988	0.035958
0.989	0.033984
0.99	0.033221
0.991	0.032672
0.992	0.033514
0.993	0.040825
0.994	0.0591
0.995	0.085765
0.996	0.11154
0.997	0.126702
0.998	0.125952
0.999	0.109185
1.0	0.079911
1.001	0.043821
1.002	0.008167
1.003	-0.01951
1.004	-0.034193
1.005	-0.035902
1.006	-0.028874
1.007	-0.017498
1.008	-0.003571
1.009	0.011933
1.01	0.025595
1.011	0.031541
1.012	0.025215
1.013	0.006588
1.014	-0.020943
1.015	-0.052964
1.016	-0.084126
1.017	-0.108439
1.018	-0.121509
1.019	-0.121804
1.02	-0.109777
1.021	-0.087025
1.022	-0.057019
1.023	-0.025931
1.024	-0.001246
1.025	0.011469
1.026	0.011305
1.027	0.002286
1.028	-0.009287
1.029	-0.01854
1.03	-0.024073
1.031	-0.026714
1.032	-0.025348
1.033	-0.014968
1.034	0.008071
1.035	0.039502
1.036	0.068552
1.037	0.08499
1.038	0.084077
1.039	0.066972
1.04	0.038661
1.041	0.006026
1.042	-0.023339
1.043	-0.042721
1.044	-0.04922
1.045	-0.045979
1.046	-0.040036
1.047	-0.036846
1.048	-0.03713
1.049	-0.038293
1.05	-0.038099
1.051	-0.03757
1.052	-0.040642
1.053	-0.051078
1.054	-0.069919
1.055	-0.094608
1.056	-0.119297
1.057	-0.137054
1.058	-0.143058
1.059	-0.136206
1.06	-0.118493
1.061	-0.093652
1.062	-0.066408
1.063	-0.041947
1.064	-0.024607
1.065	-0.016176
1.066	-0.015206
1.067	-0.018145
1.068	-0.021493
1.069	-0.023399
1.07	-0.024094
1.071	-0.024586
1.072	-0.02334
1.073	-0.015028
1.074	0.004654
1.075	0.033144
1.076	0.061467
1.077	0.079901
1.078	0.082903
1.079	0.070228
1.08	0.04561
1.081	0.015188
1.082	-0.013727
1.083	-0.034153
1.084	-0.04233
1.085	-0.040279
1.086	-0.034202
1.087	-0.029562
1.088	-0.027889
1.089	-0.0276
1.09	-0.027201
1.091	-0.027635
1.092	-0.031621
1.093	-0.041693
1.094	-0.059285
1.095	-0.083582
1.096	-0.109946
1.097	-0.13095
1.098	-0.140132
1.099	-0.134753
1.1	-0.115959
1.101	-0.087952
1.102	-0.05717
1.103	-0.030696
1.104	-0.013698
1.105	-0.007398
1.106	-0.009212
1.107	-0.014821
1.108	-0.020253
1.109	-0.023127
1.11	-0.0234
1.111	-0.022416
1.112	-0.019528
1.113	-0.010559
1.114	0.007866
1.115	0.03278
1.116	0.055647
1.117	0.068248
1.118	0.066836
1.119	0.05205
1.12	0.027152
1.121	-0.002849
1.122	-0.031079
1.123	-0.050051
1.124	-0.055735
1.125	-0.050819
1.126	-0.042681
1.127	-0.037647
1.128	-0.036963
1.129	-0.037582
1.13	-0.036352
1.131	-0.033377
1.132	-0.031902
1.133	-0.036198
1.134	-0.049678
1.135	-0.072576
1.136	-0.099973
1.137	-0.12376
1.138	-0.137595
1.139	-0.139533
1.14	-0.130667
1.141	-0.112566
1.142	-0.086607
1.143	-0.055825
1.144	-0.026126
1.145	-0.004104
1.146	0.006463
1.147	0.006515
1.148	0.00108
1.149	-0.003951
1.15	-0.005526
1.151	-0.003852
1.152	0.001322
1.153	0.013335
1.154	0.034865
1.155	0.062398
1.156	0.087072
1.157	0.100391
1.158	0.098222
1.159	0.081175
1.16	0.053268
1.161	0.020982
1.162	-0.007267
1.163	-0.023701
1.164	-0.026043
1.165	-0.019892
1.166	-0.01474
1.167	-0.016599
1.168	-0.024155
1.169	-0.031465
1.17	-0.03373
1.171	-0.031073
1.172	-0.02802
1.173	-0.030526
1.174	-0.043364
1.175	-0.067409
1.176	-0.097473
1.177	-0.124485
1.178	-0.140561
1.179	-0.141232
1.18	-0.124063
1.181	-0.088381
1.182	-0.038637
1.183	0.013835
1.184	0.058748
1.185	0.100196
1.186	0.156583
1.187	0.239211
1.188	0.331802
1.189	0.397729
1.19	0.408801
1.191	0.365771
1.192	0.294315
1.193	0.223698
1.194	0.166632
1.195	0.118157
1.196	0.072023
1.197	0.032114
1.198	0.006406
1.199	-0.004395
1.2	-0.008238
1.201	-0.013377
1.202	-0.021213
1.203	-0.027502
1.204	-0.029212
1.205	-0.029054
1.206	-0.032727
1.207	-0.042599
1.208	-0.055271
1.209	-0.064649
1.21	-0.066829
1.211	-0.063074
1.212	-0.058818
1.213	-0.060222
1.214	-0.071228
1.215	-0.091305
1.216	-0.11476
1.217	-0.133722
1.218	-0.142378
1.219	-0.138134
1.22	-0.120295
1.221	-0.090112
1.222	-0.05282
1.223	-0.017869
1.224	0.00497
1.225	0.010629
1.226	0.000871
1.227	-0.017257
1.228	-0.035157
1.229	-0.046649
1.23	-0.05035
1.231	-0.048294
1.232	-0.040924
1.233	-0.024876
1.234	0.001878
1.235	0.03436
1.236	0.062237
1.237	0.07633
1.238	0.073213
1.239	0.055281
1.24	0.028451
1.241	-0.000183
1.242	-0.024101
1.243	-0.038711
1.244	-0.043102
1.245	-0.041321
1.246	-0.04043
1.247	-0.046004
1.248	-0.059123
1.249	-0.076963
1.25	-0.095719
1.251	-0.112663
1.252	-0.12523
1.253	-0.12887
1.254	-0.115406
1.255	-0.072022
1.256	0.015692
1.257	0.15337
1.258	0.325002
1.259	0.488993
1.26	0.591676
1.261	0.593036
1.262	0.487518
1.263	0.306789
1.264	0.103986
1.265	-0.070411
1.266	-0.186141
1.267	-0.236078
1.268	-0.229764
1.269	-0.186365
1.27	-0.129007
1.271	-0.077581
1.272	-0.040733
1.273	-0.014362
1.274	0.009638
1.275	0.033214
1.276	0.050836
1.277	0.055692
1.278	0.045391
1.279	0.023101
1.28	-0.004625
1.281	-0.030624
1.282	-0.048742
1.283	-0.054904
1.284	-0.049104
1.285	-0.036415
1.286	-0.024303
1.287	-0.018068
1.288	-0.018336
1.289	-0.022158
1.29	-0.026474
1.291	-0.030762
1.292	-0.036903
1.293	-0.047889
1.294	-0.066794
1.295	-0.094574
1.296	-0.127404
1.297	-0.157207
1.298	-0.175455
1.299	-0.17667
1.3	-0.159692
1.301	-0.127586
1.302	-0.08702
1.303	-0.046903
1.304	-0.01585
1.305	0.001031
1.306	0.003953
1.307	-0.00253
1.308	-0.012319
1.309	-0.020823
1.31	-0.026643
1.311	-0.030035
1.312	-0.028987
1.313	-0.018591
1.314	0.003194
1.315	0.030566
1.316	0.052915
1.317	0.061846
1.318	0.054918
1.319	0.034969
1.32	0.007714
1.321	-0.020129
1.322	-0.041742
1.323	-0.0518
1.324	-0.049253
1.325	-0.038498
1.326	-0.026854
1.327	-0.020013
1.328	-0.01911
1.329	-0.021585
1.33	-0.024585
1.331	-0.027555
1.332	-0.032129
1.333	-0.04109
1.334	-0.057727
1.335	-0.083257
1.336	-0.113419
1.337	-0.139474
1.338	-0.153155
1.339	-0.150341
1.34	-0.131651
1.341	-0.10141
1.342	-0.066191
1.343	-0.033282
1.344	-0.008772
1.345	0.004321
1.346	0.006716
1.347	0.002157
1.348	-0.004506
1.349	-0.009741
1.35	-0.012609
1.351	-0.013422
1.352	-0.010394
1.353	0.000816
1.354	0.021637
1.355	0.046003
1.356	0.063513
1.357	0.066449
1.358	0.053883
1.359	0.031021
1.36	0.005556
1.361	-0.015675
1.362	-0.027914
1.363	-0.02885
1.364	-0.019767
1.365	-0.00612
1.366	0.005071
1.367	0.009723
1.368	0.008564
1.369	0.005082
1.37	0.001892
1.371	-0.001746
1.372	-0.009322
1.373	-0.024265
1.374	-0.047544
1.375	-0.076571
1.376	-0.105674
1.377	-0.12805
1.378	-0.137838
1.379	-0.13166
1.38	-0.109448
1.381	-0.074507
1.382	-0.033333
1.383	0.005416
1.384	0.033509
1.385	0.045793
1.386	0.041268
1.387	0.023197
1.388	-0.000339
1.389	-0.01674
1.39	-0.014121
1.391	0.010537
1.392	0.050494
1.393	0.096982
1.394	0.144252
1.395	0.187615
1.396	0.220576
1.397	0.234906
1.398	0.223326
1.399	0.1841
1.4	0.125001
1.401	0.06177
1.402	0.01057
1.403	-0.019244
1.404	-0.027653
1.405	-0.022066
1.406	-0.012214
1.407	-0.004798
1.408	-0.001553
1.409	-0.001221
1.41	-0.003004
1.411	-0.008098
1.412	-0.018162
1.413	-0.034205
1.414	-0.056996
1.415	-0.085394
1.416	-0.113923
1.417	-0.134345
1.418	-0.140134
1.419	-0.129425
1.42	-0.105024
1.421	-0.073002
1.422	-0.040934
1.423	-0.015458
1.424	4.6e-05
1.425	0.006015
1.426	0.005321
1.427	0.001366
1.428	-0.003198
1.429	-0.007154
1.43	-0.011011
1.431	-0.015332
1.432	-0.017247
1.433	-0.01053
1.434	0.008445
1.435	0.035676
1.436	0.061331
1.437	0.07588
1.438	0.074926
1.439	0.060017
1.44	0.036378
1.441	0.010176
1.442	-0.012753
1.443	-0.027569
1.444	-0.032355
1.445	-0.029675
1.446	-0.024789
1.447	-0.021878
1.448	-0.021814
1.449	-0.023041
1.45	-0.024503
1.451	-0.027468
1.452	-0.034584
1.453	-0.048356
1.454	-0.070032
1.455	-0.097466
1.456	-0.123992
1.457	-0.14143
1.458	-0.144652
1.459	-0.133219
1.46	-0.110025
1.461	-0.079718
1.462	-0.048082
1.463	-0.021765
1.464	-0.006915
1.465	-0.006291
1.466	-0.017108
1.467	-0.031973
1.468	-0.042751
1.469	-0.045161
1.47	-0.040613
1.471	-0.032894
1.472	-0.022343
1.473	-0.004859
1.474	0.021867
1.475	0.053183
1.476	0.080034
1.477	0.095182
1.478	0.096355
1.479	0.085109
1.48	0.06443
1.481	0.037843
1.482	0.00997
1.483	-0.013548
1.484	-0.026725
1.485	-0.02309
1.486	0.002707
1.487	0.048806
1.488	0.101997
1.489	0.144033
1.49	0.163571
1.491	0.16111
1.492	0.143633
1.493	0.115566
1.494	0.075176
1.495	0.021395
1.496	-0.037124
1.497	-0.083918
1.498	-0.105979
1.499	-0.101435
1.5	-0.077708
1.501	-0.045172
1.502	-0.012944
1.503	0.012099
1.504	0.025901
1.505	0.028018
1.506	0.021121
1.507	0.009613
1.508	-0.001816
1.509	-0.010032
1.51	-0.014795
1.511	-0.017215
1.512	-0.015612
1.513	-0.004858
1.514	0.017713
1.515	0.047542
1.516	0.075377
1.517	0.092758
1.518	0.095179
1.519	0.082599
1.52	0.058754
1.521	0.03033
1.522	0.005642
1.523	-0.008555
1.524	-0.011178
1.525	-0.007891
1.526	-0.006721
1.527	-0.011709
1.528	-0.020775
1.529	-0.02907
1.53	-0.033964
1.531	-0.037339
1.532	-0.043583
1.533	-0.056272
1.534	-0.076223
1.535	-0.100174
1.536	-0.121357
1.537	-0.1331
1.538	-0.131875
1.539	-0.117525
1.54	-0.092439
1.541	-0.060979
1.542	-0.028955
1.543	-0.002583
1.544	0.013366
1.545	0.017196
1.546	0.010873
1.547	-0.000663
1.548	-0.011808
1.549	-0.01928
1.55	-0.023571
1.551	-0.026647
1.552	-0.026868
1.553	-0.018095
1.554	0.00381
1.555	0.035266
1.556	0.066509
1.557	0.087353
1.558	0.091918
1.559	0.079804
1.56	0.054848
1.561	0.023726
1.562	-0.005457
1.563	-0.025533
1.564	-0.033537
1.565	-0.032479
1.566	-0.028703
1.567	-0.026718
1.568	-0.026714
1.569	-0.026602
1.57	-0.026103
1.571	-0.028534
1.572	-0.038272
1.573	-0.057719
1.574	-0.086181
1.575	-0.118319
1.576	-0.144286
1.577	-0.15461
1.578	-0.145514
1.579	-0.119872
1.58	-0.084992
1.581	-0.050147
1.582	-0.023417
1.583	-0.00642
1.584	0.008954
1.585	0.034717
1.586	0.074335
1.587	0.117645
1.588	0.150096
1.589	0.164649
1.59	0.163221
1.591	0.15124
1.592	0.13482
1.593	0.120093
1.594	0.111438
1.595	0.110421
1.596	0.11569
1.597	0.12269
1.598	0.12477
1.599	0.116367
1.6	0.096007
1.601	0.067056
1.602	0.036516
1.603	0.012143
1.604	-0.002042
1.605	-0.008194
1.606	-0.011715
1.607	-0.016188
1.608	-0.021324
1.609	-0.024989
1.61	-0.026784
1.611	-0.02908
1.612	-0.034636
1.613	-0.045114
1.614	-0.061509
1.615	-0.082798
1.616	-0.104182
1.617	-0.118867
1.618	-0.121704
1.619	-0.110992
1.62	-0.088323
1.621	-0.058124
1.622	-0.026981
1.623	-0.001922
1.624	0.012048
1.625	0.013741
1.626	0.005709
1.627	-0.0073
1.628	-0.020245
1.629	-0.029815
1.63	-0.035662
1.631	-0.038316
1.632	-0.034964
1.633	-0.020056
1.634	0.007947
1.635	0.042684
1.636	0.07377
1.637	0.092922
1.638	0.096666
1.639	0.085646
1.64	0.063156
1.641	0.034572
1.642	0.00709
1.643	-0.012457
1.644	-0.021435
1.645	-0.022987
1.646	-0.023133
1.647	-0.025926
1.648	-0.030909
1.649	-0.034892
1.65	-0.035892
1.651	-0.035119
1.652	-0.035769
1.653	-0.041528
1.654	-0.055615
1.655	-0.077928
1.656	-0.102718
1.657	-0.121099
1.658	-0.126071
1.659	-0.115318
1.66	-0.091134
1.661	-0.059163
1.662	-0.026822
1.663	-0.001318
1.664	0.012609
1.665	0.014035
1.666	0.005526
1.667	-0.008022
1.668	-0.021009
1.669	-0.029477
1.67	-0.032628
1.671	-0.031133
1.672	-0.023207
1.673	-0.004731
1.674	0.024754
1.675	0.058651
1.676	0.087284
1.677	0.10346
1.678	0.104304
1.679	0.089931
1.68	0.061927
1.681	0.023864
1.682	-0.017124
1.683	-0.050715
1.684	-0.066056
1.685	-0.055039
1.686	-0.016345
1.687	0.040595
1.688	0.097559
1.689	0.137778
1.69	0.154858
1.691	0.151485
1.692	0.132114
1.693	0.09784
1.694	0.048226
1.695	-0.010943
1.696	-0.064452
1.697	-0.095869
1.698	-0.098463
1.699	-0.077707
1.7	-0.04541
1.701	-0.012548
1.702	0.013921
1.703	0.030565
1.704	0.036361
1.705	0.032059
1.706	0.020051
1.707	0.004528
1.708	-0.009424
1.709	-0.018295
1.71	-0.022253
1.711	-0.02346
1.712	-0.020749
1.713	-0.008486
1.714	0.016747
1.715	0.050621
1.716	0.083096
1.717	0.104307
1.718	0.109011
1.719	0.097427
1.72	0.073662
1.721	0.043855
1.722	0.014741
1.723	-0.007645
1.724	-0.02001
1.725	-0.02388
1.726	-0.02452
1.727	-0.026491
1.728	-0.030469
1.729	-0.034347
1.73	-0.036956
1.731	-0.039952
1.732	-0.045897
1.733	-0.056651
1.734	-0.073437
1.735	-0.094786
1.736	-0.114736
1.737	-0.125701
1.738	-0.122962
1.739	-0.106444
1.74	-0.079802
1.741	-0.049007
1.742	-0.021139
1.743	-0.002091
1.744	0.006074
1.745	0.005295
1.746	-0.000738
1.747	-0.00856
1.748	-0.015582
1.749	-0.020551
1.75	-0.02417
1.751	-0.027309
1.752	-0.026751
1.753	-0.015569
1.754	0.009747
1.755	0.044439
1.756	0.07808
1.757	0.100594
1.758	0.106393
1.759	0.094789
1.76	0.068831
1.761	0.034761
1.762	0.001475
1.763	-0.021997
1.764	-0.031213
1.765	-0.02917
1.766	-0.023454
1.767	-0.020358
1.768	-0.021461
1.769	-0.024782
1.77	-0.028627
1.771	-0.033767
1.772	-0.042094
1.773	-0.055397
1.774	-0.074975
1.775	-0.099086
1.776	-0.121129
1.777	-0.132688
1.778	-0.128476
1.779	-0.108428
1.78	-0.076597
1.781	-0.039494
1.782	-0.005115
1.783	0.01846
1.784	0.025795
1.785	0.017408
1.786	0.001816
1.787	-0.006306
1.788	0.005878
1.789	0.038504
1.79	0.076735
1.791	0.104057
1.792	0.118297
1.793	0.130571
1.794	0.149112
1.795	0.168791
1.796	0.176751
1.797	0.165231
1.798	0.137763
1.799	0.104307
1.8	0.072537
1.801	0.044581
1.802	0.02065
1.803	0.002884
1.804	-0.006114
1.805	-0.007246
1.806	-0.005501
1.807	-0.006271
1.808	-0.011441
1.809	-0.019182
1.81	-0.027204
1.811	-0.035356
1.812	-0.045203
1.813	-0.059017
1.814	-0.07874
1.815	-0.10279
1.816	-0.124189
1.817	-0.134333
1.818	-0.128706
1.819	-0.108855
1.82	-0.080357
1.821	-0.049766
1.822	-0.0227
1.823	-0.003202
1.824	0.006784
1.825	0.007865
1.826	0.00245
1.827	-0.006595
1.828	-0.016629
1.829	-0.025744
1.83	-0.033206
1.831	-0.038052
1.832	-0.036288
1.833	-0.022357
1.834	0.004344
1.835	0.036897
1.836	0.065723
1.837	0.083998
1.838	0.088889
1.839	0.080236
1.84	0.059775
1.841	0.032067
1.842	0.004974
1.843	-0.013303
1.844	-0.019288
1.845	-0.016321
1.846	-0.011441
1.847	-0.010014
1.848	-0.012872
1.849	-0.017696
1.85	-0.02239
1.851	-0.02698
1.852	-0.032888
1.853	-0.042323
1.854	-0.057842
1.855	-0.079014
1.856	-0.099816
1.857	-0.111695
1.858	-0.108964
1.859	-0.091326
1.86	-0.062958
1.861	-0.030235
1.862	6.2e-05
1.863	0.022369
1.864	0.034335
1.865	0.037274
1.866	0.034254
1.867	0.028079
1.868	0.02057
1.869	0.012577
1.87	0.004265
1.871	-0.003173
1.872	-0.004882
1.873	0.005711
1.874	0.029964
1.875	0.061394
1.876	0.090475
1.877	0.109945
1.878	0.116192
1.879	0.108186
1.88	0.087152
1.881	0.058084
1.882	0.030198
1.883	0.012841
1.884	0.008614
1.885	0.010831
1.886	0.009897
1.887	0.003886
1.888	0.003008
1.889	0.021556
1.89	0.062359
1.891	0.110148
1.892	0.14318
1.893	0.148917
1.894	0.127868
1.895	0.08865
1.896	0.041707
1.897	-0.004818
1.898	-0.044159
1.899	-0.068107
1.9	-0.069115
1.901	-0.046991
1.902	-0.011829
1.903	0.021824
1.904	0.044014
1.905	0.053117
1.906	0.053116
1.907	0.048861
1.908	0.04313
1.909	0.036326
1.91	0.027778
1.911	0.018448
1.912	0.013809
1.913	0.021454
1.914	0.043849
1.915	0.075497
1.916	0.106904
1.917	0.129459
1.918	0.137676
1.919	0.12909
1.92	0.104166
1.921	0.06747
1.922	0.028313
1.923	-0.001866
1.924	-0.01548
1.925	-0.013355
1.926	-0.003004
1.927	0.007126
1.928	0.011933
1.929	0.010339
1.93	0.003315
1.931	-0.008035
1.932	-0.022907
1.933	-0.041545
1.934	-0.064961
1.935	-0.091213
1.936	-0.113356
1.937	-0.123102
1.938	-0.11586
1.939	-0.092649
1.94	-0.059098
1.941	-0.023484
1.942	0.005671
1.943	0.022788
1.944	0.027634
1.945	0.024533
1.946	0.018824
1.947	0.013672
1.948	0.009437
1.949	0.004853
1.95	-0.001561
1.951	-0.009034
1.952	-0.011921
1.953	-0.002571
1.954	0.021005
1.955	0.052299
1.956	0.081367
1.957	0.10084
1.958	0.107306
1.959	0.099512
1.96	0.077693
1.961	0.045403
1.962	0.011253
1.963	-0.013584
1.964	-0.02205
1.965	-0.015698
1.966	-0.002613
1.967	0.008512
1.968	0.013043
1.969	0.010956
1.97	0.003964
1.971	-0.006915
1.972	-0.021325
1.973	-0.039348
1.974	-0.061156
1.975	-0.084389
1.976	-0.10273
1.977	-0.109266
1.978	-0.100861
1.979	-0.079056
1.98	-0.048457
1.981	-0.015275
1.982	0.013709
1.983	0.032629
1.984	0.038386
1.985	0.03201
1.986	0.019688
1.987	0.013275
1.988	0.026326
1.989	0.063284
1.99	0.111762
1.991	0.151521
1.992	0.173323
1.993	0.184157
1.994	0.1939
1.995	0.202855
1.996	0.202772
1.997	0.186254
1.998	0.154371
1.999	0.115754
2.0	0.079158
2.001	0.048463
2.002	0.024297
2.003	0.007075
2.004	-0.003272
2.005	-0.008767
2.006	-0.012502
2.007	-0.015965
2.008	-0.018119
2.009	-0.017606
2.01	-0.015297
2.011	-0.014132
2.012	-0.016907
2.013	-0.0257
2.014	-0.042189
2.015	-0.064914
2.016	-0.086841
2.017	-0.098495
2.018	-0.093727
2.019	-0.072785
2.02	-0.041446
2.021	-0.007877
2.022	0.020425
2.023	0.038565
2.024	0.045367
2.025	0.043179
2.026	0.03601
2.027	0.027324
2.028	0.018768
2.029	0.010246
2.03	0.001172
2.031	-0.007076
2.032	-0.008946
2.033	0.00212
2.034	0.026415
2.035	0.056624
2.036	0.083619
2.037	0.101086
2.038	0.105872
2.039	0.096804
2.04	0.074735
2.041	0.044164
2.042	0.013672
2.043	-0.007422
2.044	-0.014451
2.045	-0.010072
2.046	-0.001414
2.047	0.005397
2.048	0.008015
2.049	0.006608
2.05	0.001313
2.051	-0.008431
2.052	-0.022565
2.053	-0.040695
2.054	-0.063138
2.055	-0.088257
2.056	-0.109945
2.057	-0.120643
2.058	-0.116153
2.059	-0.097041
2.06	-0.067213
2.061	-0.032797
2.062	-0.001629
2.063	0.019089
2.064	0.026547
2.065	0.023616
2.066	0.016345
2.067	0.010042
2.068	0.006616
2.069	0.004383
2.07	0.000184
2.071	-0.006369
2.072	-0.009374
2.073	-0.000446
2.074	0.022397
2.075	0.052251
2.076	0.078928
2.077	0.094914
2.078	0.097477
2.079	0.08752
2.08	0.067851
2.081	0.042739
2.082	0.018229
2.083	0.001097
2.084	-0.004824
2.085	-0.00192
2.086	0.002518
2.087	0.001516
2.088	-0.005787
2.089	-0.011109
2.09	-0.00126
2.091	0.030139
2.092	0.073342
2.093	0.10659
2.094	0.112137
2.095	0.089626
2.096	0.053902
2.097	0.021134
2.098	-0.001643
2.099	-0.015142
2.1	-0.019993
2.101	-0.013797
2.102	0.00388
2.103	0.026781
2.104	0.044712
2.105	0.051045
2.106	0.046761
2.107	0.037464
2.108	0.027668
2.109	0.01771
2.11	0.004916
2.111	-0.011343
2.112	-0.024916
2.113	-0.026022
2.114	-0.010225
2.115	0.01787
2.116	0.04881
2.117	0.073937
2.118	0.088062
2.119	0.089329
2.12	0.078225
2.121	0.057199
2.122	0.0315
2.123	0.009115
2.124	-0.003038
2.125	-0.003612
2.126	0.003213
2.127	0.011654
2.128	0.017675
2.129	0.019309
2.13	0.015204
2.131	0.004466
2.132	-0.012193
2.133	-0.033286
2.134	-0.057935
2.135	-0.083994
2.136	-0.106033
2.137	-0.117298
2.138	-0.113347
2.139	-0.093863
2.14	-0.062622
2.141	-0.026992
2.142	0.003461
2.143	0.0207
2.144	0.022867
2.145	0.015396
2.146	0.006707
2.147	0.002443
2.148	0.002954
2.149	0.004594
2.15	0.00315
2.151	-0.001689
2.152	-0.003639
2.153	0.005984
2.154	0.029521
2.155	0.060102
2.156	0.08715
2.157	0.102657
2.158	0.103241
2.159	0.089132
2.16	0.06279
2.161	0.028993
2.162	-0.004365
2.163	-0.028207
2.164	-0.037368
2.165	-0.033645
2.166	-0.023453
2.167	-0.012884
2.168	-0.005002
2.169	-0.00091
2.17	-0.00189
2.171	-0.009454
2.172	-0.023701
2.173	-0.043405
2.174	-0.067296
2.175	-0.092677
2.176	-0.113729
2.177	-0.123694
2.178	-0.118547
2.179	-0.098585
2.18	-0.067974
2.181	-0.033475
2.182	-0.002795
2.183	0.017757
2.184	0.02593
2.185	0.02391
2.186	0.015562
2.187	0.004266
2.188	-0.005626
2.189	-0.006084
2.19	0.012682
2.191	0.054543
2.192	0.112291
2.193	0.171188
2.194	0.217288
2.195	0.243678
2.196	0.250406
2.197	0.239365
2.198	0.210728
2.199	0.165071
2.2	0.108125
2.201	0.051948
2.202	0.010005
2.203	-0.010206
2.204	-0.010939
2.205	-0.001603
2.206	0.007971
2.207	0.012924
2.208	0.013348
2.209	0.010606
2.21	0.004391
2.211	-0.006982
2.212	-0.024035
2.213	-0.045374
2.214	-0.068983
2.215	-0.091881
2.216	-0.109628
2.217	-0.118452
2.218	-0.117405
2.219	-0.107835
2.22	-0.091189
2.221	-0.068367
2.222	-0.041914
2.223	-0.017356
2.224	-0.000443
2.225	0.006942
2.226	0.007743
2.227	0.00693
2.228	0.007583
2.229	0.00897
2.23	0.00801
2.231	0.003829
2.232	0.001649
2.233	0.009382
2.234	0.029183
2.235	0.054985
2.236	0.077741
2.237	0.090793
2.238	0.091229
2.239	0.078546
2.24	0.054092
2.241	0.022374
2.242	-0.008538
2.243	-0.029991
2.244	-0.037806
2.245	-0.034639
2.246	-0.026916
2.247	-0.019912
2.248	-0.015796
2.249	-0.015022
2.25	-0.018355
2.251	-0.02659
2.252	-0.038797
2.253	-0.053572
2.254	-0.071391
2.255	-0.092343
2.256	-0.112663
2.257	-0.125713
2.258	-0.125557
2.259	-0.109726
2.26	-0.080499
2.261	-0.044843
2.262	-0.012555
2.263	0.007731
2.264	0.012806
2.265	0.006172
2.266	-0.004808
2.267	-0.013637
2.268	-0.01786
2.269	-0.019248
2.27	-0.021394
2.271	-0.025064
2.272	-0.024792
2.273	-0.012989
2.274	0.01155
2.275	0.041597
2.276	0.067122
2.277	0.080932
2.278	0.080193
2.279	0.065361
2.28	0.039437
2.281	0.008182
2.282	-0.020354
2.283	-0.038845
2.284	-0.044908
2.285	-0.041932
2.286	-0.035441
2.287	-0.029279
2.288	-0.024649
2.289	-0.021421
2.29	-0.02
2.291	-0.022076
2.292	-0.030273
2.293	-0.04764
2.294	-0.074492
2.295	-0.101889
2.296	-0.111062
2.297	-0.08637
2.298	-0.030691
2.299	0.03559
2.3	0.091207
2.301	0.126643
2.302	0.142288
2.303	0.140219
2.304	0.120562
2.305	0.085005
2.306	0.04172
2.307	0.004124
2.308	-0.017108
2.309	-0.021161
2.31	-0.01601
2.311	-0.009581
2.312	-0.001825
2.313	0.012873
2.314	0.036146
2.315	0.061996
2.316	0.082119
2.317	0.091737
2.318	0.090133
2.319	0.077739
2.32	0.054742
2.321	0.023457
2.322	-0.008966
2.323	-0.033128
2.324	-0.044402
2.325	-0.046517
2.326	-0.0475
2.327	-0.052273
2.328	-0.059116
2.329	-0.063035
2.33	-0.061859
2.331	-0.058274
2.332	-0.056631
2.333	-0.059724
2.334	-0.068121
2.335	-0.079766
2.336	-0.090164
2.337	-0.09459
2.338	-0.090249
2.339	-0.076776
2.34	-0.05612
2.341	-0.032452
2.342	-0.011364
2.343	0.002275
2.344	0.006899
2.345	0.004881
2.346	0.000455
2.347	-0.002862
2.348	-0.003689
2.349	-0.003121
2.35	-0.00354
2.351	-0.005311
2.352	-0.003966
2.353	0.00684
2.354	0.028407
2.355	0.054932
2.356	0.077907
2.357	0.090698
2.358	0.090033
2.359	0.0753
2.36	0.047898
2.361	0.012319
2.362	-0.022805
2.363	-0.047369
2.364	-0.055641
2.365	-0.049997
2.366	-0.038349
2.367	-0.027722
2.368	-0.020614
2.369	-0.016579
2.37	-0.0156
2.371	-0.019121
2.372	-0.028499
2.373	-0.04421
2.374	-0.065889
2.375	-0.090618
2.376	-0.11198
2.377	-0.122898
2.378	-0.119383
2.379	-0.101973
2.38	-0.075118
2.381	-0.045736
2.382	-0.021239
2.383	-0.006844
2.384	-0.003337
2.385	-0.007299
2.386	-0.01359
2.387	-0.017965
2.388	-0.018522
2.389	-0.015811
2.39	-0.011802
2.391	-0.007166
2.392	0.001366
2.393	0.018195
2.394	0.042494
2.395	0.06706
2.396	0.082822
2.397	0.083977
2.398	0.072245
2.399	0.05809
2.4	0.054881
2.401	0.068089
2.402	0.090614
2.403	0.110474
2.404	0.120849
2.405	0.121567
2.406	0.114653
2.407	0.100673
2.408	0.078665
2.409	0.049314
2.41	0.017285
2.411	-0.010703
2.412	-0.030354
2.413	-0.043236
2.414	-0.055331
2.415	-0.070455
2.416	-0.085951
2.417	-0.09527
2.418	-0.093325
2.419	-0.079577
2.42	-0.057578
2.421	-0.032896
2.422	-0.011508
2.423	0.001687
2.424	0.004742
2.425	-0.0003
2.426	-0.008432
2.427	-0.014382
2.428	-0.015144
2.429	-0.011144
2.43	-0.005693
2.431	-0.001746
2.432	0.001887
2.433	0.009119
2.434	0.021465
2.435	0.036818
2.436	0.05204
2.437	0.064168
2.438	0.069637
2.439	0.064477
2.44	0.046817
2.441	0.019836
2.442	-0.007914
2.443	-0.02666
2.444	-0.03181
2.445	-0.026559
2.446	-0.017919
2.447	-0.010781
2.448	-0.005818
2.449	-0.002131
2.45	-0.000838
2.451	-0.004901
2.452	-0.015899
2.453	-0.033033
2.454	-0.054478
2.455	-0.077339
2.456	-0.097157
2.457	-0.109157
2.458	-0.109975
2.459	-0.098489
2.46	-0.076394
2.461	-0.048977
2.462	-0.024367
2.463	-0.009918
2.464	-0.007959
2.465	-0.01469
2.466	-0.023203
2.467	-0.027868
2.468	-0.026838
2.469	-0.022045
2.47	-0.01706
2.471	-0.012974
2.472	-0.005658
2.473	0.010529
2.474	0.035718
2.475	0.062862
2.476	0.082445
2.477	0.08816
2.478	0.079575
2.479	0.060206
2.48	0.033456
2.481	0.001927
2.482	-0.029479
2.483	-0.053093
2.484	-0.063235
2.485	-0.060561
2.486	-0.051094
2.487	-0.041404
2.488	-0.034576
2.489	-0.030175
2.49	-0.027199
2.491	-0.026279
2.492	-0.029576
2.493	-0.039704
2.494	-0.057368
2.495	-0.078184
2.496	-0.093733
2.497	-0.097684
2.498	-0.089873
2.499	-0.074393
2.5	-0.054592
2.501	-0.02894
2.502	0.007868
2.503	0.056406
2.504	0.105691
2.505	0.139756
2.506	0.151705
2.507	0.148063
2.508	0.13876
2.509	0.125835
2.51	0.1052
2.511	0.079282
2.512	0.062802
2.513	0.070449
2.514	0.100558
2.515	0.136224
2.516	0.160392
2.517	0.165944
2.518	0.154979
2.519	0.133379
2.52	0.105546
2.521	0.072727
2.522	0.036863
2.523	0.005478
2.524	-0.01051
2.525	-0.006462
2.526	0.01016
2.527	0.025929
2.528	0.032844
2.529	0.032977
2.53	0.032467
2.531	0.033154
2.532	0.031633
2.533	0.023656
2.534	0.007515
2.535	-0.014372
2.536	-0.036407
2.537	-0.053204
2.538	-0.061772
2.539	-0.061487
2.54	-0.053943
2.541	-0.042236
2.542	-0.028611
2.543	-0.01289
2.544	0.005799
2.545	0.025803
2.546	0.042545
2.547	0.052008
2.548	0.054099
2.549	0.052429
2.55	0.051508
2.551	0.055249
2.552	0.067363
2.553	0.089215
2.554	0.116713
2.555	0.142172
2.556	0.158439
2.557	0.160761
2.558	0.147759
2.559	0.121768
2.56	0.087923
2.561	0.053328
2.562	0.025791
2.563	0.010474
2.564	0.006497
2.565	0.007725
2.566	0.007983
2.567	0.005562
2.568	0.00277
2.569	0.001952
2.57	0.00231
2.571	0.000748
2.572	-0.004815
2.573	-0.014687
2.574	-0.02862
2.575	-0.045068
2.576	-0.060164
2.577	-0.069014
2.578	-0.067999
2.579	-0.056394
2.58	-0.03661
2.581	-0.01363
2.582	0.006011
2.583	0.01675
2.584	0.017087
2.585	0.010492
2.586	0.003197
2.587	0.000629
2.588	0.005052
2.589	0.015242
2.59	0.027284
2.591	0.036888
2.592	0.042939
2.593	0.049453
2.594	0.065356
2.595	0.100793
2.596	0.15667
2.597	0.216269
2.598	0.253434
2.599	0.251606
2.6	0.214134
2.601	0.158805
2.602	0.105246
2.603	0.065364
2.604	0.041152
2.605	0.029015
2.606	0.025273
2.607	0.027575
2.608	0.033152
2.609	0.037731
2.61	0.036683
2.611	0.027983
2.612	0.013871
2.613	-0.001853
2.614	-0.017427
2.615	-0.03278
2.616	-0.046901
2.617	-0.056822
2.618	-0.059143
2.619	-0.052292
2.62	-0.037545
2.621	-0.018844
2.622	-0.001726
2.623	0.009066
2.624	0.01223
2.625	0.010335
2.626	0.007479
2.627	0.006404
2.628	0.007423
2.629	0.009031
2.63	0.009015
2.631	0.005988
2.632	7e-05
2.633	-0.008714
2.634	-0.021315
2.635	-0.037589
2.636	-0.054927
2.637	-0.069635
2.638	-0.078571
2.639	-0.079677
2.64	-0.072083
2.641	-0.056132
2.642	-0.033711
2.643	-0.009067
2.644	0.011617
2.645	0.023052
2.646	0.023897
2.647	0.01724
2.648	0.008151
2.649	0.000164
2.65	-0.006322
2.651	-0.012394
2.652	-0.018287
2.653	-0.023662
2.654	-0.029057
2.655	-0.035397
2.656	-0.042548
2.657	-0.049037
2.658	-0.052583
2.659	-0.050981
2.66	-0.043481
2.661	-0.031937
2.662	-0.020394
2.663	-0.012895
2.664	-0.010949
2.665	-0.012948
2.666	-0.016068
2.667	-0.01826
2.668	-0.018714
2.669	-0.017726
2.67	-0.016445
2.671	-0.015996
2.672	-0.017001
2.673	-0.02072
2.674	-0.02921
2.675	-0.042463
2.676	-0.056691
2.677	-0.066785
2.678	-0.069539
2.679	-0.064577
2.68	-0.053683
2.681	-0.039966
2.682	-0.027224
2.683	-0.018798
2.684	-0.015879
2.685	-0.01714
2.686	-0.020126
2.687	-0.022581
2.688	-0.023136
2.689	-0.021985
2.69	-0.020921
2.691	-0.021682
2.692	-0.024093
2.693	-0.026984
2.694	-0.030316
2.695	-0.034521
2.696	-0.038534
2.697	-0.039972
2.698	-0.036977
2.699	-0.029869
2.7	-0.021791
2.701	-0.017631
2.702	-0.020344
2.703	-0.02567
2.704	-0.021432
2.705	0.002607
2.706	0.042425
2.707	0.081602
2.708	0.106538
2.709	0.116487
2.71	0.118694
2.711	0.117586
2.712	0.110219
2.713	0.090735
2.714	0.058695
2.715	0.022906
2.716	-0.004336
2.717	-0.016679
2.718	-0.01652
2.719	-0.010065
2.72	-0.001815
2.721	0.006236
2.722	0.012287
2.723	0.014092
2.724	0.010796
2.725	0.003877
2.726	-0.00391
2.727	-0.009898
2.728	-0.012563
2.729	-0.012394
2.73	-0.011768
2.731	-0.012748
2.732	-0.01473
2.733	-0.015894
2.734	-0.016372
2.735	-0.017785
2.736	-0.020713
2.737	-0.024183
2.738	-0.026724
2.739	-0.027176
2.74	-0.02484
2.741	-0.019793
2.742	-0.013858
2.743	-0.010738
2.744	-0.013888
2.745	-0.023583
2.746	-0.035908
2.747	-0.044704
2.748	-0.044899
2.749	-0.035318
2.75	-0.019826
2.751	-0.005291
2.752	0.002747
2.753	0.002359
2.754	-0.005126
2.755	-0.015908
2.756	-0.025712
2.757	-0.032357
2.758	-0.035884
2.759	-0.036621
2.76	-0.033909
2.761	-0.026918
2.762	-0.016647
2.763	-0.006688
2.764	-0.001401
2.765	-0.002885
2.766	-0.00954
2.767	-0.017499
2.768	-0.023388
2.769	-0.026348
2.77	-0.028172
2.771	-0.030765
2.772	-0.033475
2.773	-0.034432
2.774	-0.033639
2.775	-0.032837
2.776	-0.033292
2.777	-0.034782
2.778	-0.03622
2.779	-0.036689
2.78	-0.035875
2.781	-0.034312
2.782	-0.033361
2.783	-0.034066
2.784	-0.036055
2.785	-0.037893
2.786	-0.038073
2.787	-0.035753
2.788	-0.031242
2.789	-0.026266
2.79	-0.023384
2.791	-0.023985
2.792	-0.026972
2.793	-0.030394
2.794	-0.033357
2.795	-0.035566
2.796	-0.036598
2.797	-0.036309
2.798	-0.035029
2.799	-0.032822
2.8	-0.029126
2.801	-0.02388
2.802	-0.018626
2.803	-0.015582
2.804	-0.015659
2.805	-0.01772
2.806	-0.019855
2.807	-0.0215
2.808	-0.024447
2.809	-0.030936
2.81	-0.038546
2.811	-0.036539
2.812	-0.012379
2.813	0.033457
2.814	0.082937
2.815	0.115578
2.816	0.125669
2.817	0.121979
2.818	0.114054
2.819	0.10259
2.82	0.08255
2.821	0.052918
2.822	0.021206
2.823	-0.001905
2.824	-0.010892
2.825	-0.008167
2.826	-0.000585
2.827	0.005856
2.828	0.00879
2.829	0.00846
2.83	0.005525
2.831	0.000641
2.832	-0.005093
2.833	-0.010802
2.834	-0.016354
2.835	-0.021429
2.836	-0.025179
2.837	-0.027353
2.838	-0.028491
2.839	-0.028532
2.84	-0.026258
2.841	-0.020952
2.842	-0.014273
2.843	-0.009548
2.844	-0.008899
2.845	-0.011575
2.846	-0.01496
2.847	-0.016569
2.848	-0.015593
2.849	-0.013682
2.85	-0.014196
2.851	-0.019542
2.852	-0.028873
2.853	-0.038893
2.854	-0.046226
2.855	-0.048286
2.856	-0.043616
2.857	-0.033185
2.858	-0.020913
2.859	-0.011903
2.86	-0.009408
2.861	-0.012793
2.862	-0.018397
2.863	-0.022466
2.864	-0.023238
2.865	-0.021117
2.866	-0.017655
2.867	-0.014082
2.868	-0.010739
2.869	-0.007792
2.87	-0.005814
2.871	-0.00507
2.872	-0.004897
2.873	-0.004993
2.874	-0.006485
2.875	-0.010383
2.876	-0.016053
2.877	-0.021909
2.878	-0.026475
2.879	-0.028424
2.88	-0.026583
2.881	-0.020984
2.882	-0.014068
2.883	-0.009594
2.884	-0.009575
2.885	-0.012874
2.886	-0.016738
2.887	-0.01901
2.888	-0.019236
2.889	-0.018543
2.89	-0.018673
2.891	-0.020276
2.892	-0.021963
2.893	-0.022223
2.894	-0.021563
2.895	-0.021422
2.896	-0.022309
2.897	-0.024004
2.898	-0.026421
2.899	-0.029648
2.9	-0.033274
2.901	-0.036095
2.902	-0.036981
2.903	-0.035864
2.904	-0.033667
2.905	-0.031495
2.906	-0.029701
2.907	-0.02758
2.908	-0.024283
2.909	-0.020127
2.91	-0.016712
2.911	-0.015404
2.912	-0.016607
2.913	-0.021407
2.914	-0.030936
2.915	-0.040699
2.916	-0.03814
2.917	-0.011583
2.918	0.036321
2.919	0.087125
2.92	0.121432
2.921	0.133585
2.922	0.130714
2.923	0.120967
2.924	0.105545
2.925	0.081363
2.926	0.04931
2.927	0.01763
2.928	-0.003623
2.929	-0.01065
2.93	-0.008086
2.931	-0.003622
2.932	-0.001555
2.933	-0.002121
2.934	-0.004528
2.935	-0.00841
2.936	-0.013637
2.937	-0.020007
2.938	-0.026875
2.939	-0.033042
2.94	-0.03703
2.941	-0.037551
2.942	-0.034197
2.943	-0.028035
2.944	-0.021339
2.945	-0.016174
2.946	-0.013186
2.947	-0.011851
2.948	-0.011527
2.949	-0.012213
2.95	-0.01435
2.951	-0.017306
2.952	-0.018828
2.953	-0.017536
2.954	-0.015008
2.955	-0.014365
2.956	-0.017847
2.957	-0.02573
2.958	-0.036199
2.959	-0.045713
2.96	-0.049956
2.961	-0.045841
2.962	-0.034055
2.963	-0.019749
2.964	-0.009521
2.965	-0.006823
2.966	-0.010333
2.967	-0.016276
2.968	-0.021439
2.969	-0.02454
2.97	-0.025803
2.971	-0.025379
2.972	-0.022912
2.973	-0.019233
2.974	-0.016763
2.975	-0.017138
2.976	-0.019665
2.977	-0.022437
2.978	-0.024187
2.979	-0.024873
2.98	-0.024899
2.981	-0.024231
2.982	-0.022548
2.983	-0.020111
2.984	-0.017919
2.985	-0.016911
2.986	-0.017403
2.987	-0.019011
2.988	-0.020827
2.989	-0.022272
2.99	-0.023636
2.991	-0.024979
2.992	-0.025296
2.993	-0.02397
2.994	-0.021839
2.995	-0.019827
2.996	-0.017996
2.997	-0.016477
2.998	-0.015921
2.999	-0.016698
3.0	-0.018503
3.001	-0.021023
3.002	-0.024377
3.003	-0.028367
3.004	-0.03164
3.005	-0.032449
3.006	-0.030475
3.007	-0.027161
3.008	-0.02415
3.009	-0.022306
3.01	-0.022033
3.011	-0.023277
3.012	-0.025221
3.013	-0.026909
3.014	-0.027901
3.015	-0.028043
3.016	-0.027786
3.017	-0.028987
3.018	-0.033335
3.019	-0.037823
3.02	-0.032542
3.021	-0.007123
3.022	0.037288
3.023	0.08491
3.024	0.117775
3.025	0.129875
3.026	0.127599
3.027	0.119212
3.028	0.106345
3.029	0.085241
3.03	0.054844
3.031	0.021961
3.032	-0.002718
3.033	-0.013175
3.034	-0.011651
3.035	-0.004757
3.036	0.001911
3.037	0.005833
3.038	0.006785
3.039	0.005223
3.04	0.001466
3.041	-0.0037
3.042	-0.008624
3.043	-0.011954
3.044	-0.013845
3.045	-0.015597
3.046	-0.018325
3.047	-0.021879
3.048	-0.024726
3.049	-0.024954
3.05	-0.0217
3.051	-0.015613
3.052	-0.008453
3.053	-0.003095
3.054	-0.002425
3.055	-0.006585
3.056	-0.012674
3.057	-0.017854
3.058	-0.021585
3.059	-0.025053
3.06	-0.029632
3.061	-0.035984
3.062	-0.043672
3.063	-0.050798
3.064	-0.054436
3.065	-0.052227
3.066	-0.043809
3.067	-0.031283
3.068	-0.018702
3.069	-0.010429
3.07	-0.008975
3.071	-0.013288
3.072	-0.01911
3.073	-0.02227
3.074	-0.02149
3.075	-0.01775
3.076	-0.012603
3.077	-0.007669
3.078	-0.004599
3.079	-0.004605
3.08	-0.007567
3.081	-0.011922
3.082	-0.015863
3.083	-0.0185
3.084	-0.020123
3.085	-0.021702
3.086	-0.023765
3.087	-0.025556
3.088	-0.025454
3.089	-0.02264
3.09	-0.018495
3.091	-0.015687
3.092	-0.015966
3.093	-0.019533
3.094	-0.025176
3.095	-0.030127
3.096	-0.031564
3.097	-0.029042
3.098	-0.024658
3.099	-0.021032
3.1	-0.019511
3.101	-0.019808
3.102	-0.020752
3.103	-0.021311
3.104	-0.021409
3.105	-0.021893
3.106	-0.023361
3.107	-0.025145
3.108	-0.025778
3.109	-0.024654
3.11	-0.022884
3.111	-0.021618
3.112	-0.02024
3.113	-0.017598
3.114	-0.013796
3.115	-0.00981
3.116	-0.006526
3.117	-0.004439
3.118	-0.003564
3.119	-0.003567
3.12	-0.004623
3.121	-0.008231
3.122	-0.01538
3.123	-0.021755
3.124	-0.015893
3.125	0.012917
3.126	0.06165
3.127	0.111546
3.128	0.142893
3.129	0.150146
3.13	0.141237
3.131	0.125988
3.132	0.107416
3.133	0.082738
3.134	0.051663
3.135	0.021549
3.136	0.002293
3.137	-0.00238
3.138	0.002969
3.139	0.010505
3.14	0.014757
3.141	0.014331
3.142	0.010394
3.143	0.004622
3.144	-0.001815
3.145	-0.008159
3.146	-0.013631
3.147	-0.017276
3.148	-0.018425
3.149	-0.017727
3.15	-0.017136
3.151	-0.017645
3.152	-0.017817
3.153	-0.015839
3.154	-0.011935
3.155	-0.007768
3.156	-0.004524
3.157	-0.002396
3.158	-0.001364
3.159	-0.001627
3.16	-0.003228
3.161	-0.005704
3.162	-0.008303
3.163	-0.010767
3.164	-0.013997
3.165	-0.019616
3.166	-0.028393
3.167	-0.038648
3.168	-0.046353
3.169	-0.047418
3.17	-0.040215
3.171	-0.026314
3.172	-0.009964
3.173	0.003018
3.174	0.008142
3.175	0.005548
3.176	-0.000599
3.177	-0.006142
3.178	-0.009352
3.179	-0.010293
3.18	-0.009821
3.181	-0.009369
3.182	-0.010374
3.183	-0.013177
3.184	-0.016635
3.185	-0.019275
3.186	-0.020716
3.187	-0.021591
3.188	-0.022537
3.189	-0.023917
3.19	-0.025872
3.191	-0.027652
3.192	-0.02767
3.193	-0.025465
3.194	-0.022558
3.195	-0.020367
3.196	-0.018531
3.197	-0.016079
3.198	-0.013228
3.199	-0.011444
3.2	-0.012075
3.201	-0.015036
3.202	-0.018716
3.203	-0.021198
3.204	-0.021732
3.205	-0.02136
3.206	-0.021972
3.207	-0.024394
3.208	-0.027641
3.209	-0.030054
3.21	-0.03071
3.211	-0.029502
3.212	-0.026671
3.213	-0.023323
3.214	-0.021251
3.215	-0.021039
3.216	-0.021467
3.217	-0.021132
3.218	-0.019735
3.219	-0.0179
3.22	-0.01632
3.221	-0.01528
3.222	-0.015326
3.223	-0.018134
3.224	-0.02566
3.225	-0.036795
3.226	-0.043266
3.227	-0.030912
3.228	0.008931
3.229	0.066876
3.23	0.118863
3.231	0.145709
3.232	0.147078
3.233	0.135326
3.234	0.120188
3.235	0.102081
3.236	0.077629
3.237	0.048175
3.238	0.021134
3.239	0.003627
3.24	-0.002994
3.241	-0.002189
3.242	0.001877
3.243	0.006495
3.244	0.009911
3.245	0.010578
3.246	0.007699
3.247	0.00206
3.248	-0.004277
3.249	-0.009355
3.25	-0.012442
3.251	-0.013482
3.252	-0.012385
3.253	-0.010041
3.254	-0.008429
3.255	-0.008397
3.256	-0.008817
3.257	-0.008317
3.258	-0.006789
3.259	-0.004997
3.26	-0.003267
3.261	-0.001418
3.262	0.000155
3.263	0.00051
3.264	-0.000835
3.265	-0.003725
3.266	-0.007881
3.267	-0.013219
3.268	-0.019706
3.269	-0.027282
3.27	-0.035764
3.271	-0.043737
3.272	-0.047866
3.273	-0.045235
3.274	-0.036265
3.275	-0.024428
3.276	-0.013696
3.277	-0.006477
3.278	-0.003232
3.279	-0.003246
3.28	-0.005181
3.281	-0.007247
3.282	-0.007847
3.283	-0.006643
3.284	-0.004925
3.285	-0.004553
3.286	-0.006343
3.287	-0.009436
3.288	-0.012127
3.289	-0.013466
3.29	-0.014083
3.291	-0.014867
3.292	-0.015466
3.293	-0.015162
3.294	-0.014108
3.295	-0.012884
3.296	-0.011989
3.297	-0.012022
3.298	-0.013285
3.299	-0.014697
3.3	-0.014006
3.301	-0.010006
3.302	-0.0042
3.303	0.000159
3.304	0.00058
3.305	-0.003011
3.306	-0.008604
3.307	-0.013709
3.308	-0.016882
3.309	-0.018613
3.31	-0.020739
3.311	-0.023986
3.312	-0.026736
3.313	-0.027237
3.314	-0.02559
3.315	-0.022858
3.316	-0.0198
3.317	-0.016978
3.318	-0.015139
3.319	-0.014867
3.32	-0.015814
3.321	-0.016362
3.322	-0.014565
3.323	-0.010083
3.324	-0.004878
3.325	-0.001669
3.326	-0.002344
3.327	-0.007814
3.328	-0.017632
3.329	-0.02759
3.33	-0.027263
3.331	-0.003861
3.332	0.045328
3.333	0.104233
3.334	0.14773
3.335	0.162022
3.336	0.152752
3.337	0.134164
3.338	0.114414
3.339	0.092283
3.34	0.065317
3.341	0.037572
3.342	0.017603
3.343	0.010177
3.344	0.01219
3.345	0.016337
3.346	0.017013
3.347	0.013097
3.348	0.006959
3.349	0.001454
3.35	-0.002278
3.351	-0.004435
3.352	-0.005416
3.353	-0.006116
3.354	-0.007963
3.355	-0.011277
3.356	-0.014433
3.357	-0.015359
3.358	-0.013315
3.359	-0.009215
3.36	-0.004522
3.361	0.000315
3.362	0.005917
3.363	0.012038
3.364	0.016586
3.365	0.017175
3.366	0.013176
3.367	0.006282
3.368	-0.000768
3.369	-0.006375
3.37	-0.01112
3.371	-0.01641
3.372	-0.022659
3.373	-0.029495
3.374	-0.036338
3.375	-0.041368
3.376	-0.041342
3.377	-0.034031
3.378	-0.020586
3.379	-0.004983
3.38	0.00843
3.381	0.016689
3.382	0.018719
3.383	0.015513
3.384	0.009633
3.385	0.003676
3.386	-0.000841
3.387	-0.003315
3.388	-0.003799
3.389	-0.003375
3.39	-0.0041
3.391	-0.007487
3.392	-0.013277
3.393	-0.020314
3.394	-0.027372
3.395	-0.03262
3.396	-0.033978
3.397	-0.0307
3.398	-0.024263
3.399	-0.01787
3.4	-0.014608
3.401	-0.015233
3.402	-0.017662
3.403	-0.0187
3.404	-0.016636
3.405	-0.012724
3.406	-0.009761
3.407	-0.009144
3.408	-0.009904
3.409	-0.01068
3.41	-0.011796
3.411	-0.014518
3.412	-0.018976
3.413	-0.024107
3.414	-0.028678
3.415	-0.031611
3.416	-0.032278
3.417	-0.030772
3.418	-0.027662
3.419	-0.02366
3.42	-0.019436
3.421	-0.015572
3.422	-0.012582
3.423	-0.010669
3.424	-0.009608
3.425	-0.008993
3.426	-0.008339
3.427	-0.007146
3.428	-0.005408
3.429	-0.004737
3.43	-0.00861
3.431	-0.018837
3.432	-0.029923
3.433	-0.028656
3.434	-0.003069
3.435	0.044885
3.436	0.096799
3.437	0.131768
3.438	0.142612
3.439	0.136997
3.44	0.125522
3.441	0.11135
3.442	0.09104
3.443	0.063435
3.444	0.034813
3.445	0.014367
3.446	0.006527
3.447	0.008598
3.448	0.014258
3.449	0.017768
3.45	0.015985
3.451	0.009298
3.452	0.000915
3.453	-0.006322
3.454	-0.011942
3.455	-0.016455
3.456	-0.019509
3.457	-0.020056
3.458	-0.01781
3.459	-0.013885
3.46	-0.009906
3.461	-0.006914
3.462	-0.005
3.463	-0.003641
3.464	-0.002432
3.465	-0.001553
3.466	-0.0015
3.467	-0.002311
3.468	-0.003102
3.469	-0.00293
3.47	-0.001943
3.471	-0.001007
3.472	-0.001357
3.473	-0.005303
3.474	-0.014907
3.475	-0.029009
3.476	-0.043055
3.477	-0.052079
3.478	-0.053127
3.479	-0.045706
3.48	-0.031907
3.481	-0.0164
3.482	-0.004504
3.483	0.001125
3.484	0.001746
3.485	0.000387
3.486	-0.000996
3.487	-0.002071
3.488	-0.003071
3.489	-0.00449
3.49	-0.007015
3.491	-0.010225
3.492	-0.012438
3.493	-0.013174
3.494	-0.01427
3.495	-0.017665
3.496	-0.023248
3.497	-0.029073
3.498	-0.032816
3.499	-0.033022
3.5	-0.029731
3.501	-0.024226
3.502	-0.018206
3.503	-0.013288
3.504	-0.010597
3.505	-0.010158
3.506	-0.011037
3.507	-0.012176
3.508	-0.012963
3.509	-0.013495
3.51	-0.014308
3.511	-0.015458
3.512	-0.016654
3.513	-0.018621
3.514	-0.022791
3.515	-0.029112
3.516	-0.035386
3.517	-0.038963
3.518	-0.038459
3.519	-0.034324
3.52	-0.02864
3.521	-0.023986
3.522	-0.021772
3.523	-0.021537
3.524	-0.021757
3.525	-0.021143
3.526	-0.019285
3.527	-0.016332
3.528	-0.012655
3.529	-0.009314
3.53	-0.008168
3.531	-0.010765
3.532	-0.017798
3.533	-0.028943
3.534	-0.039449
3.535	-0.036786
3.536	-0.00762
3.537	0.046929
3.538	0.106592
3.539	0.14711
3.54	0.158908
3.541	0.149743
3.542	0.132178
3.543	0.111584
3.544	0.086079
3.545	0.055125
3.546	0.024958
3.547	0.004876
3.548	-0.000432
3.549	0.005722
3.55	0.015279
3.551	0.02143
3.552	0.021642
3.553	0.016053
3.554	0.005462
3.555	-0.008398
3.556	-0.022446
3.557	-0.033288
3.558	-0.038554
3.559	-0.037629
3.56	-0.031641
3.561	-0.022994
3.562	-0.014674
3.563	-0.009119
3.564	-0.007084
3.565	-0.007595
3.566	-0.008854
3.567	-0.009256
3.568	-0.008295
3.569	-0.007046
3.57	-0.007439
3.571	-0.010293
3.572	-0.014531
3.573	-0.01917
3.574	-0.024705
3.575	-0.031757
3.576	-0.039929
3.577	-0.04814
3.578	-0.055024
3.579	-0.059224
3.58	-0.059634
3.581	-0.055346
3.582	-0.045941
3.583	-0.032602
3.584	-0.018914
3.585	-0.00943
3.586	-0.00642
3.587	-0.008165
3.588	-0.010783
3.589	-0.011731
3.59	-0.011572
3.591	-0.012431
3.592	-0.015839
3.593	-0.022601
3.594	-0.032585
3.595	-0.043649
3.596	-0.052575
3.597	-0.057424
3.598	-0.058115
3.599	-0.055216
3.6	-0.049121
3.601	-0.040736
3.602	-0.032368
3.603	-0.026913
3.604	-0.025919
3.605	-0.028473
3.606	-0.0317
3.607	-0.032548
3.608	-0.029729
3.609	-0.024762
3.61	-0.02112
3.611	-0.021181
3.612	-0.024474
3.613	-0.029624
3.614	-0.035964
3.615	-0.042626
3.616	-0.048106
3.617	-0.051338
3.618	-0.052528
3.619	-0.052662
3.62	-0.052142
3.621	-0.050191
3.622	-0.045887
3.623	-0.039787
3.624	-0.034117
3.625	-0.030914
3.626	-0.030047
3.627	-0.029307
3.628	-0.026469
3.629	-0.0213
3.63	-0.014827
3.631	-0.005485
3.632	0.011985
3.633	0.040572
3.634	0.074685
3.635	0.102478
3.636	0.115998
3.637	0.119717
3.638	0.127175
3.639	0.146159
3.64	0.168043
3.641	0.175724
3.642	0.161892
3.643	0.135337
3.644	0.109396
3.645	0.088629
3.646	0.06807
3.647	0.043017
3.648	0.016865
3.649	-0.001835
3.65	-0.00838
3.651	-0.005768
3.652	-0.001392
3.653	-0.002278
3.654	-0.011534
3.655	-0.026883
3.656	-0.042662
3.657	-0.053775
3.658	-0.058088
3.659	-0.056173
3.66	-0.049887
3.661	-0.041126
3.662	-0.03139
3.663	-0.022301
3.664	-0.015694
3.665	-0.012312
3.666	-0.010812
3.667	-0.008642
3.668	-0.004126
3.669	0.002056
3.67	0.008381
3.671	0.016572
3.672	0.032334
3.673	0.059307
3.674	0.093251
3.675	0.12386
3.676	0.141027
3.677	0.13886
3.678	0.116655
3.679	0.078691
3.68	0.033228
3.681	-0.009022
3.682	-0.037487
3.683	-0.046465
3.684	-0.038993
3.685	-0.024866
3.686	-0.013694
3.687	-0.009091
3.688	-0.008666
3.689	-0.008819
3.69	-0.008783
3.691	-0.010318
3.692	-0.015639
3.693	-0.026495
3.694	-0.04296
3.695	-0.061724
3.696	-0.076865
3.697	-0.083285
3.698	-0.079587
3.699	-0.068462
3.7	-0.055085
3.701	-0.044572
3.702	-0.039463
3.703	-0.038751
3.704	-0.039425
3.705	-0.038951
3.706	-0.036113
3.707	-0.030487
3.708	-0.022642
3.709	-0.014804
3.71	-0.009252
3.711	-0.004281
3.712	0.006763
3.713	0.029487
3.714	0.061871
3.715	0.094779
3.716	0.117699
3.717	0.123464
3.718	0.109697
3.719	0.078707
3.72	0.037345
3.721	-0.004134
3.722	-0.035596
3.723	-0.051627
3.724	-0.053872
3.725	-0.048932
3.726	-0.043092
3.727	-0.038413
3.728	-0.033478
3.729	-0.02711
3.73	-0.020749
3.731	-0.017432
3.732	-0.019941
3.733	-0.030336
3.734	-0.048727
3.735	-0.071528
3.736	-0.092866
3.737	-0.107004
3.738	-0.107018
3.739	-0.083499
3.74	-0.031039
3.741	0.041271
3.742	0.110136
3.743	0.153319
3.744	0.164303
3.745	0.152074
3.746	0.129674
3.747	0.104254
3.748	0.076444
3.749	0.046823
3.75	0.020948
3.751	0.008189
3.752	0.016039
3.753	0.043926
3.754	0.082019
3.755	0.116903
3.756	0.138442
3.757	0.142375
3.758	0.128954
3.759	0.100921
3.76	0.063212
3.761	0.02334
3.762	-0.010023
3.763	-0.030555
3.764	-0.037553
3.765	-0.035452
3.766	-0.029429
3.767	-0.021774
3.768	-0.012364
3.769	-0.001837
3.77	0.006468
3.771	0.008193
3.772	0.000491
3.773	-0.01733
3.774	-0.042905
3.775	-0.069807
3.776	-0.089826
3.777	-0.097533
3.778	-0.093118
3.779	-0.081484
3.78	-0.068584
3.781	-0.058033
3.782	-0.049889
3.783	-0.041712
3.784	-0.031417
3.785	-0.019715
3.786	-0.009476
3.787	-0.002897
3.788	6.9e-05
3.789	0.000485
3.79	-0.000578
3.791	0.000214
3.792	0.009341
3.793	0.031175
3.794	0.062379
3.795	0.093038
3.796	0.112839
3.797	0.11615
3.798	0.102419
3.799	0.074197
3.8	0.036447
3.801	-0.003127
3.802	-0.035425
3.803	-0.054081
3.804	-0.059136
3.805	-0.055753
3.806	-0.049295
3.807	-0.042069
3.808	-0.034083
3.809	-0.026042
3.81	-0.020782
3.811	-0.021436
3.812	-0.029863
3.813	-0.046948
3.814	-0.071325
3.815	-0.097323
3.816	-0.116498
3.817	-0.121965
3.818	-0.11165
3.819	-0.088693
3.82	-0.059847
3.821	-0.033163
3.822	-0.015304
3.823	-0.009101
3.824	-0.012675
3.825	-0.020761
3.826	-0.027493
3.827	-0.029007
3.828	-0.024886
3.829	-0.018167
3.83	-0.012454
3.831	-0.006816
3.832	0.004972
3.833	0.027654
3.834	0.058033
3.835	0.086585
3.836	0.104307
3.837	0.106789
3.838	0.09278
3.839	0.062063
3.84	0.018212
3.841	-0.025025
3.842	-0.044069
3.843	-0.020995
3.844	0.037742
3.845	0.102824
3.846	0.145416
3.847	0.157317
3.848	0.149014
3.849	0.132754
3.85	0.110723
3.851	0.078474
3.852	0.035215
3.853	-0.012202
3.854	-0.05351
3.855	-0.080866
3.856	-0.091687
3.857	-0.087999
3.858	-0.073942
3.859	-0.053818
3.86	-0.03187
3.861	-0.012685
3.862	-0.000586
3.863	0.002195
3.864	-0.002895
3.865	-0.01133
3.866	-0.01804
3.867	-0.019677
3.868	-0.015826
3.869	-0.009019
3.87	-0.002188
3.871	0.005706
3.872	0.019885
3.873	0.04321
3.874	0.07112
3.875	0.094935
3.876	0.108586
3.877	0.11103
3.878	0.103504
3.879	0.085844
3.88	0.056674
3.881	0.018226
3.882	-0.020603
3.883	-0.048613
3.884	-0.059713
3.885	-0.055535
3.886	-0.04225
3.887	-0.026268
3.888	-0.01236
3.889	-0.00379
3.89	-0.002418
3.891	-0.008364
3.892	-0.020825
3.893	-0.039474
3.894	-0.063217
3.895	-0.087696
3.896	-0.106146
3.897	-0.113056
3.898	-0.106708
3.899	-0.089202
3.9	-0.065014
3.901	-0.039752
3.902	-0.0194
3.903	-0.008705
3.904	-0.008941
3.905	-0.017279
3.906	-0.028346
3.907	-0.036731
3.908	-0.039393
3.909	-0.036748
3.91	-0.030921
3.911	-0.021786
3.912	-0.006142
3.913	0.017342
3.914	0.044382
3.915	0.067699
3.916	0.081503
3.917	0.082966
3.918	0.071162
3.919	0.046545
3.92	0.01269
3.921	-0.022142
3.922	-0.047614
3.923	-0.057636
3.924	-0.054724
3.925	-0.047399
3.926	-0.042788
3.927	-0.041991
3.928	-0.041983
3.929	-0.040715
3.93	-0.039849
3.931	-0.042741
3.932	-0.051416
3.933	-0.066154
3.934	-0.085388
3.935	-0.104785
3.936	-0.118286
3.937	-0.121061
3.938	-0.111573
3.939	-0.09156
3.94	-0.065154
3.941	-0.038729
3.942	-0.020353
3.943	-0.015943
3.944	-0.022683
3.945	-0.025752
3.946	-0.005812
3.947	0.044094
3.948	0.108419
3.949	0.159702
3.95	0.180807
3.951	0.176877
3.952	0.166354
3.953	0.161431
3.954	0.159034
3.955	0.149832
3.956	0.131176
3.957	0.108742
3.958	0.088161
3.959	0.068949
3.96	0.047438
3.961	0.023591
3.962	0.002888
3.963	-0.008986
3.964	-0.012099
3.965	-0.011765
3.966	-0.012913
3.967	-0.016189
3.968	-0.019184
3.969	-0.020583
3.97	-0.022306
3.971	-0.027316
3.972	-0.037051
3.973	-0.051425
3.974	-0.068765
3.975	-0.085324
3.976	-0.096426
3.977	-0.098442
3.978	-0.089931
3.979	-0.071658
3.98	-0.046524
3.981	-0.020039
3.982	0.00034
3.983	0.008346
3.984	0.002606
3.985	-0.012264
3.986	-0.028034
3.987	-0.036782
3.988	-0.034404
3.989	-0.022833
3.99	-0.008431
3.991	0.004246
3.992	0.016416
3.993	0.031444
3.994	0.049437
3.995	0.066785
3.996	0.079108
3.997	0.083305
3.998	0.0777
3.999	0.061993
4.0	0.038008
4.001	0.010545
4.002	-0.013417
4.003	-0.028397
4.004	-0.034111
4.005	-0.03468
4.006	-0.034398
4.007	-0.034742
4.008	-0.034981
4.009	-0.035172
4.01	-0.037628
4.011	-0.044811
4.012	-0.05723
4.013	-0.073973
4.014	-0.093155
4.015	-0.11111
4.016	-0.122653
4.017	-0.123222
4.018	-0.11118
4.019	-0.088633
4.02	-0.060467
4.021	-0.032577
4.022	-0.010567
4.023	0.00123
4.024	0.001484
4.025	-0.006889
4.026	-0.018106
4.027	-0.026698
4.028	-0.030381
4.029	-0.030929
4.03	-0.031331
4.031	-0.030722
4.032	-0.023586
4.033	-0.00577
4.034	0.020209
4.035	0.046821
4.036	0.066533
4.037	0.074596
4.038	0.069098
4.039	0.050386
4.04	0.021572
4.041	-0.01014
4.042	-0.034791
4.043	-0.045165
4.044	-0.041674
4.045	-0.031947
4.046	-0.02595
4.047	-0.029831
4.048	-0.041068
4.049	-0.04744
4.05	-0.033319
4.051	0.007033
4.052	0.059586
4.053	0.097612
4.054	0.102805
4.055	0.07892
4.056	0.04461
4.057	0.016355
4.058	-0.00076
4.059	-0.009519
4.06	-0.01232
4.061	-0.008206
4.062	0.003044
4.063	0.017061
4.064	0.026997
4.065	0.028531
4.066	0.022407
4.067	0.013034
4.068	0.004729
4.069	-0.001254
4.07	-0.005834
4.071	-0.007778
4.072	-0.002143
4.073	0.014571
4.074	0.039301
4.075	0.064219
4.076	0.08203
4.077	0.088769
4.078	0.083247
4.079	0.066322
4.08	0.04193
4.081	0.017218
4.082	-0.00067
4.083	-0.008811
4.084	-0.00988
4.085	-0.009507
4.086	-0.011884
4.087	-0.017421
4.088	-0.023822
4.089	-0.028968
4.09	-0.032898
4.091	-0.036772
4.092	-0.040984
4.093	-0.045958
4.094	-0.053308
4.095	-0.064236
4.096	-0.076942
4.097	-0.085962
4.098	-0.084865
4.099	-0.070686
4.1	-0.045915
4.101	-0.016847
4.102	0.009909
4.103	0.030934
4.104	0.046188
4.105	0.055
4.106	0.054644
4.107	0.045395
4.108	0.034199
4.109	0.02976
4.11	0.03505
4.111	0.046987
4.112	0.061224
4.113	0.074826
4.114	0.087065
4.115	0.099666
4.116	0.113886
4.117	0.126137
4.118	0.12855
4.119	0.11598
4.12	0.092021
4.121	0.066696
4.122	0.048974
4.123	0.041993
4.124	0.043332
4.125	0.048229
4.126	0.052976
4.127	0.056132
4.128	0.057433
4.129	0.055743
4.13	0.048144
4.131	0.03231
4.132	0.009395
4.133	-0.016564
4.134	-0.040458
4.135	-0.056962
4.136	-0.062063
4.137	-0.054572
4.138	-0.035898
4.139	-0.008823
4.14	0.023269
4.141	0.056156
4.142	0.083889
4.143	0.099324
4.144	0.098695
4.145	0.088432
4.146	0.085685
4.147	0.106066
4.148	0.147723
4.149	0.19044
4.15	0.213382
4.151	0.212983
4.152	0.202478
4.153	0.196053
4.154	0.196363
4.155	0.196387
4.156	0.189588
4.157	0.17623
4.158	0.160697
4.159	0.145371
4.16	0.128951
4.161	0.110245
4.162	0.091917
4.163	0.078846
4.164	0.073028
4.165	0.071613
4.166	0.069943
4.167	0.065591
4.168	0.059334
4.169	0.052597
4.17	0.045132
4.171	0.035668
4.172	0.022803
4.173	0.004847
4.174	-0.018149
4.175	-0.041308
4.176	-0.055798
4.177	-0.054035
4.178	-0.034881
4.179	-0.00463
4.18	0.026841
4.181	0.051447
4.182	0.065879
4.183	0.071001
4.184	0.06949
4.185	0.06387
4.186	0.055696
4.187	0.045841
4.188	0.035058
4.189	0.023987
4.19	0.014222
4.191	0.010999
4.192	0.022415
4.193	0.052342
4.194	0.094209
4.195	0.133316
4.196	0.155751
4.197	0.155953
4.198	0.137856
4.199	0.110338
4.2	0.081502
4.201	0.056494
4.202	0.038545
4.203	0.029012
4.204	0.025987
4.205	0.024859
4.206	0.021525
4.207	0.015201
4.208	0.007973
4.209	0.001645
4.21	-0.004473
4.211	-0.012599
4.212	-0.024955
4.213	-0.043464
4.214	-0.067966
4.215	-0.093568
4.216	-0.111856
4.217	-0.115867
4.218	-0.103962
4.219	-0.080062
4.22	-0.051119
4.221	-0.023661
4.222	-0.001686
4.223	0.013225
4.224	0.020866
4.225	0.021626
4.226	0.016666
4.227	0.008563
4.228	0.000585
4.229	-0.005252
4.23	-0.008254
4.231	-0.006345
4.232	0.004251
4.233	0.024135
4.234	0.047837
4.235	0.067854
4.236	0.079746
4.237	0.082783
4.238	0.077708
4.239	0.065144
4.24	0.046383
4.241	0.025416
4.242	0.008516
4.243	0.000108
4.244	-0.000881
4.245	0.000237
4.246	-0.001107
4.247	-0.005284
4.248	-0.009601
4.249	-0.012285
4.25	-0.015182
4.251	-0.022499
4.252	-0.037672
4.253	-0.061352
4.254	-0.090048
4.255	-0.116043
4.256	-0.130501
4.257	-0.127855
4.258	-0.108281
4.259	-0.077502
4.26	-0.044266
4.261	-0.016604
4.262	0.001316
4.263	0.010073
4.264	0.012796
4.265	0.012079
4.266	0.009285
4.267	0.005723
4.268	0.002749
4.269	0.000272
4.27	-0.002957
4.271	-0.005423
4.272	-0.001487
4.273	0.013098
4.274	0.036142
4.275	0.060559
4.276	0.078863
4.277	0.086057
4.278	0.080272
4.279	0.062553
4.28	0.037091
4.281	0.011042
4.282	-0.00782
4.283	-0.015294
4.284	-0.013524
4.285	-0.00895
4.286	-0.006889
4.287	-0.00806
4.288	-0.009911
4.289	-0.011044
4.29	-0.013987
4.291	-0.02308
4.292	-0.040941
4.293	-0.067084
4.294	-0.097055
4.295	-0.122765
4.296	-0.136085
4.297	-0.132809
4.298	-0.113673
4.299	-0.083086
4.3	-0.047647
4.301	-0.014836
4.302	0.009048
4.303	0.021099
4.304	0.022302
4.305	0.016169
4.306	0.007088
4.307	-0.000832
4.308	-0.005071
4.309	-0.006274
4.31	-0.007052
4.311	-0.00698
4.312	-0.000914
4.313	0.015159
4.314	0.038634
4.315	0.061866
4.316	0.077653
4.317	0.082604
4.318	0.076564
4.319	0.061029
4.32	0.038952
4.321	0.015013
4.322	-0.005216
4.323	-0.01794
4.324	-0.023851
4.325	-0.027197
4.326	-0.03113
4.327	-0.034216
4.328	-0.032461
4.329	-0.02514
4.33	-0.017292
4.331	-0.015837
4.332	-0.02511
4.333	-0.045672
4.334	-0.07372
4.335	-0.101157
4.336	-0.118791
4.337	-0.120766
4.338	-0.106527
4.339	-0.079743
4.34	-0.046421
4.341	-0.013543
4.342	0.012512
4.343	0.027882
4.344	0.032213
4.345	0.028043
4.346	0.019375
4.347	0.010419
4.348	0.004225
4.349	0.0011
4.35	-0.000467
4.351	0.000289
4.352	0.007431
4.353	0.023262
4.354	0.044453
4.355	0.064517
4.356	0.078289
4.357	0.083053
4.358	0.077061
4.359	0.059277
4.36	0.031569
4.361	0.000993
4.362	-0.022102
4.363	-0.030928
4.364	-0.027335
4.365	-0.018894
4.366	-0.011162
4.367	-0.003382
4.368	0.007938
4.369	0.022058
4.37	0.034932
4.371	0.050257
4.372	0.083204
4.373	0.143773
4.374	0.218259
4.375	0.275061
4.376	0.290002
4.377	0.263833
4.378	0.216817
4.379	0.168773
4.38	0.124379
4.381	0.076904
4.382	0.023722
4.383	-0.02537
4.384	-0.055696
4.385	-0.061018
4.386	-0.047971
4.387	-0.029025
4.388	-0.013673
4.389	-0.005787
4.39	-0.004982
4.391	-0.007316
4.392	-0.007113
4.393	-0.001568
4.394	0.007415
4.395	0.01632
4.396	0.022526
4.397	0.023702
4.398	0.01701
4.399	0.000436
4.4	-0.024134
4.401	-0.04898
4.402	-0.063832
4.403	-0.063375
4.404	-0.051573
4.405	-0.038201
4.406	-0.031152
4.407	-0.031581
4.408	-0.035495
4.409	-0.039328
4.41	-0.043811
4.411	-0.052811
4.412	-0.07005
4.413	-0.096945
4.414	-0.130511
4.415	-0.162592
4.416	-0.183383
4.417	-0.186651
4.418	-0.171918
4.419	-0.143141
4.42	-0.106463
4.421	-0.068976
4.422	-0.037846
4.423	-0.018294
4.424	-0.011566
4.425	-0.014936
4.426	-0.023361
4.427	-0.03158
4.428	-0.036144
4.429	-0.036806
4.43	-0.035522
4.431	-0.032867
4.432	-0.027179
4.433	-0.018619
4.434	-0.010743
4.435	-0.006775
4.436	-0.00684
4.437	-0.009209
4.438	-0.013241
4.439	-0.020705
4.44	-0.033065
4.441	-0.04719
4.442	-0.055628
4.443	-0.052805
4.444	-0.040807
4.445	-0.027919
4.446	-0.021424
4.447	-0.02249
4.448	-0.027436
4.449	-0.032909
4.45	-0.039188
4.451	-0.048652
4.452	-0.063448
4.453	-0.085101
4.454	-0.112703
4.455	-0.140639
4.456	-0.160404
4.457	-0.165176
4.458	-0.152799
4.459	-0.125744
4.46	-0.089671
4.461	-0.052349
4.462	-0.022146
4.463	-0.004966
4.464	-0.001545
4.465	-0.007672
4.466	-0.017135
4.467	-0.024838
4.468	-0.028361
4.469	-0.028556
4.47	-0.028772
4.471	-0.03142
4.472	-0.034637
4.473	-0.031462
4.474	-0.01145
4.475	0.031796
4.476	0.090361
4.477	0.143227
4.478	0.171356
4.479	0.170632
4.48	0.150311
4.481	0.122061
4.482	0.09219
4.483	0.062369
4.484	0.034324
4.485	0.011848
4.486	-0.001555
4.487	-0.005675
4.488	-0.003973
4.489	-0.002041
4.49	-0.00517
4.491	-0.015723
4.492	-0.03341
4.493	-0.057725
4.494	-0.087173
4.495	-0.116559
4.496	-0.13785
4.497	-0.144222
4.498	-0.133306
4.499	-0.107625
4.5	-0.073128
4.501	-0.037382
4.502	-0.00781
4.503	0.010336
4.504	0.015835
4.505	0.01165
4.506	0.002915
4.507	-0.005565
4.508	-0.010992
4.509	-0.013235
4.51	-0.013101
4.511	-0.009101
4.512	0.001843
4.513	0.019435
4.514	0.038451
4.515	0.052821
4.516	0.059288
4.517	0.057065
4.518	0.045848
4.519	0.025344
4.52	-0.003052
4.521	-0.033915
4.522	-0.058168
4.523	-0.068265
4.524	-0.063955
4.525	-0.052123
4.526	-0.040905
4.527	-0.034268
4.528	-0.031708
4.529	-0.031878
4.53	-0.035079
4.531	-0.04235
4.532	-0.054498
4.533	-0.072371
4.534	-0.09547
4.535	-0.119643
4.536	-0.137709
4.537	-0.143135
4.538	-0.133597
4.539	-0.111773
4.54	-0.083548
4.541	-0.05579
4.542	-0.034982
4.543	-0.025596
4.544	-0.027892
4.545	-0.037399
4.546	-0.047146
4.547	-0.051092
4.548	-0.047039
4.549	-0.037173
4.55	-0.024859
4.551	-0.010196
4.552	0.009315
4.553	0.03281
4.554	0.054108
4.555	0.066944
4.556	0.069654
4.557	0.064259
4.558	0.05297
4.559	0.036691
4.56	0.016577
4.561	-0.003733
4.562	-0.018501
4.563	-0.023598
4.564	-0.020066
4.565	-0.013522
4.566	-0.009672
4.567	-0.010679
4.568	-0.016177
4.569	-0.026503
4.57	-0.041769
4.571	-0.056242
4.572	-0.058103
4.573	-0.040551
4.574	-0.011413
4.575	0.01325
4.576	0.024826
4.577	0.028693
4.578	0.035751
4.579	0.050003
4.58	0.06512
4.581	0.071724
4.582	0.06656
4.583	0.054605
4.584	0.043457
4.585	0.036788
4.586	0.033226
4.587	0.029997
4.588	0.02599
4.589	0.021422
4.59	0.016911
4.591	0.014822
4.592	0.019133
4.593	0.031159
4.594	0.047292
4.595	0.061999
4.596	0.070942
4.597	0.071331
4.598	0.061586
4.599	0.042
4.6	0.016173
4.601	-0.008761
4.602	-0.024998
4.603	-0.028739
4.604	-0.02282
4.605	-0.014275
4.606	-0.008706
4.607	-0.006995
4.608	-0.006918
4.609	-0.007166
4.61	-0.009352
4.611	-0.016115
4.612	-0.029292
4.613	-0.05011
4.614	-0.077722
4.615	-0.106951
4.616	-0.129732
4.617	-0.139244
4.618	-0.132958
4.619	-0.113032
4.62	-0.084731
4.621	-0.05443
4.622	-0.027863
4.623	-0.008681
4.624	0.002189
4.625	0.006206
4.626	0.006274
4.627	0.005435
4.628	0.005455
4.629	0.006007
4.63	0.006156
4.631	0.007816
4.632	0.015594
4.633	0.031372
4.634	0.051275
4.635	0.068498
4.636	0.077406
4.637	0.075452
4.638	0.062926
4.639	0.042272
4.64	0.018098
4.641	-0.003361
4.642	-0.016557
4.643	-0.019791
4.644	-0.016205
4.645	-0.010939
4.646	-0.007329
4.647	-0.005676
4.648	-0.004781
4.649	-0.004747
4.65	-0.00823
4.651	-0.018339
4.652	-0.036752
4.653	-0.063727
4.654	-0.096398
4.655	-0.126947
4.656	-0.145452
4.657	-0.145667
4.658	-0.128278
4.659	-0.099266
4.66	-0.065775
4.661	-0.03348
4.662	-0.006579
4.663	0.011795
4.664	0.020514
4.665	0.0215
4.666	0.018867
4.667	0.016528
4.668	0.015881
4.669	0.015059
4.67	0.01158
4.671	0.006837
4.672	0.006285
4.673	0.015324
4.674	0.03801
4.675	0.077535
4.676	0.13127
4.677	0.184899
4.678	0.218273
4.679	0.220962
4.68	0.199926
4.681	0.17106
4.682	0.14511
4.683	0.121513
4.684	0.094219
4.685	0.062113
4.686	0.032347
4.687	0.013841
4.688	0.009235
4.689	0.013005
4.69	0.016292
4.691	0.013185
4.692	0.002075
4.693	-0.017107
4.694	-0.043455
4.695	-0.073097
4.696	-0.099113
4.697	-0.114253
4.698	-0.114182
4.699	-0.099235
4.7	-0.07397
4.701	-0.045073
4.702	-0.019163
4.703	-0.001181
4.704	0.007082
4.705	0.007501
4.706	0.00421
4.707	0.001182
4.708	0.000188
4.709	0.000348
4.71	0.000722
4.711	0.0042
4.712	0.016456
4.713	0.039013
4.714	0.065363
4.715	0.085251
4.716	0.091489
4.717	0.08272
4.718	0.061617
4.719	0.032034
4.72	-0.001615
4.721	-0.033084
4.722	-0.055069
4.723	-0.063258
4.724	-0.059216
4.725	-0.048818
4.726	-0.038058
4.727	-0.029935
4.728	-0.024543
4.729	-0.021403
4.73	-0.02109
4.731	-0.024774
4.732	-0.033849
4.733	-0.050161
4.734	-0.073863
4.735	-0.100605
4.736	-0.12258
4.737	-0.132591
4.738	-0.127391
4.739	-0.108642
4.74	-0.081759
4.741	-0.053804
4.742	-0.03121
4.743	-0.017535
4.744	-0.012593
4.745	-0.013839
4.746	-0.018219
4.747	-0.023107
4.748	-0.026987
4.749	-0.029758
4.75	-0.030929
4.751	-0.026445
4.752	-0.010096
4.753	0.019163
4.754	0.053462
4.755	0.081036
4.756	0.093461
4.757	0.088424
4.758	0.067914
4.759	0.035709
4.76	-0.002804
4.761	-0.03989
4.762	-0.066982
4.763	-0.078374
4.764	-0.074151
4.765	-0.059728
4.766	-0.042082
4.767	-0.025871
4.768	-0.012535
4.769	-0.002381
4.77	0.003141
4.771	0.001275
4.772	-0.011661
4.773	-0.038853
4.774	-0.076577
4.775	-0.108031
4.776	-0.109327
4.777	-0.067691
4.778	0.004929
4.779	0.079152
4.78	0.130534
4.781	0.153834
4.782	0.157531
4.783	0.149737
4.784	0.13171
4.785	0.102995
4.786	0.069148
4.787	0.041311
4.788	0.027849
4.789	0.02792
4.79	0.034555
4.791	0.043829
4.792	0.057974
4.793	0.078605
4.794	0.101109
4.795	0.117226
4.796	0.120805
4.797	0.110612
4.798	0.088941
4.799	0.059115
4.8	0.025324
4.801	-0.006222
4.802	-0.028341
4.803	-0.036875
4.804	-0.033679
4.805	-0.024704
4.806	-0.015232
4.807	-0.007283
4.808	-0.000798
4.809	0.003524
4.81	0.003337
4.811	-0.003232
4.812	-0.016508
4.813	-0.036337
4.814	-0.061207
4.815	-0.086635
4.816	-0.106594
4.817	-0.116475
4.818	-0.114646
4.819	-0.102028
4.82	-0.081084
4.821	-0.055803
4.822	-0.031859
4.823	-0.014983
4.824	-0.007864
4.825	-0.008454
4.826	-0.011722
4.827	-0.013247
4.828	-0.011679
4.829	-0.008723
4.83	-0.005935
4.831	-0.000413
4.832	0.013774
4.833	0.038116
4.834	0.066129
4.835	0.08795
4.836	0.09679
4.837	0.091131
4.838	0.072766
4.839	0.044696
4.84	0.01132
4.841	-0.020536
4.842	-0.042956
4.843	-0.051507
4.844	-0.048468
4.845	-0.04043
4.846	-0.032902
4.847	-0.027276
4.848	-0.022245
4.849	-0.017584
4.85	-0.015678
4.851	-0.019351
4.852	-0.030185
4.853	-0.048647
4.854	-0.072865
4.855	-0.09739
4.856	-0.115139
4.857	-0.120889
4.858	-0.113137
4.859	-0.093865
4.86	-0.067526
4.861	-0.040037
4.862	-0.017584
4.863	-0.004689
4.864	-0.001977
4.865	-0.005949
4.866	-0.011623
4.867	-0.015638
4.868	-0.017649
4.869	-0.019464
4.87	-0.021514
4.871	-0.019101
4.872	-0.00496
4.873	0.022122
4.874	0.053278
4.875	0.075276
4.876	0.0795
4.877	0.06779
4.878	0.05303
4.879	0.05245
4.88	0.07498
4.881	0.113012
4.882	0.148314
4.883	0.16673
4.884	0.166625
4.885	0.154554
4.886	0.135976
4.887	0.111751
4.888	0.082264
4.889	0.051896
4.89	0.027239
4.891	0.011174
4.892	-0.000259
4.893	-0.014489
4.894	-0.035156
4.895	-0.058366
4.896	-0.076157
4.897	-0.082525
4.898	-0.076285
4.899	-0.0602
4.9	-0.039019
4.901	-0.018252
4.902	-0.003143
4.903	0.003377
4.904	0.002372
4.905	-0.002119
4.906	-0.005729
4.907	-0.005546
4.908	-0.000933
4.909	0.00616
4.91	0.012979
4.911	0.019937
4.912	0.030955
4.913	0.048137
4.914	0.068653
4.915	0.087443
4.916	0.100248
4.917	0.103902
4.918	0.095578
4.919	0.073174
4.92	0.037893
4.921	-0.003023
4.922	-0.037895
4.923	-0.057213
4.924	-0.059614
4.925	-0.051308
4.926	-0.039959
4.927	-0.029618
4.928	-0.020779
4.929	-0.013736
4.93	-0.010616
4.931	-0.013778
4.932	-0.024072
4.933	-0.041263
4.934	-0.063358
4.935	-0.085231
4.936	-0.100144
4.937	-0.103136
4.938	-0.093377
4.939	-0.074408
4.94	-0.052505
4.941	-0.034201
4.942	-0.02373
4.943	-0.021293
4.944	-0.023665
4.945	-0.026698
4.946	-0.027368
4.947	-0.024473
4.948	-0.018575
4.949	-0.011564
4.95	-0.004865
4.951	0.003329
4.952	0.016752
4.953	0.035749
4.954	0.05633
4.955	0.074243
4.956	0.086873
4.957	0.091891
4.958	0.086207
4.959	0.06714
4.96	0.035469
4.961	-0.002334
4.962	-0.035717
4.963	-0.055586
4.964	-0.059791
4.965	-0.05334
4.966	-0.043262
4.967	-0.033749
4.968	-0.025768
4.969	-0.020059
4.97	-0.018836
4.971	-0.023681
4.972	-0.034091
4.973	-0.048998
4.974	-0.066984
4.975	-0.08519
4.976	-0.100342
4.977	-0.110697
4.978	-0.115684
4.979	-0.112184
4.98	-0.091271
4.981	-0.042485
4.982	0.033687
4.983	0.117515
4.984	0.179686
4.985	0.20288
4.986	0.192716
4.987	0.167889
4.988	0.142397
4.989	0.117524
4.99	0.089609
4.991	0.063056
4.992	0.050634
4.993	0.060261
4.994	0.086573
4.995	0.115671
4.996	0.134659
4.997	0.137268
4.998	0.12358
4.999	0.096837
5.0	0.061362
5.001	0.022928
5.002	-0.010771
5.003	-0.032802
5.004	-0.041202
5.005	-0.039645
5.006	-0.033777
5.007	-0.027299
5.008	-0.021325
5.009	-0.016845
5.01	-0.016015
5.011	-0.020196
5.012	-0.029207
5.013	-0.042849
5.014	-0.060194
5.015	-0.077581
5.016	-0.089308
5.017	-0.090556
5.018	-0.080025
5.019	-0.060698
5.02	-0.038552
5.021	-0.020002
5.022	-0.009265
5.023	-0.007034
5.024	-0.010965
5.025	-0.017285
5.026	-0.022457
5.027	-0.024239
5.028	-0.022314
5.029	-0.018308
5.03	-0.013528
5.031	-0.005655
5.032	0.00969
5.033	0.032853
5.034	0.058254
5.035	0.078741
5.036	0.089674
5.037	0.089414
5.038	0.078341
5.039	0.058434
5.04	0.033177
5.041	0.007277
5.042	-0.014279
5.043	-0.02819
5.044	-0.034565
5.045	-0.036379
5.046	-0.036797
5.047	-0.036731
5.048	-0.035215
5.049	-0.0323
5.05	-0.030382
5.051	-0.032018
5.052	-0.038471
5.053	-0.050564
5.054	-0.067761
5.055	-0.086245
5.056	-0.100089
5.057	-0.104385
5.058	-0.097134
5.059	-0.079703
5.06	-0.056611
5.061	-0.034212
5.062	-0.018238
5.063	-0.011395
5.064	-0.012635
5.065	-0.01855
5.066	-0.025174
5.067	-0.029047
5.068	-0.028464
5.069	-0.024504
5.07	-0.019228
5.071	-0.011438
5.072	0.003496
5.073	0.02773
5.074	0.057258
5.075	0.084597
5.076	0.102758
5.077	0.107272
5.078	0.096779
5.079	0.072479
5.08	0.037584
5.081	-0.001488
5.082	-0.032823
5.083	-0.040161
5.084	-0.012191
5.085	0.044607
5.086	0.10518
5.087	0.143623
5.088	0.15211
5.089	0.140681
5.09	0.121485
5.091	0.097312
5.092	0.063721
5.093	0.018891
5.094	-0.029189
5.095	-0.066108
5.096	-0.081629
5.097	-0.075818
5.098	-0.056487
5.099	-0.033155
5.1	-0.01255
5.101	0.002615
5.102	0.01205
5.103	0.015727
5.104	0.013283
5.105	0.005249
5.106	-0.005468
5.107	-0.014197
5.108	-0.01731
5.109	-0.014613
5.11	-0.008065
5.111	0.002859
5.112	0.022155
5.113	0.051622
5.114	0.086492
5.115	0.117342
5.116	0.134864
5.117	0.133842
5.118	0.114678
5.119	0.082612
5.12	0.045815
5.121	0.012725
5.122	-0.010733
5.123	-0.023
5.124	-0.027105
5.125	-0.028322
5.126	-0.030225
5.127	-0.032608
5.128	-0.033177
5.129	-0.031349
5.13	-0.029781
5.131	-0.031694
5.132	-0.038691
5.133	-0.051178
5.134	-0.067369
5.135	-0.08227
5.136	-0.090404
5.137	-0.089213
5.138	-0.079363
5.139	-0.062934
5.14	-0.042331
5.141	-0.020825
5.142	-0.002806
5.143	0.007624
5.144	0.008631
5.145	0.001622
5.146	-0.009396
5.147	-0.019712
5.148	-0.026125
5.149	-0.028296
5.15	-0.026922
5.151	-0.019483
5.152	-0.000891
5.153	0.029806
5.154	0.066212
5.155	0.098321
5.156	0.117684
5.157	0.120178
5.158	0.106152
5.159	0.079476
5.16	0.046526
5.161	0.014875
5.162	-0.008759
5.163	-0.02143
5.164	-0.025698
5.165	-0.027393
5.166	-0.030823
5.167	-0.035921
5.168	-0.039768
5.169	-0.040754
5.17	-0.040573
5.171	-0.042014
5.172	-0.047011
5.173	-0.05655
5.174	-0.069336
5.175	-0.081047
5.176	-0.086866
5.177	-0.08435
5.178	-0.07409
5.179	-0.058866
5.18	-0.042746
5.181	-0.030413
5.182	-0.025646
5.183	-0.027917
5.184	-0.02857
5.185	-0.012324
5.186	0.031309
5.187	0.094642
5.188	0.152948
5.189	0.182745
5.19	0.180063
5.191	0.161599
5.192	0.148001
5.193	0.145943
5.194	0.147175
5.195	0.142318
5.196	0.130929
5.197	0.117961
5.198	0.104872
5.199	0.087788
5.2	0.063655
5.201	0.035916
5.202	0.013043
5.203	0.00132
5.204	-0.000541
5.205	0.000401
5.206	-0.002164
5.207	-0.009046
5.208	-0.016555
5.209	-0.021433
5.21	-0.023865
5.211	-0.026132
5.212	-0.030807
5.213	-0.039928
5.214	-0.052663
5.215	-0.064196
5.216	-0.069127
5.217	-0.065544
5.218	-0.055285
5.219	-0.041369
5.22	-0.026019
5.221	-0.01076
5.222	0.002442
5.223	0.01109
5.224	0.013405
5.225	0.009122
5.226	-0.0005
5.227	-0.012611
5.228	-0.023601
5.229	-0.03129
5.23	-0.035843
5.231	-0.038058
5.232	-0.038602
5.233	-0.039206
5.234	-0.041578
5.235	-0.044928
5.236	-0.046508
5.237	-0.044218
5.238	-0.038039
5.239	-0.029557
5.24	-0.020629
5.241	-0.01246
5.242	-0.005609
5.243	-0.00044
5.244	0.002408
5.245	0.001746
5.246	-0.003342
5.247	-0.011946
5.248	-0.021201
5.249	-0.028291
5.25	-0.032306
5.251	-0.033952
5.252	-0.035016
5.253	-0.038129
5.254	-0.044207
5.255	-0.05039
5.256	-0.052598
5.257	-0.049229
5.258	-0.041441
5.259	-0.031096
5.26	-0.019431
5.261	-0.00757
5.262	0.002707
5.263	0.009602
5.264	0.012049
5.265	0.009436
5.266	0.001819
5.267	-0.009041
5.268	-0.019805
5.269	-0.027772
5.27	-0.032633
5.271	-0.035384
5.272	-0.037193
5.273	-0.039758
5.274	-0.043829
5.275	-0.047264
5.276	-0.046696
5.277	-0.040814
5.278	-0.031441
5.279	-0.021947
5.28	-0.014557
5.281	-0.009166
5.282	-0.005148
5.283	-0.003862
5.284	-0.007665
5.285	-0.014185
5.286	-0.011568
5.287	0.015632
5.288	0.070316
5.289	0.13361
5.29	0.177404
5.291	0.18732
5.292	0.170037
5.293	0.140274
5.294	0.107025
5.295	0.071973
5.296	0.036171
5.297	0.005337
5.298	-0.012592
5.299	-0.014463
5.3	-0.005138
5.301	0.005941
5.302	0.011406
5.303	0.010353
5.304	0.006755
5.305	0.003954
5.306	0.00152
5.307	-0.002595
5.308	-0.008418
5.309	-0.013924
5.31	-0.017368
5.311	-0.017903
5.312	-0.015932
5.313	-0.013753
5.314	-0.013051
5.315	-0.012329
5.316	-0.008957
5.317	-0.002663
5.318	0.003948
5.319	0.00787
5.32	0.008323
5.321	0.007044
5.322	0.006589
5.323	0.008323
5.324	0.011273
5.325	0.012555
5.326	0.00938
5.327	0.001317
5.328	-0.009262
5.329	-0.019288
5.33	-0.026826
5.331	-0.030632
5.332	-0.030591
5.333	-0.029002
5.334	-0.028418
5.335	-0.028602
5.336	-0.027347
5.337	-0.023247
5.338	-0.016686
5.339	-0.008756
5.34	-0.000385
5.341	0.007224
5.342	0.012389
5.343	0.013876
5.344	0.011674
5.345	0.006477
5.346	-0.00123
5.347	-0.010876
5.348	-0.020965
5.349	-0.029613
5.35	-0.035459
5.351	-0.037512
5.352	-0.036156
5.353	-0.034347
5.354	-0.034786
5.355	-0.036462
5.356	-0.036081
5.357	-0.032059
5.358	-0.02612
5.359	-0.021573
5.36	-0.020432
5.361	-0.021724
5.362	-0.022312
5.363	-0.01961
5.364	-0.013865
5.365	-0.008215
5.366	-0.006541
5.367	-0.010604
5.368	-0.018978
5.369	-0.028765
5.37	-0.037307
5.371	-0.042003
5.372	-0.041171
5.373	-0.036146
5.374	-0.030251
5.375	-0.025496
5.376	-0.021554
5.377	-0.017465
5.378	-0.013221
5.379	-0.009381
5.38	-0.005789
5.381	-0.00193
5.382	0.000876
5.383	-0.000892
5.384	-0.00847
5.385	-0.014697
5.386	-0.004407
5.387	0.034045
5.388	0.094287
5.389	0.151682
5.39	0.181936
5.391	0.179637
5.392	0.156643
5.393	0.125961
5.394	0.092146
5.395	0.055281
5.396	0.018948
5.397	-0.008204
5.398	-0.018788
5.399	-0.013188
5.4	0.00109
5.401	0.015454
5.402	0.024984
5.403	0.029015
5.404	0.028999
5.405	0.02572
5.406	0.018125
5.407	0.004658
5.408	-0.014698
5.409	-0.037609
5.41	-0.05928
5.411	-0.072959
5.412	-0.073623
5.413	-0.06262
5.414	-0.046322
5.415	-0.030341
5.416	-0.016843
5.417	-0.006117
5.418	0.001517
5.419	0.005769
5.42	0.007613
5.421	0.009387
5.422	0.012889
5.423	0.017614
5.424	0.021161
5.425	0.020985
5.426	0.015907
5.427	0.006777
5.428	-0.003918
5.429	-0.013501
5.43	-0.02026
5.431	-0.023108
5.432	-0.022068
5.433	-0.019596
5.434	-0.018514
5.435	-0.018772
5.436	-0.018446
5.437	-0.016757
5.438	-0.0148
5.439	-0.013993
5.44	-0.014483
5.441	-0.015266
5.442	-0.015414
5.443	-0.014516
5.444	-0.012704
5.445	-0.011043
5.446	-0.011165
5.447	-0.01405
5.448	-0.019425
5.449	-0.026527
5.45	-0.03457
5.451	-0.04162
5.452	-0.045076
5.453	-0.044337
5.454	-0.040855
5.455	-0.035849
5.456	-0.029754
5.457	-0.023233
5.458	-0.017839
5.459	-0.015481
5.46	-0.01679
5.461	-0.020158
5.462	-0.022875
5.463	-0.023225
5.464	-0.021609
5.465	-0.019891
5.466	-0.019787
5.467	-0.021799
5.468	-0.025269
5.469	-0.029384
5.47	-0.033598
5.471	-0.036509
5.472	-0.036484
5.473	-0.034127
5.474	-0.031558
5.475	-0.029691
5.476	-0.027948
5.477	-0.02553
5.478	-0.022065
5.479	-0.017456
5.48	-0.011847
5.481	-0.006315
5.482	-0.00287
5.483	-0.003123
5.484	-0.007612
5.485	-0.016608
5.486	-0.029347
5.487	-0.039628
5.488	-0.033602
5.489	0.001428
5.49	0.062023
5.491	0.12591
5.492	0.167404
5.493	0.175501
5.494	0.158413
5.495	0.132432
5.496	0.107077
5.497	0.081063
5.498	0.05066
5.499	0.018613
5.5	-0.006387
5.501	-0.017176
5.502	-0.013685
5.503	-0.002326
5.504	0.008878
5.505	0.014804
5.506	0.01433
5.507	0.008956
5.508	0.000922
5.509	-0.00842
5.51	-0.018384
5.511	-0.026976
5.512	-0.031562
5.513	-0.032108
5.514	-0.03132
5.515	-0.031784
5.516	-0.034033
5.517	-0.036131
5.518	-0.034472
5.519	-0.026142
5.52	-0.011642
5.521	0.004695
5.522	0.01737
5.523	0.023245
5.524	0.022898
5.525	0.018932
5.526	0.013456
5.527	0.007399
5.528	0.001129
5.529	-0.005418
5.53	-0.012138
5.531	-0.017509
5.532	-0.019948
5.533	-0.020388
5.534	-0.020891
5.535	-0.021573
5.536	-0.020931
5.537	-0.018361
5.538	-0.015191
5.539	-0.013405
5.54	-0.013756
5.541	-0.015109
5.542	-0.015575
5.543	-0.014251
5.544	-0.011781
5.545	-0.009794
5.546	-0.010009
5.547	-0.013201
5.548	-0.018783
5.549	-0.025597
5.55	-0.032392
5.551	-0.037221
5.552	-0.038501
5.553	-0.037267
5.554	-0.036074
5.555	-0.035923
5.556	-0.036095
5.557	-0.036147
5.558	-0.036423
5.559	-0.036845
5.56	-0.03635
5.561	-0.033884
5.562	-0.029772
5.563	-0.025903
5.564	-0.024277
5.565	-0.025574
5.566	-0.029019
5.567	-0.033017
5.568	-0.036047
5.569	-0.037673
5.57	-0.038645
5.571	-0.039719
5.572	-0.041463
5.573	-0.044956
5.574	-0.050192
5.575	-0.054302
5.576	-0.053447
5.577	-0.046257
5.578	-0.035116
5.579	-0.024581
5.58	-0.018131
5.581	-0.015971
5.582	-0.01589
5.583	-0.015698
5.584	-0.014662
5.585	-0.013512
5.586	-0.013491
5.587	-0.01536
5.588	-0.019765
5.589	-0.02815
5.59	-0.040151
5.591	-0.047317
5.592	-0.033505
5.593	0.011477
5.594	0.078029
5.595	0.140317
5.596	0.175296
5.597	0.17798
5.598	0.159237
5.599	0.132056
5.6	0.10201
5.601	0.069298
5.602	0.036172
5.603	0.009525
5.604	-0.004135
5.605	-0.004732
5.606	0.001488
5.607	0.007417
5.608	0.009577
5.609	0.008064
5.61	0.004301
5.611	-7.3e-05
5.612	-0.004492
5.613	-0.01058
5.614	-0.019353
5.615	-0.028139
5.616	-0.032798
5.617	-0.031762
5.618	-0.026697
5.619	-0.020464
5.62	-0.01535
5.621	-0.012803
5.622	-0.01365
5.623	-0.017652
5.624	-0.023103
5.625	-0.027233
5.626	-0.027359
5.627	-0.022584
5.628	-0.014829
5.629	-0.008104
5.63	-0.005835
5.631	-0.007871
5.632	-0.011461
5.633	-0.015201
5.634	-0.019227
5.635	-0.022517
5.636	-0.022941
5.637	-0.019517
5.638	-0.013652
5.639	-0.008399
5.64	-0.00628
5.641	-0.007305
5.642	-0.009154
5.643	-0.009508
5.644	-0.008155
5.645	-0.006808
5.646	-0.007173
5.647	-0.009375
5.648	-0.01212
5.649	-0.014369
5.65	-0.016151
5.651	-0.017399
5.652	-0.018264
5.653	-0.020656
5.654	-0.026321
5.655	-0.034064
5.656	-0.040935
5.657	-0.04494
5.658	-0.045698
5.659	-0.0432
5.66	-0.037088
5.661	-0.027771
5.662	-0.01762
5.663	-0.010042
5.664	-0.007136
5.665	-0.008647
5.666	-0.013084
5.667	-0.018865
5.668	-0.024531
5.669	-0.029458
5.67	-0.03406
5.671	-0.038078
5.672	-0.040455
5.673	-0.041516
5.674	-0.042774
5.675	-0.044847
5.676	-0.04697
5.677	-0.047832
5.678	-0.046563
5.679	-0.043189
5.68	-0.038298
5.681	-0.032577
5.682	-0.026827
5.683	-0.022027
5.684	-0.01859
5.685	-0.015877
5.686	-0.013306
5.687	-0.011042
5.688	-0.009002
5.689	-0.006827
5.69	-0.004758
5.691	-0.003254
5.692	-0.003632
5.693	-0.008491
5.694	-0.016099
5.695	-0.014471
5.696	0.011683
5.697	0.06379
5.698	0.122794
5.699	0.164322
5.7	0.178569
5.701	0.1727
5.702	0.157735
5.703	0.137677
5.704	0.11089
5.705	0.078714
5.706	0.049545
5.707	0.033512
5.708	0.03445
5.709	0.047123
5.71	0.060955
5.711	0.066918
5.712	0.062411
5.713	0.051462
5.714	0.041438
5.715	0.037234
5.716	0.036969
5.717	0.035687
5.718	0.033245
5.719	0.034434
5.72	0.041336
5.721	0.050232
5.722	0.05691
5.723	0.061469
5.724	0.066281
5.725	0.071434
5.726	0.074446
5.727	0.073001
5.728	0.065712
5.729	0.051672
5.73	0.032518
5.731	0.015302
5.732	0.009646
5.733	0.019617
5.734	0.039836
5.735	0.05989
5.736	0.071929
5.737	0.075259
5.738	0.074625
5.739	0.074793
5.74	0.077473
5.741	0.082039
5.742	0.086998
5.743	0.090557
5.744	0.090789
5.745	0.086215
5.746	0.07716
5.747	0.066522
5.748	0.058313
5.749	0.054918
5.75	0.055705
5.751	0.05802
5.752	0.058286
5.753	0.053059
5.754	0.042256
5.755	0.030671
5.756	0.023964
5.757	0.023933
5.758	0.028094
5.759	0.032377
5.76	0.034031
5.761	0.033019
5.762	0.031356
5.763	0.031192
5.764	0.033008
5.765	0.035347
5.766	0.036648
5.767	0.037081
5.768	0.037974
5.769	0.039575
5.77	0.040552
5.771	0.040316
5.772	0.039672
5.773	0.038607
5.774	0.036275
5.775	0.033067
5.776	0.030463
5.777	0.029191
5.778	0.028414
5.779	0.026728
5.78	0.023995
5.781	0.021885
5.782	0.022239
5.783	0.025294
5.784	0.029919
5.785	0.035224
5.786	0.04125
5.787	0.047475
5.788	0.050893
5.789	0.047389
5.79	0.038352
5.791	0.036037
5.792	0.055174
5.793	0.095366
5.794	0.137817
5.795	0.162201
5.796	0.162773
5.797	0.148372
5.798	0.13133
5.799	0.117562
5.8	0.105173
5.801	0.090603
5.802	0.074729
5.803	0.062256
5.804	0.056248
5.805	0.054999
5.806	0.054357
5.807	0.051856
5.808	0.047897
5.809	0.043378
5.81	0.038025
5.811	0.032065
5.812	0.026829
5.813	0.022567
5.814	0.018546
5.815	0.015164
5.816	0.013823
5.817	0.01523
5.818	0.01856
5.819	0.02215
5.82	0.024909
5.821	0.026839
5.822	0.028234
5.823	0.028804
5.824	0.027854
5.825	0.025172
5.826	0.021449
5.827	0.01804
5.828	0.016287
5.829	0.016225
5.83	0.016228
5.831	0.014789
5.832	0.011119
5.833	0.003994
5.834	-0.00702
5.835	-0.019814
5.836	-0.031247
5.837	-0.039315
5.838	-0.0427
5.839	-0.039386
5.84	-0.027896
5.841	-0.010491
5.842	0.006435
5.843	0.016439
5.844	0.017493
5.845	0.01245
5.846	0.005902
5.847	0.001205
5.848	-0.000492
5.849	-0.000284
5.85	-0.000262
5.851	-0.00109
5.852	-0.002226
5.853	-0.004336
5.854	-0.008596
5.855	-0.014073
5.856	-0.018007
5.857	-0.018561
5.858	-0.016647
5.859	-0.01505
5.86	-0.015989
5.861	-0.019516
5.862	-0.023926
5.863	-0.027305
5.864	-0.028546
5.865	-0.027504
5.866	-0.024852
5.867	-0.021542
5.868	-0.018304
5.869	-0.015939
5.87	-0.014976
5.871	-0.014448
5.872	-0.013102
5.873	-0.012066
5.874	-0.01376
5.875	-0.018418
5.876	-0.023381
5.877	-0.02552
5.878	-0.023787
5.879	-0.019688
5.88	-0.01584
5.881	-0.014292
5.882	-0.015829
5.883	-0.019904
5.884	-0.024761
5.885	-0.028383
5.886	-0.029858
5.887	-0.029573
5.888	-0.028417
5.889	-0.027341
5.89	-0.026728
5.891	-0.025462
5.892	-0.022397
5.893	-0.018884
5.894	-0.017124
5.895	-0.016701
5.896	-0.015515
5.897	-0.013987
5.898	-0.016645
5.899	-0.02756
5.9	-0.042213
5.901	-0.045566
5.902	-0.023903
5.903	0.0199
5.904	0.067177
5.905	0.100199
5.906	0.115179
5.907	0.119561
5.908	0.120062
5.909	0.115029
5.91	0.098566
5.911	0.07094
5.912	0.041408
5.913	0.01999
5.914	0.010035
5.915	0.00877
5.916	0.011397
5.917	0.014104
5.918	0.015082
5.919	0.014129
5.92	0.011879
5.921	0.009031
5.922	0.005469
5.923	0.000361
5.924	-0.006367
5.925	-0.013263
5.926	-0.018343
5.927	-0.020502
5.928	-0.019991
5.929	-0.018102
5.93	-0.016191
5.931	-0.014429
5.932	-0.012675
5.933	-0.012411
5.934	-0.015134
5.935	-0.019438
5.936	-0.021953
5.937	-0.020481
5.938	-0.015763
5.939	-0.011062
5.94	-0.009914
5.941	-0.013714
5.942	-0.021176
5.943	-0.029622
5.944	-0.036791
5.945	-0.04173
5.946	-0.044062
5.947	-0.043085
5.948	-0.038428
5.949	-0.031495
5.95	-0.024843
5.951	-0.019234
5.952	-0.013506
5.953	-0.007926
5.954	-0.004496
5.955	-0.00399
5.956	-0.005006
5.957	-0.005671
5.958	-0.005367
5.959	-0.004783
5.96	-0.004587
5.961	-0.004863
5.962	-0.00592
5.963	-0.008619
5.964	-0.01342
5.965	-0.019613
5.966	-0.025779
5.967	-0.030688
5.968	-0.033596
5.969	-0.034522
5.97	-0.034254
5.971	-0.033341
5.972	-0.032441
5.973	-0.03354
5.974	-0.037834
5.975	-0.043176
5.976	-0.045933
5.977	-0.04437
5.978	-0.039425
5.979	-0.033248
5.98	-0.027855
5.981	-0.024983
5.982	-0.025872
5.983	-0.030241
5.984	-0.03604
5.985	-0.040837
5.986	-0.043419
5.987	-0.043982
5.988	-0.043341
5.989	-0.042643
5.99	-0.042719
5.991	-0.042521
5.992	-0.04021
5.993	-0.036381
5.994	-0.033435
5.995	-0.032329
5.996	-0.032347
5.997	-0.033552
5.998	-0.037714
5.999	-0.044711
6.0	-0.047029
6.001	-0.031135
6.002	0.010061
6.003	0.065598
6.004	0.112497
6.005	0.135047
6.006	0.135231
6.007	0.125027
6.008	0.112466
6.009	0.096239
6.01	0.072713
6.011	0.045457
6.012	0.023711
6.013	0.012667
6.014	0.010064
6.015	0.010838
6.016	0.0114
6.017	0.010786
6.018	0.010163
6.019	0.01127
6.02	0.014188
6.021	0.016271
6.022	0.013914
6.023	0.005784
6.024	-0.005795
6.025	-0.016723
6.026	-0.024139
6.027	-0.027458
6.028	-0.027474
6.029	-0.025637
6.03	-0.023135
6.031	-0.019427
6.032	-0.013548
6.033	-0.007243
6.034	-0.004071
6.035	-0.005374
6.036	-0.009029
6.037	-0.011942
6.038	-0.012801
6.039	-0.01253
6.04	-0.012853
6.041	-0.014756
6.042	-0.018402
6.043	-0.023808
6.044	-0.030502
6.045	-0.036737
6.046	-0.03981
6.047	-0.037216
6.048	-0.028171
6.049	-0.015195
6.05	-0.003414
6.051	0.003052
6.052	0.003105
6.053	-0.002558
6.054	-0.012005
6.055	-0.02176
6.056	-0.02821
6.057	-0.02955
6.058	-0.026037
6.059	-0.018925
6.06	-0.009867
6.061	-0.001246
6.062	0.003798
6.063	0.002816
6.064	-0.004004
6.065	-0.013803
6.066	-0.022986
6.067	-0.028902
6.068	-0.030579
6.069	-0.028932
6.07	-0.025796
6.071	-0.022091
6.072	-0.01811
6.073	-0.015412
6.074	-0.01577
6.075	-0.018646
6.076	-0.021743
6.077	-0.023372
6.078	-0.023414
6.079	-0.022683
6.08	-0.021766
6.081	-0.020484
6.082	-0.018715
6.083	-0.01733
6.084	-0.017661
6.085	-0.020267
6.086	-0.024184
6.087	-0.027133
6.088	-0.027018
6.089	-0.023829
6.09	-0.019558
6.091	-0.01576
6.092	-0.012817
6.093	-0.011682
6.094	-0.013339
6.095	-0.01676
6.096	-0.019773
6.097	-0.021353
6.098	-0.021968
6.099	-0.022537
6.1	-0.024049
6.101	-0.027606
6.102	-0.032475
6.103	-0.032249
6.104	-0.015572
6.105	0.023676
6.106	0.076034
6.107	0.12094
6.108	0.143657
6.109	0.145405
6.11	0.13709
6.111	0.12668
6.112	0.112768
6.113	0.089
6.114	0.054993
6.115	0.020634
6.116	-0.00201
6.117	-0.008567
6.118	-0.003767
6.119	0.004185
6.12	0.009485
6.121	0.010505
6.122	0.008046
6.123	0.003229
6.124	-0.003428
6.125	-0.011642
6.126	-0.020134
6.127	-0.026289
6.128	-0.027857
6.129	-0.025231
6.13	-0.02102
6.131	-0.016603
6.132	-0.011308
6.133	-0.005551
6.134	-0.001539
6.135	-0.000715
6.136	-0.002679
6.137	-0.006157
6.138	-0.009826
6.139	-0.01211
6.14	-0.01109
6.141	-0.006085
6.142	0.000425
6.143	0.003467
6.144	-0.001131
6.145	-0.013618
6.146	-0.029651
6.147	-0.042259
6.148	-0.045555
6.149	-0.038512
6.15	-0.025294
6.151	-0.011364
6.152	-0.000909
6.153	0.002781
6.154	-0.001574
6.155	-0.011494
6.156	-0.022255
6.157	-0.030179
6.158	-0.03379
6.159	-0.032347
6.16	-0.025153
6.161	-0.01331
6.162	-0.000966
6.163	0.006337
6.164	0.004908
6.165	-0.00481
6.166	-0.018389
6.167	-0.0299
6.168	-0.035403
6.169	-0.035419
6.17	-0.033691
6.171	-0.032708
6.172	-0.032132
6.173	-0.031446
6.174	-0.030948
6.175	-0.030509
6.176	-0.029548
6.177	-0.027761
6.178	-0.02495
6.179	-0.020429
6.18	-0.013422
6.181	-0.004517
6.182	0.003428
6.183	0.00615
6.184	0.000617
6.185	-0.012401
6.186	-0.028282
6.187	-0.040994
6.188	-0.0463
6.189	-0.044104
6.19	-0.037778
6.191	-0.030918
6.192	-0.025956
6.193	-0.02496
6.194	-0.028631
6.195	-0.034968
6.196	-0.040651
6.197	-0.043196
6.198	-0.041415
6.199	-0.035073
6.2	-0.025598
6.201	-0.017112
6.202	-0.014573
6.203	-0.017812
6.204	-0.016653
6.205	0.00389
6.206	0.048623
6.207	0.103486
6.208	0.14549
6.209	0.160686
6.21	0.151452
6.211	0.129167
6.212	0.101923
6.213	0.069959
6.214	0.032893
6.215	-0.002476
6.216	-0.025017
6.217	-0.028649
6.218	-0.017144
6.219	-0.00044
6.22	0.012445
6.221	0.01766
6.222	0.0161
6.223	0.010415
6.224	0.002563
6.225	-0.006462
6.226	-0.015266
6.227	-0.021382
6.228	-0.02288
6.229	-0.020395
6.23	-0.015439
6.231	-0.005804
6.232	0.014085
6.233	0.046153
6.234	0.084523
6.235	0.118885
6.236	0.13994
6.237	0.142494
6.238	0.12639
6.239	0.095992
6.24	0.058374
6.241	0.021223
6.242	-0.008938
6.243	-0.028803
6.244	-0.039795
6.245	-0.046743
6.246	-0.053663
6.247	-0.060525
6.248	-0.064409
6.249	-0.063406
6.25	-0.058339
6.251	-0.050887
6.252	-0.042675
6.253	-0.0367
6.254	-0.036208
6.255	-0.041375
6.256	-0.048822
6.257	-0.054071
6.258	-0.054124
6.259	-0.048861
6.26	-0.040704
6.261	-0.032928
6.262	-0.028
6.263	-0.027003
6.264	-0.030049
6.265	-0.036514
6.266	-0.04424
6.267	-0.049536
6.268	-0.049527
6.269	-0.044581
6.27	-0.036727
6.271	-0.024784
6.272	-0.004036
6.273	0.027211
6.274	0.063437
6.275	0.094879
6.276	0.112616
6.277	0.111992
6.278	0.093911
6.279	0.063803
6.28	0.029215
6.281	-0.002643
6.282	-0.026802
6.283	-0.041841
6.284	-0.050184
6.285	-0.055925
6.286	-0.061006
6.287	-0.063873
6.288	-0.06222
6.289	-0.056813
6.29	-0.051999
6.291	-0.052021
6.292	-0.058166
6.293	-0.069294
6.294	-0.082275
6.295	-0.092427
6.296	-0.095953
6.297	-0.091984
6.298	-0.082617
6.299	-0.071921
6.3	-0.063791
6.301	-0.058051
6.302	-0.047062
6.303	-0.018895
6.304	0.030555
6.305	0.088302
6.306	0.132193
6.307	0.14946
6.308	0.144709
6.309	0.130157
6.31	0.11304
6.311	0.095228
6.312	0.080175
6.313	0.074427
6.314	0.08246
6.315	0.101511
6.316	0.121805
6.317	0.132215
6.318	0.126085
6.319	0.103712
6.32	0.071491
6.321	0.038372
6.322	0.011376
6.323	-0.007437
6.324	-0.020636
6.325	-0.031557
6.326	-0.04048
6.327	-0.044689
6.328	-0.04202
6.329	-0.034351
6.33	-0.0271
6.331	-0.024716
6.332	-0.028346
6.333	-0.037467
6.334	-0.05033
6.335	-0.063276
6.336	-0.072038
6.337	-0.073475
6.338	-0.066107
6.339	-0.05047
6.34	-0.030192
6.341	-0.012119
6.342	-0.003259
6.343	-0.0066
6.344	-0.019953
6.345	-0.038015
6.346	-0.054816
6.347	-0.065278
6.348	-0.066744
6.349	-0.060116
6.35	-0.047547
6.351	-0.027827
6.352	0.002475
6.353	0.041628
6.354	0.080041
6.355	0.106324
6.356	0.114593
6.357	0.10613
6.358	0.085795
6.359	0.058314
6.36	0.027691
6.361	-0.001431
6.362	-0.024041
6.363	-0.037977
6.364	-0.045774
6.365	-0.051576
6.366	-0.05667
6.367	-0.058824
6.368	-0.05576
6.369	-0.048975
6.37	-0.043365
6.371	-0.042934
6.372	-0.048748
6.373	-0.060445
6.374	-0.07643
6.375	-0.092874
6.376	-0.104658
6.377	-0.107424
6.378	-0.098969
6.379	-0.0801
6.38	-0.055212
6.381	-0.031514
6.382	-0.016124
6.383	-0.012663
6.384	-0.019919
6.385	-0.033079
6.386	-0.045986
6.387	-0.053384
6.388	-0.053214
6.389	-0.047704
6.39	-0.040165
6.391	-0.029377
6.392	-0.010147
6.393	0.018885
6.394	0.051191
6.395	0.077008
6.396	0.089713
6.397	0.087666
6.398	0.072013
6.399	0.044246
6.4	0.00692
6.401	-0.032269
6.402	-0.058114
6.403	-0.053082
6.404	-0.009702
6.405	0.05898
6.406	0.124229
6.407	0.161851
6.408	0.16782
6.409	0.153773
6.41	0.131205
6.411	0.102557
6.412	0.064513
6.413	0.016806
6.414	-0.032218
6.415	-0.06912
6.416	-0.084508
6.417	-0.078001
6.418	-0.055921
6.419	-0.026685
6.42	0.001786
6.421	0.022823
6.422	0.031828
6.423	0.027608
6.424	0.012979
6.425	-0.006296
6.426	-0.023458
6.427	-0.032956
6.428	-0.032813
6.429	-0.025609
6.43	-0.015491
6.431	-0.002909
6.432	0.015353
6.433	0.039853
6.434	0.065586
6.435	0.085846
6.436	0.0963
6.437	0.09563
6.438	0.084155
6.439	0.062866
6.44	0.034586
6.441	0.005575
6.442	-0.016453
6.443	-0.027723
6.444	-0.031584
6.445	-0.035269
6.446	-0.043037
6.447	-0.05273
6.448	-0.058747
6.449	-0.057793
6.45	-0.051293
6.451	-0.042755
6.452	-0.035671
6.453	-0.034277
6.454	-0.042097
6.455	-0.058248
6.456	-0.076779
6.457	-0.089769
6.458	-0.091278
6.459	-0.0798
6.46	-0.058522
6.461	-0.034176
6.462	-0.014786
6.463	-0.006373
6.464	-0.010354
6.465	-0.023183
6.466	-0.038146
6.467	-0.048613
6.468	-0.05122
6.469	-0.047119
6.47	-0.039422
6.471	-0.028462
6.472	-0.011923
6.473	0.009752
6.474	0.031913
6.475	0.049448
6.476	0.05922
6.477	0.059736
6.478	0.050309
6.479	0.031326
6.48	0.005718
6.481	-0.020439
6.482	-0.040031
6.483	-0.049117
6.484	-0.049748
6.485	-0.047682
6.486	-0.046824
6.487	-0.046672
6.488	-0.045361
6.489	-0.044497
6.49	-0.049041
6.491	-0.060229
6.492	-0.069633
6.493	-0.06261
6.494	-0.029733
6.495	0.022698
6.496	0.075293
6.497	0.111376
6.498	0.128387
6.499	0.133737
6.5	0.132971
6.501	0.12369
6.502	0.100853
6.503	0.066241
6.504	0.030265
6.505	0.004576
6.506	-0.005612
6.507	-0.002827
6.508	0.006263
6.509	0.014811
6.51	0.019231
6.511	0.021951
6.512	0.029141
6.513	0.043897
6.514	0.063001
6.515	0.079849
6.516	0.089035
6.517	0.088746
6.518	0.079965
6.519	0.064595
6.52	0.044912
6.521	0.024433
6.522	0.007936
6.523	-0.001364
6.524	-0.004749
6.525	-0.00654
6.526	-0.009511
6.527	-0.012612
6.528	-0.013415
6.529	-0.012324
6.53	-0.013018
6.531	-0.018449
6.532	-0.028906
6.533	-0.043958
6.534	-0.062828
6.535	-0.082463
6.536	-0.097478
6.537	-0.102974
6.538	-0.097564
6.539	-0.084006
6.54	-0.067169
6.541	-0.051073
6.542	-0.037191
6.543	-0.025042
6.544	-0.013855
6.545	-0.003764
6.546	0.004041
6.547	0.008155
6.548	0.007801
6.549	0.002863
6.55	-0.005167
6.551	-0.011252
6.552	-0.00884
6.553	0.003998
6.554	0.022422
6.555	0.039172
6.556	0.04929
6.557	0.051158
6.558	0.045121
6.559	0.032082
6.56	0.01346
6.561	-0.007516
6.562	-0.025591
6.563	-0.03645
6.564	-0.040129
6.565	-0.04045
6.566	-0.040933
6.567	-0.041864
6.568	-0.041641
6.569	-0.040363
6.57	-0.040605
6.571	-0.044462
6.572	-0.052316
6.573	-0.064539
6.574	-0.080857
6.575	-0.097936
6.576	-0.110171
6.577	-0.113049
6.578	-0.105556
6.579	-0.090184
6.58	-0.071127
6.581	-0.052316
6.582	-0.036762
6.583	-0.026637
6.584	-0.022901
6.585	-0.024697
6.586	-0.029233
6.587	-0.03281
6.588	-0.033163
6.589	-0.031155
6.59	-0.028731
6.591	-0.024291
6.592	-0.012752
6.593	0.007842
6.594	0.032504
6.595	0.053074
6.596	0.063668
6.597	0.062623
6.598	0.051264
6.599	0.032085
6.6	0.008366
6.601	-0.015163
6.602	-0.032998
6.603	-0.041814
6.604	-0.04297
6.605	-0.041175
6.606	-0.040139
6.607	-0.040044
6.608	-0.039317
6.609	-0.038092
6.61	-0.038983
6.611	-0.044326
6.612	-0.054733
6.613	-0.070376
6.614	-0.090199
6.615	-0.109812
6.616	-0.12281
6.617	-0.124271
6.618	-0.113027
6.619	-0.091948
6.62	-0.066493
6.621	-0.042442
6.622	-0.024066
6.623	-0.013306
6.624	-0.010084
6.625	-0.012786
6.626	-0.0183
6.627	-0.023007
6.628	-0.025323
6.629	-0.027218
6.63	-0.031281
6.631	-0.035119
6.632	-0.03174
6.633	-0.01734
6.634	0.004184
6.635	0.024536
6.636	0.036283
6.637	0.035802
6.638	0.023587
6.639	0.003056
6.64	-0.020631
6.641	-0.041694
6.642	-0.055605
6.643	-0.061316
6.644	-0.061847
6.645	-0.061661
6.646	-0.062902
6.647	-0.064511
6.648	-0.064921
6.649	-0.065294
6.65	-0.0693
6.651	-0.07936
6.652	-0.095116
6.653	-0.115122
6.654	-0.136629
6.655	-0.154625
6.656	-0.163742
6.657	-0.160961
6.658	-0.146697
6.659	-0.124271
6.66	-0.09862
6.661	-0.07494
6.662	-0.05721
6.663	-0.047053
6.664	-0.043868
6.665	-0.045706
6.666	-0.04971
6.667	-0.051671
6.668	-0.044977
6.669	-0.020948
6.67	0.026937
6.671	0.095784
6.672	0.169185
6.673	0.22445
6.674	0.248342
6.675	0.24478
6.676	0.226505
6.677	0.20133
6.678	0.167288
6.679	0.120668
6.68	0.066901
6.681	0.020865
6.682	-0.003926
6.683	-0.00573
6.684	0.005417
6.685	0.016895
6.686	0.022012
6.687	0.021081
6.688	0.016926
6.689	0.010371
6.69	0.000192
6.691	-0.013688
6.692	-0.029954
6.693	-0.048199
6.694	-0.067744
6.695	-0.085034
6.696	-0.094784
6.697	-0.093256
6.698	-0.079943
6.699	-0.057275
6.7	-0.029888
6.701	-0.003724
6.702	0.015823
6.703	0.025931
6.704	0.026964
6.705	0.021656
6.706	0.013755
6.707	0.006508
6.708	0.001003
6.709	-0.004401
6.71	-0.010928
6.711	-0.014664
6.712	-0.008285
6.713	0.010837
6.714	0.036917
6.715	0.060445
6.716	0.074426
6.717	0.076358
6.718	0.06676
6.719	0.047605
6.72	0.022282
6.721	-0.00348
6.722	-0.022509
6.723	-0.030385
6.724	-0.028894
6.725	-0.024212
6.726	-0.021657
6.727	-0.022423
6.728	-0.024984
6.729	-0.028729
6.73	-0.034994
6.731	-0.044817
6.732	-0.058125
6.733	-0.074955
6.734	-0.09438
6.735	-0.112584
6.736	-0.124104
6.737	-0.124673
6.738	-0.112863
6.739	-0.090658
6.74	-0.063297
6.741	-0.037526
6.742	-0.018631
6.743	-0.008453
6.744	-0.005827
6.745	-0.008469
6.746	-0.014138
6.747	-0.02079
6.748	-0.027088
6.749	-0.03292
6.75	-0.037728
6.751	-0.037573
6.752	-0.026912
6.753	-0.005168
6.754	0.021285
6.755	0.044285
6.756	0.058618
6.757	0.062299
6.758	0.054657
6.759	0.035544
6.76	0.007305
6.761	-0.02295
6.762	-0.045747
6.763	-0.055721
6.764	-0.053938
6.765	-0.041346
6.766	-0.011343
6.767	0.045223
6.768	0.123696
6.769	0.198355
6.77	0.238267
6.771	0.230748
6.772	0.186101
6.773	0.122627
6.774	0.053444
6.775	-0.013339
6.776	-0.068537
6.777	-0.10089
6.778	-0.103345
6.779	-0.079102
6.78	-0.040455
6.781	-0.002027
6.782	0.025768
6.783	0.039357
6.784	0.040458
6.785	0.032888
6.786	0.02053
6.787	0.006633
6.788	-0.006619
6.789	-0.018185
6.79	-0.02635
6.791	-0.026055
6.792	-0.011674
6.793	0.015718
6.794	0.047486
6.795	0.07414
6.796	0.090327
6.797	0.094648
6.798	0.087482
6.799	0.070095
6.8	0.045784
6.801	0.020828
6.802	0.00277
6.803	-0.003906
6.804	-0.001384
6.805	0.003074
6.806	0.003271
6.807	-0.001662
6.808	-0.008818
6.809	-0.016331
6.81	-0.025361
6.811	-0.037171
6.812	-0.051124
6.813	-0.066253
6.814	-0.081459
6.815	-0.094169
6.816	-0.10101
6.817	-0.099603
6.818	-0.089404
6.819	-0.071717
6.82	-0.049644
6.821	-0.027811
6.822	-0.010864
6.823	-0.00152
6.824	6.7e-05
6.825	-0.004269
6.826	-0.01156
6.827	-0.018801
6.828	-0.024315
6.829	-0.028606
6.83	-0.032472
6.831	-0.033181
6.832	-0.025533
6.833	-0.007962
6.834	0.015371
6.835	0.037908
6.836	0.053853
6.837	0.059442
6.838	0.053058
6.839	0.035335
6.84	0.010025
6.841	-0.015611
6.842	-0.03312
6.843	-0.037999
6.844	-0.033185
6.845	-0.026319
6.846	-0.023251
6.847	-0.024518
6.848	-0.02763
6.849	-0.031889
6.85	-0.039458
6.851	-0.051427
6.852	-0.065904
6.853	-0.0806
6.854	-0.094094
6.855	-0.104623
6.856	-0.109782
6.857	-0.107523
6.858	-0.097164
6.859	-0.079522
6.86	-0.056644
6.861	-0.031944
6.862	-0.010045
6.863	0.004594
6.864	0.009723
6.865	0.006467
6.866	-0.001307
6.867	-0.00903
6.868	-0.013875
6.869	-0.016133
6.87	-0.017023
6.871	-0.014447
6.872	-0.003887
6.873	0.015436
6.874	0.038303
6.875	0.057279
6.876	0.066474
6.877	0.062873
6.878	0.047008
6.879	0.023107
6.88	-0.002594
6.881	-0.024127
6.882	-0.037048
6.883	-0.039808
6.884	-0.035096
6.885	-0.028422
6.886	-0.024165
6.887	-0.023034
6.888	-0.023576
6.889	-0.025809
6.89	-0.0319
6.891	-0.043088
6.892	-0.058603
6.893	-0.077804
6.894	-0.099791
6.895	-0.119579
6.896	-0.125551
6.897	-0.102504
6.898	-0.042262
6.899	0.044485
6.9	0.129312
6.901	0.18409
6.902	0.199376
6.903	0.185689
6.904	0.159805
6.905	0.131138
6.906	0.099573
6.907	0.063771
6.908	0.028501
6.909	0.002513
6.91	-0.008047
6.911	-0.001712
6.912	0.019297
6.913	0.048686
6.914	0.077456
6.915	0.097918
6.916	0.105812
6.917	0.099949
6.918	0.081911
6.919	0.05587
6.92	0.027784
6.921	0.004123
6.922	-0.010076
6.923	-0.013539
6.924	-0.009424
6.925	-0.002972
6.926	0.002214
6.927	0.00578
6.928	0.008658
6.929	0.010032
6.93	0.007202
6.931	-0.00145
6.932	-0.015324
6.933	-0.033369
6.934	-0.053923
6.935	-0.07325
6.936	-0.086967
6.937	-0.092711
6.938	-0.090694
6.939	-0.08229
6.94	-0.06859
6.941	-0.050607
6.942	-0.030784
6.943	-0.013332
6.944	-0.002279
6.945	0.001083
6.946	-0.000818
6.947	-0.003634
6.948	-0.004657
6.949	-0.004857
6.95	-0.006335
6.951	-0.006865
6.952	0.000302
6.953	0.019024
6.954	0.045019
6.955	0.068582
6.956	0.080557
6.957	0.076565
6.958	0.058039
6.959	0.030708
6.96	0.002105
6.961	-0.021051
6.962	-0.03508
6.963	-0.040305
6.964	-0.040214
6.965	-0.038693
6.966	-0.037225
6.967	-0.034967
6.968	-0.031439
6.969	-0.028849
6.97	-0.031243
6.971	-0.040769
6.972	-0.056299
6.973	-0.075662
6.974	-0.096316
6.975	-0.114485
6.976	-0.126262
6.977	-0.129309
6.978	-0.123121
6.979	-0.108501
6.98	-0.087465
6.981	-0.063636
6.982	-0.041661
6.983	-0.02539
6.984	-0.016441
6.985	-0.013795
6.986	-0.014306
6.987	-0.014543
6.988	-0.013339
6.989	-0.012752
6.99	-0.014839
6.991	-0.016497
6.992	-0.010984
6.993	0.004089
6.994	0.025117
6.995	0.050567
6.996	0.086832
6.997	0.141388
6.998	0.207981
6.999	0.262853
7.0	0.281639
7.001	0.259676
7.002	0.21313
7.003	0.161689
7.004	0.113187
7.005	0.06514
7.006	0.017542
7.007	-0.020198
7.008	-0.036558
7.009	-0.030415
7.01	-0.013586
7.011	-0.001046
7.012	-0.001515
7.013	-0.015866
7.014	-0.038999
7.015	-0.062887
7.016	-0.080664
7.017	-0.088714
7.018	-0.086056
7.019	-0.073458
7.02	-0.053689
7.021	-0.031781
7.022	-0.013321
7.023	-0.001559
7.024	0.003841
7.025	0.005627
7.026	0.006976
7.027	0.009928
7.028	0.014192
7.029	0.016981
7.03	0.016346
7.031	0.016277
7.032	0.024978
7.033	0.04586
7.034	0.07288
7.035	0.095114
7.036	0.103918
7.037	0.096438
7.038	0.075033
7.039	0.045213
7.04	0.013736
7.041	-0.012766
7.042	-0.029261
7.043	-0.034448
7.044	-0.031547
7.045	-0.025767
7.046	-0.020713
7.047	-0.017006
7.048	-0.013845
7.049	-0.011777
7.05	-0.013201
7.051	-0.020067
7.052	-0.032958
7.053	-0.051912
7.054	-0.075354
7.055	-0.098826
7.056	-0.116541
7.057	-0.12389
7.058	-0.118693
7.059	-0.101566
7.06	-0.076248
7.061	-0.049332
7.062	-0.028191
7.063	-0.017498
7.064	-0.016832
7.065	-0.021489
7.066	-0.025778
7.067	-0.026225
7.068	-0.023112
7.069	-0.019589
7.07	-0.017697
7.071	-0.01408
7.072	-0.002149
7.073	0.019938
7.074	0.045975
7.075	0.066643
7.076	0.075574
7.077	0.071188
7.078	0.055185
7.079	0.030748
7.08	0.002485
7.081	-0.022947
7.082	-0.038902
7.083	-0.043105
7.084	-0.03921
7.085	-0.033435
7.086	-0.029671
7.087	-0.027538
7.088	-0.024878
7.089	-0.021629
7.09	-0.020668
7.091	-0.025112
7.092	-0.036457
7.093	-0.054941
7.094	-0.078716
7.095	-0.102624
7.096	-0.119971
7.097	-0.125788
7.098	-0.118355
7.099	-0.098992
7.1	-0.071793
7.101	-0.043443
7.102	-0.021445
7.103	-0.010532
7.104	-0.01027
7.105	-0.016104
7.106	-0.022285
7.107	-0.024583
7.108	-0.02194
7.109	-0.016357
7.11	-0.010057
7.111	-0.001836
7.112	0.011418
7.113	0.028856
7.114	0.045121
7.115	0.055784
7.116	0.060018
7.117	0.058309
7.118	0.049777
7.119	0.032665
7.12	0.007827
7.121	-0.018802
7.122	-0.038675
7.123	-0.046475
7.124	-0.043726
7.125	-0.03647
7.126	-0.029519
7.127	-0.023592
7.128	-0.017521
7.129	-0.011891
7.13	-0.009567
7.131	-0.012785
7.132	-0.021985
7.133	-0.037428
7.134	-0.058445
7.135	-0.081055
7.136	-0.098537
7.137	-0.104456
7.138	-0.095711
7.139	-0.074065
7.14	-0.045506
7.141	-0.018235
7.142	0.000104
7.143	0.005599
7.144	-9.2e-05
7.145	-0.01074
7.146	-0.018923
7.147	-0.019937
7.148	-0.01394
7.149	-0.005115
7.15	0.002573
7.151	0.010376
7.152	0.023108
7.153	0.041656
7.154	0.061033
7.155	0.075922
7.156	0.084958
7.157	0.08904
7.158	0.086264
7.159	0.070987
7.16	0.042969
7.161	0.01947
7.162	0.031446
7.163	0.09785
7.164	0.203215
7.165	0.306217
7.166	0.369969
7.167	0.381931
7.168	0.348984
7.169	0.280655
7.17	0.183038
7.171	0.068815
7.172	-0.0371
7.173	-0.109922
7.174	-0.140644
7.175	-0.138314
7.176	-0.119996
7.177	-0.098904
7.178	-0.079393
7.179	-0.059696
7.18	-0.037924
7.181	-0.016404
7.182	-0.00119
7.183	0.002402
7.184	-0.005795
7.185	-0.019981
7.186	-0.031802
7.187	-0.035249
7.188	-0.029648
7.189	-0.019118
7.19	-0.008074
7.191	0.003997
7.192	0.021201
7.193	0.044279
7.194	0.06799
7.195	0.085197
7.196	0.091425
7.197	0.086076
7.198	0.070998
7.199	0.048809
7.2	0.022513
7.201	-0.003833
7.202	-0.025293
7.203	-0.038516
7.204	-0.043973
7.205	-0.044619
7.206	-0.04273
7.207	-0.038762
7.208	-0.033007
7.209	-0.027725
7.21	-0.026281
7.211	-0.029873
7.212	-0.037495
7.213	-0.048982
7.214	-0.065004
7.215	-0.084075
7.216	-0.101139
7.217	-0.109277
7.218	-0.103678
7.219	-0.085325
7.22	-0.061366
7.221	-0.04134
7.222	-0.03173
7.223	-0.032646
7.224	-0.038876
7.225	-0.044265
7.226	-0.04557
7.227	-0.04288
7.228	-0.037873
7.229	-0.032354
7.23	-0.026558
7.231	-0.017324
7.232	-0.000362
7.233	0.023962
7.234	0.049233
7.235	0.067727
7.236	0.07502
7.237	0.070748
7.238	0.056822
7.239	0.035524
7.24	0.009112
7.241	-0.018771
7.242	-0.04227
7.243	-0.055914
7.244	-0.05868
7.245	-0.054599
7.246	-0.048847
7.247	-0.043726
7.248	-0.039004
7.249	-0.035321
7.25	-0.034921
7.251	-0.038719
7.252	-0.046149
7.253	-0.057917
7.254	-0.072854
7.255	-0.080861
7.256	-0.06573
7.257	-0.020409
7.258	0.042392
7.259	0.099388
7.26	0.135769
7.261	0.152076
7.262	0.154925
7.263	0.147001
7.264	0.127637
7.265	0.099831
7.266	0.073066
7.267	0.057312
7.268	0.05459
7.269	0.057841
7.27	0.058942
7.271	0.057849
7.272	0.061858
7.273	0.075858
7.274	0.096967
7.275	0.1177
7.276	0.130546
7.277	0.13088
7.278	0.118406
7.279	0.09646
7.28	0.070435
7.281	0.046675
7.282	0.031045
7.283	0.026533
7.284	0.030823
7.285	0.037062
7.286	0.040032
7.287	0.041889
7.288	0.048965
7.289	0.062437
7.29	0.074603
7.291	0.075495
7.292	0.061227
7.293	0.035364
7.294	0.005091
7.295	-0.022658
7.296	-0.042796
7.297	-0.051789
7.298	-0.047842
7.299	-0.031645
7.3	-0.005797
7.301	0.02583
7.302	0.056833
7.303	0.07801
7.304	0.081906
7.305	0.069498
7.306	0.051124
7.307	0.038604
7.308	0.03624
7.309	0.039595
7.31	0.042791
7.311	0.047065
7.312	0.05985
7.313	0.08434
7.314	0.113568
7.315	0.135776
7.316	0.143013
7.317	0.134473
7.318	0.114087
7.319	0.087044
7.32	0.058465
7.321	0.033292
7.322	0.015435
7.323	0.0061
7.324	0.003388
7.325	0.004309
7.326	0.006945
7.327	0.010697
7.328	0.015162
7.329	0.018732
7.33	0.018731
7.331	0.013469
7.332	0.002582
7.333	-0.014001
7.334	-0.034277
7.335	-0.052497
7.336	-0.061838
7.337	-0.058447
7.338	-0.043102
7.339	-0.020082
7.34	0.005015
7.341	0.026869
7.342	0.04164
7.343	0.048059
7.344	0.047691
7.345	0.044047
7.346	0.041007
7.347	0.041027
7.348	0.043643
7.349	0.045362
7.35	0.043317
7.351	0.040871
7.352	0.046352
7.353	0.063797
7.354	0.087192
7.355	0.103714
7.356	0.100505
7.357	0.069581
7.358	0.009615
7.359	-0.074351
7.36	-0.172048
7.361	-0.268555
7.362	-0.34547
7.363	-0.387667
7.364	-0.394324
7.365	-0.381866
7.366	-0.371304
7.367	-0.369994
7.368	-0.364505
7.369	-0.329551
7.37	-0.244753
7.371	-0.109438
7.372	0.051041
7.373	0.194286
7.374	0.283716
7.375	0.307982
7.376	0.281908
7.377	0.23281
7.378	0.185689
7.379	0.155229
7.38	0.144488
7.381	0.14782
7.382	0.155984
7.383	0.1613
7.384	0.160916
7.385	0.156902
7.386	0.153383
7.387	0.152808
7.388	0.153661
7.389	0.151178
7.39	0.14228
7.391	0.131361
7.392	0.128388
7.393	0.139347
7.394	0.160588
7.395	0.182383
7.396	0.195689
7.397	0.195876
7.398	0.182561
7.399	0.158147
7.4	0.127371
7.401	0.097432
7.402	0.075761
7.403	0.065576
7.404	0.064126
7.405	0.065802
7.406	0.066411
7.407	0.064694
7.408	0.060618
7.409	0.05301
7.41	0.039901
7.411	0.021106
7.412	-0.001561
7.413	-0.02633
7.414	-0.050978
7.415	-0.071344
7.416	-0.082915
7.417	-0.083525
7.418	-0.074075
7.419	-0.057542
7.42	-0.037801
7.421	-0.018867
7.422	-0.004136
7.423	0.004788
7.424	0.00875
7.425	0.010035
7.426	0.010671
7.427	0.011406
7.428	0.011271
7.429	0.008144
7.43	0.001829
7.431	-0.002429
7.432	0.003237
7.433	0.020976
7.434	0.044368
7.435	0.063984
7.436	0.073339
7.437	0.070617
7.438	0.057293
7.439	0.035778
7.44	0.008621
7.441	-0.019701
7.442	-0.04168
7.443	-0.050121
7.444	-0.043797
7.445	-0.028979
7.446	-0.014549
7.447	-0.006016
7.448	-0.00425
7.449	-0.008498
7.45	-0.018298
7.451	-0.031872
7.452	-0.046192
7.453	-0.059992
7.454	-0.073486
7.455	-0.085507
7.456	-0.093422
7.457	-0.09479
7.458	-0.088343
7.459	-0.074716
7.46	-0.056916
7.461	-0.039521
7.462	-0.026496
7.463	-0.01912
7.464	-0.015998
7.465	-0.014891
7.466	-0.014374
7.467	-0.014502
7.468	-0.016528
7.469	-0.021573
7.47	-0.027871
7.471	-0.028598
7.472	-0.015939
7.473	0.010732
7.474	0.043346
7.475	0.071192
7.476	0.086164
7.477	0.08421
7.478	0.064851
7.479	0.031091
7.48	-0.008974
7.481	-0.041836
7.482	-0.054599
7.483	-0.045285
7.484	-0.025596
7.485	-0.007567
7.486	0.014227
7.487	0.060533
7.488	0.14217
7.489	0.240301
7.49	0.316174
7.491	0.338481
7.492	0.299316
7.493	0.210673
7.494	0.095021
7.495	-0.021771
7.496	-0.116564
7.497	-0.174174
7.498	-0.190032
7.499	-0.169822
7.5	-0.126677
7.501	-0.076778
7.502	-0.034391
7.503	-0.007874
7.504	0.00175
7.505	-0.001048
7.506	-0.010312
7.507	-0.021818
7.508	-0.033726
7.509	-0.045942
7.51	-0.058658
7.511	-0.070412
7.512	-0.079198
7.513	-0.085261
7.514	-0.089897
7.515	-0.092854
7.516	-0.09288
7.517	-0.08919
7.518	-0.081694
7.519	-0.070844
7.52	-0.057925
7.521	-0.045142
7.522	-0.034534
7.523	-0.02683
7.524	-0.021783
7.525	-0.01928
7.526	-0.019741
7.527	-0.023542
7.528	-0.030553
7.529	-0.040473
7.53	-0.05223
7.531	-0.062398
7.532	-0.067125
7.533	-0.066501
7.534	-0.064419
7.535	-0.064441
7.536	-0.067155
7.537	-0.07044
7.538	-0.071199
7.539	-0.067088
7.54	-0.057751
7.541	-0.045317
7.542	-0.033526
7.543	-0.025791
7.544	-0.023486
7.545	-0.025525
7.546	-0.029379
7.547	-0.032801
7.548	-0.035391
7.549	-0.038756
7.55	-0.044049
7.551	-0.049495
7.552	-0.052708
7.553	-0.054674
7.554	-0.058271
7.555	-0.064038
7.556	-0.069578
7.557	-0.071743
7.558	-0.06834
7.559	-0.058926
7.56	-0.045199
7.561	-0.030612
7.562	-0.018881
7.563	-0.012159
7.564	-0.010311
7.565	-0.011908
7.566	-0.015664
7.567	-0.020859
7.568	-0.027174
7.569	-0.034706
7.57	-0.043078
7.571	-0.049847
7.572	-0.051928
7.573	-0.049384
7.574	-0.045665
7.575	-0.044181
7.576	-0.045926
7.577	-0.0494
7.578	-0.051622
7.579	-0.049613
7.58	-0.042055
7.581	-0.030269
7.582	-0.017689
7.583	-0.007966
7.584	-0.003116
7.585	-0.003337
7.586	-0.007811
7.587	-0.014794
7.588	-0.021409
7.589	-0.024526
7.59	-0.0224
7.591	-0.015988
7.592	-0.009224
7.593	-0.004204
7.594	0.008817
7.595	0.051073
7.596	0.134996
7.597	0.244755
7.598	0.342486
7.599	0.392948
7.6	0.38103
7.601	0.312521
7.602	0.206426
7.603	0.087475
7.604	-0.019472
7.605	-0.094831
7.606	-0.129252
7.607	-0.125638
7.608	-0.096936
7.609	-0.060608
7.61	-0.031335
7.611	-0.015305
7.612	-0.0111
7.613	-0.015434
7.614	-0.025814
7.615	-0.039431
7.616	-0.052977
7.617	-0.063585
7.618	-0.0694
7.619	-0.069815
7.62	-0.065368
7.621	-0.057247
7.622	-0.046831
7.623	-0.035539
7.624	-0.025208
7.625	-0.018236
7.626	-0.01632
7.627	-0.018986
7.628	-0.023935
7.629	-0.029111
7.63	-0.033748
7.631	-0.036975
7.632	-0.037835
7.633	-0.03759
7.634	-0.039182
7.635	-0.044171
7.636	-0.051704
7.637	-0.059472
7.638	-0.06464
7.639	-0.064458
7.64	-0.057268
7.641	-0.044145
7.642	-0.029402
7.643	-0.018364
7.644	-0.01413
7.645	-0.016219
7.646	-0.021554
7.647	-0.026387
7.648	-0.028124
7.649	-0.026979
7.65	-0.025925
7.651	-0.027715
7.652	-0.032901
7.653	-0.040679
7.654	-0.049052
7.655	-0.055309
7.656	-0.058458
7.657	-0.059884
7.658	-0.060866
7.659	-0.06044
7.66	-0.05621
7.661	-0.047093
7.662	-0.034894
7.663	-0.023296
7.664	-0.015561
7.665	-0.012775
7.666	-0.013581
7.667	-0.015328
7.668	-0.015792
7.669	-0.014698
7.67	-0.013383
7.671	-0.012379
7.672	-0.011188
7.673	-0.010565
7.674	-0.012154
7.675	-0.016476
7.676	-0.022849
7.677	-0.02985
7.678	-0.035034
7.679	-0.035049
7.68	-0.027508
7.681	-0.013819
7.682	0.000354
7.683	0.008479
7.684	0.007679
7.685	0.0004
7.686	-0.007905
7.687	-0.012392
7.688	-0.011065
7.689	-0.005429
7.69	0.000829
7.691	0.004772
7.692	0.005036
7.693	0.000703
7.694	-0.007735
7.695	-0.017294
7.696	-0.024119
7.697	-0.025231
7.698	-0.019039
7.699	-0.006248
7.7	0.009654
7.701	0.026659
7.702	0.052421
7.703	0.104057
7.704	0.191682
7.705	0.300856
7.706	0.395834
7.707	0.441371
7.708	0.421015
7.709	0.339784
7.71	0.218312
7.711	0.086144
7.712	-0.027413
7.713	-0.102991
7.714	-0.134839
7.715	-0.12897
7.716	-0.099381
7.717	-0.062717
7.718	-0.032314
7.719	-0.014226
7.72	-0.007413
7.721	-0.007655
7.722	-0.011731
7.723	-0.018598
7.724	-0.02772
7.725	-0.037456
7.726	-0.045203
7.727	-0.048366
7.728	-0.045543
7.729	-0.037815
7.73	-0.028214
7.731	-0.019308
7.732	-0.012797
7.733	-0.010679
7.734	-0.013761
7.735	-0.01992
7.736	-0.025925
7.737	-0.029978
7.738	-0.031661
7.739	-0.030752
7.74	-0.027524
7.741	-0.024007
7.742	-0.023496
7.743	-0.02784
7.744	-0.035575
7.745	-0.043166
7.746	-0.047404
7.747	-0.046541
7.748	-0.040596
7.749	-0.031665
7.75	-0.022987
7.751	-0.016628
7.752	-0.013066
7.753	-0.012703
7.754	-0.015426
7.755	-0.019369
7.756	-0.022173
7.757	-0.023333
7.758	-0.024896
7.759	-0.029722
7.76	-0.038579
7.761	-0.048887
7.762	-0.056689
7.763	-0.059753
7.764	-0.058733
7.765	-0.055876
7.766	-0.052658
7.767	-0.048366
7.768	-0.041177
7.769	-0.030658
7.77	-0.018532
7.771	-0.006954
7.772	0.002181
7.773	0.006628
7.774	0.005452
7.775	0.000702
7.776	-0.004456
7.777	-0.0082
7.778	-0.010132
7.779	-0.010126
7.78	-0.008018
7.781	-0.004657
7.782	-0.002606
7.783	-0.004625
7.784	-0.011254
7.785	-0.02023
7.786	-0.027884
7.787	-0.030949
7.788	-0.027876
7.789	-0.019764
7.79	-0.010007
7.791	-0.001995
7.792	0.002292
7.793	0.001986
7.794	-0.001694
7.795	-0.005057
7.796	-0.004967
7.797	-0.001908
7.798	0.000564
7.799	-0.000921
7.8	-0.006655
7.801	-0.013968
7.802	-0.019926
7.803	-0.023407
7.804	-0.024607
7.805	-0.022996
7.806	-0.01648
7.807	-0.003681
7.808	0.013387
7.809	0.032356
7.81	0.059482
7.811	0.111644
7.812	0.199597
7.813	0.308309
7.814	0.401263
7.815	0.443961
7.816	0.421032
7.817	0.337872
7.818	0.214665
7.819	0.079791
7.82	-0.037276
7.821	-0.114845
7.822	-0.14582
7.823	-0.137668
7.824	-0.106472
7.825	-0.069324
7.826	-0.038392
7.827	-0.018447
7.828	-0.008209
7.829	-0.004482
7.83	-0.005491
7.831	-0.010472
7.832	-0.018447
7.833	-0.027956
7.834	-0.035873
7.835	-0.037896
7.836	-0.032397
7.837	-0.022668
7.838	-0.014777
7.839	-0.013486
7.84	-0.019601
7.841	-0.030297
7.842	-0.041247
7.843	-0.048753
7.844	-0.051125
7.845	-0.048882
7.846	-0.043675
7.847	-0.036968
7.848	-0.029895
7.849	-0.024305
7.85	-0.022363
7.851	-0.023991
7.852	-0.026684
7.853	-0.028239
7.854	-0.027503
7.855	-0.023814
7.856	-0.017818
7.857	-0.011898
7.858	-0.008873
7.859	-0.010151
7.86	-0.015152
7.861	-0.022333
7.862	-0.030062
7.863	-0.036556
7.864	-0.040023
7.865	-0.03977
7.866	-0.037206
7.867	-0.034982
7.868	-0.034822
7.869	-0.036473
7.87	-0.037957
7.871	-0.036567
7.872	-0.031643
7.873	-0.026012
7.874	-0.02237
7.875	-0.019776
7.876	-0.015629
7.877	-0.00964
7.878	-0.004547
7.879	-0.003241
7.88	-0.00623
7.881	-0.012097
7.882	-0.019051
7.883	-0.025165
7.884	-0.028229
7.885	-0.026777
7.886	-0.02122
7.887	-0.013439
7.888	-0.005655
7.889	-7e-05
7.89	0.002013
7.891	0.001772
7.892	0.001719
7.893	0.002819
7.894	0.004973
7.895	0.009302
7.896	0.017561
7.897	0.029091
7.898	0.038772
7.899	0.038976
7.9	0.025518
7.901	0.002443
7.902	-0.020139
7.903	-0.033183
7.904	-0.033617
7.905	-0.024251
7.906	-0.010837
7.907	0.001409
7.908	0.009889
7.909	0.014368
7.91	0.016001
7.911	0.01682
7.912	0.018398
7.913	0.021182
7.914	0.026691
7.915	0.037705
7.916	0.054107
7.917	0.07314
7.918	0.098504
7.919	0.144991
7.92	0.224385
7.921	0.324695
7.922	0.410267
7.923	0.445454
7.924	0.415981
7.925	0.331096
7.926	0.213665
7.927	0.090235
7.928	-0.015493
7.929	-0.087216
7.93	-0.118739
7.931	-0.113716
7.932	-0.083623
7.933	-0.044301
7.934	-0.009624
7.935	0.013621
7.936	0.024728
7.937	0.024834
7.938	0.01476
7.939	-0.004096
7.94	-0.027979
7.941	-0.050834
7.942	-0.066708
7.943	-0.072089
7.944	-0.066612
7.945	-0.052794
7.946	-0.034979
7.947	-0.017512
7.948	-0.003254
7.949	0.006629
7.95	0.012282
7.951	0.015085
7.952	0.016431
7.953	0.016274
7.954	0.014609
7.955	0.012937
7.956	0.012211
7.957	0.010805
7.958	0.005828
7.959	-0.003942
7.96	-0.016738
7.961	-0.029244
7.962	-0.038657
7.963	-0.043002
7.964	-0.040791
7.965	-0.031855
7.966	-0.018226
7.967	-0.003406
7.968	0.009423
7.969	0.018272
7.97	0.022441
7.971	0.022907
7.972	0.021158
7.973	0.017208
7.974	0.010716
7.975	0.002812
7.976	-0.005026
7.977	-0.012558
7.978	-0.020757
7.979	-0.031528
7.98	-0.047949
7.981	-0.073938
7.982	-0.111932
7.983	-0.159224
7.984	-0.207391
7.985	-0.247598
7.986	-0.276047
7.987	-0.291325
7.988	-0.286656
7.989	-0.249957
7.99	-0.174088
7.991	-0.065117
7.992	0.058277
7.993	0.172034
7.994	0.256546
7.995	0.302503
7.996	0.310152
7.997	0.286414
7.998	0.242745
7.999	0.193029
8.0	0.150058
8.001	0.121086
8.002	0.106243
8.003	0.101757
8.004	0.104248
8.005	0.111845
8.006	0.12264
8.007	0.133844
8.008	0.142609
8.009	0.146665
8.01	0.144786
8.011	0.137791
8.012	0.127796
8.013	0.116543
8.014	0.106151
8.015	0.099371
8.016	0.097072
8.017	0.096991
8.018	0.095846
8.019	0.092385
8.02	0.088318
8.021	0.086437
8.022	0.088244
8.023	0.093636
8.024	0.102038
8.025	0.112633
8.026	0.123534
8.027	0.131776
8.028	0.134552
8.029	0.130236
8.03	0.119259
8.031	0.104796
8.032	0.090719
8.033	0.078596
8.034	0.068471
8.035	0.060835
8.036	0.055881
8.037	0.052292
8.038	0.048114
8.039	0.042801
8.04	0.037833
8.041	0.034923
8.042	0.034322
8.043	0.035702
8.044	0.039724
8.045	0.04713
8.046	0.056497
8.047	0.064287
8.048	0.067387
8.049	0.064977
8.05	0.058513
8.051	0.05039
8.052	0.041399
8.053	0.030149
8.054	0.01662
8.055	0.004093
8.056	-0.003923
8.057	-0.006689
8.058	-0.005465
8.059	-0.001114
8.06	0.00634
8.061	0.015793
8.062	0.024281
8.063	0.029697
8.064	0.033376
8.065	0.038205
8.066	0.044638
8.067	0.0499
8.068	0.050744
8.069	0.045995
8.07	0.037136
8.071	0.02727
8.072	0.018357
8.073	0.009729
8.074	0.000719
8.075	-0.00707
8.076	-0.011492
8.077	-0.012223
8.078	-0.010464
8.079	-0.006912
8.08	-0.000825
8.081	0.008286
8.082	0.018531
8.083	0.026674
8.084	0.031281
8.085	0.033487
8.086	0.034951
8.087	0.036263
8.088	0.037026
8.089	0.0366
8.09	0.034707
8.091	0.031372
8.092	0.025679
8.093	0.015781
8.094	0.002088
8.095	-0.011264
8.096	-0.019662
8.097	-0.021319
8.098	-0.016943
8.099	-0.007545
8.1	0.006078
8.101	0.021526
8.102	0.034368
8.103	0.04164
8.104	0.04485
8.105	0.047529
8.106	0.050589
8.107	0.051662
8.108	0.048449
8.109	0.041295
8.11	0.032468
8.111	0.023779
8.112	0.014555
8.113	0.002344
8.114	-0.013017
8.115	-0.027404
8.116	-0.035728
8.117	-0.035817
8.118	-0.028591
8.119	-0.015942
8.12	0.000352
8.121	0.017717
8.122	0.032429
8.123	0.041961
8.124	0.046989
8.125	0.04944
8.126	0.049318
8.127	0.045311
8.128	0.038653
8.129	0.034888
8.13	0.041032
8.131	0.062164
8.132	0.102505
8.133	0.170027
8.134	0.273632
8.135	0.405335
8.136	0.526913
8.137	0.586886
8.138	0.556208
8.139	0.446845
8.14	0.299594
8.141	0.157201
8.142	0.045456
8.143	-0.027908
8.144	-0.064779
8.145	-0.07107
8.146	-0.05585
8.147	-0.030491
8.148	-0.005772
8.149	0.010993
8.15	0.016679
8.151	0.011102
8.152	-0.005335
8.153	-0.031992
8.154	-0.064673
8.155	-0.094567
8.156	-0.113004
8.157	-0.11633
8.158	-0.105989
8.159	-0.085486
8.16	-0.058449
8.161	-0.02936
8.162	-0.003888
8.163	0.013948
8.164	0.024472
8.165	0.030442
8.166	0.032885
8.167	0.030251
8.168	0.021306
8.169	0.00728
8.17	-0.008944
8.171	-0.024913
8.172	-0.040663
8.173	-0.058214
8.174	-0.077363
8.175	-0.093655
8.176	-0.101709
8.177	-0.098816
8.178	-0.085094
8.179	-0.061813
8.18	-0.031106
8.181	0.00214
8.182	0.030056
8.183	0.046478
8.184	0.051848
8.185	0.051432
8.186	0.04908
8.187	0.044497
8.188	0.036045
8.189	0.023616
8.19	0.008177
8.191	-0.010207
8.192	-0.033297
8.193	-0.061905
8.194	-0.090979
8.195	-0.110771
8.196	-0.114735
8.197	-0.103898
8.198	-0.083234
8.199	-0.056045
8.2	-0.023208
8.201	0.012428
8.202	0.043365
8.203	0.062039
8.204	0.067438
8.205	0.064627
8.206	0.058448
8.207	0.050013
8.208	0.038587
8.209	0.024162
8.21	0.007656
8.211	-0.010457
8.212	-0.03152
8.213	-0.057087
8.214	-0.084574
8.215	-0.106985
8.216	-0.11825
8.217	-0.116889
8.218	-0.10431
8.219	-0.081515
8.22	-0.049231
8.221	-0.011818
8.222	0.021122
8.223	0.040447
8.224	0.044756
8.225	0.03972
8.226	0.031186
8.227	0.02121
8.228	0.009723
8.229	-0.002939
8.23	-0.016119
8.231	-0.030698
8.232	-0.049968
8.233	-0.076289
8.234	-0.105655
8.235	-0.128423
8.236	-0.13635
8.237	-0.126645
8.238	-0.099974
8.239	-0.058258
8.24	-0.006016
8.241	0.049483
8.242	0.105258
8.243	0.169504
8.244	0.252658
8.245	0.347383
8.246	0.423858
8.247	0.449143
8.248	0.409179
8.249	0.313905
8.25	0.18754
8.251	0.055629
8.252	-0.062965
8.253	-0.155936
8.254	-0.213663
8.255	-0.230504
8.256	-0.210559
8.257	-0.168151
8.258	-0.119857
8.259	-0.075581
8.26	-0.03741
8.261	-0.006252
8.262	0.013587
8.263	0.018629
8.264	0.01211
8.265	0.001773
8.266	-0.00727
8.267	-0.015128
8.268	-0.023685
8.269	-0.033239
8.27	-0.043232
8.271	-0.054935
8.272	-0.072004
8.273	-0.096401
8.274	-0.123179
8.275	-0.142305
8.276	-0.146867
8.277	-0.13742
8.278	-0.118139
8.279	-0.091135
8.28	-0.056772
8.281	-0.019512
8.282	0.010117
8.283	0.02302
8.284	0.019758
8.285	0.008565
8.286	-0.003397
8.287	-0.014454
8.288	-0.025664
8.289	-0.037234
8.29	-0.048941
8.291	-0.06241
8.292	-0.08111
8.293	-0.106296
8.294	-0.132385
8.295	-0.149136
8.296	-0.14988
8.297	-0.135897
8.298	-0.112648
8.299	-0.083917
8.3	-0.051169
8.301	-0.01788
8.302	0.008548
8.303	0.021771
8.304	0.02216
8.305	0.015179
8.306	0.005329
8.307	-0.006149
8.308	-0.018793
8.309	-0.031284
8.31	-0.043157
8.311	-0.056617
8.312	-0.075456
8.313	-0.100574
8.314	-0.125808
8.315	-0.140936
8.316	-0.140203
8.317	-0.126007
8.318	-0.104107
8.319	-0.077399
8.32	-0.045968
8.321	-0.012826
8.322	0.013425
8.323	0.024803
8.324	0.021754
8.325	0.011818
8.326	0.001458
8.327	-0.00811
8.328	-0.018029
8.329	-0.02842
8.33	-0.039124
8.331	-0.052016
8.332	-0.07095
8.333	-0.097292
8.334	-0.124715
8.335	-0.141756
8.336	-0.141296
8.337	-0.125443
8.338	-0.101044
8.339	-0.072869
8.34	-0.042565
8.341	-0.013396
8.342	0.007452
8.343	0.014746
8.344	0.012251
8.345	0.010348
8.346	0.016279
8.347	0.028554
8.348	0.042084
8.349	0.059207
8.35	0.093442
8.351	0.156301
8.352	0.237666
8.353	0.305475
8.354	0.329264
8.355	0.300231
8.356	0.229489
8.357	0.135868
8.358	0.039235
8.359	-0.040254
8.36	-0.085667
8.361	-0.091715
8.362	-0.068777
8.363	-0.035139
8.364	-0.004901
8.365	0.015855
8.366	0.024989
8.367	0.021655
8.368	0.007622
8.369	-0.012511
8.37	-0.034363
8.371	-0.057125
8.372	-0.08375
8.373	-0.115762
8.374	-0.14688
8.375	-0.165222
8.376	-0.163262
8.377	-0.143243
8.378	-0.112807
8.379	-0.077679
8.38	-0.039948
8.381	-0.003189
8.382	0.02409
8.383	0.034362
8.384	0.029274
8.385	0.017796
8.386	0.006943
8.387	-0.00269
8.388	-0.013469
8.389	-0.026387
8.39	-0.041044
8.391	-0.058416
8.392	-0.081758
8.393	-0.11202
8.394	-0.14206
8.395	-0.159523
8.396	-0.15701
8.397	-0.137171
8.398	-0.10793
8.399	-0.074943
8.4	-0.039979
8.401	-0.006178
8.402	0.018723
8.403	0.028274
8.404	0.0247
8.405	0.016304
8.406	0.008524
8.407	0.000576
8.408	-0.009971
8.409	-0.022597
8.41	-0.035118
8.411	-0.04845
8.412	-0.067848
8.413	-0.0965
8.414	-0.127877
8.415	-0.14845
8.416	-0.149068
8.417	-0.131373
8.418	-0.103341
8.419	-0.071046
8.42	-0.036458
8.421	-0.002922
8.422	0.021358
8.423	0.029542
8.424	0.023882
8.425	0.013051
8.426	0.003032
8.427	-0.006338
8.428	-0.017075
8.429	-0.028948
8.43	-0.040897
8.431	-0.05486
8.432	-0.075801
8.433	-0.105475
8.434	-0.136267
8.435	-0.154866
8.436	-0.153257
8.437	-0.134189
8.438	-0.106048
8.439	-0.07465
8.44	-0.041622
8.441	-0.010074
8.442	0.012349
8.443	0.019695
8.444	0.01464
8.445	0.005345
8.446	-0.003156
8.447	-0.011545
8.448	-0.021487
8.449	-0.031926
8.45	-0.041242
8.451	-0.051033
8.452	-0.065337
8.453	-0.084332
8.454	-0.099767
8.455	-0.100016
8.456	-0.077955
8.457	-0.029148
8.458	0.053707
8.459	0.173731
8.46	0.31353
8.461	0.432319
8.462	0.486654
8.463	0.457617
8.464	0.360277
8.465	0.229765
8.466	0.099944
8.467	-0.007245
8.468	-0.080007
8.469	-0.113563
8.47	-0.112108
8.471	-0.091233
8.472	-0.073496
8.473	-0.075878
8.474	-0.098265
8.475	-0.125625
8.476	-0.141909
8.477	-0.140559
8.478	-0.123566
8.479	-0.095021
8.48	-0.058728
8.481	-0.021554
8.482	0.005602
8.483	0.0149
8.484	0.008839
8.485	-0.002814
8.486	-0.0125
8.487	-0.018828
8.488	-0.022798
8.489	-0.024388
8.49	-0.024597
8.491	-0.028914
8.492	-0.045821
8.493	-0.078989
8.494	-0.120226
8.495	-0.153148
8.496	-0.165204
8.497	-0.154856
8.498	-0.128045
8.499	-0.091034
8.5	-0.04866
8.501	-0.00839
8.502	0.01855
8.503	0.024632
8.504	0.013565
8.505	-0.003291
8.506	-0.017383
8.507	-0.027464
8.508	-0.034998
8.509	-0.037884
8.51	-0.02832
8.511	0.004721
8.512	0.068564
8.513	0.1591
8.514	0.25909
8.515	0.343137
8.516	0.385597
8.517	0.369075
8.518	0.290749
8.519	0.164422
8.52	0.017917
8.521	-0.1145
8.522	-0.203526
8.523	-0.235644
8.524	-0.217578
8.525	-0.171282
8.526	-0.122084
8.527	-0.086848
8.528	-0.068782
8.529	-0.061627
8.53	-0.05948
8.531	-0.06412
8.532	-0.083832
8.533	-0.123573
8.534	-0.17513
8.535	-0.219448
8.536	-0.23957
8.537	-0.229817
8.538	-0.194326
8.539	-0.140855
8.54	-0.078089
8.541	-0.018044
8.542	0.02379
8.543	0.036962
8.544	0.024954
8.545	0.00166
8.546	-0.02072
8.547	-0.037969
8.548	-0.050062
8.549	-0.054763
8.55	-0.045026
8.551	-0.01135
8.552	0.051456
8.553	0.137445
8.554	0.229172
8.555	0.303334
8.556	0.337712
8.557	0.317782
8.558	0.242643
8.559	0.127972
8.56	0.002941
8.561	-0.099664
8.562	-0.156121
8.563	-0.158786
8.564	-0.111571
8.565	-0.021203
8.566	0.101687
8.567	0.233893
8.568	0.341086
8.569	0.393134
8.57	0.376863
8.571	0.295185
8.572	0.160189
8.573	-0.007178
8.574	-0.173664
8.575	-0.300682
8.576	-0.361115
8.577	-0.350163
8.578	-0.282599
8.579	-0.182574
8.58	-0.075528
8.581	0.014174
8.582	0.066152
8.583	0.07283
8.584	0.045069
8.585	0.004095
8.586	-0.033078
8.587	-0.060089
8.588	-0.076806
8.589	-0.082166
8.59	-0.071038
8.591	-0.03597
8.592	0.027054
8.593	0.112211
8.594	0.202878
8.595	0.276899
8.596	0.313514
8.597	0.299426
8.598	0.233378
8.599	0.127809
8.6	0.006266
8.601	-0.103362
8.602	-0.178165
8.603	-0.208263
8.604	-0.199392
8.605	-0.168711
8.606	-0.135763
8.607	-0.11301
8.608	-0.101579
8.609	-0.095449
8.61	-0.091155
8.611	-0.094735
8.612	-0.118582
8.613	-0.168713
8.614	-0.234011
8.615	-0.290158
8.616	-0.314858
8.617	-0.298911
8.618	-0.245824
8.619	-0.165933
8.62	-0.073917
8.621	0.009869
8.622	0.06314
8.623	0.074252
8.624	0.051268
8.625	0.01497
8.626	-0.017225
8.627	-0.039547
8.628	-0.053327
8.629	-0.058455
8.63	-0.049333
8.631	-0.017021
8.632	0.043408
8.633	0.125394
8.634	0.211039
8.635	0.278312
8.636	0.308389
8.637	0.290335
8.638	0.223828
8.639	0.120245
8.64	0.001259
8.641	-0.106638
8.642	-0.181011
8.643	-0.211511
8.644	-0.202862
8.645	-0.17133
8.646	-0.136103
8.647	-0.109978
8.648	-0.094981
8.649	-0.086186
8.65	-0.081067
8.651	-0.086103
8.652	-0.113632
8.653	-0.169506
8.654	-0.242202
8.655	-0.306032
8.656	-0.336323
8.657	-0.321585
8.658	-0.264516
8.659	-0.176945
8.66	-0.076788
8.661	0.012558
8.662	0.067584
8.663	0.077188
8.664	0.050723
8.665	0.010371
8.666	-0.024319
8.667	-0.043811
8.668	-0.045411
8.669	-0.028529
8.67	0.008008
8.671	0.070022
8.672	0.169745
8.673	0.31575
8.674	0.49434
8.675	0.66178
8.676	0.761268
8.677	0.752987
8.678	0.632663
8.679	0.429711
8.68	0.193103
8.681	-0.025543
8.682	-0.186031
8.683	-0.268395
8.684	-0.275836
8.685	-0.230885
8.686	-0.165033
8.687	-0.105601
8.688	-0.066478
8.689	-0.048472
8.69	-0.048331
8.691	-0.067803
8.692	-0.113659
8.693	-0.187258
8.694	-0.273994
8.695	-0.346302
8.696	-0.378783
8.697	-0.360439
8.698	-0.295616
8.699	-0.198403
8.7	-0.088439
8.701	0.010159
8.702	0.073244
8.703	0.088696
8.704	0.065416
8.705	0.026185
8.706	-0.009205
8.707	-0.033223
8.708	-0.047035
8.709	-0.052237
8.71	-0.045664
8.711	-0.01968
8.712	0.031642
8.713	0.104579
8.714	0.183801
8.715	0.248014
8.716	0.27807
8.717	0.263008
8.718	0.202736
8.719	0.108252
8.72	-0.000377
8.721	-0.09896
8.722	-0.166723
8.723	-0.193816
8.724	-0.184434
8.725	-0.153307
8.726	-0.117824
8.727	-0.090095
8.728	-0.073258
8.729	-0.064688
8.73	-0.063729
8.731	-0.076922
8.732	-0.114794
8.733	-0.180502
8.734	-0.260301
8.735	-0.327695
8.736	-0.358279
8.737	-0.340884
8.738	-0.278453
8.739	-0.18351
8.74	-0.075047
8.741	0.022202
8.742	0.083098
8.743	0.095509
8.744	0.069481
8.745	0.028975
8.746	-0.005964
8.747	-0.028606
8.748	-0.04135
8.749	-0.04649
8.75	-0.040494
8.751	-0.014807
8.752	0.0368
8.753	0.109712
8.754	0.187665
8.755	0.24994
8.756	0.278963
8.757	0.264375
8.758	0.204973
8.759	0.1098
8.76	-0.002443
8.761	-0.107172
8.762	-0.18156
8.763	-0.213176
8.764	-0.204385
8.765	-0.169968
8.766	-0.129393
8.767	-0.097533
8.768	-0.079215
8.769	-0.071565
8.77	-0.072507
8.771	-0.087786
8.772	-0.128323
8.773	-0.197063
8.774	-0.277304
8.775	-0.337411
8.776	-0.349682
8.777	-0.305303
8.778	-0.211911
8.779	-0.078977
8.78	0.087843
8.781	0.272175
8.782	0.434263
8.783	0.527305
8.784	0.529244
8.785	0.45376
8.786	0.333485
8.787	0.199155
8.788	0.07301
8.789	-0.026968
8.79	-0.083837
8.791	-0.084769
8.792	-0.028756
8.793	0.067966
8.794	0.176224
8.795	0.26485
8.796	0.30917
8.797	0.295262
8.798	0.222834
8.799	0.1067
8.8	-0.025872
8.801	-0.14362
8.802	-0.222277
8.803	-0.251552
8.804	-0.235939
8.805	-0.191192
8.806	-0.137527
8.807	-0.092006
8.808	-0.064031
8.809	-0.054929
8.81	-0.061194
8.811	-0.081014
8.812	-0.118966
8.813	-0.180681
8.814	-0.259987
8.815	-0.333594
8.816	-0.371447
8.817	-0.354089
8.818	-0.283235
8.819	-0.178825
8.82	-0.067204
8.821	0.027799
8.822	0.0875
8.823	0.10344
8.824	0.084666
8.825	0.053762
8.826	0.030921
8.827	0.022551
8.828	0.023827
8.829	0.029289
8.83	0.041448
8.831	0.069732
8.832	0.12014
8.833	0.188553
8.834	0.264447
8.835	0.333069
8.836	0.372376
8.837	0.359212
8.838	0.287047
8.839	0.175666
8.84	0.059581
8.841	-0.032849
8.842	-0.089046
8.843	-0.108109
8.844	-0.09568
8.845	-0.062596
8.846	-0.022654
8.847	0.011503
8.848	0.032285
8.849	0.039332
8.85	0.036828
8.851	0.025239
8.852	-0.00396
8.853	-0.059651
8.854	-0.134945
8.855	-0.204495
8.856	-0.240398
8.857	-0.228844
8.858	-0.172937
8.859	-0.085955
8.86	0.013772
8.861	0.104207
8.862	0.164004
8.863	0.182701
8.864	0.167348
8.865	0.136224
8.866	0.10582
8.867	0.083921
8.868	0.071563
8.869	0.068557
8.87	0.078127
8.871	0.107279
8.872	0.160859
8.873	0.234235
8.874	0.312232
8.875	0.374323
8.876	0.401558
8.877	0.382514
8.878	0.31685
8.879	0.216
8.88	0.101236
8.881	-0.001067
8.882	-0.067517
8.883	-0.087614
8.884	-0.068579
8.885	-0.027894
8.886	0.022142
8.887	0.081597
8.888	0.152757
8.889	0.225036
8.89	0.273595
8.891	0.272852
8.892	0.211304
8.893	0.098889
8.894	-0.035018
8.895	-0.153894
8.896	-0.229899
8.897	-0.251295
8.898	-0.219377
8.899	-0.143183
8.9	-0.039054
8.901	0.066892
8.902	0.143718
8.903	0.17193
8.904	0.156003
8.905	0.117671
8.906	0.077734
8.907	0.045367
8.908	0.021045
8.909	0.005067
8.91	0.00291
8.911	0.024232
8.912	0.075772
8.913	0.152806
8.914	0.23722
8.915	0.304306
8.916	0.332776
8.917	0.311958
8.918	0.243967
8.919	0.142119
8.92	0.027449
8.921	-0.076066
8.922	-0.14776
8.923	-0.176949
8.924	-0.166655
8.925	-0.131632
8.926	-0.091159
8.927	-0.06
8.928	-0.042843
8.929	-0.036542
8.93	-0.038608
8.931	-0.054188
8.932	-0.093742
8.933	-0.161056
8.934	-0.242792
8.935	-0.312307
8.936	-0.344553
8.937	-0.327524
8.938	-0.263438
8.939	-0.164428
8.94	-0.049923
8.941	0.053988
8.942	0.120904
8.943	0.13834
8.944	0.116386
8.945	0.078938
8.946	0.04618
8.947	0.025332
8.948	0.014228
8.949	0.009996
8.95	0.015193
8.951	0.038283
8.952	0.087064
8.953	0.158986
8.954	0.238034
8.955	0.301196
8.956	0.3281
8.957	0.307887
8.958	0.241712
8.959	0.141715
8.96	0.02813
8.961	-0.075149
8.962	-0.14723
8.963	-0.177342
8.964	-0.168531
8.965	-0.135422
8.966	-0.096834
8.967	-0.066969
8.968	-0.050336
8.969	-0.044096
8.97	-0.04619
8.971	-0.061973
8.972	-0.101894
8.973	-0.169876
8.974	-0.253048
8.975	-0.325092
8.976	-0.360562
8.977	-0.34634
8.978	-0.28339
8.979	-0.1833
8.98	-0.066183
8.981	0.040489
8.982	0.109048
8.983	0.126086
8.984	0.101459
8.985	0.059894
8.986	0.022868
8.987	-0.001183
8.988	-0.01244
8.989	-0.0105
8.99	0.00961
8.991	0.055009
8.992	0.130532
8.993	0.236734
8.994	0.3686
8.995	0.508868
8.996	0.622455
8.997	0.667228
8.998	0.617767
8.999	0.481333
9.0	0.294221
9.001	0.10405
9.002	-0.04943
9.003	-0.145433
9.004	-0.183052
9.005	-0.175353
9.006	-0.141056
9.007	-0.09742
9.008	-0.056477
9.009	-0.02557
9.01	-0.011331
9.011	-0.022963
9.012	-0.069569
9.013	-0.15079
9.014	-0.249193
9.015	-0.334992
9.016	-0.380648
9.017	-0.372221
9.018	-0.310858
9.019	-0.209111
9.02	-0.088375
9.021	0.022929
9.022	0.096619
9.023	0.118958
9.024	0.099579
9.025	0.062996
9.026	0.030374
9.027	0.009375
9.028	-0.002271
9.029	-0.007593
9.03	-0.004016
9.031	0.01708
9.032	0.063927
9.033	0.134903
9.034	0.21479
9.035	0.280147
9.036	0.309119
9.037	0.289597
9.038	0.222605
9.039	0.121463
9.04	0.008227
9.041	-0.091956
9.042	-0.158133
9.043	-0.18071
9.044	-0.164674
9.045	-0.126058
9.046	-0.083619
9.047	-0.050535
9.048	-0.03052
9.049	-0.020786
9.05	-0.01988
9.051	-0.033739
9.052	-0.073248
9.053	-0.142644
9.054	-0.22871
9.055	-0.303949
9.056	-0.34206
9.057	-0.330427
9.058	-0.271205
9.059	-0.176261
9.06	-0.064328
9.061	0.03881
9.062	0.105466
9.063	0.120746
9.064	0.093701
9.065	0.049956
9.066	0.012633
9.067	-0.009425
9.068	-0.019079
9.069	-0.021337
9.07	-0.015628
9.071	0.005756
9.072	0.051466
9.073	0.121016
9.074	0.200008
9.075	0.265079
9.076	0.294083
9.077	0.274737
9.078	0.208234
9.079	0.107946
9.08	-0.004657
9.081	-0.105188
9.082	-0.172978
9.083	-0.19833
9.084	-0.185757
9.085	-0.150372
9.086	-0.109924
9.087	-0.077124
9.088	-0.056332
9.089	-0.0465
9.09	-0.047976
9.091	-0.067071
9.092	-0.112915
9.093	-0.186793
9.094	-0.273556
9.095	-0.345707
9.096	-0.376812
9.097	-0.352108
9.098	-0.271362
9.099	-0.146351
9.1	0.004674
9.101	0.162776
9.102	0.310574
9.103	0.430867
9.104	0.506555
9.105	0.52545
9.106	0.486381
9.107	0.400208
9.108	0.285786
9.109	0.165728
9.11	0.064086
9.111	0.003814
9.112	0.00059
9.113	0.054135
9.114	0.144626
9.115	0.238795
9.116	0.302144
9.117	0.3108
9.118	0.258311
9.119	0.156208
9.12	0.02981
9.121	-0.08956
9.122	-0.174995
9.123	-0.2132
9.124	-0.207439
9.125	-0.173124
9.126	-0.129206
9.127	-0.090001
9.128	-0.061489
9.129	-0.043924
9.13	-0.038466
9.131	-0.051731
9.132	-0.092637
9.133	-0.162
9.134	-0.244592
9.135	-0.314074
9.136	-0.347064
9.137	-0.332951
9.138	-0.273848
9.139	-0.180392
9.14	-0.070515
9.141	0.030037
9.142	0.094056
9.143	0.10796
9.144	0.081779
9.145	0.041057
9.146	0.008203
9.147	-0.008599
9.148	-0.012518
9.149	-0.008685
9.15	0.003186
9.151	0.030232
9.152	0.080373
9.153	0.152742
9.154	0.233607
9.155	0.300868
9.156	0.332666
9.157	0.315381
9.158	0.248044
9.159	0.142546
9.16	0.020959
9.161	-0.089715
9.162	-0.165737
9.163	-0.1954
9.164	-0.183286
9.165	-0.146399
9.166	-0.104357
9.167	-0.070331
9.168	-0.048232
9.169	-0.036874
9.17	-0.037135
9.171	-0.055652
9.172	-0.100658
9.173	-0.171852
9.174	-0.253539
9.175	-0.320004
9.176	-0.349239
9.177	-0.332139
9.178	-0.271869
9.179	-0.179419
9.18	-0.07206
9.181	0.026279
9.182	0.090081
9.183	0.105575
9.184	0.080928
9.185	0.04006
9.186	0.0053
9.187	-0.014109
9.188	-0.020386
9.189	-0.018704
9.19	-0.009585
9.191	0.013725
9.192	0.060264
9.193	0.131351
9.194	0.214529
9.195	0.286466
9.196	0.322274
9.197	0.305779
9.198	0.23591
9.199	0.127107
9.2	0.004237
9.201	-0.105669
9.202	-0.181148
9.203	-0.21113
9.204	-0.196399
9.205	-0.147886
9.206	-0.082284
9.207	-0.014274
9.208	0.053386
9.209	0.131402
9.21	0.226795
9.211	0.320207
9.212	0.367502
9.213	0.331916
9.214	0.215175
9.215	0.056478
9.216	-0.094493
9.217	-0.20134
9.218	-0.246696
9.219	-0.228229
9.22	-0.15697
9.221	-0.058634
9.222	0.03148
9.223	0.084891
9.224	0.095253
9.225	0.076543
9.226	0.04785
9.227	0.021211
9.228	0.000249
9.229	-0.014396
9.23	-0.018955
9.231	-0.004229
9.232	0.039434
9.233	0.112273
9.234	0.199683
9.235	0.276501
9.236	0.317235
9.237	0.305797
9.238	0.24093
9.239	0.136307
9.24	0.016071
9.241	-0.092321
9.242	-0.166191
9.243	-0.194931
9.244	-0.183244
9.245	-0.147499
9.246	-0.106908
9.247	-0.07487
9.248	-0.055571
9.249	-0.047487
9.25	-0.05051
9.251	-0.070342
9.252	-0.115059
9.253	-0.184575
9.254	-0.262996
9.255	-0.324388
9.256	-0.347458
9.257	-0.324836
9.258	-0.261503
9.259	-0.168873
9.26	-0.062689
9.261	0.035212
9.262	0.100548
9.263	0.119921
9.264	0.100909
9.265	0.065471
9.266	0.033353
9.267	0.012159
9.268	3.6e-05
9.269	-0.005882
9.27	-0.003295
9.271	0.01622
9.272	0.061873
9.273	0.134231
9.274	0.219642
9.275	0.293711
9.276	0.330947
9.277	0.314858
9.278	0.244294
9.279	0.13409
9.28	0.010441
9.281	-0.097242
9.282	-0.166125
9.283	-0.188073
9.284	-0.171432
9.285	-0.135009
9.286	-0.097958
9.287	-0.071524
9.288	-0.057145
9.289	-0.05157
9.29	-0.054798
9.291	-0.073945
9.292	-0.118241
9.293	-0.187621
9.294	-0.265914
9.295	-0.327593
9.296	-0.352067
9.297	-0.33201
9.298	-0.271395
9.299	-0.18011
9.3	-0.072937
9.301	0.028202
9.302	0.098036
9.303	0.121185
9.304	0.102833
9.305	0.0638
9.306	0.024885
9.307	-0.003822
9.308	-0.021816
9.309	-0.030819
9.31	-0.027951
9.311	-0.00302
9.312	0.056175
9.313	0.151796
9.314	0.26885
9.315	0.382667
9.316	0.475024
9.317	0.540901
9.318	0.5776
9.319	0.573158
9.32	0.513824
9.321	0.402214
9.322	0.2621
9.323	0.124524
9.324	0.011242
9.325	-0.070554
9.326	-0.122564
9.327	-0.14747
9.328	-0.146466
9.329	-0.123656
9.33	-0.091886
9.331	-0.072674
9.332	-0.087067
9.333	-0.141626
9.334	-0.220879
9.335	-0.295041
9.336	-0.336862
9.337	-0.333079
9.338	-0.284533
9.339	-0.200963
9.34	-0.098458
9.341	0.000227
9.342	0.070063
9.343	0.096202
9.344	0.08364
9.345	0.051924
9.346	0.020161
9.347	-0.002534
9.348	-0.015591
9.349	-0.020322
9.35	-0.014357
9.351	0.00986
9.352	0.060284
9.353	0.136303
9.354	0.223587
9.355	0.297557
9.356	0.332935
9.357	0.313777
9.358	0.239383
9.359	0.124893
9.36	-0.002851
9.361	-0.11345
9.362	-0.183167
9.363	-0.203463
9.364	-0.183247
9.365	-0.142607
9.366	-0.101809
9.367	-0.072515
9.368	-0.055835
9.369	-0.047516
9.37	-0.046419
9.371	-0.05932
9.372	-0.09665
9.373	-0.160902
9.374	-0.238267
9.375	-0.303485
9.376	-0.333862
9.377	-0.319201
9.378	-0.262036
9.379	-0.173283
9.38	-0.069656
9.381	0.026645
9.382	0.092034
9.383	0.112959
9.384	0.095005
9.385	0.057821
9.386	0.020786
9.387	-0.006118
9.388	-0.021217
9.389	-0.025238
9.39	-0.016188
9.391	0.012336
9.392	0.066975
9.393	0.146008
9.394	0.234293
9.395	0.307194
9.396	0.340385
9.397	0.318992
9.398	0.242626
9.399	0.126044
9.4	-0.004294
9.401	-0.117566
9.402	-0.188961
9.403	-0.209559
9.404	-0.189122
9.405	-0.148865
9.406	-0.109357
9.407	-0.081419
9.408	-0.064724
9.409	-0.05421
9.41	-0.049276
9.411	-0.058181
9.412	-0.092921
9.413	-0.156839
9.414	-0.235793
9.415	-0.303452
9.416	-0.336341
9.417	-0.324008
9.418	-0.268041
9.419	-0.176125
9.42	-0.060382
9.421	0.059001
9.422	0.157052
9.423	0.222189
9.424	0.270224
9.425	0.328742
9.426	0.404011
9.427	0.469918
9.428	0.490925
9.429	0.45161
9.43	0.366639
9.431	0.270424
9.432	0.198271
9.433	0.170095
9.434	0.184291
9.435	0.222217
9.436	0.257447
9.437	0.264767
9.438	0.227908
9.439	0.145716
9.44	0.034443
9.441	-0.076863
9.442	-0.158569
9.443	-0.194806
9.444	-0.189894
9.445	-0.162287
9.446	-0.131735
9.447	-0.109072
9.448	-0.09442
9.449	-0.083393
9.45	-0.075915
9.451	-0.080468
9.452	-0.109185
9.453	-0.165745
9.454	-0.236729
9.455	-0.296798
9.456	-0.323386
9.457	-0.306995
9.458	-0.250973
9.459	-0.166146
9.46	-0.0682
9.461	0.021638
9.462	0.080396
9.463	0.09517
9.464	0.072165
9.465	0.031386
9.466	-0.007761
9.467	-0.035502
9.468	-0.050123
9.469	-0.051678
9.47	-0.037245
9.471	-0.000366
9.472	0.063777
9.473	0.150542
9.474	0.243211
9.475	0.318025
9.476	0.352451
9.477	0.332595
9.478	0.257773
9.479	0.14155
9.48	0.009425
9.481	-0.107681
9.482	-0.184144
9.483	-0.209932
9.484	-0.193539
9.485	-0.155287
9.486	-0.115911
9.487	-0.087676
9.488	-0.072188
9.489	-0.065073
9.49	-0.064211
9.491	-0.07525
9.492	-0.108469
9.493	-0.167415
9.494	-0.239633
9.495	-0.300563
9.496	-0.327594
9.497	-0.310877
9.498	-0.253795
9.499	-0.167808
9.5	-0.069407
9.501	0.020093
9.502	0.078587
9.503	0.094148
9.504	0.073279
9.505	0.03542
9.506	-0.001192
9.507	-0.0279
9.508	-0.043371
9.509	-0.04723
9.51	-0.035839
9.511	-0.002181
9.512	0.059155
9.513	0.144394
9.514	0.237487
9.515	0.314541
9.516	0.352214
9.517	0.335515
9.518	0.262532
9.519	0.14597
9.52	0.011238
9.521	-0.110183
9.522	-0.191455
9.523	-0.220899
9.524	-0.205893
9.525	-0.166459
9.526	-0.122398
9.527	-0.08323
9.528	-0.047815
9.529	-0.011811
9.53	0.026491
9.531	0.06768
9.532	0.113199
9.533	0.160402
9.534	0.197619
9.535	0.209441
9.536	0.188345
9.537	0.140665
9.538	0.082919
9.539	0.033552
9.54	0.004732
9.541	-0.003287
9.542	-0.00068
9.543	0.001985
9.544	0.002549
9.545	0.004679
9.546	0.009168
9.547	0.011341
9.548	0.006631
9.549	-0.003006
9.55	-0.007309
9.551	0.00876
9.552	0.056763
9.553	0.135564
9.554	0.22832
9.555	0.308358
9.556	0.349594
9.557	0.335655
9.558	0.264711
9.559	0.150079
9.56	0.017174
9.561	-0.103034
9.562	-0.183453
9.563	-0.210949
9.564	-0.191682
9.565	-0.146823
9.566	-0.100756
9.567	-0.069529
9.568	-0.05633
9.569	-0.055785
9.57	-0.063229
9.571	-0.08151
9.572	-0.118809
9.573	-0.177644
9.574	-0.245528
9.575	-0.299111
9.576	-0.318496
9.577	-0.297182
9.578	-0.240925
9.579	-0.161369
9.58	-0.072613
9.581	0.008006
9.582	0.062244
9.583	0.080671
9.584	0.069823
9.585	0.046051
9.586	0.022466
9.587	0.00284
9.588	-0.01429
9.589	-0.028189
9.59	-0.031485
9.591	-0.010996
9.592	0.045068
9.593	0.136254
9.594	0.244165
9.595	0.337816
9.596	0.386245
9.597	0.370302
9.598	0.288586
9.599	0.157265
9.6	0.005843
9.601	-0.129999
9.602	-0.218973
9.603	-0.246048
9.604	-0.218655
9.605	-0.161792
9.606	-0.104616
9.607	-0.06697
9.608	-0.053478
9.609	-0.057548
9.61	-0.071418
9.611	-0.094299
9.612	-0.131351
9.613	-0.183652
9.614	-0.240132
9.615	-0.281827
9.616	-0.293894
9.617	-0.272767
9.618	-0.224128
9.619	-0.157243
9.62	-0.082712
9.621	-0.014141
9.622	0.033544
9.623	0.052711
9.624	0.049122
9.625	0.036154
9.626	0.023256
9.627	0.011528
9.628	-0.001427
9.629	-0.016286
9.63	-0.032987
9.631	-0.054761
9.632	-0.087442
9.633	-0.131397
9.634	-0.174441
9.635	-0.196717
9.636	-0.184367
9.637	-0.136021
9.638	-0.054191
9.639	0.064548
9.64	0.220359
9.641	0.388978
9.642	0.521016
9.643	0.572023
9.644	0.532152
9.645	0.425769
9.646	0.288833
9.647	0.150847
9.648	0.032186
9.649	-0.053098
9.65	-0.099184
9.651	-0.112867
9.652	-0.111969
9.653	-0.114475
9.654	-0.126653
9.655	-0.141928
9.656	-0.14999
9.657	-0.144953
9.658	-0.126225
9.659	-0.09565
9.66	-0.057118
9.661	-0.018747
9.662	0.008755
9.663	0.019977
9.664	0.020046
9.665	0.018842
9.666	0.020778
9.667	0.022449
9.668	0.018994
9.669	0.009783
9.67	-0.002894
9.671	-0.019174
9.672	-0.043152
9.673	-0.077066
9.674	-0.114828
9.675	-0.1442
9.676	-0.155755
9.677	-0.148286
9.678	-0.126289
9.679	-0.094846
9.68	-0.058273
9.681	-0.022544
9.682	0.004323
9.683	0.017628
9.684	0.02075
9.685	0.021158
9.686	0.022098
9.687	0.020749
9.688	0.013879
9.689	0.002586
9.69	-0.009639
9.691	-0.022419
9.692	-0.040019
9.693	-0.065597
9.694	-0.094647
9.695	-0.116748
9.696	-0.124032
9.697	-0.116156
9.698	-0.097366
9.699	-0.07112
9.7	-0.03917
9.701	-0.005649
9.702	0.020935
9.703	0.033635
9.704	0.034185
9.705	0.030432
9.706	0.027157
9.707	0.022479
9.708	0.012998
9.709	-0.000487
9.71	-0.013967
9.711	-0.026005
9.712	-0.040359
9.713	-0.060918
9.714	-0.0848
9.715	-0.103347
9.716	-0.10998
9.717	-0.10473
9.718	-0.091346
9.719	-0.072447
9.72	-0.048893
9.721	-0.023581
9.722	-0.003141
9.723	0.007481
9.724	0.01073
9.725	0.012985
9.726	0.016311
9.727	0.016673
9.728	0.010085
9.729	-0.001794
9.73	-0.013429
9.731	-0.022157
9.732	-0.031563
9.733	-0.046576
9.734	-0.065951
9.735	-0.082353
9.736	-0.089672
9.737	-0.087588
9.738	-0.078999
9.739	-0.065317
9.74	-0.045591
9.741	-0.019897
9.742	0.008579
9.743	0.036873
9.744	0.066456
9.745	0.10356
9.746	0.157619
9.747	0.236561
9.748	0.335787
9.749	0.430818
9.75	0.486713
9.751	0.477836
9.752	0.400353
9.753	0.272354
9.754	0.126322
9.755	-0.003683
9.756	-0.094819
9.757	-0.139816
9.758	-0.142641
9.759	-0.112736
9.76	-0.062989
9.761	-0.01017
9.762	0.028455
9.763	0.044103
9.764	0.041437
9.765	0.031609
9.766	0.021029
9.767	0.008525
9.768	-0.008137
9.769	-0.026135
9.77	-0.039246
9.771	-0.04456
9.772	-0.045864
9.773	-0.049028
9.774	-0.054871
9.775	-0.059004
9.776	-0.057974
9.777	-0.052691
9.778	-0.045624
9.779	-0.036716
9.78	-0.024038
9.781	-0.008871
9.782	0.00256
9.783	0.005314
9.784	0.001781
9.785	-0.00175
9.786	-0.003325
9.787	-0.007031
9.788	-0.01659
9.789	-0.029714
9.79	-0.040194
9.791	-0.044936
9.792	-0.047171
9.793	-0.05157
9.794	-0.057888
9.795	-0.061852
9.796	-0.06101
9.797	-0.056867
9.798	-0.05129
9.799	-0.042923
9.8	-0.029016
9.801	-0.011022
9.802	0.004031
9.803	0.010111
9.804	0.008505
9.805	0.004903
9.806	0.001715
9.807	-0.003533
9.808	-0.012792
9.809	-0.023447
9.81	-0.030834
9.811	-0.033734
9.812	-0.035881
9.813	-0.0412
9.814	-0.048759
9.815	-0.054261
9.816	-0.05546
9.817	-0.053818
9.818	-0.050992
9.819	-0.045593
9.82	-0.03503
9.821	-0.02068
9.822	-0.00911
9.823	-0.005815
9.824	-0.008987
9.825	-0.012465
9.826	-0.013897
9.827	-0.016787
9.828	-0.024435
9.829	-0.034489
9.83	-0.041008
9.831	-0.041324
9.832	-0.039206
9.833	-0.040231
9.834	-0.045357
9.835	-0.050987
9.836	-0.054038
9.837	-0.054383
9.838	-0.052431
9.839	-0.046623
9.84	-0.035271
9.841	-0.021034
9.842	-0.011219
9.843	-0.01101
9.844	-0.017567
9.845	-0.023723
9.846	-0.026461
9.847	-0.028612
9.848	-0.032188
9.849	-0.03258
9.85	-0.021613
9.851	0.00358
9.852	0.038366
9.853	0.081548
9.854	0.14433
9.855	0.237519
9.856	0.34802
9.857	0.437339
9.858	0.468043
9.859	0.429288
9.86	0.338075
9.861	0.221944
9.862	0.10411
9.863	0.002162
9.864	-0.068561
9.865	-0.098684
9.866	-0.091733
9.867	-0.063514
9.868	-0.032624
9.869	-0.010459
9.87	0.000892
9.871	0.00315
9.872	-0.003124
9.873	-0.017286
9.874	-0.035234
9.875	-0.050733
9.876	-0.060196
9.877	-0.06414
9.878	-0.063751
9.879	-0.05777
9.88	-0.04427
9.881	-0.025655
9.882	-0.009773
9.883	-0.003161
9.884	-0.004199
9.885	-0.006062
9.886	-0.005467
9.887	-0.005604
9.888	-0.01067
9.889	-0.019912
9.89	-0.028462
9.891	-0.033429
9.892	-0.037393
9.893	-0.044604
9.894	-0.055004
9.895	-0.064417
9.896	-0.06979
9.897	-0.071529
9.898	-0.070738
9.899	-0.066287
9.9	-0.056143
9.901	-0.041884
9.902	-0.029903
9.903	-0.025452
9.904	-0.02674
9.905	-0.027857
9.906	-0.026358
9.907	-0.025219
9.908	-0.02772
9.909	-0.032646
9.91	-0.035779
9.911	-0.035502
9.912	-0.035228
9.913	-0.039094
9.914	-0.046334
9.915	-0.052162
9.916	-0.05368
9.917	-0.052421
9.918	-0.050869
9.919	-0.048217
9.92	-0.041193
9.921	-0.029845
9.922	-0.02043
9.923	-0.019435
9.924	-0.025862
9.925	-0.032718
9.926	-0.035335
9.927	-0.035312
9.928	-0.036402
9.929	-0.039181
9.93	-0.041316
9.931	-0.041998
9.932	-0.04379
9.933	-0.048856
9.934	-0.055088
9.935	-0.058428
9.936	-0.05794
9.937	-0.056197
9.938	-0.05494
9.939	-0.052073
9.94	-0.044262
9.941	-0.032813
9.942	-0.024744
9.943	-0.025483
9.944	-0.032129
9.945	-0.036737
9.946	-0.035148
9.947	-0.030271
9.948	-0.027212
9.949	-0.027468
9.95	-0.028752
9.951	-0.029366
9.952	-0.030988
9.953	-0.035959
9.954	-0.042922
9.955	-0.047159
9.956	-0.044432
9.957	-0.032873
9.958	-0.012214
9.959	0.017919
9.96	0.060559
9.961	0.122791
9.962	0.210475
9.963	0.316775
9.964	0.416541
9.965	0.476352
9.966	0.472912
9.967	0.404546
9.968	0.290228
9.969	0.160357
9.97	0.044611
9.971	-0.038093
9.972	-0.08271
9.973	-0.093687
9.974	-0.079214
9.975	-0.049755
9.976	-0.018238
9.977	0.003365
9.978	0.00999
9.979	0.005792
9.98	-0.00091
9.981	-0.006142
9.982	-0.01297
9.983	-0.024802
9.984	-0.038259
9.985	-0.04568
9.986	-0.043545
9.987	-0.035509
9.988	-0.027397
9.989	-0.021454
9.99	-0.016218
9.991	-0.010853
9.992	-0.007558
9.993	-0.008492
9.994	-0.011984
9.995	-0.014308
9.996	-0.014509
9.997	-0.015273
9.998	-0.018773
9.999	-0.023208
10.0	-0.024953
10.001	-0.024048
10.002	-0.025377
10.003	-0.032507
10.004	-0.041982
10.005	-0.0465
10.006	-0.042903
10.007	-0.034758
10.008	-0.027543
10.009	-0.023137
10.01	-0.019649
10.011	-0.015687
10.012	-0.012925
10.013	-0.0134
10.014	-0.015875
10.015	-0.017096
10.016	-0.016023
10.017	-0.01484
10.018	-0.015507
10.019	-0.016656
10.02	-0.01528
10.021	-0.011642
10.022	-0.010605
10.023	-0.015991
10.024	-0.024988
10.025	-0.030953
10.026	-0.030843
10.027	-0.027498
10.028	-0.025221
10.029	-0.025142
10.03	-0.025394
10.031	-0.024829
10.032	-0.024881
10.033	-0.026798
10.034	-0.028585
10.035	-0.027097
10.036	-0.02276
10.037	-0.019974
10.038	-0.022215
10.039	-0.027863
10.04	-0.031976
10.041	-0.032366
10.042	-0.03236
10.043	-0.035679
10.044	-0.040344
10.045	-0.040926
10.046	-0.035711
10.047	-0.028641
10.048	-0.024399
10.049	-0.023658
10.05	-0.023805
10.051	-0.023168
10.052	-0.02283
10.053	-0.023793
10.054	-0.024213
10.055	-0.021596
10.056	-0.017114
10.057	-0.015472
10.058	-0.019794
10.059	-0.027682
10.06	-0.033567
10.061	-0.035205
10.062	-0.035816
10.063	-0.037453
10.064	-0.034481
10.065	-0.018032
10.066	0.01397
10.067	0.056834
10.068	0.111114
10.069	0.187782
10.07	0.292139
10.071	0.4036
10.072	0.480703
10.073	0.49016
10.074	0.42919
10.075	0.321239
10.076	0.196244
10.077	0.07742
10.078	-0.019188
10.079	-0.081734
10.08	-0.104309
10.081	-0.092016
10.082	-0.061256
10.083	-0.030511
10.084	-0.009662
10.085	0.00108
10.086	0.004437
10.087	0.00144
10.088	-0.007374
10.089	-0.019232
10.09	-0.029673
10.091	-0.035956
10.092	-0.038666
10.093	-0.039003
10.094	-0.035865
10.095	-0.027825
10.096	-0.017207
10.097	-0.009604
10.098	-0.008668
10.099	-0.012201
10.1	-0.014434
10.101	-0.012831
10.102	-0.011148
10.103	-0.014006
10.104	-0.020362
10.105	-0.025096
10.106	-0.025716
10.107	-0.024926
10.108	-0.026676
10.109	-0.03146
10.11	-0.036396
10.111	-0.039238
10.112	-0.040568
10.113	-0.041165
10.114	-0.039201
10.115	-0.032595
10.116	-0.023267
10.117	-0.016612
10.118	-0.016173
10.119	-0.019622
10.12	-0.021108
10.121	-0.018152
10.122	-0.014638
10.123	-0.015314
10.124	-0.01931
10.125	-0.021713
10.126	-0.02031
10.127	-0.018127
10.128	-0.019161
10.129	-0.02344
10.13	-0.027431
10.131	-0.028748
10.132	-0.028675
10.133	-0.02909
10.134	-0.028805
10.135	-0.025408
10.136	-0.019843
10.137	-0.016732
10.138	-0.019458
10.139	-0.025743
10.14	-0.029381
10.141	-0.027072
10.142	-0.022281
10.143	-0.02069
10.144	-0.023257
10.145	-0.026368
10.146	-0.027722
10.147	-0.028991
10.148	-0.032481
10.149	-0.037406
10.15	-0.040713
10.151	-0.040916
10.152	-0.039506
10.153	-0.037816
10.154	-0.034389
10.155	-0.027511
10.156	-0.019226
10.157	-0.014503
10.158	-0.015986
10.159	-0.020502
10.16	-0.022005
10.161	-0.018396
10.162	-0.014053
10.163	-0.01425
10.164	-0.018721
10.165	-0.023006
10.166	-0.024737
10.167	-0.025917
10.168	-0.029256
10.169	-0.033934
10.17	-0.035324
10.171	-0.028389
10.172	-0.011153
10.173	0.015285
10.174	0.050695
10.175	0.100559
10.176	0.174879
10.177	0.276066
10.178	0.385798
10.179	0.469133
10.18	0.4954
10.181	0.45482
10.182	0.358805
10.183	0.231959
10.184	0.103795
10.185	-0.000349
10.186	-0.066965
10.187	-0.095337
10.188	-0.092701
10.189	-0.069221
10.19	-0.035997
10.191	-0.004753
10.192	0.014508
10.193	0.018221
10.194	0.010955
10.195	0.000441
10.196	-0.009329
10.197	-0.019449
10.198	-0.031101
10.199	-0.040981
10.2	-0.043053
10.201	-0.035077
10.202	-0.022144
10.203	-0.011949
10.204	-0.007383
10.205	-0.005977
10.206	-0.005271
10.207	-0.005746
10.208	-0.008499
10.209	-0.012294
10.21	-0.014539
10.211	-0.01493
10.212	-0.016219
10.213	-0.020224
10.214	-0.024712
10.215	-0.026283
10.216	-0.025444
10.217	-0.026543
10.218	-0.032326
10.219	-0.039842
10.22	-0.042773
10.221	-0.038099
10.222	-0.029518
10.223	-0.022964
10.224	-0.020207
10.225	-0.019012
10.226	-0.017905
10.227	-0.01788
10.228	-0.019704
10.229	-0.021606
10.23	-0.020808
10.231	-0.017064
10.232	-0.013464
10.233	-0.012903
10.234	-0.014745
10.235	-0.016454
10.236	-0.017708
10.237	-0.020865
10.238	-0.027207
10.239	-0.034038
10.24	-0.036447
10.241	-0.03249
10.242	-0.02586
10.243	-0.021975
10.244	-0.022332
10.245	-0.02455
10.246	-0.026629
10.247	-0.028707
10.248	-0.030931
10.249	-0.031737
10.25	-0.0296
10.251	-0.025997
10.252	-0.024952
10.253	-0.028534
10.254	-0.033907
10.255	-0.03661
10.256	-0.036066
10.257	-0.03594
10.258	-0.039061
10.259	-0.043249
10.26	-0.043187
10.261	-0.036769
10.262	-0.028252
10.263	-0.023534
10.264	-0.023908
10.265	-0.026423
10.266	-0.028596
10.267	-0.030301
10.268	-0.031706
10.269	-0.031576
10.27	-0.028841
10.271	-0.025263
10.272	-0.024735
10.273	-0.028868
10.274	-0.034581
10.275	-0.037641
10.276	-0.037474
10.277	-0.0365
10.278	-0.03464
10.279	-0.026231
10.28	-0.004549
10.281	0.031129
10.282	0.077757
10.283	0.139253
10.284	0.225833
10.285	0.334404
10.286	0.435406
10.287	0.488311
10.288	0.470382
10.289	0.389316
10.29	0.272725
10.291	0.149609
10.292	0.04037
10.293	-0.041879
10.294	-0.088399
10.295	-0.097316
10.296	-0.077325
10.297	-0.045345
10.298	-0.017666
10.299	-0.001606
10.3	0.004887
10.301	0.006084
10.302	0.002454
10.303	-0.007832
10.304	-0.023985
10.305	-0.041778
10.306	-0.056856
10.307	-0.066942
10.308	-0.071021
10.309	-0.068377
10.31	-0.059784
10.311	-0.049212
10.312	-0.042368
10.313	-0.041818
10.314	-0.04423
10.315	-0.04408
10.316	-0.039689
10.317	-0.034463
10.318	-0.032414
10.319	-0.033426
10.32	-0.033706
10.321	-0.030931
10.322	-0.027639
10.323	-0.028191
10.324	-0.03339
10.325	-0.040087
10.326	-0.045255
10.327	-0.048146
10.328	-0.048571
10.329	-0.045206
10.33	-0.037157
10.331	-0.026998
10.332	-0.020256
10.333	-0.020312
10.334	-0.024849
10.335	-0.028817
10.336	-0.030049
10.337	-0.030543
10.338	-0.032417
10.339	-0.034077
10.34	-0.031863
10.341	-0.025538
10.342	-0.02036
10.343	-0.021945
10.344	-0.02998
10.345	-0.038927
10.346	-0.044016
10.347	-0.044676
10.348	-0.042773
10.349	-0.039389
10.35	-0.034352
10.351	-0.028801
10.352	-0.026407
10.353	-0.029843
10.354	-0.036656
10.355	-0.041048
10.356	-0.039986
10.357	-0.036096
10.358	-0.034081
10.359	-0.035223
10.36	-0.036361
10.361	-0.034425
10.362	-0.030759
10.363	-0.029404
10.364	-0.031974
10.365	-0.03631
10.366	-0.039484
10.367	-0.040092
10.368	-0.037843
10.369	-0.032572
10.37	-0.024819
10.371	-0.017593
10.372	-0.016051
10.373	-0.023005
10.374	-0.034473
10.375	-0.041925
10.376	-0.040206
10.377	-0.031852
10.378	-0.022645
10.379	-0.014686
10.38	-0.00616
10.381	0.0023
10.382	0.00524
10.383	-0.000217
10.384	-0.007928
10.385	-0.008055
10.386	0.003326
10.387	0.022721
10.388	0.045503
10.389	0.073007
10.39	0.11509
10.391	0.18276
10.392	0.27346
10.393	0.364656
10.394	0.425022
10.395	0.432384
10.396	0.38394
10.397	0.295665
10.398	0.194016
10.399	0.104519
10.4	0.043164
10.401	0.013028
10.402	0.005674
10.403	0.008646
10.404	0.015043
10.405	0.025137
10.406	0.03942
10.407	0.053707
10.408	0.062323
10.409	0.063683
10.41	0.060399
10.411	0.054758
10.412	0.046379
10.413	0.03484
10.414	0.023215
10.415	0.017827
10.416	0.023895
10.417	0.040445
10.418	0.059714
10.419	0.073463
10.42	0.07977
10.421	0.081693
10.422	0.081135
10.423	0.078324
10.424	0.075734
10.425	0.077098
10.426	0.082146
10.427	0.086433
10.428	0.087272
10.429	0.085974
10.43	0.082786
10.431	0.073753
10.432	0.055779
10.433	0.033022
10.434	0.015569
10.435	0.01185
10.436	0.022917
10.437	0.042622
10.438	0.06226
10.439	0.076527
10.44	0.085961
10.441	0.093206
10.442	0.098312
10.443	0.099345
10.444	0.095941
10.445	0.090047
10.446	0.083732
10.447	0.077644
10.448	0.071744
10.449	0.066701
10.45	0.06355
10.451	0.061813
10.452	0.059136
10.453	0.053901
10.454	0.047553
10.455	0.04314
10.456	0.042014
10.457	0.042917
10.458	0.044107
10.459	0.045748
10.46	0.049623
10.461	0.056092
10.462	0.062337
10.463	0.064957
10.464	0.063417
10.465	0.059486
10.466	0.054277
10.467	0.047721
10.468	0.040635
10.469	0.035442
10.47	0.033628
10.471	0.03281
10.472	0.027941
10.473	0.016748
10.474	0.003074
10.475	-0.006514
10.476	-0.008809
10.477	-0.005825
10.478	-0.001197
10.479	0.004129
10.48	0.011871
10.481	0.022277
10.482	0.031706
10.483	0.035743
10.484	0.033631
10.485	0.028092
10.486	0.021747
10.487	0.015486
10.488	0.009915
10.489	0.006532
10.49	0.006429
10.491	0.008282
10.492	0.009357
10.493	0.009294
10.494	0.010947
10.495	0.016863
10.496	0.028825
10.497	0.052878
10.498	0.099126
10.499	0.169779
10.5	0.248285
10.501	0.305358
10.502	0.317972
10.503	0.28367
10.504	0.219174
10.505	0.146808
10.506	0.081614
10.507	0.029112
10.508	-0.008703
10.509	-0.028859
10.51	-0.029827
10.511	-0.016996
10.512	-0.002588
10.513	0.002336
10.514	-0.004561
10.515	-0.017697
10.516	-0.030253
10.517	-0.038906
10.518	-0.04311
10.519	-0.042165
10.52	-0.034936
10.521	-0.022591
10.522	-0.009962
10.523	-0.002263
10.524	-0.000657
10.525	-0.002455
10.526	-0.004904
10.527	-0.007036
10.528	-0.008281
10.529	-0.007334
10.53	-0.004049
10.531	-0.002273
10.532	-0.008345
10.533	-0.024832
10.534	-0.046631
10.535	-0.064537
10.536	-0.072374
10.537	-0.070269
10.538	-0.061888
10.539	-0.050106
10.54	-0.035974
10.541	-0.021129
10.542	-0.009372
10.543	-0.004125
10.544	-0.005004
10.545	-0.008702
10.546	-0.012537
10.547	-0.01562
10.548	-0.017157
10.549	-0.015625
10.55	-0.011157
10.551	-0.008272
10.552	-0.013689
10.553	-0.029732
10.554	-0.050736
10.555	-0.067006
10.556	-0.072046
10.557	-0.065857
10.558	-0.052216
10.559	-0.034291
10.56	-0.013841
10.561	0.005846
10.562	0.01866
10.563	0.019792
10.564	0.010556
10.565	-0.002866
10.566	-0.01488
10.567	-0.023273
10.568	-0.027595
10.569	-0.027275
10.57	-0.023147
10.571	-0.020262
10.572	-0.026377
10.573	-0.045355
10.574	-0.072349
10.575	-0.096627
10.576	-0.109083
10.577	-0.106858
10.578	-0.092232
10.579	-0.069205
10.58	-0.041964
10.581	-0.015909
10.582	0.002284
10.583	0.008209
10.584	0.003177
10.585	-0.007232
10.586	-0.017552
10.587	-0.02464
10.588	-0.026726
10.589	-0.022581
10.59	-0.013501
10.591	-0.005773
10.592	-0.008597
10.593	-0.027145
10.594	-0.057245
10.595	-0.087514
10.596	-0.106714
10.597	-0.109399
10.598	-0.096157
10.599	-0.070209
10.6	-0.034778
10.601	0.005961
10.602	0.045254
10.603	0.07747
10.604	0.106661
10.605	0.149324
10.606	0.221587
10.607	0.318939
10.608	0.411261
10.609	0.461279
10.61	0.447571
10.611	0.371854
10.612	0.251858
10.613	0.112748
10.614	-0.018251
10.615	-0.117407
10.616	-0.170176
10.617	-0.17387
10.618	-0.13667
10.619	-0.074387
10.62	-0.006459
10.621	0.048011
10.622	0.075108
10.623	0.071361
10.624	0.044829
10.625	0.009494
10.626	-0.022625
10.627	-0.04541
10.628	-0.057003
10.629	-0.055382
10.63	-0.03435
10.631	0.016963
10.632	0.107349
10.633	0.231455
10.634	0.363898
10.635	0.467852
10.636	0.511417
10.637	0.479165
10.638	0.37424
10.639	0.215329
10.64	0.0336
10.641	-0.131557
10.642	-0.243558
10.643	-0.284918
10.644	-0.265911
10.645	-0.21594
10.646	-0.164475
10.647	-0.126887
10.648	-0.103204
10.649	-0.086537
10.65	-0.073195
10.651	-0.067713
10.652	-0.079205
10.653	-0.111685
10.654	-0.157476
10.655	-0.20001
10.656	-0.222559
10.657	-0.215473
10.658	-0.178471
10.659	-0.119344
10.66	-0.051702
10.661	0.007693
10.662	0.043856
10.663	0.050426
10.664	0.032962
10.665	0.004411
10.666	-0.023172
10.667	-0.0432
10.668	-0.053581
10.669	-0.052918
10.67	-0.036475
10.671	0.005133
10.672	0.080504
10.673	0.1864
10.674	0.301189
10.675	0.391594
10.676	0.428195
10.677	0.39721
10.678	0.302505
10.679	0.161848
10.68	0.003119
10.681	-0.139865
10.682	-0.236246
10.683	-0.271262
10.684	-0.253812
10.685	-0.20943
10.686	-0.163751
10.687	-0.130188
10.688	-0.108864
10.689	-0.093929
10.69	-0.082914
10.691	-0.081738
10.692	-0.100664
10.693	-0.14374
10.694	-0.201743
10.695	-0.255084
10.696	-0.28323
10.697	-0.273344
10.698	-0.224144
10.699	-0.145627
10.7	-0.056649
10.701	0.019554
10.702	0.063158
10.703	0.066982
10.704	0.04006
10.705	0.000971
10.706	-0.033389
10.707	-0.053929
10.708	-0.057536
10.709	-0.041949
10.71	-0.002459
10.711	0.069164
10.712	0.184074
10.713	0.349637
10.714	0.553845
10.715	0.753448
10.716	0.885143
10.717	0.897467
10.718	0.77741
10.719	0.553516
10.72	0.280522
10.721	0.01987
10.722	-0.176958
10.723	-0.282569
10.724	-0.300611
10.725	-0.258433
10.726	-0.190229
10.727	-0.12296
10.728	-0.071037
10.729	-0.038671
10.73	-0.026576
10.731	-0.037669
10.732	-0.076256
10.733	-0.140944
10.734	-0.218822
10.735	-0.287655
10.736	-0.324797
10.737	-0.316281
10.738	-0.261376
10.739	-0.172271
10.74	-0.070616
10.741	0.018005
10.742	0.07213
10.743	0.083636
10.744	0.061425
10.745	0.024662
10.746	-0.009066
10.747	-0.03114
10.748	-0.041291
10.749	-0.041686
10.75	-0.030278
10.751	0.001771
10.752	0.064222
10.753	0.155333
10.754	0.254759
10.755	0.331465
10.756	0.360065
10.757	0.331045
10.758	0.250069
10.759	0.132354
10.76	-0.000765
10.761	-0.122473
10.762	-0.205539
10.763	-0.235067
10.764	-0.217716
10.765	-0.175838
10.766	-0.132092
10.767	-0.098479
10.768	-0.075982
10.769	-0.061544
10.77	-0.055876
10.771	-0.066377
10.772	-0.102132
10.773	-0.163917
10.774	-0.238272
10.775	-0.301979
10.776	-0.332998
10.777	-0.31921
10.778	-0.261071
10.779	-0.170121
10.78	-0.066479
10.781	0.024653
10.782	0.080457
10.783	0.091212
10.784	0.065724
10.785	0.024906
10.786	-0.011434
10.787	-0.033856
10.788	-0.043246
10.789	-0.043884
10.79	-0.035315
10.791	-0.008968
10.792	0.045922
10.793	0.129478
10.794	0.223593
10.795	0.298949
10.796	0.330446
10.797	0.307465
10.798	0.233741
10.799	0.122493
10.8	-0.005869
10.801	-0.124178
10.802	-0.204799
10.803	-0.232908
10.804	-0.214913
10.805	-0.172392
10.806	-0.127441
10.807	-0.09244
10.808	-0.069859
10.809	-0.058387
10.81	-0.059267
10.811	-0.078601
10.812	-0.123261
10.813	-0.192325
10.814	-0.271475
10.815	-0.335922
10.816	-0.359868
10.817	-0.326951
10.818	-0.236342
10.819	-0.100285
10.82	0.064811
10.821	0.242875
10.822	0.412027
10.823	0.539761
10.824	0.594104
10.825	0.562938
10.826	0.460957
10.827	0.319214
10.828	0.170322
10.829	0.041028
10.83	-0.047349
10.831	-0.077388
10.832	-0.040071
10.833	0.05556
10.834	0.17863
10.835	0.286766
10.836	0.344234
10.837	0.334465
10.838	0.260891
10.839	0.140862
10.84	0.000296
10.841	-0.129893
10.842	-0.220794
10.843	-0.256972
10.844	-0.243752
10.845	-0.201828
10.846	-0.153459
10.847	-0.112343
10.848	-0.082887
10.849	-0.06551
10.85	-0.062437
10.851	-0.079931
10.852	-0.124444
10.853	-0.19454
10.854	-0.275969
10.855	-0.345359
10.856	-0.379969
10.857	-0.366552
10.858	-0.305113
10.859	-0.208421
10.86	-0.099259
10.861	-0.00501
10.862	0.051536
10.863	0.062405
10.864	0.038195
10.865	0.00055
10.866	-0.031152
10.867	-0.048572
10.868	-0.053897
10.869	-0.052485
10.87	-0.044387
10.871	-0.021009
10.872	0.028895
10.873	0.106788
10.874	0.196631
10.875	0.270454
10.876	0.302703
10.877	0.281256
10.878	0.209131
10.879	0.100545
10.88	-0.022998
10.881	-0.135525
10.882	-0.212141
10.883	-0.239456
10.884	-0.223198
10.885	-0.183465
10.886	-0.141175
10.887	-0.108213
10.888	-0.087202
10.889	-0.077396
10.89	-0.080789
10.891	-0.10394
10.892	-0.153103
10.893	-0.225649
10.894	-0.306031
10.895	-0.37106
10.896	-0.400017
10.897	-0.381903
10.898	-0.31751
10.899	-0.218742
10.9	-0.106725
10.901	-0.007714
10.902	0.055009
10.903	0.071693
10.904	0.051291
10.905	0.014823
10.906	-0.01809
10.907	-0.038554
10.908	-0.048179
10.909	-0.051742
10.91	-0.048697
10.911	-0.029682
10.912	0.017643
10.913	0.095633
10.914	0.187877
10.915	0.264759
10.916	0.298975
10.917	0.277635
10.918	0.204393
10.919	0.094835
10.92	-0.028844
10.921	-0.140831
10.922	-0.215687
10.923	-0.237311
10.924	-0.207357
10.925	-0.143496
10.926	-0.066836
10.927	0.013196
10.928	0.10376
10.929	0.213382
10.93	0.327109
10.931	0.401141
10.932	0.389061
10.933	0.276245
10.934	0.091441
10.935	-0.110397
10.936	-0.275222
10.937	-0.367389
10.938	-0.374185
10.939	-0.304206
10.94	-0.184097
10.941	-0.052802
10.942	0.050141
10.943	0.100624
10.944	0.099263
10.945	0.065658
10.946	0.023283
10.947	-0.012794
10.948	-0.03863
10.949	-0.055602
10.95	-0.061664
10.951	-0.046911
10.952	0.000597
10.953	0.081382
10.954	0.17677
10.955	0.256276
10.956	0.293342
10.957	0.276112
10.958	0.208273
10.959	0.104284
10.96	-0.014766
10.961	-0.123365
10.962	-0.196954
10.963	-0.22267
10.964	-0.206813
10.965	-0.169763
10.966	-0.132416
10.967	-0.10623
10.968	-0.092967
10.969	-0.090758
10.97	-0.100342
10.971	-0.127169
10.972	-0.177032
10.973	-0.247632
10.974	-0.324305
10.975	-0.384948
10.976	-0.409733
10.977	-0.388117
10.978	-0.320631
10.979	-0.218042
10.98	-0.100448
10.981	0.005493
10.982	0.074863
10.983	0.096152
10.984	0.076995
10.985	0.037935
10.986	-0.000749
10.987	-0.028606
10.988	-0.045478
10.989	-0.054821
10.99	-0.055493
10.991	-0.038331
10.992	0.008031
10.993	0.084825
10.994	0.175554
10.995	0.25162
10.996	0.286541
10.997	0.267221
10.998	0.19642
10.999	0.089283
11.0	-0.030784
11.001	-0.136261
11.002	-0.203122
11.003	-0.221468
11.004	-0.200777
11.005	-0.162693
11.006	-0.126913
11.007	-0.102581
11.008	-0.089815
11.009	-0.086469
11.01	-0.094057
11.011	-0.119161
11.012	-0.168317
11.013	-0.239303
11.014	-0.317203
11.015	-0.379652
11.016	-0.406467
11.017	-0.386529
11.018	-0.319617
11.019	-0.215777
11.02	-0.094623
11.021	0.017101
11.022	0.093171
11.023	0.119543
11.024	0.101559
11.025	0.059226
11.026	0.014282
11.027	-0.02023
11.028	-0.041716
11.029	-0.052106
11.03	-0.04898
11.031	-0.021145
11.032	0.044835
11.033	0.150793
11.034	0.281243
11.035	0.414151
11.036	0.533313
11.037	0.624428
11.038	0.664517
11.039	0.628061
11.04	0.508739
11.041	0.332222
11.042	0.145215
11.043	-0.009775
11.044	-0.112798
11.045	-0.165843
11.046	-0.180133
11.047	-0.166379
11.048	-0.134201
11.049	-0.095879
11.05	-0.068023
11.051	-0.068417
11.052	-0.108246
11.053	-0.183823
11.054	-0.275157
11.055	-0.353992
11.056	-0.395615
11.057	-0.386718
11.058	-0.327017
11.059	-0.227611
11.06	-0.108933
11.061	0.002322
11.062	0.08027
11.063	0.110748
11.064	0.098298
11.065	0.061794
11.066	0.022262
11.067	-0.00727
11.068	-0.024231
11.069	-0.03163
11.07	-0.02985
11.071	-0.011622
11.072	0.033783
11.073	0.108241
11.074	0.195711
11.075	0.267181
11.076	0.296018
11.077	0.270137
11.078	0.194037
11.079	0.084309
11.08	-0.035388
11.081	-0.138186
11.082	-0.200521
11.083	-0.212936
11.084	-0.186092
11.085	-0.143079
11.086	-0.104312
11.087	-0.078449
11.088	-0.064188
11.089	-0.058236
11.09	-0.06243
11.091	-0.085083
11.092	-0.134779
11.093	-0.210375
11.094	-0.296161
11.095	-0.3675
11.096	-0.401874
11.097	-0.386713
11.098	-0.321591
11.099	-0.217569
11.1	-0.09562
11.101	0.016744
11.102	0.093314
11.103	0.120563
11.104	0.104167
11.105	0.063947
11.106	0.021557
11.107	-0.009468
11.108	-0.026029
11.109	-0.030927
11.11	-0.025256
11.111	-0.003323
11.112	0.043963
11.113	0.117751
11.114	0.202948
11.115	0.272845
11.116	0.302675
11.117	0.280368
11.118	0.208798
11.119	0.102371
11.12	-0.01656
11.121	-0.120543
11.122	-0.184481
11.123	-0.198244
11.124	-0.172893
11.125	-0.13186
11.126	-0.094967
11.127	-0.069472
11.128	-0.053093
11.129	-0.043128
11.13	-0.043463
11.131	-0.064725
11.132	-0.116603
11.133	-0.196996
11.134	-0.287934
11.135	-0.362799
11.136	-0.398023
11.137	-0.38031
11.138	-0.307486
11.139	-0.187498
11.14	-0.039435
11.141	0.1081
11.142	0.229865
11.143	0.321481
11.144	0.398587
11.145	0.472373
11.146	0.529996
11.147	0.543663
11.148	0.495752
11.149	0.393747
11.15	0.267154
11.151	0.154946
11.152	0.090866
11.153	0.089428
11.154	0.13919
11.155	0.209328
11.156	0.264569
11.157	0.278267
11.158	0.238993
11.159	0.151962
11.16	0.037736
11.161	-0.072682
11.162	-0.149383
11.163	-0.17836
11.164	-0.167848
11.165	-0.139224
11.166	-0.110918
11.167	-0.089595
11.168	-0.073252
11.169	-0.059987
11.17	-0.054566
11.171	-0.068423
11.172	-0.112198
11.173	-0.185167
11.174	-0.270623
11.175	-0.342076
11.176	-0.375263
11.177	-0.357458
11.178	-0.289988
11.179	-0.186037
11.18	-0.067634
11.181	0.03807
11.182	0.106289
11.183	0.125091
11.184	0.101313
11.185	0.055562
11.186	0.010001
11.187	-0.021534
11.188	-0.035819
11.189	-0.035856
11.19	-0.023629
11.191	0.004658
11.192	0.055638
11.193	0.129123
11.194	0.211302
11.195	0.278609
11.196	0.308779
11.197	0.289753
11.198	0.222067
11.199	0.117438
11.2	-0.002995
11.201	-0.111723
11.202	-0.182978
11.203	-0.205029
11.204	-0.186571
11.205	-0.149042
11.206	-0.111756
11.207	-0.083404
11.208	-0.064111
11.209	-0.052694
11.21	-0.052822
11.211	-0.074005
11.212	-0.125272
11.213	-0.204823
11.214	-0.294914
11.215	-0.367894
11.216	-0.398911
11.217	-0.375927
11.218	-0.302257
11.219	-0.19362
11.22	-0.073572
11.221	0.0314
11.222	0.098582
11.223	0.117732
11.224	0.096066
11.225	0.053476
11.226	0.011125
11.227	-0.017866
11.228	-0.030744
11.229	-0.030889
11.23	-0.020374
11.231	0.005067
11.232	0.053169
11.233	0.12514
11.234	0.207948
11.235	0.277683
11.236	0.311146
11.237	0.295432
11.238	0.230554
11.239	0.127917
11.24	0.008329
11.241	-0.100826
11.242	-0.173325
11.243	-0.196699
11.244	-0.178877
11.245	-0.139767
11.246	-0.095696
11.247	-0.052095
11.248	-0.007827
11.249	0.038698
11.25	0.089293
11.251	0.145778
11.252	0.202232
11.253	0.238857
11.254	0.232023
11.255	0.174243
11.256	0.082896
11.257	-0.00976
11.258	-0.073694
11.259	-0.092963
11.26	-0.069432
11.261	-0.020095
11.262	0.031213
11.263	0.065516
11.264	0.076688
11.265	0.06995
11.266	0.054346
11.267	0.036685
11.268	0.020147
11.269	0.006513
11.27	-7e-05
11.271	0.009129
11.272	0.044057
11.273	0.106749
11.274	0.184536
11.275	0.253812
11.276	0.291311
11.277	0.28321
11.278	0.227801
11.279	0.134386
11.28	0.021899
11.281	-0.08311
11.282	-0.153841
11.283	-0.17637
11.284	-0.157902
11.285	-0.120394
11.286	-0.085175
11.287	-0.062332
11.288	-0.051367
11.289	-0.049148
11.29	-0.057654
11.291	-0.085795
11.292	-0.142628
11.293	-0.225874
11.294	-0.316634
11.295	-0.386589
11.296	-0.411483
11.297	-0.380734
11.298	-0.299249
11.299	-0.183832
11.3	-0.058451
11.301	0.050161
11.302	0.119256
11.303	0.139268
11.304	0.118304
11.305	0.076362
11.306	0.033646
11.307	0.001932
11.308	-0.016563
11.309	-0.024323
11.31	-0.021663
11.311	-0.002567
11.312	0.041867
11.313	0.112899
11.314	0.196561
11.315	0.267925
11.316	0.303293
11.317	0.289756
11.318	0.227342
11.319	0.12685
11.32	0.008103
11.321	-0.101823
11.322	-0.175698
11.323	-0.199045
11.324	-0.17861
11.325	-0.136733
11.326	-0.096167
11.327	-0.068805
11.328	-0.055245
11.329	-0.052002
11.33	-0.059592
11.331	-0.085513
11.332	-0.138485
11.333	-0.217374
11.334	-0.305221
11.335	-0.374935
11.336	-0.402021
11.337	-0.37481
11.338	-0.297133
11.339	-0.185152
11.34	-0.06263
11.341	0.044086
11.342	0.113289
11.343	0.13636
11.344	0.121171
11.345	0.086015
11.346	0.048586
11.347	0.018705
11.348	-0.001698
11.349	-0.013859
11.35	-0.016397
11.351	-0.001954
11.352	0.039844
11.353	0.113206
11.354	0.208382
11.355	0.302873
11.356	0.371654
11.357	0.401276
11.358	0.39918
11.359	0.387622
11.36	0.383375
11.361	0.383607
11.362	0.372683
11.363	0.337734
11.364	0.275514
11.365	0.190931
11.366	0.095068
11.367	0.003834
11.368	-0.066163
11.369	-0.105102
11.37	-0.116827
11.371	-0.119651
11.372	-0.137238
11.373	-0.183017
11.374	-0.250024
11.375	-0.314592
11.376	-0.349817
11.377	-0.338403
11.378	-0.27839
11.379	-0.182083
11.38	-0.071428
11.381	0.028041
11.382	0.094733
11.383	0.11936
11.384	0.108718
11.385	0.080002
11.386	0.049816
11.387	0.026845
11.388	0.012055
11.389	0.00411
11.39	0.005532
11.391	0.024895
11.392	0.071489
11.393	0.14485
11.394	0.22884
11.395	0.297336
11.396	0.326794
11.397	0.305276
11.398	0.234044
11.399	0.125491
11.4	0.001124
11.401	-0.111068
11.402	-0.18386
11.403	-0.203396
11.404	-0.177548
11.405	-0.129968
11.406	-0.084629
11.407	-0.054319
11.408	-0.03972
11.409	-0.036407
11.41	-0.043507
11.411	-0.067637
11.412	-0.117847
11.413	-0.194393
11.414	-0.281721
11.415	-0.353255
11.416	-0.384149
11.417	-0.362018
11.418	-0.290103
11.419	-0.184064
11.42	-0.066653
11.421	0.036991
11.422	0.105142
11.423	0.127886
11.424	0.112088
11.425	0.076207
11.426	0.038677
11.427	0.009529
11.428	-0.009822
11.429	-0.020644
11.43	-0.020161
11.431	0.000637
11.432	0.051179
11.433	0.130065
11.434	0.219022
11.435	0.289923
11.436	0.318958
11.437	0.295796
11.438	0.223721
11.439	0.115817
11.44	-0.007198
11.441	-0.118026
11.442	-0.189248
11.443	-0.206785
11.444	-0.178918
11.445	-0.130043
11.446	-0.084606
11.447	-0.055181
11.448	-0.041624
11.449	-0.038465
11.45	-0.043933
11.451	-0.064352
11.452	-0.10956
11.453	-0.181494
11.454	-0.266399
11.455	-0.338864
11.456	-0.374034
11.457	-0.358244
11.458	-0.292611
11.459	-0.190373
11.46	-0.071732
11.461	0.040875
11.462	0.127761
11.463	0.178841
11.464	0.200311
11.465	0.215796
11.466	0.255617
11.467	0.334157
11.468	0.432386
11.469	0.507474
11.47	0.525625
11.471	0.487359
11.472	0.422506
11.473	0.363603
11.474	0.324179
11.475	0.297548
11.476	0.269432
11.477	0.228897
11.478	0.17079
11.479	0.094589
11.48	0.006379
11.481	-0.077863
11.482	-0.136526
11.483	-0.155807
11.484	-0.140159
11.485	-0.108459
11.486	-0.080131
11.487	-0.064379
11.488	-0.059604
11.489	-0.060466
11.49	-0.066156
11.491	-0.083845
11.492	-0.123666
11.493	-0.187946
11.494	-0.264243
11.495	-0.329013
11.496	-0.358478
11.497	-0.338626
11.498	-0.269602
11.499	-0.16479
11.5	-0.047236
11.501	0.055655
11.502	0.120439
11.503	0.137378
11.504	0.114657
11.505	0.072067
11.506	0.028857
11.507	-0.004485
11.508	-0.026005
11.509	-0.036435
11.51	-0.032944
11.511	-0.007305
11.512	0.048387
11.513	0.131329
11.514	0.222953
11.515	0.295789
11.516	0.326617
11.517	0.305149
11.518	0.234302
11.519	0.126897
11.52	0.003975
11.521	-0.106878
11.522	-0.178998
11.523	-0.199576
11.524	-0.17737
11.525	-0.136036
11.526	-0.098374
11.527	-0.075007
11.528	-0.064334
11.529	-0.060657
11.53	-0.063351
11.531	-0.080326
11.532	-0.122233
11.533	-0.191135
11.534	-0.273667
11.535	-0.345
11.536	-0.380028
11.537	-0.363589
11.538	-0.295054
11.539	-0.188016
11.54	-0.067013
11.541	0.038649
11.542	0.104519
11.543	0.121397
11.544	0.099073
11.545	0.05862
11.546	0.019251
11.547	-0.009594
11.548	-0.027001
11.549	-0.033943
11.55	-0.02707
11.551	0.002201
11.552	0.06107
11.553	0.14528
11.554	0.235377
11.555	0.304546
11.556	0.331647
11.557	0.308757
11.558	0.240001
11.559	0.137422
11.56	0.019446
11.561	-0.089491
11.562	-0.16427
11.563	-0.190886
11.564	-0.17512
11.565	-0.137821
11.566	-0.100445
11.567	-0.073333
11.568	-0.05408
11.569	-0.035097
11.57	-0.014459
11.571	-1e-05
11.572	0.001036
11.573	-0.002333
11.574	0.012719
11.575	0.059477
11.576	0.125662
11.577	0.184735
11.578	0.218434
11.579	0.22544
11.58	0.213004
11.581	0.185777
11.582	0.144255
11.583	0.092046
11.584	0.040732
11.585	0.004794
11.586	-0.008404
11.587	-0.003346
11.588	0.008308
11.589	0.017498
11.59	0.025355
11.591	0.043348
11.592	0.084579
11.593	0.150869
11.594	0.226521
11.595	0.285715
11.596	0.306818
11.597	0.281222
11.598	0.212945
11.599	0.114341
11.6	0.003689
11.601	-0.095551
11.602	-0.159997
11.603	-0.177863
11.604	-0.156524
11.605	-0.11672
11.606	-0.078828
11.607	-0.053383
11.608	-0.040971
11.609	-0.03845
11.61	-0.046077
11.611	-0.07058
11.612	-0.120562
11.613	-0.19626
11.614	-0.283092
11.615	-0.355991
11.616	-0.390616
11.617	-0.372881
11.618	-0.302839
11.619	-0.193944
11.62	-0.070021
11.621	0.039651
11.622	0.109329
11.623	0.1284
11.624	0.106505
11.625	0.065878
11.626	0.027179
11.627	0.000361
11.628	-0.014603
11.629	-0.020619
11.63	-0.016174
11.631	0.006899
11.632	0.057312
11.633	0.133164
11.634	0.216819
11.635	0.282436
11.636	0.308933
11.637	0.28741
11.638	0.220755
11.639	0.120432
11.64	0.004866
11.641	-0.101623
11.642	-0.174644
11.643	-0.200941
11.644	-0.185689
11.645	-0.147728
11.646	-0.107146
11.647	-0.076043
11.648	-0.057593
11.649	-0.050918
11.65	-0.05706
11.651	-0.081834
11.652	-0.131962
11.653	-0.20607
11.654	-0.28926
11.655	-0.357438
11.656	-0.387641
11.657	-0.36677
11.658	-0.295222
11.659	-0.186419
11.66	-0.064256
11.661	0.04204
11.662	0.107678
11.663	0.123799
11.664	0.101508
11.665	0.06334
11.666	0.028926
11.667	0.006451
11.668	-0.005711
11.669	-0.011291
11.67	-0.008617
11.671	0.011577
11.672	0.059613
11.673	0.135178
11.674	0.222044
11.675	0.295804
11.676	0.33679
11.677	0.336494
11.678	0.296852
11.679	0.23126
11.68	0.168593
11.681	0.146505
11.682	0.186536
11.683	0.271421
11.684	0.352232
11.685	0.3817
11.686	0.342243
11.687	0.248516
11.688	0.131634
11.689	0.021151
11.69	-0.06663
11.691	-0.131742
11.692	-0.184666
11.693	-0.234941
11.694	-0.282509
11.695	-0.317612
11.696	-0.327086
11.697	-0.301279
11.698	-0.238473
11.699	-0.147068
11.7	-0.045664
11.701	0.040886
11.702	0.090909
11.703	0.097262
11.704	0.071514
11.705	0.035603
11.706	0.007696
11.707	-0.006027
11.708	-0.009317
11.709	-0.007539
11.71	0.0005
11.711	0.024854
11.712	0.077356
11.713	0.158741
11.714	0.251407
11.715	0.325859
11.716	0.35567
11.717	0.328754
11.718	0.249004
11.719	0.131966
11.72	0.000455
11.721	-0.11862
11.722	-0.199875
11.723	-0.229525
11.724	-0.21271
11.725	-0.169247
11.726	-0.121063
11.727	-0.082332
11.728	-0.057707
11.729	-0.046675
11.73	-0.049849
11.731	-0.07231
11.732	-0.119877
11.733	-0.190403
11.734	-0.268862
11.735	-0.332045
11.736	-0.359005
11.737	-0.339075
11.738	-0.273977
11.739	-0.176354
11.74	-0.067363
11.741	0.027337
11.742	0.085576
11.743	0.099094
11.744	0.077878
11.745	0.042516
11.746	0.010894
11.747	-0.009633
11.748	-0.020842
11.749	-0.026444
11.75	-0.024322
11.751	-0.003562
11.752	0.049056
11.753	0.135274
11.754	0.236418
11.755	0.319833
11.756	0.355791
11.757	0.330507
11.758	0.248203
11.759	0.126125
11.76	-0.010854
11.761	-0.1338
11.762	-0.215666
11.763	-0.242329
11.764	-0.220353
11.765	-0.171868
11.766	-0.12071
11.767	-0.081749
11.768	-0.059151
11.769	-0.051243
11.77	-0.057119
11.771	-0.080295
11.772	-0.125617
11.773	-0.190969
11.774	-0.262414
11.775	-0.318842
11.776	-0.341757
11.777	-0.322078
11.778	-0.261485
11.779	-0.17092
11.78	-0.068842
11.781	0.021558
11.782	0.080159
11.783	0.101387
11.784	0.098013
11.785	0.090954
11.786	0.096672
11.787	0.125948
11.788	0.188221
11.789	0.286129
11.79	0.404917
11.791	0.516565
11.792	0.597364
11.793	0.637045
11.794	0.633115
11.795	0.584223
11.796	0.491569
11.797	0.36348
11.798	0.215685
11.799	0.067225
11.8	-0.062855
11.801	-0.156787
11.802	-0.201867
11.803	-0.197802
11.804	-0.159819
11.805	-0.111405
11.806	-0.072199
11.807	-0.050946
11.808	-0.04669
11.809	-0.054539
11.81	-0.071554
11.811	-0.099669
11.812	-0.142976
11.813	-0.200389
11.814	-0.260973
11.815	-0.307401
11.816	-0.324001
11.817	-0.302619
11.818	-0.24401
11.819	-0.157038
11.82	-0.058205
11.821	0.029966
11.822	0.085996
11.823	0.100637
11.824	0.082258
11.825	0.049829
11.826	0.019714
11.827	-0.002243
11.828	-0.018658
11.829	-0.03221
11.83	-0.037504
11.831	-0.019659
11.832	0.036609
11.833	0.132034
11.834	0.245122
11.835	0.340086
11.836	0.38404
11.837	0.360483
11.838	0.27259
11.839	0.139288
11.84	-0.009898
11.841	-0.140387
11.842	-0.222314
11.843	-0.243173
11.844	-0.213579
11.845	-0.159522
11.846	-0.107337
11.847	-0.0729
11.848	-0.059746
11.849	-0.06361
11.85	-0.079487
11.851	-0.106857
11.852	-0.148309
11.853	-0.202466
11.854	-0.259408
11.855	-0.303788
11.856	-0.321927
11.857	-0.306447
11.858	-0.25673
11.859	-0.178585
11.86	-0.085541
11.861	0.001399
11.862	0.060379
11.863	0.080226
11.864	0.067067
11.865	0.038333
11.866	0.009759
11.867	-0.012525
11.868	-0.030232
11.869	-0.045182
11.87	-0.051378
11.871	-0.033017
11.872	0.026724
11.873	0.129606
11.874	0.252798
11.875	0.35665
11.876	0.404259
11.877	0.377656
11.878	0.281913
11.879	0.140003
11.88	-0.014789
11.881	-0.146315
11.882	-0.225244
11.883	-0.240803
11.884	-0.205888
11.885	-0.148454
11.886	-0.095824
11.887	-0.063897
11.888	-0.055096
11.889	-0.062484
11.89	-0.076808
11.891	-0.092726
11.892	-0.110035
11.893	-0.12827
11.894	-0.138052
11.895	-0.118082
11.896	-0.047004
11.897	0.075025
11.898	0.217291
11.899	0.335062
11.9	0.395961
11.901	0.391835
11.902	0.33294
11.903	0.238882
11.904	0.134467
11.905	0.045596
11.906	-0.00945
11.907	-0.028044
11.908	-0.021966
11.909	-0.007987
11.91	-0.000222
11.911	-0.008907
11.912	-0.03996
11.913	-0.090767
11.914	-0.147372
11.915	-0.189984
11.916	-0.204016
11.917	-0.1871
11.918	-0.147118
11.919	-0.094432
11.92	-0.035786
11.921	0.024321
11.922	0.078446
11.923	0.116412
11.924	0.131073
11.925	0.122612
11.926	0.099016
11.927	0.072427
11.928	0.051716
11.929	0.037425
11.93	0.024279
11.931	0.006887
11.932	-0.017814
11.933	-0.050096
11.934	-0.085722
11.935	-0.115679
11.936	-0.13041
11.937	-0.12469
11.938	-0.098169
11.939	-0.053255
11.94	0.004889
11.941	0.06588
11.942	0.114735
11.943	0.140004
11.944	0.142837
11.945	0.135284
11.946	0.128397
11.947	0.123656
11.948	0.115971
11.949	0.101496
11.95	0.079997
11.951	0.052002
11.952	0.017756
11.953	-0.02006
11.954	-0.054706
11.955	-0.078089
11.956	-0.084703
11.957	-0.072979
11.958	-0.044326
11.959	-0.002068
11.96	0.048072
11.961	0.096688
11.962	0.132504
11.963	0.148698
11.964	0.147631
11.965	0.138012
11.966	0.127322
11.967	0.117345
11.968	0.106085
11.969	0.09198
11.97	0.074941
11.971	0.054265
11.972	0.028435
11.973	-0.001383
11.974	-0.02945
11.975	-0.048965
11.976	-0.056468
11.977	-0.05189
11.978	-0.035613
11.979	-0.00738
11.98	0.030888
11.981	0.071591
11.982	0.103175
11.983	0.117768
11.984	0.116968
11.985	0.109172
11.986	0.101732
11.987	0.096155
11.988	0.08969
11.989	0.079695
11.99	0.065473
11.991	0.046618
11.992	0.022265
11.993	-0.006119
11.994	-0.03279
11.995	-0.050449
11.996	-0.054194
11.997	-0.042402
11.998	-0.01564
11.999	0.023552
12.0	0.071106
12.001	0.124985
12.002	0.188204
12.003	0.26322
12.004	0.340743
12.005	0.398063
12.006	0.412471
12.007	0.37693
12.008	0.303993
12.009	0.216694
12.01	0.134734
12.011	0.066162
12.012	0.009953
12.013	-0.034906
12.014	-0.06448
12.015	-0.073909
12.016	-0.064084
12.017	-0.042373
12.018	-0.016909
12.019	0.008412
12.02	0.032666
12.021	0.053031
12.022	0.063774
12.023	0.061487
12.024	0.049912
12.025	0.03734
12.026	0.029489
12.027	0.026149
12.028	0.023825
12.029	0.019871
12.03	0.013586
12.031	0.004351
12.032	-0.009011
12.033	-0.025753
12.034	-0.041718
12.035	-0.052042
12.036	-0.054875
12.037	-0.05153
12.038	-0.043293
12.039	-0.029553
12.04	-0.010144
12.041	0.010955
12.042	0.026275
12.043	0.03093
12.044	0.027293
12.045	0.022163
12.046	0.020042
12.047	0.020208
12.048	0.019322
12.049	0.015316
12.05	0.008265
12.051	-0.001657
12.052	-0.014962
12.053	-0.030525
12.054	-0.044153
12.055	-0.051325
12.056	-0.051031
12.057	-0.045695
12.058	-0.037271
12.059	-0.024724
12.06	-0.006341
12.061	0.015651
12.062	0.034206
12.063	0.042885
12.064	0.041716
12.065	0.036104
12.066	0.03061
12.067	0.025395
12.068	0.018317
12.069	0.008813
12.07	-0.001596
12.071	-0.01235
12.072	-0.024983
12.073	-0.039661
12.074	-0.052496
12.075	-0.05851
12.076	-0.056647
12.077	-0.050316
12.078	-0.043245
12.079	-0.035971
12.08	-0.026802
12.081	-0.01602
12.082	-0.007684
12.083	-0.005606
12.084	-0.008642
12.085	-0.012032
12.086	-0.012607
12.087	-0.011165
12.088	-0.010311
12.089	-0.011414
12.09	-0.014465
12.091	-0.02023
12.092	-0.030217
12.093	-0.043286
12.094	-0.054118
12.095	-0.057291
12.096	-0.052543
12.097	-0.044627
12.098	-0.038099
12.099	-0.033269
12.1	-0.027663
12.101	-0.020976
12.102	-0.016695
12.103	-0.017243
12.104	-0.018944
12.105	-0.013922
12.106	0.00307
12.107	0.030873
12.108	0.066709
12.109	0.115316
12.11	0.188254
12.111	0.286775
12.112	0.386654
12.113	0.448456
12.114	0.445568
12.115	0.380195
12.116	0.2758
12.117	0.160677
12.118	0.057772
12.119	-0.017958
12.12	-0.059782
12.121	-0.069587
12.122	-0.056503
12.123	-0.032103
12.124	-0.005707
12.125	0.01643
12.126	0.029807
12.127	0.031809
12.128	0.023168
12.129	0.008013
12.13	-0.008909
12.131	-0.025554
12.132	-0.042026
12.133	-0.056393
12.134	-0.06354
12.135	-0.05994
12.136	-0.04814
12.137	-0.035076
12.138	-0.026132
12.139	-0.021112
12.14	-0.016184
12.141	-0.009651
12.142	-0.004402
12.143	-0.003823
12.144	-0.007213
12.145	-0.011004
12.146	-0.013322
12.147	-0.015585
12.148	-0.019895
12.149	-0.026255
12.15	-0.033084
12.151	-0.03985
12.152	-0.047427
12.153	-0.055041
12.154	-0.05891
12.155	-0.055795
12.156	-0.047077
12.157	-0.038058
12.158	-0.033157
12.159	-0.032124
12.16	-0.031266
12.161	-0.028333
12.162	-0.025055
12.163	-0.024173
12.164	-0.025499
12.165	-0.026399
12.166	-0.025186
12.167	-0.022419
12.168	-0.019194
12.169	-0.015803
12.17	-0.012954
12.171	-0.013316
12.172	-0.019516
12.173	-0.030004
12.174	-0.039093
12.175	-0.042257
12.176	-0.040319
12.177	-0.037943
12.178	-0.038605
12.179	-0.041436
12.18	-0.043101
12.181	-0.042232
12.182	-0.040817
12.183	-0.040889
12.184	-0.041559
12.185	-0.040834
12.186	-0.039182
12.187	-0.03936
12.188	-0.042974
12.189	-0.048481
12.19	-0.053103
12.191	-0.056224
12.192	-0.059484
12.193	-0.063132
12.194	-0.064222
12.195	-0.059831
12.196	-0.051203
12.197	-0.043426
12.198	-0.040688
12.199	-0.042458
12.2	-0.044825
12.201	-0.044989
12.202	-0.043347
12.203	-0.041249
12.204	-0.03859
12.205	-0.035047
12.206	-0.032325
12.207	-0.033147
12.208	-0.038123
12.209	-0.044672
12.21	-0.049597
12.211	-0.052189
12.212	-0.052897
12.213	-0.048776
12.214	-0.033278
12.215	-0.001658
12.216	0.047157
12.217	0.116435
12.218	0.212949
12.219	0.332996
12.22	0.448448
12.221	0.516382
12.222	0.50726
12.223	0.424183
12.224	0.297409
12.225	0.163309
12.226	0.047777
12.227	-0.03658
12.228	-0.085471
12.229	-0.099195
12.23	-0.083432
12.231	-0.051132
12.232	-0.019072
12.233	0.000908
12.234	0.007141
12.235	0.004592
12.236	-0.002333
12.237	-0.012904
12.238	-0.027496
12.239	-0.043914
12.24	-0.057276
12.241	-0.063516
12.242	-0.062211
12.243	-0.055369
12.244	-0.044985
12.245	-0.033234
12.246	-0.023525
12.247	-0.019074
12.248	-0.020086
12.249	-0.02319
12.25	-0.024739
12.251	-0.024863
12.252	-0.02689
12.253	-0.03231
12.254	-0.038228
12.255	-0.040908
12.256	-0.040526
12.257	-0.041149
12.258	-0.046202
12.259	-0.054478
12.26	-0.060918
12.261	-0.061574
12.262	-0.057057
12.263	-0.050373
12.264	-0.04314
12.265	-0.035756
12.266	-0.029763
12.267	-0.027554
12.268	-0.029464
12.269	-0.032443
12.27	-0.03294
12.271	-0.031068
12.272	-0.030364
12.273	-0.032759
12.274	-0.035407
12.275	-0.033878
12.276	-0.027661
12.277	-0.021258
12.278	-0.019837
12.279	-0.024233
12.28	-0.030577
12.281	-0.034929
12.282	-0.036968
12.283	-0.038186
12.284	-0.038651
12.285	-0.037722
12.286	-0.036644
12.287	-0.038048
12.288	-0.042489
12.289	-0.046791
12.29	-0.047138
12.291	-0.043666
12.292	-0.040459
12.293	-0.040456
12.294	-0.042214
12.295	-0.042766
12.296	-0.042017
12.297	-0.04292
12.298	-0.047728
12.299	-0.054828
12.3	-0.059703
12.301	-0.059265
12.302	-0.054483
12.303	-0.048305
12.304	-0.04255
12.305	-0.037973
12.306	-0.035818
12.307	-0.037243
12.308	-0.040998
12.309	-0.043058
12.31	-0.039985
12.311	-0.03297
12.312	-0.027305
12.313	-0.026906
12.314	-0.030566
12.315	-0.034453
12.316	-0.036931
12.317	-0.039797
12.318	-0.044999
12.319	-0.050439
12.32	-0.049672
12.321	-0.036574
12.322	-0.009588
12.323	0.0306
12.324	0.088093
12.325	0.173091
12.326	0.28929
12.327	0.416861
12.328	0.513985
12.329	0.542304
12.33	0.491618
12.331	0.380987
12.332	0.24257
12.333	0.10732
12.334	-0.00132
12.335	-0.070048
12.336	-0.096953
12.337	-0.090369
12.338	-0.064527
12.339	-0.033583
12.34	-0.007617
12.341	0.00782
12.342	0.01089
12.343	0.003452
12.344	-0.009648
12.345	-0.023658
12.346	-0.036819
12.347	-0.049316
12.348	-0.05971
12.349	-0.063823
12.35	-0.058189
12.351	-0.044591
12.352	-0.029799
12.353	-0.019851
12.354	-0.015537
12.355	-0.013997
12.356	-0.013263
12.357	-0.014055
12.358	-0.017538
12.359	-0.022763
12.36	-0.027428
12.361	-0.030877
12.362	-0.034776
12.363	-0.040217
12.364	-0.045806
12.365	-0.049905
12.366	-0.053283
12.367	-0.057763
12.368	-0.062741
12.369	-0.064391
12.37	-0.059176
12.371	-0.048276
12.372	-0.037378
12.373	-0.031414
12.374	-0.030526
12.375	-0.031424
12.376	-0.03151
12.377	-0.030984
12.378	-0.03135
12.379	-0.032865
12.38	-0.034267
12.381	-0.034765
12.382	-0.035007
12.383	-0.035353
12.384	-0.034738
12.385	-0.032797
12.386	-0.031653
12.387	-0.033739
12.388	-0.038378
12.389	-0.041624
12.39	-0.03997
12.391	-0.034289
12.392	-0.029185
12.393	-0.028112
12.394	-0.030307
12.395	-0.03274
12.396	-0.033744
12.397	-0.034074
12.398	-0.034988
12.399	-0.036316
12.4	-0.036884
12.401	-0.036714
12.402	-0.037797
12.403	-0.041646
12.404	-0.046981
12.405	-0.051404
12.406	-0.054511
12.407	-0.057592
12.408	-0.060504
12.409	-0.060275
12.41	-0.054047
12.411	-0.043406
12.412	-0.034228
12.413	-0.031325
12.414	-0.034102
12.415	-0.037952
12.416	-0.039114
12.417	-0.037502
12.418	-0.035381
12.419	-0.034514
12.42	-0.035107
12.421	-0.037049
12.422	-0.040772
12.423	-0.045958
12.424	-0.050683
12.425	-0.053342
12.426	-0.054152
12.427	-0.052885
12.428	-0.04552
12.429	-0.025134
12.43	0.013279
12.431	0.071584
12.432	0.153363
12.433	0.262675
12.434	0.389294
12.435	0.499153
12.436	0.549933
12.437	0.519304
12.438	0.417833
12.439	0.278598
12.44	0.137569
12.441	0.020275
12.442	-0.06074
12.443	-0.102224
12.444	-0.107164
12.445	-0.084924
12.446	-0.050734
12.447	-0.020558
12.448	-0.003766
12.449	-1.6e-05
12.45	-0.003441
12.451	-0.009948
12.452	-0.019784
12.453	-0.033496
12.454	-0.047944
12.455	-0.057807
12.456	-0.060021
12.457	-0.055657
12.458	-0.047937
12.459	-0.039296
12.46	-0.030746
12.461	-0.023619
12.462	-0.020134
12.463	-0.021062
12.464	-0.024254
12.465	-0.02695
12.466	-0.028881
12.467	-0.031946
12.468	-0.036966
12.469	-0.041833
12.47	-0.043702
12.471	-0.042821
12.472	-0.042896
12.473	-0.046946
12.474	-0.053786
12.475	-0.05934
12.476	-0.060545
12.477	-0.057462
12.478	-0.052185
12.479	-0.046523
12.48	-0.041291
12.481	-0.037599
12.482	-0.037093
12.483	-0.039746
12.484	-0.042767
12.485	-0.043308
12.486	-0.041733
12.487	-0.040903
12.488	-0.042277
12.489	-0.043698
12.49	-0.041738
12.491	-0.036289
12.492	-0.0317
12.493	-0.032226
12.494	-0.037225
12.495	-0.042041
12.496	-0.042956
12.497	-0.040264
12.498	-0.036685
12.499	-0.033915
12.5	-0.031987
12.501	-0.031532
12.502	-0.034209
12.503	-0.039733
12.504	-0.04442
12.505	-0.044648
12.506	-0.041097
12.507	-0.03816
12.508	-0.039322
12.509	-0.043846
12.51	-0.04822
12.511	-0.050592
12.512	-0.052555
12.513	-0.05605
12.514	-0.060091
12.515	-0.061601
12.516	-0.058623
12.517	-0.052032
12.518	-0.04444
12.519	-0.038092
12.52	-0.034206
12.521	-0.033696
12.522	-0.036917
12.523	-0.041985
12.524	-0.044809
12.525	-0.042642
12.526	-0.037377
12.527	-0.034055
12.528	-0.035977
12.529	-0.041709
12.53	-0.047073
12.531	-0.049956
12.532	-0.052132
12.533	-0.055631
12.534	-0.058221
12.535	-0.053308
12.536	-0.034473
12.537	0.000294
12.538	0.05079
12.539	0.121626
12.54	0.221203
12.541	0.345566
12.542	0.464625
12.543	0.534257
12.544	0.526357
12.545	0.445208
12.546	0.318146
12.547	0.17745
12.548	0.050124
12.549	-0.04445
12.55	-0.09601
12.551	-0.10596
12.552	-0.086564
12.553	-0.054576
12.554	-0.02401
12.555	-0.002836
12.556	0.006461
12.557	0.004974
12.558	-0.004127
12.559	-0.01679
12.56	-0.029599
12.561	-0.041034
12.562	-0.050906
12.563	-0.058003
12.564	-0.059352
12.565	-0.053255
12.566	-0.042358
12.567	-0.032222
12.568	-0.026681
12.569	-0.024974
12.57	-0.023767
12.571	-0.021761
12.572	-0.021026
12.573	-0.023579
12.574	-0.028452
12.575	-0.03298
12.576	-0.035872
12.577	-0.038084
12.578	-0.041067
12.579	-0.045057
12.58	-0.049311
12.581	-0.05357
12.582	-0.058254
12.583	-0.062461
12.584	-0.06317
12.585	-0.058161
12.586	-0.049184
12.587	-0.040965
12.588	-0.037022
12.589	-0.036853
12.59	-0.037487
12.591	-0.037512
12.592	-0.038376
12.593	-0.041524
12.594	-0.045769
12.595	-0.048331
12.596	-0.047607
12.597	-0.04419
12.598	-0.039768
12.599	-0.035842
12.6	-0.033457
12.601	-0.033491
12.602	-0.036155
12.603	-0.039691
12.604	-0.040841
12.605	-0.037906
12.606	-0.032866
12.607	-0.029793
12.608	-0.031171
12.609	-0.035667
12.61	-0.039692
12.611	-0.041216
12.612	-0.041224
12.613	-0.041403
12.614	-0.042015
12.615	-0.04259
12.616	-0.043348
12.617	-0.044955
12.618	-0.047258
12.619	-0.048931
12.62	-0.048864
12.621	-0.047938
12.622	-0.048296
12.623	-0.050138
12.624	-0.050563
12.625	-0.046855
12.626	-0.040177
12.627	-0.034939
12.628	-0.034467
12.629	-0.037766
12.63	-0.040907
12.631	-0.041411
12.632	-0.040335
12.633	-0.039866
12.634	-0.04042
12.635	-0.041064
12.636	-0.041602
12.637	-0.042945
12.638	-0.045567
12.639	-0.048404
12.64	-0.049719
12.641	-0.048429
12.642	-0.043024
12.643	-0.029376
12.644	-0.002114
12.645	0.041901
12.646	0.104978
12.647	0.192114
12.648	0.304113
12.649	0.422685
12.65	0.509853
12.651	0.52985
12.652	0.472525
12.653	0.357179
12.654	0.218116
12.655	0.087211
12.656	-0.014807
12.657	-0.078466
12.658	-0.102903
12.659	-0.093915
12.66	-0.063051
12.661	-0.025918
12.662	0.002728
12.663	0.015398
12.664	0.013989
12.665	0.00524
12.666	-0.005812
12.667	-0.018182
12.668	-0.03207
12.669	-0.045332
12.67	-0.053824
12.671	-0.055225
12.672	-0.051347
12.673	-0.04591
12.674	-0.041138
12.675	-0.037291
12.676	-0.034211
12.677	-0.031946
12.678	-0.029834
12.679	-0.026157
12.68	-0.020072
12.681	-0.013878
12.682	-0.011818
12.683	-0.0157
12.684	-0.022635
12.685	-0.02829
12.686	-0.031742
12.687	-0.035844
12.688	-0.043051
12.689	-0.052025
12.69	-0.058816
12.691	-0.061005
12.692	-0.059562
12.693	-0.056682
12.694	-0.053585
12.695	-0.050783
12.696	-0.048802
12.697	-0.047834
12.698	-0.04699
12.699	-0.044556
12.7	-0.03976
12.701	-0.034371
12.702	-0.031582
12.703	-0.032552
12.704	-0.034744
12.705	-0.034736
12.706	-0.032291
12.707	-0.030659
12.708	-0.032716
12.709	-0.037314
12.71	-0.040367
12.711	-0.039872
12.712	-0.038329
12.713	-0.039387
12.714	-0.043754
12.715	-0.049203
12.716	-0.053267
12.717	-0.054719
12.718	-0.052726
12.719	-0.046169
12.72	-0.035231
12.721	-0.023381
12.722	-0.016102
12.723	-0.016371
12.724	-0.022011
12.725	-0.028465
12.726	-0.03346
12.727	-0.038123
12.728	-0.044089
12.729	-0.050493
12.73	-0.054612
12.731	-0.055335
12.732	-0.054452
12.733	-0.054221
12.734	-0.055197
12.735	-0.056605
12.736	-0.0575
12.737	-0.056941
12.738	-0.053446
12.739	-0.045382
12.74	-0.032932
12.741	-0.019755
12.742	-0.011493
12.743	-0.011251
12.744	-0.016897
12.745	-0.023735
12.746	-0.029203
12.747	-0.03404
12.748	-0.039
12.749	-0.041115
12.75	-0.034421
12.751	-0.015117
12.752	0.016007
12.753	0.059145
12.754	0.122274
12.755	0.215797
12.756	0.334367
12.757	0.446625
12.758	0.510687
12.759	0.502366
12.76	0.427701
12.761	0.312274
12.762	0.184594
12.763	0.068304
12.764	-0.019102
12.765	-0.068078
12.766	-0.07933
12.767	-0.063082
12.768	-0.034173
12.769	-0.005778
12.77	0.013752
12.771	0.020079
12.772	0.011974
12.773	-0.007846
12.774	-0.033002
12.775	-0.056353
12.776	-0.072917
12.777	-0.080197
12.778	-0.07691
12.779	-0.062798
12.78	-0.040249
12.781	-0.015618
12.782	0.002824
12.783	0.010091
12.784	0.007746
12.785	0.001553
12.786	-0.003763
12.787	-0.007286
12.788	-0.010357
12.789	-0.01372
12.79	-0.01735
12.791	-0.022532
12.792	-0.031876
12.793	-0.046285
12.794	-0.063219
12.795	-0.078458
12.796	-0.088547
12.797	-0.091289
12.798	-0.085118
12.799	-0.06942
12.8	-0.046394
12.801	-0.022445
12.802	-0.005834
12.803	-0.00118
12.804	-0.006288
12.805	-0.014707
12.806	-0.021001
12.807	-0.023709
12.808	-0.02427
12.809	-0.024404
12.81	-0.025309
12.811	-0.028836
12.812	-0.037282
12.813	-0.050828
12.814	-0.066444
12.815	-0.079909
12.816	-0.087744
12.817	-0.087366
12.818	-0.077209
12.819	-0.057964
12.82	-0.033971
12.821	-0.012833
12.822	-0.001946
12.823	-0.003691
12.824	-0.013778
12.825	-0.024718
12.826	-0.031112
12.827	-0.032036
12.828	-0.029527
12.829	-0.026257
12.83	-0.025095
12.831	-0.029659
12.832	-0.042785
12.833	-0.063366
12.834	-0.086042
12.835	-0.104417
12.836	-0.113871
12.837	-0.111945
12.838	-0.097818
12.839	-0.072679
12.84	-0.04117
12.841	-0.011873
12.842	0.005698
12.843	0.006912
12.844	-0.004411
12.845	-0.018745
12.846	-0.027586
12.847	-0.028042
12.848	-0.022468
12.849	-0.015427
12.85	-0.011671
12.851	-0.015881
12.852	-0.031341
12.853	-0.056965
12.854	-0.086459
12.855	-0.110984
12.856	-0.122013
12.857	-0.112456
12.858	-0.077896
12.859	-0.0191
12.86	0.057835
12.861	0.147287
12.862	0.24895
12.863	0.360259
12.864	0.462922
12.865	0.524981
12.866	0.521567
12.867	0.452408
12.868	0.339831
12.869	0.213497
12.87	0.096686
12.871	0.001615
12.872	-0.067636
12.873	-0.110311
12.874	-0.127369
12.875	-0.122686
12.876	-0.103124
12.877	-0.076084
12.878	-0.046813
12.879	-0.018193
12.88	0.006836
12.881	0.023076
12.882	0.024498
12.883	0.009347
12.884	-0.016202
12.885	-0.040689
12.886	-0.054147
12.887	-0.052894
12.888	-0.039695
12.889	-0.021091
12.89	-0.005129
12.891	-0.000192
12.892	-0.012134
12.893	-0.039939
12.894	-0.074936
12.895	-0.105193
12.896	-0.12097
12.897	-0.117561
12.898	-0.095436
12.899	-0.05964
12.9	-0.019428
12.901	0.013022
12.902	0.026618
12.903	0.017468
12.904	-0.007848
12.905	-0.036059
12.906	-0.055302
12.907	-0.060923
12.908	-0.05509
12.909	-0.040811
12.91	-0.014631
12.911	0.035557
12.912	0.122622
12.913	0.244983
12.914	0.377377
12.915	0.479307
12.916	0.515336
12.917	0.470305
12.918	0.351639
12.919	0.183764
12.92	0.001382
12.921	-0.157069
12.922	-0.259299
12.923	-0.292351
12.924	-0.268432
12.925	-0.21519
12.926	-0.158822
12.927	-0.113779
12.928	-0.082801
12.929	-0.063056
12.93	-0.053411
12.931	-0.05789
12.932	-0.081718
12.933	-0.123375
12.934	-0.171456
12.935	-0.209665
12.936	-0.224692
12.937	-0.210776
12.938	-0.16995
12.939	-0.110635
12.94	-0.046245
12.941	0.007045
12.942	0.035232
12.943	0.033353
12.944	0.008968
12.945	-0.022135
12.946	-0.045208
12.947	-0.053736
12.948	-0.049804
12.949	-0.037834
12.95	-0.016139
12.951	0.026597
12.952	0.103759
12.953	0.214925
12.954	0.336527
12.955	0.430732
12.956	0.46499
12.957	0.425578
12.958	0.318974
12.959	0.16635
12.96	-0.001848
12.961	-0.150161
12.962	-0.24684
12.963	-0.277352
12.964	-0.250198
12.965	-0.187514
12.966	-0.110337
12.967	-0.029681
12.968	0.056105
12.969	0.156805
12.97	0.274268
12.971	0.384823
12.972	0.444344
12.973	0.419008
12.974	0.311665
12.975	0.159085
12.976	0.008743
12.977	-0.101855
12.978	-0.153475
12.979	-0.145274
12.98	-0.092133
12.981	-0.020075
12.982	0.042256
12.983	0.075071
12.984	0.074974
12.985	0.052855
12.986	0.024546
12.987	0.001489
12.988	-0.012764
12.989	-0.018742
12.99	-0.013234
12.991	0.015038
12.992	0.078993
12.993	0.178437
12.994	0.291398
12.995	0.382378
12.996	0.420364
12.997	0.391411
12.998	0.299911
12.999	0.163806
13.0	0.010784
13.001	-0.124987
13.002	-0.212536
13.003	-0.239267
13.004	-0.217452
13.005	-0.173405
13.006	-0.129743
13.007	-0.096354
13.008	-0.07368
13.009	-0.060913
13.01	-0.061339
13.011	-0.081667
13.012	-0.125624
13.013	-0.187073
13.014	-0.249973
13.015	-0.295269
13.016	-0.308368
13.017	-0.283109
13.018	-0.222307
13.019	-0.136762
13.02	-0.044043
13.021	0.034359
13.022	0.079756
13.023	0.084982
13.024	0.058543
13.025	0.019556
13.026	-0.01328
13.027	-0.030516
13.028	-0.033225
13.029	-0.026739
13.03	-0.011199
13.031	0.022944
13.032	0.087718
13.033	0.182591
13.034	0.286396
13.035	0.365958
13.036	0.393519
13.037	0.357841
13.038	0.264246
13.039	0.130394
13.04	-0.016291
13.041	-0.142369
13.042	-0.219165
13.043	-0.237256
13.044	-0.211107
13.045	-0.167245
13.046	-0.1269
13.047	-0.098057
13.048	-0.079492
13.049	-0.069125
13.05	-0.069656
13.051	-0.088373
13.052	-0.130766
13.053	-0.192728
13.054	-0.259114
13.055	-0.309871
13.056	-0.328067
13.057	-0.30512
13.058	-0.242462
13.059	-0.151129
13.06	-0.050039
13.061	0.037807
13.062	0.092169
13.063	0.104059
13.064	0.080279
13.065	0.03908
13.066	-0.000308
13.067	-0.026664
13.068	-0.038921
13.069	-0.040631
13.07	-0.03053
13.071	0.002855
13.072	0.074994
13.073	0.189386
13.074	0.327581
13.075	0.459662
13.076	0.565264
13.077	0.638456
13.078	0.671578
13.079	0.64583
13.08	0.547862
13.081	0.392625
13.082	0.221534
13.083	0.075637
13.084	-0.02716
13.085	-0.090423
13.086	-0.123046
13.087	-0.12951
13.088	-0.112579
13.089	-0.080453
13.09	-0.050069
13.091	-0.042862
13.092	-0.073643
13.093	-0.140114
13.094	-0.222494
13.095	-0.293473
13.096	-0.33002
13.097	-0.32019
13.098	-0.264419
13.099	-0.174164
13.1	-0.069539
13.101	0.024722
13.102	0.08652
13.103	0.105602
13.104	0.088294
13.105	0.052728
13.106	0.018025
13.107	-0.004621
13.108	-0.013904
13.109	-0.013356
13.11	-0.003238
13.111	0.023895
13.112	0.078141
13.113	0.159489
13.114	0.249556
13.115	0.318284
13.116	0.339947
13.117	0.304157
13.118	0.216513
13.119	0.094003
13.12	-0.038665
13.121	-0.151781
13.122	-0.218799
13.123	-0.23012
13.124	-0.199224
13.125	-0.152081
13.126	-0.109814
13.127	-0.080152
13.128	-0.061322
13.129	-0.051145
13.13	-0.053249
13.131	-0.076467
13.132	-0.127315
13.133	-0.200942
13.134	-0.279312
13.135	-0.338921
13.136	-0.361052
13.137	-0.337301
13.138	-0.269938
13.139	-0.170693
13.14	-0.059733
13.141	0.037378
13.142	0.097841
13.143	0.112287
13.144	0.08918
13.145	0.04842
13.146	0.009748
13.147	-0.015641
13.148	-0.026444
13.149	-0.026278
13.15	-0.015799
13.151	0.011798
13.152	0.06562
13.153	0.144555
13.154	0.230329
13.155	0.294949
13.156	0.315245
13.157	0.282007
13.158	0.200276
13.159	0.08558
13.16	-0.038613
13.161	-0.14344
13.162	-0.2036
13.163	-0.211057
13.164	-0.179939
13.165	-0.135358
13.166	-0.096601
13.167	-0.069598
13.168	-0.051728
13.169	-0.04123
13.17	-0.043009
13.171	-0.067291
13.172	-0.121454
13.173	-0.200729
13.174	-0.286427
13.175	-0.353588
13.176	-0.381234
13.177	-0.358311
13.178	-0.284164
13.179	-0.167466
13.18	-0.026688
13.181	0.112376
13.182	0.228756
13.183	0.320671
13.184	0.402318
13.185	0.480919
13.186	0.540827
13.187	0.554787
13.188	0.508315
13.189	0.411871
13.19	0.295373
13.191	0.195472
13.192	0.142197
13.193	0.146415
13.194	0.194505
13.195	0.256042
13.196	0.298643
13.197	0.299377
13.198	0.249342
13.199	0.154596
13.2	0.03588
13.201	-0.075592
13.202	-0.150311
13.203	-0.176032
13.204	-0.163217
13.205	-0.134005
13.206	-0.105652
13.207	-0.083478
13.208	-0.065814
13.209	-0.052638
13.21	-0.050367
13.211	-0.070174
13.212	-0.120096
13.213	-0.195902
13.214	-0.27895
13.215	-0.34349
13.216	-0.367741
13.217	-0.341565
13.218	-0.2682
13.219	-0.162331
13.22	-0.047
13.221	0.051274
13.222	0.110523
13.223	0.12229
13.224	0.09525
13.225	0.049564
13.226	0.005948
13.227	-0.023018
13.228	-0.035106
13.229	-0.034139
13.23	-0.022188
13.231	0.005623
13.232	0.057535
13.233	0.133935
13.234	0.219321
13.235	0.287104
13.236	0.313265
13.237	0.286697
13.238	0.210998
13.239	0.101688
13.24	-0.017034
13.241	-0.11684
13.242	-0.17452
13.243	-0.183874
13.244	-0.158965
13.245	-0.122608
13.246	-0.091033
13.247	-0.068755
13.248	-0.054114
13.249	-0.046938
13.25	-0.052535
13.251	-0.080417
13.252	-0.137359
13.253	-0.218429
13.254	-0.304289
13.255	-0.368523
13.256	-0.389385
13.257	-0.357796
13.258	-0.278804
13.259	-0.16892
13.26	-0.052008
13.261	0.045963
13.262	0.104339
13.263	0.115948
13.264	0.09014
13.265	0.046974
13.266	0.006578
13.267	-0.019274
13.268	-0.029279
13.269	-0.028041
13.27	-0.017878
13.271	0.006719
13.272	0.05557
13.273	0.130745
13.274	0.217253
13.275	0.287638
13.276	0.316536
13.277	0.29192
13.278	0.217084
13.279	0.107081
13.28	-0.015119
13.281	-0.121953
13.282	-0.188672
13.283	-0.205356
13.284	-0.182073
13.285	-0.138751
13.286	-0.089846
13.287	-0.039052
13.288	0.015545
13.289	0.076609
13.29	0.146174
13.291	0.2201
13.292	0.279533
13.293	0.295206
13.294	0.24873
13.295	0.150402
13.296	0.03479
13.297	-0.059486
13.298	-0.10708
13.299	-0.101943
13.3	-0.05546
13.301	0.00924
13.302	0.06659
13.303	0.099365
13.304	0.104317
13.305	0.089268
13.306	0.065637
13.307	0.042075
13.308	0.022119
13.309	0.006478
13.31	-0.00161
13.311	0.007325
13.312	0.044842
13.313	0.112827
13.314	0.195451
13.315	0.265081
13.316	0.296752
13.317	0.278302
13.318	0.211573
13.319	0.109346
13.32	-0.006813
13.321	-0.108938
13.322	-0.171374
13.323	-0.184515
13.324	-0.160426
13.325	-0.122653
13.326	-0.090064
13.327	-0.069066
13.328	-0.05763
13.329	-0.054257
13.33	-0.063986
13.331	-0.097096
13.332	-0.160293
13.333	-0.246787
13.334	-0.33504
13.335	-0.398003
13.336	-0.414858
13.337	-0.377828
13.338	-0.292763
13.339	-0.176391
13.34	-0.053015
13.341	0.050164
13.342	0.111507
13.343	0.124249
13.344	0.098909
13.345	0.055991
13.346	0.014862
13.347	-0.013531
13.348	-0.027417
13.349	-0.029902
13.35	-0.022011
13.351	0.002189
13.352	0.051894
13.353	0.127715
13.354	0.21346
13.355	0.281659
13.356	0.307886
13.357	0.281189
13.358	0.205197
13.359	0.094462
13.36	-0.028014
13.361	-0.133414
13.362	-0.196057
13.363	-0.207035
13.364	-0.179554
13.365	-0.138267
13.366	-0.102732
13.367	-0.079854
13.368	-0.067861
13.369	-0.064644
13.37	-0.073944
13.371	-0.10528
13.372	-0.165731
13.373	-0.249289
13.374	-0.334737
13.375	-0.395061
13.376	-0.410112
13.377	-0.373334
13.378	-0.290909
13.379	-0.178167
13.38	-0.056952
13.381	0.047607
13.382	0.113754
13.383	0.131841
13.384	0.108954
13.385	0.064472
13.386	0.019269
13.387	-0.013443
13.388	-0.030567
13.389	-0.035173
13.39	-0.028812
13.391	-0.004985
13.392	0.048586
13.393	0.13669
13.394	0.244636
13.395	0.343666
13.396	0.411813
13.397	0.448656
13.398	0.46675
13.399	0.469585
13.4	0.444716
13.401	0.381645
13.402	0.289471
13.403	0.191245
13.404	0.105459
13.405	0.03737
13.406	-0.015509
13.407	-0.054493
13.408	-0.076672
13.409	-0.079954
13.41	-0.071954
13.411	-0.072452
13.412	-0.101958
13.413	-0.165069
13.414	-0.244998
13.415	-0.312603
13.416	-0.340975
13.417	-0.31731
13.418	-0.246905
13.419	-0.14741
13.42	-0.039401
13.421	0.057698
13.422	0.126398
13.423	0.156459
13.424	0.15115
13.425	0.124814
13.426	0.093213
13.427	0.066552
13.428	0.049299
13.429	0.042901
13.43	0.049042
13.431	0.073257
13.432	0.123201
13.433	0.198461
13.434	0.282761
13.435	0.348643
13.436	0.370047
13.437	0.333678
13.438	0.244204
13.439	0.1214
13.44	-0.007534
13.441	-0.114385
13.442	-0.1757
13.443	-0.182065
13.444	-0.144777
13.445	-0.089372
13.446	-0.039497
13.447	-0.005768
13.448	0.012695
13.449	0.019064
13.45	0.010695
13.451	-0.021663
13.452	-0.085307
13.453	-0.174221
13.454	-0.266682
13.455	-0.335014
13.456	-0.358436
13.457	-0.329425
13.458	-0.25263
13.459	-0.141505
13.46	-0.016691
13.461	0.09538
13.462	0.168986
13.463	0.190886
13.464	0.167826
13.465	0.121561
13.466	0.075386
13.467	0.043064
13.468	0.026756
13.469	0.022807
13.47	0.03003
13.471	0.054245
13.472	0.103786
13.473	0.177775
13.474	0.259106
13.475	0.321105
13.476	0.341381
13.477	0.310384
13.478	0.231511
13.479	0.118438
13.48	-0.005736
13.481	-0.110765
13.482	-0.169858
13.483	-0.174961
13.484	-0.141464
13.485	-0.095937
13.486	-0.058681
13.487	-0.035685
13.488	-0.023142
13.489	-0.017558
13.49	-0.023001
13.491	-0.050448
13.492	-0.108665
13.493	-0.19318
13.494	-0.283728
13.495	-0.352822
13.496	-0.377841
13.497	-0.348588
13.498	-0.268152
13.499	-0.150083
13.5	-0.01618
13.501	0.105905
13.502	0.191824
13.503	0.236081
13.504	0.257832
13.505	0.283679
13.506	0.321644
13.507	0.354519
13.508	0.358233
13.509	0.324355
13.51	0.26783
13.511	0.218017
13.512	0.200703
13.513	0.221886
13.514	0.264665
13.515	0.301535
13.516	0.310395
13.517	0.281473
13.518	0.214777
13.519	0.117028
13.52	0.003525
13.521	-0.100558
13.522	-0.168645
13.523	-0.188487
13.524	-0.169771
13.525	-0.134897
13.526	-0.102602
13.527	-0.079515
13.528	-0.063631
13.529	-0.053164
13.53	-0.053072
13.531	-0.074514
13.532	-0.126355
13.533	-0.204656
13.534	-0.289879
13.535	-0.354794
13.536	-0.376675
13.537	-0.345768
13.538	-0.266844
13.539	-0.156222
13.54	-0.037794
13.541	0.061966
13.542	0.121823
13.543	0.134417
13.544	0.109255
13.545	0.066374
13.546	0.02526
13.547	-0.003005
13.548	-0.016695
13.549	-0.018598
13.55	-0.00896
13.551	0.018176
13.552	0.070172
13.553	0.145232
13.554	0.226859
13.555	0.29007
13.556	0.313602
13.557	0.287749
13.558	0.214895
13.559	0.107633
13.56	-0.011807
13.561	-0.11399
13.562	-0.172156
13.563	-0.176959
13.564	-0.142541
13.565	-0.095595
13.566	-0.05739
13.567	-0.034786
13.568	-0.024474
13.569	-0.022974
13.57	-0.033662
13.571	-0.066193
13.572	-0.12818
13.573	-0.215072
13.574	-0.307172
13.575	-0.376942
13.576	-0.40105
13.577	-0.369266
13.578	-0.28679
13.579	-0.17174
13.58	-0.050247
13.581	0.05016
13.582	0.108854
13.583	0.119936
13.584	0.094122
13.585	0.051667
13.586	0.01142
13.587	-0.016297
13.588	-0.029958
13.589	-0.031819
13.59	-0.021406
13.591	0.007282
13.592	0.060646
13.593	0.135541
13.594	0.21493
13.595	0.27486
13.596	0.296067
13.597	0.270278
13.598	0.199862
13.599	0.096011
13.6	-0.021465
13.601	-0.125432
13.602	-0.189878
13.603	-0.204261
13.604	-0.18015
13.605	-0.140894
13.606	-0.10407
13.607	-0.072959
13.608	-0.041936
13.609	-0.007553
13.61	0.026793
13.611	0.056713
13.612	0.083145
13.613	0.107617
13.614	0.123167
13.615	0.117788
13.616	0.088877
13.617	0.050161
13.618	0.02289
13.619	0.020937
13.62	0.042279
13.621	0.071478
13.622	0.090372
13.623	0.089918
13.624	0.074487
13.625	0.055586
13.626	0.04188
13.627	0.034385
13.628	0.029083
13.629	0.023393
13.63	0.021652
13.631	0.035205
13.632	0.074716
13.633	0.138974
13.634	0.211008
13.635	0.266442
13.636	0.285828
13.637	0.260846
13.638	0.193664
13.639	0.094828
13.64	-0.016827
13.641	-0.114981
13.642	-0.174098
13.643	-0.183815
13.644	-0.155601
13.645	-0.113311
13.646	-0.077058
13.647	-0.054705
13.648	-0.044728
13.649	-0.044551
13.65	-0.057238
13.651	-0.091866
13.652	-0.155866
13.653	-0.24431
13.654	-0.336454
13.655	-0.40373
13.656	-0.422607
13.657	-0.383695
13.658	-0.29371
13.659	-0.172039
13.66	-0.045411
13.661	0.058297
13.662	0.118557
13.663	0.130546
13.664	0.106289
13.665	0.066363
13.666	0.0287
13.667	0.002257
13.668	-0.012098
13.669	-0.015992
13.67	-0.007443
13.671	0.020805
13.672	0.075114
13.673	0.151025
13.674	0.230218
13.675	0.288589
13.676	0.307456
13.677	0.279035
13.678	0.205892
13.679	0.099345
13.68	-0.020328
13.681	-0.125336
13.682	-0.18949
13.683	-0.202297
13.684	-0.174965
13.685	-0.131187
13.686	-0.091697
13.687	-0.065863
13.688	-0.053763
13.689	-0.05343
13.69	-0.06716
13.691	-0.102513
13.692	-0.165803
13.693	-0.252249
13.694	-0.34229
13.695	-0.408401
13.696	-0.427223
13.697	-0.388874
13.698	-0.29944
13.699	-0.178144
13.7	-0.05223
13.701	0.050036
13.702	0.108699
13.703	0.120133
13.704	0.097326
13.705	0.060805
13.706	0.027015
13.707	0.002615
13.708	-0.013336
13.709	-0.022881
13.71	-0.022965
13.711	-0.00416
13.712	0.042639
13.713	0.115913
13.714	0.200315
13.715	0.274363
13.716	0.320749
13.717	0.331893
13.718	0.312983
13.719	0.283919
13.72	0.272183
13.721	0.293766
13.722	0.337953
13.723	0.373004
13.724	0.368469
13.725	0.314105
13.726	0.222227
13.727	0.117247
13.728	0.022865
13.729	-0.047185
13.73	-0.093343
13.731	-0.128411
13.732	-0.16893
13.733	-0.223219
13.734	-0.284436
13.735	-0.33383
13.736	-0.350947
13.737	-0.323458
13.738	-0.252028
13.739	-0.15036
13.74	-0.041654
13.741	0.048287
13.742	0.100362
13.743	0.11027
13.744	0.08942
13.745	0.056755
13.746	0.027763
13.747	0.00869
13.748	-0.001773
13.749	-0.005968
13.75	-0.000666
13.751	0.024089
13.752	0.077441
13.753	0.156072
13.754	0.239943
13.755	0.30118
13.756	0.318176
13.757	0.283221
13.758	0.201502
13.759	0.087482
13.76	-0.037024
13.761	-0.144709
13.762	-0.209987
13.763	-0.221839
13.764	-0.190997
13.765	-0.14192
13.766	-0.096921
13.767	-0.066609
13.768	-0.051147
13.769	-0.047543
13.77	-0.056797
13.771	-0.085919
13.772	-0.142072
13.773	-0.222448
13.774	-0.309221
13.775	-0.375228
13.776	-0.396215
13.777	-0.360942
13.778	-0.274656
13.779	-0.156669
13.78	-0.034377
13.781	0.064424
13.782	0.120226
13.783	0.129227
13.784	0.103838
13.785	0.064313
13.786	0.02772
13.787	0.001739
13.788	-0.014273
13.789	-0.02271
13.79	-0.0203
13.791	0.00366
13.792	0.059208
13.793	0.14261
13.794	0.231634
13.795	0.296081
13.796	0.313781
13.797	0.278366
13.798	0.196887
13.799	0.084479
13.8	-0.037857
13.801	-0.143725
13.802	-0.207735
13.803	-0.218803
13.804	-0.187593
13.805	-0.138582
13.806	-0.094382
13.807	-0.065876
13.808	-0.052908
13.809	-0.051476
13.81	-0.061325
13.811	-0.088695
13.812	-0.141002
13.813	-0.216632
13.814	-0.29961
13.815	-0.36484
13.816	-0.389331
13.817	-0.361477
13.818	-0.284625
13.819	-0.175247
13.82	-0.05788
13.821	0.042028
13.822	0.107525
13.823	0.137853
13.824	0.147725
13.825	0.159866
13.826	0.197642
13.827	0.275722
13.828	0.386045
13.829	0.493823
13.83	0.558863
13.831	0.566142
13.832	0.532653
13.833	0.485376
13.834	0.43766
13.835	0.386138
13.836	0.322865
13.837	0.24517
13.838	0.155994
13.839	0.060728
13.84	-0.032138
13.841	-0.108365
13.842	-0.151981
13.843	-0.156702
13.844	-0.132616
13.845	-0.09961
13.846	-0.074462
13.847	-0.063409
13.848	-0.063698
13.849	-0.07045
13.85	-0.083751
13.851	-0.110739
13.852	-0.159405
13.853	-0.228347
13.854	-0.302368
13.855	-0.358208
13.856	-0.375034
13.857	-0.342431
13.858	-0.263181
13.859	-0.152315
13.86	-0.034296
13.861	0.062707
13.862	0.11681
13.863	0.122438
13.864	0.092107
13.865	0.047334
13.866	0.006005
13.867	-0.024204
13.868	-0.043538
13.869	-0.052897
13.87	-0.047443
13.871	-0.016485
13.872	0.047885
13.873	0.13923
13.874	0.234119
13.875	0.302683
13.876	0.323216
13.877	0.289335
13.878	0.207966
13.879	0.094861
13.88	-0.027333
13.881	-0.131123
13.882	-0.19226
13.883	-0.20204
13.884	-0.172357
13.885	-0.126937
13.886	-0.086788
13.887	-0.061718
13.888	-0.051238
13.889	-0.051338
13.89	-0.06224
13.891	-0.091139
13.892	-0.145628
13.893	-0.222776
13.894	-0.305138
13.895	-0.367609
13.896	-0.388515
13.897	-0.357403
13.898	-0.277493
13.899	-0.164804
13.9	-0.045001
13.901	0.053141
13.902	0.107793
13.903	0.113663
13.904	0.083659
13.905	0.039757
13.906	0.00027
13.907	-0.026895
13.908	-0.042218
13.909	-0.04725
13.91	-0.037821
13.911	-0.003834
13.912	0.061943
13.913	0.152483
13.914	0.244198
13.915	0.307729
13.916	0.32274
13.917	0.284833
13.918	0.202591
13.919	0.09183
13.92	-0.026865
13.921	-0.128868
13.922	-0.19142
13.923	-0.205382
13.924	-0.181382
13.925	-0.141885
13.926	-0.106627
13.927	-0.083763
13.928	-0.070262
13.929	-0.058494
13.93	-0.044946
13.931	-0.034496
13.932	-0.032815
13.933	-0.031926
13.934	-0.009139
13.935	0.051977
13.936	0.141299
13.937	0.228312
13.938	0.286516
13.939	0.307808
13.94	0.296659
13.941	0.258396
13.942	0.197099
13.943	0.122043
13.944	0.050429
13.945	0.000366
13.946	-0.019728
13.947	-0.015558
13.948	-0.001308
13.949	0.011717
13.95	0.023986
13.951	0.047482
13.952	0.094961
13.953	0.165766
13.954	0.240963
13.955	0.293241
13.956	0.302177
13.957	0.261977
13.958	0.179616
13.959	0.070124
13.96	-0.045574
13.961	-0.142114
13.962	-0.197007
13.963	-0.202888
13.964	-0.172296
13.965	-0.128202
13.966	-0.089636
13.967	-0.064542
13.968	-0.052124
13.969	-0.049818
13.97	-0.05954
13.971	-0.08896
13.972	-0.145279
13.973	-0.225323
13.974	-0.311486
13.975	-0.37807
13.976	-0.402373
13.977	-0.373027
13.978	-0.293099
13.979	-0.178929
13.98	-0.056409
13.981	0.045104
13.982	0.102693
13.983	0.110547
13.984	0.082211
13.985	0.040769
13.986	0.004971
13.987	-0.018157
13.988	-0.030739
13.989	-0.035544
13.99	-0.028499
13.991	0.001665
13.992	0.06424
13.993	0.153698
13.994	0.24617
13.995	0.310957
13.996	0.326595
13.997	0.288003
13.998	0.203238
13.999	0.087939
14.0	-0.036217
14.001	-0.142199
14.002	-0.20558
14.003	-0.217826
14.004	-0.191099
14.005	-0.148355
14.006	-0.108814
14.007	-0.081011
14.008	-0.065271
14.009	-0.060244
14.01	-0.068399
14.011	-0.096887
14.012	-0.151605
14.013	-0.228288
14.014	-0.3095
14.015	-0.370857
14.016	-0.39107
14.017	-0.359511
14.018	-0.279205
14.019	-0.166213
14.02	-0.046474
14.021	0.050828
14.022	0.10403
14.023	0.10912
14.024	0.080802
14.025	0.042189
14.026	0.011104
14.027	-0.006834
14.028	-0.015157
14.029	-0.017677
14.03	-0.010731
14.031	0.01697
14.032	0.074645
14.033	0.157144
14.034	0.242954
14.035	0.305892
14.036	0.329466
14.037	0.311871
14.038	0.261924
14.039	0.196399
14.04	0.143003
14.041	0.136098
14.042	0.193872
14.043	0.294951
14.044	0.385867
14.045	0.417612
14.046	0.37533
14.047	0.278132
14.048	0.159506
14.049	0.047969
14.05	-0.043291
14.051	-0.116528
14.052	-0.180674
14.053	-0.24028
14.054	-0.290764
14.055	-0.321586
14.056	-0.322323
14.057	-0.287278
14.058	-0.218069
14.059	-0.125339
14.06	-0.028724
14.061	0.047767
14.062	0.085788
14.063	0.082718
14.064	0.052884
14.065	0.017577
14.066	-0.007741
14.067	-0.019253
14.068	-0.021323
14.069	-0.017967
14.07	-0.005553
14.071	0.027343
14.072	0.090476
14.073	0.179207
14.074	0.271001
14.075	0.335753
14.076	0.350622
14.077	0.307969
14.078	0.21454
14.079	0.087614
14.08	-0.047715
14.081	-0.162036
14.082	-0.2304
14.083	-0.24423
14.084	-0.215463
14.085	-0.167365
14.086	-0.120631
14.087	-0.086052
14.088	-0.065771
14.089	-0.058761
14.09	-0.066122
14.091	-0.092657
14.092	-0.142435
14.093	-0.211243
14.094	-0.28354
14.095	-0.33759
14.096	-0.354605
14.097	-0.325535
14.098	-0.253305
14.099	-0.152036
14.1	-0.04445
14.101	0.043442
14.102	0.091758
14.103	0.096631
14.104	0.071463
14.105	0.036732
14.106	0.00744
14.107	-0.011978
14.108	-0.023911
14.109	-0.029674
14.11	-0.023257
14.111	0.008151
14.112	0.074535
14.113	0.170259
14.114	0.27057
14.115	0.342496
14.116	0.360777
14.117	0.316733
14.118	0.217869
14.119	0.083603
14.12	-0.058574
14.121	-0.177348
14.122	-0.246569
14.123	-0.257432
14.124	-0.222846
14.125	-0.168073
14.126	-0.116225
14.127	-0.079908
14.128	-0.061461
14.129	-0.058237
14.13	-0.068809
14.131	-0.095851
14.132	-0.142466
14.133	-0.204734
14.134	-0.268648
14.135	-0.315251
14.136	-0.329034
14.137	-0.303194
14.138	-0.240667
14.139	-0.153143
14.14	-0.059341
14.141	0.018977
14.142	0.065819
14.143	0.080882
14.144	0.079998
14.145	0.083771
14.146	0.106938
14.147	0.158176
14.148	0.242197
14.149	0.353281
14.15	0.469823
14.151	0.56513
14.152	0.624429
14.153	0.646676
14.154	0.633099
14.155	0.580835
14.156	0.487802
14.157	0.359607
14.158	0.210427
14.159	0.059335
14.16	-0.072804
14.161	-0.165827
14.162	-0.20649
14.163	-0.196905
14.164	-0.155646
14.165	-0.107723
14.166	-0.072012
14.167	-0.055658
14.168	-0.05644
14.169	-0.068745
14.17	-0.089312
14.171	-0.119692
14.172	-0.162727
14.173	-0.215499
14.174	-0.266506
14.175	-0.300455
14.176	-0.305408
14.177	-0.276456
14.178	-0.215753
14.179	-0.132108
14.18	-0.041507
14.181	0.034782
14.182	0.078459
14.183	0.084554
14.184	0.063621
14.185	0.032854
14.186	0.004563
14.187	-0.018435
14.188	-0.038544
14.189	-0.054917
14.19	-0.057383
14.191	-0.028393
14.192	0.045153
14.193	0.157252
14.194	0.27894
14.195	0.370709
14.196	0.401186
14.197	0.358773
14.198	0.252287
14.199	0.105543
14.2	-0.048444
14.201	-0.173915
14.202	-0.243239
14.203	-0.24931
14.204	-0.208593
14.205	-0.149939
14.206	-0.098557
14.207	-0.067318
14.208	-0.057607
14.209	-0.064656
14.21	-0.08347
14.211	-0.112783
14.212	-0.153479
14.213	-0.202613
14.214	-0.250247
14.215	-0.282962
14.216	-0.290082
14.217	-0.26717
14.218	-0.215775
14.219	-0.142727
14.22	-0.060958
14.221	0.011319
14.222	0.057123
14.223	0.070017
14.224	0.057298
14.225	0.033275
14.226	0.009371
14.227	-0.010397
14.228	-0.027339
14.229	-0.044198
14.23	-0.063742
14.231	-0.08921
14.232	-0.122747
14.233	-0.161752
14.234	-0.198017
14.235	-0.221545
14.236	-0.225143
14.237	-0.205956
14.238	-0.164701
14.239	-0.105733
14.24	-0.038567
14.241	0.022246
14.242	0.062139
14.243	0.074697
14.244	0.065271
14.245	0.045522
14.246	0.024642
14.247	0.005697
14.248	-0.011594
14.249	-0.02644
14.25	-0.036079
14.251	-0.038803
14.252	-0.035224
14.253	-0.022997
14.254	0.009845
14.255	0.080337
14.256	0.19192
14.257	0.320224
14.258	0.423437
14.259	0.469207
14.26	0.450808
14.261	0.381622
14.262	0.282538
14.263	0.176033
14.264	0.083496
14.265	0.019903
14.266	-0.010654
14.267	-0.01447
14.268	-0.003841
14.269	0.008225
14.27	0.011412
14.271	-0.000878
14.272	-0.030365
14.273	-0.072083
14.274	-0.11536
14.275	-0.148756
14.276	-0.164863
14.277	-0.161041
14.278	-0.137553
14.279	-0.096936
14.28	-0.045546
14.281	0.005331
14.282	0.042767
14.283	0.059617
14.284	0.058751
14.285	0.048959
14.286	0.037408
14.287	0.02614
14.288	0.014024
14.289	-4.4e-05
14.29	-0.0168
14.291	-0.038167
14.292	-0.066094
14.293	-0.098635
14.294	-0.128928
14.295	-0.149289
14.296	-0.155527
14.297	-0.147079
14.298	-0.124655
14.299	-0.089606
14.3	-0.046264
14.301	-0.004055
14.302	0.025624
14.303	0.03703
14.304	0.033833
14.305	0.024492
14.306	0.01496
14.307	0.005972
14.308	-0.004341
14.309	-0.016931
14.31	-0.03141
14.311	-0.048004
14.312	-0.067609
14.313	-0.088991
14.314	-0.107671
14.315	-0.118822
14.316	-0.120167
14.317	-0.111451
14.318	-0.092722
14.319	-0.064723
14.32	-0.031343
14.321	-0.00082
14.322	0.017931
14.323	0.021757
14.324	0.015233
14.325	0.005865
14.326	-0.001835
14.327	-0.007928
14.328	-0.014448
14.329	-0.022606
14.33	-0.032832
14.331	-0.046427
14.332	-0.064916
14.333	-0.086861
14.334	-0.107063
14.335	-0.120109
14.336	-0.12372
14.337	-0.118081
14.338	-0.103158
14.339	-0.078396
14.34	-0.046099
14.341	-0.014202
14.342	0.007182
14.343	0.013513
14.344	0.009063
14.345	0.002005
14.346	-0.002623
14.347	-0.00515
14.348	-0.008373
14.349	-0.01418
14.35	-0.023269
14.351	-0.036736
14.352	-0.055489
14.353	-0.077439
14.354	-0.097177
14.355	-0.109236
14.356	-0.110111
14.357	-0.096672
14.358	-0.064779
14.359	-0.011655
14.36	0.061238
14.361	0.150741
14.362	0.256057
14.363	0.372951
14.364	0.481759
14.365	0.549248
14.366	0.548757
14.367	0.478208
14.368	0.359939
14.369	0.226754
14.37	0.106494
14.371	0.013671
14.372	-0.048979
14.373	-0.083433
14.374	-0.092488
14.375	-0.081529
14.376	-0.06004
14.377	-0.03821
14.378	-0.021471
14.379	-0.009154
14.38	0.001018
14.381	0.00785
14.382	0.007214
14.383	-0.00238
14.384	-0.016361
14.385	-0.027368
14.386	-0.031248
14.387	-0.029262
14.388	-0.025386
14.389	-0.022691
14.39	-0.022554
14.391	-0.026213
14.392	-0.03473
14.393	-0.046696
14.394	-0.05792
14.395	-0.064605
14.396	-0.066091
14.397	-0.063894
14.398	-0.058664
14.399	-0.049396
14.4	-0.036368
14.401	-0.023972
14.402	-0.018542
14.403	-0.022267
14.404	-0.030661
14.405	-0.037092
14.406	-0.038704
14.407	-0.037359
14.408	-0.036156
14.409	-0.036333
14.41	-0.037683
14.411	-0.040734
14.412	-0.04661
14.413	-0.054605
14.414	-0.061719
14.415	-0.065305
14.416	-0.065318
14.417	-0.0632
14.418	-0.058876
14.419	-0.050161
14.42	-0.036031
14.421	-0.020148
14.422	-0.009512
14.423	-0.008152
14.424	-0.013058
14.425	-0.017767
14.426	-0.01905
14.427	-0.01888
14.428	-0.020615
14.429	-0.024952
14.43	-0.030492
14.431	-0.036955
14.432	-0.04539
14.433	-0.055036
14.434	-0.062384
14.435	-0.064521
14.436	-0.062199
14.437	-0.058495
14.438	-0.054883
14.439	-0.049765
14.44	-0.041405
14.441	-0.031852
14.442	-0.026293
14.443	-0.027565
14.444	-0.032801
14.445	-0.036583
14.446	-0.03623
14.447	-0.033336
14.448	-0.031077
14.449	-0.031048
14.45	-0.033117
14.451	-0.037295
14.452	-0.043681
14.453	-0.050448
14.454	-0.054057
14.455	-0.052661
14.456	-0.048304
14.457	-0.044798
14.458	-0.043805
14.459	-0.043509
14.46	-0.041403
14.461	-0.03814
14.462	-0.036924
14.463	-0.037789
14.464	-0.034134
14.465	-0.017063
14.466	0.017202
14.467	0.066672
14.468	0.131716
14.469	0.21907
14.47	0.329185
14.471	0.439498
14.472	0.510065
14.473	0.511288
14.474	0.443928
14.475	0.333144
14.476	0.209427
14.477	0.096413
14.478	0.009254
14.479	-0.043718
14.48	-0.061097
14.481	-0.049954
14.482	-0.024489
14.483	0.000574
14.484	0.016651
14.485	0.02216
14.486	0.018883
14.487	0.00892
14.488	-0.005529
14.489	-0.02145
14.49	-0.035908
14.491	-0.047728
14.492	-0.056865
14.493	-0.061958
14.494	-0.060554
14.495	-0.052572
14.496	-0.041936
14.497	-0.033641
14.498	-0.029438
14.499	-0.026799
14.5	-0.022473
14.501	-0.016943
14.502	-0.014144
14.503	-0.016566
14.504	-0.02226
14.505	-0.027299
14.506	-0.02999
14.507	-0.031865
14.508	-0.035112
14.509	-0.040068
14.51	-0.045675
14.511	-0.051457
14.512	-0.057296
14.513	-0.06137
14.514	-0.060787
14.515	-0.055202
14.516	-0.048187
14.517	-0.043904
14.518	-0.042793
14.519	-0.041217
14.52	-0.035878
14.521	-0.028336
14.522	-0.023897
14.523	-0.025725
14.524	-0.031304
14.525	-0.035255
14.526	-0.034674
14.527	-0.031062
14.528	-0.027845
14.529	-0.027011
14.53	-0.028241
14.531	-0.030554
14.532	-0.033357
14.533	-0.035696
14.534	-0.036322
14.535	-0.035299
14.536	-0.034506
14.537	-0.035831
14.538	-0.038845
14.539	-0.04065
14.54	-0.038746
14.541	-0.034142
14.542	-0.030656
14.543	-0.030751
14.544	-0.033141
14.545	-0.035043
14.546	-0.035678
14.547	-0.036605
14.548	-0.039256
14.549	-0.043214
14.55	-0.047188
14.551	-0.050794
14.552	-0.05394
14.553	-0.055009
14.554	-0.051883
14.555	-0.045067
14.556	-0.038322
14.557	-0.035417
14.558	-0.036203
14.559	-0.036363
14.56	-0.031923
14.561	-0.023972
14.562	-0.017909
14.563	-0.017728
14.564	-0.022163
14.565	-0.027021
14.566	-0.030051
14.567	-0.032424
14.568	-0.035973
14.569	-0.039831
14.57	-0.039913
14.571	-0.031189
14.572	-0.009969
14.573	0.025666
14.574	0.077756
14.575	0.151011
14.576	0.249261
14.577	0.363424
14.578	0.464902
14.579	0.518381
14.58	0.50422
14.581	0.428335
14.582	0.314713
14.583	0.192769
14.584	0.087379
14.585	0.012402
14.586	-0.030018
14.587	-0.044678
14.588	-0.038625
14.589	-0.019931
14.59	0.001852
14.591	0.016957
14.592	0.019655
14.593	0.011536
14.594	-0.000988
14.595	-0.012817
14.596	-0.02331
14.597	-0.033885
14.598	-0.04373
14.599	-0.048962
14.6	-0.046274
14.601	-0.037021
14.602	-0.026795
14.603	-0.020394
14.604	-0.018027
14.605	-0.016899
14.606	-0.015244
14.607	-0.013814
14.608	-0.013999
14.609	-0.015741
14.61	-0.018226
14.611	-0.021836
14.612	-0.027535
14.613	-0.034329
14.614	-0.03942
14.615	-0.041582
14.616	-0.042964
14.617	-0.04637
14.618	-0.05137
14.619	-0.054136
14.62	-0.051398
14.621	-0.044334
14.622	-0.037595
14.623	-0.034285
14.624	-0.033289
14.625	-0.031923
14.626	-0.029542
14.627	-0.027733
14.628	-0.027769
14.629	-0.028881
14.63	-0.029555
14.631	-0.029776
14.632	-0.03047
14.633	-0.031061
14.634	-0.029747
14.635	-0.026668
14.636	-0.024998
14.637	-0.02767
14.638	-0.033634
14.639	-0.038286
14.64	-0.037952
14.641	-0.033938
14.642	-0.031286
14.643	-0.033206
14.644	-0.037995
14.645	-0.041672
14.646	-0.042185
14.647	-0.0404
14.648	-0.037921
14.649	-0.035268
14.65	-0.032702
14.651	-0.031812
14.652	-0.03435
14.653	-0.039376
14.654	-0.043579
14.655	-0.045183
14.656	-0.046011
14.657	-0.048832
14.658	-0.053384
14.659	-0.055915
14.66	-0.053124
14.661	-0.046294
14.662	-0.040392
14.663	-0.038885
14.664	-0.040577
14.665	-0.041662
14.666	-0.039753
14.667	-0.035476
14.668	-0.030814
14.669	-0.027052
14.67	-0.024867
14.671	-0.025332
14.672	-0.02904
14.673	-0.03428
14.674	-0.038062
14.675	-0.039288
14.676	-0.039072
14.677	-0.037037
14.678	-0.028283
14.679	-0.005709
14.68	0.034444
14.681	0.092076
14.682	0.16906
14.683	0.2686
14.684	0.381548
14.685	0.477816
14.686	0.520794
14.687	0.492563
14.688	0.404548
14.689	0.287173
14.69	0.17123
14.691	0.075507
14.692	0.006659
14.693	-0.033966
14.694	-0.04688
14.695	-0.037089
14.696	-0.015956
14.697	0.0031
14.698	0.011947
14.699	0.010904
14.7	0.004819
14.701	-0.003266
14.702	-0.013962
14.703	-0.027868
14.704	-0.042126
14.705	-0.051787
14.706	-0.053886
14.707	-0.049299
14.708	-0.04101
14.709	-0.03156
14.71	-0.02255
14.711	-0.015597
14.712	-0.011875
14.713	-0.010554
14.714	-0.00951
14.715	-0.008183
14.716	-0.008655
14.717	-0.013248
14.718	-0.021337
14.719	-0.029208
14.72	-0.033629
14.721	-0.035371
14.722	-0.03837
14.723	-0.045008
14.724	-0.053091
14.725	-0.058111
14.726	-0.057631
14.727	-0.052731
14.728	-0.045913
14.729	-0.038739
14.73	-0.031936
14.731	-0.026776
14.732	-0.024433
14.733	-0.024012
14.734	-0.023198
14.735	-0.021219
14.736	-0.020002
14.737	-0.021857
14.738	-0.026237
14.739	-0.029526
14.74	-0.028754
14.741	-0.025394
14.742	-0.024366
14.743	-0.028576
14.744	-0.035449
14.745	-0.039829
14.746	-0.039362
14.747	-0.036091
14.748	-0.033332
14.749	-0.032069
14.75	-0.031192
14.751	-0.030333
14.752	-0.030271
14.753	-0.030656
14.754	-0.029736
14.755	-0.027036
14.756	-0.024981
14.757	-0.026855
14.758	-0.033247
14.759	-0.041125
14.76	-0.046756
14.761	-0.049414
14.762	-0.051602
14.763	-0.055353
14.764	-0.059432
14.765	-0.060924
14.766	-0.058555
14.767	-0.053653
14.768	-0.048379
14.769	-0.043834
14.77	-0.040336
14.771	-0.038581
14.772	-0.038741
14.773	-0.038824
14.774	-0.036023
14.775	-0.030174
14.776	-0.024814
14.777	-0.024026
14.778	-0.028361
14.779	-0.034338
14.78	-0.038228
14.781	-0.040069
14.782	-0.042809
14.783	-0.046679
14.784	-0.045587
14.785	-0.030754
14.786	0.00203
14.787	0.050879
14.788	0.11544
14.789	0.202056
14.79	0.312667
14.791	0.427491
14.792	0.507956
14.793	0.522688
14.794	0.468872
14.795	0.369016
14.796	0.252711
14.797	0.143012
14.798	0.053699
14.799	-0.008175
14.8	-0.040236
14.801	-0.045405
14.802	-0.032758
14.803	-0.014436
14.804	3.1e-05
14.805	0.006559
14.806	0.00522
14.807	-0.002051
14.808	-0.0125
14.809	-0.023007
14.81	-0.031281
14.811	-0.036843
14.812	-0.039893
14.813	-0.039494
14.814	-0.034349
14.815	-0.025561
14.816	-0.017256
14.817	-0.01356
14.818	-0.015063
14.819	-0.018491
14.82	-0.020224
14.821	-0.020201
14.822	-0.021507
14.823	-0.026091
14.824	-0.03233
14.825	-0.037109
14.826	-0.039108
14.827	-0.039522
14.828	-0.040171
14.829	-0.041733
14.83	-0.044082
14.831	-0.047335
14.832	-0.051096
14.833	-0.053037
14.834	-0.050291
14.835	-0.042903
14.836	-0.034767
14.837	-0.030365
14.838	-0.030698
14.839	-0.032559
14.84	-0.032047
14.841	-0.028882
14.842	-0.026514
14.843	-0.027904
14.844	-0.03227
14.845	-0.036212
14.846	-0.037118
14.847	-0.035029
14.848	-0.031759
14.849	-0.029107
14.85	-0.028113
14.851	-0.02917
14.852	-0.031619
14.853	-0.033427
14.854	-0.032803
14.855	-0.030431
14.856	-0.029116
14.857	-0.030969
14.858	-0.03506
14.859	-0.037871
14.86	-0.03662
14.861	-0.032463
14.862	-0.029651
14.863	-0.031173
14.864	-0.035945
14.865	-0.040601
14.866	-0.043221
14.867	-0.044566
14.868	-0.046233
14.869	-0.048637
14.87	-0.051152
14.871	-0.053452
14.872	-0.055357
14.873	-0.055585
14.874	-0.052503
14.875	-0.04663
14.876	-0.041187
14.877	-0.039312
14.878	-0.040711
14.879	-0.04164
14.88	-0.038822
14.881	-0.033132
14.882	-0.028649
14.883	-0.028287
14.884	-0.031287
14.885	-0.034967
14.886	-0.037799
14.887	-0.040258
14.888	-0.043328
14.889	-0.046618
14.89	-0.0476
14.891	-0.042073
14.892	-0.025197
14.893	0.006934
14.894	0.056659
14.895	0.126939
14.896	0.221069
14.897	0.333381
14.898	0.440056
14.899	0.506676
14.9	0.509364
14.901	0.44853
14.902	0.345052
14.903	0.227581
14.904	0.120806
14.905	0.038497
14.906	-0.016075
14.907	-0.044513
14.908	-0.049761
14.909	-0.03732
14.91	-0.016998
14.911	-0.000735
14.912	0.003533
14.913	-0.003726
14.914	-0.016242
14.915	-0.028504
14.916	-0.039153
14.917	-0.04901
14.918	-0.057258
14.919	-0.060526
14.92	-0.05606
14.921	-0.045347
14.922	-0.033709
14.923	-0.025833
14.924	-0.022388
14.925	-0.021223
14.926	-0.020539
14.927	-0.020155
14.928	-0.020494
14.929	-0.021492
14.93	-0.023183
14.931	-0.026654
14.932	-0.032853
14.933	-0.040536
14.934	-0.046932
14.935	-0.050747
14.936	-0.053593
14.937	-0.057803
14.938	-0.063053
14.939	-0.065874
14.94	-0.062958
14.941	-0.054801
14.942	-0.045537
14.943	-0.039114
14.944	-0.036471
14.945	-0.036279
14.946	-0.03702
14.947	-0.037848
14.948	-0.038286
14.949	-0.038116
14.95	-0.038197
14.951	-0.040611
14.952	-0.046339
14.953	-0.052875
14.954	-0.055796
14.955	-0.053492
14.956	-0.049422
14.957	-0.048433
14.958	-0.051006
14.959	-0.052526
14.96	-0.048776
14.961	-0.041112
14.962	-0.034914
14.963	-0.033573
14.964	-0.035653
14.965	-0.037592
14.966	-0.037569
14.967	-0.036505
14.968	-0.036157
14.969	-0.037206
14.97	-0.03962
14.971	-0.043884
14.972	-0.050305
14.973	-0.057353
14.974	-0.062391
14.975	-0.064508
14.976	-0.065449
14.977	-0.066955
14.978	-0.067796
14.979	-0.064513
14.98	-0.055453
14.981	-0.043554
14.982	-0.034537
14.983	-0.032279
14.984	-0.035973
14.985	-0.041198
14.986	-0.043578
14.987	-0.041951
14.988	-0.038244
14.989	-0.034948
14.99	-0.033668
14.991	-0.035121
14.992	-0.038636
14.993	-0.042101
14.994	-0.044121
14.995	-0.045714
14.996	-0.047777
14.997	-0.046728
14.998	-0.034657
14.999	-0.005069
15.0	0.041826
15.001	0.101307
15.002	0.172288
15.003	0.258456
15.004	0.355694
15.005	0.441612
15.006	0.4847
15.007	0.465562
15.008	0.390253
15.009	0.287045
15.01	0.189605
15.011	0.11751
15.012	0.069849
15.013	0.035942
15.014	0.009599
15.015	-0.006783
15.016	-0.008633
15.017	0.003163
15.018	0.021817
15.019	0.040293
15.02	0.054499
15.021	0.061128
15.022	0.05676
15.023	0.042102
15.024	0.025256
15.025	0.016801
15.026	0.019861
15.027	0.027499
15.028	0.031568
15.029	0.030779
15.03	0.028106
15.031	0.024719
15.032	0.020459
15.033	0.017636
15.034	0.020119
15.035	0.028686
15.036	0.039057
15.037	0.045318
15.038	0.045503
15.039	0.043545
15.04	0.045148
15.041	0.051547
15.042	0.057745
15.043	0.057474
15.044	0.049725
15.045	0.039826
15.046	0.034388
15.047	0.035908
15.048	0.041673
15.049	0.046654
15.05	0.046998
15.051	0.041613
15.052	0.032322
15.053	0.023159
15.054	0.018091
15.055	0.018216
15.056	0.021259
15.057	0.024153
15.058	0.026193
15.059	0.029455
15.06	0.035879
15.061	0.043972
15.062	0.049204
15.063	0.048633
15.064	0.044457
15.065	0.041848
15.066	0.043841
15.067	0.049114
15.068	0.054067
15.069	0.055929
15.07	0.053423
15.071	0.045717
15.072	0.033048
15.073	0.018413
15.074	0.006596
15.075	0.00069
15.076	0.000179
15.077	0.002746
15.078	0.007435
15.079	0.015107
15.08	0.025571
15.081	0.035274
15.082	0.039181
15.083	0.035289
15.084	0.026574
15.085	0.018398
15.086	0.014599
15.087	0.015669
15.088	0.019383
15.089	0.022435
15.09	0.021527
15.091	0.014259
15.092	0.001093
15.093	-0.013579
15.094	-0.024145
15.095	-0.027992
15.096	-0.026609
15.097	-0.022851
15.098	-0.017791
15.099	-0.01055
15.1	-0.000879
15.101	0.008816
15.102	0.014882
15.103	0.016509
15.104	0.017772
15.105	0.024331
15.106	0.038474
15.107	0.05997
15.108	0.092853
15.109	0.146132
15.11	0.220366
15.111	0.295055
15.112	0.337615
15.113	0.327662
15.114	0.271095
15.115	0.193009
15.116	0.120144
15.117	0.06784
15.118	0.037618
15.119	0.022977
15.12	0.01715
15.121	0.016498
15.122	0.018759
15.123	0.021136
15.124	0.021033
15.125	0.017496
15.126	0.011305
15.127	0.003904
15.128	-0.003618
15.129	-0.011091
15.13	-0.019781
15.131	-0.031842
15.132	-0.047785
15.133	-0.064486
15.134	-0.076753
15.135	-0.081173
15.136	-0.078076
15.137	-0.069697
15.138	-0.057277
15.139	-0.040801
15.14	-0.021573
15.141	-0.004253
15.142	0.004944
15.143	0.002848
15.144	-0.008074
15.145	-0.021632
15.146	-0.032014
15.147	-0.036587
15.148	-0.036123
15.149	-0.033801
15.15	-0.034246
15.151	-0.041657
15.152	-0.056596
15.153	-0.07449
15.154	-0.088542
15.155	-0.094376
15.156	-0.091633
15.157	-0.081884
15.158	-0.066217
15.159	-0.04528
15.16	-0.021513
15.161	-0.000724
15.162	0.009913
15.163	0.006784
15.164	-0.006926
15.165	-0.02292
15.166	-0.03279
15.167	-0.032297
15.168	-0.022744
15.169	-0.009964
15.17	-0.001914
15.171	-0.005113
15.172	-0.020982
15.173	-0.044724
15.174	-0.068329
15.175	-0.085133
15.176	-0.091898
15.177	-0.087917
15.178	-0.073822
15.179	-0.051834
15.18	-0.026913
15.181	-0.006693
15.182	0.001558
15.183	-0.004656
15.184	-0.021333
15.185	-0.040572
15.186	-0.054978
15.187	-0.060693
15.188	-0.058208
15.189	-0.051907
15.19	-0.048736
15.191	-0.055169
15.192	-0.0728
15.193	-0.096404
15.194	-0.117402
15.195	-0.129301
15.196	-0.129863
15.197	-0.119482
15.198	-0.099029
15.199	-0.070019
15.2	-0.036929
15.201	-0.008245
15.202	0.006687
15.203	0.003388
15.204	-0.014406
15.205	-0.036875
15.206	-0.05386
15.207	-0.059804
15.208	-0.055403
15.209	-0.046196
15.21	-0.039261
15.211	-0.039163
15.212	-0.044734
15.213	-0.048946
15.214	-0.04124
15.215	-0.008405
15.216	0.063774
15.217	0.179853
15.218	0.319984
15.219	0.441116
15.22	0.500318
15.221	0.480185
15.222	0.395283
15.223	0.279124
15.224	0.164637
15.225	0.070837
15.226	0.002521
15.227	-0.040796
15.228	-0.058092
15.229	-0.046642
15.23	-0.003056
15.231	0.076174
15.232	0.189379
15.233	0.320747
15.234	0.438751
15.235	0.507409
15.236	0.501948
15.237	0.417491
15.238	0.26865
15.239	0.085181
15.24	-0.093596
15.241	-0.228171
15.242	-0.293396
15.243	-0.290689
15.244	-0.245315
15.245	-0.18852
15.246	-0.140221
15.247	-0.10509
15.248	-0.079841
15.249	-0.062235
15.25	-0.055467
15.251	-0.066092
15.252	-0.097219
15.253	-0.143044
15.254	-0.190067
15.255	-0.223427
15.256	-0.232868
15.257	-0.215074
15.258	-0.173078
15.259	-0.115303
15.26	-0.054847
15.261	-0.006956
15.262	0.016505
15.263	0.012889
15.264	-0.009956
15.265	-0.038378
15.266	-0.060099
15.267	-0.069216
15.268	-0.066084
15.269	-0.052037
15.27	-0.022832
15.271	0.032284
15.272	0.12133
15.273	0.236138
15.274	0.348816
15.275	0.423706
15.276	0.434255
15.277	0.372299
15.278	0.248409
15.279	0.088141
15.28	-0.073287
15.281	-0.199194
15.282	-0.2647
15.283	-0.269235
15.284	-0.235059
15.285	-0.190319
15.286	-0.152356
15.287	-0.124196
15.288	-0.102063
15.289	-0.084766
15.29	-0.078184
15.291	-0.092017
15.292	-0.130978
15.293	-0.18808
15.294	-0.246254
15.295	-0.286394
15.296	-0.295236
15.297	-0.268724
15.298	-0.211492
15.299	-0.13513
15.3	-0.056294
15.301	0.006624
15.302	0.039437
15.303	0.038437
15.304	0.012128
15.305	-0.023425
15.306	-0.052506
15.307	-0.066177
15.308	-0.063653
15.309	-0.047636
15.31	-0.016998
15.311	0.035893
15.312	0.11744
15.313	0.219747
15.314	0.316826
15.315	0.37629
15.316	0.375813
15.317	0.311748
15.318	0.198377
15.319	0.06277
15.32	-0.061089
15.321	-0.139247
15.322	-0.147167
15.323	-0.077621
15.324	0.056914
15.325	0.224106
15.326	0.376106
15.327	0.466952
15.328	0.47512
15.329	0.41042
15.33	0.299626
15.331	0.166586
15.332	0.024952
15.333	-0.113995
15.334	-0.231903
15.335	-0.305388
15.336	-0.318254
15.337	-0.271658
15.338	-0.183505
15.339	-0.079765
15.34	0.014072
15.341	0.077834
15.342	0.1003
15.343	0.082631
15.344	0.0383
15.345	-0.012635
15.346	-0.052281
15.347	-0.071555
15.348	-0.070934
15.349	-0.054909
15.35	-0.023732
15.351	0.029672
15.352	0.111282
15.353	0.21251
15.354	0.307535
15.355	0.365826
15.356	0.367272
15.357	0.308122
15.358	0.198287
15.359	0.057398
15.36	-0.08643
15.361	-0.200315
15.362	-0.259616
15.363	-0.262717
15.364	-0.23067
15.365	-0.19012
15.366	-0.156527
15.367	-0.131225
15.368	-0.110033
15.369	-0.093043
15.37	-0.088159
15.371	-0.106597
15.372	-0.153274
15.373	-0.219773
15.374	-0.286302
15.375	-0.330733
15.376	-0.337588
15.377	-0.302429
15.378	-0.231694
15.379	-0.140268
15.38	-0.04829
15.381	0.023561
15.382	0.060729
15.383	0.06043
15.384	0.032292
15.385	-0.006736
15.386	-0.040338
15.387	-0.059378
15.388	-0.063398
15.389	-0.055595
15.39	-0.034675
15.391	0.007722
15.392	0.078175
15.393	0.168808
15.394	0.255547
15.395	0.309967
15.396	0.312975
15.397	0.260262
15.398	0.160372
15.399	0.031735
15.4	-0.098783
15.401	-0.200544
15.402	-0.251579
15.403	-0.251432
15.404	-0.219971
15.405	-0.181403
15.406	-0.149247
15.407	-0.124519
15.408	-0.104156
15.409	-0.089799
15.41	-0.090378
15.411	-0.116897
15.412	-0.172494
15.413	-0.246028
15.414	-0.315332
15.415	-0.357118
15.416	-0.356198
15.417	-0.309831
15.418	-0.2272
15.419	-0.126265
15.42	-0.029524
15.421	0.041421
15.422	0.072537
15.423	0.062992
15.424	0.025911
15.425	-0.017118
15.426	-0.044786
15.427	-0.043922
15.428	-0.012326
15.429	0.047603
15.43	0.141019
15.431	0.281916
15.432	0.471874
15.433	0.676003
15.434	0.830349
15.435	0.880475
15.436	0.813026
15.437	0.653446
15.438	0.441876
15.439	0.214685
15.44	0.003481
15.441	-0.159337
15.442	-0.246776
15.443	-0.254595
15.444	-0.207577
15.445	-0.143446
15.446	-0.090418
15.447	-0.057991
15.448	-0.043309
15.449	-0.043074
15.45	-0.060621
15.451	-0.103198
15.452	-0.172217
15.453	-0.255885
15.454	-0.331567
15.455	-0.37567
15.456	-0.373339
15.457	-0.322799
15.458	-0.234434
15.459	-0.127194
15.46	-0.02403
15.461	0.053407
15.462	0.090998
15.463	0.087519
15.464	0.054911
15.465	0.011897
15.466	-0.025051
15.467	-0.047788
15.468	-0.056526
15.469	-0.054208
15.47	-0.039225
15.471	-0.003286
15.472	0.060734
15.473	0.146439
15.474	0.23093
15.475	0.286053
15.476	0.292538
15.477	0.245676
15.478	0.153358
15.479	0.033001
15.48	-0.089763
15.481	-0.184796
15.482	-0.229584
15.483	-0.223315
15.484	-0.186538
15.485	-0.144695
15.486	-0.112191
15.487	-0.089807
15.488	-0.073206
15.489	-0.06287
15.49	-0.067752
15.491	-0.099828
15.492	-0.162906
15.493	-0.245066
15.494	-0.322155
15.495	-0.369281
15.496	-0.370957
15.497	-0.324775
15.498	-0.240117
15.499	-0.135064
15.5	-0.03264
15.501	0.044578
15.502	0.082046
15.503	0.079319
15.504	0.049177
15.505	0.010009
15.506	-0.023034
15.507	-0.043159
15.508	-0.051149
15.509	-0.049415
15.51	-0.035011
15.511	0.001398
15.512	0.066524
15.513	0.152518
15.514	0.23579
15.515	0.288935
15.516	0.29378
15.517	0.245939
15.518	0.152734
15.519	0.031184
15.52	-0.091925
15.521	-0.184444
15.522	-0.223369
15.523	-0.209709
15.524	-0.166787
15.525	-0.122219
15.526	-0.091284
15.527	-0.074488
15.528	-0.066576
15.529	-0.066697
15.53	-0.081941
15.531	-0.121595
15.532	-0.185659
15.533	-0.257766
15.534	-0.310316
15.535	-0.317006
15.536	-0.26066
15.537	-0.133256
15.538	0.061038
15.539	0.293875
15.54	0.508294
15.541	0.640535
15.542	0.655953
15.543	0.566956
15.544	0.419586
15.545	0.263797
15.546	0.131127
15.547	0.032478
15.548	-0.030513
15.549	-0.055976
15.55	-0.040721
15.551	0.015702
15.552	0.104958
15.553	0.206226
15.554	0.290954
15.555	0.334235
15.556	0.323391
15.557	0.258916
15.558	0.151436
15.559	0.020289
15.56	-0.106406
15.561	-0.197121
15.562	-0.231357
15.563	-0.212769
15.564	-0.165976
15.565	-0.118454
15.566	-0.084741
15.567	-0.06491
15.568	-0.053843
15.569	-0.051008
15.57	-0.06383
15.571	-0.102712
15.572	-0.170787
15.573	-0.256822
15.574	-0.337851
15.575	-0.389083
15.576	-0.393808
15.577	-0.348415
15.578	-0.262169
15.579	-0.154024
15.58	-0.047949
15.581	0.03333
15.582	0.075489
15.583	0.077723
15.584	0.052
15.585	0.016075
15.586	-0.015111
15.587	-0.034498
15.588	-0.042276
15.589	-0.040293
15.59	-0.025523
15.591	0.010613
15.592	0.073817
15.593	0.156407
15.594	0.23635
15.595	0.287626
15.596	0.292163
15.597	0.244851
15.598	0.152763
15.599	0.033982
15.6	-0.083701
15.601	-0.169623
15.602	-0.204499
15.603	-0.192108
15.604	-0.155108
15.605	-0.117649
15.606	-0.09164
15.607	-0.076546
15.608	-0.067995
15.609	-0.066185
15.61	-0.078841
15.611	-0.116696
15.612	-0.183599
15.613	-0.268995
15.614	-0.349802
15.615	-0.400298
15.616	-0.402807
15.617	-0.353374
15.618	-0.261734
15.619	-0.147771
15.62	-0.036295
15.621	0.049262
15.622	0.093878
15.623	0.096313
15.624	0.068687
15.625	0.029534
15.626	-0.005018
15.627	-0.026703
15.628	-0.034829
15.629	-0.031003
15.63	-0.012882
15.631	0.026547
15.632	0.090956
15.633	0.17091
15.634	0.244005
15.635	0.285848
15.636	0.281089
15.637	0.227041
15.638	0.132727
15.639	0.018388
15.64	-0.085367
15.641	-0.144786
15.642	-0.13793
15.643	-0.064779
15.644	0.058642
15.645	0.210227
15.646	0.360938
15.647	0.473668
15.648	0.516179
15.649	0.47761
15.65	0.370163
15.651	0.21675
15.652	0.040059
15.653	-0.137842
15.654	-0.29087
15.655	-0.390144
15.656	-0.414322
15.657	-0.361193
15.658	-0.250416
15.659	-0.115528
15.66	0.008165
15.661	0.093406
15.662	0.127373
15.663	0.114086
15.664	0.070624
15.665	0.018496
15.666	-0.02483
15.667	-0.050604
15.668	-0.058398
15.669	-0.050973
15.67	-0.027595
15.671	0.017533
15.672	0.087501
15.673	0.172553
15.674	0.250178
15.675	0.296349
15.676	0.29643
15.677	0.248067
15.678	0.158738
15.679	0.044014
15.68	-0.071919
15.681	-0.159853
15.682	-0.198962
15.683	-0.190676
15.684	-0.156701
15.685	-0.12187
15.686	-0.098938
15.687	-0.086955
15.688	-0.08028
15.689	-0.078483
15.69	-0.089803
15.691	-0.125894
15.692	-0.191033
15.693	-0.274387
15.694	-0.352396
15.695	-0.399199
15.696	-0.39728
15.697	-0.343068
15.698	-0.246818
15.699	-0.128908
15.7	-0.014752
15.701	0.071581
15.702	0.115162
15.703	0.115673
15.704	0.085966
15.705	0.044647
15.706	0.00784
15.707	-0.015893
15.708	-0.025948
15.709	-0.025028
15.71	-0.011954
15.711	0.020743
15.712	0.07893
15.713	0.155513
15.714	0.229192
15.715	0.275378
15.716	0.278027
15.717	0.233599
15.718	0.148904
15.719	0.039198
15.72	-0.071829
15.721	-0.156253
15.722	-0.194563
15.723	-0.187841
15.724	-0.155715
15.725	-0.120898
15.726	-0.095436
15.727	-0.079349
15.728	-0.068754
15.729	-0.064569
15.73	-0.07555
15.731	-0.11328
15.732	-0.181504
15.733	-0.268371
15.734	-0.349025
15.735	-0.396517
15.736	-0.393044
15.737	-0.335711
15.738	-0.236127
15.739	-0.116323
15.74	-0.003061
15.741	0.07936
15.742	0.116992
15.743	0.111057
15.744	0.076104
15.745	0.032845
15.746	0.000623
15.747	-0.007765
15.748	0.011727
15.749	0.058028
15.75	0.134905
15.751	0.255344
15.752	0.425779
15.753	0.621078
15.754	0.783409
15.755	0.854634
15.756	0.811338
15.757	0.671063
15.758	0.472628
15.759	0.255438
15.76	0.053502
15.761	-0.101937
15.762	-0.186805
15.763	-0.197446
15.764	-0.155814
15.765	-0.096333
15.766	-0.046328
15.767	-0.016748
15.768	-0.006546
15.769	-0.012977
15.77	-0.038696
15.771	-0.090177
15.772	-0.168661
15.773	-0.262101
15.774	-0.346334
15.775	-0.394992
15.776	-0.390781
15.777	-0.331441
15.778	-0.229091
15.779	-0.105895
15.78	0.011591
15.781	0.099085
15.782	0.141979
15.783	0.14055
15.784	0.108613
15.785	0.065579
15.786	0.027459
15.787	0.001894
15.788	-0.011155
15.789	-0.013863
15.79	-0.00399
15.791	0.026261
15.792	0.082505
15.793	0.15775
15.794	0.230933
15.795	0.27709
15.796	0.279274
15.797	0.2332
15.798	0.145909
15.799	0.033942
15.8	-0.07775
15.801	-0.160556
15.802	-0.194503
15.803	-0.180796
15.804	-0.140454
15.805	-0.098544
15.806	-0.069278
15.807	-0.053349
15.808	-0.045564
15.809	-0.044521
15.81	-0.057332
15.811	-0.095582
15.812	-0.164131
15.813	-0.251738
15.814	-0.332856
15.815	-0.379881
15.816	-0.375865
15.817	-0.319556
15.818	-0.223083
15.819	-0.107091
15.82	0.003868
15.821	0.086575
15.822	0.126519
15.823	0.124012
15.824	0.092951
15.825	0.052329
15.826	0.017056
15.827	-0.006507
15.828	-0.018996
15.829	-0.022131
15.83	-0.012467
15.831	0.019097
15.832	0.078657
15.833	0.15828
15.834	0.235285
15.835	0.283757
15.836	0.286749
15.837	0.240352
15.838	0.151946
15.839	0.038348
15.84	-0.074952
15.841	-0.158512
15.842	-0.191876
15.843	-0.176494
15.844	-0.134078
15.845	-0.090537
15.846	-0.060784
15.847	-0.045803
15.848	-0.040435
15.849	-0.04327
15.85	-0.061176
15.851	-0.104648
15.852	-0.175808
15.853	-0.258781
15.854	-0.322958
15.855	-0.337782
15.856	-0.285677
15.857	-0.163046
15.858	0.023689
15.859	0.252751
15.86	0.477479
15.861	0.636279
15.862	0.685774
15.863	0.627185
15.864	0.500531
15.865	0.355243
15.866	0.224032
15.867	0.117816
15.868	0.038361
15.869	-0.009006
15.87	-0.014465
15.871	0.028241
15.872	0.112434
15.873	0.214846
15.874	0.302819
15.875	0.348423
15.876	0.338377
15.877	0.274391
15.878	0.168464
15.879	0.040174
15.88	-0.083396
15.881	-0.172241
15.882	-0.206696
15.883	-0.189746
15.884	-0.144361
15.885	-0.096931
15.886	-0.062251
15.887	-0.041343
15.888	-0.029737
15.889	-0.026987
15.89	-0.040513
15.891	-0.081042
15.892	-0.152037
15.893	-0.241747
15.894	-0.325578
15.895	-0.376905
15.896	-0.378205
15.897	-0.326597
15.898	-0.233124
15.899	-0.118708
15.9	-0.009141
15.901	0.071572
15.902	0.109514
15.903	0.106221
15.904	0.076218
15.905	0.038232
15.906	0.00651
15.907	-0.012962
15.908	-0.020652
15.909	-0.017821
15.91	-0.000862
15.911	0.038557
15.912	0.104776
15.913	0.188103
15.914	0.26525
15.915	0.311053
15.916	0.310069
15.917	0.25955
15.918	0.166865
15.919	0.048562
15.92	-0.069097
15.921	-0.155685
15.922	-0.191102
15.923	-0.178327
15.924	-0.140152
15.925	-0.101697
15.926	-0.075573
15.927	-0.060992
15.928	-0.052873
15.929	-0.051127
15.93	-0.06381
15.931	-0.10215
15.932	-0.17007
15.933	-0.256464
15.934	-0.337306
15.935	-0.386106
15.936	-0.385155
15.937	-0.331383
15.938	-0.235934
15.939	-0.120128
15.94	-0.009862
15.941	0.071341
15.942	0.110014
15.943	0.107561
15.944	0.077912
15.945	0.039231
15.946	0.005782
15.947	-0.01569
15.948	-0.024539
15.949	-0.021121
15.95	-0.001553
15.951	0.04185
15.952	0.111964
15.953	0.197545
15.954	0.274326
15.955	0.316731
15.956	0.309275
15.957	0.25019
15.958	0.149985
15.959	0.030239
15.96	-0.077771
15.961	-0.140492
15.962	-0.137385
15.963	-0.071383
15.964	0.039183
15.965	0.175721
15.966	0.319543
15.967	0.442389
15.968	0.510349
15.969	0.501602
15.97	0.417216
15.971	0.275793
15.972	0.102265
15.973	-0.077559
15.974	-0.235959
15.975	-0.343505
15.976	-0.376705
15.977	-0.32955
15.978	-0.219051
15.979	-0.079516
15.98	0.050174
15.981	0.13901
15.982	0.172569
15.983	0.15591
15.984	0.108234
15.985	0.052249
15.986	0.005173
15.987	-0.024933
15.988	-0.037596
15.989	-0.034326
15.99	-0.012454
15.991	0.035092
15.992	0.11093
15.993	0.203095
15.994	0.286068
15.995	0.333395
15.996	0.3297
15.997	0.273706
15.998	0.175268
15.999	0.052912
16.0	-0.066932
16.001	-0.15483
16.002	-0.191673
16.003	-0.181014
16.004	-0.14568
16.005	-0.110558
16.006	-0.088101
16.007	-0.077001
16.008	-0.071038
16.009	-0.069231
16.01	-0.079946
16.011	-0.115595
16.012	-0.180807
16.013	-0.263832
16.014	-0.339557
16.015	-0.381566
16.016	-0.373605
16.017	-0.314302
16.018	-0.215596
16.019	-0.098351
16.02	0.01231
16.021	0.092749
16.022	0.128931
16.023	0.122505
16.024	0.088469
16.025	0.046005
16.026	0.009973
16.027	-0.012589
16.028	-0.021224
16.029	-0.017232
16.03	0.002135
16.031	0.044356
16.032	0.113109
16.033	0.197893
16.034	0.274629
16.035	0.317876
16.036	0.312627
16.037	0.257461
16.038	0.161506
16.039	0.041916
16.04	-0.076229
16.041	-0.163967
16.042	-0.201486
16.043	-0.190856
16.044	-0.153813
16.045	-0.115406
16.046	-0.089015
16.047	-0.074161
16.048	-0.065172
16.049	-0.061433
16.05	-0.071451
16.051	-0.10743
16.052	-0.173458
16.053	-0.257228
16.054	-0.333314
16.055	-0.375086
16.056	-0.36609
16.057	-0.304975
16.058	-0.204089
16.059	-0.085282
16.06	0.024841
16.061	0.101684
16.062	0.131622
16.063	0.117705
16.064	0.076754
16.065	0.030428
16.066	-0.002822
16.067	-0.011745
16.068	0.007018
16.069	0.052737
16.07	0.12957
16.071	0.250529
16.072	0.422549
16.073	0.622035
16.074	0.792411
16.075	0.874572
16.076	0.842064
16.077	0.709431
16.078	0.5139
16.079	0.294573
16.08	0.086206
16.081	-0.078377
16.082	-0.173282
16.083	-0.192997
16.084	-0.157712
16.085	-0.100939
16.086	-0.050435
16.087	-0.018477
16.088	-0.005462
16.089	-0.009832
16.09	-0.035187
16.091	-0.088341
16.092	-0.169519
16.093	-0.264583
16.094	-0.347742
16.095	-0.392548
16.096	-0.382906
16.097	-0.318163
16.098	-0.211907
16.099	-0.087579
16.1	0.027196
16.101	0.108013
16.102	0.142047
16.103	0.132827
16.104	0.096774
16.105	0.053486
16.106	0.01712
16.107	-0.006584
16.108	-0.01798
16.109	-0.017869
16.11	-0.00222
16.111	0.037057
16.112	0.103246
16.113	0.185652
16.114	0.260756
16.115	0.303601
16.116	0.298845
16.117	0.244061
16.118	0.147838
16.119	0.028266
16.12	-0.088028
16.121	-0.171699
16.122	-0.203998
16.123	-0.188465
16.124	-0.147627
16.125	-0.106344
16.126	-0.077625
16.127	-0.061197
16.128	-0.051822
16.129	-0.048841
16.13	-0.060225
16.131	-0.097776
16.132	-0.165709
16.133	-0.251865
16.134	-0.330365
16.135	-0.374163
16.136	-0.367411
16.137	-0.309885
16.138	-0.21421
16.139	-0.100954
16.14	0.005674
16.141	0.082864
16.142	0.116818
16.143	0.109125
16.144	0.075084
16.145	0.034283
16.146	0.001098
16.147	-0.01907
16.148	-0.02725
16.149	-0.02452
16.15	-0.006565
16.151	0.035035
16.152	0.103423
16.153	0.187314
16.154	0.262845
16.155	0.305453
16.156	0.300412
16.157	0.245456
16.158	0.148941
16.159	0.028663
16.16	-0.088745
16.161	-0.173287
16.162	-0.20519
16.163	-0.187383
16.164	-0.142788
16.165	-0.097662
16.166	-0.066639
16.167	-0.050379
16.168	-0.043721
16.169	-0.045601
16.17	-0.063236
16.171	-0.107002
16.172	-0.178283
16.173	-0.260265
16.174	-0.321906
16.175	-0.333302
16.176	-0.27858
16.177	-0.156145
16.178	0.026725
16.179	0.250074
16.18	0.471092
16.181	0.630551
16.182	0.683824
16.183	0.629491
16.184	0.506513
16.185	0.364735
16.186	0.236807
16.187	0.132322
16.188	0.051977
16.189	0.002459
16.19	-0.003043
16.191	0.043646
16.192	0.133885
16.193	0.240287
16.194	0.327618
16.195	0.368451
16.196	0.351633
16.197	0.280612
16.198	0.168101
16.199	0.033943
16.2	-0.094151
16.201	-0.185177
16.202	-0.219126
16.203	-0.19983
16.204	-0.151504
16.205	-0.101405
16.206	-0.064807
16.207	-0.042954
16.208	-0.031331
16.209	-0.029292
16.21	-0.04403
16.211	-0.08583
16.212	-0.15716
16.213	-0.244974
16.214	-0.324212
16.215	-0.369547
16.216	-0.366079
16.217	-0.313385
16.218	-0.223589
16.219	-0.116991
16.22	-0.017542
16.221	0.052945
16.222	0.082384
16.223	0.073401
16.224	0.040858
16.225	0.003124
16.226	-0.02662
16.227	-0.04375
16.228	-0.049441
16.229	-0.044455
16.23	-0.024017
16.231	0.02057
16.232	0.092288
16.233	0.179544
16.234	0.258427
16.235	0.304076
16.236	0.300649
16.237	0.244533
16.238	0.143664
16.239	0.017491
16.24	-0.103845
16.241	-0.187913
16.242	-0.216308
16.243	-0.195788
16.244	-0.151748
16.245	-0.10961
16.246	-0.081318
16.247	-0.065767
16.248	-0.057874
16.249	-0.057214
16.25	-0.071001
16.251	-0.109388
16.252	-0.175339
16.253	-0.257392
16.254	-0.332299
16.255	-0.375416
16.256	-0.371127
16.257	-0.31765
16.258	-0.226022
16.259	-0.116408
16.26	-0.013463
16.261	0.060218
16.262	0.092258
16.263	0.085579
16.264	0.055395
16.265	0.019884
16.266	-0.008159
16.267	-0.023996
16.268	-0.028165
16.269	-0.020679
16.27	0.00354
16.271	0.052567
16.272	0.128047
16.273	0.217062
16.274	0.294668
16.275	0.335286
16.276	0.323099
16.277	0.255935
16.278	0.145204
16.279	0.015602
16.28	-0.09756
16.281	-0.159034
16.282	-0.150299
16.283	-0.077286
16.284	0.040275
16.285	0.1824
16.286	0.326954
16.287	0.442958
16.288	0.499104
16.289	0.480971
16.29	0.39603
16.291	0.263299
16.292	0.102191
16.293	-0.06804
16.294	-0.221787
16.295	-0.327102
16.296	-0.358301
16.297	-0.310689
16.298	-0.204143
16.299	-0.07404
16.3	0.042617
16.301	0.118569
16.302	0.143149
16.303	0.123584
16.304	0.078931
16.305	0.029715
16.306	-0.009903
16.307	-0.034116
16.308	-0.042731
16.309	-0.035794
16.31	-0.008973
16.311	0.045026
16.312	0.127477
16.313	0.224916
16.314	0.310917
16.315	0.357979
16.316	0.349273
16.317	0.282955
16.318	0.170728
16.319	0.03515
16.32	-0.093524
16.321	-0.184728
16.322	-0.220869
16.323	-0.207471
16.324	-0.168295
16.325	-0.128549
16.326	-0.101353
16.327	-0.086586
16.328	-0.079008
16.329	-0.077562
16.33	-0.089145
16.331	-0.12379
16.332	-0.184035
16.333	-0.257753
16.334	-0.32199
16.335	-0.354498
16.336	-0.34324
16.337	-0.288892
16.338	-0.202367
16.339	-0.101006
16.34	-0.005341
16.341	0.064824
16.342	0.097059
16.343	0.092271
16.344	0.063327
16.345	0.026936
16.346	-0.00404
16.347	-0.02371
16.348	-0.031687
16.349	-0.027992
16.35	-0.007575
16.351	0.039053
16.352	0.116052
16.353	0.211563
16.354	0.298551
16.355	0.347606
16.356	0.340187
16.357	0.273785
16.358	0.160193
16.359	0.022222
16.36	-0.109247
16.361	-0.202501
16.362	-0.23905
16.363	-0.224306
16.364	-0.182434
16.365	-0.139245
16.366	-0.108541
16.367	-0.090883
16.368	-0.081659
16.369	-0.08004
16.37	-0.092339
16.371	-0.127248
16.372	-0.185858
16.373	-0.255535
16.374	-0.314308
16.375	-0.341765
16.376	-0.327482
16.377	-0.272901
16.378	-0.188654
16.379	-0.091297
16.38	-0.000998
16.381	0.062514
16.382	0.08749
16.383	0.076069
16.384	0.042499
16.385	0.005538
16.386	-0.018592
16.387	-0.01999
16.388	0.004436
16.389	0.056162
16.39	0.144461
16.391	0.285566
16.392	0.480649
16.393	0.692948
16.394	0.85709
16.395	0.917534
16.396	0.858835
16.397	0.703397
16.398	0.488348
16.399	0.249353
16.4	0.022693
16.401	-0.150897
16.402	-0.239349
16.403	-0.240015
16.404	-0.183026
16.405	-0.111529
16.406	-0.057498
16.407	-0.031713
16.408	-0.029859
16.409	-0.044936
16.41	-0.075661
16.411	-0.125144
16.412	-0.191981
16.413	-0.263767
16.414	-0.320566
16.415	-0.344764
16.416	-0.32849
16.417	-0.274418
16.418	-0.192516
16.419	-0.097351
16.42	-0.006825
16.421	0.060901
16.422	0.093989
16.423	0.092716
16.424	0.068298
16.425	0.035138
16.426	0.003417
16.427	-0.022823
16.428	-0.042284
16.429	-0.050739
16.43	-0.037632
16.431	0.009797
16.432	0.094877
16.433	0.202166
16.434	0.300646
16.435	0.357452
16.436	0.351351
16.437	0.27872
16.438	0.153026
16.439	0.001865
16.44	-0.138159
16.441	-0.23201
16.442	-0.261392
16.443	-0.234341
16.444	-0.178931
16.445	-0.12518
16.446	-0.090199
16.447	-0.075652
16.448	-0.074986
16.449	-0.082971
16.45	-0.101105
16.451	-0.134971
16.452	-0.185323
16.453	-0.241905
16.454	-0.287212
16.455	-0.306415
16.456	-0.293905
16.457	-0.252489
16.458	-0.189443
16.459	-0.114761
16.46	-0.041625
16.461	0.015164
16.462	0.045175
16.463	0.048257
16.464	0.033536
16.465	0.012277
16.466	-0.008057
16.467	-0.024904
16.468	-0.039223
16.469	-0.05474
16.47	-0.077655
16.471	-0.113671
16.472	-0.16198
16.473	-0.212235
16.474	-0.249281
16.475	-0.261703
16.476	-0.246498
16.477	-0.207577
16.478	-0.152058
16.479	-0.08837
16.48	-0.026497
16.481	0.022434
16.482	0.050096
16.483	0.055799
16.484	0.04616
16.485	0.029751
16.486	0.012535
16.487	-0.003125
16.488	-0.017724
16.489	-0.034223
16.49	-0.05758
16.491	-0.091396
16.492	-0.131533
16.493	-0.163519
16.494	-0.169658
16.495	-0.13943
16.496	-0.070765
16.497	0.036894
16.498	0.181981
16.499	0.347654
16.5	0.495103
16.501	0.580603
16.502	0.584199
16.503	0.520639
16.504	0.422
16.505	0.312766
16.506	0.202849
16.507	0.099057
16.508	0.01435
16.509	-0.038765
16.51	-0.06146
16.511	-0.070073
16.512	-0.082401
16.513	-0.103912
16.514	-0.127309
16.515	-0.142194
16.516	-0.143066
16.517	-0.130128
16.518	-0.105931
16.519	-0.073301
16.52	-0.036687
16.521	-0.003491
16.522	0.019027
16.523	0.028675
16.524	0.028781
16.525	0.02413
16.526	0.017703
16.527	0.010554
16.528	0.002792
16.529	-0.006657
16.53	-0.021131
16.531	-0.045077
16.532	-0.079147
16.533	-0.116448
16.534	-0.145669
16.535	-0.158477
16.536	-0.153694
16.537	-0.135476
16.538	-0.108876
16.539	-0.07753
16.54	-0.045166
16.541	-0.017351
16.542	0.000785
16.543	0.008357
16.544	0.008631
16.545	0.005371
16.546	0.000227
16.547	-0.006947
16.548	-0.016615
16.549	-0.029111
16.55	-0.04562
16.551	-0.067988
16.552	-0.095221
16.553	-0.120794
16.554	-0.136192
16.555	-0.137431
16.556	-0.12685
16.557	-0.108873
16.558	-0.085436
16.559	-0.056499
16.56	-0.024897
16.561	0.001561
16.562	0.015256
16.563	0.01537
16.564	0.007657
16.565	-0.001551
16.566	-0.00939
16.567	-0.015461
16.568	-0.019868
16.569	-0.023884
16.57	-0.03117
16.571	-0.046067
16.572	-0.069267
16.573	-0.095335
16.574	-0.115352
16.575	-0.122667
16.576	-0.116987
16.577	-0.103215
16.578	-0.085875
16.579	-0.065395
16.58	-0.040837
16.581	-0.014971
16.582	0.005737
16.583	0.016519
16.584	0.018164
16.585	0.014851
16.586	0.009511
16.587	0.002664
16.588	-0.004938
16.589	-0.010857
16.59	-0.014005
16.591	-0.018008
16.592	-0.027912
16.593	-0.042738
16.594	-0.054621
16.595	-0.056792
16.596	-0.049723
16.597	-0.037726
16.598	-0.021837
16.599	0.001464
16.6	0.035639
16.601	0.080167
16.602	0.132002
16.603	0.191473
16.604	0.263554
16.605	0.347564
16.606	0.426255
16.607	0.472067
16.608	0.468165
16.609	0.42152
16.61	0.354035
16.611	0.283558
16.612	0.214886
16.613	0.146229
16.614	0.080971
16.615	0.030672
16.616	0.006069
16.617	0.008218
16.618	0.029255
16.619	0.058186
16.62	0.084841
16.621	0.10146
16.622	0.104164
16.623	0.094168
16.624	0.076134
16.625	0.054976
16.626	0.035311
16.627	0.022205
16.628	0.019183
16.629	0.024655
16.63	0.031311
16.631	0.030874
16.632	0.021041
16.633	0.007554
16.634	-0.001196
16.635	-0.001225
16.636	0.005198
16.637	0.013453
16.638	0.0213
16.639	0.029783
16.64	0.04
16.641	0.050005
16.642	0.056061
16.643	0.056455
16.644	0.05259
16.645	0.046828
16.646	0.040827
16.647	0.035788
16.648	0.03285
16.649	0.03207
16.65	0.030922
16.651	0.025486
16.652	0.014783
16.653	0.003131
16.654	-0.003363
16.655	-0.002369
16.656	0.003424
16.657	0.010017
16.658	0.016005
16.659	0.022718
16.66	0.030977
16.661	0.038668
16.662	0.04263
16.663	0.042164
16.664	0.039298
16.665	0.036408
16.666	0.034697
16.667	0.034216
16.668	0.034261
16.669	0.033296
16.67	0.028644
16.671	0.017843
16.672	0.001922
16.673	-0.013544
16.674	-0.022466
16.675	-0.02341
16.676	-0.020041
16.677	-0.016858
16.678	-0.015132
16.679	-0.012832
16.68	-0.008277
16.681	-0.003026
16.682	-0.000109
16.683	-0.000393
16.684	-0.002374
16.685	-0.004634
16.686	-0.006861
16.687	-0.008693
16.688	-0.008921
16.689	-0.006874
16.69	-0.004594
16.691	-0.006044
16.692	-0.012721
16.693	-0.020979
16.694	-0.025308
16.695	-0.02392
16.696	-0.020071
16.697	-0.018123
16.698	-0.018977
16.699	-0.019647
16.7	-0.017367
16.701	-0.013168
16.702	-0.010342
16.703	-0.010379
16.704	-0.011587
16.705	-0.010434
16.706	-0.003067
16.707	0.013149
16.708	0.038639
16.709	0.07398
16.71	0.123481
16.711	0.191518
16.712	0.271324
16.713	0.340693
16.714	0.374247
16.715	0.361564
16.716	0.313675
16.717	0.252873
16.718	0.195443
16.719	0.142946
16.72	0.089547
16.721	0.035705
16.722	-0.007835
16.723	-0.029315
16.724	-0.027176
16.725	-0.011703
16.726	0.003153
16.727	0.009065
16.728	0.005979
16.729	-0.002249
16.73	-0.013525
16.731	-0.028158
16.732	-0.044559
16.733	-0.057262
16.734	-0.061151
16.735	-0.056467
16.736	-0.048503
16.737	-0.042589
16.738	-0.039613
16.739	-0.036417
16.74	-0.030461
16.741	-0.023145
16.742	-0.017895
16.743	-0.016246
16.744	-0.017203
16.745	-0.019583
16.746	-0.023181
16.747	-0.027617
16.748	-0.031569
16.749	-0.034208
16.75	-0.037098
16.751	-0.043123
16.752	-0.052442
16.753	-0.060843
16.754	-0.063586
16.755	-0.060298
16.756	-0.055223
16.757	-0.052841
16.758	-0.053569
16.759	-0.05399
16.76	-0.051203
16.761	-0.046049
16.762	-0.04155
16.763	-0.039375
16.764	-0.039081
16.765	-0.039898
16.766	-0.041415
16.767	-0.042437
16.768	-0.040514
16.769	-0.033977
16.77	-0.024899
16.771	-0.018717
16.772	-0.019282
16.773	-0.025105
16.774	-0.031712
16.775	-0.03678
16.776	-0.041771
16.777	-0.048849
16.778	-0.057194
16.779	-0.063318
16.78	-0.065001
16.781	-0.063727
16.782	-0.062434
16.783	-0.062029
16.784	-0.061521
16.785	-0.060549
16.786	-0.060009
16.787	-0.06051
16.788	-0.061412
16.789	-0.061942
16.79	-0.06319
16.791	-0.06754
16.792	-0.074928
16.793	-0.081152
16.794	-0.0816
16.795	-0.076121
16.796	-0.06929
16.797	-0.065928
16.798	-0.066845
16.799	-0.068881
16.8	-0.068562
16.801	-0.06523
16.802	-0.060425
16.803	-0.055424
16.804	-0.050829
16.805	-0.047686
16.806	-0.047146
16.807	-0.048952
16.808	-0.051168
16.809	-0.052134
16.81	-0.052733
16.811	-0.055034
16.812	-0.057289
16.813	-0.051884
16.814	-0.030574
16.815	0.009137
16.816	0.065887
16.817	0.141938
16.818	0.241109
16.819	0.353704
16.82	0.448988
16.821	0.492296
16.822	0.472129
16.823	0.406874
16.824	0.324029
16.825	0.237352
16.826	0.147057
16.827	0.057043
16.828	-0.016456
16.829	-0.055905
16.83	-0.05894
16.831	-0.040759
16.832	-0.020812
16.833	-0.00952
16.834	-0.007055
16.835	-0.01045
16.836	-0.018669
16.837	-0.031602
16.838	-0.046907
16.839	-0.059802
16.84	-0.066473
16.841	-0.066949
16.842	-0.063824
16.843	-0.059163
16.844	-0.053812
16.845	-0.048502
16.846	-0.044087
16.847	-0.040727
16.848	-0.037557
16.849	-0.033964
16.85	-0.031403
16.851	-0.032505
16.852	-0.037431
16.853	-0.042579
16.854	-0.044275
16.855	-0.042988
16.856	-0.042959
16.857	-0.047995
16.858	-0.057833
16.859	-0.068289
16.86	-0.075128
16.861	-0.077629
16.862	-0.07776
16.863	-0.076871
16.864	-0.074771
16.865	-0.071357
16.866	-0.067487
16.867	-0.063918
16.868	-0.060258
16.869	-0.055939
16.87	-0.052297
16.871	-0.052044
16.872	-0.055388
16.873	-0.058121
16.874	-0.055393
16.875	-0.046829
16.876	-0.036998
16.877	-0.031344
16.878	-0.031925
16.879	-0.036529
16.88	-0.041616
16.881	-0.045611
16.882	-0.049009
16.883	-0.052482
16.884	-0.05599
16.885	-0.059218
16.886	-0.062024
16.887	-0.064133
16.888	-0.06467
16.889	-0.062897
16.89	-0.059857
16.891	-0.058118
16.892	-0.058803
16.893	-0.060087
16.894	-0.059867
16.895	-0.058967
16.896	-0.060657
16.897	-0.067104
16.898	-0.076444
16.899	-0.083743
16.9	-0.085415
16.901	-0.082293
16.902	-0.077843
16.903	-0.074342
16.904	-0.071837
16.905	-0.069847
16.906	-0.068357
16.907	-0.067008
16.908	-0.064486
16.909	-0.05979
16.91	-0.05424
16.911	-0.050909
16.912	-0.051064
16.913	-0.052505
16.914	-0.052551
16.915	-0.051693
16.916	-0.053319
16.917	-0.059756
16.918	-0.068296
16.919	-0.071014
16.92	-0.059338
16.921	-0.029516
16.922	0.016952
16.923	0.07943
16.924	0.163115
16.925	0.271811
16.926	0.391944
16.927	0.489647
16.928	0.532217
16.929	0.512246
16.93	0.446636
16.931	0.355408
16.932	0.248793
16.933	0.134645
16.934	0.029696
16.935	-0.044245
16.936	-0.075591
16.937	-0.071206
16.938	-0.049424
16.939	-0.027416
16.94	-0.014561
16.941	-0.013216
16.942	-0.021473
16.943	-0.035004
16.944	-0.049167
16.945	-0.06116
16.946	-0.070097
16.947	-0.075325
16.948	-0.075538
16.949	-0.070003
16.95	-0.060517
16.951	-0.050928
16.952	-0.043783
16.953	-0.03841
16.954	-0.033083
16.955	-0.028107
16.956	-0.025881
16.957	-0.0282
16.958	-0.034092
16.959	-0.040656
16.96	-0.046014
16.961	-0.050906
16.962	-0.056905
16.963	-0.063952
16.964	-0.070725
16.965	-0.076507
16.966	-0.081329
16.967	-0.084604
16.968	-0.084627
16.969	-0.080158
16.97	-0.0727
16.971	-0.065873
16.972	-0.061677
16.973	-0.058688
16.974	-0.054687
16.975	-0.049954
16.976	-0.047195
16.977	-0.048579
16.978	-0.053377
16.979	-0.058517
16.98	-0.061353
16.981	-0.061583
16.982	-0.060143
16.983	-0.057428
16.984	-0.053876
16.985	-0.051159
16.986	-0.05103
16.987	-0.053131
16.988	-0.054922
16.989	-0.054283
16.99	-0.0521
16.991	-0.051318
16.992	-0.053141
16.993	-0.055463
16.994	-0.055534
16.995	-0.053238
16.996	-0.051177
16.997	-0.051739
16.998	-0.054467
16.999	-0.056598
17.0	-0.056426
17.001	-0.05561
17.002	-0.05727
17.003	-0.062436
17.004	-0.069442
17.005	-0.076007
17.006	-0.080745
17.007	-0.082981
17.008	-0.082113
17.009	-0.078265
17.01	-0.073643
17.011	-0.071496
17.012	-0.072617
17.013	-0.074013
17.014	-0.072068
17.015	-0.066536
17.016	-0.060795
17.017	-0.058463
17.018	-0.060159
17.019	-0.063499
17.02	-0.066109
17.021	-0.068167
17.022	-0.071503
17.023	-0.076981
17.024	-0.083484
17.025	-0.088069
17.026	-0.085552
17.027	-0.068877
17.028	-0.03209
17.029	0.026807
17.03	0.107724
17.031	0.211351
17.032	0.332968
17.033	0.451391
17.034	0.532819
17.035	0.552944
17.036	0.513156
17.037	0.432582
17.038	0.328856
17.039	0.21213
17.04	0.094714
17.041	-0.00317
17.042	-0.062407
17.043	-0.078141
17.044	-0.062798
17.045	-0.03729
17.046	-0.018741
17.047	-0.013452
17.048	-0.018166
17.049	-0.026683
17.05	-0.03587
17.051	-0.046024
17.052	-0.056603
17.053	-0.06414
17.054	-0.065329
17.055	-0.060689
17.056	-0.054138
17.057	-0.04923
17.058	-0.046233
17.059	-0.043024
17.06	-0.038623
17.061	-0.034897
17.062	-0.034226
17.063	-0.036627
17.064	-0.040149
17.065	-0.043349
17.066	-0.046294
17.067	-0.049357
17.068	-0.052212
17.069	-0.054633
17.07	-0.057825
17.071	-0.063516
17.072	-0.070968
17.073	-0.076432
17.074	-0.07665
17.075	-0.072026
17.076	-0.06589
17.077	-0.061096
17.078	-0.057484
17.079	-0.052914
17.08	-0.0469
17.081	-0.042145
17.082	-0.041592
17.083	-0.044944
17.084	-0.049228
17.085	-0.052041
17.086	-0.052981
17.087	-0.052293
17.088	-0.049573
17.089	-0.044592
17.09	-0.039148
17.091	-0.036518
17.092	-0.037896
17.093	-0.040647
17.094	-0.041328
17.095	-0.039605
17.096	-0.038323
17.097	-0.039999
17.098	-0.043935
17.099	-0.047276
17.1	-0.048543
17.101	-0.049029
17.102	-0.050374
17.103	-0.052062
17.104	-0.052428
17.105	-0.051264
17.106	-0.050107
17.107	-0.050215
17.108	-0.051222
17.109	-0.052132
17.11	-0.053329
17.111	-0.056289
17.112	-0.060761
17.113	-0.063808
17.114	-0.062701
17.115	-0.057977
17.116	-0.052941
17.117	-0.050197
17.118	-0.049103
17.119	-0.047127
17.12	-0.043461
17.121	-0.040214
17.122	-0.039536
17.123	-0.040824
17.124	-0.041888
17.125	-0.041878
17.126	-0.041801
17.127	-0.042747
17.128	-0.044609
17.129	-0.046916
17.13	-0.05044
17.131	-0.056047
17.132	-0.060561
17.133	-0.0554
17.134	-0.031613
17.135	0.013775
17.136	0.078611
17.137	0.162822
17.138	0.268661
17.139	0.387875
17.14	0.492798
17.141	0.549829
17.142	0.544367
17.143	0.487876
17.144	0.399987
17.145	0.291517
17.146	0.169734
17.147	0.052518
17.148	-0.033425
17.149	-0.070583
17.15	-0.064262
17.151	-0.037383
17.152	-0.012867
17.153	-0.001156
17.154	-0.001025
17.155	-0.007342
17.156	-0.016557
17.157	-0.026986
17.158	-0.03691
17.159	-0.044189
17.16	-0.047906
17.161	-0.049261
17.162	-0.049711
17.163	-0.048945
17.164	-0.045813
17.165	-0.040491
17.166	-0.03471
17.167	-0.030155
17.168	-0.027224
17.169	-0.025703
17.17	-0.026453
17.171	-0.031029
17.172	-0.038962
17.173	-0.046865
17.174	-0.051269
17.175	-0.051915
17.176	-0.051696
17.177	-0.053465
17.178	-0.057176
17.179	-0.060183
17.18	-0.060351
17.181	-0.058392
17.182	-0.056427
17.183	-0.055134
17.184	-0.053544
17.185	-0.051005
17.186	-0.048163
17.187	-0.046049
17.188	-0.044897
17.189	-0.044666
17.19	-0.046381
17.191	-0.051161
17.192	-0.057419
17.193	-0.060954
17.194	-0.058773
17.195	-0.051985
17.196	-0.044582
17.197	-0.039853
17.198	-0.037902
17.199	-0.036202
17.2	-0.032812
17.201	-0.029021
17.202	-0.028036
17.203	-0.031311
17.204	-0.037138
17.205	-0.042633
17.206	-0.046178
17.207	-0.047706
17.208	-0.047411
17.209	-0.045453
17.21	-0.043203
17.211	-0.043112
17.212	-0.046083
17.213	-0.050099
17.214	-0.05253
17.215	-0.053051
17.216	-0.053492
17.217	-0.055168
17.218	-0.05685
17.219	-0.055734
17.22	-0.050707
17.221	-0.044134
17.222	-0.039635
17.223	-0.038676
17.224	-0.040006
17.225	-0.041599
17.226	-0.042205
17.227	-0.041291
17.228	-0.038557
17.229	-0.034361
17.23	-0.030656
17.231	-0.030161
17.232	-0.033583
17.233	-0.038689
17.234	-0.042939
17.235	-0.046159
17.236	-0.05005
17.237	-0.055266
17.238	-0.058637
17.239	-0.053118
17.24	-0.031686
17.241	0.007794
17.242	0.063005
17.243	0.133817
17.244	0.225239
17.245	0.337097
17.246	0.450153
17.247	0.530521
17.248	0.553475
17.249	0.519791
17.25	0.446054
17.251	0.345381
17.252	0.225157
17.253	0.099811
17.254	-0.00506
17.255	-0.066247
17.256	-0.078816
17.257	-0.057633
17.258	-0.02513
17.259	0.001467
17.26	0.014416
17.261	0.013266
17.262	0.001836
17.263	-0.01398
17.264	-0.028658
17.265	-0.039201
17.266	-0.045294
17.267	-0.047739
17.268	-0.047176
17.269	-0.044327
17.27	-0.040984
17.271	-0.039277
17.272	-0.039362
17.273	-0.039209
17.274	-0.037196
17.275	-0.033839
17.276	-0.030791
17.277	-0.028784
17.278	-0.0268
17.279	-0.02351
17.28	-0.019676
17.281	-0.018418
17.282	-0.022328
17.283	-0.030708
17.284	-0.040345
17.285	-0.04838
17.286	-0.053654
17.287	-0.056022
17.288	-0.055477
17.289	-0.052613
17.29	-0.049812
17.291	-0.050132
17.292	-0.053893
17.293	-0.057955
17.294	-0.059054
17.295	-0.056738
17.296	-0.052763
17.297	-0.048481
17.298	-0.043408
17.299	-0.036403
17.3	-0.027955
17.301	-0.020682
17.302	-0.017002
17.303	-0.016986
17.304	-0.019136
17.305	-0.022165
17.306	-0.025226
17.307	-0.02748
17.308	-0.028514
17.309	-0.029386
17.31	-0.032846
17.311	-0.041067
17.312	-0.05262
17.313	-0.063024
17.314	-0.068492
17.315	-0.068311
17.316	-0.063957
17.317	-0.0569
17.318	-0.047637
17.319	-0.036669
17.32	-0.026109
17.321	-0.019682
17.322	-0.020078
17.323	-0.026422
17.324	-0.035081
17.325	-0.042473
17.326	-0.046707
17.327	-0.047424
17.328	-0.045157
17.329	-0.041624
17.33	-0.040329
17.331	-0.044804
17.332	-0.055009
17.333	-0.066529
17.334	-0.073942
17.335	-0.074528
17.336	-0.068796
17.337	-0.058444
17.338	-0.044759
17.339	-0.029231
17.34	-0.015247
17.341	-0.00777
17.342	-0.009934
17.343	-0.02013
17.344	-0.03255
17.345	-0.039376
17.346	-0.032681
17.347	-0.006856
17.348	0.038864
17.349	0.101407
17.35	0.178911
17.351	0.271576
17.352	0.372176
17.353	0.458347
17.354	0.503372
17.355	0.49681
17.356	0.449353
17.357	0.377103
17.358	0.287778
17.359	0.185773
17.36	0.084595
17.361	0.006056
17.362	-0.03401
17.363	-0.036775
17.364	-0.017831
17.365	0.004258
17.366	0.017754
17.367	0.020207
17.368	0.014833
17.369	0.0049
17.37	-0.009608
17.371	-0.030173
17.372	-0.055041
17.373	-0.077974
17.374	-0.092119
17.375	-0.094102
17.376	-0.08449
17.377	-0.065751
17.378	-0.04081
17.379	-0.013636
17.38	0.009654
17.381	0.02239
17.382	0.021613
17.383	0.010383
17.384	-0.00458
17.385	-0.017198
17.386	-0.024596
17.387	-0.027072
17.388	-0.026975
17.389	-0.02812
17.39	-0.035305
17.391	-0.051873
17.392	-0.076067
17.393	-0.10074
17.394	-0.117638
17.395	-0.121874
17.396	-0.113025
17.397	-0.093603
17.398	-0.067393
17.399	-0.039161
17.4	-0.015074
17.401	-0.001378
17.402	-0.000827
17.403	-0.010485
17.404	-0.023642
17.405	-0.03388
17.406	-0.037749
17.407	-0.034992
17.408	-0.02784
17.409	-0.020808
17.41	-0.020245
17.411	-0.031232
17.412	-0.052841
17.413	-0.077476
17.414	-0.095944
17.415	-0.102818
17.416	-0.097431
17.417	-0.081559
17.418	-0.057727
17.419	-0.030193
17.42	-0.006178
17.421	0.006539
17.422	0.004766
17.423	-0.007678
17.424	-0.022882
17.425	-0.033876
17.426	-0.037552
17.427	-0.034701
17.428	-0.028903
17.429	-0.025641
17.43	-0.031165
17.431	-0.049349
17.432	-0.077744
17.433	-0.107527
17.434	-0.128369
17.435	-0.133609
17.436	-0.121929
17.437	-0.096043
17.438	-0.061048
17.439	-0.024006
17.44	0.006397
17.441	0.022298
17.442	0.020835
17.443	0.006307
17.444	-0.012363
17.445	-0.026705
17.446	-0.032244
17.447	-0.029299
17.448	-0.022229
17.449	-0.01823
17.45	-0.025085
17.451	-0.045828
17.452	-0.07299
17.453	-0.09008
17.454	-0.081079
17.455	-0.037824
17.456	0.042323
17.457	0.160793
17.458	0.310681
17.459	0.464109
17.46	0.577135
17.461	0.61618
17.462	0.57937
17.463	0.490119
17.464	0.373504
17.465	0.24459
17.466	0.117399
17.467	0.013965
17.468	-0.041975
17.469	-0.036628
17.47	0.030299
17.471	0.147646
17.472	0.292687
17.473	0.431188
17.474	0.525256
17.475	0.547012
17.476	0.487531
17.477	0.356498
17.478	0.177994
17.479	-0.012835
17.48	-0.174982
17.481	-0.273899
17.482	-0.297648
17.483	-0.262679
17.484	-0.20105
17.485	-0.140458
17.486	-0.093869
17.487	-0.06227
17.488	-0.042878
17.489	-0.035612
17.49	-0.044524
17.491	-0.073267
17.492	-0.118522
17.493	-0.168517
17.494	-0.208029
17.495	-0.224841
17.496	-0.213435
17.497	-0.175591
17.498	-0.119438
17.499	-0.057959
17.5	-0.006523
17.501	0.021732
17.502	0.022061
17.503	0.001149
17.504	-0.026939
17.505	-0.049024
17.506	-0.058945
17.507	-0.057755
17.508	-0.048156
17.509	-0.02717
17.51	0.016354
17.511	0.094133
17.512	0.203931
17.513	0.321745
17.514	0.410975
17.515	0.441113
17.516	0.39985
17.517	0.293597
17.518	0.143058
17.519	-0.020556
17.52	-0.160467
17.521	-0.245819
17.522	-0.26703
17.523	-0.240302
17.524	-0.193997
17.525	-0.15009
17.526	-0.116672
17.527	-0.092596
17.528	-0.075915
17.529	-0.069388
17.53	-0.08021
17.531	-0.113831
17.532	-0.166723
17.533	-0.2252
17.534	-0.271212
17.535	-0.289697
17.536	-0.273125
17.537	-0.222969
17.538	-0.149172
17.539	-0.068201
17.54	0.000405
17.541	0.040055
17.542	0.04463
17.543	0.021839
17.544	-0.011599
17.545	-0.039532
17.546	-0.053703
17.547	-0.054435
17.548	-0.044976
17.549	-0.023708
17.55	0.019001
17.551	0.093487
17.552	0.196336
17.553	0.303472
17.554	0.38028
17.555	0.399588
17.556	0.352421
17.557	0.248013
17.558	0.109415
17.559	-0.03004
17.56	-0.132145
17.561	-0.166353
17.562	-0.123016
17.563	-0.01404
17.564	0.135758
17.565	0.293371
17.566	0.421689
17.567	0.492604
17.568	0.499388
17.569	0.450951
17.57	0.353896
17.571	0.208599
17.572	0.026938
17.573	-0.154439
17.574	-0.287363
17.575	-0.339407
17.576	-0.3091
17.577	-0.220427
17.578	-0.107076
17.579	5e-06
17.58	0.077521
17.581	0.11202
17.582	0.102915
17.583	0.063069
17.584	0.013101
17.585	-0.02831
17.586	-0.051833
17.587	-0.058147
17.588	-0.051725
17.589	-0.032016
17.59	0.010142
17.591	0.084567
17.592	0.187092
17.593	0.293607
17.594	0.370695
17.595	0.392913
17.596	0.352228
17.597	0.256307
17.598	0.123137
17.599	-0.02128
17.6	-0.145198
17.601	-0.22107
17.602	-0.240178
17.603	-0.217173
17.604	-0.177801
17.605	-0.141608
17.606	-0.114825
17.607	-0.095539
17.608	-0.08258
17.609	-0.080541
17.61	-0.098333
17.611	-0.141849
17.612	-0.206096
17.613	-0.27449
17.614	-0.325851
17.615	-0.342695
17.616	-0.316424
17.617	-0.249303
17.618	-0.154226
17.619	-0.052377
17.62	0.032094
17.621	0.080437
17.622	0.087267
17.623	0.062315
17.624	0.024073
17.625	-0.010033
17.626	-0.030802
17.627	-0.038484
17.628	-0.037421
17.629	-0.027194
17.63	0.001728
17.631	0.060782
17.632	0.148765
17.633	0.244695
17.634	0.316764
17.635	0.339308
17.636	0.303322
17.637	0.215657
17.638	0.093607
17.639	-0.038256
17.64	-0.15088
17.641	-0.219356
17.642	-0.235656
17.643	-0.212987
17.644	-0.174839
17.645	-0.139156
17.646	-0.111928
17.647	-0.091978
17.648	-0.078957
17.649	-0.077867
17.65	-0.097707
17.651	-0.144492
17.652	-0.213499
17.653	-0.287809
17.654	-0.344454
17.655	-0.363338
17.656	-0.334164
17.657	-0.259587
17.658	-0.154872
17.659	-0.044407
17.66	0.044826
17.661	0.09226
17.662	0.092422
17.663	0.057677
17.664	0.012128
17.665	-0.019435
17.666	-0.021492
17.667	0.00806
17.668	0.063664
17.669	0.145545
17.67	0.265554
17.671	0.431277
17.672	0.621622
17.673	0.786289
17.674	0.875681
17.675	0.868236
17.676	0.768276
17.677	0.5897
17.678	0.354443
17.679	0.103548
17.68	-0.105202
17.681	-0.223434
17.682	-0.241414
17.683	-0.191327
17.684	-0.121381
17.685	-0.066202
17.686	-0.036412
17.687	-0.027069
17.688	-0.031383
17.689	-0.049013
17.69	-0.085648
17.691	-0.145599
17.692	-0.223433
17.693	-0.302081
17.694	-0.358959
17.695	-0.374937
17.696	-0.340898
17.697	-0.260526
17.698	-0.149765
17.699	-0.033234
17.7	0.062093
17.701	0.115674
17.702	0.121936
17.703	0.092324
17.704	0.048
17.705	0.008317
17.706	-0.017252
17.707	-0.029611
17.708	-0.033351
17.709	-0.027679
17.71	-0.002878
17.711	0.052017
17.712	0.13495
17.713	0.22447
17.714	0.289747
17.715	0.307664
17.716	0.27183
17.717	0.19004
17.718	0.078103
17.719	-0.042461
17.72	-0.144902
17.721	-0.204796
17.722	-0.214017
17.723	-0.186037
17.724	-0.144722
17.725	-0.108217
17.726	-0.082311
17.727	-0.065087
17.728	-0.055498
17.729	-0.058652
17.73	-0.08422
17.731	-0.13819
17.732	-0.214298
17.733	-0.293689
17.734	-0.353059
17.735	-0.373643
17.736	-0.346259
17.737	-0.273192
17.738	-0.168341
17.739	-0.055222
17.74	0.038729
17.741	0.092057
17.742	0.099036
17.743	0.071503
17.744	0.030609
17.745	-0.00518
17.746	-0.027721
17.747	-0.038721
17.748	-0.042542
17.749	-0.037444
17.75	-0.01285
17.751	0.04228
17.752	0.125433
17.753	0.215259
17.754	0.281793
17.755	0.302285
17.756	0.269262
17.757	0.188561
17.758	0.074852
17.759	-0.049148
17.76	-0.153738
17.761	-0.212262
17.762	-0.216584
17.763	-0.181876
17.764	-0.134267
17.765	-0.093934
17.766	-0.068206
17.767	-0.056062
17.768	-0.056018
17.769	-0.070592
17.77	-0.104523
17.771	-0.157425
17.772	-0.217464
17.773	-0.263509
17.774	-0.272957
17.775	-0.226439
17.776	-0.110367
17.777	0.07349
17.778	0.295148
17.779	0.500143
17.78	0.636002
17.781	0.677982
17.782	0.630921
17.783	0.514644
17.784	0.355459
17.785	0.187691
17.786	0.049784
17.787	-0.031099
17.788	-0.050969
17.789	-0.023413
17.79	0.036027
17.791	0.117033
17.792	0.208138
17.793	0.289872
17.794	0.33903
17.795	0.339541
17.796	0.288568
17.797	0.194789
17.798	0.0748
17.799	-0.048032
17.8	-0.146003
17.801	-0.196685
17.802	-0.195613
17.803	-0.158777
17.804	-0.110537
17.805	-0.068877
17.806	-0.040367
17.807	-0.024683
17.808	-0.021442
17.809	-0.034264
17.81	-0.069916
17.811	-0.13214
17.812	-0.214539
17.813	-0.299362
17.814	-0.363454
17.815	-0.386774
17.816	-0.359099
17.817	-0.283232
17.818	-0.1748
17.819	-0.058822
17.82	0.03714
17.821	0.092471
17.822	0.102051
17.823	0.077751
17.824	0.040463
17.825	0.008195
17.826	-0.011433
17.827	-0.020397
17.828	-0.022846
17.829	-0.016747
17.83	0.008172
17.831	0.062188
17.832	0.142559
17.833	0.228671
17.834	0.291587
17.835	0.30915
17.836	0.273959
17.837	0.192126
17.838	0.079418
17.839	-0.040843
17.84	-0.14081
17.841	-0.197267
17.842	-0.204047
17.843	-0.175147
17.844	-0.133553
17.845	-0.096921
17.846	-0.072058
17.847	-0.058584
17.848	-0.055652
17.849	-0.066708
17.85	-0.099198
17.851	-0.158259
17.852	-0.238757
17.853	-0.323082
17.854	-0.387026
17.855	-0.409331
17.856	-0.379405
17.857	-0.300733
17.858	-0.189936
17.859	-0.072243
17.86	0.025356
17.861	0.082717
17.862	0.094657
17.863	0.072581
17.864	0.036743
17.865	0.004793
17.866	-0.01529
17.867	-0.024452
17.868	-0.025799
17.869	-0.017031
17.87	0.011363
17.871	0.068148
17.872	0.148696
17.873	0.230873
17.874	0.285759
17.875	0.293496
17.876	0.251211
17.877	0.171139
17.878	0.074969
17.879	-0.011156
17.88	-0.060675
17.881	-0.051957
17.882	0.024045
17.883	0.156083
17.884	0.310437
17.885	0.442411
17.886	0.519266
17.887	0.5335
17.888	0.491656
17.889	0.395137
17.89	0.240703
17.891	0.040753
17.892	-0.165245
17.893	-0.326641
17.894	-0.409217
17.895	-0.40819
17.896	-0.341094
17.897	-0.233794
17.898	-0.111627
17.899	0.002253
17.9	0.086795
17.901	0.127334
17.902	0.122641
17.903	0.086454
17.904	0.040036
17.905	0.001236
17.906	-0.022276
17.907	-0.032022
17.908	-0.031574
17.909	-0.018714
17.91	0.015947
17.911	0.079947
17.912	0.166435
17.913	0.252078
17.914	0.308906
17.915	0.318386
17.916	0.27665
17.917	0.191278
17.918	0.076962
17.919	-0.045081
17.92	-0.147869
17.921	-0.207442
17.922	-0.216643
17.923	-0.189372
17.924	-0.149369
17.925	-0.114798
17.926	-0.091911
17.927	-0.079301
17.928	-0.07563
17.929	-0.084577
17.93	-0.114217
17.931	-0.170244
17.932	-0.247508
17.933	-0.32786
17.934	-0.386676
17.935	-0.402808
17.936	-0.366302
17.937	-0.281448
17.938	-0.165387
17.939	-0.043874
17.94	0.05537
17.941	0.111968
17.942	0.121261
17.943	0.095349
17.944	0.055057
17.945	0.018453
17.946	-0.006485
17.947	-0.021061
17.948	-0.028272
17.949	-0.024474
17.95	0.001521
17.951	0.058531
17.952	0.140336
17.953	0.223832
17.954	0.280854
17.955	0.292417
17.956	0.254167
17.957	0.173195
17.958	0.063851
17.959	-0.053105
17.96	-0.151871
17.961	-0.20973
17.962	-0.219312
17.963	-0.192861
17.964	-0.15251
17.965	-0.115987
17.966	-0.090228
17.967	-0.074896
17.968	-0.069502
17.969	-0.078267
17.97	-0.109547
17.971	-0.168903
17.972	-0.250466
17.973	-0.334847
17.974	-0.396061
17.975	-0.41222
17.976	-0.373765
17.977	-0.286422
17.978	-0.169474
17.979	-0.050632
17.98	0.041935
17.981	0.08954
17.982	0.091337
17.983	0.065042
17.984	0.037433
17.985	0.030121
17.986	0.050652
17.987	0.09629
17.988	0.166744
17.989	0.269616
17.99	0.408538
17.991	0.567988
17.992	0.714916
17.993	0.813932
17.994	0.83754
17.995	0.768183
17.996	0.604723
17.997	0.373769
17.998	0.128244
17.999	-0.073999
18.0	-0.195086
18.001	-0.228792
18.002	-0.197455
18.003	-0.138042
18.004	-0.083439
18.005	-0.049963
18.006	-0.037713
18.007	-0.039519
18.008	-0.050317
18.009	-0.07216
18.01	-0.112866
18.011	-0.178097
18.012	-0.262087
18.013	-0.345369
18.014	-0.401942
18.015	-0.410395
18.016	-0.362372
18.017	-0.265503
18.018	-0.140923
18.019	-0.016822
18.02	0.079718
18.021	0.130969
18.022	0.134791
18.023	0.104452
18.024	0.060414
18.025	0.019575
18.026	-0.010685
18.027	-0.030902
18.028	-0.042714
18.029	-0.042103
18.03	-0.018619
18.031	0.036326
18.032	0.117481
18.033	0.202525
18.034	0.262766
18.035	0.277889
18.036	0.242413
18.037	0.16314
18.038	0.055078
18.039	-0.059751
18.04	-0.154169
18.041	-0.205023
18.042	-0.206554
18.043	-0.173859
18.044	-0.131028
18.045	-0.095871
18.046	-0.074084
18.047	-0.063665
18.048	-0.06282
18.049	-0.075081
18.05	-0.108439
18.051	-0.168398
18.052	-0.249658
18.053	-0.333782
18.054	-0.395352
18.055	-0.412173
18.056	-0.373801
18.057	-0.285415
18.058	-0.166306
18.059	-0.044149
18.06	0.053016
18.061	0.106164
18.062	0.112748
18.063	0.086093
18.064	0.046145
18.065	0.008834
18.066	-0.019059
18.067	-0.037984
18.068	-0.049178
18.069	-0.048225
18.07	-0.024243
18.071	0.031626
18.072	0.113839
18.073	0.199416
18.074	0.259386
18.075	0.273819
18.076	0.237895
18.077	0.158841
18.078	0.051706
18.079	-0.061426
18.08	-0.153083
18.081	-0.200106
18.082	-0.197425
18.083	-0.161276
18.084	-0.117008
18.085	-0.083508
18.086	-0.066898
18.087	-0.064419
18.088	-0.071902
18.089	-0.088769
18.09	-0.11756
18.091	-0.158354
18.092	-0.202828
18.093	-0.232434
18.094	-0.221011
18.095	-0.143736
18.096	0.006013
18.097	0.20424
18.098	0.404891
18.099	0.562189
18.1	0.643611
18.101	0.630074
18.102	0.520763
18.103	0.345102
18.104	0.159894
18.105	0.02123
18.106	-0.046043
18.107	-0.0538
18.108	-0.030373
18.109	0.004409
18.11	0.048808
18.111	0.108987
18.112	0.182204
18.113	0.251121
18.114	0.292905
18.115	0.291652
18.116	0.243656
18.117	0.155579
18.118	0.041824
18.119	-0.075536
18.12	-0.168674
18.121	-0.213981
18.122	-0.206034
18.123	-0.161777
18.124	-0.10872
18.125	-0.06784
18.126	-0.045551
18.127	-0.037966
18.128	-0.040791
18.129	-0.056589
18.13	-0.093996
18.131	-0.159111
18.132	-0.246209
18.133	-0.335816
18.134	-0.401543
18.135	-0.421025
18.136	-0.384789
18.137	-0.29892
18.138	-0.1823
18.139	-0.061587
18.14	0.035468
18.141	0.089321
18.142	0.097484
18.143	0.075219
18.144	0.044553
18.145	0.019917
18.146	0.002754
18.147	-0.011702
18.148	-0.023019
18.149	-0.020177
18.15	0.011761
18.151	0.077541
18.152	0.163569
18.153	0.244082
18.154	0.295183
18.155	0.304195
18.156	0.269429
18.157	0.195701
18.158	0.093152
18.159	-0.019454
18.16	-0.114089
18.161	-0.163894
18.162	-0.160666
18.163	-0.121133
18.164	-0.072986
18.165	-0.035289
18.166	-0.011787
18.167	0.001141
18.168	0.002988
18.169	-0.014867
18.17	-0.061691
18.171	-0.135482
18.172	-0.219767
18.173	-0.292635
18.174	-0.337382
18.175	-0.345223
18.176	-0.312009
18.177	-0.237112
18.178	-0.127666
18.179	-0.002728
18.18	0.109296
18.181	0.181022
18.182	0.19912
18.183	0.170986
18.184	0.119998
18.185	0.073179
18.186	0.047946
18.187	0.044782
18.188	0.052889
18.189	0.066276
18.19	0.09337
18.191	0.146934
18.192	0.224913
18.193	0.305121
18.194	0.359272
18.195	0.370226
18.196	0.337213
18.197	0.26993
18.198	0.182178
18.199	0.092904
18.2	0.030762
18.201	0.026837
18.202	0.090882
18.203	0.195731
18.204	0.294073
18.205	0.352604
18.206	0.367509
18.207	0.349885
18.208	0.303649
18.209	0.221619
18.21	0.100339
18.211	-0.04614
18.212	-0.188231
18.213	-0.294964
18.214	-0.346929
18.215	-0.339744
18.216	-0.280451
18.217	-0.183401
18.218	-0.068257
18.219	0.041637
18.22	0.123378
18.221	0.162272
18.222	0.158885
18.223	0.128002
18.224	0.089094
18.225	0.056119
18.226	0.033637
18.227	0.020103
18.228	0.014692
18.229	0.022792
18.23	0.055315
18.231	0.11927
18.232	0.205909
18.233	0.289737
18.234	0.341787
18.235	0.344507
18.236	0.296267
18.237	0.206896
18.238	0.092592
18.239	-0.02518
18.24	-0.120685
18.241	-0.172148
18.242	-0.174387
18.243	-0.142116
18.244	-0.098902
18.245	-0.062694
18.246	-0.039762
18.247	-0.028457
18.248	-0.026958
18.249	-0.038891
18.25	-0.072646
18.251	-0.13342
18.252	-0.214102
18.253	-0.294289
18.254	-0.348679
18.255	-0.357671
18.256	-0.31401
18.257	-0.224198
18.258	-0.106268
18.259	0.014078
18.26	0.109474
18.261	0.160493
18.262	0.16459
18.263	0.135938
18.264	0.09508
18.265	0.057262
18.266	0.027932
18.267	0.006398
18.268	-0.006953
18.269	-0.005459
18.27	0.022247
18.271	0.082624
18.272	0.166617
18.273	0.249582
18.274	0.303432
18.275	0.309975
18.276	0.265557
18.277	0.178046
18.278	0.063375
18.279	-0.055183
18.28	-0.149808
18.281	-0.198425
18.282	-0.197259
18.283	-0.162714
18.284	-0.119162
18.285	-0.084112
18.286	-0.062724
18.287	-0.052436
18.288	-0.051045
18.289	-0.062246
18.29	-0.094767
18.291	-0.154337
18.292	-0.234491
18.293	-0.315066
18.294	-0.370113
18.295	-0.379092
18.296	-0.334679
18.297	-0.244582
18.298	-0.128866
18.299	-0.01485
18.3	0.070769
18.301	0.112581
18.302	0.11431
18.303	0.095839
18.304	0.080054
18.305	0.081267
18.306	0.105385
18.307	0.157062
18.308	0.239908
18.309	0.348547
18.31	0.466911
18.311	0.576901
18.312	0.663074
18.313	0.707086
18.314	0.686181
18.315	0.587049
18.316	0.422368
18.317	0.229456
18.318	0.051283
18.319	-0.081395
18.32	-0.155157
18.321	-0.171828
18.322	-0.146653
18.323	-0.103633
18.324	-0.065031
18.325	-0.04211
18.326	-0.03444
18.327	-0.036429
18.328	-0.045074
18.329	-0.064261
18.33	-0.102789
18.331	-0.166049
18.332	-0.247195
18.333	-0.325946
18.334	-0.376621
18.335	-0.379487
18.336	-0.328405
18.337	-0.232206
18.338	-0.111495
18.339	0.00676
18.34	0.096324
18.341	0.140397
18.342	0.138457
18.343	0.105099
18.344	0.060537
18.345	0.02028
18.346	-0.009292
18.347	-0.028601
18.348	-0.038421
18.349	-0.033763
18.35	-0.004003
18.351	0.057888
18.352	0.143925
18.353	0.229848
18.354	0.286914
18.355	0.295915
18.356	0.25261
18.357	0.165206
18.358	0.050738
18.359	-0.066732
18.36	-0.159632
18.361	-0.206728
18.362	-0.204988
18.363	-0.170801
18.364	-0.127309
18.365	-0.090243
18.366	-0.064011
18.367	-0.047448
18.368	-0.041524
18.369	-0.0529
18.37	-0.091038
18.371	-0.159975
18.372	-0.250365
18.373	-0.339256
18.374	-0.399108
18.375	-0.409646
18.376	-0.365121
18.377	-0.27478
18.378	-0.158793
18.379	-0.042887
18.38	0.047414
18.381	0.094581
18.382	0.096546
18.383	0.066699
18.384	0.025001
18.385	-0.0125
18.386	-0.038814
18.387	-0.054181
18.388	-0.059585
18.389	-0.050471
18.39	-0.016665
18.391	0.048566
18.392	0.136854
18.393	0.223427
18.394	0.279393
18.395	0.286048
18.396	0.240164
18.397	0.151063
18.398	0.036497
18.399	-0.079094
18.4	-0.167807
18.401	-0.208781
18.402	-0.200812
18.403	-0.163033
18.404	-0.121018
18.405	-0.091537
18.406	-0.077742
18.407	-0.074559
18.408	-0.077007
18.409	-0.085229
18.41	-0.103692
18.411	-0.134635
18.412	-0.169073
18.413	-0.182249
18.414	-0.14191
18.415	-0.030327
18.416	0.137416
18.417	0.320308
18.418	0.475622
18.419	0.57135
18.42	0.583225
18.421	0.500458
18.422	0.343516
18.423	0.165903
18.424	0.026531
18.425	-0.043802
18.426	-0.052665
18.427	-0.029618
18.428	-0.001141
18.429	0.025162
18.43	0.059436
18.431	0.114157
18.432	0.187091
18.433	0.257831
18.434	0.299934
18.435	0.29567
18.436	0.241811
18.437	0.147156
18.438	0.029121
18.439	-0.087335
18.44	-0.17354
18.441	-0.209024
18.442	-0.194348
18.443	-0.150598
18.444	-0.104194
18.445	-0.071233
18.446	-0.05363
18.447	-0.046345
18.448	-0.047222
18.449	-0.06214
18.45	-0.101783
18.451	-0.171313
18.452	-0.261317
18.453	-0.348824
18.454	-0.407328
18.455	-0.417693
18.456	-0.374112
18.457	-0.284453
18.458	-0.167391
18.459	-0.048468
18.46	0.045785
18.461	0.096792
18.462	0.101878
18.463	0.07427
18.464	0.034236
18.465	-0.001612
18.466	-0.025694
18.467	-0.03793
18.468	-0.039584
18.469	-0.02678
18.47	0.009949
18.471	0.076654
18.472	0.164882
18.473	0.250755
18.474	0.306022
18.475	0.311199
18.476	0.261652
18.477	0.166153
18.478	0.043494
18.479	-0.079755
18.48	-0.174128
18.481	-0.218754
18.482	-0.213268
18.483	-0.177353
18.484	-0.136157
18.485	-0.105081
18.486	-0.086156
18.487	-0.075188
18.488	-0.071239
18.489	-0.081301
18.49	-0.116766
18.491	-0.183211
18.492	-0.271472
18.493	-0.358256
18.494	-0.416034
18.495	-0.424691
18.496	-0.378213
18.497	-0.285087
18.498	-0.165114
18.499	-0.044766
18.5	0.049181
18.501	0.098238
18.502	0.099945
18.503	0.068354
18.504	0.025333
18.505	-0.01081
18.506	-0.031788
18.507	-0.038338
18.508	-0.03371
18.509	-0.016518
18.51	0.02037
18.511	0.081862
18.512	0.160234
18.513	0.23388
18.514	0.278186
18.515	0.279078
18.516	0.238443
18.517	0.170157
18.518	0.094283
18.519	0.03646
18.52	0.028116
18.521	0.093692
18.522	0.22686
18.523	0.383874
18.524	0.50889
18.525	0.564815
18.526	0.539967
18.527	0.438695
18.528	0.278965
18.529	0.094103
18.53	-0.077845
18.531	-0.21187
18.532	-0.301857
18.533	-0.351986
18.534	-0.366407
18.535	-0.345814
18.536	-0.29034
18.537	-0.204603
18.538	-0.101084
18.539	0.000166
18.54	0.076244
18.541	0.110469
18.542	0.101344
18.543	0.063387
18.544	0.018199
18.545	-0.016778
18.546	-0.034227
18.547	-0.035637
18.548	-0.024867
18.549	-0.001088
18.55	0.04252
18.551	0.110684
18.552	0.195196
18.553	0.273685
18.554	0.320462
18.555	0.318767
18.556	0.265216
18.557	0.167861
18.558	0.04387
18.559	-0.081476
18.56	-0.179116
18.561	-0.228172
18.562	-0.228261
18.563	-0.198254
18.564	-0.161326
18.565	-0.131027
18.566	-0.108977
18.567	-0.092131
18.568	-0.081558
18.569	-0.086108
18.57	-0.11791
18.571	-0.181703
18.572	-0.266426
18.573	-0.347414
18.574	-0.39781
18.575	-0.399982
18.576	-0.350367
18.577	-0.258103
18.578	-0.141254
18.579	-0.0237
18.58	0.068628
18.581	0.116151
18.582	0.115608
18.583	0.081499
18.584	0.036232
18.585	-0.002336
18.586	-0.026779
18.587	-0.037777
18.588	-0.037341
18.589	-0.022536
18.59	0.014997
18.591	0.080606
18.592	0.165812
18.593	0.247402
18.594	0.298414
18.595	0.300447
18.596	0.248802
18.597	0.151426
18.598	0.02682
18.599	-0.097495
18.6	-0.190796
18.601	-0.232506
18.602	-0.223987
18.603	-0.185858
18.604	-0.14245
18.605	-0.107934
18.606	-0.084163
18.607	-0.068056
18.608	-0.060277
18.609	-0.06864
18.61	-0.103607
18.611	-0.168194
18.612	-0.250505
18.613	-0.32661
18.614	-0.371739
18.615	-0.370759
18.616	-0.322027
18.617	-0.235311
18.618	-0.12812
18.619	-0.023091
18.62	0.056298
18.621	0.095156
18.622	0.096783
18.623	0.082012
18.624	0.076577
18.625	0.098276
18.626	0.154865
18.627	0.248249
18.628	0.373932
18.629	0.517704
18.63	0.658348
18.631	0.771668
18.632	0.828944
18.633	0.801453
18.634	0.680713
18.635	0.494491
18.636	0.293607
18.637	0.120092
18.638	-0.010195
18.639	-0.098943
18.64	-0.149334
18.641	-0.162693
18.642	-0.146185
18.643	-0.115557
18.644	-0.087009
18.645	-0.068184
18.646	-0.057822
18.647	-0.052641
18.648	-0.054314
18.649	-0.07121
18.65	-0.11303
18.651	-0.181041
18.652	-0.261966
18.653	-0.332
18.654	-0.367979
18.655	-0.357002
18.656	-0.299269
18.657	-0.205547
18.658	-0.093836
18.659	0.013084
18.66	0.091894
18.661	0.126805
18.662	0.117407
18.663	0.078642
18.664	0.031595
18.665	-0.007435
18.666	-0.032118
18.667	-0.043865
18.668	-0.044778
18.669	-0.030955
18.67	0.007188
18.671	0.075327
18.672	0.164506
18.673	0.250811
18.674	0.306335
18.675	0.311624
18.676	0.261486
18.677	0.164519
18.678	0.04078
18.679	-0.081205
18.68	-0.171368
18.681	-0.210699
18.682	-0.201636
18.683	-0.16472
18.684	-0.123226
18.685	-0.090428
18.686	-0.068673
18.687	-0.056379
18.688	-0.054847
18.689	-0.070591
18.69	-0.111991
18.691	-0.181225
18.692	-0.267148
18.693	-0.346494
18.694	-0.39397
18.695	-0.393545
18.696	-0.343288
18.697	-0.253489
18.698	-0.142656
18.699	-0.034076
18.7	0.048454
18.701	0.088207
18.702	0.083519
18.703	0.048385
18.704	0.003679
18.705	-0.033768
18.706	-0.056816
18.707	-0.066438
18.708	-0.064912
18.709	-0.048766
18.71	-0.008565
18.711	0.061545
18.712	0.152488
18.713	0.23947
18.714	0.293563
18.715	0.295247
18.716	0.240609
18.717	0.140316
18.718	0.016014
18.719	-0.103683
18.72	-0.189929
18.721	-0.225436
18.722	-0.214358
18.723	-0.178542
18.724	-0.141679
18.725	-0.116098
18.726	-0.101489
18.727	-0.091971
18.728	-0.083582
18.729	-0.077913
18.73	-0.080533
18.731	-0.093279
18.732	-0.104166
18.733	-0.08654
18.734	-0.015262
18.735	0.111875
18.736	0.269417
18.737	0.41837
18.738	0.520041
18.739	0.54236
18.74	0.471352
18.741	0.327047
18.742	0.161255
18.743	0.029596
18.744	-0.038868
18.745	-0.049995
18.746	-0.030416
18.747	-0.006581
18.748	0.009526
18.749	0.023767
18.75	0.05275
18.751	0.108899
18.752	0.186768
18.753	0.262446
18.754	0.306769
18.755	0.30033
18.756	0.240094
18.757	0.137589
18.758	0.014462
18.759	-0.101206
18.76	-0.181265
18.761	-0.209627
18.762	-0.191852
18.763	-0.150497
18.764	-0.109143
18.765	-0.079813
18.766	-0.062485
18.767	-0.05313
18.768	-0.051926
18.769	-0.066096
18.77	-0.105488
18.771	-0.172926
18.772	-0.257024
18.773	-0.334974
18.774	-0.383199
18.775	-0.386834
18.776	-0.342877
18.777	-0.258778
18.778	-0.150369
18.779	-0.040362
18.78	0.045765
18.781	0.089255
18.782	0.087749
18.783	0.055818
18.784	0.015148
18.785	-0.017392
18.786	-0.035484
18.787	-0.040829
18.788	-0.035519
18.789	-0.015238
18.79	0.029865
18.791	0.104561
18.792	0.197535
18.793	0.282514
18.794	0.331251
18.795	0.326464
18.796	0.266077
18.797	0.160582
18.798	0.030217
18.799	-0.096521
18.8	-0.189078
18.801	-0.22843
18.802	-0.217922
18.803	-0.179165
18.804	-0.136037
18.805	-0.101726
18.806	-0.077978
18.807	-0.062746
18.808	-0.057718
18.809	-0.070422
18.81	-0.109511
18.811	-0.17579
18.812	-0.256511
18.813	-0.329073
18.814	-0.371168
18.815	-0.369257
18.816	-0.32124
18.817	-0.235208
18.818	-0.127635
18.819	-0.021333
18.82	0.059546
18.821	0.09853
18.822	0.09501
18.823	0.063983
18.824	0.026393
18.825	-0.002154
18.826	-0.016538
18.827	-0.019481
18.828	-0.014014
18.829	0.003463
18.83	0.042613
18.831	0.109108
18.832	0.193996
18.833	0.27442
18.834	0.325989
18.835	0.335438
18.836	0.303817
18.837	0.242775
18.838	0.173848
18.839	0.130202
18.84	0.145989
18.841	0.230654
18.842	0.354584
18.843	0.466503
18.844	0.522832
18.845	0.500994
18.846	0.4007
18.847	0.2463
18.848	0.08141
18.849	-0.053296
18.85	-0.142821
18.851	-0.19868
18.852	-0.239606
18.853	-0.273428
18.854	-0.294032
18.855	-0.289646
18.856	-0.252282
18.857	-0.183143
18.858	-0.093888
18.859	-0.004511
18.86	0.062405
18.861	0.091147
18.862	0.081412
18.863	0.048134
18.864	0.011764
18.865	-0.012908
18.866	-0.021781
18.867	-0.018527
18.868	-0.006518
18.869	0.018219
18.87	0.065899
18.871	0.142198
18.872	0.236886
18.873	0.32372
18.874	0.372501
18.875	0.363045
18.876	0.292001
18.877	0.172149
18.878	0.028344
18.879	-0.107641
18.88	-0.205062
18.881	-0.246163
18.882	-0.235157
18.883	-0.193966
18.884	-0.14705
18.885	-0.108955
18.886	-0.082825
18.887	-0.066824
18.888	-0.061345
18.889	-0.071957
18.89	-0.106035
18.891	-0.164709
18.892	-0.236792
18.893	-0.301436
18.894	-0.337862
18.895	-0.333823
18.896	-0.287898
18.897	-0.207837
18.898	-0.108673
18.899	-0.011299
18.9	0.06161
18.901	0.094801
18.902	0.088935
18.903	0.058968
18.904	0.023444
18.905	-0.005332
18.906	-0.023929
18.907	-0.033887
18.908	-0.034778
18.909	-0.018922
18.91	0.026295
18.911	0.10677
18.912	0.209968
18.913	0.305982
18.914	0.361631
18.915	0.355456
18.916	0.284277
18.917	0.161788
18.918	0.01417
18.919	-0.12479
18.92	-0.222025
18.921	-0.258736
18.922	-0.240249
18.923	-0.190976
18.924	-0.138064
18.925	-0.098032
18.926	-0.07459
18.927	-0.064816
18.928	-0.066651
18.929	-0.082605
18.93	-0.117405
18.931	-0.170795
18.932	-0.232234
18.933	-0.284082
18.934	-0.310579
18.935	-0.304126
18.936	-0.265455
18.937	-0.200913
18.938	-0.120889
18.939	-0.03974
18.94	0.02705
18.941	0.070847
18.942	0.095984
18.943	0.116223
18.944	0.146536
18.945	0.199092
18.946	0.280215
18.947	0.38351
18.948	0.489831
18.949	0.581766
18.95	0.654012
18.951	0.702258
18.952	0.709897
18.953	0.65877
18.954	0.551248
18.955	0.412355
18.956	0.269404
18.957	0.134687
18.958	0.009179
18.959	-0.101503
18.96	-0.180671
18.961	-0.212338
18.962	-0.197225
18.963	-0.15461
18.964	-0.109317
18.965	-0.07801
18.966	-0.0652
18.967	-0.067751
18.968	-0.08155
18.969	-0.10559
18.97	-0.141077
18.971	-0.186172
18.972	-0.232065
18.973	-0.265755
18.974	-0.276894
18.975	-0.26177
18.976	-0.222029
18.977	-0.161947
18.978	-0.088765
18.979	-0.015118
18.98	0.042323
18.981	0.070639
18.982	0.068616
18.983	0.046467
18.984	0.017743
18.985	-0.008446
18.986	-0.029406
18.987	-0.046556
18.988	-0.06315
18.989	-0.083663
18.99	-0.112418
18.991	-0.149679
18.992	-0.188864
18.993	-0.219204
18.994	-0.231698
18.995	-0.222621
18.996	-0.192593
18.997	-0.144397
18.998	-0.08339
18.999	-0.019848
19.0	0.031709
19.001	0.059272
19.002	0.061239
19.003	0.046792
19.004	0.027999
19.005	0.011896
19.006	-0.000996
19.007	-0.013195
19.008	-0.027368
19.009	-0.046723
19.01	-0.075113
19.011	-0.1132
19.012	-0.154453
19.013	-0.187294
19.014	-0.202087
19.015	-0.195597
19.016	-0.169546
19.017	-0.127366
19.018	-0.074021
19.019	-0.018363
19.02	0.026861
19.021	0.050639
19.022	0.050838
19.023	0.034957
19.024	0.013625
19.025	-0.006086
19.026	-0.022305
19.027	-0.036274
19.028	-0.050323
19.029	-0.067423
19.03	-0.090236
19.031	-0.118213
19.032	-0.145843
19.033	-0.165301
19.034	-0.171128
19.035	-0.162048
19.036	-0.13903
19.037	-0.10337
19.038	-0.057832
19.039	-0.009594
19.04	0.029573
19.041	0.049111
19.042	0.047123
19.043	0.031038
19.044	0.010901
19.045	-0.006592
19.046	-0.017918
19.047	-0.019305
19.048	-0.006577
19.049	0.020604
19.05	0.058253
19.051	0.106142
19.052	0.172651
19.053	0.263801
19.054	0.368599
19.055	0.461668
19.056	0.518222
19.057	0.52147
19.058	0.462844
19.059	0.348262
19.06	0.205841
19.061	0.078309
19.062	0.00018
19.063	-0.020851
19.064	-0.003214
19.065	0.024618
19.066	0.04112
19.067	0.039094
19.068	0.022194
19.069	-0.003484
19.07	-0.034481
19.071	-0.06828
19.072	-0.09991
19.073	-0.122908
19.074	-0.133233
19.075	-0.13064
19.076	-0.116325
19.077	-0.090663
19.078	-0.054295
19.079	-0.011898
19.08	0.026297
19.081	0.049685
19.082	0.055109
19.083	0.048181
19.084	0.037044
19.085	0.026123
19.086	0.01536
19.087	0.003356
19.088	-0.010487
19.089	-0.02684
19.09	-0.047193
19.091	-0.071634
19.092	-0.096434
19.093	-0.115691
19.094	-0.125393
19.095	-0.124907
19.096	-0.114916
19.097	-0.095329
19.098	-0.066403
19.099	-0.032399
19.1	-0.002492
19.101	0.014698
19.102	0.017749
19.103	0.012343
19.104	0.005123
19.105	-0.001249
19.106	-0.007736
19.107	-0.015469
19.108	-0.023923
19.109	-0.032449
19.11	-0.042048
19.111	-0.053948
19.112	-0.066871
19.113	-0.077237
19.114	-0.082089
19.115	-0.080928
19.116	-0.074638
19.117	-0.063383
19.118	-0.0469
19.119	-0.027877
19.12	-0.013467
19.121	-0.010404
19.122	-0.018217
19.123	-0.029197
19.124	-0.035366
19.125	-0.034648
19.126	-0.030829
19.127	-0.029118
19.128	-0.032484
19.129	-0.041586
19.13	-0.056066
19.131	-0.07397
19.132	-0.090889
19.133	-0.101953
19.134	-0.104951
19.135	-0.10073
19.136	-0.090732
19.137	-0.074995
19.138	-0.053442
19.139	-0.029275
19.14	-0.009464
19.141	0.000255
19.142	0.000715
19.143	-0.001819
19.144	-0.00212
19.145	-0.000384
19.146	-0.000503
19.147	-0.005409
19.148	-0.014924
19.149	-0.027649
19.15	-0.043019
19.151	-0.059741
19.152	-0.07284
19.153	-0.074107
19.154	-0.056384
19.155	-0.017591
19.156	0.040528
19.157	0.11877
19.158	0.222163
19.159	0.34939
19.16	0.481424
19.161	0.587398
19.162	0.641542
19.163	0.62947
19.164	0.544867
19.165	0.39547
19.166	0.214654
19.167	0.054256
19.168	-0.044189
19.169	-0.073273
19.17	-0.057305
19.171	-0.029625
19.172	-0.011719
19.173	-0.008379
19.174	-0.014968
19.175	-0.025279
19.176	-0.034215
19.177	-0.037602
19.178	-0.03337
19.179	-0.023956
19.18	-0.0157
19.181	-0.013575
19.182	-0.016268
19.183	-0.017721
19.184	-0.013558
19.185	-0.005103
19.186	0.002577
19.187	0.005536
19.188	0.00341
19.189	-0.002365
19.19	-0.010876
19.191	-0.021113
19.192	-0.030737
19.193	-0.037422
19.194	-0.041029
19.195	-0.043301
19.196	-0.045232
19.197	-0.045543
19.198	-0.042344
19.199	-0.03621
19.2	-0.031014
19.201	-0.030448
19.202	-0.033601
19.203	-0.035614
19.204	-0.033052
19.205	-0.027445
19.206	-0.023337
19.207	-0.023601
19.208	-0.027421
19.209	-0.032747
19.21	-0.039057
19.211	-0.046421
19.212	-0.053285
19.213	-0.057086
19.214	-0.056807
19.215	-0.053584
19.216	-0.048647
19.217	-0.041801
19.218	-0.032614
19.219	-0.02281
19.22	-0.016465
19.221	-0.016473
19.222	-0.02114
19.223	-0.025747
19.224	-0.027308
19.225	-0.02692
19.226	-0.027779
19.227	-0.031419
19.228	-0.036292
19.229	-0.040209
19.23	-0.043044
19.231	-0.045984
19.232	-0.049173
19.233	-0.051748
19.234	-0.053739
19.235	-0.056305
19.236	-0.059716
19.237	-0.06199
19.238	-0.060362
19.239	-0.05461
19.24	-0.048336
19.241	-0.045461
19.242	-0.045736
19.243	-0.045452
19.244	-0.042244
19.245	-0.03777
19.246	-0.03546
19.247	-0.036345
19.248	-0.037914
19.249	-0.037425
19.25	-0.035219
19.251	-0.033678
19.252	-0.033971
19.253	-0.035543
19.254	-0.03824
19.255	-0.042951
19.256	-0.04952
19.257	-0.054776
19.258	-0.05328
19.259	-0.040477
19.26	-0.015188
19.261	0.02137
19.262	0.069158
19.263	0.132379
19.264	0.218037
19.265	0.327175
19.266	0.445747
19.267	0.547629
19.268	0.606572
19.269	0.602171
19.27	0.521802
19.271	0.372113
19.272	0.190508
19.273	0.032459
19.274	-0.060923
19.275	-0.084151
19.276	-0.061165
19.277	-0.023508
19.278	0.006828
19.279	0.020896
19.28	0.01837
19.281	0.00409
19.282	-0.013696
19.283	-0.027094
19.284	-0.03332
19.285	-0.035633
19.286	-0.038954
19.287	-0.04447
19.288	-0.048686
19.289	-0.047507
19.29	-0.040419
19.291	-0.030258
19.292	-0.020169
19.293	-0.012184
19.294	-0.007757
19.295	-0.007609
19.296	-0.010547
19.297	-0.01341
19.298	-0.013531
19.299	-0.011958
19.3	-0.013219
19.301	-0.02047
19.302	-0.031492
19.303	-0.040907
19.304	-0.045954
19.305	-0.048783
19.306	-0.053038
19.307	-0.05917
19.308	-0.063727
19.309	-0.06317
19.31	-0.057497
19.311	-0.049542
19.312	-0.042024
19.313	-0.036456
19.314	-0.033762
19.315	-0.034243
19.316	-0.036737
19.317	-0.038643
19.318	-0.037817
19.319	-0.035007
19.32	-0.033666
19.321	-0.036164
19.322	-0.0406
19.323	-0.042817
19.324	-0.041431
19.325	-0.039338
19.326	-0.04005
19.327	-0.0437
19.328	-0.047275
19.329	-0.048397
19.33	-0.04765
19.331	-0.046754
19.332	-0.046117
19.333	-0.045266
19.334	-0.044425
19.335	-0.044363
19.336	-0.044871
19.337	-0.044208
19.338	-0.040994
19.339	-0.036893
19.34	-0.036339
19.341	-0.042168
19.342	-0.051887
19.343	-0.059901
19.344	-0.063323
19.345	-0.064119
19.346	-0.065608
19.347	-0.068018
19.348	-0.068163
19.349	-0.063523
19.35	-0.05556
19.351	-0.048101
19.352	-0.043579
19.353	-0.041768
19.354	-0.041215
19.355	-0.040779
19.356	-0.039852
19.357	-0.038013
19.358	-0.035531
19.359	-0.034404
19.36	-0.037809
19.361	-0.046955
19.362	-0.058568
19.363	-0.066842
19.364	-0.067521
19.365	-0.058697
19.366	-0.038487
19.367	-0.004132
19.368	0.046625
19.369	0.11556
19.37	0.205412
19.371	0.316206
19.372	0.436612
19.373	0.542423
19.374	0.605555
19.375	0.602517
19.376	0.520756
19.377	0.370413
19.378	0.191512
19.379	0.038054
19.38	-0.052791
19.381	-0.077651
19.382	-0.058747
19.383	-0.02482
19.384	0.002421
19.385	0.012766
19.386	0.006692
19.387	-0.008008
19.388	-0.021815
19.389	-0.029637
19.39	-0.032868
19.391	-0.035521
19.392	-0.039428
19.393	-0.043372
19.394	-0.045233
19.395	-0.043745
19.396	-0.038717
19.397	-0.030886
19.398	-0.022167
19.399	-0.015727
19.4	-0.014598
19.401	-0.018693
19.402	-0.023778
19.403	-0.025225
19.404	-0.022804
19.405	-0.020854
19.406	-0.023656
19.407	-0.030967
19.408	-0.038501
19.409	-0.042903
19.41	-0.04523
19.411	-0.048753
19.412	-0.054576
19.413	-0.060761
19.414	-0.06496
19.415	-0.066315
19.416	-0.065032
19.417	-0.061597
19.418	-0.057099
19.419	-0.053946
19.42	-0.054879
19.421	-0.059858
19.422	-0.064893
19.423	-0.065866
19.424	-0.063081
19.425	-0.060764
19.426	-0.062137
19.427	-0.065651
19.428	-0.066746
19.429	-0.06332
19.43	-0.058282
19.431	-0.055943
19.432	-0.057279
19.433	-0.060089
19.434	-0.062594
19.435	-0.065066
19.436	-0.068324
19.437	-0.072073
19.438	-0.075309
19.439	-0.07803
19.44	-0.08135
19.441	-0.084994
19.442	-0.086104
19.443	-0.0823
19.444	-0.075429
19.445	-0.07077
19.446	-0.072077
19.447	-0.077849
19.448	-0.083068
19.449	-0.084553
19.45	-0.0836
19.451	-0.083023
19.452	-0.083332
19.453	-0.082887
19.454	-0.080575
19.455	-0.077129
19.456	-0.074081
19.457	-0.072119
19.458	-0.071036
19.459	-0.071106
19.46	-0.073036
19.461	-0.075688
19.462	-0.0756
19.463	-0.070579
19.464	-0.063241
19.465	-0.059586
19.466	-0.063513
19.467	-0.072971
19.468	-0.081858
19.469	-0.08542
19.47	-0.082437
19.471	-0.071754
19.472	-0.049423
19.473	-0.01162
19.474	0.041881
19.475	0.110893
19.476	0.199552
19.477	0.310976
19.478	0.434785
19.479	0.543565
19.48	0.602552
19.481	0.58306
19.482	0.476108
19.483	0.304254
19.484	0.118285
19.485	-0.027411
19.486	-0.102799
19.487	-0.111598
19.488	-0.080228
19.489	-0.039819
19.49	-0.012563
19.491	-0.005763
19.492	-0.014167
19.493	-0.027924
19.494	-0.03981
19.495	-0.047687
19.496	-0.052891
19.497	-0.057329
19.498	-0.061758
19.499	-0.06591
19.5	-0.069033
19.501	-0.069573
19.502	-0.065345
19.503	-0.05591
19.504	-0.044799
19.505	-0.037703
19.506	-0.037587
19.507	-0.041823
19.508	-0.044726
19.509	-0.04341
19.51	-0.04044
19.511	-0.040311
19.512	-0.044694
19.513	-0.051759
19.514	-0.058857
19.515	-0.064932
19.516	-0.070531
19.517	-0.076312
19.518	-0.082245
19.519	-0.088055
19.52	-0.093219
19.521	-0.095806
19.522	-0.092843
19.523	-0.083741
19.524	-0.072717
19.525	-0.066013
19.526	-0.0663
19.527	-0.070116
19.528	-0.071266
19.529	-0.067146
19.53	-0.061059
19.531	-0.05797
19.532	-0.059302
19.533	-0.062388
19.534	-0.063983
19.535	-0.063443
19.536	-0.062419
19.537	-0.062218
19.538	-0.062607
19.539	-0.063489
19.54	-0.066385
19.541	-0.072515
19.542	-0.080103
19.543	-0.085836
19.544	-0.088921
19.545	-0.091824
19.546	-0.096513
19.547	-0.101111
19.548	-0.101562
19.549	-0.096804
19.55	-0.090799
19.551	-0.088573
19.552	-0.091384
19.553	-0.096486
19.554	-0.100707
19.555	-0.1033
19.556	-0.105557
19.557	-0.108662
19.558	-0.112359
19.559	-0.115479
19.56	-0.116967
19.561	-0.115722
19.562	-0.110666
19.563	-0.102535
19.564	-0.094864
19.565	-0.091567
19.566	-0.093019
19.567	-0.094908
19.568	-0.091935
19.569	-0.083357
19.57	-0.07411
19.571	-0.069909
19.572	-0.072133
19.573	-0.077754
19.574	-0.083007
19.575	-0.08591
19.576	-0.085161
19.577	-0.0774
19.578	-0.057065
19.579	-0.020538
19.58	0.030914
19.581	0.09633
19.582	0.181501
19.583	0.292108
19.584	0.418232
19.585	0.531324
19.586	0.597213
19.587	0.589396
19.588	0.497704
19.589	0.337675
19.59	0.152811
19.591	-0.002325
19.592	-0.090267
19.593	-0.107798
19.594	-0.080218
19.595	-0.041069
19.596	-0.014124
19.597	-0.006985
19.598	-0.014978
19.599	-0.02932
19.6	-0.043345
19.601	-0.053829
19.602	-0.059879
19.603	-0.062626
19.604	-0.064844
19.605	-0.068735
19.606	-0.073161
19.607	-0.073555
19.608	-0.065783
19.609	-0.050909
19.61	-0.035574
19.611	-0.026749
19.612	-0.026198
19.613	-0.030319
19.614	-0.034554
19.615	-0.037133
19.616	-0.039149
19.617	-0.042206
19.618	-0.0467
19.619	-0.052327
19.62	-0.058977
19.621	-0.066037
19.622	-0.07187
19.623	-0.075399
19.624	-0.077754
19.625	-0.081016
19.626	-0.085033
19.627	-0.086358
19.628	-0.081505
19.629	-0.071613
19.63	-0.062653
19.631	-0.059877
19.632	-0.062923
19.633	-0.067088
19.634	-0.068322
19.635	-0.066228
19.636	-0.063068
19.637	-0.060902
19.638	-0.060081
19.639	-0.060081
19.64	-0.060482
19.641	-0.060631
19.642	-0.059608
19.643	-0.057446
19.644	-0.055833
19.645	-0.056835
19.646	-0.060569
19.647	-0.064302
19.648	-0.064692
19.649	-0.061665
19.65	-0.059104
19.651	-0.060553
19.652	-0.065211
19.653	-0.069012
19.654	-0.068876
19.655	-0.0654
19.656	-0.061828
19.657	-0.060888
19.658	-0.062976
19.659	-0.067082
19.66	-0.072147
19.661	-0.076869
19.662	-0.079445
19.663	-0.079014
19.664	-0.07696
19.665	-0.07557
19.666	-0.075304
19.667	-0.074021
19.668	-0.069501
19.669	-0.063022
19.67	-0.059188
19.671	-0.06101
19.672	-0.066179
19.673	-0.069179
19.674	-0.066464
19.675	-0.059304
19.676	-0.052141
19.677	-0.048591
19.678	-0.049174
19.679	-0.052472
19.68	-0.057184
19.681	-0.062027
19.682	-0.064163
19.683	-0.058936
19.684	-0.041666
19.685	-0.010114
19.686	0.035407
19.687	0.09664
19.688	0.180849
19.689	0.293116
19.69	0.42281
19.691	0.541362
19.692	0.612924
19.693	0.606519
19.694	0.508756
19.695	0.337994
19.696	0.145272
19.697	-0.0092
19.698	-0.089006
19.699	-0.097203
19.7	-0.064931
19.701	-0.026625
19.702	-0.002426
19.703	0.003525
19.704	-0.004383
19.705	-0.019663
19.706	-0.035923
19.707	-0.04769
19.708	-0.052599
19.709	-0.053568
19.71	-0.056621
19.711	-0.064588
19.712	-0.073581
19.713	-0.07625
19.714	-0.068265
19.715	-0.051931
19.716	-0.034143
19.717	-0.021163
19.718	-0.015147
19.719	-0.014727
19.72	-0.017513
19.721	-0.021327
19.722	-0.024604
19.723	-0.027402
19.724	-0.031596
19.725	-0.038852
19.726	-0.048255
19.727	-0.056483
19.728	-0.061141
19.729	-0.063934
19.73	-0.069053
19.731	-0.077864
19.732	-0.086499
19.733	-0.089224
19.734	-0.083452
19.735	-0.071495
19.736	-0.058344
19.737	-0.048128
19.738	-0.042171
19.739	-0.039764
19.74	-0.03996
19.741	-0.041926
19.742	-0.044659
19.743	-0.047589
19.744	-0.050909
19.745	-0.054612
19.746	-0.057497
19.747	-0.057646
19.748	-0.05466
19.749	-0.051527
19.75	-0.05274
19.751	-0.059776
19.752	-0.069283
19.753	-0.075953
19.754	-0.076536
19.755	-0.07135
19.756	-0.063215
19.757	-0.055343
19.758	-0.049379
19.759	-0.045082
19.76	-0.041758
19.761	-0.039311
19.762	-0.038071
19.763	-0.038551
19.764	-0.041416
19.765	-0.047135
19.766	-0.055182
19.767	-0.063556
19.768	-0.070162
19.769	-0.075191
19.77	-0.080701
19.771	-0.087071
19.772	-0.091385
19.773	-0.090138
19.774	-0.082801
19.775	-0.072222
19.776	-0.06179
19.777	-0.05257
19.778	-0.043608
19.779	-0.034817
19.78	-0.028106
19.781	-0.025035
19.782	-0.025111
19.783	-0.027262
19.784	-0.031464
19.785	-0.038088
19.786	-0.046396
19.787	-0.054342
19.788	-0.059409
19.789	-0.058617
19.79	-0.047824
19.791	-0.022954
19.792	0.018189
19.793	0.078767
19.794	0.165788
19.795	0.281874
19.796	0.412492
19.797	0.527405
19.798	0.594614
19.799	0.590221
19.8	0.504877
19.801	0.354794
19.802	0.184605
19.803	0.046818
19.804	-0.028337
19.805	-0.04426
19.806	-0.024401
19.807	0.006784
19.808	0.03219
19.809	0.042018
19.81	0.033819
19.811	0.013631
19.812	-0.006343
19.813	-0.015023
19.814	-0.010404
19.815	-0.000478
19.816	0.005307
19.817	0.005058
19.818	0.004508
19.819	0.010079
19.82	0.023346
19.821	0.041116
19.822	0.058542
19.823	0.071766
19.824	0.079064
19.825	0.080278
19.826	0.075427
19.827	0.065038
19.828	0.051571
19.829	0.037757
19.83	0.023513
19.831	0.007664
19.832	-0.007585
19.833	-0.017116
19.834	-0.018155
19.835	-0.01298
19.836	-0.00582
19.837	0.002201
19.838	0.014245
19.839	0.033527
19.84	0.05845
19.841	0.082053
19.842	0.095747
19.843	0.094771
19.844	0.081701
19.845	0.06462
19.846	0.051383
19.847	0.045106
19.848	0.043425
19.849	0.040542
19.85	0.031246
19.851	0.015037
19.852	-0.003343
19.853	-0.017378
19.854	-0.022701
19.855	-0.018442
19.856	-0.005912
19.857	0.012722
19.858	0.034105
19.859	0.05338
19.86	0.065801
19.861	0.069493
19.862	0.066577
19.863	0.061104
19.864	0.056113
19.865	0.052796
19.866	0.051414
19.867	0.051792
19.868	0.052352
19.869	0.049163
19.87	0.038127
19.871	0.019381
19.872	-0.00149
19.873	-0.017251
19.874	-0.023764
19.875	-0.021356
19.876	-0.012527
19.877	0.000796
19.878	0.017454
19.879	0.035079
19.88	0.049192
19.881	0.055596
19.882	0.053619
19.883	0.046462
19.884	0.038799
19.885	0.034283
19.886	0.034346
19.887	0.037942
19.888	0.041329
19.889	0.038572
19.89	0.024908
19.891	0.001348
19.892	-0.024706
19.893	-0.043696
19.894	-0.048639
19.895	-0.036881
19.896	-0.009592
19.897	0.028917
19.898	0.073204
19.899	0.121647
19.9	0.179179
19.901	0.251055
19.902	0.332759
19.903	0.408402
19.904	0.457458
19.905	0.460435
19.906	0.404766
19.907	0.295937
19.908	0.163048
19.909	0.045565
19.91	-0.029587
19.911	-0.059304
19.912	-0.057766
19.913	-0.042987
19.914	-0.027525
19.915	-0.016062
19.916	-0.007395
19.917	0.001821
19.918	0.013293
19.919	0.024858
19.92	0.031589
19.921	0.029837
19.922	0.020421
19.923	0.00808
19.924	-0.001435
19.925	-0.003994
19.926	0.001539
19.927	0.012788
19.928	0.02371
19.929	0.026015
19.93	0.013783
19.931	-0.01143
19.932	-0.040425
19.933	-0.062122
19.934	-0.070098
19.935	-0.064465
19.936	-0.049161
19.937	-0.028611
19.938	-0.006748
19.939	0.011819
19.94	0.021559
19.941	0.018913
19.942	0.005617
19.943	-0.011634
19.944	-0.024913
19.945	-0.028926
19.946	-0.022861
19.947	-0.01038
19.948	0.001196
19.949	0.00293
19.95	-0.011162
19.951	-0.039119
19.952	-0.070975
19.953	-0.094753
19.954	-0.103193
19.955	-0.095697
19.956	-0.075496
19.957	-0.04628
19.958	-0.01199
19.959	0.02102
19.96	0.044004
19.961	0.05028
19.962	0.040017
19.963	0.02035
19.964	0.000979
19.965	-0.010803
19.966	-0.01274
19.967	-0.007828
19.968	-0.003337
19.969	-0.008444
19.97	-0.029208
19.971	-0.06322
19.972	-0.09969
19.973	-0.125899
19.974	-0.134037
19.975	-0.123435
19.976	-0.098469
19.977	-0.065452
19.978	-0.031336
19.979	-0.003902
19.98	0.009472
19.981	0.00554
19.982	-0.011904
19.983	-0.033584
19.984	-0.049889
19.985	-0.055582
19.986	-0.050863
19.987	-0.037682
19.988	-0.013087
19.989	0.034145
19.99	0.116527
19.991	0.233103
19.992	0.360869
19.993	0.462275
19.994	0.502482
19.995	0.463076
19.996	0.346329
19.997	0.173414
19.998	-0.018881
19.999	-0.185148
20.0	-0.286709
20.001	-0.309164
20.002	-0.266721
20.003	-0.188495
20.004	-0.099608
20.005	-0.010202
20.006	0.08513
20.007	0.197823
20.008	0.327816
20.009	0.45115
20.01	0.527015
20.011	0.518865
20.012	0.413597
20.013	0.232765
20.014	0.0314
20.015	-0.123745
20.016	-0.188064
20.017	-0.159829
20.018	-0.074414
20.019	0.01896
20.02	0.081222
20.021	0.096816
20.022	0.073444
20.023	0.031802
20.024	-0.0074
20.025	-0.03225
20.026	-0.041196
20.027	-0.037755
20.028	-0.021823
20.029	0.015296
20.03	0.085393
20.031	0.189422
20.032	0.307829
20.033	0.405817
20.034	0.449481
20.035	0.419952
20.036	0.318615
20.037	0.165808
20.038	-0.003401
20.039	-0.147457
20.04	-0.233161
20.041	-0.251828
20.042	-0.222441
20.043	-0.17605
20.044	-0.135539
20.045	-0.107837
20.046	-0.089987
20.047	-0.079131
20.048	-0.078164
20.049	-0.094312
20.05	-0.131947
20.051	-0.185575
20.052	-0.240002
20.053	-0.277631
20.054	-0.28635
20.055	-0.262762
20.056	-0.210868
20.057	-0.139948
20.058	-0.063755
20.059	0.000913
20.06	0.039014
20.061	0.044188
20.062	0.022418
20.063	-0.011149
20.064	-0.040047
20.065	-0.053979
20.066	-0.051865
20.067	-0.038325
20.068	-0.015343
20.069	0.023748
20.07	0.08974
20.071	0.183373
20.072	0.285276
20.073	0.362415
20.074	0.385594
20.075	0.34231
20.076	0.23856
20.077	0.094696
20.078	-0.058985
20.079	-0.187415
20.08	-0.261779
20.081	-0.274391
20.082	-0.243023
20.083	-0.196855
20.084	-0.157125
20.085	-0.129515
20.086	-0.110316
20.087	-0.096898
20.088	-0.093585
20.089	-0.109533
20.09	-0.150492
20.091	-0.210966
20.092	-0.273998
20.093	-0.319224
20.094	-0.332244
20.095	-0.308495
20.096	-0.251576
20.097	-0.170653
20.098	-0.079857
20.099	0.002037
20.1	0.0559
20.101	0.070818
20.102	0.050258
20.103	0.009896
20.104	-0.031158
20.105	-0.059507
20.106	-0.071391
20.107	-0.068683
20.108	-0.049503
20.109	-0.002137
20.11	0.088158
20.111	0.222683
20.112	0.382285
20.113	0.540534
20.114	0.679323
20.115	0.78559
20.116	0.837478
20.117	0.803597
20.118	0.662506
20.119	0.428818
20.12	0.161239
20.121	-0.063509
20.122	-0.193145
20.123	-0.222255
20.124	-0.18189
20.125	-0.113637
20.126	-0.05003
20.127	-0.009579
20.128	-0.001131
20.129	-0.028158
20.13	-0.087755
20.131	-0.167297
20.132	-0.246035
20.133	-0.30289
20.134	-0.323971
20.135	-0.304792
20.136	-0.248439
20.137	-0.163809
20.138	-0.065864
20.139	0.024564
20.14	0.085962
20.141	0.105832
20.142	0.087492
20.143	0.047862
20.144	0.007789
20.145	-0.018377
20.146	-0.027545
20.147	-0.024223
20.148	-0.011058
20.149	0.018086
20.15	0.07365
20.151	0.15622
20.152	0.247356
20.153	0.316251
20.154	0.33582
20.155	0.294649
20.156	0.199071
20.157	0.068981
20.158	-0.066916
20.159	-0.176535
20.16	-0.235324
20.161	-0.23929
20.162	-0.206691
20.163	-0.163713
20.164	-0.127449
20.165	-0.100963
20.166	-0.080866
20.167	-0.067196
20.168	-0.067236
20.169	-0.09145
20.17	-0.144301
20.171	-0.217031
20.172	-0.289575
20.173	-0.340082
20.174	-0.353649
20.175	-0.325208
20.176	-0.258311
20.177	-0.164015
20.178	-0.060837
20.179	0.027626
20.18	0.080256
20.181	0.088164
20.182	0.059281
20.183	0.01359
20.184	-0.0276
20.185	-0.051323
20.186	-0.056466
20.187	-0.049284
20.188	-0.033638
20.189	-0.004302
20.19	0.048605
20.191	0.12631
20.192	0.212526
20.193	0.278964
20.194	0.30011
20.195	0.264679
20.196	0.177936
20.197	0.058371
20.198	-0.066774
20.199	-0.16766
20.2	-0.222332
20.201	-0.227668
20.202	-0.199915
20.203	-0.161572
20.204	-0.126823
20.205	-0.098346
20.206	-0.074645
20.207	-0.058367
20.208	-0.058752
20.209	-0.087002
20.21	-0.147282
20.211	-0.230067
20.212	-0.31406
20.213	-0.374846
20.214	-0.392977
20.215	-0.357306
20.216	-0.26577
20.217	-0.127147
20.218	0.039162
20.219	0.211133
20.22	0.375118
20.221	0.526064
20.222	0.654468
20.223	0.735362
20.224	0.734338
20.225	0.630477
20.226	0.440407
20.227	0.221475
20.228	0.046931
20.229	-0.029467
20.23	0.003797
20.231	0.115393
20.232	0.249091
20.233	0.349713
20.234	0.383449
20.235	0.343683
20.236	0.244746
20.237	0.11245
20.238	-0.023026
20.239	-0.132521
20.24	-0.195561
20.241	-0.209353
20.242	-0.189208
20.243	-0.156047
20.244	-0.122681
20.245	-0.091521
20.246	-0.062286
20.247	-0.039798
20.248	-0.035235
20.249	-0.060499
20.25	-0.119175
20.251	-0.200542
20.252	-0.282232
20.253	-0.339962
20.254	-0.356991
20.255	-0.327866
20.256	-0.257433
20.257	-0.159037
20.258	-0.053182
20.259	0.03546
20.26	0.08545
20.261	0.088694
20.262	0.055325
20.263	0.007848
20.264	-0.031296
20.265	-0.050221
20.266	-0.050378
20.267	-0.040289
20.268	-0.024336
20.269	0.004105
20.27	0.057017
20.271	0.136518
20.272	0.225166
20.273	0.292752
20.274	0.313007
20.275	0.275777
20.276	0.188635
20.277	0.071648
20.278	-0.048763
20.279	-0.145245
20.28	-0.19777
20.281	-0.20346
20.282	-0.177513
20.283	-0.1414
20.284	-0.109545
20.285	-0.085859
20.286	-0.069467
20.287	-0.061917
20.288	-0.070019
20.289	-0.102645
20.29	-0.163096
20.291	-0.242503
20.292	-0.320782
20.293	-0.375154
20.294	-0.389268
20.295	-0.357286
20.296	-0.283421
20.297	-0.180376
20.298	-0.068366
20.299	0.027383
20.3	0.084269
20.301	0.093155
20.302	0.063692
20.303	0.018462
20.304	-0.020029
20.305	-0.040431
20.306	-0.044838
20.307	-0.041362
20.308	-0.032372
20.309	-0.0083
20.31	0.044716
20.311	0.127913
20.312	0.221073
20.313	0.291739
20.314	0.313034
20.315	0.275243
20.316	0.186326
20.317	0.066115
20.318	-0.059125
20.319	-0.160996
20.32	-0.216618
20.321	-0.21815
20.322	-0.174601
20.323	-0.102949
20.324	-0.016367
20.325	0.082968
20.326	0.202193
20.327	0.344056
20.328	0.487964
20.329	0.584384
20.33	0.57518
20.331	0.431155
20.332	0.18064
20.333	-0.095536
20.334	-0.303725
20.335	-0.384586
20.336	-0.335453
20.337	-0.199132
20.338	-0.036307
20.339	0.098714
20.34	0.172715
20.341	0.17973
20.342	0.137997
20.343	0.077756
20.344	0.025481
20.345	-0.006877
20.346	-0.022323
20.347	-0.029539
20.348	-0.030158
20.349	-0.013077
20.35	0.036819
20.351	0.121369
20.352	0.220165
20.353	0.299281
20.354	0.329442
20.355	0.299061
20.356	0.215801
20.357	0.10069
20.358	-0.018594
20.359	-0.114035
20.36	-0.166237
20.361	-0.173488
20.362	-0.151434
20.363	-0.12098
20.364	-0.095562
20.365	-0.078605
20.366	-0.069634
20.367	-0.070538
20.368	-0.087214
20.369	-0.126405
20.37	-0.189265
20.371	-0.266243
20.372	-0.338687
20.373	-0.386292
20.374	-0.394392
20.375	-0.357106
20.376	-0.277376
20.377	-0.167178
20.378	-0.047906
20.379	0.053051
20.38	0.11198
20.381	0.120527
20.382	0.090142
20.383	0.044437
20.384	0.005255
20.385	-0.017467
20.386	-0.026385
20.387	-0.028431
20.388	-0.02371
20.389	-0.001538
20.39	0.050511
20.391	0.131173
20.392	0.21908
20.393	0.28273
20.394	0.297585
20.395	0.25641
20.396	0.168798
20.397	0.055236
20.398	-0.05875
20.399	-0.147846
20.4	-0.194519
20.401	-0.197497
20.402	-0.172088
20.403	-0.138779
20.404	-0.110701
20.405	-0.091063
20.406	-0.079192
20.407	-0.076844
20.408	-0.089934
20.409	-0.125553
20.41	-0.185773
20.411	-0.262352
20.412	-0.337387
20.413	-0.38991
20.414	-0.403184
20.415	-0.3687
20.416	-0.287739
20.417	-0.172632
20.418	-0.046756
20.419	0.060018
20.42	0.122106
20.421	0.130556
20.422	0.097194
20.423	0.046325
20.424	0.000639
20.425	-0.028656
20.426	-0.041836
20.427	-0.041516
20.428	-0.022096
20.429	0.03159
20.43	0.133268
20.431	0.28239
20.432	0.462443
20.433	0.647903
20.434	0.807462
20.435	0.902709
20.436	0.893204
20.437	0.754479
20.438	0.502621
20.439	0.20451
20.44	-0.047817
20.441	-0.188454
20.442	-0.211116
20.443	-0.157825
20.444	-0.08196
20.445	-0.020163
20.446	0.01316
20.447	0.016762
20.448	-0.007817
20.449	-0.060029
20.45	-0.136701
20.451	-0.226768
20.452	-0.311549
20.453	-0.370755
20.454	-0.388516
20.455	-0.356502
20.456	-0.275762
20.457	-0.158539
20.458	-0.028524
20.459	0.083583
20.46	0.151095
20.461	0.164332
20.462	0.135191
20.463	0.088641
20.464	0.047799
20.465	0.023064
20.466	0.011506
20.467	0.005762
20.468	0.005492
20.469	0.021548
20.47	0.066697
20.471	0.139415
20.472	0.217557
20.473	0.269817
20.474	0.273862
20.475	0.225748
20.476	0.137042
20.477	0.027011
20.478	-0.082109
20.479	-0.167227
20.48	-0.210755
20.481	-0.210316
20.482	-0.180367
20.483	-0.141416
20.484	-0.107547
20.485	-0.083233
20.486	-0.068661
20.487	-0.06577
20.488	-0.080081
20.489	-0.117927
20.49	-0.180475
20.491	-0.258766
20.492	-0.334852
20.493	-0.388187
20.494	-0.40206
20.495	-0.367691
20.496	-0.28687
20.497	-0.173522
20.498	-0.052681
20.499	0.045762
20.5	0.098933
20.501	0.102388
20.502	0.071647
20.503	0.031534
20.504	0.001514
20.505	-0.012664
20.506	-0.0169
20.507	-0.018878
20.508	-0.017285
20.509	0.00103
20.51	0.050524
20.511	0.130037
20.512	0.216478
20.513	0.276952
20.514	0.2878
20.515	0.244476
20.516	0.158444
20.517	0.049086
20.518	-0.061062
20.519	-0.148556
20.52	-0.195303
20.521	-0.197641
20.522	-0.168022
20.523	-0.125582
20.524	-0.085034
20.525	-0.053606
20.526	-0.034825
20.527	-0.032417
20.528	-0.051346
20.529	-0.096147
20.53	-0.166527
20.531	-0.25272
20.532	-0.335067
20.533	-0.388463
20.534	-0.389255
20.535	-0.322991
20.536	-0.190382
20.537	-0.00656
20.538	0.206699
20.539	0.426851
20.54	0.627559
20.541	0.773593
20.542	0.825639
20.543	0.758112
20.544	0.580947
20.545	0.346667
20.546	0.129123
20.547	-0.013091
20.548	-0.058304
20.549	-0.017315
20.55	0.081387
20.551	0.201326
20.552	0.30438
20.553	0.36015
20.554	0.355161
20.555	0.294151
20.556	0.193295
20.557	0.072804
20.558	-0.045955
20.559	-0.141196
20.56	-0.195416
20.561	-0.203791
20.562	-0.176785
20.563	-0.132309
20.564	-0.085776
20.565	-0.046691
20.566	-0.02071
20.567	-0.012381
20.568	-0.026616
20.569	-0.067742
20.57	-0.135179
20.571	-0.218918
20.572	-0.300018
20.573	-0.356572
20.574	-0.370989
20.575	-0.335038
20.576	-0.25231
20.577	-0.138981
20.578	-0.021741
20.579	0.069507
20.58	0.113703
20.581	0.109174
20.582	0.073722
20.583	0.032671
20.584	0.004069
20.585	-0.008512
20.586	-0.012197
20.587	-0.013843
20.588	-0.01
20.589	0.013656
20.59	0.070257
20.591	0.155588
20.592	0.243949
20.593	0.302003
20.594	0.307846
20.595	0.259379
20.596	0.1698
20.597	0.058968
20.598	-0.05156
20.599	-0.139837
20.6	-0.187959
20.601	-0.191134
20.602	-0.161325
20.603	-0.11906
20.604	-0.081393
20.605	-0.056402
20.606	-0.045466
20.607	-0.048566
20.608	-0.068254
20.609	-0.109344
20.61	-0.173507
20.611	-0.253139
20.612	-0.330942
20.613	-0.385826
20.614	-0.400156
20.615	-0.364797
20.616	-0.282154
20.617	-0.167474
20.618	-0.046994
20.619	0.048969
20.62	0.098219
20.621	0.098135
20.622	0.066096
20.623	0.027022
20.624	-0.001676
20.625	-0.016739
20.626	-0.024508
20.627	-0.029911
20.628	-0.027306
20.629	-0.001191
20.63	0.060795
20.631	0.152004
20.632	0.244299
20.633	0.303313
20.634	0.307409
20.635	0.255292
20.636	0.160915
20.637	0.044635
20.638	-0.070596
20.639	-0.158847
20.64	-0.196136
20.641	-0.172616
20.642	-0.098905
20.643	0.004125
20.644	0.123834
20.645	0.261729
20.646	0.41684
20.647	0.562857
20.648	0.644858
20.649	0.604582
20.65	0.421086
20.651	0.137398
20.652	-0.154443
20.653	-0.362898
20.654	-0.440817
20.655	-0.394894
20.656	-0.266439
20.657	-0.106308
20.658	0.040503
20.659	0.141274
20.66	0.180729
20.661	0.165054
20.662	0.117699
20.663	0.065829
20.664	0.026415
20.665	0.001641
20.666	-0.014833
20.667	-0.02656
20.668	-0.026119
20.669	0.002746
20.67	0.071182
20.671	0.169937
20.672	0.268825
20.673	0.333325
20.674	0.343034
20.675	0.297405
20.676	0.209244
20.677	0.09667
20.678	-0.019204
20.679	-0.114778
20.68	-0.17042
20.681	-0.180822
20.682	-0.158012
20.683	-0.12253
20.684	-0.091349
20.685	-0.072334
20.686	-0.066225
20.687	-0.071664
20.688	-0.089686
20.689	-0.124809
20.69	-0.180501
20.691	-0.252152
20.692	-0.324587
20.693	-0.37643
20.694	-0.38783
20.695	-0.3477
20.696	-0.258583
20.697	-0.13819
20.698	-0.016008
20.699	0.076439
20.7	0.119143
20.701	0.113088
20.702	0.077704
20.703	0.037287
20.704	0.006988
20.705	-0.011467
20.706	-0.023241
20.707	-0.029975
20.708	-0.023908
20.709	0.008501
20.71	0.074407
20.711	0.163173
20.712	0.247628
20.713	0.298484
20.714	0.299191
20.715	0.250049
20.716	0.162666
20.717	0.05366
20.718	-0.057146
20.719	-0.147497
20.72	-0.198779
20.721	-0.205975
20.722	-0.18085
20.723	-0.143326
20.724	-0.109653
20.725	-0.087231
20.726	-0.076612
20.727	-0.076524
20.728	-0.088817
20.729	-0.119678
20.73	-0.174398
20.731	-0.249311
20.732	-0.328292
20.733	-0.386964
20.734	-0.401917
20.735	-0.360089
20.736	-0.264771
20.737	-0.136492
20.738	-0.007728
20.739	0.088184
20.74	0.130669
20.741	0.121006
20.742	0.079436
20.743	0.031452
20.744	-0.005467
20.745	-0.025046
20.746	-0.026209
20.747	-0.00577
20.748	0.04441
20.749	0.136384
20.75	0.281789
20.751	0.480919
20.752	0.70805
20.753	0.907044
20.754	1.007323
20.755	0.955027
20.756	0.744631
20.757	0.431451
20.758	0.110777
20.759	-0.126834
20.76	-0.23606
20.761	-0.229668
20.762	-0.158954
20.763	-0.078736
20.764	-0.022354
20.765	0.002202
20.766	0.002192
20.767	-0.0126
20.768	-0.038651
20.769	-0.080293
20.77	-0.143235
20.771	-0.224688
20.772	-0.308541
20.773	-0.369784
20.774	-0.384728
20.775	-0.340938
20.776	-0.243129
20.777	-0.113229
20.778	0.015966
20.779	0.112012
20.78	0.155663
20.781	0.149093
20.782	0.112349
20.783	0.069475
20.784	0.035303
20.785	0.011985
20.786	-0.00473
20.787	-0.015848
20.788	-0.013582
20.789	0.015249
20.79	0.077395
20.791	0.161804
20.792	0.241172
20.793	0.287228
20.794	0.28545
20.795	0.237363
20.796	0.153412
20.797	0.047114
20.798	-0.063835
20.799	-0.155479
20.8	-0.205224
20.801	-0.206188
20.802	-0.172032
20.803	-0.126383
20.804	-0.088356
20.805	-0.065886
20.806	-0.058039
20.807	-0.061675
20.808	-0.077792
20.809	-0.112876
20.81	-0.172479
20.811	-0.251759
20.812	-0.332273
20.813	-0.3883
20.814	-0.397872
20.815	-0.35208
20.816	-0.258598
20.817	-0.138987
20.818	-0.022273
20.819	0.063618
20.82	0.102282
20.821	0.096263
20.822	0.063949
20.823	0.026962
20.824	-0.001783
20.825	-0.020991
20.826	-0.034823
20.827	-0.043763
20.828	-0.039507
20.829	-0.008492
20.83	0.056117
20.831	0.143175
20.832	0.225588
20.833	0.275363
20.834	0.277418
20.835	0.231692
20.836	0.147038
20.837	0.036927
20.838	-0.078754
20.839	-0.173057
20.84	-0.221741
20.841	-0.218238
20.842	-0.177853
20.843	-0.126417
20.844	-0.084987
20.845	-0.062436
20.846	-0.057453
20.847	-0.0656
20.848	-0.086607
20.849	-0.126239
20.85	-0.189044
20.851	-0.267346
20.852	-0.337544
20.853	-0.368598
20.854	-0.336533
20.855	-0.232677
20.856	-0.06025
20.857	0.16966
20.858	0.430139
20.859	0.668087
20.86	0.813445
20.861	0.812159
20.862	0.661744
20.863	0.420231
20.864	0.176527
20.865	0.002861
20.866	-0.075118
20.867	-0.073463
20.868	-0.022856
20.869	0.053914
20.87	0.144033
20.871	0.234047
20.872	0.304906
20.873	0.338611
20.874	0.326557
20.875	0.270259
20.876	0.176925
20.877	0.058235
20.878	-0.065998
20.879	-0.167527
20.88	-0.220381
20.881	-0.216596
20.882	-0.171381
20.883	-0.112146
20.884	-0.062323
20.885	-0.03253
20.886	-0.021906
20.887	-0.025671
20.888	-0.043161
20.889	-0.080051
20.89	-0.141783
20.891	-0.223791
20.892	-0.307956
20.893	-0.368481
20.894	-0.382896
20.895	-0.341772
20.896	-0.252858
20.897	-0.138717
20.898	-0.029103
20.899	0.049519
20.9	0.083912
20.901	0.078696
20.902	0.051442
20.903	0.02078
20.904	-0.003064
20.905	-0.019034
20.906	-0.029343
20.907	-0.032526
20.908	-0.020213
20.909	0.018913
20.91	0.088497
20.911	0.175702
20.912	0.25446
20.913	0.299355
20.914	0.297307
20.915	0.248497
20.916	0.160874
20.917	0.047554
20.918	-0.070681
20.919	-0.165699
20.92	-0.213174
20.921	-0.208286
20.922	-0.168995
20.923	-0.122331
20.924	-0.087615
20.925	-0.069969
20.926	-0.06482
20.927	-0.067169
20.928	-0.079067
20.929	-0.10984
20.93	-0.167462
20.931	-0.24762
20.932	-0.330541
20.933	-0.388748
20.934	-0.399695
20.935	-0.355214
20.936	-0.264226
20.937	-0.149188
20.938	-0.038391
20.939	0.043144
20.94	0.082066
20.941	0.081171
20.942	0.055667
20.943	0.022933
20.944	-0.005852
20.945	-0.026862
20.946	-0.039274
20.947	-0.040037
20.948	-0.021695
20.949	0.024219
20.95	0.098414
20.951	0.186466
20.952	0.262308
20.953	0.301652
20.954	0.292814
20.955	0.236929
20.956	0.142933
20.957	0.026551
20.958	-0.086164
20.959	-0.160827
20.96	-0.169727
20.961	-0.107588
20.962	0.01161
20.963	0.17087
20.964	0.353762
20.965	0.53014
20.966	0.648127
20.967	0.652741
20.968	0.521258
20.969	0.284169
20.97	0.012138
20.971	-0.219891
20.972	-0.364605
20.973	-0.412208
20.974	-0.379531
20.975	-0.293176
20.976	-0.179213
20.977	-0.060768
20.978	0.041331
20.979	0.109752
20.98	0.135696
20.981	0.123409
20.982	0.087582
20.983	0.044712
20.984	0.006146
20.985	-0.022685
20.986	-0.038789
20.987	-0.037853
20.988	-0.012828
20.989	0.04292
20.99	0.127457
20.991	0.223963
20.992	0.305536
20.993	0.348551
20.994	0.342001
20.995	0.28695
20.996	0.191607
20.997	0.069741
20.998	-0.056469
20.999	-0.15751
21.0	-0.209073
21.001	-0.207704
21.002	-0.172682
21.003	-0.131435
21.004	-0.102494
21.005	-0.089033
21.006	-0.084429
21.007	-0.083201
21.008	-0.089257
21.009	-0.114843
21.01	-0.169292
21.011	-0.246911
21.012	-0.325692
21.013	-0.377644
21.014	-0.38192
21.015	-0.332865
21.016	-0.240806
21.017	-0.1277
21.018	-0.020566
21.019	0.056441
21.02	0.090575
21.021	0.0851
21.022	0.055162
21.023	0.017849
21.024	-0.015145
21.025	-0.038342
21.026	-0.049588
21.027	-0.046782
21.028	-0.025474
21.029	0.020264
21.03	0.091271
21.031	0.176028
21.032	0.252161
21.033	0.29688
21.034	0.296408
21.035	0.24781
21.036	0.156409
21.037	0.035523
21.038	-0.091129
21.039	-0.192308
21.04	-0.242876
21.041	-0.239395
21.042	-0.201713
21.043	-0.157799
21.044	-0.126062
21.045	-0.10912
21.046	-0.100171
21.047	-0.094361
21.048	-0.096693
21.049	-0.120284
21.05	-0.17473
21.051	-0.253776
21.052	-0.333683
21.053	-0.384196
21.054	-0.383713
21.055	-0.32871
21.056	-0.233557
21.057	-0.123671
21.058	-0.026602
21.059	0.036322
21.06	0.056474
21.061	0.04024
21.062	0.004803
21.063	-0.030153
21.064	-0.048901
21.065	-0.042258
21.066	-0.007516
21.067	0.05607
21.068	0.156385
21.069	0.310155
21.07	0.523742
21.071	0.764792
21.072	0.957822
21.073	1.019295
21.074	0.909208
21.075	0.65803
21.076	0.34795
21.077	0.06662
21.078	-0.129658
21.079	-0.224438
21.08	-0.231699
21.081	-0.184111
21.082	-0.120417
21.083	-0.070642
21.084	-0.046315
21.085	-0.042016
21.086	-0.04577
21.087	-0.050999
21.088	-0.063134
21.089	-0.095992
21.09	-0.158787
21.091	-0.243691
21.092	-0.325344
21.093	-0.373228
21.094	-0.367077
21.095	-0.30512
21.096	-0.20257
21.097	-0.084248
21.098	0.02361
21.099	0.099781
21.1	0.133346
21.101	0.127034
21.102	0.094656
21.103	0.052973
21.104	0.014477
21.105	-0.01466
21.106	-0.032373
21.107	-0.036695
21.108	-0.0226
21.109	0.01683
21.11	0.083491
21.111	0.166976
21.112	0.24547
21.113	0.295296
21.114	0.300336
21.115	0.255248
21.116	0.164921
21.117	0.044611
21.118	-0.079626
21.119	-0.175812
21.12	-0.220133
21.121	-0.211615
21.122	-0.171929
21.123	-0.128981
21.124	-0.099744
21.125	-0.085385
21.126	-0.078572
21.127	-0.074967
21.128	-0.080393
21.129	-0.107969
21.13	-0.165806
21.131	-0.245186
21.132	-0.321201
21.133	-0.366032
21.134	-0.363064
21.135	-0.311998
21.136	-0.225287
21.137	-0.121887
21.138	-0.022869
21.139	0.051791
21.14	0.088777
21.141	0.087413
21.142	0.059139
21.143	0.020057
21.144	-0.01667
21.145	-0.043879
21.146	-0.058986
21.147	-0.06008
21.148	-0.042348
21.149	0.001253
21.15	0.072932
21.151	0.162105
21.152	0.24608
21.153	0.299836
21.154	0.305755
21.155	0.2576
21.156	0.160798
21.157	0.032906
21.158	-0.096292
21.159	-0.191526
21.16	-0.228916
21.161	-0.211132
21.162	-0.164513
21.163	-0.119703
21.164	-0.093518
21.165	-0.085148
21.166	-0.085443
21.167	-0.089374
21.168	-0.102007
21.169	-0.133153
21.17	-0.184042
21.171	-0.23878
21.172	-0.27015
21.173	-0.252322
21.174	-0.166695
21.175	-0.003068
21.176	0.230007
21.177	0.487759
21.178	0.689628
21.179	0.755461
21.18	0.657715
21.181	0.444211
21.182	0.208483
21.183	0.032699
21.184	-0.05132
21.185	-0.060527
21.186	-0.032203
21.187	0.004565
21.188	0.041791
21.189	0.088046
21.19	0.152914
21.191	0.2327
21.192	0.308232
21.193	0.354068
21.194	0.349785
21.195	0.287035
21.196	0.172547
21.197	0.028887
21.198	-0.108363
21.199	-0.201419
21.2	-0.228585
21.201	-0.197297
21.202	-0.138109
21.203	-0.083541
21.204	-0.05025
21.205	-0.03684
21.206	-0.034062
21.207	-0.036884
21.208	-0.050259
21.209	-0.084898
21.21	-0.14567
21.211	-0.222709
21.212	-0.293877
21.213	-0.336278
21.214	-0.337081
21.215	-0.296742
21.216	-0.225323
21.217	-0.137546
21.218	-0.050247
21.219	0.019615
21.22	0.059581
21.221	0.067019
21.222	0.049642
21.223	0.020266
21.224	-0.009311
21.225	-0.031539
21.226	-0.042981
21.227	-0.041268
21.228	-0.021174
21.229	0.025144
21.23	0.100796
21.231	0.195654
21.232	0.286137
21.233	0.344124
21.234	0.347696
21.235	0.28805
21.236	0.172584
21.237	0.025396
21.238	-0.116942
21.239	-0.217268
21.24	-0.254682
21.241	-0.235331
21.242	-0.186441
21.243	-0.137511
21.244	-0.104577
21.245	-0.08793
21.246	-0.080649
21.247	-0.07922
21.248	-0.088686
21.249	-0.118781
21.25	-0.173566
21.251	-0.243319
21.252	-0.306727
21.253	-0.342076
21.254	-0.338019
21.255	-0.296179
21.256	-0.226593
21.257	-0.14244
21.258	-0.05823
21.259	0.010455
21.26	0.050608
21.261	0.058152
21.262	0.040046
21.263	0.009582
21.264	-0.020334
21.265	-0.041474
21.266	-0.050749
21.267	-0.046743
21.268	-0.024734
21.269	0.023841
21.27	0.103585
21.271	0.204781
21.272	0.301645
21.273	0.362172
21.274	0.362076
21.275	0.29512
21.276	0.17705
21.277	0.042124
21.278	-0.067098
21.279	-0.112209
21.28	-0.068959
21.281	0.065688
21.282	0.266859
21.283	0.47779
21.284	0.62118
21.285	0.633609
21.286	0.504557
21.287	0.285787
21.288	0.058287
21.289	-0.116119
21.29	-0.218688
21.291	-0.262741
21.292	-0.269827
21.293	-0.25536
21.294	-0.226795
21.295	-0.186818
21.296	-0.136313
21.297	-0.076958
21.298	-0.014549
21.299	0.039217
21.3	0.070913
21.301	0.073849
21.302	0.052679
21.303	0.020384
21.304	-0.008615
21.305	-0.024719
21.306	-0.026654
21.307	-0.021861
21.308	-0.023678
21.309	-0.044569
21.31	-0.087151
21.311	-0.139991
21.312	-0.183828
21.313	-0.203616
21.314	-0.195678
21.315	-0.165486
21.316	-0.120878
21.317	-0.068227
21.318	-0.014449
21.319	0.030016
21.32	0.054139
21.321	0.053498
21.322	0.033452
21.323	0.005469
21.324	-0.01909
21.325	-0.033611
21.326	-0.038082
21.327	-0.038681
21.328	-0.04555
21.329	-0.067889
21.33	-0.106905
21.331	-0.152319
21.332	-0.187869
21.333	-0.201802
21.334	-0.192599
21.335	-0.166038
21.336	-0.128477
21.337	-0.083718
21.338	-0.035956
21.339	0.006583
21.34	0.034028
21.341	0.041433
21.342	0.032035
21.343	0.01457
21.344	-0.002082
21.345	-0.013151
21.346	-0.019419
21.347	-0.026201
21.348	-0.040874
21.349	-0.068625
21.35	-0.107212
21.351	-0.145783
21.352	-0.17117
21.353	-0.176552
21.354	-0.164465
21.355	-0.14236
21.356	-0.115804
21.357	-0.086016
21.358	-0.053736
21.359	-0.023962
21.36	-0.004753
21.361	-0.001083
21.362	-0.010876
21.363	-0.026872
21.364	-0.041437
21.365	-0.050241
21.366	-0.053632
21.367	-0.056338
21.368	-0.065482
21.369	-0.086364
21.37	-0.117258
21.371	-0.148191
21.372	-0.166952
21.373	-0.167619
21.374	-0.153516
21.375	-0.132345
21.376	-0.108999
21.377	-0.083535
21.378	-0.055824
21.379	-0.03031
21.38	-0.013942
21.381	-0.009005
21.382	-0.008908
21.383	-0.001502
21.384	0.023265
21.385	0.06942
21.386	0.139907
21.387	0.242196
21.388	0.378331
21.389	0.522762
21.39	0.617791
21.391	0.604848
21.392	0.46911
21.393	0.25693
21.394	0.049163
21.395	-0.086858
21.396	-0.1284
21.397	-0.095468
21.398	-0.028835
21.399	0.032883
21.4	0.067175
21.401	0.070875
21.402	0.05439
21.403	0.031748
21.404	0.012766
21.405	0.000452
21.406	-0.007472
21.407	-0.015824
21.408	-0.029802
21.409	-0.05236
21.41	-0.080548
21.411	-0.104714
21.412	-0.113964
21.413	-0.104262
21.414	-0.08143
21.415	-0.055808
21.416	-0.033903
21.417	-0.015307
21.418	0.002928
21.419	0.020247
21.42	0.032036
21.421	0.034421
21.422	0.02777
21.423	0.01574
21.424	0.002513
21.425	-0.009578
21.426	-0.021374
21.427	-0.036121
21.428	-0.056721
21.429	-0.082509
21.43	-0.107519
21.431	-0.122751
21.432	-0.122336
21.433	-0.108505
21.434	-0.090003
21.435	-0.074839
21.436	-0.064046
21.437	-0.052373
21.438	-0.035407
21.439	-0.015772
21.44	-0.001566
21.441	0.001
21.442	-0.006996
21.443	-0.01824
21.444	-0.025519
21.445	-0.027668
21.446	-0.029075
21.447	-0.033955
21.448	-0.042982
21.449	-0.054969
21.45	-0.068464
21.451	-0.080273
21.452	-0.084884
21.453	-0.078027
21.454	-0.061035
21.455	-0.040578
21.456	-0.023133
21.457	-0.009963
21.458	0.001562
21.459	0.013129
21.46	0.023989
21.461	0.032344
21.462	0.035889
21.463	0.033152
21.464	0.026081
21.465	0.018613
21.466	0.012038
21.467	0.004367
21.468	-0.006617
21.469	-0.020997
21.47	-0.035169
21.471	-0.042792
21.472	-0.040262
21.473	-0.030973
21.474	-0.021767
21.475	-0.015627
21.476	-0.00923
21.477	0.002849
21.478	0.021869
21.479	0.042496
21.48	0.057405
21.481	0.063768
21.482	0.063239
21.483	0.057174
21.484	0.045571
21.485	0.030644
21.486	0.018352
21.487	0.015012
21.488	0.022965
21.489	0.039903
21.49	0.062285
21.491	0.090214
21.492	0.130741
21.493	0.195614
21.494	0.290312
21.495	0.400671
21.496	0.491308
21.497	0.521341
21.498	0.467988
21.499	0.342973
21.5	0.189717
21.501	0.06074
21.502	-0.009825
21.503	-0.019799
21.504	0.007918
21.505	0.043978
21.506	0.068505
21.507	0.075517
21.508	0.067777
21.509	0.050781
21.51	0.031267
21.511	0.016707
21.512	0.011593
21.513	0.013975
21.514	0.017573
21.515	0.018266
21.516	0.018538
21.517	0.025076
21.518	0.041272
21.519	0.062284
21.52	0.078449
21.521	0.083561
21.522	0.079136
21.523	0.071289
21.524	0.065029
21.525	0.061635
21.526	0.059677
21.527	0.056667
21.528	0.049808
21.529	0.037417
21.53	0.021489
21.531	0.007721
21.532	0.000952
21.533	0.000561
21.534	0.001405
21.535	-0.00027
21.536	-0.002221
21.537	0.001779
21.538	0.014813
21.539	0.032149
21.54	0.044677
21.541	0.046864
21.542	0.040567
21.543	0.031793
21.544	0.025345
21.545	0.022424
21.546	0.021472
21.547	0.019787
21.548	0.014657
21.549	0.005029
21.55	-0.006356
21.551	-0.013774
21.552	-0.013385
21.553	-0.007075
21.554	-0.000472
21.555	0.002778
21.556	0.004272
21.557	0.008239
21.558	0.015826
21.559	0.022615
21.56	0.022663
21.561	0.014786
21.562	0.00378
21.563	-0.004338
21.564	-0.00711
21.565	-0.006241
21.566	-0.005191
21.567	-0.006917
21.568	-0.013262
21.569	-0.02444
21.57	-0.037613
21.571	-0.047448
21.572	-0.050287
21.573	-0.047728
21.574	-0.044867
21.575	-0.044583
21.576	-0.044179
21.577	-0.038549
21.578	-0.026746
21.579	-0.014573
21.58	-0.00957
21.581	-0.013606
21.582	-0.021382
21.583	-0.025714
21.584	-0.023297
21.585	-0.016185
21.586	-0.009278
21.587	-0.006976
21.588	-0.011517
21.589	-0.022269
21.59	-0.035135
21.591	-0.044203
21.592	-0.045993
21.593	-0.041727
21.594	-0.034235
21.595	-0.022821
21.596	-0.002479
21.597	0.032684
21.598	0.08859
21.599	0.173319
21.6	0.292181
21.601	0.432116
21.602	0.55141
21.603	0.594294
21.604	0.526789
21.605	0.365227
21.606	0.170807
21.607	0.012842
21.608	-0.069772
21.609	-0.080833
21.61	-0.050321
21.611	-0.00967
21.612	0.021665
21.613	0.036318
21.614	0.034809
21.615	0.022958
21.616	0.009678
21.617	0.002567
21.618	0.002825
21.619	0.004462
21.62	0.000413
21.621	-0.010012
21.622	-0.020461
21.623	-0.023587
21.624	-0.016974
21.625	-0.004162
21.626	0.008729
21.627	0.016941
21.628	0.018605
21.629	0.014705
21.63	0.008908
21.631	0.005936
21.632	0.007852
21.633	0.011643
21.634	0.011685
21.635	0.005273
21.636	-0.004564
21.637	-0.012067
21.638	-0.014786
21.639	-0.01633
21.64	-0.022038
21.641	-0.032268
21.642	-0.041465
21.643	-0.043578
21.644	-0.037358
21.645	-0.02678
21.646	-0.017464
21.647	-0.013198
21.648	-0.015047
21.649	-0.021535
21.65	-0.028567
21.651	-0.031184
21.652	-0.027786
21.653	-0.022348
21.654	-0.020909
21.655	-0.025341
21.656	-0.030783
21.657	-0.029626
21.658	-0.01902
21.659	-0.004738
21.66	0.003596
21.661	0.001464
21.662	-0.007163
21.663	-0.014946
21.664	-0.018229
21.665	-0.018917
21.666	-0.020854
21.667	-0.025887
21.668	-0.033293
21.669	-0.040856
21.67	-0.045277
21.671	-0.043492
21.672	-0.035938
21.673	-0.027947
21.674	-0.026021
21.675	-0.032144
21.676	-0.041872
21.677	-0.048377
21.678	-0.048976
21.679	-0.047478
21.68	-0.049388
21.681	-0.055311
21.682	-0.060108
21.683	-0.058292
21.684	-0.049526
21.685	-0.038911
21.686	-0.032469
21.687	-0.032677
21.688	-0.037724
21.689	-0.043321
21.69	-0.044528
21.691	-0.038246
21.692	-0.02643
21.693	-0.016249
21.694	-0.015064
21.695	-0.024085
21.696	-0.036834
21.697	-0.044658
21.698	-0.04468
21.699	-0.041777
21.7	-0.041394
21.701	-0.040766
21.702	-0.028959
21.703	0.004656
21.704	0.065169
21.705	0.156882
21.706	0.286507
21.707	0.448826
21.708	0.604863
21.709	0.686847
21.71	0.641857
21.711	0.476542
21.712	0.257129
21.713	0.065528
21.714	-0.047533
21.715	-0.078462
21.716	-0.055199
21.717	-0.012202
21.718	0.02483
21.719	0.042546
21.72	0.039131
21.721	0.022364
21.722	0.004481
21.723	-0.005611
21.724	-0.007235
21.725	-0.006131
21.726	-0.008304
21.727	-0.015059
21.728	-0.022808
21.729	-0.026279
21.73	-0.021646
21.731	-0.008652
21.732	0.008229
21.733	0.021334
21.734	0.024599
21.735	0.018264
21.736	0.008915
21.737	0.003914
21.738	0.004818
21.739	0.006288
21.74	0.00211
21.741	-0.008061
21.742	-0.01882
21.743	-0.025105
21.744	-0.026874
21.745	-0.028244
21.746	-0.03307
21.747	-0.04143
21.748	-0.049895
21.749	-0.054075
21.75	-0.05077
21.751	-0.039962
21.752	-0.026185
21.753	-0.016698
21.754	-0.016549
21.755	-0.024481
21.756	-0.03361
21.757	-0.036918
21.758	-0.033226
21.759	-0.028237
21.76	-0.028869
21.761	-0.036093
21.762	-0.044016
21.763	-0.045871
21.764	-0.040062
21.765	-0.030807
21.766	-0.02391
21.767	-0.022106
21.768	-0.023984
21.769	-0.026024
21.77	-0.025201
21.771	-0.021231
21.772	-0.017365
21.773	-0.018318
21.774	-0.026294
21.775	-0.038202
21.776	-0.047072
21.777	-0.047446
21.778	-0.04047
21.779	-0.03357
21.78	-0.033896
21.781	-0.041793
21.782	-0.051379
21.783	-0.056835
21.784	-0.057265
21.785	-0.056093
21.786	-0.056772
21.787	-0.059519
21.788	-0.061903
21.789	-0.061267
21.79	-0.056235
21.791	-0.047631
21.792	-0.039025
21.793	-0.035292
21.794	-0.038867
21.795	-0.046729
21.796	-0.051726
21.797	-0.048111
21.798	-0.0369
21.799	-0.025932
21.8	-0.023341
21.801	-0.030327
21.802	-0.040933
21.803	-0.048466
21.804	-0.051241
21.805	-0.052411
21.806	-0.054858
21.807	-0.056324
21.808	-0.049141
21.809	-0.023992
21.81	0.026525
21.811	0.10837
21.812	0.228272
21.813	0.386643
21.814	0.557824
21.815	0.681382
21.816	0.691568
21.817	0.568171
21.818	0.357663
21.819	0.142815
21.82	-0.008387
21.821	-0.072709
21.822	-0.067694
21.823	-0.029083
21.824	0.010531
21.825	0.032704
21.826	0.034331
21.827	0.022498
21.828	0.006866
21.829	-0.005816
21.83	-0.012915
21.831	-0.015264
21.832	-0.016584
21.833	-0.021453
21.834	-0.031273
21.835	-0.041643
21.836	-0.044697
21.837	-0.035488
21.838	-0.017236
21.839	-7.1e-05
21.84	0.006911
21.841	0.002971
21.842	-0.00494
21.843	-0.009476
21.844	-0.009057
21.845	-0.007584
21.846	-0.00943
21.847	-0.015548
21.848	-0.023944
21.849	-0.031942
21.85	-0.037338
21.851	-0.039526
21.852	-0.040802
21.853	-0.045002
21.854	-0.05343
21.855	-0.062254
21.856	-0.06473
21.857	-0.057086
21.858	-0.043179
21.859	-0.032706
21.86	-0.033259
21.861	-0.043721
21.862	-0.055883
21.863	-0.062283
21.864	-0.062093
21.865	-0.060061
21.866	-0.060868
21.867	-0.065004
21.868	-0.069489
21.869	-0.071109
21.87	-0.068333
21.871	-0.061894
21.872	-0.055114
21.873	-0.052455
21.874	-0.05578
21.875	-0.061834
21.876	-0.064626
21.877	-0.061255
21.878	-0.05538
21.879	-0.054187
21.88	-0.061257
21.881	-0.072591
21.882	-0.080092
21.883	-0.078912
21.884	-0.071286
21.885	-0.063736
21.886	-0.061197
21.887	-0.063689
21.888	-0.067837
21.889	-0.070379
21.89	-0.069999
21.891	-0.06762
21.892	-0.06607
21.893	-0.068253
21.894	-0.074254
21.895	-0.080154
21.896	-0.080607
21.897	-0.073784
21.898	-0.064169
21.899	-0.059539
21.9	-0.063826
21.901	-0.07275
21.902	-0.077407
21.903	-0.072448
21.904	-0.060616
21.905	-0.049901
21.906	-0.046784
21.907	-0.051808
21.908	-0.060829
21.909	-0.069123
21.91	-0.073998
21.911	-0.075556
21.912	-0.075963
21.913	-0.076165
21.914	-0.071714
21.915	-0.052502
21.916	-0.007805
21.917	0.069568
21.918	0.184524
21.919	0.337048
21.92	0.50633
21.921	0.63874
21.922	0.668614
21.923	0.565679
21.924	0.364608
21.925	0.14575
21.926	-0.015314
21.927	-0.08652
21.928	-0.082743
21.929	-0.042538
21.93	-0.001182
21.931	0.022797
21.932	0.026228
21.933	0.014313
21.934	-0.004655
21.935	-0.02215
21.936	-0.032196
21.937	-0.034449
21.938	-0.034625
21.939	-0.039911
21.94	-0.051849
21.941	-0.063661
21.942	-0.065882
21.943	-0.054945
21.944	-0.036275
21.945	-0.019743
21.946	-0.012005
21.947	-0.012532
21.948	-0.016348
21.949	-0.01918
21.95	-0.019794
21.951	-0.019565
21.952	-0.021126
21.953	-0.026661
21.954	-0.036119
21.955	-0.046505
21.956	-0.053804
21.957	-0.056599
21.958	-0.057986
21.959	-0.063053
21.96	-0.073207
21.961	-0.083312
21.962	-0.085848
21.963	-0.078072
21.964	-0.064662
21.965	-0.053505
21.966	-0.049039
21.967	-0.049702
21.968	-0.051277
21.969	-0.051224
21.97	-0.049607
21.971	-0.047958
21.972	-0.048331
21.973	-0.052233
21.974	-0.058861
21.975	-0.064404
21.976	-0.06448
21.977	-0.05822
21.978	-0.050095
21.979	-0.046818
21.98	-0.050862
21.981	-0.057274
21.982	-0.0586
21.983	-0.052882
21.984	-0.045552
21.985	-0.043524
21.986	-0.048297
21.987	-0.055143
21.988	-0.058416
21.989	-0.056454
21.99	-0.051639
21.991	-0.047663
21.992	-0.047503
21.993	-0.052427
21.994	-0.061096
21.995	-0.069573
21.996	-0.073542
21.997	-0.071684
21.998	-0.06732
21.999	-0.065902
22.0	-0.069553
22.001	-0.074351
22.002	-0.074322
22.003	-0.068089
22.004	-0.060655
22.005	-0.05834
22.006	-0.062261
22.007	-0.067364
22.008	-0.067705
22.009	-0.061671
22.01	-0.052412
22.011	-0.045011
22.012	-0.043532
22.013	-0.048954
22.014	-0.058434
22.015	-0.06681
22.016	-0.070066
22.017	-0.068292
22.018	-0.065303
22.019	-0.063743
22.02	-0.05906
22.021	-0.039512
22.022	0.006518
22.023	0.085484
22.024	0.201368
22.025	0.353437
22.026	0.51877
22.027	0.640799
22.028	0.654357
22.029	0.535926
22.03	0.32954
22.031	0.119245
22.032	-0.025601
22.033	-0.083729
22.034	-0.076058
22.035	-0.03883
22.036	-0.00089
22.037	0.023672
22.038	0.031531
22.039	0.024762
22.04	0.009155
22.041	-0.006836
22.042	-0.016309
22.043	-0.01887
22.044	-0.020521
22.045	-0.027473
22.046	-0.039644
22.047	-0.050345
22.048	-0.052436
22.049	-0.044396
22.05	-0.030699
22.051	-0.017935
22.052	-0.010914
22.053	-0.010555
22.054	-0.013871
22.055	-0.016055
22.056	-0.013764
22.057	-0.007795
22.058	-0.003123
22.059	-0.005395
22.06	-0.015763
22.061	-0.029036
22.062	-0.038286
22.063	-0.041712
22.064	-0.044084
22.065	-0.051074
22.066	-0.062568
22.067	-0.072124
22.068	-0.073382
22.069	-0.066175
22.07	-0.055933
22.071	-0.04871
22.072	-0.047315
22.073	-0.050504
22.074	-0.054332
22.075	-0.054523
22.076	-0.049165
22.077	-0.0407
22.078	-0.035078
22.079	-0.037294
22.08	-0.046465
22.081	-0.055759
22.082	-0.058371
22.083	-0.053848
22.084	-0.048149
22.085	-0.04744
22.086	-0.051784
22.087	-0.055277
22.088	-0.052858
22.089	-0.045925
22.09	-0.040509
22.091	-0.041362
22.092	-0.048317
22.093	-0.056945
22.094	-0.061636
22.095	-0.058666
22.096	-0.048292
22.097	-0.03523
22.098	-0.026641
22.099	-0.027817
22.1	-0.038054
22.101	-0.050788
22.102	-0.059154
22.103	-0.061797
22.104	-0.062936
22.105	-0.066882
22.106	-0.072818
22.107	-0.075572
22.108	-0.071767
22.109	-0.064011
22.11	-0.058351
22.111	-0.058791
22.112	-0.064311
22.113	-0.069791
22.114	-0.069337
22.115	-0.059697
22.116	-0.04243
22.117	-0.02401
22.118	-0.013019
22.119	-0.014884
22.12	-0.027386
22.121	-0.04184
22.122	-0.050411
22.123	-0.052488
22.124	-0.053259
22.125	-0.055784
22.126	-0.054407
22.127	-0.03709
22.128	0.005173
22.129	0.074736
22.13	0.174601
22.131	0.309893
22.132	0.46908
22.133	0.604913
22.134	0.650802
22.135	0.57031
22.136	0.391681
22.137	0.190469
22.138	0.038101
22.139	-0.036075
22.14	-0.044929
22.141	-0.019807
22.142	0.011287
22.143	0.031935
22.144	0.036278
22.145	0.026302
22.146	0.009542
22.147	-0.005267
22.148	-0.014264
22.149	-0.020467
22.15	-0.029246
22.151	-0.042641
22.152	-0.057428
22.153	-0.066866
22.154	-0.064334
22.155	-0.0473
22.156	-0.019652
22.157	0.009306
22.158	0.029047
22.159	0.033485
22.16	0.024944
22.161	0.012357
22.162	0.004023
22.163	0.001444
22.164	-0.000126
22.165	-0.00563
22.166	-0.014965
22.167	-0.024014
22.168	-0.030512
22.169	-0.037173
22.17	-0.048301
22.171	-0.064646
22.172	-0.081904
22.173	-0.09307
22.174	-0.09228
22.175	-0.07811
22.176	-0.054767
22.177	-0.030445
22.178	-0.013665
22.179	-0.009115
22.18	-0.014965
22.181	-0.024284
22.182	-0.030579
22.183	-0.032689
22.184	-0.034337
22.185	-0.039147
22.186	-0.046492
22.187	-0.052701
22.188	-0.05621
22.189	-0.060041
22.19	-0.06841
22.191	-0.08195
22.192	-0.096282
22.193	-0.104213
22.194	-0.099893
22.195	-0.082634
22.196	-0.057753
22.197	-0.033954
22.198	-0.019281
22.199	-0.01746
22.2	-0.025822
22.201	-0.036932
22.202	-0.043984
22.203	-0.045698
22.204	-0.046051
22.205	-0.049332
22.206	-0.055836
22.207	-0.062774
22.208	-0.069038
22.209	-0.077312
22.21	-0.090574
22.211	-0.107825
22.212	-0.123591
22.213	-0.130674
22.214	-0.124055
22.215	-0.104002
22.216	-0.076525
22.217	-0.050829
22.218	-0.035062
22.219	-0.032062
22.22	-0.037575
22.221	-0.043339
22.222	-0.043582
22.223	-0.039324
22.224	-0.036338
22.225	-0.038907
22.226	-0.04571
22.227	-0.052242
22.228	-0.057271
22.229	-0.065196
22.23	-0.080539
22.231	-0.10067
22.232	-0.114
22.233	-0.104998
22.234	-0.061988
22.235	0.019678
22.236	0.141903
22.237	0.304406
22.238	0.489395
22.239	0.645206
22.24	0.702184
22.241	0.621714
22.242	0.431927
22.243	0.211587
22.244	0.038834
22.245	-0.049055
22.246	-0.060521
22.247	-0.029578
22.248	0.007093
22.249	0.024463
22.25	0.014608
22.251	-0.015351
22.252	-0.050218
22.253	-0.074639
22.254	-0.079417
22.255	-0.064573
22.256	-0.03832
22.257	-0.012673
22.258	0.002499
22.259	0.0043
22.26	-0.002217
22.261	-0.008114
22.262	-0.007334
22.263	-0.00066
22.264	0.006674
22.265	0.010847
22.266	0.01262
22.267	0.014442
22.268	0.014748
22.269	0.00709
22.27	-0.013831
22.271	-0.045989
22.272	-0.079694
22.273	-0.102683
22.274	-0.106732
22.275	-0.091645
22.276	-0.064855
22.277	-0.037559
22.278	-0.019668
22.279	-0.015691
22.28	-0.02306
22.281	-0.034402
22.282	-0.042987
22.283	-0.046735
22.284	-0.047377
22.285	-0.046723
22.286	-0.044598
22.287	-0.041021
22.288	-0.040057
22.289	-0.049216
22.29	-0.073212
22.291	-0.108449
22.292	-0.143333
22.293	-0.163776
22.294	-0.160239
22.295	-0.132514
22.296	-0.089936
22.297	-0.046906
22.298	-0.016198
22.299	-0.003605
22.3	-0.006503
22.301	-0.017277
22.302	-0.029207
22.303	-0.039782
22.304	-0.049237
22.305	-0.056639
22.306	-0.056449
22.307	-0.037357
22.308	0.014652
22.309	0.107543
22.31	0.232061
22.311	0.358628
22.312	0.449306
22.313	0.475829
22.314	0.428576
22.315	0.314109
22.316	0.150254
22.317	-0.034615
22.318	-0.201589
22.319	-0.310848
22.32	-0.341898
22.321	-0.306635
22.322	-0.239936
22.323	-0.176575
22.324	-0.134294
22.325	-0.111945
22.326	-0.099091
22.327	-0.088753
22.328	-0.084568
22.329	-0.096875
22.33	-0.131486
22.331	-0.181737
22.332	-0.230004
22.333	-0.256423
22.334	-0.248752
22.335	-0.207888
22.336	-0.146425
22.337	-0.081432
22.338	-0.025834
22.339	0.016945
22.34	0.053142
22.341	0.095829
22.342	0.162697
22.343	0.270308
22.344	0.416131
22.345	0.559621
22.346	0.634425
22.347	0.598361
22.348	0.476227
22.349	0.346863
22.35	0.283495
22.351	0.303878
22.352	0.369695
22.353	0.42254
22.354	0.418932
22.355	0.343787
22.356	0.207406
22.357	0.039014
22.358	-0.119501
22.359	-0.226853
22.36	-0.262721
22.361	-0.238678
22.362	-0.187374
22.363	-0.139916
22.364	-0.110282
22.365	-0.095078
22.366	-0.084235
22.367	-0.073386
22.368	-0.069524
22.369	-0.085379
22.37	-0.126719
22.371	-0.184155
22.372	-0.236346
22.373	-0.260909
22.374	-0.245066
22.375	-0.190679
22.376	-0.11271
22.377	-0.033155
22.378	0.0268
22.379	0.05422
22.38	0.048755
22.381	0.020882
22.382	-0.015139
22.383	-0.048241
22.384	-0.072804
22.385	-0.086402
22.386	-0.086186
22.387	-0.066406
22.388	-0.018976
22.389	0.060817
22.39	0.165337
22.391	0.271496
22.392	0.349593
22.393	0.376785
22.394	0.343885
22.395	0.253934
22.396	0.119543
22.397	-0.035889
22.398	-0.177865
22.399	-0.270968
22.4	-0.297651
22.401	-0.268875
22.402	-0.214888
22.403	-0.164594
22.404	-0.131139
22.405	-0.112001
22.406	-0.09937
22.407	-0.091775
22.408	-0.098338
22.409	-0.131174
22.41	-0.191941
22.411	-0.265613
22.412	-0.326704
22.413	-0.351686
22.414	-0.329268
22.415	-0.264082
22.416	-0.173797
22.417	-0.082416
22.418	-0.012427
22.419	0.022515
22.42	0.021867
22.421	-0.003535
22.422	-0.03855
22.423	-0.070884
22.424	-0.0939
22.425	-0.105201
22.426	-0.103174
22.427	-0.083782
22.428	-0.040298
22.429	0.031699
22.43	0.126143
22.431	0.223179
22.432	0.296406
22.433	0.324844
22.434	0.299118
22.435	0.220295
22.436	0.098473
22.437	-0.04505
22.438	-0.177715
22.439	-0.265918
22.44	-0.293172
22.441	-0.27027
22.442	-0.225572
22.443	-0.183759
22.444	-0.151533
22.445	-0.119446
22.446	-0.074902
22.447	-0.013703
22.448	0.060528
22.449	0.145113
22.45	0.236282
22.451	0.312339
22.452	0.331554
22.453	0.264546
22.454	0.130344
22.455	-0.007811
22.456	-0.085921
22.457	-0.081243
22.458	-0.01965
22.459	0.050375
22.46	0.091015
22.461	0.091371
22.462	0.062326
22.463	0.022292
22.464	-0.013585
22.465	-0.036936
22.466	-0.044365
22.467	-0.033478
22.468	-0.000296
22.469	0.058524
22.47	0.138837
22.471	0.224647
22.472	0.293064
22.473	0.32429
22.474	0.307374
22.475	0.240706
22.476	0.132411
22.477	0.002339
22.478	-0.118591
22.479	-0.198127
22.48	-0.220146
22.481	-0.194961
22.482	-0.150337
22.483	-0.11162
22.484	-0.089012
22.485	-0.079318
22.486	-0.076555
22.487	-0.081905
22.488	-0.105461
22.489	-0.157555
22.49	-0.236169
22.491	-0.322039
22.492	-0.386464
22.493	-0.405543
22.494	-0.370619
22.495	-0.290044
22.496	-0.183963
22.497	-0.076662
22.498	0.009836
22.499	0.060579
22.5	0.071616
22.501	0.050746
22.502	0.012983
22.503	-0.026439
22.504	-0.057032
22.505	-0.074062
22.506	-0.07607
22.507	-0.06078
22.508	-0.022929
22.509	0.041812
22.51	0.128036
22.511	0.216791
22.512	0.283017
22.513	0.306759
22.514	0.278534
22.515	0.199338
22.516	0.080442
22.517	-0.055317
22.518	-0.175005
22.519	-0.246811
22.52	-0.258204
22.521	-0.224064
22.522	-0.174597
22.523	-0.134569
22.524	-0.111967
22.525	-0.101719
22.526	-0.097407
22.527	-0.10094
22.528	-0.123307
22.529	-0.174964
22.53	-0.252972
22.531	-0.337035
22.532	-0.398641
22.533	-0.415365
22.534	-0.379999
22.535	-0.300699
22.536	-0.195362
22.537	-0.085585
22.538	0.007607
22.539	0.067972
22.54	0.08885
22.541	0.075211
22.542	0.040424
22.543	-0.000163
22.544	-0.034768
22.545	-0.057275
22.546	-0.065623
22.547	-0.057744
22.548	-0.028306
22.549	0.028978
22.55	0.113743
22.551	0.214326
22.552	0.311971
22.553	0.390725
22.554	0.447253
22.555	0.492413
22.556	0.535303
22.557	0.560502
22.558	0.530451
22.559	0.420582
22.56	0.249763
22.561	0.072409
22.562	-0.057202
22.563	-0.11456
22.564	-0.10912
22.565	-0.06938
22.566	-0.026126
22.567	-0.004197
22.568	-0.020559
22.569	-0.080797
22.57	-0.173806
22.571	-0.27302
22.572	-0.347108
22.573	-0.373231
22.574	-0.344714
22.575	-0.270282
22.576	-0.168042
22.577	-0.05947
22.578	0.034616
22.579	0.097952
22.58	0.123438
22.581	0.115422
22.582	0.086735
22.583	0.052272
22.584	0.023421
22.585	0.005764
22.586	0.000586
22.587	0.009387
22.588	0.037288
22.589	0.089696
22.59	0.163182
22.591	0.240739
22.592	0.298001
22.593	0.314386
22.594	0.279894
22.595	0.196142
22.596	0.076141
22.597	-0.055283
22.598	-0.165043
22.599	-0.224559
22.6	-0.226201
22.601	-0.187853
22.602	-0.138979
22.603	-0.100959
22.604	-0.078692
22.605	-0.066672
22.606	-0.060672
22.607	-0.065468
22.608	-0.09338
22.609	-0.153702
22.61	-0.240884
22.611	-0.332381
22.612	-0.398514
22.613	-0.416494
22.614	-0.37925
22.615	-0.295472
22.616	-0.183943
22.617	-0.06732
22.618	0.032074
22.619	0.095944
22.62	0.115406
22.621	0.095372
22.622	0.0526
22.623	0.007351
22.624	-0.025635
22.625	-0.041346
22.626	-0.041924
22.627	-0.029532
22.628	-0.000736
22.629	0.050898
22.63	0.124411
22.631	0.204142
22.632	0.264738
22.633	0.283832
22.634	0.251003
22.635	0.169382
22.636	0.054099
22.637	-0.069579
22.638	-0.170779
22.639	-0.224217
22.64	-0.224381
22.641	-0.188968
22.642	-0.145029
22.643	-0.110611
22.644	-0.088222
22.645	-0.072115
22.646	-0.060011
22.647	-0.059708
22.648	-0.085846
22.649	-0.148098
22.65	-0.239436
22.651	-0.335231
22.652	-0.404764
22.653	-0.425766
22.654	-0.39166
22.655	-0.309198
22.656	-0.191738
22.657	-0.054859
22.658	0.084094
22.659	0.209435
22.66	0.318266
22.661	0.4251
22.662	0.540877
22.663	0.641751
22.664	0.671736
22.665	0.589525
22.666	0.412905
22.667	0.215113
22.668	0.079181
22.669	0.050551
22.67	0.118847
22.671	0.232651
22.672	0.331663
22.673	0.374126
22.674	0.346212
22.675	0.256982
22.676	0.12957
22.677	-0.005367
22.678	-0.11517
22.679	-0.175261
22.68	-0.181885
22.681	-0.153899
22.682	-0.117743
22.683	-0.089331
22.684	-0.069067
22.685	-0.050871
22.686	-0.034205
22.687	-0.029106
22.688	-0.05112
22.689	-0.109228
22.69	-0.195411
22.691	-0.285161
22.692	-0.349159
22.693	-0.366709
22.694	-0.332177
22.695	-0.253387
22.696	-0.146623
22.697	-0.03306
22.698	0.063401
22.699	0.121453
22.7	0.131446
22.701	0.100809
22.702	0.049992
22.703	0.001702
22.704	-0.02939
22.705	-0.040653
22.706	-0.037242
22.707	-0.022673
22.708	0.007796
22.709	0.062808
22.71	0.141737
22.711	0.227055
22.712	0.291338
22.713	0.31126
22.714	0.276772
22.715	0.192508
22.716	0.075253
22.717	-0.048831
22.718	-0.148931
22.719	-0.200961
22.72	-0.201207
22.721	-0.168081
22.722	-0.127361
22.723	-0.094898
22.724	-0.072274
22.725	-0.055561
22.726	-0.045732
22.727	-0.051742
22.728	-0.085334
22.729	-0.151238
22.73	-0.239499
22.731	-0.326934
22.732	-0.387321
22.733	-0.40236
22.734	-0.366643
22.735	-0.286492
22.736	-0.176931
22.737	-0.059802
22.738	0.039112
22.739	0.097685
22.74	0.107572
22.741	0.078611
22.742	0.032743
22.743	-0.008147
22.744	-0.032088
22.745	-0.039408
22.746	-0.036908
22.747	-0.027423
22.748	-0.003373
22.749	0.047331
22.75	0.126407
22.751	0.216551
22.752	0.288148
22.753	0.314401
22.754	0.282784
22.755	0.197817
22.756	0.078012
22.757	-0.048713
22.758	-0.151493
22.759	-0.207529
22.76	-0.213204
22.761	-0.183588
22.762	-0.137732
22.763	-0.084174
22.764	-0.019954
22.765	0.061896
22.766	0.167492
22.767	0.295422
22.768	0.420157
22.769	0.484627
22.77	0.430083
22.771	0.247803
22.772	0.000203
22.773	-0.213817
22.774	-0.317948
22.775	-0.293519
22.776	-0.174349
22.777	-0.019255
22.778	0.115407
22.779	0.19349
22.78	0.206436
22.781	0.17024
22.782	0.113224
22.783	0.061049
22.784	0.026765
22.785	0.009677
22.786	0.002575
22.787	0.002882
22.788	0.019129
22.789	0.064866
22.79	0.143076
22.791	0.2363
22.792	0.313223
22.793	0.345299
22.794	0.319379
22.795	0.240149
22.796	0.12618
22.797	0.004765
22.798	-0.094244
22.799	-0.148579
22.8	-0.154715
22.801	-0.128915
22.802	-0.094306
22.803	-0.06614
22.804	-0.048029
22.805	-0.038428
22.806	-0.038359
22.807	-0.05414
22.808	-0.094011
22.809	-0.160584
22.81	-0.244412
22.811	-0.324944
22.812	-0.378992
22.813	-0.389957
22.814	-0.352022
22.815	-0.269866
22.816	-0.157383
22.817	-0.036537
22.818	0.065812
22.819	0.126079
22.82	0.135097
22.821	0.103304
22.822	0.054159
22.823	0.010825
22.824	-0.014566
22.825	-0.023159
22.826	-0.022467
22.827	-0.015077
22.828	0.007796
22.829	0.05967
22.83	0.142127
22.831	0.234657
22.832	0.303495
22.833	0.321456
22.834	0.280801
22.835	0.19219
22.836	0.076547
22.837	-0.041179
22.838	-0.135375
22.839	-0.18662
22.84	-0.191846
22.841	-0.166142
22.842	-0.131172
22.843	-0.101564
22.844	-0.081253
22.845	-0.069196
22.846	-0.066658
22.847	-0.08012
22.848	-0.118025
22.849	-0.182961
22.85	-0.265288
22.851	-0.34475
22.852	-0.398993
22.853	-0.411519
22.854	-0.37501
22.855	-0.291825
22.856	-0.174306
22.857	-0.044936
22.858	0.066632
22.859	0.133364
22.86	0.144337
22.861	0.110755
22.862	0.058167
22.863	0.01106
22.864	-0.018904
22.865	-0.033886
22.866	-0.040381
22.867	-0.036289
22.868	-0.005506
22.869	0.071918
22.87	0.200868
22.871	0.364583
22.872	0.538081
22.873	0.698728
22.874	0.815058
22.875	0.83724
22.876	0.722908
22.877	0.483127
22.878	0.195421
22.879	-0.039576
22.88	-0.16049
22.881	-0.171368
22.882	-0.118847
22.883	-0.052455
22.884	-0.001378
22.885	0.025432
22.886	0.028054
22.887	0.006194
22.888	-0.042658
22.889	-0.117675
22.89	-0.208361
22.891	-0.295245
22.892	-0.356933
22.893	-0.376739
22.894	-0.345831
22.895	-0.264746
22.896	-0.14528
22.897	-0.011552
22.898	0.104136
22.899	0.173387
22.9	0.186045
22.901	0.155108
22.902	0.10715
22.903	0.065902
22.904	0.041268
22.905	0.029818
22.906	0.024395
22.907	0.025325
22.908	0.043925
22.909	0.092811
22.91	0.169897
22.911	0.252456
22.912	0.308572
22.913	0.315182
22.914	0.267751
22.915	0.177733
22.916	0.064934
22.917	-0.047381
22.918	-0.135317
22.919	-0.181133
22.92	-0.182422
22.921	-0.153339
22.922	-0.114316
22.923	-0.080205
22.924	-0.056893
22.925	-0.045442
22.926	-0.047191
22.927	-0.066148
22.928	-0.107637
22.929	-0.173097
22.93	-0.254562
22.931	-0.334521
22.932	-0.391832
22.933	-0.408772
22.934	-0.375443
22.935	-0.292372
22.936	-0.173211
22.937	-0.045067
22.938	0.05858
22.939	0.112281
22.94	0.111688
22.941	0.074583
22.942	0.028292
22.943	-0.006382
22.944	-0.023467
22.945	-0.028952
22.946	-0.030487
22.947	-0.026903
22.948	-0.006003
22.949	0.045139
22.95	0.124572
22.951	0.209885
22.952	0.26937
22.953	0.279768
22.954	0.235964
22.955	0.148733
22.956	0.037427
22.957	-0.075197
22.958	-0.165888
22.959	-0.216523
22.96	-0.222347
22.961	-0.194126
22.962	-0.150046
22.963	-0.105546
22.964	-0.069694
22.965	-0.047329
22.966	-0.042078
22.967	-0.057836
22.968	-0.098149
22.969	-0.163079
22.97	-0.245256
22.971	-0.328601
22.972	-0.391074
22.973	-0.40987
22.974	-0.367322
22.975	-0.257368
22.976	-0.090266
22.977	0.110937
22.978	0.321227
22.979	0.517177
22.98	0.666788
22.981	0.726408
22.982	0.665506
22.983	0.499945
22.984	0.292565
22.985	0.115266
22.986	0.010556
22.987	-0.015602
22.988	0.023121
22.989	0.107726
22.99	0.214269
22.991	0.311712
22.992	0.369542
22.993	0.370783
22.994	0.31743
22.995	0.224304
22.996	0.109506
22.997	-0.008915
22.998	-0.110472
22.999	-0.174232
23.0	-0.18934
23.001	-0.162494
23.002	-0.112473
23.003	-0.058675
23.004	-0.01476
23.005	0.011723
23.006	0.017899
23.007	0.002849
23.008	-0.035726
23.009	-0.100087
23.01	-0.184738
23.011	-0.271263
23.012	-0.334052
23.013	-0.352796
23.014	-0.320323
23.015	-0.241782
23.016	-0.13159
23.017	-0.012937
23.018	0.085017
23.019	0.138608
23.02	0.143396
23.021	0.115377
23.022	0.078275
23.023	0.049934
23.024	0.03658
23.025	0.035051
23.026	0.04021
23.027	0.052789
23.028	0.082076
23.029	0.138577
23.03	0.219531
23.031	0.302797
23.032	0.358906
23.033	0.368483
23.034	0.328115
23.035	0.245293
23.036	0.133182
23.037	0.011357
23.038	-0.092474
23.039	-0.151329
23.04	-0.155843
23.041	-0.119754
23.042	-0.067691
23.043	-0.020375
23.044	0.011261
23.045	0.02501
23.046	0.023148
23.047	0.006232
23.048	-0.030319
23.049	-0.090887
23.05	-0.170019
23.051	-0.250015
23.052	-0.307977
23.053	-0.324725
23.054	-0.290537
23.055	-0.208062
23.056	-0.093087
23.057	0.027762
23.058	0.123888
23.059	0.172493
23.06	0.169899
23.061	0.132779
23.062	0.086723
23.063	0.050882
23.064	0.03015
23.065	0.019452
23.066	0.015174
23.067	0.023807
23.068	0.059703
23.069	0.131763
23.07	0.229988
23.071	0.325712
23.072	0.386437
23.073	0.392214
23.074	0.341713
23.075	0.247485
23.076	0.12875
23.077	0.008952
23.078	-0.084959
23.079	-0.129953
23.08	-0.119208
23.081	-0.066114
23.082	0.007328
23.083	0.088994
23.084	0.183607
23.085	0.296552
23.086	0.407535
23.087	0.465418
23.088	0.418281
23.089	0.255146
23.09	0.021443
23.091	-0.205102
23.092	-0.35605
23.093	-0.400158
23.094	-0.345356
23.095	-0.223704
23.096	-0.075083
23.097	0.062537
23.098	0.159126
23.099	0.199507
23.1	0.188719
23.101	0.148608
23.102	0.104672
23.103	0.072436
23.104	0.053389
23.105	0.041672
23.106	0.034802
23.107	0.040209
23.108	0.072108
23.109	0.139059
23.11	0.231597
23.111	0.322572
23.112	0.381289
23.113	0.388926
23.114	0.343549
23.115	0.255181
23.116	0.140031
23.117	0.019342
23.118	-0.081509
23.119	-0.140687
23.12	-0.151538
23.121	-0.126158
23.122	-0.086195
23.123	-0.050072
23.124	-0.026728
23.125	-0.017039
23.126	-0.019178
23.127	-0.034184
23.128	-0.06758
23.129	-0.124173
23.13	-0.199864
23.131	-0.278492
23.132	-0.336807
23.133	-0.353664
23.134	-0.318052
23.135	-0.233447
23.136	-0.118143
23.137	-0.000875
23.138	0.088434
23.139	0.130632
23.14	0.126162
23.141	0.093351
23.142	0.055922
23.143	0.029449
23.144	0.016494
23.145	0.011891
23.146	0.012499
23.147	0.023568
23.148	0.056358
23.149	0.11754
23.15	0.19858
23.151	0.2759
23.152	0.323034
23.153	0.323685
23.154	0.275696
23.155	0.187261
23.156	0.072732
23.157	-0.047929
23.158	-0.149471
23.159	-0.208681
23.16	-0.217286
23.161	-0.187345
23.162	-0.142196
23.163	-0.102086
23.164	-0.076286
23.165	-0.064349
23.166	-0.062866
23.167	-0.072653
23.168	-0.100929
23.169	-0.155149
23.17	-0.232598
23.171	-0.315476
23.172	-0.376704
23.173	-0.391925
23.174	-0.349695
23.175	-0.255893
23.176	-0.132242
23.177	-0.009847
23.178	0.080897
23.179	0.121986
23.18	0.115503
23.181	0.080223
23.182	0.03857
23.183	0.004851
23.184	-0.016846
23.185	-0.026159
23.186	-0.018462
23.187	0.01807
23.188	0.09923
23.189	0.23787
23.19	0.433428
23.191	0.657249
23.192	0.844927
23.193	0.916889
23.194	0.825915
23.195	0.59271
23.196	0.295405
23.197	0.025286
23.198	-0.153714
23.199	-0.222322
23.2	-0.202041
23.201	-0.136499
23.202	-0.067807
23.203	-0.020545
23.204	0.000589
23.205	0.002975
23.206	-0.00499
23.207	-0.022556
23.208	-0.058015
23.209	-0.120202
23.21	-0.206043
23.211	-0.295786
23.212	-0.360351
23.213	-0.374507
23.214	-0.327597
23.215	-0.22762
23.216	-0.0983
23.217	0.028635
23.218	0.123433
23.219	0.16886
23.22	0.166909
23.221	0.135474
23.222	0.096162
23.223	0.06282
23.224	0.038649
23.225	0.021547
23.226	0.011696
23.227	0.015763
23.228	0.044391
23.229	0.102783
23.23	0.181223
23.231	0.256202
23.232	0.302807
23.233	0.306484
23.234	0.265198
23.235	0.184952
23.236	0.077147
23.237	-0.039117
23.238	-0.136784
23.239	-0.190895
23.24	-0.193677
23.241	-0.159289
23.242	-0.112962
23.243	-0.07531
23.244	-0.054291
23.245	-0.047504
23.246	-0.05013
23.247	-0.062565
23.248	-0.092022
23.249	-0.145393
23.25	-0.219196
23.251	-0.296268
23.252	-0.351773
23.253	-0.363709
23.254	-0.322303
23.255	-0.234287
23.256	-0.120669
23.257	-0.009711
23.258	0.072409
23.259	0.110958
23.26	0.10796
23.261	0.078983
23.262	0.04269
23.263	0.011158
23.264	-0.012354
23.265	-0.028732
23.266	-0.036539
23.267	-0.028571
23.268	0.005306
23.269	0.069139
23.27	0.152605
23.271	0.232629
23.272	0.284587
23.273	0.292902
23.274	0.253656
23.275	0.17171
23.276	0.05935
23.277	-0.061703
23.278	-0.161666
23.279	-0.214139
23.28	-0.211724
23.281	-0.170526
23.282	-0.118256
23.283	-0.077364
23.284	-0.056342
23.285	-0.05205
23.286	-0.058498
23.287	-0.075611
23.288	-0.111245
23.289	-0.173259
23.29	-0.257516
23.291	-0.342405
23.292	-0.394728
23.293	-0.382961
23.294	-0.28933
23.295	-0.113893
23.296	0.127034
23.297	0.397494
23.298	0.633977
23.299	0.757569
23.3	0.71961
23.301	0.54331
23.302	0.312846
23.303	0.118035
23.304	0.006127
23.305	-0.026122
23.306	-0.008116
23.307	0.033764
23.308	0.089336
23.309	0.15823
23.31	0.23554
23.311	0.305426
23.312	0.347624
23.313	0.347625
23.314	0.300793
23.315	0.211168
23.316	0.091172
23.317	-0.036516
23.318	-0.140942
23.319	-0.194723
23.32	-0.190214
23.321	-0.144468
23.322	-0.08694
23.323	-0.041544
23.324	-0.017104
23.325	-0.00984
23.326	-0.013171
23.327	-0.027218
23.328	-0.060518
23.329	-0.121354
23.33	-0.205636
23.331	-0.292843
23.332	-0.354414
23.333	-0.367779
23.334	-0.326141
23.335	-0.239807
23.336	-0.130908
23.337	-0.025551
23.338	0.053658
23.339	0.094217
23.34	0.097701
23.341	0.076919
23.342	0.047107
23.343	0.018513
23.344	-0.004776
23.345	-0.021245
23.346	-0.027505
23.347	-0.016067
23.348	0.022194
23.349	0.090078
23.35	0.176164
23.351	0.256349
23.352	0.305447
23.353	0.30826
23.354	0.262242
23.355	0.174482
23.356	0.059388
23.357	-0.060819
23.358	-0.157535
23.359	-0.206103
23.36	-0.200983
23.361	-0.160182
23.362	-0.112509
23.363	-0.079308
23.364	-0.065423
23.365	-0.063683
23.366	-0.066816
23.367	-0.077082
23.368	-0.106073
23.369	-0.163757
23.37	-0.245613
23.371	-0.329951
23.372	-0.38803
23.373	-0.398201
23.374	-0.354468
23.375	-0.266607
23.376	-0.154891
23.377	-0.044057
23.378	0.042228
23.379	0.088411
23.38	0.093371
23.381	0.069347
23.382	0.033246
23.383	-0.001775
23.384	-0.028663
23.385	-0.043992
23.386	-0.044473
23.387	-0.024739
23.388	0.021452
23.389	0.094794
23.39	0.183313
23.391	0.263795
23.392	0.312338
23.393	0.314045
23.394	0.265204
23.395	0.171081
23.396	0.04571
23.397	-0.085151
23.398	-0.185092
23.399	-0.219618
23.4	-0.173656
23.401	-0.056672
23.402	0.109029
23.403	0.29799
23.404	0.47349
23.405	0.580235
23.406	0.567483
23.407	0.428378
23.408	0.209873
23.409	-0.017499
23.41	-0.197543
23.411	-0.305314
23.412	-0.341539
23.413	-0.318933
23.414	-0.25285
23.415	-0.158735
23.416	-0.053169
23.417	0.045076
23.418	0.117144
23.419	0.150534
23.42	0.145312
23.421	0.11335
23.422	0.070674
23.423	0.030133
23.424	-0.000649
23.425	-0.017378
23.426	-0.016387
23.427	0.007325
23.428	0.059092
23.429	0.138519
23.43	0.232983
23.431	0.319203
23.432	0.372911
23.433	0.378023
23.434	0.329688
23.435	0.233399
23.436	0.104885
23.437	-0.029381
23.438	-0.136948
23.439	-0.19286
23.44	-0.193985
23.441	-0.160266
23.442	-0.119966
23.443	-0.091967
23.444	-0.078948
23.445	-0.073399
23.446	-0.06938
23.447	-0.07115
23.448	-0.091841
23.449	-0.141827
23.45	-0.216223
23.451	-0.293169
23.452	-0.34459
23.453	-0.350334
23.454	-0.305924
23.455	-0.221649
23.456	-0.117283
23.457	-0.016419
23.458	0.059411
23.459	0.097512
23.46	0.098715
23.461	0.075189
23.462	0.042271
23.463	0.011361
23.464	-0.011575
23.465	-0.023613
23.466	-0.021975
23.467	-0.001995
23.468	0.042443
23.469	0.113522
23.47	0.20214
23.471	0.28693
23.472	0.342321
23.473	0.348881
23.474	0.299072
23.475	0.198407
23.476	0.065098
23.477	-0.07182
23.478	-0.179153
23.479	-0.232698
23.48	-0.230339
23.481	-0.192473
23.482	-0.147145
23.483	-0.113009
23.484	-0.093282
23.485	-0.081948
23.486	-0.074942
23.487	-0.077643
23.488	-0.102457
23.489	-0.157138
23.49	-0.233516
23.491	-0.307632
23.492	-0.351965
23.493	-0.349454
23.494	-0.299338
23.495	-0.214161
23.496	-0.113383
23.497	-0.018086
23.498	0.052798
23.499	0.087225
23.5	0.084788
23.501	0.056133
23.502	0.016643
23.503	-0.019146
23.504	-0.038596
23.505	-0.029838
23.506	0.019163
23.507	0.121767
23.508	0.290071
23.509	0.518301
23.51	0.758647
23.511	0.925005
23.512	0.94271
23.513	0.802321
23.514	0.562596
23.515	0.305152
23.516	0.088846
23.517	-0.062462
23.518	-0.146223
23.519	-0.168938
23.52	-0.146136
23.521	-0.102303
23.522	-0.061578
23.523	-0.036725
23.524	-0.026762
23.525	-0.024172
23.526	-0.025219
23.527	-0.03585
23.528	-0.06808
23.529	-0.127988
23.53	-0.205196
23.531	-0.274838
23.532	-0.311145
23.533	-0.300727
23.534	-0.246367
23.535	-0.162
23.536	-0.065387
23.537	0.025822
23.538	0.095163
23.539	0.130849
23.54	0.131378
23.541	0.106196
23.542	0.069501
23.543	0.033117
23.544	0.003511
23.545	-0.016773
23.546	-0.025224
23.547	-0.015486
23.548	0.022477
23.549	0.094605
23.55	0.192268
23.551	0.290529
23.552	0.358239
23.553	0.37107
23.554	0.319347
23.555	0.209963
23.556	0.065006
23.557	-0.081739
23.558	-0.193046
23.559	-0.243368
23.56	-0.23279
23.561	-0.185836
23.562	-0.134141
23.563	-0.098067
23.564	-0.080745
23.565	-0.074993
23.566	-0.074885
23.567	-0.083339
23.568	-0.110006
23.569	-0.16012
23.57	-0.224416
23.571	-0.281348
23.572	-0.309989
23.573	-0.301189
23.574	-0.258576
23.575	-0.192054
23.576	-0.112488
23.577	-0.032213
23.578	0.033578
23.579	0.071458
23.58	0.077471
23.581	0.058936
23.582	0.028499
23.583	-0.003143
23.584	-0.030273
23.585	-0.050469
23.586	-0.060353
23.587	-0.051521
23.588	-0.011322
23.589	0.068008
23.59	0.177599
23.591	0.289732
23.592	0.36857
23.593	0.385265
23.594	0.328227
23.595	0.206241
23.596	0.046634
23.597	-0.110342
23.598	-0.223151
23.599	-0.266454
23.6	-0.244304
23.601	-0.186193
23.602	-0.127386
23.603	-0.089704
23.604	-0.076052
23.605	-0.078167
23.606	-0.088707
23.607	-0.108648
23.608	-0.144423
23.609	-0.196424
23.61	-0.249641
23.611	-0.276877
23.612	-0.251972
23.613	-0.160124
23.614	0.000389
23.615	0.214074
23.616	0.435645
23.617	0.592172
23.618	0.621203
23.619	0.517719
23.62	0.340646
23.621	0.170932
23.622	0.061368
23.623	0.018263
23.624	0.017471
23.625	0.0299
23.626	0.035604
23.627	0.02416
23.628	-0.008651
23.629	-0.060047
23.63	-0.118277
23.631	-0.166398
23.632	-0.191162
23.633	-0.189173
23.634	-0.165048
23.635	-0.125033
23.636	-0.073554
23.637	-0.015431
23.638	0.04055
23.639	0.082943
23.64	0.104055
23.641	0.104403
23.642	0.090746
23.643	0.071245
23.644	0.052271
23.645	0.036962
23.646	0.023948
23.647	0.00698
23.648	-0.021721
23.649	-0.064588
23.65	-0.114225
23.651	-0.156822
23.652	-0.180887
23.653	-0.183072
23.654	-0.166563
23.655	-0.13564
23.656	-0.093197
23.657	-0.043427
23.658	0.004754
23.659	0.039872
23.66	0.055054
23.661	0.052083
23.662	0.038372
23.663	0.021467
23.664	0.006056
23.665	-0.006437
23.666	-0.0178
23.667	-0.033006
23.668	-0.058058
23.669	-0.094671
23.67	-0.135967
23.671	-0.168971
23.672	-0.182987
23.673	-0.175824
23.674	-0.152392
23.675	-0.118823
23.676	-0.078803
23.677	-0.035267
23.678	0.005484
23.679	0.034105
23.68	0.044386
23.681	0.037945
23.682	0.02227
23.683	0.005346
23.684	-0.00806
23.685	-0.017094
23.686	-0.024157
23.687	-0.034335
23.688	-0.053479
23.689	-0.083563
23.69	-0.118869
23.691	-0.148466
23.692	-0.163737
23.693	-0.163155
23.694	-0.15004
23.695	-0.127276
23.696	-0.095466
23.697	-0.056601
23.698	-0.018357
23.699	0.00829
23.7	0.016917
23.701	0.009839
23.702	-0.005048
23.703	-0.019926
23.704	-0.030439
23.705	-0.036286
23.706	-0.040755
23.707	-0.049831
23.708	-0.069294
23.709	-0.099534
23.71	-0.13273
23.711	-0.157371
23.712	-0.166833
23.713	-0.162991
23.714	-0.151427
23.715	-0.133469
23.716	-0.102703
23.717	-0.049646
23.718	0.030453
23.719	0.136848
23.72	0.268065
23.721	0.415823
23.722	0.547303
23.723	0.606372
23.724	0.551814
23.725	0.397808
23.726	0.209061
23.727	0.053976
23.728	-0.036397
23.729	-0.07094
23.73	-0.074383
23.731	-0.066415
23.732	-0.056827
23.733	-0.049289
23.734	-0.043884
23.735	-0.037093
23.736	-0.023623
23.737	-0.001927
23.738	0.021739
23.739	0.036947
23.74	0.037748
23.741	0.027154
23.742	0.013708
23.743	0.004921
23.744	0.003452
23.745	0.00724
23.746	0.011302
23.747	0.009633
23.748	-0.002052
23.749	-0.022589
23.75	-0.04442
23.751	-0.058584
23.752	-0.061465
23.753	-0.056242
23.754	-0.048119
23.755	-0.038887
23.756	-0.026461
23.757	-0.009846
23.758	0.006518
23.759	0.015112
23.76	0.012149
23.761	0.000826
23.762	-0.011975
23.763	-0.020974
23.764	-0.024835
23.765	-0.025303
23.766	-0.02563
23.767	-0.029643
23.768	-0.040298
23.769	-0.056845
23.77	-0.073713
23.771	-0.084288
23.772	-0.086367
23.773	-0.083126
23.774	-0.078604
23.775	-0.072908
23.776	-0.062617
23.777	-0.046122
23.778	-0.027669
23.779	-0.014737
23.78	-0.011331
23.781	-0.014933
23.782	-0.019714
23.783	-0.021487
23.784	-0.020024
23.785	-0.018287
23.786	-0.020214
23.787	-0.028738
23.788	-0.044352
23.789	-0.063826
23.79	-0.080738
23.791	-0.089314
23.792	-0.088719
23.793	-0.083213
23.794	-0.077674
23.795	-0.072927
23.796	-0.065869
23.797	-0.054442
23.798	-0.041753
23.799	-0.033998
23.8	-0.034177
23.801	-0.0392
23.802	-0.043453
23.803	-0.043998
23.804	-0.042111
23.805	-0.040944
23.806	-0.042722
23.807	-0.048125
23.808	-0.056746
23.809	-0.066467
23.81	-0.073226
23.811	-0.073647
23.812	-0.068567
23.813	-0.062884
23.814	-0.060823
23.815	-0.061429
23.816	-0.05966
23.817	-0.05246
23.818	-0.043274
23.819	-0.039233
23.82	-0.043394
23.821	-0.050416
23.822	-0.049131
23.823	-0.02806
23.824	0.021069
23.825	0.103895
23.826	0.22341
23.827	0.369417
23.828	0.502865
23.829	0.563323
23.83	0.510349
23.831	0.361129
23.832	0.181319
23.833	0.038387
23.834	-0.035946
23.835	-0.048422
23.836	-0.024654
23.837	0.009525
23.838	0.035904
23.839	0.045498
23.84	0.039056
23.841	0.024606
23.842	0.011079
23.843	0.002607
23.844	-0.002284
23.845	-0.007284
23.846	-0.014698
23.847	-0.024514
23.848	-0.035089
23.849	-0.043301
23.85	-0.045154
23.851	-0.038682
23.852	-0.026862
23.853	-0.016175
23.854	-0.011158
23.855	-0.010525
23.856	-0.00894
23.857	-0.002926
23.858	0.004959
23.859	0.008674
23.86	0.005215
23.861	-0.002798
23.862	-0.010658
23.863	-0.016218
23.864	-0.020963
23.865	-0.027453
23.866	-0.036608
23.867	-0.047635
23.868	-0.059126
23.869	-0.068841
23.87	-0.073553
23.871	-0.071386
23.872	-0.064522
23.873	-0.05802
23.874	-0.055114
23.875	-0.053954
23.876	-0.049645
23.877	-0.040159
23.878	-0.02991
23.879	-0.025933
23.88	-0.030609
23.881	-0.039674
23.882	-0.046997
23.883	-0.0498
23.884	-0.049386
23.885	-0.048259
23.886	-0.047909
23.887	-0.049136
23.888	-0.052404
23.889	-0.056401
23.89	-0.057885
23.891	-0.055206
23.892	-0.051223
23.893	-0.050719
23.894	-0.054995
23.895	-0.059966
23.896	-0.059821
23.897	-0.052941
23.898	-0.044287
23.899	-0.04091
23.9	-0.045037
23.901	-0.052615
23.902	-0.058328
23.903	-0.060681
23.904	-0.062075
23.905	-0.065084
23.906	-0.069794
23.907	-0.074682
23.908	-0.078521
23.909	-0.080296
23.91	-0.078651
23.911	-0.073482
23.912	-0.067567
23.913	-0.06462
23.914	-0.065127
23.915	-0.064886
23.916	-0.058749
23.917	-0.046702
23.918	-0.035584
23.919	-0.033047
23.92	-0.039927
23.921	-0.049862
23.922	-0.056039
23.923	-0.057166
23.924	-0.057125
23.925	-0.059995
23.926	-0.065759
23.927	-0.069729
23.928	-0.064059
23.929	-0.039004
23.93	0.015554
23.931	0.107513
23.932	0.237492
23.933	0.387972
23.934	0.514346
23.935	0.559721
23.936	0.494991
23.937	0.346237
23.938	0.177555
23.939	0.047555
23.94	-0.019262
23.941	-0.03143
23.942	-0.013595
23.943	0.009821
23.944	0.023722
23.945	0.024363
23.946	0.016135
23.947	0.005494
23.948	-0.003677
23.949	-0.010281
23.95	-0.014369
23.951	-0.017154
23.952	-0.021226
23.953	-0.02839
23.954	-0.036557
23.955	-0.039643
23.956	-0.032247
23.957	-0.015515
23.958	0.002178
23.959	0.011845
23.96	0.011608
23.961	0.007125
23.962	0.004709
23.963	0.005446
23.964	0.005864
23.965	0.002802
23.966	-0.00336
23.967	-0.010154
23.968	-0.01619
23.969	-0.021654
23.97	-0.026881
23.971	-0.032201
23.972	-0.038515
23.973	-0.046448
23.974	-0.05456
23.975	-0.059235
23.976	-0.057522
23.977	-0.050688
23.978	-0.044405
23.979	-0.044006
23.98	-0.049091
23.981	-0.054037
23.982	-0.054106
23.983	-0.049915
23.984	-0.045899
23.985	-0.045568
23.986	-0.048778
23.987	-0.053148
23.988	-0.056751
23.989	-0.058673
23.99	-0.058397
23.991	-0.056264
23.992	-0.054143
23.993	-0.054188
23.994	-0.056128
23.995	-0.056502
23.996	-0.05195
23.997	-0.04379
23.998	-0.03833
23.999	-0.040933
24.0	-0.049857
24.001	-0.057739
24.002	-0.059105
24.003	-0.055085
24.004	-0.051095
24.005	-0.051046
24.006	-0.054275
24.007	-0.05774
24.008	-0.059817
24.009	-0.06101
24.01	-0.062168
24.011	-0.0636
24.012	-0.065623
24.013	-0.068467
24.014	-0.071124
24.015	-0.071403
24.016	-0.068136
24.017	-0.063356
24.018	-0.061526
24.019	-0.065149
24.02	-0.071054
24.021	-0.072691
24.022	-0.066633
24.023	-0.056109
24.024	-0.047903
24.025	-0.046119
24.026	-0.049276
24.027	-0.05322
24.028	-0.055641
24.029	-0.057102
24.03	-0.058987
24.031	-0.062041
24.032	-0.066052
24.033	-0.068259
24.034	-0.060964
24.035	-0.032206
24.036	0.029583
24.037	0.130413
24.038	0.265724
24.039	0.412473
24.04	0.524746
24.041	0.550705
24.042	0.469645
24.043	0.313764
24.044	0.148056
24.045	0.028098
24.046	-0.026436
24.047	-0.029365
24.048	-0.008849
24.049	0.011516
24.05	0.021262
24.051	0.020571
24.052	0.013412
24.053	0.003475
24.054	-0.006105
24.055	-0.012684
24.056	-0.015545
24.057	-0.017357
24.058	-0.022683
24.059	-0.032979
24.06	-0.04325
24.061	-0.045665
24.062	-0.037011
24.063	-0.021867
24.064	-0.008349
24.065	-0.001159
24.066	0.001024
24.067	0.002024
24.068	0.003553
24.069	0.00474
24.07	0.004488
24.071	0.00232
24.072	-0.002309
24.073	-0.009691
24.074	-0.018654
24.075	-0.026639
24.076	-0.03184
24.077	-0.035669
24.078	-0.042057
24.079	-0.052701
24.08	-0.063581
24.081	-0.068036
24.082	-0.063492
24.083	-0.054228
24.084	-0.047226
24.085	-0.045758
24.086	-0.047414
24.087	-0.048019
24.088	-0.046227
24.089	-0.043657
24.09	-0.042146
24.091	-0.042458
24.092	-0.044777
24.093	-0.048802
24.094	-0.053204
24.095	-0.055803
24.096	-0.055308
24.097	-0.0534
24.098	-0.053961
24.099	-0.058626
24.1	-0.063673
24.101	-0.063252
24.102	-0.056086
24.103	-0.047685
24.104	-0.045064
24.105	-0.04956
24.106	-0.055647
24.107	-0.057026
24.108	-0.052774
24.109	-0.046828
24.11	-0.043272
24.111	-0.043668
24.112	-0.047553
24.113	-0.053447
24.114	-0.059215
24.115	-0.062664
24.116	-0.063116
24.117	-0.062769
24.118	-0.065342
24.119	-0.071861
24.12	-0.078243
24.121	-0.078865
24.122	-0.072858
24.123	-0.065512
24.124	-0.062903
24.125	-0.065683
24.126	-0.06864
24.127	-0.066398
24.128	-0.058797
24.129	-0.050153
24.13	-0.044623
24.131	-0.043534
24.132	-0.045956
24.133	-0.050145
24.134	-0.054316
24.135	-0.057068
24.136	-0.058378
24.137	-0.060346
24.138	-0.065123
24.139	-0.069726
24.14	-0.062978
24.141	-0.029966
24.142	0.039711
24.143	0.148019
24.144	0.286713
24.145	0.429875
24.146	0.529977
24.147	0.538319
24.148	0.443012
24.149	0.284832
24.15	0.130095
24.151	0.027527
24.152	-0.012949
24.153	-0.010954
24.154	0.006597
24.155	0.021371
24.156	0.026513
24.157	0.021869
24.158	0.009705
24.159	-0.005708
24.16	-0.01814
24.161	-0.023053
24.162	-0.021857
24.163	-0.020881
24.164	-0.025221
24.165	-0.033477
24.166	-0.038771
24.167	-0.035474
24.168	-0.024579
24.169	-0.01209
24.17	-0.003241
24.171	0.000809
24.172	0.001753
24.173	0.00144
24.174	0.00075
24.175	-0.000183
24.176	-0.001791
24.177	-0.005149
24.178	-0.011498
24.179	-0.020483
24.18	-0.029135
24.181	-0.034401
24.182	-0.036882
24.183	-0.040603
24.184	-0.048488
24.185	-0.058422
24.186	-0.064671
24.187	-0.063782
24.188	-0.058058
24.189	-0.052467
24.19	-0.049621
24.191	-0.04872
24.192	-0.048062
24.193	-0.047159
24.194	-0.046613
24.195	-0.046948
24.196	-0.04815
24.197	-0.050344
24.198	-0.054263
24.199	-0.059943
24.2	-0.065117
24.201	-0.066621
24.202	-0.063939
24.203	-0.060291
24.204	-0.059291
24.205	-0.060608
24.206	-0.060025
24.207	-0.054695
24.208	-0.04735
24.209	-0.043845
24.21	-0.047015
24.211	-0.054141
24.212	-0.060175
24.213	-0.062257
24.214	-0.06106
24.215	-0.059001
24.216	-0.058106
24.217	-0.059458
24.218	-0.063416
24.219	-0.068901
24.22	-0.073105
24.221	-0.073826
24.222	-0.072232
24.223	-0.072076
24.224	-0.075467
24.225	-0.079746
24.226	-0.079601
24.227	-0.072855
24.228	-0.063262
24.229	-0.056759
24.23	-0.055754
24.231	-0.057758
24.232	-0.058629
24.233	-0.056195
24.234	-0.051339
24.235	-0.046628
24.236	-0.044268
24.237	-0.04529
24.238	-0.049742
24.239	-0.056268
24.24	-0.061973
24.241	-0.064626
24.242	-0.0654
24.243	-0.067927
24.244	-0.072974
24.245	-0.073487
24.246	-0.055849
24.247	-0.007351
24.248	0.077664
24.249	0.197629
24.25	0.341212
24.251	0.47673
24.252	0.552074
24.253	0.524625
24.254	0.399333
24.255	0.231274
24.256	0.087255
24.257	0.004613
24.258	-0.019649
24.259	-0.010859
24.26	0.006573
24.261	0.019474
24.262	0.023637
24.263	0.019013
24.264	0.008292
24.265	-0.003054
24.266	-0.009377
24.267	-0.009623
24.268	-0.008506
24.269	-0.011413
24.27	-0.01874
24.271	-0.025842
24.272	-0.027518
24.273	-0.022162
24.274	-0.012354
24.275	-0.002164
24.276	0.005669
24.277	0.010128
24.278	0.01099
24.279	0.00896
24.28	0.006189
24.281	0.004734
24.282	0.004012
24.283	0.00115
24.284	-0.005393
24.285	-0.013318
24.286	-0.018558
24.287	-0.020188
24.288	-0.022123
24.289	-0.028682
24.29	-0.03938
24.291	-0.049193
24.292	-0.053231
24.293	-0.050579
24.294	-0.044109
24.295	-0.03737
24.296	-0.032283
24.297	-0.029497
24.298	-0.029401
24.299	-0.031548
24.3	-0.033976
24.301	-0.034901
24.302	-0.035183
24.303	-0.037667
24.304	-0.043482
24.305	-0.049657
24.306	-0.051358
24.307	-0.047099
24.308	-0.040937
24.309	-0.038425
24.31	-0.040989
24.311	-0.045022
24.312	-0.045866
24.313	-0.042233
24.314	-0.037022
24.315	-0.034266
24.316	-0.035565
24.317	-0.039352
24.318	-0.04298
24.319	-0.044616
24.32	-0.04352
24.321	-0.040341
24.322	-0.037556
24.323	-0.038096
24.324	-0.042555
24.325	-0.048075
24.326	-0.05092
24.327	-0.050784
24.328	-0.051521
24.329	-0.056494
24.33	-0.064163
24.331	-0.069314
24.332	-0.068204
24.333	-0.061916
24.334	-0.054689
24.335	-0.0496
24.336	-0.046322
24.337	-0.042735
24.338	-0.037741
24.339	-0.031858
24.34	-0.026029
24.341	-0.021474
24.342	-0.020242
24.343	-0.024095
24.344	-0.032192
24.345	-0.040471
24.346	-0.044728
24.347	-0.045289
24.348	-0.047333
24.349	-0.054745
24.35	-0.063684
24.351	-0.062349
24.352	-0.036582
24.353	0.024035
24.354	0.123647
24.355	0.258066
24.356	0.406722
24.357	0.525279
24.358	0.560493
24.359	0.488884
24.36	0.341296
24.361	0.182555
24.362	0.066936
24.363	0.011635
24.364	0.002512
24.365	0.015466
24.366	0.031898
24.367	0.0414
24.368	0.039334
24.369	0.026568
24.37	0.009448
24.371	-0.003936
24.372	-0.00939
24.373	-0.008942
24.374	-0.007828
24.375	-0.00936
24.376	-0.012388
24.377	-0.013267
24.378	-0.009676
24.379	-0.002043
24.38	0.007639
24.381	0.016782
24.382	0.022694
24.383	0.023837
24.384	0.021303
24.385	0.01846
24.386	0.01784
24.387	0.017826
24.388	0.013694
24.389	0.002993
24.39	-0.011022
24.391	-0.022229
24.392	-0.027323
24.393	-0.028129
24.394	-0.028883
24.395	-0.031888
24.396	-0.035656
24.397	-0.036944
24.398	-0.034195
24.399	-0.028601
24.4	-0.022591
24.401	-0.018338
24.402	-0.017175
24.403	-0.019147
24.404	-0.022593
24.405	-0.024787
24.406	-0.02433
24.407	-0.023458
24.408	-0.026774
24.409	-0.036449
24.41	-0.049178
24.411	-0.058732
24.412	-0.061183
24.413	-0.057316
24.414	-0.05059
24.415	-0.043475
24.416	-0.035952
24.417	-0.027379
24.418	-0.018785
24.419	-0.012612
24.42	-0.010867
24.421	-0.014009
24.422	-0.02084
24.423	-0.028781
24.424	-0.034684
24.425	-0.036434
24.426	-0.034716
24.427	-0.03351
24.428	-0.037702
24.429	-0.048665
24.43	-0.062357
24.431	-0.072605
24.432	-0.076196
24.433	-0.074667
24.434	-0.071622
24.435	-0.068775
24.436	-0.064772
24.437	-0.057768
24.438	-0.048504
24.439	-0.040331
24.44	-0.036641
24.441	-0.038495
24.442	-0.0441
24.443	-0.049873
24.444	-0.052074
24.445	-0.048529
24.446	-0.040403
24.447	-0.032831
24.448	-0.03223
24.449	-0.040993
24.45	-0.055036
24.451	-0.067351
24.452	-0.073725
24.453	-0.07503
24.454	-0.074498
24.455	-0.072889
24.456	-0.066051
24.457	-0.046372
24.458	-0.005642
24.459	0.063484
24.46	0.166408
24.461	0.300451
24.462	0.442039
24.463	0.542238
24.464	0.550687
24.465	0.455944
24.466	0.29934
24.467	0.144655
24.468	0.03624
24.469	-0.016939
24.47	-0.02964
24.471	-0.021981
24.472	-0.009046
24.473	0.001037
24.474	0.005961
24.475	0.00777
24.476	0.010276
24.477	0.015343
24.478	0.020683
24.479	0.021613
24.48	0.015355
24.481	0.003546
24.482	-0.008988
24.483	-0.017045
24.484	-0.017339
24.485	-0.009809
24.486	0.001868
24.487	0.010988
24.488	0.011284
24.489	0.001866
24.49	-0.011762
24.491	-0.022258
24.492	-0.02573
24.493	-0.023093
24.494	-0.017314
24.495	-0.01015
24.496	-0.001818
24.497	0.006629
24.498	0.011661
24.499	0.009294
24.5	-0.001173
24.501	-0.016196
24.502	-0.030401
24.503	-0.039411
24.504	-0.041382
24.505	-0.037361
24.506	-0.031131
24.507	-0.028425
24.508	-0.034058
24.509	-0.047837
24.51	-0.063835
24.511	-0.074709
24.512	-0.07689
24.513	-0.071905
24.514	-0.063433
24.515	-0.053798
24.516	-0.043416
24.517	-0.032998
24.518	-0.025164
24.519	-0.022773
24.52	-0.026085
24.521	-0.032471
24.522	-0.038284
24.523	-0.04046
24.524	-0.037559
24.525	-0.030795
24.526	-0.024506
24.527	-0.024784
24.528	-0.035552
24.529	-0.054613
24.53	-0.074315
24.531	-0.087023
24.532	-0.090054
24.533	-0.08566
24.534	-0.077088
24.535	-0.065415
24.536	-0.050273
24.537	-0.033333
24.538	-0.020129
24.539	-0.016914
24.54	-0.025199
24.541	-0.040021
24.542	-0.053445
24.543	-0.059539
24.544	-0.057102
24.545	-0.049314
24.546	-0.041907
24.547	-0.041112
24.548	-0.050599
24.549	-0.068288
24.55	-0.086834
24.551	-0.098562
24.552	-0.100334
24.553	-0.093953
24.554	-0.082636
24.555	-0.067785
24.556	-0.049415
24.557	-0.029594
24.558	-0.014483
24.559	-0.011258
24.56	-0.022063
24.561	-0.040582
24.562	-0.053557
24.563	-0.045361
24.564	-0.002928
24.565	0.080721
24.566	0.203382
24.567	0.347483
24.568	0.473386
24.569	0.528015
24.57	0.477355
24.571	0.337289
24.572	0.167404
24.573	0.03166
24.574	-0.036829
24.575	-0.042399
24.576	-0.011172
24.577	0.02769
24.578	0.052989
24.579	0.055708
24.58	0.038939
24.581	0.013635
24.582	-0.008228
24.583	-0.019417
24.584	-0.01954
24.585	-0.013659
24.586	-0.009417
24.587	-0.014052
24.588	-0.030875
24.589	-0.056375
24.59	-0.081574
24.591	-0.097511
24.592	-0.09975
24.593	-0.088544
24.594	-0.06629
24.595	-0.035732
24.596	-0.000697
24.597	0.03194
24.598	0.052732
24.599	0.054449
24.6	0.037563
24.601	0.010857
24.602	-0.01382
24.603	-0.028234
24.604	-0.031061
24.605	-0.026928
24.606	-0.023474
24.607	-0.028331
24.608	-0.045754
24.609	-0.073595
24.61	-0.10399
24.611	-0.127883
24.612	-0.138918
24.613	-0.134171
24.614	-0.113362
24.615	-0.078786
24.616	-0.036435
24.617	0.003327
24.618	0.028215
24.619	0.030053
24.62	0.010365
24.621	-0.019845
24.622	-0.046758
24.623	-0.061507
24.624	-0.063124
24.625	-0.054657
24.626	-0.035177
24.627	0.005417
24.628	0.081433
24.629	0.196472
24.63	0.330866
24.631	0.445351
24.632	0.499753
24.633	0.471712
24.634	0.363646
24.635	0.198505
24.636	0.012071
24.637	-0.154522
24.638	-0.265722
24.639	-0.30604
24.64	-0.287066
24.641	-0.237657
24.642	-0.18509
24.643	-0.143369
24.644	-0.114505
24.645	-0.096093
24.646	-0.087687
24.647	-0.092867
24.648	-0.115713
24.649	-0.154505
24.65	-0.199703
24.651	-0.238108
24.652	-0.258081
24.653	-0.252175
24.654	-0.218005
24.655	-0.159313
24.656	-0.087256
24.657	-0.019539
24.658	0.024914
24.659	0.0348
24.66	0.013173
24.661	-0.0242
24.662	-0.058464
24.663	-0.077947
24.664	-0.082011
24.665	-0.076097
24.666	-0.061391
24.667	-0.02744
24.668	0.044492
24.669	0.167229
24.67	0.333778
24.671	0.517268
24.672	0.683331
24.673	0.798222
24.674	0.826211
24.675	0.735268
24.676	0.524666
24.677	0.248015
24.678	-0.005551
24.679	-0.164367
24.68	-0.212996
24.681	-0.185229
24.682	-0.12833
24.683	-0.074997
24.684	-0.037986
24.685	-0.018406
24.686	-0.015362
24.687	-0.030549
24.688	-0.065893
24.689	-0.118034
24.69	-0.176365
24.691	-0.22622
24.692	-0.253849
24.693	-0.250297
24.694	-0.213223
24.695	-0.147558
24.696	-0.065795
24.697	0.013142
24.698	0.068713
24.699	0.087704
24.7	0.07197
24.701	0.037452
24.702	0.004064
24.703	-0.015655
24.704	-0.020747
24.705	-0.016489
24.706	-0.004268
24.707	0.024553
24.708	0.083688
24.709	0.176987
24.71	0.28642
24.711	0.376933
24.712	0.415035
24.713	0.384512
24.714	0.290008
24.715	0.151894
24.716	-0.000842
24.717	-0.136569
24.718	-0.228065
24.719	-0.262306
24.72	-0.246165
24.721	-0.200837
24.722	-0.149263
24.723	-0.106408
24.724	-0.077222
24.725	-0.061145
24.726	-0.058586
24.727	-0.073682
24.728	-0.110302
24.729	-0.165463
24.73	-0.227763
24.731	-0.281423
24.732	-0.310368
24.733	-0.300809
24.734	-0.245291
24.735	-0.148908
24.736	-0.033132
24.737	0.069603
24.738	0.131115
24.739	0.141911
24.74	0.113527
24.741	0.068956
24.742	0.02958
24.743	0.006151
24.744	-0.002017
24.745	-0.00011
24.746	0.011526
24.747	0.04195
24.748	0.103381
24.749	0.19609
24.75	0.299344
24.751	0.380663
24.752	0.414182
24.753	0.390238
24.754	0.312944
24.755	0.195273
24.756	0.058249
24.757	-0.068877
24.758	-0.15549
24.759	-0.184396
24.76	-0.162045
24.761	-0.112591
24.762	-0.06114
24.763	-0.021379
24.764	0.00453
24.765	0.018163
24.766	0.017596
24.767	-0.00378
24.768	-0.050979
24.769	-0.118998
24.77	-0.191531
24.771	-0.247972
24.772	-0.271137
24.773	-0.250617
24.774	-0.183273
24.775	-0.074376
24.776	0.061001
24.777	0.201696
24.778	0.33014
24.779	0.436337
24.78	0.508474
24.781	0.526222
24.782	0.474106
24.783	0.361691
24.784	0.225073
24.785	0.108291
24.786	0.043895
24.787	0.045872
24.788	0.1111
24.789	0.220331
24.79	0.340092
24.791	0.432444
24.792	0.469601
24.793	0.442586
24.794	0.359264
24.795	0.23727
24.796	0.099779
24.797	-0.025581
24.798	-0.112018
24.799	-0.145382
24.8	-0.132046
24.801	-0.092526
24.802	-0.046769
24.803	-0.005595
24.804	0.027183
24.805	0.0488
24.806	0.054141
24.807	0.036297
24.808	-0.008885
24.809	-0.076966
24.81	-0.153594
24.811	-0.219094
24.812	-0.254853
24.813	-0.248447
24.814	-0.197081
24.815	-0.109583
24.816	-0.006106
24.817	0.0864
24.818	0.143612
24.819	0.154816
24.82	0.128267
24.821	0.085599
24.822	0.048655
24.823	0.028509
24.824	0.02368
24.825	0.027328
24.826	0.037614
24.827	0.062823
24.828	0.11532
24.829	0.197236
24.83	0.290957
24.831	0.365442
24.832	0.393246
24.833	0.363058
24.834	0.280436
24.835	0.162107
24.836	0.031484
24.837	-0.083957
24.838	-0.158908
24.839	-0.181527
24.84	-0.160238
24.841	-0.116872
24.842	-0.072401
24.843	-0.038497
24.844	-0.018509
24.845	-0.012336
24.846	-0.02066
24.847	-0.046909
24.848	-0.094911
24.849	-0.162858
24.85	-0.239298
24.851	-0.305158
24.852	-0.340153
24.853	-0.329838
24.854	-0.270878
24.855	-0.17355
24.856	-0.060295
24.857	0.04051
24.858	0.104475
24.859	0.12132
24.86	0.099243
24.861	0.059067
24.862	0.021671
24.863	-0.002083
24.864	-0.012662
24.865	-0.014914
24.866	-0.008636
24.867	0.015642
24.868	0.070397
24.869	0.156896
24.87	0.255673
24.871	0.333608
24.872	0.362545
24.873	0.332468
24.874	0.25102
24.875	0.135633
24.876	0.007837
24.877	-0.10783
24.878	-0.186824
24.879	-0.214213
24.88	-0.192203
24.881	-0.135017
24.882	-0.056046
24.883	0.040714
24.884	0.158365
24.885	0.291779
24.886	0.408593
24.887	0.452457
24.888	0.379961
24.889	0.199831
24.89	-0.026128
24.891	-0.220162
24.892	-0.328803
24.893	-0.33826
24.894	-0.266104
24.895	-0.145598
24.896	-0.013601
24.897	0.096779
24.898	0.162358
24.899	0.176285
24.9	0.149914
24.901	0.105534
24.902	0.063805
24.903	0.03474
24.904	0.01751
24.905	0.007922
24.906	0.007712
24.907	0.028071
24.908	0.082212
24.909	0.170338
24.91	0.271195
24.911	0.351192
24.912	0.383293
24.913	0.358536
24.914	0.284129
24.915	0.175601
24.916	0.052587
24.917	-0.060684
24.918	-0.138879
24.919	-0.167554
24.92	-0.152642
24.921	-0.115363
24.922	-0.077629
24.923	-0.051718
24.924	-0.039865
24.925	-0.039871
24.926	-0.05121
24.927	-0.078004
24.928	-0.125937
24.929	-0.194463
24.93	-0.271754
24.931	-0.337277
24.932	-0.369305
24.933	-0.352829
24.934	-0.285379
24.935	-0.179192
24.936	-0.058791
24.937	0.045903
24.938	0.109996
24.939	0.124003
24.94	0.097478
24.941	0.0524
24.942	0.010661
24.943	-0.015817
24.944	-0.026784
24.945	-0.027506
24.946	-0.019499
24.947	0.004594
24.948	0.055396
24.949	0.132796
24.95	0.217873
24.951	0.281531
24.952	0.301606
24.953	0.271987
24.954	0.199184
24.955	0.095329
24.956	-0.023206
24.957	-0.133346
24.958	-0.209292
24.959	-0.235819
24.96	-0.218433
24.961	-0.178431
24.962	-0.137999
24.963	-0.1094
24.964	-0.094465
24.965	-0.090546
24.966	-0.097342
24.967	-0.120271
24.968	-0.166741
24.969	-0.237106
24.97	-0.318795
24.971	-0.388874
24.972	-0.422632
24.973	-0.40325
24.974	-0.328595
24.975	-0.213075
24.976	-0.084193
24.977	0.025937
24.978	0.092363
24.979	0.107383
24.98	0.082436
24.981	0.039516
24.982	-0.001906
24.983	-0.032925
24.984	-0.053925
24.985	-0.066426
24.986	-0.063586
24.987	-0.026527
24.988	0.067697
24.989	0.2291
24.99	0.440675
24.991	0.656068
24.992	0.809537
24.993	0.839715
24.994	0.722955
24.995	0.493074
24.996	0.226403
24.997	0.002305
24.998	-0.131335
24.999	-0.170095
25.0	-0.143166
25.001	-0.091016
25.002	-0.044413
25.003	-0.016089
25.004	-0.00502
25.005	-0.005738
25.006	-0.016626
25.007	-0.043572
25.008	-0.095454
25.009	-0.173626
25.01	-0.26487
25.011	-0.343915
25.012	-0.383358
25.013	-0.365157
25.014	-0.288276
25.015	-0.169628
25.016	-0.038476
25.017	0.073311
25.018	0.142056
25.019	0.160707
25.02	0.140209
25.021	0.101447
25.022	0.063141
25.023	0.034409
25.024	0.015464
25.025	0.003915
25.026	0.001764
25.027	0.017868
25.028	0.062137
25.029	0.133859
25.03	0.214987
25.031	0.277623
25.032	0.299657
25.033	0.273799
25.034	0.205128
25.035	0.105105
25.036	-0.009992
25.037	-0.117308
25.038	-0.190994
25.039	-0.215185
25.04	-0.19505
25.041	-0.15247
25.042	-0.110604
25.043	-0.082246
25.044	-0.068884
25.045	-0.067045
25.046	-0.075938
25.047	-0.101174
25.048	-0.150572
25.049	-0.224155
25.05	-0.307775
25.051	-0.37683
25.052	-0.406786
25.053	-0.38302
25.054	-0.306028
25.055	-0.191795
25.056	-0.067521
25.057	0.036768
25.058	0.098756
25.059	0.112468
25.06	0.089237
25.061	0.049275
25.062	0.010218
25.063	-0.019307
25.064	-0.038744
25.065	-0.049837
25.066	-0.050221
25.067	-0.031084
25.068	0.017172
25.069	0.09325
25.07	0.17845
25.071	0.24475
25.072	0.270402
25.073	0.248037
25.074	0.181782
25.075	0.081839
25.076	-0.035778
25.077	-0.146301
25.078	-0.220684
25.079	-0.241207
25.08	-0.213909
25.081	-0.1634
25.082	-0.115602
25.083	-0.084536
25.084	-0.071019
25.085	-0.070015
25.086	-0.079707
25.087	-0.105954
25.088	-0.157758
25.089	-0.236287
25.09	-0.327487
25.091	-0.404709
25.092	-0.437963
25.093	-0.403172
25.094	-0.288414
25.095	-0.097588
25.096	0.146696
25.097	0.400138
25.098	0.59973
25.099	0.684234
25.1	0.629531
25.101	0.470295
25.102	0.281027
25.103	0.129336
25.104	0.04298
25.105	0.013001
25.106	0.018927
25.107	0.04945
25.108	0.103987
25.109	0.17955
25.11	0.260193
25.111	0.32135
25.112	0.342815
25.113	0.316311
25.114	0.244073
25.115	0.135583
25.116	0.008601
25.117	-0.109062
25.118	-0.186705
25.119	-0.207237
25.12	-0.178242
25.121	-0.125465
25.122	-0.075149
25.123	-0.040957
25.124	-0.02329
25.125	-0.017432
25.126	-0.022863
25.127	-0.046901
25.128	-0.098757
25.129	-0.178118
25.13	-0.269241
25.131	-0.345904
25.132	-0.382575
25.133	-0.364862
25.134	-0.294667
25.135	-0.188851
25.136	-0.073406
25.137	0.024381
25.138	0.084507
25.139	0.101215
25.14	0.083918
25.141	0.050205
25.142	0.015862
25.143	-0.010825
25.144	-0.028263
25.145	-0.03679
25.146	-0.033365
25.147	-0.009694
25.148	0.042334
25.149	0.119972
25.15	0.204334
25.151	0.268303
25.152	0.29084
25.153	0.264641
25.154	0.193954
25.155	0.090232
25.156	-0.028015
25.157	-0.134601
25.158	-0.202471
25.159	-0.217914
25.16	-0.189702
25.161	-0.142506
25.162	-0.100321
25.163	-0.074476
25.164	-0.063476
25.165	-0.06145
25.166	-0.067858
25.167	-0.091049
25.168	-0.141378
25.169	-0.218998
25.17	-0.307918
25.171	-0.381417
25.172	-0.413857
25.173	-0.39136
25.174	-0.316504
25.175	-0.206554
25.176	-0.087494
25.177	0.01376
25.178	0.077321
25.179	0.096652
25.18	0.079789
25.181	0.043539
25.182	0.004634
25.183	-0.026091
25.184	-0.044476
25.185	-0.049936
25.186	-0.040574
25.187	-0.010478
25.188	0.046359
25.189	0.126713
25.19	0.212799
25.191	0.278634
25.192	0.302931
25.193	0.276843
25.194	0.203158
25.195	0.093187
25.196	-0.033415
25.197	-0.147877
25.198	-0.217396
25.199	-0.218057
25.2	-0.145503
25.201	-0.013354
25.202	0.154624
25.203	0.325958
25.204	0.456811
25.205	0.501635
25.206	0.438445
25.207	0.286291
25.208	0.093933
25.209	-0.088624
25.21	-0.228942
25.211	-0.312707
25.212	-0.336556
25.213	-0.303784
25.214	-0.224503
25.215	-0.116341
25.216	-0.002351
25.217	0.093635
25.218	0.152945
25.219	0.168227
25.22	0.146081
25.221	0.102825
25.222	0.056226
25.223	0.019013
25.224	-0.003074
25.225	-0.008968
25.226	0.002566
25.227	0.036316
25.228	0.097446
25.229	0.182135
25.23	0.272005
25.231	0.340754
25.232	0.367113
25.233	0.342107
25.234	0.268282
25.235	0.157123
25.236	0.029107
25.237	-0.086624
25.238	-0.160854
25.239	-0.180608
25.24	-0.157792
25.241	-0.119151
25.242	-0.087295
25.243	-0.069749
25.244	-0.061886
25.245	-0.057751
25.246	-0.059475
25.247	-0.078481
25.248	-0.126551
25.249	-0.202954
25.25	-0.289485
25.251	-0.358171
25.252	-0.384556
25.253	-0.357403
25.254	-0.28128
25.255	-0.173343
25.256	-0.057667
25.257	0.040485
25.258	0.101251
25.259	0.1174
25.26	0.097052
25.261	0.05823
25.262	0.01911
25.263	-0.00923
25.264	-0.024026
25.265	-0.026614
25.266	-0.016264
25.267	0.012814
25.268	0.067039
25.269	0.143736
25.27	0.226182
25.271	0.289944
25.272	0.31424
25.273	0.288729
25.274	0.214306
25.275	0.102167
25.276	-0.025979
25.277	-0.139624
25.278	-0.209636
25.279	-0.224494
25.28	-0.197403
25.281	-0.155254
25.282	-0.119879
25.283	-0.09811
25.284	-0.085701
25.285	-0.078062
25.286	-0.07855
25.287	-0.098717
25.288	-0.149211
25.289	-0.227495
25.29	-0.313808
25.291	-0.379614
25.292	-0.401182
25.293	-0.36896
25.294	-0.289125
25.295	-0.179465
25.296	-0.063853
25.297	0.032971
25.298	0.091681
25.299	0.105077
25.3	0.08064
25.301	0.035762
25.302	-0.010988
25.303	-0.045709
25.304	-0.058738
25.305	-0.040129
25.306	0.024017
25.307	0.148759
25.308	0.336758
25.309	0.559083
25.31	0.750697
25.311	0.838776
25.312	0.788997
25.313	0.626787
25.314	0.413199
25.315	0.204136
25.316	0.031612
25.317	-0.089279
25.318	-0.151356
25.319	-0.158151
25.32	-0.128196
25.321	-0.087548
25.322	-0.05531
25.323	-0.036447
25.324	-0.026629
25.325	-0.022404
25.326	-0.028341
25.327	-0.056049
25.328	-0.114479
25.329	-0.198481
25.33	-0.286519
25.331	-0.350145
25.332	-0.367318
25.333	-0.330628
25.334	-0.247607
25.335	-0.136217
25.336	-0.019665
25.337	0.078283
25.338	0.138876
25.339	0.154743
25.34	0.132698
25.341	0.089201
25.342	0.041643
25.343	0.001959
25.344	-0.024924
25.345	-0.038501
25.346	-0.037334
25.347	-0.015034
25.348	0.036384
25.349	0.116046
25.35	0.207155
25.351	0.282171
25.352	0.315769
25.353	0.294514
25.354	0.219113
25.355	0.103147
25.356	-0.028412
25.357	-0.143097
25.358	-0.211795
25.359	-0.224039
25.36	-0.19418
25.361	-0.149756
25.362	-0.112557
25.363	-0.089357
25.364	-0.076509
25.365	-0.070253
25.366	-0.073938
25.367	-0.09772
25.368	-0.150178
25.369	-0.227631
25.37	-0.311032
25.371	-0.373793
25.372	-0.394181
25.373	-0.363899
25.374	-0.28933
25.375	-0.187294
25.376	-0.079358
25.377	0.012522
25.378	0.070263
25.379	0.085805
25.38	0.065232
25.381	0.025275
25.382	-0.015824
25.383	-0.046142
25.384	-0.062401
25.385	-0.066514
25.386	-0.058782
25.387	-0.033182
25.388	0.019181
25.389	0.098887
25.39	0.189904
25.391	0.264156
25.392	0.295277
25.393	0.269644
25.394	0.189308
25.395	0.069996
25.396	-0.061794
25.397	-0.173301
25.398	-0.236313
25.399	-0.242171
25.4	-0.206996
25.401	-0.159113
25.402	-0.120197
25.403	-0.096553
25.404	-0.08405
25.405	-0.078731
25.406	-0.084074
25.407	-0.110279
25.408	-0.1653
25.409	-0.243104
25.41	-0.318928
25.411	-0.356418
25.412	-0.322135
25.413	-0.199531
25.414	0.001758
25.415	0.241669
25.416	0.454552
25.417	0.57227
25.418	0.561697
25.419	0.447055
25.42	0.292307
25.421	0.159054
25.422	0.076784
25.423	0.041929
25.424	0.034971
25.425	0.038505
25.426	0.047532
25.427	0.07022
25.428	0.118926
25.429	0.195627
25.43	0.283544
25.431	0.353469
25.432	0.378524
25.433	0.34506
25.434	0.255578
25.435	0.127111
25.436	-0.011605
25.437	-0.1257
25.438	-0.186603
25.439	-0.18721
25.44	-0.145682
25.441	-0.091827
25.442	-0.048136
25.443	-0.021224
25.444	-0.007036
25.445	-0.001662
25.446	-0.008375
25.447	-0.036514
25.448	-0.092726
25.449	-0.171175
25.45	-0.252478
25.451	-0.312927
25.452	-0.335332
25.453	-0.31386
25.454	-0.252817
25.455	-0.163534
25.456	-0.062748
25.457	0.028536
25.458	0.089943
25.459	0.110657
25.46	0.095248
25.461	0.060204
25.462	0.023831
25.463	-0.002512
25.464	-0.016518
25.465	-0.020328
25.466	-0.012954
25.467	0.013789
25.468	0.069944
25.469	0.154874
25.47	0.249823
25.471	0.324456
25.472	0.351655
25.473	0.318621
25.474	0.229367
25.475	0.102065
25.476	-0.034343
25.477	-0.145775
25.478	-0.20523
25.479	-0.207169
25.48	-0.170308
25.481	-0.123422
25.482	-0.086761
25.483	-0.064967
25.484	-0.053528
25.485	-0.049181
25.486	-0.055577
25.487	-0.081455
25.488	-0.132626
25.489	-0.203646
25.49	-0.277102
25.491	-0.33145
25.492	-0.350467
25.493	-0.327884
25.494	-0.266735
25.495	-0.177407
25.496	-0.07692
25.497	0.012862
25.498	0.071523
25.499	0.089341
25.5	0.07237
25.501	0.038044
25.502	0.004619
25.503	-0.017394
25.504	-0.026882
25.505	-0.026951
25.506	-0.016765
25.507	0.012533
25.508	0.071792
25.509	0.160744
25.51	0.260308
25.511	0.338827
25.512	0.366937
25.513	0.329544
25.514	0.230038
25.515	0.089984
25.516	-0.052827
25.517	-0.151105
25.518	-0.1639
25.519	-0.076553
25.52	0.089079
25.521	0.280306
25.522	0.430484
25.523	0.485088
25.524	0.430287
25.525	0.300594
25.526	0.152367
25.527	0.026039
25.528	-0.069145
25.529	-0.141901
25.53	-0.198735
25.531	-0.236423
25.532	-0.2472
25.533	-0.225986
25.534	-0.173526
25.535	-0.096909
25.536	-0.009733
25.537	0.068987
25.538	0.120003
25.539	0.133037
25.54	0.113014
25.541	0.076499
25.542	0.041276
25.543	0.017665
25.544	0.006857
25.545	0.006403
25.546	0.018666
25.547	0.054415
25.548	0.125243
25.549	0.228947
25.55	0.342127
25.551	0.428761
25.552	0.457418
25.553	0.413915
25.554	0.304341
25.555	0.151628
25.556	-0.010146
25.557	-0.143284
25.558	-0.218688
25.559	-0.229627
25.56	-0.194488
25.561	-0.143126
25.562	-0.098944
25.563	-0.071139
25.564	-0.05859
25.565	-0.057853
25.566	-0.068672
25.567	-0.094331
25.568	-0.136763
25.569	-0.190405
25.57	-0.241707
25.571	-0.27578
25.572	-0.28351
25.573	-0.263105
25.574	-0.217536
25.575	-0.152671
25.576	-0.078128
25.577	-0.008374
25.578	0.040846
25.579	0.060926
25.58	0.055642
25.581	0.037295
25.582	0.018147
25.583	0.004624
25.584	-0.00344
25.585	-0.010717
25.586	-0.024083
25.587	-0.050193
25.588	-0.091354
25.589	-0.141593
25.59	-0.188091
25.591	-0.218223
25.592	-0.225475
25.593	-0.209637
25.594	-0.173568
25.595	-0.12137
25.596	-0.060103
25.597	-0.002161
25.598	0.03778
25.599	0.051546
25.6	0.043145
25.601	0.02486
25.602	0.008097
25.603	-0.002693
25.604	-0.009815
25.605	-0.0186
25.606	-0.034271
25.607	-0.060415
25.608	-0.096869
25.609	-0.13743
25.61	-0.171602
25.611	-0.190555
25.612	-0.191224
25.613	-0.175008
25.614	-0.144091
25.615	-0.100298
25.616	-0.048048
25.617	0.002341
25.618	0.037263
25.619	0.048316
25.62	0.038473
25.621	0.020327
25.622	0.010084
25.623	0.022963
25.624	0.0705
25.625	0.156785
25.626	0.271885
25.627	0.385276
25.628	0.450238
25.629	0.428444
25.63	0.320263
25.631	0.169726
25.632	0.036132
25.633	-0.041027
25.634	-0.055516
25.635	-0.024388
25.636	0.027895
25.637	0.078719
25.638	0.111704
25.639	0.120663
25.64	0.110691
25.641	0.092943
25.642	0.07644
25.643	0.063518
25.644	0.051254
25.645	0.035715
25.646	0.014737
25.647	-0.011737
25.648	-0.041399
25.649	-0.068976
25.65	-0.087969
25.651	-0.094456
25.652	-0.088761
25.653	-0.073255
25.654	-0.049243
25.655	-0.016885
25.656	0.021381
25.657	0.058133
25.658	0.083557
25.659	0.092061
25.66	0.086135
25.661	0.073183
25.662	0.059142
25.663	0.045387
25.664	0.030328
25.665	0.012501
25.666	-0.008187
25.667	-0.031288
25.668	-0.055844
25.669	-0.079075
25.67	-0.096745
25.671	-0.105762
25.672	-0.105735
25.673	-0.097586
25.674	-0.081237
25.675	-0.055913
25.676	-0.023485
25.677	0.008958
25.678	0.031504
25.679	0.03816
25.68	0.031312
25.681	0.018771
25.682	0.007026
25.683	-0.002242
25.684	-0.01058
25.685	-0.019523
25.686	-0.02961
25.687	-0.041675
25.688	-0.056611
25.689	-0.072934
25.69	-0.086473
25.691	-0.093624
25.692	-0.09391
25.693	-0.088465
25.694	-0.076803
25.695	-0.056923
25.696	-0.029434
25.697	-0.000731
25.698	0.019628
25.699	0.026005
25.7	0.020779
25.701	0.010902
25.702	0.001472
25.703	-0.00704
25.704	-0.016764
25.705	-0.028989
25.706	-0.043079
25.707	-0.057974
25.708	-0.072941
25.709	-0.086499
25.71	-0.096327
25.711	-0.100998
25.712	-0.100744
25.713	-0.095786
25.714	-0.084664
25.715	-0.06537
25.716	-0.038711
25.717	-0.010709
25.718	0.009556
25.719	0.016439
25.72	0.012045
25.721	0.003281
25.722	-0.004624
25.723	-0.01128
25.724	-0.019259
25.725	-0.030477
25.726	-0.044665
25.727	-0.059502
25.728	-0.068827
25.729	-0.059958
25.73	-0.016316
25.731	0.073211
25.732	0.203574
25.733	0.347096
25.734	0.457611
25.735	0.492036
25.736	0.439315
25.737	0.329173
25.738	0.210549
25.739	0.121284
25.74	0.073416
25.741	0.057901
25.742	0.057718
25.743	0.058519
25.744	0.053349
25.745	0.042434
25.746	0.029373
25.747	0.016478
25.748	0.00358
25.749	-0.009424
25.75	-0.021172
25.751	-0.030418
25.752	-0.036955
25.753	-0.039954
25.754	-0.036604
25.755	-0.023739
25.756	-0.001692
25.757	0.023296
25.758	0.042115
25.759	0.049783
25.76	0.048844
25.761	0.04545
25.762	0.043152
25.763	0.040823
25.764	0.03564
25.765	0.02689
25.766	0.016199
25.767	0.004738
25.768	-0.007846
25.769	-0.021373
25.77	-0.034069
25.771	-0.044341
25.772	-0.051974
25.773	-0.056663
25.774	-0.056294
25.775	-0.047893
25.776	-0.031322
25.777	-0.012124
25.778	0.001093
25.779	0.003742
25.78	-0.001087
25.781	-0.006737
25.782	-0.009668
25.783	-0.011493
25.784	-0.015539
25.785	-0.022839
25.786	-0.031965
25.787	-0.041677
25.788	-0.051681
25.789	-0.060717
25.79	-0.06632
25.791	-0.067305
25.792	-0.064944
25.793	-0.061016
25.794	-0.055322
25.795	-0.045973
25.796	-0.032824
25.797	-0.020202
25.798	-0.014309
25.799	-0.016959
25.8	-0.023254
25.801	-0.026559
25.802	-0.025042
25.803	-0.022569
25.804	-0.023839
25.805	-0.029735
25.806	-0.037651
25.807	-0.045343
25.808	-0.052751
25.809	-0.060108
25.81	-0.066502
25.811	-0.070928
25.812	-0.073209
25.813	-0.073105
25.814	-0.069223
25.815	-0.059923
25.816	-0.046152
25.817	-0.032989
25.818	-0.02655
25.819	-0.028198
25.82	-0.032787
25.821	-0.033797
25.822	-0.029657
25.823	-0.024416
25.824	-0.023052
25.825	-0.026879
25.826	-0.033444
25.827	-0.040145
25.828	-0.04645
25.829	-0.052668
25.83	-0.058726
25.831	-0.064586
25.832	-0.069945
25.833	-0.071785
25.834	-0.061599
25.835	-0.026085
25.836	0.04668
25.837	0.158753
25.838	0.295951
25.839	0.425768
25.84	0.504568
25.841	0.499164
25.842	0.411167
25.843	0.27962
25.844	0.155814
25.845	0.073226
25.846	0.036247
25.847	0.029023
25.848	0.031643
25.849	0.031873
25.85	0.027125
25.851	0.019735
25.852	0.012348
25.853	0.006724
25.854	0.00448
25.855	0.006739
25.856	0.012259
25.857	0.016768
25.858	0.01587
25.859	0.009804
25.86	0.004303
25.861	0.005204
25.862	0.012565
25.863	0.02094
25.864	0.025072
25.865	0.024662
25.866	0.023326
25.867	0.023512
25.868	0.023953
25.869	0.022136
25.87	0.017448
25.871	0.011303
25.872	0.005367
25.873	0.000588
25.874	-0.002501
25.875	-0.003782
25.876	-0.004377
25.877	-0.006862
25.878	-0.013185
25.879	-0.021515
25.88	-0.026693
25.881	-0.025296
25.882	-0.019411
25.883	-0.014632
25.884	-0.014734
25.885	-0.018616
25.886	-0.022476
25.887	-0.024359
25.888	-0.025411
25.889	-0.027193
25.89	-0.029744
25.891	-0.032509
25.892	-0.035486
25.893	-0.038625
25.894	-0.040838
25.895	-0.040406
25.896	-0.036738
25.897	-0.03182
25.898	-0.028902
25.899	-0.028795
25.9	-0.028576
25.901	-0.025157
25.902	-0.019392
25.903	-0.015673
25.904	-0.01743
25.905	-0.023362
25.906	-0.028815
25.907	-0.030921
25.908	-0.031116
25.909	-0.032376
25.91	-0.035606
25.911	-0.039534
25.912	-0.04285
25.913	-0.045243
25.914	-0.046793
25.915	-0.047346
25.916	-0.046961
25.917	-0.046864
25.918	-0.048609
25.919	-0.051407
25.92	-0.051965
25.921	-0.048386
25.922	-0.043123
25.923	-0.040756
25.924	-0.042893
25.925	-0.046013
25.926	-0.045081
25.927	-0.039068
25.928	-0.031803
25.929	-0.027527
25.93	-0.027286
25.931	-0.02969
25.932	-0.033201
25.933	-0.036829
25.934	-0.039678
25.935	-0.040996
25.936	-0.041279
25.937	-0.042898
25.938	-0.047473
25.939	-0.050659
25.94	-0.040053
25.941	4e-06
25.942	0.079825
25.943	0.197129
25.944	0.332358
25.945	0.44801
25.946	0.500095
25.947	0.463913
25.948	0.354942
25.949	0.221623
25.95	0.113434
25.951	0.052903
25.952	0.032968
25.953	0.033631
25.954	0.038598
25.955	0.041078
25.956	0.040414
25.957	0.036913
25.958	0.030583
25.959	0.022941
25.96	0.016974
25.961	0.013933
25.962	0.011276
25.963	0.00523
25.964	-0.004386
25.965	-0.012608
25.966	-0.013469
25.967	-0.005881
25.968	0.005396
25.969	0.014634
25.97	0.019667
25.971	0.021627
25.972	0.022175
25.973	0.021923
25.974	0.020798
25.975	0.018857
25.976	0.016094
25.977	0.011788
25.978	0.005253
25.979	-0.002373
25.98	-0.008424
25.981	-0.011814
25.982	-0.014969
25.983	-0.021308
25.984	-0.030804
25.985	-0.038949
25.986	-0.040862
25.987	-0.036396
25.988	-0.030214
25.989	-0.026744
25.99	-0.026422
25.991	-0.02688
25.992	-0.026253
25.993	-0.024657
25.994	-0.023162
25.995	-0.022476
25.996	-0.023186
25.997	-0.026393
25.998	-0.03262
25.999	-0.039912
26.0	-0.044551
26.001	-0.044675
26.002	-0.04239
26.003	-0.041371
26.004	-0.042653
26.005	-0.043303
26.006	-0.039585
26.007	-0.031498
26.008	-0.023355
26.009	-0.019633
26.01	-0.021173
26.011	-0.025351
26.012	-0.028968
26.013	-0.030797
26.014	-0.031741
26.015	-0.033282
26.016	-0.03644
26.017	-0.041816
26.018	-0.049211
26.019	-0.056622
26.02	-0.061061
26.021	-0.061571
26.022	-0.060588
26.023	-0.061313
26.024	-0.063935
26.025	-0.065022
26.026	-0.061303
26.027	-0.054039
26.028	-0.048255
26.029	-0.047258
26.03	-0.04932
26.031	-0.050054
26.032	-0.04696
26.033	-0.041233
26.034	-0.035823
26.035	-0.032767
26.036	-0.032583
26.037	-0.035231
26.038	-0.040206
26.039	-0.045616
26.04	-0.048996
26.041	-0.050189
26.042	-0.052262
26.043	-0.058122
26.044	-0.065381
26.045	-0.063959
26.046	-0.039172
26.047	0.021305
26.048	0.121197
26.049	0.25095
26.05	0.383161
26.051	0.474988
26.052	0.487777
26.053	0.415038
26.054	0.291141
26.055	0.168291
26.056	0.082979
26.057	0.041174
26.058	0.028155
26.059	0.026736
26.06	0.02714
26.061	0.025912
26.062	0.021868
26.063	0.01502
26.064	0.007578
26.065	0.003356
26.066	0.004136
26.067	0.006642
26.068	0.005086
26.069	-0.002555
26.07	-0.011957
26.071	-0.016522
26.072	-0.013319
26.073	-0.004854
26.074	0.003995
26.075	0.009978
26.076	0.012746
26.077	0.013204
26.078	0.012081
26.079	0.010328
26.08	0.009056
26.081	0.00804
26.082	0.005372
26.083	-0.000369
26.084	-0.007747
26.085	-0.013133
26.086	-0.014525
26.087	-0.014293
26.088	-0.01692
26.089	-0.023899
26.09	-0.031783
26.091	-0.035645
26.092	-0.033937
26.093	-0.029572
26.094	-0.026704
26.095	-0.027003
26.096	-0.029078
26.097	-0.03097
26.098	-0.032083
26.099	-0.032523
26.1	-0.0322
26.101	-0.031592
26.102	-0.032364
26.103	-0.035919
26.104	-0.041228
26.105	-0.045026
26.106	-0.045071
26.107	-0.04282
26.108	-0.041584
26.109	-0.04215
26.11	-0.041907
26.111	-0.038327
26.112	-0.031926
26.113	-0.025752
26.114	-0.022778
26.115	-0.023788
26.116	-0.027441
26.117	-0.032066
26.118	-0.036656
26.119	-0.040385
26.12	-0.042661
26.121	-0.044086
26.122	-0.046356
26.123	-0.050444
26.124	-0.054931
26.125	-0.056894
26.126	-0.055167
26.127	-0.052391
26.128	-0.052564
26.129	-0.056309
26.13	-0.059797
26.131	-0.058941
26.132	-0.053877
26.133	-0.04873
26.134	-0.047403
26.135	-0.050111
26.136	-0.054032
26.137	-0.056609
26.138	-0.057236
26.139	-0.056242
26.14	-0.05406
26.141	-0.051924
26.142	-0.051961
26.143	-0.055274
26.144	-0.060181
26.145	-0.063467
26.146	-0.064037
26.147	-0.064805
26.148	-0.069411
26.149	-0.07679
26.15	-0.079664
26.151	-0.067137
26.152	-0.027881
26.153	0.046631
26.154	0.157205
26.155	0.289717
26.156	0.410044
26.157	0.472793
26.158	0.448101
26.159	0.346523
26.16	0.214695
26.161	0.102908
26.162	0.035451
26.163	0.007542
26.164	0.001968
26.165	0.00443
26.166	0.007288
26.167	0.006463
26.168	0.000212
26.169	-0.009295
26.17	-0.017142
26.171	-0.020285
26.172	-0.020537
26.173	-0.02271
26.174	-0.029844
26.175	-0.040143
26.176	-0.048468
26.177	-0.050754
26.178	-0.046743
26.179	-0.038888
26.18	-0.030032
26.181	-0.022553
26.182	-0.018057
26.183	-0.016499
26.184	-0.015865
26.185	-0.013613
26.186	-0.009351
26.187	-0.006058
26.188	-0.007268
26.189	-0.012977
26.19	-0.019596
26.191	-0.023893
26.192	-0.026186
26.193	-0.029548
26.194	-0.036065
26.195	-0.044256
26.196	-0.050482
26.197	-0.052663
26.198	-0.051994
26.199	-0.050871
26.2	-0.050361
26.201	-0.050319
26.202	-0.050621
26.203	-0.051199
26.204	-0.051383
26.205	-0.050196
26.206	-0.048098
26.207	-0.048007
26.208	-0.052684
26.209	-0.060853
26.21	-0.067583
26.211	-0.068952
26.212	-0.06561
26.213	-0.06163
26.214	-0.060424
26.215	-0.062068
26.216	-0.064199
26.217	-0.064753
26.218	-0.063352
26.219	-0.060613
26.22	-0.057535
26.221	-0.0556
26.222	-0.055982
26.223	-0.058188
26.224	-0.060155
26.225	-0.06024
26.226	-0.059472
26.227	-0.061277
26.228	-0.067601
26.229	-0.07572
26.23	-0.080563
26.231	-0.079987
26.232	-0.076721
26.233	-0.075309
26.234	-0.077755
26.235	-0.081884
26.236	-0.083613
26.237	-0.08114
26.238	-0.076768
26.239	-0.074228
26.24	-0.074953
26.241	-0.077417
26.242	-0.079064
26.243	-0.078109
26.244	-0.074027
26.245	-0.067477
26.246	-0.060765
26.247	-0.057583
26.248	-0.060371
26.249	-0.067415
26.25	-0.073795
26.251	-0.07598
26.252	-0.075119
26.253	-0.075447
26.254	-0.079652
26.255	-0.085353
26.256	-0.084807
26.257	-0.066978
26.258	-0.02025
26.259	0.063798
26.26	0.183147
26.261	0.316328
26.262	0.421721
26.263	0.455633
26.264	0.40223
26.265	0.288297
26.266	0.164711
26.267	0.071594
26.268	0.020126
26.269	0.000358
26.27	-0.002552
26.271	0.00031
26.272	0.00229
26.273	0.000164
26.274	-0.005763
26.275	-0.012024
26.276	-0.014765
26.277	-0.013617
26.278	-0.012493
26.279	-0.01582
26.28	-0.024292
26.281	-0.034401
26.282	-0.04136
26.283	-0.042177
26.284	-0.036775
26.285	-0.027473
26.286	-0.018042
26.287	-0.012374
26.288	-0.012246
26.289	-0.015641
26.29	-0.018322
26.291	-0.017892
26.292	-0.015938
26.293	-0.015916
26.294	-0.019225
26.295	-0.023797
26.296	-0.026791
26.297	-0.028258
26.298	-0.031234
26.299	-0.038269
26.3	-0.048713
26.301	-0.059356
26.302	-0.066919
26.303	-0.069855
26.304	-0.068627
26.305	-0.065095
26.306	-0.061814
26.307	-0.061222
26.308	-0.06407
26.309	-0.068292
26.31	-0.070711
26.311	-0.070267
26.312	-0.068883
26.313	-0.069245
26.314	-0.071998
26.315	-0.074991
26.316	-0.075449
26.317	-0.073035
26.318	-0.070315
26.319	-0.069922
26.32	-0.071814
26.321	-0.073877
26.322	-0.074504
26.323	-0.073449
26.324	-0.070802
26.325	-0.066817
26.326	-0.063138
26.327	-0.062854
26.328	-0.067688
26.329	-0.075513
26.33	-0.082211
26.331	-0.085787
26.332	-0.087706
26.333	-0.090578
26.334	-0.094812
26.335	-0.097508
26.336	-0.095562
26.337	-0.090117
26.338	-0.086432
26.339	-0.088613
26.34	-0.095745
26.341	-0.103659
26.342	-0.108881
26.343	-0.11035
26.344	-0.109083
26.345	-0.107166
26.346	-0.106707
26.347	-0.109019
26.348	-0.113291
26.349	-0.116078
26.35	-0.113971
26.351	-0.107037
26.352	-0.098894
26.353	-0.093551
26.354	-0.092339
26.355	-0.093392
26.356	-0.093485
26.357	-0.090905
26.358	-0.087308
26.359	-0.086271
26.36	-0.089661
26.361	-0.094901
26.362	-0.094056
26.363	-0.075425
26.364	-0.027988
26.365	0.053563
26.366	0.164651
26.367	0.286412
26.368	0.384711
26.369	0.421451
26.37	0.377999
26.371	0.272024
26.372	0.148057
26.373	0.048605
26.374	-0.007094
26.375	-0.02322
26.376	-0.015426
26.377	0.0005
26.378	0.013863
26.379	0.019383
26.38	0.016543
26.381	0.00893
26.382	0.001767
26.383	-0.001248
26.384	0.000637
26.385	0.004713
26.386	0.005076
26.387	-0.003704
26.388	-0.020903
26.389	-0.038288
26.39	-0.045522
26.391	-0.037382
26.392	-0.016641
26.393	0.008543
26.394	0.029451
26.395	0.041367
26.396	0.04566
26.397	0.046905
26.398	0.047716
26.399	0.046967
26.4	0.042357
26.401	0.034071
26.402	0.025702
26.403	0.020918
26.404	0.01958
26.405	0.017995
26.406	0.012139
26.407	0.000114
26.408	-0.016198
26.409	-0.030676
26.41	-0.03659
26.411	-0.032293
26.412	-0.021956
26.413	-0.010454
26.414	0.000626
26.415	0.01205
26.416	0.023722
26.417	0.032833
26.418	0.035565
26.419	0.030953
26.42	0.02214
26.421	0.013506
26.422	0.007276
26.423	0.002795
26.424	-0.001637
26.425	-0.006896
26.426	-0.013253
26.427	-0.021123
26.428	-0.02968
26.429	-0.035249
26.43	-0.033503
26.431	-0.02401
26.432	-0.011403
26.433	-0.001431
26.434	0.003971
26.435	0.0077
26.436	0.013512
26.437	0.021132
26.438	0.026232
26.439	0.025287
26.44	0.01917
26.441	0.011792
26.442	0.006365
26.443	0.0033
26.444	0.000996
26.445	-0.002396
26.446	-0.00834
26.447	-0.017821
26.448	-0.030185
26.449	-0.042267
26.45	-0.050255
26.451	-0.052675
26.452	-0.050835
26.453	-0.046412
26.454	-0.039097
26.455	-0.027007
26.456	-0.009927
26.457	0.007942
26.458	0.019599
26.459	0.020459
26.46	0.011892
26.461	-0.000337
26.462	-0.010652
26.463	-0.016859
26.464	-0.020057
26.465	-0.022751
26.466	-0.027195
26.467	-0.03398
26.468	-0.039973
26.469	-0.037376
26.47	-0.016421
26.471	0.030522
26.472	0.106157
26.473	0.203927
26.474	0.301699
26.475	0.36425
26.476	0.362282
26.477	0.294103
26.478	0.188135
26.479	0.084179
26.48	0.01113
26.481	-0.023152
26.482	-0.027811
26.483	-0.01821
26.484	-0.00689
26.485	-0.000367
26.486	-0.000859
26.487	-0.00896
26.488	-0.023706
26.489	-0.041482
26.49	-0.057421
26.491	-0.068199
26.492	-0.072805
26.493	-0.071003
26.494	-0.06177
26.495	-0.044039
26.496	-0.019809
26.497	0.004044
26.498	0.018932
26.499	0.020797
26.5	0.013074
26.501	0.003334
26.502	-0.002561
26.503	-0.003357
26.504	-0.001402
26.505	-0.00027
26.506	-0.003451
26.507	-0.013847
26.508	-0.032287
26.509	-0.055998
26.51	-0.079596
26.511	-0.097764
26.512	-0.10697
26.513	-0.105501
26.514	-0.093011
26.515	-0.071121
26.516	-0.044835
26.517	-0.022372
26.518	-0.011574
26.519	-0.014747
26.52	-0.026865
26.521	-0.039423
26.522	-0.046235
26.523	-0.046272
26.524	-0.042561
26.525	-0.03942
26.526	-0.040871
26.527	-0.050211
26.528	-0.068382
26.529	-0.091983
26.53	-0.114123
26.531	-0.127711
26.532	-0.128232
26.533	-0.114652
26.534	-0.089182
26.535	-0.056985
26.536	-0.025731
26.537	-0.004212
26.538	0.000828
26.539	-0.011084
26.54	-0.032675
26.541	-0.052962
26.542	-0.063869
26.543	-0.064068
26.544	-0.057874
26.545	-0.051551
26.546	-0.050947
26.547	-0.060706
26.548	-0.082415
26.549	-0.112478
26.55	-0.143025
26.551	-0.165453
26.552	-0.173537
26.553	-0.16454
26.554	-0.139251
26.555	-0.102547
26.556	-0.063923
26.557	-0.035458
26.558	-0.026059
26.559	-0.035505
26.56	-0.054248
26.561	-0.069864
26.562	-0.074458
26.563	-0.067675
26.564	-0.054852
26.565	-0.043358
26.566	-0.04017
26.567	-0.050381
26.568	-0.074842
26.569	-0.108567
26.57	-0.142545
26.571	-0.167696
26.572	-0.177614
26.573	-0.168669
26.574	-0.138433
26.575	-0.084273
26.576	-0.003827
26.577	0.101759
26.578	0.22332
26.579	0.340576
26.58	0.42356
26.581	0.443341
26.582	0.390622
26.583	0.2866
26.584	0.172776
26.585	0.089213
26.586	0.06106
26.587	0.097903
26.588	0.194421
26.589	0.326591
26.59	0.45339
26.591	0.531583
26.592	0.533842
26.593	0.456247
26.594	0.314055
26.595	0.13423
26.596	-0.048851
26.597	-0.197326
26.598	-0.281226
26.599	-0.293662
26.6	-0.253558
26.601	-0.191047
26.602	-0.130088
26.603	-0.081861
26.604	-0.048417
26.605	-0.029137
26.606	-0.025019
26.607	-0.038828
26.608	-0.071085
26.609	-0.11582
26.61	-0.160995
26.611	-0.193173
26.612	-0.202192
26.613	-0.183774
26.614	-0.140452
26.615	-0.081443
26.616	-0.021668
26.617	0.021566
26.618	0.035659
26.619	0.020122
26.62	-0.012572
26.621	-0.044682
26.622	-0.063778
26.623	-0.068149
26.624	-0.063228
26.625	-0.052102
26.626	-0.027669
26.627	0.025678
26.628	0.118261
26.629	0.239107
26.63	0.354825
26.631	0.426728
26.632	0.430308
26.633	0.3623
26.634	0.236009
26.635	0.074795
26.636	-0.090151
26.637	-0.222689
26.638	-0.293848
26.639	-0.297674
26.64	-0.253855
26.641	-0.192895
26.642	-0.138195
26.643	-0.099089
26.644	-0.075489
26.645	-0.065805
26.646	-0.071288
26.647	-0.095081
26.648	-0.137576
26.649	-0.19233
26.65	-0.246502
26.651	-0.284944
26.652	-0.294744
26.653	-0.269028
26.654	-0.21001
26.655	-0.130371
26.656	-0.051164
26.657	0.005186
26.658	0.025071
26.659	0.01078
26.66	-0.021575
26.661	-0.052449
26.662	-0.069855
26.663	-0.07335
26.664	-0.069154
26.665	-0.060257
26.666	-0.038849
26.667	0.011038
26.668	0.099183
26.669	0.214269
26.67	0.323862
26.671	0.391032
26.672	0.393157
26.673	0.3287
26.674	0.211741
26.675	0.064735
26.676	-0.083929
26.677	-0.202899
26.678	-0.268788
26.679	-0.278611
26.68	-0.248372
26.681	-0.196238
26.682	-0.126822
26.683	-0.031482
26.684	0.096127
26.685	0.241675
26.686	0.363469
26.687	0.408042
26.688	0.344512
26.689	0.191514
26.69	0.009509
26.691	-0.135639
26.692	-0.205713
26.693	-0.198169
26.694	-0.133974
26.695	-0.042519
26.696	0.04694
26.697	0.110045
26.698	0.133053
26.699	0.11797
26.7	0.080866
26.701	0.041849
26.702	0.013806
26.703	-0.001763
26.704	-0.009837
26.705	-0.012203
26.706	-0.000533
26.707	0.040776
26.708	0.121026
26.709	0.229202
26.71	0.334211
26.711	0.401078
26.712	0.408546
26.713	0.35466
26.714	0.251504
26.715	0.118996
26.716	-0.017177
26.717	-0.127905
26.718	-0.189952
26.719	-0.198538
26.72	-0.169621
26.721	-0.127735
26.722	-0.091594
26.723	-0.06889
26.724	-0.059494
26.725	-0.061273
26.726	-0.074969
26.727	-0.105052
26.728	-0.154811
26.729	-0.21976
26.73	-0.285612
26.731	-0.332401
26.732	-0.341992
26.733	-0.305227
26.734	-0.226194
26.735	-0.122288
26.736	-0.019468
26.737	0.056337
26.738	0.089104
26.739	0.079528
26.74	0.043619
26.741	0.00283
26.742	-0.027279
26.743	-0.042212
26.744	-0.045252
26.745	-0.039055
26.746	-0.018789
26.747	0.026775
26.748	0.104492
26.749	0.204159
26.75	0.297642
26.751	0.353204
26.752	0.35207
26.753	0.293923
26.754	0.191546
26.755	0.063878
26.756	-0.065831
26.757	-0.170421
26.758	-0.227148
26.759	-0.231178
26.76	-0.198558
26.761	-0.153819
26.762	-0.115312
26.763	-0.089926
26.764	-0.07677
26.765	-0.073924
26.766	-0.083605
26.767	-0.112309
26.768	-0.164791
26.769	-0.236378
26.77	-0.310521
26.771	-0.363858
26.772	-0.375373
26.773	-0.334842
26.774	-0.247354
26.775	-0.132511
26.776	-0.018747
26.777	0.065861
26.778	0.104256
26.779	0.097538
26.78	0.062634
26.781	0.021275
26.782	-0.011586
26.783	-0.032353
26.784	-0.044635
26.785	-0.049965
26.786	-0.03945
26.787	0.007107
26.788	0.110334
26.789	0.273833
26.79	0.473739
26.791	0.662357
26.792	0.78191
26.793	0.785138
26.794	0.659229
26.795	0.439039
26.796	0.195126
26.797	0.000366
26.798	-0.104387
26.799	-0.123659
26.8	-0.092592
26.801	-0.049262
26.802	-0.016117
26.803	0.001595
26.804	0.007387
26.805	0.004375
26.806	-0.009986
26.807	-0.043308
26.808	-0.10142
26.809	-0.17983
26.81	-0.261011
26.811	-0.320087
26.812	-0.33487
26.813	-0.29479
26.814	-0.205343
26.815	-0.087065
26.816	0.030398
26.817	0.118144
26.818	0.159271
26.819	0.155474
26.82	0.123693
26.821	0.084865
26.822	0.053107
26.823	0.032213
26.824	0.019879
26.825	0.015353
26.826	0.025015
26.827	0.060492
26.828	0.12771
26.829	0.21545
26.83	0.296647
26.831	0.342973
26.832	0.338847
26.833	0.284162
26.834	0.188693
26.835	0.067911
26.836	-0.056042
26.837	-0.155264
26.838	-0.206519
26.839	-0.205283
26.84	-0.168367
26.841	-0.121206
26.842	-0.082469
26.843	-0.058421
26.844	-0.047371
26.845	-0.047375
26.846	-0.061443
26.847	-0.096637
26.848	-0.156706
26.849	-0.234293
26.85	-0.310179
26.851	-0.36021
26.852	-0.364979
26.853	-0.317186
26.854	-0.22421
26.855	-0.106424
26.856	0.007947
26.857	0.091674
26.858	0.129126
26.859	0.122595
26.86	0.088899
26.861	0.048356
26.862	0.014714
26.863	-0.007792
26.864	-0.020633
26.865	-0.024147
26.866	-0.012402
26.867	0.025149
26.868	0.093707
26.869	0.182583
26.87	0.266041
26.871	0.316502
26.872	0.31787
26.873	0.268739
26.874	0.177871
26.875	0.060681
26.876	-0.060409
26.877	-0.157529
26.878	-0.207303
26.879	-0.204691
26.88	-0.166314
26.881	-0.11812
26.882	-0.079474
26.883	-0.056689
26.884	-0.04713
26.885	-0.047686
26.886	-0.061223
26.887	-0.096132
26.888	-0.158208
26.889	-0.241449
26.89	-0.326015
26.891	-0.384585
26.892	-0.391537
26.893	-0.329313
26.894	-0.191976
26.895	0.010381
26.896	0.246405
26.897	0.463681
26.898	0.602653
26.899	0.624434
26.9	0.535451
26.901	0.385862
26.902	0.239131
26.903	0.13682
26.904	0.085668
26.905	0.071702
26.906	0.082834
26.907	0.118742
26.908	0.18224
26.909	0.264488
26.91	0.341796
26.911	0.387568
26.912	0.385783
26.913	0.334256
26.914	0.240463
26.915	0.118745
26.916	-0.008458
26.917	-0.111485
26.918	-0.16433
26.919	-0.160753
26.92	-0.118518
26.921	-0.065665
26.922	-0.022799
26.923	0.003902
26.924	0.017711
26.925	0.021669
26.926	0.011835
26.927	-0.02145
26.928	-0.084336
26.929	-0.169669
26.93	-0.255699
26.931	-0.314806
26.932	-0.325776
26.933	-0.282263
26.934	-0.194307
26.935	-0.083971
26.936	0.021767
26.937	0.098885
26.938	0.134303
26.939	0.13047
26.94	0.101958
26.941	0.066155
26.942	0.035284
26.943	0.013993
26.944	0.002058
26.945	-0.000284
26.946	0.012247
26.947	0.049286
26.948	0.115997
26.949	0.202227
26.95	0.282545
26.951	0.329557
26.952	0.3275
26.953	0.275451
26.954	0.182863
26.955	0.065797
26.956	-0.052822
26.957	-0.144779
26.958	-0.187512
26.959	-0.178425
26.96	-0.13648
26.961	-0.088171
26.962	-0.051849
26.963	-0.0322
26.964	-0.025059
26.965	-0.026617
26.966	-0.04048
26.967	-0.076787
26.968	-0.142236
26.969	-0.229257
26.97	-0.315105
26.971	-0.371805
26.972	-0.378782
26.973	-0.33059
26.974	-0.237496
26.975	-0.121021
26.976	-0.007768
26.977	0.0776
26.978	0.120301
26.979	0.120676
26.98	0.09201
26.981	0.052245
26.982	0.015819
26.983	-0.009847
26.984	-0.022994
26.985	-0.023167
26.986	-0.006479
26.987	0.034662
26.988	0.103687
26.989	0.189997
26.99	0.269424
26.991	0.31648
26.992	0.316301
26.993	0.267131
26.994	0.17634
26.995	0.05814
26.996	-0.064604
26.997	-0.161206
26.998	-0.20311
26.999	-0.176833
27.0	-0.087379
27.001	0.048459
27.002	0.20706
27.003	0.355632
27.004	0.452817
27.005	0.463557
27.006	0.380046
27.007	0.227977
27.008	0.051566
27.009	-0.108216
27.01	-0.225445
27.011	-0.288095
27.012	-0.292969
27.013	-0.24405
27.014	-0.153352
27.015	-0.040825
27.016	0.068374
27.017	0.149967
27.018	0.18888
27.019	0.184988
27.02	0.151405
27.021	0.106419
27.022	0.065257
27.023	0.036315
27.024	0.022058
27.025	0.023024
27.026	0.042483
27.027	0.086882
27.028	0.158665
27.029	0.247301
27.03	0.32962
27.031	0.380677
27.032	0.384749
27.033	0.338482
27.034	0.248463
27.035	0.129742
27.036	0.006535
27.037	-0.091161
27.038	-0.140204
27.039	-0.138703
27.04	-0.106715
27.041	-0.070607
27.042	-0.046219
27.043	-0.034559
27.044	-0.029528
27.045	-0.02877
27.046	-0.039327
27.047	-0.0737
27.048	-0.138388
27.049	-0.224304
27.05	-0.307688
27.051	-0.360673
27.052	-0.363677
27.053	-0.312471
27.054	-0.217954
27.055	-0.101453
27.056	0.011184
27.057	0.095853
27.058	0.137282
27.059	0.134832
27.06	0.102072
27.061	0.058935
27.062	0.022051
27.063	-0.000627
27.064	-0.008958
27.065	-0.004925
27.066	0.013766
27.067	0.054435
27.068	0.121218
27.069	0.204828
27.07	0.282461
27.071	0.329216
27.072	0.329557
27.073	0.280238
27.074	0.187858
27.075	0.067704
27.076	-0.055566
27.077	-0.151393
27.078	-0.196304
27.079	-0.188924
27.08	-0.150437
27.081	-0.10803
27.082	-0.077772
27.083	-0.060748
27.084	-0.051245
27.085	-0.047655
27.086	-0.057672
27.087	-0.093717
27.088	-0.161209
27.089	-0.249203
27.09	-0.332064
27.091	-0.381134
27.092	-0.377586
27.093	-0.318916
27.094	-0.217866
27.095	-0.096962
27.096	0.01775
27.097	0.102611
27.098	0.142874
27.099	0.138227
27.1	0.102201
27.101	0.054446
27.102	0.011646
27.103	-0.016589
27.104	-0.02471
27.105	-0.003894
27.106	0.062321
27.107	0.191086
27.108	0.380546
27.109	0.591805
27.11	0.756186
27.111	0.812085
27.112	0.742645
27.113	0.58123
27.114	0.383467
27.115	0.195346
27.116	0.043563
27.117	-0.056661
27.118	-0.098727
27.119	-0.091116
27.12	-0.057102
27.121	-0.021691
27.122	0.001703
27.123	0.013272
27.124	0.018564
27.125	0.018383
27.126	0.00441
27.127	-0.035899
27.128	-0.10761
27.129	-0.199055
27.13	-0.283943
27.131	-0.333604
27.132	-0.329882
27.133	-0.271008
27.134	-0.169654
27.135	-0.047331
27.136	0.070638
27.137	0.159927
27.138	0.204362
27.139	0.202663
27.14	0.168314
27.141	0.121635
27.142	0.079857
27.143	0.051287
27.144	0.035954
27.145	0.0314
27.146	0.039554
27.147	0.068374
27.148	0.123987
27.149	0.199578
27.15	0.273878
27.151	0.321591
27.152	0.325118
27.153	0.279119
27.154	0.189434
27.155	0.072056
27.156	-0.046767
27.157	-0.135786
27.158	-0.173485
27.159	-0.161754
27.16	-0.123186
27.161	-0.083586
27.162	-0.056632
27.163	-0.042273
27.164	-0.035567
27.165	-0.036123
27.166	-0.051349
27.167	-0.091517
27.168	-0.159575
27.169	-0.244121
27.17	-0.322205
27.171	-0.369307
27.172	-0.369078
27.173	-0.318317
27.174	-0.226736
27.175	-0.113603
27.176	-0.003322
27.177	0.080247
27.178	0.121288
27.179	0.118382
27.18	0.084517
27.181	0.039628
27.182	0.000739
27.183	-0.024091
27.184	-0.035315
27.185	-0.035854
27.186	-0.02372
27.187	0.009488
27.188	0.07006
27.189	0.150883
27.19	0.23003
27.191	0.281104
27.192	0.285349
27.193	0.237278
27.194	0.144466
27.195	0.026003
27.196	-0.089743
27.197	-0.172428
27.198	-0.203666
27.199	-0.188114
27.2	-0.149048
27.201	-0.110902
27.202	-0.085327
27.203	-0.071137
27.204	-0.063708
27.205	-0.064002
27.206	-0.081043
27.207	-0.126083
27.208	-0.201461
27.209	-0.292201
27.21	-0.366982
27.211	-0.387945
27.212	-0.324734
27.213	-0.168498
27.214	0.057737
27.215	0.298243
27.216	0.481519
27.217	0.553826
27.218	0.509078
27.219	0.389782
27.22	0.256649
27.221	0.153233
27.222	0.092087
27.223	0.063621
27.224	0.052345
27.225	0.049061
27.226	0.055953
27.227	0.083562
27.228	0.139791
27.229	0.217925
27.23	0.294982
27.231	0.342674
27.232	0.341118
27.233	0.28562
27.234	0.185978
27.235	0.063167
27.236	-0.054159
27.237	-0.13646
27.238	-0.166139
27.239	-0.148189
27.24	-0.105825
27.241	-0.063386
27.242	-0.032895
27.243	-0.014052
27.244	-0.003116
27.245	-0.001323
27.246	-0.017084
27.247	-0.060592
27.248	-0.134022
27.249	-0.224963
27.25	-0.309333
27.251	-0.361997
27.252	-0.367044
27.253	-0.321729
27.254	-0.234953
27.255	-0.124185
27.256	-0.012563
27.257	0.075294
27.258	0.121041
27.259	0.121193
27.26	0.088722
27.261	0.044962
27.262	0.008133
27.263	-0.013761
27.264	-0.022261
27.265	-0.021323
27.266	-0.009144
27.267	0.023311
27.268	0.083141
27.269	0.163167
27.27	0.240194
27.271	0.286684
27.272	0.284528
27.273	0.23094
27.274	0.136608
27.275	0.021241
27.276	-0.089898
27.277	-0.170533
27.278	-0.203585
27.279	-0.191776
27.28	-0.155444
27.281	-0.117319
27.282	-0.089243
27.283	-0.071393
27.284	-0.060666
27.285	-0.058865
27.286	-0.074674
27.287	-0.118255
27.288	-0.191443
27.289	-0.281222
27.29	-0.36332
27.291	-0.413218
27.292	-0.415531
27.293	-0.36715
27.294	-0.276163
27.295	-0.15987
27.296	-0.042757
27.297	0.048183
27.298	0.093169
27.299	0.089666
27.3	0.053433
27.301	0.008622
27.302	-0.025427
27.303	-0.041817
27.304	-0.044392
27.305	-0.038989
27.306	-0.024381
27.307	0.009075
27.308	0.069564
27.309	0.150728
27.31	0.229492
27.311	0.277609
27.312	0.275633
27.313	0.219301
27.314	0.118736
27.315	-0.003358
27.316	-0.111979
27.317	-0.165144
27.318	-0.131164
27.319	-0.010001
27.32	0.159275
27.321	0.313554
27.322	0.39599
27.323	0.384707
27.324	0.301096
27.325	0.18961
27.326	0.08445
27.327	-0.007663
27.328	-0.096518
27.329	-0.186634
27.33	-0.267531
27.331	-0.320038
27.332	-0.327916
27.333	-0.285448
27.334	-0.199204
27.335	-0.086792
27.336	0.025738
27.337	0.110162
27.338	0.147141
27.339	0.135918
27.34	0.094124
27.341	0.046932
27.342	0.013541
27.343	-0.000113
27.344	0.001019
27.345	0.010488
27.346	0.029766
27.347	0.069026
27.348	0.136097
27.349	0.223208
27.35	0.305826
27.351	0.355172
27.352	0.3525
27.353	0.294952
27.354	0.193273
27.355	0.067788
27.356	-0.054566
27.357	-0.146062
27.358	-0.189487
27.359	-0.187371
27.36	-0.158429
27.361	-0.12334
27.362	-0.093592
27.363	-0.071475
27.364	-0.056865
27.365	-0.053024
27.366	-0.067748
27.367	-0.109077
27.368	-0.177516
27.369	-0.261043
27.37	-0.337951
27.371	-0.385393
27.372	-0.387655
27.373	-0.340347
27.374	-0.25079
27.375	-0.136821
27.376	-0.024062
27.377	0.060639
27.378	0.099655
27.379	0.093208
27.38	0.058373
27.381	0.01798
27.382	-0.011814
27.383	-0.0267
27.384	-0.030841
27.385	-0.028592
27.386	-0.016785
27.387	0.015668
27.388	0.077557
27.389	0.162148
27.39	0.244972
27.391	0.296161
27.392	0.29587
27.393	0.241019
27.394	0.142856
27.395	0.02184
27.396	-0.096332
27.397	-0.185538
27.398	-0.228345
27.399	-0.22513
27.4	-0.192731
27.401	-0.152098
27.402	-0.117038
27.403	-0.092366
27.404	-0.078649
27.405	-0.077462
27.406	-0.093694
27.407	-0.133186
27.408	-0.196337
27.409	-0.272924
27.41	-0.343462
27.411	-0.386465
27.412	-0.386403
27.413	-0.33828
27.414	-0.248737
27.415	-0.1352
27.416	-0.023159
27.417	0.060096
27.418	0.095909
27.419	0.08382
27.42	0.0422
27.421	-0.000784
27.422	-0.018185
27.423	0.008681
27.424	0.086751
27.425	0.208801
27.426	0.352658
27.427	0.485775
27.428	0.576642
27.429	0.608439
27.43	0.58558
27.431	0.526136
27.432	0.446144
27.433	0.350866
27.434	0.239391
27.435	0.115319
27.436	-0.006388
27.437	-0.102129
27.438	-0.152353
27.439	-0.154893
27.44	-0.125626
27.441	-0.086347
27.442	-0.052738
27.443	-0.031125
27.444	-0.022206
27.445	-0.026347
27.446	-0.046784
27.447	-0.088295
27.448	-0.15112
27.449	-0.225287
27.45	-0.291749
27.451	-0.329926
27.452	-0.325483
27.453	-0.274305
27.454	-0.183297
27.455	-0.069665
27.456	0.041492
27.457	0.123432
27.458	0.158562
27.459	0.147536
27.46	0.107892
27.461	0.062408
27.462	0.02657
27.463	0.003772
27.464	-0.01002
27.465	-0.016704
27.466	-0.009106
27.467	0.026464
27.468	0.097291
27.469	0.191515
27.47	0.279713
27.471	0.330603
27.472	0.32627
27.473	0.266438
27.474	0.163965
27.475	0.03927
27.476	-0.082207
27.477	-0.173599
27.478	-0.216697
27.479	-0.212284
27.48	-0.178476
27.481	-0.137547
27.482	-0.103939
27.483	-0.081752
27.484	-0.069574
27.485	-0.066952
27.486	-0.078443
27.487	-0.111968
27.488	-0.170806
27.489	-0.245969
27.49	-0.31726
27.491	-0.362082
27.492	-0.364275
27.493	-0.318481
27.494	-0.230924
27.495	-0.118833
27.496	-0.008275
27.497	0.072848
27.498	0.106842
27.499	0.095417
27.5	0.057066
27.501	0.014248
27.502	-0.018906
27.503	-0.039847
27.504	-0.051918
27.505	-0.055452
27.506	-0.042468
27.507	-0.000345
27.508	0.07574
27.509	0.171985
27.51	0.259048
27.511	0.307541
27.512	0.302042
27.513	0.24394
27.514	0.145905
27.515	0.02675
27.516	-0.089849
27.517	-0.178129
27.518	-0.219729
27.519	-0.214144
27.52	-0.178531
27.521	-0.135721
27.522	-0.10175
27.523	-0.08216
27.524	-0.076099
27.525	-0.082232
27.526	-0.101447
27.527	-0.133042
27.528	-0.166341
27.529	-0.177955
27.53	-0.143245
27.531	-0.056011
27.532	0.061076
27.533	0.168008
27.534	0.234044
27.535	0.255928
27.536	0.250996
27.537	0.235389
27.538	0.212412
27.539	0.17942
27.54	0.138566
27.541	0.097718
27.542	0.063956
27.543	0.039172
27.544	0.022197
27.545	0.014867
27.546	0.026012
27.547	0.067701
27.548	0.143589
27.549	0.238895
27.55	0.323705
27.551	0.368498
27.552	0.358144
27.553	0.294426
27.554	0.1904
27.555	0.065607
27.556	-0.05506
27.557	-0.144417
27.558	-0.183219
27.559	-0.171568
27.56	-0.128742
27.561	-0.079956
27.562	-0.042565
27.563	-0.021816
27.564	-0.015323
27.565	-0.020485
27.566	-0.03966
27.567	-0.079129
27.568	-0.141783
27.569	-0.219862
27.57	-0.294634
27.571	-0.343368
27.572	-0.348542
27.573	-0.304258
27.574	-0.218311
27.575	-0.110383
27.576	-0.00673
27.577	0.067992
27.578	0.100011
27.579	0.0922
27.58	0.060804
27.581	0.024531
27.582	-0.005187
27.583	-0.026198
27.584	-0.040453
27.585	-0.046407
27.586	-0.034767
27.587	0.007595
27.588	0.085803
27.589	0.18639
27.59	0.279562
27.591	0.333977
27.592	0.331172
27.593	0.269912
27.594	0.162554
27.595	0.03038
27.596	-0.099009
27.597	-0.196017
27.598	-0.240007
27.599	-0.230987
27.6	-0.189045
27.601	-0.140658
27.602	-0.104457
27.603	-0.086094
27.604	-0.082117
27.605	-0.08809
27.606	-0.105267
27.607	-0.140368
27.608	-0.197468
27.609	-0.269306
27.61	-0.336841
27.611	-0.377537
27.612	-0.375468
27.613	-0.327284
27.614	-0.242644
27.615	-0.140627
27.616	-0.044418
27.617	0.02498
27.618	0.056284
27.619	0.052866
27.62	0.029291
27.621	0.001297
27.622	-0.022292
27.623	-0.040401
27.624	-0.054365
27.625	-0.060981
27.626	-0.049227
27.627	-0.004917
27.628	0.07681
27.629	0.180603
27.63	0.274317
27.631	0.326391
27.632	0.322845
27.633	0.272632
27.634	0.201886
27.635	0.143049
27.636	0.122484
27.637	0.14733
27.638	0.197282
27.639	0.233748
27.64	0.227028
27.641	0.178135
27.642	0.113303
27.643	0.059589
27.644	0.027139
27.645	0.008806
27.646	-0.011053
27.647	-0.047133
27.648	-0.104847
27.649	-0.175788
27.65	-0.24099
27.651	-0.280217
27.652	-0.280746
27.653	-0.241269
27.654	-0.170874
27.655	-0.085493
27.656	-0.004101
27.657	0.055894
27.658	0.085027
27.659	0.086055
27.66	0.070815
27.661	0.051515
27.662	0.034194
27.663	0.019101
27.664	0.006185
27.665	0.000949
27.666	0.016234
27.667	0.066403
27.668	0.154796
27.669	0.264426
27.67	0.362598
27.671	0.41654
27.672	0.406765
27.673	0.330628
27.674	0.199597
27.675	0.03717
27.676	-0.121796
27.677	-0.237881
27.678	-0.284185
27.679	-0.262214
27.68	-0.200146
27.681	-0.133891
27.682	-0.087675
27.683	-0.067425
27.684	-0.066609
27.685	-0.076804
27.686	-0.09568
27.687	-0.127217
27.688	-0.174162
27.689	-0.230477
27.69	-0.281566
27.691	-0.311291
27.692	-0.309292
27.693	-0.274093
27.694	-0.211991
27.695	-0.134724
27.696	-0.057691
27.697	0.003131
27.698	0.037201
27.699	0.044656
27.7	0.034782
27.701	0.018377
27.702	0.001568
27.703	-0.014209
27.704	-0.029122
27.705	-0.044089
27.706	-0.062841
27.707	-0.091919
27.708	-0.135038
27.709	-0.18671
27.71	-0.232875
27.711	-0.25863
27.712	-0.255908
27.713	-0.225443
27.714	-0.173942
27.715	-0.111197
27.716	-0.049046
27.717	0.000289
27.718	0.028429
27.719	0.034791
27.72	0.025577
27.721	0.00865
27.722	-0.010198
27.723	-0.027393
27.724	-0.040814
27.725	-0.050819
27.726	-0.062065
27.727	-0.082074
27.728	-0.115098
27.729	-0.156454
27.73	-0.193615
27.731	-0.213413
27.732	-0.209024
27.733	-0.181869
27.734	-0.139051
27.735	-0.089932
27.736	-0.043713
27.737	-0.006739
27.738	0.022323
27.739	0.056193
27.74	0.114001
27.741	0.206247
27.742	0.319898
27.743	0.41777
27.744	0.457509
27.745	0.418588
27.746	0.315659
27.747	0.186913
27.748	0.069449
27.749	-0.016674
27.75	-0.067955
27.751	-0.089285
27.752	-0.087624
27.753	-0.06936
27.754	-0.039734
27.755	-0.003583
27.756	0.033099
27.757	0.062818
27.758	0.079503
27.759	0.082085
27.76	0.073978
27.761	0.059471
27.762	0.041939
27.763	0.024634
27.764	0.010856
27.765	0.001858
27.766	-0.005548
27.767	-0.017834
27.768	-0.039124
27.769	-0.065994
27.77	-0.088641
27.771	-0.097762
27.772	-0.090399
27.773	-0.069941
27.774	-0.042017
27.775	-0.011161
27.776	0.018951
27.777	0.043616
27.778	0.057891
27.779	0.059778
27.78	0.051087
27.781	0.035231
27.782	0.015818
27.783	-0.003016
27.784	-0.017325
27.785	-0.026332
27.786	-0.034591
27.787	-0.049281
27.788	-0.073374
27.789	-0.101421
27.79	-0.123019
27.791	-0.13039
27.792	-0.122495
27.793	-0.103281
27.794	-0.077698
27.795	-0.049727
27.796	-0.023393
27.797	-0.003694
27.798	0.005616
27.799	0.00504
27.8	-0.001102
27.801	-0.007954
27.802	-0.013078
27.803	-0.01706
27.804	-0.021529
27.805	-0.027225
27.806	-0.034962
27.807	-0.047251
27.808	-0.066137
27.809	-0.088925
27.81	-0.108139
27.811	-0.116707
27.812	-0.112466
27.813	-0.09787
27.814	-0.076844
27.815	-0.052747
27.816	-0.028918
27.817	-0.00962
27.818	0.001444
27.819	0.003785
27.82	0.000156
27.821	-0.006347
27.822	-0.014601
27.823	-0.024689
27.824	-0.035482
27.825	-0.044604
27.826	-0.05181
27.827	-0.060484
27.828	-0.073464
27.829	-0.088452
27.83	-0.099355
27.831	-0.101437
27.832	-0.094013
27.833	-0.078772
27.834	-0.057557
27.835	-0.032912
27.836	-0.009202
27.837	0.008699
27.838	0.01792
27.839	0.018443
27.84	0.011824
27.841	0.000349
27.842	-0.011548
27.843	-0.015471
27.844	-0.000487
27.845	0.041596
27.846	0.111515
27.847	0.201964
27.848	0.297931
27.849	0.375332
27.85	0.405682
27.851	0.373552
27.852	0.293052
27.853	0.201577
27.854	0.133564
27.855	0.100408
27.856	0.092558
27.857	0.094916
27.858	0.098854
27.859	0.103388
27.86	0.10894
27.861	0.112488
27.862	0.109149
27.863	0.09694
27.864	0.079403
27.865	0.063828
27.866	0.055361
27.867	0.051915
27.868	0.046536
27.869	0.03545
27.87	0.022228
27.871	0.013845
27.872	0.01457
27.873	0.024421
27.874	0.041819
27.875	0.065245
27.876	0.091216
27.877	0.112886
27.878	0.124072
27.879	0.124315
27.88	0.117642
27.881	0.107585
27.882	0.095845
27.883	0.084461
27.884	0.076317
27.885	0.072358
27.886	0.068816
27.887	0.059055
27.888	0.040133
27.889	0.017177
27.89	-0.000142
27.891	-0.005482
27.892	-8e-05
27.893	0.010251
27.894	0.021408
27.895	0.033433
27.896	0.047083
27.897	0.05986
27.898	0.067236
27.899	0.06726
27.9	0.06198
27.901	0.054509
27.902	0.046439
27.903	0.038108
27.904	0.029858
27.905	0.022007
27.906	0.013561
27.907	0.002395
27.908	-0.01164
27.909	-0.024304
27.91	-0.029324
27.911	-0.023875
27.912	-0.011545
27.913	0.000591
27.914	0.007901
27.915	0.011191
27.916	0.014101
27.917	0.018138
27.918	0.021383
27.919	0.021841
27.92	0.019831
27.921	0.016547
27.922	0.012217
27.923	0.006633
27.924	0.000527
27.925	-0.004923
27.926	-0.010276
27.927	-0.018113
27.928	-0.029556
27.929	-0.041164
27.93	-0.047171
27.931	-0.045144
27.932	-0.038339
27.933	-0.031941
27.934	-0.027722
27.935	-0.023
27.936	-0.014759
27.937	-0.004013
27.938	0.005053
27.939	0.009698
27.94	0.010534
27.941	0.009271
27.942	0.006585
27.943	0.00252
27.944	-0.00222
27.945	-0.006638
27.946	-0.011238
27.947	-0.01783
27.948	-0.025696
27.949	-0.028179
27.95	-0.014522
27.951	0.024166
27.952	0.090038
27.953	0.176782
27.954	0.269115
27.955	0.343492
27.956	0.374404
27.957	0.348085
27.958	0.274443
27.959	0.183546
27.96	0.106996
27.961	0.060544
27.962	0.041225
27.963	0.036847
27.964	0.036879
27.965	0.036564
27.966	0.034375
27.967	0.029006
27.968	0.020227
27.969	0.010759
27.97	0.00456
27.971	0.002849
27.972	0.00307
27.973	0.002291
27.974	0.000985
27.975	0.002731
27.976	0.009889
27.977	0.020446
27.978	0.030151
27.979	0.036885
27.98	0.041547
27.981	0.045378
27.982	0.047917
27.983	0.047814
27.984	0.044873
27.985	0.040277
27.986	0.034515
27.987	0.02649
27.988	0.016005
27.989	0.005888
27.99	-0.000313
27.991	-0.002306
27.992	-0.003359
27.993	-0.006631
27.994	-0.011715
27.995	-0.015108
27.996	-0.014372
27.997	-0.011178
27.998	-0.009099
27.999	-0.009108
28.0	-0.008929
28.001	-0.006659
28.002	-0.003432
28.003	-0.00199
28.004	-0.003688
28.005	-0.007854
28.006	-0.013773
28.007	-0.021794
28.008	-0.031311
28.009	-0.039098
28.01	-0.041559
28.011	-0.038105
28.012	-0.031147
28.013	-0.023127
28.014	-0.014474
28.015	-0.00494
28.016	0.003538
28.017	0.00681
28.018	0.002319
28.019	-0.007766
28.02	-0.018047
28.021	-0.024319
28.022	-0.026361
28.023	-0.02687
28.024	-0.028327
28.025	-0.031281
28.026	-0.035414
28.027	-0.040841
28.028	-0.047142
28.029	-0.052246
28.03	-0.054064
28.031	-0.052962
28.032	-0.051537
28.033	-0.051659
28.034	-0.052222
28.035	-0.050603
28.036	-0.046487
28.037	-0.043187
28.038	-0.044057
28.039	-0.047959
28.04	-0.049814
28.041	-0.045916
28.042	-0.037612
28.043	-0.029583
28.044	-0.025503
28.045	-0.025862
28.046	-0.029442
28.047	-0.035141
28.048	-0.041333
28.049	-0.045389
28.05	-0.045856
28.051	-0.044505
28.052	-0.044953
28.053	-0.048654
28.054	-0.05133
28.055	-0.04235
28.056	-0.007881
28.057	0.062632
28.058	0.167907
28.059	0.287904
28.06	0.385942
28.061	0.42511
28.062	0.391356
28.063	0.304379
28.064	0.204853
28.065	0.128084
28.066	0.085875
28.067	0.068573
28.068	0.060435
28.069	0.052264
28.07	0.042912
28.071	0.034068
28.072	0.026415
28.073	0.019965
28.074	0.01555
28.075	0.014135
28.076	0.014572
28.077	0.013235
28.078	0.007329
28.079	-0.001355
28.08	-0.007515
28.081	-0.007578
28.082	-0.00292
28.083	0.002215
28.084	0.005214
28.085	0.007035
28.086	0.009863
28.087	0.014084
28.088	0.018405
28.089	0.021629
28.09	0.02308
28.091	0.02193
28.092	0.017402
28.093	0.010248
28.094	0.003292
28.095	-0.000762
28.096	-0.002578
28.097	-0.006384
28.098	-0.015482
28.099	-0.027731
28.1	-0.037023
28.101	-0.039295
28.102	-0.03608
28.103	-0.03224
28.104	-0.031025
28.105	-0.031912
28.106	-0.032983
28.107	-0.033747
28.108	-0.034624
28.109	-0.035194
28.11	-0.034676
28.111	-0.033678
28.112	-0.034076
28.113	-0.036815
28.114	-0.04046
28.115	-0.042353
28.116	-0.04137
28.117	-0.039188
28.118	-0.037872
28.119	-0.036688
28.12	-0.033115
28.121	-0.0269
28.122	-0.021429
28.123	-0.02053
28.124	-0.024567
28.125	-0.030218
28.126	-0.033899
28.127	-0.034611
28.128	-0.033432
28.129	-0.031694
28.13	-0.03055
28.131	-0.031284
28.132	-0.034576
28.133	-0.039371
28.134	-0.043152
28.135	-0.043996
28.136	-0.04296
28.137	-0.043889
28.138	-0.049376
28.139	-0.057102
28.14	-0.061719
28.141	-0.060529
28.142	-0.056273
28.143	-0.054009
28.144	-0.055794
28.145	-0.059098
28.146	-0.060253
28.147	-0.058102
28.148	-0.053708
28.149	-0.048284
28.15	-0.042994
28.151	-0.039639
28.152	-0.039721
28.153	-0.042573
28.154	-0.045168
28.155	-0.044676
28.156	-0.041829
28.157	-0.041056
28.158	-0.046061
28.159	-0.05515
28.16	-0.060719
28.161	-0.051523
28.162	-0.014624
28.163	0.060905
28.164	0.174167
28.165	0.301307
28.166	0.398124
28.167	0.424135
28.168	0.372234
28.169	0.275365
28.17	0.181476
28.171	0.120791
28.172	0.094039
28.173	0.084822
28.174	0.078134
28.175	0.068601
28.176	0.056899
28.177	0.043943
28.178	0.030326
28.179	0.018645
28.18	0.012541
28.181	0.012456
28.182	0.013932
28.183	0.011356
28.184	0.003313
28.185	-0.006226
28.186	-0.012089
28.187	-0.012376
28.188	-0.008478
28.189	-0.00254
28.19	0.003683
28.191	0.008731
28.192	0.011828
28.193	0.013599
28.194	0.015731
28.195	0.01895
28.196	0.021108
28.197	0.018489
28.198	0.010009
28.199	-0.000583
28.2	-0.007964
28.201	-0.010655
28.202	-0.012308
28.203	-0.017405
28.204	-0.026211
28.205	-0.03439
28.206	-0.037586
28.207	-0.03563
28.208	-0.031762
28.209	-0.029038
28.21	-0.028444
28.211	-0.029455
28.212	-0.031191
28.213	-0.03285
28.214	-0.033627
28.215	-0.033259
28.216	-0.033063
28.217	-0.03551
28.218	-0.041492
28.219	-0.048219
28.22	-0.051395
28.221	-0.049758
28.222	-0.046259
28.223	-0.044455
28.224	-0.044464
28.225	-0.043169
28.226	-0.038571
28.227	-0.03259
28.228	-0.028516
28.229	-0.027319
28.23	-0.027794
28.231	-0.028905
28.232	-0.030467
28.233	-0.032031
28.234	-0.032463
28.235	-0.031265
28.236	-0.030013
28.237	-0.031653
28.238	-0.0374
28.239	-0.044593
28.24	-0.049123
28.241	-0.050064
28.242	-0.050673
28.243	-0.054409
28.244	-0.060529
28.245	-0.064392
28.246	-0.062646
28.247	-0.057095
28.248	-0.052505
28.249	-0.051674
28.25	-0.053464
28.251	-0.054694
28.252	-0.052992
28.253	-0.048112
28.254	-0.041633
28.255	-0.036065
28.256	-0.033892
28.257	-0.036436
28.258	-0.042372
28.259	-0.047705
28.26	-0.048966
28.261	-0.046857
28.262	-0.045899
28.263	-0.050115
28.264	-0.0588
28.265	-0.065885
28.266	-0.062174
28.267	-0.036583
28.268	0.023191
28.269	0.123613
28.27	0.251671
28.271	0.36925
28.272	0.429777
28.273	0.409592
28.274	0.326418
28.275	0.225781
28.276	0.147701
28.277	0.10463
28.278	0.086053
28.279	0.076759
28.28	0.068258
28.281	0.058245
28.282	0.046418
28.283	0.033454
28.284	0.02221
28.285	0.016654
28.286	0.017698
28.287	0.021057
28.288	0.02088
28.289	0.015184
28.29	0.007106
28.291	0.001592
28.292	0.001611
28.293	0.006779
28.294	0.014364
28.295	0.021214
28.296	0.025112
28.297	0.025427
28.298	0.023662
28.299	0.022787
28.3	0.024584
28.301	0.027446
28.302	0.027567
28.303	0.022775
28.304	0.015155
28.305	0.00917
28.306	0.006775
28.307	0.005351
28.308	0.001112
28.309	-0.00653
28.31	-0.014678
28.311	-0.019984
28.312	-0.021116
28.313	-0.01885
28.314	-0.014746
28.315	-0.01014
28.316	-0.006337
28.317	-0.004876
28.318	-0.006319
28.319	-0.009182
28.32	-0.011436
28.321	-0.013122
28.322	-0.016363
28.323	-0.02237
28.324	-0.029196
28.325	-0.033341
28.326	-0.033677
28.327	-0.032676
28.328	-0.033064
28.329	-0.0344
28.33	-0.033887
28.331	-0.029661
28.332	-0.022511
28.333	-0.014871
28.334	-0.008764
28.335	-0.004982
28.336	-0.003951
28.337	-0.006128
28.338	-0.010713
28.339	-0.015172
28.34	-0.017508
28.341	-0.018655
28.342	-0.021549
28.343	-0.027535
28.344	-0.03423
28.345	-0.037646
28.346	-0.036751
28.347	-0.035001
28.348	-0.036381
28.349	-0.040845
28.35	-0.044624
28.351	-0.044296
28.352	-0.03982
28.353	-0.033956
28.354	-0.029356
28.355	-0.02665
28.356	-0.025236
28.357	-0.024681
28.358	-0.024459
28.359	-0.023434
28.36	-0.021127
28.361	-0.019232
28.362	-0.020469
28.363	-0.025431
28.364	-0.031198
28.365	-0.033934
28.366	-0.03325
28.367	-0.033166
28.368	-0.037858
28.369	-0.047245
28.37	-0.056672
28.371	-0.05853
28.372	-0.042391
28.373	0.004831
28.374	0.093247
28.375	0.2172
28.376	0.345578
28.377	0.431022
28.378	0.438772
28.379	0.372364
28.38	0.270913
28.381	0.179665
28.382	0.121992
28.383	0.094955
28.384	0.083724
28.385	0.076042
28.386	0.06606
28.387	0.052153
28.388	0.036043
28.389	0.022262
28.39	0.015216
28.391	0.015805
28.392	0.020571
28.393	0.024138
28.394	0.023189
28.395	0.01855
28.396	0.013656
28.397	0.011365
28.398	0.01249
28.399	0.016483
28.4	0.021934
28.401	0.026462
28.402	0.027724
28.403	0.025396
28.404	0.021899
28.405	0.020242
28.406	0.020372
28.407	0.0187
28.408	0.012356
28.409	0.002869
28.41	-0.005249
28.411	-0.008883
28.412	-0.008894
28.413	-0.008703
28.414	-0.010797
28.415	-0.014862
28.416	-0.018986
28.417	-0.021884
28.418	-0.023402
28.419	-0.023718
28.42	-0.023346
28.421	-0.023519
28.422	-0.025328
28.423	-0.02822
28.424	-0.0298
28.425	-0.028098
28.426	-0.024638
28.427	-0.023937
28.428	-0.028723
28.429	-0.03674
28.43	-0.042995
28.431	-0.044303
28.432	-0.041245
28.433	-0.036327
28.434	-0.031037
28.435	-0.024977
28.436	-0.017612
28.437	-0.010219
28.438	-0.005166
28.439	-0.0035
28.44	-0.004453
28.441	-0.007121
28.442	-0.011209
28.443	-0.015934
28.444	-0.019365
28.445	-0.020229
28.446	-0.020481
28.447	-0.024405
28.448	-0.034003
28.449	-0.046141
28.45	-0.055004
28.451	-0.057125
28.452	-0.05384
28.453	-0.049152
28.454	-0.045759
28.455	-0.043382
28.456	-0.04057
28.457	-0.037158
28.458	-0.034303
28.459	-0.032999
28.46	-0.033531
28.461	-0.035613
28.462	-0.03819
28.463	-0.039349
28.464	-0.037186
28.465	-0.031776
28.466	-0.026554
28.467	-0.026303
28.468	-0.032607
28.469	-0.041882
28.47	-0.048584
28.471	-0.050063
28.472	-0.048126
28.473	-0.046538
28.474	-0.047444
28.475	-0.049687
28.476	-0.049272
28.477	-0.039392
28.478	-0.008898
28.479	0.055783
28.48	0.159904
28.481	0.286502
28.482	0.395105
28.483	0.4422
28.484	0.410818
28.485	0.322683
28.486	0.220668
28.487	0.139232
28.488	0.08949
28.489	0.064845
28.49	0.05387
28.491	0.04824
28.492	0.043951
28.493	0.039993
28.494	0.037431
28.495	0.038265
28.496	0.04302
28.497	0.048983
28.498	0.051634
28.499	0.048048
28.5	0.038853
28.501	0.02753
28.502	0.018357
28.503	0.014567
28.504	0.01706
28.505	0.023642
28.506	0.029474
28.507	0.029821
28.508	0.02397
28.509	0.016096
28.51	0.011493
28.511	0.012306
28.512	0.016881
28.513	0.022284
28.514	0.026997
28.515	0.031318
28.516	0.035381
28.517	0.03745
28.518	0.034916
28.519	0.026868
28.52	0.015342
28.521	0.004108
28.522	-0.00353
28.523	-0.006196
28.524	-0.004797
28.525	-0.00224
28.526	-0.002664
28.527	-0.009213
28.528	-0.020956
28.529	-0.032778
28.53	-0.039411
28.531	-0.039286
28.532	-0.03459
28.533	-0.02831
28.534	-0.021479
28.535	-0.013397
28.536	-0.004361
28.537	0.002787
28.538	0.004741
28.539	0.001133
28.54	-0.004885
28.541	-0.009299
28.542	-0.010007
28.543	-0.007464
28.544	-0.00351
28.545	-0.000281
28.546	-0.000393
28.547	-0.006391
28.548	-0.018114
28.549	-0.031352
28.55	-0.04062
28.551	-0.0432
28.552	-0.040255
28.553	-0.034496
28.554	-0.027406
28.555	-0.019031
28.556	-0.010102
28.557	-0.003402
28.558	-0.002204
28.559	-0.007186
28.56	-0.015384
28.561	-0.022354
28.562	-0.025125
28.563	-0.023603
28.564	-0.020092
28.565	-0.01801
28.566	-0.020698
28.567	-0.029547
28.568	-0.042005
28.569	-0.052583
28.57	-0.056801
28.571	-0.054
28.572	-0.046598
28.573	-0.037048
28.574	-0.025737
28.575	-0.01202
28.576	0.002836
28.577	0.014388
28.578	0.01756
28.579	0.010749
28.58	-0.002815
28.581	-0.016847
28.582	-0.023433
28.583	-0.012257
28.584	0.02958
28.585	0.111595
28.586	0.227152
28.587	0.345346
28.588	0.421328
28.589	0.422861
28.59	0.353246
28.591	0.250004
28.592	0.159118
28.593	0.10753
28.594	0.094967
28.595	0.10471
28.596	0.11846
28.597	0.124347
28.598	0.118257
28.599	0.102537
28.6	0.083362
28.601	0.067175
28.602	0.057623
28.603	0.054307
28.604	0.053878
28.605	0.052017
28.606	0.044799
28.607	0.030636
28.608	0.012517
28.609	-0.003103
28.61	-0.01068
28.611	-0.008615
28.612	0.001491
28.613	0.017453
28.614	0.037921
28.615	0.061474
28.616	0.084584
28.617	0.101118
28.618	0.105426
28.619	0.096751
28.62	0.080264
28.621	0.063653
28.622	0.052428
28.623	0.047326
28.624	0.044981
28.625	0.04037
28.626	0.029165
28.627	0.009957
28.628	-0.014206
28.629	-0.03706
28.63	-0.05267
28.631	-0.058097
28.632	-0.053349
28.633	-0.039779
28.634	-0.019156
28.635	0.005673
28.636	0.029629
28.637	0.045932
28.638	0.049345
28.639	0.039838
28.64	0.023033
28.641	0.006801
28.642	-0.00321
28.643	-0.005826
28.644	-0.00347
28.645	-0.000231
28.646	-0.000569
28.647	-0.007715
28.648	-0.021661
28.649	-0.038846
28.65	-0.053929
28.651	-0.061976
28.652	-0.059879
28.653	-0.046873
28.654	-0.02457
28.655	0.002878
28.656	0.02864
28.657	0.044644
28.658	0.045465
28.659	0.032068
28.66	0.011759
28.661	-0.006017
28.662	-0.014927
28.663	-0.014478
28.664	-0.009006
28.665	-0.004774
28.666	-0.007496
28.667	-0.020245
28.668	-0.041678
28.669	-0.066405
28.67	-0.0876
28.671	-0.099297
28.672	-0.097278
28.673	-0.079657
28.674	-0.048034
28.675	-0.008661
28.676	0.027971
28.677	0.050659
28.678	0.053129
28.679	0.037802
28.68	0.014481
28.681	-0.005294
28.682	-0.01427
28.683	-0.012178
28.684	-0.004436
28.685	0.001095
28.686	-0.002504
28.687	-0.017263
28.688	-0.035862
28.689	-0.040275
28.69	-0.007669
28.691	0.076165
28.692	0.201946
28.693	0.333132
28.694	0.422445
28.695	0.440457
28.696	0.39299
28.697	0.312234
28.698	0.231997
28.699	0.170198
28.7	0.128719
28.701	0.102459
28.702	0.086173
28.703	0.076215
28.704	0.071601
28.705	0.07748
28.706	0.10712
28.707	0.175221
28.708	0.282819
28.709	0.406915
28.71	0.50792
28.711	0.550091
28.712	0.517499
28.713	0.415829
28.714	0.265386
28.715	0.095505
28.716	-0.058275
28.717	-0.162102
28.718	-0.198872
28.719	-0.177748
28.72	-0.126133
28.721	-0.071096
28.722	-0.027306
28.723	0.002276
28.724	0.019505
28.725	0.025309
28.726	0.017657
28.727	-0.006183
28.728	-0.045108
28.729	-0.09215
28.73	-0.13624
28.731	-0.165222
28.732	-0.169006
28.733	-0.143137
28.734	-0.091845
28.735	-0.028536
28.736	0.028039
28.737	0.061326
28.738	0.064594
28.739	0.043845
28.74	0.013637
28.741	-0.011593
28.742	-0.02474
28.743	-0.02714
28.744	-0.022941
28.745	-0.010685
28.746	0.020509
28.747	0.084227
28.748	0.182031
28.749	0.293805
28.75	0.384856
28.751	0.424497
28.752	0.39947
28.753	0.314146
28.754	0.184321
28.755	0.033836
28.756	-0.106224
28.757	-0.203989
28.758	-0.241721
28.759	-0.226521
28.76	-0.18327
28.761	-0.136518
28.762	-0.099133
28.763	-0.073558
28.764	-0.058549
28.765	-0.054349
28.766	-0.064163
28.767	-0.091562
28.768	-0.135749
28.769	-0.188883
28.77	-0.237224
28.771	-0.265027
28.772	-0.2599
28.773	-0.218053
28.774	-0.147453
28.775	-0.066568
28.776	0.002114
28.777	0.041274
28.778	0.046011
28.779	0.025015
28.78	-0.005209
28.781	-0.029455
28.782	-0.040687
28.783	-0.040742
28.784	-0.034549
28.785	-0.021896
28.786	0.00663
28.787	0.064004
28.788	0.152586
28.789	0.253731
28.79	0.334256
28.791	0.365274
28.792	0.33625
28.793	0.256573
28.794	0.150747
28.795	0.053769
28.796	0.004451
28.797	0.02888
28.798	0.117633
28.799	0.221287
28.8	0.280885
28.801	0.270259
28.802	0.209835
28.803	0.142133
28.804	0.096677
28.805	0.074281
28.806	0.055782
28.807	0.021257
28.808	-0.035739
28.809	-0.105789
28.81	-0.169955
28.811	-0.208254
28.812	-0.206879
28.813	-0.163358
28.814	-0.088423
28.815	-0.003131
28.816	0.068478
28.817	0.108621
28.818	0.112781
28.819	0.090431
28.82	0.058792
28.821	0.033462
28.822	0.021598
28.823	0.021408
28.824	0.02789
28.825	0.040947
28.826	0.06953
28.827	0.125789
28.828	0.210794
28.829	0.305501
28.83	0.378957
28.831	0.406326
28.832	0.37943
28.833	0.304005
28.834	0.192077
28.835	0.060002
28.836	-0.067756
28.837	-0.161258
28.838	-0.200352
28.839	-0.188365
28.84	-0.147914
28.841	-0.103577
28.842	-0.068853
28.843	-0.045873
28.844	-0.032705
28.845	-0.029794
28.846	-0.041644
28.847	-0.073493
28.848	-0.125455
28.849	-0.188829
28.85	-0.247291
28.851	-0.281991
28.852	-0.278439
28.853	-0.232787
28.854	-0.154585
28.855	-0.064031
28.856	0.015498
28.857	0.066238
28.858	0.081983
28.859	0.068691
28.86	0.040093
28.861	0.010881
28.862	-0.009412
28.863	-0.018867
28.864	-0.020014
28.865	-0.012563
28.866	0.011412
28.867	0.062561
28.868	0.14113
28.869	0.229004
28.87	0.297518
28.871	0.323708
28.872	0.299627
28.873	0.230136
28.874	0.126936
28.875	0.007155
28.876	-0.104994
28.877	-0.182768
28.878	-0.210441
28.879	-0.193807
28.88	-0.15493
28.881	-0.115847
28.882	-0.087171
28.883	-0.068918
28.884	-0.058057
28.885	-0.054928
28.886	-0.064878
28.887	-0.094437
28.888	-0.144649
28.889	-0.206918
28.89	-0.264213
28.891	-0.296643
28.892	-0.28926
28.893	-0.238962
28.894	-0.157085
28.895	-0.066013
28.896	0.009377
28.897	0.051995
28.898	0.05986
28.899	0.047619
28.9	0.042115
28.901	0.072068
28.902	0.152323
28.903	0.269273
28.904	0.381763
28.905	0.445647
28.906	0.446995
28.907	0.412902
28.908	0.386382
28.909	0.389624
28.91	0.410813
28.911	0.420399
28.912	0.394475
28.913	0.325649
28.914	0.221361
28.915	0.099637
28.916	-0.013716
28.917	-0.09167
28.918	-0.119359
28.919	-0.104026
28.92	-0.068924
28.921	-0.03618
28.922	-0.015312
28.923	-0.004683
28.924	3.5e-05
28.925	-0.001275
28.926	-0.014623
28.927	-0.047155
28.928	-0.099745
28.929	-0.162867
28.93	-0.218536
28.931	-0.246843
28.932	-0.234069
28.933	-0.178875
28.934	-0.09369
28.935	-0.000302
28.936	0.07845
28.937	0.126732
28.938	0.139872
28.939	0.123761
28.94	0.090798
28.941	0.0545
28.942	0.024838
28.943	0.006035
28.944	-0.001866
28.945	0.001817
28.946	0.02243
28.947	0.067324
28.948	0.135984
28.949	0.212962
28.95	0.273777
28.951	0.298779
28.952	0.280998
28.953	0.223858
28.954	0.136247
28.955	0.03174
28.956	-0.069039
28.957	-0.141189
28.958	-0.168414
28.959	-0.154938
28.96	-0.121222
28.961	-0.087592
28.962	-0.062968
28.963	-0.04631
28.964	-0.035111
28.965	-0.032062
28.966	-0.045026
28.967	-0.081011
28.968	-0.139173
28.969	-0.208102
28.97	-0.268611
28.971	-0.300213
28.972	-0.289008
28.973	-0.233987
28.974	-0.14827
28.975	-0.053947
28.976	0.026609
28.977	0.078042
28.978	0.095123
28.979	0.082207
28.98	0.050657
28.981	0.014749
28.982	-0.013618
28.983	-0.029034
28.984	-0.032329
28.985	-0.025452
28.986	-0.005533
28.987	0.034694
28.988	0.097533
28.989	0.171458
28.99	0.234382
28.991	0.265999
28.992	0.256535
28.993	0.206824
28.994	0.124763
28.995	0.024592
28.996	-0.071369
28.997	-0.137272
28.998	-0.15837
28.999	-0.142182
29.0	-0.111714
29.001	-0.087336
29.002	-0.07559
29.003	-0.071653
29.004	-0.067363
29.005	-0.055484
29.006	-0.029671
29.007	0.014175
29.008	0.071608
29.009	0.124015
29.01	0.145483
29.011	0.123186
29.012	0.07312
29.013	0.032163
29.014	0.030821
29.015	0.071549
29.016	0.130482
29.017	0.176786
29.018	0.191168
29.019	0.17216
29.02	0.131843
29.021	0.087396
29.022	0.052794
29.023	0.033691
29.024	0.027977
29.025	0.032029
29.026	0.04778
29.027	0.082493
29.028	0.138876
29.029	0.205971
29.03	0.262765
29.031	0.290677
29.032	0.281564
29.033	0.236482
29.034	0.161796
29.035	0.069905
29.036	-0.017872
29.037	-0.076473
29.038	-0.092269
29.039	-0.073385
29.04	-0.041991
29.041	-0.016527
29.042	-0.002002
29.043	0.005571
29.044	0.009047
29.045	0.004321
29.046	-0.017811
29.047	-0.064222
29.048	-0.132004
29.049	-0.206864
29.05	-0.268109
29.051	-0.296456
29.052	-0.281089
29.053	-0.223585
29.054	-0.137366
29.055	-0.043056
29.056	0.038357
29.057	0.091839
29.058	0.111705
29.059	0.101656
29.06	0.072548
29.061	0.038413
29.062	0.011066
29.063	-0.004529
29.064	-0.010332
29.065	-0.009095
29.066	0.003112
29.067	0.036342
29.068	0.095297
29.069	0.168499
29.07	0.231707
29.071	0.262559
29.072	0.251507
29.073	0.201537
29.074	0.12255
29.075	0.029102
29.076	-0.058455
29.077	-0.117691
29.078	-0.136265
29.079	-0.121352
29.08	-0.093322
29.081	-0.069256
29.082	-0.053762
29.083	-0.043471
29.084	-0.03681
29.085	-0.039055
29.086	-0.059558
29.087	-0.104115
29.088	-0.168509
29.089	-0.238128
29.09	-0.293334
29.091	-0.316774
29.092	-0.299302
29.093	-0.242599
29.094	-0.1583
29.095	-0.06447
29.096	0.019558
29.097	0.078357
29.098	0.103962
29.099	0.09753
29.1	0.069019
29.101	0.033735
29.102	0.005679
29.103	-0.008802
29.104	-0.011874
29.105	-0.007723
29.106	0.005689
29.107	0.036646
29.108	0.089139
29.109	0.154241
29.11	0.216448
29.111	0.268863
29.112	0.318085
29.113	0.371058
29.114	0.417554
29.115	0.429866
29.116	0.386003
29.117	0.294551
29.118	0.191986
29.119	0.11457
29.12	0.07574
29.121	0.066956
29.122	0.072012
29.123	0.0781
29.124	0.077586
29.125	0.064629
29.126	0.033496
29.127	-0.018507
29.128	-0.086679
29.129	-0.158243
29.13	-0.216145
29.131	-0.244689
29.132	-0.234579
29.133	-0.185913
29.134	-0.108394
29.135	-0.018727
29.136	0.063936
29.137	0.123092
29.138	0.149373
29.139	0.143537
29.14	0.116385
29.141	0.084117
29.142	0.060473
29.143	0.05036
29.144	0.049976
29.145	0.054395
29.146	0.066351
29.147	0.095857
29.148	0.147926
29.149	0.211262
29.15	0.262303
29.151	0.280337
29.152	0.257678
29.153	0.198672
29.154	0.114118
29.155	0.019141
29.156	-0.065529
29.157	-0.117937
29.158	-0.128273
29.159	-0.107013
29.16	-0.075655
29.161	-0.04985
29.162	-0.032376
29.163	-0.019469
29.164	-0.010631
29.165	-0.012181
29.166	-0.033112
29.167	-0.078027
29.168	-0.142499
29.169	-0.213322
29.17	-0.272467
29.171	-0.302469
29.172	-0.291744
29.173	-0.238786
29.174	-0.153841
29.175	-0.056684
29.176	0.029651
29.177	0.086873
29.178	0.107277
29.179	0.095042
29.18	0.063396
29.181	0.028969
29.182	0.004736
29.183	-0.005463
29.184	-0.006495
29.185	-0.004023
29.186	0.004814
29.187	0.030988
29.188	0.08062
29.189	0.143287
29.19	0.195941
29.191	0.217817
29.192	0.200831
29.193	0.14885
29.194	0.071983
29.195	-0.01552
29.196	-0.094119
29.197	-0.143624
29.198	-0.155392
29.199	-0.138852
29.2	-0.112522
29.201	-0.088987
29.202	-0.069716
29.203	-0.052073
29.204	-0.037973
29.205	-0.035284
29.206	-0.05253
29.207	-0.092664
29.208	-0.150396
29.209	-0.213642
29.21	-0.266955
29.211	-0.295354
29.212	-0.288551
29.213	-0.244865
29.214	-0.172218
29.215	-0.083853
29.216	0.00998
29.217	0.107873
29.218	0.213086
29.219	0.320519
29.22	0.408286
29.221	0.4468
29.222	0.420739
29.223	0.343558
29.224	0.250309
29.225	0.176931
29.226	0.145171
29.227	0.159296
29.228	0.207469
29.229	0.265521
29.23	0.306713
29.231	0.313853
29.232	0.284314
29.233	0.225248
29.234	0.146579
29.235	0.059904
29.236	-0.018607
29.237	-0.071023
29.238	-0.088759
29.239	-0.079558
29.24	-0.059627
29.241	-0.039676
29.242	-0.020754
29.243	-0.001379
29.244	0.015048
29.245	0.020289
29.246	0.006857
29.247	-0.026993
29.248	-0.076243
29.249	-0.130969
29.25	-0.178472
29.251	-0.205322
29.252	-0.200769
29.253	-0.161429
29.254	-0.094619
29.255	-0.017399
29.256	0.049404
29.257	0.089393
29.258	0.096305
29.259	0.075169
29.26	0.039777
29.261	0.00693
29.262	-0.011534
29.263	-0.014385
29.264	-0.009004
29.265	-0.001785
29.266	0.010872
29.267	0.040413
29.268	0.092412
29.269	0.155559
29.27	0.206504
29.271	0.225519
29.272	0.206682
29.273	0.155559
29.274	0.082015
29.275	-0.002241
29.276	-0.081023
29.277	-0.135041
29.278	-0.152787
29.279	-0.139773
29.28	-0.112784
29.281	-0.085664
29.282	-0.062778
29.283	-0.043656
29.284	-0.030141
29.285	-0.028254
29.286	-0.044225
29.287	-0.079457
29.288	-0.128951
29.289	-0.183213
29.29	-0.230453
29.291	-0.258034
29.292	-0.255327
29.293	-0.218665
29.294	-0.155179
29.295	-0.08162
29.296	-0.017678
29.297	0.022062
29.298	0.032556
29.299	0.018396
29.3	-0.008525
29.301	-0.033906
29.302	-0.048006
29.303	-0.05018
29.304	-0.0462
29.305	-0.039341
29.306	-0.023397
29.307	0.013062
29.308	0.072509
29.309	0.13949
29.31	0.188823
29.311	0.20296
29.312	0.180396
29.313	0.129753
29.314	0.060403
29.315	-0.01868
29.316	-0.0933
29.317	-0.144692
29.318	-0.161791
29.319	-0.150348
29.32	-0.124613
29.321	-0.090417
29.322	-0.038777
29.323	0.043357
29.324	0.15421
29.325	0.266404
29.326	0.336528
29.327	0.331343
29.328	0.250343
29.329	0.126201
29.33	0.004687
29.331	-0.078239
29.332	-0.107412
29.333	-0.087141
29.334	-0.034986
29.335	0.025619
29.336	0.073964
29.337	0.098657
29.338	0.098195
29.339	0.078066
29.34	0.048605
29.341	0.022125
29.342	0.007285
29.343	0.00463
29.344	0.009055
29.345	0.018138
29.346	0.037553
29.347	0.07572
29.348	0.131792
29.349	0.191171
29.35	0.234344
29.351	0.248488
29.352	0.231387
29.353	0.188384
29.354	0.127771
29.355	0.059293
29.356	-0.003892
29.357	-0.046929
29.358	-0.062227
29.359	-0.055824
29.36	-0.041906
29.361	-0.030745
29.362	-0.022298
29.363	-0.011395
29.364	0.001637
29.365	0.007836
29.366	-0.001565
29.367	-0.025998
29.368	-0.058247
29.369	-0.092504
29.37	-0.124228
29.371	-0.144477
29.372	-0.141493
29.373	-0.11056
29.374	-0.060292
29.375	-0.007509
29.376	0.033781
29.377	0.058276
29.378	0.066116
29.379	0.058115
29.38	0.038058
29.381	0.016469
29.382	0.004963
29.383	0.006268
29.384	0.014519
29.385	0.025977
29.386	0.046232
29.387	0.084605
29.388	0.141426
29.389	0.202659
29.39	0.247867
29.391	0.262595
29.392	0.243876
29.393	0.1969
29.394	0.129713
29.395	0.05278
29.396	-0.018416
29.397	-0.066363
29.398	-0.082411
29.399	-0.073887
29.4	-0.056666
29.401	-0.041098
29.402	-0.02754
29.403	-0.013692
29.404	-0.002073
29.405	0.001073
29.406	-0.007693
29.407	-0.026068
29.408	-0.049706
29.409	-0.07609
29.41	-0.102518
29.411	-0.121907
29.412	-0.12428
29.413	-0.1042
29.414	-0.066384
29.415	-0.023631
29.416	0.011084
29.417	0.031012
29.418	0.03557
29.419	0.027322
29.42	0.011623
29.421	-0.003152
29.422	-0.009426
29.423	-0.005597
29.424	0.004296
29.425	0.01813
29.426	0.04312
29.427	0.092639
29.428	0.172873
29.429	0.274083
29.43	0.37622
29.431	0.459361
29.432	0.505397
29.433	0.495108
29.434	0.41564
29.435	0.276865
29.436	0.116766
29.437	-0.015859
29.438	-0.089976
29.439	-0.107384
29.44	-0.091543
29.441	-0.06499
29.442	-0.038085
29.443	-0.013314
29.444	0.006757
29.445	0.017989
29.446	0.018697
29.447	0.011589
29.448	0.000138
29.449	-0.015246
29.45	-0.035174
29.451	-0.056084
29.452	-0.069839
29.453	-0.06988
29.454	-0.057305
29.455	-0.040091
29.456	-0.025913
29.457	-0.016718
29.458	-0.011136
29.459	-0.009102
29.46	-0.010733
29.461	-0.012754
29.462	-0.009904
29.463	-0.000293
29.464	0.012659
29.465	0.025633
29.466	0.042515
29.467	0.072657
29.468	0.119005
29.469	0.169543
29.47	0.203738
29.471	0.207111
29.472	0.178189
29.473	0.123906
29.474	0.052374
29.475	-0.028179
29.476	-0.104734
29.477	-0.159364
29.478	-0.180187
29.479	-0.171523
29.48	-0.14893
29.481	-0.125471
29.482	-0.105052
29.483	-0.086538
29.484	-0.070365
29.485	-0.059522
29.486	-0.055449
29.487	-0.056012
29.488	-0.059047
29.489	-0.065829
29.49	-0.078166
29.491	-0.093041
29.492	-0.103447
29.493	-0.105445
29.494	-0.102994
29.495	-0.104387
29.496	-0.1133
29.497	-0.124848
29.498	-0.131895
29.499	-0.132716
29.5	-0.130081
29.501	-0.125456
29.502	-0.11743
29.503	-0.105369
29.504	-0.091621
29.505	-0.077465
29.506	-0.057313
29.507	-0.021401
29.508	0.031987
29.509	0.089065
29.51	0.128826
29.511	0.137683
29.512	0.11486
29.513	0.066808
29.514	0.000431
29.515	-0.076591
29.516	-0.150382
29.517	-0.201851
29.518	-0.218881
29.519	-0.206416
29.52	-0.181043
29.521	-0.15661
29.522	-0.136862
29.523	-0.119815
29.524	-0.105184
29.525	-0.095908
29.526	-0.094368
29.527	-0.100228
29.528	-0.112743
29.529	-0.132419
29.53	-0.157736
29.531	-0.180772
29.532	-0.187529
29.533	-0.163384
29.534	-0.100181
29.535	-0.001815
29.536	0.113434
29.537	0.215439
29.538	0.271932
29.539	0.264593
29.54	0.2021
29.541	0.116993
29.542	0.045308
29.543	0.005335
29.544	-0.006818
29.545	-0.003709
29.546	0.009393
29.547	0.036353
29.548	0.07796
29.549	0.122915
29.55	0.153746
29.551	0.15917
29.552	0.138717
29.553	0.097455
29.554	0.039951
29.555	-0.02822
29.556	-0.094594
29.557	-0.141048
29.558	-0.155819
29.559	-0.143631
29.56	-0.120722
29.561	-0.100399
29.562	-0.085551
29.563	-0.073356
29.564	-0.063274
29.565	-0.059106
29.566	-0.064936
29.567	-0.081537
29.568	-0.107025
29.569	-0.138319
29.57	-0.169963
29.571	-0.193228
29.572	-0.199591
29.573	-0.187011
29.574	-0.16255
29.575	-0.137314
29.576	-0.117985
29.577	-0.104089
29.578	-0.093603
29.579	-0.088288
29.58	-0.090957
29.581	-0.099589
29.582	-0.107605
29.583	-0.110027
29.584	-0.107341
29.585	-0.101735
29.586	-0.090252
29.587	-0.065627
29.588	-0.026329
29.589	0.01713
29.59	0.048613
29.591	0.057649
29.592	0.04322
29.593	0.009005
29.594	-0.040708
29.595	-0.098853
29.596	-0.151796
29.597	-0.182924
29.598	-0.184896
29.599	-0.167342
29.6	-0.148414
29.601	-0.139249
29.602	-0.138439
29.603	-0.139183
29.604	-0.138633
29.605	-0.140324
29.606	-0.150021
29.607	-0.171302
29.608	-0.204097
29.609	-0.244
29.61	-0.281512
29.611	-0.304165
29.612	-0.302616
29.613	-0.276686
29.614	-0.236101
29.615	-0.194772
29.616	-0.162656
29.617	-0.141932
29.618	-0.130725
29.619	-0.128494
29.62	-0.135487
29.621	-0.148488
29.622	-0.160515
29.623	-0.165827
29.624	-0.163891
29.625	-0.156519
29.626	-0.141319
29.627	-0.111734
29.628	-0.066368
29.629	-0.016003
29.63	0.021978
29.631	0.035483
29.632	0.022587
29.633	-0.012805
29.634	-0.065854
29.635	-0.129794
29.636	-0.191293
29.637	-0.23113
29.638	-0.233538
29.639	-0.193059
29.64	-0.111489
29.641	0.003744
29.642	0.131461
29.643	0.232613
29.644	0.266987
29.645	0.222036
29.646	0.124128
29.647	0.017952
29.648	-0.065077
29.649	-0.119544
29.65	-0.154543
29.651	-0.176537
29.652	-0.184003
29.653	-0.174076
29.654	-0.150009
29.655	-0.121001
29.656	-0.095631
29.657	-0.077382
29.658	-0.067157
29.659	-0.067029
29.66	-0.078441
29.661	-0.097773
29.662	-0.116619
29.663	-0.127636
29.664	-0.129338
29.665	-0.123581
29.666	-0.108739
29.667	-0.079197
29.668	-0.034221
29.669	0.015471
29.67	0.053341
29.671	0.068151
29.672	0.058006
29.673	0.025852
29.674	-0.024948
29.675	-0.088408
29.676	-0.150692
29.677	-0.193009
29.678	-0.205208
29.679	-0.195019
29.68	-0.180337
29.681	-0.173389
29.682	-0.173886
29.683	-0.175335
29.684	-0.17484
29.685	-0.176334
29.686	-0.186446
29.687	-0.209135
29.688	-0.243388
29.689	-0.282985
29.69	-0.31731
29.691	-0.33457
29.692	-0.327057
29.693	-0.29531
29.694	-0.24827
29.695	-0.198939
29.696	-0.158152
29.697	-0.131107
29.698	-0.11877
29.699	-0.120422
29.7	-0.133144
29.701	-0.150195
29.702	-0.163098
29.703	-0.167203
29.704	-0.164528
29.705	-0.159002
29.706	-0.148443
29.707	-0.124749
29.708	-0.084774
29.709	-0.038117
29.71	-0.001189
29.711	0.014264
29.712	0.005015
29.713	-0.027917
29.714	-0.082223
29.715	-0.150162
29.716	-0.213845
29.717	-0.251776
29.718	-0.255085
29.719	-0.235314
29.72	-0.213285
29.721	-0.201557
29.722	-0.198737
29.723	-0.19773
29.724	-0.196208
29.725	-0.19933
29.726	-0.214396
29.727	-0.244104
29.728	-0.28407
29.729	-0.324475
29.73	-0.353449
29.731	-0.361157
29.732	-0.34354
29.733	-0.304006
29.734	-0.252143
29.735	-0.199788
29.736	-0.156301
29.737	-0.126182
29.738	-0.110548
29.739	-0.109489
29.74	-0.121387
29.741	-0.14088
29.742	-0.159915
29.743	-0.171015
29.744	-0.167093
29.745	-0.136059
29.746	-0.059263
29.747	0.074024
29.748	0.243133
29.749	0.392527
29.75	0.463592
29.751	0.436279
29.752	0.339572
29.753	0.222507
29.754	0.118685
29.755	0.03705
29.756	-0.023115
29.757	-0.059404
29.758	-0.070529
29.759	-0.064803
29.76	-0.056377
29.761	-0.053873
29.762	-0.056151
29.763	-0.058471
29.764	-0.0606
29.765	-0.06834
29.766	-0.08785
29.767	-0.119553
29.768	-0.157231
29.769	-0.19116
29.77	-0.211735
29.771	-0.212148
29.772	-0.190126
29.773	-0.148601
29.774	-0.094826
29.775	-0.038168
29.776	0.012511
29.777	0.050611
29.778	0.071994
29.779	0.075292
29.78	0.063527
29.781	0.044401
29.782	0.02669
29.783	0.01487
29.784	0.007421
29.785	0.002067
29.786	0.003121
29.787	0.020544
29.788	0.059318
29.789	0.111374
29.79	0.159328
29.791	0.186828
29.792	0.18512
29.793	0.153291
29.794	0.097105
29.795	0.029655
29.796	-0.029146
29.797	-0.059966
29.798	-0.056876
29.799	-0.032316
29.8	-0.00636
29.801	0.008407
29.802	0.011535
29.803	0.008061
29.804	0.000228
29.805	-0.014303
29.806	-0.038099
29.807	-0.069666
29.808	-0.1033
29.809	-0.131896
29.81	-0.149308
29.811	-0.150721
29.812	-0.132762
29.813	-0.095141
29.814	-0.042438
29.815	0.016404
29.816	0.070911
29.817	0.111798
29.818	0.132651
29.819	0.131919
29.82	0.114499
29.821	0.089957
29.822	0.067287
29.823	0.050061
29.824	0.036634
29.825	0.026509
29.826	0.02666
29.827	0.048473
29.828	0.095885
29.829	0.157673
29.83	0.212765
29.831	0.242199
29.832	0.236821
29.833	0.197946
29.834	0.134922
29.835	0.063594
29.836	0.004713
29.837	-0.023353
29.838	-0.01647
29.839	0.011585
29.84	0.04006
29.841	0.055699
29.842	0.057296
29.843	0.049503
29.844	0.03487
29.845	0.011665
29.846	-0.022646
29.847	-0.067009
29.848	-0.114478
29.849	-0.151381
29.85	-0.157548
29.851	-0.110637
29.852	0.001894
29.853	0.166914
29.854	0.34022
29.855	0.464899
29.856	0.505676
29.857	0.470256
29.858	0.398019
29.859	0.329079
29.86	0.28217
29.861	0.254414
29.862	0.234189
29.863	0.212136
29.864	0.184006
29.865	0.148731
29.866	0.106877
29.867	0.060894
29.868	0.015642
29.869	-0.022156
29.87	-0.045757
29.871	-0.050555
29.872	-0.03492
29.873	0.000339
29.874	0.052103
29.875	0.113798
29.876	0.174814
29.877	0.222855
29.878	0.248803
29.879	0.250852
29.88	0.23495
29.881	0.211178
29.882	0.18816
29.883	0.168814
29.884	0.149845
29.885	0.125164
29.886	0.090993
29.887	0.048986
29.888	0.005474
29.889	-0.031626
29.89	-0.055766
29.891	-0.063134
29.892	-0.052494
29.893	-0.024694
29.894	0.017031
29.895	0.06622
29.896	0.113394
29.897	0.148482
29.898	0.16459
29.899	0.160952
29.9	0.143111
29.901	0.119783
29.902	0.098034
29.903	0.079806
29.904	0.06173
29.905	0.038018
29.906	0.004825
29.907	-0.036789
29.908	-0.081011
29.909	-0.119532
29.91	-0.144378
29.911	-0.150261
29.912	-0.135428
29.913	-0.101339
29.914	-0.052743
29.915	0.001751
29.916	0.050723
29.917	0.083638
29.918	0.095044
29.919	0.086341
29.92	0.064418
29.921	0.038178
29.922	0.014331
29.923	-0.005762
29.924	-0.026175
29.925	-0.052684
29.926	-0.087701
29.927	-0.128315
29.928	-0.168392
29.929	-0.201561
29.93	-0.222901
29.931	-0.229329
29.932	-0.219218
29.933	-0.192408
29.934	-0.151523
29.935	-0.103436
29.936	-0.058737
29.937	-0.028366
29.938	-0.018811
29.939	-0.028709
29.94	-0.049699
29.941	-0.07164
29.942	-0.088576
29.943	-0.101242
29.944	-0.115049
29.945	-0.13555
29.946	-0.164685
29.947	-0.200206
29.948	-0.237284
29.949	-0.27004
29.95	-0.292926
29.951	-0.302166
29.952	-0.296124
29.953	-0.274506
29.954	-0.23723
29.955	-0.183112
29.956	-0.10881
29.957	-0.011117
29.958	0.104667
29.959	0.215573
29.96	0.284463
29.961	0.28191
29.962	0.21
29.963	0.102879
29.964	0.001782
29.965	-0.071028
29.966	-0.118239
29.967	-0.155159
29.968	-0.193756
29.969	-0.234826
29.97	-0.270497
29.971	-0.291287
29.972	-0.291212
29.973	-0.269624
29.974	-0.231538
29.975	-0.187103
29.976	-0.149399
29.977	-0.129968
29.978	-0.133422
29.979	-0.154802
29.98	-0.182567
29.981	-0.205532
29.982	-0.218913
29.983	-0.225771
29.984	-0.23363
29.985	-0.249007
29.986	-0.273792
29.987	-0.305481
29.988	-0.339261
29.989	-0.369382
29.99	-0.390092
29.991	-0.396849
29.992	-0.387142
29.993	-0.361034
29.994	-0.322224
29.995	-0.279258
29.996	-0.244836
29.997	-0.230728
29.998	-0.239279
29.999	-0.257983
