time_s	mv
0.0	0.057336
0.001	0.063452
0.002	0.06845
0.003	0.07128
0.004	0.071805
0.005	0.070579
0.006	0.06832
0.007	0.065565
0.008	0.062625
0.009	0.059392
0.01	0.055019
0.011	0.048252
0.012	0.038463
0.013	0.026508
0.014	0.014893
0.015	0.007233
0.016	0.006759
0.017	0.014133
0.018	0.026466
0.019	0.038906
0.02	0.047681
0.021	0.052215
0.022	0.054809
0.023	0.058342
0.024	0.064172
0.025	0.071869
0.026	0.080135
0.027	0.087517
0.028	0.092517
0.029	0.093487
0.03	0.088792
0.031	0.077572
0.032	0.060634
0.033	0.040668
0.034	0.021772
0.035	0.008404
0.036	0.003332
0.037	0.005916
0.038	0.013163
0.039	0.022509
0.04	0.0329
0.041	0.0436
0.042	0.053006
0.043	0.059242
0.044	0.061789
0.045	0.061799
0.046	0.060645
0.047	0.058815
0.048	0.05622
0.049	0.052533
0.05	0.047004
0.051	0.038788
0.052	0.027876
0.053	0.015744
0.054	0.005517
0.055	0.0013
0.056	0.005769
0.057	0.017496
0.058	0.031349
0.059	0.041976
0.06	0.046972
0.061	0.047365
0.062	0.045755
0.063	0.043881
0.064	0.041385
0.065	0.0364
0.066	0.02755
0.067	0.016407
0.068	0.009107
0.069	0.016262
0.07	0.050507
0.071	0.12071
0.072	0.222765
0.073	0.332026
0.074	0.408605
0.075	0.419704
0.076	0.362622
0.077	0.266529
0.078	0.172021
0.079	0.107489
0.08	0.079398
0.081	0.077825
0.082	0.087496
0.083	0.095924
0.084	0.096782
0.085	0.089498
0.086	0.076797
0.087	0.062298
0.088	0.048949
0.089	0.037799
0.09	0.027447
0.091	0.015097
0.092	-0.000824
0.093	-0.018161
0.094	-0.031488
0.095	-0.036308
0.096	-0.032901
0.097	-0.025728
0.098	-0.019685
0.099	-0.016986
0.1	-0.016564
0.101	-0.015601
0.102	-0.011768
0.103	-0.004863
0.104	0.002794
0.105	0.007687
0.106	0.007827
0.107	0.00426
0.108	-0.000942
0.109	-0.007657
0.11	-0.017668
0.111	-0.032105
0.112	-0.049514
0.113	-0.065699
0.114	-0.075335
0.115	-0.075022
0.116	-0.065537
0.117	-0.051236
0.118	-0.037569
0.119	-0.028834
0.12	-0.02694
0.121	-0.031168
0.122	-0.038952
0.123	-0.04699
0.124	-0.051995
0.125	-0.051512
0.126	-0.045079
0.127	-0.035029
0.128	-0.026259
0.129	-0.024161
0.13	-0.031076
0.131	-0.044643
0.132	-0.060103
0.133	-0.07335
0.134	-0.081475
0.135	-0.082646
0.136	-0.07729
0.137	-0.068462
0.138	-0.059907
0.139	-0.05374
0.14	-0.049722
0.141	-0.045963
0.142	-0.040374
0.143	-0.031823
0.144	-0.019878
0.145	-0.004538
0.146	0.011877
0.147	0.023006
0.148	0.021119
0.149	0.002731
0.15	-0.029003
0.151	-0.066926
0.152	-0.103471
0.153	-0.132321
0.154	-0.149121
0.155	-0.15259
0.156	-0.145443
0.157	-0.133294
0.158	-0.121283
0.159	-0.111369
0.16	-0.103013
0.161	-0.095732
0.162	-0.090185
0.163	-0.087205
0.164	-0.086578
0.165	-0.086935
0.166	-0.086798
0.167	-0.086177
0.168	-0.087206
0.169	-0.092705
0.17	-0.103744
0.171	-0.118317
0.172	-0.132248
0.173	-0.141557
0.174	-0.144253
0.175	-0.14041
0.176	-0.131504
0.177	-0.120191
0.178	-0.109881
0.179	-0.103325
0.18	-0.101293
0.181	-0.102595
0.182	-0.10537
0.183	-0.108783
0.184	-0.113453
0.185	-0.119168
0.186	-0.121454
0.187	-0.111117
0.188	-0.078405
0.189	-0.019545
0.19	0.057346
0.191	0.130631
0.192	0.172732
0.193	0.16589
0.194	0.114288
0.195	0.041258
0.196	-0.0258
0.197	-0.069873
0.198	-0.08847
0.199	-0.088636
0.2	-0.080152
0.201	-0.071103
0.202	-0.065925
0.203	-0.065459
0.204	-0.068238
0.205	-0.072063
0.206	-0.075745
0.207	-0.080247
0.208	-0.087878
0.209	-0.100153
0.21	-0.116305
0.211	-0.133221
0.212	-0.146711
0.213	-0.153612
0.214	-0.153137
0.215	-0.146585
0.216	-0.136504
0.217	-0.126077
0.218	-0.118017
0.219	-0.11335
0.22	-0.11131
0.221	-0.110331
0.222	-0.109195
0.223	-0.107681
0.224	-0.106144
0.225	-0.104515
0.226	-0.102386
0.227	-0.100423
0.228	-0.10121
0.229	-0.107981
0.23	-0.121832
0.231	-0.139905
0.232	-0.156618
0.233	-0.166994
0.234	-0.168925
0.235	-0.163141
0.236	-0.152383
0.237	-0.140515
0.238	-0.131011
0.239	-0.125432
0.24	-0.123065
0.241	-0.121847
0.242	-0.120031
0.243	-0.117228
0.244	-0.113764
0.245	-0.109704
0.246	-0.105468
0.247	-0.102993
0.248	-0.105287
0.249	-0.114449
0.25	-0.129774
0.251	-0.147401
0.252	-0.162074
0.253	-0.169925
0.254	-0.170031
0.255	-0.164107
0.256	-0.155541
0.257	-0.148031
0.258	-0.143537
0.259	-0.141058
0.26	-0.137695
0.261	-0.131046
0.262	-0.120936
0.263	-0.109182
0.264	-0.097865
0.265	-0.088357
0.266	-0.081998
0.267	-0.080851
0.268	-0.087166
0.269	-0.101974
0.27	-0.12389
0.271	-0.148931
0.272	-0.171859
0.273	-0.188399
0.274	-0.196628
0.275	-0.197007
0.276	-0.19178
0.277	-0.184072
0.278	-0.176805
0.279	-0.171858
0.28	-0.169694
0.281	-0.169558
0.282	-0.170138
0.283	-0.170063
0.284	-0.168021
0.285	-0.163162
0.286	-0.155947
0.287	-0.148683
0.288	-0.145161
0.289	-0.149091
0.29	-0.16152
0.291	-0.179114
0.292	-0.195604
0.293	-0.205618
0.294	-0.207472
0.295	-0.203212
0.296	-0.197002
0.297	-0.193047
0.298	-0.193532
0.299	-0.197542
0.3	-0.202043
0.301	-0.204388
0.302	-0.204226
0.303	-0.203454
0.304	-0.204722
0.305	-0.209199
0.306	-0.213763
0.307	-0.209281
0.308	-0.18293
0.309	-0.125377
0.31	-0.039669
0.311	0.053693
0.312	0.121698
0.313	0.136039
0.314	0.091888
0.315	0.010966
0.316	-0.073741
0.317	-0.136876
0.318	-0.169586
0.319	-0.176981
0.32	-0.170668
0.321	-0.162124
0.322	-0.158599
0.323	-0.161784
0.324	-0.169254
0.325	-0.177314
0.326	-0.18346
0.327	-0.187849
0.328	-0.193384
0.329	-0.203798
0.33	-0.220691
0.331	-0.241812
0.332	-0.261957
0.333	-0.2758
0.334	-0.280591
0.335	-0.277061
0.336	-0.268364
0.337	-0.258274
0.338	-0.249768
0.339	-0.24425
0.34	-0.24147
0.341	-0.240088
0.342	-0.23851
0.343	-0.235782
0.344	-0.232008
0.345	-0.227675
0.346	-0.223076
0.347	-0.2192
0.348	-0.218689
0.349	-0.224805
0.35	-0.23892
0.351	-0.258803
0.352	-0.279249
0.353	-0.294576
0.354	-0.301369
0.355	-0.3
0.356	-0.294128
0.357	-0.288505
0.358	-0.286262
0.359	-0.287175
0.36	-0.288293
0.361	-0.286483
0.362	-0.280706
0.363	-0.272416
0.364	-0.264158
0.365	-0.257808
0.366	-0.254159
0.367	-0.253789
0.368	-0.257395
0.369	-0.265251
0.37	-0.276894
0.371	-0.291065
0.372	-0.30553
0.373	-0.317409
0.374	-0.324263
0.375	-0.325183
0.376	-0.321297
0.377	-0.315494
0.378	-0.310908
0.379	-0.3089
0.38	-0.308437
0.381	-0.307178
0.382	-0.303052
0.383	-0.295358
0.384	-0.28469
0.385	-0.272025
0.386	-0.258477
0.387	-0.246005
0.388	-0.237837
0.389	-0.237702
0.39	-0.247972
0.391	-0.267758
0.392	-0.2926
0.393	-0.31641
0.394	-0.334106
0.395	-0.343019
0.396	-0.343205
0.397	-0.337317
0.398	-0.329435
0.399	-0.323022
0.4	-0.319391
0.401	-0.317565
0.402	-0.315545
0.403	-0.311954
0.404	-0.306445
0.405	-0.299144
0.406	-0.290715
0.407	-0.282925
0.408	-0.278457
0.409	-0.279974
0.41	-0.289049
0.411	-0.305123
0.412	-0.325089
0.413	-0.344232
0.414	-0.358051
0.415	-0.364116
0.416	-0.36352
0.417	-0.360407
0.418	-0.358751
0.419	-0.35919
0.42	-0.359233
0.421	-0.356293
0.422	-0.350356
0.423	-0.343845
0.424	-0.339494
0.425	-0.339046
0.426	-0.34291
0.427	-0.348558
0.428	-0.348085
0.429	-0.328753
0.43	-0.278669
0.431	-0.195496
0.432	-0.094175
0.433	-0.007235
0.434	0.029432
0.435	-0.000139
0.436	-0.080218
0.437	-0.174801
0.438	-0.250572
0.439	-0.292485
0.44	-0.304352
0.441	-0.299398
0.442	-0.290212
0.443	-0.283788
0.444	-0.281576
0.445	-0.281777
0.446	-0.281591
0.447	-0.279132
0.448	-0.275438
0.449	-0.275015
0.45	-0.283255
0.451	-0.302418
0.452	-0.329632
0.453	-0.358118
0.454	-0.380356
0.455	-0.391709
0.456	-0.392712
0.457	-0.387911
0.458	-0.382071
0.459	-0.377225
0.46	-0.372543
0.461	-0.366378
0.462	-0.35831
0.463	-0.349355
0.464	-0.340796
0.465	-0.333273
0.466	-0.326848
0.467	-0.321764
0.468	-0.319124
0.469	-0.320804
0.47	-0.328653
0.471	-0.343371
0.472	-0.363414
0.473	-0.38462
0.474	-0.401409
0.475	-0.409633
0.476	-0.409041
0.477	-0.40286
0.478	-0.394929
0.479	-0.387099
0.48	-0.378875
0.481	-0.36911
0.482	-0.357786
0.483	-0.346231
0.484	-0.336019
0.485	-0.327709
0.486	-0.320511
0.487	-0.31349
0.488	-0.30737
0.489	-0.30508
0.49	-0.310378
0.491	-0.325378
0.492	-0.34861
0.493	-0.37496
0.494	-0.397779
0.495	-0.411834
0.496	-0.415135
0.497	-0.409135
0.498	-0.397846
0.499	-0.385941
0.5	-0.376411
0.501	-0.369203
0.502	-0.361709
0.503	-0.350867
0.504	-0.335446
0.505	-0.31666
0.506	-0.29705
0.507	-0.279461
0.508	-0.267034
0.509	-0.263254
0.51	-0.271054
0.511	-0.29116
0.512	-0.320835
0.513	-0.35424
0.514	-0.384544
0.515	-0.406473
0.516	-0.41791
0.517	-0.420136
0.518	-0.416512
0.519	-0.410086
0.52	-0.402123
0.521	-0.392544
0.522	-0.381109
0.523	-0.368243
0.524	-0.355089
0.525	-0.342867
0.526	-0.332349
0.527	-0.323947
0.528	-0.318087
0.529	-0.315769
0.53	-0.319008
0.531	-0.330077
0.532	-0.349467
0.533	-0.374326
0.534	-0.399015
0.535	-0.417385
0.536	-0.425393
0.537	-0.423074
0.538	-0.414457
0.539	-0.404646
0.54	-0.396307
0.541	-0.388687
0.542	-0.379601
0.543	-0.368185
0.544	-0.356042
0.545	-0.346149
0.546	-0.340784
0.547	-0.339693
0.548	-0.338882
0.549	-0.330323
0.55	-0.303467
0.551	-0.249599
0.552	-0.169306
0.553	-0.080152
0.554	-0.015406
0.555	-0.006457
0.556	-0.059902
0.557	-0.151734
0.558	-0.244155
0.559	-0.308289
0.56	-0.335513
0.561	-0.33398
0.562	-0.318004
0.563	-0.299536
0.564	-0.285048
0.565	-0.276041
0.566	-0.271011
0.567	-0.267796
0.568	-0.265659
0.569	-0.266451
0.57	-0.273969
0.571	-0.291579
0.572	-0.319758
0.573	-0.355118
0.574	-0.391063
0.575	-0.420092
0.576	-0.437383
0.577	-0.44313
0.578	-0.441012
0.579	-0.434363
0.58	-0.424062
0.581	-0.409518
0.582	-0.39092
0.583	-0.37034
0.584	-0.350792
0.585	-0.334476
0.586	-0.321918
0.587	-0.312391
0.588	-0.305149
0.589	-0.300922
0.59	-0.302579
0.591	-0.313916
0.592	-0.337007
0.593	-0.369937
0.594	-0.406371
0.595	-0.437656
0.596	-0.456666
0.597	-0.460841
0.598	-0.452675
0.599	-0.437667
0.6	-0.420836
0.601	-0.404192
0.602	-0.387208
0.603	-0.369214
0.604	-0.35092
0.605	-0.333906
0.606	-0.319236
0.607	-0.306952
0.608	-0.297078
0.609	-0.29116
0.61	-0.292669
0.611	-0.305416
0.612	-0.33094
0.613	-0.366667
0.614	-0.405976
0.615	-0.440465
0.616	-0.463348
0.617	-0.471775
0.618	-0.466929
0.619	-0.452371
0.62	-0.431719
0.621	-0.407361
0.622	-0.380855
0.623	-0.353587
0.624	-0.326734
0.625	-0.301245
0.626	-0.278129
0.627	-0.258553
0.628	-0.243714
0.629	-0.235093
0.63	-0.235198
0.631	-0.247536
0.632	-0.274501
0.633	-0.314275
0.634	-0.359777
0.635	-0.401356
0.636	-0.431256
0.637	-0.446156
0.638	-0.446576
0.639	-0.434932
0.64	-0.414273
0.641	-0.388134
0.642	-0.360424
0.643	-0.33448
0.644	-0.312044
0.645	-0.293266
0.646	-0.277452
0.647	-0.263744
0.648	-0.25184
0.649	-0.243118
0.65	-0.241377
0.651	-0.251753
0.652	-0.277662
0.653	-0.317667
0.654	-0.364548
0.655	-0.407408
0.656	-0.435795
0.657	-0.443958
0.658	-0.433195
0.659	-0.41039
0.66	-0.383395
0.661	-0.35692
0.662	-0.331813
0.663	-0.307259
0.664	-0.283422
0.665	-0.262311
0.666	-0.2467
0.667	-0.238481
0.668	-0.237083
0.669	-0.238088
0.67	-0.232894
0.671	-0.210647
0.672	-0.163325
0.673	-0.093964
0.674	-0.02347
0.675	0.014552
0.676	-0.005259
0.677	-0.079493
0.678	-0.176574
0.679	-0.257679
0.68	-0.298663
0.681	-0.297968
0.682	-0.270162
0.683	-0.233876
0.684	-0.202984
0.685	-0.18386
0.686	-0.176551
0.687	-0.177297
0.688	-0.181404
0.689	-0.186256
0.69	-0.193607
0.691	-0.209275
0.692	-0.239661
0.693	-0.286964
0.694	-0.346056
0.695	-0.405256
0.696	-0.451087
0.697	-0.474385
0.698	-0.473624
0.699	-0.453612
0.7	-0.42184
0.701	-0.385294
0.702	-0.348674
0.703	-0.314584
0.704	-0.284958
0.705	-0.261459
0.706	-0.244458
0.707	-0.232553
0.708	-0.223867
0.709	-0.218304
0.71	-0.218954
0.711	-0.23139
0.712	-0.260913
0.713	-0.308984
0.714	-0.370582
0.715	-0.434126
0.716	-0.485075
0.717	-0.512093
0.718	-0.511906
0.719	-0.489478
0.72	-0.453817
0.721	-0.412844
0.722	-0.371102
0.723	-0.331143
0.724	-0.295651
0.725	-0.267468
0.726	-0.248083
0.727	-0.236577
0.728	-0.230071
0.729	-0.226009
0.73	-0.225299
0.731	-0.233486
0.732	-0.258063
0.733	-0.303209
0.734	-0.365404
0.735	-0.432905
0.736	-0.489955
0.737	-0.523375
0.738	-0.527347
0.739	-0.504185
0.74	-0.461891
0.741	-0.410325
0.742	-0.357927
0.743	-0.310275
0.744	-0.270086
0.745	-0.237916
0.746	-0.213225
0.747	-0.194859
0.748	-0.180996
0.749	-0.170414
0.75	-0.165382
0.751	-0.173078
0.752	-0.202678
0.753	-0.259114
0.754	-0.337538
0.755	-0.422585
0.756	-0.49385
0.757	-0.534525
0.758	-0.537938
0.759	-0.508645
0.76	-0.458286
0.761	-0.399628
0.762	-0.342738
0.763	-0.294047
0.764	-0.256589
0.765	-0.230364
0.766	-0.212789
0.767	-0.199563
0.768	-0.186625
0.769	-0.173171
0.77	-0.163948
0.771	-0.168639
0.772	-0.19766
0.773	-0.25595
0.774	-0.337873
0.775	-0.426756
0.776	-0.500602
0.777	-0.541149
0.778	-0.541043
0.779	-0.50545
0.78	-0.44778
0.781	-0.382765
0.782	-0.321384
0.783	-0.26952
0.784	-0.229302
0.785	-0.201233
0.786	-0.18522
0.787	-0.179762
0.788	-0.180648
0.789	-0.180882
0.79	-0.172532
0.791	-0.149828
0.792	-0.112011
0.793	-0.066088
0.794	-0.029555
0.795	-0.027319
0.796	-0.076863
0.797	-0.170408
0.798	-0.273345
0.799	-0.344121
0.8	-0.358681
0.801	-0.320498
0.802	-0.252882
0.803	-0.183149
0.804	-0.130279
0.805	-0.101377
0.806	-0.093932
0.807	-0.099161
0.808	-0.105855
0.809	-0.105886
0.81	-0.100195
0.811	-0.101092
0.812	-0.127274
0.813	-0.192863
0.814	-0.296667
0.815	-0.418678
0.816	-0.526891
0.817	-0.591237
0.818	-0.596957
0.819	-0.549748
0.82	-0.470143
0.821	-0.381874
0.822	-0.302043
0.823	-0.238145
0.824	-0.191388
0.825	-0.160845
0.826	-0.143918
0.827	-0.134773
0.828	-0.125359
0.829	-0.110297
0.83	-0.092683
0.831	-0.086229
0.832	-0.110568
0.833	-0.180628
0.834	-0.295548
0.835	-0.434233
0.836	-0.561587
0.837	-0.64312
0.838	-0.659836
0.839	-0.614603
0.84	-0.527433
0.841	-0.424356
0.842	-0.326906
0.843	-0.247313
0.844	-0.190001
0.845	-0.155158
0.846	-0.139924
0.847	-0.137273
0.848	-0.13602
0.849	-0.125437
0.85	-0.10402
0.851	-0.085906
0.852	-0.097271
0.853	-0.161926
0.854	-0.284368
0.855	-0.441691
0.856	-0.590693
0.857	-0.68717
0.858	-0.706246
0.859	-0.651424
0.86	-0.548325
0.861	-0.429415
0.862	-0.320244
0.863	-0.234854
0.864	-0.179565
0.865	-0.157279
0.866	-0.166422
0.867	-0.196602
0.868	-0.228335
0.869	-0.241848
0.87	-0.23129
0.871	-0.213799
0.872	-0.224969
0.873	-0.300768
0.874	-0.454733
0.875	-0.664062
0.876	-0.875445
0.877	-1.029763
0.878	-1.090669
0.879	-1.058714
0.88	-0.964295
0.881	-0.847633
0.882	-0.740373
0.883	-0.65856
0.884	-0.605959
0.885	-0.580005
0.886	-0.575078
0.887	-0.58358
0.888	-0.598204
0.889	-0.6149
0.89	-0.625332
0.891	-0.58438
0.892	-0.367405
0.893	0.211775
0.894	1.266202
0.895	2.684805
0.896	4.152194
0.897	5.33914
0.898	6.067149
0.899	6.328629
0.9	6.215908
0.901	5.849924
0.902	5.344289
0.903	4.792754
0.904	4.260242
0.905	3.777371
0.906	3.348027
0.907	2.966353
0.908	2.631902
0.909	2.358419
0.91	2.173646
0.911	2.107639
0.912	2.176236
0.913	2.368377
0.914	2.637979
0.915	2.907476
0.916	3.09504
0.917	3.150939
0.918	3.069805
0.919	2.873108
0.92	2.588492
0.921	2.246549
0.922	1.887845
0.923	1.561462
0.924	1.310809
0.925	1.158449
0.926	1.100508
0.927	1.112895
0.928	1.165042
0.929	1.231479
0.93	1.295302
0.931	1.349081
0.932	1.397712
0.933	1.455471
0.934	1.532742
0.935	1.623685
0.936	1.70518
0.937	1.744012
0.938	1.707256
0.939	1.574577
0.94	1.348922
0.941	1.060836
0.942	0.763316
0.943	0.516444
0.944	0.367596
0.945	0.337895
0.946	0.420386
0.947	0.586632
0.948	0.795978
0.949	1.005757
0.95	1.1829
0.951	1.312784
0.952	1.398741
0.953	1.452576
0.954	1.483139
0.955	1.48899
0.956	1.458216
0.957	1.375717
0.958	1.232863
0.959	1.032292
0.96	0.787502
0.961	0.522105
0.962	0.269125
0.963	0.067006
0.964	-0.048246
0.965	-0.052155
0.966	0.061314
0.967	0.277331
0.968	0.561704
0.969	0.865933
0.97	1.138944
0.971	1.343717
0.972	1.467665
0.973	1.519046
0.974	1.513326
0.975	1.459579
0.976	1.356225
0.977	1.197706
0.978	0.984273
0.979	0.727048
0.98	0.447778
0.981	0.175231
0.982	-0.060359
0.983	-0.230472
0.984	-0.30756
0.985	-0.267948
0.986	-0.102677
0.987	0.172118
0.988	0.514896
0.989	0.868855
0.99	1.177572
0.991	1.401039
0.992	1.525368
0.993	1.559741
0.994	1.522119
0.995	1.424736
0.996	1.270866
0.997	1.062985
0.998	0.811122
0.999	0.533538
1.0	0.252272
1.001	-0.011289
1.002	-0.236649
1.003	-0.399159
1.004	-0.467813
1.005	-0.414288
1.006	-0.227861
1.007	0.074767
1.008	0.449862
1.009	0.837865
1.01	1.180526
1.011	1.434904
1.012	1.580111
1.013	1.61686
1.014	1.559393
1.015	1.424681
1.016	1.22784
1.017	0.984346
1.018	0.712279
1.019	0.432549
1.02	0.169252
1.021	-0.05097
1.022	-0.204003
1.023	-0.283822
1.024	-0.336343
1.025	-0.49484
1.026	-0.948043
1.027	-1.794239
1.028	-2.895959
1.029	-3.923474
1.03	-4.569204
1.031	-4.718481
1.032	-4.452765
1.033	-3.94788
1.034	-3.377928
1.035	-2.869193
1.036	-2.484531
1.037	-2.220102
1.038	-2.023691
1.039	-1.835415
1.04	-1.625837
1.041	-1.407137
1.042	-1.215983
1.043	-1.084822
1.044	-1.020327
1.045	-1.000074
1.046	-0.987153
1.047	-0.951309
1.048	-0.882893
1.049	-0.793262
1.05	-0.704174
1.051	-0.633625
1.052	-0.585731
1.053	-0.549451
1.054	-0.506218
1.055	-0.440658
1.056	-0.346841
1.057	-0.228072
1.058	-0.094152
1.059	0.040654
1.06	0.159298
1.061	0.244614
1.062	0.283562
1.063	0.272552
1.064	0.221237
1.065	0.151144
1.066	0.088239
1.067	0.052165
1.068	0.047367
1.069	0.062042
1.07	0.076811
1.071	0.077306
1.072	0.062261
1.073	0.043186
1.074	0.03713
1.075	0.057574
1.076	0.108842
1.077	0.185959
1.078	0.277893
1.079	0.370966
1.08	0.45079
1.081	0.503508
1.082	0.518385
1.083	0.492285
1.084	0.433052
1.085	0.357945
1.086	0.287146
1.087	0.236045
1.088	0.210119
1.089	0.204176
1.09	0.206009
1.091	0.203514
1.092	0.192197
1.093	0.178057
1.094	0.173544
1.095	0.189754
1.096	0.230435
1.097	0.291101
1.098	0.362434
1.099	0.433991
1.1	0.494916
1.101	0.533419
1.102	0.539571
1.103	0.511023
1.104	0.456272
1.105	0.39219
1.106	0.337109
1.107	0.303217
1.108	0.291827
1.109	0.293733
1.11	0.294702
1.111	0.283518
1.112	0.25848
1.113	0.22891
1.114	0.210261
1.115	0.215299
1.116	0.247568
1.117	0.301454
1.118	0.366854
1.119	0.432899
1.12	0.488344
1.121	0.522152
1.122	0.52721
1.123	0.503627
1.124	0.458115
1.125	0.401511
1.126	0.346407
1.127	0.30397
1.128	0.279762
1.129	0.270627
1.13	0.265858
1.131	0.254178
1.132	0.23277
1.133	0.210909
1.134	0.204563
1.135	0.226091
1.136	0.27658
1.137	0.345781
1.138	0.418931
1.139	0.483933
1.14	0.532843
1.141	0.559584
1.142	0.559914
1.143	0.534364
1.144	0.48965
1.145	0.435708
1.146	0.380885
1.147	0.33025
1.148	0.288679
1.149	0.264672
1.15	0.269659
1.151	0.312642
1.152	0.393353
1.153	0.496275
1.154	0.590534
1.155	0.642648
1.156	0.637576
1.157	0.589523
1.158	0.531115
1.159	0.491114
1.16	0.479032
1.161	0.484863
1.162	0.489882
1.163	0.479156
1.164	0.448345
1.165	0.403229
1.166	0.35497
1.167	0.314486
1.168	0.287795
1.169	0.273719
1.17	0.265515
1.171	0.256463
1.172	0.245657
1.173	0.239214
1.174	0.246265
1.175	0.273507
1.176	0.321792
1.177	0.385509
1.178	0.454309
1.179	0.516236
1.18	0.560821
1.181	0.581383
1.182	0.576465
1.183	0.549821
1.184	0.508758
1.185	0.46193
1.186	0.417441
1.187	0.381359
1.188	0.356684
1.189	0.343001
1.19	0.337361
1.191	0.336568
1.192	0.339731
1.193	0.349251
1.194	0.369469
1.195	0.403639
1.196	0.450997
1.197	0.506142
1.198	0.561316
1.199	0.609303
1.2	0.644395
1.201	0.661973
1.202	0.659065
1.203	0.63602
1.204	0.597263
1.205	0.5503
1.206	0.503678
1.207	0.464685
1.208	0.437283
1.209	0.421117
1.21	0.412671
1.211	0.408204
1.212	0.406462
1.213	0.40965
1.214	0.422399
1.215	0.448926
1.216	0.489897
1.217	0.541246
1.218	0.595283
1.219	0.642688
1.22	0.674743
1.221	0.685825
1.222	0.675302
1.223	0.647314
1.224	0.608659
1.225	0.566909
1.226	0.529456
1.227	0.50197
1.228	0.485986
1.229	0.477887
1.23	0.471408
1.231	0.462365
1.232	0.451829
1.233	0.445772
1.234	0.451958
1.235	0.475824
1.236	0.517288
1.237	0.570178
1.238	0.624539
1.239	0.670245
1.24	0.69973
1.241	0.708947
1.242	0.697256
1.243	0.667237
1.244	0.624571
1.245	0.577199
1.246	0.53327
1.247	0.498627
1.248	0.475264
1.249	0.461855
1.25	0.455924
1.251	0.455807
1.252	0.461501
1.253	0.47502
1.254	0.499835
1.255	0.538335
1.256	0.588522
1.257	0.642955
1.258	0.691459
1.259	0.725803
1.26	0.742319
1.261	0.740682
1.262	0.721613
1.263	0.686497
1.264	0.638329
1.265	0.582183
1.266	0.525132
1.267	0.476739
1.268	0.449551
1.269	0.457443
1.27	0.510483
1.271	0.607365
1.272	0.728973
1.273	0.839444
1.274	0.900888
1.275	0.896436
1.276	0.842118
1.277	0.774811
1.278	0.726924
1.279	0.708994
1.28	0.710084
1.281	0.710211
1.282	0.693542
1.283	0.655047
1.284	0.599958
1.285	0.539375
1.286	0.48528
1.287	0.446522
1.288	0.426397
1.289	0.422446
1.29	0.428458
1.291	0.437677
1.292	0.446223
1.293	0.45535
1.294	0.470382
1.295	0.49634
1.296	0.533566
1.297	0.576361
1.298	0.615273
1.299	0.641379
1.3	0.649152
1.301	0.636483
1.302	0.604085
1.303	0.555851
1.304	0.498722
1.305	0.440968
1.306	0.390133
1.307	0.351948
1.308	0.33004
1.309	0.325934
1.31	0.339042
1.311	0.366691
1.312	0.40495
1.313	0.450408
1.314	0.501189
1.315	0.555693
1.316	0.610465
1.317	0.660822
1.318	0.705973
1.319	0.754802
1.32	0.825084
1.321	0.933836
1.322	1.08624
1.323	1.27225
1.324	1.470638
1.325	1.654953
1.326	1.799497
1.327	1.884755
1.328	1.90032
1.329	1.845075
1.33	1.725345
1.331	1.551988
1.332	1.339298
1.333	1.106392
1.334	0.876943
1.335	0.675443
1.336	0.523197
1.337	0.435865
1.338	0.421459
1.339	0.478863
1.34	0.597837
1.341	0.761192
1.342	0.949457
1.343	1.145164
1.344	1.333112
1.345	1.498731
1.346	1.628381
1.347	1.710623
1.348	1.736899
1.349	1.702504
1.35	1.607888
1.351	1.459534
1.352	1.270587
1.353	1.060186
1.354	0.850569
1.355	0.664244
1.356	0.522422
1.357	0.442196
1.358	0.431822
1.359	0.487626
1.36	0.595889
1.361	0.73914
1.362	0.901974
1.363	1.0718
1.364	1.23582
1.365	1.379857
1.366	1.490809
1.367	1.558934
1.368	1.578029
1.369	1.545183
1.37	1.46119
1.371	1.331593
1.372	1.167764
1.373	0.986224
1.374	0.80622
1.375	0.647726
1.376	0.529596
1.377	0.466018
1.378	0.462714
1.379	0.515805
1.38	0.614026
1.381	0.74315
1.382	0.889608
1.383	1.040948
1.384	1.184885
1.385	1.309358
1.386	1.402872
1.387	1.454798
1.388	1.457457
1.389	1.409997
1.39	1.321846
1.391	1.213688
1.392	1.113684
1.393	1.047831
1.394	1.027207
1.395	1.038401
1.396	1.047103
1.397	1.020537
1.398	0.954272
1.399	0.877677
1.4	0.832694
1.401	0.846808
1.402	0.920669
1.403	1.033071
1.404	1.154829
1.405	1.261571
1.406	1.338761
1.407	1.379953
1.408	1.383387
1.409	1.349443
1.41	1.279676
1.411	1.177692
1.412	1.050042
1.413	0.906028
1.414	0.758016
1.415	0.621998
1.416	0.515409
1.417	0.452198
1.418	0.438389
1.419	0.470528
1.42	0.538124
1.421	0.628704
1.422	0.731206
1.423	0.836331
1.424	0.936223
1.425	1.023846
1.426	1.091623
1.427	1.131646
1.428	1.138375
1.429	1.111011
1.43	1.053341
1.431	0.971337
1.432	0.870445
1.433	0.755753
1.434	0.635501
1.435	0.522923
1.436	0.43303
1.437	0.377713
1.438	0.363074
1.439	0.388701
1.44	0.448268
1.441	0.531543
1.442	0.626843
1.443	0.723416
1.444	0.813265
1.445	0.890644
1.446	0.949982
1.447	0.985631
1.448	0.993758
1.449	0.973644
1.45	0.927417
1.451	0.858822
1.452	0.771965
1.453	0.671851
1.454	0.566513
1.455	0.467549
1.456	0.387921
1.457	0.339079
1.458	0.328027
1.459	0.354435
1.46	0.410264
1.461	0.48313
1.462	0.561149
1.463	0.636602
1.464	0.706346
1.465	0.768724
1.466	0.820543
1.467	0.857229
1.468	0.874537
1.469	0.869507
1.47	0.840971
1.471	0.789893
1.472	0.719341
1.473	0.634771
1.474	0.544167
1.475	0.456851
1.476	0.382285
1.477	0.32977
1.478	0.306969
1.479	0.316793
1.48	0.355592
1.481	0.41442
1.482	0.482654
1.483	0.551998
1.484	0.61766
1.485	0.675904
1.486	0.721861
1.487	0.750427
1.488	0.758531
1.489	0.74651
1.49	0.717398
1.491	0.674366
1.492	0.619128
1.493	0.553379
1.494	0.480978
1.495	0.408433
1.496	0.34449
1.497	0.299233
1.498	0.281319
1.499	0.294167
1.5	0.333887
1.501	0.390494
1.502	0.452235
1.503	0.510536
1.504	0.561625
1.505	0.604217
1.506	0.636738
1.507	0.65645
1.508	0.660041
1.509	0.644775
1.51	0.61006
1.511	0.560173
1.512	0.507678
1.513	0.473448
1.514	0.479386
1.515	0.535744
1.516	0.629335
1.517	0.722031
1.518	0.76842
1.519	0.745389
1.52	0.668364
1.521	0.579178
1.522	0.518115
1.523	0.503153
1.524	0.527259
1.525	0.569468
1.526	0.608843
1.527	0.632506
1.528	0.636306
1.529	0.62164
1.53	0.591857
1.531	0.550327
1.532	0.500328
1.533	0.44482
1.534	0.385771
1.535	0.325363
1.536	0.268769
1.537	0.224512
1.538	0.201172
1.539	0.203416
1.54	0.229715
1.541	0.272733
1.542	0.322614
1.543	0.371025
1.544	0.413159
1.545	0.447198
1.546	0.472342
1.547	0.487165
1.548	0.490101
1.549	0.481259
1.55	0.462853
1.551	0.437605
1.552	0.406787
1.553	0.36957
1.554	0.324724
1.555	0.273937
1.556	0.223634
1.557	0.183343
1.558	0.162057
1.559	0.164491
1.56	0.188629
1.561	0.226581
1.562	0.26857
1.563	0.306882
1.564	0.337693
1.565	0.360765
1.566	0.377575
1.567	0.389223
1.568	0.395355
1.569	0.39413
1.57	0.383326
1.571	0.362214
1.572	0.332171
1.573	0.295161
1.574	0.252654
1.575	0.20699
1.576	0.163059
1.577	0.127886
1.578	0.108541
1.579	0.10933
1.58	0.129474
1.581	0.163116
1.582	0.201778
1.583	0.237531
1.584	0.265626
1.585	0.285387
1.586	0.298522
1.587	0.306632
1.588	0.310389
1.589	0.310226
1.59	0.306904
1.591	0.300957
1.592	0.291348
1.593	0.275203
1.594	0.249977
1.595	0.215863
1.596	0.176143
1.597	0.136759
1.598	0.105753
1.599	0.090841
1.6	0.095529
1.601	0.11685
1.602	0.146626
1.603	0.175716
1.604	0.198523
1.605	0.21419
1.606	0.224121
1.607	0.22936
1.608	0.23022
1.609	0.227106
1.61	0.220951
1.611	0.212567
1.612	0.20142
1.613	0.185474
1.614	0.162754
1.615	0.132878
1.616	0.097883
1.617	0.063147
1.618	0.036807
1.619	0.02594
1.62	0.032214
1.621	0.050862
1.622	0.073466
1.623	0.092527
1.624	0.104948
1.625	0.112047
1.626	0.116716
1.627	0.12071
1.628	0.123497
1.629	0.122392
1.63	0.113852
1.631	0.095997
1.632	0.071972
1.633	0.052827
1.634	0.056566
1.635	0.100865
1.636	0.191752
1.637	0.313095
1.638	0.42475
1.639	0.479398
1.64	0.452554
1.641	0.359853
1.642	0.245151
1.643	0.15187
1.644	0.101588
1.645	0.090986
1.646	0.102148
1.647	0.116091
1.648	0.121717
1.649	0.117367
1.65	0.107104
1.651	0.095584
1.652	0.084633
1.653	0.072821
1.654	0.056764
1.655	0.032738
1.656	-0.000862
1.657	-0.04062
1.658	-0.077674
1.659	-0.101258
1.66	-0.10455
1.661	-0.089168
1.662	-0.064261
1.663	-0.040459
1.664	-0.024156
1.665	-0.016285
1.666	-0.014376
1.667	-0.015098
1.668	-0.016116
1.669	-0.016905
1.67	-0.018347
1.671	-0.021619
1.672	-0.027276
1.673	-0.035513
1.674	-0.047613
1.675	-0.066227
1.676	-0.092583
1.677	-0.123231
1.678	-0.150549
1.679	-0.167064
1.68	-0.169877
1.681	-0.161882
1.682	-0.149135
1.683	-0.136868
1.684	-0.127604
1.685	-0.121747
1.686	-0.118541
1.687	-0.116759
1.688	-0.115572
1.689	-0.115166
1.69	-0.116503
1.691	-0.120285
1.692	-0.125979
1.693	-0.132545
1.694	-0.14063
1.695	-0.153158
1.696	-0.1729
1.697	-0.199377
1.698	-0.227573
1.699	-0.249474
1.7	-0.258341
1.701	-0.252961
1.702	-0.238184
1.703	-0.22165
1.704	-0.209782
1.705	-0.205174
1.706	-0.206275
1.707	-0.209357
1.708	-0.21094
1.709	-0.208896
1.71	-0.202637
1.711	-0.193206
1.712	-0.183079
1.713	-0.175679
1.714	-0.174822
1.715	-0.183787
1.716	-0.203901
1.717	-0.23313
1.718	-0.265479
1.719	-0.292564
1.72	-0.307736
1.721	-0.309797
1.722	-0.302879
1.723	-0.293268
1.724	-0.286241
1.725	-0.284008
1.726	-0.285141
1.727	-0.286189
1.728	-0.284386
1.729	-0.279393
1.73	-0.273106
1.731	-0.267841
1.732	-0.264631
1.733	-0.263516
1.734	-0.265192
1.735	-0.271697
1.736	-0.285202
1.737	-0.305655
1.738	-0.328973
1.739	-0.348147
1.74	-0.357382
1.741	-0.355739
1.742	-0.347379
1.743	-0.338955
1.744	-0.335793
1.745	-0.338866
1.746	-0.344961
1.747	-0.34986
1.748	-0.351456
1.749	-0.350697
1.75	-0.350527
1.751	-0.353839
1.752	-0.361374
1.753	-0.369497
1.754	-0.368124
1.755	-0.341838
1.756	-0.276813
1.757	-0.171748
1.758	-0.047612
1.759	0.053372
1.76	0.087827
1.761	0.039878
1.762	-0.067546
1.763	-0.189341
1.764	-0.286233
1.765	-0.341857
1.766	-0.361925
1.767	-0.362701
1.768	-0.359033
1.769	-0.358506
1.77	-0.362082
1.771	-0.367472
1.772	-0.372235
1.773	-0.375632
1.774	-0.379291
1.775	-0.387055
1.776	-0.403447
1.777	-0.430165
1.778	-0.463103
1.779	-0.493584
1.78	-0.513492
1.781	-0.520004
1.782	-0.516503
1.783	-0.50964
1.784	-0.505064
1.785	-0.504792
1.786	-0.507314
1.787	-0.509288
1.788	-0.507723
1.789	-0.502052
1.79	-0.494565
1.791	-0.488572
1.792	-0.486229
1.793	-0.488089
1.794	-0.494472
1.795	-0.507223
1.796	-0.529462
1.797	-0.562469
1.798	-0.602633
1.799	-0.641836
1.8	-0.671365
1.801	-0.686778
1.802	-0.690427
1.803	-0.689507
1.804	-0.691242
1.805	-0.699255
1.806	-0.712998
1.807	-0.729198
1.808	-0.743952
1.809	-0.754354
1.81	-0.759142
1.811	-0.758904
1.812	-0.755936
1.813	-0.753433
1.814	-0.754725
1.815	-0.763513
1.816	-0.783674
1.817	-0.816817
1.818	-0.859307
1.819	-0.90235
1.82	-0.93624
1.821	-0.956015
1.822	-0.963763
1.823	-0.96573
1.824	-0.967675
1.825	-0.972247
1.826	-0.978419
1.827	-0.982334
1.828	-0.979888
1.829	-0.969616
1.83	-0.953412
1.831	-0.935032
1.832	-0.918124
1.833	-0.905266
1.834	-0.898604
1.835	-0.901151
1.836	-0.916377
1.837	-0.945558
1.838	-0.985475
1.839	-1.029004
1.84	-1.068408
1.841	-1.09897
1.842	-1.12025
1.843	-1.134638
1.844	-1.145339
1.845	-1.154868
1.846	-1.163823
1.847	-1.170928
1.848	-1.174756
1.849	-1.175225
1.85	-1.173573
1.851	-1.171325
1.852	-1.169197
1.853	-1.167007
1.854	-1.16519
1.855	-1.166599
1.856	-1.176285
1.857	-1.198641
1.858	-1.233545
1.859	-1.274397
1.86	-1.310597
1.861	-1.333594
1.862	-1.341844
1.863	-1.340905
1.864	-1.33916
1.865	-1.342321
1.866	-1.35054
1.867	-1.359792
1.868	-1.365452
1.869	-1.365043
1.87	-1.359283
1.871	-1.351787
1.872	-1.347348
1.873	-1.34846
1.874	-1.351204
1.875	-1.343677
1.876	-1.3099
1.877	-1.238769
1.878	-1.134785
1.879	-1.025266
1.88	-0.9545
1.881	-0.959697
1.882	-1.044532
1.883	-1.175704
1.884	-1.305559
1.885	-1.399158
1.886	-1.446145
1.887	-1.455708
1.888	-1.444702
1.889	-1.428207
1.89	-1.415582
1.891	-1.410239
1.892	-1.410981
1.893	-1.414618
1.894	-1.419282
1.895	-1.426378
1.896	-1.439913
1.897	-1.463789
1.898	-1.4983
1.899	-1.538146
1.9	-1.574296
1.901	-1.598887
1.902	-1.609529
1.903	-1.610037
1.904	-1.607156
1.905	-1.605782
1.906	-1.60663
1.907	-1.607591
1.908	-1.606172
1.909	-1.600774
1.91	-1.590952
1.911	-1.577392
1.912	-1.561935
1.913	-1.547568
1.914	-1.537935
1.915	-1.536468
1.916	-1.546076
1.917	-1.568907
1.918	-1.604231
1.919	-1.645611
1.92	-1.681999
1.921	-1.703866
1.922	-1.709126
1.923	-1.703473
1.924	-1.695225
1.925	-1.689557
1.926	-1.686663
1.927	-1.683691
1.928	-1.677504
1.929	-1.666423
1.93	-1.650676
1.931	-1.632034
1.932	-1.613437
1.933	-1.598643
1.934	-1.591284
1.935	-1.593898
1.936	-1.608018
1.937	-1.634191
1.938	-1.670554
1.939	-1.711616
1.94	-1.749598
1.941	-1.777974
1.942	-1.794576
1.943	-1.80178
1.944	-1.803762
1.945	-1.803399
1.946	-1.801038
1.947	-1.795069
1.948	-1.783345
1.949	-1.764801
1.95	-1.740421
1.951	-1.713039
1.952	-1.686444
1.953	-1.6644
1.954	-1.649929
1.955	-1.645536
1.956	-1.654141
1.957	-1.67851
1.958	-1.718178
1.959	-1.766706
1.96	-1.812985
1.961	-1.846862
1.962	-1.864704
1.963	-1.869963
1.964	-1.86882
1.965	-1.86566
1.966	-1.861676
1.967	-1.855869
1.968	-1.846425
1.969	-1.831597
1.97	-1.810242
1.971	-1.782665
1.972	-1.751627
1.973	-1.722341
1.974	-1.700916
1.975	-1.69252
1.976	-1.700348
1.977	-1.724724
1.978	-1.761839
1.979	-1.803339
1.98	-1.838392
1.981	-1.85837
1.982	-1.861235
1.983	-1.851782
1.984	-1.837707
1.985	-1.824922
1.986	-1.814872
1.987	-1.804772
1.988	-1.790468
1.989	-1.76974
1.99	-1.743754
1.991	-1.716508
1.992	-1.693114
1.993	-1.677192
1.994	-1.667622
1.995	-1.655995
1.996	-1.627302
1.997	-1.566304
1.998	-1.469357
1.999	-1.355866
2.0	-1.267482
2.001	-1.246571
2.002	-1.306182
2.003	-1.419287
2.004	-1.538114
2.005	-1.624274
2.006	-1.664592
2.007	-1.666922
2.008	-1.647399
2.009	-1.620417
2.01	-1.594278
2.011	-1.5713
2.012	-1.550505
2.013	-1.530815
2.014	-1.513189
2.015	-1.500941
2.016	-1.4983
2.017	-1.508205
2.018	-1.530008
2.019	-1.557614
2.02	-1.580404
2.021	-1.588574
2.022	-1.579203
2.023	-1.557516
2.024	-1.532579
2.025	-1.511422
2.026	-1.495873
2.027	-1.483515
2.028	-1.470652
2.029	-1.454398
2.03	-1.433397
2.031	-1.408077
2.032	-1.380545
2.033	-1.354026
2.034	-1.33233
2.035	-1.319269
2.036	-1.317556
2.037	-1.327745
2.038	-1.34755
2.039	-1.371434
2.04	-1.391502
2.041	-1.400561
2.042	-1.395739
2.043	-1.380011
2.044	-1.360302
2.045	-1.343125
2.046	-1.330758
2.047	-1.320878
2.048	-1.30944
2.049	-1.293933
2.05	-1.274578
2.051	-1.253324
2.052	-1.232242
2.053	-1.213068
2.054	-1.197843
2.055	-1.188893
2.056	-1.187794
2.057	-1.19477
2.058	-1.208472
2.059	-1.225202
2.06	-1.239031
2.061	-1.244447
2.062	-1.239823
2.063	-1.228409
2.064	-1.215646
2.065	-1.20522
2.066	-1.197551
2.067	-1.19127
2.068	-1.184589
2.069	-1.17485
2.07	-1.158571
2.071	-1.133894
2.072	-1.103018
2.073	-1.071503
2.074	-1.045218
2.075	-1.02825
2.076	-1.023295
2.077	-1.032296
2.078	-1.054734
2.079	-1.08515
2.08	-1.113828
2.081	-1.131475
2.082	-1.134485
2.083	-1.126325
2.084	-1.113727
2.085	-1.101436
2.086	-1.090405
2.087	-1.079739
2.088	-1.068824
2.089	-1.057444
2.09	-1.045037
2.091	-1.03084
2.092	-1.014831
2.093	-0.998111
2.094	-0.982483
2.095	-0.970552
2.096	-0.966306
2.097	-0.973637
2.098	-0.992474
2.099	-1.016633
2.1	-1.036604
2.101	-1.045169
2.102	-1.041387
2.103	-1.030324
2.104	-1.019126
2.105	-1.012305
2.106	-1.009367
2.107	-1.006014
2.108	-0.998001
2.109	-0.984797
2.11	-0.969867
2.111	-0.95769
2.112	-0.951097
2.113	-0.950268
2.114	-0.951093
2.115	-0.943324
2.116	-0.912753
2.117	-0.848523
2.118	-0.752331
2.119	-0.644865
2.12	-0.56267
2.121	-0.540567
2.122	-0.588581
2.123	-0.683947
2.124	-0.786815
2.125	-0.864804
2.126	-0.906438
2.127	-0.918082
2.128	-0.912584
2.129	-0.899908
2.13	-0.884786
2.131	-0.869699
2.132	-0.857671
2.133	-0.851537
2.134	-0.851622
2.135	-0.855948
2.136	-0.86398
2.137	-0.879155
2.138	-0.905033
2.139	-0.938531
2.14	-0.968832
2.141	-0.984215
2.142	-0.980963
2.143	-0.966598
2.144	-0.953479
2.145	-0.948447
2.146	-0.949384
2.147	-0.950566
2.148	-0.948639
2.149	-0.943721
2.15	-0.937107
2.151	-0.929036
2.152	-0.918681
2.153	-0.906144
2.154	-0.894291
2.155	-0.888093
2.156	-0.891471
2.157	-0.904795
2.158	-0.925069
2.159	-0.947117
2.16	-0.964924
2.161	-0.974086
2.162	-0.973996
2.163	-0.967472
2.164	-0.958697
2.165	-0.951401
2.166	-0.947353
2.167	-0.945351
2.168	-0.942234
2.169	-0.935517
2.17	-0.924855
2.171	-0.911364
2.172	-0.896579
2.173	-0.882507
2.174	-0.872163
2.175	-0.869098
2.176	-0.875607
2.177	-0.891269
2.178	-0.912964
2.179	-0.935514
2.18	-0.952735
2.181	-0.959854
2.182	-0.956085
2.183	-0.944823
2.184	-0.931271
2.185	-0.919584
2.186	-0.91129
2.187	-0.905414
2.188	-0.899646
2.189	-0.891273
2.19	-0.877604
2.191	-0.85691
2.192	-0.830069
2.193	-0.801438
2.194	-0.77765
2.195	-0.764918
2.196	-0.766685
2.197	-0.782906
2.198	-0.810359
2.199	-0.843007
2.2	-0.873219
2.201	-0.894688
2.202	-0.905071
2.203	-0.906099
2.204	-0.901632
2.205	-0.895305
2.206	-0.888747
2.207	-0.88137
2.208	-0.871786
2.209	-0.859251
2.21	-0.84388
2.211	-0.826118
2.212	-0.806581
2.213	-0.786722
2.214	-0.769623
2.215	-0.759339
2.216	-0.758778
2.217	-0.768062
2.218	-0.784075
2.219	-0.800819
2.22	-0.811405
2.221	-0.811496
2.222	-0.801528
2.223	-0.785918
2.224	-0.770103
2.225	-0.757359
2.226	-0.747555
2.227	-0.738739
2.228	-0.729515
2.229	-0.719608
2.23	-0.708971
2.231	-0.697418
2.232	-0.684648
2.233	-0.668843
2.234	-0.644057
2.235	-0.599943
2.236	-0.527184
2.237	-0.42747
2.238	-0.321004
2.239	-0.241934
2.24	-0.219267
2.241	-0.256901
2.242	-0.33131
2.243	-0.408258
2.244	-0.462486
2.245	-0.486282
2.246	-0.486101
2.247	-0.474183
2.248	-0.461027
2.249	-0.451507
2.25	-0.445123
2.251	-0.438841
2.252	-0.430283
2.253	-0.419537
2.254	-0.40894
2.255	-0.401571
2.256	-0.399739
2.257	-0.403887
2.258	-0.411937
2.259	-0.419748
2.26	-0.422947
2.261	-0.419049
2.262	-0.40853
2.263	-0.394288
2.264	-0.379778
2.265	-0.36708
2.266	-0.356388
2.267	-0.346812
2.268	-0.337323
2.269	-0.327429
2.27	-0.317334
2.271	-0.307408
2.272	-0.297667
2.273	-0.287945
2.274	-0.278364
2.275	-0.26978
2.276	-0.263921
2.277	-0.262542
2.278	-0.265804
2.279	-0.271319
2.28	-0.27481
2.281	-0.272302
2.282	-0.262588
2.283	-0.247895
2.284	-0.231961
2.285	-0.217636
2.286	-0.206268
2.287	-0.198193
2.288	-0.192845
2.289	-0.188613
2.29	-0.183208
2.291	-0.174663
2.292	-0.162519
2.293	-0.148186
2.294	-0.134018
2.295	-0.122274
2.296	-0.115034
2.297	-0.114025
2.298	-0.119224
2.299	-0.127406
2.3	-0.132797
2.301	-0.130268
2.302	-0.118616
2.303	-0.10082
2.304	-0.081535
2.305	-0.064807
2.306	-0.053129
2.307	-0.046833
2.308	-0.043918
2.309	-0.041061
2.31	-0.035182
2.311	-0.024513
2.312	-0.00892
2.313	0.010342
2.314	0.03115
2.315	0.050798
2.316	0.066127
2.317	0.074259
2.318	0.073975
2.319	0.066691
2.32	0.056192
2.321	0.047249
2.322	0.043949
2.323	0.0484
2.324	0.059963
2.325	0.075414
2.326	0.090676
2.327	0.103056
2.328	0.111939
2.329	0.118146
2.33	0.123364
2.331	0.129567
2.332	0.138046
2.333	0.148974
2.334	0.161999
2.335	0.176579
2.336	0.190965
2.337	0.201394
2.338	0.203768
2.339	0.197313
2.34	0.186684
2.341	0.179694
2.342	0.182405
2.343	0.195908
2.344	0.216523
2.345	0.238162
2.346	0.255361
2.347	0.265496
2.348	0.26916
2.349	0.269134
2.35	0.268779
2.351	0.270201
2.352	0.272996
2.353	0.274891
2.354	0.274625
2.355	0.275568
2.356	0.287649
2.357	0.325674
2.358	0.403373
2.359	0.523547
2.36	0.667195
2.361	0.792066
2.362	0.851665
2.363	0.825476
2.364	0.733299
2.365	0.620493
2.366	0.529223
2.367	0.479044
2.368	0.465852
2.369	0.472656
2.37	0.481956
2.371	0.483442
2.372	0.475608
2.373	0.463143
2.374	0.452717
2.375	0.449102
2.376	0.453003
2.377	0.4611
2.378	0.467967
2.379	0.469004
2.38	0.463071
2.381	0.453478
2.382	0.446432
2.383	0.447225
2.384	0.456758
2.385	0.471321
2.386	0.48537
2.387	0.494429
2.388	0.496651
2.389	0.49333
2.39	0.48818
2.391	0.485147
2.392	0.486128
2.393	0.490679
2.394	0.497706
2.395	0.506606
2.396	0.51618
2.397	0.523197
2.398	0.523618
2.399	0.516163
2.4	0.504607
2.401	0.496166
2.402	0.497173
2.403	0.509367
2.404	0.529384
2.405	0.551223
2.406	0.569228
2.407	0.580014
2.408	0.583492
2.409	0.582473
2.41	0.580584
2.411	0.580164
2.412	0.581782
2.413	0.585159
2.414	0.590336
2.415	0.597877
2.416	0.607697
2.417	0.617865
2.418	0.625135
2.419	0.626953
2.42	0.623253
2.421	0.616911
2.422	0.612527
2.423	0.614296
2.424	0.624163
2.425	0.640845
2.426	0.660119
2.427	0.676891
2.428	0.687935
2.429	0.692952
2.43	0.693491
2.431	0.691832
2.432	0.690913
2.433	0.694088
2.434	0.703906
2.435	0.720616
2.436	0.741416
2.437	0.761107
2.438	0.774213
2.439	0.777406
2.44	0.770905
2.441	0.758422
2.442	0.745818
2.443	0.73891
2.444	0.741051
2.445	0.751329
2.446	0.764815
2.447	0.775655
2.448	0.780716
2.449	0.780762
2.45	0.779082
2.451	0.779157
2.452	0.782644
2.453	0.789062
2.454	0.797353
2.455	0.807121
2.456	0.817872
2.457	0.827806
2.458	0.834193
2.459	0.83495
2.46	0.829969
2.461	0.821475
2.462	0.81341
2.463	0.810289
2.464	0.815374
2.465	0.828327
2.466	0.844605
2.467	0.858262
2.468	0.865777
2.469	0.867456
2.47	0.866001
2.471	0.864133
2.472	0.863046
2.473	0.862478
2.474	0.861783
2.475	0.860838
2.476	0.861401
2.477	0.870015
2.478	0.899716
2.479	0.966247
2.48	1.078409
2.481	1.226043
2.482	1.373721
2.483	1.472314
2.484	1.487892
2.485	1.424929
2.486	1.322183
2.487	1.226078
2.488	1.165115
2.489	1.142406
2.49	1.144584
2.491	1.155056
2.492	1.162555
2.493	1.163338
2.494	1.159348
2.495	1.154648
2.496	1.152099
2.497	1.151902
2.498	1.151705
2.499	1.147836
2.5	1.13803
2.501	1.12401
2.502	1.111256
2.503	1.105996
2.504	1.111611
2.505	1.126535
2.506	1.144804
2.507	1.159124
2.508	1.164654
2.509	1.161322
2.51	1.15324
2.511	1.145523
2.512	1.141137
2.513	1.140397
2.514	1.142502
2.515	1.146609
2.516	1.151937
2.517	1.157658
2.518	1.162457
2.519	1.164047
2.52	1.159944
2.521	1.149618
2.522	1.136225
2.523	1.125792
2.524	1.123716
2.525	1.131313
2.526	1.14537
2.527	1.160612
2.528	1.172676
2.529	1.179496
2.53	1.180913
2.531	1.177816
2.532	1.171831
2.533	1.165243
2.534	1.160348
2.535	1.158524
2.536	1.160106
2.537	1.16463
2.538	1.170291
2.539	1.173608
2.54	1.170936
2.541	1.161186
2.542	1.147556
2.543	1.136543
2.544	1.134308
2.545	1.142815
2.546	1.158658
2.547	1.175276
2.548	1.186866
2.549	1.191266
2.55	1.190105
2.551	1.186896
2.552	1.18499
2.553	1.186433
2.554	1.191823
2.555	1.200759
2.556	1.211956
2.557	1.222833
2.558	1.229822
2.559	1.230033
2.56	1.222754
2.561	1.209541
2.562	1.193602
2.563	1.179253
2.564	1.170855
2.565	1.170807
2.566	1.1779
2.567	1.187911
2.568	1.196183
2.569	1.199921
2.57	1.198788
2.571	1.194298
2.572	1.188739
2.573	1.184119
2.574	1.181709
2.575	1.182388
2.576	1.186868
2.577	1.195017
2.578	1.204898
2.579	1.212575
2.58	1.213337
2.581	1.204508
2.582	1.18814
2.583	1.171033
2.584	1.161477
2.585	1.164621
2.586	1.179418
2.587	1.199286
2.588	1.216154
2.589	1.224885
2.59	1.225158
2.591	1.220262
2.592	1.214235
2.593	1.209315
2.594	1.205216
2.595	1.200138
2.596	1.192389
2.597	1.182653
2.598	1.177231
2.599	1.189741
2.6	1.237508
2.601	1.331809
2.602	1.464897
2.603	1.602409
2.604	1.693986
2.605	1.70253
2.606	1.629389
2.607	1.512199
2.608	1.398613
2.609	1.319879
2.61	1.282293
2.611	1.274805
2.612	1.280991
2.613	1.287462
2.614	1.287457
2.615	1.280616
2.616	1.270219
2.617	1.259898
2.618	1.25141
2.619	1.243726
2.62	1.233693
2.621	1.218446
2.622	1.198207
2.623	1.177456
2.624	1.163261
2.625	1.161233
2.626	1.171707
2.627	1.18937
2.628	1.20665
2.629	1.217875
2.63	1.221193
2.631	1.217993
2.632	1.211273
2.633	1.204208
2.634	1.199212
2.635	1.197325
2.636	1.198261
2.637	1.201399
2.638	1.206135
2.639	1.210491
2.64	1.210179
2.641	1.200671
2.642	1.181256
2.643	1.157369
2.644	1.138469
2.645	1.132448
2.646	1.140711
2.647	1.157635
2.648	1.174566
2.649	1.185293
2.65	1.188967
2.651	1.188625
2.652	1.187602
2.653	1.187391
2.654	1.187865
2.655	1.18826
2.656	1.187959
2.657	1.187032
2.658	1.185801
2.659	1.18379
2.66	1.179718
2.661	1.172333
2.662	1.161316
2.663	1.148509
2.664	1.13819
2.665	1.134622
2.666	1.138247
2.667	1.14432
2.668	1.145786
2.669	1.138015
2.67	1.121329
2.671	1.099734
2.672	1.077922
2.673	1.059315
2.674	1.045676
2.675	1.03732
2.676	1.033432
2.677	1.032356
2.678	1.031614
2.679	1.027911
2.68	1.017616
2.681	0.997761
2.682	0.967696
2.683	0.930888
2.684	0.894751
2.685	0.867321
2.686	0.853161
2.687	0.851675
2.688	0.858318
2.689	0.867086
2.69	0.872777
2.691	0.872484
2.692	0.866255
2.693	0.856579
2.694	0.846659
2.695	0.83863
2.696	0.833047
2.697	0.82935
2.698	0.826175
2.699	0.821437
2.7	0.812492
2.701	0.796707
2.702	0.773071
2.703	0.744287
2.704	0.716896
2.705	0.698346
2.706	0.692815
2.707	0.698661
2.708	0.709348
2.709	0.717429
2.71	0.718737
2.711	0.713909
2.712	0.70658
2.713	0.699956
2.714	0.694493
2.715	0.688111
2.716	0.677911
2.717	0.661984
2.718	0.641721
2.719	0.624626
2.72	0.625004
2.721	0.659742
2.722	0.739278
2.723	0.856108
2.724	0.977459
2.725	1.054732
2.726	1.051938
2.727	0.971115
2.728	0.850415
2.729	0.737461
2.73	0.662293
2.731	0.628702
2.732	0.62276
2.733	0.626373
2.734	0.626646
2.735	0.618664
2.736	0.603579
2.737	0.58517
2.738	0.567091
2.739	0.550828
2.74	0.534255
2.741	0.512381
2.742	0.481226
2.743	0.44233
2.744	0.403694
2.745	0.375771
2.746	0.365377
2.747	0.372061
2.748	0.38918
2.749	0.407952
2.75	0.421339
2.751	0.426284
2.752	0.42385
2.753	0.417238
2.754	0.409274
2.755	0.401276
2.756	0.393115
2.757	0.383552
2.758	0.370933
2.759	0.354135
2.76	0.332927
2.761	0.307487
2.762	0.27824
2.763	0.247015
2.764	0.21845
2.765	0.199217
2.766	0.194343
2.767	0.203437
2.768	0.220643
2.769	0.238426
2.77	0.251776
2.771	0.2597
2.772	0.263689
2.773	0.265286
2.774	0.264969
2.775	0.262509
2.776	0.257547
2.777	0.25001
2.778	0.240444
2.779	0.229614
2.78	0.217279
2.781	0.201461
2.782	0.179602
2.783	0.151562
2.784	0.122005
2.785	0.099186
2.786	0.090329
2.787	0.097394
2.788	0.116351
2.789	0.139602
2.79	0.159509
2.791	0.17148
2.792	0.175357
2.793	0.174418
2.794	0.172833
2.795	0.173249
2.796	0.17591
2.797	0.179596
2.798	0.182911
2.799	0.184275
2.8	0.181026
2.801	0.169407
2.802	0.146537
2.803	0.113672
2.804	0.07783
2.805	0.049061
2.806	0.034907
2.807	0.036588
2.808	0.049248
2.809	0.065322
2.81	0.078752
2.811	0.087434
2.812	0.092472
2.813	0.095588
2.814	0.097382
2.815	0.097457
2.816	0.095342
2.817	0.091126
2.818	0.085308
2.819	0.078262
2.82	0.069966
2.821	0.059484
2.822	0.044737
2.823	0.024529
2.824	0.001507
2.825	-0.017807
2.826	-0.026479
2.827	-0.021017
2.828	-0.00337
2.829	0.019593
2.83	0.039473
2.831	0.050967
2.832	0.054157
2.833	0.052864
2.834	0.051023
2.835	0.049963
2.836	0.047997
2.837	0.042086
2.838	0.030603
2.839	0.016216
2.84	0.007766
2.841	0.019532
2.842	0.066736
2.843	0.157264
2.844	0.280569
2.845	0.401268
2.846	0.471616
2.847	0.461664
2.848	0.380877
2.849	0.270155
2.85	0.173366
2.851	0.11381
2.852	0.090454
2.853	0.088927
2.854	0.094052
2.855	0.096265
2.856	0.09229
2.857	0.083268
2.858	0.072209
2.859	0.06145
2.86	0.050769
2.861	0.037098
2.862	0.016649
2.863	-0.011448
2.864	-0.042872
2.865	-0.069351
2.866	-0.082787
2.867	-0.079724
2.868	-0.063348
2.869	-0.041465
2.87	-0.021837
2.871	-0.008426
2.872	-0.000931
2.873	0.003119
2.874	0.005951
2.875	0.008186
2.876	0.008824
2.877	0.006302
2.878	-0.00014
2.879	-0.009819
2.88	-0.021375
2.881	-0.034616
2.882	-0.051384
2.883	-0.073655
2.884	-0.100149
2.885	-0.124808
2.886	-0.139267
2.887	-0.137852
2.888	-0.121167
2.889	-0.095694
2.89	-0.070334
2.891	-0.052262
2.892	-0.044086
2.893	-0.043655
2.894	-0.046605
2.895	-0.049605
2.896	-0.051702
2.897	-0.053336
2.898	-0.054936
2.899	-0.056923
2.9	-0.060907
2.901	-0.07018
2.902	-0.088111
2.903	-0.115054
2.904	-0.146306
2.905	-0.173178
2.906	-0.186955
2.907	-0.183402
2.908	-0.164872
2.909	-0.138893
2.91	-0.114561
2.911	-0.09869
2.912	-0.09328
2.913	-0.095502
2.914	-0.100074
2.915	-0.102289
2.916	-0.099996
2.917	-0.093982
2.918	-0.086969
2.919	-0.081858
2.92	-0.080551
2.921	-0.08447
2.922	-0.095552
2.923	-0.115357
2.924	-0.142318
2.925	-0.170257
2.926	-0.190703
2.927	-0.197592
2.928	-0.190348
2.929	-0.173324
2.93	-0.152859
2.931	-0.134365
2.932	-0.120854
2.933	-0.113
2.934	-0.109916
2.935	-0.109957
2.936	-0.11155
2.937	-0.11378
2.938	-0.1162
2.939	-0.118519
2.94	-0.121158
2.941	-0.126221
2.942	-0.13723
2.943	-0.156522
2.944	-0.181915
2.945	-0.206203
2.946	-0.220658
2.947	-0.219713
2.948	-0.203628
2.949	-0.178321
2.95	-0.152745
2.951	-0.134715
2.952	-0.127221
2.953	-0.127717
2.954	-0.130925
2.955	-0.132962
2.956	-0.133906
2.957	-0.137142
2.958	-0.146171
2.959	-0.16094
2.96	-0.175126
2.961	-0.175606
2.962	-0.145732
2.963	-0.072713
2.964	0.042073
2.965	0.173681
2.966	0.276299
2.967	0.306886
2.968	0.254901
2.969	0.14968
2.97	0.039103
2.971	-0.039593
2.972	-0.074884
2.973	-0.077
2.974	-0.064493
2.975	-0.052833
2.976	-0.049771
2.977	-0.055847
2.978	-0.067344
2.979	-0.079961
2.98	-0.091424
2.981	-0.10244
2.982	-0.116277
2.983	-0.136488
2.984	-0.163252
2.985	-0.191225
2.986	-0.211458
2.987	-0.216584
2.988	-0.20552
2.989	-0.184157
2.99	-0.161634
2.991	-0.145153
2.992	-0.136983
2.993	-0.13491
2.994	-0.134907
2.995	-0.134106
2.996	-0.132219
2.997	-0.130448
2.998	-0.129479
2.999	-0.129114
3.0	-0.12987
3.001	-0.134465
3.002	-0.146911
3.003	-0.169234
3.004	-0.198561
3.005	-0.227284
3.006	-0.246147
3.007	-0.248361
3.008	-0.232956
3.009	-0.205766
3.01	-0.176917
3.011	-0.15572
3.012	-0.146155
3.013	-0.145985
3.014	-0.149695
3.015	-0.152678
3.016	-0.153363
3.017	-0.152427
3.018	-0.151171
3.019	-0.150727
3.02	-0.152033
3.021	-0.156464
3.022	-0.166196
3.023	-0.182876
3.024	-0.205281
3.025	-0.228297
3.026	-0.244661
3.027	-0.248855
3.028	-0.240365
3.029	-0.223677
3.03	-0.205269
3.031	-0.190201
3.032	-0.180435
3.033	-0.175142
3.034	-0.172063
3.035	-0.168918
3.036	-0.164317
3.037	-0.158216
3.038	-0.151919
3.039	-0.147192
3.04	-0.145186
3.041	-0.146858
3.042	-0.154387
3.043	-0.170679
3.044	-0.196195
3.045	-0.226225
3.046	-0.252012
3.047	-0.265528
3.048	-0.264085
3.049	-0.251382
3.05	-0.234751
3.051	-0.220871
3.052	-0.212789
3.053	-0.209786
3.054	-0.209396
3.055	-0.209449
3.056	-0.208594
3.057	-0.205989
3.058	-0.201349
3.059	-0.195233
3.06	-0.189437
3.061	-0.187391
3.062	-0.193431
3.063	-0.210253
3.064	-0.236119
3.065	-0.264319
3.066	-0.285867
3.067	-0.294061
3.068	-0.288055
3.069	-0.273032
3.07	-0.256843
3.071	-0.245529
3.072	-0.240767
3.073	-0.24049
3.074	-0.2415
3.075	-0.241834
3.076	-0.241884
3.077	-0.244542
3.078	-0.253766
3.079	-0.270849
3.08	-0.290114
3.081	-0.297607
3.082	-0.275022
3.083	-0.208068
3.084	-0.096651
3.085	0.036843
3.086	0.149075
3.087	0.195215
3.088	0.15775
3.089	0.059017
3.09	-0.055008
3.091	-0.143548
3.092	-0.189458
3.093	-0.199198
3.094	-0.190861
3.095	-0.181176
3.096	-0.178786
3.097	-0.184419
3.098	-0.194333
3.099	-0.204047
3.1	-0.211483
3.101	-0.218675
3.102	-0.230787
3.103	-0.25221
3.104	-0.282148
3.105	-0.313341
3.106	-0.335252
3.107	-0.339649
3.108	-0.325095
3.109	-0.297949
3.11	-0.269297
3.111	-0.24914
3.112	-0.241279
3.113	-0.242567
3.114	-0.246601
3.115	-0.248595
3.116	-0.247957
3.117	-0.246986
3.118	-0.247539
3.119	-0.249641
3.12	-0.253235
3.121	-0.260301
3.122	-0.274486
3.123	-0.298117
3.124	-0.328944
3.125	-0.35941
3.126	-0.37963
3.127	-0.382781
3.128	-0.369319
3.129	-0.346491
3.13	-0.323415
3.131	-0.305936
3.132	-0.295075
3.133	-0.289012
3.134	-0.285779
3.135	-0.28442
3.136	-0.284667
3.137	-0.286331
3.138	-0.289247
3.139	-0.293321
3.14	-0.298015
3.141	-0.302786
3.142	-0.308839
3.143	-0.319127
3.144	-0.335265
3.145	-0.354498
3.146	-0.370297
3.147	-0.376274
3.148	-0.369907
3.149	-0.353595
3.15	-0.333089
3.151	-0.314619
3.152	-0.302277
3.153	-0.296758
3.154	-0.295666
3.155	-0.295068
3.156	-0.291673
3.157	-0.284371
3.158	-0.274126
3.159	-0.262847
3.16	-0.253018
3.161	-0.248625
3.162	-0.254911
3.163	-0.275041
3.164	-0.306488
3.165	-0.341095
3.166	-0.368873
3.167	-0.382555
3.168	-0.379894
3.169	-0.363141
3.17	-0.338001
3.171	-0.312889
3.172	-0.296299
3.173	-0.292284
3.174	-0.298119
3.175	-0.30671
3.176	-0.311512
3.177	-0.31043
3.178	-0.306368
3.179	-0.303662
3.18	-0.3037
3.181	-0.305391
3.182	-0.310009
3.183	-0.322485
3.184	-0.345336
3.185	-0.372868
3.186	-0.393968
3.187	-0.400567
3.188	-0.392945
3.189	-0.377689
3.19	-0.361921
3.191	-0.350083
3.192	-0.344016
3.193	-0.343023
3.194	-0.344272
3.195	-0.345352
3.196	-0.346813
3.197	-0.351921
3.198	-0.363996
3.199	-0.382763
3.2	-0.401626
3.201	-0.408183
3.202	-0.387979
3.203	-0.330467
3.204	-0.237578
3.205	-0.131112
3.206	-0.048504
3.207	-0.023171
3.208	-0.062918
3.209	-0.145604
3.21	-0.235428
3.211	-0.304077
3.212	-0.34096
3.213	-0.350952
3.214	-0.346582
3.215	-0.340121
3.216	-0.338437
3.217	-0.342189
3.218	-0.348507
3.219	-0.354382
3.22	-0.359091
3.221	-0.365189
3.222	-0.377185
3.223	-0.398067
3.224	-0.426183
3.225	-0.455006
3.226	-0.47603
3.227	-0.483235
3.228	-0.47642
3.229	-0.460883
3.23	-0.443608
3.231	-0.42933
3.232	-0.419466
3.233	-0.413518
3.234	-0.410595
3.235	-0.409849
3.236	-0.410565
3.237	-0.412555
3.238	-0.416322
3.239	-0.422448
3.24	-0.430817
3.241	-0.440879
3.242	-0.452908
3.243	-0.468211
3.244	-0.487063
3.245	-0.506386
3.246	-0.520322
3.247	-0.523998
3.248	-0.516998
3.249	-0.503246
3.25	-0.487906
3.251	-0.474452
3.252	-0.463913
3.253	-0.455851
3.254	-0.449528
3.255	-0.444396
3.256	-0.440135
3.257	-0.436499
3.258	-0.433051
3.259	-0.429377
3.26	-0.426065
3.261	-0.425382
3.262	-0.430445
3.263	-0.443011
3.264	-0.461409
3.265	-0.480288
3.266	-0.492832
3.267	-0.494207
3.268	-0.483792
3.269	-0.465037
3.27	-0.443744
3.271	-0.425775
3.272	-0.414681
3.273	-0.41036
3.274	-0.409677
3.275	-0.408567
3.276	-0.404087
3.277	-0.395187
3.278	-0.382532
3.279	-0.3684
3.28	-0.3565
3.281	-0.351171
3.282	-0.35603
3.283	-0.372208
3.284	-0.396758
3.285	-0.422758
3.286	-0.44207
3.287	-0.449413
3.288	-0.444625
3.289	-0.431496
3.29	-0.414648
3.291	-0.397195
3.292	-0.38055
3.293	-0.365574
3.294	-0.353341
3.295	-0.344708
3.296	-0.339615
3.297	-0.337133
3.298	-0.336111
3.299	-0.335691
3.3	-0.335387
3.301	-0.335449
3.302	-0.337627
3.303	-0.344423
3.304	-0.356239
3.305	-0.369446
3.306	-0.377938
3.307	-0.37681
3.308	-0.365227
3.309	-0.346754
3.31	-0.327235
3.311	-0.311751
3.312	-0.302507
3.313	-0.298581
3.314	-0.297417
3.315	-0.297018
3.316	-0.297347
3.317	-0.29983
3.318	-0.3052
3.319	-0.310745
3.32	-0.308287
3.321	-0.285029
3.322	-0.228848
3.323	-0.136883
3.324	-0.023978
3.325	0.075991
3.326	0.124235
3.327	0.101748
3.328	0.022929
3.329	-0.075059
3.33	-0.156078
3.331	-0.20233
3.332	-0.216234
3.333	-0.211241
3.334	-0.201226
3.335	-0.194684
3.336	-0.194196
3.337	-0.198565
3.338	-0.205203
3.339	-0.2118
3.34	-0.217211
3.341	-0.221962
3.342	-0.228181
3.343	-0.238207
3.344	-0.252315
3.345	-0.267488
3.346	-0.278626
3.347	-0.281619
3.348	-0.276034
3.349	-0.265017
3.35	-0.252561
3.351	-0.241032
3.352	-0.231041
3.353	-0.222764
3.354	-0.216719
3.355	-0.213363
3.356	-0.212375
3.357	-0.212581
3.358	-0.212771
3.359	-0.212625
3.36	-0.212824
3.361	-0.214636
3.362	-0.21958
3.363	-0.228811
3.364	-0.242117
3.365	-0.257301
3.366	-0.270517
3.367	-0.27772
3.368	-0.276512
3.369	-0.26708
3.37	-0.252012
3.371	-0.235528
3.372	-0.222032
3.373	-0.214089
3.374	-0.21134
3.375	-0.21146
3.376	-0.211893
3.377	-0.21081
3.378	-0.207488
3.379	-0.202486
3.38	-0.197454
3.381	-0.194642
3.382	-0.196198
3.383	-0.203188
3.384	-0.214781
3.385	-0.228186
3.386	-0.239477
3.387	-0.245276
3.388	-0.244309
3.389	-0.237499
3.39	-0.226785
3.391	-0.214152
3.392	-0.201378
3.393	-0.190041
3.394	-0.181389
3.395	-0.175882
3.396	-0.172769
3.397	-0.170601
3.398	-0.168402
3.399	-0.165947
3.4	-0.16279
3.401	-0.157941
3.402	-0.151378
3.403	-0.145543
3.404	-0.144378
3.405	-0.150279
3.406	-0.162073
3.407	-0.175898
3.408	-0.187383
3.409	-0.193164
3.41	-0.191799
3.411	-0.184329
3.412	-0.173825
3.413	-0.163776
3.414	-0.156324
3.415	-0.151575
3.416	-0.148308
3.417	-0.145277
3.418	-0.141931
3.419	-0.138228
3.42	-0.134372
3.421	-0.13104
3.422	-0.129583
3.423	-0.131534
3.424	-0.137557
3.425	-0.146724
3.426	-0.156702
3.427	-0.164402
3.428	-0.166614
3.429	-0.161111
3.43	-0.148404
3.431	-0.132507
3.432	-0.119073
3.433	-0.111967
3.434	-0.111077
3.435	-0.112762
3.436	-0.11261
3.437	-0.108765
3.438	-0.103325
3.439	-0.100789
3.44	-0.105034
3.441	-0.116426
3.442	-0.129502
3.443	-0.131797
3.444	-0.105612
3.445	-0.035018
3.446	0.08184
3.447	0.221276
3.448	0.33619
3.449	0.379465
3.45	0.335121
3.451	0.229593
3.452	0.11222
3.453	0.023889
3.454	-0.02062
3.455	-0.029722
3.456	-0.021667
3.457	-0.012382
3.458	-0.009793
3.459	-0.014345
3.46	-0.022723
3.461	-0.031587
3.462	-0.039678
3.463	-0.04801
3.464	-0.058545
3.465	-0.072536
3.466	-0.089499
3.467	-0.106772
3.468	-0.119889
3.469	-0.124416
3.47	-0.118589
3.471	-0.104718
3.472	-0.088054
3.473	-0.073932
3.474	-0.065196
3.475	-0.061572
3.476	-0.061013
3.477	-0.061344
3.478	-0.061034
3.479	-0.059575
3.48	-0.057597
3.481	-0.056369
3.482	-0.05711
3.483	-0.060762
3.484	-0.067987
3.485	-0.078851
3.486	-0.092355
3.487	-0.106214
3.488	-0.117073
3.489	-0.121527
3.49	-0.11786
3.491	-0.107194
3.492	-0.092886
3.493	-0.078685
3.494	-0.067045
3.495	-0.058659
3.496	-0.053178
3.497	-0.050059
3.498	-0.048852
3.499	-0.048992
3.5	-0.049384
3.501	-0.048502
3.502	-0.045613
3.503	-0.041914
3.504	-0.040175
3.505	-0.043236
3.506	-0.052473
3.507	-0.066902
3.508	-0.083157
3.509	-0.096308
3.51	-0.101576
3.511	-0.096669
3.512	-0.083356
3.513	-0.066642
3.514	-0.051798
3.515	-0.041632
3.516	-0.035963
3.517	-0.032802
3.518	-0.029759
3.519	-0.024892
3.52	-0.017145
3.521	-0.006716
3.522	0.004876
3.523	0.015323
3.524	0.022095
3.525	0.022812
3.526	0.01601
3.527	0.002324
3.528	-0.014821
3.529	-0.030009
3.53	-0.038323
3.531	-0.038114
3.532	-0.031689
3.533	-0.023134
3.534	-0.015409
3.535	-0.009366
3.536	-0.004513
3.537	0.000113
3.538	0.005229
3.539	0.010756
3.54	0.015963
3.541	0.020123
3.542	0.023072
3.543	0.025237
3.544	0.026844
3.545	0.026921
3.546	0.02342
3.547	0.014742
3.548	0.001623
3.549	-0.012039
3.55	-0.020418
3.551	-0.01876
3.552	-0.006355
3.553	0.012655
3.554	0.031477
3.555	0.04467
3.556	0.051004
3.557	0.052755
3.558	0.052568
3.559	0.051453
3.56	0.049094
3.561	0.04472
3.562	0.037456
3.563	0.027611
3.564	0.020011
3.565	0.026832
3.566	0.065389
3.567	0.149141
3.568	0.274916
3.569	0.413989
3.57	0.518288
3.571	0.545932
3.572	0.489411
3.573	0.38043
3.574	0.267043
3.575	0.185123
3.576	0.145455
3.577	0.138569
3.578	0.147366
3.579	0.157734
3.58	0.162548
3.581	0.160324
3.582	0.152598
3.583	0.14217
3.584	0.131778
3.585	0.122558
3.586	0.113172
3.587	0.100934
3.588	0.084704
3.589	0.067165
3.59	0.054142
3.591	0.051068
3.592	0.059328
3.593	0.075292
3.594	0.092696
3.595	0.106428
3.596	0.114734
3.597	0.118581
3.598	0.11977
3.599	0.119685
3.6	0.119028
3.601	0.118221
3.602	0.117801
3.603	0.118261
3.604	0.119566
3.605	0.12072
3.606	0.119574
3.607	0.113348
3.608	0.100457
3.609	0.082796
3.61	0.06618
3.611	0.057613
3.612	0.06104
3.613	0.074988
3.614	0.093918
3.615	0.111767
3.616	0.124632
3.617	0.131424
3.618	0.133319
3.619	0.132619
3.62	0.131519
3.621	0.131378
3.622	0.132441
3.623	0.133969
3.624	0.134842
3.625	0.134006
3.626	0.130256
3.627	0.122275
3.628	0.10981
3.629	0.095073
3.63	0.082523
3.631	0.076613
3.632	0.079238
3.633	0.089014
3.634	0.102489
3.635	0.115734
3.636	0.12565
3.637	0.131363
3.638	0.134842
3.639	0.139284
3.64	0.146561
3.641	0.156334
3.642	0.166935
3.643	0.176529
3.644	0.183772
3.645	0.187713
3.646	0.18713
3.647	0.180344
3.648	0.166248
3.649	0.146
3.65	0.123871
3.651	0.105884
3.652	0.096781
3.653	0.097763
3.654	0.10658
3.655	0.119263
3.656	0.131969
3.657	0.142059
3.658	0.14823
3.659	0.15031
3.66	0.149469
3.661	0.148223
3.662	0.149135
3.663	0.153146
3.664	0.159263
3.665	0.165435
3.666	0.169184
3.667	0.167705
3.668	0.158583
3.669	0.141838
3.67	0.12176
3.671	0.105892
3.672	0.100878
3.673	0.108423
3.674	0.124601
3.675	0.142606
3.676	0.156764
3.677	0.165143
3.678	0.169238
3.679	0.171734
3.68	0.174417
3.681	0.177114
3.682	0.177706
3.683	0.173364
3.684	0.162876
3.685	0.149592
3.686	0.14388
3.687	0.162409
3.688	0.22171
3.689	0.326941
3.69	0.460823
3.691	0.582003
3.692	0.642369
3.693	0.617266
3.694	0.523039
3.695	0.4048
3.696	0.306952
3.697	0.251325
3.698	0.234434
3.699	0.238839
3.7	0.247054
3.701	0.249284
3.702	0.243756
3.703	0.233312
3.704	0.221804
3.705	0.2117
3.706	0.202921
3.707	0.192804
3.708	0.177596
3.709	0.155441
3.71	0.129156
3.711	0.106168
3.712	0.094793
3.713	0.099214
3.714	0.116823
3.715	0.139973
3.716	0.16061
3.717	0.173982
3.718	0.17929
3.719	0.178386
3.72	0.174281
3.721	0.169879
3.722	0.166943
3.723	0.165715
3.724	0.165455
3.725	0.165213
3.726	0.163899
3.727	0.159718
3.728	0.150285
3.729	0.134383
3.73	0.114121
3.731	0.095083
3.732	0.083606
3.733	0.083205
3.734	0.092884
3.735	0.108136
3.736	0.123473
3.737	0.135024
3.738	0.142061
3.739	0.146365
3.74	0.149712
3.741	0.151969
3.742	0.151728
3.743	0.148273
3.744	0.142694
3.745	0.137173
3.746	0.133036
3.747	0.129261
3.748	0.123094
3.749	0.112513
3.75	0.098234
3.751	0.083615
3.752	0.073095
3.753	0.070374
3.754	0.076835
3.755	0.090671
3.756	0.107283
3.757	0.121232
3.758	0.128931
3.759	0.130181
3.76	0.127636
3.761	0.125147
3.762	0.125972
3.763	0.131412
3.764	0.140606
3.765	0.151487
3.766	0.161455
3.767	0.167036
3.768	0.164153
3.769	0.150394
3.77	0.127673
3.771	0.102438
3.772	0.082757
3.773	0.074265
3.774	0.077555
3.775	0.088439
3.776	0.100574
3.777	0.108665
3.778	0.110558
3.779	0.107394
3.78	0.10229
3.781	0.098488
3.782	0.097535
3.783	0.098584
3.784	0.099866
3.785	0.100755
3.786	0.10168
3.787	0.102179
3.788	0.099924
3.789	0.092167
3.79	0.078228
3.791	0.060918
3.792	0.045849
3.793	0.038981
3.794	0.043632
3.795	0.058444
3.796	0.077708
3.797	0.094424
3.798	0.104255
3.799	0.107304
3.8	0.106648
3.801	0.105394
3.802	0.104446
3.803	0.102148
3.804	0.095834
3.805	0.084198
3.806	0.069627
3.807	0.060304
3.808	0.070495
3.809	0.116256
3.81	0.206176
3.811	0.330237
3.812	0.454419
3.813	0.531937
3.814	0.530921
3.815	0.456752
3.816	0.347316
3.817	0.246766
3.818	0.181677
3.819	0.154616
3.82	0.152732
3.821	0.16037
3.822	0.166745
3.823	0.167221
3.824	0.161686
3.825	0.152542
3.826	0.142576
3.827	0.132987
3.828	0.122438
3.829	0.107878
3.83	0.087147
3.831	0.061793
3.832	0.037656
3.833	0.022289
3.834	0.020677
3.835	0.032084
3.836	0.050403
3.837	0.067969
3.838	0.079962
3.839	0.086257
3.84	0.089776
3.841	0.093068
3.842	0.096132
3.843	0.097277
3.844	0.095574
3.845	0.09194
3.846	0.087993
3.847	0.084286
3.848	0.0795
3.849	0.071159
3.85	0.057426
3.851	0.03886
3.852	0.019161
3.853	0.004285
3.854	-0.000211
3.855	0.007606
3.856	0.024623
3.857	0.044378
3.858	0.060524
3.859	0.069642
3.86	0.071996
3.861	0.0703
3.862	0.067612
3.863	0.065727
3.864	0.064832
3.865	0.06433
3.866	0.063827
3.867	0.06277
3.868	0.059137
3.869	0.049822
3.87	0.033466
3.871	0.012864
3.872	-0.00571
3.873	-0.015664
3.874	-0.013308
3.875	0.000587
3.876	0.021174
3.877	0.041538
3.878	0.055615
3.879	0.060725
3.88	0.058469
3.881	0.053649
3.882	0.051526
3.883	0.054769
3.884	0.062298
3.885	0.071015
3.886	0.078462
3.887	0.083389
3.888	0.08432
3.889	0.079079
3.89	0.066221
3.891	0.046625
3.892	0.024
3.893	0.004185
3.894	-0.006953
3.895	-0.006426
3.896	0.004069
3.897	0.019178
3.898	0.033195
3.899	0.042874
3.9	0.047643
3.901	0.048157
3.902	0.045309
3.903	0.040233
3.904	0.034544
3.905	0.030152
3.906	0.028493
3.907	0.029513
3.908	0.031137
3.909	0.029814
3.91	0.022136
3.911	0.007138
3.912	-0.011927
3.913	-0.028053
3.914	-0.033753
3.915	-0.025447
3.916	-0.005984
3.917	0.016673
3.918	0.033802
3.919	0.040527
3.92	0.037935
3.921	0.031491
3.922	0.026722
3.923	0.025286
3.924	0.024534
3.925	0.02051
3.926	0.011397
3.927	-0.000407
3.928	-0.006871
3.929	0.00596
3.93	0.054199
3.931	0.146666
3.932	0.272832
3.933	0.397345
3.934	0.47265
3.935	0.467958
3.936	0.391103
3.937	0.282061
3.938	0.185427
3.939	0.126423
3.94	0.105022
3.941	0.105477
3.942	0.110252
3.943	0.108884
3.944	0.09947
3.945	0.085681
3.946	0.072512
3.947	0.062999
3.948	0.056937
3.949	0.051185
3.95	0.041129
3.951	0.023349
3.952	-0.001252
3.953	-0.026281
3.954	-0.042613
3.955	-0.043814
3.956	-0.030316
3.957	-0.009109
3.958	0.010868
3.959	0.023841
3.96	0.029208
3.961	0.030025
3.962	0.029773
3.963	0.029904
3.964	0.029849
3.965	0.02873
3.966	0.026598
3.967	0.024011
3.968	0.020478
3.969	0.013547
3.97	0.000264
3.971	-0.01969
3.972	-0.04234
3.973	-0.061008
3.974	-0.069644
3.975	-0.065639
3.976	-0.051019
3.977	-0.031632
3.978	-0.014509
3.979	-0.004565
3.98	-0.002326
3.981	-0.004173
3.982	-0.00541
3.983	-0.003791
3.984	-0.000413
3.985	0.002245
3.986	0.002729
3.987	0.001091
3.988	-0.002581
3.989	-0.009509
3.99	-0.021639
3.991	-0.03954
3.992	-0.060633
3.993	-0.079187
3.994	-0.088546
3.995	-0.084735
3.996	-0.069091
3.997	-0.047614
3.998	-0.027509
3.999	-0.013692
4.0	-0.007423
4.001	-0.007099
4.002	-0.009844
4.003	-0.012592
4.004	-0.012687
4.005	-0.008718
4.006	-0.001092
4.007	0.008324
4.008	0.016788
4.009	0.02094
4.01	0.017235
4.011	0.003279
4.012	-0.019921
4.013	-0.046421
4.014	-0.067035
4.015	-0.074331
4.016	-0.067212
4.017	-0.051182
4.018	-0.034516
4.019	-0.023752
4.02	-0.021
4.021	-0.023971
4.022	-0.028483
4.023	-0.031439
4.024	-0.031994
4.025	-0.030684
4.026	-0.028097
4.027	-0.024756
4.028	-0.022216
4.029	-0.023396
4.03	-0.031012
4.031	-0.045346
4.032	-0.063204
4.033	-0.078782
4.034	-0.086098
4.035	-0.081867
4.036	-0.067199
4.037	-0.047179
4.038	-0.028811
4.039	-0.018012
4.04	-0.016535
4.041	-0.020988
4.042	-0.02564
4.043	-0.027037
4.044	-0.026348
4.045	-0.0278
4.046	-0.035007
4.047	-0.047627
4.048	-0.059199
4.049	-0.056681
4.05	-0.023537
4.051	0.052466
4.052	0.168491
4.053	0.298561
4.054	0.398299
4.055	0.427705
4.056	0.378059
4.057	0.278206
4.058	0.173727
4.059	0.099014
4.06	0.064006
4.061	0.058819
4.062	0.066375
4.063	0.072959
4.064	0.072415
4.065	0.065142
4.066	0.054791
4.067	0.044833
4.068	0.036273
4.069	0.027068
4.07	0.01345
4.071	-0.007214
4.072	-0.033483
4.073	-0.059164
4.074	-0.076025
4.075	-0.078179
4.076	-0.065233
4.077	-0.042719
4.078	-0.019664
4.079	-0.003897
4.08	0.00231
4.081	0.002788
4.082	0.003496
4.083	0.007604
4.084	0.014043
4.085	0.020003
4.086	0.023904
4.087	0.025875
4.088	0.026182
4.089	0.023754
4.09	0.016349
4.091	0.002376
4.092	-0.017
4.093	-0.037109
4.094	-0.051144
4.095	-0.053312
4.096	-0.042189
4.097	-0.02175
4.098	0.001054
4.099	0.020197
4.1	0.033023
4.101	0.040302
4.102	0.044532
4.103	0.047713
4.104	0.050327
4.105	0.052113
4.106	0.053272
4.107	0.054575
4.108	0.056316
4.109	0.057101
4.11	0.053661
4.111	0.042461
4.112	0.022722
4.113	-0.00124
4.114	-0.02093
4.115	-0.028124
4.116	-0.019867
4.117	-4.1e-05
4.118	0.023527
4.119	0.043485
4.12	0.0559
4.121	0.061011
4.122	0.061989
4.123	0.06274
4.124	0.066354
4.125	0.074484
4.126	0.086873
4.127	0.101169
4.128	0.113461
4.129	0.119276
4.13	0.114987
4.131	0.09949
4.132	0.075371
4.133	0.048834
4.134	0.028007
4.135	0.019632
4.136	0.02552
4.137	0.041434
4.138	0.059685
4.139	0.073564
4.14	0.08064
4.141	0.083083
4.142	0.084888
4.143	0.088362
4.144	0.093082
4.145	0.097588
4.146	0.101309
4.147	0.104692
4.148	0.107818
4.149	0.109215
4.15	0.106132
4.151	0.096064
4.152	0.078809
4.153	0.058261
4.154	0.041979
4.155	0.037259
4.156	0.046381
4.157	0.065357
4.158	0.086839
4.159	0.104147
4.16	0.113934
4.161	0.116933
4.162	0.116576
4.163	0.116106
4.164	0.116304
4.165	0.115312
4.166	0.110216
4.167	0.099716
4.168	0.087222
4.169	0.082841
4.17	0.101986
4.171	0.159292
4.172	0.258864
4.173	0.384365
4.174	0.497264
4.175	0.552825
4.176	0.528344
4.177	0.439742
4.178	0.329938
4.179	0.240165
4.18	0.189468
4.181	0.174
4.182	0.178504
4.183	0.18783
4.184	0.192697
4.185	0.190251
4.186	0.182075
4.187	0.171286
4.188	0.15977
4.189	0.146835
4.19	0.13006
4.191	0.107755
4.192	0.081288
4.193	0.055433
4.194	0.036321
4.195	0.028689
4.196	0.034334
4.197	0.051668
4.198	0.075796
4.199	0.100127
4.2	0.11945
4.201	0.131988
4.202	0.139009
4.203	0.143025
4.204	0.146023
4.205	0.148661
4.206	0.150827
4.207	0.152699
4.208	0.154711
4.209	0.156012
4.21	0.153168
4.211	0.141453
4.212	0.118823
4.213	0.089235
4.214	0.061829
4.215	0.046167
4.216	0.047009
4.217	0.062183
4.218	0.084553
4.219	0.106202
4.22	0.121913
4.221	0.130272
4.222	0.132823
4.223	0.132442
4.224	0.131566
4.225	0.130968
4.226	0.130099
4.227	0.128439
4.228	0.125882
4.229	0.121832
4.23	0.114661
4.231	0.102413
4.232	0.084409
4.233	0.062997
4.234	0.043984
4.235	0.034332
4.236	0.037988
4.237	0.053048
4.238	0.072778
4.239	0.089749
4.24	0.099744
4.241	0.103015
4.242	0.102944
4.243	0.103386
4.244	0.106503
4.245	0.112656
4.246	0.121734
4.247	0.133488
4.248	0.14572
4.249	0.152677
4.25	0.147214
4.251	0.126221
4.252	0.093879
4.253	0.059351
4.254	0.03181
4.255	0.016869
4.256	0.015099
4.257	0.022631
4.258	0.034302
4.259	0.04687
4.26	0.059
4.261	0.069399
4.262	0.076215
4.263	0.077789
4.264	0.073538
4.265	0.064637
4.266	0.05442
4.267	0.047764
4.268	0.048613
4.269	0.056222
4.27	0.063111
4.271	0.058612
4.272	0.037234
4.273	0.00455
4.274	-0.025456
4.275	-0.039614
4.276	-0.033546
4.277	-0.012482
4.278	0.013281
4.279	0.032831
4.28	0.038745
4.281	0.031668
4.282	0.019853
4.283	0.011411
4.284	0.008191
4.285	0.007389
4.286	0.00544
4.287	-0.000714
4.288	-0.011845
4.289	-0.02219
4.29	-0.017887
4.291	0.017544
4.292	0.092604
4.293	0.19712
4.294	0.299277
4.295	0.358721
4.296	0.351079
4.297	0.283593
4.298	0.188222
4.299	0.100355
4.3	0.041274
4.301	0.014161
4.302	0.010358
4.303	0.0178
4.304	0.026612
4.305	0.030997
4.306	0.028967
4.307	0.021601
4.308	0.011718
4.309	0.001542
4.31	-0.009363
4.311	-0.023875
4.312	-0.044352
4.313	-0.069269
4.314	-0.092714
4.315	-0.107643
4.316	-0.1102
4.317	-0.101611
4.318	-0.08683
4.319	-0.071656
4.32	-0.060142
4.321	-0.05353
4.322	-0.050966
4.323	-0.050821
4.324	-0.051536
4.325	-0.052137
4.326	-0.052609
4.327	-0.053638
4.328	-0.055971
4.329	-0.060367
4.33	-0.068068
4.331	-0.080647
4.332	-0.098577
4.333	-0.119339
4.334	-0.137152
4.335	-0.145594
4.336	-0.141513
4.337	-0.127057
4.338	-0.108377
4.339	-0.092155
4.34	-0.082174
4.341	-0.077916
4.342	-0.075979
4.343	-0.073024
4.344	-0.068101
4.345	-0.062872
4.346	-0.059659
4.347	-0.059376
4.348	-0.06168
4.349	-0.066638
4.35	-0.075331
4.351	-0.088547
4.352	-0.105151
4.353	-0.121815
4.354	-0.134201
4.355	-0.138825
4.356	-0.134697
4.357	-0.123879
4.358	-0.11049
4.359	-0.098646
4.36	-0.090529
4.361	-0.085804
4.362	-0.082627
4.363	-0.079054
4.364	-0.073642
4.365	-0.065426
4.366	-0.054071
4.367	-0.040316
4.368	-0.026483
4.369	-0.016449
4.37	-0.014603
4.371	-0.024052
4.372	-0.044775
4.373	-0.072573
4.374	-0.099887
4.375	-0.118863
4.376	-0.125029
4.377	-0.118834
4.378	-0.104171
4.379	-0.085796
4.38	-0.067739
4.381	-0.052843
4.382	-0.042468
4.383	-0.036351
4.384	-0.033159
4.385	-0.031305
4.386	-0.029299
4.387	-0.026099
4.388	-0.022002
4.389	-0.019122
4.39	-0.020511
4.391	-0.028336
4.392	-0.042128
4.393	-0.058125
4.394	-0.070503
4.395	-0.074146
4.396	-0.067289
4.397	-0.052506
4.398	-0.035453
4.399	-0.021853
4.4	-0.014406
4.401	-0.011688
4.402	-0.00998
4.403	-0.006716
4.404	-0.002695
4.405	-0.001118
4.406	-0.004491
4.407	-0.011853
4.408	-0.017042
4.409	-0.008086
4.41	0.030061
4.411	0.107155
4.412	0.216229
4.413	0.328034
4.414	0.401299
4.415	0.406854
4.416	0.34726
4.417	0.254265
4.418	0.16727
4.419	0.111885
4.42	0.092063
4.421	0.095753
4.422	0.106385
4.423	0.112042
4.424	0.108689
4.425	0.098759
4.426	0.087488
4.427	0.079095
4.428	0.074795
4.429	0.072862
4.43	0.069651
4.431	0.061225
4.432	0.045742
4.433	0.025428
4.434	0.006135
4.435	-0.005741
4.436	-0.006839
4.437	0.001499
4.438	0.014502
4.439	0.027052
4.44	0.036265
4.441	0.042093
4.442	0.046003
4.443	0.049044
4.444	0.051154
4.445	0.052126
4.446	0.052379
4.447	0.052215
4.448	0.050779
4.449	0.046298
4.45	0.037536
4.451	0.025106
4.452	0.011356
4.453	-0.000883
4.454	-0.009377
4.455	-0.012901
4.456	-0.011348
4.457	-0.005768
4.458	0.001989
4.459	0.010046
4.46	0.017233
4.461	0.023417
4.462	0.029067
4.463	0.03436
4.464	0.038897
4.465	0.0422
4.466	0.044029
4.467	0.044325
4.468	0.043094
4.469	0.04028
4.47	0.035687
4.471	0.02899
4.472	0.019831
4.473	0.00846
4.474	-0.00333
4.475	-0.012404
4.476	-0.016046
4.477	-0.013413
4.478	-0.005305
4.479	0.006587
4.48	0.019723
4.481	0.030755
4.482	0.036652
4.483	0.036472
4.484	0.032304
4.485	0.028197
4.486	0.027822
4.487	0.032756
4.488	0.042039
4.489	0.052681
4.49	0.061031
4.491	0.064293
4.492	0.061228
4.493	0.052341
4.494	0.039798
4.495	0.026627
4.496	0.015521
4.497	0.008178
4.498	0.005185
4.499	0.005788
4.5	0.008186
4.501	0.011047
4.502	0.014679
4.503	0.020079
4.504	0.027072
4.505	0.033891
4.506	0.038616
4.507	0.040531
4.508	0.039836
4.509	0.036825
4.51	0.031956
4.511	0.026056
4.512	0.019723
4.513	0.012753
4.514	0.004693
4.515	-0.004
4.516	-0.011375
4.517	-0.014432
4.518	-0.010638
4.519	7.9e-05
4.52	0.014557
4.521	0.027907
4.522	0.036202
4.523	0.03835
4.524	0.036021
4.525	0.031947
4.526	0.028077
4.527	0.024532
4.528	0.019576
4.529	0.011129
4.53	-0.000267
4.531	-0.008539
4.532	-0.001081
4.533	0.038419
4.534	0.121942
4.535	0.244959
4.536	0.377323
4.537	0.470661
4.538	0.485901
4.539	0.420274
4.54	0.308385
4.541	0.197591
4.542	0.120562
4.543	0.084399
4.544	0.077329
4.545	0.08203
4.546	0.085667
4.547	0.083129
4.548	0.07512
4.549	0.064823
4.55	0.055459
4.551	0.048803
4.552	0.04446
4.553	0.040182
4.554	0.033289
4.555	0.022642
4.556	0.010174
4.557	0.000365
4.558	-0.002717
4.559	0.0018
4.56	0.011586
4.561	0.023271
4.562	0.034402
4.563	0.043903
4.564	0.051553
4.565	0.057465
4.566	0.061896
4.567	0.064998
4.568	0.066655
4.569	0.066836
4.57	0.065932
4.571	0.064331
4.572	0.061705
4.573	0.056933
4.574	0.048856
4.575	0.037543
4.576	0.025271
4.577	0.016176
4.578	0.014469
4.579	0.022219
4.58	0.037813
4.581	0.056232
4.582	0.071625
4.583	0.080524
4.584	0.083222
4.585	0.08244
4.586	0.080801
4.587	0.079422
4.588	0.078346
4.589	0.077493
4.59	0.07685
4.591	0.076097
4.592	0.074318
4.593	0.07023
4.594	0.063014
4.595	0.05324
4.596	0.043027
4.597	0.035262
4.598	0.032474
4.599	0.03588
4.6	0.044801
4.601	0.056873
4.602	0.069075
4.603	0.078783
4.604	0.084504
4.605	0.086417
4.606	0.086262
4.607	0.086227
4.608	0.087562
4.609	0.090093
4.61	0.093011
4.611	0.096096
4.612	0.099835
4.613	0.104016
4.614	0.106665
4.615	0.10489
4.616	0.09683
4.617	0.083127
4.618	0.067304
4.619	0.054583
4.62	0.049096
4.621	0.051457
4.622	0.058879
4.623	0.067473
4.624	0.074527
4.625	0.079168
4.626	0.0816
4.627	0.082219
4.628	0.081463
4.629	0.079995
4.63	0.07864
4.631	0.077945
4.632	0.077657
4.633	0.076742
4.634	0.074024
4.635	0.068632
4.636	0.060152
4.637	0.049536
4.638	0.040335
4.639	0.037705
4.64	0.044693
4.641	0.059251
4.642	0.075158
4.643	0.086122
4.644	0.089667
4.645	0.087881
4.646	0.084902
4.647	0.083541
4.648	0.083675
4.649	0.083031
4.65	0.0789
4.651	0.069558
4.652	0.056074
4.653	0.045182
4.654	0.051004
4.655	0.091771
4.656	0.180331
4.657	0.311271
4.658	0.452085
4.659	0.55123
4.66	0.567131
4.661	0.497278
4.662	0.379713
4.663	0.265755
4.664	0.189532
4.665	0.156844
4.666	0.153775
4.667	0.161584
4.668	0.166768
4.669	0.163734
4.67	0.153007
4.671	0.138244
4.672	0.123419
4.673	0.110727
4.674	0.099699
4.675	0.087743
4.676	0.072084
4.677	0.052559
4.678	0.033059
4.679	0.019843
4.68	0.017817
4.681	0.027404
4.682	0.043924
4.683	0.060121
4.684	0.070341
4.685	0.073251
4.686	0.0713
4.687	0.068092
4.688	0.066075
4.689	0.065765
4.69	0.066115
4.691	0.065349
4.692	0.062005
4.693	0.055702
4.694	0.046764
4.695	0.035092
4.696	0.020092
4.697	0.002231
4.698	-0.015819
4.699	-0.029866
4.7	-0.035868
4.701	-0.031722
4.702	-0.018618
4.703	-0.000909
4.704	0.015849
4.705	0.027467
4.706	0.032806
4.707	0.033501
4.708	0.031865
4.709	0.028916
4.71	0.024574
4.711	0.01941
4.712	0.015156
4.713	0.012954
4.714	0.011605
4.715	0.008044
4.716	-0.00034
4.717	-0.013723
4.718	-0.029707
4.719	-0.044471
4.72	-0.053985
4.721	-0.055105
4.722	-0.04689
4.723	-0.031675
4.724	-0.014621
4.725	-0.001308
4.726	0.00524
4.727	0.005735
4.728	0.003265
4.729	0.001099
4.73	0.001486
4.731	0.005316
4.732	0.011993
4.733	0.019542
4.734	0.025129
4.735	0.025923
4.736	0.020011
4.737	0.007007
4.738	-0.011393
4.739	-0.031066
4.74	-0.046606
4.741	-0.054076
4.742	-0.053186
4.743	-0.046986
4.744	-0.039564
4.745	-0.033817
4.746	-0.030614
4.747	-0.029231
4.748	-0.028372
4.749	-0.027036
4.75	-0.024926
4.751	-0.02257
4.752	-0.02101
4.753	-0.020978
4.754	-0.022427
4.755	-0.025133
4.756	-0.029722
4.757	-0.037629
4.758	-0.049501
4.759	-0.063427
4.76	-0.074888
4.761	-0.078636
4.762	-0.071522
4.763	-0.054778
4.764	-0.033873
4.765	-0.015388
4.766	-0.003223
4.767	0.002699
4.768	0.004641
4.769	0.004517
4.77	0.002815
4.771	-0.00089
4.772	-0.007212
4.773	-0.016321
4.774	-0.025947
4.775	-0.028231
4.776	-0.008941
4.777	0.047875
4.778	0.149911
4.779	0.284295
4.78	0.4126
4.781	0.485795
4.782	0.474752
4.783	0.390516
4.784	0.275422
4.785	0.174765
4.786	0.11361
4.787	0.092145
4.788	0.095376
4.789	0.106048
4.79	0.112665
4.791	0.110982
4.792	0.101801
4.793	0.088333
4.794	0.074335
4.795	0.062323
4.796	0.051865
4.797	0.039986
4.798	0.024329
4.799	0.00619
4.8	-0.009611
4.801	-0.017691
4.802	-0.015443
4.803	-0.00446
4.804	0.010738
4.805	0.02533
4.806	0.036138
4.807	0.042328
4.808	0.044972
4.809	0.045518
4.81	0.044569
4.811	0.042354
4.812	0.03972
4.813	0.037992
4.814	0.037892
4.815	0.038483
4.816	0.036901
4.817	0.029578
4.818	0.014654
4.819	-0.006123
4.82	-0.027421
4.821	-0.04226
4.822	-0.045266
4.823	-0.035669
4.824	-0.017733
4.825	0.001771
4.826	0.016993
4.827	0.0254
4.828	0.028091
4.829	0.027913
4.83	0.027118
4.831	0.026538
4.832	0.02625
4.833	0.026298
4.834	0.026602
4.835	0.026232
4.836	0.023139
4.837	0.015158
4.838	0.001716
4.839	-0.015128
4.84	-0.031007
4.841	-0.040839
4.842	-0.041036
4.843	-0.031101
4.844	-0.013799
4.845	0.005613
4.846	0.021077
4.847	0.028818
4.848	0.02963
4.849	0.027676
4.85	0.027094
4.851	0.029571
4.852	0.034214
4.853	0.039147
4.854	0.043198
4.855	0.046001
4.856	0.046735
4.857	0.043509
4.858	0.034364
4.859	0.018913
4.86	-0.000505
4.861	-0.019019
4.862	-0.031065
4.863	-0.033038
4.864	-0.025201
4.865	-0.011672
4.866	0.001932
4.867	0.011649
4.868	0.016487
4.869	0.017427
4.87	0.016129
4.871	0.014481
4.872	0.01421
4.873	0.016066
4.874	0.019421
4.875	0.022772
4.876	0.024398
4.877	0.022456
4.878	0.01496
4.879	0.000815
4.88	-0.018072
4.881	-0.035731
4.882	-0.044338
4.883	-0.038995
4.884	-0.021374
4.885	0.000996
4.886	0.019547
4.887	0.029617
4.888	0.031776
4.889	0.029627
4.89	0.026681
4.891	0.024277
4.892	0.021268
4.893	0.015228
4.894	0.004425
4.895	-0.009758
4.896	-0.020278
4.897	-0.01355
4.898	0.027305
4.899	0.113991
4.9	0.240925
4.901	0.376702
4.902	0.471989
4.903	0.487053
4.904	0.419122
4.905	0.303937
4.906	0.190443
4.907	0.112333
4.908	0.076986
4.909	0.07247
4.91	0.080944
4.911	0.088364
4.912	0.087853
4.913	0.078989
4.914	0.065517
4.915	0.052381
4.916	0.042513
4.917	0.034799
4.918	0.024936
4.919	0.008917
4.92	-0.013414
4.921	-0.037235
4.922	-0.054786
4.923	-0.059517
4.924	-0.049896
4.925	-0.030233
4.926	-0.008063
4.927	0.009681
4.928	0.019306
4.929	0.020901
4.93	0.017174
4.931	0.011758
4.932	0.007684
4.933	0.006165
4.934	0.006443
4.935	0.006928
4.936	0.006176
4.937	0.00261
4.938	-0.005803
4.939	-0.020359
4.94	-0.039706
4.941	-0.059299
4.942	-0.073015
4.943	-0.076057
4.944	-0.067386
4.945	-0.050201
4.946	-0.030445
4.947	-0.01416
4.948	-0.004578
4.949	-0.000756
4.95	0.000733
4.951	0.002465
4.952	0.00443
4.953	0.005217
4.954	0.004266
4.955	0.00254
4.956	0.001003
4.957	-0.001123
4.958	-0.006028
4.959	-0.015264
4.96	-0.028198
4.961	-0.041919
4.962	-0.052157
4.963	-0.054794
4.964	-0.047702
4.965	-0.03224
4.966	-0.013304
4.967	0.002836
4.968	0.011783
4.969	0.012935
4.97	0.009111
4.971	0.004887
4.972	0.004478
4.973	0.009853
4.974	0.020169
4.975	0.032709
4.976	0.044123
4.977	0.051075
4.978	0.050701
4.979	0.041339
4.98	0.023455
4.981	0.000611
4.982	-0.020545
4.983	-0.032587
4.984	-0.03118
4.985	-0.017708
4.986	0.001546
4.987	0.019261
4.988	0.030784
4.989	0.034996
4.99	0.033182
4.991	0.027777
4.992	0.021283
4.993	0.015413
4.994	0.011089
4.995	0.008853
4.996	0.008554
4.997	0.008671
4.998	0.006515
4.999	-0.000527
5.0	-0.013432
5.001	-0.030338
5.002	-0.046478
5.003	-0.055756
5.004	-0.053807
5.005	-0.040983
5.006	-0.022705
5.007	-0.006245
5.008	0.003708
5.009	0.007233
5.01	0.007729
5.011	0.008257
5.012	0.008804
5.013	0.006785
5.014	-0.000337
5.015	-0.013144
5.016	-0.029442
5.017	-0.042602
5.018	-0.039866
5.019	-0.004644
5.02	0.075364
5.021	0.1965
5.022	0.330614
5.023	0.430921
5.024	0.456729
5.025	0.400665
5.026	0.293541
5.027	0.182379
5.028	0.102149
5.029	0.062652
5.03	0.05382
5.031	0.05884
5.032	0.064518
5.033	0.064976
5.034	0.060138
5.035	0.052284
5.036	0.043476
5.037	0.034496
5.038	0.024155
5.039	0.009219
5.04	-0.013263
5.041	-0.042114
5.042	-0.070459
5.043	-0.088761
5.044	-0.090552
5.045	-0.076471
5.046	-0.053595
5.047	-0.031018
5.048	-0.015115
5.049	-0.007236
5.05	-0.004704
5.051	-0.004071
5.052	-0.003861
5.053	-0.004629
5.054	-0.007154
5.055	-0.011211
5.056	-0.015947
5.057	-0.020975
5.058	-0.027239
5.059	-0.036912
5.06	-0.051977
5.061	-0.072252
5.062	-0.09422
5.063	-0.11169
5.064	-0.118571
5.065	-0.11233
5.066	-0.095736
5.067	-0.075561
5.068	-0.058928
5.069	-0.049534
5.07	-0.04635
5.071	-0.0457
5.072	-0.044685
5.073	-0.042903
5.074	-0.041611
5.075	-0.041773
5.076	-0.042964
5.077	-0.044449
5.078	-0.047414
5.079	-0.055355
5.08	-0.071353
5.081	-0.094376
5.082	-0.118053
5.083	-0.133545
5.084	-0.134649
5.085	-0.121225
5.086	-0.098792
5.087	-0.075389
5.088	-0.057982
5.089	-0.049893
5.09	-0.049912
5.091	-0.0533
5.092	-0.054442
5.093	-0.049824
5.094	-0.039486
5.095	-0.026192
5.096	-0.013457
5.097	-0.004328
5.098	-0.001324
5.099	-0.006434
5.1	-0.020437
5.101	-0.041718
5.102	-0.065462
5.103	-0.084636
5.104	-0.092921
5.105	-0.087759
5.106	-0.071547
5.107	-0.050273
5.108	-0.030188
5.109	-0.0147
5.11	-0.003793
5.111	0.004095
5.112	0.009927
5.113	0.013536
5.114	0.014807
5.115	0.015013
5.116	0.016432
5.117	0.02034
5.118	0.025539
5.119	0.028546
5.12	0.025134
5.121	0.012999
5.122	-0.005472
5.123	-0.022899
5.124	-0.030435
5.125	-0.023078
5.126	-0.002898
5.127	0.022263
5.128	0.043485
5.129	0.055301
5.13	0.05746
5.131	0.053768
5.132	0.049087
5.133	0.046258
5.134	0.044803
5.135	0.041891
5.136	0.034876
5.137	0.024699
5.138	0.018925
5.139	0.031831
5.14	0.079695
5.141	0.171797
5.142	0.299033
5.143	0.427281
5.144	0.508472
5.145	0.509633
5.146	0.436322
5.147	0.327632
5.148	0.228429
5.149	0.164448
5.15	0.136888
5.151	0.132411
5.152	0.135719
5.153	0.136735
5.154	0.131816
5.155	0.121846
5.156	0.10967
5.157	0.09798
5.158	0.087839
5.159	0.077877
5.16	0.064919
5.161	0.046402
5.162	0.023219
5.163	0.000747
5.164	-0.013338
5.165	-0.013611
5.166	-0.000568
5.167	0.019658
5.168	0.039283
5.169	0.053141
5.17	0.06007
5.171	0.061356
5.172	0.058662
5.173	0.053321
5.174	0.046929
5.175	0.041661
5.176	0.039333
5.177	0.040007
5.178	0.041195
5.179	0.038336
5.18	0.027178
5.181	0.007136
5.182	-0.016902
5.183	-0.036176
5.184	-0.042705
5.185	-0.034016
5.186	-0.014255
5.187	0.008794
5.188	0.027724
5.189	0.038021
5.19	0.039
5.191	0.033701
5.192	0.027433
5.193	0.024818
5.194	0.026946
5.195	0.031064
5.196	0.033404
5.197	0.032231
5.198	0.02788
5.199	0.020756
5.2	0.010639
5.201	-0.002336
5.202	-0.016584
5.203	-0.028721
5.204	-0.03445
5.205	-0.030809
5.206	-0.018291
5.207	-0.000831
5.208	0.016389
5.209	0.029558
5.21	0.037653
5.211	0.041916
5.212	0.04412
5.213	0.045499
5.214	0.04676
5.215	0.048495
5.216	0.051713
5.217	0.057628
5.218	0.06593
5.219	0.07314
5.22	0.073613
5.221	0.063138
5.222	0.042354
5.223	0.017246
5.224	-0.003975
5.225	-0.015484
5.226	-0.01628
5.227	-0.009087
5.228	0.002151
5.229	0.013847
5.23	0.023252
5.231	0.028543
5.232	0.029152
5.233	0.026546
5.234	0.024086
5.235	0.025005
5.236	0.030219
5.237	0.037626
5.238	0.042764
5.239	0.040798
5.24	0.029149
5.241	0.009122
5.242	-0.013888
5.243	-0.031946
5.244	-0.038488
5.245	-0.032187
5.246	-0.017117
5.247	0.000126
5.248	0.01345
5.249	0.019516
5.25	0.018863
5.251	0.015151
5.252	0.012796
5.253	0.013816
5.254	0.015714
5.255	0.01313
5.256	0.002633
5.257	-0.013565
5.258	-0.027029
5.259	-0.024834
5.26	0.006453
5.261	0.074408
5.262	0.173314
5.263	0.279115
5.264	0.354785
5.265	0.370081
5.266	0.321831
5.267	0.235134
5.268	0.145386
5.269	0.078732
5.27	0.044046
5.271	0.035599
5.272	0.040057
5.273	0.043904
5.274	0.039374
5.275	0.02694
5.276	0.012767
5.277	0.00268
5.278	-0.002389
5.279	-0.006211
5.28	-0.013863
5.281	-0.028471
5.282	-0.049379
5.283	-0.071692
5.284	-0.088035
5.285	-0.092547
5.286	-0.084522
5.287	-0.068875
5.288	-0.053044
5.289	-0.04269
5.29	-0.039271
5.291	-0.040542
5.292	-0.042817
5.293	-0.043346
5.294	-0.041483
5.295	-0.038383
5.296	-0.035987
5.297	-0.035977
5.298	-0.039376
5.299	-0.047093
5.3	-0.060283
5.301	-0.079163
5.302	-0.10114
5.303	-0.120657
5.304	-0.13161
5.305	-0.130766
5.306	-0.11977
5.307	-0.104199
5.308	-0.090229
5.309	-0.0815
5.31	-0.078191
5.311	-0.078076
5.312	-0.078479
5.313	-0.077938
5.314	-0.076531
5.315	-0.075058
5.316	-0.074308
5.317	-0.074835
5.318	-0.076952
5.319	-0.081056
5.32	-0.088095
5.321	-0.099339
5.322	-0.114969
5.323	-0.132372
5.324	-0.146029
5.325	-0.150218
5.326	-0.142927
5.327	-0.127371
5.328	-0.109558
5.329	-0.094564
5.33	-0.084554
5.331	-0.078892
5.332	-0.075389
5.333	-0.071614
5.334	-0.065642
5.335	-0.056514
5.336	-0.044743
5.337	-0.032479
5.338	-0.023262
5.339	-0.021462
5.34	-0.030894
5.341	-0.052456
5.342	-0.082264
5.343	-0.112211
5.344	-0.133304
5.345	-0.140026
5.346	-0.132863
5.347	-0.117195
5.348	-0.099626
5.349	-0.084774
5.35	-0.074271
5.351	-0.067206
5.352	-0.061248
5.353	-0.05438
5.354	-0.046222
5.355	-0.037759
5.356	-0.03001
5.357	-0.023353
5.358	-0.018387
5.359	-0.017014
5.36	-0.021679
5.361	-0.032979
5.362	-0.047915
5.363	-0.060574
5.364	-0.065076
5.365	-0.058956
5.366	-0.044353
5.367	-0.026022
5.368	-0.00821
5.369	0.006989
5.37	0.019301
5.371	0.029003
5.372	0.03591
5.373	0.039255
5.374	0.03821
5.375	0.032484
5.376	0.023106
5.377	0.014294
5.378	0.015685
5.379	0.04165
5.38	0.105019
5.381	0.206558
5.382	0.326427
5.383	0.426665
5.384	0.469245
5.385	0.439872
5.386	0.357486
5.387	0.260795
5.388	0.184576
5.389	0.144246
5.39	0.135532
5.391	0.143841
5.392	0.154662
5.393	0.159583
5.394	0.157011
5.395	0.149592
5.396	0.141042
5.397	0.133858
5.398	0.128011
5.399	0.120966
5.4	0.1094
5.401	0.091888
5.402	0.070788
5.403	0.051723
5.404	0.04061
5.405	0.040343
5.406	0.049705
5.407	0.064625
5.408	0.080151
5.409	0.092416
5.41	0.100008
5.411	0.103897
5.412	0.106081
5.413	0.108021
5.414	0.10981
5.415	0.110572
5.416	0.109583
5.417	0.106864
5.418	0.102747
5.419	0.097214
5.42	0.089629
5.421	0.078988
5.422	0.064902
5.423	0.048839
5.424	0.034405
5.425	0.026068
5.426	0.026926
5.427	0.036843
5.428	0.05247
5.429	0.069316
5.43	0.083879
5.431	0.094274
5.432	0.099838
5.433	0.10085
5.434	0.09849
5.435	0.094542
5.436	0.090649
5.437	0.08743
5.438	0.084116
5.439	0.079057
5.44	0.070699
5.441	0.058408
5.442	0.04305
5.443	0.027291
5.444	0.015054
5.445	0.00982
5.446	0.012684
5.447	0.02176
5.448	0.033403
5.449	0.043894
5.45	0.050549
5.451	0.052733
5.452	0.052361
5.453	0.052513
5.454	0.0552
5.455	0.060512
5.456	0.067329
5.457	0.074102
5.458	0.079136
5.459	0.080756
5.46	0.077542
5.461	0.068714
5.462	0.054693
5.463	0.037359
5.464	0.019632
5.465	0.004681
5.466	-0.004931
5.467	-0.007856
5.468	-0.004158
5.469	0.00459
5.47	0.015536
5.471	0.025574
5.472	0.032548
5.473	0.035688
5.474	0.035384
5.475	0.032686
5.476	0.02863
5.477	0.02378
5.478	0.018667
5.479	0.014346
5.48	0.011462
5.481	0.008489
5.482	0.001876
5.483	-0.011013
5.484	-0.028822
5.485	-0.046278
5.486	-0.057406
5.487	-0.058746
5.488	-0.05056
5.489	-0.036463
5.49	-0.021884
5.491	-0.011481
5.492	-0.007105
5.493	-0.007686
5.494	-0.010539
5.495	-0.013235
5.496	-0.015427
5.497	-0.019311
5.498	-0.027857
5.499	-0.04169
5.5	-0.055884
5.501	-0.057991
5.502	-0.030134
5.503	0.04282
5.504	0.160566
5.505	0.296592
5.506	0.402142
5.507	0.432235
5.508	0.37629
5.509	0.264576
5.51	0.145732
5.511	0.057561
5.512	0.012675
5.513	0.002412
5.514	0.009226
5.515	0.017577
5.516	0.019036
5.517	0.012135
5.518	-0.0003
5.519	-0.014295
5.52	-0.027258
5.521	-0.039101
5.522	-0.051738
5.523	-0.067278
5.524	-0.086079
5.525	-0.105995
5.526	-0.122921
5.527	-0.13232
5.528	-0.131503
5.529	-0.121423
5.53	-0.106478
5.531	-0.09242
5.532	-0.083697
5.533	-0.081591
5.534	-0.084231
5.535	-0.088596
5.536	-0.092922
5.537	-0.097265
5.538	-0.102118
5.539	-0.107277
5.54	-0.112361
5.541	-0.118195
5.542	-0.127196
5.543	-0.141742
5.544	-0.161679
5.545	-0.183114
5.546	-0.199482
5.547	-0.204617
5.548	-0.196503
5.549	-0.178991
5.55	-0.159742
5.551	-0.145825
5.552	-0.140195
5.553	-0.141252
5.554	-0.145279
5.555	-0.149434
5.556	-0.152896
5.557	-0.156159
5.558	-0.160187
5.559	-0.165999
5.56	-0.174108
5.561	-0.184132
5.562	-0.195197
5.563	-0.206718
5.564	-0.218709
5.565	-0.231102
5.566	-0.242528
5.567	-0.250019
5.568	-0.250466
5.569	-0.242847
5.57	-0.229431
5.571	-0.214954
5.572	-0.204126
5.573	-0.1992
5.574	-0.199312
5.575	-0.201515
5.576	-0.202314
5.577	-0.199017
5.578	-0.190686
5.579	-0.178347
5.58	-0.164742
5.581	-0.153989
5.582	-0.150618
5.583	-0.15777
5.584	-0.175541
5.585	-0.200553
5.586	-0.227011
5.587	-0.248677
5.588	-0.260923
5.589	-0.262245
5.59	-0.254871
5.591	-0.243875
5.592	-0.234932
5.593	-0.232039
5.594	-0.236358
5.595	-0.246254
5.596	-0.2586
5.597	-0.270852
5.598	-0.281911
5.599	-0.290989
5.6	-0.296837
5.601	-0.298883
5.602	-0.298505
5.603	-0.298636
5.604	-0.302072
5.605	-0.309623
5.606	-0.319064
5.607	-0.325803
5.608	-0.325331
5.609	-0.316154
5.61	-0.301141
5.611	-0.285822
5.612	-0.274759
5.613	-0.269197
5.614	-0.267522
5.615	-0.267252
5.616	-0.266942
5.617	-0.267237
5.618	-0.270559
5.619	-0.279532
5.62	-0.294983
5.621	-0.313544
5.622	-0.325204
5.623	-0.313656
5.624	-0.261948
5.625	-0.162553
5.626	-0.028596
5.627	0.101594
5.628	0.178325
5.629	0.170412
5.63	0.086678
5.631	-0.031078
5.632	-0.136315
5.633	-0.202755
5.634	-0.229824
5.635	-0.232085
5.636	-0.226254
5.637	-0.223897
5.638	-0.229256
5.639	-0.240073
5.64	-0.251199
5.641	-0.259479
5.642	-0.266314
5.643	-0.276086
5.644	-0.292518
5.645	-0.316041
5.646	-0.343206
5.647	-0.367655
5.648	-0.382429
5.649	-0.383337
5.65	-0.371573
5.651	-0.353404
5.652	-0.336921
5.653	-0.3279
5.654	-0.32724
5.655	-0.331658
5.656	-0.337025
5.657	-0.341152
5.658	-0.343854
5.659	-0.345747
5.66	-0.347623
5.661	-0.35009
5.662	-0.353421
5.663	-0.358112
5.664	-0.365493
5.665	-0.377242
5.666	-0.393563
5.667	-0.411345
5.668	-0.424641
5.669	-0.428068
5.67	-0.420418
5.671	-0.405253
5.672	-0.388347
5.673	-0.374489
5.674	-0.365738
5.675	-0.361632
5.676	-0.360651
5.677	-0.361519
5.678	-0.363436
5.679	-0.365795
5.68	-0.36814
5.681	-0.370408
5.682	-0.373253
5.683	-0.378213
5.684	-0.387293
5.685	-0.401838
5.686	-0.421041
5.687	-0.440984
5.688	-0.455424
5.689	-0.458758
5.69	-0.449483
5.691	-0.431473
5.692	-0.412049
5.693	-0.39811
5.694	-0.392759
5.695	-0.394498
5.696	-0.399069
5.697	-0.402191
5.698	-0.401473
5.699	-0.396951
5.7	-0.390405
5.701	-0.384244
5.702	-0.38079
5.703	-0.38206
5.704	-0.38968
5.705	-0.404657
5.706	-0.426428
5.707	-0.451492
5.708	-0.473618
5.709	-0.486682
5.71	-0.487932
5.711	-0.478802
5.712	-0.463136
5.713	-0.445073
5.714	-0.428169
5.715	-0.415155
5.716	-0.407377
5.717	-0.404528
5.718	-0.405551
5.719	-0.409668
5.72	-0.416023
5.721	-0.422421
5.722	-0.425212
5.723	-0.421606
5.724	-0.413078
5.725	-0.406129
5.726	-0.408097
5.727	-0.421047
5.728	-0.439719
5.729	-0.455421
5.73	-0.461909
5.731	-0.458565
5.732	-0.449695
5.733	-0.441623
5.734	-0.439422
5.735	-0.444581
5.736	-0.454862
5.737	-0.4666
5.738	-0.477494
5.739	-0.487465
5.74	-0.49784
5.741	-0.510382
5.742	-0.525479
5.743	-0.538553
5.744	-0.537438
5.745	-0.504936
5.746	-0.427704
5.747	-0.309151
5.748	-0.178887
5.749	-0.085358
5.75	-0.068047
5.751	-0.130429
5.752	-0.238965
5.753	-0.347535
5.754	-0.424225
5.755	-0.461562
5.756	-0.470218
5.757	-0.467056
5.758	-0.46563
5.759	-0.471862
5.76	-0.484993
5.761	-0.501456
5.762	-0.518006
5.763	-0.532909
5.764	-0.54655
5.765	-0.561572
5.766	-0.581019
5.767	-0.604966
5.768	-0.628886
5.769	-0.645814
5.77	-0.650475
5.771	-0.642024
5.772	-0.623987
5.773	-0.602291
5.774	-0.582799
5.775	-0.569447
5.776	-0.563594
5.777	-0.564501
5.778	-0.570369
5.779	-0.579301
5.78	-0.589813
5.781	-0.600693
5.782	-0.610677
5.783	-0.619123
5.784	-0.627342
5.785	-0.638389
5.786	-0.654642
5.787	-0.675255
5.788	-0.695574
5.789	-0.708854
5.79	-0.709654
5.791	-0.697213
5.792	-0.676409
5.793	-0.65516
5.794	-0.639966
5.795	-0.63299
5.796	-0.632624
5.797	-0.636068
5.798	-0.641094
5.799	-0.646267
5.8	-0.650817
5.801	-0.654621
5.802	-0.658048
5.803	-0.661782
5.804	-0.666886
5.805	-0.674883
5.806	-0.687269
5.807	-0.704021
5.808	-0.721971
5.809	-0.735191
5.81	-0.738079
5.811	-0.72875
5.812	-0.710135
5.813	-0.68851
5.814	-0.670511
5.815	-0.660093
5.816	-0.657084
5.817	-0.658068
5.818	-0.658765
5.819	-0.656395
5.82	-0.650727
5.821	-0.643272
5.822	-0.635675
5.823	-0.628959
5.824	-0.624126
5.825	-0.623175
5.826	-0.628969
5.827	-0.64307
5.828	-0.663098
5.829	-0.68262
5.83	-0.694329
5.831	-0.69402
5.832	-0.682455
5.833	-0.664346
5.834	-0.645703
5.835	-0.631265
5.836	-0.623015
5.837	-0.620108
5.838	-0.620006
5.839	-0.62012
5.84	-0.618922
5.841	-0.616074
5.842	-0.612012
5.843	-0.607557
5.844	-0.604037
5.845	-0.604015
5.846	-0.611009
5.847	-0.626794
5.848	-0.648295
5.849	-0.667757
5.85	-0.676748
5.851	-0.671118
5.852	-0.653487
5.853	-0.63166
5.854	-0.614086
5.855	-0.605415
5.856	-0.604959
5.857	-0.608482
5.858	-0.611467
5.859	-0.611729
5.86	-0.610396
5.861	-0.611162
5.862	-0.617846
5.863	-0.630533
5.864	-0.642122
5.865	-0.638266
5.866	-0.601936
5.867	-0.52141
5.868	-0.400979
5.869	-0.269982
5.87	-0.176639
5.871	-0.16082
5.872	-0.225971
5.873	-0.336963
5.874	-0.445275
5.875	-0.518108
5.876	-0.549597
5.877	-0.552781
5.878	-0.545532
5.879	-0.541153
5.88	-0.545374
5.881	-0.557268
5.882	-0.572042
5.883	-0.584583
5.884	-0.592838
5.885	-0.59956
5.886	-0.610648
5.887	-0.630508
5.888	-0.658052
5.889	-0.686426
5.89	-0.706333
5.891	-0.710868
5.892	-0.699329
5.893	-0.677647
5.894	-0.655067
5.895	-0.639318
5.896	-0.63331
5.897	-0.635
5.898	-0.63982
5.899	-0.643672
5.9	-0.644817
5.901	-0.644145
5.902	-0.643954
5.903	-0.646222
5.904	-0.651936
5.905	-0.661833
5.906	-0.676936
5.907	-0.69765
5.908	-0.722021
5.909	-0.744722
5.91	-0.758494
5.911	-0.758236
5.912	-0.744747
5.913	-0.724613
5.914	-0.706232
5.915	-0.69526
5.916	-0.692508
5.917	-0.695016
5.918	-0.698924
5.919	-0.702062
5.92	-0.704625
5.921	-0.707735
5.922	-0.711502
5.923	-0.714781
5.924	-0.716913
5.925	-0.719382
5.926	-0.725442
5.927	-0.737965
5.928	-0.757091
5.929	-0.779011
5.93	-0.796988
5.931	-0.804575
5.932	-0.798917
5.933	-0.782269
5.934	-0.761142
5.935	-0.743139
5.936	-0.733065
5.937	-0.731021
5.938	-0.733634
5.939	-0.736829
5.94	-0.737848
5.941	-0.735841
5.942	-0.731593
5.943	-0.727065
5.944	-0.72486
5.945	-0.727513
5.946	-0.73692
5.947	-0.754
5.948	-0.777689
5.949	-0.803613
5.95	-0.824735
5.951	-0.834678
5.952	-0.831449
5.953	-0.818748
5.954	-0.803743
5.955	-0.7928
5.956	-0.7885
5.957	-0.78976
5.958	-0.79379
5.959	-0.797872
5.96	-0.800411
5.961	-0.801383
5.962	-0.80202
5.963	-0.803792
5.964	-0.807445
5.965	-0.813156
5.966	-0.821684
5.967	-0.834591
5.968	-0.852344
5.969	-0.872153
5.97	-0.888237
5.971	-0.894506
5.972	-0.887806
5.973	-0.870074
5.974	-0.847916
5.975	-0.829341
5.976	-0.81968
5.977	-0.81944
5.978	-0.82542
5.979	-0.833889
5.98	-0.843203
5.981	-0.854034
5.982	-0.867581
5.983	-0.883586
5.984	-0.898882
5.985	-0.905984
5.986	-0.892668
5.987	-0.844733
5.988	-0.75347
5.989	-0.627204
5.99	-0.499198
5.991	-0.417466
5.992	-0.415627
5.993	-0.489151
5.994	-0.599659
5.995	-0.701763
5.996	-0.768441
5.997	-0.797885
5.998	-0.803766
5.999	-0.801766
6.0	-0.801952
6.001	-0.808038
6.002	-0.819706
6.003	-0.83462
6.004	-0.849865
6.005	-0.863691
6.006	-0.877035
6.007	-0.892939
6.008	-0.913501
6.009	-0.936659
6.01	-0.955821
6.011	-0.963517
6.012	-0.95669
6.013	-0.939098
6.014	-0.918906
6.015	-0.903836
6.016	-0.897553
6.017	-0.899133
6.018	-0.904922
6.019	-0.91121
6.02	-0.916338
6.021	-0.920936
6.022	-0.926368
6.023	-0.933083
6.024	-0.940532
6.025	-0.948626
6.026	-0.958914
6.027	-0.973766
6.028	-0.994113
6.029	-1.017615
6.03	-1.038642
6.031	-1.050425
6.032	-1.048508
6.033	-1.033436
6.034	-1.010994
6.035	-0.989728
6.036	-0.976814
6.037	-0.974582
6.038	-0.980298
6.039	-0.989304
6.04	-0.998389
6.041	-1.006556
6.042	-1.01358
6.043	-1.018892
6.044	-1.022254
6.045	-1.02525
6.046	-1.03146
6.047	-1.044506
6.048	-1.065256
6.049	-1.090077
6.05	-1.111494
6.051	-1.12165
6.052	-1.116713
6.053	-1.099228
6.054	-1.076879
6.055	-1.058488
6.056	-1.049639
6.057	-1.050418
6.058	-1.05637
6.059	-1.061606
6.06	-1.061836
6.061	-1.055986
6.062	-1.046219
6.063	-1.036487
6.064	-1.030311
6.065	-1.029345
6.066	-1.03381
6.067	-1.043789
6.068	-1.059285
6.069	-1.0785
6.07	-1.096458
6.071	-1.106378
6.072	-1.10338
6.073	-1.087717
6.074	-1.064958
6.075	-1.042767
6.076	-1.026525
6.077	-1.017051
6.078	-1.011741
6.079	-1.007445
6.08	-1.002599
6.081	-0.997394
6.082	-0.992333
6.083	-0.986862
6.084	-0.979688
6.085	-0.970665
6.086	-0.962332
6.087	-0.959203
6.088	-0.964728
6.089	-0.978065
6.09	-0.993333
6.091	-1.00201
6.092	-0.997111
6.093	-0.977283
6.094	-0.948471
6.095	-0.920941
6.096	-0.90302
6.097	-0.896543
6.098	-0.897467
6.099	-0.900041
6.1	-0.900774
6.101	-0.899963
6.102	-0.900537
6.103	-0.905328
6.104	-0.914165
6.105	-0.921451
6.106	-0.915348
6.107	-0.880444
6.108	-0.804438
6.109	-0.68756
6.11	-0.551673
6.111	-0.439749
6.112	-0.395826
6.113	-0.435817
6.114	-0.53636
6.115	-0.651821
6.116	-0.742306
6.117	-0.791031
6.118	-0.80348
6.119	-0.795562
6.12	-0.782494
6.121	-0.774006
6.122	-0.773992
6.123	-0.781428
6.124	-0.792214
6.125	-0.802455
6.126	-0.811439
6.127	-0.821764
6.128	-0.836151
6.129	-0.853332
6.13	-0.866261
6.131	-0.863666
6.132	-0.833461
6.133	-0.766257
6.134	-0.658315
6.135	-0.514162
6.136	-0.347562
6.137	-0.178194
6.138	-0.024628
6.139	0.102035
6.14	0.200462
6.141	0.277109
6.142	0.341568
6.143	0.401639
6.144	0.460166
6.145	0.514661
6.146	0.559646
6.147	0.590311
6.148	0.60568
6.149	0.610114
6.15	0.61206
6.151	0.619917
6.152	0.637539
6.153	0.662907
6.154	0.690544
6.155	0.71494
6.156	0.732866
6.157	0.744714
6.158	0.754861
6.159	0.769561
6.16	0.792523
6.161	0.822179
6.162	0.853668
6.163	0.882978
6.164	0.908837
6.165	0.931326
6.166	0.949445
6.167	0.960336
6.168	0.961416
6.169	0.953958
6.17	0.944521
6.171	0.941634
6.172	0.950035
6.173	0.967659
6.174	0.987468
6.175	1.00215
6.176	1.008678
6.177	1.009802
6.178	1.011501
6.179	1.018633
6.18	1.032441
6.181	1.051808
6.182	1.075803
6.183	1.1036
6.184	1.132234
6.185	1.156024
6.186	1.169202
6.187	1.16899
6.188	1.155973
6.189	1.132817
6.19	1.104199
6.191	1.077118
6.192	1.058917
6.193	1.053547
6.194	1.059385
6.195	1.070846
6.196	1.082384
6.197	1.09123
6.198	1.097006
6.199	1.1002
6.2	1.102087
6.201	1.10531
6.202	1.112877
6.203	1.126023
6.204	1.142938
6.205	1.159138
6.206	1.168967
6.207	1.167803
6.208	1.154682
6.209	1.13395
6.21	1.114019
6.211	1.10332
6.212	1.105819
6.213	1.11871
6.214	1.133987
6.215	1.143549
6.216	1.144449
6.217	1.139917
6.218	1.135692
6.219	1.135776
6.22	1.14097
6.221	1.14927
6.222	1.156677
6.223	1.159716
6.224	1.159865
6.225	1.166278
6.226	1.193268
6.227	1.252939
6.228	1.345592
6.229	1.452336
6.23	1.538113
6.231	1.569416
6.232	1.535674
6.233	1.455526
6.234	1.362924
6.235	1.286887
6.236	1.240614
6.237	1.222473
6.238	1.222423
6.239	1.228833
6.24	1.233454
6.241	1.233261
6.242	1.229553
6.243	1.225607
6.244	1.223807
6.245	1.223379
6.246	1.220501
6.247	1.210973
6.248	1.193304
6.249	1.170128
6.25	1.147372
6.251	1.131642
6.252	1.126979
6.253	1.132596
6.254	1.143222
6.255	1.152484
6.256	1.156887
6.257	1.156968
6.258	1.1553
6.259	1.154046
6.26	1.153963
6.261	1.154796
6.262	1.156133
6.263	1.15771
6.264	1.158966
6.265	1.158593
6.266	1.154624
6.267	1.145187
6.268	1.129961
6.269	1.111665
6.27	1.095893
6.271	1.088328
6.272	1.090938
6.273	1.100423
6.274	1.11059
6.275	1.116678
6.276	1.1178
6.277	1.115949
6.278	1.1137
6.279	1.112999
6.28	1.114717
6.281	1.118216
6.282	1.121744
6.283	1.123832
6.284	1.12421
6.285	1.12322
6.286	1.120465
6.287	1.114298
6.288	1.10319
6.289	1.088098
6.29	1.073299
6.291	1.064372
6.292	1.064717
6.293	1.073393
6.294	1.085881
6.295	1.096926
6.296	1.103103
6.297	1.103752
6.298	1.100472
6.299	1.095889
6.3	1.092546
6.301	1.092494
6.302	1.097255
6.303	1.107248
6.304	1.120795
6.305	1.133892
6.306	1.141238
6.307	1.138094
6.308	1.122531
6.309	1.097083
6.31	1.068442
6.311	1.044808
6.312	1.031937
6.313	1.03025
6.314	1.035418
6.315	1.042002
6.316	1.046626
6.317	1.048448
6.318	1.048178
6.319	1.047285
6.32	1.047305
6.321	1.048943
6.322	1.05155
6.323	1.053653
6.324	1.054081
6.325	1.052411
6.326	1.048209
6.327	1.040362
6.328	1.028102
6.329	1.012967
6.33	0.999252
6.331	0.992106
6.332	0.994399
6.333	1.004469
6.334	1.016853
6.335	1.025834
6.336	1.028738
6.337	1.026498
6.338	1.021946
6.339	1.017495
6.34	1.013616
6.341	1.008895
6.342	1.001361
6.343	0.990218
6.344	0.977957
6.345	0.972577
6.346	0.987697
6.347	1.038024
6.348	1.12995
6.349	1.250401
6.35	1.363074
6.351	1.423157
6.352	1.40559
6.353	1.322591
6.354	1.213965
6.355	1.120495
6.356	1.063419
6.357	1.041622
6.358	1.041095
6.359	1.046106
6.36	1.046271
6.361	1.038747
6.362	1.026626
6.363	1.015134
6.364	1.007672
6.365	1.00367
6.366	0.999064
6.367	0.988963
6.368	0.970956
6.369	0.947153
6.37	0.923756
6.371	0.907911
6.372	0.903382
6.373	0.908395
6.374	0.917424
6.375	0.924994
6.376	0.928376
6.377	0.927881
6.378	0.925518
6.379	0.923348
6.38	0.922383
6.381	0.922256
6.382	0.921605
6.383	0.919019
6.384	0.913837
6.385	0.90604
6.386	0.895602
6.387	0.882277
6.388	0.866054
6.389	0.847881
6.39	0.83024
6.391	0.816733
6.392	0.810324
6.393	0.8116
6.394	0.818515
6.395	0.827674
6.396	0.836044
6.397	0.841845
6.398	0.844297
6.399	0.843181
6.4	0.838904
6.401	0.832814
6.402	0.827053
6.403	0.823507
6.404	0.822482
6.405	0.82241
6.406	0.82094
6.407	0.816244
6.408	0.807368
6.409	0.794197
6.41	0.778032
6.411	0.76198
6.412	0.750039
6.413	0.74524
6.414	0.748101
6.415	0.756476
6.416	0.766745
6.417	0.775376
6.418	0.780056
6.419	0.780254
6.42	0.777126
6.421	0.772788
6.422	0.769381
6.423	0.768163
6.424	0.768978
6.425	0.770658
6.426	0.771951
6.427	0.77173
6.428	0.768556
6.429	0.761099
6.43	0.749353
6.431	0.734933
6.432	0.720086
6.433	0.706726
6.434	0.696355
6.435	0.69026
6.436	0.689124
6.437	0.692236
6.438	0.697414
6.439	0.702055
6.44	0.704496
6.441	0.70461
6.442	0.703336
6.443	0.701626
6.444	0.699821
6.445	0.698005
6.446	0.696307
6.447	0.694334
6.448	0.690591
6.449	0.683042
6.45	0.670587
6.451	0.654533
6.452	0.638999
6.453	0.62933
6.454	0.629186
6.455	0.63843
6.456	0.653207
6.457	0.667887
6.458	0.677605
6.459	0.680163
6.46	0.676455
6.461	0.669407
6.462	0.662102
6.463	0.655941
6.464	0.649744
6.465	0.640594
6.466	0.626459
6.467	0.609895
6.468	0.601176
6.469	0.617554
6.47	0.67615
6.471	0.78204
6.472	0.917061
6.473	1.038743
6.474	1.098499
6.475	1.072183
6.476	0.976982
6.477	0.858012
6.478	0.75862
6.479	0.699947
6.48	0.679557
6.481	0.681737
6.482	0.68898
6.483	0.689336
6.484	0.678985
6.485	0.660979
6.486	0.641314
6.487	0.624547
6.488	0.61156
6.489	0.600225
6.49	0.587626
6.491	0.572227
6.492	0.554889
6.493	0.538676
6.494	0.527827
6.495	0.525795
6.496	0.532779
6.497	0.545013
6.498	0.557151
6.499	0.565352
6.5	0.568343
6.501	0.566941
6.502	0.563233
6.503	0.559361
6.504	0.556381
6.505	0.55397
6.506	0.550889
6.507	0.545875
6.508	0.53825
6.509	0.527495
6.51	0.512882
6.511	0.494529
6.512	0.474858
6.513	0.458444
6.514	0.449924
6.515	0.451461
6.516	0.461538
6.517	0.475794
6.518	0.489218
6.519	0.498253
6.52	0.501883
6.521	0.501437
6.522	0.499208
6.523	0.496759
6.524	0.494131
6.525	0.490363
6.526	0.484703
6.527	0.477485
6.528	0.469757
6.529	0.462052
6.53	0.4539
6.531	0.44441
6.532	0.432963
6.533	0.419959
6.534	0.407624
6.535	0.399653
6.536	0.399151
6.537	0.406401
6.538	0.418496
6.539	0.431125
6.54	0.440929
6.541	0.446605
6.542	0.448475
6.543	0.447629
6.544	0.445562
6.545	0.444133
6.546	0.445076
6.547	0.448824
6.548	0.45364
6.549	0.456235
6.55	0.453536
6.551	0.444005
6.552	0.428073
6.553	0.40839
6.554	0.389495
6.555	0.376175
6.556	0.37128
6.557	0.374469
6.558	0.382452
6.559	0.390543
6.56	0.395014
6.561	0.394935
6.562	0.392117
6.563	0.389237
6.564	0.387759
6.565	0.387357
6.566	0.386935
6.567	0.385757
6.568	0.383522
6.569	0.379811
6.57	0.373792
6.571	0.364459
6.572	0.351427
6.573	0.335938
6.574	0.321062
6.575	0.310735
6.576	0.308166
6.577	0.314085
6.578	0.325763
6.579	0.338178
6.58	0.347015
6.581	0.350919
6.582	0.351097
6.583	0.349207
6.584	0.345841
6.585	0.340525
6.586	0.332132
6.587	0.319221
6.588	0.301816
6.589	0.285111
6.59	0.281949
6.591	0.309909
6.592	0.382443
6.593	0.497632
6.594	0.630102
6.595	0.734718
6.596	0.768444
6.597	0.71844
6.598	0.61097
6.599	0.492865
6.6	0.403392
6.601	0.35747
6.602	0.346906
6.603	0.352986
6.604	0.359327
6.605	0.357956
6.606	0.348608
6.607	0.334912
6.608	0.320667
6.609	0.307597
6.61	0.294791
6.611	0.279738
6.612	0.260589
6.613	0.238251
6.614	0.216825
6.615	0.202008
6.616	0.198231
6.617	0.206125
6.618	0.221935
6.619	0.239312
6.62	0.252337
6.621	0.258088
6.622	0.257536
6.623	0.254075
6.624	0.250668
6.625	0.248061
6.626	0.245229
6.627	0.240991
6.628	0.23529
6.629	0.229103
6.63	0.223092
6.631	0.216445
6.632	0.207039
6.633	0.192926
6.634	0.17464
6.635	0.156537
6.636	0.144911
6.637	0.143748
6.638	0.152163
6.639	0.165811
6.64	0.180109
6.641	0.191994
6.642	0.199763
6.643	0.202616
6.644	0.200856
6.645	0.196044
6.646	0.190183
6.647	0.184577
6.648	0.179594
6.649	0.175069
6.65	0.170422
6.651	0.164463
6.652	0.155401
6.653	0.141778
6.654	0.124384
6.655	0.107324
6.656	0.09626
6.657	0.094889
6.658	0.102795
6.659	0.116037
6.66	0.129371
6.661	0.138726
6.662	0.142823
6.663	0.143106
6.664	0.142242
6.665	0.142479
6.666	0.144853
6.667	0.149345
6.668	0.155251
6.669	0.161129
6.67	0.164718
6.671	0.163562
6.672	0.156031
6.673	0.141991
6.674	0.123068
6.675	0.102654
6.676	0.085196
6.677	0.074637
6.678	0.072748
6.679	0.078334
6.68	0.087958
6.681	0.097761
6.682	0.104882
6.683	0.107752
6.684	0.106086
6.685	0.101024
6.686	0.094802
6.687	0.089599
6.688	0.086497
6.689	0.085546
6.69	0.086286
6.691	0.087471
6.692	0.086317
6.693	0.079223
6.694	0.064574
6.695	0.045214
6.696	0.027838
6.697	0.019324
6.698	0.022646
6.699	0.035182
6.7	0.050633
6.701	0.062908
6.702	0.069022
6.703	0.069627
6.704	0.0676
6.705	0.065695
6.706	0.064555
6.707	0.062305
6.708	0.055887
6.709	0.043469
6.71	0.027388
6.711	0.016563
6.712	0.026261
6.713	0.073246
6.714	0.166105
6.715	0.293581
6.716	0.419329
6.717	0.494796
6.718	0.48844
6.719	0.40757
6.72	0.292142
6.721	0.187769
6.722	0.121668
6.723	0.096293
6.724	0.097881
6.725	0.108845
6.726	0.11617
6.727	0.114328
6.728	0.104134
6.729	0.089462
6.73	0.073942
6.731	0.059076
6.732	0.044067
6.733	0.026826
6.734	0.005748
6.735	-0.018081
6.736	-0.039728
6.737	-0.052383
6.738	-0.051679
6.739	-0.038553
6.74	-0.018348
6.741	0.002236
6.742	0.017807
6.743	0.02574
6.744	0.026454
6.745	0.022498
6.746	0.016747
6.747	0.010875
6.748	0.005235
6.749	-1.3e-05
6.75	-0.004226
6.751	-0.007303
6.752	-0.011329
6.753	-0.020293
6.754	-0.037075
6.755	-0.059942
6.756	-0.082025
6.757	-0.095057
6.758	-0.094434
6.759	-0.081398
6.76	-0.061652
6.761	-0.042362
6.762	-0.02897
6.763	-0.023113
6.764	-0.022987
6.765	-0.025462
6.766	-0.028012
6.767	-0.029557
6.768	-0.030399
6.769	-0.031572
6.77	-0.034097
6.771	-0.038703
6.772	-0.045948
6.773	-0.056305
6.774	-0.069917
6.775	-0.085819
6.776	-0.101086
6.777	-0.111315
6.778	-0.112807
6.779	-0.104833
6.78	-0.090344
6.781	-0.074559
6.782	-0.062105
6.783	-0.054878
6.784	-0.052142
6.785	-0.051856
6.786	-0.051778
6.787	-0.050271
6.788	-0.046861
6.789	-0.042061
6.79	-0.03675
6.791	-0.032138
6.792	-0.030321
6.793	-0.034243
6.794	-0.046294
6.795	-0.066294
6.796	-0.090605
6.797	-0.113265
6.798	-0.128317
6.799	-0.132187
6.8	-0.125265
6.801	-0.111641
6.802	-0.096973
6.803	-0.085999
6.804	-0.080952
6.805	-0.081131
6.806	-0.08383
6.807	-0.086437
6.808	-0.088079
6.809	-0.089416
6.81	-0.091258
6.811	-0.09375
6.812	-0.096877
6.813	-0.101538
6.814	-0.10959
6.815	-0.122183
6.816	-0.137726
6.817	-0.15153
6.818	-0.157778
6.819	-0.152929
6.82	-0.138329
6.821	-0.119741
6.822	-0.103877
6.823	-0.094746
6.824	-0.092298
6.825	-0.093667
6.826	-0.095736
6.827	-0.097377
6.828	-0.100044
6.829	-0.106617
6.83	-0.119218
6.831	-0.136296
6.832	-0.149839
6.833	-0.145115
6.834	-0.105132
6.835	-0.019469
6.836	0.105027
6.837	0.23732
6.838	0.329945
6.839	0.345295
6.84	0.281621
6.841	0.173724
6.842	0.068372
6.843	-0.002808
6.844	-0.03384
6.845	-0.037267
6.846	-0.030775
6.847	-0.027596
6.848	-0.033117
6.849	-0.04588
6.85	-0.060678
6.851	-0.072458
6.852	-0.079847
6.853	-0.086202
6.854	-0.097037
6.855	-0.115617
6.856	-0.140052
6.857	-0.163742
6.858	-0.178654
6.859	-0.179456
6.86	-0.166233
6.861	-0.144385
6.862	-0.121943
6.863	-0.10577
6.864	-0.098686
6.865	-0.099201
6.866	-0.103703
6.867	-0.108997
6.868	-0.113576
6.869	-0.11763
6.87	-0.122155
6.871	-0.127715
6.872	-0.134001
6.873	-0.140763
6.874	-0.149082
6.875	-0.1611
6.876	-0.177631
6.877	-0.195783
6.878	-0.209524
6.879	-0.213307
6.88	-0.205719
6.881	-0.190328
6.882	-0.173289
6.883	-0.15968
6.884	-0.151371
6.885	-0.147486
6.886	-0.14616
6.887	-0.145756
6.888	-0.145322
6.889	-0.144688
6.89	-0.144001
6.891	-0.143164
6.892	-0.142374
6.893	-0.143156
6.894	-0.148211
6.895	-0.159659
6.896	-0.176979
6.897	-0.196226
6.898	-0.211184
6.899	-0.216058
6.9	-0.208437
6.901	-0.19091
6.902	-0.170107
6.903	-0.153525
6.904	-0.145877
6.905	-0.1469
6.906	-0.151912
6.907	-0.155035
6.908	-0.152815
6.909	-0.145364
6.91	-0.134715
6.911	-0.123095
6.912	-0.112888
6.913	-0.107226
6.914	-0.109645
6.915	-0.122407
6.916	-0.144423
6.917	-0.170556
6.918	-0.193339
6.919	-0.206236
6.92	-0.206655
6.921	-0.196936
6.922	-0.182563
6.923	-0.169038
6.924	-0.159681
6.925	-0.155117
6.926	-0.153966
6.927	-0.154278
6.928	-0.154927
6.929	-0.155795
6.93	-0.156891
6.931	-0.1578
6.932	-0.158005
6.933	-0.157813
6.934	-0.159217
6.935	-0.165348
6.936	-0.178111
6.937	-0.195832
6.938	-0.213016
6.939	-0.222706
6.94	-0.220231
6.941	-0.206088
6.942	-0.185898
6.943	-0.167322
6.944	-0.155997
6.945	-0.152982
6.946	-0.155188
6.947	-0.158381
6.948	-0.160311
6.949	-0.16153
6.95	-0.164083
6.951	-0.169645
6.952	-0.177525
6.953	-0.182257
6.954	-0.17206
6.955	-0.131221
6.956	-0.048221
6.957	0.072277
6.958	0.200844
6.959	0.290542
6.96	0.303758
6.961	0.238629
6.962	0.129543
6.963	0.022495
6.964	-0.051297
6.965	-0.085179
6.966	-0.090282
6.967	-0.083246
6.968	-0.077237
6.969	-0.078354
6.97	-0.086333
6.971	-0.097485
6.972	-0.107962
6.973	-0.116269
6.974	-0.1241
6.975	-0.135024
6.976	-0.151795
6.977	-0.173697
6.978	-0.195603
6.979	-0.210141
6.98	-0.212116
6.981	-0.201863
6.982	-0.184732
6.983	-0.167572
6.984	-0.155242
6.985	-0.149033
6.986	-0.147232
6.987	-0.147086
6.988	-0.146751
6.989	-0.146102
6.99	-0.146129
6.991	-0.147399
6.992	-0.149243
6.993	-0.150877
6.994	-0.153325
6.995	-0.159694
6.996	-0.173049
6.997	-0.193426
6.998	-0.216163
6.999	-0.233124
7.0	-0.236831
7.001	-0.225084
7.002	-0.202683
7.003	-0.178687
7.004	-0.161152
7.005	-0.153314
7.006	-0.153447
7.007	-0.157397
7.008	-0.161391
7.009	-0.163533
7.01	-0.163625
7.011	-0.162258
7.012	-0.160567
7.013	-0.160646
7.014	-0.16527
7.015	-0.176606
7.016	-0.194825
7.017	-0.217276
7.018	-0.238618
7.019	-0.252391
7.02	-0.253844
7.021	-0.242421
7.022	-0.222221
7.023	-0.200071
7.024	-0.182338
7.025	-0.172329
7.026	-0.169488
7.027	-0.170387
7.028	-0.170958
7.029	-0.168746
7.03	-0.163587
7.031	-0.156558
7.032	-0.148749
7.033	-0.141124
7.034	-0.135435
7.035	-0.13489
7.036	-0.143053
7.037	-0.161067
7.038	-0.185466
7.039	-0.209031
7.04	-0.224548
7.041	-0.228603
7.042	-0.22269
7.043	-0.211399
7.044	-0.19959
7.045	-0.190377
7.046	-0.184465
7.047	-0.180799
7.048	-0.178117
7.049	-0.175928
7.05	-0.173962
7.051	-0.171469
7.052	-0.167824
7.053	-0.16371
7.054	-0.161562
7.055	-0.164869
7.056	-0.176339
7.057	-0.195662
7.058	-0.218429
7.059	-0.237238
7.06	-0.244772
7.061	-0.237595
7.062	-0.218603
7.063	-0.19601
7.064	-0.178801
7.065	-0.171603
7.066	-0.172702
7.067	-0.176445
7.068	-0.1779
7.069	-0.17606
7.07	-0.173684
7.071	-0.174898
7.072	-0.182216
7.073	-0.193531
7.074	-0.199971
7.075	-0.186496
7.076	-0.136799
7.077	-0.04259
7.078	0.085106
7.079	0.210475
7.08	0.285212
7.081	0.277812
7.082	0.196139
7.083	0.081292
7.084	-0.020375
7.085	-0.082168
7.086	-0.103268
7.087	-0.098997
7.088	-0.087288
7.089	-0.080253
7.09	-0.082192
7.091	-0.091372
7.092	-0.10294
7.093	-0.112106
7.094	-0.117335
7.095	-0.121795
7.096	-0.131237
7.097	-0.149486
7.098	-0.174966
7.099	-0.200664
7.1	-0.217615
7.101	-0.219972
7.102	-0.208222
7.103	-0.188522
7.104	-0.169173
7.105	-0.156513
7.106	-0.152196
7.107	-0.153539
7.108	-0.156471
7.109	-0.158237
7.11	-0.157939
7.111	-0.155726
7.112	-0.152298
7.113	-0.149174
7.114	-0.14897
7.115	-0.154676
7.116	-0.168104
7.117	-0.188656
7.118	-0.21276
7.119	-0.233916
7.12	-0.244665
7.121	-0.240737
7.122	-0.224227
7.123	-0.20264
7.124	-0.184412
7.125	-0.174282
7.126	-0.171741
7.127	-0.173072
7.128	-0.174593
7.129	-0.174649
7.13	-0.173687
7.131	-0.17289
7.132	-0.172615
7.133	-0.172263
7.134	-0.171719
7.135	-0.172633
7.136	-0.178001
7.137	-0.190066
7.138	-0.207831
7.139	-0.226252
7.14	-0.238543
7.141	-0.240205
7.142	-0.23146
7.143	-0.216569
7.144	-0.201197
7.145	-0.18957
7.146	-0.182825
7.147	-0.179288
7.148	-0.176123
7.149	-0.17122
7.15	-0.164273
7.151	-0.156302
7.152	-0.148311
7.153	-0.140823
7.154	-0.134786
7.155	-0.132534
7.156	-0.137557
7.157	-0.15266
7.158	-0.177044
7.159	-0.204669
7.16	-0.226451
7.161	-0.235321
7.162	-0.230202
7.163	-0.216078
7.164	-0.200467
7.165	-0.189071
7.166	-0.18368
7.167	-0.183146
7.168	-0.185371
7.169	-0.188156
7.17	-0.189203
7.171	-0.186723
7.172	-0.180628
7.173	-0.173009
7.174	-0.167417
7.175	-0.167563
7.176	-0.176093
7.177	-0.193466
7.178	-0.216737
7.179	-0.239461
7.18	-0.254184
7.181	-0.25625
7.182	-0.246038
7.183	-0.228346
7.184	-0.209671
7.185	-0.19517
7.186	-0.187058
7.187	-0.184604
7.188	-0.18515
7.189	-0.186238
7.19	-0.187685
7.191	-0.191558
7.192	-0.200198
7.193	-0.213813
7.194	-0.227974
7.195	-0.231607
7.196	-0.208225
7.197	-0.143083
7.198	-0.034956
7.199	0.093956
7.2	0.200352
7.201	0.241038
7.202	0.201621
7.203	0.106594
7.204	0.000422
7.205	-0.081013
7.206	-0.124596
7.207	-0.136111
7.208	-0.129742
7.209	-0.11971
7.21	-0.115312
7.211	-0.11925
7.212	-0.12928
7.213	-0.1413
7.214	-0.152144
7.215	-0.161528
7.216	-0.172155
7.217	-0.187625
7.218	-0.209066
7.219	-0.232546
7.22	-0.25002
7.221	-0.253923
7.222	-0.242108
7.223	-0.219907
7.224	-0.197556
7.225	-0.183855
7.226	-0.180812
7.227	-0.183853
7.228	-0.186996
7.229	-0.187467
7.23	-0.185679
7.231	-0.182978
7.232	-0.181058
7.233	-0.182055
7.234	-0.187801
7.235	-0.199299
7.236	-0.216399
7.237	-0.236888
7.238	-0.256405
7.239	-0.270132
7.24	-0.274427
7.241	-0.267733
7.242	-0.251796
7.243	-0.231684
7.244	-0.213187
7.245	-0.200054
7.246	-0.193285
7.247	-0.191698
7.248	-0.192986
7.249	-0.195195
7.25	-0.197537
7.251	-0.199931
7.252	-0.20201
7.253	-0.202774
7.254	-0.201633
7.255	-0.1999
7.256	-0.2007
7.257	-0.207227
7.258	-0.220527
7.259	-0.23738
7.26	-0.250315
7.261	-0.251891
7.262	-0.240406
7.263	-0.221253
7.264	-0.202729
7.265	-0.190515
7.266	-0.185264
7.267	-0.184155
7.268	-0.183775
7.269	-0.181499
7.27	-0.175402
7.271	-0.164407
7.272	-0.149328
7.273	-0.133645
7.274	-0.122524
7.275	-0.120292
7.276	-0.128399
7.277	-0.145474
7.278	-0.168405
7.279	-0.192447
7.28	-0.211378
7.281	-0.219819
7.282	-0.216438
7.283	-0.204578
7.284	-0.189625
7.285	-0.175655
7.286	-0.164002
7.287	-0.154216
7.288	-0.145754
7.289	-0.138643
7.29	-0.133208
7.291	-0.12972
7.292	-0.127964
7.293	-0.127164
7.294	-0.12692
7.295	-0.128244
7.296	-0.133378
7.297	-0.144209
7.298	-0.159989
7.299	-0.17627
7.3	-0.186871
7.301	-0.187755
7.302	-0.17936
7.303	-0.165656
7.304	-0.151425
7.305	-0.139972
7.306	-0.132238
7.307	-0.127441
7.308	-0.124467
7.309	-0.122808
7.31	-0.122841
7.311	-0.125546
7.312	-0.131215
7.313	-0.13723
7.314	-0.136326
7.315	-0.117424
7.316	-0.07022
7.317	0.007232
7.318	0.101236
7.319	0.182448
7.32	0.219363
7.321	0.198611
7.322	0.134137
7.323	0.056675
7.324	-0.005817
7.325	-0.0406
7.326	-0.050074
7.327	-0.044803
7.328	-0.03613
7.329	-0.031324
7.33	-0.032253
7.331	-0.036853
7.332	-0.041586
7.333	-0.043777
7.334	-0.043177
7.335	-0.042133
7.336	-0.044315
7.337	-0.052375
7.338	-0.065667
7.339	-0.079846
7.34	-0.089168
7.341	-0.089861
7.342	-0.082046
7.343	-0.06901
7.344	-0.055003
7.345	-0.043427
7.346	-0.036039
7.347	-0.032846
7.348	-0.032564
7.349	-0.033773
7.35	-0.03602
7.351	-0.039551
7.352	-0.043986
7.353	-0.047885
7.354	-0.050047
7.355	-0.051237
7.356	-0.054402
7.357	-0.062592
7.358	-0.076111
7.359	-0.091587
7.36	-0.103738
7.361	-0.108259
7.362	-0.103814
7.363	-0.092193
7.364	-0.077114
7.365	-0.062743
7.366	-0.052281
7.367	-0.04679
7.368	-0.044972
7.369	-0.044315
7.37	-0.042639
7.371	-0.038917
7.372	-0.033607
7.373	-0.028598
7.374	-0.026276
7.375	-0.028157
7.376	-0.034396
7.377	-0.044278
7.378	-0.056571
7.379	-0.069197
7.38	-0.079029
7.381	-0.082952
7.382	-0.079798
7.383	-0.07119
7.384	-0.060509
7.385	-0.051134
7.386	-0.045084
7.387	-0.042401
7.388	-0.041589
7.389	-0.040955
7.39	-0.03953
7.391	-0.036779
7.392	-0.032148
7.393	-0.025449
7.394	-0.017536
7.395	-0.01038
7.396	-0.006372
7.397	-0.007486
7.398	-0.014884
7.399	-0.028669
7.4	-0.047255
7.401	-0.066994
7.402	-0.082915
7.403	-0.090551
7.404	-0.088254
7.405	-0.078454
7.406	-0.066203
7.407	-0.055928
7.408	-0.049497
7.409	-0.046835
7.41	-0.047244
7.411	-0.049769
7.412	-0.052816
7.413	-0.054236
7.414	-0.052456
7.415	-0.047742
7.416	-0.042374
7.417	-0.039648
7.418	-0.042295
7.419	-0.050801
7.42	-0.062595
7.421	-0.073048
7.422	-0.077751
7.423	-0.074677
7.424	-0.065295
7.425	-0.053804
7.426	-0.044508
7.427	-0.039401
7.428	-0.037897
7.429	-0.037887
7.43	-0.036918
7.431	-0.033669
7.432	-0.029455
7.433	-0.028179
7.434	-0.033844
7.435	-0.0464
7.436	-0.058292
7.437	-0.054493
7.438	-0.017303
7.439	0.064557
7.44	0.184456
7.441	0.310796
7.442	0.39611
7.443	0.404046
7.444	0.33419
7.445	0.221586
7.446	0.112397
7.447	0.037984
7.448	0.004888
7.449	0.001116
7.45	0.00892
7.451	0.014739
7.452	0.012913
7.453	0.004457
7.454	-0.006474
7.455	-0.016174
7.456	-0.02358
7.457	-0.030534
7.458	-0.040188
7.459	-0.054548
7.46	-0.072876
7.461	-0.091878
7.462	-0.107108
7.463	-0.114654
7.464	-0.11283
7.465	-0.103262
7.466	-0.090234
7.467	-0.078501
7.468	-0.070973
7.469	-0.067702
7.47	-0.066863
7.471	-0.06663
7.472	-0.066233
7.473	-0.065946
7.474	-0.066503
7.475	-0.068411
7.476	-0.071884
7.477	-0.0775
7.478	-0.086362
7.479	-0.098883
7.48	-0.113381
7.481	-0.126329
7.482	-0.134331
7.483	-0.135983
7.484	-0.132151
7.485	-0.124915
7.486	-0.116452
7.487	-0.108548
7.488	-0.102298
7.489	-0.097797
7.49	-0.094391
7.491	-0.091382
7.492	-0.088574
7.493	-0.086466
7.494	-0.085885
7.495	-0.087111
7.496	-0.089638
7.497	-0.093082
7.498	-0.097976
7.499	-0.105394
7.5	-0.115905
7.501	-0.128727
7.502	-0.141363
7.503	-0.149931
7.504	-0.150652
7.505	-0.142263
7.506	-0.127484
7.507	-0.1116
7.508	-0.099143
7.509	-0.092051
7.51	-0.090287
7.511	-0.092609
7.512	-0.096483
7.513	-0.098486
7.514	-0.095926
7.515	-0.088521
7.516	-0.078632
7.517	-0.06984
7.518	-0.065155
7.519	-0.066097
7.52	-0.072829
7.521	-0.084493
7.522	-0.099058
7.523	-0.113096
7.524	-0.122627
7.525	-0.125183
7.526	-0.121369
7.527	-0.114269
7.528	-0.107244
7.529	-0.102168
7.53	-0.098965
7.531	-0.09625
7.532	-0.093069
7.533	-0.090347
7.534	-0.089953
7.535	-0.092383
7.536	-0.096106
7.537	-0.099176
7.538	-0.100998
7.539	-0.102591
7.54	-0.105562
7.541	-0.110827
7.542	-0.117795
7.543	-0.124313
7.544	-0.127553
7.545	-0.125535
7.546	-0.118183
7.547	-0.107281
7.548	-0.095853
7.549	-0.08722
7.55	-0.083398
7.551	-0.083915
7.552	-0.086462
7.553	-0.088827
7.554	-0.090544
7.555	-0.09338
7.556	-0.100071
7.557	-0.111195
7.558	-0.1215
7.559	-0.118338
7.56	-0.084672
7.561	-0.007162
7.562	0.112823
7.563	0.250377
7.564	0.359957
7.565	0.397429
7.566	0.349297
7.567	0.242268
7.568	0.123894
7.569	0.033514
7.57	-0.013784
7.571	-0.024864
7.572	-0.016739
7.573	-0.005576
7.574	-0.001122
7.575	-0.005916
7.576	-0.017142
7.577	-0.029725
7.578	-0.039838
7.579	-0.047049
7.58	-0.053767
7.581	-0.062893
7.582	-0.075644
7.583	-0.090548
7.584	-0.103863
7.585	-0.111193
7.586	-0.109574
7.587	-0.099252
7.588	-0.084046
7.589	-0.069282
7.59	-0.05864
7.591	-0.052763
7.592	-0.050357
7.593	-0.050152
7.594	-0.051848
7.595	-0.055456
7.596	-0.060215
7.597	-0.064773
7.598	-0.068471
7.599	-0.072052
7.6	-0.07714
7.601	-0.08529
7.602	-0.096831
7.603	-0.109684
7.604	-0.1196
7.605	-0.12245
7.606	-0.116735
7.607	-0.104375
7.608	-0.08956
7.609	-0.076613
7.61	-0.068351
7.611	-0.065651
7.612	-0.067461
7.613	-0.071065
7.614	-0.073457
7.615	-0.073156
7.616	-0.070784
7.617	-0.068175
7.618	-0.067154
7.619	-0.068829
7.62	-0.073597
7.621	-0.081666
7.622	-0.092974
7.623	-0.106151
7.624	-0.11798
7.625	-0.124495
7.626	-0.123014
7.627	-0.113706
7.628	-0.099539
7.629	-0.084596
7.63	-0.072084
7.631	-0.063278
7.632	-0.05772
7.633	-0.054267
7.634	-0.051882
7.635	-0.049557
7.636	-0.046257
7.637	-0.041749
7.638	-0.037178
7.639	-0.034056
7.64	-0.033038
7.641	-0.034464
7.642	-0.039514
7.643	-0.049722
7.644	-0.06504
7.645	-0.082489
7.646	-0.096827
7.647	-0.103178
7.648	-0.099828
7.649	-0.089015
7.65	-0.075241
7.651	-0.062659
7.652	-0.053505
7.653	-0.048223
7.654	-0.04621
7.655	-0.046192
7.656	-0.046672
7.657	-0.046736
7.658	-0.046345
7.659	-0.04596
7.66	-0.046535
7.661	-0.049774
7.662	-0.057328
7.663	-0.069046
7.664	-0.082136
7.665	-0.092239
7.666	-0.095536
7.667	-0.09039
7.668	-0.077867
7.669	-0.061432
7.67	-0.045955
7.671	-0.035716
7.672	-0.032136
7.673	-0.033197
7.674	-0.035319
7.675	-0.03614
7.676	-0.036237
7.677	-0.038854
7.678	-0.047431
7.679	-0.061658
7.68	-0.074191
7.681	-0.070519
7.682	-0.033306
7.683	0.049473
7.684	0.174299
7.685	0.313631
7.686	0.419831
7.687	0.449451
7.688	0.392789
7.689	0.280868
7.69	0.163598
7.691	0.079779
7.692	0.041278
7.693	0.03685
7.694	0.046331
7.695	0.053466
7.696	0.051292
7.697	0.040709
7.698	0.02635
7.699	0.012819
7.7	0.002275
7.701	-0.006318
7.702	-0.016194
7.703	-0.030361
7.704	-0.048855
7.705	-0.067665
7.706	-0.080422
7.707	-0.081947
7.708	-0.071447
7.709	-0.053272
7.71	-0.034548
7.711	-0.021235
7.712	-0.015385
7.713	-0.015108
7.714	-0.016724
7.715	-0.017553
7.716	-0.017366
7.717	-0.017575
7.718	-0.019479
7.719	-0.023456
7.72	-0.029289
7.721	-0.036774
7.722	-0.046076
7.723	-0.057437
7.724	-0.070334
7.725	-0.08287
7.726	-0.092019
7.727	-0.094668
7.728	-0.089165
7.729	-0.076524
7.73	-0.060212
7.731	-0.044427
7.732	-0.032126
7.733	-0.024137
7.734	-0.019758
7.735	-0.018062
7.736	-0.018594
7.737	-0.021107
7.738	-0.025118
7.739	-0.029759
7.74	-0.033981
7.741	-0.037498
7.742	-0.041953
7.743	-0.050452
7.744	-0.06511
7.745	-0.084568
7.746	-0.103736
7.747	-0.116355
7.748	-0.118575
7.749	-0.110749
7.75	-0.096513
7.751	-0.080651
7.752	-0.067392
7.753	-0.059567
7.754	-0.058141
7.755	-0.061763
7.756	-0.066913
7.757	-0.069562
7.758	-0.067696
7.759	-0.062372
7.76	-0.056474
7.761	-0.052963
7.762	-0.053996
7.763	-0.060471
7.764	-0.071853
7.765	-0.086408
7.766	-0.101431
7.767	-0.113609
7.768	-0.120078
7.769	-0.119828
7.77	-0.114457
7.771	-0.107509
7.772	-0.102364
7.773	-0.100169
7.774	-0.099626
7.775	-0.098715
7.776	-0.096612
7.777	-0.094175
7.778	-0.092967
7.779	-0.093886
7.78	-0.096554
7.781	-0.099945
7.782	-0.103563
7.783	-0.108069
7.784	-0.114998
7.785	-0.125425
7.786	-0.138047
7.787	-0.148747
7.788	-0.152777
7.789	-0.147732
7.79	-0.134874
7.791	-0.118332
7.792	-0.103165
7.793	-0.093365
7.794	-0.090357
7.795	-0.092487
7.796	-0.096387
7.797	-0.099942
7.798	-0.104106
7.799	-0.111538
7.8	-0.123561
7.801	-0.137572
7.802	-0.145267
7.803	-0.132621
7.804	-0.083695
7.805	0.011019
7.806	0.143188
7.807	0.278947
7.808	0.36831
7.809	0.374254
7.81	0.298625
7.811	0.180238
7.812	0.068128
7.813	-0.005934
7.814	-0.036904
7.815	-0.038419
7.816	-0.029159
7.817	-0.02305
7.818	-0.025801
7.819	-0.036279
7.82	-0.05019
7.821	-0.063523
7.822	-0.074433
7.823	-0.083639
7.824	-0.093637
7.825	-0.10684
7.826	-0.123369
7.827	-0.139926
7.828	-0.150872
7.829	-0.151343
7.83	-0.140558
7.831	-0.12267
7.832	-0.104224
7.833	-0.090362
7.834	-0.082754
7.835	-0.08022
7.836	-0.080723
7.837	-0.082927
7.838	-0.086405
7.839	-0.090876
7.84	-0.095481
7.841	-0.098899
7.842	-0.100661
7.843	-0.102656
7.844	-0.108658
7.845	-0.121452
7.846	-0.140019
7.847	-0.159361
7.848	-0.17294
7.849	-0.175819
7.85	-0.166864
7.851	-0.149124
7.852	-0.128344
7.853	-0.110561
7.854	-0.09972
7.855	-0.096222
7.856	-0.097373
7.857	-0.099556
7.858	-0.100407
7.859	-0.099547
7.86	-0.097778
7.861	-0.096077
7.862	-0.09548
7.863	-0.097385
7.864	-0.103234
7.865	-0.113665
7.866	-0.127717
7.867	-0.142434
7.868	-0.153357
7.869	-0.156386
7.87	-0.15024
7.871	-0.137367
7.872	-0.122201
7.873	-0.108381
7.874	-0.097432
7.875	-0.089415
7.876	-0.08392
7.877	-0.080189
7.878	-0.077006
7.879	-0.073321
7.88	-0.069096
7.881	-0.065284
7.882	-0.06296
7.883	-0.062558
7.884	-0.06416
7.885	-0.068509
7.886	-0.07706
7.887	-0.09033
7.888	-0.105987
7.889	-0.11894
7.89	-0.124111
7.891	-0.119665
7.892	-0.108211
7.893	-0.095252
7.894	-0.085936
7.895	-0.082394
7.896	-0.083396
7.897	-0.08606
7.898	-0.088065
7.899	-0.088443
7.9	-0.086709
7.901	-0.082299
7.902	-0.075373
7.903	-0.067705
7.904	-0.062489
7.905	-0.063019
7.906	-0.070728
7.907	-0.083723
7.908	-0.097145
7.909	-0.105175
7.91	-0.103374
7.911	-0.090628
7.912	-0.070178
7.913	-0.048636
7.914	-0.032739
7.915	-0.02581
7.916	-0.026463
7.917	-0.030395
7.918	-0.033784
7.919	-0.035726
7.92	-0.038427
7.921	-0.0455
7.922	-0.058757
7.923	-0.074264
7.924	-0.0803
7.925	-0.059726
7.926	0.003363
7.927	0.113684
7.928	0.253652
7.929	0.380649
7.93	0.444857
7.931	0.42081
7.932	0.325424
7.933	0.20536
7.934	0.106282
7.935	0.050191
7.936	0.03352
7.937	0.039048
7.938	0.049113
7.939	0.053151
7.94	0.048832
7.941	0.039114
7.942	0.028229
7.943	0.018757
7.944	0.010463
7.945	0.000757
7.946	-0.013443
7.947	-0.033238
7.948	-0.056122
7.949	-0.07626
7.95	-0.086906
7.951	-0.08401
7.952	-0.068845
7.953	-0.047748
7.954	-0.028845
7.955	-0.017642
7.956	-0.014547
7.957	-0.01614
7.958	-0.018599
7.959	-0.020005
7.96	-0.020435
7.961	-0.020898
7.962	-0.022159
7.963	-0.024288
7.964	-0.027559
7.965	-0.033497
7.966	-0.044169
7.967	-0.060188
7.968	-0.079281
7.969	-0.096459
7.97	-0.106069
7.971	-0.104799
7.972	-0.093386
7.973	-0.07589
7.974	-0.057475
7.975	-0.042178
7.976	-0.031731
7.977	-0.025798
7.978	-0.023028
7.979	-0.022152
7.98	-0.022713
7.981	-0.025008
7.982	-0.029115
7.983	-0.034018
7.984	-0.038267
7.985	-0.041808
7.986	-0.046764
7.987	-0.055831
7.988	-0.069336
7.989	-0.083752
7.99	-0.093426
7.991	-0.093974
7.992	-0.084476
7.993	-0.067556
7.994	-0.04811
7.995	-0.031363
7.996	-0.02086
7.997	-0.017232
7.998	-0.01833
7.999	-0.02044
8.0	-0.019833
8.001	-0.014249
8.002	-0.004047
8.003	0.007725
8.004	0.016686
8.005	0.019049
8.006	0.012935
8.007	-0.001337
8.008	-0.02137
8.009	-0.042795
8.01	-0.060015
8.011	-0.06807
8.012	-0.065027
8.013	-0.053467
8.014	-0.039285
8.015	-0.028072
8.016	-0.022062
8.017	-0.020113
8.018	-0.019895
8.019	-0.019898
8.02	-0.01994
8.021	-0.020552
8.022	-0.021991
8.023	-0.023579
8.024	-0.024317
8.025	-0.024569
8.026	-0.02676
8.027	-0.033783
8.028	-0.046443
8.029	-0.062289
8.03	-0.076575
8.031	-0.084372
8.032	-0.082717
8.033	-0.072103
8.034	-0.056421
8.035	-0.04116
8.036	-0.030807
8.037	-0.026839
8.038	-0.027499
8.039	-0.029717
8.04	-0.031948
8.041	-0.035494
8.042	-0.042976
8.043	-0.055312
8.044	-0.069455
8.045	-0.077345
8.046	-0.065911
8.047	-0.01979
8.048	0.070905
8.049	0.198539
8.05	0.330172
8.051	0.417457
8.052	0.424808
8.053	0.353883
8.054	0.241474
8.055	0.13368
8.056	0.060193
8.057	0.026227
8.058	0.020164
8.059	0.025748
8.06	0.030806
8.061	0.030166
8.062	0.024286
8.063	0.016192
8.064	0.008401
8.065	0.001074
8.066	-0.007852
8.067	-0.021081
8.068	-0.040003
8.069	-0.063115
8.07	-0.085551
8.071	-0.100673
8.072	-0.103462
8.073	-0.093387
8.074	-0.074799
8.075	-0.054731
8.076	-0.039253
8.077	-0.030648
8.078	-0.027485
8.079	-0.027139
8.08	-0.028186
8.081	-0.030817
8.082	-0.035461
8.083	-0.041182
8.084	-0.045883
8.085	-0.048544
8.086	-0.050986
8.087	-0.05697
8.088	-0.069305
8.089	-0.087267
8.09	-0.106206
8.091	-0.119677
8.092	-0.122674
8.093	-0.114048
8.094	-0.097043
8.095	-0.077744
8.096	-0.062106
8.097	-0.053251
8.098	-0.050784
8.099	-0.052188
8.1	-0.054738
8.101	-0.056723
8.102	-0.057648
8.103	-0.057691
8.104	-0.05736
8.105	-0.057676
8.106	-0.060252
8.107	-0.067023
8.108	-0.079528
8.109	-0.097205
8.11	-0.11575
8.111	-0.12811
8.112	-0.128448
8.113	-0.11613
8.114	-0.09639
8.115	-0.07703
8.116	-0.06382
8.117	-0.058163
8.118	-0.057978
8.119	-0.059763
8.12	-0.060091
8.121	-0.056814
8.122	-0.049947
8.123	-0.041311
8.124	-0.033276
8.125	-0.027825
8.126	-0.026514
8.127	-0.031015
8.128	-0.042938
8.129	-0.062279
8.13	-0.08595
8.131	-0.108041
8.132	-0.12196
8.133	-0.123555
8.134	-0.113435
8.135	-0.096641
8.136	-0.079702
8.137	-0.06737
8.138	-0.061096
8.139	-0.059575
8.14	-0.06062
8.141	-0.062974
8.142	-0.066325
8.143	-0.069739
8.144	-0.071205
8.145	-0.069411
8.146	-0.065664
8.147	-0.063828
8.148	-0.067995
8.149	-0.079444
8.15	-0.095237
8.151	-0.109348
8.152	-0.115403
8.153	-0.109813
8.154	-0.093871
8.155	-0.073336
8.156	-0.055491
8.157	-0.045553
8.158	-0.044494
8.159	-0.049152
8.16	-0.054628
8.161	-0.057652
8.162	-0.058535
8.163	-0.060517
8.164	-0.067352
8.165	-0.07988
8.166	-0.092169
8.167	-0.089867
8.168	-0.054059
8.169	0.029002
8.17	0.155159
8.171	0.293732
8.172	0.395034
8.173	0.417592
8.174	0.356228
8.175	0.24515
8.176	0.133319
8.177	0.055246
8.178	0.019248
8.179	0.014132
8.18	0.022098
8.181	0.028539
8.182	0.026458
8.183	0.016535
8.184	0.003992
8.185	-0.006147
8.186	-0.01263
8.187	-0.018328
8.188	-0.027774
8.189	-0.043843
8.19	-0.065404
8.191	-0.086974
8.192	-0.10085
8.193	-0.101073
8.194	-0.087061
8.195	-0.06436
8.196	-0.041757
8.197	-0.026487
8.198	-0.020607
8.199	-0.021168
8.2	-0.023637
8.201	-0.02522
8.202	-0.025846
8.203	-0.027059
8.204	-0.030181
8.205	-0.035082
8.206	-0.040441
8.207	-0.045579
8.208	-0.052186
8.209	-0.063135
8.21	-0.078655
8.211	-0.094092
8.212	-0.102304
8.213	-0.098715
8.214	-0.084308
8.215	-0.064297
8.216	-0.044659
8.217	-0.029517
8.218	-0.020216
8.219	-0.015762
8.22	-0.01401
8.221	-0.012957
8.222	-0.011875
8.223	-0.01166
8.224	-0.013701
8.225	-0.01805
8.226	-0.023096
8.227	-0.027784
8.228	-0.033869
8.229	-0.044706
8.23	-0.061205
8.231	-0.079565
8.232	-0.093182
8.233	-0.096641
8.234	-0.08863
8.235	-0.072356
8.236	-0.053684
8.237	-0.038133
8.238	-0.028604
8.239	-0.025094
8.24	-0.025792
8.241	-0.02817
8.242	-0.029586
8.243	-0.02766
8.244	-0.020885
8.245	-0.009607
8.246	0.003382
8.247	0.013345
8.248	0.015122
8.249	0.005127
8.25	-0.016695
8.251	-0.045742
8.252	-0.073654
8.253	-0.091679
8.254	-0.0952
8.255	-0.086343
8.256	-0.072068
8.257	-0.059179
8.258	-0.050701
8.259	-0.045875
8.26	-0.042509
8.261	-0.039406
8.262	-0.037027
8.263	-0.036239
8.264	-0.037118
8.265	-0.039087
8.266	-0.041442
8.267	-0.043829
8.268	-0.047171
8.269	-0.053776
8.27	-0.065307
8.271	-0.080207
8.272	-0.093336
8.273	-0.098581
8.274	-0.092877
8.275	-0.0786
8.276	-0.062231
8.277	-0.050289
8.278	-0.045745
8.279	-0.047149
8.28	-0.05029
8.281	-0.051186
8.282	-0.048829
8.283	-0.045851
8.284	-0.046649
8.285	-0.054254
8.286	-0.067323
8.287	-0.078549
8.288	-0.075265
8.289	-0.042346
8.29	0.031432
8.291	0.142378
8.292	0.262358
8.293	0.345671
8.294	0.356725
8.295	0.296245
8.296	0.199229
8.297	0.10757
8.298	0.045253
8.299	0.01441
8.3	0.005228
8.301	0.005475
8.302	0.005628
8.303	0.00147
8.304	-0.005893
8.305	-0.012705
8.306	-0.016023
8.307	-0.016125
8.308	-0.017298
8.309	-0.026077
8.31	-0.046701
8.311	-0.076993
8.312	-0.108424
8.313	-0.130251
8.314	-0.134696
8.315	-0.120697
8.316	-0.094922
8.317	-0.069027
8.318	-0.053606
8.319	-0.052197
8.32	-0.059944
8.321	-0.068157
8.322	-0.070744
8.323	-0.067272
8.324	-0.06124
8.325	-0.056467
8.326	-0.055291
8.327	-0.058977
8.328	-0.068001
8.329	-0.081328
8.33	-0.096388
8.331	-0.11028
8.332	-0.120511
8.333	-0.124707
8.334	-0.12106
8.335	-0.109984
8.336	-0.094668
8.337	-0.079255
8.338	-0.066498
8.339	-0.05708
8.34	-0.050532
8.341	-0.046273
8.342	-0.043983
8.343	-0.043271
8.344	-0.043218
8.345	-0.042663
8.346	-0.041216
8.347	-0.039958
8.348	-0.041037
8.349	-0.046541
8.35	-0.057382
8.351	-0.072245
8.352	-0.086932
8.353	-0.095409
8.354	-0.093043
8.355	-0.079946
8.356	-0.06131
8.357	-0.044108
8.358	-0.032916
8.359	-0.028059
8.36	-0.026748
8.361	-0.0255
8.362	-0.022037
8.363	-0.015833
8.364	-0.007542
8.365	0.001666
8.366	0.010202
8.367	0.015782
8.368	0.015525
8.369	0.007037
8.37	-0.009988
8.371	-0.032751
8.372	-0.055811
8.373	-0.073225
8.374	-0.081439
8.375	-0.080902
8.376	-0.074839
8.377	-0.066395
8.378	-0.057064
8.379	-0.047305
8.38	-0.037568
8.381	-0.028644
8.382	-0.021604
8.383	-0.017306
8.384	-0.015691
8.385	-0.015742
8.386	-0.01636
8.387	-0.017495
8.388	-0.0205
8.389	-0.027306
8.39	-0.038804
8.391	-0.053373
8.392	-0.06676
8.393	-0.073821
8.394	-0.071263
8.395	-0.059748
8.396	-0.043666
8.397	-0.028394
8.398	-0.017217
8.399	-0.010405
8.4	-0.0066
8.401	-0.004864
8.402	-0.005422
8.403	-0.00876
8.404	-0.014752
8.405	-0.02265
8.406	-0.030356
8.407	-0.03224
8.408	-0.017962
8.409	0.024422
8.41	0.100918
8.411	0.202778
8.412	0.302656
8.413	0.364067
8.414	0.363011
8.415	0.304412
8.416	0.21807
8.417	0.138942
8.418	0.088574
8.419	0.069258
8.42	0.070327
8.421	0.078205
8.422	0.083074
8.423	0.080607
8.424	0.070879
8.425	0.056693
8.426	0.041835
8.427	0.029063
8.428	0.018505
8.429	0.007868
8.43	-0.005255
8.431	-0.02095
8.432	-0.036551
8.433	-0.048217
8.434	-0.05315
8.435	-0.051074
8.436	-0.04407
8.437	-0.035096
8.438	-0.026433
8.439	-0.019086
8.44	-0.013219
8.441	-0.009001
8.442	-0.00687
8.443	-0.006832
8.444	-0.007869
8.445	-0.008467
8.446	-0.007862
8.447	-0.006881
8.448	-0.007738
8.449	-0.012709
8.45	-0.022702
8.451	-0.036729
8.452	-0.052041
8.453	-0.064619
8.454	-0.070575
8.455	-0.068207
8.456	-0.058934
8.457	-0.046216
8.458	-0.033608
8.459	-0.023444
8.46	-0.016508
8.461	-0.012376
8.462	-0.010089
8.463	-0.008838
8.464	-0.008299
8.465	-0.008455
8.466	-0.009234
8.467	-0.010635
8.468	-0.013169
8.469	-0.017711
8.47	-0.024726
8.471	-0.033704
8.472	-0.043121
8.473	-0.050974
8.474	-0.055759
8.475	-0.057065
8.476	-0.055177
8.477	-0.050455
8.478	-0.04347
8.479	-0.035437
8.48	-0.02793
8.481	-0.022049
8.482	-0.018049
8.483	-0.015682
8.484	-0.01445
8.485	-0.013356
8.486	-0.011045
8.487	-0.006878
8.488	-0.001712
8.489	0.002604
8.49	0.004202
8.491	0.001791
8.492	-0.004855
8.493	-0.014641
8.494	-0.025618
8.495	-0.035745
8.496	-0.043224
8.497	-0.046759
8.498	-0.046114
8.499	-0.042434
8.5	-0.037803
8.501	-0.034288
8.502	-0.032998
8.503	-0.033497
8.504	-0.034092
8.505	-0.033169
8.506	-0.030612
8.507	-0.027794
8.508	-0.0261
8.509	-0.025747
8.51	-0.026423
8.511	-0.028487
8.512	-0.032715
8.513	-0.039011
8.514	-0.045852
8.515	-0.050949
8.516	-0.05224
8.517	-0.048707
8.518	-0.040982
8.519	-0.031432
8.52	-0.023099
8.521	-0.017863
8.522	-0.015464
8.523	-0.014355
8.524	-0.013395
8.525	-0.012961
8.526	-0.014956
8.527	-0.021813
8.528	-0.03483
8.529	-0.052027
8.53	-0.065613
8.531	-0.060635
8.532	-0.018541
8.533	0.072521
8.534	0.204632
8.535	0.343576
8.536	0.439375
8.537	0.453864
8.538	0.385999
8.539	0.271893
8.54	0.159843
8.541	0.083094
8.542	0.049121
8.543	0.045887
8.544	0.054984
8.545	0.062167
8.546	0.061369
8.547	0.053387
8.548	0.042243
8.549	0.031603
8.55	0.022626
8.551	0.013766
8.552	0.002398
8.553	-0.012495
8.554	-0.028657
8.555	-0.041554
8.556	-0.047078
8.557	-0.043678
8.558	-0.032869
8.559	-0.018371
8.56	-0.004551
8.561	0.005216
8.562	0.009671
8.563	0.009799
8.564	0.007785
8.565	0.005383
8.566	0.00306
8.567	0.000498
8.568	-0.002586
8.569	-0.006231
8.57	-0.010358
8.571	-0.014901
8.572	-0.020061
8.573	-0.026397
8.574	-0.034393
8.575	-0.043564
8.576	-0.051752
8.577	-0.055731
8.578	-0.053289
8.579	-0.045004
8.58	-0.033731
8.581	-0.022354
8.582	-0.012457
8.583	-0.004927
8.584	-0.000838
8.585	-0.001151
8.586	-0.005602
8.587	-0.012268
8.588	-0.018655
8.589	-0.02324
8.59	-0.025874
8.591	-0.027326
8.592	-0.028829
8.593	-0.031645
8.594	-0.036543
8.595	-0.04314
8.596	-0.049483
8.597	-0.052708
8.598	-0.050746
8.599	-0.043699
8.6	-0.033722
8.601	-0.023842
8.602	-0.01664
8.603	-0.013076
8.604	-0.012059
8.605	-0.011459
8.606	-0.009661
8.607	-0.006161
8.608	-0.001138
8.609	0.004985
8.61	0.011293
8.611	0.016008
8.612	0.017164
8.613	0.014017
8.614	0.007422
8.615	-0.001285
8.616	-0.011167
8.617	-0.021269
8.618	-0.02995
8.619	-0.035166
8.62	-0.035581
8.621	-0.031599
8.622	-0.02527
8.623	-0.018876
8.624	-0.013679
8.625	-0.009904
8.626	-0.007467
8.627	-0.006558
8.628	-0.007452
8.629	-0.009645
8.63	-0.01157
8.631	-0.011508
8.632	-0.008924
8.633	-0.005406
8.634	-0.004385
8.635	-0.008947
8.636	-0.019017
8.637	-0.030722
8.638	-0.038729
8.639	-0.039317
8.64	-0.031927
8.641	-0.019142
8.642	-0.005552
8.643	0.004328
8.644	0.00815
8.645	0.006598
8.646	0.002484
8.647	-0.001386
8.648	-0.004143
8.649	-0.007332
8.65	-0.013779
8.651	-0.024977
8.652	-0.037453
8.653	-0.040255
8.654	-0.016545
8.655	0.049432
8.656	0.161316
8.657	0.299815
8.658	0.421681
8.659	0.478505
8.66	0.447448
8.661	0.347147
8.662	0.224078
8.663	0.123543
8.664	0.068312
8.665	0.05528
8.666	0.065931
8.667	0.080288
8.668	0.08616
8.669	0.080974
8.67	0.068353
8.671	0.053646
8.672	0.040905
8.673	0.031344
8.674	0.02322
8.675	0.013436
8.676	0.000184
8.677	-0.015286
8.678	-0.028944
8.679	-0.035951
8.68	-0.033272
8.681	-0.021418
8.682	-0.004263
8.683	0.01273
8.684	0.024807
8.685	0.029794
8.686	0.028618
8.687	0.024133
8.688	0.01904
8.689	0.014444
8.69	0.01018
8.691	0.006218
8.692	0.003206
8.693	0.001382
8.694	-0.000667
8.695	-0.005632
8.696	-0.015493
8.697	-0.029415
8.698	-0.043292
8.699	-0.05182
8.7	-0.051817
8.701	-0.044027
8.702	-0.032111
8.703	-0.020167
8.704	-0.010872
8.705	-0.005078
8.706	-0.002273
8.707	-0.001261
8.708	-0.000953
8.709	-0.001022
8.71	-0.002025
8.711	-0.004884
8.712	-0.010023
8.713	-0.016642
8.714	-0.022973
8.715	-0.027798
8.716	-0.031731
8.717	-0.036349
8.718	-0.041908
8.719	-0.046438
8.72	-0.047253
8.721	-0.043026
8.722	-0.034497
8.723	-0.023789
8.724	-0.013317
8.725	-0.005138
8.726	-0.000487
8.727	0.000823
8.728	0.000413
8.729	0.000359
8.73	0.002096
8.731	0.006012
8.732	0.011589
8.733	0.017669
8.734	0.022513
8.735	0.023893
8.736	0.019899
8.737	0.010189
8.738	-0.003535
8.739	-0.018038
8.74	-0.029243
8.741	-0.033348
8.742	-0.02904
8.743	-0.01917
8.744	-0.009335
8.745	-0.004092
8.746	-0.004267
8.747	-0.007463
8.748	-0.010733
8.749	-0.012755
8.75	-0.013779
8.751	-0.014256
8.752	-0.01419
8.753	-0.013784
8.754	-0.014093
8.755	-0.016658
8.756	-0.022455
8.757	-0.031158
8.758	-0.041215
8.759	-0.050216
8.76	-0.055258
8.761	-0.054023
8.762	-0.046251
8.763	-0.03398
8.764	-0.020413
8.765	-0.008658
8.766	-0.000819
8.767	0.002547
8.768	0.002318
8.769	-4.2e-05
8.77	-0.003729
8.771	-0.00947
8.772	-0.018981
8.773	-0.032745
8.774	-0.04692
8.775	-0.051055
8.776	-0.029045
8.777	0.034881
8.778	0.145739
8.779	0.286474
8.78	0.415011
8.781	0.481219
8.782	0.458425
8.783	0.362632
8.784	0.240813
8.785	0.139808
8.786	0.082421
8.787	0.064869
8.788	0.069236
8.789	0.077546
8.79	0.079609
8.791	0.07373
8.792	0.0633
8.793	0.052566
8.794	0.043627
8.795	0.035798
8.796	0.026865
8.797	0.014632
8.798	-0.001783
8.799	-0.020604
8.8	-0.037101
8.801	-0.045763
8.802	-0.043654
8.803	-0.03216
8.804	-0.016115
8.805	-0.001304
8.806	0.008305
8.807	0.012069
8.808	0.012065
8.809	0.01092
8.81	0.009717
8.811	0.00759
8.812	0.003342
8.813	-0.002676
8.814	-0.008547
8.815	-0.012649
8.816	-0.015445
8.817	-0.019444
8.818	-0.027099
8.819	-0.038256
8.82	-0.049685
8.821	-0.057201
8.822	-0.058141
8.823	-0.052194
8.824	-0.040908
8.825	-0.026998
8.826	-0.013644
8.827	-0.003537
8.828	0.002097
8.829	0.003788
8.83	0.003038
8.831	0.001129
8.832	-0.001316
8.833	-0.003967
8.834	-0.006522
8.835	-0.009082
8.836	-0.01262
8.837	-0.018621
8.838	-0.02785
8.839	-0.039263
8.84	-0.049976
8.841	-0.056243
8.842	-0.055084
8.843	-0.046064
8.844	-0.031951
8.845	-0.017398
8.846	-0.006541
8.847	-0.001187
8.848	-0.000445
8.849	-0.001672
8.85	-0.002005
8.851	0.000474
8.852	0.006292
8.853	0.014485
8.854	0.022903
8.855	0.02916
8.856	0.03158
8.857	0.029457
8.858	0.022929
8.859	0.012752
8.86	0.000157
8.861	-0.012861
8.862	-0.02348
8.863	-0.029017
8.864	-0.028304
8.865	-0.022304
8.866	-0.013568
8.867	-0.004918
8.868	0.001838
8.869	0.006243
8.87	0.008335
8.871	0.007804
8.872	0.004454
8.873	-0.000599
8.874	-0.004845
8.875	-0.006138
8.876	-0.004611
8.877	-0.002808
8.878	-0.004009
8.879	-0.010341
8.88	-0.021585
8.881	-0.034739
8.882	-0.044842
8.883	-0.047123
8.884	-0.039392
8.885	-0.023526
8.886	-0.004969
8.887	0.010162
8.888	0.018539
8.889	0.020786
8.89	0.019657
8.891	0.017535
8.892	0.015325
8.893	0.012355
8.894	0.006535
8.895	-0.004261
8.896	-0.018514
8.897	-0.026986
8.898	-0.012759
8.899	0.042238
8.9	0.146059
8.901	0.284676
8.902	0.417669
8.903	0.493702
8.904	0.481932
8.905	0.393492
8.906	0.272886
8.907	0.168304
8.908	0.106399
8.909	0.086692
8.91	0.092059
8.911	0.10337
8.912	0.108748
8.913	0.104939
8.914	0.093992
8.915	0.07963
8.916	0.0652
8.917	0.05253
8.918	0.041142
8.919	0.028743
8.92	0.01339
8.921	-0.004422
8.922	-0.021302
8.923	-0.032042
8.924	-0.032041
8.925	-0.020423
8.926	-0.001274
8.927	0.018562
8.928	0.033307
8.929	0.040659
8.93	0.041576
8.931	0.038343
8.932	0.032842
8.933	0.026136
8.934	0.018968
8.935	0.012212
8.936	0.006725
8.937	0.002524
8.938	-0.002014
8.939	-0.009568
8.94	-0.021739
8.941	-0.037134
8.942	-0.051311
8.943	-0.058856
8.944	-0.056486
8.945	-0.044986
8.946	-0.028487
8.947	-0.012014
8.948	0.000627
8.949	0.007877
8.95	0.010641
8.951	0.011341
8.952	0.01196
8.953	0.012522
8.954	0.011324
8.955	0.006786
8.956	-0.000763
8.957	-0.009305
8.958	-0.017255
8.959	-0.024943
8.96	-0.033808
8.961	-0.044406
8.962	-0.055088
8.963	-0.062298
8.964	-0.06248
8.965	-0.0543
8.966	-0.039493
8.967	-0.022001
8.968	-0.006254
8.969	0.004588
8.97	0.009577
8.971	0.009624
8.972	0.006666
8.973	0.003201
8.974	0.001764
8.975	0.003926
8.976	0.009423
8.977	0.016207
8.978	0.021431
8.979	0.022486
8.98	0.017372
8.981	0.00499
8.982	-0.013659
8.983	-0.034241
8.984	-0.04993
8.985	-0.054892
8.986	-0.048031
8.987	-0.033765
8.988	-0.018893
8.989	-0.008254
8.99	-0.002922
8.991	-0.001591
8.992	-0.002551
8.993	-0.004458
8.994	-0.006424
8.995	-0.008024
8.996	-0.009126
8.997	-0.009627
8.998	-0.009632
8.999	-0.010071
9.0	-0.012811
9.001	-0.019371
9.002	-0.029079
9.003	-0.038653
9.004	-0.043824
9.005	-0.041634
9.006	-0.031906
9.007	-0.017383
9.008	-0.002518
9.009	0.008529
9.01	0.013636
9.011	0.013466
9.012	0.01072
9.013	0.007957
9.014	0.005594
9.015	0.001726
9.016	-0.006404
9.017	-0.019871
9.018	-0.034791
9.019	-0.039941
9.02	-0.018192
9.021	0.046603
9.022	0.158201
9.023	0.29684
9.024	0.418845
9.025	0.476051
9.026	0.446377
9.027	0.349353
9.028	0.231645
9.029	0.136789
9.03	0.084193
9.031	0.068342
9.032	0.071542
9.033	0.077621
9.034	0.078579
9.035	0.073779
9.036	0.065855
9.037	0.057483
9.038	0.050097
9.039	0.043357
9.04	0.034966
9.041	0.021872
9.042	0.002888
9.043	-0.019214
9.044	-0.038207
9.045	-0.047667
9.046	-0.044823
9.047	-0.031965
9.048	-0.014616
9.049	0.001505
9.05	0.012859
9.051	0.019082
9.052	0.022061
9.053	0.023606
9.054	0.023768
9.055	0.021328
9.056	0.015793
9.057	0.008577
9.058	0.001884
9.059	-0.003668
9.06	-0.009912
9.061	-0.019378
9.062	-0.032777
9.063	-0.04794
9.064	-0.060596
9.065	-0.066272
9.066	-0.062384
9.067	-0.049488
9.068	-0.031223
9.069	-0.013014
9.07	0.000194
9.071	0.006106
9.072	0.005552
9.073	0.001273
9.074	-0.00372
9.075	-0.007497
9.076	-0.00968
9.077	-0.010777
9.078	-0.011335
9.079	-0.012014
9.08	-0.014227
9.081	-0.020102
9.082	-0.031129
9.083	-0.046246
9.084	-0.061089
9.085	-0.069658
9.086	-0.067587
9.087	-0.054753
9.088	-0.035528
9.089	-0.016515
9.09	-0.003102
9.091	0.002797
9.092	0.00254
9.093	-0.000827
9.094	-0.004008
9.095	-0.004483
9.096	-0.001255
9.097	0.005002
9.098	0.012335
9.099	0.018118
9.1	0.019826
9.101	0.015763
9.102	0.005383
9.103	-0.010392
9.104	-0.028742
9.105	-0.045281
9.106	-0.05551
9.107	-0.056809
9.108	-0.049995
9.109	-0.039063
9.11	-0.028655
9.111	-0.021323
9.112	-0.016984
9.113	-0.014568
9.114	-0.013759
9.115	-0.014977
9.116	-0.01796
9.117	-0.021061
9.118	-0.02234
9.119	-0.021217
9.12	-0.019157
9.121	-0.019271
9.122	-0.024958
9.123	-0.037528
9.124	-0.054154
9.125	-0.068437
9.126	-0.073772
9.127	-0.067218
9.128	-0.051204
9.129	-0.032009
9.13	-0.016397
9.131	-0.008705
9.132	-0.009357
9.133	-0.015026
9.134	-0.020807
9.135	-0.023498
9.136	-0.023636
9.137	-0.024788
9.138	-0.030582
9.139	-0.04073
9.14	-0.047774
9.141	-0.037122
9.142	0.008082
9.143	0.097919
9.144	0.224566
9.145	0.355416
9.146	0.44227
9.147	0.449114
9.148	0.37765
9.149	0.265645
9.15	0.160127
9.151	0.090671
9.152	0.061279
9.153	0.058804
9.154	0.065969
9.155	0.070298
9.156	0.066903
9.157	0.056911
9.158	0.044215
9.159	0.03267
9.16	0.024262
9.161	0.018103
9.162	0.010955
9.163	-0.000524
9.164	-0.017067
9.165	-0.035296
9.166	-0.048867
9.167	-0.052125
9.168	-0.043695
9.169	-0.027366
9.17	-0.009777
9.171	0.003476
9.172	0.010577
9.173	0.01317
9.174	0.013771
9.175	0.013598
9.176	0.012523
9.177	0.010302
9.178	0.007451
9.179	0.004941
9.18	0.002766
9.181	-0.001278
9.182	-0.010655
9.183	-0.027106
9.184	-0.048174
9.185	-0.067565
9.186	-0.078248
9.187	-0.076092
9.188	-0.061765
9.189	-0.040237
9.19	-0.018551
9.191	-0.002749
9.192	0.004712
9.193	0.005399
9.194	0.002966
9.195	0.000446
9.196	-0.001221
9.197	-0.002621
9.198	-0.004271
9.199	-0.005928
9.2	-0.0075
9.201	-0.010084
9.202	-0.015774
9.203	-0.026439
9.204	-0.04207
9.205	-0.059562
9.206	-0.073232
9.207	-0.077394
9.208	-0.06968
9.209	-0.05281
9.21	-0.033138
9.211	-0.016813
9.212	-0.006688
9.213	-0.002097
9.214	-0.000749
9.215	-0.000518
9.216	0.000172
9.217	0.002758
9.218	0.00827
9.219	0.016325
9.22	0.024804
9.221	0.030681
9.222	0.030947
9.223	0.023267
9.224	0.007028
9.225	-0.015338
9.226	-0.037995
9.227	-0.053485
9.228	-0.056516
9.229	-0.047251
9.23	-0.031158
9.231	-0.015569
9.232	-0.005637
9.233	-0.002162
9.234	-0.002543
9.235	-0.003804
9.236	-0.004647
9.237	-0.005004
9.238	-0.004672
9.239	-0.00315
9.24	-0.000647
9.241	0.001092
9.242	-0.00105
9.243	-0.010018
9.244	-0.02598
9.245	-0.044861
9.246	-0.059828
9.247	-0.064733
9.248	-0.057217
9.249	-0.039884
9.25	-0.019085
9.251	-0.001992
9.252	0.006745
9.253	0.007173
9.254	0.003272
9.255	-0.000556
9.256	-0.002611
9.257	-0.004229
9.258	-0.008243
9.259	-0.017041
9.26	-0.029751
9.261	-0.038912
9.262	-0.029831
9.263	0.0147
9.264	0.104967
9.265	0.233189
9.266	0.367096
9.267	0.458665
9.268	0.470591
9.269	0.402045
9.27	0.289177
9.271	0.179932
9.272	0.106733
9.273	0.075964
9.274	0.074378
9.275	0.08264
9.276	0.08668
9.277	0.081897
9.278	0.070746
9.279	0.058013
9.28	0.047447
9.281	0.04009
9.282	0.033685
9.283	0.02386
9.284	0.007235
9.285	-0.015319
9.286	-0.037751
9.287	-0.051601
9.288	-0.051018
9.289	-0.03649
9.29	-0.014606
9.291	0.005784
9.292	0.018248
9.293	0.021489
9.294	0.018754
9.295	0.014765
9.296	0.012567
9.297	0.012282
9.298	0.012167
9.299	0.010881
9.3	0.008616
9.301	0.005732
9.302	0.000855
9.303	-0.008681
9.304	-0.024289
9.305	-0.044018
9.306	-0.062675
9.307	-0.07414
9.308	-0.074414
9.309	-0.063582
9.31	-0.045728
9.311	-0.026844
9.312	-0.011885
9.313	-0.002924
9.314	0.000565
9.315	0.000262
9.316	-0.002157
9.317	-0.005572
9.318	-0.00947
9.319	-0.013482
9.32	-0.01697
9.321	-0.019489
9.322	-0.02168
9.323	-0.025577
9.324	-0.033745
9.325	-0.047141
9.326	-0.06305
9.327	-0.075454
9.328	-0.078411
9.329	-0.06999
9.33	-0.053625
9.331	-0.035945
9.332	-0.022813
9.333	-0.016428
9.334	-0.015224
9.335	-0.015905
9.336	-0.015621
9.337	-0.012906
9.338	-0.007475
9.339	0.000187
9.34	0.008733
9.341	0.015664
9.342	0.017804
9.343	0.012595
9.344	-0.000562
9.345	-0.019616
9.346	-0.040145
9.347	-0.056776
9.348	-0.065444
9.349	-0.065273
9.35	-0.058862
9.351	-0.050753
9.352	-0.044914
9.353	-0.042732
9.354	-0.042673
9.355	-0.041871
9.356	-0.038663
9.357	-0.033948
9.358	-0.029947
9.359	-0.027936
9.36	-0.027554
9.361	-0.027827
9.362	-0.028634
9.363	-0.031904
9.364	-0.04114
9.365	-0.05834
9.366	-0.080509
9.367	-0.099545
9.368	-0.106507
9.369	-0.097228
9.37	-0.075023
9.371	-0.048654
9.372	-0.027354
9.373	-0.016433
9.374	-0.015866
9.375	-0.021912
9.376	-0.029864
9.377	-0.036153
9.378	-0.039683
9.379	-0.042375
9.38	-0.047926
9.381	-0.058169
9.382	-0.068276
9.383	-0.064424
9.384	-0.027945
9.385	0.053438
9.386	0.171914
9.387	0.293386
9.388	0.37001
9.389	0.369445
9.39	0.297613
9.391	0.192703
9.392	0.097418
9.393	0.036241
9.394	0.01175
9.395	0.013001
9.396	0.024825
9.397	0.034171
9.398	0.033989
9.399	0.024194
9.4	0.009498
9.401	-0.004382
9.402	-0.014765
9.403	-0.024127
9.404	-0.037819
9.405	-0.058734
9.406	-0.083587
9.407	-0.104107
9.408	-0.112336
9.409	-0.105683
9.41	-0.088182
9.411	-0.068213
9.412	-0.054368
9.413	-0.050715
9.414	-0.054346
9.415	-0.058315
9.416	-0.057828
9.417	-0.053383
9.418	-0.048554
9.419	-0.046369
9.42	-0.047485
9.421	-0.050359
9.422	-0.053377
9.423	-0.057471
9.424	-0.066146
9.425	-0.082204
9.426	-0.103989
9.427	-0.124722
9.428	-0.136252
9.429	-0.13421
9.43	-0.120157
9.431	-0.099955
9.432	-0.08077
9.433	-0.068064
9.434	-0.063336
9.435	-0.064124
9.436	-0.066375
9.437	-0.067371
9.438	-0.066956
9.439	-0.066053
9.44	-0.064746
9.441	-0.062948
9.442	-0.062293
9.443	-0.065841
9.444	-0.075708
9.445	-0.0912
9.446	-0.108492
9.447	-0.121823
9.448	-0.126205
9.449	-0.120079
9.45	-0.105889
9.451	-0.088841
9.452	-0.074723
9.453	-0.067159
9.454	-0.065788
9.455	-0.067054
9.456	-0.066882
9.457	-0.06292
9.458	-0.054939
9.459	-0.043971
9.46	-0.031626
9.461	-0.020218
9.462	-0.012904
9.463	-0.01298
9.464	-0.022406
9.465	-0.040525
9.466	-0.063827
9.467	-0.086949
9.468	-0.104635
9.469	-0.113625
9.47	-0.113345
9.471	-0.10548
9.472	-0.092959
9.473	-0.078942
9.474	-0.066328
9.475	-0.057483
9.476	-0.053504
9.477	-0.053499
9.478	-0.055042
9.479	-0.055699
9.48	-0.05425
9.481	-0.050896
9.482	-0.047005
9.483	-0.044926
9.484	-0.047491
9.485	-0.056502
9.486	-0.0708
9.487	-0.085745
9.488	-0.095189
9.489	-0.094823
9.49	-0.084617
9.491	-0.068781
9.492	-0.05316
9.493	-0.041888
9.494	-0.035879
9.495	-0.033761
9.496	-0.033753
9.497	-0.035005
9.498	-0.037903
9.499	-0.043409
9.5	-0.051663
9.501	-0.059977
9.502	-0.0611
9.503	-0.043691
9.504	0.003496
9.505	0.083482
9.506	0.182147
9.507	0.267751
9.508	0.30645
9.509	0.284715
9.51	0.217926
9.511	0.137872
9.512	0.072669
9.513	0.035082
9.514	0.023014
9.515	0.026359
9.516	0.034142
9.517	0.039054
9.518	0.038689
9.519	0.034271
9.52	0.028411
9.521	0.023174
9.522	0.01896
9.523	0.01428
9.524	0.006669
9.525	-0.005394
9.526	-0.020808
9.527	-0.035658
9.528	-0.044899
9.529	-0.04518
9.53	-0.03687
9.531	-0.023463
9.532	-0.009027
9.533	0.003621
9.534	0.012806
9.535	0.017429
9.536	0.017334
9.537	0.013918
9.538	0.009594
9.539	0.006286
9.54	0.004484
9.541	0.003593
9.542	0.002596
9.543	0.000237
9.544	-0.004854
9.545	-0.013595
9.546	-0.025445
9.547	-0.037497
9.548	-0.045126
9.549	-0.044835
9.55	-0.036905
9.551	-0.025023
9.552	-0.01358
9.553	-0.005233
9.554	-0.000114
9.555	0.003314
9.556	0.006522
9.557	0.009603
9.558	0.011331
9.559	0.010321
9.56	0.006096
9.561	-0.000738
9.562	-0.009141
9.563	-0.01851
9.564	-0.028884
9.565	-0.04035
9.566	-0.052415
9.567	-0.063649
9.568	-0.071856
9.569	-0.075078
9.57	-0.072629
9.571	-0.065177
9.572	-0.054303
9.573	-0.042288
9.574	-0.031856
9.575	-0.025361
9.576	-0.023619
9.577	-0.025379
9.578	-0.028187
9.579	-0.029832
9.58	-0.029006
9.581	-0.025202
9.582	-0.018892
9.583	-0.011908
9.584	-0.007168
9.585	-0.007731
9.586	-0.015436
9.587	-0.029574
9.588	-0.046796
9.589	-0.062605
9.59	-0.073121
9.591	-0.076221
9.592	-0.072109
9.593	-0.063231
9.594	-0.053328
9.595	-0.045865
9.596	-0.042561
9.597	-0.042875
9.598	-0.044877
9.599	-0.046758
9.6	-0.047639
9.601	-0.047441
9.602	-0.046569
9.603	-0.045653
9.604	-0.045325
9.605	-0.046277
9.606	-0.049314
9.607	-0.05482
9.608	-0.061945
9.609	-0.068263
9.61	-0.070666
9.611	-0.067508
9.612	-0.060143
9.613	-0.051893
9.614	-0.045413
9.615	-0.041244
9.616	-0.038525
9.617	-0.036388
9.618	-0.034613
9.619	-0.033629
9.62	-0.034564
9.621	-0.039432
9.622	-0.050381
9.623	-0.066917
9.624	-0.082176
9.625	-0.081639
9.626	-0.047087
9.627	0.034187
9.628	0.157574
9.629	0.29365
9.63	0.395311
9.631	0.422482
9.632	0.368404
9.633	0.263711
9.634	0.154385
9.635	0.074466
9.636	0.033935
9.637	0.023681
9.638	0.027559
9.639	0.032326
9.64	0.031911
9.641	0.02666
9.642	0.01997
9.643	0.014588
9.644	0.010322
9.645	0.004369
9.646	-0.006108
9.647	-0.021485
9.648	-0.039055
9.649	-0.054186
9.65	-0.062415
9.651	-0.06151
9.652	-0.052343
9.653	-0.03826
9.654	-0.023563
9.655	-0.0117
9.656	-0.003953
9.657	0.000295
9.658	0.002194
9.659	0.002565
9.66	0.001729
9.661	-0.000636
9.662	-0.00521
9.663	-0.011983
9.664	-0.01963
9.665	-0.026398
9.666	-0.031743
9.667	-0.036818
9.668	-0.043013
9.669	-0.050048
9.67	-0.055773
9.671	-0.057735
9.672	-0.054646
9.673	-0.046804
9.674	-0.035854
9.675	-0.02417
9.676	-0.013939
9.677	-0.00651
9.678	-0.002303
9.679	-0.00098
9.68	-0.001718
9.681	-0.003571
9.682	-0.005705
9.683	-0.007659
9.684	-0.009848
9.685	-0.013711
9.686	-0.020916
9.687	-0.031953
9.688	-0.04535
9.689	-0.058343
9.69	-0.068271
9.691	-0.07329
9.692	-0.072381
9.693	-0.065634
9.694	-0.054833
9.695	-0.04328
9.696	-0.034338
9.697	-0.029549
9.698	-0.027987
9.699	-0.02745
9.7	-0.026309
9.701	-0.024161
9.702	-0.021179
9.703	-0.017513
9.704	-0.013369
9.705	-0.009415
9.706	-0.006943
9.707	-0.007321
9.708	-0.011058
9.709	-0.01753
9.71	-0.025666
9.711	-0.034622
9.712	-0.043555
9.713	-0.050947
9.714	-0.054681
9.715	-0.053275
9.716	-0.047057
9.717	-0.038111
9.718	-0.029203
9.719	-0.022653
9.72	-0.019721
9.721	-0.02048
9.722	-0.024065
9.723	-0.029089
9.724	-0.033835
9.725	-0.036523
9.726	-0.036347
9.727	-0.034479
9.728	-0.033698
9.729	-0.036707
9.73	-0.044301
9.731	-0.054461
9.732	-0.06307
9.733	-0.066061
9.734	-0.061785
9.735	-0.05217
9.736	-0.041714
9.737	-0.034579
9.738	-0.032044
9.739	-0.032531
9.74	-0.033459
9.741	-0.032838
9.742	-0.030303
9.743	-0.027779
9.744	-0.028984
9.745	-0.037113
9.746	-0.050921
9.747	-0.061024
9.748	-0.050151
9.749	0.000334
9.75	0.099572
9.751	0.235946
9.752	0.372057
9.753	0.456913
9.754	0.455579
9.755	0.373344
9.756	0.251484
9.757	0.139748
9.758	0.069434
9.759	0.04407
9.76	0.047806
9.761	0.060417
9.762	0.067936
9.763	0.065595
9.764	0.055655
9.765	0.043338
9.766	0.032969
9.767	0.025769
9.768	0.019785
9.769	0.011586
9.77	-0.001223
9.771	-0.018159
9.772	-0.035623
9.773	-0.048308
9.774	-0.051784
9.775	-0.044916
9.776	-0.030528
9.777	-0.013888
9.778	-8.5e-05
9.779	0.008317
9.78	0.011958
9.781	0.013094
9.782	0.013229
9.783	0.012397
9.784	0.010144
9.785	0.006384
9.786	0.001418
9.787	-0.004348
9.788	-0.010824
9.789	-0.018574
9.79	-0.028366
9.791	-0.039786
9.792	-0.050181
9.793	-0.05573
9.794	-0.054221
9.795	-0.046632
9.796	-0.036027
9.797	-0.025413
9.798	-0.016721
9.799	-0.010772
9.8	-0.007304
9.801	-0.005323
9.802	-0.003957
9.803	-0.002954
9.804	-0.002545
9.805	-0.003112
9.806	-0.004839
9.807	-0.00751
9.808	-0.010761
9.809	-0.014688
9.81	-0.020037
9.811	-0.027468
9.812	-0.036349
9.813	-0.044264
9.814	-0.047903
9.815	-0.044823
9.816	-0.034902
9.817	-0.020633
9.818	-0.006035
9.819	0.005391
9.82	0.012114
9.821	0.014295
9.822	0.01295
9.823	0.00987
9.824	0.007677
9.825	0.008867
9.826	0.014212
9.827	0.022037
9.828	0.029205
9.829	0.032845
9.83	0.031335
9.831	0.024311
9.832	0.012703
9.833	-0.000986
9.834	-0.012945
9.835	-0.019324
9.836	-0.018151
9.837	-0.01069
9.838	-0.000685
9.839	0.008147
9.84	0.013986
9.841	0.016984
9.842	0.018365
9.843	0.019326
9.844	0.020203
9.845	0.020396
9.846	0.019119
9.847	0.016452
9.848	0.013564
9.849	0.011462
9.85	0.009622
9.851	0.006354
9.852	0.000699
9.853	-0.006136
9.854	-0.011163
9.855	-0.011347
9.856	-0.005314
9.857	0.005926
9.858	0.019387
9.859	0.031301
9.86	0.038627
9.861	0.04042
9.862	0.038146
9.863	0.034293
9.864	0.030417
9.865	0.026144
9.866	0.019536
9.867	0.008884
9.868	-0.00439
9.869	-0.013044
9.87	-0.003593
9.871	0.040079
9.872	0.128852
9.873	0.25757
9.874	0.396481
9.875	0.497106
9.876	0.518312
9.877	0.454599
9.878	0.340102
9.879	0.224713
9.88	0.144281
9.881	0.107372
9.882	0.101678
9.883	0.108404
9.884	0.113496
9.885	0.11152
9.886	0.103522
9.887	0.092903
9.888	0.082618
9.889	0.074116
9.89	0.066975
9.891	0.059159
9.892	0.048466
9.893	0.034521
9.894	0.019763
9.895	0.008529
9.896	0.004711
9.897	0.009683
9.898	0.021662
9.899	0.036504
9.9	0.049701
9.901	0.058764
9.902	0.06404
9.903	0.067318
9.904	0.069811
9.905	0.071217
9.906	0.070378
9.907	0.066912
9.908	0.062027
9.909	0.057275
9.91	0.052677
9.911	0.046608
9.912	0.037549
9.913	0.025761
9.914	0.013556
9.915	0.004374
9.916	0.001389
9.917	0.00614
9.918	0.017636
9.919	0.0326
9.92	0.047099
9.921	0.058343
9.922	0.06519
9.923	0.06786
9.924	0.067736
9.925	0.066653
9.926	0.065717
9.927	0.065073
9.928	0.064576
9.929	0.063983
9.93	0.06249
9.931	0.058628
9.932	0.05096
9.933	0.039217
9.934	0.025235
9.935	0.012882
9.936	0.006496
9.937	0.008596
9.938	0.018382
9.939	0.032233
9.94	0.045878
9.941	0.056301
9.942	0.06235
9.943	0.064637
9.944	0.06496
9.945	0.065179
9.946	0.066503
9.947	0.06967
9.948	0.074837
9.949	0.080918
9.95	0.085746
9.951	0.087352
9.952	0.084938
9.953	0.078594
9.954	0.068593
9.955	0.055647
9.956	0.041933
9.957	0.03118
9.958	0.026812
9.959	0.029621
9.96	0.03746
9.961	0.047092
9.962	0.056068
9.963	0.063207
9.964	0.068034
9.965	0.070288
9.966	0.070135
9.967	0.068532
9.968	0.066813
9.969	0.065877
9.97	0.06583
9.971	0.065859
9.972	0.064232
9.973	0.0591
9.974	0.050041
9.975	0.039132
9.976	0.030471
9.977	0.028215
9.978	0.034389
9.979	0.047815
9.98	0.064449
9.981	0.07887
9.982	0.086776
9.983	0.08745
9.984	0.084081
9.985	0.081172
9.986	0.08104
9.987	0.082268
9.988	0.080936
9.989	0.073555
9.99	0.06029
9.991	0.047492
9.992	0.048596
9.993	0.081518
9.994	0.160605
9.995	0.283934
9.996	0.423159
9.997	0.529109
9.998	0.558243
9.999	0.502075
10.0	0.392632
10.001	0.279366
10.002	0.199499
10.003	0.163744
10.004	0.160754
10.005	0.170676
10.006	0.177394
10.007	0.174084
10.008	0.162147
10.009	0.146868
10.01	0.133188
10.011	0.123302
10.012	0.116284
10.013	0.109115
10.014	0.098473
10.015	0.082937
10.016	0.064741
10.017	0.049421
10.018	0.042793
10.019	0.047192
10.02	0.06001
10.021	0.075652
10.022	0.088948
10.023	0.097284
10.024	0.10071
10.025	0.100741
10.026	0.098852
10.027	0.095758
10.028	0.091949
10.029	0.08838
10.03	0.086037
10.031	0.08475
10.032	0.082636
10.033	0.076974
10.034	0.066126
10.035	0.051177
10.036	0.035939
10.037	0.025326
10.038	0.023093
10.039	0.030012
10.04	0.043408
10.041	0.058425
10.042	0.070427
10.043	0.077179
10.044	0.079474
10.045	0.07982
10.046	0.080211
10.047	0.080836
10.048	0.080652
10.049	0.078817
10.05	0.075487
10.051	0.071632
10.052	0.068178
10.053	0.06481
10.054	0.059586
10.055	0.050363
10.056	0.037159
10.057	0.023416
10.058	0.01465
10.059	0.015112
10.06	0.025242
10.061	0.041789
10.062	0.059735
10.063	0.074532
10.064	0.083721
10.065	0.087153
10.066	0.08626
10.067	0.083608
10.068	0.082419
10.069	0.085042
10.07	0.091462
10.071	0.0996
10.072	0.106775
10.073	0.110559
10.074	0.108948
10.075	0.100771
10.076	0.086608
10.077	0.069491
10.078	0.054331
10.079	0.0459
10.08	0.046471
10.081	0.054542
10.082	0.065585
10.083	0.074817
10.084	0.080133
10.085	0.082637
10.086	0.084536
10.087	0.086895
10.088	0.089181
10.089	0.090335
10.09	0.089983
10.091	0.088562
10.092	0.086429
10.093	0.083148
10.094	0.077641
10.095	0.068966
10.096	0.057314
10.097	0.044797
10.098	0.035241
10.099	0.032592
10.1	0.03877
10.101	0.052443
10.102	0.069477
10.103	0.084884
10.104	0.095235
10.105	0.099906
10.106	0.100399
10.107	0.098692
10.108	0.095736
10.109	0.090777
10.11	0.082069
10.111	0.068967
10.112	0.05455
10.113	0.047572
10.114	0.061905
10.115	0.112169
10.116	0.205884
10.117	0.333792
10.118	0.463814
10.119	0.549543
10.12	0.556363
10.121	0.48614
10.122	0.376075
10.123	0.272767
10.124	0.205634
10.125	0.178143
10.126	0.176183
10.127	0.182113
10.128	0.184285
10.129	0.179115
10.13	0.168447
10.131	0.155881
10.132	0.144115
10.133	0.133833
10.134	0.123862
10.135	0.112223
10.136	0.097646
10.137	0.08087
10.138	0.065079
10.139	0.055041
10.14	0.054857
10.141	0.065098
10.142	0.081542
10.143	0.097486
10.144	0.108208
10.145	0.113498
10.146	0.116179
10.147	0.118709
10.148	0.121263
10.149	0.122488
10.15	0.121308
10.151	0.11774
10.152	0.112535
10.153	0.106431
10.154	0.099452
10.155	0.090749
10.156	0.079336
10.157	0.06544
10.158	0.051476
10.159	0.041608
10.16	0.039722
10.161	0.047006
10.162	0.061117
10.163	0.07754
10.164	0.09171
10.165	0.100533
10.166	0.103108
10.167	0.1007
10.168	0.095905
10.169	0.091251
10.17	0.088003
10.171	0.086082
10.172	0.084999
10.173	0.084403
10.174	0.083373
10.175	0.079641
10.176	0.070528
10.177	0.055271
10.178	0.036756
10.179	0.020986
10.18	0.014053
10.181	0.018471
10.182	0.031743
10.183	0.048226
10.184	0.062595
10.185	0.072181
10.186	0.077017
10.187	0.078757
10.188	0.079917
10.189	0.083071
10.19	0.089453
10.191	0.098144
10.192	0.106876
10.193	0.113483
10.194	0.116613
10.195	0.11547
10.196	0.109264
10.197	0.097336
10.198	0.080458
10.199	0.062079
10.2	0.047427
10.201	0.040679
10.202	0.042751
10.203	0.051267
10.204	0.062282
10.205	0.072376
10.206	0.0798
10.207	0.084497
10.208	0.087378
10.209	0.089171
10.21	0.089925
10.211	0.089823
10.212	0.09002
10.213	0.091906
10.214	0.095279
10.215	0.097348
10.216	0.09391
10.217	0.082378
10.218	0.0645
10.219	0.046267
10.22	0.0348
10.221	0.034756
10.222	0.04648
10.223	0.066021
10.224	0.086604
10.225	0.101345
10.226	0.106468
10.227	0.103277
10.228	0.096959
10.229	0.092468
10.23	0.090945
10.231	0.089651
10.232	0.084689
10.233	0.074483
10.234	0.063013
10.235	0.061609
10.236	0.087041
10.237	0.154481
10.238	0.266533
10.239	0.402894
10.24	0.520324
10.241	0.572165
10.242	0.53846
10.243	0.439975
10.244	0.32279
10.245	0.229172
10.246	0.178101
10.247	0.16443
10.248	0.170674
10.249	0.180024
10.25	0.183063
10.251	0.177792
10.252	0.166549
10.253	0.153074
10.254	0.140577
10.255	0.130275
10.256	0.120656
10.257	0.108466
10.258	0.091403
10.259	0.07083
10.26	0.052241
10.261	0.042516
10.262	0.045488
10.263	0.059296
10.264	0.077633
10.265	0.093436
10.266	0.102216
10.267	0.103495
10.268	0.099945
10.269	0.094978
10.27	0.090728
10.271	0.087798
10.272	0.086197
10.273	0.085804
10.274	0.085629
10.275	0.083167
10.276	0.075312
10.277	0.06036
10.278	0.039531
10.279	0.017089
10.28	-0.000764
10.281	-0.008087
10.282	-0.002187
10.283	0.01447
10.284	0.035263
10.285	0.05283
10.286	0.062615
10.287	0.064522
10.288	0.061887
10.289	0.058796
10.29	0.057659
10.291	0.058422
10.292	0.059534
10.293	0.059667
10.294	0.058621
10.295	0.056739
10.296	0.053662
10.297	0.047804
10.298	0.037408
10.299	0.022881
10.3	0.008303
10.301	-0.000298
10.302	0.001003
10.303	0.011418
10.304	0.026297
10.305	0.040074
10.306	0.048986
10.307	0.0522
10.308	0.051301
10.309	0.048998
10.31	0.047931
10.311	0.049923
10.312	0.055625
10.313	0.064396
10.314	0.074325
10.315	0.082466
10.316	0.085401
10.317	0.080152
10.318	0.065449
10.319	0.043175
10.32	0.018845
10.321	-0.000153
10.322	-0.007976
10.323	-0.003254
10.324	0.010248
10.325	0.025697
10.326	0.036894
10.327	0.041253
10.328	0.040158
10.329	0.036832
10.33	0.03387
10.331	0.032425
10.332	0.032912
10.333	0.035562
10.334	0.040032
10.335	0.044783
10.336	0.047066
10.337	0.043801
10.338	0.033391
10.339	0.017594
10.34	0.001576
10.341	-0.008446
10.342	-0.00835
10.343	0.001901
10.344	0.018449
10.345	0.035644
10.346	0.04857
10.347	0.054793
10.348	0.054948
10.349	0.051857
10.35	0.048316
10.351	0.044877
10.352	0.03931
10.353	0.02859
10.354	0.012623
10.355	-0.002503
10.356	-0.004171
10.357	0.023374
10.358	0.092659
10.359	0.204251
10.36	0.337776
10.361	0.4513
10.362	0.499383
10.363	0.462533
10.364	0.361652
10.365	0.242736
10.366	0.147202
10.367	0.092788
10.368	0.07418
10.369	0.07526
10.37	0.080867
10.371	0.082339
10.372	0.077734
10.373	0.06947
10.374	0.061221
10.375	0.055055
10.376	0.04985
10.377	0.041916
10.378	0.027557
10.379	0.005948
10.38	-0.019287
10.381	-0.040702
10.382	-0.050383
10.383	-0.044728
10.384	-0.027092
10.385	-0.006016
10.386	0.009645
10.387	0.01551
10.388	0.013253
10.389	0.007849
10.39	0.003294
10.391	0.00065
10.392	-0.001015
10.393	-0.002755
10.394	-0.00473
10.395	-0.006836
10.396	-0.010101
10.397	-0.016874
10.398	-0.029167
10.399	-0.04672
10.4	-0.066231
10.401	-0.082184
10.402	-0.089356
10.403	-0.085729
10.404	-0.073359
10.405	-0.056866
10.406	-0.04131
10.407	-0.030435
10.408	-0.025496
10.409	-0.025385
10.41	-0.027989
10.411	-0.031573
10.412	-0.035284
10.413	-0.038785
10.414	-0.041601
10.415	-0.04321
10.416	-0.04413
10.417	-0.046524
10.418	-0.053151
10.419	-0.065328
10.42	-0.081266
10.421	-0.095855
10.422	-0.102688
10.423	-0.097578
10.424	-0.081334
10.425	-0.05982
10.426	-0.040925
10.427	-0.03031
10.428	-0.028867
10.429	-0.033397
10.43	-0.039258
10.431	-0.042576
10.432	-0.041079
10.433	-0.034402
10.434	-0.0243
10.435	-0.014055
10.436	-0.007047
10.437	-0.005909
10.438	-0.012681
10.439	-0.028337
10.44	-0.050933
10.441	-0.074695
10.442	-0.092322
10.443	-0.098963
10.444	-0.094686
10.445	-0.083901
10.446	-0.072259
10.447	-0.063375
10.448	-0.057931
10.449	-0.055062
10.45	-0.053934
10.451	-0.054366
10.452	-0.056526
10.453	-0.059996
10.454	-0.063122
10.455	-0.06389
10.456	-0.061937
10.457	-0.059635
10.458	-0.061089
10.459	-0.069592
10.46	-0.084926
10.461	-0.102424
10.462	-0.114968
10.463	-0.117052
10.464	-0.108081
10.465	-0.092207
10.466	-0.075169
10.467	-0.061428
10.468	-0.053454
10.469	-0.051827
10.47	-0.054955
10.471	-0.05977
10.472	-0.063789
10.473	-0.06673
10.474	-0.070724
10.475	-0.078839
10.476	-0.090899
10.477	-0.098237
10.478	-0.083092
10.479	-0.026748
10.48	0.076119
10.481	0.205584
10.482	0.318471
10.483	0.369656
10.484	0.340518
10.485	0.250416
10.486	0.141356
10.487	0.051702
10.488	-9.3e-05
10.489	-0.016004
10.49	-0.010115
10.491	0.001012
10.492	0.005682
10.493	0.000351
10.494	-0.01172
10.495	-0.024639
10.496	-0.034352
10.497	-0.041758
10.498	-0.052249
10.499	-0.070709
10.5	-0.096261
10.501	-0.122064
10.502	-0.13977
10.503	-0.144358
10.504	-0.136319
10.505	-0.120965
10.506	-0.105816
10.507	-0.096744
10.508	-0.09509
10.509	-0.098555
10.51	-0.104209
10.511	-0.110048
10.512	-0.1154
10.513	-0.12157
10.514	-0.130681
10.515	-0.142339
10.516	-0.152781
10.517	-0.158678
10.518	-0.161318
10.519	-0.16651
10.52	-0.179553
10.521	-0.199604
10.522	-0.219098
10.523	-0.229034
10.524	-0.225456
10.525	-0.211941
10.526	-0.196593
10.527	-0.186333
10.528	-0.182836
10.529	-0.18301
10.53	-0.183139
10.531	-0.18241
10.532	-0.182347
10.533	-0.183709
10.534	-0.185328
10.535	-0.186059
10.536	-0.186872
10.537	-0.190563
10.538	-0.199592
10.539	-0.214158
10.54	-0.231673
10.541	-0.247527
10.542	-0.256904
10.543	-0.256959
10.544	-0.248028
10.545	-0.233274
10.546	-0.217342
10.547	-0.204411
10.548	-0.196459
10.549	-0.193094
10.55	-0.192658
10.551	-0.193024
10.552	-0.192079
10.553	-0.18858
10.554	-0.18272
10.555	-0.175683
10.556	-0.169058
10.557	-0.165047
10.558	-0.166572
10.559	-0.176163
10.56	-0.194133
10.561	-0.217435
10.562	-0.240247
10.563	-0.256331
10.564	-0.261728
10.565	-0.256233
10.566	-0.243155
10.567	-0.227502
10.568	-0.213611
10.569	-0.203854
10.57	-0.198866
10.571	-0.198167
10.572	-0.200449
10.573	-0.2039
10.574	-0.20675
10.575	-0.20791
10.576	-0.207637
10.577	-0.207722
10.578	-0.210632
10.579	-0.218035
10.58	-0.229402
10.581	-0.241362
10.582	-0.248869
10.583	-0.248094
10.584	-0.238937
10.585	-0.225274
10.586	-0.21278
10.587	-0.205632
10.588	-0.204411
10.589	-0.206793
10.59	-0.209836
10.591	-0.211581
10.592	-0.211599
10.593	-0.211186
10.594	-0.212849
10.595	-0.218157
10.596	-0.224374
10.597	-0.222276
10.598	-0.198043
10.599	-0.140315
10.6	-0.050443
10.601	0.05036
10.602	0.126445
10.603	0.147634
10.604	0.109278
10.605	0.034438
10.606	-0.043052
10.607	-0.098577
10.608	-0.125238
10.609	-0.129945
10.61	-0.124485
10.611	-0.11845
10.612	-0.116857
10.613	-0.120797
10.614	-0.128541
10.615	-0.136869
10.616	-0.14319
10.617	-0.147597
10.618	-0.152949
10.619	-0.162426
10.62	-0.176557
10.621	-0.192415
10.622	-0.205445
10.623	-0.211935
10.624	-0.210293
10.625	-0.201144
10.626	-0.18717
10.627	-0.17257
10.628	-0.161482
10.629	-0.15594
10.63	-0.15505
10.631	-0.15622
10.632	-0.157209
10.633	-0.157062
10.634	-0.155834
10.635	-0.154149
10.636	-0.153075
10.637	-0.154054
10.638	-0.158572
10.639	-0.167467
10.64	-0.180062
10.641	-0.193745
10.642	-0.204638
10.643	-0.209334
10.644	-0.206681
10.645	-0.198391
10.646	-0.18805
10.647	-0.179064
10.648	-0.17286
10.649	-0.168727
10.65	-0.165219
10.651	-0.161618
10.652	-0.158172
10.653	-0.15541
10.654	-0.153701
10.655	-0.153276
10.656	-0.154299
10.657	-0.156987
10.658	-0.161691
10.659	-0.168603
10.66	-0.177301
10.661	-0.186707
10.662	-0.195376
10.663	-0.201703
10.664	-0.203988
10.665	-0.200807
10.666	-0.192011
10.667	-0.179524
10.668	-0.16662
10.669	-0.156073
10.67	-0.149036
10.671	-0.1454
10.672	-0.144488
10.673	-0.145176
10.674	-0.145811
10.675	-0.14455
10.676	-0.140319
10.677	-0.133833
10.678	-0.127529
10.679	-0.124146
10.68	-0.125317
10.681	-0.131273
10.682	-0.141135
10.683	-0.153061
10.684	-0.164438
10.685	-0.172613
10.686	-0.176119
10.687	-0.175312
10.688	-0.171606
10.689	-0.166406
10.69	-0.160858
10.691	-0.155738
10.692	-0.15109
10.693	-0.146548
10.694	-0.142226
10.695	-0.138973
10.696	-0.137719
10.697	-0.138682
10.698	-0.141135
10.699	-0.144045
10.7	-0.14723
10.701	-0.151679
10.702	-0.158269
10.703	-0.166106
10.704	-0.172303
10.705	-0.173651
10.706	-0.168992
10.707	-0.160033
10.708	-0.149852
10.709	-0.141041
10.71	-0.134981
10.711	-0.131768
10.712	-0.130538
10.713	-0.130317
10.714	-0.130676
10.715	-0.131858
10.716	-0.134956
10.717	-0.141711
10.718	-0.15228
10.719	-0.161149
10.72	-0.154823
10.721	-0.115441
10.722	-0.030847
10.723	0.092919
10.724	0.224789
10.725	0.317598
10.726	0.333984
10.727	0.271304
10.728	0.162908
10.729	0.05499
10.73	-0.019903
10.731	-0.054134
10.732	-0.059304
10.733	-0.053049
10.734	-0.048275
10.735	-0.049643
10.736	-0.056132
10.737	-0.064996
10.738	-0.073945
10.739	-0.081991
10.74	-0.089799
10.741	-0.098957
10.742	-0.110202
10.743	-0.122334
10.744	-0.132789
10.745	-0.138958
10.746	-0.139202
10.747	-0.133389
10.748	-0.123207
10.749	-0.111974
10.75	-0.103205
10.751	-0.098567
10.752	-0.09714
10.753	-0.096693
10.754	-0.095829
10.755	-0.095185
10.756	-0.096553
10.757	-0.100842
10.758	-0.107125
10.759	-0.113759
10.76	-0.120003
10.761	-0.126333
10.762	-0.133723
10.763	-0.142795
10.764	-0.152777
10.765	-0.160929
10.766	-0.163787
10.767	-0.159523
10.768	-0.149274
10.769	-0.136504
10.77	-0.125058
10.771	-0.117426
10.772	-0.114312
10.773	-0.115119
10.774	-0.118393
10.775	-0.122172
10.776	-0.124547
10.777	-0.124445
10.778	-0.122237
10.779	-0.119532
10.78	-0.118156
10.781	-0.119362
10.782	-0.123957
10.783	-0.132336
10.784	-0.143419
10.785	-0.153843
10.786	-0.159301
10.787	-0.157246
10.788	-0.148439
10.789	-0.136178
10.79	-0.124165
10.791	-0.114801
10.792	-0.108764
10.793	-0.105401
10.794	-0.10345
10.795	-0.101809
10.796	-0.099849
10.797	-0.097204
10.798	-0.093721
10.799	-0.089694
10.8	-0.085813
10.801	-0.083008
10.802	-0.082598
10.803	-0.08603
10.804	-0.093847
10.805	-0.104928
10.806	-0.116761
10.807	-0.126205
10.808	-0.130451
10.809	-0.128323
10.81	-0.121078
10.811	-0.11167
10.812	-0.103045
10.813	-0.09688
10.814	-0.093415
10.815	-0.092029
10.816	-0.091874
10.817	-0.092335
10.818	-0.093215
10.819	-0.094298
10.82	-0.094869
10.821	-0.094469
10.822	-0.094233
10.823	-0.096676
10.824	-0.103552
10.825	-0.113733
10.826	-0.123266
10.827	-0.127683
10.828	-0.124546
10.829	-0.114447
10.83	-0.100545
10.831	-0.087418
10.832	-0.079168
10.833	-0.077247
10.834	-0.079684
10.835	-0.082585
10.836	-0.082995
10.837	-0.081211
10.838	-0.080756
10.839	-0.085737
10.84	-0.097126
10.841	-0.109691
10.842	-0.110765
10.843	-0.082689
10.844	-0.010361
10.845	0.1073
10.846	0.246758
10.847	0.36136
10.848	0.404228
10.849	0.359533
10.85	0.253466
10.851	0.135218
10.852	0.046599
10.853	0.003684
10.854	-0.001828
10.855	0.01034
10.856	0.022074
10.857	0.023802
10.858	0.014921
10.859	0.00023
10.86	-0.014634
10.861	-0.026344
10.862	-0.034723
10.863	-0.041993
10.864	-0.051255
10.865	-0.064445
10.866	-0.080619
10.867	-0.095755
10.868	-0.10453
10.869	-0.103311
10.87	-0.09252
10.871	-0.0765
10.872	-0.061024
10.873	-0.050345
10.874	-0.045455
10.875	-0.044344
10.876	-0.044111
10.877	-0.04326
10.878	-0.042244
10.879	-0.042352
10.88	-0.044535
10.881	-0.049021
10.882	-0.055701
10.883	-0.064724
10.884	-0.076244
10.885	-0.089265
10.886	-0.101283
10.887	-0.10926
10.888	-0.110656
10.889	-0.104208
10.89	-0.090907
10.891	-0.074325
10.892	-0.059126
10.893	-0.048649
10.894	-0.043509
10.895	-0.042159
10.896	-0.042649
10.897	-0.043862
10.898	-0.045357
10.899	-0.046741
10.9	-0.047636
10.901	-0.047865
10.902	-0.047474
10.903	-0.046865
10.904	-0.04704
10.905	-0.04947
10.906	-0.055244
10.907	-0.063618
10.908	-0.071346
10.909	-0.074286
10.91	-0.07026
10.911	-0.060327
10.912	-0.047642
10.913	-0.035668
10.914	-0.027057
10.915	-0.023
10.916	-0.022963
10.917	-0.024962
10.918	-0.026246
10.919	-0.024346
10.92	-0.018281
10.921	-0.009134
10.922	0.000367
10.923	0.006936
10.924	0.008106
10.925	0.003124
10.926	-0.007167
10.927	-0.020725
10.928	-0.034369
10.929	-0.044372
10.93	-0.047974
10.931	-0.044799
10.932	-0.037126
10.933	-0.028689
10.934	-0.022645
10.935	-0.020005
10.936	-0.019668
10.937	-0.019877
10.938	-0.019703
10.939	-0.019315
10.94	-0.019085
10.941	-0.018815
10.942	-0.018108
10.943	-0.017249
10.944	-0.017338
10.945	-0.019667
10.946	-0.024957
10.947	-0.032637
10.948	-0.040419
10.949	-0.044816
10.95	-0.042691
10.951	-0.033125
10.952	-0.018422
10.953	-0.003169
10.954	0.008145
10.955	0.01315
10.956	0.012148
10.957	0.007258
10.958	0.000877
10.959	-0.00568
10.96	-0.01259
10.961	-0.020813
10.962	-0.030244
10.963	-0.036843
10.964	-0.030334
10.965	0.004568
10.966	0.08168
10.967	0.202341
10.968	0.344251
10.969	0.461841
10.97	0.508142
10.971	0.465977
10.972	0.360315
10.973	0.24025
10.974	0.147998
10.975	0.099927
10.976	0.08829
10.977	0.094691
10.978	0.10281
10.979	0.104325
10.98	0.098421
10.981	0.088071
10.982	0.07636
10.983	0.064729
10.984	0.053174
10.985	0.041222
10.986	0.02863
10.987	0.015787
10.988	0.004139
10.989	-0.003621
10.99	-0.004411
10.991	0.003054
10.992	0.016394
10.993	0.030394
10.994	0.040266
10.995	0.044551
10.996	0.045245
10.997	0.045302
10.998	0.046069
10.999	0.046909
11.0	0.046578
11.001	0.044612
11.002	0.041781
11.003	0.039341
11.004	0.037452
11.005	0.034357
11.006	0.027403
11.007	0.015171
11.008	-0.000788
11.009	-0.015968
11.01	-0.025003
11.011	-0.02456
11.012	-0.014894
11.013	0.000711
11.014	0.017533
11.015	0.03105
11.016	0.038461
11.017	0.039555
11.018	0.036301
11.019	0.031376
11.02	0.026662
11.021	0.022859
11.022	0.020287
11.023	0.019322
11.024	0.019573
11.025	0.019108
11.026	0.015142
11.027	0.005984
11.028	-0.007071
11.029	-0.019585
11.03	-0.026253
11.031	-0.024019
11.032	-0.013516
11.033	0.001768
11.034	0.017434
11.035	0.030046
11.036	0.038006
11.037	0.040936
11.038	0.038391
11.039	0.029518
11.04	0.014261
11.041	-0.005332
11.042	-0.025572
11.043	-0.043256
11.044	-0.057366
11.045	-0.068965
11.046	-0.08017
11.047	-0.093214
11.048	-0.109215
11.049	-0.127069
11.05	-0.143771
11.051	-0.155976
11.052	-0.161475
11.053	-0.160123
11.054	-0.154148
11.055	-0.147322
11.056	-0.143031
11.057	-0.142511
11.058	-0.144652
11.059	-0.147414
11.06	-0.149422
11.061	-0.150281
11.062	-0.149937
11.063	-0.148317
11.064	-0.145557
11.065	-0.142563
11.066	-0.141465
11.067	-0.144898
11.068	-0.153945
11.069	-0.166681
11.07	-0.178769
11.071	-0.185286
11.072	-0.182722
11.073	-0.170887
11.074	-0.153653
11.075	-0.137317
11.076	-0.127289
11.077	-0.125294
11.078	-0.128949
11.079	-0.133889
11.08	-0.136816
11.081	-0.137435
11.082	-0.13847
11.083	-0.143583
11.084	-0.153257
11.085	-0.160653
11.086	-0.151053
11.087	-0.106473
11.088	-0.014287
11.089	0.122009
11.09	0.274676
11.091	0.396138
11.092	0.441788
11.093	0.398616
11.094	0.294627
11.095	0.179549
11.096	0.094475
11.097	0.054212
11.098	0.04959
11.099	0.061148
11.1	0.072265
11.101	0.075076
11.102	0.06937
11.103	0.058714
11.104	0.047477
11.105	0.038945
11.106	0.033615
11.107	0.028724
11.108	0.02032
11.109	0.006591
11.11	-0.010151
11.111	-0.024284
11.112	-0.030014
11.113	-0.024646
11.114	-0.010037
11.115	0.008332
11.116	0.024126
11.117	0.033358
11.118	0.035923
11.119	0.034471
11.12	0.031945
11.121	0.030041
11.122	0.029243
11.123	0.029364
11.124	0.029758
11.125	0.029293
11.126	0.026408
11.127	0.019523
11.128	0.007935
11.129	-0.007188
11.13	-0.022443
11.131	-0.033245
11.132	-0.036066
11.133	-0.030285
11.134	-0.018169
11.135	-0.00341
11.136	0.010418
11.137	0.020827
11.138	0.026901
11.139	0.029354
11.14	0.029957
11.141	0.030214
11.142	0.030165
11.143	0.028673
11.144	0.02517
11.145	0.020852
11.146	0.017487
11.147	0.014989
11.148	0.010878
11.149	0.002583
11.15	-0.009788
11.151	-0.022935
11.152	-0.032214
11.153	-0.03397
11.154	-0.027076
11.155	-0.013393
11.156	0.002969
11.157	0.017406
11.158	0.026711
11.159	0.030119
11.16	0.029202
11.161	0.026878
11.162	0.0261
11.163	0.028793
11.164	0.035167
11.165	0.043518
11.166	0.050696
11.167	0.053232
11.168	0.048922
11.169	0.037926
11.17	0.022535
11.171	0.006294
11.172	-0.006644
11.173	-0.012449
11.174	-0.009495
11.175	0.000115
11.176	0.0115
11.177	0.020197
11.178	0.024717
11.179	0.026369
11.18	0.027108
11.181	0.02773
11.182	0.027758
11.183	0.026506
11.184	0.024135
11.185	0.021803
11.186	0.020583
11.187	0.020162
11.188	0.018789
11.189	0.014518
11.19	0.006683
11.191	-0.003174
11.192	-0.011528
11.193	-0.014498
11.194	-0.009897
11.195	0.001764
11.196	0.017476
11.197	0.032746
11.198	0.043469
11.199	0.048059
11.2	0.048034
11.201	0.046184
11.202	0.043987
11.203	0.040512
11.204	0.033488
11.205	0.02165
11.206	0.007147
11.207	-0.002402
11.208	0.006878
11.209	0.051834
11.21	0.143166
11.211	0.273237
11.212	0.409065
11.213	0.501684
11.214	0.513443
11.215	0.443655
11.216	0.32851
11.217	0.215968
11.218	0.13896
11.219	0.104962
11.22	0.102035
11.221	0.111858
11.222	0.12039
11.223	0.121672
11.224	0.116074
11.225	0.106726
11.226	0.096506
11.227	0.086467
11.228	0.075737
11.229	0.062353
11.23	0.044713
11.231	0.023547
11.232	0.003085
11.233	-0.010321
11.234	-0.011796
11.235	-0.001241
11.236	0.016292
11.237	0.033691
11.238	0.045974
11.239	0.052258
11.24	0.054535
11.241	0.0552
11.242	0.055332
11.243	0.054335
11.244	0.051147
11.245	0.046142
11.246	0.041301
11.247	0.03811
11.248	0.035622
11.249	0.030743
11.25	0.020539
11.251	0.004805
11.252	-0.013078
11.253	-0.027531
11.254	-0.033399
11.255	-0.028348
11.256	-0.013908
11.257	0.005229
11.258	0.02333
11.259	0.036117
11.26	0.042288
11.261	0.043297
11.262	0.041608
11.263	0.038915
11.264	0.035948
11.265	0.033321
11.266	0.03158
11.267	0.030474
11.268	0.028664
11.269	0.024088
11.27	0.014857
11.271	0.000722
11.272	-0.015673
11.273	-0.029138
11.274	-0.034428
11.275	-0.029438
11.276	-0.01656
11.277	-0.001057
11.278	0.012067
11.279	0.020169
11.28	0.023271
11.281	0.023357
11.282	0.023131
11.283	0.024747
11.284	0.02927
11.285	0.036628
11.286	0.045457
11.287	0.053347
11.288	0.057729
11.289	0.056616
11.29	0.048776
11.291	0.033963
11.292	0.013759
11.293	-0.007651
11.294	-0.024315
11.295	-0.031149
11.296	-0.026583
11.297	-0.013416
11.298	0.002603
11.299	0.015805
11.3	0.023442
11.301	0.026112
11.302	0.02569
11.303	0.023369
11.304	0.019799
11.305	0.016252
11.306	0.014597
11.307	0.01576
11.308	0.018386
11.309	0.019197
11.31	0.014744
11.311	0.003344
11.312	-0.013596
11.313	-0.031319
11.314	-0.043129
11.315	-0.043439
11.316	-0.031031
11.317	-0.010292
11.318	0.010866
11.319	0.025405
11.32	0.030856
11.321	0.029618
11.322	0.026193
11.323	0.024063
11.324	0.023917
11.325	0.023334
11.326	0.018112
11.327	0.005724
11.328	-0.009996
11.329	-0.016323
11.33	0.005339
11.331	0.070924
11.332	0.182635
11.333	0.319563
11.334	0.438178
11.335	0.491475
11.336	0.458834
11.337	0.36047
11.338	0.242387
11.339	0.147092
11.34	0.093929
11.341	0.07819
11.342	0.082864
11.343	0.091534
11.344	0.094866
11.345	0.09068
11.346	0.081147
11.347	0.069679
11.348	0.058661
11.349	0.048395
11.35	0.037098
11.351	0.021962
11.352	0.001331
11.353	-0.022847
11.354	-0.0443
11.355	-0.054959
11.356	-0.049882
11.357	-0.030984
11.358	-0.006186
11.359	0.015436
11.36	0.028464
11.361	0.032543
11.362	0.030496
11.363	0.025456
11.364	0.019339
11.365	0.013299
11.366	0.008463
11.367	0.005459
11.368	0.003598
11.369	0.00085
11.37	-0.005458
11.371	-0.017502
11.372	-0.035429
11.373	-0.056106
11.374	-0.073488
11.375	-0.081357
11.376	-0.076905
11.377	-0.062291
11.378	-0.043156
11.379	-0.025626
11.38	-0.013785
11.381	-0.00836
11.382	-0.006947
11.383	-0.006238
11.384	-0.004832
11.385	-0.003941
11.386	-0.005675
11.387	-0.01095
11.388	-0.018616
11.389	-0.026497
11.39	-0.033668
11.391	-0.041557
11.392	-0.052192
11.393	-0.065212
11.394	-0.076827
11.395	-0.081813
11.396	-0.076836
11.397	-0.062571
11.398	-0.043434
11.399	-0.025414
11.4	-0.013201
11.401	-0.008163
11.402	-0.008447
11.403	-0.010978
11.404	-0.013182
11.405	-0.013023
11.406	-0.008899
11.407	-0.000556
11.408	0.010261
11.409	0.020214
11.41	0.025224
11.411	0.021831
11.412	0.008869
11.413	-0.011642
11.414	-0.034796
11.415	-0.05419
11.416	-0.064414
11.417	-0.063628
11.418	-0.054351
11.419	-0.041774
11.42	-0.030742
11.421	-0.023431
11.422	-0.019349
11.423	-0.017144
11.424	-0.016002
11.425	-0.015651
11.426	-0.015917
11.427	-0.016413
11.428	-0.016393
11.429	-0.015528
11.43	-0.015233
11.431	-0.018528
11.432	-0.027841
11.433	-0.042559
11.434	-0.058397
11.435	-0.069228
11.436	-0.070373
11.437	-0.061212
11.438	-0.045467
11.439	-0.029171
11.44	-0.017526
11.441	-0.012468
11.442	-0.012546
11.443	-0.014894
11.444	-0.017276
11.445	-0.019117
11.446	-0.021797
11.447	-0.02792
11.448	-0.038964
11.449	-0.051898
11.45	-0.056631
11.451	-0.036935
11.452	0.023141
11.453	0.128325
11.454	0.261384
11.455	0.381709
11.456	0.442448
11.457	0.419916
11.458	0.330191
11.459	0.216818
11.46	0.122485
11.461	0.068235
11.462	0.050792
11.463	0.05341
11.464	0.059337
11.465	0.059521
11.466	0.052952
11.467	0.042931
11.468	0.03311
11.469	0.025112
11.47	0.017809
11.471	0.007888
11.472	-0.008327
11.473	-0.032012
11.474	-0.059478
11.475	-0.082701
11.476	-0.093412
11.477	-0.088151
11.478	-0.070435
11.479	-0.048477
11.48	-0.030412
11.481	-0.020333
11.482	-0.017281
11.483	-0.017362
11.484	-0.017294
11.485	-0.016681
11.486	-0.017397
11.487	-0.021147
11.488	-0.027542
11.489	-0.034532
11.49	-0.040825
11.491	-0.047683
11.492	-0.057899
11.493	-0.072679
11.494	-0.089527
11.495	-0.103259
11.496	-0.108974
11.497	-0.104543
11.498	-0.091557
11.499	-0.074611
11.5	-0.059143
11.501	-0.048867
11.502	-0.044352
11.503	-0.043875
11.504	-0.045482
11.505	-0.047947
11.506	-0.050425
11.507	-0.05222
11.508	-0.052934
11.509	-0.05282
11.51	-0.053398
11.511	-0.05761
11.512	-0.068458
11.513	-0.086594
11.514	-0.108602
11.515	-0.127422
11.516	-0.135431
11.517	-0.128758
11.518	-0.10967
11.519	-0.085228
11.52	-0.063468
11.521	-0.049766
11.522	-0.045248
11.523	-0.047565
11.524	-0.052831
11.525	-0.05712
11.526	-0.057417
11.527	-0.05274
11.528	-0.044515
11.529	-0.035541
11.53	-0.029062
11.531	-0.028545
11.532	-0.036636
11.533	-0.053175
11.534	-0.074305
11.535	-0.093942
11.536	-0.106827
11.537	-0.110921
11.538	-0.107613
11.539	-0.100273
11.54	-0.092364
11.541	-0.085909
11.542	-0.081284
11.543	-0.078387
11.544	-0.077388
11.545	-0.078171
11.546	-0.08007
11.547	-0.082571
11.548	-0.085313
11.549	-0.08734
11.55	-0.087678
11.551	-0.08703
11.552	-0.08833
11.553	-0.095317
11.554	-0.109554
11.555	-0.127746
11.556	-0.14243
11.557	-0.146396
11.558	-0.137344
11.559	-0.119296
11.56	-0.099917
11.561	-0.085953
11.562	-0.080278
11.563	-0.081866
11.564	-0.08739
11.565	-0.093252
11.566	-0.097548
11.567	-0.101023
11.568	-0.106208
11.569	-0.114953
11.57	-0.125122
11.571	-0.128007
11.572	-0.109164
11.573	-0.054441
11.574	0.040222
11.575	0.159409
11.576	0.266729
11.577	0.319753
11.578	0.29677
11.579	0.212601
11.58	0.107248
11.581	0.019007
11.582	-0.033864
11.583	-0.053449
11.584	-0.052377
11.585	-0.044143
11.586	-0.037973
11.587	-0.038159
11.588	-0.045588
11.589	-0.058794
11.59	-0.07427
11.591	-0.088277
11.592	-0.100127
11.593	-0.113065
11.594	-0.130655
11.595	-0.151763
11.596	-0.169324
11.597	-0.175141
11.598	-0.166557
11.599	-0.148695
11.6	-0.1311
11.601	-0.121747
11.602	-0.12207
11.603	-0.126755
11.604	-0.128879
11.605	-0.12583
11.606	-0.120944
11.607	-0.120056
11.608	-0.126331
11.609	-0.137869
11.61	-0.149815
11.611	-0.158444
11.612	-0.163829
11.613	-0.169493
11.614	-0.178948
11.615	-0.191454
11.616	-0.201215
11.617	-0.201461
11.618	-0.189906
11.619	-0.17053
11.62	-0.150313
11.621	-0.134841
11.622	-0.126892
11.623	-0.127084
11.624	-0.133772
11.625	-0.142628
11.626	-0.148341
11.627	-0.148121
11.628	-0.143395
11.629	-0.137881
11.63	-0.134635
11.631	-0.135246
11.632	-0.1407
11.633	-0.151426
11.634	-0.166184
11.635	-0.18154
11.636	-0.192892
11.637	-0.196417
11.638	-0.190864
11.639	-0.17823
11.64	-0.162671
11.641	-0.148197
11.642	-0.136979
11.643	-0.129325
11.644	-0.1246
11.645	-0.121809
11.646	-0.119659
11.647	-0.116677
11.648	-0.111574
11.649	-0.103825
11.65	-0.094576
11.651	-0.087252
11.652	-0.08649
11.653	-0.095355
11.654	-0.113176
11.655	-0.135754
11.656	-0.157237
11.657	-0.172334
11.658	-0.178159
11.659	-0.174962
11.66	-0.165283
11.661	-0.152382
11.662	-0.139204
11.663	-0.12803
11.664	-0.120184
11.665	-0.115651
11.666	-0.113213
11.667	-0.111297
11.668	-0.108673
11.669	-0.104596
11.67	-0.099096
11.671	-0.093644
11.672	-0.091172
11.673	-0.0946
11.674	-0.104461
11.675	-0.117348
11.676	-0.126893
11.677	-0.127364
11.678	-0.117252
11.679	-0.099918
11.68	-0.08119
11.681	-0.066127
11.682	-0.056947
11.683	-0.052724
11.684	-0.050665
11.685	-0.048181
11.686	-0.044684
11.687	-0.04205
11.688	-0.043044
11.689	-0.048413
11.69	-0.054355
11.691	-0.051605
11.692	-0.027112
11.693	0.030566
11.694	0.12215
11.695	0.229101
11.696	0.31577
11.697	0.347862
11.698	0.31533
11.699	0.238981
11.7	0.154896
11.701	0.091979
11.702	0.060688
11.703	0.055814
11.704	0.064946
11.705	0.075828
11.706	0.080626
11.707	0.077269
11.708	0.068469
11.709	0.058991
11.71	0.052181
11.711	0.047773
11.712	0.04253
11.713	0.033063
11.714	0.018629
11.715	0.001966
11.716	-0.012191
11.717	-0.019601
11.718	-0.018385
11.719	-0.009583
11.72	0.003424
11.721	0.016358
11.722	0.025822
11.723	0.030394
11.724	0.030609
11.725	0.028566
11.726	0.027137
11.727	0.028357
11.728	0.03221
11.729	0.036957
11.73	0.040299
11.731	0.040177
11.732	0.034992
11.733	0.023945
11.734	0.00813
11.735	-0.008708
11.736	-0.021452
11.737	-0.026365
11.738	-0.022884
11.739	-0.013258
11.74	-0.001044
11.741	0.010496
11.742	0.019746
11.743	0.02705
11.744	0.033409
11.745	0.038828
11.746	0.042197
11.747	0.042581
11.748	0.040339
11.749	0.036952
11.75	0.033726
11.751	0.030693
11.752	0.02689
11.753	0.021568
11.754	0.014766
11.755	0.006884
11.756	-0.001627
11.757	-0.009717
11.758	-0.015253
11.759	-0.015837
11.76	-0.010583
11.761	-0.000861
11.762	0.01071
11.763	0.021607
11.764	0.030042
11.765	0.035219
11.766	0.037515
11.767	0.038366
11.768	0.039663
11.769	0.042822
11.77	0.048064
11.771	0.054213
11.772	0.059081
11.773	0.060428
11.774	0.056992
11.775	0.04899
11.776	0.03799
11.777	0.026327
11.778	0.016285
11.779	0.009496
11.78	0.006903
11.781	0.008825
11.782	0.014408
11.783	0.021278
11.784	0.026801
11.785	0.030149
11.786	0.032663
11.787	0.035956
11.788	0.040102
11.789	0.043766
11.79	0.045586
11.791	0.045161
11.792	0.043115
11.793	0.040557
11.794	0.038129
11.795	0.035211
11.796	0.030357
11.797	0.022939
11.798	0.014502
11.799	0.008429
11.8	0.008097
11.801	0.014863
11.802	0.027146
11.803	0.04126
11.804	0.053447
11.805	0.06155
11.806	0.065346
11.807	0.065801
11.808	0.06401
11.809	0.060449
11.81	0.054654
11.811	0.045367
11.812	0.032067
11.813	0.018399
11.814	0.015353
11.815	0.040074
11.816	0.108146
11.817	0.22165
11.818	0.359057
11.819	0.476432
11.82	0.527634
11.821	0.493681
11.822	0.395617
11.823	0.278888
11.824	0.184875
11.825	0.132371
11.826	0.117288
11.827	0.123593
11.828	0.134779
11.829	0.140304
11.83	0.136892
11.831	0.126531
11.832	0.113072
11.833	0.09933
11.834	0.086171
11.835	0.073555
11.836	0.0618
11.837	0.051658
11.838	0.043834
11.839	0.039131
11.84	0.038748
11.841	0.043567
11.842	0.052937
11.843	0.064408
11.844	0.074693
11.845	0.081229
11.846	0.083329
11.847	0.08199
11.848	0.078909
11.849	0.075691
11.85	0.073249
11.851	0.071486
11.852	0.06974
11.853	0.067548
11.854	0.064715
11.855	0.060743
11.856	0.054548
11.857	0.045208
11.858	0.033384
11.859	0.021978
11.86	0.014798
11.861	0.014275
11.862	0.020454
11.863	0.031472
11.864	0.044135
11.865	0.054702
11.866	0.060308
11.867	0.060222
11.868	0.056069
11.869	0.050829
11.87	0.047009
11.871	0.045276
11.872	0.044601
11.873	0.04339
11.874	0.040494
11.875	0.035705
11.876	0.029683
11.877	0.02339
11.878	0.017562
11.879	0.012806
11.88	0.010018
11.881	0.010364
11.882	0.014607
11.883	0.022165
11.884	0.030872
11.885	0.038229
11.886	0.043049
11.887	0.045627
11.888	0.04677
11.889	0.047205
11.89	0.047705
11.891	0.049218
11.892	0.05245
11.893	0.057163
11.894	0.062147
11.895	0.065988
11.896	0.067574
11.897	0.066015
11.898	0.060751
11.899	0.05199
11.9	0.041089
11.901	0.030744
11.902	0.024409
11.903	0.024454
11.904	0.030526
11.905	0.039849
11.906	0.048891
11.907	0.054882
11.908	0.056731
11.909	0.0551
11.91	0.051586
11.911	0.04786
11.912	0.045439
11.913	0.045502
11.914	0.048181
11.915	0.052071
11.916	0.054659
11.917	0.053513
11.918	0.047539
11.919	0.037677
11.92	0.026768
11.921	0.01872
11.922	0.016873
11.923	0.022024
11.924	0.031877
11.925	0.042663
11.926	0.051261
11.927	0.056298
11.928	0.058179
11.929	0.058295
11.93	0.057823
11.931	0.05677
11.932	0.053661
11.933	0.046097
11.934	0.032659
11.935	0.016059
11.936	0.005893
11.937	0.018252
11.938	0.070304
11.939	0.170561
11.94	0.30759
11.941	0.444272
11.942	0.529525
11.943	0.527902
11.944	0.444361
11.945	0.320986
11.946	0.208847
11.947	0.139259
11.948	0.114435
11.949	0.117369
11.95	0.127727
11.951	0.132461
11.952	0.127872
11.953	0.116329
11.954	0.102281
11.955	0.089475
11.956	0.079316
11.957	0.070515
11.958	0.06032
11.959	0.04675
11.96	0.030501
11.961	0.015363
11.962	0.006622
11.963	0.00801
11.964	0.019204
11.965	0.03584
11.966	0.051937
11.967	0.062871
11.968	0.067177
11.969	0.066443
11.97	0.063591
11.971	0.06085
11.972	0.058887
11.973	0.057468
11.974	0.056498
11.975	0.056024
11.976	0.055481
11.977	0.053514
11.978	0.04854
11.979	0.03965
11.98	0.027625
11.981	0.015314
11.982	0.006545
11.983	0.004083
11.984	0.008161
11.985	0.016806
11.986	0.027386
11.987	0.037601
11.988	0.045577
11.989	0.050157
11.99	0.051526
11.991	0.050901
11.992	0.049144
11.993	0.046034
11.994	0.041246
11.995	0.035615
11.996	0.030896
11.997	0.028095
11.998	0.026145
11.999	0.022538
12.0	0.015509
12.001	0.005808
12.002	-0.003366
12.003	-0.008085
12.004	-0.005941
12.005	0.002704
12.006	0.015145
12.007	0.027669
12.008	0.037009
12.009	0.041666
12.01	0.042347
12.011	0.040991
12.012	0.039461
12.013	0.039197
12.014	0.041318
12.015	0.046113
12.016	0.052266
12.017	0.056929
12.018	0.057056
12.019	0.051023
12.02	0.039218
12.021	0.023614
12.022	0.007364
12.023	-0.005714
12.024	-0.012494
12.025	-0.012132
12.026	-0.006618
12.027	0.000309
12.028	0.005376
12.029	0.007641
12.03	0.008349
12.031	0.009017
12.032	0.01
12.033	0.010676
12.034	0.010424
12.035	0.009409
12.036	0.008621
12.037	0.008882
12.038	0.009498
12.039	0.008005
12.04	0.001836
12.041	-0.009294
12.042	-0.022512
12.043	-0.033195
12.044	-0.037391
12.045	-0.033618
12.046	-0.023365
12.047	-0.010536
12.048	0.000215
12.049	0.005899
12.05	0.006577
12.051	0.004564
12.052	0.002388
12.053	0.000944
12.054	-0.001179
12.055	-0.006733
12.056	-0.017672
12.057	-0.032347
12.058	-0.042631
12.059	-0.033378
12.06	0.013075
12.061	0.107248
12.062	0.240356
12.063	0.37727
12.064	0.467166
12.065	0.472925
12.066	0.396733
12.067	0.277678
12.068	0.164688
12.069	0.08949
12.07	0.057319
12.071	0.05458
12.072	0.062846
12.073	0.069057
12.074	0.068126
12.075	0.060468
12.076	0.048619
12.077	0.035227
12.078	0.022196
12.079	0.010039
12.08	-0.002361
12.081	-0.016604
12.082	-0.032683
12.083	-0.047936
12.084	-0.058076
12.085	-0.059445
12.086	-0.051228
12.087	-0.03634
12.088	-0.020142
12.089	-0.007666
12.09	-0.001264
12.091	-0.000148
12.092	-0.002107
12.093	-0.005788
12.094	-0.011122
12.095	-0.017792
12.096	-0.024224
12.097	-0.028609
12.098	-0.03076
12.099	-0.032797
12.1	-0.037931
12.101	-0.048134
12.102	-0.062568
12.103	-0.078007
12.104	-0.090339
12.105	-0.095788
12.106	-0.091981
12.107	-0.079249
12.108	-0.06129
12.109	-0.043854
12.11	-0.031647
12.111	-0.025803
12.112	-0.02429
12.113	-0.024442
12.114	-0.024881
12.115	-0.025735
12.116	-0.027801
12.117	-0.031593
12.118	-0.037013
12.119	-0.043896
12.12	-0.05262
12.121	-0.063663
12.122	-0.076394
12.123	-0.088508
12.124	-0.096705
12.125	-0.09818
12.126	-0.09217
12.127	-0.080576
12.128	-0.066985
12.129	-0.054721
12.13	-0.045426
12.131	-0.039125
12.132	-0.035156
12.133	-0.032693
12.134	-0.030728
12.135	-0.028262
12.136	-0.024728
12.137	-0.020231
12.138	-0.01562
12.139	-0.012294
12.14	-0.011682
12.141	-0.014904
12.142	-0.022817
12.143	-0.035702
12.144	-0.052288
12.145	-0.069035
12.146	-0.080962
12.147	-0.084279
12.148	-0.078928
12.149	-0.06842
12.15	-0.057095
12.151	-0.047795
12.152	-0.041733
12.153	-0.039351
12.154	-0.04059
12.155	-0.044475
12.156	-0.048943
12.157	-0.051725
12.158	-0.051815
12.159	-0.050199
12.16	-0.049312
12.161	-0.051813
12.162	-0.05933
12.163	-0.071282
12.164	-0.084344
12.165	-0.093541
12.166	-0.094764
12.167	-0.087122
12.168	-0.073387
12.169	-0.058289
12.17	-0.046195
12.171	-0.039578
12.172	-0.038221
12.173	-0.039367
12.174	-0.039679
12.175	-0.03811
12.176	-0.037103
12.177	-0.041043
12.178	-0.052987
12.179	-0.070963
12.18	-0.08539
12.181	-0.07977
12.182	-0.035884
12.183	0.056839
12.184	0.18976
12.185	0.328195
12.186	0.421215
12.187	0.430268
12.188	0.355826
12.189	0.236741
12.19	0.123202
12.191	0.048147
12.192	0.017054
12.193	0.01585
12.194	0.025225
12.195	0.031332
12.196	0.029219
12.197	0.020567
12.198	0.009563
12.199	-0.000317
12.2	-0.008021
12.201	-0.015273
12.202	-0.025472
12.203	-0.04134
12.204	-0.062424
12.205	-0.083957
12.206	-0.098504
12.207	-0.100212
12.208	-0.088621
12.209	-0.068868
12.21	-0.048536
12.211	-0.033711
12.212	-0.02663
12.213	-0.025995
12.214	-0.029082
12.215	-0.033548
12.216	-0.038148
12.217	-0.04271
12.218	-0.047453
12.219	-0.052244
12.22	-0.056927
12.221	-0.062285
12.222	-0.069803
12.223	-0.080143
12.224	-0.09216
12.225	-0.103344
12.226	-0.110919
12.227	-0.11283
12.228	-0.108337
12.229	-0.098303
12.23	-0.085195
12.231	-0.072249
12.232	-0.061842
12.233	-0.054512
12.234	-0.049537
12.235	-0.046329
12.236	-0.045318
12.237	-0.047381
12.238	-0.052387
12.239	-0.05878
12.24	-0.0649
12.241	-0.070429
12.242	-0.076453
12.243	-0.08452
12.244	-0.09551
12.245	-0.108418
12.246	-0.119822
12.247	-0.125218
12.248	-0.12162
12.249	-0.1094
12.25	-0.092165
12.251	-0.074995
12.252	-0.062216
12.253	-0.055886
12.254	-0.055425
12.255	-0.058288
12.256	-0.061163
12.257	-0.061106
12.258	-0.056585
12.259	-0.048359
12.26	-0.039231
12.261	-0.032477
12.262	-0.030461
12.263	-0.034478
12.264	-0.04479
12.265	-0.059971
12.266	-0.07655
12.267	-0.090024
12.268	-0.096815
12.269	-0.09596
12.27	-0.089475
12.271	-0.081003
12.272	-0.073539
12.273	-0.068049
12.274	-0.064059
12.275	-0.061287
12.276	-0.060367
12.277	-0.061964
12.278	-0.065589
12.279	-0.06968
12.28	-0.072651
12.281	-0.073649
12.282	-0.072968
12.283	-0.072354
12.284	-0.074447
12.285	-0.080991
12.286	-0.091045
12.287	-0.100742
12.288	-0.105138
12.289	-0.101117
12.29	-0.089355
12.291	-0.074064
12.292	-0.060833
12.293	-0.053852
12.294	-0.053876
12.295	-0.058166
12.296	-0.062668
12.297	-0.065096
12.298	-0.066672
12.299	-0.071131
12.3	-0.081333
12.301	-0.095343
12.302	-0.104222
12.303	-0.092943
12.304	-0.045128
12.305	0.04833
12.306	0.178375
12.307	0.311064
12.308	0.397288
12.309	0.401366
12.31	0.326357
12.311	0.211292
12.312	0.103979
12.313	0.034199
12.314	0.005237
12.315	0.002953
12.316	0.010057
12.317	0.014938
12.318	0.013059
12.319	0.004718
12.32	-0.00735
12.321	-0.019994
12.322	-0.031509
12.323	-0.042445
12.324	-0.054824
12.325	-0.070309
12.326	-0.088318
12.327	-0.105404
12.328	-0.116643
12.329	-0.118232
12.33	-0.109774
12.331	-0.094833
12.332	-0.079067
12.333	-0.067019
12.334	-0.060031
12.335	-0.056847
12.336	-0.055862
12.337	-0.056694
12.338	-0.059843
12.339	-0.065255
12.34	-0.071661
12.341	-0.077489
12.342	-0.082117
12.343	-0.086271
12.344	-0.091848
12.345	-0.101009
12.346	-0.114261
12.347	-0.129038
12.348	-0.140419
12.349	-0.143585
12.35	-0.136433
12.351	-0.120881
12.352	-0.102053
12.353	-0.085747
12.354	-0.075733
12.355	-0.072339
12.356	-0.072987
12.357	-0.074374
12.358	-0.074664
12.359	-0.074009
12.36	-0.073499
12.361	-0.07407
12.362	-0.076299
12.363	-0.080951
12.364	-0.089362
12.365	-0.10241
12.366	-0.118523
12.367	-0.133367
12.368	-0.142052
12.369	-0.141671
12.37	-0.13232
12.371	-0.116796
12.372	-0.099482
12.373	-0.084675
12.374	-0.074981
12.375	-0.070684
12.376	-0.070308
12.377	-0.071652
12.378	-0.072449
12.379	-0.070818
12.38	-0.066119
12.381	-0.05953
12.382	-0.053286
12.383	-0.049339
12.384	-0.049027
12.385	-0.053733
12.386	-0.064898
12.387	-0.082444
12.388	-0.102897
12.389	-0.119686
12.39	-0.126562
12.391	-0.12181
12.392	-0.109331
12.393	-0.095591
12.394	-0.08548
12.395	-0.080334
12.396	-0.078854
12.397	-0.079332
12.398	-0.080964
12.399	-0.083416
12.4	-0.085931
12.401	-0.08736
12.402	-0.087141
12.403	-0.086278
12.404	-0.087305
12.405	-0.092799
12.406	-0.103404
12.407	-0.116879
12.408	-0.128679
12.409	-0.133776
12.41	-0.129028
12.411	-0.11488
12.412	-0.095466
12.413	-0.077009
12.414	-0.065015
12.415	-0.061546
12.416	-0.064392
12.417	-0.069041
12.418	-0.072126
12.419	-0.073701
12.42	-0.076739
12.421	-0.084393
12.422	-0.096812
12.423	-0.108792
12.424	-0.108778
12.425	-0.080728
12.426	-0.01055
12.427	0.103541
12.428	0.240775
12.429	0.357464
12.43	0.40678
12.431	0.36963
12.432	0.268577
12.433	0.15126
12.434	0.059846
12.435	0.011314
12.436	-0.001796
12.437	0.001982
12.438	0.006307
12.439	0.003357
12.44	-0.006805
12.441	-0.020223
12.442	-0.032791
12.443	-0.042399
12.444	-0.049669
12.445	-0.05754
12.446	-0.069561
12.447	-0.087212
12.448	-0.107842
12.449	-0.125181
12.45	-0.132612
12.451	-0.127106
12.452	-0.111151
12.453	-0.091432
12.454	-0.075034
12.455	-0.065737
12.456	-0.062982
12.457	-0.063736
12.458	-0.06526
12.459	-0.066621
12.46	-0.06821
12.461	-0.07033
12.462	-0.072678
12.463	-0.075257
12.464	-0.079378
12.465	-0.087158
12.466	-0.099675
12.467	-0.115764
12.468	-0.132446
12.469	-0.145934
12.47	-0.152466
12.471	-0.149569
12.472	-0.13783
12.473	-0.121351
12.474	-0.105667
12.475	-0.094683
12.476	-0.08911
12.477	-0.087243
12.478	-0.087006
12.479	-0.087433
12.48	-0.088576
12.481	-0.090591
12.482	-0.093172
12.483	-0.095606
12.484	-0.097463
12.485	-0.099644
12.486	-0.104565
12.487	-0.114589
12.488	-0.129545
12.489	-0.145346
12.49	-0.155357
12.491	-0.154296
12.492	-0.141745
12.493	-0.122226
12.494	-0.102237
12.495	-0.087223
12.496	-0.079967
12.497	-0.080063
12.498	-0.084451
12.499	-0.089076
12.5	-0.090798
12.501	-0.088445
12.502	-0.082691
12.503	-0.075372
12.504	-0.069027
12.505	-0.066584
12.506	-0.070715
12.507	-0.08279
12.508	-0.101725
12.509	-0.1233
12.51	-0.141154
12.511	-0.149806
12.512	-0.147701
12.513	-0.137805
12.514	-0.125575
12.515	-0.115764
12.516	-0.110048
12.517	-0.107022
12.518	-0.104395
12.519	-0.101224
12.52	-0.098216
12.521	-0.096303
12.522	-0.095391
12.523	-0.094523
12.524	-0.093073
12.525	-0.091924
12.526	-0.093571
12.527	-0.100732
12.528	-0.11399
12.529	-0.130047
12.53	-0.142626
12.531	-0.145992
12.532	-0.138174
12.533	-0.121608
12.534	-0.101767
12.535	-0.084862
12.536	-0.075166
12.537	-0.073236
12.538	-0.076258
12.539	-0.080428
12.54	-0.083833
12.541	-0.087639
12.542	-0.094559
12.543	-0.105875
12.544	-0.11871
12.545	-0.124307
12.546	-0.108479
12.547	-0.056082
12.548	0.040274
12.549	0.169382
12.55	0.29562
12.551	0.370795
12.552	0.363658
12.553	0.282285
12.554	0.167369
12.555	0.064385
12.556	-0.000655
12.557	-0.026876
12.558	-0.028734
12.559	-0.022733
12.56	-0.019452
12.561	-0.022344
12.562	-0.030064
12.563	-0.039382
12.564	-0.047789
12.565	-0.055089
12.566	-0.063285
12.567	-0.075131
12.568	-0.09209
12.569	-0.112671
12.57	-0.132168
12.571	-0.144265
12.572	-0.14427
12.573	-0.132377
12.574	-0.114145
12.575	-0.097184
12.576	-0.086679
12.577	-0.083222
12.578	-0.083985
12.579	-0.085624
12.58	-0.086516
12.581	-0.08695
12.582	-0.08772
12.583	-0.088919
12.584	-0.090054
12.585	-0.091127
12.586	-0.093594
12.587	-0.100148
12.588	-0.11294
12.589	-0.131304
12.59	-0.150785
12.591	-0.164552
12.592	-0.166902
12.593	-0.156744
12.594	-0.138365
12.595	-0.11896
12.596	-0.104963
12.597	-0.099364
12.598	-0.101061
12.599	-0.106433
12.6	-0.111995
12.601	-0.115976
12.602	-0.117922
12.603	-0.117755
12.604	-0.115691
12.605	-0.112957
12.606	-0.112313
12.607	-0.117368
12.608	-0.130426
12.609	-0.150085
12.61	-0.170583
12.611	-0.184057
12.612	-0.184875
12.613	-0.172956
12.614	-0.153413
12.615	-0.133302
12.616	-0.118144
12.617	-0.109997
12.618	-0.107601
12.619	-0.108003
12.62	-0.108184
12.621	-0.105859
12.622	-0.100112
12.623	-0.092097
12.624	-0.084602
12.625	-0.080238
12.626	-0.080119
12.627	-0.084477
12.628	-0.093925
12.629	-0.10893
12.63	-0.127597
12.631	-0.144767
12.632	-0.15436
12.633	-0.153194
12.634	-0.142988
12.635	-0.129163
12.636	-0.117516
12.637	-0.111171
12.638	-0.109836
12.639	-0.111191
12.64	-0.112715
12.641	-0.112828
12.642	-0.111168
12.643	-0.108031
12.644	-0.10373
12.645	-0.098954
12.646	-0.095785
12.647	-0.097648
12.648	-0.107397
12.649	-0.124619
12.65	-0.144461
12.651	-0.159473
12.652	-0.163442
12.653	-0.154504
12.654	-0.135924
12.655	-0.114605
12.656	-0.097949
12.657	-0.090357
12.658	-0.091454
12.659	-0.097228
12.66	-0.103052
12.661	-0.106505
12.662	-0.108553
12.663	-0.112514
12.664	-0.121212
12.665	-0.133406
12.666	-0.140873
12.667	-0.128543
12.668	-0.07954
12.669	0.015673
12.67	0.148333
12.671	0.284552
12.672	0.374722
12.673	0.382023
12.674	0.308132
12.675	0.191441
12.676	0.080616
12.677	0.007246
12.678	-0.023932
12.679	-0.02686
12.68	-0.019823
12.681	-0.015649
12.682	-0.019133
12.683	-0.028868
12.684	-0.040599
12.685	-0.050698
12.686	-0.058415
12.687	-0.066092
12.688	-0.07748
12.689	-0.094771
12.69	-0.115958
12.691	-0.134804
12.692	-0.144038
12.693	-0.139801
12.694	-0.124225
12.695	-0.104252
12.696	-0.087766
12.697	-0.079748
12.698	-0.080387
12.699	-0.085844
12.7	-0.091383
12.701	-0.094784
12.702	-0.097059
12.703	-0.100087
12.704	-0.104212
12.705	-0.108282
12.706	-0.111682
12.707	-0.116217
12.708	-0.125621
12.709	-0.1424
12.71	-0.164751
12.711	-0.186378
12.712	-0.199477
12.713	-0.199235
12.714	-0.187022
12.715	-0.169433
12.716	-0.15362
12.717	-0.142998
12.718	-0.136858
12.719	-0.132982
12.72	-0.130128
12.721	-0.128856
12.722	-0.130461
12.723	-0.135077
12.724	-0.141314
12.725	-0.147474
12.726	-0.152474
12.727	-0.156424
12.728	-0.161292
12.729	-0.170169
12.73	-0.184314
12.731	-0.200494
12.732	-0.212195
12.733	-0.214378
12.734	-0.206896
12.735	-0.193481
12.736	-0.178587
12.737	-0.165468
12.738	-0.155933
12.739	-0.150701
12.74	-0.149508
12.741	-0.15058
12.742	-0.150569
12.743	-0.146554
12.744	-0.138383
12.745	-0.128262
12.746	-0.118881
12.747	-0.113242
12.748	-0.115136
12.749	-0.127651
12.75	-0.150722
12.751	-0.17998
12.752	-0.207396
12.753	-0.224276
12.754	-0.225977
12.755	-0.214735
12.756	-0.197867
12.757	-0.183121
12.758	-0.17493
12.759	-0.173482
12.76	-0.176318
12.761	-0.180338
12.762	-0.182436
12.763	-0.180124
12.764	-0.173393
12.765	-0.165413
12.766	-0.160791
12.767	-0.163702
12.768	-0.176836
12.769	-0.199653
12.77	-0.226599
12.771	-0.248226
12.772	-0.256362
12.773	-0.249581
12.774	-0.233628
12.775	-0.217147
12.776	-0.20698
12.777	-0.205176
12.778	-0.208675
12.779	-0.211959
12.78	-0.210725
12.781	-0.204309
12.782	-0.196406
12.783	-0.193812
12.784	-0.202251
12.785	-0.220567
12.786	-0.237914
12.787	-0.23719
12.788	-0.202766
12.789	-0.128405
12.79	-0.02354
12.791	0.084337
12.792	0.157699
12.793	0.169076
12.794	0.119042
12.795	0.034838
12.796	-0.048532
12.797	-0.107395
12.798	-0.136438
12.799	-0.144049
12.8	-0.142686
12.801	-0.141208
12.802	-0.142698
12.803	-0.146289
12.804	-0.149679
12.805	-0.151276
12.806	-0.151925
12.807	-0.155065
12.808	-0.164675
12.809	-0.182299
12.81	-0.205178
12.811	-0.22675
12.812	-0.239439
12.813	-0.238439
12.814	-0.22441
12.815	-0.203382
12.816	-0.183674
12.817	-0.171529
12.818	-0.168305
12.819	-0.171007
12.82	-0.175212
12.821	-0.178004
12.822	-0.179114
12.823	-0.179839
12.824	-0.181234
12.825	-0.183421
12.826	-0.186225
12.827	-0.190231
12.828	-0.19714
12.829	-0.208515
12.83	-0.223694
12.831	-0.238941
12.832	-0.249043
12.833	-0.250313
12.834	-0.242716
12.835	-0.229583
12.836	-0.215378
12.837	-0.203403
12.838	-0.194834
12.839	-0.189188
12.84	-0.185392
12.841	-0.182731
12.842	-0.18126
12.843	-0.181444
12.844	-0.183455
12.845	-0.18678
12.846	-0.190453
12.847	-0.194094
12.848	-0.19886
12.849	-0.206651
12.85	-0.217909
12.851	-0.230201
12.852	-0.238916
12.853	-0.239624
12.854	-0.230745
12.855	-0.214855
12.856	-0.197555
12.857	-0.184449
12.858	-0.178219
12.859	-0.177781
12.86	-0.179922
12.861	-0.181664
12.862	-0.181182
12.863	-0.177246
12.864	-0.168971
12.865	-0.156606
12.866	-0.142325
12.867	-0.130112
12.868	-0.124476
12.869	-0.128224
12.87	-0.140747
12.871	-0.158149
12.872	-0.174849
12.873	-0.185744
12.874	-0.188293
12.875	-0.183376
12.876	-0.174211
12.877	-0.164222
12.878	-0.155341
12.879	-0.147785
12.88	-0.141123
12.881	-0.135263
12.882	-0.130596
12.883	-0.127674
12.884	-0.126777
12.885	-0.127409
12.886	-0.128194
12.887	-0.127982
12.888	-0.127426
12.889	-0.128863
12.89	-0.134082
12.891	-0.142033
12.892	-0.148594
12.893	-0.148907
12.894	-0.140658
12.895	-0.125616
12.896	-0.108322
12.897	-0.093355
12.898	-0.083177
12.899	-0.077702
12.9	-0.075471
12.901	-0.075077
12.902	-0.075729
12.903	-0.077328
12.904	-0.080754
12.905	-0.08754
12.906	-0.097623
12.907	-0.105817
12.908	-0.099905
12.909	-0.063673
12.91	0.013993
12.911	0.127493
12.912	0.248473
12.913	0.334368
12.914	0.351867
12.915	0.298678
12.916	0.203792
12.917	0.10707
12.918	0.037075
12.919	0.001845
12.92	-0.006809
12.921	-0.003021
12.922	0.001764
12.923	0.002258
12.924	-0.001602
12.925	-0.00744
12.926	-0.013123
12.927	-0.018303
12.928	-0.024298
12.929	-0.032828
12.93	-0.044656
12.931	-0.058506
12.932	-0.070884
12.933	-0.077691
12.934	-0.0767
12.935	-0.068779
12.936	-0.05705
12.937	-0.045049
12.938	-0.035295
12.939	-0.028704
12.94	-0.024656
12.941	-0.021799
12.942	-0.01945
12.943	-0.018393
12.944	-0.019937
12.945	-0.024107
12.946	-0.029035
12.947	-0.032518
12.948	-0.034313
12.949	-0.036706
12.95	-0.042488
12.951	-0.052061
12.952	-0.062553
12.953	-0.069823
12.954	-0.071178
12.955	-0.066489
12.956	-0.057591
12.957	-0.047004
12.958	-0.036838
12.959	-0.028205
12.96	-0.021305
12.961	-0.016095
12.962	-0.012706
12.963	-0.011011
12.964	-0.010107
12.965	-0.008959
12.966	-0.007749
12.967	-0.008228
12.968	-0.012465
12.969	-0.02109
12.97	-0.032557
12.971	-0.04379
12.972	-0.05156
12.973	-0.053793
12.974	-0.050297
12.975	-0.042774
12.976	-0.034093
12.977	-0.026816
12.978	-0.021805
12.979	-0.018096
12.98	-0.014096
12.981	-0.009066
12.982	-0.003779
12.983	0.000163
12.984	0.001621
12.985	0.000806
12.986	-0.000647
12.987	-0.000757
12.988	0.001114
12.989	0.003785
12.99	0.00567
12.991	0.006332
12.992	0.006372
12.993	0.00604
12.994	0.004387
12.995	3.8e-05
12.996	-0.006962
12.997	-0.014226
12.998	-0.018515
12.999	-0.018317
13.0	-0.014724
13.001	-0.009968
13.002	-0.005539
13.003	-0.00163
13.004	0.002135
13.005	0.005811
13.006	0.008865
13.007	0.010388
13.008	0.009522
13.009	0.006178
13.01	0.001381
13.011	-0.003415
13.012	-0.007181
13.013	-0.009359
13.014	-0.009772
13.015	-0.008771
13.016	-0.006878
13.017	-0.004016
13.018	0.000626
13.019	0.007735
13.02	0.016791
13.021	0.025799
13.022	0.032444
13.023	0.03591
13.024	0.0374
13.025	0.038603
13.026	0.039661
13.027	0.038424
13.028	0.031596
13.029	0.017324
13.03	-0.002012
13.031	-0.017834
13.032	-0.015166
13.033	0.023877
13.034	0.111553
13.035	0.243
13.036	0.388425
13.037	0.499245
13.038	0.532539
13.039	0.478949
13.04	0.368977
13.041	0.251467
13.042	0.164427
13.043	0.120276
13.044	0.109671
13.045	0.114575
13.046	0.120141
13.047	0.119734
13.048	0.113496
13.049	0.104502
13.05	0.095691
13.051	0.088533
13.052	0.083028
13.053	0.077967
13.054	0.071438
13.055	0.062481
13.056	0.052856
13.057	0.046519
13.058	0.046819
13.059	0.053906
13.06	0.064533
13.061	0.074489
13.062	0.081565
13.063	0.086188
13.064	0.089616
13.065	0.09231
13.066	0.09382
13.067	0.093312
13.068	0.090179
13.069	0.084701
13.07	0.078135
13.071	0.071994
13.072	0.06729
13.073	0.064192
13.074	0.062019
13.075	0.059562
13.076	0.055854
13.077	0.051144
13.078	0.047273
13.079	0.046855
13.08	0.051547
13.081	0.060815
13.082	0.072455
13.083	0.084055
13.084	0.093775
13.085	0.100405
13.086	0.103412
13.087	0.102976
13.088	0.099875
13.089	0.095232
13.09	0.090144
13.091	0.085528
13.092	0.082026
13.093	0.079519
13.094	0.076951
13.095	0.073299
13.096	0.068858
13.097	0.06555
13.098	0.06577
13.099	0.070652
13.1	0.079391
13.101	0.09018
13.102	0.101323
13.103	0.111262
13.104	0.118338
13.105	0.121571
13.106	0.121793
13.107	0.121324
13.108	0.122221
13.109	0.12514
13.11	0.129754
13.111	0.135619
13.112	0.142317
13.113	0.149035
13.114	0.154504
13.115	0.157497
13.116	0.157363
13.117	0.154221
13.118	0.148837
13.119	0.142393
13.12	0.136456
13.121	0.132923
13.122	0.133343
13.123	0.137982
13.124	0.145782
13.125	0.155028
13.126	0.163736
13.127	0.169862
13.128	0.172021
13.129	0.170385
13.13	0.166714
13.131	0.163246
13.132	0.161478
13.133	0.161747
13.134	0.163424
13.135	0.165245
13.136	0.165859
13.137	0.164519
13.138	0.161588
13.139	0.158652
13.14	0.158246
13.141	0.162924
13.142	0.173422
13.143	0.187123
13.144	0.198975
13.145	0.204911
13.146	0.204816
13.147	0.202135
13.148	0.200717
13.149	0.202107
13.15	0.205054
13.151	0.206529
13.152	0.203487
13.153	0.195396
13.154	0.187132
13.155	0.190728
13.156	0.2237
13.157	0.302102
13.158	0.428708
13.159	0.581188
13.16	0.712257
13.161	0.771914
13.162	0.739685
13.163	0.63822
13.164	0.516489
13.165	0.418993
13.166	0.365106
13.167	0.348864
13.168	0.352059
13.169	0.357844
13.17	0.357458
13.171	0.349877
13.172	0.338232
13.173	0.326477
13.174	0.317178
13.175	0.310373
13.176	0.303833
13.177	0.29463
13.178	0.28121
13.179	0.264977
13.18	0.250155
13.181	0.241452
13.182	0.241133
13.183	0.248
13.184	0.258574
13.185	0.268938
13.186	0.276237
13.187	0.279477
13.188	0.279425
13.189	0.277818
13.19	0.276249
13.191	0.275289
13.192	0.27465
13.193	0.27396
13.194	0.27302
13.195	0.271654
13.196	0.269691
13.197	0.266899
13.198	0.263106
13.199	0.258765
13.2	0.255349
13.201	0.254775
13.202	0.258174
13.203	0.265086
13.204	0.273556
13.205	0.281127
13.206	0.286398
13.207	0.289789
13.208	0.292618
13.209	0.295571
13.21	0.298127
13.211	0.299253
13.212	0.298564
13.213	0.296578
13.214	0.293948
13.215	0.291078
13.216	0.288465
13.217	0.286545
13.218	0.285069
13.219	0.283241
13.22	0.280629
13.221	0.277987
13.222	0.277342
13.223	0.280891
13.224	0.28924
13.225	0.30082
13.226	0.312903
13.227	0.322779
13.228	0.328513
13.229	0.329612
13.23	0.327216
13.231	0.323589
13.232	0.321382
13.233	0.322778
13.234	0.328498
13.235	0.337074
13.236	0.345115
13.237	0.348918
13.238	0.346507
13.239	0.338456
13.24	0.327123
13.241	0.31552
13.242	0.30669
13.243	0.302884
13.244	0.304417
13.245	0.309564
13.246	0.315938
13.247	0.321838
13.248	0.32644
13.249	0.329358
13.25	0.330437
13.251	0.329972
13.252	0.328815
13.253	0.327933
13.254	0.327788
13.255	0.328298
13.256	0.329458
13.257	0.331625
13.258	0.334731
13.259	0.337401
13.26	0.337676
13.261	0.335123
13.262	0.332008
13.263	0.331922
13.264	0.337271
13.265	0.347938
13.266	0.361665
13.267	0.375227
13.268	0.385689
13.269	0.391441
13.27	0.392675
13.271	0.390984
13.272	0.388226
13.273	0.385221
13.274	0.381065
13.275	0.373747
13.276	0.3626
13.277	0.352203
13.278	0.355065
13.279	0.38937
13.28	0.470353
13.281	0.597306
13.282	0.742962
13.283	0.857915
13.284	0.896426
13.285	0.846867
13.286	0.739011
13.287	0.621994
13.288	0.534583
13.289	0.490219
13.29	0.480493
13.291	0.487696
13.292	0.49648
13.293	0.499303
13.294	0.495686
13.295	0.48857
13.296	0.480994
13.297	0.474446
13.298	0.468563
13.299	0.461677
13.3	0.452269
13.301	0.440692
13.302	0.429549
13.303	0.422423
13.304	0.42209
13.305	0.429158
13.306	0.441824
13.307	0.456814
13.308	0.470707
13.309	0.481063
13.31	0.487065
13.311	0.489376
13.312	0.489216
13.313	0.4872
13.314	0.483111
13.315	0.477043
13.316	0.470457
13.317	0.4655
13.318	0.462982
13.319	0.461444
13.32	0.458603
13.321	0.453509
13.322	0.447241
13.323	0.442208
13.324	0.440927
13.325	0.444699
13.326	0.452993
13.327	0.463838
13.328	0.474701
13.329	0.483518
13.33	0.489443
13.331	0.49275
13.332	0.494055
13.333	0.493856
13.334	0.492755
13.335	0.491682
13.336	0.491391
13.337	0.491711
13.338	0.491607
13.339	0.490143
13.34	0.487175
13.341	0.4831
13.342	0.478676
13.343	0.475661
13.344	0.476787
13.345	0.48395
13.346	0.496324
13.347	0.510401
13.348	0.522022
13.349	0.528924
13.35	0.531742
13.351	0.532658
13.352	0.533338
13.353	0.534308
13.354	0.535684
13.355	0.537973
13.356	0.542199
13.357	0.549167
13.358	0.558396
13.359	0.56788
13.36	0.574986
13.361	0.577667
13.362	0.575242
13.363	0.568495
13.364	0.559301
13.365	0.55035
13.366	0.544897
13.367	0.545516
13.368	0.552277
13.369	0.562575
13.37	0.572989
13.371	0.581051
13.372	0.585799
13.373	0.587617
13.374	0.58755
13.375	0.586523
13.376	0.585249
13.377	0.584566
13.378	0.585304
13.379	0.587717
13.38	0.590959
13.381	0.593261
13.382	0.593212
13.383	0.591094
13.384	0.588881
13.385	0.589269
13.386	0.594445
13.387	0.604704
13.388	0.617803
13.389	0.630024
13.39	0.638125
13.391	0.640663
13.392	0.638461
13.393	0.634234
13.394	0.63101
13.395	0.629956
13.396	0.629301
13.397	0.62549
13.398	0.616282
13.399	0.604484
13.4	0.600427
13.401	0.620918
13.402	0.683076
13.403	0.793634
13.404	0.93742
13.405	1.073832
13.406	1.152161
13.407	1.142239
13.408	1.055476
13.409	0.93614
13.41	0.831883
13.411	0.768894
13.412	0.746692
13.413	0.748776
13.414	0.756644
13.415	0.758564
13.416	0.75182
13.417	0.740296
13.418	0.729718
13.419	0.72341
13.42	0.720825
13.421	0.718998
13.422	0.714994
13.423	0.707383
13.424	0.69677
13.425	0.686091
13.426	0.680005
13.427	0.68252
13.428	0.694187
13.429	0.711341
13.43	0.72808
13.431	0.739567
13.432	0.744433
13.433	0.744557
13.434	0.74274
13.435	0.740576
13.436	0.738091
13.437	0.734847
13.438	0.731098
13.439	0.72786
13.44	0.726066
13.441	0.725618
13.442	0.72515
13.443	0.722997
13.444	0.718831
13.445	0.714541
13.446	0.713363
13.447	0.71776
13.448	0.727741
13.449	0.740974
13.45	0.75435
13.451	0.765597
13.452	0.773827
13.453	0.779028
13.454	0.781448
13.455	0.781345
13.456	0.779022
13.457	0.775183
13.458	0.771179
13.459	0.768525
13.46	0.768113
13.461	0.76974
13.462	0.771956
13.463	0.772482
13.464	0.769551
13.465	0.763641
13.466	0.758194
13.467	0.758112
13.468	0.76651
13.469	0.782352
13.47	0.801145
13.471	0.817731
13.472	0.828513
13.473	0.83206
13.474	0.828999
13.475	0.821817
13.476	0.814433
13.477	0.811068
13.478	0.814204
13.479	0.822924
13.48	0.833472
13.481	0.841776
13.482	0.845566
13.483	0.844618
13.484	0.839943
13.485	0.833166
13.486	0.826347
13.487	0.821725
13.488	0.820966
13.489	0.824428
13.49	0.83108
13.491	0.839
13.492	0.846131
13.493	0.851207
13.494	0.854243
13.495	0.855835
13.496	0.856048
13.497	0.85445
13.498	0.851236
13.499	0.847812
13.5	0.846111
13.501	0.847356
13.502	0.851178
13.503	0.855575
13.504	0.857931
13.505	0.856789
13.506	0.853338
13.507	0.851203
13.508	0.85432
13.509	0.864525
13.51	0.880621
13.511	0.898946
13.512	0.914912
13.513	0.925096
13.514	0.928667
13.515	0.92704
13.516	0.922512
13.517	0.917027
13.518	0.911292
13.519	0.904508
13.52	0.895533
13.521	0.885727
13.522	0.882234
13.523	0.898805
13.524	0.951679
13.525	1.050675
13.526	1.187829
13.527	1.329849
13.528	1.426878
13.529	1.440889
13.53	1.3721
13.531	1.258245
13.532	1.148373
13.533	1.074886
13.534	1.043127
13.535	1.039249
13.536	1.044797
13.537	1.047115
13.538	1.042074
13.539	1.031703
13.54	1.020525
13.541	1.012469
13.542	1.008937
13.543	1.008436
13.544	1.007698
13.545	1.00373
13.546	0.995894
13.547	0.986855
13.548	0.981687
13.549	0.985349
13.55	0.999535
13.551	1.020937
13.552	1.042874
13.553	1.059245
13.554	1.067391
13.555	1.068168
13.556	1.064176
13.557	1.057891
13.558	1.051026
13.559	1.045045
13.56	1.041512
13.561	1.041464
13.562	1.044573
13.563	1.048969
13.564	1.051825
13.565	1.050593
13.566	1.044704
13.567	1.036712
13.568	1.031526
13.569	1.033722
13.57	1.044763
13.571	1.062286
13.572	1.081721
13.573	1.09834
13.574	1.10853
13.575	1.11089
13.576	1.107032
13.577	1.100776
13.578	1.095924
13.579	1.094512
13.58	1.096659
13.581	1.101485
13.582	1.107788
13.583	1.113777
13.584	1.11679
13.585	1.11453
13.586	1.107327
13.587	1.098966
13.588	1.094787
13.589	1.098533
13.59	1.110401
13.591	1.127476
13.592	1.145541
13.593	1.160565
13.594	1.169634
13.595	1.171725
13.596	1.167916
13.597	1.160818
13.598	1.153847
13.599	1.150538
13.6	1.153544
13.601	1.163452
13.602	1.178331
13.603	1.194391
13.604	1.207321
13.605	1.213681
13.606	1.211949
13.607	1.20306
13.608	1.190502
13.609	1.179644
13.61	1.175771
13.611	1.181374
13.612	1.194556
13.613	1.209992
13.614	1.2219
13.615	1.226814
13.616	1.224596
13.617	1.217928
13.618	1.210974
13.619	1.207549
13.62	1.209608
13.621	1.216976
13.622	1.22783
13.623	1.23892
13.624	1.246074
13.625	1.24603
13.626	1.238823
13.627	1.228467
13.628	1.220949
13.629	1.221099
13.63	1.230653
13.631	1.248128
13.632	1.269537
13.633	1.289446
13.634	1.302672
13.635	1.306318
13.636	1.301092
13.637	1.290981
13.638	1.281152
13.639	1.275234
13.64	1.273679
13.641	1.274014
13.642	1.272967
13.643	1.270384
13.644	1.273397
13.645	1.297168
13.646	1.359289
13.647	1.46826
13.648	1.610127
13.649	1.743975
13.65	1.818756
13.651	1.805518
13.652	1.717716
13.653	1.600838
13.654	1.50222
13.655	1.446605
13.656	1.430806
13.657	1.4313
13.658	1.413619
13.659	1.342396
13.66	1.196621
13.661	0.983673
13.662	0.736954
13.663	0.496599
13.664	0.28985
13.665	0.123595
13.666	-0.010888
13.667	-0.12696
13.668	-0.232923
13.669	-0.329046
13.67	-0.410968
13.671	-0.475017
13.672	-0.521551
13.673	-0.555316
13.674	-0.583579
13.675	-0.612871
13.676	-0.645785
13.677	-0.680196
13.678	-0.711871
13.679	-0.738065
13.68	-0.758955
13.681	-0.776616
13.682	-0.79352
13.683	-0.811822
13.684	-0.833421
13.685	-0.860208
13.686	-0.893497
13.687	-0.932608
13.688	-0.974249
13.689	-1.01356
13.69	-1.045842
13.691	-1.067961
13.692	-1.079416
13.693	-1.083025
13.694	-1.08436
13.695	-1.089135
13.696	-1.099855
13.697	-1.114455
13.698	-1.128223
13.699	-1.137333
13.7	-1.141108
13.701	-1.141673
13.702	-1.141915
13.703	-1.143698
13.704	-1.14791
13.705	-1.155886
13.706	-1.169981
13.707	-1.192204
13.708	-1.222073
13.709	-1.255482
13.71	-1.285608
13.711	-1.305728
13.712	-1.312359
13.713	-1.306882
13.714	-1.294812
13.715	-1.283181
13.716	-1.27735
13.717	-1.278792
13.718	-1.284739
13.719	-1.289991
13.72	-1.29001
13.721	-1.283203
13.722	-1.271075
13.723	-1.25714
13.724	-1.246
13.725	-1.242315
13.726	-1.248976
13.727	-1.265665
13.728	-1.289278
13.729	-1.315485
13.73	-1.339746
13.731	-1.357728
13.732	-1.366296
13.733	-1.365214
13.734	-1.358079
13.735	-1.351002
13.736	-1.349133
13.737	-1.353244
13.738	-1.35936
13.739	-1.362066
13.74	-1.358588
13.741	-1.35005
13.742	-1.339438
13.743	-1.329287
13.744	-1.321412
13.745	-1.317604
13.746	-1.31969
13.747	-1.328928
13.748	-1.345049
13.749	-1.36531
13.75	-1.384515
13.751	-1.396693
13.752	-1.397743
13.753	-1.387596
13.754	-1.370621
13.755	-1.353823
13.756	-1.343327
13.757	-1.341111
13.758	-1.344402
13.759	-1.348358
13.76	-1.349688
13.761	-1.348413
13.762	-1.347256
13.763	-1.349691
13.764	-1.357049
13.765	-1.365005
13.766	-1.36173
13.767	-1.330399
13.768	-1.256768
13.769	-1.140803
13.77	-1.007286
13.771	-0.902774
13.772	-0.871219
13.773	-0.924085
13.774	-1.032681
13.775	-1.149479
13.776	-1.237255
13.777	-1.283157
13.778	-1.294488
13.779	-1.286992
13.78	-1.275073
13.781	-1.267017
13.782	-1.26491
13.783	-1.267401
13.784	-1.272598
13.785	-1.279538
13.786	-1.288498
13.787	-1.30067
13.788	-1.31709
13.789	-1.336952
13.79	-1.356556
13.791	-1.370149
13.792	-1.372661
13.793	-1.362977
13.794	-1.345305
13.795	-1.326977
13.796	-1.314135
13.797	-1.308517
13.798	-1.307387
13.799	-1.306367
13.8	-1.302809
13.801	-1.297034
13.802	-1.291133
13.803	-1.286985
13.804	-1.284942
13.805	-1.284094
13.806	-1.284119
13.807	-1.286871
13.808	-1.295407
13.809	-1.310712
13.81	-1.3293
13.811	-1.344181
13.812	-1.34863
13.813	-1.340464
13.814	-1.32385
13.815	-1.306622
13.816	-1.294902
13.817	-1.289635
13.818	-1.287519
13.819	-1.284478
13.82	-1.278517
13.821	-1.27055
13.822	-1.263069
13.823	-1.257624
13.824	-1.253649
13.825	-1.250174
13.826	-1.248211
13.827	-1.250755
13.828	-1.260366
13.829	-1.276554
13.83	-1.294834
13.831	-1.308238
13.832	-1.310955
13.833	-1.30195
13.834	-1.285549
13.835	-1.268419
13.836	-1.255484
13.837	-1.247801
13.838	-1.243125
13.839	-1.237904
13.84	-1.229645
13.841	-1.218539
13.842	-1.2066
13.843	-1.195026
13.844	-1.183378
13.845	-1.171495
13.846	-1.16104
13.847	-1.155067
13.848	-1.156749
13.849	-1.167697
13.85	-1.185993
13.851	-1.205971
13.852	-1.220971
13.853	-1.226781
13.854	-1.223066
13.855	-1.212582
13.856	-1.199325
13.857	-1.186627
13.858	-1.176295
13.859	-1.169104
13.86	-1.165127
13.861	-1.162981
13.862	-1.159409
13.863	-1.150742
13.864	-1.136092
13.865	-1.119791
13.866	-1.109763
13.867	-1.112137
13.868	-1.126799
13.869	-1.147529
13.87	-1.165861
13.871	-1.175611
13.872	-1.174899
13.873	-1.164753
13.874	-1.147355
13.875	-1.126673
13.876	-1.108939
13.877	-1.099385
13.878	-1.097944
13.879	-1.099673
13.88	-1.099734
13.881	-1.097093
13.882	-1.093327
13.883	-1.08958
13.884	-1.086398
13.885	-1.084413
13.886	-1.080696
13.887	-1.064032
13.888	-1.018264
13.889	-0.934825
13.89	-0.82554
13.891	-0.724195
13.892	-0.670171
13.893	-0.683406
13.894	-0.752105
13.895	-0.842788
13.896	-0.921411
13.897	-0.968755
13.898	-0.983226
13.899	-0.975113
13.9	-0.95871
13.901	-0.945709
13.902	-0.941348
13.903	-0.944414
13.904	-0.950615
13.905	-0.956398
13.906	-0.96069
13.907	-0.964769
13.908	-0.971151
13.909	-0.981798
13.91	-0.9962
13.911	-1.010388
13.912	-1.018064
13.913	-1.014086
13.914	-0.998063
13.915	-0.974912
13.916	-0.951913
13.917	-0.934629
13.918	-0.924473
13.919	-0.919274
13.92	-0.915855
13.921	-0.912278
13.922	-0.908226
13.923	-0.904038
13.924	-0.899898
13.925	-0.895939
13.926	-0.893038
13.927	-0.893343
13.928	-0.899291
13.929	-0.911379
13.93	-0.926686
13.931	-0.939498
13.932	-0.943814
13.933	-0.936586
13.934	-0.919677
13.935	-0.898846
13.936	-0.880329
13.937	-0.867559
13.938	-0.860129
13.939	-0.855256
13.94	-0.85021
13.941	-0.843813
13.942	-0.836441
13.943	-0.829342
13.944	-0.823911
13.945	-0.820917
13.946	-0.820068
13.947	-0.820583
13.948	-0.822368
13.949	-0.826242
13.95	-0.832457
13.951	-0.838777
13.952	-0.840738
13.953	-0.834793
13.954	-0.821259
13.955	-0.803959
13.956	-0.787241
13.957	-0.773323
13.958	-0.761875
13.959	-0.751584
13.96	-0.741826
13.961	-0.732868
13.962	-0.724836
13.963	-0.716839
13.964	-0.707087
13.965	-0.694136
13.966	-0.678673
13.967	-0.664287
13.968	-0.656153
13.969	-0.658108
13.97	-0.669845
13.971	-0.686377
13.972	-0.700526
13.973	-0.706532
13.974	-0.702252
13.975	-0.689392
13.976	-0.672368
13.977	-0.656076
13.978	-0.643421
13.979	-0.63433
13.98	-0.626879
13.981	-0.619354
13.982	-0.611406
13.983	-0.60365
13.984	-0.596609
13.985	-0.590299
13.986	-0.584648
13.987	-0.580196
13.988	-0.578385
13.989	-0.580757
13.99	-0.587081
13.991	-0.594096
13.992	-0.596781
13.993	-0.591516
13.994	-0.578564
13.995	-0.561904
13.996	-0.546398
13.997	-0.534558
13.998	-0.525724
13.999	-0.517763
14.0	-0.509215
14.001	-0.500284
14.002	-0.492632
14.003	-0.488623
14.004	-0.490339
14.005	-0.498189
14.006	-0.508823
14.007	-0.513092
14.008	-0.496585
14.009	-0.444628
14.01	-0.350983
14.011	-0.227611
14.012	-0.108213
14.013	-0.035447
14.014	-0.035296
14.015	-0.09988
14.016	-0.194058
14.017	-0.278594
14.018	-0.330438
14.019	-0.347786
14.02	-0.342466
14.021	-0.329279
14.022	-0.318916
14.023	-0.315586
14.024	-0.31797
14.025	-0.322231
14.026	-0.325587
14.027	-0.328343
14.028	-0.333192
14.029	-0.342563
14.03	-0.356078
14.031	-0.369988
14.032	-0.378876
14.033	-0.378389
14.034	-0.367536
14.035	-0.34929
14.036	-0.328929
14.037	-0.311287
14.038	-0.298789
14.039	-0.291133
14.04	-0.286342
14.041	-0.282489
14.042	-0.278922
14.043	-0.275947
14.044	-0.273749
14.045	-0.272191
14.046	-0.271259
14.047	-0.271038
14.048	-0.271676
14.049	-0.273644
14.05	-0.277453
14.051	-0.282509
14.052	-0.286404
14.053	-0.286173
14.054	-0.280874
14.055	-0.272472
14.056	-0.263735
14.057	-0.255597
14.058	-0.24686
14.059	-0.236143
14.06	-0.22373
14.061	-0.211584
14.062	-0.201796
14.063	-0.195189
14.064	-0.191411
14.065	-0.189826
14.066	-0.189722
14.067	-0.190134
14.068	-0.190414
14.069	-0.190941
14.07	-0.192625
14.071	-0.19548
14.072	-0.197898
14.073	-0.19761
14.074	-0.19342
14.075	-0.185877
14.076	-0.176539
14.077	-0.166845
14.078	-0.157523
14.079	-0.148721
14.08	-0.14056
14.081	-0.133455
14.082	-0.127686
14.083	-0.122786
14.084	-0.117749
14.085	-0.111684
14.086	-0.104135
14.087	-0.095311
14.088	-0.08637
14.089	-0.079103
14.09	-0.074705
14.091	-0.072688
14.092	-0.071384
14.093	-0.069857
14.094	-0.069039
14.095	-0.07065
14.096	-0.07498
14.097	-0.079882
14.098	-0.082097
14.099	-0.079694
14.1	-0.073292
14.101	-0.064974
14.102	-0.056362
14.103	-0.048241
14.104	-0.041585
14.105	-0.037625
14.106	-0.036448
14.107	-0.036299
14.108	-0.035032
14.109	-0.031978
14.11	-0.027899
14.111	-0.023559
14.112	-0.019208
14.113	-0.01539
14.114	-0.013219
14.115	-0.013215
14.116	-0.014093
14.117	-0.01308
14.118	-0.007798
14.119	0.001873
14.12	0.013528
14.121	0.023797
14.122	0.030487
14.123	0.033691
14.124	0.035383
14.125	0.03795
14.126	0.042274
14.127	0.046409
14.128	0.046112
14.129	0.037829
14.13	0.023236
14.131	0.012647
14.132	0.024088
14.133	0.076739
14.134	0.180341
14.135	0.323818
14.136	0.46973
14.137	0.565713
14.138	0.574102
14.139	0.497485
14.14	0.376256
14.141	0.261506
14.142	0.186875
14.143	0.157953
14.144	0.160338
14.145	0.174497
14.146	0.186116
14.147	0.18904
14.148	0.183607
14.149	0.173705
14.15	0.164128
14.151	0.158329
14.152	0.156883
14.153	0.157552
14.154	0.157022
14.155	0.153288
14.156	0.147396
14.157	0.143231
14.158	0.144934
14.159	0.153809
14.16	0.167454
14.161	0.181727
14.162	0.193459
14.163	0.20171
14.164	0.207281
14.165	0.211326
14.166	0.214247
14.167	0.21579
14.168	0.215819
14.169	0.214667
14.17	0.212993
14.171	0.211527
14.172	0.210598
14.173	0.209383
14.174	0.205321
14.175	0.194505
14.176	0.173708
14.177	0.143053
14.178	0.106902
14.179	0.071746
14.18	0.042735
14.181	0.021414
14.182	0.005941
14.183	-0.006693
14.184	-0.018403
14.185	-0.029591
14.186	-0.040207
14.187	-0.05059
14.188	-0.061259
14.189	-0.072129
14.19	-0.082081
14.191	-0.089669
14.192	-0.094412
14.193	-0.09707
14.194	-0.098609
14.195	-0.099317
14.196	-0.099079
14.197	-0.09811
14.198	-0.096862
14.199	-0.095264
14.2	-0.092546
14.201	-0.088175
14.202	-0.082815
14.203	-0.078085
14.204	-0.075582
14.205	-0.076136
14.206	-0.079249
14.207	-0.082961
14.208	-0.084773
14.209	-0.082928
14.21	-0.07715
14.211	-0.068827
14.212	-0.060571
14.213	-0.055118
14.214	-0.054297
14.215	-0.058402
14.216	-0.065895
14.217	-0.073867
14.218	-0.079473
14.219	-0.081426
14.22	-0.080325
14.221	-0.077793
14.222	-0.075248
14.223	-0.073239
14.224	-0.071899
14.225	-0.071613
14.226	-0.072777
14.227	-0.07521
14.228	-0.078196
14.229	-0.080948
14.23	-0.082962
14.231	-0.084173
14.232	-0.08477
14.233	-0.0847
14.234	-0.083524
14.235	-0.081042
14.236	-0.077988
14.237	-0.075787
14.238	-0.075317
14.239	-0.075827
14.24	-0.075254
14.241	-0.071745
14.242	-0.064934
14.243	-0.056161
14.244	-0.047829
14.245	-0.042029
14.246	-0.039257
14.247	-0.038521
14.248	-0.038646
14.249	-0.039403
14.25	-0.041794
14.251	-0.047604
14.252	-0.057921
14.253	-0.070604
14.254	-0.077751
14.255	-0.065038
14.256	-0.015173
14.257	0.083003
14.258	0.221591
14.259	0.365749
14.26	0.464144
14.261	0.478431
14.262	0.409415
14.263	0.295364
14.264	0.185005
14.265	0.110379
14.266	0.077844
14.267	0.075569
14.268	0.086225
14.269	0.096175
14.27	0.09871
14.271	0.093381
14.272	0.083748
14.273	0.074228
14.274	0.067029
14.275	0.061224
14.276	0.05456
14.277	0.046051
14.278	0.037055
14.279	0.030339
14.28	0.02845
14.281	0.032707
14.282	0.042705
14.283	0.055998
14.284	0.068971
14.285	0.078993
14.286	0.085653
14.287	0.089826
14.288	0.092137
14.289	0.09253
14.29	0.090994
14.291	0.088282
14.292	0.085747
14.293	0.084455
14.294	0.084518
14.295	0.085173
14.296	0.085122
14.297	0.082795
14.298	0.077192
14.299	0.069299
14.3	0.062493
14.301	0.060808
14.302	0.066262
14.303	0.077654
14.304	0.091801
14.305	0.105511
14.306	0.116435
14.307	0.123163
14.308	0.125436
14.309	0.124236
14.31	0.121303
14.311	0.118359
14.312	0.116502
14.313	0.115847
14.314	0.115571
14.315	0.114415
14.316	0.111372
14.317	0.106154
14.318	0.099165
14.319	0.091234
14.32	0.083547
14.321	0.077646
14.322	0.074972
14.323	0.075921
14.324	0.079237
14.325	0.082557
14.326	0.083951
14.327	0.083235
14.328	0.081768
14.329	0.080986
14.33	0.081503
14.331	0.083488
14.332	0.087155
14.333	0.092525
14.334	0.099022
14.335	0.105369
14.336	0.109766
14.337	0.110504
14.338	0.106702
14.339	0.098683
14.34	0.088009
14.341	0.077157
14.342	0.068721
14.343	0.064537
14.344	0.065027
14.345	0.06909
14.346	0.074901
14.347	0.080888
14.348	0.085847
14.349	0.08886
14.35	0.089807
14.351	0.089549
14.352	0.089138
14.353	0.089124
14.354	0.089691
14.355	0.090903
14.356	0.092612
14.357	0.094311
14.358	0.0951
14.359	0.09394
14.36	0.090418
14.361	0.085681
14.362	0.082554
14.363	0.084029
14.364	0.090872
14.365	0.100664
14.366	0.109748
14.367	0.116192
14.368	0.12061
14.369	0.124564
14.37	0.1288
14.371	0.132633
14.372	0.134361
14.373	0.131977
14.374	0.123708
14.375	0.109343
14.376	0.09331
14.377	0.087502
14.378	0.109709
14.379	0.175997
14.38	0.289667
14.381	0.431425
14.382	0.558621
14.383	0.622589
14.384	0.598261
14.385	0.501488
14.386	0.377782
14.387	0.273725
14.388	0.213996
14.389	0.196679
14.39	0.203791
14.391	0.215675
14.392	0.220312
14.393	0.215107
14.394	0.20343
14.395	0.190096
14.396	0.1785
14.397	0.169508
14.398	0.161591
14.399	0.15217
14.4	0.139683
14.401	0.125124
14.402	0.112004
14.403	0.104688
14.404	0.105949
14.405	0.115271
14.406	0.129021
14.407	0.142286
14.408	0.151239
14.409	0.154735
14.41	0.154212
14.411	0.152134
14.412	0.150403
14.413	0.149647
14.414	0.14937
14.415	0.148705
14.416	0.147197
14.417	0.144779
14.418	0.141087
14.419	0.13529
14.42	0.126914
14.421	0.116913
14.422	0.107959
14.423	0.103274
14.424	0.104552
14.425	0.110854
14.426	0.119542
14.427	0.128143
14.428	0.135376
14.429	0.140839
14.43	0.144282
14.431	0.14558
14.432	0.14524
14.433	0.144185
14.434	0.142833
14.435	0.140938
14.436	0.138464
14.437	0.136173
14.438	0.134881
14.439	0.134129
14.44	0.13203
14.441	0.126899
14.442	0.119231
14.443	0.111944
14.444	0.108514
14.445	0.110652
14.446	0.117105
14.447	0.124087
14.448	0.127131
14.449	0.123519
14.45	0.113876
14.451	0.101665
14.452	0.09094
14.453	0.084404
14.454	0.083128
14.455	0.087034
14.456	0.094799
14.457	0.103583
14.458	0.109845
14.459	0.110953
14.46	0.105995
14.461	0.0955
14.462	0.081051
14.463	0.065079
14.464	0.050474
14.465	0.039831
14.466	0.034545
14.467	0.034297
14.468	0.037277
14.469	0.040931
14.47	0.043029
14.471	0.042625
14.472	0.040125
14.473	0.036379
14.474	0.03193
14.475	0.027153
14.476	0.022797
14.477	0.02017
14.478	0.020432
14.479	0.023253
14.48	0.026248
14.481	0.026431
14.482	0.022582
14.483	0.01622
14.484	0.01059
14.485	0.008952
14.486	0.013426
14.487	0.024588
14.488	0.041123
14.489	0.059716
14.49	0.076289
14.491	0.088162
14.492	0.095217
14.493	0.099155
14.494	0.101635
14.495	0.10273
14.496	0.100738
14.497	0.093791
14.498	0.082853
14.499	0.074818
14.5	0.083605
14.501	0.126875
14.502	0.217261
14.503	0.349734
14.504	0.492452
14.505	0.594663
14.506	0.61532
14.507	0.551153
14.508	0.438065
14.509	0.325695
14.51	0.248656
14.511	0.214896
14.512	0.212536
14.513	0.223795
14.514	0.235174
14.515	0.240294
14.516	0.238278
14.517	0.231384
14.518	0.222865
14.519	0.2152
14.52	0.209271
14.521	0.204606
14.522	0.200265
14.523	0.196136
14.524	0.193911
14.525	0.196616
14.526	0.206811
14.527	0.224945
14.528	0.248696
14.529	0.27359
14.53	0.295018
14.531	0.310439
14.532	0.320225
14.533	0.326683
14.534	0.33177
14.535	0.335429
14.536	0.336503
14.537	0.335135
14.538	0.333479
14.539	0.333797
14.54	0.336174
14.541	0.338213
14.542	0.337021
14.543	0.331814
14.544	0.324854
14.545	0.320184
14.546	0.321679
14.547	0.331631
14.548	0.349714
14.549	0.372586
14.55	0.395063
14.551	0.412645
14.552	0.423714
14.553	0.429721
14.554	0.433343
14.555	0.436451
14.556	0.439429
14.557	0.441696
14.558	0.442602
14.559	0.44208
14.56	0.440498
14.561	0.437836
14.562	0.433416
14.563	0.427072
14.564	0.420454
14.565	0.416738
14.566	0.418922
14.567	0.428065
14.568	0.44264
14.569	0.459431
14.57	0.475307
14.571	0.488459
14.572	0.498403
14.573	0.505348
14.574	0.50975
14.575	0.512361
14.576	0.514415
14.577	0.517364
14.578	0.522146
14.579	0.528543
14.58	0.535109
14.581	0.539766
14.582	0.540838
14.583	0.537679
14.584	0.530497
14.585	0.520522
14.586	0.510925
14.587	0.506579
14.588	0.51145
14.589	0.525606
14.59	0.544926
14.591	0.56387
14.592	0.578652
14.593	0.588192
14.594	0.592977
14.595	0.593893
14.596	0.59206
14.597	0.588967
14.598	0.586169
14.599	0.58473
14.6	0.584805
14.601	0.585537
14.602	0.585446
14.603	0.58319
14.604	0.578503
14.605	0.573083
14.606	0.570547
14.607	0.574741
14.608	0.58727
14.609	0.606175
14.61	0.626861
14.611	0.644474
14.612	0.656113
14.613	0.661839
14.614	0.664037
14.615	0.665469
14.616	0.667239
14.617	0.667875
14.618	0.664019
14.619	0.652752
14.62	0.635159
14.621	0.619714
14.622	0.622672
14.623	0.663227
14.624	0.753813
14.625	0.888015
14.626	1.032791
14.627	1.137168
14.628	1.160295
14.629	1.09888
14.63	0.988862
14.631	0.880159
14.632	0.807498
14.633	0.778326
14.634	0.779309
14.635	0.790452
14.636	0.796676
14.637	0.792419
14.638	0.779822
14.639	0.764189
14.64	0.750227
14.641	0.740199
14.642	0.733448
14.643	0.727016
14.644	0.717672
14.645	0.704625
14.646	0.691047
14.647	0.683222
14.648	0.687133
14.649	0.704154
14.65	0.729435
14.651	0.754744
14.652	0.773324
14.653	0.782896
14.654	0.7852
14.655	0.783417
14.656	0.780005
14.657	0.77617
14.658	0.772231
14.659	0.768053
14.66	0.763522
14.661	0.758792
14.662	0.753826
14.663	0.747847
14.664	0.739919
14.665	0.730544
14.666	0.722638
14.667	0.72058
14.668	0.727631
14.669	0.743738
14.67	0.76553
14.671	0.788134
14.672	0.807178
14.673	0.820219
14.674	0.827275
14.675	0.829996
14.676	0.829885
14.677	0.827158
14.678	0.821333
14.679	0.812872
14.68	0.803979
14.681	0.797329
14.682	0.793851
14.683	0.792121
14.684	0.789896
14.685	0.785909
14.686	0.780831
14.687	0.777435
14.688	0.779489
14.689	0.789545
14.69	0.807124
14.691	0.828494
14.692	0.848297
14.693	0.862187
14.694	0.868612
14.695	0.868538
14.696	0.864179
14.697	0.85828
14.698	0.853727
14.699	0.852613
14.7	0.855213
14.701	0.859972
14.702	0.864617
14.703	0.867408
14.704	0.867371
14.705	0.863861
14.706	0.856962
14.707	0.848728
14.708	0.843324
14.709	0.845065
14.71	0.855613
14.711	0.87253
14.712	0.890567
14.713	0.904884
14.714	0.913417
14.715	0.916583
14.716	0.915582
14.717	0.91131
14.718	0.904456
14.719	0.896077
14.72	0.887807
14.721	0.881351
14.722	0.877695
14.723	0.876575
14.724	0.876486
14.725	0.875593
14.726	0.873397
14.727	0.871775
14.728	0.874296
14.729	0.8843
14.73	0.902831
14.731	0.927308
14.732	0.952119
14.733	0.971422
14.734	0.982056
14.735	0.984295
14.736	0.980462
14.737	0.972812
14.738	0.962176
14.739	0.948209
14.74	0.93062
14.741	0.910556
14.742	0.892545
14.743	0.88663
14.744	0.907996
14.745	0.971805
14.746	1.083622
14.747	1.228682
14.748	1.368161
14.749	1.452938
14.75	1.451809
14.751	1.371095
14.752	1.247256
14.753	1.121707
14.754	1.020556
14.755	0.949854
14.756	0.902131
14.757	0.866194
14.758	0.834062
14.759	0.80267
14.76	0.77211
14.761	0.74359
14.762	0.71835
14.763	0.696657
14.764	0.676853
14.765	0.656022
14.766	0.63231
14.767	0.606948
14.768	0.5844
14.769	0.570241
14.77	0.567715
14.771	0.575256
14.772	0.587033
14.773	0.596389
14.774	0.599465
14.775	0.596173
14.776	0.588346
14.777	0.577189
14.778	0.562276
14.779	0.542748
14.78	0.519259
14.781	0.494685
14.782	0.472816
14.783	0.455874
14.784	0.442851
14.785	0.430215
14.786	0.414576
14.787	0.395351
14.788	0.375603
14.789	0.360488
14.79	0.354285
14.791	0.357815
14.792	0.367663
14.793	0.377431
14.794	0.380401
14.795	0.372211
14.796	0.352002
14.797	0.321921
14.798	0.28582
14.799	0.247744
14.8	0.21083
14.801	0.177166
14.802	0.147982
14.803	0.123103
14.804	0.100031
14.805	0.074402
14.806	0.042663
14.807	0.005313
14.808	-0.032279
14.809	-0.062699
14.81	-0.080857
14.811	-0.086488
14.812	-0.083511
14.813	-0.077626
14.814	-0.073865
14.815	-0.075051
14.816	-0.081692
14.817	-0.092785
14.818	-0.106578
14.819	-0.121093
14.82	-0.134543
14.821	-0.145607
14.822	-0.153744
14.823	-0.159745
14.824	-0.166122
14.825	-0.176613
14.826	-0.194643
14.827	-0.221214
14.828	-0.253424
14.829	-0.285103
14.83	-0.309626
14.831	-0.32313
14.832	-0.326115
14.833	-0.322378
14.834	-0.316199
14.835	-0.310463
14.836	-0.307059
14.837	-0.307849
14.838	-0.314483
14.839	-0.327281
14.84	-0.344293
14.841	-0.361542
14.842	-0.374854
14.843	-0.382395
14.844	-0.386176
14.845	-0.391452
14.846	-0.403959
14.847	-0.426099
14.848	-0.454635
14.849	-0.481866
14.85	-0.499494
14.851	-0.502722
14.852	-0.492532
14.853	-0.474956
14.854	-0.457817
14.855	-0.447255
14.856	-0.445802
14.857	-0.452189
14.858	-0.462974
14.859	-0.475228
14.86	-0.488279
14.861	-0.503447
14.862	-0.522353
14.863	-0.544336
14.864	-0.56363
14.865	-0.568109
14.866	-0.541906
14.867	-0.473105
14.868	-0.365378
14.869	-0.246826
14.87	-0.163506
14.871	-0.153685
14.872	-0.221293
14.873	-0.333681
14.874	-0.445285
14.875	-0.524704
14.876	-0.565252
14.877	-0.578108
14.878	-0.57962
14.879	-0.582712
14.88	-0.594082
14.881	-0.614607
14.882	-0.640947
14.883	-0.667668
14.884	-0.690323
14.885	-0.70883
14.886	-0.727969
14.887	-0.753497
14.888	-0.786689
14.889	-0.821799
14.89	-0.848864
14.891	-0.85992
14.892	-0.853629
14.893	-0.835108
14.894	-0.812538
14.895	-0.793567
14.896	-0.782572
14.897	-0.779428
14.898	-0.781034
14.899	-0.784886
14.9	-0.791273
14.901	-0.802021
14.902	-0.817646
14.903	-0.836045
14.904	-0.854291
14.905	-0.872232
14.906	-0.893723
14.907	-0.922532
14.908	-0.956438
14.909	-0.986429
14.91	-1.002588
14.911	-1.001024
14.912	-0.98574
14.913	-0.964712
14.914	-0.944743
14.915	-0.92946
14.916	-0.919779
14.917	-0.914163
14.918	-0.909294
14.919	-0.902678
14.92	-0.895537
14.921	-0.89288
14.922	-0.89984
14.923	-0.917435
14.924	-0.942141
14.925	-0.969119
14.926	-0.994913
14.927	-1.017633
14.928	-1.03625
14.929	-1.04998
14.93	-1.057472
14.931	-1.056859
14.932	-1.047343
14.933	-1.030608
14.934	-1.010439
14.935	-0.990654
14.936	-0.972919
14.937	-0.956924
14.938	-0.943026
14.939	-0.933431
14.94	-0.929944
14.941	-0.931809
14.942	-0.936588
14.943	-0.942424
14.944	-0.949316
14.945	-0.959111
14.946	-0.974483
14.947	-0.997043
14.948	-1.025234
14.949	-1.053605
14.95	-1.074872
14.951	-1.083617
14.952	-1.078678
14.953	-1.062947
14.954	-1.041488
14.955	-1.019374
14.956	-1.000145
14.957	-0.985233
14.958	-0.97446
14.959	-0.967209
14.96	-0.963288
14.961	-0.962946
14.962	-0.966293
14.963	-0.973028
14.964	-0.983099
14.965	-0.997516
14.966	-1.017713
14.967	-1.043117
14.968	-1.069084
14.969	-1.088086
14.97	-1.093881
14.971	-1.085033
14.972	-1.065237
14.973	-1.040958
14.974	-1.018227
14.975	-1.000431
14.976	-0.988104
14.977	-0.980015
14.978	-0.974606
14.979	-0.971371
14.98	-0.971562
14.981	-0.97759
14.982	-0.991037
14.983	-1.009751
14.984	-1.025463
14.985	-1.024512
14.986	-0.993287
14.987	-0.926979
14.988	-0.837835
14.989	-0.755703
14.99	-0.71422
14.991	-0.729431
14.992	-0.789331
14.993	-0.863224
14.994	-0.921283
14.995	-0.948999
14.996	-0.949205
14.997	-0.934733
14.998	-0.91915
14.999	-0.910911
15.0	-0.91224
15.001	-0.921348
15.002	-0.935464
15.003	-0.952419
15.004	-0.970589
15.005	-0.989073
15.006	-1.008501
15.007	-1.030263
15.008	-1.053654
15.009	-1.074127
15.01	-1.085182
15.011	-1.082496
15.012	-1.066648
15.013	-1.042382
15.014	-1.015656
15.015	-0.991179
15.016	-0.97146
15.017	-0.956796
15.018	-0.946101
15.019	-0.938416
15.02	-0.933961
15.021	-0.934055
15.022	-0.940251
15.023	-0.953119
15.024	-0.971536
15.025	-0.993542
15.026	-1.017668
15.027	-1.042325
15.028	-1.06413
15.029	-1.078183
15.03	-1.080523
15.031	-1.070375
15.032	-1.050342
15.033	-1.024659
15.034	-0.997303
15.035	-0.971321
15.036	-0.948755
15.037	-0.930428
15.038	-0.916159
15.039	-0.905704
15.04	-0.899679
15.041	-0.899685
15.042	-0.907349
15.043	-0.922607
15.044	-0.942886
15.045	-0.96447
15.046	-0.984635
15.047	-1.002275
15.048	-1.016823
15.049	-1.026945
15.05	-1.030398
15.051	-1.025217
15.052	-1.010996
15.053	-0.989179
15.054	-0.96262
15.055	-0.934998
15.056	-0.909994
15.057	-0.890348
15.058	-0.877423
15.059	-0.8713
15.06	-0.871043
15.061	-0.875319
15.062	-0.88298
15.063	-0.892903
15.064	-0.90376
15.065	-0.914558
15.066	-0.925174
15.067	-0.936009
15.068	-0.947153
15.069	-0.957724
15.07	-0.965664
15.071	-0.968158
15.072	-0.962666
15.073	-0.948354
15.074	-0.927211
15.075	-0.90359
15.076	-0.882049
15.077	-0.865267
15.078	-0.853693
15.079	-0.846868
15.08	-0.844976
15.081	-0.849195
15.082	-0.860618
15.083	-0.878805
15.084	-0.901446
15.085	-0.925264
15.086	-0.947104
15.087	-0.964709
15.088	-0.976976
15.089	-0.983431
15.09	-0.983621
15.091	-0.977114
15.092	-0.963787
15.093	-0.944123
15.094	-0.919764
15.095	-0.893878
15.096	-0.870525
15.097	-0.853198
15.098	-0.843561
15.099	-0.841275
15.1	-0.845062
15.101	-0.854251
15.102	-0.869448
15.103	-0.891743
15.104	-0.920965
15.105	-0.953338
15.106	-0.979406
15.107	-0.984302
15.108	-0.951487
15.109	-0.869865
15.11	-0.744024
15.111	-0.602388
15.112	-0.49135
15.113	-0.450834
15.114	-0.488126
15.115	-0.574146
15.116	-0.665212
15.117	-0.729695
15.118	-0.759838
15.119	-0.766295
15.12	-0.76551
15.121	-0.770158
15.122	-0.785898
15.123	-0.812395
15.124	-0.845716
15.125	-0.880403
15.126	-0.911386
15.127	-0.935798
15.128	-0.953258
15.129	-0.964346
15.13	-0.96921
15.131	-0.967237
15.132	-0.95741
15.133	-0.939405
15.134	-0.914948
15.135	-0.887903
15.136	-0.862623
15.137	-0.84208
15.138	-0.827433
15.139	-0.819112
15.14	-0.817941
15.141	-0.825097
15.142	-0.841199
15.143	-0.865417
15.144	-0.894922
15.145	-0.924916
15.146	-0.950219
15.147	-0.967826
15.148	-0.977727
15.149	-0.981407
15.15	-0.980122
15.151	-0.974174
15.152	-0.963054
15.153	-0.946238
15.154	-0.924078
15.155	-0.898131
15.156	-0.871058
15.157	-0.846271
15.158	-0.827251
15.159	-0.816777
15.16	-0.816509
15.161	-0.826975
15.162	-0.847719
15.163	-0.877071
15.164	-0.911374
15.165	-0.944968
15.166	-0.972365
15.167	-0.991081
15.168	-1.002053
15.169	-1.007427
15.17	-1.008231
15.171	-1.003803
15.172	-0.992924
15.173	-0.97533
15.174	-0.95228
15.175	-0.926162
15.176	-0.899823
15.177	-0.875953
15.178	-0.85682
15.179	-0.844575
15.18	-0.841654
15.181	-0.8504
15.182	-0.871719
15.183	-0.903664
15.184	-0.941252
15.185	-0.97805
15.186	-1.00856
15.187	-1.029466
15.188	-1.039311
15.189	-1.038063
15.19	-1.027341
15.191	-1.010513
15.192	-0.991808
15.193	-0.974505
15.194	-0.959348
15.195	-0.944762
15.196	-0.928745
15.197	-0.910679
15.198	-0.892056
15.199	-0.876395
15.2	-0.868464
15.201	-0.872773
15.202	-0.891837
15.203	-0.924754
15.204	-0.966688
15.205	-1.009971
15.206	-1.046617
15.207	-1.071004
15.208	-1.081343
15.209	-1.079211
15.21	-1.067763
15.211	-1.050331
15.212	-1.030084
15.213	-1.009388
15.214	-0.988521
15.215	-0.965689
15.216	-0.939052
15.217	-0.909216
15.218	-0.880491
15.219	-0.859842
15.22	-0.853724
15.221	-0.864984
15.222	-0.892086
15.223	-0.930436
15.224	-0.974252
15.225	-1.018142
15.226	-1.057886
15.227	-1.090281
15.228	-1.111911
15.229	-1.116514
15.23	-1.092989
15.231	-1.027914
15.232	-0.913491
15.233	-0.75835
15.234	-0.595312
15.235	-0.474405
15.236	-0.436071
15.237	-0.483831
15.238	-0.583242
15.239	-0.687741
15.24	-0.766886
15.241	-0.816357
15.242	-0.849345
15.243	-0.881798
15.244	-0.922443
15.245	-0.970421
15.246	-1.017848
15.247	-1.054441
15.248	-1.072496
15.249	-1.070226
15.25	-1.052206
15.251	-1.027044
15.252	-1.003078
15.253	-0.984287
15.254	-0.969305
15.255	-0.953766
15.256	-0.933625
15.257	-0.907767
15.258	-0.879244
15.259	-0.85463
15.26	-0.841546
15.261	-0.845902
15.262	-0.870219
15.263	-0.912822
15.264	-0.967672
15.265	-1.025158
15.266	-1.074228
15.267	-1.105927
15.268	-1.116696
15.269	-1.108887
15.27	-1.088493
15.271	-1.062303
15.272	-1.035903
15.273	-1.01259
15.274	-0.992829
15.275	-0.974205
15.276	-0.952716
15.277	-0.925798
15.278	-0.895275
15.279	-0.867651
15.28	-0.851446
15.281	-0.853836
15.282	-0.878365
15.283	-0.923686
15.284	-0.983147
15.285	-1.045668
15.286	-1.098482
15.287	-1.131392
15.288	-1.140272
15.289	-1.127532
15.29	-1.099938
15.291	-1.065549
15.292	-1.031207
15.293	-1.001343
15.294	-0.977623
15.295	-0.958709
15.296	-0.940825
15.297	-0.919778
15.298	-0.893917
15.299	-0.866564
15.3	-0.84611
15.301	-0.843197
15.302	-0.865954
15.303	-0.915435
15.304	-0.983782
15.305	-1.05609
15.306	-1.115327
15.307	-1.148527
15.308	-1.151174
15.309	-1.127548
15.31	-1.087418
15.311	-1.041355
15.312	-0.997608
15.313	-0.961543
15.314	-0.935555
15.315	-0.918273
15.316	-0.904919
15.317	-0.889894
15.318	-0.87027
15.319	-0.848465
15.32	-0.832684
15.321	-0.834348
15.322	-0.862973
15.323	-0.920605
15.324	-0.998824
15.325	-1.08051
15.326	-1.146316
15.327	-1.182539
15.328	-1.185701
15.329	-1.161642
15.33	-1.120769
15.331	-1.073297
15.332	-1.027327
15.333	-0.988865
15.334	-0.961051
15.335	-0.942625
15.336	-0.927989
15.337	-0.909956
15.338	-0.884276
15.339	-0.853891
15.34	-0.829916
15.341	-0.827495
15.342	-0.858347
15.343	-0.923981
15.344	-1.012992
15.345	-1.10447
15.346	-1.176519
15.347	-1.215037
15.348	-1.217947
15.349	-1.193541
15.35	-1.154289
15.351	-1.109049
15.352	-1.05739
15.353	-0.989343
15.354	-0.891932
15.355	-0.760855
15.356	-0.611697
15.357	-0.480688
15.358	-0.408193
15.359	-0.414671
15.36	-0.490231
15.361	-0.606344
15.362	-0.736044
15.363	-0.863917
15.364	-0.982012
15.365	-1.082142
15.366	-1.154112
15.367	-1.18997
15.368	-1.18882
15.369	-1.157619
15.37	-1.107785
15.371	-1.051039
15.372	-0.997224
15.373	-0.953683
15.374	-0.924553
15.375	-0.909292
15.376	-0.901562
15.377	-0.890893
15.378	-0.8684
15.379	-0.834129
15.38	-0.800717
15.381	-0.789584
15.382	-0.820673
15.383	-0.900561
15.384	-1.015796
15.385	-1.136809
15.386	-1.230896
15.387	-1.276368
15.388	-1.269948
15.389	-1.224164
15.39	-1.157906
15.391	-1.087577
15.392	-1.023852
15.393	-0.973026
15.394	-0.938685
15.395	-0.920585
15.396	-0.912103
15.397	-0.900998
15.398	-0.876096
15.399	-0.836521
15.4	-0.7965
15.401	-0.781128
15.402	-0.814294
15.403	-0.904609
15.404	-1.037424
15.405	-1.178837
15.406	-1.290044
15.407	-1.343782
15.408	-1.33415
15.409	-1.275292
15.41	-1.19125
15.411	-1.104463
15.412	-1.029361
15.413	-0.972499
15.414	-0.935832
15.415	-0.917991
15.416	-0.912169
15.417	-0.905129
15.418	-0.882634
15.419	-0.840382
15.42	-0.792413
15.421	-0.768843
15.422	-0.801538
15.423	-0.904575
15.424	-1.061772
15.425	-1.230711
15.426	-1.361815
15.427	-1.421401
15.428	-1.405053
15.429	-1.333834
15.43	-1.23837
15.431	-1.143501
15.432	-1.06228
15.433	-0.999192
15.434	-0.955838
15.435	-0.933067
15.436	-0.930283
15.437	-0.945866
15.438	-0.976196
15.439	-1.001091
15.44	-0.947747
15.441	-0.662149
15.442	0.039406
15.443	1.221077
15.444	2.716662
15.445	4.200842
15.446	5.378567
15.447	6.113676
15.448	6.426163
15.449	6.416118
15.45	6.193739
15.451	5.84802
15.452	5.442513
15.453	5.019699
15.454	4.606718
15.455	4.21956
15.456	3.865721
15.457	3.550681
15.458	3.287742
15.459	3.099239
15.46	3.004446
15.461	3.007225
15.462	3.095286
15.463	3.246944
15.464	3.436089
15.465	3.633034
15.466	3.804023
15.467	3.912585
15.468	3.9258
15.469	3.825989
15.47	3.62154
15.471	3.34708
15.472	3.051558
15.473	2.783269
15.474	2.579073
15.475	2.458706
15.476	2.424496
15.477	2.464979
15.478	2.556337
15.479	2.661063
15.48	2.734994
15.481	2.748096
15.482	2.703736
15.483	2.636963
15.484	2.590498
15.485	2.585149
15.486	2.604944
15.487	2.60637
15.488	2.543855
15.489	2.394826
15.49	2.17158
15.491	1.916508
15.492	1.685895
15.493	1.529968
15.494	1.475163
15.495	1.515844
15.496	1.620746
15.497	1.749762
15.498	1.870863
15.499	1.969659
15.5	2.048915
15.501	2.119959
15.502	2.191334
15.503	2.260152
15.504	2.31015
15.505	2.318052
15.506	2.264822
15.507	2.144589
15.508	1.966413
15.509	1.749281
15.51	1.515369
15.511	1.289167
15.512	1.101991
15.513	0.98987
15.514	0.979975
15.515	1.076362
15.516	1.25587
15.517	1.476429
15.518	1.693824
15.519	1.877449
15.52	2.015927
15.521	2.111906
15.522	2.171698
15.523	2.195787
15.524	2.175348
15.525	2.097886
15.526	1.958575
15.527	1.767036
15.528	1.542959
15.529	1.306653
15.53	1.075422
15.531	0.868319
15.532	0.711889
15.533	0.638167
15.534	0.673054
15.535	0.821571
15.536	1.05973
15.537	1.340108
15.538	1.609909
15.539	1.830458
15.54	1.986364
15.541	2.081419
15.542	2.125987
15.543	2.124501
15.544	2.071841
15.545	1.960308
15.546	1.789765
15.547	1.5725
15.548	1.330146
15.549	1.085609
15.55	0.857416
15.551	0.662687
15.552	0.523859
15.553	0.46832
15.554	0.518784
15.555	0.680386
15.556	0.931953
15.557	1.228619
15.558	1.516304
15.559	1.749927
15.56	1.907002
15.561	1.990307
15.562	2.016139
15.563	1.995633
15.564	1.924899
15.565	1.792228
15.566	1.594866
15.567	1.349977
15.568	1.090496
15.569	0.851457
15.57	0.660289
15.571	0.53092
15.572	0.442456
15.573	0.299344
15.574	-0.071356
15.575	-0.81261
15.576	-1.874421
15.577	-2.983525
15.578	-3.813474
15.579	-4.186417
15.58	-4.130699
15.581	-3.797523
15.582	-3.347707
15.583	-2.889547
15.584	-2.472421
15.585	-2.104634
15.586	-1.774548
15.587	-1.468348
15.588	-1.180879
15.589	-0.918871
15.59	-0.697805
15.591	-0.532852
15.592	-0.427467
15.593	-0.367787
15.594	-0.327485
15.595	-0.279276
15.596	-0.20505
15.597	-0.099026
15.598	0.03532
15.599	0.188875
15.6	0.345807
15.601	0.47979
15.602	0.559042
15.603	0.565979
15.604	0.515559
15.605	0.451095
15.606	0.418946
15.607	0.443059
15.608	0.515995
15.609	0.607287
15.61	0.680669
15.611	0.711015
15.612	0.694138
15.613	0.64606
15.614	0.592991
15.615	0.557235
15.616	0.546406
15.617	0.551976
15.618	0.557526
15.619	0.550876
15.62	0.532071
15.621	0.512406
15.622	0.506262
15.623	0.522468
15.624	0.560982
15.625	0.615324
15.626	0.677241
15.627	0.740172
15.628	0.799342
15.629	0.848591
15.63	0.878362
15.631	0.879312
15.632	0.849528
15.633	0.798517
15.634	0.743444
15.635	0.699767
15.636	0.673184
15.637	0.658586
15.638	0.645844
15.639	0.627558
15.64	0.603802
15.641	0.581741
15.642	0.571196
15.643	0.579385
15.644	0.607953
15.645	0.653076
15.646	0.707646
15.647	0.763922
15.648	0.814752
15.649	0.852858
15.65	0.870457
15.651	0.861788
15.652	0.827438
15.653	0.77642
15.654	0.723247
15.655	0.681171
15.656	0.655774
15.657	0.643131
15.658	0.633702
15.659	0.619275
15.66	0.598396
15.661	0.576971
15.662	0.564321
15.663	0.568011
15.664	0.590662
15.665	0.62963
15.666	0.678589
15.667	0.729649
15.668	0.77473
15.669	0.805878
15.67	0.816276
15.671	0.803155
15.672	0.770384
15.673	0.727702
15.674	0.686467
15.675	0.654523
15.676	0.633353
15.677	0.618981
15.678	0.605576
15.679	0.58927
15.68	0.570123
15.681	0.551769
15.682	0.539852
15.683	0.540079
15.684	0.555811
15.685	0.586038
15.686	0.625423
15.687	0.666533
15.688	0.702349
15.689	0.72718
15.69	0.736324
15.691	0.726595
15.692	0.698414
15.693	0.657463
15.694	0.613398
15.695	0.575619
15.696	0.549213
15.697	0.533919
15.698	0.525729
15.699	0.519446
15.7	0.511453
15.701	0.502015
15.702	0.495832
15.703	0.49992
15.704	0.519558
15.705	0.554843
15.706	0.600026
15.707	0.645691
15.708	0.6822
15.709	0.702435
15.71	0.703017
15.711	0.684536
15.712	0.651066
15.713	0.608818
15.714	0.564249
15.715	0.522485
15.716	0.487097
15.717	0.461693
15.718	0.452522
15.719	0.469746
15.72	0.524343
15.721	0.619666
15.722	0.740644
15.723	0.849844
15.724	0.902517
15.725	0.876234
15.726	0.788326
15.727	0.682985
15.728	0.601058
15.729	0.558225
15.73	0.544203
15.731	0.5372
15.732	0.519941
15.733	0.487606
15.734	0.446193
15.735	0.405721
15.736	0.373978
15.737	0.353736
15.738	0.343285
15.739	0.33877
15.74	0.336712
15.741	0.335935
15.742	0.338593
15.743	0.349487
15.744	0.373253
15.745	0.410741
15.746	0.457162
15.747	0.503618
15.748	0.541048
15.749	0.563257
15.75	0.567237
15.751	0.55255
15.752	0.521658
15.753	0.480385
15.754	0.436598
15.755	0.397331
15.756	0.366699
15.757	0.345924
15.758	0.334491
15.759	0.330917
15.76	0.333045
15.761	0.338844
15.762	0.347929
15.763	0.362457
15.764	0.385959
15.765	0.42038
15.766	0.463199
15.767	0.506937
15.768	0.541767
15.769	0.559223
15.77	0.554794
15.771	0.5292
15.772	0.488145
15.773	0.440102
15.774	0.393362
15.775	0.354191
15.776	0.326201
15.777	0.310254
15.778	0.304854
15.779	0.307122
15.78	0.313942
15.781	0.323122
15.782	0.334511
15.783	0.350255
15.784	0.373316
15.785	0.404858
15.786	0.442206
15.787	0.478927
15.788	0.506991
15.789	0.519309
15.79	0.51172
15.791	0.484527
15.792	0.442848
15.793	0.394994
15.794	0.349619
15.795	0.313211
15.796	0.288953
15.797	0.277301
15.798	0.277343
15.799	0.287116
15.8	0.302999
15.801	0.320427
15.802	0.336484
15.803	0.351922
15.804	0.370178
15.805	0.393937
15.806	0.422103
15.807	0.449527
15.808	0.469387
15.809	0.475831
15.81	0.465332
15.811	0.437464
15.812	0.395371
15.813	0.34519
15.814	0.294444
15.815	0.250184
15.816	0.217574
15.817	0.199211
15.818	0.195107
15.819	0.203091
15.82	0.219504
15.821	0.240333
15.822	0.262819
15.823	0.286756
15.824	0.314225
15.825	0.347413
15.826	0.385608
15.827	0.423499
15.828	0.452097
15.829	0.46193
15.83	0.447104
15.831	0.408313
15.832	0.352726
15.833	0.290721
15.834	0.231948
15.835	0.182942
15.836	0.146575
15.837	0.122986
15.838	0.112149
15.839	0.117704
15.84	0.149319
15.841	0.219949
15.842	0.337244
15.843	0.492017
15.844	0.650415
15.845	0.761302
15.846	0.783322
15.847	0.71277
15.848	0.585591
15.849	0.451515
15.85	0.344219
15.851	0.269918
15.852	0.216353
15.853	0.168719
15.854	0.11993
15.855	0.071795
15.856	0.030974
15.857	0.004735
15.858	-0.001613
15.859	0.013716
15.86	0.047922
15.861	0.093908
15.862	0.142904
15.863	0.188388
15.864	0.228249
15.865	0.263549
15.866	0.29603
15.867	0.328178
15.868	0.366246
15.869	0.42169
15.87	0.50704
15.871	0.628668
15.872	0.782024
15.873	0.951488
15.874	1.114019
15.875	1.245266
15.876	1.325687
15.877	1.344399
15.878	1.300091
15.879	1.198825
15.88	1.05043
15.881	0.866809
15.882	0.662442
15.883	0.454902
15.884	0.264881
15.885	0.115094
15.886	0.025768
15.887	0.007957
15.888	0.059903
15.889	0.168958
15.89	0.317044
15.891	0.486171
15.892	0.660906
15.893	0.827377
15.894	0.972143
15.895	1.082986
15.896	1.150164
15.897	1.167295
15.898	1.132211
15.899	1.047149
15.9	0.918524
15.901	0.756934
15.902	0.576497
15.903	0.393704
15.904	0.227379
15.905	0.098123
15.906	0.024025
15.907	0.014261
15.908	0.065619
15.909	0.164763
15.91	0.294591
15.911	0.439933
15.912	0.588856
15.913	0.730891
15.914	0.856059
15.915	0.955378
15.916	1.021008
15.917	1.046386
15.918	1.027426
15.919	0.964006
15.92	0.86081
15.921	0.726791
15.922	0.573322
15.923	0.413438
15.924	0.263002
15.925	0.140241
15.926	0.06171
15.927	0.03749
15.928	0.068481
15.929	0.146945
15.93	0.259899
15.931	0.392559
15.932	0.530025
15.933	0.6588
15.934	0.768596
15.935	0.852066
15.936	0.902983
15.937	0.916253
15.938	0.890036
15.939	0.827116
15.94	0.733943
15.941	0.618214
15.942	0.487505
15.943	0.350998
15.944	0.22213
15.945	0.117633
15.946	0.052853
15.947	0.036986
15.948	0.070433
15.949	0.145264
15.95	0.248569
15.951	0.366009
15.952	0.48415
15.953	0.592617
15.954	0.684945
15.955	0.756253
15.956	0.800459
15.957	0.810698
15.958	0.782192
15.959	0.715588
15.96	0.61993
15.961	0.513799
15.962	0.423018
15.963	0.374111
15.964	0.38294
15.965	0.441654
15.966	0.515397
15.967	0.559911
15.968	0.551927
15.969	0.505818
15.97	0.460788
15.971	0.45193
15.972	0.4904
15.973	0.56377
15.974	0.648381
15.975	0.721113
15.976	0.765768
15.977	0.774884
15.978	0.748459
15.979	0.691383
15.98	0.610757
15.981	0.513433
15.982	0.405444
15.983	0.293879
15.984	0.188461
15.985	0.100881
15.986	0.042669
15.987	0.02224
15.988	0.042074
15.989	0.097713
15.99	0.178888
15.991	0.272234
15.992	0.365376
15.993	0.450105
15.994	0.521554
15.995	0.575134
15.996	0.605839
15.997	0.610287
15.998	0.588652
15.999	0.544722
16.0	0.483916
16.001	0.410846
16.002	0.328965
16.003	0.242268
16.004	0.156772
16.005	0.081024
16.006	0.025651
16.007	0.000953
16.008	0.012903
16.009	0.059977
16.01	0.132742
16.011	0.217108
16.012	0.300091
16.013	0.373701
16.014	0.434109
16.015	0.478963
16.016	0.50633
16.017	0.514641
16.018	0.502575
16.019	0.469548
16.02	0.416768
16.021	0.347892
16.022	0.268804
16.023	0.186552
16.024	0.108596
16.025	0.043257
16.026	-0.000458
16.027	-0.015387
16.028	0.000581
16.029	0.04334
16.03	0.104018
16.031	0.172174
16.032	0.23917
16.033	0.299427
16.034	0.349445
16.035	0.386929
16.036	0.410604
16.037	0.4196
16.038	0.412896
16.039	0.389712
16.04	0.350572
16.041	0.2983
16.042	0.23783
16.043	0.174467
16.044	0.11258
16.045	0.056423
16.046	0.011757
16.047	-0.014138
16.048	-0.014986
16.049	0.010759
16.05	0.057955
16.051	0.116692
16.052	0.176617
16.053	0.230207
16.054	0.273605
16.055	0.305643
16.056	0.325814
16.057	0.332946
16.058	0.325884
16.059	0.304601
16.06	0.270392
16.061	0.225816
16.062	0.174297
16.063	0.119094
16.064	0.063475
16.065	0.012508
16.066	-0.02652
16.067	-0.046408
16.068	-0.042839
16.069	-0.015968
16.07	0.029348
16.071	0.08473
16.072	0.140464
16.073	0.188389
16.074	0.224507
16.075	0.248943
16.076	0.263013
16.077	0.266521
16.078	0.257138
16.079	0.231714
16.08	0.189719
16.081	0.137101
16.082	0.086897
16.083	0.056338
16.084	0.063064
16.085	0.119045
16.086	0.219508
16.087	0.333816
16.088	0.414108
16.089	0.424669
16.09	0.367954
16.091	0.281161
16.092	0.208078
16.093	0.173213
16.094	0.175569
16.095	0.198395
16.096	0.222507
16.097	0.23485
16.098	0.230304
16.099	0.209383
16.1	0.175763
16.101	0.134412
16.102	0.089175
16.103	0.041201
16.104	-0.009364
16.105	-0.059882
16.106	-0.103956
16.107	-0.133149
16.108	-0.140017
16.109	-0.121844
16.11	-0.083594
16.111	-0.036929
16.112	0.005481
16.113	0.036696
16.114	0.057486
16.115	0.071841
16.116	0.08164
16.117	0.085547
16.118	0.08068
16.119	0.064898
16.12	0.039263
16.121	0.008004
16.122	-0.02541
16.123	-0.061502
16.124	-0.102533
16.125	-0.146793
16.126	-0.185924
16.127	-0.209319
16.128	-0.211807
16.129	-0.196576
16.13	-0.171235
16.131	-0.142395
16.132	-0.112993
16.133	-0.082971
16.134	-0.053016
16.135	-0.027491
16.136	-0.011787
16.137	-0.007418
16.138	-0.011874
16.139	-0.022161
16.14	-0.036695
16.141	-0.054966
16.142	-0.077078
16.143	-0.103469
16.144	-0.134469
16.145	-0.16921
16.146	-0.203658
16.147	-0.23014
16.148	-0.240615
16.149	-0.231156
16.15	-0.20409
16.151	-0.167173
16.152	-0.130113
16.153	-0.099843
16.154	-0.078274
16.155	-0.064099
16.156	-0.055619
16.157	-0.051863
16.158	-0.052191
16.159	-0.055596
16.16	-0.061101
16.161	-0.069058
16.162	-0.081163
16.163	-0.098911
16.164	-0.122699
16.165	-0.151915
16.166	-0.184145
16.167	-0.21398
16.168	-0.233866
16.169	-0.237464
16.17	-0.223415
16.171	-0.196519
16.172	-0.164903
16.173	-0.135677
16.174	-0.11286
16.175	-0.097753
16.176	-0.089881
16.177	-0.08796
16.178	-0.090532
16.179	-0.09609
16.18	-0.103555
16.181	-0.112945
16.182	-0.125128
16.183	-0.141052
16.184	-0.161338
16.185	-0.185286
16.186	-0.209247
16.187	-0.226884
16.188	-0.232282
16.189	-0.223479
16.19	-0.203723
16.191	-0.179577
16.192	-0.157232
16.193	-0.140023
16.194	-0.128431
16.195	-0.121106
16.196	-0.116071
16.197	-0.112474
16.198	-0.111854
16.199	-0.117525
16.2	-0.131828
16.201	-0.152075
16.202	-0.167989
16.203	-0.164111
16.204	-0.12705
16.205	-0.054252
16.206	0.039211
16.207	0.121973
16.208	0.161173
16.209	0.14292
16.21	0.08085
16.211	0.005627
16.212	-0.054186
16.213	-0.08519
16.214	-0.090131
16.215	-0.080564
16.216	-0.068579
16.217	-0.061931
16.218	-0.062784
16.219	-0.06926
16.22	-0.078334
16.221	-0.087897
16.222	-0.097481
16.223	-0.10845
16.224	-0.12312
16.225	-0.142459
16.226	-0.16441
16.227	-0.184443
16.228	-0.197376
16.229	-0.199544
16.23	-0.190734
16.231	-0.174292
16.232	-0.15524
16.233	-0.138104
16.234	-0.125333
16.235	-0.116883
16.236	-0.111518
16.237	-0.108337
16.238	-0.106868
16.239	-0.106584
16.24	-0.106998
16.241	-0.108093
16.242	-0.110865
16.243	-0.117364
16.244	-0.129395
16.245	-0.146754
16.246	-0.166688
16.247	-0.184687
16.248	-0.19603
16.249	-0.197864
16.25	-0.190626
16.251	-0.177501
16.252	-0.162713
16.253	-0.149925
16.254	-0.140911
16.255	-0.135086
16.256	-0.13064
16.257	-0.12641
16.258	-0.122858
16.259	-0.121467
16.26	-0.123251
16.261	-0.127986
16.262	-0.134926
16.263	-0.143594
16.264	-0.153449
16.265	-0.163579
16.266	-0.173241
16.267	-0.181786
16.268	-0.187873
16.269	-0.189614
16.27	-0.185807
16.271	-0.17698
16.272	-0.165509
16.273	-0.154603
16.274	-0.146653
16.275	-0.142375
16.276	-0.141135
16.277	-0.141472
16.278	-0.141387
16.279	-0.138815
16.28	-0.132591
16.281	-0.123484
16.282	-0.114179
16.283	-0.10757
16.284	-0.105142
16.285	-0.10754
16.286	-0.115729
16.287	-0.130067
16.288	-0.148452
16.289	-0.166315
16.29	-0.178828
16.291	-0.183648
16.292	-0.18199
16.293	-0.176947
16.294	-0.170976
16.295	-0.165235
16.296	-0.160516
16.297	-0.157541
16.298	-0.156181
16.299	-0.155121
16.3	-0.152928
16.301	-0.149569
16.302	-0.146469
16.303	-0.144956
16.304	-0.14539
16.305	-0.148033
16.306	-0.153744
16.307	-0.163115
16.308	-0.175121
16.309	-0.18678
16.31	-0.194371
16.311	-0.195476
16.312	-0.190155
16.313	-0.180485
16.314	-0.169316
16.315	-0.159139
16.316	-0.151127
16.317	-0.144817
16.318	-0.139129
16.319	-0.133959
16.32	-0.130878
16.321	-0.132509
16.322	-0.140892
16.323	-0.155284
16.324	-0.170083
16.325	-0.173542
16.326	-0.149051
16.327	-0.081946
16.328	0.028525
16.329	0.158774
16.33	0.263508
16.331	0.298476
16.332	0.250159
16.333	0.145289
16.334	0.031279
16.335	-0.053122
16.336	-0.094024
16.337	-0.099575
16.338	-0.08709
16.339	-0.071636
16.34	-0.061422
16.341	-0.058629
16.342	-0.061916
16.343	-0.068731
16.344	-0.077419
16.345	-0.088288
16.346	-0.102722
16.347	-0.121479
16.348	-0.143373
16.349	-0.164756
16.35	-0.180662
16.351	-0.187546
16.352	-0.185451
16.353	-0.177637
16.354	-0.168407
16.355	-0.160957
16.356	-0.156245
16.357	-0.153287
16.358	-0.1505
16.359	-0.146929
16.36	-0.142785
16.361	-0.139167
16.362	-0.137136
16.363	-0.137194
16.364	-0.139644
16.365	-0.144808
16.366	-0.152626
16.367	-0.162506
16.368	-0.173565
16.369	-0.184717
16.37	-0.194601
16.371	-0.201592
16.372	-0.204153
16.373	-0.201782
16.374	-0.195623
16.375	-0.187467
16.376	-0.178191
16.377	-0.167778
16.378	-0.156675
16.379	-0.146519
16.38	-0.139308
16.381	-0.135751
16.382	-0.134646
16.383	-0.134228
16.384	-0.133959
16.385	-0.134859
16.386	-0.138586
16.387	-0.146188
16.388	-0.157181
16.389	-0.169678
16.39	-0.181335
16.391	-0.190011
16.392	-0.194228
16.393	-0.193874
16.394	-0.190097
16.395	-0.18419
16.396	-0.17719
16.397	-0.170321
16.398	-0.164642
16.399	-0.160071
16.4	-0.155351
16.401	-0.149133
16.402	-0.141092
16.403	-0.13209
16.404	-0.123463
16.405	-0.116548
16.406	-0.112841
16.407	-0.11384
16.408	-0.120114
16.409	-0.130668
16.41	-0.143494
16.411	-0.156614
16.412	-0.168631
16.413	-0.178603
16.414	-0.185517
16.415	-0.188237
16.416	-0.186402
16.417	-0.180976
16.418	-0.173533
16.419	-0.165297
16.42	-0.156956
16.421	-0.149086
16.422	-0.142664
16.423	-0.138884
16.424	-0.138229
16.425	-0.140038
16.426	-0.143206
16.427	-0.146988
16.428	-0.151402
16.429	-0.157363
16.43	-0.166123
16.431	-0.177942
16.432	-0.191105
16.433	-0.202147
16.434	-0.207153
16.435	-0.203725
16.436	-0.19263
16.437	-0.177614
16.438	-0.163362
16.439	-0.153235
16.44	-0.147985
16.441	-0.146062
16.442	-0.145402
16.443	-0.145253
16.444	-0.146728
16.445	-0.152211
16.446	-0.163512
16.447	-0.17829
16.448	-0.186545
16.449	-0.170919
16.45	-0.113216
16.451	-0.006643
16.452	0.131148
16.453	0.25615
16.454	0.317769
16.455	0.290775
16.456	0.19247
16.457	0.069566
16.458	-0.031977
16.459	-0.088988
16.46	-0.103682
16.461	-0.09321
16.462	-0.076821
16.463	-0.067118
16.464	-0.06781
16.465	-0.076749
16.466	-0.090163
16.467	-0.105029
16.468	-0.11971
16.469	-0.133836
16.47	-0.147844
16.471	-0.162452
16.472	-0.177737
16.473	-0.191743
16.474	-0.200609
16.475	-0.20126
16.476	-0.193948
16.477	-0.181861
16.478	-0.168697
16.479	-0.156569
16.48	-0.145725
16.481	-0.136068
16.482	-0.128387
16.483	-0.123694
16.484	-0.122117
16.485	-0.123027
16.486	-0.12571
16.487	-0.12979
16.488	-0.135538
16.489	-0.1439
16.49	-0.156031
16.491	-0.172323
16.492	-0.191065
16.493	-0.208091
16.494	-0.218698
16.495	-0.220273
16.496	-0.213098
16.497	-0.199457
16.498	-0.182608
16.499	-0.16587
16.5	-0.151654
16.501	-0.140978
16.502	-0.13366
16.503	-0.128903
16.504	-0.126085
16.505	-0.12529
16.506	-0.126959
16.507	-0.131246
16.508	-0.137957
16.509	-0.146818
16.51	-0.157579
16.511	-0.169805
16.512	-0.182367
16.513	-0.193291
16.514	-0.200498
16.515	-0.202637
16.516	-0.199312
16.517	-0.191163
16.518	-0.179584
16.519	-0.165904
16.52	-0.151173
16.521	-0.13674
16.522	-0.124258
16.523	-0.114922
16.524	-0.109048
16.525	-0.106198
16.526	-0.105471
16.527	-0.106075
16.528	-0.107832
16.529	-0.111068
16.53	-0.11636
16.531	-0.124292
16.532	-0.134837
16.533	-0.147119
16.534	-0.159823
16.535	-0.17114
16.536	-0.178556
16.537	-0.17971
16.538	-0.173887
16.539	-0.162739
16.54	-0.149612
16.541	-0.1377
16.542	-0.128378
16.543	-0.121309
16.544	-0.115937
16.545	-0.112294
16.546	-0.110539
16.547	-0.110626
16.548	-0.112603
16.549	-0.116827
16.55	-0.123722
16.551	-0.13325
16.552	-0.144719
16.553	-0.157196
16.554	-0.169513
16.555	-0.179291
16.556	-0.182812
16.557	-0.177059
16.558	-0.16214
16.559	-0.141827
16.56	-0.121755
16.561	-0.106417
16.562	-0.097139
16.563	-0.092579
16.564	-0.090712
16.565	-0.090181
16.566	-0.09094
16.567	-0.094805
16.568	-0.10489
16.569	-0.122731
16.57	-0.143956
16.571	-0.155599
16.572	-0.13864
16.573	-0.076318
16.574	0.034785
16.575	0.174702
16.576	0.299085
16.577	0.358063
16.578	0.328279
16.579	0.229811
16.58	0.11143
16.581	0.019042
16.582	-0.026948
16.583	-0.033271
16.584	-0.020204
16.585	-0.006616
16.586	-0.002899
16.587	-0.011305
16.588	-0.028815
16.589	-0.049943
16.59	-0.069527
16.591	-0.085272
16.592	-0.098585
16.593	-0.112605
16.594	-0.12869
16.595	-0.144718
16.596	-0.156529
16.597	-0.160406
16.598	-0.154632
16.599	-0.140094
16.6	-0.120054
16.601	-0.099054
16.602	-0.081402
16.603	-0.069718
16.604	-0.064149
16.605	-0.063083
16.606	-0.064853
16.607	-0.068626
16.608	-0.074282
16.609	-0.082167
16.61	-0.092682
16.611	-0.105823
16.612	-0.121114
16.613	-0.137611
16.614	-0.15366
16.615	-0.166773
16.616	-0.173972
16.617	-0.172702
16.618	-0.162258
16.619	-0.1448
16.62	-0.124564
16.621	-0.105758
16.622	-0.091056
16.623	-0.081259
16.624	-0.075733
16.625	-0.073562
16.626	-0.074472
16.627	-0.078534
16.628	-0.085475
16.629	-0.094537
16.63	-0.104781
16.631	-0.115555
16.632	-0.126638
16.633	-0.137781
16.634	-0.148329
16.635	-0.157445
16.636	-0.164269
16.637	-0.167631
16.638	-0.165975
16.639	-0.157982
16.64	-0.143568
16.641	-0.124666
16.642	-0.104976
16.643	-0.088223
16.644	-0.076374
16.645	-0.069668
16.646	-0.067559
16.647	-0.068916
16.648	-0.071832
16.649	-0.073998
16.65	-0.073898
16.651	-0.072091
16.652	-0.071024
16.653	-0.073201
16.654	-0.079664
16.655	-0.089957
16.656	-0.102689
16.657	-0.115821
16.658	-0.126849
16.659	-0.133186
16.66	-0.133099
16.661	-0.126919
16.662	-0.117001
16.663	-0.106123
16.664	-0.096401
16.665	-0.0895
16.666	-0.086568
16.667	-0.087665
16.668	-0.091872
16.669	-0.098093
16.67	-0.105615
16.671	-0.113983
16.672	-0.122459
16.673	-0.130075
16.674	-0.136614
16.675	-0.142893
16.676	-0.149415
16.677	-0.154992
16.678	-0.156953
16.679	-0.152671
16.68	-0.141335
16.681	-0.124701
16.682	-0.106185
16.683	-0.089302
16.684	-0.076763
16.685	-0.069898
16.686	-0.06808
16.687	-0.069391
16.688	-0.072639
16.689	-0.078716
16.69	-0.090063
16.691	-0.108649
16.692	-0.132965
16.693	-0.15508
16.694	-0.159981
16.695	-0.129089
16.696	-0.048484
16.697	0.079223
16.698	0.225233
16.699	0.339689
16.7	0.377402
16.701	0.327459
16.702	0.220369
16.703	0.106226
16.704	0.023787
16.705	-0.015497
16.706	-0.022868
16.707	-0.017923
16.708	-0.016216
16.709	-0.023946
16.71	-0.039489
16.711	-0.058149
16.712	-0.076061
16.713	-0.091705
16.714	-0.105615
16.715	-0.119241
16.716	-0.133787
16.717	-0.149139
16.718	-0.162909
16.719	-0.170757
16.72	-0.168772
16.721	-0.15627
16.722	-0.136625
16.723	-0.115653
16.724	-0.098682
16.725	-0.088047
16.726	-0.082832
16.727	-0.080908
16.728	-0.081216
16.729	-0.084522
16.73	-0.09238
16.731	-0.105105
16.732	-0.120566
16.733	-0.135325
16.734	-0.147163
16.735	-0.156382
16.736	-0.164723
16.737	-0.17315
16.738	-0.180605
16.739	-0.184593
16.74	-0.182726
16.741	-0.173927
16.742	-0.159083
16.743	-0.141095
16.744	-0.123772
16.745	-0.110116
16.746	-0.101661
16.747	-0.098732
16.748	-0.100478
16.749	-0.105155
16.75	-0.111186
16.751	-0.117905
16.752	-0.125234
16.753	-0.132996
16.754	-0.140716
16.755	-0.148145
16.756	-0.155978
16.757	-0.165392
16.758	-0.176157
16.759	-0.185275
16.76	-0.188093
16.761	-0.181462
16.762	-0.166288
16.763	-0.146947
16.764	-0.128151
16.765	-0.112888
16.766	-0.103003
16.767	-0.099763
16.768	-0.102756
16.769	-0.109095
16.77	-0.114654
16.771	-0.116437
16.772	-0.114292
16.773	-0.110719
16.774	-0.108705
16.775	-0.109664
16.776	-0.113369
16.777	-0.118988
16.778	-0.125554
16.779	-0.131808
16.78	-0.136084
16.781	-0.136706
16.782	-0.13283
16.783	-0.124889
16.784	-0.114315
16.785	-0.103221
16.786	-0.093905
16.787	-0.087754
16.788	-0.084756
16.789	-0.084504
16.79	-0.087288
16.791	-0.093742
16.792	-0.103524
16.793	-0.114622
16.794	-0.124195
16.795	-0.130297
16.796	-0.132975
16.797	-0.133856
16.798	-0.1348
16.799	-0.136644
16.8	-0.138451
16.801	-0.137684
16.802	-0.131581
16.803	-0.118934
16.804	-0.101254
16.805	-0.08265
16.806	-0.06795
16.807	-0.060164
16.808	-0.059377
16.809	-0.063593
16.81	-0.070552
16.811	-0.079339
16.812	-0.090611
16.813	-0.105317
16.814	-0.122897
16.815	-0.139248
16.816	-0.144605
16.817	-0.123479
16.818	-0.059706
16.819	0.052789
16.82	0.197615
16.821	0.332657
16.822	0.407422
16.823	0.394666
16.824	0.308983
16.825	0.194659
16.826	0.096239
16.827	0.036738
16.828	0.014439
16.829	0.013557
16.83	0.017706
16.831	0.017146
16.832	0.008843
16.833	-0.005806
16.834	-0.022851
16.835	-0.038226
16.836	-0.050217
16.837	-0.059972
16.838	-0.069908
16.839	-0.081273
16.84	-0.092577
16.841	-0.100075
16.842	-0.099902
16.843	-0.090413
16.844	-0.073435
16.845	-0.053488
16.846	-0.035401
16.847	-0.022258
16.848	-0.014915
16.849	-0.012712
16.85	-0.014701
16.851	-0.020399
16.852	-0.029202
16.853	-0.039553
16.854	-0.049481
16.855	-0.057606
16.856	-0.063308
16.857	-0.066787
16.858	-0.069491
16.859	-0.073652
16.86	-0.080445
16.861	-0.088265
16.862	-0.09287
16.863	-0.089937
16.864	-0.078354
16.865	-0.061279
16.866	-0.044192
16.867	-0.031982
16.868	-0.026933
16.869	-0.028234
16.87	-0.03325
16.871	-0.03953
16.872	-0.045644
16.873	-0.050892
16.874	-0.055099
16.875	-0.058522
16.876	-0.061625
16.877	-0.065133
16.878	-0.069979
16.879	-0.076469
16.88	-0.083363
16.881	-0.088012
16.882	-0.087631
16.883	-0.080866
16.884	-0.068552
16.885	-0.053328
16.886	-0.03879
16.887	-0.028531
16.888	-0.024783
16.889	-0.027226
16.89	-0.033181
16.891	-0.039194
16.892	-0.042641
16.893	-0.042494
16.894	-0.039091
16.895	-0.033311
16.896	-0.026343
16.897	-0.020084
16.898	-0.016788
16.899	-0.017961
16.9	-0.023678
16.901	-0.032508
16.902	-0.041821
16.903	-0.048646
16.904	-0.05072
16.905	-0.047224
16.906	-0.039175
16.907	-0.0292
16.908	-0.02047
16.909	-0.015377
16.91	-0.014747
16.911	-0.017706
16.912	-0.022284
16.913	-0.026761
16.914	-0.030382
16.915	-0.032482
16.916	-0.031851
16.917	-0.027893
16.918	-0.022147
16.919	-0.01821
16.92	-0.019644
16.921	-0.027123
16.922	-0.037124
16.923	-0.043521
16.924	-0.041181
16.925	-0.029082
16.926	-0.010918
16.927	0.00702
16.928	0.019225
16.929	0.023568
16.93	0.021652
16.931	0.016829
16.932	0.011389
16.933	0.005238
16.934	-0.003193
16.935	-0.015395
16.936	-0.031476
16.937	-0.047772
16.938	-0.053839
16.939	-0.032879
16.94	0.031449
16.941	0.143367
16.942	0.283839
16.943	0.409708
16.944	0.472408
16.945	0.44819
16.946	0.353878
16.947	0.233771
16.948	0.131538
16.949	0.069795
16.95	0.047189
16.951	0.048078
16.952	0.054766
16.953	0.05574
16.954	0.048251
16.955	0.035856
16.956	0.023577
16.957	0.014363
16.958	0.008138
16.959	0.002658
16.96	-0.004719
16.961	-0.01532
16.962	-0.028196
16.963	-0.039926
16.964	-0.045679
16.965	-0.042
16.966	-0.029482
16.967	-0.012763
16.968	0.002112
16.969	0.010831
16.97	0.012413
16.971	0.008577
16.972	0.00214
16.973	-0.004163
16.974	-0.008505
16.975	-0.010525
16.976	-0.010762
16.977	-0.009448
16.978	-0.00666
16.979	-0.00378
16.98	-0.003771
16.981	-0.0092
16.982	-0.019594
16.983	-0.030584
16.984	-0.036185
16.985	-0.032733
16.986	-0.021226
16.987	-0.006428
16.988	0.006092
16.989	0.012841
16.99	0.013467
16.991	0.009774
16.992	0.004243
16.993	-0.000824
16.994	-0.004046
16.995	-0.005525
16.996	-0.006331
16.997	-0.007526
16.998	-0.009769
16.999	-0.013251
17.0	-0.017913
17.001	-0.023998
17.002	-0.031888
17.003	-0.040787
17.004	-0.047794
17.005	-0.049041
17.006	-0.042566
17.007	-0.030282
17.008	-0.016735
17.009	-0.005957
17.01	0.000391
17.011	0.002745
17.012	0.002727
17.013	0.002429
17.014	0.003656
17.015	0.00734
17.016	0.013433
17.017	0.020923
17.018	0.028061
17.019	0.033001
17.02	0.034153
17.021	0.030053
17.022	0.020016
17.023	0.00568
17.024	-0.00873
17.025	-0.018311
17.026	-0.019856
17.027	-0.013204
17.028	-0.001314
17.029	0.011052
17.03	0.01947
17.031	0.021707
17.032	0.018439
17.033	0.012227
17.034	0.005576
17.035	0.000118
17.036	-0.002833
17.037	-0.002205
17.038	0.001925
17.039	0.007602
17.04	0.01126
17.041	0.009309
17.042	0.000577
17.043	-0.012245
17.044	-0.02367
17.045	-0.028087
17.046	-0.02231
17.047	-0.007304
17.048	0.011761
17.049	0.0279
17.05	0.035978
17.051	0.035135
17.052	0.028449
17.053	0.020289
17.054	0.013512
17.055	0.008334
17.056	0.002755
17.057	-0.006002
17.058	-0.018454
17.059	-0.028991
17.06	-0.024373
17.061	0.012767
17.062	0.095458
17.063	0.221152
17.064	0.362841
17.065	0.473141
17.066	0.508177
17.067	0.456589
17.068	0.347206
17.069	0.228769
17.07	0.140547
17.071	0.095748
17.072	0.084578
17.073	0.088279
17.074	0.091895
17.075	0.089311
17.076	0.081103
17.077	0.070266
17.078	0.059784
17.079	0.051701
17.08	0.046137
17.081	0.040823
17.082	0.032324
17.083	0.018671
17.084	0.001898
17.085	-0.011798
17.086	-0.015625
17.087	-0.007086
17.088	0.010076
17.089	0.028112
17.09	0.039573
17.091	0.040962
17.092	0.033836
17.093	0.022987
17.094	0.013255
17.095	0.007299
17.096	0.005296
17.097	0.006038
17.098	0.008084
17.099	0.009866
17.1	0.009299
17.101	0.004083
17.102	-0.00719
17.103	-0.023635
17.104	-0.041187
17.105	-0.053801
17.106	-0.056934
17.107	-0.05046
17.108	-0.038296
17.109	-0.025435
17.11	-0.015096
17.111	-0.007877
17.112	-0.002901
17.113	0.000487
17.114	0.002175
17.115	0.00179
17.116	-0.00103
17.117	-0.006311
17.118	-0.013096
17.119	-0.019574
17.12	-0.024278
17.121	-0.027444
17.122	-0.031304
17.123	-0.038288
17.124	-0.048204
17.125	-0.057512
17.126	-0.061831
17.127	-0.058971
17.128	-0.049951
17.129	-0.038012
17.13	-0.026902
17.131	-0.019693
17.132	-0.018055
17.133	-0.021329
17.134	-0.026385
17.135	-0.029424
17.136	-0.028259
17.137	-0.022957
17.138	-0.015042
17.139	-0.006517
17.14	0.000614
17.141	0.004117
17.142	0.001366
17.143	-0.009467
17.144	-0.02725
17.145	-0.047065
17.146	-0.062093
17.147	-0.067121
17.148	-0.061527
17.149	-0.049713
17.15	-0.038411
17.151	-0.032668
17.152	-0.033181
17.153	-0.03675
17.154	-0.039645
17.155	-0.040837
17.156	-0.041763
17.157	-0.043397
17.158	-0.04447
17.159	-0.042871
17.16	-0.038742
17.161	-0.035838
17.162	-0.038985
17.163	-0.049688
17.164	-0.064563
17.165	-0.077948
17.166	-0.085201
17.167	-0.083947
17.168	-0.074424
17.169	-0.05998
17.17	-0.046092
17.171	-0.037373
17.172	-0.035447
17.173	-0.039377
17.174	-0.046625
17.175	-0.053509
17.176	-0.057171
17.177	-0.058677
17.178	-0.062729
17.179	-0.07268
17.18	-0.085626
17.181	-0.091456
17.182	-0.075376
17.183	-0.023402
17.184	0.068809
17.185	0.186338
17.186	0.292873
17.187	0.345834
17.188	0.323418
17.189	0.239918
17.19	0.134446
17.191	0.045118
17.192	-0.008909
17.193	-0.028474
17.194	-0.025816
17.195	-0.01574
17.196	-0.009476
17.197	-0.01167
17.198	-0.021039
17.199	-0.033491
17.2	-0.045819
17.201	-0.057692
17.202	-0.070403
17.203	-0.084502
17.204	-0.099187
17.205	-0.112652
17.206	-0.122047
17.207	-0.124356
17.208	-0.11857
17.209	-0.106904
17.21	-0.093753
17.211	-0.083076
17.212	-0.076022
17.213	-0.071444
17.214	-0.068851
17.215	-0.069279
17.216	-0.072853
17.217	-0.07746
17.218	-0.080722
17.219	-0.082211
17.22	-0.08354
17.221	-0.087113
17.222	-0.094921
17.223	-0.10791
17.224	-0.125275
17.225	-0.143477
17.226	-0.156649
17.227	-0.159491
17.228	-0.150637
17.229	-0.133792
17.23	-0.115933
17.231	-0.103586
17.232	-0.099371
17.233	-0.101291
17.234	-0.105079
17.235	-0.107351
17.236	-0.107285
17.237	-0.106214
17.238	-0.105753
17.239	-0.10613
17.24	-0.106436
17.241	-0.10648
17.242	-0.108122
17.243	-0.114398
17.244	-0.126661
17.245	-0.142213
17.246	-0.155315
17.247	-0.160968
17.248	-0.157699
17.249	-0.147389
17.25	-0.133556
17.251	-0.119949
17.252	-0.109753
17.253	-0.104754
17.254	-0.104434
17.255	-0.10618
17.256	-0.107054
17.257	-0.105441
17.258	-0.101042
17.259	-0.09417
17.26	-0.085853
17.261	-0.078533
17.262	-0.076061
17.263	-0.082111
17.264	-0.097581
17.265	-0.119158
17.266	-0.140623
17.267	-0.155742
17.268	-0.160873
17.269	-0.156346
17.27	-0.145957
17.271	-0.134644
17.272	-0.125874
17.273	-0.120339
17.274	-0.116454
17.275	-0.112254
17.276	-0.107182
17.277	-0.101966
17.278	-0.097171
17.279	-0.092798
17.28	-0.089185
17.281	-0.087572
17.282	-0.089689
17.283	-0.096772
17.284	-0.10841
17.285	-0.121892
17.286	-0.132539
17.287	-0.135358
17.288	-0.127982
17.289	-0.112713
17.29	-0.095246
17.291	-0.081319
17.292	-0.074086
17.293	-0.073154
17.294	-0.07531
17.295	-0.07707
17.296	-0.077485
17.297	-0.078709
17.298	-0.083935
17.299	-0.094508
17.3	-0.107542
17.301	-0.114733
17.302	-0.103262
17.303	-0.059703
17.304	0.022513
17.305	0.133624
17.306	0.243171
17.307	0.310566
17.308	0.308961
17.309	0.243632
17.31	0.147871
17.311	0.060781
17.312	0.006108
17.313	-0.014135
17.314	-0.012282
17.315	-0.003715
17.316	0.000744
17.317	-0.002733
17.318	-0.012336
17.319	-0.023659
17.32	-0.032736
17.321	-0.038263
17.322	-0.042075
17.323	-0.047511
17.324	-0.056904
17.325	-0.069798
17.326	-0.08262
17.327	-0.090301
17.328	-0.089419
17.329	-0.0805
17.33	-0.067507
17.331	-0.055345
17.332	-0.047123
17.333	-0.042664
17.334	-0.039668
17.335	-0.03649
17.336	-0.033262
17.337	-0.030629
17.338	-0.028583
17.339	-0.026813
17.34	-0.02567
17.341	-0.026492
17.342	-0.030837
17.343	-0.039315
17.344	-0.051145
17.345	-0.064361
17.346	-0.076095
17.347	-0.08349
17.348	-0.085207
17.349	-0.081912
17.35	-0.075334
17.351	-0.067268
17.352	-0.059011
17.353	-0.051089
17.354	-0.043716
17.355	-0.037437
17.356	-0.032962
17.357	-0.030689
17.358	-0.030532
17.359	-0.031806
17.36	-0.03344
17.361	-0.034807
17.362	-0.036291
17.363	-0.038872
17.364	-0.043228
17.365	-0.049024
17.366	-0.054892
17.367	-0.059322
17.368	-0.061624
17.369	-0.061812
17.37	-0.059956
17.371	-0.056233
17.372	-0.051381
17.373	-0.046788
17.374	-0.044035
17.375	-0.043999
17.376	-0.046268
17.377	-0.049664
17.378	-0.052897
17.379	-0.054344
17.38	-0.052151
17.381	-0.045679
17.382	-0.036768
17.383	-0.029003
17.384	-0.025496
17.385	-0.027152
17.386	-0.032719
17.387	-0.040251
17.388	-0.048317
17.389	-0.055993
17.39	-0.062418
17.391	-0.066765
17.392	-0.068536
17.393	-0.067838
17.394	-0.065268
17.395	-0.061319
17.396	-0.056203
17.397	-0.050494
17.398	-0.045359
17.399	-0.041921
17.4	-0.040907
17.401	-0.042693
17.402	-0.046998
17.403	-0.052633
17.404	-0.057935
17.405	-0.061473
17.406	-0.062615
17.407	-0.061863
17.408	-0.060497
17.409	-0.059445
17.41	-0.058299
17.411	-0.055569
17.412	-0.050174
17.413	-0.04289
17.414	-0.036094
17.415	-0.031754
17.416	-0.030019
17.417	-0.029818
17.418	-0.030071
17.419	-0.030261
17.42	-0.030825
17.421	-0.033563
17.422	-0.04124
17.423	-0.055306
17.424	-0.071859
17.425	-0.078568
17.426	-0.056696
17.427	0.010527
17.428	0.125815
17.429	0.267477
17.43	0.39059
17.431	0.44739
17.432	0.416854
17.433	0.318649
17.434	0.198804
17.435	0.10072
17.436	0.044679
17.437	0.026348
17.438	0.028485
17.439	0.034252
17.44	0.034422
17.441	0.027528
17.442	0.016292
17.443	0.004025
17.444	-0.007113
17.445	-0.016422
17.446	-0.024614
17.447	-0.033289
17.448	-0.043582
17.449	-0.054869
17.45	-0.06463
17.451	-0.069913
17.452	-0.069392
17.453	-0.064024
17.454	-0.055996
17.455	-0.047681
17.456	-0.041104
17.457	-0.0372
17.458	-0.035462
17.459	-0.034871
17.46	-0.035225
17.461	-0.037356
17.462	-0.042048
17.463	-0.04884
17.464	-0.056067
17.465	-0.062378
17.466	-0.06813
17.467	-0.074928
17.468	-0.083848
17.469	-0.094226
17.47	-0.103905
17.471	-0.110495
17.472	-0.112537
17.473	-0.109648
17.474	-0.102255
17.475	-0.09188
17.476	-0.081287
17.477	-0.073459
17.478	-0.069978
17.479	-0.07017
17.48	-0.071799
17.481	-0.072974
17.482	-0.073488
17.483	-0.07429
17.484	-0.076146
17.485	-0.079332
17.486	-0.08425
17.487	-0.09162
17.488	-0.101898
17.489	-0.114407
17.49	-0.126762
17.491	-0.135613
17.492	-0.138684
17.493	-0.136282
17.494	-0.130919
17.495	-0.125604
17.496	-0.122348
17.497	-0.121747
17.498	-0.123495
17.499	-0.126878
17.5	-0.130804
17.501	-0.133993
17.502	-0.135541
17.503	-0.135243
17.504	-0.133587
17.505	-0.131618
17.506	-0.130427
17.507	-0.13062
17.508	-0.132614
17.509	-0.137142
17.51	-0.144826
17.511	-0.155352
17.512	-0.167097
17.513	-0.177359
17.514	-0.183536
17.515	-0.184729
17.516	-0.182103
17.517	-0.177747
17.518	-0.173684
17.519	-0.171773
17.52	-0.173703
17.521	-0.180204
17.522	-0.189875
17.523	-0.199267
17.524	-0.204987
17.525	-0.205825
17.526	-0.202677
17.527	-0.197408
17.528	-0.192592
17.529	-0.191131
17.53	-0.194651
17.531	-0.202141
17.532	-0.210242
17.533	-0.214896
17.534	-0.213501
17.535	-0.206235
17.536	-0.195738
17.537	-0.185726
17.538	-0.17923
17.539	-0.177056
17.54	-0.17762
17.541	-0.178456
17.542	-0.178136
17.543	-0.177441
17.544	-0.179257
17.545	-0.186739
17.546	-0.199971
17.547	-0.212712
17.548	-0.211286
17.549	-0.177441
17.55	-0.096478
17.551	0.030374
17.552	0.175571
17.553	0.28941
17.554	0.325795
17.555	0.273256
17.556	0.162388
17.557	0.04328
17.558	-0.044863
17.559	-0.088985
17.56	-0.09814
17.561	-0.090128
17.562	-0.08007
17.563	-0.075958
17.564	-0.079609
17.565	-0.088955
17.566	-0.100043
17.567	-0.109269
17.568	-0.115429
17.569	-0.120399
17.57	-0.127709
17.571	-0.139551
17.572	-0.154301
17.573	-0.166743
17.574	-0.171209
17.575	-0.165499
17.576	-0.152211
17.577	-0.136319
17.578	-0.121885
17.579	-0.110881
17.58	-0.103885
17.581	-0.100869
17.582	-0.101454
17.583	-0.104959
17.584	-0.110189
17.585	-0.115238
17.586	-0.11828
17.587	-0.119016
17.588	-0.118989
17.589	-0.12035
17.59	-0.124394
17.591	-0.130856
17.592	-0.138059
17.593	-0.143567
17.594	-0.144984
17.595	-0.140828
17.596	-0.131525
17.597	-0.119694
17.598	-0.10894
17.599	-0.101899
17.6	-0.098962
17.601	-0.098607
17.602	-0.099078
17.603	-0.099681
17.604	-0.100351
17.605	-0.100784
17.606	-0.100821
17.607	-0.101213
17.608	-0.103271
17.609	-0.107871
17.61	-0.114861
17.611	-0.123333
17.612	-0.132377
17.613	-0.141099
17.614	-0.147845
17.615	-0.150329
17.616	-0.147328
17.617	-0.14003
17.618	-0.131328
17.619	-0.123886
17.62	-0.118728
17.621	-0.115331
17.622	-0.112834
17.623	-0.110748
17.624	-0.108467
17.625	-0.105032
17.626	-0.099904
17.627	-0.093435
17.628	-0.086616
17.629	-0.081019
17.63	-0.078726
17.631	-0.081737
17.632	-0.09104
17.633	-0.105536
17.634	-0.121544
17.635	-0.134131
17.636	-0.139686
17.637	-0.137576
17.638	-0.129931
17.639	-0.120168
17.64	-0.111391
17.641	-0.105524
17.642	-0.103143
17.643	-0.103486
17.644	-0.104914
17.645	-0.106048
17.646	-0.106347
17.647	-0.105439
17.648	-0.102784
17.649	-0.098714
17.65	-0.095259
17.651	-0.095387
17.652	-0.101072
17.653	-0.111408
17.654	-0.12239
17.655	-0.128953
17.656	-0.127651
17.657	-0.118266
17.658	-0.103953
17.659	-0.089778
17.66	-0.079957
17.661	-0.075748
17.662	-0.075532
17.663	-0.076557
17.664	-0.077045
17.665	-0.077491
17.666	-0.080185
17.667	-0.087493
17.668	-0.100003
17.669	-0.113688
17.67	-0.116738
17.671	-0.090938
17.672	-0.019874
17.673	0.099344
17.674	0.245485
17.675	0.372816
17.676	0.431284
17.677	0.398261
17.678	0.294137
17.679	0.167486
17.68	0.064247
17.681	0.005809
17.682	-0.01227
17.683	-0.007709
17.684	0.001768
17.685	0.005549
17.686	0.001207
17.687	-0.008233
17.688	-0.018427
17.689	-0.026877
17.69	-0.034026
17.691	-0.042643
17.692	-0.055828
17.693	-0.074357
17.694	-0.095325
17.695	-0.113271
17.696	-0.122704
17.697	-0.1206
17.698	-0.108002
17.699	-0.089822
17.7	-0.072566
17.701	-0.061227
17.702	-0.057088
17.703	-0.057933
17.704	-0.060538
17.705	-0.062988
17.706	-0.06494
17.707	-0.06677
17.708	-0.068993
17.709	-0.071906
17.71	-0.075464
17.711	-0.079798
17.712	-0.085732
17.713	-0.09425
17.714	-0.105215
17.715	-0.116399
17.716	-0.123926
17.717	-0.124492
17.718	-0.117639
17.719	-0.105795
17.72	-0.092392
17.721	-0.080192
17.722	-0.070792
17.723	-0.06481
17.724	-0.062134
17.725	-0.062059
17.726	-0.063784
17.727	-0.067198
17.728	-0.072753
17.729	-0.080186
17.73	-0.087814
17.731	-0.093717
17.732	-0.097607
17.733	-0.101195
17.734	-0.106493
17.735	-0.113367
17.736	-0.118804
17.737	-0.119082
17.738	-0.112642
17.739	-0.100869
17.74	-0.086805
17.741	-0.073545
17.742	-0.063342
17.743	-0.05735
17.744	-0.055459
17.745	-0.056129
17.746	-0.056853
17.747	-0.055364
17.748	-0.050733
17.749	-0.043814
17.75	-0.036867
17.751	-0.032622
17.752	-0.033436
17.753	-0.040611
17.754	-0.053694
17.755	-0.070099
17.756	-0.085657
17.757	-0.096041
17.758	-0.098367
17.759	-0.092464
17.76	-0.081266
17.761	-0.069441
17.762	-0.060839
17.763	-0.05693
17.764	-0.056989
17.765	-0.059223
17.766	-0.061928
17.767	-0.064105
17.768	-0.06548
17.769	-0.066366
17.77	-0.067366
17.771	-0.069134
17.772	-0.072543
17.773	-0.078514
17.774	-0.086999
17.775	-0.096208
17.776	-0.103315
17.777	-0.105883
17.778	-0.102564
17.779	-0.093411
17.78	-0.080328
17.781	-0.066774
17.782	-0.056241
17.783	-0.050506
17.784	-0.048856
17.785	-0.049064
17.786	-0.049539
17.787	-0.050747
17.788	-0.054951
17.789	-0.064479
17.79	-0.079004
17.791	-0.093094
17.792	-0.095538
17.793	-0.070964
17.794	-0.004534
17.795	0.108498
17.796	0.25046
17.797	0.378128
17.798	0.441334
17.799	0.415059
17.8	0.317273
17.801	0.195556
17.802	0.095697
17.803	0.039227
17.804	0.022102
17.805	0.026927
17.806	0.036238
17.807	0.039973
17.808	0.036131
17.809	0.027297
17.81	0.016826
17.811	0.006659
17.812	-0.003244
17.813	-0.014231
17.814	-0.027692
17.815	-0.043963
17.816	-0.061275
17.817	-0.07517
17.818	-0.080025
17.819	-0.072669
17.82	-0.055155
17.821	-0.03397
17.822	-0.01614
17.823	-0.005338
17.824	-0.00101
17.825	-0.000456
17.826	-0.001186
17.827	-0.001865
17.828	-0.002457
17.829	-0.003825
17.83	-0.006504
17.831	-0.01008
17.832	-0.014094
17.833	-0.018926
17.834	-0.025564
17.835	-0.034762
17.836	-0.045824
17.837	-0.05584
17.838	-0.060908
17.839	-0.058522
17.84	-0.048919
17.841	-0.034802
17.842	-0.020029
17.843	-0.00793
17.844	-0.000293
17.845	0.002637
17.846	0.001815
17.847	-0.001199
17.848	-0.005234
17.849	-0.009794
17.85	-0.014168
17.851	-0.01709
17.852	-0.017872
17.853	-0.017523
17.854	-0.018593
17.855	-0.023664
17.856	-0.033164
17.857	-0.04442
17.858	-0.052963
17.859	-0.054784
17.86	-0.048055
17.861	-0.033905
17.862	-0.016011
17.863	0.000945
17.864	0.013055
17.865	0.018482
17.866	0.018095
17.867	0.015003
17.868	0.012975
17.869	0.014683
17.87	0.020653
17.871	0.02921
17.872	0.037388
17.873	0.042046
17.874	0.040493
17.875	0.031328
17.876	0.015698
17.877	-0.002527
17.878	-0.018215
17.879	-0.027059
17.88	-0.02747
17.881	-0.021413
17.882	-0.01315
17.883	-0.006484
17.884	-0.002841
17.885	-0.001406
17.886	-0.000404
17.887	0.001521
17.888	0.004476
17.889	0.00764
17.89	0.010315
17.891	0.012471
17.892	0.014303
17.893	0.015328
17.894	0.013997
17.895	0.008573
17.896	-0.001471
17.897	-0.014709
17.898	-0.02767
17.899	-0.035473
17.9	-0.033921
17.901	-0.022221
17.902	-0.004064
17.903	0.014031
17.904	0.026194
17.905	0.030373
17.906	0.028784
17.907	0.025178
17.908	0.021705
17.909	0.018134
17.91	0.013055
17.911	0.005235
17.912	-0.005159
17.913	-0.014189
17.914	-0.011373
17.915	0.019702
17.916	0.094055
17.917	0.212809
17.918	0.352758
17.919	0.46877
17.92	0.515358
17.921	0.475979
17.922	0.374525
17.923	0.257891
17.924	0.166671
17.925	0.117512
17.926	0.104097
17.927	0.109055
17.928	0.116424
17.929	0.117942
17.93	0.112547
17.931	0.102833
17.932	0.091855
17.933	0.081482
17.934	0.071984
17.935	0.062118
17.936	0.049859
17.937	0.034402
17.938	0.018239
17.939	0.006698
17.94	0.004627
17.941	0.01306
17.942	0.028593
17.943	0.045467
17.944	0.058685
17.945	0.066119
17.946	0.068431
17.947	0.06753
17.948	0.065208
17.949	0.062503
17.95	0.059655
17.951	0.056503
17.952	0.053083
17.953	0.050046
17.954	0.047956
17.955	0.045524
17.956	0.039436
17.957	0.027335
17.958	0.010821
17.959	-0.004812
17.96	-0.013296
17.961	-0.010602
17.962	0.0027
17.963	0.021705
17.964	0.040282
17.965	0.054346
17.966	0.0627
17.967	0.065992
17.968	0.065518
17.969	0.062588
17.97	0.058692
17.971	0.05565
17.972	0.054796
17.973	0.055973
17.974	0.057463
17.975	0.056653
17.976	0.051097
17.977	0.039827
17.978	0.024407
17.979	0.009084
17.98	-0.000392
17.981	0.000649
17.982	0.01299
17.983	0.032795
17.984	0.053736
17.985	0.070143
17.986	0.079223
17.987	0.081767
17.988	0.081096
17.989	0.080803
17.99	0.083042
17.991	0.088085
17.992	0.094725
17.993	0.101288
17.994	0.106255
17.995	0.107827
17.996	0.103923
17.997	0.093604
17.998	0.078488
17.999	0.062654
18.0	0.050931
18.001	0.046513
18.002	0.04959
18.003	0.057923
18.004	0.068287
18.005	0.077535
18.006	0.083587
18.007	0.086416
18.008	0.087632
18.009	0.088655
18.01	0.089497
18.011	0.089134
18.012	0.086761
18.013	0.082887
18.014	0.07899
18.015	0.075766
18.016	0.07199
18.017	0.065306
18.018	0.054301
18.019	0.040521
18.02	0.028866
18.021	0.025431
18.022	0.033964
18.023	0.053312
18.024	0.077481
18.025	0.098564
18.026	0.110991
18.027	0.113906
18.028	0.109974
18.029	0.102706
18.03	0.094878
18.031	0.087761
18.032	0.080501
18.033	0.070958
18.034	0.059139
18.035	0.051628
18.036	0.062985
18.037	0.110573
18.038	0.203806
18.039	0.332678
18.04	0.462925
18.041	0.547093
18.042	0.551701
18.043	0.480253
18.044	0.369837
18.045	0.26548
18.046	0.196165
18.047	0.167349
18.048	0.167334
18.049	0.178647
18.05	0.18733
18.051	0.186771
18.052	0.176955
18.053	0.161755
18.054	0.145876
18.055	0.132218
18.056	0.120577
18.057	0.108453
18.058	0.093611
18.059	0.076567
18.06	0.061084
18.061	0.052376
18.062	0.054145
18.063	0.066052
18.064	0.08354
18.065	0.100601
18.066	0.113151
18.067	0.120165
18.068	0.122675
18.069	0.122439
18.07	0.121002
18.071	0.119165
18.072	0.117048
18.073	0.114639
18.074	0.112075
18.075	0.109253
18.076	0.10511
18.077	0.097446
18.078	0.084253
18.079	0.066004
18.08	0.047
18.081	0.034211
18.082	0.033535
18.083	0.045824
18.084	0.066281
18.085	0.087847
18.086	0.104977
18.087	0.115042
18.088	0.118038
18.089	0.115942
18.09	0.111848
18.091	0.10862
18.092	0.107496
18.093	0.107828
18.094	0.108282
18.095	0.107874
18.096	0.105529
18.097	0.099311
18.098	0.087355
18.099	0.070141
18.1	0.051883
18.101	0.039329
18.102	0.038244
18.103	0.049974
18.104	0.070709
18.105	0.093717
18.106	0.112547
18.107	0.123481
18.108	0.126493
18.109	0.124482
18.11	0.121483
18.111	0.120776
18.112	0.123535
18.113	0.128804
18.114	0.134734
18.115	0.139594
18.116	0.141691
18.117	0.139218
18.118	0.130895
18.119	0.11696
18.12	0.099802
18.121	0.083669
18.122	0.073133
18.123	0.070997
18.124	0.076981
18.125	0.087872
18.126	0.099119
18.127	0.107292
18.128	0.111666
18.129	0.113511
18.13	0.114194
18.131	0.114099
18.132	0.112948
18.133	0.110885
18.134	0.109131
18.135	0.109049
18.136	0.11033
18.137	0.110366
18.138	0.105636
18.139	0.094319
18.14	0.078634
18.141	0.064893
18.142	0.060321
18.143	0.068666
18.144	0.087814
18.145	0.110739
18.146	0.129027
18.147	0.137146
18.148	0.134876
18.149	0.126461
18.15	0.117641
18.151	0.11239
18.152	0.110861
18.153	0.109814
18.154	0.105186
18.155	0.09544
18.156	0.08517
18.157	0.087171
18.158	0.119346
18.159	0.195444
18.16	0.313164
18.161	0.446022
18.162	0.548474
18.163	0.579417
18.164	0.52951
18.165	0.42697
18.166	0.317083
18.167	0.235522
18.168	0.194703
18.169	0.186597
18.17	0.194134
18.171	0.201674
18.172	0.200387
18.173	0.189286
18.174	0.173041
18.175	0.157527
18.176	0.145489
18.177	0.135259
18.178	0.123156
18.179	0.107116
18.18	0.088526
18.181	0.071379
18.182	0.060299
18.183	0.058938
18.184	0.068338
18.185	0.085288
18.186	0.103094
18.187	0.115472
18.188	0.120092
18.189	0.118803
18.19	0.11533
18.191	0.112603
18.192	0.11137
18.193	0.110801
18.194	0.109987
18.195	0.108613
18.196	0.106244
18.197	0.100997
18.198	0.089679
18.199	0.070722
18.2	0.047362
18.201	0.027169
18.202	0.018035
18.203	0.023551
18.204	0.040619
18.205	0.06146
18.206	0.078719
18.207	0.088607
18.208	0.090594
18.209	0.086692
18.21	0.080718
18.211	0.076012
18.212	0.073425
18.213	0.071909
18.214	0.07058
18.215	0.069744
18.216	0.069907
18.217	0.069791
18.218	0.065683
18.219	0.053847
18.22	0.034499
18.221	0.013511
18.222	-0.000315
18.223	-0.000528
18.224	0.013268
18.225	0.035913
18.226	0.05975
18.227	0.077544
18.228	0.084929
18.229	0.082145
18.23	0.073544
18.231	0.064971
18.232	0.060951
18.233	0.063012
18.234	0.069655
18.235	0.078167
18.236	0.086506
18.237	0.092766
18.238	0.093864
18.239	0.086938
18.24	0.072067
18.241	0.052491
18.242	0.031973
18.243	0.012812
18.244	-0.003183
18.245	-0.01309
18.246	-0.01408
18.247	-0.0063
18.248	0.006519
18.249	0.019403
18.25	0.02864
18.251	0.032578
18.252	0.031202
18.253	0.025885
18.254	0.019568
18.255	0.016009
18.256	0.017271
18.257	0.021221
18.258	0.021916
18.259	0.013535
18.26	-0.004821
18.261	-0.027287
18.262	-0.044431
18.263	-0.049249
18.264	-0.040683
18.265	-0.022619
18.266	-0.001654
18.267	0.014379
18.268	0.019332
18.269	0.012779
18.27	0.000552
18.271	-0.009808
18.272	-0.014681
18.273	-0.016265
18.274	-0.019387
18.275	-0.026298
18.276	-0.03355
18.277	-0.031831
18.278	-0.008129
18.279	0.048701
18.28	0.138613
18.281	0.242327
18.282	0.324488
18.283	0.352447
18.284	0.318158
18.285	0.243033
18.286	0.161636
18.287	0.100772
18.288	0.070066
18.289	0.06472
18.29	0.072959
18.291	0.082729
18.292	0.085869
18.293	0.079939
18.294	0.067811
18.295	0.05465
18.296	0.043875
18.297	0.035315
18.298	0.026438
18.299	0.014629
18.3	-0.000875
18.301	-0.017846
18.302	-0.031592
18.303	-0.037334
18.304	-0.03298
18.305	-0.020565
18.306	-0.005398
18.307	0.006869
18.308	0.01332
18.309	0.014666
18.31	0.013692
18.311	0.01288
18.312	0.012954
18.313	0.013346
18.314	0.013671
18.315	0.013976
18.316	0.013707
18.317	0.011182
18.318	0.004108
18.319	-0.009117
18.32	-0.027502
18.321	-0.046393
18.322	-0.059025
18.323	-0.060216
18.324	-0.049469
18.325	-0.031281
18.326	-0.012666
18.327	0.000546
18.328	0.006295
18.329	0.006178
18.33	0.003619
18.331	0.002052
18.332	0.003475
18.333	0.007775
18.334	0.013309
18.335	0.018008
18.336	0.020284
18.337	0.019219
18.338	0.013963
18.339	0.003647
18.34	-0.0112
18.341	-0.027261
18.342	-0.039132
18.343	-0.041992
18.344	-0.034371
18.345	-0.019103
18.346	-0.001614
18.347	0.013292
18.348	0.02358
18.349	0.029838
18.35	0.033821
18.351	0.036965
18.352	0.039859
18.353	0.042949
18.354	0.047128
18.355	0.053207
18.356	0.061189
18.357	0.069961
18.358	0.076954
18.359	0.078366
18.36	0.070917
18.361	0.054317
18.362	0.032513
18.363	0.012398
18.364	0.000264
18.365	-0.001613
18.366	0.004541
18.367	0.014442
18.368	0.02445
18.369	0.032648
18.37	0.038589
18.371	0.042636
18.372	0.045457
18.373	0.047739
18.374	0.049941
18.375	0.052319
18.376	0.055104
18.377	0.057907
18.378	0.058809
18.379	0.054978
18.38	0.044927
18.381	0.030485
18.382	0.016704
18.383	0.009331
18.384	0.011498
18.385	0.02218
18.386	0.037278
18.387	0.051728
18.388	0.061309
18.389	0.064243
18.39	0.062118
18.391	0.058878
18.392	0.057895
18.393	0.059242
18.394	0.059517
18.395	0.054625
18.396	0.043583
18.397	0.031289
18.398	0.029382
18.399	0.053964
18.4	0.118601
18.401	0.223427
18.402	0.345939
18.403	0.444138
18.404	0.477881
18.405	0.435441
18.406	0.341433
18.407	0.238665
18.408	0.161569
18.409	0.122327
18.41	0.113726
18.411	0.1199
18.412	0.126358
18.413	0.125561
18.414	0.117584
18.415	0.106827
18.416	0.097313
18.417	0.09
18.418	0.083414
18.419	0.075651
18.42	0.065373
18.421	0.0521
18.422	0.036926
18.423	0.022848
18.424	0.013695
18.425	0.012444
18.426	0.019636
18.427	0.032394
18.428	0.045707
18.429	0.055879
18.43	0.062628
18.431	0.067218
18.432	0.069255
18.433	0.066798
18.434	0.059533
18.435	0.050386
18.436	0.043636
18.437	0.041699
18.438	0.04295
18.439	0.042107
18.44	0.034056
18.441	0.018817
18.442	0.002489
18.443	-0.007376
18.444	-0.007254
18.445	0.000961
18.446	0.012259
18.447	0.021675
18.448	0.026731
18.449	0.027905
18.45	0.027112
18.451	0.026268
18.452	0.026771
18.453	0.0291
18.454	0.032764
18.455	0.03652
18.456	0.03826
18.457	0.035672
18.458	0.027889
18.459	0.016039
18.46	0.002301
18.461	-0.011245
18.462	-0.023022
18.463	-0.031329
18.464	-0.0339
18.465	-0.02928
18.466	-0.018773
18.467	-0.006054
18.468	0.005366
18.469	0.014033
18.47	0.020547
18.471	0.026008
18.472	0.030055
18.473	0.030789
18.474	0.026994
18.475	0.019574
18.476	0.010838
18.477	0.003655
18.478	0.000691
18.479	0.002487
18.48	0.006139
18.481	0.006953
18.482	0.001633
18.483	-0.00996
18.484	-0.025152
18.485	-0.039942
18.486	-0.050662
18.487	-0.055003
18.488	-0.052762
18.489	-0.046596
18.49	-0.041106
18.491	-0.039853
18.492	-0.042952
18.493	-0.047354
18.494	-0.049429
18.495	-0.04796
18.496	-0.045001
18.497	-0.043732
18.498	-0.045815
18.499	-0.050896
18.5	-0.057859
18.501	-0.065807
18.502	-0.074267
18.503	-0.083572
18.504	-0.094969
18.505	-0.109249
18.506	-0.125137
18.507	-0.139517
18.508	-0.149489
18.509	-0.154818
18.51	-0.158396
18.511	-0.16365
18.512	-0.171723
18.513	-0.181353
18.514	-0.190736
18.515	-0.198992
18.516	-0.206245
18.517	-0.213663
18.518	-0.223697
18.519	-0.237972
18.52	-0.252787
18.521	-0.256866
18.522	-0.234574
18.523	-0.17369
18.524	-0.075585
18.525	0.037154
18.526	0.125579
18.527	0.155212
18.528	0.118049
18.529	0.036306
18.53	-0.053704
18.531	-0.122666
18.532	-0.159814
18.533	-0.170958
18.534	-0.168906
18.535	-0.164833
18.536	-0.164609
18.537	-0.169223
18.538	-0.176901
18.539	-0.185236
18.54	-0.192742
18.541	-0.199566
18.542	-0.207167
18.543	-0.217304
18.544	-0.230603
18.545	-0.244901
18.546	-0.255354
18.547	-0.257544
18.548	-0.250727
18.549	-0.23806
18.55	-0.224288
18.551	-0.213238
18.552	-0.206663
18.553	-0.204402
18.554	-0.20515
18.555	-0.207319
18.556	-0.209659
18.557	-0.21166
18.558	-0.213628
18.559	-0.216327
18.56	-0.220432
18.561	-0.225996
18.562	-0.232251
18.563	-0.23824
18.564	-0.243564
18.565	-0.247901
18.566	-0.249964
18.567	-0.24808
18.568	-0.242082
18.569	-0.233897
18.57	-0.225861
18.571	-0.218825
18.572	-0.212208
18.573	-0.205618
18.574	-0.199714
18.575	-0.195303
18.576	-0.192337
18.577	-0.190288
18.578	-0.189009
18.579	-0.188697
18.58	-0.189339
18.581	-0.190549
18.582	-0.191978
18.583	-0.193906
18.584	-0.197145
18.585	-0.201756
18.586	-0.206005
18.587	-0.206973
18.588	-0.202212
18.589	-0.191231
18.59	-0.176203
18.591	-0.161247
18.592	-0.150355
18.593	-0.145411
18.594	-0.145488
18.595	-0.147744
18.596	-0.149375
18.597	-0.148915
18.598	-0.145744
18.599	-0.139246
18.6	-0.129406
18.601	-0.117977
18.602	-0.108156
18.603	-0.102959
18.604	-0.103826
18.605	-0.110151
18.606	-0.119746
18.607	-0.129766
18.608	-0.137382
18.609	-0.140515
18.61	-0.138871
18.611	-0.134287
18.612	-0.129632
18.613	-0.126874
18.614	-0.125802
18.615	-0.124648
18.616	-0.122146
18.617	-0.118763
18.618	-0.115885
18.619	-0.114378
18.62	-0.114074
18.621	-0.114022
18.622	-0.113127
18.623	-0.111168
18.624	-0.109326
18.625	-0.109285
18.626	-0.111498
18.627	-0.114295
18.628	-0.11486
18.629	-0.111363
18.63	-0.104258
18.631	-0.095755
18.632	-0.088471
18.633	-0.084214
18.634	-0.083071
18.635	-0.083544
18.636	-0.08399
18.637	-0.083918
18.638	-0.084262
18.639	-0.087076
18.64	-0.094649
18.641	-0.107519
18.642	-0.121639
18.643	-0.126219
18.644	-0.105099
18.645	-0.04352
18.646	0.061329
18.647	0.190871
18.648	0.305498
18.649	0.362305
18.65	0.341701
18.651	0.259981
18.652	0.156661
18.653	0.069457
18.654	0.017191
18.655	-0.001737
18.656	-0.000886
18.657	0.004719
18.658	0.005635
18.659	-0.000451
18.66	-0.011071
18.661	-0.022374
18.662	-0.031803
18.663	-0.039225
18.664	-0.046518
18.665	-0.055988
18.666	-0.068118
18.667	-0.080144
18.668	-0.087454
18.669	-0.087063
18.67	-0.079665
18.671	-0.068677
18.672	-0.058025
18.673	-0.050226
18.674	-0.045456
18.675	-0.042251
18.676	-0.039154
18.677	-0.035832
18.678	-0.033346
18.679	-0.033422
18.68	-0.036852
18.681	-0.042463
18.682	-0.047919
18.683	-0.051733
18.684	-0.054594
18.685	-0.058542
18.686	-0.06449
18.687	-0.070738
18.688	-0.074348
18.689	-0.073757
18.69	-0.06965
18.691	-0.063723
18.692	-0.057304
18.693	-0.051045
18.694	-0.045197
18.695	-0.039907
18.696	-0.0353
18.697	-0.031631
18.698	-0.029676
18.699	-0.030445
18.7	-0.033991
18.701	-0.03893
18.702	-0.043433
18.703	-0.046683
18.704	-0.049519
18.705	-0.053513
18.706	-0.059021
18.707	-0.064215
18.708	-0.066256
18.709	-0.063419
18.71	-0.056453
18.711	-0.048229
18.712	-0.041851
18.713	-0.038673
18.714	-0.0378
18.715	-0.03723
18.716	-0.03551
18.717	-0.0327
18.718	-0.030084
18.719	-0.028831
18.72	-0.028954
18.721	-0.029673
18.722	-0.030309
18.723	-0.030544
18.724	-0.030329
18.725	-0.029718
18.726	-0.028517
18.727	-0.026175
18.728	-0.022338
18.729	-0.017691
18.73	-0.014292
18.731	-0.014678
18.732	-0.020135
18.733	-0.029542
18.734	-0.039647
18.735	-0.046683
18.736	-0.048468
18.737	-0.045734
18.738	-0.041516
18.739	-0.038921
18.74	-0.039286
18.741	-0.041999
18.742	-0.045503
18.743	-0.048615
18.744	-0.051232
18.745	-0.05356
18.746	-0.054905
18.747	-0.053962
18.748	-0.050388
18.749	-0.045656
18.75	-0.04206
18.751	-0.040677
18.752	-0.040481
18.753	-0.03947
18.754	-0.036159
18.755	-0.030198
18.756	-0.022525
18.757	-0.015241
18.758	-0.010536
18.759	-0.009193
18.76	-0.010279
18.761	-0.012131
18.762	-0.013638
18.763	-0.015194
18.764	-0.018847
18.765	-0.027078
18.766	-0.040415
18.767	-0.05457
18.768	-0.058363
18.769	-0.034994
18.77	0.031615
18.771	0.146338
18.772	0.291507
18.773	0.424019
18.774	0.492851
18.775	0.47084
18.776	0.37335
18.777	0.246668
18.778	0.138354
18.779	0.07395
18.78	0.052482
18.781	0.0566
18.782	0.06645
18.783	0.069141
18.784	0.061323
18.785	0.046672
18.786	0.031332
18.787	0.02003
18.788	0.014188
18.789	0.011864
18.79	0.009202
18.791	0.003114
18.792	-0.00644
18.793	-0.016268
18.794	-0.021884
18.795	-0.020505
18.796	-0.013183
18.797	-0.003993
18.798	0.00304
18.799	0.006178
18.8	0.006065
18.801	0.004652
18.802	0.003752
18.803	0.003832
18.804	0.003897
18.805	0.002624
18.806	-0.000313
18.807	-0.004001
18.808	-0.007417
18.809	-0.010832
18.81	-0.015644
18.811	-0.022402
18.812	-0.029501
18.813	-0.034156
18.814	-0.034376
18.815	-0.030267
18.816	-0.02386
18.817	-0.017493
18.818	-0.012366
18.819	-0.008535
18.82	-0.005568
18.821	-0.002951
18.822	-0.000482
18.823	0.001376
18.824	0.001752
18.825	9.7e-05
18.826	-0.00329
18.827	-0.0072
18.828	-0.010036
18.829	-0.010947
18.83	-0.01068
18.831	-0.011099
18.832	-0.013749
18.833	-0.018583
18.834	-0.023765
18.835	-0.027038
18.836	-0.02733
18.837	-0.02477
18.838	-0.019767
18.839	-0.012797
18.84	-0.004932
18.841	0.001774
18.842	0.004834
18.843	0.002852
18.844	-0.003334
18.845	-0.011016
18.846	-0.016846
18.847	-0.018043
18.848	-0.013593
18.849	-0.005006
18.85	0.004523
18.851	0.012107
18.852	0.016522
18.853	0.018008
18.854	0.016953
18.855	0.013022
18.856	0.006
18.857	-0.002938
18.858	-0.011628
18.859	-0.018407
18.86	-0.022818
18.861	-0.025138
18.862	-0.025699
18.863	-0.024811
18.864	-0.023227
18.865	-0.022172
18.866	-0.022313
18.867	-0.023043
18.868	-0.02354
18.869	-0.024133
18.87	-0.025618
18.871	-0.027377
18.872	-0.027386
18.873	-0.024541
18.874	-0.0203
18.875	-0.0174
18.876	-0.017042
18.877	-0.01777
18.878	-0.017051
18.879	-0.013443
18.88	-0.007514
18.881	-0.001475
18.882	0.002098
18.883	0.001784
18.884	-0.001972
18.885	-0.007368
18.886	-0.012399
18.887	-0.01615
18.888	-0.019722
18.889	-0.025737
18.89	-0.035971
18.891	-0.047938
18.892	-0.052128
18.893	-0.032521
18.894	0.027648
18.895	0.135388
18.896	0.275947
18.897	0.408305
18.898	0.480804
18.899	0.463152
18.9	0.367624
18.901	0.23942
18.902	0.126816
18.903	0.056409
18.904	0.027954
18.905	0.025389
18.906	0.031136
18.907	0.034026
18.908	0.030109
18.909	0.020332
18.91	0.007919
18.911	-0.0038
18.912	-0.012893
18.913	-0.019592
18.914	-0.025892
18.915	-0.033729
18.916	-0.042999
18.917	-0.051291
18.918	-0.055497
18.919	-0.053853
18.92	-0.047001
18.921	-0.037332
18.922	-0.027414
18.923	-0.019114
18.924	-0.013555
18.925	-0.010979
18.926	-0.010748
18.927	-0.012121
18.928	-0.014907
18.929	-0.01912
18.93	-0.024401
18.931	-0.029963
18.932	-0.035082
18.933	-0.039774
18.934	-0.044787
18.935	-0.050699
18.936	-0.057217
18.937	-0.063225
18.938	-0.067077
18.939	-0.06711
18.94	-0.062511
18.941	-0.053978
18.942	-0.0436
18.943	-0.034009
18.944	-0.027207
18.945	-0.023775
18.946	-0.023145
18.947	-0.024478
18.948	-0.026941
18.949	-0.029565
18.95	-0.031565
18.951	-0.032835
18.952	-0.034027
18.953	-0.036074
18.954	-0.039414
18.955	-0.043811
18.956	-0.04896
18.957	-0.054389
18.958	-0.058508
18.959	-0.058841
18.96	-0.053957
18.961	-0.044981
18.962	-0.035003
18.963	-0.026946
18.964	-0.021815
18.965	-0.01886
18.966	-0.017163
18.967	-0.016505
18.968	-0.016597
18.969	-0.016431
18.97	-0.014848
18.971	-0.011333
18.972	-0.006367
18.973	-0.001277
18.974	0.002457
18.975	0.003649
18.976	0.001312
18.977	-0.005074
18.978	-0.014959
18.979	-0.026758
18.98	-0.038308
18.981	-0.047129
18.982	-0.050992
18.983	-0.049075
18.984	-0.042703
18.985	-0.034893
18.986	-0.028883
18.987	-0.026414
18.988	-0.027179
18.989	-0.029912
18.99	-0.033413
18.991	-0.036397
18.992	-0.037419
18.993	-0.035691
18.994	-0.031829
18.995	-0.027852
18.996	-0.026378
18.997	-0.029091
18.998	-0.035409
18.999	-0.042505
19.0	-0.04666
19.001	-0.045056
19.002	-0.037106
19.003	-0.024771
19.004	-0.01183
19.005	-0.002372
19.006	0.001182
19.007	-0.000358
19.008	-0.003527
19.009	-0.005082
19.01	-0.004676
19.011	-0.005232
19.012	-0.011145
19.013	-0.024925
19.014	-0.043159
19.015	-0.054114
19.016	-0.039512
19.017	0.018768
19.018	0.127606
19.019	0.270466
19.02	0.404433
19.021	0.47767
19.022	0.461003
19.023	0.367795
19.024	0.243584
19.025	0.135843
19.026	0.07002
19.027	0.045483
19.028	0.045848
19.029	0.052394
19.03	0.053218
19.031	0.045555
19.032	0.032777
19.033	0.019814
19.034	0.009904
19.035	0.00347
19.036	-0.001356
19.037	-0.007535
19.038	-0.017616
19.039	-0.031857
19.04	-0.04718
19.041	-0.058291
19.042	-0.060506
19.043	-0.052594
19.044	-0.037909
19.045	-0.022617
19.046	-0.012005
19.047	-0.008061
19.048	-0.010029
19.049	-0.016193
19.05	-0.02476
19.051	-0.033882
19.052	-0.041754
19.053	-0.047142
19.054	-0.050049
19.055	-0.051925
19.056	-0.055024
19.057	-0.061281
19.058	-0.071287
19.059	-0.083563
19.06	-0.094768
19.061	-0.101257
19.062	-0.101053
19.063	-0.094866
19.064	-0.085602
19.065	-0.076643
19.066	-0.070112
19.067	-0.06641
19.068	-0.064734
19.069	-0.063835
19.07	-0.062898
19.071	-0.062187
19.072	-0.062787
19.073	-0.065679
19.074	-0.070824
19.075	-0.076977
19.076	-0.082604
19.077	-0.087188
19.078	-0.09137
19.079	-0.09564
19.08	-0.099279
19.081	-0.100796
19.082	-0.099011
19.083	-0.093662
19.084	-0.085403
19.085	-0.075477
19.086	-0.065475
19.087	-0.057249
19.088	-0.052356
19.089	-0.051289
19.09	-0.053334
19.091	-0.056738
19.092	-0.05904
19.093	-0.058276
19.094	-0.054337
19.095	-0.048859
19.096	-0.043922
19.097	-0.041259
19.098	-0.042287
19.099	-0.047983
19.1	-0.058237
19.101	-0.071074
19.102	-0.082646
19.103	-0.088843
19.104	-0.087832
19.105	-0.081256
19.106	-0.072965
19.107	-0.066533
19.108	-0.063625
19.109	-0.06413
19.11	-0.067203
19.111	-0.071697
19.112	-0.07613
19.113	-0.079247
19.114	-0.080541
19.115	-0.079955
19.116	-0.077702
19.117	-0.074726
19.118	-0.072745
19.119	-0.073486
19.12	-0.077688
19.121	-0.084267
19.122	-0.090248
19.123	-0.092026
19.124	-0.087338
19.125	-0.076799
19.126	-0.064012
19.127	-0.053566
19.128	-0.048032
19.129	-0.046681
19.13	-0.046982
19.131	-0.047012
19.132	-0.046857
19.133	-0.048405
19.134	-0.05386
19.135	-0.064073
19.136	-0.076977
19.137	-0.085067
19.138	-0.073743
19.139	-0.025374
19.14	0.070159
19.141	0.203128
19.142	0.338166
19.143	0.425712
19.144	0.430704
19.145	0.356689
19.146	0.242487
19.147	0.135678
19.148	0.066605
19.149	0.039225
19.15	0.038742
19.151	0.046233
19.152	0.049389
19.153	0.044897
19.154	0.035264
19.155	0.02452
19.156	0.015253
19.157	0.00766
19.158	-0.000114
19.159	-0.011018
19.16	-0.027159
19.161	-0.047351
19.162	-0.066367
19.163	-0.077397
19.164	-0.076293
19.165	-0.064222
19.166	-0.04657
19.167	-0.029351
19.168	-0.016427
19.169	-0.009042
19.17	-0.006487
19.171	-0.006752
19.172	-0.007602
19.173	-0.007883
19.174	-0.007907
19.175	-0.008762
19.176	-0.011285
19.177	-0.015476
19.178	-0.021013
19.179	-0.028175
19.18	-0.03763
19.181	-0.049182
19.182	-0.060914
19.183	-0.069459
19.184	-0.071472
19.185	-0.065729
19.186	-0.054206
19.187	-0.040948
19.188	-0.029642
19.189	-0.021882
19.19	-0.017221
19.191	-0.014634
19.192	-0.013893
19.193	-0.015511
19.194	-0.019567
19.195	-0.024995
19.196	-0.030015
19.197	-0.033212
19.198	-0.034666
19.199	-0.036239
19.2	-0.040361
19.201	-0.048199
19.202	-0.058463
19.203	-0.067426
19.204	-0.070623
19.205	-0.065572
19.206	-0.053278
19.207	-0.037494
19.208	-0.022868
19.209	-0.013114
19.21	-0.009686
19.211	-0.011328
19.212	-0.014797
19.213	-0.016558
19.214	-0.014522
19.215	-0.008627
19.216	-0.000195
19.217	0.00876
19.218	0.015603
19.219	0.017382
19.22	0.01199
19.221	-0.000491
19.222	-0.017227
19.223	-0.033463
19.224	-0.04463
19.225	-0.04832
19.226	-0.044853
19.227	-0.036818
19.228	-0.028071
19.229	-0.02197
19.23	-0.019677
19.231	-0.019874
19.232	-0.020095
19.233	-0.018726
19.234	-0.016053
19.235	-0.013326
19.236	-0.011157
19.237	-0.009416
19.238	-0.008179
19.239	-0.008091
19.24	-0.010348
19.241	-0.016547
19.242	-0.027485
19.243	-0.041278
19.244	-0.053009
19.245	-0.057078
19.246	-0.050773
19.247	-0.036255
19.248	-0.019144
19.249	-0.004907
19.25	0.003892
19.251	0.007713
19.252	0.008315
19.253	0.007018
19.254	0.004114
19.255	-0.000844
19.256	-0.008782
19.257	-0.020306
19.258	-0.032981
19.259	-0.038077
19.26	-0.020738
19.261	0.034522
19.262	0.1341
19.263	0.264199
19.264	0.386761
19.265	0.454271
19.266	0.439546
19.267	0.354881
19.268	0.242166
19.269	0.14487
19.27	0.085982
19.271	0.06453
19.272	0.066037
19.273	0.074718
19.274	0.080059
19.275	0.078011
19.276	0.0694
19.277	0.05745
19.278	0.04546
19.279	0.034873
19.28	0.024437
19.281	0.011497
19.282	-0.00526
19.283	-0.023868
19.284	-0.039461
19.285	-0.046753
19.286	-0.043143
19.287	-0.030278
19.288	-0.012937
19.289	0.00352
19.29	0.015217
19.291	0.020805
19.292	0.02141
19.293	0.019334
19.294	0.016497
19.295	0.013757
19.296	0.011108
19.297	0.008371
19.298	0.005797
19.299	0.003616
19.3	0.000848
19.301	-0.004967
19.302	-0.016244
19.303	-0.032832
19.304	-0.05057
19.305	-0.062825
19.306	-0.064493
19.307	-0.055043
19.308	-0.038078
19.309	-0.01886
19.31	-0.00225
19.311	0.008476
19.312	0.012208
19.313	0.009956
19.314	0.004172
19.315	-0.002553
19.316	-0.008577
19.317	-0.013111
19.318	-0.015735
19.319	-0.016811
19.32	-0.018106
19.321	-0.022225
19.322	-0.031057
19.323	-0.044183
19.324	-0.058154
19.325	-0.067689
19.326	-0.068534
19.327	-0.059811
19.328	-0.044375
19.329	-0.027489
19.33	-0.014322
19.331	-0.007208
19.332	-0.004668
19.333	-0.003106
19.334	0.00039
19.335	0.006401
19.336	0.013655
19.337	0.020599
19.338	0.025984
19.339	0.028401
19.34	0.026319
19.341	0.018829
19.342	0.006131
19.343	-0.010283
19.344	-0.027595
19.345	-0.042128
19.346	-0.050348
19.347	-0.050052
19.348	-0.041651
19.349	-0.028675
19.35	-0.016065
19.351	-0.00718
19.352	-0.002458
19.353	-0.000649
19.354	-0.000652
19.355	-0.002095
19.356	-0.004695
19.357	-0.007536
19.358	-0.009115
19.359	-0.008155
19.36	-0.004928
19.361	-0.002284
19.362	-0.004668
19.363	-0.014758
19.364	-0.030567
19.365	-0.045929
19.366	-0.053816
19.367	-0.049931
19.368	-0.034899
19.369	-0.014015
19.37	0.005579
19.371	0.018544
19.372	0.023454
19.373	0.02243
19.374	0.018936
19.375	0.015289
19.376	0.011476
19.377	0.00558
19.378	-0.00454
19.379	-0.018309
19.38	-0.029133
19.381	-0.023399
19.382	0.015789
19.383	0.099989
19.384	0.224196
19.385	0.359016
19.386	0.457507
19.387	0.480802
19.388	0.424232
19.389	0.319636
19.39	0.212963
19.391	0.137761
19.392	0.103007
19.393	0.098119
19.394	0.105686
19.395	0.111836
19.396	0.110395
19.397	0.101815
19.398	0.089797
19.399	0.078135
19.4	0.068605
19.401	0.060136
19.402	0.049813
19.403	0.035244
19.404	0.016711
19.405	-0.002022
19.406	-0.014853
19.407	-0.016578
19.408	-0.006294
19.409	0.011864
19.41	0.031109
19.411	0.045544
19.412	0.052701
19.413	0.053616
19.414	0.050969
19.415	0.047219
19.416	0.043689
19.417	0.040527
19.418	0.037594
19.419	0.035344
19.42	0.034271
19.421	0.03332
19.422	0.029407
19.423	0.019235
19.424	0.002442
19.425	-0.016577
19.426	-0.030432
19.427	-0.033174
19.428	-0.023571
19.429	-0.005067
19.43	0.016187
19.431	0.033736
19.432	0.043345
19.433	0.044548
19.434	0.040209
19.435	0.034482
19.436	0.030435
19.437	0.028812
19.438	0.02874
19.439	0.029177
19.44	0.029323
19.441	0.028095
19.442	0.023875
19.443	0.015232
19.444	0.002429
19.445	-0.011662
19.446	-0.022562
19.447	-0.026416
19.448	-0.021721
19.449	-0.009976
19.45	0.004663
19.451	0.017354
19.452	0.02534
19.453	0.02897
19.454	0.030502
19.455	0.032424
19.456	0.036284
19.457	0.042361
19.458	0.050055
19.459	0.058176
19.46	0.064951
19.461	0.068262
19.462	0.066075
19.463	0.056966
19.464	0.041057
19.465	0.020989
19.466	0.001556
19.467	-0.012
19.468	-0.015923
19.469	-0.009549
19.47	0.003986
19.471	0.019024
19.472	0.030271
19.473	0.035218
19.474	0.034637
19.475	0.031176
19.476	0.027151
19.477	0.023437
19.478	0.020271
19.479	0.018414
19.48	0.018901
19.481	0.021383
19.482	0.022771
19.483	0.018369
19.484	0.005482
19.485	-0.013612
19.486	-0.032139
19.487	-0.042116
19.488	-0.038329
19.489	-0.021326
19.49	0.002473
19.491	0.024381
19.492	0.038236
19.493	0.042893
19.494	0.041409
19.495	0.038066
19.496	0.03535
19.497	0.032854
19.498	0.028188
19.499	0.018821
19.5	0.004765
19.501	-0.008177
19.502	-0.00701
19.503	0.02522
19.504	0.101321
19.505	0.21897
19.506	0.351992
19.507	0.454673
19.508	0.485403
19.509	0.434376
19.51	0.329963
19.511	0.21876
19.512	0.13794
19.513	0.09999
19.514	0.095424
19.515	0.10545
19.516	0.113999
19.517	0.113678
19.518	0.105118
19.519	0.092637
19.52	0.080283
19.521	0.070012
19.522	0.061342
19.523	0.051932
19.524	0.039041
19.525	0.021657
19.526	0.002384
19.527	-0.01264
19.528	-0.016891
19.529	-0.007779
19.53	0.011334
19.531	0.032911
19.532	0.049374
19.533	0.056766
19.534	0.055755
19.535	0.049961
19.536	0.043283
19.537	0.03802
19.538	0.034586
19.539	0.032516
19.54	0.031464
19.541	0.030911
19.542	0.029006
19.543	0.022593
19.544	0.009263
19.545	-0.010163
19.546	-0.030809
19.547	-0.045524
19.548	-0.048503
19.549	-0.038373
19.55	-0.018818
19.551	0.003304
19.552	0.021187
19.553	0.030897
19.554	0.032466
19.555	0.029059
19.556	0.02485
19.557	0.02265
19.558	0.022686
19.559	0.023374
19.56	0.023201
19.561	0.021873
19.562	0.019794
19.563	0.016607
19.564	0.01052
19.565	-8.1e-05
19.566	-0.013823
19.567	-0.025694
19.568	-0.030028
19.569	-0.024388
19.57	-0.011031
19.571	0.004745
19.572	0.017804
19.573	0.02547
19.574	0.027837
19.575	0.027079
19.576	0.026329
19.577	0.027914
19.578	0.032097
19.579	0.037787
19.58	0.043949
19.581	0.04971
19.582	0.053535
19.583	0.052917
19.584	0.045271
19.585	0.02989
19.586	0.009472
19.587	-0.010307
19.588	-0.023007
19.589	-0.024307
19.59	-0.014442
19.591	0.001567
19.592	0.016757
19.593	0.026036
19.594	0.028219
19.595	0.025662
19.596	0.022036
19.597	0.019705
19.598	0.019146
19.599	0.020354
19.6	0.023523
19.601	0.028073
19.602	0.031723
19.603	0.031079
19.604	0.023491
19.605	0.00886
19.606	-0.009709
19.607	-0.026653
19.608	-0.035805
19.609	-0.033104
19.61	-0.019129
19.611	0.000785
19.612	0.019487
19.613	0.031692
19.614	0.036103
19.615	0.035335
19.616	0.033574
19.617	0.033314
19.618	0.033764
19.619	0.031741
19.62	0.024045
19.621	0.010648
19.622	-0.002232
19.623	-0.001457
19.624	0.029569
19.625	0.10351
19.626	0.219204
19.627	0.352879
19.628	0.460225
19.629	0.497784
19.63	0.45174
19.631	0.347686
19.632	0.232577
19.633	0.14612
19.634	0.103384
19.635	0.096344
19.636	0.106534
19.637	0.117328
19.638	0.120115
19.639	0.114264
19.64	0.103596
19.641	0.092449
19.642	0.082944
19.643	0.074004
19.644	0.062375
19.645	0.045224
19.646	0.022983
19.647	0.000636
19.648	-0.014071
19.649	-0.015124
19.65	-0.002321
19.651	0.018348
19.652	0.038165
19.653	0.050254
19.654	0.052627
19.655	0.048473
19.656	0.043445
19.657	0.041547
19.658	0.042692
19.659	0.043744
19.66	0.042126
19.661	0.038546
19.662	0.035728
19.663	0.034506
19.664	0.031614
19.665	0.021762
19.666	0.002831
19.667	-0.020293
19.668	-0.037829
19.669	-0.042016
19.67	-0.032117
19.671	-0.013347
19.672	0.007493
19.673	0.025163
19.674	0.036801
19.675	0.041743
19.676	0.041299
19.677	0.038294
19.678	0.035626
19.679	0.034463
19.68	0.034013
19.681	0.032836
19.682	0.029831
19.683	0.024354
19.684	0.015979
19.685	0.004312
19.686	-0.010383
19.687	-0.025928
19.688	-0.03839
19.689	-0.044094
19.69	-0.041443
19.691	-0.031238
19.692	-0.015958
19.693	0.001002
19.694	0.015528
19.695	0.023339
19.696	0.022455
19.697	0.01583
19.698	0.009984
19.699	0.010372
19.7	0.01868
19.701	0.033131
19.702	0.049094
19.703	0.05998
19.704	0.059964
19.705	0.047149
19.706	0.024335
19.707	-0.00287
19.708	-0.028321
19.709	-0.046364
19.71	-0.053135
19.711	-0.049327
19.712	-0.040681
19.713	-0.033784
19.714	-0.031914
19.715	-0.034511
19.716	-0.03856
19.717	-0.040994
19.718	-0.041237
19.719	-0.040663
19.72	-0.039723
19.721	-0.037349
19.722	-0.033514
19.723	-0.031485
19.724	-0.036638
19.725	-0.052317
19.726	-0.0764
19.727	-0.101491
19.728	-0.118599
19.729	-0.122029
19.73	-0.11252
19.731	-0.096523
19.732	-0.082005
19.733	-0.073789
19.734	-0.071652
19.735	-0.071895
19.736	-0.070671
19.737	-0.066786
19.738	-0.062442
19.739	-0.061692
19.74	-0.067741
19.741	-0.080701
19.742	-0.09612
19.743	-0.104158
19.744	-0.090804
19.745	-0.043145
19.746	0.041552
19.747	0.147283
19.748	0.239948
19.749	0.283461
19.75	0.26241
19.751	0.19153
19.752	0.104027
19.753	0.030775
19.754	-0.013351
19.755	-0.030126
19.756	-0.030417
19.757	-0.026022
19.758	-0.024733
19.759	-0.028918
19.76	-0.036889
19.761	-0.045573
19.762	-0.052902
19.763	-0.059113
19.764	-0.066591
19.765	-0.078226
19.766	-0.095155
19.767	-0.115216
19.768	-0.13299
19.769	-0.141887
19.77	-0.137882
19.771	-0.122407
19.772	-0.101817
19.773	-0.083953
19.774	-0.074138
19.775	-0.072746
19.776	-0.076141
19.777	-0.080261
19.778	-0.083219
19.779	-0.085094
19.78	-0.086539
19.781	-0.087985
19.782	-0.089713
19.783	-0.092423
19.784	-0.097458
19.785	-0.106057
19.786	-0.118214
19.787	-0.132003
19.788	-0.143663
19.789	-0.148961
19.79	-0.145741
19.791	-0.135407
19.792	-0.121726
19.793	-0.108595
19.794	-0.09863
19.795	-0.092644
19.796	-0.089973
19.797	-0.089339
19.798	-0.089576
19.799	-0.090226
19.8	-0.09175
19.801	-0.094683
19.802	-0.098574
19.803	-0.102241
19.804	-0.105209
19.805	-0.108684
19.806	-0.114805
19.807	-0.124276
19.808	-0.134384
19.809	-0.140145
19.81	-0.138048
19.811	-0.128401
19.812	-0.11439
19.813	-0.099942
19.814	-0.088263
19.815	-0.081124
19.816	-0.07867
19.817	-0.079486
19.818	-0.081086
19.819	-0.081117
19.82	-0.078267
19.821	-0.072187
19.822	-0.063341
19.823	-0.053394
19.824	-0.045295
19.825	-0.042545
19.826	-0.047915
19.827	-0.061615
19.828	-0.079821
19.829	-0.095776
19.83	-0.10361
19.831	-0.101818
19.832	-0.093775
19.833	-0.08518
19.834	-0.080232
19.835	-0.079386
19.836	-0.080257
19.837	-0.080205
19.838	-0.078198
19.839	-0.074995
19.84	-0.072075
19.841	-0.070336
19.842	-0.069603
19.843	-0.06914
19.844	-0.068738
19.845	-0.069498
19.846	-0.073183
19.847	-0.080169
19.848	-0.088176
19.849	-0.093516
19.85	-0.093456
19.851	-0.087418
19.852	-0.076733
19.853	-0.064086
19.854	-0.05293
19.855	-0.046101
19.856	-0.04401
19.857	-0.044342
19.858	-0.044219
19.859	-0.043025
19.86	-0.043112
19.861	-0.047822
19.862	-0.058537
19.863	-0.072393
19.864	-0.08136
19.865	-0.072906
19.866	-0.032962
19.867	0.047561
19.868	0.162868
19.869	0.285154
19.87	0.371584
19.871	0.388046
19.872	0.332041
19.873	0.233208
19.874	0.132435
19.875	0.05936
19.876	0.022967
19.877	0.015382
19.878	0.021578
19.879	0.028333
19.88	0.029006
19.881	0.023446
19.882	0.01464
19.883	0.005121
19.884	-0.004706
19.885	-0.015987
19.886	-0.029577
19.887	-0.044632
19.888	-0.058539
19.889	-0.067768
19.89	-0.069388
19.891	-0.062821
19.892	-0.050471
19.893	-0.036636
19.894	-0.025489
19.895	-0.019027
19.896	-0.016327
19.897	-0.015029
19.898	-0.013619
19.899	-0.012258
19.9	-0.01193
19.901	-0.013259
19.902	-0.015985
19.903	-0.019473
19.904	-0.023821
19.905	-0.030039
19.906	-0.038809
19.907	-0.049422
19.908	-0.059895
19.909	-0.067697
19.91	-0.070835
19.911	-0.068786
19.912	-0.062313
19.913	-0.052746
19.914	-0.041816
19.915	-0.031418
19.916	-0.02295
19.917	-0.017077
19.918	-0.013985
19.919	-0.013616
19.92	-0.015821
19.921	-0.020184
19.922	-0.025516
19.923	-0.030068
19.924	-0.032875
19.925	-0.034644
19.926	-0.037067
19.927	-0.041358
19.928	-0.04706
19.929	-0.051808
19.93	-0.052823
19.931	-0.049123
19.932	-0.042134
19.933	-0.034521
19.934	-0.028558
19.935	-0.024787
19.936	-0.02196
19.937	-0.018634
19.938	-0.014585
19.939	-0.01053
19.94	-0.007045
19.941	-0.004091
19.942	-0.001345
19.943	0.001261
19.944	0.00344
19.945	0.004748
19.946	0.004537
19.947	0.002139
19.948	-0.00197
19.949	-0.005573
19.95	-0.006527
19.951	-0.005104
19.952	-0.003803
19.953	-0.005131
19.954	-0.009657
19.955	-0.015494
19.956	-0.019725
19.957	-0.020765
19.958	-0.019266
19.959	-0.017018
19.96	-0.015593
19.961	-0.015713
19.962	-0.017104
19.963	-0.018803
19.964	-0.019815
19.965	-0.019842
19.966	-0.019598
19.967	-0.01999
19.968	-0.02082
19.969	-0.021103
19.97	-0.020872
19.971	-0.021584
19.972	-0.024198
19.973	-0.027544
19.974	-0.028878
19.975	-0.02574
19.976	-0.017779
19.977	-0.007358
19.978	0.001842
19.979	0.00702
19.98	0.00748
19.981	0.004664
19.982	0.001215
19.983	-0.000998
19.984	-0.002739
19.985	-0.007251
19.986	-0.017728
19.987	-0.03385
19.988	-0.049195
19.989	-0.050698
19.99	-0.021198
19.991	0.053991
19.992	0.176664
19.993	0.325305
19.994	0.454677
19.995	0.51511
19.996	0.483384
19.997	0.37889
19.998	0.249775
19.999	0.142826
20.0	0.081485
20.001	0.062846
20.002	0.068574
20.003	0.078926
20.004	0.081711
20.005	0.074004
20.006	0.05924
20.007	0.043293
20.008	0.031208
20.009	0.02493
20.01	0.022721
20.011	0.020729
20.012	0.015719
20.013	0.007175
20.014	-0.002429
20.015	-0.009336
20.016	-0.010973
20.017	-0.007244
20.018	-5.1e-05
20.019	0.007859
20.02	0.014007
20.021	0.017164
20.022	0.0178
20.023	0.017456
20.024	0.017326
20.025	0.017279
20.026	0.016336
20.027	0.01402
20.028	0.010842
20.029	0.00731
20.03	0.002975
20.031	-0.003096
20.032	-0.01081
20.033	-0.0183
20.034	-0.023025
20.035	-0.023516
20.036	-0.019937
20.037	-0.013361
20.038	-0.005119
20.039	0.003225
20.04	0.010229
20.041	0.01535
20.042	0.019118
20.043	0.022431
20.044	0.025582
20.045	0.027874
20.046	0.028308
20.047	0.026598
20.048	0.023381
20.049	0.019681
20.05	0.016274
20.051	0.013206
20.052	0.009928
20.053	0.005979
20.054	0.001443
20.055	-0.002962
20.056	-0.005972
20.057	-0.006326
20.058	-0.003511
20.059	0.002189
20.06	0.01021
20.061	0.019694
20.062	0.028966
20.063	0.035682
20.064	0.038083
20.065	0.036403
20.066	0.033052
20.067	0.031108
20.068	0.032406
20.069	0.036873
20.07	0.04293
20.071	0.048109
20.072	0.050014
20.073	0.047335
20.074	0.040053
20.075	0.029112
20.076	0.016265
20.077	0.00386
20.078	-0.005788
20.079	-0.011248
20.08	-0.012673
20.081	-0.011596
20.082	-0.00959
20.083	-0.00731
20.084	-0.004986
20.085	-0.003211
20.086	-0.002772
20.087	-0.004002
20.088	-0.006563
20.089	-0.009811
20.09	-0.013328
20.091	-0.017134
20.092	-0.021276
20.093	-0.025567
20.094	-0.030002
20.095	-0.034868
20.096	-0.04008
20.097	-0.044758
20.098	-0.047337
20.099	-0.045979
20.1	-0.039765
20.101	-0.030029
20.102	-0.020036
20.103	-0.01294
20.104	-0.009882
20.105	-0.009858
20.106	-0.011361
20.107	-0.01416
20.108	-0.019454
20.109	-0.02864
20.11	-0.0422
20.111	-0.05845
20.112	-0.070951
20.113	-0.066502
20.114	-0.027632
20.115	0.058908
20.116	0.189465
20.117	0.33345
20.118	0.439825
20.119	0.465294
20.12	0.403777
20.121	0.28982
20.122	0.173672
20.123	0.091359
20.124	0.051952
20.125	0.044133
20.126	0.049876
20.127	0.05471
20.128	0.051889
20.129	0.04175
20.13	0.028194
20.131	0.014924
20.132	0.003534
20.133	-0.006494
20.134	-0.016709
20.135	-0.028278
20.136	-0.040967
20.137	-0.052781
20.138	-0.060362
20.139	-0.060749
20.14	-0.053696
20.141	-0.042116
20.142	-0.029922
20.143	-0.019513
20.144	-0.011197
20.145	-0.004629
20.146	-0.000377
20.147	0.000248
20.148	-0.003287
20.149	-0.01003
20.15	-0.018444
20.151	-0.027371
20.152	-0.035994
20.153	-0.043544
20.154	-0.049612
20.155	-0.054656
20.156	-0.059845
20.157	-0.06566
20.158	-0.070552
20.159	-0.071794
20.16	-0.067791
20.161	-0.059084
20.162	-0.047596
20.163	-0.035642
20.164	-0.025362
20.165	-0.01836
20.166	-0.015516
20.167	-0.016909
20.168	-0.021633
20.169	-0.027895
20.17	-0.033828
20.171	-0.038452
20.172	-0.041969
20.173	-0.045352
20.174	-0.049704
20.175	-0.055695
20.176	-0.063182
20.177	-0.070951
20.178	-0.076849
20.179	-0.078668
20.18	-0.07514
20.181	-0.066331
20.182	-0.053663
20.183	-0.039699
20.184	-0.027358
20.185	-0.018886
20.186	-0.015307
20.187	-0.016351
20.188	-0.020541
20.189	-0.025667
20.19	-0.029692
20.191	-0.03156
20.192	-0.031355
20.193	-0.029951
20.194	-0.028616
20.195	-0.028653
20.196	-0.030877
20.197	-0.035177
20.198	-0.040853
20.199	-0.047322
20.2	-0.053934
20.201	-0.059195
20.202	-0.060854
20.203	-0.057327
20.204	-0.049354
20.205	-0.040128
20.206	-0.033487
20.207	-0.031723
20.208	-0.034816
20.209	-0.041098
20.21	-0.048297
20.211	-0.054528
20.212	-0.058832
20.213	-0.061081
20.214	-0.061855
20.215	-0.062405
20.216	-0.064089
20.217	-0.067609
20.218	-0.072629
20.219	-0.077546
20.22	-0.079578
20.221	-0.075969
20.222	-0.065904
20.223	-0.0514
20.224	-0.036481
20.225	-0.025284
20.226	-0.020136
20.227	-0.020765
20.228	-0.025091
20.229	-0.030572
20.23	-0.035326
20.231	-0.039232
20.232	-0.044428
20.233	-0.054085
20.234	-0.069311
20.235	-0.085308
20.236	-0.089278
20.237	-0.06306
20.238	0.008962
20.239	0.128854
20.24	0.274844
20.241	0.401274
20.242	0.459016
20.243	0.426984
20.244	0.326559
20.245	0.205519
20.246	0.10785
20.247	0.053365
20.248	0.036794
20.249	0.04022
20.25	0.046555
20.251	0.046302
20.252	0.037824
20.253	0.024429
20.254	0.01063
20.255	-0.000806
20.256	-0.010023
20.257	-0.019357
20.258	-0.031248
20.259	-0.045987
20.26	-0.060912
20.261	-0.071506
20.262	-0.073492
20.263	-0.065073
20.264	-0.048464
20.265	-0.029333
20.266	-0.013902
20.267	-0.005633
20.268	-0.003933
20.269	-0.005652
20.27	-0.008052
20.271	-0.010686
20.272	-0.014547
20.273	-0.02005
20.274	-0.026442
20.275	-0.032771
20.276	-0.038999
20.277	-0.046297
20.278	-0.055905
20.279	-0.067283
20.28	-0.077512
20.281	-0.082637
20.282	-0.079927
20.283	-0.069721
20.284	-0.055554
20.285	-0.042182
20.286	-0.033069
20.287	-0.029242
20.288	-0.029401
20.289	-0.030732
20.29	-0.030704
20.291	-0.028885
20.292	-0.026976
20.293	-0.027284
20.294	-0.031145
20.295	-0.038231
20.296	-0.047237
20.297	-0.05725
20.298	-0.068009
20.299	-0.078855
20.3	-0.087887
20.301	-0.092229
20.302	-0.089395
20.303	-0.079057
20.304	-0.063659
20.305	-0.047232
20.306	-0.03357
20.307	-0.024794
20.308	-0.020749
20.309	-0.01984
20.31	-0.020834
20.311	-0.023561
20.312	-0.027648
20.313	-0.031244
20.314	-0.031821
20.315	-0.028482
20.316	-0.023344
20.317	-0.020332
20.318	-0.022406
20.319	-0.029828
20.32	-0.040409
20.321	-0.050667
20.322	-0.057067
20.323	-0.057361
20.324	-0.051682
20.325	-0.042702
20.326	-0.034459
20.327	-0.030046
20.328	-0.029514
20.329	-0.030289
20.33	-0.029896
20.331	-0.027942
20.332	-0.025789
20.333	-0.025117
20.334	-0.026818
20.335	-0.030818
20.336	-0.036679
20.337	-0.04415
20.338	-0.052982
20.339	-0.0623
20.34	-0.070224
20.341	-0.074281
20.342	-0.072646
20.343	-0.065427
20.344	-0.054854
20.345	-0.044111
20.346	-0.035638
20.347	-0.030026
20.348	-0.02624
20.349	-0.022883
