time_s	mv
0.0	0.001369
0.001	0.009498
0.002	0.014683
0.003	0.016273
0.004	0.01566
0.005	0.014277
0.006	0.012408
0.007	0.009876
0.008	0.007164
0.009	0.005631
0.01	0.006721
0.011	0.010878
0.012	0.017194
0.013	0.023662
0.014	0.027345
0.015	0.025436
0.016	0.017886
0.017	0.008803
0.018	0.003566
0.019	0.004548
0.02	0.010277
0.021	0.017278
0.022	0.022189
0.023	0.023462
0.024	0.021648
0.025	0.018702
0.026	0.018123
0.027	0.025351
0.028	0.045573
0.029	0.077778
0.03	0.10947
0.031	0.120784
0.032	0.100441
0.033	0.059587
0.034	0.025495
0.035	0.019003
0.036	0.039527
0.037	0.070543
0.038	0.094674
0.039	0.103227
0.04	0.096669
0.041	0.080528
0.042	0.061493
0.043	0.045205
0.044	0.034741
0.045	0.029938
0.046	0.028301
0.047	0.026824
0.048	0.023606
0.049	0.018687
0.05	0.013824
0.051	0.011436
0.052	0.013028
0.053	0.017516
0.054	0.021031
0.055	0.019403
0.056	0.012031
0.057	0.003364
0.058	-0.000753
0.059	0.00162
0.06	0.007526
0.061	0.012569
0.062	0.014559
0.063	0.014233
0.064	0.013383
0.065	0.013167
0.066	0.013923
0.067	0.015467
0.068	0.017172
0.069	0.018197
0.07	0.01814
0.071	0.01752
0.072	0.017229
0.073	0.017412
0.074	0.017131
0.075	0.015134
0.076	0.011368
0.077	0.007879
0.078	0.007102
0.079	0.009181
0.08	0.012089
0.081	0.013788
0.082	0.013487
0.083	0.011639
0.084	0.009604
0.085	0.008965
0.086	0.01016
0.087	0.011697
0.088	0.011362
0.089	0.008314
0.09	0.004048
0.091	0.001855
0.092	0.005183
0.093	0.015365
0.094	0.029899
0.095	0.043039
0.096	0.0496
0.097	0.04894
0.098	0.04432
0.099	0.038911
0.1	0.033831
0.101	0.028912
0.102	0.023605
0.103	0.017489
0.104	0.010848
0.105	0.004654
0.106	-0.000266
0.107	-0.003768
0.108	-0.006168
0.109	-0.00776
0.11	-0.008313
0.111	-0.006923
0.112	-0.002833
0.113	0.003121
0.114	0.008052
0.115	0.008706
0.116	0.004519
0.117	-0.001145
0.118	-0.004027
0.119	-0.002855
0.12	0.000691
0.121	0.004253
0.122	0.005895
0.123	0.004808
0.124	0.002301
0.125	0.001167
0.126	0.00314
0.127	0.007118
0.128	0.009897
0.129	0.008633
0.13	0.00317
0.131	-0.003637
0.132	-0.00772
0.133	-0.005433
0.134	0.006282
0.135	0.029568
0.136	0.063043
0.137	0.097642
0.138	0.11662
0.139	0.106303
0.14	0.071287
0.141	0.034959
0.142	0.020662
0.143	0.033479
0.144	0.060147
0.145	0.082714
0.146	0.090907
0.147	0.084745
0.148	0.069803
0.149	0.05203
0.15	0.035793
0.151	0.023911
0.152	0.017527
0.153	0.015617
0.154	0.014964
0.155	0.011563
0.156	0.0038
0.157	-0.005271
0.158	-0.010339
0.159	-0.008666
0.16	-0.00176
0.161	0.006246
0.162	0.011053
0.163	0.010713
0.164	0.006596
0.165	0.001887
0.166	-0.000686
0.167	-0.000315
0.168	0.001672
0.169	0.003164
0.17	0.003247
0.171	0.002782
0.172	0.003245
0.173	0.005306
0.174	0.008003
0.175	0.008958
0.176	0.006405
0.177	0.001506
0.178	-0.002506
0.179	-0.003446
0.18	-0.001507
0.181	0.001481
0.182	0.003401
0.183	0.00335
0.184	0.002234
0.185	0.001861
0.186	0.003305
0.187	0.00576
0.188	0.007111
0.189	0.005909
0.19	0.00253
0.191	-0.001498
0.192	-0.00456
0.193	-0.005629
0.194	-0.005095
0.195	-0.005065
0.196	-0.00741
0.197	-0.011167
0.198	-0.013143
0.199	-0.010894
0.2	-0.003984
0.201	0.006456
0.202	0.017961
0.203	0.02704
0.204	0.030479
0.205	0.02735
0.206	0.019856
0.207	0.011764
0.208	0.005895
0.209	0.002791
0.21	0.001056
0.211	-0.001012
0.212	-0.003453
0.213	-0.004632
0.214	-0.003606
0.215	-0.001754
0.216	-0.001218
0.217	-0.002203
0.218	-0.003161
0.219	-0.003323
0.22	-0.003574
0.221	-0.005238
0.222	-0.008959
0.223	-0.01426
0.224	-0.0194
0.225	-0.021811
0.226	-0.019627
0.227	-0.013431
0.228	-0.006281
0.229	-0.001797
0.23	-0.002069
0.231	-0.006277
0.232	-0.010771
0.233	-0.011656
0.234	-0.00822
0.235	-0.003617
0.236	-0.001712
0.237	-0.003417
0.238	-0.006834
0.239	-0.009963
0.24	-0.011109
0.241	-0.006968
0.242	0.007516
0.243	0.034838
0.244	0.068218
0.245	0.09039
0.246	0.084794
0.247	0.052541
0.248	0.01619
0.249	0.002099
0.25	0.018666
0.251	0.052702
0.252	0.08369
0.253	0.098476
0.254	0.095035
0.255	0.077889
0.256	0.053451
0.257	0.028636
0.258	0.009393
0.259	-0.001799
0.26	-0.006177
0.261	-0.006684
0.262	-0.006256
0.263	-0.006845
0.264	-0.008685
0.265	-0.01036
0.266	-0.010222
0.267	-0.008169
0.268	-0.006093
0.269	-0.006526
0.27	-0.010389
0.271	-0.015662
0.272	-0.018597
0.273	-0.016589
0.274	-0.01011
0.275	-0.002387
0.276	0.003148
0.277	0.005625
0.278	0.006405
0.279	0.006552
0.28	0.006019
0.281	0.004447
0.282	0.001562
0.283	-0.002431
0.284	-0.006142
0.285	-0.007242
0.286	-0.004091
0.287	0.002545
0.288	0.009155
0.289	0.011299
0.29	0.006857
0.291	-0.00213
0.292	-0.010962
0.293	-0.015493
0.294	-0.014747
0.295	-0.011687
0.296	-0.010718
0.297	-0.013374
0.298	-0.017356
0.299	-0.019553
0.3	-0.018644
0.301	-0.015669
0.302	-0.013114
0.303	-0.012856
0.304	-0.01467
0.305	-0.016359
0.306	-0.01487
0.307	-0.007828
0.308	0.004787
0.309	0.019861
0.31	0.032434
0.311	0.0385
0.312	0.037349
0.313	0.03167
0.314	0.025054
0.315	0.019138
0.316	0.01381
0.317	0.009696
0.318	0.008247
0.319	0.009477
0.32	0.011736
0.321	0.013188
0.322	0.0125
0.323	0.009369
0.324	0.005192
0.325	0.0024
0.326	0.002415
0.327	0.004205
0.328	0.004951
0.329	0.002359
0.33	-0.003412
0.331	-0.009786
0.332	-0.013215
0.333	-0.011013
0.334	-0.00335
0.335	0.00598
0.336	0.012069
0.337	0.012822
0.338	0.009802
0.339	0.006015
0.34	0.004129
0.341	0.005317
0.342	0.008396
0.343	0.010599
0.344	0.009384
0.345	0.003747
0.346	-0.005043
0.347	-0.013194
0.348	-0.01494
0.349	-0.004053
0.35	0.02294
0.351	0.061576
0.352	0.096396
0.353	0.10739
0.354	0.085941
0.355	0.0457
0.356	0.014067
0.357	0.010822
0.358	0.03438
0.359	0.066744
0.36	0.089318
0.361	0.093913
0.362	0.082857
0.363	0.063416
0.364	0.04256
0.365	0.024617
0.366	0.011543
0.367	0.003726
0.368	-2.7e-05
0.369	-0.002366
0.37	-0.005916
0.371	-0.011197
0.372	-0.015923
0.373	-0.016738
0.374	-0.012227
0.375	-0.00456
0.376	0.00198
0.377	0.004303
0.378	0.002206
0.379	-0.002437
0.38	-0.007033
0.381	-0.0097
0.382	-0.01041
0.383	-0.010706
0.384	-0.012232
0.385	-0.015176
0.386	-0.017921
0.387	-0.018471
0.388	-0.016413
0.389	-0.013496
0.39	-0.012202
0.391	-0.013337
0.392	-0.014908
0.393	-0.013922
0.394	-0.009666
0.395	-0.00504
0.396	-0.003957
0.397	-0.0072
0.398	-0.012014
0.399	-0.015414
0.4	-0.016148
0.401	-0.014177
0.402	-0.010201
0.403	-0.005892
0.404	-0.003628
0.405	-0.004836
0.406	-0.008349
0.407	-0.011023
0.408	-0.010449
0.409	-0.00715
0.41	-0.004041
0.411	-0.0035
0.412	-0.004907
0.413	-0.004963
0.414	-0.000366
0.415	0.009278
0.416	0.021163
0.417	0.031711
0.418	0.038001
0.419	0.037777
0.42	0.030886
0.421	0.02037
0.422	0.010322
0.423	0.002826
0.424	-0.002365
0.425	-0.005753
0.426	-0.006887
0.427	-0.00539
0.428	-0.002297
0.429	0.000131
0.43	-8.8e-05
0.431	-0.003001
0.432	-0.006421
0.433	-0.007521
0.434	-0.005154
0.435	-0.001175
0.436	0.00101
0.437	-0.000269
0.438	-0.003959
0.439	-0.007958
0.44	-0.01002
0.441	-0.008311
0.442	-0.003193
0.443	0.002031
0.444	0.00351
0.445	0.000167
0.446	-0.005365
0.447	-0.008718
0.448	-0.007053
0.449	-0.001258
0.45	0.004873
0.451	0.007842
0.452	0.006838
0.453	0.003449
0.454	-6.6e-05
0.455	-0.001465
0.456	0.002853
0.457	0.018207
0.458	0.046212
0.459	0.077249
0.46	0.092488
0.461	0.078749
0.462	0.043162
0.463	0.010708
0.464	0.004405
0.465	0.027693
0.466	0.065131
0.467	0.096724
0.468	0.110461
0.469	0.10507
0.47	0.086248
0.471	0.062067
0.472	0.039766
0.473	0.024077
0.474	0.016358
0.475	0.014248
0.476	0.01319
0.477	0.009698
0.478	0.003097
0.479	-0.005063
0.48	-0.011774
0.481	-0.014103
0.482	-0.011827
0.483	-0.008016
0.484	-0.006502
0.485	-0.008832
0.486	-0.013125
0.487	-0.015652
0.488	-0.013985
0.489	-0.008963
0.49	-0.003798
0.491	-0.001412
0.492	-0.002341
0.493	-0.004787
0.494	-0.006674
0.495	-0.007791
0.496	-0.009464
0.497	-0.012094
0.498	-0.014411
0.499	-0.015127
0.5	-0.013641
0.501	-0.009867
0.502	-0.004744
0.503	-0.000482
0.504	0.00029
0.505	-0.003617
0.506	-0.0102
0.507	-0.014952
0.508	-0.014329
0.509	-0.008715
0.51	-0.002
0.511	0.001556
0.512	0.000464
0.513	-0.003197
0.514	-0.005855
0.515	-0.00576
0.516	-0.004349
0.517	-0.00431
0.518	-0.007338
0.519	-0.0133
0.52	-0.019507
0.521	-0.021348
0.522	-0.015348
0.523	-0.001985
0.524	0.014177
0.525	0.027268
0.526	0.03371
0.527	0.033543
0.528	0.029008
0.529	0.022571
0.53	0.015737
0.531	0.008833
0.532	0.002036
0.533	-0.003535
0.534	-0.006549
0.535	-0.007307
0.536	-0.007702
0.537	-0.009035
0.538	-0.011158
0.539	-0.01352
0.54	-0.015243
0.541	-0.014894
0.542	-0.01198
0.543	-0.008519
0.544	-0.007986
0.545	-0.011838
0.546	-0.017023
0.547	-0.017818
0.548	-0.010606
0.549	0.002868
0.55	0.016141
0.551	0.022175
0.552	0.018625
0.553	0.009626
0.554	0.001736
0.555	-0.001822
0.556	-0.002438
0.557	-0.002593
0.558	-0.003263
0.559	-0.004473
0.56	-0.005795
0.561	-0.005994
0.562	-0.002959
0.563	0.006795
0.564	0.028252
0.565	0.06436
0.566	0.108608
0.567	0.141559
0.568	0.141398
0.569	0.104232
0.57	0.052777
0.571	0.020456
0.572	0.02559
0.573	0.060505
0.574	0.102189
0.575	0.130179
0.576	0.136586
0.577	0.125308
0.578	0.105191
0.579	0.083911
0.58	0.066312
0.581	0.054755
0.582	0.048889
0.583	0.04611
0.584	0.04347
0.585	0.039406
0.586	0.033953
0.587	0.028364
0.588	0.024836
0.589	0.025314
0.59	0.029362
0.591	0.033741
0.592	0.0351
0.593	0.033051
0.594	0.030164
0.595	0.028877
0.596	0.029393
0.597	0.030862
0.598	0.032635
0.599	0.033978
0.6	0.034522
0.601	0.034757
0.602	0.035087
0.603	0.035025
0.604	0.033654
0.605	0.030587
0.606	0.026971
0.607	0.025775
0.608	0.029705
0.609	0.037737
0.61	0.044653
0.611	0.045281
0.612	0.039136
0.613	0.030865
0.614	0.026411
0.615	0.028221
0.616	0.033964
0.617	0.039761
0.618	0.043134
0.619	0.043367
0.62	0.041951
0.621	0.042352
0.622	0.046895
0.623	0.053934
0.624	0.059243
0.625	0.060141
0.626	0.057942
0.627	0.056682
0.628	0.059718
0.629	0.067202
0.63	0.076401
0.631	0.083868
0.632	0.087111
0.633	0.085411
0.634	0.079904
0.635	0.072432
0.636	0.064469
0.637	0.057239
0.638	0.051233
0.639	0.045582
0.64	0.039807
0.641	0.035609
0.642	0.035211
0.643	0.03837
0.644	0.041921
0.645	0.042479
0.646	0.039562
0.647	0.036114
0.648	0.035874
0.649	0.040103
0.65	0.04658
0.651	0.051261
0.652	0.051398
0.653	0.047835
0.654	0.043877
0.655	0.041682
0.656	0.040928
0.657	0.040922
0.658	0.041563
0.659	0.042208
0.66	0.042426
0.661	0.043487
0.662	0.046982
0.663	0.052483
0.664	0.057489
0.665	0.059381
0.666	0.057211
0.667	0.052035
0.668	0.04616
0.669	0.042684
0.67	0.045884
0.671	0.060598
0.672	0.088084
0.673	0.119618
0.674	0.13598
0.675	0.12058
0.676	0.077881
0.677	0.035019
0.678	0.019755
0.679	0.037758
0.68	0.072788
0.681	0.103872
0.682	0.119221
0.683	0.118399
0.684	0.10688
0.685	0.090354
0.686	0.07278
0.687	0.057095
0.688	0.04557
0.689	0.038787
0.69	0.034761
0.691	0.030219
0.692	0.023618
0.693	0.016679
0.694	0.012473
0.695	0.012142
0.696	0.014104
0.697	0.016185
0.698	0.016939
0.699	0.015133
0.7	0.010393
0.701	0.004303
0.702	-0.000519
0.703	-0.002622
0.704	-0.003258
0.705	-0.005491
0.706	-0.011031
0.707	-0.018
0.708	-0.022528
0.709	-0.022739
0.71	-0.020736
0.711	-0.020334
0.712	-0.023138
0.713	-0.027267
0.714	-0.029563
0.715	-0.028463
0.716	-0.024768
0.717	-0.020283
0.718	-0.01707
0.719	-0.017424
0.72	-0.022069
0.721	-0.028509
0.722	-0.032746
0.723	-0.032673
0.724	-0.029701
0.725	-0.027238
0.726	-0.02757
0.727	-0.030272
0.728	-0.033264
0.729	-0.034922
0.73	-0.035331
0.731	-0.035761
0.732	-0.036975
0.733	-0.038301
0.734	-0.038303
0.735	-0.036054
0.736	-0.031236
0.737	-0.023271
0.738	-0.012315
0.739	-0.001275
0.74	0.005551
0.741	0.006214
0.742	0.0024
0.743	-0.002982
0.744	-0.008854
0.745	-0.016113
0.746	-0.025129
0.747	-0.03395
0.748	-0.039282
0.749	-0.039293
0.75	-0.03548
0.751	-0.0315
0.752	-0.030078
0.753	-0.031094
0.754	-0.032405
0.755	-0.032386
0.756	-0.03099
0.757	-0.028339
0.758	-0.024665
0.759	-0.021902
0.76	-0.022231
0.761	-0.024806
0.762	-0.026089
0.763	-0.023642
0.764	-0.018558
0.765	-0.014149
0.766	-0.013045
0.767	-0.015562
0.768	-0.020059
0.769	-0.024532
0.77	-0.027986
0.771	-0.030472
0.772	-0.032263
0.773	-0.03325
0.774	-0.033088
0.775	-0.032063
0.776	-0.030963
0.777	-0.029014
0.778	-0.022823
0.779	-0.008109
0.78	0.016832
0.781	0.046031
0.782	0.063818
0.783	0.054691
0.784	0.020244
0.785	-0.017294
0.786	-0.03256
0.787	-0.01729
0.788	0.016354
0.789	0.048204
0.79	0.063959
0.791	0.060725
0.792	0.044385
0.793	0.02375
0.794	0.005612
0.795	-0.0075
0.796	-0.016312
0.797	-0.022003
0.798	-0.025528
0.799	-0.028812
0.8	-0.033496
0.801	-0.038538
0.802	-0.041001
0.803	-0.03903
0.804	-0.033718
0.805	-0.028653
0.806	-0.027523
0.807	-0.031335
0.808	-0.037504
0.809	-0.041668
0.81	-0.040576
0.811	-0.034027
0.812	-0.024928
0.813	-0.017261
0.814	-0.013383
0.815	-0.013112
0.816	-0.014621
0.817	-0.015702
0.818	-0.015643
0.819	-0.016299
0.82	-0.019817
0.821	-0.025674
0.822	-0.03083
0.823	-0.032131
0.824	-0.028754
0.825	-0.0231
0.826	-0.019015
0.827	-0.018605
0.828	-0.020714
0.829	-0.022528
0.83	-0.022364
0.831	-0.020721
0.832	-0.019106
0.833	-0.018421
0.834	-0.018631
0.835	-0.019713
0.836	-0.022038
0.837	-0.025353
0.838	-0.02892
0.839	-0.032952
0.84	-0.037928
0.841	-0.042734
0.842	-0.044708
0.843	-0.041275
0.844	-0.032078
0.845	-0.020086
0.846	-0.009986
0.847	-0.00503
0.848	-0.005297
0.849	-0.008418
0.85	-0.011678
0.851	-0.01397
0.852	-0.016191
0.853	-0.019741
0.854	-0.024806
0.855	-0.030211
0.856	-0.034086
0.857	-0.034335
0.858	-0.030388
0.859	-0.02502
0.86	-0.022257
0.861	-0.023296
0.862	-0.025597
0.863	-0.025717
0.864	-0.022599
0.865	-0.01825
0.866	-0.015701
0.867	-0.016545
0.868	-0.01983
0.869	-0.022702
0.87	-0.022399
0.871	-0.018382
0.872	-0.012708
0.873	-0.008176
0.874	-0.006366
0.875	-0.007171
0.876	-0.009014
0.877	-0.009457
0.878	-0.007455
0.879	-0.005265
0.88	-0.006402
0.881	-0.011936
0.882	-0.019631
0.883	-0.026049
0.884	-0.028576
0.885	-0.024952
0.886	-0.011613
0.887	0.014829
0.888	0.051242
0.889	0.082985
0.89	0.090328
0.891	0.065942
0.892	0.026087
0.893	-0.000604
0.894	0.002682
0.895	0.029067
0.896	0.058061
0.897	0.073802
0.898	0.073189
0.899	0.061015
0.9	0.043209
0.901	0.024818
0.902	0.010079
0.903	0.001566
0.904	-0.001174
0.905	-0.001565
0.906	-0.003743
0.907	-0.009608
0.908	-0.017652
0.909	-0.024523
0.91	-0.027724
0.911	-0.027106
0.912	-0.024446
0.913	-0.022155
0.914	-0.021935
0.915	-0.023957
0.916	-0.026673
0.917	-0.027392
0.918	-0.024729
0.919	-0.020788
0.92	-0.019166
0.921	-0.021037
0.922	-0.024205
0.923	-0.025387
0.924	-0.023
0.925	-0.018292
0.926	-0.014226
0.927	-0.013107
0.928	-0.014888
0.929	-0.017599
0.93	-0.019119
0.931	-0.018424
0.932	-0.016039
0.933	-0.013758
0.934	-0.013327
0.935	-0.015332
0.936	-0.018792
0.937	-0.020941
0.938	-0.019137
0.939	-0.014024
0.94	-0.009103
0.941	-0.007112
0.942	-0.007903
0.943	-0.009373
0.944	-0.009888
0.945	-0.009958
0.946	-0.011601
0.947	-0.015831
0.948	-0.020978
0.949	-0.023803
0.95	-0.021766
0.951	-0.014177
0.952	-0.002499
0.953	0.009837
0.954	0.018566
0.955	0.020198
0.956	0.01387
0.957	0.002625
0.958	-0.008718
0.959	-0.017679
0.96	-0.024686
0.961	-0.030427
0.962	-0.034396
0.963	-0.035388
0.964	-0.032741
0.965	-0.027526
0.966	-0.022591
0.967	-0.020883
0.968	-0.023356
0.969	-0.028317
0.97	-0.032577
0.971	-0.03376
0.972	-0.032174
0.973	-0.03012
0.974	-0.029403
0.975	-0.030028
0.976	-0.03046
0.977	-0.028339
0.978	-0.022686
0.979	-0.01609
0.98	-0.012797
0.981	-0.014533
0.982	-0.019316
0.983	-0.023524
0.984	-0.024539
0.985	-0.022351
0.986	-0.01929
0.987	-0.017974
0.988	-0.019293
0.989	-0.022164
0.99	-0.024771
0.991	-0.025546
0.992	-0.022332
0.993	-0.010984
0.994	0.012339
0.995	0.044402
0.996	0.071113
0.997	0.07504
0.998	0.05047
0.999	0.011559
1.0	-0.016278
1.001	-0.015593
1.002	0.011021
1.003	0.046191
1.004	0.072127
1.005	0.080245
1.006	0.071629
1.007	0.052597
1.008	0.030391
1.009	0.010877
1.01	-0.002551
1.011	-0.009639
1.012	-0.012699
1.013	-0.014533
1.014	-0.016786
1.015	-0.019762
1.016	-0.022455
1.017	-0.022653
1.018	-0.019094
1.019	-0.014001
1.02	-0.011611
1.021	-0.014303
1.022	-0.020878
1.023	-0.027674
1.024	-0.031161
1.025	-0.030182
1.026	-0.026094
1.027	-0.021211
1.028	-0.017307
1.029	-0.015075
1.03	-0.014556
1.031	-0.015769
1.032	-0.018709
1.033	-0.023064
1.034	-0.028333
1.035	-0.033972
1.036	-0.038728
1.037	-0.039996
1.038	-0.035841
1.039	-0.028148
1.04	-0.021667
1.041	-0.01964
1.042	-0.021229
1.043	-0.022821
1.044	-0.021615
1.045	-0.01797
1.046	-0.014367
1.047	-0.012762
1.048	-0.0132
1.049	-0.014315
1.05	-0.014754
1.051	-0.014275
1.052	-0.013739
1.053	-0.014401
1.054	-0.017256
1.055	-0.022404
1.056	-0.028145
1.057	-0.030538
1.058	-0.025871
1.059	-0.014704
1.06	-0.001915
1.061	0.007226
1.062	0.010193
1.063	0.007692
1.064	0.002309
1.065	-0.003324
1.066	-0.007773
1.067	-0.011226
1.068	-0.014869
1.069	-0.019306
1.07	-0.023556
1.071	-0.025913
1.072	-0.025674
1.073	-0.023839
1.074	-0.02221
1.075	-0.022159
1.076	-0.023725
1.077	-0.024992
1.078	-0.023773
1.079	-0.020869
1.08	-0.019622
1.081	-0.02188
1.082	-0.025981
1.083	-0.028666
1.084	-0.028028
1.085	-0.024444
1.086	-0.019587
1.087	-0.015286
1.088	-0.0127
1.089	-0.011812
1.09	-0.011747
1.091	-0.011596
1.092	-0.011024
1.093	-0.01046
1.094	-0.01107
1.095	-0.014558
1.096	-0.021702
1.097	-0.029972
1.098	-0.034354
1.099	-0.030924
1.1	-0.017282
1.101	0.008637
1.102	0.044563
1.103	0.077809
1.104	0.089231
1.105	0.069691
1.106	0.03244
1.107	0.004642
1.108	0.004981
1.109	0.030358
1.11	0.062337
1.111	0.082959
1.112	0.084979
1.113	0.071821
1.114	0.051796
1.115	0.032257
1.116	0.017136
1.117	0.007835
1.118	0.003732
1.119	0.001548
1.12	-0.002749
1.121	-0.010535
1.122	-0.019941
1.123	-0.027843
1.124	-0.03171
1.125	-0.030729
1.126	-0.026426
1.127	-0.022017
1.128	-0.020333
1.129	-0.021845
1.13	-0.024618
1.131	-0.026274
1.132	-0.025906
1.133	-0.024329
1.134	-0.023302
1.135	-0.024794
1.136	-0.029543
1.137	-0.035298
1.138	-0.03832
1.139	-0.037465
1.14	-0.034783
1.141	-0.032448
1.142	-0.030886
1.143	-0.029084
1.144	-0.025855
1.145	-0.021519
1.146	-0.018446
1.147	-0.019275
1.148	-0.024546
1.149	-0.032032
1.15	-0.037865
1.151	-0.038678
1.152	-0.033738
1.153	-0.025415
1.154	-0.017646
1.155	-0.013894
1.156	-0.0152
1.157	-0.019016
1.158	-0.021428
1.159	-0.021371
1.16	-0.021062
1.161	-0.022701
1.162	-0.026173
1.163	-0.029001
1.164	-0.027728
1.165	-0.02018
1.166	-0.007248
1.167	0.007041
1.168	0.017266
1.169	0.019583
1.17	0.014216
1.171	0.005026
1.172	-0.003648
1.173	-0.009567
1.174	-0.012977
1.175	-0.015791
1.176	-0.019635
1.177	-0.023512
1.178	-0.024658
1.179	-0.022383
1.18	-0.01938
1.181	-0.019081
1.182	-0.022486
1.183	-0.027293
1.184	-0.030157
1.185	-0.029831
1.186	-0.027979
1.187	-0.027307
1.188	-0.029098
1.189	-0.032138
1.19	-0.033817
1.191	-0.032428
1.192	-0.028461
1.193	-0.023962
1.194	-0.021446
1.195	-0.023249
1.196	-0.0298
1.197	-0.037344
1.198	-0.040022
1.199	-0.035813
1.2	-0.028514
1.201	-0.023614
1.202	-0.023643
1.203	-0.027309
1.204	-0.031674
1.205	-0.033878
1.206	-0.03079
1.207	-0.01821
1.208	0.007504
1.209	0.043933
1.21	0.07738
1.211	0.087392
1.212	0.063708
1.213	0.02017
1.214	-0.013512
1.215	-0.016434
1.216	0.008706
1.217	0.043266
1.218	0.069095
1.219	0.077279
1.22	0.06813
1.221	0.047853
1.222	0.02456
1.223	0.004843
1.224	-0.008205
1.225	-0.015168
1.226	-0.019096
1.227	-0.023497
1.228	-0.030151
1.229	-0.038074
1.23	-0.044755
1.231	-0.048291
1.232	-0.048274
1.233	-0.045871
1.234	-0.04402
1.235	-0.046423
1.236	-0.054336
1.237	-0.063878
1.238	-0.068596
1.239	-0.06569
1.24	-0.058093
1.241	-0.050707
1.242	-0.046258
1.243	-0.044354
1.244	-0.043107
1.245	-0.04115
1.246	-0.038542
1.247	-0.036254
1.248	-0.035086
1.249	-0.035073
1.25	-0.035511
1.251	-0.035203
1.252	-0.033158
1.253	-0.029717
1.254	-0.026768
1.255	-0.026457
1.256	-0.029144
1.257	-0.032132
1.258	-0.03185
1.259	-0.027939
1.26	-0.023359
1.261	-0.020654
1.262	-0.01984
1.263	-0.019344
1.264	-0.017555
1.265	-0.013663
1.266	-0.008278
1.267	-0.00375
1.268	-0.003051
1.269	-0.007465
1.27	-0.014959
1.271	-0.020712
1.272	-0.019944
1.273	-0.011134
1.274	0.002934
1.275	0.016495
1.276	0.023902
1.277	0.023401
1.278	0.017575
1.279	0.009764
1.28	0.001716
1.281	-0.005775
1.282	-0.012085
1.283	-0.01678
1.284	-0.019625
1.285	-0.02051
1.286	-0.019582
1.287	-0.017484
1.288	-0.01525
1.289	-0.013706
1.29	-0.012712
1.291	-0.011152
1.292	-0.008189
1.293	-0.00456
1.294	-0.002416
1.295	-0.004117
1.296	-0.010185
1.297	-0.017198
1.298	-0.01958
1.299	-0.015049
1.3	-0.006664
1.301	0.000514
1.302	0.003178
1.303	0.001103
1.304	-0.003354
1.305	-0.00694
1.306	-0.007732
1.307	-0.006394
1.308	-0.005457
1.309	-0.007274
1.31	-0.01212
1.311	-0.018028
1.312	-0.022107
1.313	-0.020987
1.314	-0.01037
1.315	0.013159
1.316	0.047449
1.317	0.081158
1.318	0.096558
1.319	0.081933
1.32	0.045528
1.321	0.013063
1.322	0.006728
1.323	0.02792
1.324	0.06035
1.325	0.085507
1.326	0.093917
1.327	0.086182
1.328	0.068359
1.329	0.04755
1.33	0.029402
1.331	0.016739
1.332	0.009529
1.333	0.006098
1.334	0.003837
1.335	-0.000539
1.336	-0.008734
1.337	-0.017917
1.338	-0.022516
1.339	-0.020086
1.34	-0.013489
1.341	-0.007669
1.342	-0.005846
1.343	-0.007917
1.344	-0.011321
1.345	-0.013394
1.346	-0.013114
1.347	-0.01115
1.348	-0.008983
1.349	-0.00797
1.35	-0.008684
1.351	-0.010797
1.352	-0.01322
1.353	-0.01457
1.354	-0.014427
1.355	-0.014267
1.356	-0.015917
1.357	-0.018566
1.358	-0.01915
1.359	-0.016351
1.36	-0.012229
1.361	-0.009924
1.362	-0.011148
1.363	-0.015299
1.364	-0.020089
1.365	-0.02301
1.366	-0.022636
1.367	-0.019476
1.368	-0.015941
1.369	-0.014882
1.37	-0.017651
1.371	-0.023175
1.372	-0.028379
1.373	-0.029995
1.374	-0.027011
1.375	-0.021632
1.376	-0.017294
1.377	-0.015049
1.378	-0.012638
1.379	-0.007368
1.38	0.001551
1.381	0.01296
1.382	0.024104
1.383	0.031231
1.384	0.031286
1.385	0.023705
1.386	0.010679
1.387	-0.003987
1.388	-0.016405
1.389	-0.024115
1.39	-0.02679
1.391	-0.025472
1.392	-0.021287
1.393	-0.015247
1.394	-0.009101
1.395	-0.005499
1.396	-0.00613
1.397	-0.009092
1.398	-0.009788
1.399	-0.005856
1.4	0.000131
1.401	0.003483
1.402	0.001764
1.403	-0.003699
1.404	-0.00958
1.405	-0.013099
1.406	-0.013539
1.407	-0.012428
1.408	-0.012426
1.409	-0.015438
1.41	-0.02109
1.411	-0.026533
1.412	-0.028081
1.413	-0.023776
1.414	-0.014714
1.415	-0.0044
1.416	0.003272
1.417	0.006587
1.418	0.006512
1.419	0.004617
1.42	0.002831
1.421	0.005879
1.422	0.020735
1.423	0.049753
1.424	0.082901
1.425	0.09984
1.426	0.085423
1.427	0.046077
1.428	0.008138
1.429	-0.00339
1.43	0.015788
1.431	0.049967
1.432	0.078943
1.433	0.091241
1.434	0.086253
1.435	0.069048
1.436	0.046155
1.437	0.024988
1.438	0.012118
1.439	0.008993
1.44	0.010928
1.441	0.011438
1.442	0.006948
1.443	-0.001945
1.444	-0.011742
1.445	-0.018159
1.446	-0.018692
1.447	-0.014316
1.448	-0.008801
1.449	-0.006259
1.45	-0.008307
1.451	-0.012566
1.452	-0.014395
1.453	-0.010816
1.454	-0.002992
1.455	0.004766
1.456	0.008709
1.457	0.008932
1.458	0.008617
1.459	0.010168
1.46	0.012961
1.461	0.014262
1.462	0.011487
1.463	0.004515
1.464	-0.003302
1.465	-0.007153
1.466	-0.004785
1.467	0.001253
1.468	0.005396
1.469	0.003418
1.47	-0.004266
1.471	-0.013342
1.472	-0.019302
1.473	-0.019998
1.474	-0.015998
1.475	-0.010697
1.476	-0.008674
1.477	-0.011191
1.478	-0.014447
1.479	-0.013837
1.48	-0.00838
1.481	-0.000728
1.482	0.005419
1.483	0.00791
1.484	0.007197
1.485	0.005447
1.486	0.00537
1.487	0.009362
1.488	0.017621
1.489	0.026778
1.49	0.032052
1.491	0.031118
1.492	0.025184
1.493	0.016966
1.494	0.008313
1.495	-0.00057
1.496	-0.00964
1.497	-0.016978
1.498	-0.019887
1.499	-0.018415
1.5	-0.015863
1.501	-0.015542
1.502	-0.018196
1.503	-0.0221
1.504	-0.024658
1.505	-0.024104
1.506	-0.020675
1.507	-0.016851
1.508	-0.016294
1.509	-0.021345
1.51	-0.030526
1.511	-0.038788
1.512	-0.040471
1.513	-0.03273
1.514	-0.017891
1.515	-0.002752
1.516	0.006221
1.517	0.007975
1.518	0.006441
1.519	0.00566
1.52	0.007024
1.521	0.009898
1.522	0.012489
1.523	0.012618
1.524	0.009034
1.525	0.002424
1.526	-0.004543
1.527	-0.007743
1.528	-0.001911
1.529	0.018226
1.53	0.053033
1.531	0.090906
1.532	0.109678
1.533	0.093279
1.534	0.049618
1.535	0.007204
1.536	-0.008107
1.537	0.008615
1.538	0.042836
1.539	0.074361
1.54	0.090094
1.541	0.088316
1.542	0.074931
1.543	0.057314
1.544	0.040612
1.545	0.027407
1.546	0.018773
1.547	0.014762
1.548	0.014209
1.549	0.014851
1.55	0.014358
1.551	0.011861
1.552	0.008944
1.553	0.008605
1.554	0.012178
1.555	0.01729
1.556	0.019894
1.557	0.018588
1.558	0.01573
1.559	0.014201
1.56	0.014796
1.561	0.016593
1.562	0.018174
1.563	0.01841
1.564	0.017135
1.565	0.015544
1.566	0.015523
1.567	0.018004
1.568	0.021881
1.569	0.024612
1.57	0.023934
1.571	0.019602
1.572	0.014091
1.573	0.010991
1.574	0.011704
1.575	0.013809
1.576	0.013405
1.577	0.009358
1.578	0.004298
1.579	0.001317
1.58	0.001211
1.581	0.002707
1.582	0.003806
1.583	0.002863
1.584	-0.000638
1.585	-0.005716
1.586	-0.010284
1.587	-0.01239
1.588	-0.011633
1.589	-0.009663
1.59	-0.009051
1.591	-0.010748
1.592	-0.012422
1.593	-0.010115
1.594	-0.002084
1.595	0.008839
1.596	0.01697
1.597	0.018546
1.598	0.014258
1.599	0.006998
1.6	-0.000982
1.601	-0.008583
1.602	-0.015613
1.603	-0.022472
1.604	-0.029159
1.605	-0.034266
1.606	-0.035568
1.607	-0.032161
1.608	-0.02605
1.609	-0.021388
1.61	-0.02154
1.611	-0.026211
1.612	-0.031555
1.613	-0.03337
1.614	-0.030276
1.615	-0.024706
1.616	-0.021042
1.617	-0.021662
1.618	-0.02512
1.619	-0.028481
1.62	-0.029944
1.621	-0.029332
1.622	-0.027912
1.623	-0.027926
1.624	-0.031065
1.625	-0.036717
1.626	-0.041915
1.627	-0.043489
1.628	-0.040691
1.629	-0.035943
1.63	-0.03292
1.631	-0.033627
1.632	-0.037049
1.633	-0.039946
1.634	-0.038332
1.635	-0.028691
1.636	-0.008687
1.637	0.021195
1.638	0.053085
1.639	0.070267
1.64	0.058651
1.641	0.023488
1.642	-0.010614
1.643	-0.020166
1.644	-0.001596
1.645	0.029656
1.646	0.053948
1.647	0.060479
1.648	0.050251
1.649	0.030824
1.65	0.009928
1.651	-0.007586
1.652	-0.019857
1.653	-0.026846
1.654	-0.029552
1.655	-0.030324
1.656	-0.032205
1.657	-0.036336
1.658	-0.040824
1.659	-0.042943
1.66	-0.041568
1.661	-0.037725
1.662	-0.034066
1.663	-0.03336
1.664	-0.036261
1.665	-0.040651
1.666	-0.043788
1.667	-0.044853
1.668	-0.045074
1.669	-0.04594
1.67	-0.047771
1.671	-0.049784
1.672	-0.050817
1.673	-0.049859
1.674	-0.046853
1.675	-0.043551
1.676	-0.042557
1.677	-0.044388
1.678	-0.046222
1.679	-0.044514
1.68	-0.038277
1.681	-0.029913
1.682	-0.023599
1.683	-0.02248
1.684	-0.02676
1.685	-0.033983
1.686	-0.040723
1.687	-0.044224
1.688	-0.043411
1.689	-0.039337
1.69	-0.034703
1.691	-0.032133
1.692	-0.032141
1.693	-0.032809
1.694	-0.03215
1.695	-0.030748
1.696	-0.031069
1.697	-0.033875
1.698	-0.03669
1.699	-0.036219
1.7	-0.030917
1.701	-0.021327
1.702	-0.009427
1.703	0.002146
1.704	0.010673
1.705	0.014003
1.706	0.011579
1.707	0.004915
1.708	-0.003373
1.709	-0.011264
1.71	-0.018115
1.711	-0.023832
1.712	-0.027601
1.713	-0.028015
1.714	-0.024597
1.715	-0.018922
1.716	-0.013912
1.717	-0.011607
1.718	-0.011772
1.719	-0.012796
1.72	-0.013219
1.721	-0.012559
1.722	-0.011653
1.723	-0.012366
1.724	-0.016445
1.725	-0.023904
1.726	-0.032176
1.727	-0.037352
1.728	-0.036908
1.729	-0.031638
1.73	-0.02514
1.731	-0.020996
1.732	-0.019812
1.733	-0.019162
1.734	-0.016595
1.735	-0.012466
1.736	-0.009583
1.737	-0.009874
1.738	-0.012267
1.739	-0.014536
1.74	-0.015614
1.741	-0.014809
1.742	-0.009489
1.743	0.005249
1.744	0.033161
1.745	0.070857
1.746	0.104127
1.747	0.113951
1.748	0.092598
1.749	0.054604
1.75	0.027043
1.751	0.027169
1.752	0.050657
1.753	0.079364
1.754	0.096746
1.755	0.096335
1.756	0.080771
1.757	0.057518
1.758	0.034583
1.759	0.016752
1.76	0.004673
1.761	-0.002972
1.762	-0.007674
1.763	-0.011136
1.764	-0.014973
1.765	-0.019169
1.766	-0.021768
1.767	-0.021034
1.768	-0.017587
1.769	-0.014237
1.77	-0.01404
1.771	-0.01815
1.772	-0.024874
1.773	-0.030664
1.774	-0.032574
1.775	-0.030627
1.776	-0.027599
1.777	-0.025958
1.778	-0.025864
1.779	-0.026276
1.78	-0.026288
1.781	-0.025176
1.782	-0.022785
1.783	-0.020304
1.784	-0.019582
1.785	-0.021302
1.786	-0.024069
1.787	-0.025223
1.788	-0.022904
1.789	-0.018081
1.79	-0.014175
1.791	-0.01394
1.792	-0.016894
1.793	-0.019838
1.794	-0.019694
1.795	-0.016245
1.796	-0.012158
1.797	-0.010071
1.798	-0.010436
1.799	-0.01222
1.8	-0.013989
1.801	-0.014231
1.802	-0.012419
1.803	-0.009951
1.804	-0.008875
1.805	-0.00964
1.806	-0.010537
1.807	-0.009118
1.808	-0.004146
1.809	0.003333
1.81	0.010572
1.811	0.014721
1.812	0.014234
1.813	0.009664
1.814	0.003352
1.815	-0.002427
1.816	-0.007163
1.817	-0.011543
1.818	-0.015953
1.819	-0.020199
1.82	-0.02361
1.821	-0.025167
1.822	-0.02456
1.823	-0.022885
1.824	-0.021867
1.825	-0.022624
1.826	-0.024799
1.827	-0.02645
1.828	-0.025557
1.829	-0.02223
1.83	-0.019105
1.831	-0.019308
1.832	-0.023725
1.833	-0.029777
1.834	-0.033278
1.835	-0.032325
1.836	-0.029105
1.837	-0.027139
1.838	-0.027687
1.839	-0.029579
1.84	-0.030908
1.841	-0.030076
1.842	-0.026527
1.843	-0.021223
1.844	-0.016426
1.845	-0.014696
1.846	-0.017146
1.847	-0.022264
1.848	-0.026629
1.849	-0.026363
1.85	-0.017528
1.851	0.003121
1.852	0.034313
1.853	0.065527
1.854	0.079176
1.855	0.063605
1.856	0.026601
1.857	-0.007175
1.858	-0.015944
1.859	0.002062
1.86	0.031022
1.861	0.053127
1.862	0.060047
1.863	0.053273
1.864	0.038481
1.865	0.021169
1.866	0.005638
1.867	-0.005256
1.868	-0.01099
1.869	-0.013527
1.87	-0.01608
1.871	-0.021288
1.872	-0.029312
1.873	-0.037101
1.874	-0.040665
1.875	-0.039029
1.876	-0.035332
1.877	-0.033424
1.878	-0.034462
1.879	-0.037202
1.88	-0.039798
1.881	-0.040694
1.882	-0.039147
1.883	-0.035901
1.884	-0.033274
1.885	-0.033633
1.886	-0.036984
1.887	-0.040267
1.888	-0.039674
1.889	-0.034183
1.89	-0.026909
1.891	-0.022696
1.892	-0.023862
1.893	-0.028157
1.894	-0.031068
1.895	-0.030131
1.896	-0.026821
1.897	-0.024355
1.898	-0.024671
1.899	-0.027885
1.9	-0.032764
1.901	-0.03685
1.902	-0.03763
1.903	-0.034544
1.904	-0.029434
1.905	-0.024684
1.906	-0.021169
1.907	-0.018105
1.908	-0.014568
1.909	-0.011141
1.91	-0.010248
1.911	-0.014321
1.912	-0.022884
1.913	-0.031776
1.914	-0.035724
1.915	-0.031855
1.916	-0.021196
1.917	-0.007408
1.918	0.005166
1.919	0.012671
1.92	0.013211
1.921	0.008034
1.922	0.000457
1.923	-0.006709
1.924	-0.012768
1.925	-0.018592
1.926	-0.024525
1.927	-0.028871
1.928	-0.029005
1.929	-0.024369
1.93	-0.017893
1.931	-0.013861
1.932	-0.01439
1.933	-0.018135
1.934	-0.021987
1.935	-0.024031
1.936	-0.025127
1.937	-0.027228
1.938	-0.030801
1.939	-0.034651
1.94	-0.036817
1.941	-0.035067
1.942	-0.028271
1.943	-0.018204
1.944	-0.009164
1.945	-0.005062
1.946	-0.006592
1.947	-0.010892
1.948	-0.013992
1.949	-0.014153
1.95	-0.012939
1.951	-0.012997
1.952	-0.015451
1.953	-0.019375
1.954	-0.022561
1.955	-0.022672
1.956	-0.018015
1.957	-0.006688
1.958	0.01362
1.959	0.041793
1.96	0.068644
1.961	0.078997
1.962	0.063192
1.963	0.029247
1.964	0.000543
1.965	-0.00247
1.966	0.021903
1.967	0.058166
1.968	0.087314
1.969	0.098483
1.97	0.091487
1.971	0.072565
1.972	0.049074
1.973	0.026972
1.974	0.010449
1.975	0.001002
1.976	-0.003386
1.977	-0.006352
1.978	-0.010186
1.979	-0.015054
1.98	-0.019613
1.981	-0.021696
1.982	-0.019921
1.983	-0.015444
1.984	-0.011606
1.985	-0.011451
1.986	-0.015429
1.987	-0.021027
1.988	-0.024464
1.989	-0.023381
1.99	-0.018527
1.991	-0.013205
1.992	-0.010894
1.993	-0.012604
1.994	-0.016304
1.995	-0.019173
1.996	-0.019897
1.997	-0.018684
1.998	-0.016448
1.999	-0.01461
2.0	-0.014321
2.001	-0.015314
2.002	-0.016327
2.003	-0.016555
2.004	-0.016055
2.005	-0.015095
2.006	-0.013787
2.007	-0.01219
2.008	-0.010287
2.009	-0.007914
2.01	-0.00513
2.011	-0.002865
2.012	-0.002558
2.013	-0.004377
2.014	-0.006508
2.015	-0.007058
2.016	-0.005868
2.017	-0.003996
2.018	-0.002624
2.019	-0.002789
2.02	-0.004625
2.021	-0.006404
2.022	-0.005318
2.023	0.000405
2.024	0.009729
2.025	0.018638
2.026	0.022468
2.027	0.019579
2.028	0.012698
2.029	0.006223
2.03	0.002536
2.031	0.000933
2.032	-0.00054
2.033	-0.002728
2.034	-0.004986
2.035	-0.006697
2.036	-0.00822
2.037	-0.009936
2.038	-0.01142
2.039	-0.012357
2.04	-0.013044
2.041	-0.013392
2.042	-0.012557
2.043	-0.010133
2.044	-0.007383
2.045	-0.006764
2.046	-0.009678
2.047	-0.014543
2.048	-0.017601
2.049	-0.016174
2.05	-0.011261
2.051	-0.006767
2.052	-0.006024
2.053	-0.00907
2.054	-0.013073
2.055	-0.014897
2.056	-0.013302
2.057	-0.009237
2.058	-0.005035
2.059	-0.003616
2.06	-0.006979
2.061	-0.014349
2.062	-0.022001
2.063	-0.02484
2.064	-0.018028
2.065	0.001883
2.066	0.034455
2.067	0.070977
2.068	0.094191
2.069	0.089029
2.07	0.057972
2.071	0.023128
2.072	0.009163
2.073	0.02393
2.074	0.055383
2.075	0.083937
2.076	0.09628
2.077	0.091026
2.078	0.07528
2.079	0.05699
2.08	0.04043
2.081	0.027117
2.082	0.017911
2.083	0.012827
2.084	0.009722
2.085	0.005058
2.086	-0.003046
2.087	-0.012529
2.088	-0.018453
2.089	-0.017074
2.09	-0.00945
2.091	-0.00083
2.092	0.003688
2.093	0.002886
2.094	-0.000562
2.095	-0.003239
2.096	-0.003841
2.097	-0.002872
2.098	-0.001092
2.099	0.000452
2.1	0.00055
2.101	-0.000571
2.102	-0.000987
2.103	0.000691
2.104	0.003687
2.105	0.00614
2.106	0.007011
2.107	0.00674
2.108	0.006588
2.109	0.007243
2.11	0.00782
2.111	0.006585
2.112	0.002786
2.113	-0.002376
2.114	-0.006526
2.115	-0.008023
2.116	-0.007104
2.117	-0.004997
2.118	-0.002846
2.119	-0.001894
2.12	-0.003049
2.121	-0.005439
2.122	-0.006724
2.123	-0.005483
2.124	-0.002711
2.125	-0.00101
2.126	-0.002481
2.127	-0.006516
2.128	-0.009302
2.129	-0.006462
2.13	0.003251
2.131	0.01688
2.132	0.029426
2.133	0.036863
2.134	0.037707
2.135	0.032537
2.136	0.022955
2.137	0.01148
2.138	0.001163
2.139	-0.006191
2.14	-0.010763
2.141	-0.013098
2.142	-0.013063
2.143	-0.010708
2.144	-0.007153
2.145	-0.004366
2.146	-0.003807
2.147	-0.004858
2.148	-0.00516
2.149	-0.003021
2.15	0.000828
2.151	0.003815
2.152	0.003523
2.153	-0.000367
2.154	-0.005468
2.155	-0.008235
2.156	-0.006645
2.157	-0.001599
2.158	0.003671
2.159	0.005397
2.16	0.002007
2.161	-0.004116
2.162	-0.00848
2.163	-0.008215
2.164	-0.003928
2.165	0.001144
2.166	0.003602
2.167	0.00223
2.168	-0.00169
2.169	-0.005794
2.17	-0.007608
2.171	-0.004027
2.172	0.009224
2.173	0.035065
2.174	0.068618
2.175	0.093521
2.176	0.09089
2.177	0.058043
2.178	0.01605
2.179	-0.006709
2.18	0.002113
2.181	0.032752
2.182	0.065507
2.183	0.085426
2.184	0.087826
2.185	0.075412
2.186	0.054176
2.187	0.031481
2.188	0.014402
2.189	0.007018
2.19	0.008234
2.191	0.012341
2.192	0.012855
2.193	0.007293
2.194	-0.001384
2.195	-0.008125
2.196	-0.010046
2.197	-0.007443
2.198	-0.002672
2.199	0.000579
2.2	-0.000991
2.201	-0.00733
2.202	-0.014485
2.203	-0.017889
2.204	-0.016119
2.205	-0.011386
2.206	-0.006798
2.207	-0.003793
2.208	-0.001946
2.209	-0.000231
2.21	0.001615
2.211	0.002391
2.212	0.000469
2.213	-0.003964
2.214	-0.008343
2.215	-0.009855
2.216	-0.00755
2.217	-0.00213
2.218	0.00499
2.219	0.011412
2.22	0.014123
2.221	0.011768
2.222	0.006304
2.223	0.001516
2.224	-0.00038
2.225	-0.000595
2.226	-0.002451
2.227	-0.008035
2.228	-0.015644
2.229	-0.020803
2.23	-0.020277
2.231	-0.014971
2.232	-0.008816
2.233	-0.005318
2.234	-0.00541
2.235	-0.007602
2.236	-0.008923
2.237	-0.005823
2.238	0.00391
2.239	0.018441
2.24	0.03186
2.241	0.03827
2.242	0.035968
2.243	0.02768
2.244	0.017561
2.245	0.008294
2.246	0.00039
2.247	-0.006502
2.248	-0.012035
2.249	-0.015246
2.25	-0.015936
2.251	-0.015193
2.252	-0.014375
2.253	-0.013978
2.254	-0.013339
2.255	-0.011065
2.256	-0.006041
2.257	0.001542
2.258	0.009512
2.259	0.014073
2.26	0.01252
2.261	0.006429
2.262	0.000971
2.263	0.000572
2.264	0.005452
2.265	0.01194
2.266	0.015772
2.267	0.015438
2.268	0.012893
2.269	0.011399
2.27	0.012704
2.271	0.016004
2.272	0.019161
2.273	0.020512
2.274	0.01964
2.275	0.016774
2.276	0.012115
2.277	0.006986
2.278	0.005469
2.279	0.013455
2.28	0.035118
2.281	0.06804
2.282	0.099446
2.283	0.110822
2.284	0.093262
2.285	0.058988
2.286	0.033005
2.287	0.032243
2.288	0.054124
2.289	0.082746
2.29	0.102497
2.291	0.106698
2.292	0.097412
2.293	0.080581
2.294	0.062234
2.295	0.046843
2.296	0.036495
2.297	0.031115
2.298	0.029198
2.299	0.027833
2.3	0.023723
2.301	0.016116
2.302	0.008111
2.303	0.00404
2.304	0.005649
2.305	0.010683
2.306	0.014679
2.307	0.014247
2.308	0.009263
2.309	0.002545
2.31	-0.002161
2.311	-0.002481
2.312	0.001114
2.313	0.006061
2.314	0.010176
2.315	0.012909
2.316	0.014688
2.317	0.016307
2.318	0.018335
2.319	0.019879
2.32	0.018795
2.321	0.014251
2.322	0.008273
2.323	0.004153
2.324	0.00356
2.325	0.004983
2.326	0.004824
2.327	0.000575
2.328	-0.006671
2.329	-0.012831
2.33	-0.013868
2.331	-0.008767
2.332	-0.000309
2.333	0.007202
2.334	0.011029
2.335	0.010907
2.336	0.008229
2.337	0.005412
2.338	0.004766
2.339	0.006272
2.34	0.007286
2.341	0.005645
2.342	0.00236
2.343	0.000872
2.344	0.004323
2.345	0.013136
2.346	0.024322
2.347	0.033051
2.348	0.03544
2.349	0.030589
2.35	0.020776
2.351	0.009863
2.352	0.001045
2.353	-0.004413
2.354	-0.006923
2.355	-0.007459
2.356	-0.006415
2.357	-0.003383
2.358	0.001529
2.359	0.006162
2.36	0.007159
2.361	0.002933
2.362	-0.004484
2.363	-0.010658
2.364	-0.012266
2.365	-0.010058
2.366	-0.008061
2.367	-0.009448
2.368	-0.013325
2.369	-0.015721
2.37	-0.013572
2.371	-0.007504
2.372	-0.000751
2.373	0.003953
2.374	0.005837
2.375	0.005261
2.376	0.002816
2.377	-0.000172
2.378	-0.001447
2.379	0.000305
2.38	0.003861
2.381	0.006689
2.382	0.007297
2.383	0.006174
2.384	0.005141
2.385	0.00696
2.386	0.016342
2.387	0.039496
2.388	0.077794
2.389	0.11891
2.39	0.138708
2.391	0.120465
2.392	0.074419
2.393	0.032836
2.394	0.022991
2.395	0.046916
2.396	0.085356
2.397	0.116209
2.398	0.128421
2.399	0.122661
2.4	0.104814
2.401	0.081601
2.402	0.05964
2.403	0.044465
2.404	0.038336
2.405	0.038897
2.406	0.040632
2.407	0.038342
2.408	0.030309
2.409	0.019404
2.41	0.011163
2.411	0.009592
2.412	0.013925
2.413	0.019395
2.414	0.021428
2.415	0.018783
2.416	0.012979
2.417	0.00686
2.418	0.003874
2.419	0.005506
2.42	0.008704
2.421	0.00843
2.422	0.003556
2.423	-0.001538
2.424	-0.002243
2.425	0.001024
2.426	0.004326
2.427	0.005285
2.428	0.00507
2.429	0.006698
2.43	0.012288
2.431	0.021049
2.432	0.029609
2.433	0.034859
2.434	0.036296
2.435	0.035211
2.436	0.032763
2.437	0.030269
2.438	0.029725
2.439	0.031605
2.44	0.033474
2.441	0.033045
2.442	0.031564
2.443	0.032501
2.444	0.037543
2.445	0.045152
2.446	0.052598
2.447	0.0583
2.448	0.06226
2.449	0.065158
2.45	0.067774
2.451	0.071056
2.452	0.075559
2.453	0.080371
2.454	0.083347
2.455	0.082791
2.456	0.078921
2.457	0.073866
2.458	0.069935
2.459	0.06732
2.46	0.063992
2.461	0.05836
2.462	0.051384
2.463	0.045835
2.464	0.043977
2.465	0.045656
2.466	0.048304
2.467	0.049381
2.468	0.048821
2.469	0.048733
2.47	0.0511
2.471	0.055938
2.472	0.061092
2.473	0.063737
2.474	0.06246
2.475	0.058036
2.476	0.052711
2.477	0.049387
2.478	0.0503
2.479	0.054665
2.48	0.058501
2.481	0.058332
2.482	0.054441
2.483	0.050215
2.484	0.049016
2.485	0.051349
2.486	0.054622
2.487	0.055778
2.488	0.05374
2.489	0.049348
2.49	0.044362
2.491	0.041427
2.492	0.044573
2.493	0.05875
2.494	0.086566
2.495	0.121933
2.496	0.14702
2.497	0.142135
2.498	0.104721
2.499	0.056338
2.5	0.026576
2.501	0.030192
2.502	0.059259
2.503	0.093745
2.504	0.117215
2.505	0.124103
2.506	0.117187
2.507	0.102128
2.508	0.083971
2.509	0.066362
2.51	0.051978
2.511	0.042248
2.512	0.036511
2.513	0.032506
2.514	0.028314
2.515	0.023634
2.516	0.019444
2.517	0.01719
2.518	0.017783
2.519	0.020034
2.52	0.020631
2.521	0.016943
2.522	0.009709
2.523	0.002752
2.524	-0.000152
2.525	0.001438
2.526	0.00459
2.527	0.006295
2.528	0.006243
2.529	0.006406
2.53	0.008541
2.531	0.012302
2.532	0.015567
2.533	0.016458
2.534	0.014809
2.535	0.011832
2.536	0.009155
2.537	0.008615
2.538	0.011659
2.539	0.017337
2.54	0.021784
2.541	0.021319
2.542	0.015796
2.543	0.008482
2.544	0.003084
2.545	0.001043
2.546	0.001227
2.547	0.001549
2.548	0.00065
2.549	-0.001417
2.55	-0.003713
2.551	-0.005621
2.552	-0.007258
2.553	-0.008757
2.554	-0.009906
2.555	-0.010534
2.556	-0.010507
2.557	-0.008964
2.558	-0.004406
2.559	0.003432
2.56	0.012509
2.561	0.020027
2.562	0.02427
2.563	0.024818
2.564	0.021971
2.565	0.016412
2.566	0.009205
2.567	0.001819
2.568	-0.004269
2.569	-0.00823
2.57	-0.01022
2.571	-0.011094
2.572	-0.011546
2.573	-0.011723
2.574	-0.011924
2.575	-0.013134
2.576	-0.016206
2.577	-0.020191
2.578	-0.022303
2.579	-0.021119
2.58	-0.018967
2.581	-0.01945
2.582	-0.023348
2.583	-0.027854
2.584	-0.029199
2.585	-0.025786
2.586	-0.019508
2.587	-0.014393
2.588	-0.013557
2.589	-0.017239
2.59	-0.023215
2.591	-0.028158
2.592	-0.029169
2.593	-0.025714
2.594	-0.020178
2.595	-0.015828
2.596	-0.014419
2.597	-0.015557
2.598	-0.017544
2.599	-0.018434
2.6	-0.015561
2.601	-0.00431
2.602	0.019064
2.603	0.049815
2.604	0.071391
2.605	0.065809
2.606	0.031613
2.607	-0.010492
2.608	-0.033766
2.609	-0.027308
2.61	-0.001592
2.611	0.024238
2.612	0.037272
2.613	0.035417
2.614	0.023193
2.615	0.00625
2.616	-0.011222
2.617	-0.02606
2.618	-0.035456
2.619	-0.038541
2.62	-0.037941
2.621	-0.037817
2.622	-0.040148
2.623	-0.043405
2.624	-0.044513
2.625	-0.04192
2.626	-0.037124
2.627	-0.033346
2.628	-0.032768
2.629	-0.035244
2.63	-0.039039
2.631	-0.041876
2.632	-0.041992
2.633	-0.039322
2.634	-0.035552
2.635	-0.032901
2.636	-0.032625
2.637	-0.033747
2.638	-0.033471
2.639	-0.030333
2.64	-0.026496
2.641	-0.025675
2.642	-0.029417
2.643	-0.035805
2.644	-0.040993
2.645	-0.041965
2.646	-0.038646
2.647	-0.033871
2.648	-0.031304
2.649	-0.032861
2.65	-0.03734
2.651	-0.041317
2.652	-0.04192
2.653	-0.03893
2.654	-0.034465
2.655	-0.031376
2.656	-0.031477
2.657	-0.033948
2.658	-0.035723
2.659	-0.034667
2.66	-0.031809
2.661	-0.029792
2.662	-0.030073
2.663	-0.031812
2.664	-0.032536
2.665	-0.029997
2.666	-0.023883
2.667	-0.015702
2.668	-0.007428
2.669	-0.000742
2.67	0.003066
2.671	0.003398
2.672	0.000662
2.673	-0.003855
2.674	-0.008988
2.675	-0.014894
2.676	-0.022445
2.677	-0.030753
2.678	-0.036511
2.679	-0.037193
2.68	-0.033934
2.681	-0.030035
2.682	-0.02772
2.683	-0.026802
2.684	-0.025394
2.685	-0.021737
2.686	-0.015955
2.687	-0.010201
2.688	-0.0071
2.689	-0.007952
2.69	-0.011943
2.691	-0.01668
2.692	-0.019526
2.693	-0.018884
2.694	-0.015174
2.695	-0.010934
2.696	-0.009173
2.697	-0.010741
2.698	-0.013473
2.699	-0.014598
2.7	-0.01367
2.701	-0.012654
2.702	-0.013799
2.703	-0.017632
2.704	-0.022549
2.705	-0.026015
2.706	-0.025614
2.707	-0.018726
2.708	-0.002104
2.709	0.026223
2.71	0.061943
2.711	0.090704
2.712	0.094069
2.713	0.065622
2.714	0.021403
2.715	-0.010439
2.716	-0.012245
2.717	0.011686
2.718	0.043271
2.719	0.065546
2.72	0.070814
2.721	0.060545
2.722	0.041386
2.723	0.020919
2.724	0.004619
2.725	-0.005683
2.726	-0.011263
2.727	-0.014365
2.728	-0.016472
2.729	-0.018165
2.73	-0.01961
2.731	-0.020539
2.732	-0.02004
2.733	-0.017407
2.734	-0.013706
2.735	-0.011852
2.736	-0.014472
2.737	-0.021163
2.738	-0.027991
2.739	-0.03084
2.74	-0.029203
2.741	-0.025881
2.742	-0.023723
2.743	-0.023441
2.744	-0.023871
2.745	-0.023384
2.746	-0.021007
2.747	-0.017053
2.748	-0.013296
2.749	-0.012099
2.75	-0.014587
2.751	-0.01931
2.752	-0.022951
2.753	-0.022987
2.754	-0.019865
2.755	-0.016559
2.756	-0.016263
2.757	-0.019926
2.758	-0.025501
2.759	-0.030087
2.76	-0.032543
2.761	-0.033485
2.762	-0.033754
2.763	-0.033719
2.764	-0.033357
2.765	-0.032338
2.766	-0.030198
2.767	-0.026838
2.768	-0.022876
2.769	-0.019557
2.77	-0.018059
2.771	-0.018285
2.772	-0.018215
2.773	-0.01505
2.774	-0.007542
2.775	0.002319
2.776	0.00987
2.777	0.011163
2.778	0.006274
2.779	-0.001578
2.78	-0.009556
2.781	-0.016623
2.782	-0.022757
2.783	-0.028259
2.784	-0.033137
2.785	-0.036507
2.786	-0.037072
2.787	-0.034373
2.788	-0.029476
2.789	-0.024662
2.79	-0.022297
2.791	-0.023206
2.792	-0.025934
2.793	-0.027962
2.794	-0.027812
2.795	-0.026153
2.796	-0.024977
2.797	-0.02539
2.798	-0.026205
2.799	-0.025236
2.8	-0.02159
2.801	-0.016218
2.802	-0.011313
2.803	-0.009376
2.804	-0.011168
2.805	-0.014472
2.806	-0.016206
2.807	-0.015609
2.808	-0.014696
2.809	-0.016231
2.81	-0.021516
2.811	-0.029385
2.812	-0.036966
2.813	-0.041367
2.814	-0.040303
2.815	-0.031363
2.816	-0.012025
2.817	0.017306
2.818	0.048324
2.819	0.064993
2.82	0.055175
2.821	0.024876
2.822	-0.003532
2.823	-0.009929
2.824	0.0081
2.825	0.036639
2.826	0.058159
2.827	0.062989
2.828	0.052249
2.829	0.033208
2.83	0.013255
2.831	-0.002747
2.832	-0.012404
2.833	-0.015612
2.834	-0.014565
2.835	-0.012856
2.836	-0.013691
2.837	-0.018082
2.838	-0.024159
2.839	-0.028714
2.84	-0.029953
2.841	-0.028812
2.842	-0.02805
2.843	-0.029978
2.844	-0.034427
2.845	-0.038897
2.846	-0.040726
2.847	-0.039249
2.848	-0.036341
2.849	-0.034975
2.85	-0.036824
2.851	-0.040803
2.852	-0.04388
2.853	-0.043544
2.854	-0.039803
2.855	-0.035256
2.856	-0.033135
2.857	-0.034414
2.858	-0.036615
2.859	-0.036252
2.86	-0.032471
2.861	-0.027751
2.862	-0.025449
2.863	-0.026938
2.864	-0.030827
2.865	-0.034558
2.866	-0.036325
2.867	-0.035635
2.868	-0.032758
2.869	-0.028253
2.87	-0.023183
2.871	-0.01927
2.872	-0.017886
2.873	-0.018671
2.874	-0.020097
2.875	-0.021858
2.876	-0.025486
2.877	-0.03151
2.878	-0.036939
2.879	-0.037207
2.88	-0.030207
2.881	-0.017575
2.882	-0.003304
2.883	0.008053
2.884	0.013085
2.885	0.010963
2.886	0.003585
2.887	-0.005957
2.888	-0.015164
2.889	-0.022974
2.89	-0.029685
2.891	-0.035933
2.892	-0.041178
2.893	-0.043625
2.894	-0.042199
2.895	-0.03816
2.896	-0.034243
2.897	-0.032136
2.898	-0.031043
2.899	-0.029162
2.9	-0.026085
2.901	-0.023079
2.902	-0.021711
2.903	-0.022739
2.904	-0.025566
2.905	-0.028252
2.906	-0.02852
2.907	-0.025414
2.908	-0.020119
2.909	-0.015194
2.91	-0.01319
2.911	-0.015209
2.912	-0.019688
2.913	-0.023107
2.914	-0.02311
2.915	-0.020859
2.916	-0.019925
2.917	-0.022622
2.918	-0.027599
2.919	-0.031607
2.92	-0.032628
2.921	-0.029732
2.922	-0.020607
2.923	-0.001334
2.924	0.028967
2.925	0.061439
2.926	0.077742
2.927	0.063586
2.928	0.025418
2.929	-0.010573
2.93	-0.020032
2.931	0.000395
2.932	0.034907
2.933	0.064226
2.934	0.077711
2.935	0.074857
2.936	0.060603
2.937	0.041288
2.938	0.023066
2.939	0.010161
2.94	0.003119
2.941	-0.00033
2.942	-0.003002
2.943	-0.006905
2.944	-0.012493
2.945	-0.018331
2.946	-0.022058
2.947	-0.022317
2.948	-0.020093
2.949	-0.01852
2.95	-0.020952
2.951	-0.028036
2.952	-0.036577
2.953	-0.041965
2.954	-0.04177
2.955	-0.037279
2.956	-0.032268
2.957	-0.029799
2.958	-0.02961
2.959	-0.029204
2.96	-0.027072
2.961	-0.02373
2.962	-0.02057
2.963	-0.018876
2.964	-0.019324
2.965	-0.021725
2.966	-0.025064
2.967	-0.027759
2.968	-0.02848
2.969	-0.027414
2.97	-0.026363
2.971	-0.026954
2.972	-0.028884
2.973	-0.030132
2.974	-0.028786
2.975	-0.025125
2.976	-0.022055
2.977	-0.022367
2.978	-0.025454
2.979	-0.028218
2.98	-0.028698
2.981	-0.027214
2.982	-0.025196
2.983	-0.024291
2.984	-0.025483
2.985	-0.027986
2.986	-0.029144
2.987	-0.025884
2.988	-0.016944
2.989	-0.004243
2.99	0.007903
2.991	0.015143
2.992	0.01531
2.993	0.00951
2.994	0.001363
2.995	-0.005682
2.996	-0.010744
2.997	-0.014978
2.998	-0.019202
2.999	-0.023197
3.0	-0.026667
3.001	-0.0295
3.002	-0.031716
3.003	-0.033736
3.004	-0.03594
3.005	-0.037935
3.006	-0.038662
3.007	-0.037254
3.008	-0.033975
3.009	-0.030406
3.01	-0.028449
3.011	-0.028963
3.012	-0.030919
3.013	-0.031603
3.014	-0.02861
3.015	-0.022671
3.016	-0.017963
3.017	-0.018434
3.018	-0.023717
3.019	-0.029547
3.02	-0.031861
3.021	-0.029731
3.022	-0.025341
3.023	-0.021987
3.024	-0.021819
3.025	-0.025165
3.026	-0.030992
3.027	-0.036999
3.028	-0.039566
3.029	-0.034221
3.03	-0.016685
3.031	0.014379
3.032	0.052522
3.033	0.081717
3.034	0.085191
3.035	0.061378
3.036	0.029391
3.037	0.014283
3.038	0.026645
3.039	0.056632
3.04	0.085008
3.041	0.098092
3.042	0.093895
3.043	0.078414
3.044	0.059224
3.045	0.041765
3.046	0.028947
3.047	0.021875
3.048	0.019706
3.049	0.019456
3.05	0.017354
3.051	0.011276
3.052	0.002514
3.053	-0.004885
3.054	-0.007422
3.055	-0.005313
3.056	-0.002539
3.057	-0.003442
3.058	-0.008721
3.059	-0.015065
3.06	-0.018467
3.061	-0.017195
3.062	-0.012346
3.063	-0.00667
3.064	-0.003025
3.065	-0.003193
3.066	-0.006756
3.067	-0.010768
3.068	-0.011775
3.069	-0.008987
3.07	-0.005216
3.071	-0.004218
3.072	-0.00685
3.073	-0.010177
3.074	-0.010492
3.075	-0.006866
3.076	-0.002079
3.077	-0.000117
3.078	-0.002276
3.079	-0.006445
3.08	-0.009931
3.081	-0.011406
3.082	-0.010742
3.083	-0.008711
3.084	-0.006832
3.085	-0.006408
3.086	-0.007134
3.087	-0.007168
3.088	-0.005082
3.089	-0.001622
3.09	0.000539
3.091	-0.001031
3.092	-0.006059
3.093	-0.011161
3.094	-0.011986
3.095	-0.00607
3.096	0.00537
3.097	0.018089
3.098	0.027487
3.099	0.03052
3.1	0.026295
3.101	0.016679
3.102	0.005648
3.103	-0.00345
3.104	-0.009891
3.105	-0.014699
3.106	-0.018352
3.107	-0.019785
3.108	-0.017616
3.109	-0.012105
3.11	-0.005662
3.111	-0.00133
3.112	-0.000573
3.113	-0.002226
3.114	-0.00355
3.115	-0.002917
3.116	-0.001756
3.117	-0.003049
3.118	-0.007731
3.119	-0.013666
3.12	-0.017623
3.121	-0.016942
3.122	-0.010843
3.123	-0.001786
3.124	0.00559
3.125	0.007905
3.126	0.005366
3.127	0.00124
3.128	-0.000686
3.129	0.000937
3.13	0.003934
3.131	0.00463
3.132	0.001009
3.133	-0.005901
3.134	-0.012885
3.135	-0.016182
3.136	-0.012505
3.137	0.000929
3.138	0.025468
3.139	0.056817
3.14	0.081764
3.141	0.084439
3.142	0.060783
3.143	0.026605
3.144	0.007424
3.145	0.017942
3.146	0.051613
3.147	0.088735
3.148	0.111868
3.149	0.114501
3.15	0.10001
3.151	0.07618
3.152	0.050601
3.153	0.028839
3.154	0.01421
3.155	0.007185
3.156	0.004808
3.157	0.00253
3.158	-0.001922
3.159	-0.007037
3.16	-0.00985
3.161	-0.008824
3.162	-0.005077
3.163	-0.001547
3.164	-0.000917
3.165	-0.004501
3.166	-0.012146
3.167	-0.021696
3.168	-0.029202
3.169	-0.03141
3.17	-0.028294
3.171	-0.022656
3.172	-0.017507
3.173	-0.013967
3.174	-0.011151
3.175	-0.007883
3.176	-0.00461
3.177	-0.003052
3.178	-0.003777
3.179	-0.005408
3.18	-0.006287
3.181	-0.005735
3.182	-0.004352
3.183	-0.003939
3.184	-0.006547
3.185	-0.01307
3.186	-0.022419
3.187	-0.031956
3.188	-0.038958
3.189	-0.042009
3.19	-0.041545
3.191	-0.039473
3.192	-0.037935
3.193	-0.037653
3.194	-0.037249
3.195	-0.034784
3.196	-0.030147
3.197	-0.025324
3.198	-0.022281
3.199	-0.021627
3.2	-0.022811
3.201	-0.023962
3.202	-0.022178
3.203	-0.015496
3.204	-0.005001
3.205	0.00507
3.206	0.009873
3.207	0.007381
3.208	-0.000345
3.209	-0.009075
3.21	-0.015666
3.211	-0.019926
3.212	-0.023494
3.213	-0.026994
3.214	-0.029065
3.215	-0.028532
3.216	-0.026608
3.217	-0.025835
3.218	-0.027071
3.219	-0.028908
3.22	-0.029706
3.221	-0.02868
3.222	-0.025675
3.223	-0.021419
3.224	-0.017809
3.225	-0.016934
3.226	-0.019344
3.227	-0.023268
3.228	-0.02576
3.229	-0.025001
3.23	-0.021933
3.231	-0.019573
3.232	-0.020198
3.233	-0.023111
3.234	-0.025302
3.235	-0.024143
3.236	-0.019559
3.237	-0.013904
3.238	-0.009945
3.239	-0.009566
3.24	-0.013636
3.241	-0.021287
3.242	-0.029288
3.243	-0.032686
3.244	-0.025802
3.245	-0.003991
3.246	0.03175
3.247	0.069506
3.248	0.089049
3.249	0.076733
3.25	0.040494
3.251	0.006278
3.252	-0.002917
3.253	0.016013
3.254	0.048038
3.255	0.074249
3.256	0.083629
3.257	0.075672
3.258	0.056812
3.259	0.034853
3.26	0.015085
3.261	0.000105
3.262	-0.009191
3.263	-0.013752
3.264	-0.016432
3.265	-0.020507
3.266	-0.027244
3.267	-0.034447
3.268	-0.037812
3.269	-0.034731
3.27	-0.027281
3.271	-0.020887
3.272	-0.019651
3.273	-0.023233
3.274	-0.027851
3.275	-0.029598
3.276	-0.027288
3.277	-0.022615
3.278	-0.017852
3.279	-0.014471
3.28	-0.013314
3.281	-0.013904
3.282	-0.014101
3.283	-0.012089
3.284	-0.008348
3.285	-0.00522
3.286	-0.004654
3.287	-0.006157
3.288	-0.007107
3.289	-0.005633
3.29	-0.002804
3.291	-0.001398
3.292	-0.003154
3.293	-0.007709
3.294	-0.013043
3.295	-0.016435
3.296	-0.016154
3.297	-0.012655
3.298	-0.007969
3.299	-0.004714
3.3	-0.005013
3.301	-0.008463
3.302	-0.011836
3.303	-0.012254
3.304	-0.010022
3.305	-0.007675
3.306	-0.006854
3.307	-0.006654
3.308	-0.004705
3.309	0.000613
3.31	0.009066
3.311	0.019127
3.312	0.028501
3.313	0.034206
3.314	0.033917
3.315	0.027805
3.316	0.018016
3.317	0.006992
3.318	-0.002713
3.319	-0.00906
3.32	-0.012094
3.321	-0.012991
3.322	-0.011851
3.323	-0.00832
3.324	-0.003927
3.325	-0.00212
3.326	-0.005168
3.327	-0.011419
3.328	-0.01655
3.329	-0.017652
3.33	-0.015533
3.331	-0.013404
3.332	-0.014293
3.333	-0.01876
3.334	-0.023774
3.335	-0.024659
3.336	-0.01932
3.337	-0.010211
3.338	-0.00197
3.339	0.002263
3.34	0.002923
3.341	0.003657
3.342	0.007939
3.343	0.015361
3.344	0.022173
3.345	0.025014
3.346	0.023401
3.347	0.019318
3.348	0.015273
3.349	0.013122
3.35	0.014844
3.351	0.023944
3.352	0.045208
3.353	0.080692
3.354	0.122296
3.355	0.149242
3.356	0.140891
3.357	0.098084
3.358	0.048242
3.359	0.023415
3.36	0.034264
3.361	0.066739
3.362	0.09856
3.363	0.115249
3.364	0.114289
3.365	0.100216
3.366	0.079215
3.367	0.057598
3.368	0.041505
3.369	0.034634
3.37	0.035575
3.371	0.038306
3.372	0.036512
3.373	0.028379
3.374	0.017571
3.375	0.009855
3.376	0.008564
3.377	0.012717
3.378	0.018855
3.379	0.023543
3.38	0.024745
3.381	0.023115
3.382	0.021817
3.383	0.023761
3.384	0.029118
3.385	0.035473
3.386	0.039831
3.387	0.040709
3.388	0.038923
3.389	0.036502
3.39	0.034713
3.391	0.033169
3.392	0.030797
3.393	0.027467
3.394	0.024636
3.395	0.024476
3.396	0.027969
3.397	0.033802
3.398	0.039482
3.399	0.04263
3.4	0.041468
3.401	0.036104
3.402	0.029405
3.403	0.02526
3.404	0.025341
3.405	0.027477
3.406	0.027561
3.407	0.023423
3.408	0.016845
3.409	0.011809
3.41	0.01068
3.411	0.012144
3.412	0.012964
3.413	0.011316
3.414	0.008257
3.415	0.006611
3.416	0.008621
3.417	0.014605
3.418	0.023507
3.419	0.033108
3.42	0.039691
3.421	0.040011
3.422	0.034283
3.423	0.025903
3.424	0.018117
3.425	0.011637
3.426	0.005311
3.427	-0.00172
3.428	-0.008743
3.429	-0.014161
3.43	-0.017356
3.431	-0.019618
3.432	-0.023023
3.433	-0.028437
3.434	-0.034345
3.435	-0.037711
3.436	-0.036631
3.437	-0.031873
3.438	-0.025741
3.439	-0.020809
3.44	-0.019239
3.441	-0.020942
3.442	-0.022809
3.443	-0.021528
3.444	-0.016982
3.445	-0.012361
3.446	-0.011421
3.447	-0.015594
3.448	-0.022717
3.449	-0.028392
3.45	-0.029376
3.451	-0.026188
3.452	-0.022729
3.453	-0.022963
3.454	-0.027499
3.455	-0.033772
3.456	-0.038925
3.457	-0.040532
3.458	-0.034597
3.459	-0.01613
3.46	0.015348
3.461	0.050224
3.462	0.070129
3.463	0.060233
3.464	0.025041
3.465	-0.011027
3.466	-0.023362
3.467	-0.006738
3.468	0.024585
3.469	0.051463
3.47	0.062526
3.471	0.057122
3.472	0.041364
3.473	0.022739
3.474	0.006977
3.475	-0.002805
3.476	-0.006452
3.477	-0.006442
3.478	-0.006094
3.479	-0.008025
3.48	-0.013445
3.481	-0.021062
3.482	-0.027353
3.483	-0.02938
3.484	-0.027144
3.485	-0.023392
3.486	-0.021606
3.487	-0.023638
3.488	-0.02859
3.489	-0.033778
3.49	-0.036824
3.491	-0.03709
3.492	-0.035723
3.493	-0.034516
3.494	-0.034404
3.495	-0.034968
3.496	-0.035354
3.497	-0.035019
3.498	-0.033445
3.499	-0.030602
3.5	-0.027885
3.501	-0.026965
3.502	-0.02787
3.503	-0.029025
3.504	-0.02904
3.505	-0.02865
3.506	-0.030457
3.507	-0.035936
3.508	-0.043007
3.509	-0.047233
3.51	-0.045522
3.511	-0.03879
3.512	-0.031257
3.513	-0.027051
3.514	-0.027217
3.515	-0.029937
3.516	-0.033108
3.517	-0.035614
3.518	-0.036412
3.519	-0.034868
3.52	-0.032261
3.521	-0.030486
3.522	-0.029328
3.523	-0.026378
3.524	-0.019546
3.525	-0.009468
3.526	0.000511
3.527	0.006724
3.528	0.007518
3.529	0.00376
3.53	-0.002334
3.531	-0.008858
3.532	-0.015094
3.533	-0.021015
3.534	-0.026303
3.535	-0.030248
3.536	-0.032368
3.537	-0.03251
3.538	-0.030534
3.539	-0.027255
3.54	-0.025144
3.541	-0.025975
3.542	-0.028398
3.543	-0.029344
3.544	-0.027412
3.545	-0.024412
3.546	-0.023746
3.547	-0.027227
3.548	-0.033107
3.549	-0.037044
3.55	-0.035396
3.551	-0.028272
3.552	-0.019542
3.553	-0.01371
3.554	-0.013003
3.555	-0.0171
3.556	-0.024245
3.557	-0.031641
3.558	-0.03582
3.559	-0.035048
3.56	-0.031471
3.561	-0.02905
3.562	-0.029782
3.563	-0.032745
3.564	-0.035387
3.565	-0.034249
3.566	-0.024741
3.567	-0.002574
3.568	0.030991
3.569	0.063517
3.57	0.074989
3.571	0.054202
3.572	0.013318
3.573	-0.01892
3.574	-0.021081
3.575	0.005232
3.576	0.04104
3.577	0.066778
3.578	0.074107
3.579	0.065441
3.58	0.046825
3.581	0.023975
3.582	0.002326
3.583	-0.013558
3.584	-0.021829
3.585	-0.024118
3.586	-0.024033
3.587	-0.024473
3.588	-0.025899
3.589	-0.026761
3.59	-0.02563
3.591	-0.022917
3.592	-0.020371
3.593	-0.01948
3.594	-0.020633
3.595	-0.023012
3.596	-0.025118
3.597	-0.02553
3.598	-0.023227
3.599	-0.018665
3.6	-0.01459
3.601	-0.013759
3.602	-0.01597
3.603	-0.018476
3.604	-0.018932
3.605	-0.017766
3.606	-0.017901
3.607	-0.021707
3.608	-0.028071
3.609	-0.032972
3.61	-0.033036
3.611	-0.028229
3.612	-0.021466
3.613	-0.016427
3.614	-0.015399
3.615	-0.018129
3.616	-0.022538
3.617	-0.026217
3.618	-0.02711
3.619	-0.024723
3.62	-0.021321
3.621	-0.019849
3.622	-0.020698
3.623	-0.021885
3.624	-0.021695
3.625	-0.020335
3.626	-0.019479
3.627	-0.0206
3.628	-0.023569
3.629	-0.026603
3.63	-0.027311
3.631	-0.023739
3.632	-0.015403
3.633	-0.0042
3.634	0.00617
3.635	0.012369
3.636	0.012995
3.637	0.008786
3.638	0.002053
3.639	-0.005279
3.64	-0.013457
3.641	-0.023222
3.642	-0.033135
3.643	-0.040195
3.644	-0.04245
3.645	-0.040392
3.646	-0.036347
3.647	-0.032702
3.648	-0.030383
3.649	-0.028605
3.65	-0.02581
3.651	-0.021135
3.652	-0.015553
3.653	-0.011452
3.654	-0.010811
3.655	-0.014076
3.656	-0.020449
3.657	-0.027799
3.658	-0.03245
3.659	-0.031763
3.66	-0.027346
3.661	-0.023371
3.662	-0.022173
3.663	-0.022916
3.664	-0.023377
3.665	-0.022227
3.666	-0.020057
3.667	-0.018506
3.668	-0.018549
3.669	-0.019898
3.67	-0.021774
3.671	-0.023473
3.672	-0.023494
3.673	-0.017948
3.674	-0.001165
3.675	0.029013
3.676	0.064116
3.677	0.085442
3.678	0.077631
3.679	0.044487
3.68	0.00867
3.681	-0.006135
3.682	0.006954
3.683	0.036075
3.684	0.06301
3.685	0.075843
3.686	0.072706
3.687	0.058425
3.688	0.039574
3.689	0.021414
3.69	0.007023
3.691	-0.002806
3.692	-0.009199
3.693	-0.013985
3.694	-0.018583
3.695	-0.023717
3.696	-0.029316
3.697	-0.034057
3.698	-0.035447
3.699	-0.032227
3.7	-0.026837
3.701	-0.023519
3.702	-0.024179
3.703	-0.027035
3.704	-0.028739
3.705	-0.027723
3.706	-0.025498
3.707	-0.024483
3.708	-0.025102
3.709	-0.025556
3.71	-0.024077
3.711	-0.020906
3.712	-0.017995
3.713	-0.017193
3.714	-0.019048
3.715	-0.022777
3.716	-0.026793
3.717	-0.029221
3.718	-0.028262
3.719	-0.023796
3.72	-0.018975
3.721	-0.017983
3.722	-0.021847
3.723	-0.027524
3.724	-0.030752
3.725	-0.029363
3.726	-0.024174
3.727	-0.017531
3.728	-0.011678
3.729	-0.007959
3.73	-0.006672
3.731	-0.007441
3.732	-0.009689
3.733	-0.012982
3.734	-0.01714
3.735	-0.021734
3.736	-0.025647
3.737	-0.027169
3.738	-0.024353
3.739	-0.016694
3.74	-0.006877
3.741	0.000837
3.742	0.003935
3.743	0.002705
3.744	-0.001118
3.745	-0.006061
3.746	-0.011596
3.747	-0.017739
3.748	-0.02419
3.749	-0.029716
3.75	-0.032582
3.751	-0.031731
3.752	-0.027565
3.753	-0.022007
3.754	-0.017797
3.755	-0.017034
3.756	-0.019973
3.757	-0.024455
3.758	-0.026379
3.759	-0.022963
3.76	-0.016231
3.761	-0.011393
3.762	-0.01175
3.763	-0.016134
3.764	-0.020642
3.765	-0.022079
3.766	-0.020292
3.767	-0.017866
3.768	-0.017349
3.769	-0.019005
3.77	-0.021521
3.771	-0.023708
3.772	-0.024873
3.773	-0.02467
3.774	-0.023259
3.775	-0.021305
3.776	-0.019741
3.777	-0.01924
3.778	-0.019408
3.779	-0.018607
3.78	-0.013681
3.781	0.000649
3.782	0.028182
3.783	0.063278
3.784	0.088746
3.785	0.087199
3.786	0.057936
3.787	0.02092
3.788	0.00098
3.789	0.008079
3.79	0.032879
3.791	0.057994
3.792	0.071122
3.793	0.069697
3.794	0.057661
3.795	0.040409
3.796	0.021987
3.797	0.005222
3.798	-0.007132
3.799	-0.013506
3.8	-0.01565
3.801	-0.017422
3.802	-0.021276
3.803	-0.02665
3.804	-0.030947
3.805	-0.032009
3.806	-0.03054
3.807	-0.029974
3.808	-0.033212
3.809	-0.039784
3.81	-0.046354
3.811	-0.04919
3.812	-0.046247
3.813	-0.038258
3.814	-0.02849
3.815	-0.021043
3.816	-0.018573
3.817	-0.020532
3.818	-0.023237
3.819	-0.023187
3.82	-0.020801
3.821	-0.019625
3.822	-0.022479
3.823	-0.028986
3.824	-0.035663
3.825	-0.038409
3.826	-0.035922
3.827	-0.030831
3.828	-0.027419
3.829	-0.028286
3.83	-0.032731
3.831	-0.037607
3.832	-0.039712
3.833	-0.037967
3.834	-0.03374
3.835	-0.029463
3.836	-0.027049
3.837	-0.026815
3.838	-0.027183
3.839	-0.026511
3.84	-0.025363
3.841	-0.025659
3.842	-0.028214
3.843	-0.031763
3.844	-0.033598
3.845	-0.031468
3.846	-0.025459
3.847	-0.017837
3.848	-0.011298
3.849	-0.007595
3.85	-0.007239
3.851	-0.009768
3.852	-0.014151
3.853	-0.0191
3.854	-0.023558
3.855	-0.027565
3.856	-0.032455
3.857	-0.038923
3.858	-0.044665
3.859	-0.045995
3.86	-0.042373
3.861	-0.037266
3.862	-0.034469
3.863	-0.0348
3.864	-0.036247
3.865	-0.036678
3.866	-0.035967
3.867	-0.035631
3.868	-0.037043
3.869	-0.04017
3.87	-0.043565
3.871	-0.045253
3.872	-0.043825
3.873	-0.039175
3.874	-0.032652
3.875	-0.026742
3.876	-0.023946
3.877	-0.024835
3.878	-0.026966
3.879	-0.027172
3.88	-0.025201
3.881	-0.023648
3.882	-0.024741
3.883	-0.028459
3.884	-0.033126
3.885	-0.0368
3.886	-0.037693
3.887	-0.033214
3.888	-0.019204
3.889	0.00779
3.89	0.044352
3.891	0.075616
3.892	0.08179
3.893	0.05583
3.894	0.014327
3.895	-0.014274
3.896	-0.013383
3.897	0.011292
3.898	0.041891
3.899	0.063315
3.9	0.069236
3.901	0.060942
3.902	0.044123
3.903	0.025347
3.904	0.009702
3.905	-0.000117
3.906	-0.004196
3.907	-0.005082
3.908	-0.00608
3.909	-0.009014
3.91	-0.013388
3.911	-0.017286
3.912	-0.018732
3.913	-0.016956
3.914	-0.013428
3.915	-0.011349
3.916	-0.013437
3.917	-0.019487
3.918	-0.025615
3.919	-0.027416
3.92	-0.024409
3.921	-0.019815
3.922	-0.016699
3.923	-0.015807
3.924	-0.015894
3.925	-0.014864
3.926	-0.011209
3.927	-0.005315
3.928	0.000423
3.929	0.003172
3.93	0.001692
3.931	-0.002688
3.932	-0.006752
3.933	-0.00776
3.934	-0.005787
3.935	-0.003506
3.936	-0.003894
3.937	-0.007835
3.938	-0.012898
3.939	-0.01538
3.94	-0.014136
3.941	-0.011029
3.942	-0.008309
3.943	-0.006948
3.944	-0.006674
3.945	-0.006629
3.946	-0.006232
3.947	-0.00568
3.948	-0.005629
3.949	-0.006527
3.95	-0.008247
3.951	-0.009734
3.952	-0.008781
3.953	-0.00308
3.954	0.007707
3.955	0.020853
3.956	0.031263
3.957	0.034211
3.958	0.029112
3.959	0.019864
3.96	0.010742
3.961	0.003572
3.962	-0.001528
3.963	-0.004837
3.964	-0.006395
3.965	-0.005854
3.966	-0.003072
3.967	0.00111
3.968	0.004951
3.969	0.006667
3.97	0.00551
3.971	0.002587
3.972	0.000422
3.973	0.00104
3.974	0.004425
3.975	0.008702
3.976	0.011409
3.977	0.011319
3.978	0.009928
3.979	0.01002
3.98	0.012291
3.981	0.014876
3.982	0.015607
3.983	0.013431
3.984	0.008854
3.985	0.004017
3.986	0.001533
3.987	0.002479
3.988	0.005525
3.989	0.008158
3.99	0.008755
3.991	0.007425
3.992	0.005126
3.993	0.003113
3.994	0.003863
3.995	0.01166
3.996	0.030485
3.997	0.059497
3.998	0.089269
3.999	0.103612
4.0	0.090895
4.001	0.057839
4.002	0.027937
4.003	0.021981
4.004	0.041694
4.005	0.071889
4.006	0.09447
4.007	0.1
4.008	0.089941
4.009	0.071688
4.01	0.05252
4.011	0.036691
4.012	0.02555
4.013	0.018848
4.014	0.015602
4.015	0.013997
4.016	0.011495
4.017	0.006438
4.018	6.2e-05
4.019	-0.004425
4.02	-0.005334
4.021	-0.003963
4.022	-0.003137
4.023	-0.005096
4.024	-0.009725
4.025	-0.01434
4.026	-0.015564
4.027	-0.011685
4.028	-0.003953
4.029	0.003978
4.03	0.008423
4.031	0.008013
4.032	0.004273
4.033	0.000313
4.034	-0.001546
4.035	-0.001509
4.036	-0.001912
4.037	-0.004827
4.038	-0.009428
4.039	-0.012416
4.04	-0.011572
4.041	-0.007842
4.042	-0.004173
4.043	-0.003052
4.044	-0.004724
4.045	-0.007528
4.046	-0.009583
4.047	-0.009625
4.048	-0.007057
4.049	-0.002368
4.05	0.002518
4.051	0.005155
4.052	0.004523
4.053	0.002112
4.054	0.000377
4.055	-1.4e-05
4.056	-0.001091
4.057	-0.005177
4.058	-0.011167
4.059	-0.014616
4.06	-0.01202
4.061	-0.003462
4.062	0.008323
4.063	0.019695
4.064	0.027311
4.065	0.029186
4.066	0.025804
4.067	0.020043
4.068	0.014937
4.069	0.011217
4.07	0.007551
4.071	0.003073
4.072	-0.001072
4.073	-0.002879
4.074	-0.001559
4.075	0.001829
4.076	0.005194
4.077	0.006999
4.078	0.007894
4.079	0.009735
4.08	0.01244
4.081	0.013536
4.082	0.010984
4.083	0.005226
4.084	-0.001327
4.085	-0.005882
4.086	-0.006564
4.087	-0.003369
4.088	0.001687
4.089	0.005823
4.09	0.007184
4.091	0.005772
4.092	0.00354
4.093	0.003402
4.094	0.00712
4.095	0.013355
4.096	0.017839
4.097	0.016776
4.098	0.010866
4.099	0.004574
4.1	0.001612
4.101	0.003637
4.102	0.013171
4.103	0.034511
4.104	0.068766
4.105	0.10664
4.106	0.128227
4.107	0.116187
4.108	0.073986
4.109	0.02828
4.11	0.008349
4.111	0.023267
4.112	0.059038
4.113	0.093554
4.114	0.11222
4.115	0.112771
4.116	0.100525
4.117	0.08237
4.118	0.064402
4.119	0.050792
4.12	0.0422
4.121	0.036408
4.122	0.030875
4.123	0.024198
4.124	0.016561
4.125	0.010085
4.126	0.007752
4.127	0.010722
4.128	0.016868
4.129	0.022191
4.13	0.023348
4.131	0.019548
4.132	0.013161
4.133	0.008359
4.134	0.008227
4.135	0.012446
4.136	0.017402
4.137	0.019199
4.138	0.017405
4.139	0.014999
4.14	0.014566
4.141	0.016156
4.142	0.018198
4.143	0.019074
4.144	0.018609
4.145	0.018368
4.146	0.019751
4.147	0.021965
4.148	0.022765
4.149	0.021179
4.15	0.018726
4.151	0.017944
4.152	0.020227
4.153	0.024719
4.154	0.028886
4.155	0.030461
4.156	0.028857
4.157	0.024684
4.158	0.019142
4.159	0.014144
4.16	0.011814
4.161	0.013358
4.162	0.01747
4.163	0.019747
4.164	0.016225
4.165	0.008563
4.166	0.003948
4.167	0.008844
4.168	0.023002
4.169	0.03942
4.17	0.049948
4.171	0.051058
4.172	0.044757
4.173	0.035657
4.174	0.028287
4.175	0.02558
4.176	0.027416
4.177	0.030471
4.178	0.031176
4.179	0.028987
4.18	0.026433
4.181	0.026792
4.182	0.031164
4.183	0.037159
4.184	0.041145
4.185	0.041696
4.186	0.040651
4.187	0.041017
4.188	0.043801
4.189	0.047076
4.19	0.048173
4.191	0.046336
4.192	0.043273
4.193	0.041923
4.194	0.044469
4.195	0.050172
4.196	0.05481
4.197	0.053917
4.198	0.047793
4.199	0.041692
4.2	0.040367
4.201	0.044153
4.202	0.049977
4.203	0.054218
4.204	0.054633
4.205	0.050807
4.206	0.043937
4.207	0.036644
4.208	0.033022
4.209	0.038599
4.21	0.05861
4.211	0.092875
4.212	0.12981
4.213	0.148387
4.214	0.133475
4.215	0.092674
4.216	0.053951
4.217	0.043217
4.218	0.064935
4.219	0.102717
4.22	0.134403
4.221	0.14672
4.222	0.139686
4.223	0.121295
4.224	0.100131
4.225	0.081835
4.226	0.069216
4.227	0.062824
4.228	0.060796
4.229	0.059438
4.23	0.055331
4.231	0.04736
4.232	0.037379
4.233	0.029304
4.234	0.02652
4.235	0.02907
4.236	0.033326
4.237	0.034994
4.238	0.033034
4.239	0.030118
4.24	0.029295
4.241	0.031448
4.242	0.035286
4.243	0.038381
4.244	0.038558
4.245	0.035054
4.246	0.02878
4.247	0.021849
4.248	0.016605
4.249	0.014254
4.25	0.013931
4.251	0.013475
4.252	0.011818
4.253	0.010376
4.254	0.011317
4.255	0.014672
4.256	0.017482
4.257	0.016185
4.258	0.01043
4.259	0.003523
4.26	-0.001237
4.261	-0.002887
4.262	-0.002008
4.263	0.000115
4.264	0.001698
4.265	0.001289
4.266	-0.00105
4.267	-0.003691
4.268	-0.004922
4.269	-0.004699
4.27	-0.004947
4.271	-0.007764
4.272	-0.012966
4.273	-0.017591
4.274	-0.017825
4.275	-0.011379
4.276	0.000903
4.277	0.01517
4.278	0.02695
4.279	0.033101
4.28	0.031995
4.281	0.024164
4.282	0.012786
4.283	0.00179
4.284	-0.006731
4.285	-0.013087
4.286	-0.0184
4.287	-0.022659
4.288	-0.024582
4.289	-0.023494
4.29	-0.020729
4.291	-0.018568
4.292	-0.018009
4.293	-0.017991
4.294	-0.016655
4.295	-0.01342
4.296	-0.010326
4.297	-0.010626
4.298	-0.014999
4.299	-0.020354
4.3	-0.023044
4.301	-0.021519
4.302	-0.016216
4.303	-0.009157
4.304	-0.003711
4.305	-0.003165
4.306	-0.008472
4.307	-0.017031
4.308	-0.024038
4.309	-0.025937
4.31	-0.023079
4.311	-0.01903
4.312	-0.017465
4.313	-0.019537
4.314	-0.023449
4.315	-0.026043
4.316	-0.024421
4.317	-0.015428
4.318	0.00502
4.319	0.037424
4.32	0.071234
4.321	0.08656
4.322	0.069832
4.323	0.029571
4.324	-0.006843
4.325	-0.015196
4.326	0.006981
4.327	0.042507
4.328	0.070876
4.329	0.081365
4.33	0.074669
4.331	0.057268
4.332	0.035891
4.333	0.015724
4.334	0.000718
4.335	-0.007358
4.336	-0.010579
4.337	-0.013524
4.338	-0.018837
4.339	-0.025206
4.34	-0.029744
4.341	-0.030326
4.342	-0.026355
4.343	-0.019523
4.344	-0.013618
4.345	-0.01263
4.346	-0.018286
4.347	-0.028359
4.348	-0.037352
4.349	-0.040058
4.35	-0.035422
4.351	-0.027146
4.352	-0.02044
4.353	-0.017869
4.354	-0.01816
4.355	-0.018771
4.356	-0.019009
4.357	-0.020219
4.358	-0.023159
4.359	-0.026671
4.36	-0.029159
4.361	-0.029538
4.362	-0.027158
4.363	-0.022466
4.364	-0.017452
4.365	-0.014702
4.366	-0.015507
4.367	-0.018401
4.368	-0.020053
4.369	-0.018271
4.37	-0.013975
4.371	-0.010305
4.372	-0.010041
4.373	-0.013456
4.374	-0.018248
4.375	-0.021506
4.376	-0.021968
4.377	-0.020724
4.378	-0.019665
4.379	-0.019838
4.38	-0.021248
4.381	-0.022807
4.382	-0.022691
4.383	-0.019425
4.384	-0.012615
4.385	-0.00354
4.386	0.005093
4.387	0.011011
4.388	0.013863
4.389	0.014685
4.39	0.014441
4.391	0.013283
4.392	0.01103
4.393	0.008009
4.394	0.005096
4.395	0.002875
4.396	0.000778
4.397	-0.002441
4.398	-0.006667
4.399	-0.009888
4.4	-0.010494
4.401	-0.008675
4.402	-0.005341
4.403	-0.001248
4.404	0.002367
4.405	0.003363
4.406	0.000128
4.407	-0.00638
4.408	-0.012541
4.409	-0.014406
4.41	-0.01063
4.411	-0.003632
4.412	0.002219
4.413	0.003804
4.414	0.001148
4.415	-0.003087
4.416	-0.005904
4.417	-0.006046
4.418	-0.004137
4.419	-0.002104
4.42	-0.002564
4.421	-0.006784
4.422	-0.012744
4.423	-0.016027
4.424	-0.012061
4.425	0.003106
4.426	0.031835
4.427	0.070218
4.428	0.103385
4.429	0.11107
4.43	0.084844
4.431	0.0402
4.432	0.006778
4.433	0.004421
4.434	0.029597
4.435	0.062754
4.436	0.084589
4.437	0.086675
4.438	0.072525
4.439	0.05153
4.44	0.031707
4.441	0.017228
4.442	0.009667
4.443	0.008369
4.444	0.010001
4.445	0.009896
4.446	0.004841
4.447	-0.005079
4.448	-0.016433
4.449	-0.024362
4.45	-0.02603
4.451	-0.022841
4.452	-0.019004
4.453	-0.018002
4.454	-0.020173
4.455	-0.023051
4.456	-0.02388
4.457	-0.021756
4.458	-0.017519
4.459	-0.012879
4.46	-0.009869
4.461	-0.009332
4.462	-0.009817
4.463	-0.00921
4.464	-0.006991
4.465	-0.004348
4.466	-0.002807
4.467	-0.002942
4.468	-0.003959
4.469	-0.004535
4.47	-0.004243
4.471	-0.003965
4.472	-0.005027
4.473	-0.008138
4.474	-0.012648
4.475	-0.016592
4.476	-0.018108
4.477	-0.01684
4.478	-0.013622
4.479	-0.009896
4.48	-0.007677
4.481	-0.008188
4.482	-0.01034
4.483	-0.011879
4.484	-0.011825
4.485	-0.01153
4.486	-0.013663
4.487	-0.0195
4.488	-0.026639
4.489	-0.029971
4.49	-0.025404
4.491	-0.012916
4.492	0.003395
4.493	0.017881
4.494	0.026278
4.495	0.027079
4.496	0.021101
4.497	0.010678
4.498	-0.000538
4.499	-0.008835
4.5	-0.012914
4.501	-0.014055
4.502	-0.013841
4.503	-0.012827
4.504	-0.011074
4.505	-0.009428
4.506	-0.009655
4.507	-0.012511
4.508	-0.016202
4.509	-0.017762
4.51	-0.015946
4.511	-0.012417
4.512	-0.010373
4.513	-0.012053
4.514	-0.016944
4.515	-0.022018
4.516	-0.024027
4.517	-0.021797
4.518	-0.016454
4.519	-0.010691
4.52	-0.007912
4.521	-0.009856
4.522	-0.014518
4.523	-0.01758
4.524	-0.015992
4.525	-0.010246
4.526	-0.003647
4.527	0.000411
4.528	0.000502
4.529	-0.002614
4.53	-0.006689
4.531	-0.008661
4.532	-0.004767
4.533	0.009466
4.534	0.036309
4.535	0.069121
4.536	0.089935
4.537	0.08113
4.538	0.044449
4.539	0.004239
4.54	-0.012827
4.541	0.000887
4.542	0.032535
4.543	0.062679
4.544	0.078281
4.545	0.07645
4.546	0.061436
4.547	0.040373
4.548	0.020361
4.549	0.006505
4.55	0.000227
4.551	-0.00138
4.552	-0.003514
4.553	-0.009545
4.554	-0.018545
4.555	-0.026762
4.556	-0.03091
4.557	-0.03004
4.558	-0.025184
4.559	-0.01881
4.56	-0.014642
4.561	-0.015511
4.562	-0.020518
4.563	-0.025445
4.564	-0.026319
4.565	-0.022512
4.566	-0.016778
4.567	-0.012567
4.568	-0.011389
4.569	-0.012435
4.57	-0.014189
4.571	-0.016145
4.572	-0.01892
4.573	-0.022858
4.574	-0.027094
4.575	-0.029999
4.576	-0.030283
4.577	-0.027801
4.578	-0.023435
4.579	-0.018961
4.58	-0.016914
4.581	-0.018683
4.582	-0.022529
4.583	-0.024817
4.584	-0.023325
4.585	-0.019127
4.586	-0.015494
4.587	-0.014984
4.588	-0.017336
4.589	-0.019942
4.59	-0.020325
4.591	-0.018384
4.592	-0.016194
4.593	-0.015848
4.594	-0.017776
4.595	-0.020572
4.596	-0.022022
4.597	-0.020335
4.598	-0.014411
4.599	-0.004522
4.6	0.006342
4.601	0.013859
4.602	0.015964
4.603	0.01395
4.604	0.010267
4.605	0.006253
4.606	0.001838
4.607	-0.003356
4.608	-0.009161
4.609	-0.015155
4.61	-0.021277
4.611	-0.027301
4.612	-0.031833
4.613	-0.033455
4.614	-0.032655
4.615	-0.030834
4.616	-0.028263
4.617	-0.024288
4.618	-0.018608
4.619	-0.012449
4.62	-0.008827
4.621	-0.01028
4.622	-0.015914
4.623	-0.021648
4.624	-0.023575
4.625	-0.020947
4.626	-0.016283
4.627	-0.012949
4.628	-0.012521
4.629	-0.014081
4.63	-0.015542
4.631	-0.015496
4.632	-0.01432
4.633	-0.013888
4.634	-0.015933
4.635	-0.02058
4.636	-0.026737
4.637	-0.032945
4.638	-0.036541
4.639	-0.033019
4.64	-0.017794
4.641	0.010761
4.642	0.04721
4.643	0.076385
4.644	0.080575
4.645	0.055897
4.646	0.020133
4.647	-0.000433
4.648	0.007367
4.649	0.035529
4.65	0.065327
4.651	0.082475
4.652	0.083314
4.653	0.07156
4.654	0.053242
4.655	0.034062
4.656	0.018243
4.657	0.008081
4.658	0.004114
4.659	0.004728
4.66	0.005932
4.661	0.003796
4.662	-0.002355
4.663	-0.009917
4.664	-0.015535
4.665	-0.017452
4.666	-0.016579
4.667	-0.015594
4.668	-0.016597
4.669	-0.019496
4.67	-0.022348
4.671	-0.023192
4.672	-0.021875
4.673	-0.019953
4.674	-0.018809
4.675	-0.018476
4.676	-0.01833
4.677	-0.017999
4.678	-0.017144
4.679	-0.015744
4.68	-0.015021
4.681	-0.016298
4.682	-0.018788
4.683	-0.019849
4.684	-0.017439
4.685	-0.012175
4.686	-0.007429
4.687	-0.007134
4.688	-0.012419
4.689	-0.020068
4.69	-0.024952
4.691	-0.024299
4.692	-0.01956
4.693	-0.014494
4.694	-0.012076
4.695	-0.013252
4.696	-0.017545
4.697	-0.02349
4.698	-0.028298
4.699	-0.029112
4.7	-0.02605
4.701	-0.022439
4.702	-0.021129
4.703	-0.021364
4.704	-0.019446
4.705	-0.012329
4.706	-0.00065
4.707	0.011563
4.708	0.019727
4.709	0.021344
4.71	0.016808
4.711	0.00846
4.712	-0.000928
4.713	-0.009112
4.714	-0.014871
4.715	-0.018112
4.716	-0.01929
4.717	-0.018671
4.718	-0.016219
4.719	-0.012567
4.72	-0.01001
4.721	-0.011146
4.722	-0.016096
4.723	-0.021798
4.724	-0.024286
4.725	-0.021966
4.726	-0.016942
4.727	-0.013218
4.728	-0.013535
4.729	-0.017336
4.73	-0.021209
4.731	-0.021603
4.732	-0.017615
4.733	-0.011487
4.734	-0.0068
4.735	-0.006109
4.736	-0.009792
4.737	-0.016153
4.738	-0.021876
4.739	-0.023889
4.74	-0.022261
4.741	-0.020173
4.742	-0.020456
4.743	-0.023045
4.744	-0.025854
4.745	-0.026862
4.746	-0.024113
4.747	-0.014002
4.748	0.007851
4.749	0.040576
4.75	0.071908
4.751	0.082359
4.752	0.062005
4.753	0.023833
4.754	-0.004355
4.755	-0.003101
4.756	0.024523
4.757	0.059525
4.758	0.0839
4.759	0.090518
4.76	0.081217
4.761	0.061521
4.762	0.038101
4.763	0.017373
4.764	0.003397
4.765	-0.003417
4.766	-0.005548
4.767	-0.00653
4.768	-0.009079
4.769	-0.013622
4.77	-0.01829
4.771	-0.020655
4.772	-0.019676
4.773	-0.016472
4.774	-0.013646
4.775	-0.013626
4.776	-0.017218
4.777	-0.022898
4.778	-0.027008
4.779	-0.02617
4.78	-0.020604
4.781	-0.013957
4.782	-0.00961
4.783	-0.008161
4.784	-0.008086
4.785	-0.007748
4.786	-0.006955
4.787	-0.007012
4.788	-0.009014
4.789	-0.012107
4.79	-0.013916
4.791	-0.012603
4.792	-0.00837
4.793	-0.003386
4.794	-0.000402
4.795	-0.001136
4.796	-0.005535
4.797	-0.011716
4.798	-0.016351
4.799	-0.016777
4.8	-0.013722
4.801	-0.01061
4.802	-0.009973
4.803	-0.011682
4.804	-0.01385
4.805	-0.014361
4.806	-0.01232
4.807	-0.008898
4.808	-0.006561
4.809	-0.007043
4.81	-0.009684
4.811	-0.011394
4.812	-0.008538
4.813	0.000259
4.814	0.012815
4.815	0.024764
4.816	0.031994
4.817	0.032488
4.818	0.02719
4.819	0.018955
4.82	0.010044
4.821	0.001202
4.822	-0.00719
4.823	-0.014236
4.824	-0.018597
4.825	-0.01932
4.826	-0.017092
4.827	-0.014309
4.828	-0.013313
4.829	-0.01447
4.83	-0.015921
4.831	-0.015118
4.832	-0.010952
4.833	-0.004812
4.834	0.000387
4.835	0.002196
4.836	-0.000109
4.837	-0.005125
4.838	-0.009353
4.839	-0.009175
4.84	-0.00437
4.841	0.001318
4.842	0.003774
4.843	0.002045
4.844	-0.001355
4.845	-0.003157
4.846	-0.002277
4.847	-0.000175
4.848	0.001203
4.849	0.00122
4.85	0.000388
4.851	-0.00074
4.852	-0.001753
4.853	-0.001125
4.854	0.005175
4.855	0.022569
4.856	0.052438
4.857	0.085708
4.858	0.104136
4.859	0.093318
4.86	0.057395
4.861	0.019126
4.862	0.002425
4.863	0.014313
4.864	0.043145
4.865	0.070895
4.866	0.085624
4.867	0.085388
4.868	0.074694
4.869	0.059475
4.87	0.044507
4.871	0.032627
4.872	0.024226
4.873	0.01779
4.874	0.011545
4.875	0.004388
4.876	-0.004197
4.877	-0.013507
4.878	-0.020521
4.879	-0.021494
4.88	-0.016088
4.881	-0.008562
4.882	-0.004181
4.883	-0.005127
4.884	-0.009603
4.885	-0.014115
4.886	-0.016514
4.887	-0.016984
4.888	-0.01654
4.889	-0.015421
4.89	-0.013218
4.891	-0.009931
4.892	-0.006283
4.893	-0.00309
4.894	-0.000981
4.895	-0.000723
4.896	-0.002868
4.897	-0.006609
4.898	-0.009354
4.899	-0.008551
4.9	-0.004621
4.901	-0.00099
4.902	-0.000791
4.903	-0.004261
4.904	-0.008931
4.905	-0.011558
4.906	-0.010174
4.907	-0.005145
4.908	0.001202
4.909	0.006121
4.91	0.008051
4.911	0.007085
4.912	0.004631
4.913	0.002715
4.914	0.002524
4.915	0.003308
4.916	0.003172
4.917	0.001045
4.918	-0.001826
4.919	-0.002579
4.92	0.000579
4.921	0.0069
4.922	0.014028
4.923	0.019359
4.924	0.020982
4.925	0.018529
4.926	0.013344
4.927	0.007575
4.928	0.002954
4.929	8.5e-05
4.93	-0.001572
4.931	-0.002976
4.932	-0.004448
4.933	-0.005533
4.934	-0.006131
4.935	-0.007178
4.936	-0.009902
4.937	-0.014311
4.938	-0.018015
4.939	-0.017693
4.94	-0.012894
4.941	-0.007206
4.942	-0.004883
4.943	-0.007161
4.944	-0.011733
4.945	-0.014881
4.946	-0.014084
4.947	-0.009429
4.948	-0.003209
4.949	0.001737
4.95	0.003603
4.951	0.002348
4.952	-0.000362
4.953	-0.002288
4.954	-0.002305
4.955	-0.001032
4.956	-0.000125
4.957	-0.001093
4.958	-0.004012
4.959	-0.007483
4.96	-0.009776
4.961	-0.008271
4.962	0.002042
4.963	0.025633
4.964	0.058735
4.965	0.085491
4.966	0.087001
4.967	0.059405
4.968	0.021884
4.969	0.002047
4.97	0.012937
4.971	0.045232
4.972	0.078556
4.973	0.097231
4.974	0.097373
4.975	0.083723
4.976	0.062818
4.977	0.039815
4.978	0.019592
4.979	0.006537
4.98	0.001481
4.981	0.000997
4.982	0.0007
4.983	-0.001772
4.984	-0.00616
4.985	-0.010437
4.986	-0.012607
4.987	-0.012313
4.988	-0.010798
4.989	-0.009781
4.99	-0.010429
4.991	-0.012716
4.992	-0.015369
4.993	-0.016476
4.994	-0.014567
4.995	-0.009928
4.996	-0.005075
4.997	-0.003058
4.998	-0.004723
4.999	-0.008335
5.0	-0.012008
5.001	-0.015208
5.002	-0.018023
5.003	-0.020318
5.004	-0.021282
5.005	-0.019302
5.006	-0.013138
5.007	-0.003992
5.008	0.003927
5.009	0.005844
5.01	4.5e-05
5.011	-0.010672
5.012	-0.020802
5.013	-0.025357
5.014	-0.022461
5.015	-0.014234
5.016	-0.005414
5.017	-7e-05
5.018	0.001324
5.019	0.001495
5.02	0.002974
5.021	0.005632
5.022	0.007209
5.023	0.005568
5.024	0.00082
5.025	-0.004415
5.026	-0.006868
5.027	-0.004704
5.028	0.001738
5.029	0.010457
5.03	0.018697
5.031	0.023832
5.032	0.024407
5.033	0.021014
5.034	0.015793
5.035	0.010417
5.036	0.004588
5.037	-0.002868
5.038	-0.011174
5.039	-0.016974
5.04	-0.017553
5.041	-0.013838
5.042	-0.009585
5.043	-0.008095
5.044	-0.009856
5.045	-0.012918
5.046	-0.015013
5.047	-0.015223
5.048	-0.014268
5.049	-0.013659
5.05	-0.014466
5.051	-0.01635
5.052	-0.017393
5.053	-0.01518
5.054	-0.008969
5.055	-0.000962
5.056	0.004989
5.057	0.00614
5.058	0.002916
5.059	-0.001635
5.06	-0.004821
5.061	-0.006286
5.062	-0.007177
5.063	-0.008477
5.064	-0.010457
5.065	-0.013073
5.066	-0.01605
5.067	-0.018266
5.068	-0.017073
5.069	-0.008031
5.07	0.013395
5.071	0.0463
5.072	0.078676
5.073	0.091235
5.074	0.073283
5.075	0.036064
5.076	0.005971
5.077	0.002674
5.078	0.025513
5.079	0.058678
5.08	0.084684
5.081	0.093973
5.082	0.086977
5.083	0.070275
5.084	0.051084
5.085	0.034219
5.086	0.02204
5.087	0.01497
5.088	0.011571
5.089	0.009285
5.09	0.005915
5.091	0.000757
5.092	-0.004997
5.093	-0.008848
5.094	-0.008753
5.095	-0.00502
5.096	-0.000627
5.097	0.000927
5.098	-0.001181
5.099	-0.004568
5.1	-0.00663
5.101	-0.006952
5.102	-0.006747
5.103	-0.007407
5.104	-0.009702
5.105	-0.013027
5.106	-0.015218
5.107	-0.014104
5.108	-0.009687
5.109	-0.004396
5.11	-0.001087
5.111	-0.000924
5.112	-0.002752
5.113	-0.004084
5.114	-0.003066
5.115	-9.6e-05
5.116	0.002152
5.117	0.000841
5.118	-0.004009
5.119	-0.009096
5.12	-0.010966
5.121	-0.008766
5.122	-0.004131
5.123	0.000254
5.124	0.002229
5.125	0.001455
5.126	-0.000722
5.127	-0.002664
5.128	-0.003558
5.129	-0.003614
5.13	-0.00368
5.131	-0.004269
5.132	-0.004508
5.133	-0.002096
5.134	0.005166
5.135	0.017072
5.136	0.029877
5.137	0.038138
5.138	0.038851
5.139	0.033423
5.14	0.024955
5.141	0.015127
5.142	0.004568
5.143	-0.005565
5.144	-0.013526
5.145	-0.017987
5.146	-0.018935
5.147	-0.017694
5.148	-0.01612
5.149	-0.015765
5.15	-0.01739
5.151	-0.020509
5.152	-0.023314
5.153	-0.02356
5.154	-0.019815
5.155	-0.012392
5.156	-0.003912
5.157	0.001454
5.158	0.000953
5.159	-0.004088
5.16	-0.009441
5.161	-0.01183
5.162	-0.011427
5.163	-0.010863
5.164	-0.011997
5.165	-0.014225
5.166	-0.015801
5.167	-0.015284
5.168	-0.011758
5.169	-0.005621
5.17	0.000379
5.171	0.002128
5.172	-0.002687
5.173	-0.011784
5.174	-0.019041
5.175	-0.018752
5.176	-0.008806
5.177	0.010597
5.178	0.038784
5.179	0.070835
5.18	0.092521
5.181	0.086897
5.182	0.051562
5.183	0.006317
5.184	-0.020526
5.185	-0.013621
5.186	0.020062
5.187	0.059011
5.188	0.083082
5.189	0.085222
5.19	0.071709
5.191	0.053525
5.192	0.038277
5.193	0.028512
5.194	0.023616
5.195	0.020884
5.196	0.016775
5.197	0.009922
5.198	0.002847
5.199	-0.000722
5.2	-0.000116
5.201	0.002125
5.202	0.004429
5.203	0.00822
5.204	0.014417
5.205	0.020154
5.206	0.021792
5.207	0.020075
5.208	0.019484
5.209	0.022811
5.21	0.028411
5.211	0.032646
5.212	0.033548
5.213	0.032196
5.214	0.031298
5.215	0.032244
5.216	0.033336
5.217	0.03132
5.218	0.025047
5.219	0.017236
5.22	0.012195
5.221	0.012296
5.222	0.016569
5.223	0.021669
5.224	0.024129
5.225	0.022456
5.226	0.017948
5.227	0.014008
5.228	0.014174
5.229	0.019598
5.23	0.0278
5.231	0.034038
5.232	0.034885
5.233	0.031413
5.234	0.028323
5.235	0.029226
5.236	0.033073
5.237	0.035421
5.238	0.033224
5.239	0.028048
5.24	0.024364
5.241	0.025849
5.242	0.033382
5.243	0.044674
5.244	0.055003
5.245	0.059492
5.246	0.05617
5.247	0.047439
5.248	0.038219
5.249	0.032002
5.25	0.02835
5.251	0.024222
5.252	0.017814
5.253	0.010868
5.254	0.007013
5.255	0.008361
5.256	0.013827
5.257	0.020021
5.258	0.023865
5.259	0.024627
5.26	0.023465
5.261	0.021891
5.262	0.020921
5.263	0.020561
5.264	0.019824
5.265	0.01792
5.266	0.015652
5.267	0.015241
5.268	0.018326
5.269	0.023927
5.27	0.028455
5.271	0.028074
5.272	0.021752
5.273	0.012303
5.274	0.004309
5.275	0.000807
5.276	0.001166
5.277	0.001729
5.278	-0.000736
5.279	-0.006343
5.28	-0.013069
5.281	-0.018511
5.282	-0.019364
5.283	-0.010834
5.284	0.010864
5.285	0.042779
5.286	0.070634
5.287	0.073925
5.288	0.043153
5.289	-0.006257
5.29	-0.042775
5.291	-0.04448
5.292	-0.014932
5.293	0.024249
5.294	0.052182
5.295	0.060641
5.296	0.052869
5.297	0.036396
5.298	0.018455
5.299	0.004636
5.3	-0.00243
5.301	-0.003859
5.302	-0.003109
5.303	-0.003886
5.304	-0.008619
5.305	-0.01713
5.306	-0.026464
5.307	-0.033091
5.308	-0.035838
5.309	-0.036646
5.31	-0.038619
5.311	-0.043317
5.312	-0.049546
5.313	-0.054286
5.314	-0.054634
5.315	-0.049714
5.316	-0.041736
5.317	-0.03474
5.318	-0.031197
5.319	-0.030064
5.32	-0.02864
5.321	-0.02549
5.322	-0.021461
5.323	-0.019003
5.324	-0.020388
5.325	-0.025757
5.326	-0.032949
5.327	-0.039259
5.328	-0.043052
5.329	-0.044277
5.33	-0.044374
5.331	-0.045429
5.332	-0.048502
5.333	-0.052318
5.334	-0.053752
5.335	-0.050445
5.336	-0.04347
5.337	-0.036807
5.338	-0.033613
5.339	-0.033602
5.34	-0.034391
5.341	-0.034151
5.342	-0.032723
5.343	-0.031537
5.344	-0.032485
5.345	-0.036166
5.346	-0.04121
5.347	-0.045106
5.348	-0.045627
5.349	-0.042185
5.35	-0.036387
5.351	-0.031268
5.352	-0.029559
5.353	-0.032033
5.354	-0.037054
5.355	-0.041778
5.356	-0.044275
5.357	-0.044738
5.358	-0.044566
5.359	-0.044641
5.36	-0.044901
5.361	-0.044914
5.362	-0.044404
5.363	-0.043638
5.364	-0.043339
5.365	-0.044159
5.366	-0.04629
5.367	-0.04923
5.368	-0.051872
5.369	-0.053278
5.37	-0.053574
5.371	-0.053885
5.372	-0.055122
5.373	-0.05658
5.374	-0.055976
5.375	-0.051587
5.376	-0.044639
5.377	-0.039067
5.378	-0.038018
5.379	-0.040849
5.38	-0.044354
5.381	-0.046
5.382	-0.045122
5.383	-0.042294
5.384	-0.038867
5.385	-0.036926
5.386	-0.038464
5.387	-0.043754
5.388	-0.050591
5.389	-0.054947
5.39	-0.051928
5.391	-0.036776
5.392	-0.007472
5.393	0.030417
5.394	0.06095
5.395	0.065081
5.396	0.037238
5.397	-0.00526
5.398	-0.033755
5.399	-0.031106
5.4	-0.003326
5.401	0.02905
5.402	0.048331
5.403	0.049366
5.404	0.037019
5.405	0.01889
5.406	0.001033
5.407	-0.012794
5.408	-0.021312
5.409	-0.025934
5.41	-0.029873
5.411	-0.036298
5.412	-0.046407
5.413	-0.058198
5.414	-0.067252
5.415	-0.069856
5.416	-0.06623
5.417	-0.060639
5.418	-0.057741
5.419	-0.059029
5.42	-0.062858
5.421	-0.066505
5.422	-0.067644
5.423	-0.065346
5.424	-0.060723
5.425	-0.056161
5.426	-0.053539
5.427	-0.05316
5.428	-0.053926
5.429	-0.054223
5.43	-0.053322
5.431	-0.052283
5.432	-0.05292
5.433	-0.055602
5.434	-0.058437
5.435	-0.058834
5.436	-0.056121
5.437	-0.052561
5.438	-0.051225
5.439	-0.053174
5.44	-0.057268
5.441	-0.061487
5.442	-0.063609
5.443	-0.06227
5.444	-0.058331
5.445	-0.054243
5.446	-0.051713
5.447	-0.050479
5.448	-0.049194
5.449	-0.047101
5.45	-0.045096
5.451	-0.045234
5.452	-0.048804
5.453	-0.054757
5.454	-0.059876
5.455	-0.060311
5.456	-0.053748
5.457	-0.041225
5.458	-0.026792
5.459	-0.015331
5.46	-0.010536
5.461	-0.013396
5.462	-0.021537
5.463	-0.031005
5.464	-0.039139
5.465	-0.045552
5.466	-0.051045
5.467	-0.055998
5.468	-0.059569
5.469	-0.060581
5.47	-0.059179
5.471	-0.057114
5.472	-0.056344
5.473	-0.057528
5.474	-0.059437
5.475	-0.059772
5.476	-0.057475
5.477	-0.054373
5.478	-0.053546
5.479	-0.056122
5.48	-0.060587
5.481	-0.064278
5.482	-0.064575
5.483	-0.060133
5.484	-0.05217
5.485	-0.044206
5.486	-0.039952
5.487	-0.04063
5.488	-0.043821
5.489	-0.045453
5.49	-0.043336
5.491	-0.03873
5.492	-0.034896
5.493	-0.034532
5.494	-0.037923
5.495	-0.042806
5.496	-0.046035
5.497	-0.045023
5.498	-0.036921
5.499	-0.018173
5.5	0.011229
5.501	0.04192
5.502	0.056847
5.503	0.043986
5.504	0.01007
5.505	-0.021129
5.506	-0.027599
5.507	-0.005948
5.508	0.029264
5.509	0.059071
5.51	0.072338
5.511	0.068594
5.512	0.053278
5.513	0.032504
5.514	0.011628
5.515	-0.004906
5.516	-0.015274
5.517	-0.021208
5.518	-0.025595
5.519	-0.029492
5.52	-0.032167
5.521	-0.03291
5.522	-0.031804
5.523	-0.029456
5.524	-0.026859
5.525	-0.025641
5.526	-0.027767
5.527	-0.034103
5.528	-0.042866
5.529	-0.049848
5.53	-0.051079
5.531	-0.045918
5.532	-0.037478
5.533	-0.029963
5.534	-0.025596
5.535	-0.023906
5.536	-0.023421
5.537	-0.023448
5.538	-0.024035
5.539	-0.024951
5.54	-0.025686
5.541	-0.026007
5.542	-0.025723
5.543	-0.024571
5.544	-0.022847
5.545	-0.021642
5.546	-0.022024
5.547	-0.024109
5.548	-0.027051
5.549	-0.029713
5.55	-0.031268
5.551	-0.031608
5.552	-0.031355
5.553	-0.03111
5.554	-0.030723
5.555	-0.029499
5.556	-0.026987
5.557	-0.023588
5.558	-0.020406
5.559	-0.018742
5.56	-0.019885
5.561	-0.024079
5.562	-0.028922
5.563	-0.030116
5.564	-0.024831
5.565	-0.014319
5.566	-0.003256
5.567	0.003709
5.568	0.00523
5.569	0.003445
5.57	0.001141
5.571	-0.001106
5.572	-0.004962
5.573	-0.011778
5.574	-0.020634
5.575	-0.029035
5.576	-0.035001
5.577	-0.038378
5.578	-0.040058
5.579	-0.040537
5.58	-0.040238
5.581	-0.039987
5.582	-0.039712
5.583	-0.037932
5.584	-0.033772
5.585	-0.028782
5.586	-0.025877
5.587	-0.026364
5.588	-0.02835
5.589	-0.028318
5.59	-0.024393
5.591	-0.018225
5.592	-0.013658
5.593	-0.01356
5.594	-0.017672
5.595	-0.022745
5.596	-0.024805
5.597	-0.022293
5.598	-0.017012
5.599	-0.012157
5.6	-0.010404
5.601	-0.013114
5.602	-0.019536
5.603	-0.026709
5.604	-0.030685
5.605	-0.027368
5.606	-0.012403
5.607	0.016764
5.608	0.054907
5.609	0.085519
5.61	0.089128
5.611	0.06099
5.612	0.020006
5.613	-0.004737
5.614	0.00241
5.615	0.033887
5.616	0.068641
5.617	0.088321
5.618	0.087242
5.619	0.071496
5.62	0.05076
5.621	0.031539
5.622	0.016601
5.623	0.006973
5.624	0.00217
5.625	-0.000294
5.626	-0.003833
5.627	-0.010651
5.628	-0.020025
5.629	-0.028215
5.63	-0.030887
5.631	-0.026607
5.632	-0.018206
5.633	-0.010751
5.634	-0.00784
5.635	-0.009261
5.636	-0.012016
5.637	-0.013201
5.638	-0.011655
5.639	-0.007942
5.64	-0.00403
5.641	-0.002126
5.642	-0.002652
5.643	-0.004084
5.644	-0.004963
5.645	-0.005201
5.646	-0.005774
5.647	-0.007866
5.648	-0.011899
5.649	-0.016761
5.65	-0.020145
5.651	-0.020278
5.652	-0.01761
5.653	-0.014624
5.654	-0.013591
5.655	-0.014511
5.656	-0.015485
5.657	-0.014697
5.658	-0.011577
5.659	-0.006782
5.66	-0.002132
5.661	0.000177
5.662	-0.000582
5.663	-0.003067
5.664	-0.00528
5.665	-0.006333
5.666	-0.007276
5.667	-0.010122
5.668	-0.015412
5.669	-0.020757
5.67	-0.022092
5.671	-0.016627
5.672	-0.004979
5.673	0.009147
5.674	0.021182
5.675	0.02781
5.676	0.027809
5.677	0.021989
5.678	0.012948
5.679	0.004223
5.68	-0.001911
5.681	-0.00572
5.682	-0.008465
5.683	-0.010443
5.684	-0.011042
5.685	-0.010047
5.686	-0.008497
5.687	-0.007992
5.688	-0.009017
5.689	-0.010204
5.69	-0.009639
5.691	-0.007045
5.692	-0.004547
5.693	-0.005027
5.694	-0.009491
5.695	-0.015915
5.696	-0.020543
5.697	-0.020461
5.698	-0.015402
5.699	-0.007943
5.7	-0.00252
5.701	-0.003059
5.702	-0.009899
5.703	-0.019069
5.704	-0.02532
5.705	-0.026312
5.706	-0.024098
5.707	-0.022736
5.708	-0.024751
5.709	-0.029587
5.71	-0.034558
5.711	-0.036701
5.712	-0.033533
5.713	-0.022132
5.714	0.000806
5.715	0.034613
5.716	0.068439
5.717	0.082923
5.718	0.065492
5.719	0.026079
5.72	-0.007789
5.721	-0.013908
5.722	0.008642
5.723	0.043766
5.724	0.072804
5.725	0.084784
5.726	0.078429
5.727	0.059237
5.728	0.035361
5.729	0.014328
5.73	0.000888
5.731	-0.004329
5.732	-0.00463
5.733	-0.004769
5.734	-0.007657
5.735	-0.01285
5.736	-0.017676
5.737	-0.019671
5.738	-0.018092
5.739	-0.014106
5.74	-0.010797
5.741	-0.011929
5.742	-0.018617
5.743	-0.027504
5.744	-0.03332
5.745	-0.032954
5.746	-0.026836
5.747	-0.017718
5.748	-0.009098
5.749	-0.00382
5.75	-0.002761
5.751	-0.004817
5.752	-0.008437
5.753	-0.01289
5.754	-0.017999
5.755	-0.023114
5.756	-0.026876
5.757	-0.028093
5.758	-0.026379
5.759	-0.02227
5.76	-0.01777
5.761	-0.015986
5.762	-0.018603
5.763	-0.02401
5.764	-0.028652
5.765	-0.02992
5.766	-0.027825
5.767	-0.024601
5.768	-0.022758
5.769	-0.02307
5.77	-0.02436
5.771	-0.025085
5.772	-0.024722
5.773	-0.023872
5.774	-0.023571
5.775	-0.0244
5.776	-0.02607
5.777	-0.027608
5.778	-0.027236
5.779	-0.022686
5.78	-0.013504
5.781	-0.002759
5.782	0.005033
5.783	0.007285
5.784	0.004363
5.785	-0.001412
5.786	-0.007462
5.787	-0.012348
5.788	-0.015895
5.789	-0.018357
5.79	-0.019906
5.791	-0.020647
5.792	-0.020637
5.793	-0.020022
5.794	-0.019183
5.795	-0.01824
5.796	-0.016663
5.797	-0.013854
5.798	-0.009768
5.799	-0.005154
5.8	-0.002028
5.801	-0.002975
5.802	-0.008501
5.803	-0.015765
5.804	-0.020596
5.805	-0.020487
5.806	-0.016236
5.807	-0.011334
5.808	-0.009351
5.809	-0.011469
5.81	-0.016104
5.811	-0.020311
5.812	-0.021683
5.813	-0.019669
5.814	-0.015579
5.815	-0.011578
5.816	-0.009863
5.817	-0.012083
5.818	-0.017777
5.819	-0.022955
5.82	-0.02144
5.821	-0.007778
5.822	0.02009
5.823	0.056684
5.824	0.086349
5.825	0.090532
5.826	0.06402
5.827	0.023858
5.828	-0.00228
5.829	0.001771
5.83	0.030295
5.831	0.063964
5.832	0.084907
5.833	0.085848
5.834	0.070391
5.835	0.047827
5.836	0.026762
5.837	0.011431
5.838	0.002337
5.839	-0.001581
5.84	-0.002756
5.841	-0.00505
5.842	-0.01129
5.843	-0.020614
5.844	-0.028855
5.845	-0.031555
5.846	-0.027243
5.847	-0.018456
5.848	-0.009782
5.849	-0.004793
5.85	-0.004135
5.851	-0.005872
5.852	-0.00765
5.853	-0.008427
5.854	-0.008218
5.855	-0.007329
5.856	-0.00644
5.857	-0.006425
5.858	-0.007153
5.859	-0.007143
5.86	-0.005525
5.861	-0.003639
5.862	-0.003564
5.863	-0.005607
5.864	-0.007893
5.865	-0.008288
5.866	-0.006662
5.867	-0.005023
5.868	-0.00529
5.869	-0.007254
5.87	-0.008788
5.871	-0.007822
5.872	-0.00415
5.873	0.000704
5.874	0.005057
5.875	0.007874
5.876	0.008527
5.877	0.0069
5.878	0.004101
5.879	0.002216
5.88	0.002116
5.881	0.002111
5.882	6.6e-05
5.883	-0.003757
5.884	-0.006631
5.885	-0.005581
5.886	0.000491
5.887	0.010167
5.888	0.020194
5.889	0.026882
5.89	0.027723
5.891	0.02259
5.892	0.013899
5.893	0.005349
5.894	-0.000492
5.895	-0.003789
5.896	-0.006386
5.897	-0.009459
5.898	-0.012203
5.899	-0.012619
5.9	-0.010184
5.901	-0.007321
5.902	-0.007156
5.903	-0.010199
5.904	-0.01372
5.905	-0.014125
5.906	-0.010072
5.907	-0.003652
5.908	0.001272
5.909	0.002015
5.91	-0.001104
5.911	-0.005248
5.912	-0.006966
5.913	-0.004103
5.914	0.002803
5.915	0.010571
5.916	0.015403
5.917	0.015285
5.918	0.011401
5.919	0.007688
5.92	0.007615
5.921	0.011052
5.922	0.015067
5.923	0.017023
5.924	0.016208
5.925	0.013431
5.926	0.010334
5.927	0.009614
5.928	0.015791
5.929	0.034404
5.93	0.066933
5.931	0.103592
5.932	0.123899
5.933	0.11138
5.934	0.071038
5.935	0.029395
5.936	0.013798
5.937	0.031405
5.938	0.067728
5.939	0.101664
5.94	0.119485
5.941	0.118511
5.942	0.1038
5.943	0.083186
5.944	0.063492
5.945	0.048945
5.946	0.040861
5.947	0.03761
5.948	0.03544
5.949	0.030804
5.95	0.022752
5.951	0.013415
5.952	0.006364
5.953	0.003966
5.954	0.005648
5.955	0.008314
5.956	0.008217
5.957	0.003485
5.958	-0.003653
5.959	-0.007632
5.96	-0.004364
5.961	0.004845
5.962	0.015128
5.963	0.022551
5.964	0.02613
5.965	0.027073
5.966	0.026898
5.967	0.026024
5.968	0.02418
5.969	0.021714
5.97	0.019669
5.971	0.019042
5.972	0.020658
5.973	0.025133
5.974	0.032177
5.975	0.039857
5.976	0.044989
5.977	0.045379
5.978	0.042248
5.979	0.039532
5.98	0.039801
5.981	0.041729
5.982	0.042568
5.983	0.041676
5.984	0.040638
5.985	0.041254
5.986	0.044038
5.987	0.047963
5.988	0.051215
5.989	0.052354
5.99	0.051433
5.991	0.050498
5.992	0.052614
5.993	0.059649
5.994	0.070806
5.995	0.082934
5.996	0.091784
5.997	0.093688
5.998	0.087842
5.999	0.077494
6.0	0.067587
6.001	0.060845
6.002	0.056684
6.003	0.053084
6.004	0.048972
6.005	0.045199
6.006	0.043192
6.007	0.043022
6.008	0.043411
6.009	0.043219
6.01	0.04246
6.011	0.042216
6.012	0.043702
6.013	0.047122
6.014	0.051294
6.015	0.054075
6.016	0.05321
6.017	0.047769
6.018	0.039944
6.019	0.034885
6.02	0.036683
6.021	0.044185
6.022	0.051875
6.023	0.054642
6.024	0.051513
6.025	0.045445
6.026	0.040207
6.027	0.037797
6.028	0.038112
6.029	0.039766
6.03	0.041068
6.031	0.040875
6.032	0.038965
6.033	0.036265
6.034	0.035517
6.035	0.041739
6.036	0.060523
6.037	0.092617
6.038	0.127747
6.039	0.146093
6.04	0.132092
6.041	0.090892
6.042	0.048666
6.043	0.032323
6.044	0.048576
6.045	0.082546
6.046	0.113043
6.047	0.12731
6.048	0.124302
6.049	0.109298
6.05	0.088481
6.051	0.067007
6.052	0.048639
6.053	0.035554
6.054	0.028371
6.055	0.026014
6.056	0.025727
6.057	0.024409
6.058	0.021272
6.059	0.018948
6.06	0.020404
6.061	0.024955
6.062	0.028638
6.063	0.027946
6.064	0.022392
6.065	0.014196
6.066	0.006429
6.067	0.001279
6.068	-0.000753
6.069	-0.000597
6.07	0.0002
6.071	0.000253
6.072	-0.001082
6.073	-0.003374
6.074	-0.005515
6.075	-0.006865
6.076	-0.007931
6.077	-0.009724
6.078	-0.011942
6.079	-0.012077
6.08	-0.007962
6.081	-0.001045
6.082	0.004528
6.083	0.005595
6.084	0.002016
6.085	-0.003738
6.086	-0.008105
6.087	-0.00835
6.088	-0.004209
6.089	0.001775
6.09	0.005607
6.091	0.004177
6.092	-0.002631
6.093	-0.0116
6.094	-0.018392
6.095	-0.020506
6.096	-0.018462
6.097	-0.014849
6.098	-0.011997
6.099	-0.010001
6.1	-0.007316
6.101	-0.002732
6.102	0.004127
6.103	0.012921
6.104	0.021901
6.105	0.027994
6.106	0.028622
6.107	0.02358
6.108	0.015235
6.109	0.006848
6.11	0.00045
6.111	-0.003925
6.112	-0.007176
6.113	-0.009739
6.114	-0.011458
6.115	-0.012436
6.116	-0.013677
6.117	-0.016768
6.118	-0.02209
6.119	-0.027188
6.12	-0.028575
6.121	-0.025419
6.122	-0.020062
6.123	-0.015541
6.124	-0.013739
6.125	-0.014865
6.126	-0.017541
6.127	-0.019517
6.128	-0.018895
6.129	-0.015418
6.13	-0.011059
6.131	-0.008848
6.132	-0.010389
6.133	-0.014609
6.134	-0.018863
6.135	-0.020789
6.136	-0.019568
6.137	-0.016487
6.138	-0.014042
6.139	-0.013857
6.14	-0.015947
6.141	-0.01939
6.142	-0.021706
6.143	-0.017839
6.144	-0.001695
6.145	0.028682
6.146	0.064559
6.147	0.08647
6.148	0.07737
6.149	0.040047
6.15	-0.001189
6.151	-0.019686
6.152	-0.00748
6.153	0.021913
6.154	0.047924
6.155	0.058121
6.156	0.051949
6.157	0.035081
6.158	0.01393
6.159	-0.005637
6.16	-0.019164
6.161	-0.025382
6.162	-0.025934
6.163	-0.023561
6.164	-0.020891
6.165	-0.019516
6.166	-0.019301
6.167	-0.01866
6.168	-0.015713
6.169	-0.009996
6.17	-0.003687
6.171	-0.000664
6.172	-0.003575
6.173	-0.011343
6.174	-0.019591
6.175	-0.024066
6.176	-0.023939
6.177	-0.021794
6.178	-0.020389
6.179	-0.019739
6.18	-0.01813
6.181	-0.01525
6.182	-0.012826
6.183	-0.012803
6.184	-0.015739
6.185	-0.020308
6.186	-0.023859
6.187	-0.023927
6.188	-0.020079
6.189	-0.014599
6.19	-0.011062
6.191	-0.011925
6.192	-0.017116
6.193	-0.024083
6.194	-0.028875
6.195	-0.028367
6.196	-0.02275
6.197	-0.015742
6.198	-0.01142
6.199	-0.010659
6.2	-0.011434
6.201	-0.012015
6.202	-0.012529
6.203	-0.014033
6.204	-0.017168
6.205	-0.021673
6.206	-0.026648
6.207	-0.030729
6.208	-0.032058
6.209	-0.028806
6.21	-0.02046
6.211	-0.008947
6.212	0.001725
6.213	0.00778
6.214	0.008116
6.215	0.004291
6.216	-0.001757
6.217	-0.009438
6.218	-0.018506
6.219	-0.026987
6.22	-0.031995
6.221	-0.032666
6.222	-0.030678
6.223	-0.028195
6.224	-0.026448
6.225	-0.025866
6.226	-0.026433
6.227	-0.02737
6.228	-0.027106
6.229	-0.02453
6.23	-0.020536
6.231	-0.017966
6.232	-0.019349
6.233	-0.024179
6.234	-0.028739
6.235	-0.02899
6.236	-0.023667
6.237	-0.015315
6.238	-0.008443
6.239	-0.006071
6.24	-0.008283
6.241	-0.013309
6.242	-0.01851
6.243	-0.021282
6.244	-0.020678
6.245	-0.018167
6.246	-0.016291
6.247	-0.01654
6.248	-0.018573
6.249	-0.02075
6.25	-0.020173
6.251	-0.012162
6.252	0.008238
6.253	0.040725
6.254	0.073795
6.255	0.087824
6.256	0.070513
6.257	0.031046
6.258	-0.004421
6.259	-0.013549
6.26	0.00543
6.261	0.03593
6.262	0.059125
6.263	0.06666
6.264	0.060667
6.265	0.046932
6.266	0.03026
6.267	0.014171
6.268	0.001988
6.269	-0.003403
6.27	-0.001439
6.271	0.00479
6.272	0.01021
6.273	0.011431
6.274	0.008976
6.275	0.006276
6.276	0.006215
6.277	0.008179
6.278	0.008967
6.279	0.006573
6.28	0.00168
6.281	-0.003853
6.282	-0.007908
6.283	-0.008552
6.284	-0.005517
6.285	-0.000611
6.286	0.00427
6.287	0.008825
6.288	0.013636
6.289	0.018475
6.29	0.021765
6.291	0.021496
6.292	0.016696
6.293	0.00839
6.294	-0.00042
6.295	-0.005942
6.296	-0.006002
6.297	-0.0019
6.298	0.002871
6.299	0.005846
6.3	0.006711
6.301	0.006309
6.302	0.00613
6.303	0.007593
6.304	0.010552
6.305	0.013206
6.306	0.013663
6.307	0.011347
6.308	0.007507
6.309	0.004612
6.31	0.004526
6.311	0.006785
6.312	0.008836
6.313	0.00842
6.314	0.006008
6.315	0.004709
6.316	0.007382
6.317	0.013995
6.318	0.022303
6.319	0.030365
6.32	0.03684
6.321	0.039943
6.322	0.03853
6.323	0.033506
6.324	0.027037
6.325	0.020936
6.326	0.015734
6.327	0.010983
6.328	0.006603
6.329	0.003537
6.33	0.00254
6.331	0.002719
6.332	0.002029
6.333	-0.000761
6.334	-0.004679
6.335	-0.007038
6.336	-0.005697
6.337	-0.001316
6.338	0.002967
6.339	0.004354
6.34	0.002275
6.341	-0.001814
6.342	-0.005101
6.343	-0.004851
6.344	-0.000473
6.345	0.005871
6.346	0.010763
6.347	0.01208
6.348	0.010633
6.349	0.009083
6.35	0.009266
6.351	0.010715
6.352	0.011284
6.353	0.009075
6.354	0.004205
6.355	-0.001209
6.356	-0.004837
6.357	-0.005362
6.358	-0.000875
6.359	0.013089
6.36	0.039627
6.361	0.072103
6.362	0.093023
6.363	0.086798
6.364	0.05613
6.365	0.023061
6.366	0.010793
6.367	0.025312
6.368	0.054577
6.369	0.08155
6.37	0.095836
6.371	0.095875
6.372	0.084809
6.373	0.066866
6.374	0.046892
6.375	0.030137
6.376	0.019953
6.377	0.015626
6.378	0.013549
6.379	0.010865
6.38	0.007103
6.381	0.003048
6.382	-1.2e-05
6.383	-0.000641
6.384	0.001355
6.385	0.004026
6.386	0.004644
6.387	0.002216
6.388	-0.001606
6.389	-0.004074
6.39	-0.003654
6.391	-0.001344
6.392	-0.000136
6.393	-0.002478
6.394	-0.007733
6.395	-0.012498
6.396	-0.013662
6.397	-0.011148
6.398	-0.007427
6.399	-0.004545
6.4	-0.002869
6.401	-0.002196
6.402	-0.001883
6.403	-0.000434
6.404	0.003005
6.405	0.006909
6.406	0.008367
6.407	0.006009
6.408	0.001525
6.409	-0.001634
6.41	-0.000956
6.411	0.003113
6.412	0.007348
6.413	0.008395
6.414	0.005686
6.415	0.00158
6.416	-0.001317
6.417	-0.002697
6.418	-0.003999
6.419	-0.005678
6.42	-0.006664
6.421	-0.006211
6.422	-0.004044
6.423	0.000871
6.424	0.00967
6.425	0.02169
6.426	0.034035
6.427	0.042926
6.428	0.045587
6.429	0.041734
6.43	0.033485
6.431	0.023445
6.432	0.013288
6.433	0.0041
6.434	-0.003072
6.435	-0.007156
6.436	-0.007295
6.437	-0.003862
6.438	0.001071
6.439	0.00518
6.44	0.007084
6.441	0.006322
6.442	0.003862
6.443	0.002062
6.444	0.002585
6.445	0.004698
6.446	0.006129
6.447	0.005219
6.448	0.002187
6.449	-0.001126
6.45	-0.002668
6.451	-0.001816
6.452	0.000245
6.453	0.001561
6.454	0.000818
6.455	-0.001507
6.456	-0.003437
6.457	-0.003718
6.458	-0.003073
6.459	-0.002792
6.46	-0.003768
6.461	-0.006839
6.462	-0.01178
6.463	-0.016295
6.464	-0.017092
6.465	-0.011014
6.466	0.004877
6.467	0.031864
6.468	0.065228
6.469	0.091226
6.47	0.093589
6.471	0.068804
6.472	0.033891
6.473	0.014027
6.474	0.021916
6.475	0.050448
6.476	0.081968
6.477	0.101207
6.478	0.102205
6.479	0.088283
6.48	0.067011
6.481	0.044772
6.482	0.025726
6.483	0.012854
6.484	0.006993
6.485	0.00581
6.486	0.005458
6.487	0.003451
6.488	-3.9e-05
6.489	-0.003106
6.49	-0.003971
6.491	-0.002475
6.492	-0.000368
6.493	-0.00018
6.494	-0.003097
6.495	-0.007437
6.496	-0.009992
6.497	-0.009265
6.498	-0.00636
6.499	-0.002786
6.5	0.000575
6.501	0.002616
6.502	0.002618
6.503	0.001477
6.504	0.000893
6.505	0.001384
6.506	0.001447
6.507	-0.001142
6.508	-0.00682
6.509	-0.012938
6.51	-0.015389
6.511	-0.012108
6.512	-0.00524
6.513	0.000309
6.514	0.001092
6.515	-0.00216
6.516	-0.006337
6.517	-0.009535
6.518	-0.011651
6.519	-0.012321
6.52	-0.010931
6.521	-0.008484
6.522	-0.00684
6.523	-0.006405
6.524	-0.006132
6.525	-0.005339
6.526	-0.004781
6.527	-0.005881
6.528	-0.009049
6.529	-0.012665
6.53	-0.013676
6.531	-0.009629
6.532	-0.0007
6.533	0.010124
6.534	0.018873
6.535	0.022807
6.536	0.021539
6.537	0.016525
6.538	0.009832
6.539	0.003376
6.54	-0.002059
6.541	-0.007393
6.542	-0.013473
6.543	-0.019171
6.544	-0.022378
6.545	-0.022419
6.546	-0.020877
6.547	-0.020002
6.548	-0.02061
6.549	-0.021637
6.55	-0.02141
6.551	-0.019518
6.552	-0.017778
6.553	-0.018767
6.554	-0.023119
6.555	-0.028762
6.556	-0.032714
6.557	-0.033376
6.558	-0.031079
6.559	-0.026858
6.56	-0.022078
6.561	-0.018881
6.562	-0.018663
6.563	-0.020042
6.564	-0.019901
6.565	-0.016769
6.566	-0.012693
6.567	-0.011445
6.568	-0.014934
6.569	-0.021395
6.57	-0.026817
6.571	-0.027701
6.572	-0.021879
6.573	-0.007037
6.574	0.018938
6.575	0.053189
6.576	0.083186
6.577	0.09072
6.578	0.067197
6.579	0.026443
6.58	-0.00383
6.581	-0.005701
6.582	0.016772
6.583	0.046271
6.584	0.067191
6.585	0.072959
6.586	0.065055
6.587	0.049042
6.588	0.03098
6.589	0.015346
6.59	0.004403
6.591	-0.001916
6.592	-0.005674
6.593	-0.009588
6.594	-0.015284
6.595	-0.022076
6.596	-0.027254
6.597	-0.028309
6.598	-0.025005
6.599	-0.019182
6.6	-0.013905
6.601	-0.012527
6.602	-0.016181
6.603	-0.022189
6.604	-0.02637
6.605	-0.026691
6.606	-0.02437
6.607	-0.022177
6.608	-0.021929
6.609	-0.023015
6.61	-0.023126
6.611	-0.020679
6.612	-0.016501
6.613	-0.013195
6.614	-0.01282
6.615	-0.014935
6.616	-0.017179
6.617	-0.017858
6.618	-0.017116
6.619	-0.01567
6.62	-0.014424
6.621	-0.015118
6.622	-0.018599
6.623	-0.022746
6.624	-0.024196
6.625	-0.021618
6.626	-0.016548
6.627	-0.011903
6.628	-0.009974
6.629	-0.011017
6.63	-0.013346
6.631	-0.015034
6.632	-0.015689
6.633	-0.016741
6.634	-0.019894
6.635	-0.024945
6.636	-0.029268
6.637	-0.029748
6.638	-0.024804
6.639	-0.014757
6.64	-0.002017
6.641	0.009039
6.642	0.014484
6.643	0.013376
6.644	0.007578
6.645	-4e-06
6.646	-0.007228
6.647	-0.01359
6.648	-0.019421
6.649	-0.024516
6.65	-0.027869
6.651	-0.028509
6.652	-0.026606
6.653	-0.023931
6.654	-0.022765
6.655	-0.023973
6.656	-0.02655
6.657	-0.029194
6.658	-0.031448
6.659	-0.032963
6.66	-0.033491
6.661	-0.034042
6.662	-0.035818
6.663	-0.038014
6.664	-0.038034
6.665	-0.033916
6.666	-0.026757
6.667	-0.020588
6.668	-0.018968
6.669	-0.021714
6.67	-0.025375
6.671	-0.026512
6.672	-0.024303
6.673	-0.020597
6.674	-0.017966
6.675	-0.017617
6.676	-0.018937
6.677	-0.020832
6.678	-0.022524
6.679	-0.02217
6.68	-0.016003
6.681	-0.000188
6.682	0.025598
6.683	0.053733
6.684	0.068454
6.685	0.056635
6.686	0.022811
6.687	-0.009869
6.688	-0.017948
6.689	0.003145
6.69	0.038127
6.691	0.066593
6.692	0.07674
6.693	0.06825
6.694	0.04786
6.695	0.024274
6.696	0.004562
6.697	-0.007962
6.698	-0.013565
6.699	-0.014102
6.7	-0.01222
6.701	-0.011676
6.702	-0.015419
6.703	-0.022717
6.704	-0.029556
6.705	-0.032466
6.706	-0.031848
6.707	-0.03125
6.708	-0.033459
6.709	-0.037656
6.71	-0.040348
6.711	-0.03868
6.712	-0.032923
6.713	-0.026129
6.714	-0.021502
6.715	-0.020224
6.716	-0.021532
6.717	-0.024157
6.718	-0.026972
6.719	-0.028561
6.72	-0.028202
6.721	-0.027534
6.722	-0.028849
6.723	-0.031829
6.724	-0.033769
6.725	-0.032742
6.726	-0.029579
6.727	-0.026791
6.728	-0.02602
6.729	-0.026807
6.73	-0.02746
6.731	-0.026769
6.732	-0.025094
6.733	-0.023959
6.734	-0.024667
6.735	-0.027324
6.736	-0.03082
6.737	-0.033711
6.738	-0.03507
6.739	-0.034504
6.74	-0.032668
6.741	-0.031728
6.742	-0.033246
6.743	-0.035701
6.744	-0.035432
6.745	-0.029822
6.746	-0.019365
6.747	-0.007064
6.748	0.003743
6.749	0.010633
6.75	0.011881
6.751	0.006775
6.752	-0.002921
6.753	-0.013128
6.754	-0.02046
6.755	-0.0246
6.756	-0.027516
6.757	-0.031319
6.758	-0.03631
6.759	-0.040149
6.76	-0.040292
6.761	-0.0376
6.762	-0.035475
6.763	-0.035699
6.764	-0.036805
6.765	-0.036306
6.766	-0.033646
6.767	-0.03103
6.768	-0.031505
6.769	-0.035996
6.77	-0.042219
6.771	-0.046537
6.772	-0.046481
6.773	-0.04204
6.774	-0.035823
6.775	-0.031575
6.776	-0.031449
6.777	-0.034725
6.778	-0.038709
6.779	-0.040283
6.78	-0.038213
6.781	-0.034827
6.782	-0.033877
6.783	-0.036805
6.784	-0.042034
6.785	-0.046644
6.786	-0.047551
6.787	-0.041462
6.788	-0.024924
6.789	0.003247
6.79	0.036788
6.791	0.059869
6.792	0.056044
6.793	0.024495
6.794	-0.014234
6.795	-0.033009
6.796	-0.019831
6.797	0.014651
6.798	0.048886
6.799	0.067625
6.8	0.068373
6.801	0.05602
6.802	0.036679
6.803	0.016047
6.804	-0.00095
6.805	-0.011568
6.806	-0.016676
6.807	-0.020325
6.808	-0.026683
6.809	-0.036474
6.81	-0.046323
6.811	-0.051611
6.812	-0.050114
6.813	-0.043727
6.814	-0.037078
6.815	-0.034101
6.816	-0.035774
6.817	-0.040558
6.818	-0.045443
6.819	-0.046553
6.82	-0.041706
6.821	-0.033335
6.822	-0.026659
6.823	-0.024916
6.824	-0.027399
6.825	-0.031079
6.826	-0.033374
6.827	-0.034015
6.828	-0.034892
6.829	-0.038023
6.83	-0.043245
6.831	-0.047903
6.832	-0.049059
6.833	-0.046127
6.834	-0.041096
6.835	-0.036393
6.836	-0.03329
6.837	-0.031981
6.838	-0.031616
6.839	-0.030007
6.84	-0.02543
6.841	-0.019271
6.842	-0.015116
6.843	-0.015275
6.844	-0.019018
6.845	-0.02367
6.846	-0.027174
6.847	-0.029856
6.848	-0.033618
6.849	-0.039504
6.85	-0.046043
6.851	-0.049831
6.852	-0.047792
6.853	-0.039195
6.854	-0.025868
6.855	-0.011258
6.856	0.000402
6.857	0.005149
6.858	0.001538
6.859	-0.007339
6.86	-0.015879
6.861	-0.021055
6.862	-0.024119
6.863	-0.027591
6.864	-0.032051
6.865	-0.035886
6.866	-0.037612
6.867	-0.03786
6.868	-0.038685
6.869	-0.041234
6.87	-0.044455
6.871	-0.04616
6.872	-0.045092
6.873	-0.041829
6.874	-0.038129
6.875	-0.03583
6.876	-0.035802
6.877	-0.037359
6.878	-0.038557
6.879	-0.037076
6.88	-0.032267
6.881	-0.026881
6.882	-0.025026
6.883	-0.0282
6.884	-0.034067
6.885	-0.03855
6.886	-0.038857
6.887	-0.035092
6.888	-0.029741
6.889	-0.02595
6.89	-0.025727
6.891	-0.029059
6.892	-0.034336
6.893	-0.039015
6.894	-0.039469
6.895	-0.030759
6.896	-0.008702
6.897	0.024105
6.898	0.053653
6.899	0.060983
6.9	0.038099
6.901	-0.002046
6.902	-0.033367
6.903	-0.036403
6.904	-0.011617
6.905	0.024058
6.906	0.050896
6.907	0.05811
6.908	0.046872
6.909	0.025797
6.91	0.004384
6.911	-0.011371
6.912	-0.020003
6.913	-0.023112
6.914	-0.023473
6.915	-0.02402
6.916	-0.027128
6.917	-0.033689
6.918	-0.041949
6.919	-0.04734
6.92	-0.046073
6.921	-0.039824
6.922	-0.034521
6.923	-0.03436
6.924	-0.038688
6.925	-0.043893
6.926	-0.046451
6.927	-0.044573
6.928	-0.038888
6.929	-0.032236
6.93	-0.028059
6.931	-0.028237
6.932	-0.031972
6.933	-0.036547
6.934	-0.039484
6.935	-0.040133
6.936	-0.039438
6.937	-0.038776
6.938	-0.038566
6.939	-0.0373
6.94	-0.033392
6.941	-0.028288
6.942	-0.025526
6.943	-0.026803
6.944	-0.030732
6.945	-0.034829
6.946	-0.037474
6.947	-0.038496
6.948	-0.038725
6.949	-0.038962
6.95	-0.039302
6.951	-0.039301
6.952	-0.038243
6.953	-0.035319
6.954	-0.030391
6.955	-0.024859
6.956	-0.021263
6.957	-0.021599
6.958	-0.025258
6.959	-0.028156
6.96	-0.025517
6.961	-0.016388
6.962	-0.003986
6.963	0.007593
6.964	0.01536
6.965	0.01792
6.966	0.015694
6.967	0.010014
6.968	0.001712
6.969	-0.008625
6.97	-0.019265
6.971	-0.027256
6.972	-0.030115
6.973	-0.027653
6.974	-0.02225
6.975	-0.017224
6.976	-0.014605
6.977	-0.014269
6.978	-0.014772
6.979	-0.014585
6.98	-0.013237
6.981	-0.011691
6.982	-0.011324
6.983	-0.013416
6.984	-0.019231
6.985	-0.028205
6.986	-0.036018
6.987	-0.036804
6.988	-0.02851
6.989	-0.015667
6.99	-0.006071
6.991	-0.004391
6.992	-0.009072
6.993	-0.014869
6.994	-0.01761
6.995	-0.016987
6.996	-0.015805
6.997	-0.016924
6.998	-0.020448
6.999	-0.0235
7.0	-0.023242
7.001	-0.018905
7.002	-0.008526
7.003	0.013738
7.004	0.051643
7.005	0.096144
7.006	0.123905
7.007	0.114311
7.008	0.072071
7.009	0.027992
7.01	0.013199
7.011	0.034614
7.012	0.075027
7.013	0.111067
7.014	0.129008
7.015	0.128294
7.016	0.115719
7.017	0.098166
7.018	0.079855
7.019	0.064034
7.02	0.053356
7.021	0.047286
7.022	0.042047
7.023	0.034476
7.024	0.025189
7.025	0.018098
7.026	0.017111
7.027	0.023033
7.028	0.033064
7.029	0.042473
7.03	0.04715
7.031	0.045914
7.032	0.040862
7.033	0.035365
7.034	0.031975
7.035	0.031587
7.036	0.033213
7.037	0.034522
7.038	0.034034
7.039	0.033269
7.04	0.035122
7.041	0.039724
7.042	0.043813
7.043	0.04432
7.044	0.04127
7.045	0.037313
7.046	0.035214
7.047	0.035724
7.048	0.037231
7.049	0.037282
7.05	0.034724
7.051	0.03055
7.052	0.026939
7.053	0.025797
7.054	0.027905
7.055	0.03237
7.056	0.036437
7.057	0.036676
7.058	0.031869
7.059	0.025244
7.06	0.022132
7.061	0.024526
7.062	0.029422
7.063	0.032414
7.064	0.03164
7.065	0.028785
7.066	0.027381
7.067	0.030227
7.068	0.037535
7.069	0.046688
7.07	0.053435
7.071	0.053804
7.072	0.046261
7.073	0.033164
7.074	0.019609
7.075	0.009857
7.076	0.0048
7.077	0.002485
7.078	0.000711
7.079	-0.00043
7.08	0.00073
7.081	0.004019
7.082	0.00671
7.083	0.006412
7.084	0.003281
7.085	-0.000459
7.086	-0.002384
7.087	-0.001542
7.088	0.00093
7.089	0.002421
7.09	0.000433
7.091	-0.005742
7.092	-0.014238
7.093	-0.021287
7.094	-0.023639
7.095	-0.021238
7.096	-0.017514
7.097	-0.016942
7.098	-0.021471
7.099	-0.028269
7.1	-0.032015
7.101	-0.030338
7.102	-0.025881
7.103	-0.023238
7.104	-0.025046
7.105	-0.030637
7.106	-0.037383
7.107	-0.04265
7.108	-0.043902
7.109	-0.037152
7.11	-0.017494
7.111	0.015321
7.112	0.050204
7.113	0.067012
7.114	0.052169
7.115	0.014645
7.116	-0.017843
7.117	-0.022258
7.118	0.00164
7.119	0.036215
7.12	0.062898
7.121	0.072471
7.122	0.065498
7.123	0.048315
7.124	0.028339
7.125	0.011016
7.126	-0.000855
7.127	-0.006688
7.128	-0.007842
7.129	-0.00731
7.13	-0.008485
7.131	-0.012943
7.132	-0.018897
7.133	-0.022511
7.134	-0.021362
7.135	-0.016506
7.136	-0.011639
7.137	-0.010841
7.138	-0.015795
7.139	-0.023759
7.14	-0.029546
7.141	-0.030394
7.142	-0.027728
7.143	-0.024774
7.144	-0.023914
7.145	-0.025673
7.146	-0.029119
7.147	-0.033004
7.148	-0.036638
7.149	-0.039925
7.15	-0.042837
7.151	-0.044951
7.152	-0.045516
7.153	-0.044121
7.154	-0.041105
7.155	-0.037366
7.156	-0.034561
7.157	-0.035303
7.158	-0.041253
7.159	-0.050083
7.16	-0.056357
7.161	-0.056584
7.162	-0.051904
7.163	-0.04604
7.164	-0.042205
7.165	-0.041459
7.166	-0.042824
7.167	-0.044493
7.168	-0.045157
7.169	-0.044741
7.17	-0.044222
7.171	-0.044634
7.172	-0.046136
7.173	-0.047705
7.174	-0.047307
7.175	-0.042707
7.176	-0.033199
7.177	-0.020969
7.178	-0.010169
7.179	-0.004069
7.18	-0.003611
7.181	-0.008402
7.182	-0.017296
7.183	-0.028174
7.184	-0.038546
7.185	-0.046446
7.186	-0.050827
7.187	-0.051581
7.188	-0.049422
7.189	-0.045867
7.19	-0.042863
7.191	-0.041705
7.192	-0.042235
7.193	-0.043074
7.194	-0.042379
7.195	-0.039042
7.196	-0.034064
7.197	-0.030593
7.198	-0.03142
7.199	-0.035443
7.2	-0.037892
7.201	-0.035137
7.202	-0.027936
7.203	-0.020039
7.204	-0.015173
7.205	-0.015258
7.206	-0.020287
7.207	-0.02871
7.208	-0.037684
7.209	-0.04398
7.21	-0.045758
7.211	-0.043694
7.212	-0.04033
7.213	-0.038128
7.214	-0.037756
7.215	-0.037662
7.216	-0.034381
7.217	-0.02328
7.218	-0.000693
7.219	0.032008
7.22	0.06385
7.221	0.076511
7.222	0.059078
7.223	0.022322
7.224	-0.007228
7.225	-0.00973
7.226	0.013045
7.227	0.043648
7.228	0.06512
7.229	0.070406
7.23	0.061258
7.231	0.043285
7.232	0.022447
7.233	0.003696
7.234	-0.009651
7.235	-0.016596
7.236	-0.018723
7.237	-0.019589
7.238	-0.022721
7.239	-0.02871
7.24	-0.035022
7.241	-0.039124
7.242	-0.040348
7.243	-0.039235
7.244	-0.037011
7.245	-0.035492
7.246	-0.036035
7.247	-0.03808
7.248	-0.039256
7.249	-0.037371
7.25	-0.032244
7.251	-0.025731
7.252	-0.020355
7.253	-0.017694
7.254	-0.017538
7.255	-0.018403
7.256	-0.019243
7.257	-0.020962
7.258	-0.025353
7.259	-0.031729
7.26	-0.036467
7.261	-0.03686
7.262	-0.033429
7.263	-0.028482
7.264	-0.024523
7.265	-0.023599
7.266	-0.026161
7.267	-0.030157
7.268	-0.032196
7.269	-0.030152
7.27	-0.024828
7.271	-0.019396
7.272	-0.017121
7.273	-0.019126
7.274	-0.023858
7.275	-0.028352
7.276	-0.030248
7.277	-0.029501
7.278	-0.028123
7.279	-0.027721
7.28	-0.028085
7.281	-0.028159
7.282	-0.02655
7.283	-0.021673
7.284	-0.013447
7.285	-0.004429
7.286	0.001735
7.287	0.002893
7.288	-0.000352
7.289	-0.00549
7.29	-0.010309
7.291	-0.014299
7.292	-0.018152
7.293	-0.022427
7.294	-0.026612
7.295	-0.029147
7.296	-0.028797
7.297	-0.026594
7.298	-0.02555
7.299	-0.027309
7.3	-0.030285
7.301	-0.031912
7.302	-0.03098
7.303	-0.027946
7.304	-0.024718
7.305	-0.023618
7.306	-0.025539
7.307	-0.029071
7.308	-0.031175
7.309	-0.028955
7.31	-0.02194
7.311	-0.013122
7.312	-0.007262
7.313	-0.007533
7.314	-0.013077
7.315	-0.019378
7.316	-0.021681
7.317	-0.019085
7.318	-0.014983
7.319	-0.012919
7.32	-0.013568
7.321	-0.016099
7.322	-0.019468
7.323	-0.021355
7.324	-0.017243
7.325	-0.001394
7.326	0.02895
7.327	0.067106
7.328	0.095201
7.329	0.094275
7.33	0.061731
7.331	0.01831
7.332	-0.006937
7.333	-8.8e-05
7.334	0.029742
7.335	0.062318
7.336	0.081976
7.337	0.083796
7.338	0.07125
7.339	0.052012
7.34	0.033803
7.341	0.020686
7.342	0.012475
7.343	0.007007
7.344	0.002268
7.345	-0.00292
7.346	-0.009171
7.347	-0.016351
7.348	-0.022832
7.349	-0.025995
7.35	-0.024318
7.351	-0.018969
7.352	-0.013249
7.353	-0.010341
7.354	-0.010969
7.355	-0.013007
7.356	-0.013822
7.357	-0.01304
7.358	-0.012236
7.359	-0.011921
7.36	-0.010658
7.361	-0.00763
7.362	-0.004098
7.363	-0.001876
7.364	-0.001722
7.365	-0.00343
7.366	-0.006471
7.367	-0.009924
7.368	-0.012342
7.369	-0.012533
7.37	-0.010678
7.371	-0.00866
7.372	-0.00914
7.373	-0.013659
7.374	-0.020868
7.375	-0.026852
7.376	-0.027973
7.377	-0.023656
7.378	-0.016324
7.379	-0.008939
7.38	-0.003371
7.381	-0.000614
7.382	-0.000731
7.383	-0.002526
7.384	-0.004408
7.385	-0.0057
7.386	-0.006774
7.387	-0.007927
7.388	-0.008364
7.389	-0.006405
7.39	-0.000794
7.391	0.007905
7.392	0.017023
7.393	0.023193
7.394	0.02444
7.395	0.021022
7.396	0.014557
7.397	0.006563
7.398	-0.00205
7.399	-0.010072
7.4	-0.015764
7.401	-0.018216
7.402	-0.017795
7.403	-0.015328
7.404	-0.011921
7.405	-0.009306
7.406	-0.009433
7.407	-0.01308
7.408	-0.018669
7.409	-0.022905
7.41	-0.023305
7.411	-0.020567
7.412	-0.018102
7.413	-0.01861
7.414	-0.021424
7.415	-0.023445
7.416	-0.021935
7.417	-0.016602
7.418	-0.009739
7.419	-0.004172
7.42	-0.001395
7.421	-0.001548
7.422	-0.00351
7.423	-0.005042
7.424	-0.004436
7.425	-0.002167
7.426	-0.000389
7.427	-0.000794
7.428	-0.003144
7.429	-0.005818
7.43	-0.007149
7.431	-0.00525
7.432	0.003577
7.433	0.024202
7.434	0.056649
7.435	0.089402
7.436	0.102881
7.437	0.085351
7.438	0.046843
7.439	0.013991
7.44	0.008164
7.441	0.029098
7.442	0.059633
7.443	0.082349
7.444	0.089869
7.445	0.083744
7.446	0.068847
7.447	0.049838
7.448	0.03087
7.449	0.015999
7.45	0.007944
7.451	0.006084
7.452	0.006557
7.453	0.005109
7.454	0.000273
7.455	-0.005679
7.456	-0.008946
7.457	-0.008115
7.458	-0.005509
7.459	-0.00406
7.46	-0.004299
7.461	-0.00514
7.462	-0.005436
7.463	-0.004087
7.464	-0.000437
7.465	0.004858
7.466	0.009941
7.467	0.012899
7.468	0.012923
7.469	0.010661
7.47	0.007549
7.471	0.00465
7.472	0.001991
7.473	-0.001118
7.474	-0.004959
7.475	-0.008257
7.476	-0.008756
7.477	-0.005719
7.478	-0.001204
7.479	0.00184
7.48	0.001767
7.481	-0.001381
7.482	-0.00577
7.483	-0.008216
7.484	-0.006456
7.485	-0.001065
7.486	0.005164
7.487	0.009307
7.488	0.010188
7.489	0.009058
7.49	0.008421
7.491	0.009802
7.492	0.012386
7.493	0.013611
7.494	0.011544
7.495	0.007024
7.496	0.003013
7.497	0.001867
7.498	0.004084
7.499	0.009467
7.5	0.017448
7.501	0.025718
7.502	0.030832
7.503	0.030897
7.504	0.026845
7.505	0.021262
7.506	0.016148
7.507	0.01165
7.508	0.007243
7.509	0.003738
7.51	0.003166
7.511	0.006434
7.512	0.011593
7.513	0.014881
7.514	0.013891
7.515	0.009616
7.516	0.005172
7.517	0.002692
7.518	0.001783
7.519	0.000914
7.52	-0.000847
7.521	-0.003724
7.522	-0.006992
7.523	-0.008569
7.524	-0.00631
7.525	-7.3e-05
7.526	0.007566
7.527	0.012945
7.528	0.014313
7.529	0.013217
7.53	0.012669
7.531	0.014089
7.532	0.016047
7.533	0.015753
7.534	0.011842
7.535	0.005707
7.536	0.000158
7.537	-0.002916
7.538	-0.003004
7.539	0.00148
7.54	0.014705
7.541	0.039754
7.542	0.072138
7.543	0.097504
7.544	0.099613
7.545	0.075527
7.546	0.042325
7.547	0.024512
7.548	0.034128
7.549	0.063746
7.55	0.095744
7.551	0.115402
7.552	0.11714
7.553	0.103389
7.554	0.081004
7.555	0.057892
7.556	0.039956
7.557	0.028912
7.558	0.022581
7.559	0.017987
7.56	0.013634
7.561	0.008789
7.562	0.003203
7.563	-0.001519
7.564	-0.002402
7.565	0.001702
7.566	0.008118
7.567	0.012436
7.568	0.012371
7.569	0.009222
7.57	0.005951
7.571	0.004397
7.572	0.004512
7.573	0.00567
7.574	0.007495
7.575	0.009599
7.576	0.011689
7.577	0.013634
7.578	0.015218
7.579	0.016494
7.58	0.017542
7.581	0.017298
7.582	0.014277
7.583	0.009117
7.584	0.004903
7.585	0.004112
7.586	0.005962
7.587	0.00747
7.588	0.00661
7.589	0.004128
7.59	0.002728
7.591	0.004591
7.592	0.009323
7.593	0.014246
7.594	0.016663
7.595	0.015899
7.596	0.013296
7.597	0.010332
7.598	0.007386
7.599	0.004789
7.6	0.003592
7.601	0.004362
7.602	0.006687
7.603	0.010125
7.604	0.014911
7.605	0.021897
7.606	0.031453
7.607	0.041929
7.608	0.049704
7.609	0.051533
7.61	0.046948
7.611	0.038248
7.612	0.028701
7.613	0.020929
7.614	0.015902
7.615	0.012915
7.616	0.010826
7.617	0.00915
7.618	0.008132
7.619	0.008393
7.62	0.009918
7.621	0.011071
7.622	0.009961
7.623	0.006962
7.624	0.00468
7.625	0.005457
7.626	0.009312
7.627	0.013743
7.628	0.015342
7.629	0.012389
7.63	0.006354
7.631	0.000766
7.632	-0.00134
7.633	0.000774
7.634	0.005345
7.635	0.009503
7.636	0.011333
7.637	0.010862
7.638	0.009656
7.639	0.009919
7.64	0.012835
7.641	0.016886
7.642	0.01882
7.643	0.016667
7.644	0.011323
7.645	0.005896
7.646	0.00437
7.647	0.010828
7.648	0.028798
7.649	0.05843
7.65	0.091483
7.651	0.110912
7.652	0.102181
7.653	0.068894
7.654	0.034092
7.655	0.022333
7.656	0.040312
7.657	0.074149
7.658	0.102854
7.659	0.113846
7.66	0.107696
7.661	0.091807
7.662	0.073043
7.663	0.055593
7.664	0.04185
7.665	0.032954
7.666	0.028341
7.667	0.025678
7.668	0.022348
7.669	0.017559
7.67	0.013085
7.671	0.011837
7.672	0.015228
7.673	0.021427
7.674	0.026354
7.675	0.027028
7.676	0.023967
7.677	0.02006
7.678	0.017876
7.679	0.018729
7.68	0.022622
7.681	0.027582
7.682	0.030395
7.683	0.029125
7.684	0.024596
7.685	0.019439
7.686	0.015911
7.687	0.014427
7.688	0.0138
7.689	0.012813
7.69	0.011894
7.691	0.013269
7.692	0.018831
7.693	0.027535
7.694	0.035615
7.695	0.03964
7.696	0.038632
7.697	0.033479
7.698	0.026037
7.699	0.019474
7.7	0.017303
7.701	0.020263
7.702	0.025499
7.703	0.029848
7.704	0.032829
7.705	0.035714
7.706	0.03864
7.707	0.039903
7.708	0.038042
7.709	0.0339
7.71	0.030519
7.711	0.03105
7.712	0.036629
7.713	0.04614
7.714	0.057578
7.715	0.068857
7.716	0.077378
7.717	0.080267
7.718	0.076218
7.719	0.067215
7.72	0.057331
7.721	0.0491
7.722	0.042119
7.723	0.035523
7.724	0.030419
7.725	0.029233
7.726	0.033231
7.727	0.040972
7.728	0.048868
7.729	0.053342
7.73	0.053143
7.731	0.04989
7.732	0.046361
7.733	0.044383
7.734	0.043824
7.735	0.043037
7.736	0.040909
7.737	0.038357
7.738	0.037123
7.739	0.037941
7.74	0.039886
7.741	0.040822
7.742	0.039466
7.743	0.036939
7.744	0.035107
7.745	0.034399
7.746	0.034038
7.747	0.033086
7.748	0.031
7.749	0.028491
7.75	0.027473
7.751	0.0289
7.752	0.031915
7.753	0.036428
7.754	0.045008
7.755	0.061779
7.756	0.090146
7.757	0.128194
7.758	0.163056
7.759	0.174324
7.76	0.150501
7.761	0.103375
7.762	0.062229
7.763	0.051485
7.764	0.073756
7.765	0.112022
7.766	0.144664
7.767	0.158927
7.768	0.154441
7.769	0.138488
7.77	0.119425
7.771	0.102824
7.772	0.090994
7.773	0.083956
7.774	0.080056
7.775	0.076791
7.776	0.072581
7.777	0.06773
7.778	0.063799
7.779	0.062821
7.78	0.065822
7.781	0.070584
7.782	0.072372
7.783	0.068169
7.784	0.05937
7.785	0.0504
7.786	0.04561
7.787	0.046947
7.788	0.053248
7.789	0.061197
7.79	0.067378
7.791	0.070241
7.792	0.070585
7.793	0.070038
7.794	0.069233
7.795	0.067831
7.796	0.065491
7.797	0.061859
7.798	0.056786
7.799	0.051854
7.8	0.049994
7.801	0.051918
7.802	0.054587
7.803	0.054378
7.804	0.050552
7.805	0.045479
7.806	0.042382
7.807	0.042738
7.808	0.045449
7.809	0.048277
7.81	0.04957
7.811	0.048794
7.812	0.046382
7.813	0.043307
7.814	0.040368
7.815	0.037756
7.816	0.035141
7.817	0.032085
7.818	0.028932
7.819	0.027677
7.82	0.030821
7.821	0.038452
7.822	0.047488
7.823	0.053922
7.824	0.055082
7.825	0.050718
7.826	0.043004
7.827	0.035044
7.828	0.02877
7.829	0.023871
7.83	0.018368
7.831	0.010542
7.832	0.001057
7.833	-0.006867
7.834	-0.010189
7.835	-0.009003
7.836	-0.006332
7.837	-0.005424
7.838	-0.007094
7.839	-0.008812
7.84	-0.006971
7.841	-0.000917
7.842	0.005916
7.843	0.009041
7.844	0.006694
7.845	0.001088
7.846	-0.00375
7.847	-0.00541
7.848	-0.004343
7.849	-0.002353
7.85	-0.000788
7.851	-0.000103
7.852	-0.000359
7.853	-0.001493
7.854	-0.00297
7.855	-0.00375
7.856	-0.003276
7.857	-0.002382
7.858	-0.002682
7.859	-0.004648
7.86	-0.006819
7.861	-0.006992
7.862	-0.002422
7.863	0.011107
7.864	0.036652
7.865	0.068988
7.866	0.091096
7.867	0.084444
7.868	0.048203
7.869	0.005189
7.87	-0.016276
7.871	-0.005574
7.872	0.025545
7.873	0.056649
7.874	0.073743
7.875	0.074253
7.876	0.063144
7.877	0.047073
7.878	0.031226
7.879	0.0192
7.88	0.012913
7.881	0.011187
7.882	0.009989
7.883	0.005719
7.884	-0.001801
7.885	-0.009585
7.886	-0.014206
7.887	-0.014193
7.888	-0.010693
7.889	-0.006742
7.89	-0.005487
7.891	-0.008155
7.892	-0.013411
7.893	-0.018562
7.894	-0.021268
7.895	-0.020699
7.896	-0.018002
7.897	-0.015833
7.898	-0.016456
7.899	-0.01909
7.9	-0.020094
7.901	-0.017174
7.902	-0.012201
7.903	-0.008919
7.904	-0.009232
7.905	-0.012236
7.906	-0.015465
7.907	-0.016515
7.908	-0.014709
7.909	-0.01181
7.91	-0.010557
7.911	-0.012474
7.912	-0.016999
7.913	-0.021865
7.914	-0.024283
7.915	-0.022643
7.916	-0.017631
7.917	-0.011895
7.918	-0.008183
7.919	-0.006995
7.92	-0.006608
7.921	-0.005938
7.922	-0.006063
7.923	-0.008425
7.924	-0.012927
7.925	-0.018031
7.926	-0.021506
7.927	-0.021044
7.928	-0.015408
7.929	-0.00557
7.93	0.005441
7.931	0.013851
7.932	0.01683
7.933	0.013925
7.934	0.007173
7.935	-0.000473
7.936	-0.007066
7.937	-0.012616
7.938	-0.018225
7.939	-0.023781
7.94	-0.027326
7.941	-0.027395
7.942	-0.02476
7.943	-0.02142
7.944	-0.018977
7.945	-0.017938
7.946	-0.017718
7.947	-0.017526
7.948	-0.017383
7.949	-0.017795
7.95	-0.018779
7.951	-0.020009
7.952	-0.021278
7.953	-0.021997
7.954	-0.020756
7.955	-0.016251
7.956	-0.008968
7.957	-0.002032
7.958	0.000432
7.959	-0.003033
7.96	-0.009621
7.961	-0.0152
7.962	-0.017727
7.963	-0.017548
7.964	-0.016252
7.965	-0.015593
7.966	-0.016399
7.967	-0.018249
7.968	-0.019922
7.969	-0.019363
7.97	-0.013036
7.971	0.003554
7.972	0.032239
7.973	0.066232
7.974	0.088584
7.975	0.082858
7.976	0.050186
7.977	0.012679
7.978	-0.00437
7.979	0.007337
7.98	0.036174
7.981	0.062908
7.982	0.074426
7.983	0.069105
7.984	0.053257
7.985	0.034778
7.986	0.019153
7.987	0.008471
7.988	0.002219
7.989	-0.001454
7.99	-0.004768
7.991	-0.009315
7.992	-0.015159
7.993	-0.020986
7.994	-0.025021
7.995	-0.025805
7.996	-0.023292
7.997	-0.020016
7.998	-0.019852
7.999	-0.024038
8.0	-0.029324
8.001	-0.031403
8.002	-0.029093
8.003	-0.024439
8.004	-0.020133
8.005	-0.01774
8.006	-0.01755
8.007	-0.018879
8.008	-0.020389
8.009	-0.020874
8.01	-0.020066
8.011	-0.018689
8.012	-0.01788
8.013	-0.018457
8.014	-0.020031
8.015	-0.020626
8.016	-0.018365
8.017	-0.014093
8.018	-0.01114
8.019	-0.011747
8.02	-0.014809
8.021	-0.017695
8.022	-0.018877
8.023	-0.018341
8.024	-0.016828
8.025	-0.015252
8.026	-0.014085
8.027	-0.012853
8.028	-0.010508
8.029	-0.00662
8.03	-0.002107
8.031	0.001223
8.032	0.001662
8.033	-0.001423
8.034	-0.006504
8.035	-0.009899
8.036	-0.008246
8.037	-0.001523
8.038	0.006854
8.039	0.013096
8.04	0.01556
8.041	0.014284
8.042	0.009884
8.043	0.003648
8.044	-0.002548
8.045	-0.007322
8.046	-0.010744
8.047	-0.013963
8.048	-0.017633
8.049	-0.020852
8.05	-0.021967
8.051	-0.020506
8.052	-0.018183
8.053	-0.017426
8.054	-0.018615
8.055	-0.019631
8.056	-0.01869
8.057	-0.016903
8.058	-0.017258
8.059	-0.021013
8.06	-0.025968
8.061	-0.028827
8.062	-0.027968
8.063	-0.02366
8.064	-0.017375
8.065	-0.011461
8.066	-0.008149
8.067	-0.007854
8.068	-0.00853
8.069	-0.007268
8.07	-0.00297
8.071	0.002386
8.072	0.005081
8.073	0.00262
8.074	-0.004313
8.075	-0.01272
8.076	-0.019271
8.077	-0.020895
8.078	-0.014137
8.079	0.004745
8.08	0.035786
8.081	0.068833
8.082	0.084805
8.083	0.070446
8.084	0.03364
8.085	0.000166
8.086	-0.007454
8.087	0.012851
8.088	0.045166
8.089	0.070732
8.09	0.079655
8.091	0.072265
8.092	0.054263
8.093	0.032292
8.094	0.012036
8.095	-0.002702
8.096	-0.01079
8.097	-0.014204
8.098	-0.017034
8.099	-0.022225
8.1	-0.028973
8.101	-0.034188
8.102	-0.035594
8.103	-0.032822
8.104	-0.027297
8.105	-0.02214
8.106	-0.020857
8.107	-0.024761
8.108	-0.031516
8.109	-0.036583
8.11	-0.036578
8.111	-0.031755
8.112	-0.025623
8.113	-0.022162
8.114	-0.023015
8.115	-0.026562
8.116	-0.029437
8.117	-0.029659
8.118	-0.028433
8.119	-0.028191
8.12	-0.029592
8.121	-0.031403
8.122	-0.031993
8.123	-0.030061
8.124	-0.025637
8.125	-0.020976
8.126	-0.019051
8.127	-0.020676
8.128	-0.023597
8.129	-0.024402
8.13	-0.021276
8.131	-0.015322
8.132	-0.009596
8.133	-0.00695
8.134	-0.008151
8.135	-0.011279
8.136	-0.013362
8.137	-0.013405
8.138	-0.013389
8.139	-0.015593
8.14	-0.019811
8.141	-0.023823
8.142	-0.025103
8.143	-0.021693
8.144	-0.013363
8.145	-0.002556
8.146	0.006444
8.147	0.009608
8.148	0.005436
8.149	-0.003735
8.15	-0.013188
8.151	-0.019405
8.152	-0.022295
8.153	-0.024216
8.154	-0.026949
8.155	-0.029574
8.156	-0.029876
8.157	-0.027659
8.158	-0.025271
8.159	-0.024626
8.16	-0.025102
8.161	-0.024984
8.162	-0.023598
8.163	-0.021506
8.164	-0.019795
8.165	-0.019476
8.166	-0.020947
8.167	-0.023904
8.168	-0.027433
8.169	-0.030035
8.17	-0.030256
8.171	-0.028037
8.172	-0.025374
8.173	-0.025033
8.174	-0.028096
8.175	-0.03268
8.176	-0.035366
8.177	-0.034148
8.178	-0.029867
8.179	-0.024835
8.18	-0.020842
8.181	-0.018842
8.182	-0.01934
8.183	-0.021906
8.184	-0.024091
8.185	-0.020905
8.186	-0.006548
8.187	0.020528
8.188	0.051935
8.189	0.069956
8.19	0.05941
8.191	0.023403
8.192	-0.014871
8.193	-0.030102
8.194	-0.014602
8.195	0.019253
8.196	0.051752
8.197	0.068876
8.198	0.066986
8.199	0.050996
8.2	0.029805
8.201	0.010991
8.202	-0.002093
8.203	-0.009425
8.204	-0.012253
8.205	-0.012501
8.206	-0.013067
8.207	-0.016795
8.208	-0.024073
8.209	-0.031919
8.21	-0.036259
8.211	-0.035571
8.212	-0.032472
8.213	-0.031406
8.214	-0.034388
8.215	-0.039106
8.216	-0.041353
8.217	-0.039133
8.218	-0.0342
8.219	-0.029643
8.22	-0.026994
8.221	-0.02645
8.222	-0.028043
8.223	-0.030981
8.224	-0.03333
8.225	-0.033798
8.226	-0.033134
8.227	-0.032861
8.228	-0.033248
8.229	-0.033173
8.23	-0.031522
8.231	-0.028399
8.232	-0.025458
8.233	-0.024928
8.234	-0.027529
8.235	-0.031328
8.236	-0.033255
8.237	-0.031961
8.238	-0.028788
8.239	-0.025773
8.24	-0.023641
8.241	-0.022297
8.242	-0.021714
8.243	-0.021336
8.244	-0.020039
8.245	-0.017729
8.246	-0.016193
8.247	-0.017699
8.248	-0.022809
8.249	-0.029249
8.25	-0.03264
8.251	-0.029201
8.252	-0.018682
8.253	-0.004749
8.254	0.00744
8.255	0.014127
8.256	0.014421
8.257	0.00972
8.258	0.002123
8.259	-0.006316
8.26	-0.013821
8.261	-0.019711
8.262	-0.024306
8.263	-0.027315
8.264	-0.027629
8.265	-0.025292
8.266	-0.022274
8.267	-0.02064
8.268	-0.020793
8.269	-0.021715
8.27	-0.022315
8.271	-0.02254
8.272	-0.023524
8.273	-0.026489
8.274	-0.031347
8.275	-0.03623
8.276	-0.038242
8.277	-0.035374
8.278	-0.028384
8.279	-0.020494
8.28	-0.015317
8.281	-0.015192
8.282	-0.01994
8.283	-0.026278
8.284	-0.029865
8.285	-0.028802
8.286	-0.024773
8.287	-0.021178
8.288	-0.020503
8.289	-0.022868
8.29	-0.026445
8.291	-0.028693
8.292	-0.026591
8.293	-0.01606
8.294	0.006587
8.295	0.039352
8.296	0.06955
8.297	0.078026
8.298	0.054896
8.299	0.01278
8.3	-0.020223
8.301	-0.023711
8.302	0.000254
8.303	0.033767
8.304	0.059154
8.305	0.068551
8.306	0.063363
8.307	0.048977
8.308	0.031058
8.309	0.014716
8.31	0.003843
8.311	-0.00048
8.312	-0.000656
8.313	-0.001038
8.314	-0.005001
8.315	-0.012422
8.316	-0.019638
8.317	-0.022678
8.318	-0.020898
8.319	-0.017063
8.32	-0.014617
8.321	-0.015821
8.322	-0.020976
8.323	-0.027829
8.324	-0.032717
8.325	-0.033265
8.326	-0.029897
8.327	-0.024944
8.328	-0.020615
8.329	-0.017758
8.33	-0.016067
8.331	-0.014805
8.332	-0.01371
8.333	-0.013839
8.334	-0.016777
8.335	-0.02213
8.336	-0.026944
8.337	-0.02867
8.338	-0.027736
8.339	-0.026294
8.34	-0.025716
8.341	-0.02638
8.342	-0.028186
8.343	-0.030005
8.344	-0.029891
8.345	-0.026878
8.346	-0.022381
8.347	-0.01956
8.348	-0.020875
8.349	-0.025658
8.35	-0.030126
8.351	-0.030372
8.352	-0.025821
8.353	-0.019874
8.354	-0.016791
8.355	-0.017806
8.356	-0.020519
8.357	-0.021527
8.358	-0.018872
8.359	-0.012435
8.36	-0.003499
8.361	0.005085
8.362	0.009563
8.363	0.007764
8.364	0.000778
8.365	-0.008132
8.366	-0.015925
8.367	-0.021244
8.368	-0.024203
8.369	-0.025331
8.37	-0.024928
8.371	-0.023378
8.372	-0.022023
8.373	-0.023137
8.374	-0.028052
8.375	-0.035327
8.376	-0.041493
8.377	-0.043736
8.378	-0.041962
8.379	-0.038513
8.38	-0.036318
8.381	-0.037538
8.382	-0.042428
8.383	-0.04829
8.384	-0.050665
8.385	-0.046817
8.386	-0.03822
8.387	-0.029583
8.388	-0.025083
8.389	-0.025044
8.39	-0.026104
8.391	-0.02464
8.392	-0.020305
8.393	-0.016385
8.394	-0.016614
8.395	-0.02201
8.396	-0.030787
8.397	-0.040341
8.398	-0.048659
8.399	-0.053211
8.4	-0.048982
8.401	-0.030271
8.402	0.003057
8.403	0.040207
8.404	0.062018
8.405	0.054268
8.406	0.022309
8.407	-0.010046
8.408	-0.019629
8.409	-0.001784
8.41	0.02965
8.411	0.055807
8.412	0.065018
8.413	0.056364
8.414	0.036284
8.415	0.012933
8.416	-0.007491
8.417	-0.021633
8.418	-0.028977
8.419	-0.031244
8.42	-0.031208
8.421	-0.032006
8.422	-0.036104
8.423	-0.043212
8.424	-0.04985
8.425	-0.052248
8.426	-0.049774
8.427	-0.045367
8.428	-0.042982
8.429	-0.044737
8.43	-0.049739
8.431	-0.054944
8.432	-0.057327
8.433	-0.055781
8.434	-0.051664
8.435	-0.047606
8.436	-0.045284
8.437	-0.04459
8.438	-0.044724
8.439	-0.044936
8.44	-0.04457
8.441	-0.043827
8.442	-0.043865
8.443	-0.044887
8.444	-0.045
8.445	-0.042111
8.446	-0.036588
8.447	-0.031592
8.448	-0.030903
8.449	-0.035889
8.45	-0.043909
8.451	-0.050025
8.452	-0.050776
8.453	-0.046487
8.454	-0.040507
8.455	-0.036392
8.456	-0.03542
8.457	-0.03664
8.458	-0.038603
8.459	-0.040201
8.46	-0.040793
8.461	-0.040991
8.462	-0.042473
8.463	-0.045754
8.464	-0.048913
8.465	-0.048889
8.466	-0.043501
8.467	-0.032928
8.468	-0.020231
8.469	-0.01016
8.47	-0.006505
8.471	-0.009879
8.472	-0.017751
8.473	-0.026672
8.474	-0.034565
8.475	-0.040934
8.476	-0.045526
8.477	-0.047684
8.478	-0.046936
8.479	-0.043472
8.48	-0.038184
8.481	-0.032785
8.482	-0.029123
8.483	-0.027612
8.484	-0.027043
8.485	-0.026056
8.486	-0.024488
8.487	-0.02387
8.488	-0.026451
8.489	-0.032804
8.49	-0.040301
8.491	-0.044503
8.492	-0.042376
8.493	-0.034625
8.494	-0.025296
8.495	-0.018909
8.496	-0.017644
8.497	-0.020857
8.498	-0.026435
8.499	-0.031841
8.5	-0.034761
8.501	-0.034671
8.502	-0.033609
8.503	-0.034157
8.504	-0.036938
8.505	-0.040213
8.506	-0.040987
8.507	-0.03582
8.508	-0.020853
8.509	0.006451
8.51	0.041754
8.511	0.069901
8.512	0.072521
8.513	0.045346
8.514	0.006717
8.515	-0.015597
8.516	-0.006948
8.517	0.025017
8.518	0.060172
8.519	0.081651
8.52	0.083857
8.521	0.070133
8.522	0.047046
8.523	0.021474
8.524	-0.000358
8.525	-0.014375
8.526	-0.020175
8.527	-0.02081
8.528	-0.020493
8.529	-0.022083
8.53	-0.025971
8.531	-0.030294
8.532	-0.032428
8.533	-0.031376
8.534	-0.028857
8.535	-0.027731
8.536	-0.029471
8.537	-0.033286
8.538	-0.037297
8.539	-0.0397
8.54	-0.039117
8.541	-0.035669
8.542	-0.031675
8.543	-0.029663
8.544	-0.029752
8.545	-0.029958
8.546	-0.029011
8.547	-0.02811
8.548	-0.02958
8.549	-0.034043
8.55	-0.039008
8.551	-0.040327
8.552	-0.035591
8.553	-0.026553
8.554	-0.017994
8.555	-0.014004
8.556	-0.015303
8.557	-0.019559
8.558	-0.023483
8.559	-0.024425
8.56	-0.021254
8.561	-0.015592
8.562	-0.011516
8.563	-0.0122
8.564	-0.017058
8.565	-0.022866
8.566	-0.026824
8.567	-0.028108
8.568	-0.027469
8.569	-0.026112
8.57	-0.024684
8.571	-0.022791
8.572	-0.019333
8.573	-0.013444
8.574	-0.005307
8.575	0.003665
8.576	0.011267
8.577	0.015155
8.578	0.013687
8.579	0.007285
8.58	-0.001193
8.581	-0.008772
8.582	-0.014643
8.583	-0.01921
8.584	-0.022188
8.585	-0.022906
8.586	-0.021734
8.587	-0.02034
8.588	-0.020789
8.589	-0.024379
8.59	-0.03048
8.591	-0.036245
8.592	-0.03825
8.593	-0.034969
8.594	-0.027913
8.595	-0.020662
8.596	-0.016422
8.597	-0.016086
8.598	-0.018283
8.599	-0.020291
8.6	-0.019201
8.601	-0.014327
8.602	-0.0085
8.603	-0.00531
8.604	-0.005613
8.605	-0.007458
8.606	-0.00812
8.607	-0.005971
8.608	-0.001882
8.609	0.000873
8.61	-0.000985
8.611	-0.00803
8.612	-0.017513
8.613	-0.024683
8.614	-0.024379
8.615	-0.01145
8.616	0.018695
8.617	0.064985
8.618	0.112835
8.619	0.136747
8.62	0.119821
8.621	0.07222
8.622	0.025678
8.623	0.00836
8.624	0.025511
8.625	0.061308
8.626	0.094476
8.627	0.11111
8.628	0.107624
8.629	0.088111
8.63	0.060881
8.631	0.035163
8.632	0.01794
8.633	0.011171
8.634	0.010733
8.635	0.0095
8.636	0.003317
8.637	-0.00602
8.638	-0.01353
8.639	-0.015383
8.64	-0.010782
8.641	-0.001873
8.642	0.007196
8.643	0.011922
8.644	0.009549
8.645	0.001282
8.646	-0.007818
8.647	-0.012581
8.648	-0.011683
8.649	-0.008308
8.65	-0.006886
8.651	-0.007879
8.652	-0.006307
8.653	0.002303
8.654	0.015274
8.655	0.025046
8.656	0.027318
8.657	0.024219
8.658	0.020796
8.659	0.021456
8.66	0.028491
8.661	0.040122
8.662	0.050358
8.663	0.053708
8.664	0.049932
8.665	0.043474
8.666	0.039293
8.667	0.039561
8.668	0.043337
8.669	0.048063
8.67	0.051147
8.671	0.05126
8.672	0.048855
8.673	0.045204
8.674	0.041135
8.675	0.037188
8.676	0.034273
8.677	0.033172
8.678	0.033833
8.679	0.036142
8.68	0.040783
8.681	0.047824
8.682	0.055012
8.683	0.05903
8.684	0.058202
8.685	0.053546
8.686	0.047506
8.687	0.041741
8.688	0.036178
8.689	0.030281
8.69	0.02478
8.691	0.021596
8.692	0.022041
8.693	0.025383
8.694	0.029422
8.695	0.032164
8.696	0.032471
8.697	0.029811
8.698	0.024659
8.699	0.019453
8.7	0.017859
8.701	0.02126
8.702	0.026618
8.703	0.02953
8.704	0.028838
8.705	0.027301
8.706	0.02823
8.707	0.032115
8.708	0.036396
8.709	0.037879
8.71	0.035237
8.711	0.029677
8.712	0.023694
8.713	0.019414
8.714	0.01781
8.715	0.018322
8.716	0.018949
8.717	0.017619
8.718	0.013719
8.719	0.008679
8.72	0.005757
8.721	0.008833
8.722	0.021187
8.723	0.044382
8.724	0.074346
8.725	0.097258
8.726	0.095518
8.727	0.064903
8.728	0.024358
8.729	0.002536
8.73	0.013406
8.731	0.046768
8.732	0.080198
8.733	0.096904
8.734	0.093724
8.735	0.077095
8.736	0.055188
8.737	0.033624
8.738	0.015294
8.739	0.001916
8.74	-0.00504
8.741	-0.00591
8.742	-0.004354
8.743	-0.004859
8.744	-0.008632
8.745	-0.013076
8.746	-0.015188
8.747	-0.014769
8.748	-0.014333
8.749	-0.016456
8.75	-0.021423
8.751	-0.02709
8.752	-0.030553
8.753	-0.02993
8.754	-0.025483
8.755	-0.019756
8.756	-0.015967
8.757	-0.015826
8.758	-0.018802
8.759	-0.022403
8.76	-0.023283
8.761	-0.020157
8.762	-0.015692
8.763	-0.013675
8.764	-0.014882
8.765	-0.016963
8.766	-0.017294
8.767	-0.014999
8.768	-0.01134
8.769	-0.009067
8.77	-0.010696
8.771	-0.016591
8.772	-0.024415
8.773	-0.030448
8.774	-0.032041
8.775	-0.029358
8.776	-0.024913
8.777	-0.021786
8.778	-0.021837
8.779	-0.024176
8.78	-0.025487
8.781	-0.023504
8.782	-0.019802
8.783	-0.017824
8.784	-0.019113
8.785	-0.022282
8.786	-0.024404
8.787	-0.023063
8.788	-0.017921
8.789	-0.010698
8.79	-0.003817
8.791	0.000718
8.792	0.0017
8.793	-0.001067
8.794	-0.006668
8.795	-0.013347
8.796	-0.019291
8.797	-0.023747
8.798	-0.027288
8.799	-0.030319
8.8	-0.031693
8.801	-0.030144
8.802	-0.026501
8.803	-0.02298
8.804	-0.021056
8.805	-0.020559
8.806	-0.020053
8.807	-0.018357
8.808	-0.016133
8.809	-0.015508
8.81	-0.018064
8.811	-0.02334
8.812	-0.028924
8.813	-0.031871
8.814	-0.030567
8.815	-0.025767
8.816	-0.019993
8.817	-0.015905
8.818	-0.014932
8.819	-0.016559
8.82	-0.018527
8.821	-0.018861
8.822	-0.018024
8.823	-0.018195
8.824	-0.020821
8.825	-0.025386
8.826	-0.030104
8.827	-0.033439
8.828	-0.034216
8.829	-0.029742
8.83	-0.015096
8.831	0.012858
8.832	0.048096
8.833	0.073
8.834	0.069344
8.835	0.036791
8.836	-0.002099
8.837	-0.020083
8.838	-0.007942
8.839	0.022051
8.84	0.050966
8.841	0.066993
8.842	0.06783
8.843	0.056933
8.844	0.040023
8.845	0.022893
8.846	0.009519
8.847	0.000569
8.848	-0.006067
8.849	-0.012739
8.85	-0.020085
8.851	-0.027009
8.852	-0.031708
8.853	-0.032795
8.854	-0.029992
8.855	-0.024373
8.856	-0.018366
8.857	-0.015029
8.858	-0.016364
8.859	-0.021418
8.86	-0.026194
8.861	-0.026996
8.862	-0.023976
8.863	-0.020164
8.864	-0.017773
8.865	-0.016571
8.866	-0.015173
8.867	-0.012882
8.868	-0.01027
8.869	-0.00886
8.87	-0.010485
8.871	-0.016007
8.872	-0.02419
8.873	-0.032188
8.874	-0.037156
8.875	-0.037675
8.876	-0.034614
8.877	-0.030918
8.878	-0.029802
8.879	-0.031956
8.88	-0.034434
8.881	-0.033623
8.882	-0.029205
8.883	-0.023964
8.884	-0.020473
8.885	-0.019206
8.886	-0.01939
8.887	-0.020582
8.888	-0.022986
8.889	-0.02652
8.89	-0.0302
8.891	-0.032769
8.892	-0.033711
8.893	-0.03314
8.894	-0.030548
8.895	-0.024517
8.896	-0.014645
8.897	-0.003558
8.898	0.003797
8.899	0.003963
8.9	-0.001675
8.901	-0.00869
8.902	-0.014313
8.903	-0.018503
8.904	-0.021668
8.905	-0.023559
8.906	-0.02398
8.907	-0.023203
8.908	-0.021553
8.909	-0.019215
8.91	-0.016714
8.911	-0.015216
8.912	-0.015898
8.913	-0.01868
8.914	-0.021658
8.915	-0.022547
8.916	-0.021019
8.917	-0.019188
8.918	-0.019734
8.919	-0.023323
8.92	-0.027638
8.921	-0.029658
8.922	-0.028686
8.923	-0.026254
8.924	-0.024151
8.925	-0.023447
8.926	-0.024201
8.927	-0.025284
8.928	-0.024942
8.929	-0.022074
8.93	-0.017363
8.931	-0.013203
8.932	-0.012119
8.933	-0.014801
8.934	-0.019549
8.935	-0.023322
8.936	-0.022634
8.937	-0.013655
8.938	0.006531
8.939	0.036229
8.94	0.065398
8.941	0.077703
8.942	0.062556
8.943	0.028343
8.944	-0.000784
8.945	-0.004886
8.946	0.016207
8.947	0.046211
8.948	0.067467
8.949	0.072463
8.95	0.064322
8.951	0.049997
8.952	0.034554
8.953	0.020431
8.954	0.008913
8.955	0.000543
8.956	-0.005192
8.957	-0.009766
8.958	-0.015032
8.959	-0.021731
8.96	-0.028077
8.961	-0.031281
8.962	-0.03072
8.963	-0.02824
8.964	-0.02602
8.965	-0.025133
8.966	-0.02521
8.967	-0.024725
8.968	-0.022081
8.969	-0.017081
8.97	-0.011562
8.971	-0.008244
8.972	-0.008402
8.973	-0.010584
8.974	-0.012041
8.975	-0.01119
8.976	-0.00854
8.977	-0.006249
8.978	-0.007046
8.979	-0.011875
8.98	-0.017886
8.981	-0.020483
8.982	-0.017848
8.983	-0.012279
8.984	-0.007802
8.985	-0.00726
8.986	-0.010713
8.987	-0.015947
8.988	-0.020402
8.989	-0.022689
8.99	-0.022884
8.991	-0.021979
8.992	-0.020963
8.993	-0.020131
8.994	-0.019109
8.995	-0.017242
8.996	-0.014383
8.997	-0.011899
8.998	-0.012197
8.999	-0.015961
9.0	-0.0201
9.001	-0.020018
9.002	-0.01384
9.003	-0.003359
9.004	0.008028
9.005	0.017202
9.006	0.022198
9.007	0.022577
9.008	0.019305
9.009	0.013984
9.01	0.007865
9.011	0.001391
9.012	-0.005588
9.013	-0.013002
9.014	-0.019619
9.015	-0.023154
9.016	-0.022125
9.017	-0.017726
9.018	-0.013344
9.019	-0.011684
9.02	-0.012379
9.021	-0.013034
9.022	-0.012306
9.023	-0.010961
9.024	-0.010617
9.025	-0.012172
9.026	-0.014896
9.027	-0.016783
9.028	-0.015908
9.029	-0.011744
9.03	-0.005731
9.031	-0.00067
9.032	0.000923
9.033	-0.001534
9.034	-0.006109
9.035	-0.009577
9.036	-0.009941
9.037	-0.008166
9.038	-0.00745
9.039	-0.010204
9.04	-0.015369
9.041	-0.019703
9.042	-0.02126
9.043	-0.019388
9.044	-0.011602
9.045	0.006926
9.046	0.037999
9.047	0.072792
9.048	0.092069
9.049	0.080286
9.05	0.042822
9.051	0.005588
9.052	-0.006283
9.053	0.011787
9.054	0.044748
9.055	0.073296
9.056	0.08643
9.057	0.083492
9.058	0.069272
9.059	0.049436
9.06	0.029496
9.061	0.014077
9.062	0.004812
9.063	-4.1e-05
9.064	-0.00348
9.065	-0.007562
9.066	-0.012462
9.067	-0.016641
9.068	-0.017829
9.069	-0.014817
9.07	-0.009149
9.071	-0.004776
9.072	-0.005347
9.073	-0.011206
9.074	-0.018705
9.075	-0.022769
9.076	-0.020524
9.077	-0.013193
9.078	-0.005413
9.079	-0.001786
9.08	-0.002863
9.081	-0.005506
9.082	-0.007064
9.083	-0.007383
9.084	-0.007494
9.085	-0.008297
9.086	-0.010318
9.087	-0.013458
9.088	-0.016626
9.089	-0.018144
9.09	-0.016976
9.091	-0.013801
9.092	-0.010876
9.093	-0.010379
9.094	-0.012527
9.095	-0.015306
9.096	-0.016177
9.097	-0.014479
9.098	-0.012271
9.099	-0.01192
9.1	-0.012912
9.101	-0.012696
9.102	-0.010336
9.103	-0.007338
9.104	-0.005706
9.105	-0.006664
9.106	-0.010193
9.107	-0.014595
9.108	-0.016864
9.109	-0.01415
9.11	-0.005528
9.111	0.006948
9.112	0.018825
9.113	0.025537
9.114	0.024921
9.115	0.018278
9.116	0.009421
9.117	0.00199
9.118	-0.003055
9.119	-0.007077
9.12	-0.011167
9.121	-0.015128
9.122	-0.018292
9.123	-0.019673
9.124	-0.018465
9.125	-0.015488
9.126	-0.012854
9.127	-0.011755
9.128	-0.011362
9.129	-0.009831
9.13	-0.006219
9.131	-0.001709
9.132	0.001085
9.133	0.000214
9.134	-0.003991
9.135	-0.008932
9.136	-0.011531
9.137	-0.010928
9.138	-0.009632
9.139	-0.010975
9.14	-0.015094
9.141	-0.018839
9.142	-0.019381
9.143	-0.016249
9.144	-0.010916
9.145	-0.005838
9.146	-0.003205
9.147	-0.00409
9.148	-0.008207
9.149	-0.013506
9.15	-0.01607
9.151	-0.010984
9.152	0.006201
9.153	0.036687
9.154	0.073841
9.155	0.101586
9.156	0.102926
9.157	0.075621
9.158	0.038335
9.159	0.016929
9.16	0.023955
9.161	0.051247
9.162	0.079679
9.163	0.094359
9.164	0.091859
9.165	0.077109
9.166	0.057115
9.167	0.037275
9.168	0.021018
9.169	0.010438
9.17	0.005771
9.171	0.00465
9.172	0.003165
9.173	-0.001685
9.174	-0.009905
9.175	-0.018192
9.176	-0.022228
9.177	-0.020318
9.178	-0.015078
9.179	-0.011035
9.18	-0.010337
9.181	-0.011664
9.182	-0.012813
9.183	-0.0126
9.184	-0.010846
9.185	-0.0082
9.186	-0.006187
9.187	-0.006608
9.188	-0.009838
9.189	-0.013697
9.19	-0.01496
9.191	-0.012335
9.192	-0.00774
9.193	-0.004686
9.194	-0.005162
9.195	-0.007681
9.196	-0.008766
9.197	-0.006769
9.198	-0.003881
9.199	-0.003465
9.2	-0.005591
9.201	-0.006966
9.202	-0.005136
9.203	-0.000734
9.204	0.004026
9.205	0.007248
9.206	0.007896
9.207	0.005969
9.208	0.002679
9.209	-0.000239
9.21	-0.001791
9.211	-0.002257
9.212	-0.002784
9.213	-0.00444
9.214	-0.00704
9.215	-0.008616
9.216	-0.006421
9.217	0.000961
9.218	0.012002
9.219	0.023084
9.22	0.031197
9.221	0.034863
9.222	0.033265
9.223	0.026817
9.224	0.01803
9.225	0.00998
9.226	0.004059
9.227	-0.000347
9.228	-0.004507
9.229	-0.009019
9.23	-0.013294
9.231	-0.016237
9.232	-0.017685
9.233	-0.018598
9.234	-0.019341
9.235	-0.018653
9.236	-0.015087
9.237	-0.009312
9.238	-0.004666
9.239	-0.004715
9.24	-0.009829
9.241	-0.017112
9.242	-0.023216
9.243	-0.02567
9.244	-0.02315
9.245	-0.016801
9.246	-0.010403
9.247	-0.007803
9.248	-0.009787
9.249	-0.013264
9.25	-0.01373
9.251	-0.009294
9.252	-0.002664
9.253	0.00111
9.254	-0.000946
9.255	-0.007483
9.256	-0.014248
9.257	-0.016878
9.258	-0.012613
9.259	0.000229
9.26	0.023068
9.261	0.053418
9.262	0.079503
9.263	0.084219
9.264	0.060178
9.265	0.020894
9.266	-0.006847
9.267	-0.004314
9.268	0.025456
9.269	0.063282
9.27	0.089694
9.271	0.095789
9.272	0.083681
9.273	0.061426
9.274	0.037917
9.275	0.019445
9.276	0.008366
9.277	0.003488
9.278	0.001166
9.279	-0.002363
9.28	-0.007957
9.281	-0.013412
9.282	-0.016382
9.283	-0.016123
9.284	-0.013298
9.285	-0.009738
9.286	-0.008021
9.287	-0.010391
9.288	-0.017381
9.289	-0.026784
9.29	-0.034242
9.291	-0.036119
9.292	-0.032316
9.293	-0.025971
9.294	-0.020632
9.295	-0.017739
9.296	-0.01618
9.297	-0.014296
9.298	-0.012469
9.299	-0.01266
9.3	-0.01516
9.301	-0.017922
9.302	-0.019224
9.303	-0.018747
9.304	-0.016698
9.305	-0.013869
9.306	-0.011982
9.307	-0.012848
9.308	-0.016827
9.309	-0.022123
9.31	-0.025869
9.311	-0.026258
9.312	-0.023834
9.313	-0.020926
9.314	-0.019837
9.315	-0.020965
9.316	-0.022246
9.317	-0.021071
9.318	-0.017127
9.319	-0.012594
9.32	-0.009474
9.321	-0.008157
9.322	-0.008213
9.323	-0.00849
9.324	-0.006885
9.325	-0.00162
9.326	0.006929
9.327	0.015579
9.328	0.019841
9.329	0.017075
9.33	0.008715
9.331	-0.000866
9.332	-0.007883
9.333	-0.011717
9.334	-0.014315
9.335	-0.017116
9.336	-0.019229
9.337	-0.019364
9.338	-0.01862
9.339	-0.019593
9.34	-0.022773
9.341	-0.02588
9.342	-0.02673
9.343	-0.02482
9.344	-0.020819
9.345	-0.016207
9.346	-0.013114
9.347	-0.013567
9.348	-0.018053
9.349	-0.024352
9.35	-0.02831
9.351	-0.026817
9.352	-0.020704
9.353	-0.014579
9.354	-0.013081
9.355	-0.016854
9.356	-0.022242
9.357	-0.024624
9.358	-0.022043
9.359	-0.016151
9.36	-0.010182
9.361	-0.006884
9.362	-0.007972
9.363	-0.013319
9.364	-0.020209
9.365	-0.024021
9.366	-0.019472
9.367	-0.002084
9.368	0.028624
9.369	0.064295
9.37	0.087113
9.371	0.080755
9.372	0.047
9.373	0.008597
9.374	-0.008474
9.375	0.004608
9.376	0.03601
9.377	0.065853
9.378	0.080078
9.379	0.075791
9.38	0.058963
9.381	0.038245
9.382	0.019621
9.383	0.005697
9.384	-0.002603
9.385	-0.005737
9.386	-0.006234
9.387	-0.008115
9.388	-0.01419
9.389	-0.023355
9.39	-0.031024
9.391	-0.032884
9.392	-0.028507
9.393	-0.021431
9.394	-0.015953
9.395	-0.014095
9.396	-0.014989
9.397	-0.016198
9.398	-0.015991
9.399	-0.014501
9.4	-0.012432
9.401	-0.010385
9.402	-0.009694
9.403	-0.011342
9.404	-0.014078
9.405	-0.015606
9.406	-0.015474
9.407	-0.015561
9.408	-0.017525
9.409	-0.020583
9.41	-0.022286
9.411	-0.021171
9.412	-0.018469
9.413	-0.017181
9.414	-0.019444
9.415	-0.024738
9.416	-0.030097
9.417	-0.031991
9.418	-0.028967
9.419	-0.022629
9.42	-0.015838
9.421	-0.011131
9.422	-0.010376
9.423	-0.013519
9.424	-0.017862
9.425	-0.020379
9.426	-0.020596
9.427	-0.020605
9.428	-0.022724
9.429	-0.027139
9.43	-0.031096
9.431	-0.03028
9.432	-0.021847
9.433	-0.006983
9.434	0.009175
9.435	0.020492
9.436	0.023486
9.437	0.018709
9.438	0.009081
9.439	-0.002101
9.44	-0.011682
9.441	-0.01774
9.442	-0.021016
9.443	-0.02337
9.444	-0.025164
9.445	-0.025647
9.446	-0.024922
9.447	-0.024331
9.448	-0.025011
9.449	-0.026276
9.45	-0.025774
9.451	-0.021759
9.452	-0.015158
9.453	-0.00915
9.454	-0.006942
9.455	-0.009595
9.456	-0.015065
9.457	-0.019335
9.458	-0.019325
9.459	-0.014887
9.46	-0.008214
9.461	-0.002607
9.462	-0.001186
9.463	-0.004338
9.464	-0.008991
9.465	-0.011747
9.466	-0.01178
9.467	-0.010636
9.468	-0.010426
9.469	-0.012187
9.47	-0.015366
9.471	-0.018417
9.472	-0.019372
9.473	-0.015353
9.474	-0.00167
9.475	0.026563
9.476	0.067662
9.477	0.106319
9.478	0.118426
9.479	0.091132
9.48	0.039549
9.481	-0.002636
9.482	-0.011247
9.483	0.012231
9.484	0.048471
9.485	0.077719
9.486	0.090362
9.487	0.086182
9.488	0.069078
9.489	0.044794
9.49	0.021063
9.491	0.005684
9.492	0.002134
9.493	0.006785
9.494	0.011388
9.495	0.009608
9.496	0.001602
9.497	-0.007435
9.498	-0.012358
9.499	-0.01137
9.5	-0.005578
9.501	0.001787
9.502	0.005809
9.503	0.00349
9.504	-0.002468
9.505	-0.006244
9.506	-0.005474
9.507	-0.003307
9.508	-0.003386
9.509	-0.004683
9.51	-0.003359
9.511	0.001648
9.512	0.007549
9.513	0.010851
9.514	0.009031
9.515	0.001163
9.516	-0.009924
9.517	-0.017565
9.518	-0.016589
9.519	-0.008314
9.52	0.001415
9.521	0.007606
9.522	0.008713
9.523	0.006611
9.524	0.005021
9.525	0.006266
9.526	0.009148
9.527	0.011062
9.528	0.012208
9.529	0.015748
9.53	0.023329
9.531	0.032638
9.532	0.04008
9.533	0.043949
9.534	0.044401
9.535	0.042426
9.536	0.039771
9.537	0.03833
9.538	0.038837
9.539	0.041199
9.54	0.04597
9.541	0.05326
9.542	0.060159
9.543	0.062069
9.544	0.057194
9.545	0.048312
9.546	0.03983
9.547	0.033892
9.548	0.02952
9.549	0.02477
9.55	0.019279
9.551	0.014825
9.552	0.013308
9.553	0.014457
9.554	0.01619
9.555	0.016947
9.556	0.016997
9.557	0.017824
9.558	0.020653
9.559	0.025403
9.56	0.030734
9.561	0.034297
9.562	0.033584
9.563	0.028497
9.564	0.022915
9.565	0.022346
9.566	0.029757
9.567	0.043579
9.568	0.059047
9.569	0.071213
9.57	0.077616
9.571	0.079135
9.572	0.078422
9.573	0.077411
9.574	0.076283
9.575	0.074093
9.576	0.069803
9.577	0.063081
9.578	0.054606
9.579	0.046574
9.58	0.043784
9.581	0.052379
9.582	0.07488
9.583	0.104929
9.584	0.126542
9.585	0.123046
9.586	0.093106
9.587	0.056638
9.588	0.039417
9.589	0.051553
9.59	0.08228
9.591	0.11234
9.592	0.128115
9.593	0.126644
9.594	0.112636
9.595	0.09304
9.596	0.073482
9.597	0.057494
9.598	0.046604
9.599	0.040552
9.6	0.038224
9.601	0.038025
9.602	0.03771
9.603	0.03593
9.604	0.033781
9.605	0.033367
9.606	0.035098
9.607	0.036877
9.608	0.035676
9.609	0.02992
9.61	0.020691
9.611	0.010862
9.612	0.003149
9.613	-0.001143
9.614	-0.002358
9.615	-0.002167
9.616	-0.002317
9.617	-0.003236
9.618	-0.004407
9.619	-0.005479
9.62	-0.006128
9.621	-0.006252
9.622	-0.006772
9.623	-0.008435
9.624	-0.009935
9.625	-0.008757
9.626	-0.003889
9.627	0.002594
9.628	0.006588
9.629	0.005012
9.63	-0.001598
9.631	-0.009252
9.632	-0.013297
9.633	-0.011605
9.634	-0.006015
9.635	-0.000836
9.636	0.000521
9.637	-0.002424
9.638	-0.00814
9.639	-0.014466
9.64	-0.018693
9.641	-0.018843
9.642	-0.015931
9.643	-0.012873
9.644	-0.010997
9.645	-0.008847
9.646	-0.003952
9.647	0.004615
9.648	0.015111
9.649	0.024162
9.65	0.028808
9.651	0.027956
9.652	0.022676
9.653	0.015233
9.654	0.007354
9.655	-0.000401
9.656	-0.007616
9.657	-0.013486
9.658	-0.017458
9.659	-0.019341
9.66	-0.01887
9.661	-0.016699
9.662	-0.015295
9.663	-0.01666
9.664	-0.019733
9.665	-0.02142
9.666	-0.019618
9.667	-0.014976
9.668	-0.0103
9.669	-0.008274
9.67	-0.009328
9.671	-0.01126
9.672	-0.010864
9.673	-0.006578
9.674	-6.9e-05
9.675	0.005092
9.676	0.006249
9.677	0.002942
9.678	-0.003609
9.679	-0.010946
9.68	-0.015633
9.681	-0.015379
9.682	-0.011622
9.683	-0.00835
9.684	-0.008425
9.685	-0.011841
9.686	-0.016541
9.687	-0.019812
9.688	-0.018214
9.689	-0.006566
9.69	0.01971
9.691	0.057033
9.692	0.088684
9.693	0.093568
9.694	0.065899
9.695	0.025085
9.696	0.000926
9.697	0.008403
9.698	0.038239
9.699	0.069019
9.7	0.085027
9.701	0.083255
9.702	0.068542
9.703	0.047479
9.704	0.026338
9.705	0.010272
9.706	0.001925
9.707	0.000346
9.708	0.001743
9.709	0.00209
9.71	-0.000398
9.711	-0.004794
9.712	-0.008793
9.713	-0.010466
9.714	-0.009354
9.715	-0.006686
9.716	-0.004665
9.717	-0.004892
9.718	-0.007372
9.719	-0.010723
9.72	-0.012739
9.721	-0.012045
9.722	-0.010115
9.723	-0.010044
9.724	-0.013034
9.725	-0.017209
9.726	-0.019856
9.727	-0.02024
9.728	-0.019795
9.729	-0.019877
9.73	-0.020066
9.731	-0.018782
9.732	-0.015022
9.733	-0.009315
9.734	-0.003249
9.735	0.001286
9.736	0.002545
9.737	-0.000436
9.738	-0.00738
9.739	-0.016462
9.74	-0.023997
9.741	-0.026528
9.742	-0.024339
9.743	-0.020981
9.744	-0.019224
9.745	-0.019089
9.746	-0.019297
9.747	-0.019063
9.748	-0.018414
9.749	-0.017668
9.75	-0.017011
9.751	-0.016409
9.752	-0.015609
9.753	-0.01391
9.754	-0.010247
9.755	-0.004093
9.756	0.003848
9.757	0.011799
9.758	0.017291
9.759	0.01836
9.76	0.015355
9.761	0.010194
9.762	0.003605
9.763	-0.004877
9.764	-0.014599
9.765	-0.023396
9.766	-0.029214
9.767	-0.031271
9.768	-0.030189
9.769	-0.027484
9.77	-0.02453
9.771	-0.021674
9.772	-0.018336
9.773	-0.013884
9.774	-0.008476
9.775	-0.003248
9.776	0.000142
9.777	-5e-05
9.778	-0.004961
9.779	-0.013314
9.78	-0.020509
9.781	-0.021989
9.782	-0.017968
9.783	-0.012782
9.784	-0.010101
9.785	-0.010485
9.786	-0.012344
9.787	-0.013844
9.788	-0.014333
9.789	-0.014302
9.79	-0.014183
9.791	-0.013834
9.792	-0.013151
9.793	-0.012528
9.794	-0.01224
9.795	-0.010741
9.796	-0.00329
9.797	0.016122
9.798	0.048183
9.799	0.082004
9.8	0.098228
9.801	0.083296
9.802	0.043677
9.803	0.004844
9.804	-0.007889
9.805	0.010923
9.806	0.046058
9.807	0.076951
9.808	0.091245
9.809	0.087429
9.81	0.070534
9.811	0.047393
9.812	0.024259
9.813	0.005974
9.814	-0.005031
9.815	-0.009559
9.816	-0.010803
9.817	-0.012188
9.818	-0.015643
9.819	-0.020663
9.82	-0.024233
9.821	-0.023329
9.822	-0.018482
9.823	-0.013642
9.824	-0.012531
9.825	-0.015584
9.826	-0.019859
9.827	-0.021876
9.828	-0.020668
9.829	-0.018033
9.83	-0.016321
9.831	-0.016337
9.832	-0.017008
9.833	-0.016564
9.834	-0.014131
9.835	-0.010522
9.836	-0.007797
9.837	-0.008157
9.838	-0.01277
9.839	-0.020267
9.84	-0.025864
9.841	-0.024371
9.842	-0.015657
9.843	-0.005513
9.844	-0.000589
9.845	-0.003124
9.846	-0.010106
9.847	-0.016788
9.848	-0.020424
9.849	-0.02109
9.85	-0.02037
9.851	-0.019888
9.852	-0.020372
9.853	-0.021307
9.854	-0.021519
9.855	-0.020312
9.856	-0.018086
9.857	-0.016061
9.858	-0.015543
9.859	-0.016687
9.86	-0.017288
9.861	-0.01414
9.862	-0.006413
9.863	0.003648
9.864	0.013016
9.865	0.019511
9.866	0.021919
9.867	0.019972
9.868	0.014453
9.869	0.006622
9.87	-0.002554
9.871	-0.01217
9.872	-0.020682
9.873	-0.026211
9.874	-0.027623
9.875	-0.025181
9.876	-0.020555
9.877	-0.016474
9.878	-0.015736
9.879	-0.019158
9.88	-0.023892
9.881	-0.025507
9.882	-0.022579
9.883	-0.01771
9.884	-0.014267
9.885	-0.013532
9.886	-0.014519
9.887	-0.015354
9.888	-0.014755
9.889	-0.012868
9.89	-0.010887
9.891	-0.009988
9.892	-0.01078
9.893	-0.013067
9.894	-0.015469
9.895	-0.015903
9.896	-0.01332
9.897	-0.00888
9.898	-0.005344
9.899	-0.004945
9.9	-0.007288
9.901	-0.010055
9.902	-0.011387
9.903	-0.009258
9.904	0.000794
9.905	0.023121
9.906	0.054291
9.907	0.079281
9.908	0.080481
9.909	0.054801
9.91	0.020462
9.911	0.002863
9.912	0.013303
9.913	0.042357
9.914	0.071142
9.915	0.085804
9.916	0.083189
9.917	0.067952
9.918	0.047103
9.919	0.026603
9.92	0.010866
9.921	0.002139
9.922	-0.000972
9.923	-0.002533
9.924	-0.006071
9.925	-0.012555
9.926	-0.020473
9.927	-0.027216
9.928	-0.031032
9.929	-0.032144
9.93	-0.032154
9.931	-0.032727
9.932	-0.034579
9.933	-0.036772
9.934	-0.036945
9.935	-0.033167
9.936	-0.025833
9.937	-0.017734
9.938	-0.012648
9.939	-0.012912
9.94	-0.016906
9.941	-0.020134
9.942	-0.019983
9.943	-0.017881
9.944	-0.016747
9.945	-0.017978
9.946	-0.020624
9.947	-0.022405
9.948	-0.021587
9.949	-0.018451
9.95	-0.015338
9.951	-0.015241
9.952	-0.019707
9.953	-0.027235
9.954	-0.033914
9.955	-0.036317
9.956	-0.033715
9.957	-0.027892
9.958	-0.021885
9.959	-0.018264
9.96	-0.017132
9.961	-0.016622
9.962	-0.01591
9.963	-0.016106
9.964	-0.018335
9.965	-0.022291
9.966	-0.026289
9.967	-0.027947
9.968	-0.025007
9.969	-0.016296
9.97	-0.002792
9.971	0.012102
9.972	0.023868
9.973	0.029043
9.974	0.026767
9.975	0.019099
9.976	0.009916
9.977	0.0023
9.978	-0.003758
9.979	-0.010134
9.98	-0.016667
9.981	-0.020523
9.982	-0.020055
9.983	-0.01701
9.984	-0.014653
9.985	-0.015018
9.986	-0.017679
9.987	-0.020516
9.988	-0.02156
9.989	-0.020237
9.99	-0.017406
9.991	-0.014767
9.992	-0.013961
9.993	-0.015435
9.994	-0.017828
9.995	-0.018701
9.996	-0.016338
9.997	-0.011389
9.998	-0.006886
9.999	-0.005926
10.0	-0.008591
10.001	-0.011888
10.002	-0.013123
10.003	-0.012161
10.004	-0.010741
10.005	-0.010763
10.006	-0.012907
10.007	-0.016344
10.008	-0.019423
10.009	-0.020121
10.01	-0.015718
10.011	-0.002546
10.012	0.022095
10.013	0.054749
10.014	0.081822
10.015	0.085532
10.016	0.059766
10.017	0.020076
10.018	-0.006771
10.019	-0.004698
10.02	0.021454
10.021	0.054088
10.022	0.076771
10.023	0.082526
10.024	0.073824
10.025	0.057443
10.026	0.039494
10.027	0.023234
10.028	0.009367
10.029	-0.0023
10.03	-0.011607
10.031	-0.018374
10.032	-0.023234
10.033	-0.027263
10.034	-0.030453
10.035	-0.031072
10.036	-0.027619
10.037	-0.021527
10.038	-0.017028
10.039	-0.017588
10.04	-0.022333
10.041	-0.026938
10.042	-0.028324
10.043	-0.026907
10.044	-0.024457
10.045	-0.02193
10.046	-0.019629
10.047	-0.017801
10.048	-0.016238
10.049	-0.01404
10.05	-0.010799
10.051	-0.007893
10.052	-0.00789
10.053	-0.012211
10.054	-0.019173
10.055	-0.024667
10.056	-0.025399
10.057	-0.021464
10.058	-0.016186
10.059	-0.01371
10.06	-0.015632
10.061	-0.020071
10.062	-0.024292
10.063	-0.026854
10.064	-0.02744
10.065	-0.026458
10.066	-0.025087
10.067	-0.024559
10.068	-0.024687
10.069	-0.023641
10.07	-0.020054
10.071	-0.015124
10.072	-0.011974
10.073	-0.012895
10.074	-0.017185
10.075	-0.021238
10.076	-0.020816
10.077	-0.014145
10.078	-0.003791
10.079	0.005072
10.08	0.009275
10.081	0.009691
10.082	0.008483
10.083	0.006405
10.084	0.003132
10.085	-0.001585
10.086	-0.007694
10.087	-0.014799
10.088	-0.021843
10.089	-0.027413
10.09	-0.030628
10.091	-0.03168
10.092	-0.031738
10.093	-0.031992
10.094	-0.032363
10.095	-0.03156
10.096	-0.028583
10.097	-0.024096
10.098	-0.020472
10.099	-0.019935
10.1	-0.021951
10.101	-0.023388
10.102	-0.021683
10.103	-0.016791
10.104	-0.010535
10.105	-0.005512
10.106	-0.003912
10.107	-0.005959
10.108	-0.009582
10.109	-0.012185
10.11	-0.012706
10.111	-0.012104
10.112	-0.012268
10.113	-0.014472
10.114	-0.018631
10.115	-0.023611
10.116	-0.027619
10.117	-0.028175
10.118	-0.022029
10.119	-0.005484
10.12	0.023039
10.121	0.057139
10.122	0.080346
10.123	0.076879
10.124	0.048133
10.125	0.015279
10.126	0.002264
10.127	0.016389
10.128	0.045148
10.129	0.069133
10.13	0.076458
10.131	0.067173
10.132	0.04832
10.133	0.02754
10.134	0.010032
10.135	-0.001804
10.136	-0.007899
10.137	-0.010157
10.138	-0.012063
10.139	-0.016911
10.14	-0.024781
10.141	-0.032058
10.142	-0.034874
10.143	-0.032166
10.144	-0.02595
10.145	-0.019914
10.146	-0.017032
10.147	-0.017663
10.148	-0.019768
10.149	-0.020714
10.15	-0.019154
10.151	-0.015938
10.152	-0.013486
10.153	-0.013867
10.154	-0.01707
10.155	-0.020948
10.156	-0.022752
10.157	-0.021145
10.158	-0.017398
10.159	-0.014422
10.16	-0.013892
10.161	-0.01488
10.162	-0.015571
10.163	-0.015109
10.164	-0.013862
10.165	-0.01292
10.166	-0.013297
10.167	-0.015487
10.168	-0.019257
10.169	-0.023223
10.17	-0.025078
10.171	-0.023238
10.172	-0.018512
10.173	-0.013795
10.174	-0.011804
10.175	-0.012864
10.176	-0.014952
10.177	-0.01613
10.178	-0.016866
10.179	-0.019212
10.18	-0.02331
10.181	-0.026211
10.182	-0.024862
10.183	-0.018509
10.184	-0.008133
10.185	0.004588
10.186	0.017114
10.187	0.025824
10.188	0.027489
10.189	0.021745
10.19	0.011667
10.191	0.001474
10.192	-0.006398
10.193	-0.012329
10.194	-0.017923
10.195	-0.023344
10.196	-0.026565
10.197	-0.025663
10.198	-0.021537
10.199	-0.017493
10.2	-0.015855
10.201	-0.016073
10.202	-0.016474
10.203	-0.016309
10.204	-0.015851
10.205	-0.015816
10.206	-0.017084
10.207	-0.02009
10.208	-0.023702
10.209	-0.025157
10.21	-0.021981
10.211	-0.014314
10.212	-0.005462
10.213	-0.000119
10.214	-0.001253
10.215	-0.007811
10.216	-0.015471
10.217	-0.020175
10.218	-0.021177
10.219	-0.020619
10.22	-0.020312
10.221	-0.020147
10.222	-0.019677
10.223	-0.019058
10.224	-0.017627
10.225	-0.012498
10.226	0.000954
10.227	0.025847
10.228	0.058125
10.229	0.083506
10.23	0.084833
10.231	0.058172
10.232	0.020862
10.233	-0.000932
10.234	0.006511
10.235	0.035999
10.236	0.068726
10.237	0.08882
10.238	0.09065
10.239	0.077395
10.24	0.056452
10.241	0.035212
10.242	0.018234
10.243	0.00704
10.244	0.001318
10.245	-0.000713
10.246	-0.001974
10.247	-0.004909
10.248	-0.0097
10.249	-0.01426
10.25	-0.016138
10.251	-0.01481
10.252	-0.01259
10.253	-0.01298
10.254	-0.017392
10.255	-0.023591
10.256	-0.02752
10.257	-0.026295
10.258	-0.020187
10.259	-0.012464
10.26	-0.006819
10.261	-0.004958
10.262	-0.006501
10.263	-0.009622
10.264	-0.011908
10.265	-0.012168
10.266	-0.011538
10.267	-0.012151
10.268	-0.014723
10.269	-0.017604
10.27	-0.018194
10.271	-0.01543
10.272	-0.011089
10.273	-0.008527
10.274	-0.00991
10.275	-0.014441
10.276	-0.018933
10.277	-0.020226
10.278	-0.017963
10.279	-0.015021
10.28	-0.014413
10.281	-0.016484
10.282	-0.019588
10.283	-0.021731
10.284	-0.021288
10.285	-0.017877
10.286	-0.012956
10.287	-0.008992
10.288	-0.007629
10.289	-0.008167
10.29	-0.007626
10.291	-0.002787
10.292	0.007192
10.293	0.019787
10.294	0.030377
10.295	0.03482
10.296	0.032044
10.297	0.024568
10.298	0.015967
10.299	0.008133
10.3	0.001285
10.301	-0.00492
10.302	-0.010911
10.303	-0.016236
10.304	-0.019117
10.305	-0.018367
10.306	-0.015224
10.307	-0.012246
10.308	-0.01076
10.309	-0.009877
10.31	-0.007773
10.311	-0.003672
10.312	0.001189
10.313	0.004119
10.314	0.002693
10.315	-0.003052
10.316	-0.009747
10.317	-0.013094
10.318	-0.011856
10.319	-0.008733
10.32	-0.006938
10.321	-0.007287
10.322	-0.008804
10.323	-0.010045
10.324	-0.009594
10.325	-0.006923
10.326	-0.003153
10.327	-0.000724
10.328	-0.001934
10.329	-0.006985
10.33	-0.013156
10.331	-0.016147
10.332	-0.012148
10.333	0.00143
10.334	0.025871
10.335	0.058887
10.336	0.090296
10.337	0.102874
10.338	0.084769
10.339	0.044266
10.34	0.007925
10.341	-0.000559
10.342	0.020852
10.343	0.054962
10.344	0.081987
10.345	0.091986
10.346	0.085921
10.347	0.070237
10.348	0.051937
10.349	0.036584
10.35	0.027448
10.351	0.024536
10.352	0.024576
10.353	0.022814
10.354	0.016076
10.355	0.005272
10.356	-0.004941
10.357	-0.009483
10.358	-0.006582
10.359	0.000852
10.36	0.00745
10.361	0.009108
10.362	0.005207
10.363	-0.00117
10.364	-0.005191
10.365	-0.00385
10.366	0.00176
10.367	0.007399
10.368	0.008912
10.369	0.005292
10.37	-0.000787
10.371	-0.005331
10.372	-0.006086
10.373	-0.00387
10.374	-0.001334
10.375	-0.000324
10.376	-0.00048
10.377	-0.000195
10.378	0.001424
10.379	0.00362
10.38	0.005339
10.381	0.006751
10.382	0.008448
10.383	0.010364
10.384	0.012452
10.385	0.015183
10.386	0.018389
10.387	0.020321
10.388	0.018982
10.389	0.014394
10.39	0.009134
10.391	0.006521
10.392	0.007916
10.393	0.011705
10.394	0.014961
10.395	0.015672
10.396	0.013937
10.397	0.012733
10.398	0.016925
10.399	0.029064
10.4	0.045639
10.401	0.058222
10.402	0.059146
10.403	0.047315
10.404	0.028876
10.405	0.012015
10.406	0.001367
10.407	-0.003172
10.408	-0.003933
10.409	-0.00273
10.41	-0.000459
10.411	0.001246
10.412	-0.000493
10.413	-0.006955
10.414	-0.014786
10.415	-0.017843
10.416	-0.013106
10.417	-0.004379
10.418	0.000661
10.419	-0.002054
10.42	-0.00872
10.421	-0.012134
10.422	-0.009434
10.423	-0.003116
10.424	0.004149
10.425	0.012119
10.426	0.020447
10.427	0.02642
10.428	0.02649
10.429	0.01972
10.43	0.009742
10.431	0.002901
10.432	0.003701
10.433	0.011825
10.434	0.022697
10.435	0.030594
10.436	0.032628
10.437	0.03038
10.438	0.027711
10.439	0.028275
10.44	0.035862
10.441	0.054389
10.442	0.08349
10.443	0.113024
10.444	0.124951
10.445	0.106558
10.446	0.065454
10.447	0.028096
10.448	0.019011
10.449	0.041662
10.45	0.07942
10.451	0.11123
10.452	0.124904
10.453	0.119907
10.454	0.102884
10.455	0.081942
10.456	0.063387
10.457	0.050909
10.458	0.045203
10.459	0.044033
10.46	0.044052
10.461	0.043029
10.462	0.040442
10.463	0.037217
10.464	0.035159
10.465	0.03547
10.466	0.037412
10.467	0.038421
10.468	0.035675
10.469	0.028495
10.47	0.019725
10.471	0.014187
10.472	0.015058
10.473	0.021325
10.474	0.028569
10.475	0.032582
10.476	0.0327
10.477	0.031533
10.478	0.031443
10.479	0.032105
10.48	0.032008
10.481	0.030883
10.482	0.029602
10.483	0.029083
10.484	0.029965
10.485	0.032278
10.486	0.034918
10.487	0.035653
10.488	0.032383
10.489	0.025278
10.49	0.01752
10.491	0.013113
10.492	0.013619
10.493	0.016916
10.494	0.018975
10.495	0.017042
10.496	0.011812
10.497	0.006816
10.498	0.005264
10.499	0.007266
10.5	0.010356
10.501	0.011909
10.502	0.010512
10.503	0.006615
10.504	0.002913
10.505	0.003188
10.506	0.00961
10.507	0.020482
10.508	0.030733
10.509	0.035144
10.51	0.031434
10.511	0.02108
10.512	0.008005
10.513	-0.004063
10.514	-0.013783
10.515	-0.021764
10.516	-0.028383
10.517	-0.032992
10.518	-0.035282
10.519	-0.036187
10.52	-0.03659
10.521	-0.036246
10.522	-0.034896
10.523	-0.033035
10.524	-0.030916
10.525	-0.027998
10.526	-0.024131
10.527	-0.020908
10.528	-0.02089
10.529	-0.024939
10.53	-0.030485
10.531	-0.032962
10.532	-0.029491
10.533	-0.021525
10.534	-0.013898
10.535	-0.010961
10.536	-0.013319
10.537	-0.018002
10.538	-0.021338
10.539	-0.021571
10.54	-0.019171
10.541	-0.016052
10.542	-0.015017
10.543	-0.018169
10.544	-0.024858
10.545	-0.031751
10.546	-0.034637
10.547	-0.02928
10.548	-0.011397
10.549	0.020641
10.55	0.059535
10.551	0.086832
10.552	0.083598
10.553	0.048438
10.554	0.003211
10.555	-0.02326
10.556	-0.017851
10.557	0.01005
10.558	0.040168
10.559	0.056783
10.56	0.0559
10.561	0.042458
10.562	0.023577
10.563	0.004873
10.564	-0.009599
10.565	-0.017513
10.566	-0.019465
10.567	-0.019097
10.568	-0.020963
10.569	-0.027297
10.57	-0.036141
10.571	-0.042701
10.572	-0.043284
10.573	-0.038478
10.574	-0.032573
10.575	-0.03002
10.576	-0.032362
10.577	-0.037848
10.578	-0.043525
10.579	-0.047427
10.58	-0.048622
10.581	-0.046799
10.582	-0.043143
10.583	-0.040013
10.584	-0.038674
10.585	-0.038372
10.586	-0.037911
10.587	-0.037369
10.588	-0.037919
10.589	-0.040206
10.59	-0.043066
10.591	-0.044034
10.592	-0.041476
10.593	-0.03624
10.594	-0.031059
10.595	-0.02856
10.596	-0.02951
10.597	-0.032081
10.598	-0.033059
10.599	-0.030411
10.6	-0.024632
10.601	-0.01835
10.602	-0.015132
10.603	-0.017073
10.604	-0.022715
10.605	-0.028187
10.606	-0.030538
10.607	-0.029779
10.608	-0.028155
10.609	-0.027815
10.61	-0.029261
10.611	-0.03151
10.612	-0.03269
10.613	-0.030234
10.614	-0.022132
10.615	-0.009428
10.616	0.003393
10.617	0.011386
10.618	0.012003
10.619	0.005905
10.62	-0.003292
10.621	-0.011
10.622	-0.015171
10.623	-0.017353
10.624	-0.019928
10.625	-0.023463
10.626	-0.027024
10.627	-0.030149
10.628	-0.033708
10.629	-0.038502
10.63	-0.043352
10.631	-0.04533
10.632	-0.042191
10.633	-0.034586
10.634	-0.026029
10.635	-0.020486
10.636	-0.019316
10.637	-0.020428
10.638	-0.020548
10.639	-0.017801
10.64	-0.012144
10.641	-0.0051
10.642	9.8e-05
10.643	0.00021
10.644	-0.004995
10.645	-0.012328
10.646	-0.017846
10.647	-0.019476
10.648	-0.017697
10.649	-0.014661
10.65	-0.012958
10.651	-0.014455
10.652	-0.019043
10.653	-0.024114
10.654	-0.025458
10.655	-0.018153
10.656	0.002517
10.657	0.036797
10.658	0.073987
10.659	0.093713
10.66	0.081102
10.661	0.043151
10.662	0.006066
10.663	-0.005967
10.664	0.01137
10.665	0.043674
10.666	0.072146
10.667	0.08548
10.668	0.081912
10.669	0.065687
10.67	0.043755
10.671	0.02343
10.672	0.009836
10.673	0.003782
10.674	0.001868
10.675	-0.000463
10.676	-0.005382
10.677	-0.011869
10.678	-0.017591
10.679	-0.02094
10.68	-0.021535
10.681	-0.020315
10.682	-0.019965
10.683	-0.023419
10.684	-0.030722
10.685	-0.038441
10.686	-0.042586
10.687	-0.041501
10.688	-0.036477
10.689	-0.03079
10.69	-0.027802
10.691	-0.028848
10.692	-0.032567
10.693	-0.036414
10.694	-0.038839
10.695	-0.039958
10.696	-0.04055
10.697	-0.040708
10.698	-0.039439
10.699	-0.035538
10.7	-0.028692
10.701	-0.020275
10.702	-0.013662
10.703	-0.01269
10.704	-0.018558
10.705	-0.028337
10.706	-0.0369
10.707	-0.040617
10.708	-0.039487
10.709	-0.036168
10.71	-0.033504
10.711	-0.032779
10.712	-0.033513
10.713	-0.034425
10.714	-0.03453
10.715	-0.033664
10.716	-0.032569
10.717	-0.032421
10.718	-0.033869
10.719	-0.036117
10.72	-0.03631
10.721	-0.030817
10.722	-0.01896
10.723	-0.004845
10.724	0.005647
10.725	0.009254
10.726	0.006612
10.727	0.000267
10.728	-0.007668
10.729	-0.01611
10.73	-0.024144
10.731	-0.030302
10.732	-0.033157
10.733	-0.032531
10.734	-0.029662
10.735	-0.026375
10.736	-0.024126
10.737	-0.023297
10.738	-0.02325
10.739	-0.022929
10.74	-0.021099
10.741	-0.017164
10.742	-0.012742
10.743	-0.011129
10.744	-0.014104
10.745	-0.019887
10.746	-0.02461
10.747	-0.025187
10.748	-0.021029
10.749	-0.014285
10.75	-0.008771
10.751	-0.007642
10.752	-0.011263
10.753	-0.01713
10.754	-0.021756
10.755	-0.022999
10.756	-0.021194
10.757	-0.018533
10.758	-0.017776
10.759	-0.02074
10.76	-0.026488
10.761	-0.031106
10.762	-0.029687
10.763	-0.017827
10.764	0.00703
10.765	0.041026
10.766	0.06972
10.767	0.07442
10.768	0.048822
10.769	0.008837
10.77	-0.01816
10.771	-0.015126
10.772	0.013467
10.773	0.048901
10.774	0.073286
10.775	0.079038
10.776	0.06875
10.777	0.049793
10.778	0.029263
10.779	0.012007
10.78	0.001004
10.781	-0.002852
10.782	-0.002131
10.783	-0.001886
10.784	-0.005776
10.785	-0.013534
10.786	-0.021682
10.787	-0.026114
10.788	-0.025114
10.789	-0.020761
10.79	-0.017188
10.791	-0.017349
10.792	-0.021245
10.793	-0.026457
10.794	-0.029985
10.795	-0.03019
10.796	-0.027607
10.797	-0.02414
10.798	-0.021591
10.799	-0.020529
10.8	-0.01991
10.801	-0.018283
10.802	-0.015945
10.803	-0.015043
10.804	-0.017226
10.805	-0.021842
10.806	-0.026213
10.807	-0.027667
10.808	-0.026009
10.809	-0.023828
10.81	-0.02396
10.811	-0.026961
10.812	-0.030946
10.813	-0.033258
10.814	-0.032381
10.815	-0.028812
10.816	-0.024417
10.817	-0.021229
10.818	-0.020823
10.819	-0.023692
10.82	-0.02806
10.821	-0.030404
10.822	-0.02882
10.823	-0.025145
10.824	-0.022942
10.825	-0.023928
10.826	-0.026429
10.827	-0.02702
10.828	-0.023396
10.829	-0.015614
10.83	-0.00544
10.831	0.004521
10.832	0.011419
10.833	0.013154
10.834	0.009467
10.835	0.002103
10.836	-0.006172
10.837	-0.013223
10.838	-0.018699
10.839	-0.023309
10.84	-0.026821
10.841	-0.02802
10.842	-0.027185
10.843	-0.026812
10.844	-0.028963
10.845	-0.032969
10.846	-0.036028
10.847	-0.035547
10.848	-0.030966
10.849	-0.02404
10.85	-0.017846
10.851	-0.014966
10.852	-0.015651
10.853	-0.01766
10.854	-0.018285
10.855	-0.016448
10.856	-0.013137
10.857	-0.010755
10.858	-0.012052
10.859	-0.018184
10.86	-0.026726
10.861	-0.032767
10.862	-0.033381
10.863	-0.03021
10.864	-0.027138
10.865	-0.026519
10.866	-0.027977
10.867	-0.029851
10.868	-0.030658
10.869	-0.028576
10.87	-0.019807
10.871	0.000744
10.872	0.033721
10.873	0.068228
10.874	0.083925
10.875	0.067174
10.876	0.027204
10.877	-0.008271
10.878	-0.016195
10.879	0.004503
10.88	0.037191
10.881	0.063468
10.882	0.073467
10.883	0.066795
10.884	0.049232
10.885	0.028418
10.886	0.010368
10.887	-0.001771
10.888	-0.007381
10.889	-0.008031
10.89	-0.007099
10.891	-0.008265
10.892	-0.013201
10.893	-0.020472
10.894	-0.026666
10.895	-0.028871
10.896	-0.026981
10.897	-0.023989
10.898	-0.023683
10.899	-0.027593
10.9	-0.033501
10.901	-0.037244
10.902	-0.036738
10.903	-0.033503
10.904	-0.030147
10.905	-0.027736
10.906	-0.025702
10.907	-0.023077
10.908	-0.019576
10.909	-0.016036
10.91	-0.013905
10.911	-0.014102
10.912	-0.016286
10.913	-0.019095
10.914	-0.020817
10.915	-0.020243
10.916	-0.017757
10.917	-0.015793
10.918	-0.017662
10.919	-0.024963
10.92	-0.035221
10.921	-0.042968
10.922	-0.044447
10.923	-0.040545
10.924	-0.034768
10.925	-0.029806
10.926	-0.026362
10.927	-0.023893
10.928	-0.02168
10.929	-0.019378
10.93	-0.017136
10.931	-0.015561
10.932	-0.015352
10.933	-0.016405
10.934	-0.017116
10.935	-0.015161
10.936	-0.009244
10.937	3.9e-05
10.938	0.010288
10.939	0.017899
10.94	0.020058
10.941	0.016653
10.942	0.009511
10.943	0.000557
10.944	-0.008639
10.945	-0.016739
10.946	-0.022784
10.947	-0.026093
10.948	-0.026202
10.949	-0.023371
10.95	-0.019191
10.951	-0.016228
10.952	-0.016331
10.953	-0.019109
10.954	-0.022492
10.955	-0.024802
10.956	-0.025799
10.957	-0.026297
10.958	-0.027757
10.959	-0.031379
10.96	-0.035998
10.961	-0.037831
10.962	-0.03404
10.963	-0.02579
10.964	-0.017167
10.965	-0.012128
10.966	-0.012236
10.967	-0.016147
10.968	-0.02094
10.969	-0.02407
10.97	-0.024422
10.971	-0.0224
10.972	-0.019535
10.973	-0.017659
10.974	-0.017949
10.975	-0.020013
10.976	-0.021019
10.977	-0.01593
10.978	0.000276
10.979	0.028843
10.98	0.063024
10.981	0.08707
10.982	0.084525
10.983	0.053979
10.984	0.015445
10.985	-0.004567
10.986	0.005167
10.987	0.034839
10.988	0.065556
10.989	0.083582
10.99	0.085434
10.991	0.074651
10.992	0.056934
10.993	0.03735
10.994	0.019223
10.995	0.004336
10.996	-0.006235
10.997	-0.012312
10.998	-0.015516
10.999	-0.018587
11.0	-0.022706
11.001	-0.026152
11.002	-0.026575
11.003	-0.023831
11.004	-0.020111
11.005	-0.018129
11.006	-0.019116
11.007	-0.022069
11.008	-0.024991
11.009	-0.026625
11.01	-0.026953
11.011	-0.026596
11.012	-0.026101
11.013	-0.025597
11.014	-0.024762
11.015	-0.022926
11.016	-0.01975
11.017	-0.016333
11.018	-0.015289
11.019	-0.018779
11.02	-0.025533
11.021	-0.0305
11.022	-0.029124
11.023	-0.021714
11.024	-0.012883
11.025	-0.00747
11.026	-0.007246
11.027	-0.010567
11.028	-0.014308
11.029	-0.016081
11.03	-0.015467
11.031	-0.013922
11.032	-0.01362
11.033	-0.015925
11.034	-0.020182
11.035	-0.023835
11.036	-0.024404
11.037	-0.021649
11.038	-0.017646
11.039	-0.014864
11.04	-0.013764
11.041	-0.012182
11.042	-0.007757
11.043	-0.000494
11.044	0.007605
11.045	0.014383
11.046	0.018277
11.047	0.018121
11.048	0.013539
11.049	0.005664
11.05	-0.003282
11.051	-0.011374
11.052	-0.01789
11.053	-0.023048
11.054	-0.026864
11.055	-0.028426
11.056	-0.026756
11.057	-0.022425
11.058	-0.018047
11.059	-0.016673
11.06	-0.018667
11.061	-0.020605
11.062	-0.018719
11.063	-0.012951
11.064	-0.006655
11.065	-0.003165
11.066	-0.003515
11.067	-0.006617
11.068	-0.01046
11.069	-0.013193
11.07	-0.013843
11.071	-0.012622
11.072	-0.010932
11.073	-0.010658
11.074	-0.012496
11.075	-0.014855
11.076	-0.014946
11.077	-0.011245
11.078	-0.005335
11.079	-0.001143
11.08	-0.001423
11.081	-0.005458
11.082	-0.010812
11.083	-0.015271
11.084	-0.015503
11.085	-0.00595
11.086	0.01779
11.087	0.052669
11.088	0.084783
11.089	0.095161
11.09	0.074941
11.091	0.036826
11.092	0.007351
11.093	0.005253
11.094	0.028311
11.095	0.059493
11.096	0.081994
11.097	0.088451
11.098	0.080253
11.099	0.062717
11.1	0.042138
11.101	0.024496
11.102	0.013361
11.103	0.008358
11.104	0.006332
11.105	0.003692
11.106	-0.001772
11.107	-0.009697
11.108	-0.01749
11.109	-0.022391
11.11	-0.023332
11.111	-0.021256
11.112	-0.018407
11.113	-0.017111
11.114	-0.018299
11.115	-0.020758
11.116	-0.022023
11.117	-0.020498
11.118	-0.017201
11.119	-0.015197
11.12	-0.016386
11.121	-0.019133
11.122	-0.020138
11.123	-0.017884
11.124	-0.013476
11.125	-0.00942
11.126	-0.007987
11.127	-0.009652
11.128	-0.012888
11.129	-0.015553
11.13	-0.01641
11.131	-0.015919
11.132	-0.015961
11.133	-0.01829
11.134	-0.02268
11.135	-0.026655
11.136	-0.027186
11.137	-0.0228
11.138	-0.014681
11.139	-0.006167
11.14	-0.000534
11.141	0.001177
11.142	-1.9e-05
11.143	-0.002645
11.144	-0.005634
11.145	-0.008506
11.146	-0.011171
11.147	-0.013483
11.148	-0.014988
11.149	-0.014857
11.15	-0.012082
11.151	-0.006151
11.152	0.002271
11.153	0.01116
11.154	0.017585
11.155	0.019147
11.156	0.015764
11.157	0.009596
11.158	0.002529
11.159	-0.005534
11.16	-0.014852
11.161	-0.023485
11.162	-0.028553
11.163	-0.029101
11.164	-0.02658
11.165	-0.02327
11.166	-0.020821
11.167	-0.01984
11.168	-0.020039
11.169	-0.020326
11.17	-0.019252
11.171	-0.016146
11.172	-0.012058
11.173	-0.00932
11.174	-0.009755
11.175	-0.012893
11.176	-0.01586
11.177	-0.015622
11.178	-0.011859
11.179	-0.007337
11.18	-0.00497
11.181	-0.005088
11.182	-0.006172
11.183	-0.007024
11.184	-0.007349
11.185	-0.007449
11.186	-0.008156
11.187	-0.010333
11.188	-0.013887
11.189	-0.017461
11.19	-0.019179
11.191	-0.016986
11.192	-0.007811
11.193	0.012103
11.194	0.042994
11.195	0.075962
11.196	0.093716
11.197	0.082479
11.198	0.046773
11.199	0.009956
11.2	-0.003437
11.201	0.013624
11.202	0.048123
11.203	0.079674
11.204	0.094831
11.205	0.092004
11.206	0.077078
11.207	0.057054
11.208	0.037013
11.209	0.020208
11.21	0.008802
11.211	0.003642
11.212	0.003328
11.213	0.004237
11.214	0.002759
11.215	-0.001608
11.216	-0.005767
11.217	-0.006418
11.218	-0.003833
11.219	-0.001841
11.22	-0.003756
11.221	-0.008888
11.222	-0.013896
11.223	-0.01634
11.224	-0.015782
11.225	-0.013051
11.226	-0.009839
11.227	-0.008067
11.228	-0.008453
11.229	-0.009714
11.23	-0.009711
11.231	-0.007561
11.232	-0.00477
11.233	-0.004159
11.234	-0.007006
11.235	-0.011194
11.236	-0.012732
11.237	-0.009026
11.238	-0.000985
11.239	0.007201
11.24	0.010913
11.241	0.008574
11.242	0.00232
11.243	-0.003986
11.244	-0.006952
11.245	-0.005334
11.246	-0.000747
11.247	0.003608
11.248	0.005362
11.249	0.004466
11.25	0.002786
11.251	0.002206
11.252	0.002729
11.253	0.0024
11.254	-0.000643
11.255	-0.005941
11.256	-0.010466
11.257	-0.01058
11.258	-0.00498
11.259	0.00384
11.26	0.011703
11.261	0.016037
11.262	0.016311
11.263	0.012932
11.264	0.007346
11.265	0.001844
11.266	-0.00201
11.267	-0.004315
11.268	-0.005977
11.269	-0.007194
11.27	-0.006961
11.271	-0.004281
11.272	1e-06
11.273	0.003033
11.274	0.002113
11.275	-0.002885
11.276	-0.00898
11.277	-0.011952
11.278	-0.009794
11.279	-0.004798
11.28	-0.001303
11.281	-0.001563
11.282	-0.00479
11.283	-0.008739
11.284	-0.010755
11.285	-0.009078
11.286	-0.004622
11.287	-0.000534
11.288	0.000799
11.289	3.1e-05
11.29	-0.000153
11.291	0.001918
11.292	0.005308
11.293	0.007528
11.294	0.006416
11.295	0.001426
11.296	-0.005686
11.297	-0.011544
11.298	-0.013357
11.299	-0.009682
11.3	0.001834
11.301	0.024724
11.302	0.057323
11.303	0.086452
11.304	0.093308
11.305	0.070811
11.306	0.034479
11.307	0.011593
11.308	0.018073
11.309	0.04713
11.31	0.078657
11.311	0.096169
11.312	0.095411
11.313	0.081672
11.314	0.062639
11.315	0.043772
11.316	0.028115
11.317	0.017425
11.318	0.011805
11.319	0.009274
11.32	0.007399
11.321	0.005259
11.322	0.003123
11.323	0.001255
11.324	-6.1e-05
11.325	-0.000496
11.326	-0.000404
11.327	-0.000911
11.328	-0.00294
11.329	-0.00618
11.33	-0.008966
11.331	-0.009241
11.332	-0.00621
11.333	-0.001496
11.334	0.001855
11.335	0.002259
11.336	0.001243
11.337	0.001564
11.338	0.003898
11.339	0.006095
11.34	0.005793
11.341	0.003045
11.342	1.4e-05
11.343	-0.001068
11.344	0.000825
11.345	0.005215
11.346	0.010328
11.347	0.013714
11.348	0.013259
11.349	0.008681
11.35	0.002583
11.351	-0.000664
11.352	0.00168
11.353	0.007929
11.354	0.013467
11.355	0.015659
11.356	0.016132
11.357	0.017572
11.358	0.019868
11.359	0.020379
11.36	0.017342
11.361	0.012177
11.362	0.008089
11.363	0.00743
11.364	0.011352
11.365	0.020608
11.366	0.03467
11.367	0.050122
11.368	0.061448
11.369	0.064367
11.37	0.058591
11.371	0.04776
11.372	0.036747
11.373	0.028558
11.374	0.023392
11.375	0.019766
11.376	0.015824
11.377	0.010507
11.378	0.004418
11.379	-0.000842
11.38	-0.003957
11.381	-0.004575
11.382	-0.004089
11.383	-0.004937
11.384	-0.007011
11.385	-0.00625
11.386	0.000444
11.387	0.009951
11.388	0.015265
11.389	0.01318
11.39	0.007794
11.391	0.005558
11.392	0.008566
11.393	0.014204
11.394	0.01922
11.395	0.021794
11.396	0.021291
11.397	0.018873
11.398	0.017948
11.399	0.021683
11.4	0.029921
11.401	0.039376
11.402	0.04615
11.403	0.048032
11.404	0.045613
11.405	0.04179
11.406	0.040734
11.407	0.047899
11.408	0.069261
11.409	0.10577
11.41	0.145354
11.411	0.164918
11.412	0.148639
11.413	0.105862
11.414	0.066221
11.415	0.055123
11.416	0.075289
11.417	0.11008
11.418	0.139349
11.419	0.151411
11.42	0.145584
11.421	0.128246
11.422	0.10698
11.423	0.087242
11.424	0.072388
11.425	0.063746
11.426	0.059812
11.427	0.057317
11.428	0.054203
11.429	0.051037
11.43	0.049691
11.431	0.051446
11.432	0.055953
11.433	0.061
11.434	0.063544
11.435	0.061774
11.436	0.056681
11.437	0.0517
11.438	0.050142
11.439	0.052492
11.44	0.05644
11.441	0.059109
11.442	0.058665
11.443	0.055023
11.444	0.050115
11.445	0.046453
11.446	0.044844
11.447	0.043959
11.448	0.041748
11.449	0.037186
11.45	0.031577
11.451	0.028192
11.452	0.029547
11.453	0.034729
11.454	0.039939
11.455	0.041787
11.456	0.040014
11.457	0.037203
11.458	0.035894
11.459	0.03615
11.46	0.036263
11.461	0.035168
11.462	0.033061
11.463	0.030698
11.464	0.029277
11.465	0.02981
11.466	0.031928
11.467	0.033861
11.468	0.033452
11.469	0.029521
11.47	0.02332
11.471	0.018611
11.472	0.019186
11.473	0.025704
11.474	0.034932
11.475	0.04203
11.476	0.043826
11.477	0.04064
11.478	0.035338
11.479	0.030601
11.48	0.027196
11.481	0.024224
11.482	0.020059
11.483	0.013778
11.484	0.00653
11.485	0.000723
11.486	-0.002332
11.487	-0.003495
11.488	-0.004894
11.489	-0.00804
11.49	-0.012449
11.491	-0.016028
11.492	-0.016992
11.493	-0.015655
11.494	-0.014448
11.495	-0.015767
11.496	-0.01944
11.497	-0.022446
11.498	-0.02163
11.499	-0.016771
11.5	-0.010538
11.501	-0.005874
11.502	-0.004357
11.503	-0.006141
11.504	-0.009905
11.505	-0.013273
11.506	-0.014403
11.507	-0.013692
11.508	-0.013836
11.509	-0.017649
11.51	-0.025325
11.511	-0.033607
11.512	-0.03754
11.513	-0.033055
11.514	-0.017917
11.515	0.008736
11.516	0.044513
11.517	0.078762
11.518	0.092989
11.519	0.074533
11.52	0.032812
11.521	-0.003779
11.522	-0.011574
11.523	0.009761
11.524	0.041869
11.525	0.06544
11.526	0.071996
11.527	0.063677
11.528	0.047203
11.529	0.028978
11.53	0.013318
11.531	0.002453
11.532	-0.003367
11.533	-0.006203
11.534	-0.009709
11.535	-0.016268
11.536	-0.024471
11.537	-0.030182
11.538	-0.030213
11.539	-0.024905
11.54	-0.017485
11.541	-0.011629
11.542	-0.009863
11.543	-0.012625
11.544	-0.017501
11.545	-0.020511
11.546	-0.019349
11.547	-0.01531
11.548	-0.012092
11.549	-0.012834
11.55	-0.017665
11.551	-0.023506
11.552	-0.026522
11.553	-0.025421
11.554	-0.022374
11.555	-0.020468
11.556	-0.020758
11.557	-0.022036
11.558	-0.022752
11.559	-0.022703
11.56	-0.022818
11.561	-0.023972
11.562	-0.026892
11.563	-0.03206
11.564	-0.038273
11.565	-0.042417
11.566	-0.041927
11.567	-0.037096
11.568	-0.030771
11.569	-0.026179
11.57	-0.024872
11.571	-0.026079
11.572	-0.027885
11.573	-0.029263
11.574	-0.030711
11.575	-0.032968
11.576	-0.035741
11.577	-0.037501
11.578	-0.036156
11.579	-0.030368
11.58	-0.020496
11.581	-0.008632
11.582	0.001667
11.583	0.006692
11.584	0.005122
11.585	-0.001005
11.586	-0.008322
11.587	-0.014639
11.588	-0.019598
11.589	-0.023683
11.59	-0.026924
11.591	-0.028468
11.592	-0.027445
11.593	-0.024281
11.594	-0.020849
11.595	-0.019079
11.596	-0.019393
11.597	-0.020352
11.598	-0.019966
11.599	-0.017628
11.6	-0.014436
11.601	-0.011858
11.602	-0.011171
11.603	-0.013241
11.604	-0.017217
11.605	-0.02026
11.606	-0.019811
11.607	-0.016011
11.608	-0.011898
11.609	-0.011154
11.61	-0.015045
11.611	-0.021183
11.612	-0.025359
11.613	-0.024873
11.614	-0.020507
11.615	-0.015721
11.616	-0.013798
11.617	-0.015375
11.618	-0.018718
11.619	-0.021776
11.62	-0.022655
11.621	-0.018257
11.622	-0.004376
11.623	0.021387
11.624	0.055045
11.625	0.082937
11.626	0.087117
11.627	0.061271
11.628	0.021429
11.629	-0.004853
11.63	-0.001724
11.631	0.024303
11.632	0.054296
11.633	0.072824
11.634	0.075158
11.635	0.064677
11.636	0.047497
11.637	0.029128
11.638	0.01302
11.639	0.00035
11.64	-0.008751
11.641	-0.014182
11.642	-0.016774
11.643	-0.018791
11.644	-0.021922
11.645	-0.025499
11.646	-0.027366
11.647	-0.026205
11.648	-0.023194
11.649	-0.021499
11.65	-0.023567
11.651	-0.02845
11.652	-0.032082
11.653	-0.030735
11.654	-0.0245
11.655	-0.01729
11.656	-0.013075
11.657	-0.012396
11.658	-0.013086
11.659	-0.013447
11.66	-0.013381
11.661	-0.013201
11.662	-0.013209
11.663	-0.014192
11.664	-0.016672
11.665	-0.019644
11.666	-0.020791
11.667	-0.018329
11.668	-0.012896
11.669	-0.00748
11.67	-0.005021
11.671	-0.005974
11.672	-0.008335
11.673	-0.009858
11.674	-0.009862
11.675	-0.009097
11.676	-0.008662
11.677	-0.009274
11.678	-0.010992
11.679	-0.013217
11.68	-0.0149
11.681	-0.015116
11.682	-0.014283
11.683	-0.014498
11.684	-0.017614
11.685	-0.022889
11.686	-0.026727
11.687	-0.02516
11.688	-0.017205
11.689	-0.005793
11.69	0.004553
11.691	0.010651
11.692	0.011814
11.693	0.009079
11.694	0.003805
11.695	-0.002842
11.696	-0.009701
11.697	-0.015966
11.698	-0.021753
11.699	-0.027647
11.7	-0.03312
11.701	-0.035976
11.702	-0.034788
11.703	-0.031204
11.704	-0.028207
11.705	-0.026641
11.706	-0.024646
11.707	-0.020505
11.708	-0.015309
11.709	-0.012159
11.71	-0.012946
11.711	-0.016406
11.712	-0.01926
11.713	-0.018982
11.714	-0.015409
11.715	-0.010255
11.716	-0.005948
11.717	-0.004519
11.718	-0.006506
11.719	-0.010647
11.72	-0.014412
11.721	-0.015306
11.722	-0.013193
11.723	-0.010987
11.724	-0.011608
11.725	-0.014866
11.726	-0.018095
11.727	-0.018762
11.728	-0.015051
11.729	-0.004237
11.73	0.017287
11.731	0.049684
11.732	0.083762
11.733	0.101313
11.734	0.087587
11.735	0.047601
11.736	0.006877
11.737	-0.008444
11.738	0.007726
11.739	0.039982
11.74	0.067201
11.741	0.077851
11.742	0.072408
11.743	0.056867
11.744	0.037494
11.745	0.01944
11.746	0.006234
11.747	-0.001015
11.748	-0.003913
11.749	-0.005843
11.75	-0.009784
11.751	-0.015998
11.752	-0.021863
11.753	-0.024411
11.754	-0.022973
11.755	-0.019578
11.756	-0.017296
11.757	-0.018127
11.758	-0.022115
11.759	-0.02779
11.76	-0.032633
11.761	-0.03393
11.762	-0.031028
11.763	-0.026512
11.764	-0.023665
11.765	-0.02324
11.766	-0.023425
11.767	-0.022034
11.768	-0.018309
11.769	-0.013551
11.77	-0.010349
11.771	-0.010551
11.772	-0.013678
11.773	-0.017385
11.774	-0.01932
11.775	-0.018805
11.776	-0.017158
11.777	-0.016417
11.778	-0.017645
11.779	-0.020272
11.78	-0.02252
11.781	-0.022614
11.782	-0.020529
11.783	-0.018321
11.784	-0.017951
11.785	-0.019419
11.786	-0.021127
11.787	-0.021384
11.788	-0.020035
11.789	-0.018872
11.79	-0.019963
11.791	-0.023612
11.792	-0.02794
11.793	-0.029887
11.794	-0.026681
11.795	-0.0174
11.796	-0.003869
11.797	0.009746
11.798	0.018406
11.799	0.018441
11.8	0.010155
11.801	-0.001654
11.802	-0.011345
11.803	-0.016707
11.804	-0.019001
11.805	-0.020183
11.806	-0.020907
11.807	-0.02049
11.808	-0.018549
11.809	-0.016287
11.81	-0.01569
11.811	-0.017695
11.812	-0.021362
11.813	-0.024548
11.814	-0.025356
11.815	-0.023534
11.816	-0.020818
11.817	-0.019599
11.818	-0.020923
11.819	-0.023732
11.82	-0.0256
11.821	-0.024235
11.822	-0.019598
11.823	-0.01474
11.824	-0.013372
11.825	-0.016563
11.826	-0.021868
11.827	-0.025263
11.828	-0.024167
11.829	-0.019185
11.83	-0.013485
11.831	-0.010628
11.832	-0.012312
11.833	-0.017566
11.834	-0.023868
11.835	-0.02829
11.836	-0.026893
11.837	-0.014364
11.838	0.012472
11.839	0.048047
11.84	0.075946
11.841	0.078437
11.842	0.052366
11.843	0.015379
11.844	-0.006479
11.845	0.000842
11.846	0.030447
11.847	0.063023
11.848	0.081641
11.849	0.080269
11.85	0.063158
11.851	0.039484
11.852	0.018003
11.853	0.00376
11.854	-0.002777
11.855	-0.004455
11.856	-0.00493
11.857	-0.006701
11.858	-0.010604
11.859	-0.015927
11.86	-0.02039
11.861	-0.021098
11.862	-0.017411
11.863	-0.012672
11.864	-0.011573
11.865	-0.016011
11.866	-0.02396
11.867	-0.031459
11.868	-0.03524
11.869	-0.034396
11.87	-0.03055
11.871	-0.026503
11.872	-0.024229
11.873	-0.023945
11.874	-0.024786
11.875	-0.025743
11.876	-0.026219
11.877	-0.026562
11.878	-0.027921
11.879	-0.030901
11.88	-0.034039
11.881	-0.034244
11.882	-0.030022
11.883	-0.023815
11.884	-0.01987
11.885	-0.020336
11.886	-0.023892
11.887	-0.027351
11.888	-0.028287
11.889	-0.026568
11.89	-0.023809
11.891	-0.021628
11.892	-0.020488
11.893	-0.020009
11.894	-0.019784
11.895	-0.019513
11.896	-0.018933
11.897	-0.018266
11.898	-0.018505
11.899	-0.0208
11.9	-0.024673
11.901	-0.026818
11.902	-0.023589
11.903	-0.014873
11.904	-0.004063
11.905	0.00482
11.906	0.00899
11.907	0.007658
11.908	0.002311
11.909	-0.004239
11.91	-0.009709
11.911	-0.013435
11.912	-0.016045
11.913	-0.01844
11.914	-0.020793
11.915	-0.022334
11.916	-0.022357
11.917	-0.021172
11.918	-0.019772
11.919	-0.018913
11.92	-0.018388
11.921	-0.017157
11.922	-0.01504
11.923	-0.013936
11.924	-0.016158
11.925	-0.021996
11.926	-0.029365
11.927	-0.035047
11.928	-0.036433
11.929	-0.033003
11.93	-0.026674
11.931	-0.020782
11.932	-0.018189
11.933	-0.019483
11.934	-0.022655
11.935	-0.024839
11.936	-0.024554
11.937	-0.022372
11.938	-0.020225
11.939	-0.020414
11.94	-0.023962
11.941	-0.029153
11.942	-0.032688
11.943	-0.031733
11.944	-0.023095
11.945	-0.002573
11.946	0.030192
11.947	0.064772
11.948	0.081746
11.949	0.067804
11.95	0.031197
11.951	-0.001671
11.952	-0.00779
11.953	0.015075
11.954	0.050672
11.955	0.079269
11.956	0.089956
11.957	0.083053
11.958	0.065135
11.959	0.043195
11.96	0.022629
11.961	0.007687
11.962	0.0003
11.963	-0.001669
11.964	-0.002895
11.965	-0.007018
11.966	-0.014466
11.967	-0.022506
11.968	-0.027203
11.969	-0.026242
11.97	-0.020665
11.971	-0.01413
11.972	-0.010429
11.973	-0.011317
11.974	-0.015947
11.975	-0.021692
11.976	-0.025473
11.977	-0.025415
11.978	-0.02241
11.979	-0.019757
11.98	-0.020137
11.981	-0.022834
11.982	-0.024877
11.983	-0.024476
11.984	-0.022468
11.985	-0.021268
11.986	-0.022464
11.987	-0.024853
11.988	-0.025755
11.989	-0.024284
11.99	-0.022191
11.991	-0.021699
11.992	-0.023381
11.993	-0.026103
11.994	-0.028197
11.995	-0.028332
11.996	-0.025852
11.997	-0.021356
11.998	-0.017244
11.999	-0.016604
12.0	-0.020312
12.001	-0.02539
12.002	-0.027612
12.003	-0.025738
12.004	-0.022226
12.005	-0.020437
12.006	-0.021713
12.007	-0.024458
12.008	-0.025448
12.009	-0.021967
12.01	-0.013311
12.011	-0.001228
12.012	0.010641
12.013	0.018198
12.014	0.018881
12.015	0.013251
12.016	0.004653
12.017	-0.003176
12.018	-0.00857
12.019	-0.012378
12.02	-0.016066
12.021	-0.019444
12.022	-0.021052
12.023	-0.020436
12.024	-0.018783
12.025	-0.017623
12.026	-0.017488
12.027	-0.017591
12.028	-0.016797
12.029	-0.014886
12.03	-0.012893
12.031	-0.012466
12.032	-0.014773
12.033	-0.019498
12.034	-0.024476
12.035	-0.026468
12.036	-0.023201
12.037	-0.015487
12.038	-0.007499
12.039	-0.004467
12.04	-0.008582
12.041	-0.016293
12.042	-0.02123
12.043	-0.020193
12.044	-0.01502
12.045	-0.009552
12.046	-0.006509
12.047	-0.006831
12.048	-0.010413
12.049	-0.016268
12.05	-0.021665
12.051	-0.021301
12.052	-0.008572
12.053	0.019534
12.054	0.056005
12.055	0.082769
12.056	0.081326
12.057	0.050142
12.058	0.010583
12.059	-0.009285
12.06	0.002586
12.061	0.035992
12.062	0.07015
12.063	0.088646
12.064	0.087015
12.065	0.070929
12.066	0.049344
12.067	0.029274
12.068	0.01468
12.069	0.006913
12.07	0.004498
12.071	0.00353
12.072	7e-05
12.073	-0.007187
12.074	-0.01617
12.075	-0.022876
12.076	-0.024057
12.077	-0.019619
12.078	-0.013211
12.079	-0.0102
12.08	-0.013447
12.081	-0.02039
12.082	-0.025508
12.083	-0.025618
12.084	-0.021692
12.085	-0.016826
12.086	-0.013947
12.087	-0.014493
12.088	-0.017933
12.089	-0.022502
12.09	-0.026538
12.091	-0.029075
12.092	-0.029838
12.093	-0.029183
12.094	-0.027526
12.095	-0.024589
12.096	-0.019691
12.097	-0.012967
12.098	-0.00629
12.099	-0.002663
12.1	-0.00383
12.101	-0.008219
12.102	-0.012223
12.103	-0.013435
12.104	-0.011829
12.105	-0.009032
12.106	-0.007383
12.107	-0.008338
12.108	-0.011143
12.109	-0.013635
12.11	-0.014421
12.111	-0.014087
12.112	-0.014594
12.113	-0.017536
12.114	-0.02244
12.115	-0.026535
12.116	-0.026301
12.117	-0.019486
12.118	-0.006582
12.119	0.008695
12.12	0.020833
12.121	0.025588
12.122	0.022068
12.123	0.012559
12.124	0.001172
12.125	-0.008398
12.126	-0.014754
12.127	-0.018371
12.128	-0.02012
12.129	-0.020706
12.13	-0.020726
12.131	-0.020687
12.132	-0.021005
12.133	-0.021901
12.134	-0.023157
12.135	-0.024015
12.136	-0.023459
12.137	-0.021063
12.138	-0.018004
12.139	-0.016986
12.14	-0.019937
12.141	-0.025191
12.142	-0.028286
12.143	-0.026107
12.144	-0.019347
12.145	-0.011567
12.146	-0.006629
12.147	-0.006334
12.148	-0.009826
12.149	-0.014593
12.15	-0.017854
12.151	-0.017997
12.152	-0.015596
12.153	-0.013027
12.154	-0.012727
12.155	-0.015518
12.156	-0.020029
12.157	-0.02312
12.158	-0.02079
12.159	-0.009179
12.16	0.014212
12.161	0.047537
12.162	0.080057
12.163	0.093646
12.164	0.076578
12.165	0.03811
12.166	0.004738
12.167	-0.001199
12.168	0.021411
12.169	0.055489
12.17	0.081535
12.171	0.089523
12.172	0.080298
12.173	0.060718
12.174	0.038283
12.175	0.018349
12.176	0.004059
12.177	-0.003446
12.178	-0.005833
12.179	-0.007321
12.18	-0.011574
12.181	-0.018265
12.182	-0.023717
12.183	-0.024835
12.184	-0.021435
12.185	-0.015795
12.186	-0.011283
12.187	-0.01079
12.188	-0.015176
12.189	-0.022553
12.19	-0.029129
12.191	-0.031398
12.192	-0.02842
12.193	-0.022625
12.194	-0.018208
12.195	-0.017687
12.196	-0.01963
12.197	-0.020333
12.198	-0.017847
12.199	-0.013935
12.2	-0.011956
12.201	-0.013237
12.202	-0.016314
12.203	-0.01898
12.204	-0.019729
12.205	-0.018283
12.206	-0.015999
12.207	-0.014897
12.208	-0.015445
12.209	-0.015655
12.21	-0.012833
12.211	-0.00631
12.212	0.001525
12.213	0.006741
12.214	0.006501
12.215	0.001045
12.216	-0.006439
12.217	-0.012166
12.218	-0.014323
12.219	-0.014083
12.22	-0.014246
12.221	-0.01633
12.222	-0.019384
12.223	-0.021211
12.224	-0.019381
12.225	-0.01227
12.226	-0.000924
12.227	0.010566
12.228	0.017472
12.229	0.017543
12.23	0.012277
12.231	0.00552
12.232	0.000534
12.233	-0.002154
12.234	-0.004186
12.235	-0.006644
12.236	-0.008459
12.237	-0.007897
12.238	-0.005082
12.239	-0.002639
12.24	-0.003294
12.241	-0.006698
12.242	-0.00989
12.243	-0.010722
12.244	-0.009235
12.245	-0.006742
12.246	-0.005194
12.247	-0.006373
12.248	-0.010382
12.249	-0.015037
12.25	-0.017144
12.251	-0.014865
12.252	-0.009323
12.253	-0.003907
12.254	-0.001592
12.255	-0.002725
12.256	-0.005243
12.257	-0.006399
12.258	-0.004451
12.259	7.2e-05
12.26	0.004543
12.261	0.006322
12.262	0.004321
12.263	-0.001091
12.264	-0.007992
12.265	-0.012512
12.266	-0.009067
12.267	0.008543
12.268	0.043218
12.269	0.087603
12.27	0.12143
12.271	0.122563
12.272	0.087289
12.273	0.03867
12.274	0.009813
12.275	0.017572
12.276	0.052666
12.277	0.091572
12.278	0.114309
12.279	0.113691
12.28	0.094819
12.281	0.069525
12.282	0.048698
12.283	0.036622
12.284	0.031623
12.285	0.030151
12.286	0.029126
12.287	0.026417
12.288	0.020959
12.289	0.013016
12.29	0.004893
12.291	0.001015
12.292	0.00527
12.293	0.016448
12.294	0.02696
12.295	0.028449
12.296	0.019631
12.297	0.007317
12.298	-0.000742
12.299	-0.002331
12.3	-4.1e-05
12.301	0.002726
12.302	0.003422
12.303	0.001236
12.304	-0.001394
12.305	-0.000782
12.306	0.003547
12.307	0.008592
12.308	0.011349
12.309	0.010856
12.31	0.008455
12.311	0.007694
12.312	0.012231
12.313	0.02161
12.314	0.029581
12.315	0.029207
12.316	0.021084
12.317	0.014323
12.318	0.017359
12.319	0.029495
12.32	0.042756
12.321	0.050071
12.322	0.050245
12.323	0.047117
12.324	0.04571
12.325	0.047875
12.326	0.050958
12.327	0.051138
12.328	0.047185
12.329	0.040958
12.33	0.035935
12.331	0.03579
12.332	0.042666
12.333	0.055286
12.334	0.06895
12.335	0.078347
12.336	0.080957
12.337	0.077955
12.338	0.072123
12.339	0.065281
12.34	0.057981
12.341	0.051162
12.342	0.046269
12.343	0.043615
12.344	0.042353
12.345	0.041767
12.346	0.04155
12.347	0.041271
12.348	0.04036
12.349	0.038877
12.35	0.037884
12.351	0.038567
12.352	0.040799
12.353	0.042704
12.354	0.042283
12.355	0.039764
12.356	0.038015
12.357	0.0403
12.358	0.047477
12.359	0.056962
12.36	0.064493
12.361	0.067346
12.362	0.065613
12.363	0.060981
12.364	0.055679
12.365	0.051872
12.366	0.050642
12.367	0.051309
12.368	0.051835
12.369	0.050294
12.37	0.046277
12.371	0.041247
12.372	0.038417
12.373	0.042597
12.374	0.058836
12.375	0.088141
12.376	0.121349
12.377	0.139011
12.378	0.124783
12.379	0.083122
12.38	0.040405
12.381	0.024771
12.382	0.044065
12.383	0.082641
12.384	0.117138
12.385	0.133468
12.386	0.131143
12.387	0.116939
12.388	0.097648
12.389	0.077691
12.39	0.060177
12.391	0.047605
12.392	0.040833
12.393	0.037872
12.394	0.034877
12.395	0.029242
12.396	0.021782
12.397	0.015892
12.398	0.014451
12.399	0.01691
12.4	0.019602
12.401	0.019222
12.402	0.014947
12.403	0.007733
12.404	-0.000277
12.405	-0.006171
12.406	-0.008041
12.407	-0.006452
12.408	-0.003634
12.409	-0.001495
12.41	-0.000666
12.411	-0.000872
12.412	-0.001786
12.413	-0.003631
12.414	-0.006815
12.415	-0.010853
12.416	-0.013962
12.417	-0.014052
12.418	-0.010603
12.419	-0.005799
12.42	-0.002926
12.421	-0.003271
12.422	-0.005687
12.423	-0.008637
12.424	-0.0109
12.425	-0.011288
12.426	-0.009616
12.427	-0.007584
12.428	-0.00778
12.429	-0.011694
12.43	-0.018326
12.431	-0.024413
12.432	-0.026766
12.433	-0.024975
12.434	-0.021417
12.435	-0.018683
12.436	-0.017384
12.437	-0.016008
12.438	-0.012542
12.439	-0.006459
12.44	0.00118
12.441	0.009332
12.442	0.016934
12.443	0.021685
12.444	0.021468
12.445	0.016707
12.446	0.009847
12.447	0.003276
12.448	-0.001897
12.449	-0.005896
12.45	-0.009315
12.451	-0.012131
12.452	-0.014078
12.453	-0.015624
12.454	-0.017696
12.455	-0.020516
12.456	-0.023146
12.457	-0.023934
12.458	-0.021577
12.459	-0.01647
12.46	-0.010921
12.461	-0.007471
12.462	-0.007461
12.463	-0.010781
12.464	-0.015459
12.465	-0.018298
12.466	-0.017269
12.467	-0.013223
12.468	-0.0095
12.469	-0.009683
12.47	-0.014696
12.471	-0.021795
12.472	-0.026739
12.473	-0.027086
12.474	-0.023734
12.475	-0.019932
12.476	-0.018757
12.477	-0.020968
12.478	-0.025144
12.479	-0.029405
12.48	-0.031406
12.481	-0.026214
12.482	-0.007421
12.483	0.026351
12.484	0.065396
12.485	0.090489
12.486	0.085519
12.487	0.053401
12.488	0.01716
12.489	0.001497
12.49	0.013592
12.491	0.04137
12.492	0.066539
12.493	0.077437
12.494	0.072504
12.495	0.05638
12.496	0.035419
12.497	0.015658
12.498	0.001517
12.499	-0.005802
12.5	-0.008255
12.501	-0.008618
12.502	-0.009113
12.503	-0.011611
12.504	-0.016438
12.505	-0.021048
12.506	-0.021896
12.507	-0.018069
12.508	-0.012441
12.509	-0.009072
12.51	-0.00992
12.511	-0.013976
12.512	-0.018517
12.513	-0.02097
12.514	-0.020644
12.515	-0.019084
12.516	-0.018145
12.517	-0.018003
12.518	-0.017624
12.519	-0.016609
12.52	-0.015475
12.521	-0.014273
12.522	-0.012694
12.523	-0.01144
12.524	-0.011364
12.525	-0.011576
12.526	-0.010122
12.527	-0.006576
12.528	-0.003231
12.529	-0.003275
12.53	-0.007652
12.531	-0.013767
12.532	-0.017539
12.533	-0.016975
12.534	-0.013804
12.535	-0.011604
12.536	-0.012524
12.537	-0.015969
12.538	-0.01986
12.539	-0.022696
12.54	-0.02437
12.541	-0.025227
12.542	-0.025757
12.543	-0.027109
12.544	-0.02972
12.545	-0.03149
12.546	-0.028873
12.547	-0.01983
12.548	-0.005633
12.549	0.009713
12.55	0.021526
12.551	0.026499
12.552	0.02398
12.553	0.01575
12.554	0.004573
12.555	-0.006939
12.556	-0.016687
12.557	-0.023307
12.558	-0.026238
12.559	-0.025882
12.56	-0.02357
12.561	-0.020673
12.562	-0.018381
12.563	-0.01811
12.564	-0.02028
12.565	-0.023071
12.566	-0.023881
12.567	-0.021966
12.568	-0.019294
12.569	-0.01885
12.57	-0.0218
12.571	-0.026155
12.572	-0.028385
12.573	-0.026405
12.574	-0.02108
12.575	-0.01532
12.576	-0.012088
12.577	-0.012712
12.578	-0.01633
12.579	-0.020913
12.58	-0.024505
12.581	-0.025399
12.582	-0.023145
12.583	-0.019942
12.584	-0.018824
12.585	-0.020428
12.586	-0.022801
12.587	-0.023288
12.588	-0.018974
12.589	-0.005732
12.59	0.020307
12.591	0.056643
12.592	0.08906
12.593	0.097355
12.594	0.073013
12.595	0.031381
12.596	0.0014
12.597	0.001984
12.598	0.029314
12.599	0.063945
12.6	0.086747
12.601	0.08974
12.602	0.075863
12.603	0.052437
12.604	0.026736
12.605	0.004984
12.606	-0.008748
12.607	-0.014067
12.608	-0.014279
12.609	-0.0142
12.61	-0.017014
12.611	-0.02259
12.612	-0.028339
12.613	-0.03143
12.614	-0.030883
12.615	-0.028382
12.616	-0.026863
12.617	-0.027905
12.618	-0.030852
12.619	-0.034308
12.62	-0.037105
12.621	-0.037677
12.622	-0.034915
12.623	-0.030178
12.624	-0.026208
12.625	-0.024105
12.626	-0.022767
12.627	-0.020829
12.628	-0.01861
12.629	-0.018166
12.63	-0.02106
12.631	-0.026009
12.632	-0.029323
12.633	-0.027914
12.634	-0.021934
12.635	-0.014856
12.636	-0.010813
12.637	-0.011387
12.638	-0.014952
12.639	-0.018831
12.64	-0.021193
12.641	-0.021092
12.642	-0.018874
12.643	-0.016949
12.644	-0.017932
12.645	-0.021891
12.646	-0.026423
12.647	-0.028861
12.648	-0.028321
12.649	-0.026216
12.65	-0.024784
12.651	-0.024865
12.652	-0.024962
12.653	-0.022325
12.654	-0.015218
12.655	-0.004464
12.656	0.007216
12.657	0.016916
12.658	0.022281
12.659	0.021651
12.66	0.015089
12.661	0.005524
12.662	-0.00301
12.663	-0.00883
12.664	-0.012877
12.665	-0.016151
12.666	-0.018247
12.667	-0.018237
12.668	-0.016726
12.669	-0.016291
12.67	-0.01888
12.671	-0.023158
12.672	-0.025276
12.673	-0.022465
12.674	-0.015883
12.675	-0.009882
12.676	-0.008429
12.677	-0.012359
12.678	-0.01961
12.679	-0.027239
12.68	-0.032791
12.681	-0.034359
12.682	-0.031696
12.683	-0.027787
12.684	-0.026815
12.685	-0.030057
12.686	-0.034865
12.687	-0.037448
12.688	-0.036254
12.689	-0.032689
12.69	-0.028962
12.691	-0.026052
12.692	-0.023847
12.693	-0.022307
12.694	-0.021621
12.695	-0.020609
12.696	-0.014877
12.697	0.001966
12.698	0.032111
12.699	0.066127
12.7	0.084373
12.701	0.072374
12.702	0.036415
12.703	0.000606
12.704	-0.012341
12.705	0.002752
12.706	0.033465
12.707	0.061588
12.708	0.07456
12.709	0.069686
12.71	0.051912
12.711	0.029021
12.712	0.007888
12.713	-0.006935
12.714	-0.013731
12.715	-0.014081
12.716	-0.012146
12.717	-0.012209
12.718	-0.016294
12.719	-0.023786
12.72	-0.031953
12.721	-0.036511
12.722	-0.03461
12.723	-0.028496
12.724	-0.0238
12.725	-0.023771
12.726	-0.026671
12.727	-0.028513
12.728	-0.027121
12.729	-0.023614
12.73	-0.021008
12.731	-0.021514
12.732	-0.024708
12.733	-0.028139
12.734	-0.02945
12.735	-0.028021
12.736	-0.025302
12.737	-0.023649
12.738	-0.024389
12.739	-0.026902
12.74	-0.029035
12.741	-0.028318
12.742	-0.024456
12.743	-0.020876
12.744	-0.021866
12.745	-0.028071
12.746	-0.035791
12.747	-0.040223
12.748	-0.038905
12.749	-0.033026
12.75	-0.026339
12.751	-0.022449
12.752	-0.022299
12.753	-0.023959
12.754	-0.024728
12.755	-0.023495
12.756	-0.021298
12.757	-0.019946
12.758	-0.020504
12.759	-0.022845
12.76	-0.025225
12.761	-0.024156
12.762	-0.016994
12.763	-0.005321
12.764	0.005922
12.765	0.012337
12.766	0.012397
12.767	0.007379
12.768	-5.5e-05
12.769	-0.007868
12.77	-0.015476
12.771	-0.022572
12.772	-0.027986
12.773	-0.030275
12.774	-0.028933
12.775	-0.024829
12.776	-0.019881
12.777	-0.016197
12.778	-0.01515
12.779	-0.016951
12.78	-0.020284
12.781	-0.022299
12.782	-0.020933
12.783	-0.017793
12.784	-0.016835
12.785	-0.020113
12.786	-0.025773
12.787	-0.029606
12.788	-0.028377
12.789	-0.022427
12.79	-0.015488
12.791	-0.01185
12.792	-0.013372
12.793	-0.018531
12.794	-0.023811
12.795	-0.02634
12.796	-0.02563
12.797	-0.023031
12.798	-0.020304
12.799	-0.01904
12.8	-0.020049
12.801	-0.021981
12.802	-0.021339
12.803	-0.014028
12.804	0.003703
12.805	0.032594
12.806	0.064859
12.807	0.083489
12.808	0.073476
12.809	0.037805
12.81	-0.000265
12.811	-0.014997
12.812	0.001642
12.813	0.03705
12.814	0.071021
12.815	0.089574
12.816	0.089612
12.817	0.07577
12.818	0.055043
12.819	0.032957
12.82	0.013095
12.821	-0.001306
12.822	-0.008181
12.823	-0.009586
12.824	-0.010793
12.825	-0.015331
12.826	-0.021874
12.827	-0.02613
12.828	-0.025321
12.829	-0.020652
12.83	-0.015868
12.831	-0.014079
12.832	-0.01575
12.833	-0.018924
12.834	-0.021024
12.835	-0.020811
12.836	-0.018849
12.837	-0.016474
12.838	-0.014875
12.839	-0.014916
12.84	-0.016508
12.841	-0.017786
12.842	-0.016874
12.843	-0.014963
12.844	-0.015449
12.845	-0.01979
12.846	-0.025631
12.847	-0.029033
12.848	-0.027967
12.849	-0.023717
12.85	-0.019611
12.851	-0.018584
12.852	-0.021165
12.853	-0.025212
12.854	-0.027792
12.855	-0.027453
12.856	-0.024738
12.857	-0.021324
12.858	-0.019386
12.859	-0.020919
12.86	-0.025932
12.861	-0.030968
12.862	-0.031643
12.863	-0.027545
12.864	-0.022615
12.865	-0.020452
12.866	-0.020786
12.867	-0.020361
12.868	-0.016114
12.869	-0.007523
12.87	0.003307
12.871	0.013243
12.872	0.019765
12.873	0.02159
12.874	0.018641
12.875	0.012104
12.876	0.004257
12.877	-0.002603
12.878	-0.007408
12.879	-0.010603
12.88	-0.012942
12.881	-0.013876
12.882	-0.012391
12.883	-0.00955
12.884	-0.008144
12.885	-0.009695
12.886	-0.01298
12.887	-0.01521
12.888	-0.014232
12.889	-0.010122
12.89	-0.005244
12.891	-0.002809
12.892	-0.004697
12.893	-0.010015
12.894	-0.015575
12.895	-0.017985
12.896	-0.016022
12.897	-0.011424
12.898	-0.007217
12.899	-0.005644
12.9	-0.007153
12.901	-0.009899
12.902	-0.011208
12.903	-0.010588
12.904	-0.009922
12.905	-0.010776
12.906	-0.01299
12.907	-0.015641
12.908	-0.018165
12.909	-0.019716
12.91	-0.017287
12.911	-0.005358
12.912	0.020056
12.913	0.054105
12.914	0.080245
12.915	0.080016
12.916	0.050699
12.917	0.012106
12.918	-0.008536
12.919	0.00057
12.92	0.02902
12.921	0.057508
12.922	0.073049
12.923	0.072787
12.924	0.060475
12.925	0.042465
12.926	0.024627
12.927	0.010702
12.928	0.002101
12.929	-0.00174
12.93	-0.002907
12.931	-0.004267
12.932	-0.00811
12.933	-0.014469
12.934	-0.020576
12.935	-0.022947
12.936	-0.020707
12.937	-0.016328
12.938	-0.01316
12.939	-0.013137
12.94	-0.016017
12.941	-0.019362
12.942	-0.020473
12.943	-0.019342
12.944	-0.018248
12.945	-0.018692
12.946	-0.020229
12.947	-0.021558
12.948	-0.02171
12.949	-0.020706
12.95	-0.019666
12.951	-0.020134
12.952	-0.02284
12.953	-0.026715
12.954	-0.02931
12.955	-0.028811
12.956	-0.02565
12.957	-0.02196
12.958	-0.020052
12.959	-0.021515
12.96	-0.02607
12.961	-0.030315
12.962	-0.029774
12.963	-0.023378
12.964	-0.01433
12.965	-0.006854
12.966	-0.003347
12.967	-0.003685
12.968	-0.006117
12.969	-0.008877
12.97	-0.011313
12.971	-0.013893
12.972	-0.017397
12.973	-0.021831
12.974	-0.025747
12.975	-0.026725
12.976	-0.022749
12.977	-0.013523
12.978	-0.001248
12.979	0.009674
12.98	0.014886
12.981	0.013205
12.982	0.006774
12.983	-0.001938
12.984	-0.011499
12.985	-0.020684
12.986	-0.028167
12.987	-0.032754
12.988	-0.033649
12.989	-0.031009
12.99	-0.02627
12.991	-0.021717
12.992	-0.0194
12.993	-0.01987
12.994	-0.02179
12.995	-0.022913
12.996	-0.021543
12.997	-0.017629
12.998	-0.013085
12.999	-0.01078
13.0	-0.012107
13.001	-0.014904
13.002	-0.015198
13.003	-0.011696
13.004	-0.007009
13.005	-0.004692
13.006	-0.006329
13.007	-0.010888
13.008	-0.016158
13.009	-0.020563
13.01	-0.023594
13.011	-0.02517
13.012	-0.025364
13.013	-0.024753
13.014	-0.024476
13.015	-0.025199
13.016	-0.02554
13.017	-0.0216
13.018	-0.008332
13.019	0.017247
13.02	0.051534
13.021	0.081841
13.022	0.090911
13.023	0.069919
13.024	0.030396
13.025	-0.001181
13.026	-0.004696
13.027	0.018696
13.028	0.051424
13.029	0.07524
13.03	0.082213
13.031	0.074573
13.032	0.058413
13.033	0.038953
13.034	0.019791
13.035	0.0038
13.036	-0.006971
13.037	-0.012352
13.038	-0.014196
13.039	-0.01526
13.04	-0.017467
13.041	-0.020116
13.042	-0.020804
13.043	-0.019013
13.044	-0.01708
13.045	-0.017419
13.046	-0.020305
13.047	-0.024312
13.048	-0.027767
13.049	-0.02935
13.05	-0.028163
13.051	-0.024335
13.052	-0.019415
13.053	-0.015516
13.054	-0.013953
13.055	-0.014499
13.056	-0.015764
13.057	-0.016583
13.058	-0.017355
13.059	-0.020058
13.06	-0.025852
13.061	-0.031859
13.062	-0.032516
13.063	-0.025572
13.064	-0.014952
13.065	-0.007062
13.066	-0.005501
13.067	-0.009266
13.068	-0.014609
13.069	-0.017954
13.07	-0.017978
13.071	-0.015939
13.072	-0.014358
13.073	-0.015208
13.074	-0.018519
13.075	-0.022322
13.076	-0.024262
13.077	-0.023412
13.078	-0.020819
13.079	-0.018866
13.08	-0.019264
13.081	-0.020751
13.082	-0.019985
13.083	-0.015046
13.084	-0.00676
13.085	0.002644
13.086	0.010528
13.087	0.014352
13.088	0.012983
13.089	0.007617
13.09	0.000664
13.091	-0.006175
13.092	-0.012524
13.093	-0.018605
13.094	-0.024128
13.095	-0.027856
13.096	-0.02849
13.097	-0.026057
13.098	-0.022571
13.099	-0.021269
13.1	-0.023996
13.101	-0.028455
13.102	-0.029542
13.103	-0.024416
13.104	-0.015114
13.105	-0.006461
13.106	-0.002552
13.107	-0.004361
13.108	-0.009659
13.109	-0.015133
13.11	-0.018582
13.111	-0.019523
13.112	-0.018788
13.113	-0.01791
13.114	-0.017994
13.115	-0.018671
13.116	-0.018394
13.117	-0.015977
13.118	-0.012161
13.119	-0.009888
13.12	-0.012047
13.121	-0.018176
13.122	-0.024658
13.123	-0.028177
13.124	-0.026597
13.125	-0.016743
13.126	0.005554
13.127	0.040584
13.128	0.078423
13.129	0.099828
13.13	0.090003
13.131	0.054721
13.132	0.019073
13.133	0.006979
13.134	0.02281
13.135	0.052173
13.136	0.076563
13.137	0.085948
13.138	0.080741
13.139	0.066208
13.14	0.047399
13.141	0.028591
13.142	0.013623
13.143	0.004106
13.144	-0.001741
13.145	-0.008007
13.146	-0.018674
13.147	-0.034503
13.148	-0.051566
13.149	-0.063672
13.15	-0.066761
13.151	-0.061366
13.152	-0.05175
13.153	-0.042877
13.154	-0.037486
13.155	-0.03541
13.156	-0.03476
13.157	-0.033197
13.158	-0.029432
13.159	-0.024856
13.16	-0.022644
13.161	-0.023882
13.162	-0.02612
13.163	-0.026622
13.164	-0.025042
13.165	-0.022789
13.166	-0.021362
13.167	-0.021233
13.168	-0.021558
13.169	-0.020828
13.17	-0.018159
13.171	-0.014201
13.172	-0.010826
13.173	-0.009925
13.174	-0.012123
13.175	-0.015963
13.176	-0.018392
13.177	-0.016969
13.178	-0.012218
13.179	-0.007495
13.18	-0.005935
13.181	-0.007491
13.182	-0.009702
13.183	-0.011168
13.184	-0.012881
13.185	-0.016148
13.186	-0.020209
13.187	-0.022538
13.188	-0.021334
13.189	-0.016782
13.19	-0.009625
13.191	0.000419
13.192	0.013714
13.193	0.028184
13.194	0.038732
13.195	0.040272
13.196	0.031806
13.197	0.017265
13.198	0.002157
13.199	-0.010313
13.2	-0.019471
13.201	-0.02462
13.202	-0.025031
13.203	-0.022576
13.204	-0.021414
13.205	-0.024669
13.206	-0.032418
13.207	-0.041497
13.208	-0.046675
13.209	-0.044188
13.21	-0.035567
13.211	-0.027364
13.212	-0.026245
13.213	-0.033142
13.214	-0.041782
13.215	-0.043929
13.216	-0.03608
13.217	-0.020804
13.218	-0.003783
13.219	0.008784
13.22	0.012618
13.221	0.008575
13.222	0.002403
13.223	-0.000116
13.224	0.003236
13.225	0.011236
13.226	0.02047
13.227	0.026825
13.228	0.0278
13.229	0.024477
13.23	0.021016
13.231	0.022072
13.232	0.03138
13.233	0.052333
13.234	0.085994
13.235	0.124323
13.236	0.147645
13.237	0.137611
13.238	0.097375
13.239	0.053833
13.24	0.035468
13.241	0.050109
13.242	0.083443
13.243	0.113725
13.244	0.12706
13.245	0.122675
13.246	0.107882
13.247	0.090475
13.248	0.075002
13.249	0.063196
13.25	0.05574
13.251	0.052885
13.252	0.053515
13.253	0.0546
13.254	0.052991
13.255	0.048232
13.256	0.043122
13.257	0.04122
13.258	0.043435
13.259	0.04643
13.26	0.045211
13.261	0.03855
13.262	0.030618
13.263	0.026463
13.264	0.027728
13.265	0.032804
13.266	0.038886
13.267	0.043516
13.268	0.04555
13.269	0.045614
13.27	0.045539
13.271	0.046784
13.272	0.048935
13.273	0.049835
13.274	0.04769
13.275	0.04303
13.276	0.038433
13.277	0.036633
13.278	0.03846
13.279	0.041632
13.28	0.042188
13.281	0.03841
13.282	0.032578
13.283	0.02826
13.284	0.027229
13.285	0.028854
13.286	0.030821
13.287	0.030512
13.288	0.026738
13.289	0.020601
13.29	0.014656
13.291	0.010986
13.292	0.009786
13.293	0.009561
13.294	0.008551
13.295	0.006228
13.296	0.004288
13.297	0.006136
13.298	0.01383
13.299	0.024849
13.3	0.033253
13.301	0.034935
13.302	0.030567
13.303	0.023365
13.304	0.016177
13.305	0.010638
13.306	0.007042
13.307	0.004538
13.308	0.002106
13.309	-0.000317
13.31	-0.001702
13.311	-0.00114
13.312	0.000713
13.313	0.001616
13.314	-0.000647
13.315	-0.006381
13.316	-0.013171
13.317	-0.01712
13.318	-0.015989
13.319	-0.011463
13.32	-0.007556
13.321	-0.006443
13.322	-0.006962
13.323	-0.007048
13.324	-0.005712
13.325	-0.003135
13.326	-0.000646
13.327	-0.000251
13.328	-0.003183
13.329	-0.008519
13.33	-0.013259
13.331	-0.0143
13.332	-0.011002
13.333	-0.006036
13.334	-0.003642
13.335	-0.006548
13.336	-0.013785
13.337	-0.021251
13.338	-0.02428
13.339	-0.019284
13.34	-0.003387
13.341	0.024998
13.342	0.061102
13.343	0.089409
13.344	0.091646
13.345	0.064713
13.346	0.028061
13.347	0.008538
13.348	0.017618
13.349	0.044494
13.35	0.068811
13.351	0.07712
13.352	0.068769
13.353	0.050868
13.354	0.030829
13.355	0.013152
13.356	0.000142
13.357	-0.007253
13.358	-0.009869
13.359	-0.010487
13.36	-0.012254
13.361	-0.015942
13.362	-0.019347
13.363	-0.020009
13.364	-0.017643
13.365	-0.013893
13.366	-0.010903
13.367	-0.010302
13.368	-0.012687
13.369	-0.01716
13.37	-0.021416
13.371	-0.023121
13.372	-0.021783
13.373	-0.019515
13.374	-0.019659
13.375	-0.023861
13.376	-0.030262
13.377	-0.034841
13.378	-0.034577
13.379	-0.029836
13.38	-0.023975
13.381	-0.020079
13.382	-0.018579
13.383	-0.018101
13.384	-0.016938
13.385	-0.013894
13.386	-0.009309
13.387	-0.005449
13.388	-0.005108
13.389	-0.009159
13.39	-0.015358
13.391	-0.019849
13.392	-0.020109
13.393	-0.016807
13.394	-0.013208
13.395	-0.012462
13.396	-0.014924
13.397	-0.018204
13.398	-0.020112
13.399	-0.021261
13.4	-0.023849
13.401	-0.027969
13.402	-0.031012
13.403	-0.030786
13.404	-0.026927
13.405	-0.019491
13.406	-0.008614
13.407	0.004076
13.408	0.015075
13.409	0.020829
13.41	0.020084
13.411	0.014628
13.412	0.00766
13.413	0.001139
13.414	-0.005264
13.415	-0.012603
13.416	-0.020502
13.417	-0.026719
13.418	-0.028834
13.419	-0.026648
13.42	-0.022565
13.421	-0.019089
13.422	-0.016885
13.423	-0.015466
13.424	-0.013945
13.425	-0.011217
13.426	-0.007274
13.427	-0.004127
13.428	-0.004095
13.429	-0.007192
13.43	-0.010558
13.431	-0.010482
13.432	-0.005441
13.433	0.002297
13.434	0.008013
13.435	0.007762
13.436	0.001195
13.437	-0.008003
13.438	-0.014931
13.439	-0.017604
13.44	-0.017961
13.441	-0.018541
13.442	-0.019844
13.443	-0.021363
13.444	-0.022727
13.445	-0.023165
13.446	-0.020887
13.447	-0.012537
13.448	0.006191
13.449	0.036119
13.45	0.068482
13.451	0.085731
13.452	0.074296
13.453	0.039613
13.454	0.00549
13.455	-0.004899
13.456	0.013076
13.457	0.04566
13.458	0.074155
13.459	0.086593
13.46	0.081022
13.461	0.063306
13.462	0.042339
13.463	0.024742
13.464	0.012805
13.465	0.005797
13.466	0.001604
13.467	-0.002162
13.468	-0.007191
13.469	-0.013794
13.47	-0.020709
13.471	-0.025752
13.472	-0.027393
13.473	-0.026094
13.474	-0.023984
13.475	-0.023133
13.476	-0.02397
13.477	-0.025037
13.478	-0.024422
13.479	-0.02191
13.48	-0.019333
13.481	-0.018336
13.482	-0.01878
13.483	-0.019673
13.484	-0.020088
13.485	-0.019181
13.486	-0.016637
13.487	-0.013422
13.488	-0.011872
13.489	-0.014272
13.49	-0.02055
13.491	-0.02748
13.492	-0.030746
13.493	-0.028317
13.494	-0.022123
13.495	-0.016457
13.496	-0.014437
13.497	-0.015716
13.498	-0.017674
13.499	-0.018657
13.5	-0.019252
13.501	-0.020236
13.502	-0.021151
13.503	-0.021784
13.504	-0.022943
13.505	-0.02489
13.506	-0.026392
13.507	-0.026145
13.508	-0.024576
13.509	-0.023452
13.51	-0.023759
13.511	-0.024266
13.512	-0.022158
13.513	-0.015338
13.514	-0.004586
13.515	0.006416
13.516	0.013487
13.517	0.014787
13.518	0.011582
13.519	0.006403
13.52	0.000991
13.521	-0.003839
13.522	-0.007833
13.523	-0.011553
13.524	-0.01563
13.525	-0.019459
13.526	-0.021614
13.527	-0.021614
13.528	-0.020673
13.529	-0.020407
13.53	-0.021072
13.531	-0.021294
13.532	-0.019515
13.533	-0.015767
13.534	-0.012242
13.535	-0.011843
13.536	-0.015473
13.537	-0.020783
13.538	-0.024212
13.539	-0.024326
13.54	-0.022657
13.541	-0.021251
13.542	-0.02076
13.543	-0.021168
13.544	-0.022234
13.545	-0.022694
13.546	-0.020762
13.547	-0.01611
13.548	-0.010825
13.549	-0.008057
13.55	-0.009637
13.551	-0.014726
13.552	-0.020412
13.553	-0.023384
13.554	-0.020501
13.555	-0.007901
13.556	0.017574
13.557	0.052365
13.558	0.081891
13.559	0.087519
13.56	0.063402
13.561	0.026011
13.562	0.002023
13.563	0.005815
13.564	0.030713
13.565	0.059113
13.566	0.076747
13.567	0.078975
13.568	0.068807
13.569	0.052083
13.57	0.034208
13.571	0.019072
13.572	0.008541
13.573	0.001952
13.574	-0.003269
13.575	-0.009425
13.576	-0.016638
13.577	-0.022855
13.578	-0.02544
13.579	-0.023509
13.58	-0.018996
13.581	-0.014834
13.582	-0.012925
13.583	-0.014062
13.584	-0.017722
13.585	-0.021481
13.586	-0.022383
13.587	-0.019648
13.588	-0.015657
13.589	-0.013879
13.59	-0.015593
13.591	-0.018559
13.592	-0.019042
13.593	-0.015334
13.594	-0.0093
13.595	-0.004631
13.596	-0.003912
13.597	-0.006826
13.598	-0.010549
13.599	-0.012303
13.6	-0.011678
13.601	-0.010034
13.602	-0.008893
13.603	-0.009676
13.604	-0.013022
13.605	-0.017503
13.606	-0.020369
13.607	-0.019973
13.608	-0.017157
13.609	-0.014309
13.61	-0.013142
13.611	-0.01349
13.612	-0.01413
13.613	-0.01428
13.614	-0.014134
13.615	-0.0145
13.616	-0.016096
13.617	-0.018322
13.618	-0.018663
13.619	-0.014379
13.62	-0.004855
13.621	0.00813
13.622	0.021196
13.623	0.029994
13.624	0.031355
13.625	0.025888
13.626	0.017432
13.627	0.009787
13.628	0.004248
13.629	-0.000158
13.63	-0.004611
13.631	-0.008879
13.632	-0.011564
13.633	-0.011582
13.634	-0.009408
13.635	-0.007145
13.636	-0.007036
13.637	-0.009324
13.638	-0.011999
13.639	-0.013144
13.64	-0.012765
13.641	-0.011871
13.642	-0.011384
13.643	-0.012511
13.644	-0.015928
13.645	-0.019991
13.646	-0.021458
13.647	-0.018507
13.648	-0.012634
13.649	-0.007512
13.65	-0.006011
13.651	-0.008047
13.652	-0.010949
13.653	-0.011887
13.654	-0.010236
13.655	-0.007985
13.656	-0.00774
13.657	-0.010127
13.658	-0.013421
13.659	-0.015545
13.66	-0.015179
13.661	-0.010248
13.662	0.00302
13.663	0.02725
13.664	0.058816
13.665	0.084872
13.666	0.088705
13.667	0.064365
13.668	0.026609
13.669	0.001405
13.67	0.004837
13.671	0.032407
13.672	0.066454
13.673	0.090284
13.674	0.096328
13.675	0.085887
13.676	0.065188
13.677	0.041737
13.678	0.021545
13.679	0.007335
13.68	-0.001349
13.681	-0.006161
13.682	-0.008704
13.683	-0.010953
13.684	-0.014504
13.685	-0.018645
13.686	-0.020647
13.687	-0.018677
13.688	-0.01435
13.689	-0.012017
13.69	-0.014914
13.691	-0.021896
13.692	-0.028229
13.693	-0.029592
13.694	-0.025512
13.695	-0.019332
13.696	-0.014989
13.697	-0.013877
13.698	-0.014473
13.699	-0.014462
13.7	-0.012916
13.701	-0.010331
13.702	-0.007808
13.703	-0.007022
13.704	-0.009262
13.705	-0.013537
13.706	-0.016819
13.707	-0.016775
13.708	-0.014056
13.709	-0.011578
13.71	-0.011484
13.711	-0.013242
13.712	-0.014803
13.713	-0.014924
13.714	-0.014009
13.715	-0.013195
13.716	-0.013207
13.717	-0.013959
13.718	-0.014684
13.719	-0.014746
13.72	-0.014508
13.721	-0.014661
13.722	-0.015527
13.723	-0.017751
13.724	-0.021816
13.725	-0.025932
13.726	-0.025859
13.727	-0.018087
13.728	-0.003359
13.729	0.013219
13.73	0.025433
13.731	0.029512
13.732	0.025782
13.733	0.017683
13.734	0.008873
13.735	0.000993
13.736	-0.006071
13.737	-0.01252
13.738	-0.017794
13.739	-0.021366
13.74	-0.023391
13.741	-0.023799
13.742	-0.022341
13.743	-0.020328
13.744	-0.020055
13.745	-0.021902
13.746	-0.023758
13.747	-0.023655
13.748	-0.021893
13.749	-0.020461
13.75	-0.020955
13.751	-0.023052
13.752	-0.024636
13.753	-0.023558
13.754	-0.019588
13.755	-0.01482
13.756	-0.012261
13.757	-0.01353
13.758	-0.017404
13.759	-0.02078
13.76	-0.021068
13.761	-0.017617
13.762	-0.012169
13.763	-0.008377
13.764	-0.009191
13.765	-0.014195
13.766	-0.020291
13.767	-0.024169
13.768	-0.022992
13.769	-0.013437
13.77	0.0078
13.771	0.039714
13.772	0.071537
13.773	0.084768
13.774	0.067589
13.775	0.029596
13.776	-0.002316
13.777	-0.005861
13.778	0.019428
13.779	0.055071
13.78	0.080045
13.781	0.084769
13.782	0.072684
13.783	0.052349
13.784	0.03078
13.785	0.012417
13.786	-0.000195
13.787	-0.006695
13.788	-0.009302
13.789	-0.011966
13.79	-0.017713
13.791	-0.025921
13.792	-0.03257
13.793	-0.033725
13.794	-0.029005
13.795	-0.022075
13.796	-0.017865
13.797	-0.018809
13.798	-0.02334
13.799	-0.027918
13.8	-0.030079
13.801	-0.029356
13.802	-0.026892
13.803	-0.025131
13.804	-0.026099
13.805	-0.029228
13.806	-0.031858
13.807	-0.031707
13.808	-0.028658
13.809	-0.024654
13.81	-0.021908
13.811	-0.02109
13.812	-0.02109
13.813	-0.020069
13.814	-0.016912
13.815	-0.01241
13.816	-0.008931
13.817	-0.00835
13.818	-0.010422
13.819	-0.013431
13.82	-0.015766
13.821	-0.016273
13.822	-0.014548
13.823	-0.012018
13.824	-0.01118
13.825	-0.013009
13.826	-0.016012
13.827	-0.018028
13.828	-0.018726
13.829	-0.019971
13.83	-0.023346
13.831	-0.027697
13.832	-0.029559
13.833	-0.025881
13.834	-0.01642
13.835	-0.004019
13.836	0.007348
13.837	0.014749
13.838	0.016738
13.839	0.012689
13.84	0.003166
13.841	-0.00853
13.842	-0.017311
13.843	-0.020711
13.844	-0.020887
13.845	-0.021346
13.846	-0.023066
13.847	-0.024307
13.848	-0.023385
13.849	-0.020831
13.85	-0.018945
13.851	-0.019714
13.852	-0.023006
13.853	-0.026506
13.854	-0.027642
13.855	-0.026029
13.856	-0.023961
13.857	-0.024111
13.858	-0.026796
13.859	-0.029663
13.86	-0.029575
13.861	-0.024503
13.862	-0.015102
13.863	-0.005535
13.864	-0.001139
13.865	-0.003927
13.866	-0.010867
13.867	-0.016846
13.868	-0.018868
13.869	-0.01758
13.87	-0.015772
13.871	-0.015872
13.872	-0.018337
13.873	-0.021863
13.874	-0.024579
13.875	-0.024295
13.876	-0.017438
13.877	0.000708
13.878	0.031358
13.879	0.065326
13.88	0.083505
13.881	0.071002
13.882	0.033237
13.883	-0.005239
13.884	-0.019918
13.885	-0.004147
13.886	0.029695
13.887	0.062391
13.888	0.080359
13.889	0.080155
13.89	0.06581
13.891	0.044296
13.892	0.022462
13.893	0.005198
13.894	-0.005645
13.895	-0.010952
13.896	-0.013106
13.897	-0.014696
13.898	-0.017141
13.899	-0.020006
13.9	-0.021583
13.901	-0.020047
13.902	-0.015311
13.903	-0.010556
13.904	-0.01032
13.905	-0.016213
13.906	-0.025305
13.907	-0.032737
13.908	-0.035397
13.909	-0.03348
13.91	-0.029528
13.911	-0.026402
13.912	-0.025594
13.913	-0.026815
13.914	-0.028833
13.915	-0.030563
13.916	-0.031689
13.917	-0.032661
13.918	-0.033914
13.919	-0.035174
13.92	-0.035345
13.921	-0.032658
13.922	-0.026158
13.923	-0.017918
13.924	-0.012287
13.925	-0.012058
13.926	-0.016094
13.927	-0.020657
13.928	-0.022697
13.929	-0.022221
13.93	-0.021678
13.931	-0.02314
13.932	-0.026422
13.933	-0.029746
13.934	-0.031356
13.935	-0.030503
13.936	-0.027942
13.937	-0.025509
13.938	-0.024558
13.939	-0.024971
13.94	-0.025269
13.941	-0.022812
13.942	-0.015252
13.943	-0.003414
13.944	0.008376
13.945	0.01565
13.946	0.016726
13.947	0.012791
13.948	0.006364
13.949	-0.000359
13.95	-0.006453
13.951	-0.012237
13.952	-0.018379
13.953	-0.024673
13.954	-0.029638
13.955	-0.031719
13.956	-0.030972
13.957	-0.029027
13.958	-0.027425
13.959	-0.0266
13.96	-0.025939
13.961	-0.023995
13.962	-0.019772
13.963	-0.0148
13.964	-0.012474
13.965	-0.014561
13.966	-0.019194
13.967	-0.022466
13.968	-0.021864
13.969	-0.018416
13.97	-0.015671
13.971	-0.01653
13.972	-0.020867
13.973	-0.025757
13.974	-0.027875
13.975	-0.026123
13.976	-0.022193
13.977	-0.018663
13.978	-0.017242
13.979	-0.018723
13.98	-0.022759
13.981	-0.026652
13.982	-0.025925
13.983	-0.016937
13.984	0.002257
13.985	0.03193
13.986	0.067021
13.987	0.093281
13.988	0.093475
13.989	0.063783
13.99	0.022741
13.991	-0.001626
13.992	0.00529
13.993	0.035316
13.994	0.067802
13.995	0.085983
13.996	0.085269
13.997	0.07104
13.998	0.051809
13.999	0.033926
14.0	0.020365
14.001	0.012105
14.002	0.008722
14.003	0.007611
14.004	0.004777
14.005	-0.002237
14.006	-0.012269
14.007	-0.021418
14.008	-0.026232
14.009	-0.026497
14.01	-0.025126
14.011	-0.02539
14.012	-0.02815
14.013	-0.031551
14.014	-0.033106
14.015	-0.031737
14.016	-0.027963
14.017	-0.02318
14.018	-0.019379
14.019	-0.018621
14.02	-0.021492
14.021	-0.025621
14.022	-0.02709
14.023	-0.024455
14.024	-0.020218
14.025	-0.01779
14.026	-0.017993
14.027	-0.018731
14.028	-0.017697
14.029	-0.015085
14.03	-0.013466
14.031	-0.015163
14.032	-0.020068
14.033	-0.025861
14.034	-0.029796
14.035	-0.030174
14.036	-0.026793
14.037	-0.02093
14.038	-0.014874
14.039	-0.010829
14.04	-0.00965
14.041	-0.010084
14.042	-0.009971
14.043	-0.009084
14.044	-0.009708
14.045	-0.013712
14.046	-0.019915
14.047	-0.024685
14.048	-0.024613
14.049	-0.018525
14.05	-0.007696
14.051	0.004736
14.052	0.014534
14.053	0.017881
14.054	0.013464
14.055	0.003591
14.056	-0.007153
14.057	-0.015014
14.058	-0.019099
14.059	-0.020926
14.06	-0.022257
14.061	-0.022908
14.062	-0.021281
14.063	-0.017444
14.064	-0.014042
14.065	-0.013575
14.066	-0.015946
14.067	-0.01903
14.068	-0.02102
14.069	-0.021912
14.07	-0.023178
14.071	-0.026304
14.072	-0.031337
14.073	-0.036588
14.074	-0.039732
14.075	-0.039268
14.076	-0.035298
14.077	-0.029502
14.078	-0.024519
14.079	-0.023059
14.08	-0.026179
14.081	-0.031272
14.082	-0.033394
14.083	-0.030024
14.084	-0.023254
14.085	-0.017103
14.086	-0.014358
14.087	-0.01581
14.088	-0.0204
14.089	-0.025064
14.09	-0.024796
14.091	-0.013631
14.092	0.012439
14.093	0.049967
14.094	0.084048
14.095	0.094173
14.096	0.071046
14.097	0.029271
14.098	-0.001269
14.099	0.000201
14.1	0.030335
14.101	0.069053
14.102	0.096797
14.103	0.104698
14.104	0.094672
14.105	0.074524
14.106	0.052339
14.107	0.03303
14.108	0.018011
14.109	0.006613
14.11	-0.002314
14.111	-0.009365
14.112	-0.014517
14.113	-0.017699
14.114	-0.019031
14.115	-0.018572
14.116	-0.016226
14.117	-0.012111
14.118	-0.007244
14.119	-0.003918
14.12	-0.004398
14.121	-0.008123
14.122	-0.011096
14.123	-0.009656
14.124	-0.004327
14.125	0.000795
14.126	0.002051
14.127	-0.00035
14.128	-0.002833
14.129	-0.002655
14.13	-0.001055
14.131	-0.001737
14.132	-0.006713
14.133	-0.014017
14.134	-0.01905
14.135	-0.018053
14.136	-0.011216
14.137	-0.002889
14.138	0.001845
14.139	0.001154
14.14	-0.002584
14.141	-0.004814
14.142	-0.002019
14.143	0.005475
14.144	0.013295
14.145	0.015986
14.146	0.01098
14.147	0.000863
14.148	-0.008062
14.149	-0.010507
14.15	-0.006568
14.151	-0.001433
14.152	-0.000385
14.153	-0.004179
14.154	-0.008982
14.155	-0.009954
14.156	-0.004966
14.157	0.004791
14.158	0.016773
14.159	0.027912
14.16	0.034532
14.161	0.034363
14.162	0.028753
14.163	0.021629
14.164	0.016275
14.165	0.012923
14.166	0.009706
14.167	0.006724
14.168	0.007513
14.169	0.013886
14.17	0.020407
14.171	0.018105
14.172	0.005163
14.173	-0.008985
14.174	-0.012552
14.175	-0.002755
14.176	0.013208
14.177	0.025839
14.178	0.029509
14.179	0.023687
14.18	0.012983
14.181	0.006597
14.182	0.012688
14.183	0.030247
14.184	0.049066
14.185	0.058982
14.186	0.057804
14.187	0.050875
14.188	0.045225
14.189	0.0452
14.19	0.051696
14.191	0.062224
14.192	0.07138
14.193	0.073664
14.194	0.06715
14.195	0.054637
14.196	0.042145
14.197	0.036745
14.198	0.04463
14.199	0.068575
14.2	0.103921
14.201	0.13594
14.202	0.144841
14.203	0.120538
14.204	0.075817
14.205	0.040264
14.206	0.036584
14.207	0.063363
14.208	0.100168
14.209	0.125887
14.21	0.132012
14.211	0.122962
14.212	0.108166
14.213	0.094451
14.214	0.083617
14.215	0.074694
14.216	0.067141
14.217	0.061579
14.218	0.058143
14.219	0.055239
14.22	0.050809
14.221	0.045179
14.222	0.041394
14.223	0.041719
14.224	0.045085
14.225	0.048541
14.226	0.049899
14.227	0.048853
14.228	0.04679
14.229	0.045945
14.23	0.048084
14.231	0.053199
14.232	0.059087
14.233	0.062376
14.234	0.060672
14.235	0.054557
14.236	0.047465
14.237	0.043
14.238	0.042263
14.239	0.043472
14.24	0.043827
14.241	0.042298
14.242	0.040455
14.243	0.040091
14.244	0.040808
14.245	0.040383
14.246	0.037045
14.247	0.031304
14.248	0.02574
14.249	0.022977
14.25	0.023535
14.251	0.025356
14.252	0.025369
14.253	0.021787
14.254	0.015457
14.255	0.009444
14.256	0.006883
14.257	0.008451
14.258	0.011607
14.259	0.012152
14.26	0.007384
14.261	-0.000826
14.262	-0.006556
14.263	-0.004806
14.264	0.004325
14.265	0.016404
14.266	0.026133
14.267	0.029647
14.268	0.025263
14.269	0.014031
14.27	-0.000273
14.271	-0.012915
14.272	-0.02106
14.273	-0.025282
14.274	-0.028176
14.275	-0.031517
14.276	-0.035023
14.277	-0.037432
14.278	-0.03811
14.279	-0.037816
14.28	-0.038131
14.281	-0.039588
14.282	-0.040855
14.283	-0.040621
14.284	-0.039249
14.285	-0.038015
14.286	-0.037753
14.287	-0.038315
14.288	-0.03847
14.289	-0.036228
14.29	-0.029817
14.291	-0.019338
14.292	-0.007811
14.293	0.000193
14.294	0.0017
14.295	-0.002672
14.296	-0.009429
14.297	-0.014568
14.298	-0.016071
14.299	-0.015338
14.3	-0.015849
14.301	-0.019434
14.302	-0.024548
14.303	-0.028467
14.304	-0.028825
14.305	-0.022123
14.306	-0.003499
14.307	0.02844
14.308	0.064459
14.309	0.084471
14.31	0.071392
14.311	0.029534
14.312	-0.014308
14.313	-0.032217
14.314	-0.01699
14.315	0.016488
14.316	0.046925
14.317	0.061646
14.318	0.059817
14.319	0.046686
14.32	0.028032
14.321	0.009195
14.322	-0.004889
14.323	-0.011899
14.324	-0.013718
14.325	-0.014602
14.326	-0.017924
14.327	-0.024214
14.328	-0.031135
14.329	-0.035213
14.33	-0.034554
14.331	-0.030656
14.332	-0.027527
14.333	-0.028715
14.334	-0.03482
14.335	-0.043296
14.336	-0.050133
14.337	-0.052078
14.338	-0.048563
14.339	-0.042276
14.34	-0.037252
14.341	-0.035407
14.342	-0.035185
14.343	-0.034083
14.344	-0.031548
14.345	-0.029058
14.346	-0.028341
14.347	-0.02975
14.348	-0.032075
14.349	-0.033765
14.35	-0.034221
14.351	-0.033971
14.352	-0.033992
14.353	-0.035152
14.354	-0.037808
14.355	-0.041107
14.356	-0.042688
14.357	-0.040177
14.358	-0.033671
14.359	-0.026455
14.36	-0.022684
14.361	-0.02374
14.362	-0.02713
14.363	-0.029514
14.364	-0.02985
14.365	-0.029216
14.366	-0.028884
14.367	-0.029125
14.368	-0.029293
14.369	-0.028374
14.37	-0.025322
14.371	-0.019452
14.372	-0.011099
14.373	-0.002172
14.374	0.004203
14.375	0.00554
14.376	0.002087
14.377	-0.003317
14.378	-0.007581
14.379	-0.009568
14.38	-0.010367
14.381	-0.011516
14.382	-0.013422
14.383	-0.015887
14.384	-0.018941
14.385	-0.022512
14.386	-0.026215
14.387	-0.029795
14.388	-0.03315
14.389	-0.035757
14.39	-0.036591
14.391	-0.035152
14.392	-0.032448
14.393	-0.030607
14.394	-0.031284
14.395	-0.034136
14.396	-0.036628
14.397	-0.035579
14.398	-0.029626
14.399	-0.021118
14.4	-0.015075
14.401	-0.014706
14.402	-0.018444
14.403	-0.022386
14.404	-0.02413
14.405	-0.023512
14.406	-0.021591
14.407	-0.020295
14.408	-0.021985
14.409	-0.027976
14.41	-0.037241
14.411	-0.046301
14.412	-0.049686
14.413	-0.040974
14.414	-0.015562
14.415	0.02427
14.416	0.065062
14.417	0.086224
14.418	0.075211
14.419	0.041064
14.42	0.009475
14.421	0.002276
14.422	0.021704
14.423	0.052243
14.424	0.074854
14.425	0.079703
14.426	0.068423
14.427	0.04855
14.428	0.027872
14.429	0.011828
14.43	0.002481
14.431	-0.001796
14.432	-0.005016
14.433	-0.010919
14.434	-0.02069
14.435	-0.032355
14.436	-0.04186
14.437	-0.04521
14.438	-0.041075
14.439	-0.032418
14.44	-0.024849
14.441	-0.022132
14.442	-0.023553
14.443	-0.025916
14.444	-0.026783
14.445	-0.025535
14.446	-0.023074
14.447	-0.021214
14.448	-0.021451
14.449	-0.023939
14.45	-0.027618
14.451	-0.030983
14.452	-0.03286
14.453	-0.033089
14.454	-0.032621
14.455	-0.032543
14.456	-0.032677
14.457	-0.031255
14.458	-0.026693
14.459	-0.02009
14.46	-0.015085
14.461	-0.014336
14.462	-0.016924
14.463	-0.019963
14.464	-0.021343
14.465	-0.020491
14.466	-0.018185
14.467	-0.016169
14.468	-0.015968
14.469	-0.01761
14.47	-0.019636
14.471	-0.020497
14.472	-0.019978
14.473	-0.019456
14.474	-0.020857
14.475	-0.024983
14.476	-0.030316
14.477	-0.033261
14.478	-0.030135
14.479	-0.019842
14.48	-0.00499
14.481	0.009737
14.482	0.020072
14.483	0.023456
14.484	0.019745
14.485	0.011381
14.486	0.001837
14.487	-0.006549
14.488	-0.013437
14.489	-0.019724
14.49	-0.025912
14.491	-0.031135
14.492	-0.034016
14.493	-0.034291
14.494	-0.033231
14.495	-0.03246
14.496	-0.032357
14.497	-0.031663
14.498	-0.029014
14.499	-0.025115
14.5	-0.022858
14.501	-0.024346
14.502	-0.028253
14.503	-0.031125
14.504	-0.030497
14.505	-0.026162
14.506	-0.019732
14.507	-0.013907
14.508	-0.011538
14.509	-0.014124
14.51	-0.020406
14.511	-0.026723
14.512	-0.029418
14.513	-0.027412
14.514	-0.022906
14.515	-0.019718
14.516	-0.020343
14.517	-0.024038
14.518	-0.027458
14.519	-0.02682
14.52	-0.01898
14.521	-0.00077
14.522	0.029261
14.523	0.06457
14.524	0.088085
14.525	0.082771
14.526	0.048836
14.527	0.008079
14.528	-0.012553
14.529	-0.001876
14.53	0.030219
14.531	0.063838
14.532	0.08313
14.533	0.08293
14.534	0.06696
14.535	0.04267
14.536	0.017734
14.537	-0.00151
14.538	-0.011831
14.539	-0.014668
14.54	-0.014895
14.541	-0.016516
14.542	-0.0196
14.543	-0.021823
14.544	-0.021691
14.545	-0.019485
14.546	-0.01656
14.547	-0.014864
14.548	-0.016477
14.549	-0.022345
14.55	-0.030994
14.551	-0.038865
14.552	-0.042472
14.553	-0.040901
14.554	-0.036635
14.555	-0.033469
14.556	-0.033043
14.557	-0.033642
14.558	-0.032551
14.559	-0.029301
14.56	-0.026075
14.561	-0.024803
14.562	-0.024978
14.563	-0.025041
14.564	-0.024207
14.565	-0.022254
14.566	-0.019381
14.567	-0.01702
14.568	-0.017379
14.569	-0.021309
14.57	-0.026997
14.571	-0.031233
14.572	-0.032099
14.573	-0.030544
14.574	-0.029506
14.575	-0.031263
14.576	-0.035321
14.577	-0.038742
14.578	-0.038392
14.579	-0.033367
14.58	-0.025737
14.581	-0.018736
14.582	-0.014539
14.583	-0.013678
14.584	-0.014839
14.585	-0.014733
14.586	-0.010015
14.587	-0.000394
14.588	0.010446
14.589	0.01707
14.59	0.015689
14.591	0.006571
14.592	-0.006184
14.593	-0.017713
14.594	-0.025683
14.595	-0.030744
14.596	-0.034389
14.597	-0.036939
14.598	-0.037506
14.599	-0.035754
14.6	-0.033133
14.601	-0.03146
14.602	-0.030892
14.603	-0.030344
14.604	-0.028666
14.605	-0.024751
14.606	-0.01826
14.607	-0.01094
14.608	-0.006126
14.609	-0.006232
14.61	-0.010562
14.611	-0.015592
14.612	-0.017631
14.613	-0.015591
14.614	-0.011588
14.615	-0.009128
14.616	-0.010478
14.617	-0.014948
14.618	-0.01924
14.619	-0.020055
14.62	-0.016772
14.621	-0.011401
14.622	-0.006676
14.623	-0.005045
14.624	-0.007994
14.625	-0.014666
14.626	-0.021452
14.627	-0.023166
14.628	-0.014495
14.629	0.007693
14.63	0.039726
14.631	0.067576
14.632	0.072545
14.633	0.047289
14.634	0.006825
14.635	-0.021423
14.636	-0.02014
14.637	0.006566
14.638	0.040857
14.639	0.065458
14.64	0.07235
14.641	0.063836
14.642	0.048283
14.643	0.033576
14.644	0.023208
14.645	0.017125
14.646	0.01394
14.647	0.011626
14.648	0.007586
14.649	-0.000257
14.65	-0.011676
14.651	-0.023512
14.652	-0.031432
14.653	-0.033066
14.654	-0.029971
14.655	-0.02654
14.656	-0.026369
14.657	-0.029067
14.658	-0.030935
14.659	-0.028867
14.66	-0.022913
14.661	-0.015158
14.662	-0.007732
14.663	-0.002505
14.664	-0.000621
14.665	-0.001218
14.666	-0.00207
14.667	-0.002174
14.668	-0.002951
14.669	-0.006558
14.67	-0.013355
14.671	-0.021256
14.672	-0.027335
14.673	-0.029964
14.674	-0.030007
14.675	-0.030231
14.676	-0.032673
14.677	-0.036195
14.678	-0.037293
14.679	-0.033449
14.68	-0.025235
14.681	-0.01516
14.682	-0.005645
14.683	0.001358
14.684	0.004672
14.685	0.004997
14.686	0.004483
14.687	0.004458
14.688	0.003884
14.689	0.000293
14.69	-0.007405
14.691	-0.016833
14.692	-0.022985
14.693	-0.021524
14.694	-0.012081
14.695	0.001174
14.696	0.012565
14.697	0.018597
14.698	0.018952
14.699	0.015165
14.7	0.009285
14.701	0.003687
14.702	0.000536
14.703	-1.9e-05
14.704	8.6e-05
14.705	-0.000492
14.706	-0.001099
14.707	-0.000907
14.708	-0.000933
14.709	-0.003344
14.71	-0.00901
14.711	-0.016321
14.712	-0.022592
14.713	-0.026468
14.714	-0.028975
14.715	-0.032153
14.716	-0.036594
14.717	-0.040388
14.718	-0.04019
14.719	-0.033456
14.72	-0.020453
14.721	-0.00429
14.722	0.010714
14.723	0.020468
14.724	0.022872
14.725	0.019561
14.726	0.014747
14.727	0.011466
14.728	0.009184
14.729	0.005071
14.73	-0.002819
14.731	-0.013818
14.732	-0.025424
14.733	-0.034821
14.734	-0.039341
14.735	-0.035559
14.736	-0.019111
14.737	0.011514
14.738	0.048303
14.739	0.072638
14.74	0.067838
14.741	0.037396
14.742	0.006475
14.743	0.000446
14.744	0.024083
14.745	0.06233
14.746	0.095623
14.747	0.111808
14.748	0.108395
14.749	0.089468
14.75	0.061936
14.751	0.032823
14.752	0.00762
14.753	-0.010844
14.754	-0.022914
14.755	-0.031158
14.756	-0.038023
14.757	-0.043495
14.758	-0.044706
14.759	-0.038566
14.76	-0.025075
14.761	-0.007694
14.762	0.008612
14.763	0.019078
14.764	0.021141
14.765	0.016473
14.766	0.009773
14.767	0.0046
14.768	0.00103
14.769	-0.002976
14.77	-0.009181
14.771	-0.017878
14.772	-0.02777
14.773	-0.036631
14.774	-0.042778
14.775	-0.046342
14.776	-0.04862
14.777	-0.049879
14.778	-0.048536
14.779	-0.043004
14.78	-0.033547
14.781	-0.021781
14.782	-0.009582
14.783	0.000673
14.784	0.006647
14.785	0.008097
14.786	0.007126
14.787	0.005802
14.788	0.004048
14.789	-0.000186
14.79	-0.008673
14.791	-0.020495
14.792	-0.032009
14.793	-0.039484
14.794	-0.041994
14.795	-0.041851
14.796	-0.042033
14.797	-0.043081
14.798	-0.042642
14.799	-0.037754
14.8	-0.027108
14.801	-0.011372
14.802	0.00729
14.803	0.02507
14.804	0.037497
14.805	0.042031
14.806	0.039116
14.807	0.03084
14.808	0.019396
14.809	0.00637
14.81	-0.007236
14.811	-0.020542
14.812	-0.032649
14.813	-0.042902
14.814	-0.051106
14.815	-0.057565
14.816	-0.06264
14.817	-0.065839
14.818	-0.06553
14.819	-0.060132
14.82	-0.049706
14.821	-0.035987
14.822	-0.021371
14.823	-0.008673
14.824	-0.000553
14.825	0.002284
14.826	0.001765
14.827	0.000648
14.828	-0.000397
14.829	-0.004086
14.83	-0.014262
14.831	-0.031744
14.832	-0.052379
14.833	-0.069365
14.834	-0.077839
14.835	-0.077701
14.836	-0.072482
14.837	-0.066011
14.838	-0.060317
14.839	-0.055956
14.84	-0.052612
14.841	-0.047978
14.842	-0.037025
14.843	-0.014598
14.844	0.020173
14.845	0.060064
14.846	0.088916
14.847	0.089122
14.848	0.056866
14.849	0.010181
14.85	-0.023216
14.851	-0.027928
14.852	-0.010213
14.853	0.011553
14.854	0.022106
14.855	0.016976
14.856	0.000764
14.857	-0.018482
14.858	-0.033829
14.859	-0.041535
14.86	-0.041088
14.861	-0.034101
14.862	-0.023591
14.863	-0.014026
14.864	-0.00997
14.865	-0.013075
14.866	-0.020883
14.867	-0.029258
14.868	-0.036034
14.869	-0.042417
14.87	-0.051404
14.871	-0.064991
14.872	-0.082052
14.873	-0.098341
14.874	-0.109099
14.875	-0.112264
14.876	-0.109182
14.877	-0.102677
14.878	-0.095034
14.879	-0.087453
14.88	-0.080134
14.881	-0.071996
14.882	-0.061544
14.883	-0.049471
14.884	-0.039221
14.885	-0.033716
14.886	-0.032588
14.887	-0.033491
14.888	-0.03527
14.889	-0.039217
14.89	-0.047619
14.891	-0.061105
14.892	-0.077064
14.893	-0.090883
14.894	-0.099029
14.895	-0.100808
14.896	-0.097574
14.897	-0.091116
14.898	-0.082697
14.899	-0.072799
14.9	-0.061329
14.901	-0.048098
14.902	-0.033953
14.903	-0.021906
14.904	-0.01576
14.905	-0.016563
14.906	-0.021252
14.907	-0.025156
14.908	-0.025406
14.909	-0.022406
14.91	-0.019276
14.911	-0.020201
14.912	-0.028111
14.913	-0.042746
14.914	-0.060605
14.915	-0.076747
14.916	-0.087229
14.917	-0.09085
14.918	-0.088974
14.919	-0.083947
14.92	-0.077564
14.921	-0.070129
14.922	-0.061064
14.923	-0.051141
14.924	-0.043081
14.925	-0.039068
14.926	-0.038691
14.927	-0.039985
14.928	-0.042005
14.929	-0.046198
14.93	-0.055204
14.931	-0.069916
14.932	-0.087486
14.933	-0.102583
14.934	-0.11082
14.935	-0.111089
14.936	-0.10549
14.937	-0.097697
14.938	-0.090772
14.939	-0.085807
14.94	-0.082073
14.941	-0.077715
14.942	-0.071112
14.943	-0.063151
14.944	-0.057467
14.945	-0.057159
14.946	-0.062109
14.947	-0.069918
14.948	-0.078029
14.949	-0.08392
14.95	-0.08369
14.951	-0.072589
14.952	-0.050003
14.953	-0.025545
14.954	-0.017122
14.955	-0.0366
14.956	-0.075075
14.957	-0.106372
14.958	-0.108316
14.959	-0.080089
14.96	-0.039497
14.961	-0.006561
14.962	0.008867
14.963	0.007133
14.964	-0.007012
14.965	-0.02774
14.966	-0.049089
14.967	-0.066526
14.968	-0.078819
14.969	-0.088255
14.97	-0.098658
14.971	-0.112401
14.972	-0.12825
14.973	-0.141719
14.974	-0.148196
14.975	-0.146566
14.976	-0.140106
14.977	-0.133805
14.978	-0.131187
14.979	-0.133435
14.98	-0.139439
14.981	-0.145328
14.982	-0.145986
14.983	-0.139553
14.984	-0.129618
14.985	-0.121772
14.986	-0.118836
14.987	-0.119612
14.988	-0.121234
14.989	-0.122298
14.99	-0.124002
14.991	-0.128497
14.992	-0.136126
14.993	-0.144391
14.994	-0.149817
14.995	-0.150827
14.996	-0.148712
14.997	-0.145916
14.998	-0.143891
14.999	-0.142635
15.0	-0.141238
15.001	-0.138196
15.002	-0.132372
15.003	-0.124829
15.004	-0.118773
15.005	-0.116796
15.006	-0.118748
15.007	-0.122242
15.008	-0.12464
15.009	-0.124843
15.01	-0.123867
15.011	-0.123931
15.012	-0.12676
15.013	-0.132007
15.014	-0.137055
15.015	-0.138768
15.016	-0.135578
15.017	-0.128325
15.018	-0.120199
15.019	-0.115832
15.02	-0.118668
15.021	-0.127799
15.022	-0.138213
15.023	-0.145372
15.024	-0.148731
15.025	-0.15048
15.026	-0.152286
15.027	-0.153775
15.028	-0.153562
15.029	-0.151364
15.03	-0.148633
15.031	-0.14694
15.032	-0.146181
15.033	-0.144791
15.034	-0.141653
15.035	-0.13746
15.036	-0.134245
15.037	-0.134159
15.038	-0.138517
15.039	-0.146892
15.04	-0.156742
15.041	-0.164139
15.042	-0.165815
15.043	-0.161984
15.044	-0.156807
15.045	-0.154848
15.046	-0.157117
15.047	-0.160675
15.048	-0.161503
15.049	-0.157545
15.05	-0.149563
15.051	-0.140173
15.052	-0.132312
15.053	-0.127801
15.054	-0.126735
15.055	-0.127775
15.056	-0.128324
15.057	-0.124188
15.058	-0.109888
15.059	-0.082381
15.06	-0.048105
15.061	-0.025278
15.062	-0.033129
15.063	-0.073663
15.064	-0.124557
15.065	-0.154222
15.066	-0.145869
15.067	-0.107347
15.068	-0.060944
15.069	-0.02675
15.07	-0.013276
15.071	-0.017836
15.072	-0.031933
15.073	-0.046786
15.074	-0.056814
15.075	-0.060765
15.076	-0.06105
15.077	-0.061988
15.078	-0.067756
15.079	-0.08084
15.08	-0.100757
15.081	-0.122995
15.082	-0.140733
15.083	-0.149829
15.084	-0.151682
15.085	-0.150414
15.086	-0.14825
15.087	-0.144058
15.088	-0.13525
15.089	-0.120613
15.09	-0.101854
15.091	-0.082792
15.092	-0.067232
15.093	-0.057326
15.094	-0.05305
15.095	-0.053055
15.096	-0.056764
15.097	-0.064919
15.098	-0.07705
15.099	-0.090028
15.1	-0.100435
15.101	-0.107055
15.102	-0.110956
15.103	-0.11441
15.104	-0.118985
15.105	-0.12415
15.106	-0.1286
15.107	-0.131455
15.108	-0.130186
15.109	-0.119794
15.11	-0.097441
15.111	-0.067529
15.112	-0.039876
15.113	-0.022229
15.114	-0.015474
15.115	-0.015805
15.116	-0.019123
15.117	-0.022931
15.118	-0.026878
15.119	-0.032903
15.12	-0.04301
15.121	-0.055548
15.122	-0.064998
15.123	-0.066987
15.124	-0.062125
15.125	-0.05379
15.126	-0.044444
15.127	-0.034905
15.128	-0.025078
15.129	-0.014619
15.13	-0.003442
15.131	0.008287
15.132	0.020235
15.133	0.031522
15.134	0.040736
15.135	0.04677
15.136	0.049204
15.137	0.047604
15.138	0.041115
15.139	0.029205
15.14	0.012777
15.141	-0.005203
15.142	-0.020625
15.143	-0.031013
15.144	-0.03705
15.145	-0.040477
15.146	-0.041232
15.147	-0.036903
15.148	-0.024454
15.149	-0.002833
15.15	0.025524
15.151	0.05554
15.152	0.081802
15.153	0.100906
15.154	0.112666
15.155	0.119218
15.156	0.122618
15.157	0.1232
15.158	0.119738
15.159	0.110462
15.16	0.094486
15.161	0.073815
15.162	0.053924
15.163	0.0414
15.164	0.041775
15.165	0.059406
15.166	0.095134
15.167	0.140396
15.168	0.175945
15.169	0.18392
15.17	0.166162
15.171	0.146955
15.172	0.15265
15.173	0.189124
15.174	0.239696
15.175	0.281129
15.176	0.299456
15.177	0.294125
15.178	0.272573
15.179	0.243052
15.18	0.211373
15.181	0.182022
15.182	0.15928
15.183	0.145186
15.184	0.137769
15.185	0.133417
15.186	0.130799
15.187	0.131887
15.188	0.139575
15.189	0.15466
15.19	0.174853
15.191	0.195789
15.192	0.212675
15.193	0.222289
15.194	0.224495
15.195	0.221572
15.196	0.216091
15.197	0.209534
15.198	0.202062
15.199	0.192914
15.2	0.181532
15.201	0.169159
15.202	0.15882
15.203	0.152672
15.204	0.150071
15.205	0.149097
15.206	0.149144
15.207	0.151313
15.208	0.156767
15.209	0.165293
15.21	0.175328
15.211	0.184808
15.212	0.191951
15.213	0.196001
15.214	0.19751
15.215	0.19756
15.216	0.196918
15.217	0.195877
15.218	0.193988
15.219	0.189848
15.22	0.182217
15.221	0.172186
15.222	0.163368
15.223	0.1586
15.224	0.157291
15.225	0.156937
15.226	0.15602
15.227	0.154819
15.228	0.154798
15.229	0.157976
15.23	0.165945
15.231	0.178418
15.232	0.192632
15.233	0.204407
15.234	0.210006
15.235	0.207944
15.236	0.200022
15.237	0.190328
15.238	0.182643
15.239	0.178469
15.24	0.17699
15.241	0.176771
15.242	0.177455
15.243	0.179443
15.244	0.182324
15.245	0.184466
15.246	0.184283
15.247	0.181694
15.248	0.178341
15.249	0.176174
15.25	0.175332
15.251	0.173422
15.252	0.167538
15.253	0.157244
15.254	0.145501
15.255	0.136965
15.256	0.135177
15.257	0.140322
15.258	0.149041
15.259	0.156406
15.26	0.158832
15.261	0.156667
15.262	0.154257
15.263	0.156064
15.264	0.16241
15.265	0.169595
15.266	0.17337
15.267	0.171667
15.268	0.164916
15.269	0.154888
15.27	0.143952
15.271	0.135863
15.272	0.136611
15.273	0.152337
15.274	0.183359
15.275	0.218184
15.276	0.235863
15.277	0.221232
15.278	0.181709
15.279	0.145017
15.28	0.136262
15.281	0.158627
15.282	0.195632
15.283	0.226771
15.284	0.240295
15.285	0.236292
15.286	0.221711
15.287	0.203557
15.288	0.185819
15.289	0.170144
15.29	0.157151
15.291	0.146676
15.292	0.137467
15.293	0.127763
15.294	0.116983
15.295	0.106748
15.296	0.100077
15.297	0.099641
15.298	0.106061
15.299	0.116678
15.3	0.126427
15.301	0.131801
15.302	0.134121
15.303	0.137461
15.304	0.14384
15.305	0.151726
15.306	0.158261
15.307	0.161626
15.308	0.16163
15.309	0.15886
15.31	0.153584
15.311	0.145639
15.312	0.135258
15.313	0.123742
15.314	0.113356
15.315	0.106578
15.316	0.105105
15.317	0.109292
15.318	0.117887
15.319	0.127815
15.32	0.135392
15.321	0.139556
15.322	0.14339
15.323	0.150796
15.324	0.162131
15.325	0.174074
15.326	0.182677
15.327	0.185797
15.328	0.183569
15.329	0.177568
15.33	0.169567
15.331	0.160594
15.332	0.150673
15.333	0.139367
15.334	0.126797
15.335	0.114519
15.336	0.105717
15.337	0.104326
15.338	0.112739
15.339	0.129431
15.34	0.149306
15.341	0.167141
15.342	0.180559
15.343	0.189566
15.344	0.194578
15.345	0.195846
15.346	0.193747
15.347	0.188704
15.348	0.180973
15.349	0.17064
15.35	0.15798
15.351	0.143951
15.352	0.130079
15.353	0.117619
15.354	0.107143
15.355	0.099253
15.356	0.095559
15.357	0.098157
15.358	0.107309
15.359	0.119998
15.36	0.131921
15.361	0.141493
15.362	0.151192
15.363	0.16416
15.364	0.180281
15.365	0.196179
15.366	0.207724
15.367	0.211944
15.368	0.207806
15.369	0.196487
15.37	0.181105
15.371	0.165354
15.372	0.151633
15.373	0.140252
15.374	0.130304
15.375	0.121335
15.376	0.114522
15.377	0.112377
15.378	0.117662
15.379	0.133122
15.38	0.16166
15.381	0.204532
15.382	0.256344
15.383	0.301166
15.384	0.318877
15.385	0.302023
15.386	0.266065
15.387	0.23814
15.388	0.234424
15.389	0.249607
15.39	0.265914
15.391	0.268426
15.392	0.252775
15.393	0.223535
15.394	0.189083
15.395	0.15773
15.396	0.135934
15.397	0.127118
15.398	0.130784
15.399	0.14282
15.4	0.157455
15.401	0.170496
15.402	0.181599
15.403	0.192893
15.404	0.205464
15.405	0.217703
15.406	0.226258
15.407	0.227631
15.408	0.219656
15.409	0.202912
15.41	0.180945
15.411	0.158536
15.412	0.139559
15.413	0.125874
15.414	0.117319
15.415	0.112855
15.416	0.112134
15.417	0.116025
15.418	0.125686
15.419	0.140839
15.42	0.15893
15.421	0.176741
15.422	0.192859
15.423	0.207617
15.424	0.220945
15.425	0.231364
15.426	0.236525
15.427	0.233954
15.428	0.222315
15.429	0.202984
15.43	0.179872
15.431	0.157006
15.432	0.136362
15.433	0.117877
15.434	0.100971
15.435	0.086182
15.436	0.075789
15.437	0.072932
15.438	0.079756
15.439	0.095479
15.44	0.11609
15.441	0.136895
15.442	0.155573
15.443	0.172175
15.444	0.187121
15.445	0.200281
15.446	0.210653
15.447	0.215614
15.448	0.211342
15.449	0.195017
15.45	0.167046
15.451	0.131735
15.452	0.095746
15.453	0.064873
15.454	0.041648
15.455	0.02588
15.456	0.017071
15.457	0.016018
15.458	0.023908
15.459	0.039888
15.46	0.060172
15.461	0.080418
15.462	0.098821
15.463	0.115816
15.464	0.131299
15.465	0.143401
15.466	0.149123
15.467	0.145503
15.468	0.131357
15.469	0.108554
15.47	0.081364
15.471	0.054545
15.472	0.031432
15.473	0.012796
15.474	-0.002549
15.475	-0.015467
15.476	-0.024606
15.477	-0.02662
15.478	-0.018433
15.479	-3.1e-05
15.48	0.024654
15.481	0.050028
15.482	0.071975
15.483	0.08844
15.484	0.098378
15.485	0.102051
15.486	0.102157
15.487	0.103895
15.488	0.112656
15.489	0.128504
15.49	0.141025
15.491	0.13265
15.492	0.093125
15.493	0.033429
15.494	-0.018083
15.495	-0.036993
15.496	-0.020116
15.497	0.016965
15.498	0.054862
15.499	0.081864
15.5	0.095797
15.501	0.100664
15.502	0.102719
15.503	0.106615
15.504	0.112935
15.505	0.118916
15.506	0.120945
15.507	0.116416
15.508	0.104244
15.509	0.084827
15.51	0.060563
15.511	0.036145
15.512	0.016609
15.513	0.004042
15.514	-0.003334
15.515	-0.008507
15.516	-0.012285
15.517	-0.01228
15.518	-0.004938
15.519	0.011253
15.52	0.034285
15.521	0.060209
15.522	0.085516
15.523	0.107542
15.524	0.124039
15.525	0.133811
15.526	0.136972
15.527	0.133735
15.528	0.123464
15.529	0.105785
15.53	0.08277
15.531	0.059155
15.532	0.039344
15.533	0.024328
15.534	0.012097
15.535	0.000772
15.536	-0.008822
15.537	-0.013072
15.538	-0.008023
15.539	0.007439
15.54	0.030338
15.541	0.055608
15.542	0.07911
15.543	0.098505
15.544	0.11262
15.545	0.121354
15.546	0.125304
15.547	0.124322
15.548	0.116741
15.549	0.100937
15.55	0.078014
15.551	0.052693
15.552	0.031295
15.553	0.018349
15.554	0.014277
15.555	0.015802
15.556	0.01897
15.557	0.022355
15.558	0.027572
15.559	0.036994
15.56	0.051287
15.561	0.069053
15.562	0.088007
15.563	0.105669
15.564	0.11969
15.565	0.128713
15.566	0.132492
15.567	0.130542
15.568	0.121601
15.569	0.105283
15.57	0.083672
15.571	0.060425
15.572	0.038376
15.573	0.018208
15.574	-0.00078
15.575	-0.018599
15.576	-0.032947
15.577	-0.039605
15.578	-0.034698
15.579	-0.017185
15.58	0.010022
15.581	0.041273
15.582	0.070904
15.583	0.095267
15.584	0.11326
15.585	0.125954
15.586	0.135109
15.587	0.14092
15.588	0.141185
15.589	0.133023
15.59	0.115432
15.591	0.090662
15.592	0.063797
15.593	0.041175
15.594	0.029093
15.595	0.033339
15.596	0.057023
15.597	0.095045
15.598	0.131235
15.599	0.147161
15.6	0.139006
15.601	0.124338
15.602	0.128058
15.603	0.160636
15.604	0.210788
15.605	0.257127
15.606	0.283622
15.607	0.285589
15.608	0.266767
15.609	0.234081
15.61	0.194401
15.611	0.15377
15.612	0.117092
15.613	0.087038
15.614	0.063581
15.615	0.04562
15.616	0.033201
15.617	0.028273
15.618	0.033801
15.619	0.051551
15.62	0.07958
15.621	0.112173
15.622	0.14289
15.623	0.167255
15.624	0.183328
15.625	0.191588
15.626	0.193943
15.627	0.191515
15.628	0.183479
15.629	0.168144
15.63	0.145139
15.631	0.116874
15.632	0.087873
15.633	0.062449
15.634	0.04299
15.635	0.029994
15.636	0.023338
15.637	0.023835
15.638	0.033527
15.639	0.053505
15.64	0.081344
15.641	0.111906
15.642	0.140766
15.643	0.165545
15.644	0.184677
15.645	0.197113
15.646	0.20291
15.647	0.20253
15.648	0.19544
15.649	0.180037
15.65	0.155566
15.651	0.12452
15.652	0.092638
15.653	0.065722
15.654	0.046443
15.655	0.034151
15.656	0.027382
15.657	0.026924
15.658	0.036429
15.659	0.059294
15.66	0.095008
15.661	0.138925
15.662	0.184542
15.663	0.22484
15.664	0.253412
15.665	0.267213
15.666	0.26799
15.667	0.259867
15.668	0.245718
15.669	0.225991
15.67	0.200604
15.671	0.171455
15.672	0.14248
15.673	0.117351
15.674	0.097795
15.675	0.084031
15.676	0.076504
15.677	0.077378
15.678	0.089825
15.679	0.115041
15.68	0.150282
15.681	0.190367
15.682	0.23059
15.683	0.267543
15.684	0.298399
15.685	0.321064
15.686	0.334854
15.687	0.339997
15.688	0.335941
15.689	0.320497
15.69	0.291807
15.691	0.251871
15.692	0.207589
15.693	0.167615
15.694	0.138098
15.695	0.120902
15.696	0.114928
15.697	0.118515
15.698	0.130505
15.699	0.149907
15.7	0.176152
15.701	0.21053
15.702	0.256226
15.703	0.314269
15.704	0.377337
15.705	0.427614
15.706	0.444202
15.707	0.4186
15.708	0.364769
15.709	0.310047
15.71	0.274062
15.711	0.256911
15.712	0.244743
15.713	0.223195
15.714	0.186999
15.715	0.140992
15.716	0.095322
15.717	0.060011
15.718	0.041486
15.719	0.041345
15.72	0.056477
15.721	0.080173
15.722	0.104408
15.723	0.122375
15.724	0.130337
15.725	0.12842
15.726	0.119399
15.727	0.105673
15.728	0.086855
15.729	0.060481
15.73	0.025687
15.731	-0.013741
15.732	-0.05032
15.733	-0.076842
15.734	-0.089791
15.735	-0.089873
15.736	-0.079767
15.737	-0.06144
15.738	-0.035384
15.739	-0.001936
15.74	0.036836
15.741	0.076874
15.742	0.113944
15.743	0.144957
15.744	0.167744
15.745	0.181262
15.746	0.186332
15.747	0.184751
15.748	0.177156
15.749	0.162567
15.75	0.140427
15.751	0.112662
15.752	0.083435
15.753	0.057148
15.754	0.036769
15.755	0.023332
15.756	0.015984
15.757	0.012767
15.758	0.012492
15.759	0.015779
15.76	0.02359
15.761	0.035254
15.762	0.048408
15.763	0.059627
15.764	0.06508
15.765	0.062874
15.766	0.055117
15.767	0.046034
15.768	0.037955
15.769	0.029627
15.77	0.017557
15.771	-0.001492
15.772	-0.028149
15.773	-0.059651
15.774	-0.091653
15.775	-0.121344
15.776	-0.14914
15.777	-0.177467
15.778	-0.208222
15.779	-0.242084
15.78	-0.279824
15.781	-0.32184
15.782	-0.36492
15.783	-0.401388
15.784	-0.422897
15.785	-0.423977
15.786	-0.402745
15.787	-0.361031
15.788	-0.304573
15.789	-0.24208
15.79	-0.182517
15.791	-0.131211
15.792	-0.087803
15.793	-0.049011
15.794	-0.013676
15.795	0.015108
15.796	0.032083
15.797	0.033739
15.798	0.020812
15.799	-0.002751
15.8	-0.032912
15.801	-0.066728
15.802	-0.101177
15.803	-0.133675
15.804	-0.163777
15.805	-0.191594
15.806	-0.21477
15.807	-0.22851
15.808	-0.227662
15.809	-0.208146
15.81	-0.167729
15.811	-0.108422
15.812	-0.041539
15.813	0.011198
15.814	0.029616
15.815	0.013171
15.816	-0.016581
15.817	-0.035105
15.818	-0.035072
15.819	-0.028359
15.82	-0.032747
15.821	-0.057909
15.822	-0.100687
15.823	-0.150469
15.824	-0.197138
15.825	-0.233937
15.826	-0.256415
15.827	-0.262246
15.828	-0.25248
15.829	-0.231967
15.83	-0.207042
15.831	-0.181698
15.832	-0.156741
15.833	-0.132791
15.834	-0.112573
15.835	-0.100354
15.836	-0.100364
15.837	-0.114822
15.838	-0.14242
15.839	-0.178943
15.84	-0.219246
15.841	-0.258315
15.842	-0.291735
15.843	-0.317209
15.844	-0.335231
15.845	-0.346551
15.846	-0.349317
15.847	-0.339874
15.848	-0.316804
15.849	-0.283861
15.85	-0.247685
15.851	-0.212269
15.852	-0.177309
15.853	-0.142107
15.854	-0.109009
15.855	-0.083131
15.856	-0.070235
15.857	-0.07387
15.858	-0.092945
15.859	-0.122212
15.86	-0.155516
15.861	-0.188725
15.862	-0.220432
15.863	-0.251125
15.864	-0.281368
15.865	-0.309611
15.866	-0.331525
15.867	-0.341455
15.868	-0.335248
15.869	-0.312824
15.87	-0.277922
15.871	-0.235443
15.872	-0.189925
15.873	-0.145351
15.874	-0.1045
15.875	-0.069597
15.876	-0.044743
15.877	-0.036414
15.878	-0.050669
15.879	-0.089522
15.88	-0.148763
15.881	-0.218785
15.882	-0.288618
15.883	-0.350901
15.884	-0.403657
15.885	-0.446723
15.886	-0.476632
15.887	-0.486525
15.888	-0.471904
15.889	-0.435104
15.89	-0.383075
15.891	-0.322334
15.892	-0.257407
15.893	-0.193033
15.894	-0.136496
15.895	-0.097644
15.896	-0.085559
15.897	-0.103595
15.898	-0.147867
15.899	-0.21064
15.9	-0.284025
15.901	-0.360925
15.902	-0.43482
15.903	-0.500068
15.904	-0.552044
15.905	-0.585595
15.906	-0.593007
15.907	-0.565691
15.908	-0.500056
15.909	-0.401188
15.91	-0.280285
15.911	-0.149569
15.912	-0.019287
15.913	0.102126
15.914	0.206058
15.915	0.283691
15.916	0.330199
15.917	0.349151
15.918	0.349505
15.919	0.333502
15.92	0.287405
15.921	0.191878
15.922	0.048651
15.923	-0.106102
15.924	-0.22226
15.925	-0.269909
15.926	-0.251795
15.927	-0.189159
15.928	-0.102955
15.929	-0.006134
15.93	0.094798
15.931	0.196683
15.932	0.297687
15.933	0.394489
15.934	0.479569
15.935	0.541821
15.936	0.570242
15.937	0.557606
15.938	0.502669
15.939	0.41087
15.94	0.292931
15.941	0.162198
15.942	0.032765
15.943	-0.083009
15.944	-0.178041
15.945	-0.249919
15.946	-0.295642
15.947	-0.309369
15.948	-0.286487
15.949	-0.228838
15.95	-0.145887
15.951	-0.051047
15.952	0.043474
15.953	0.128546
15.954	0.196581
15.955	0.24039
15.956	0.253572
15.957	0.231679
15.958	0.174158
15.959	0.085447
15.96	-0.026543
15.961	-0.152079
15.962	-0.279262
15.963	-0.395681
15.964	-0.492874
15.965	-0.566682
15.966	-0.612414
15.967	-0.622532
15.968	-0.590499
15.969	-0.516804
15.97	-0.411292
15.971	-0.289277
15.972	-0.165499
15.973	-0.051926
15.974	0.041162
15.975	0.104616
15.976	0.130555
15.977	0.113144
15.978	0.050756
15.979	-0.052506
15.98	-0.187259
15.981	-0.339097
15.982	-0.489501
15.983	-0.621391
15.984	-0.725755
15.985	-0.800714
15.986	-0.844365
15.987	-0.85091
15.988	-0.81433
15.989	-0.735225
15.99	-0.623276
15.991	-0.492657
15.992	-0.356515
15.993	-0.226394
15.994	-0.113607
15.995	-0.028886
15.996	0.018401
15.997	0.021532
15.998	-0.020902
15.999	-0.103482
16.0	-0.214818
16.001	-0.339131
16.002	-0.459107
16.003	-0.560989
16.004	-0.637464
16.005	-0.684315
16.006	-0.695743
16.007	-0.665005
16.008	-0.589487
16.009	-0.474732
16.01	-0.333199
16.011	-0.179057
16.012	-0.02513
16.013	0.116341
16.014	0.234205
16.015	0.320563
16.016	0.370475
16.017	0.380647
16.018	0.350177
16.019	0.282068
16.02	0.184513
16.021	0.071792
16.022	-0.037323
16.023	-0.124366
16.024	-0.175596
16.025	-0.184299
16.026	-0.153444
16.027	-0.096942
16.028	-0.032106
16.029	0.035881
16.03	0.121258
16.031	0.243952
16.032	0.406276
16.033	0.584708
16.034	0.744591
16.035	0.860292
16.036	0.92271
16.037	0.93486
16.038	0.905164
16.039	0.843736
16.04	0.761917
16.041	0.672384
16.042	0.587492
16.043	0.516678
16.044	0.465801
16.045	0.439602
16.046	0.444376
16.047	0.486862
16.048	0.569497
16.049	0.687038
16.05	0.828307
16.051	0.980357
16.052	1.130686
16.053	1.268542
16.054	1.386873
16.055	1.482067
16.056	1.551076
16.057	1.590398
16.058	1.5984
16.059	1.577984
16.06	1.536743
16.061	1.48435
16.062	1.429921
16.063	1.381492
16.064	1.34674
16.065	1.33337
16.066	1.348207
16.067	1.39462
16.068	1.469931
16.069	1.56581
16.07	1.67184
16.071	1.778528
16.072	1.877617
16.073	1.962074
16.074	2.027274
16.075	2.070887
16.076	2.090791
16.077	2.084078
16.078	2.048784
16.079	1.986529
16.08	1.903378
16.081	1.808581
16.082	1.713008
16.083	1.627052
16.084	1.557521
16.085	1.507114
16.086	1.477844
16.087	1.473111
16.088	1.49539
16.089	1.54318
16.09	1.610318
16.091	1.687003
16.092	1.761844
16.093	1.824761
16.094	1.869579
16.095	1.89473
16.096	1.90149
16.097	1.891464
16.098	1.865786
16.099	1.826074
16.1	1.775116
16.101	1.716984
16.102	1.657509
16.103	1.603646
16.104	1.5609
16.105	1.532502
16.106	1.521226
16.107	1.529558
16.108	1.557329
16.109	1.600375
16.11	1.651689
16.111	1.703661
16.112	1.750052
16.113	1.787181
16.114	1.814218
16.115	1.832144
16.116	1.841318
16.117	1.839896
16.118	1.82491
16.119	1.794579
16.12	1.749901
16.121	1.695836
16.122	1.641484
16.123	1.596109
16.124	1.563169
16.125	1.540215
16.126	1.524727
16.127	1.517739
16.128	1.522161
16.129	1.539544
16.13	1.569318
16.131	1.611315
16.132	1.667032
16.133	1.733976
16.134	1.797309
16.135	1.831638
16.136	1.818029
16.137	1.762857
16.138	1.697055
16.139	1.65238
16.14	1.637901
16.141	1.639337
16.142	1.637004
16.143	1.620834
16.144	1.592006
16.145	1.558223
16.146	1.529518
16.147	1.514143
16.148	1.514692
16.149	1.526988
16.15	1.542776
16.151	1.554335
16.152	1.557435
16.153	1.55136
16.154	1.538301
16.155	1.522597
16.156	1.508215
16.157	1.496169
16.158	1.484268
16.159	1.468446
16.16	1.444823
16.161	1.412696
16.162	1.376023
16.163	1.340116
16.164	1.306528
16.165	1.272483
16.166	1.234581
16.167	1.191742
16.168	1.144865
16.169	1.094434
16.17	1.039367
16.171	0.978647
16.172	0.912787
16.173	0.842853
16.174	0.769521
16.175	0.693506
16.176	0.615522
16.177	0.535857
16.178	0.454653
16.179	0.372591
16.18	0.291644
16.181	0.215366
16.182	0.147249
16.183	0.087067
16.184	0.029027
16.185	-0.034912
16.186	-0.109516
16.187	-0.19396
16.188	-0.283909
16.189	-0.375082
16.19	-0.464917
16.191	-0.55195
16.192	-0.635023
16.193	-0.712611
16.194	-0.781069
16.195	-0.833976
16.196	-0.865202
16.197	-0.873117
16.198	-0.861932
16.199	-0.839693
16.2	-0.81474
16.201	-0.792047
16.202	-0.771338
16.203	-0.749374
16.204	-0.724512
16.205	-0.69814
16.206	-0.671983
16.207	-0.645797
16.208	-0.618525
16.209	-0.590494
16.21	-0.562921
16.211	-0.536027
16.212	-0.509475
16.213	-0.483771
16.214	-0.459177
16.215	-0.434146
16.216	-0.40645
16.217	-0.375288
16.218	-0.341802
16.219	-0.308125
16.22	-0.275851
16.221	-0.244701
16.222	-0.212739
16.223	-0.17936
16.224	-0.148329
16.225	-0.126091
16.226	-0.116655
16.227	-0.119075
16.228	-0.129405
16.229	-0.143587
16.23	-0.158553
16.231	-0.172577
16.232	-0.18607
16.233	-0.201279
16.234	-0.219834
16.235	-0.240555
16.236	-0.259687
16.237	-0.272282
16.238	-0.272812
16.239	-0.256031
16.24	-0.221039
16.241	-0.17765
16.242	-0.147203
16.243	-0.151022
16.244	-0.192692
16.245	-0.252174
16.246	-0.301443
16.247	-0.327395
16.248	-0.339762
16.249	-0.359694
16.25	-0.402809
16.251	-0.470722
16.252	-0.554063
16.253	-0.640501
16.254	-0.719845
16.255	-0.784806
16.256	-0.831205
16.257	-0.858882
16.258	-0.871457
16.259	-0.874323
16.26	-0.871954
16.261	-0.865675
16.262	-0.853612
16.263	-0.834526
16.264	-0.81278
16.265	-0.798337
16.266	-0.801291
16.267	-0.826705
16.268	-0.873492
16.269	-0.936247
16.27	-1.007607
16.271	-1.080133
16.272	-1.148064
16.273	-1.208263
16.274	-1.258813
16.275	-1.296902
16.276	-1.319497
16.277	-1.325987
16.278	-1.319113
16.279	-1.303494
16.28	-1.283567
16.281	-1.261955
16.282	-1.238919
16.283	-1.214592
16.284	-1.192599
16.285	-1.179983
16.286	-1.183161
16.287	-1.204748
16.288	-1.243474
16.289	-1.295664
16.29	-1.356495
16.291	-1.420853
16.292	-1.484483
16.293	-1.544477
16.294	-1.597742
16.295	-1.639515
16.296	-1.664716
16.297	-1.670424
16.298	-1.656607
16.299	-1.625702
16.3	-1.582203
16.301	-1.531217
16.302	-1.476209
16.303	-1.419425
16.304	-1.365094
16.305	-1.32049
16.306	-1.293327
16.307	-1.288715
16.308	-1.307853
16.309	-1.348135
16.31	-1.403494
16.311	-1.465237
16.312	-1.524599
16.313	-1.575459
16.314	-1.614211
16.315	-1.637881
16.316	-1.643898
16.317	-1.631461
16.318	-1.602424
16.319	-1.561245
16.32	-1.513929
16.321	-1.465487
16.322	-1.417656
16.323	-1.370589
16.324	-1.327086
16.325	-1.293142
16.326	-1.273945
16.327	-1.270468
16.328	-1.279798
16.329	-1.297737
16.33	-1.320499
16.331	-1.344854
16.332	-1.368526
16.333	-1.390761
16.334	-1.411015
16.335	-1.427031
16.336	-1.435297
16.337	-1.433029
16.338	-1.419544
16.339	-1.396836
16.34	-1.36912
16.341	-1.340834
16.342	-1.314699
16.343	-1.292286
16.344	-1.275368
16.345	-1.264303
16.346	-1.255681
16.347	-1.245262
16.348	-1.236257
16.349	-1.243651
16.35	-1.284407
16.351	-1.358468
16.352	-1.441812
16.353	-1.502977
16.354	-1.52653
16.355	-1.520283
16.356	-1.503722
16.357	-1.492197
16.358	-1.490125
16.359	-1.494583
16.36	-1.50138
16.361	-1.50713
16.362	-1.508519
16.363	-1.503662
16.364	-1.495155
16.365	-1.489747
16.366	-1.494119
16.367	-1.511294
16.368	-1.54024
16.369	-1.577412
16.37	-1.618195
16.371	-1.65805
16.372	-1.694309
16.373	-1.727299
16.374	-1.758367
16.375	-1.786599
16.376	-1.808033
16.377	-1.817786
16.378	-1.813116
16.379	-1.79533
16.38	-1.769304
16.381	-1.740612
16.382	-1.712341
16.383	-1.685089
16.384	-1.659896
16.385	-1.639443
16.386	-1.626163
16.387	-1.620568
16.388	-1.621612
16.389	-1.627596
16.39	-1.636245
16.391	-1.645122
16.392	-1.653541
16.393	-1.663255
16.394	-1.6752
16.395	-1.685914
16.396	-1.688743
16.397	-1.678538
16.398	-1.655001
16.399	-1.622337
16.4	-1.586282
16.401	-1.550503
16.402	-1.51484
16.403	-1.477923
16.404	-1.442007
16.405	-1.413726
16.406	-1.399643
16.407	-1.401984
16.408	-1.418464
16.409	-1.444652
16.41	-1.475548
16.411	-1.50589
16.412	-1.531217
16.413	-1.549891
16.414	-1.563364
16.415	-1.573624
16.416	-1.58073
16.417	-1.582835
16.418	-1.577762
16.419	-1.564599
16.42	-1.544564
16.421	-1.520147
16.422	-1.493119
16.423	-1.464712
16.424	-1.438251
16.425	-1.419515
16.426	-1.413476
16.427	-1.421535
16.428	-1.441703
16.429	-1.47016
16.43	-1.50254
16.431	-1.535118
16.432	-1.566189
16.433	-1.596204
16.434	-1.625328
16.435	-1.650498
16.436	-1.665913
16.437	-1.666605
16.438	-1.65133
16.439	-1.62339
16.44	-1.589609
16.441	-1.55688
16.442	-1.52821
16.443	-1.503087
16.444	-1.482019
16.445	-1.468763
16.446	-1.467752
16.447	-1.480922
16.448	-1.50722
16.449	-1.543891
16.45	-1.587152
16.451	-1.631443
16.452	-1.668776
16.453	-1.689979
16.454	-1.688253
16.455	-1.664728
16.456	-1.632434
16.457	-1.610257
16.458	-1.60614
16.459	-1.606194
16.46	-1.585284
16.461	-1.529237
16.462	-1.445292
16.463	-1.354449
16.464	-1.277418
16.465	-1.225078
16.466	-1.197079
16.467	-1.186366
16.468	-1.184556
16.469	-1.185086
16.47	-1.184082
16.471	-1.180148
16.472	-1.174071
16.473	-1.168084
16.474	-1.163637
16.475	-1.158792
16.476	-1.148313
16.477	-1.126898
16.478	-1.093016
16.479	-1.050623
16.48	-1.007333
16.481	-0.969799
16.482	-0.939736
16.483	-0.914595
16.484	-0.89215
16.485	-0.873431
16.486	-0.861721
16.487	-0.859902
16.488	-0.868547
16.489	-0.885618
16.49	-0.907286
16.491	-0.929202
16.492	-0.948182
16.493	-0.963295
16.494	-0.974736
16.495	-0.981453
16.496	-0.980621
16.497	-0.969515
16.498	-0.947962
16.499	-0.919711
16.5	-0.891244
16.501	-0.867626
16.502	-0.848447
16.503	-0.829086
16.504	-0.806632
16.505	-0.783238
16.506	-0.763765
16.507	-0.75182
16.508	-0.748481
16.509	-0.753321
16.51	-0.764904
16.511	-0.780372
16.512	-0.796132
16.513	-0.809667
16.514	-0.819883
16.515	-0.825553
16.516	-0.824297
16.517	-0.813281
16.518	-0.790865
16.519	-0.758367
16.52	-0.720885
16.521	-0.685789
16.522	-0.659201
16.523	-0.643725
16.524	-0.639085
16.525	-0.643355
16.526	-0.653675
16.527	-0.667463
16.528	-0.683804
16.529	-0.703398
16.53	-0.726831
16.531	-0.75316
16.532	-0.780292
16.533	-0.806001
16.534	-0.827987
16.535	-0.843688
16.536	-0.850992
16.537	-0.849223
16.538	-0.839687
16.539	-0.825899
16.54	-0.812877
16.541	-0.804357
16.542	-0.799583
16.543	-0.794323
16.544	-0.786025
16.545	-0.776765
16.546	-0.771219
16.547	-0.773381
16.548	-0.785145
16.549	-0.805901
16.55	-0.832105
16.551	-0.858035
16.552	-0.878536
16.553	-0.891566
16.554	-0.898158
16.555	-0.900581
16.556	-0.90068
16.557	-0.898691
16.558	-0.892604
16.559	-0.878746
16.56	-0.85321
16.561	-0.81327
16.562	-0.760381
16.563	-0.705572
16.564	-0.668825
16.565	-0.664129
16.566	-0.682818
16.567	-0.697886
16.568	-0.687435
16.569	-0.651328
16.57	-0.606112
16.571	-0.56906
16.572	-0.548115
16.573	-0.541836
16.574	-0.543522
16.575	-0.544846
16.576	-0.538588
16.577	-0.520614
16.578	-0.490556
16.579	-0.451405
16.58	-0.408292
16.581	-0.365838
16.582	-0.3252
16.583	-0.284376
16.584	-0.241743
16.585	-0.198182
16.586	-0.156189
16.587	-0.118461
16.588	-0.0869
16.589	-0.06139
16.59	-0.038984
16.591	-0.01483
16.592	0.015256
16.593	0.052391
16.594	0.094544
16.595	0.138752
16.596	0.183317
16.597	0.228434
16.598	0.274923
16.599	0.321814
16.6	0.365406
16.601	0.401867
16.602	0.431058
16.603	0.45649
16.604	0.481301
16.605	0.505653
16.606	0.52764
16.607	0.545093
16.608	0.556808
16.609	0.56343
16.61	0.567698
16.611	0.573357
16.612	0.582686
16.613	0.594393
16.614	0.604534
16.615	0.610049
16.616	0.61114
16.617	0.610711
16.618	0.612214
16.619	0.617198
16.62	0.623708
16.621	0.627442
16.622	0.625504
16.623	0.618756
16.624	0.610663
16.625	0.605316
16.626	0.606086
16.627	0.613955
16.628	0.626287
16.629	0.63772
16.63	0.643493
16.631	0.642746
16.632	0.638358
16.633	0.633574
16.634	0.629597
16.635	0.626105
16.636	0.622688
16.637	0.619614
16.638	0.617671
16.639	0.616832
16.64	0.614957
16.641	0.609193
16.642	0.599571
16.643	0.589638
16.644	0.582636
16.645	0.578642
16.646	0.575724
16.647	0.572392
16.648	0.568435
16.649	0.564484
16.65	0.562157
16.651	0.564361
16.652	0.573475
16.653	0.588147
16.654	0.602879
16.655	0.611724
16.656	0.612343
16.657	0.607236
16.658	0.601594
16.659	0.599023
16.66	0.598551
16.661	0.596245
16.662	0.589832
16.663	0.58051
16.664	0.570777
16.665	0.563067
16.666	0.560706
16.667	0.568671
16.668	0.592025
16.669	0.631055
16.67	0.675646
16.671	0.706386
16.672	0.707176
16.673	0.680924
16.674	0.650894
16.675	0.642477
16.676	0.663064
16.677	0.699815
16.678	0.733351
16.679	0.750771
16.68	0.748895
16.681	0.731564
16.682	0.706679
16.683	0.682893
16.684	0.665763
16.685	0.656458
16.686	0.653339
16.687	0.65358
16.688	0.654064
16.689	0.652712
16.69	0.65028
16.691	0.650601
16.692	0.65766
16.693	0.671512
16.694	0.687476
16.695	0.699679
16.696	0.705431
16.697	0.706879
16.698	0.708764
16.699	0.713874
16.7	0.720263
16.701	0.723339
16.702	0.720786
16.703	0.714419
16.704	0.707487
16.705	0.7021
16.706	0.698942
16.707	0.697472
16.708	0.696042
16.709	0.692934
16.71	0.688039
16.711	0.683262
16.712	0.680448
16.713	0.678732
16.714	0.67457
16.715	0.66468
16.716	0.649033
16.717	0.631335
16.718	0.616587
16.719	0.607607
16.72	0.60295
16.721	0.598004
16.722	0.5886
16.723	0.573251
16.724	0.552439
16.725	0.52762
16.726	0.500883
16.727	0.474101
16.728	0.448142
16.729	0.423263
16.73	0.400597
16.731	0.383079
16.732	0.373874
16.733	0.373198
16.734	0.376973
16.735	0.378684
16.736	0.372705
16.737	0.356882
16.738	0.333042
16.739	0.305252
16.74	0.276947
16.741	0.249557
16.742	0.223822
16.743	0.200839
16.744	0.181013
16.745	0.16344
16.746	0.146719
16.747	0.129545
16.748	0.110768
16.749	0.089815
16.75	0.067708
16.751	0.047491
16.752	0.03246
16.753	0.023228
16.754	0.017171
16.755	0.010998
16.756	0.002883
16.757	-0.007838
16.758	-0.021433
16.759	-0.037739
16.76	-0.05643
16.761	-0.077441
16.762	-0.100057
16.763	-0.121747
16.764	-0.138417
16.765	-0.145122
16.766	-0.137205
16.767	-0.112634
16.768	-0.073967
16.769	-0.028091
16.77	0.016673
16.771	0.054826
16.772	0.085443
16.773	0.109565
16.774	0.127527
16.775	0.139412
16.776	0.144652
16.777	0.137997
16.778	0.107745
16.779	0.043916
16.78	-0.047774
16.781	-0.142349
16.782	-0.210999
16.783	-0.242462
16.784	-0.249271
16.785	-0.253786
16.786	-0.269996
16.787	-0.297643
16.788	-0.328823
16.789	-0.356457
16.79	-0.377226
16.791	-0.390142
16.792	-0.395605
16.793	-0.396024
16.794	-0.395439
16.795	-0.397511
16.796	-0.40392
16.797	-0.414139
16.798	-0.426698
16.799	-0.441423
16.8	-0.460283
16.801	-0.48527
16.802	-0.515088
16.803	-0.544747
16.804	-0.568299
16.805	-0.58065
16.806	-0.578386
16.807	-0.561604
16.808	-0.534433
16.809	-0.502192
16.81	-0.467591
16.811	-0.429961
16.812	-0.388465
16.813	-0.34571
16.814	-0.307622
16.815	-0.280122
16.816	-0.26609
16.817	-0.264243
16.818	-0.270224
16.819	-0.279926
16.82	-0.292622
16.821	-0.310303
16.822	-0.333806
16.823	-0.361015
16.824	-0.388734
16.825	-0.414035
16.826	-0.434129
16.827	-0.447562
16.828	-0.456476
16.829	-0.466528
16.83	-0.483162
16.831	-0.507709
16.832	-0.537434
16.833	-0.568794
16.834	-0.600505
16.835	-0.634707
16.836	-0.675377
16.837	-0.723999
16.838	-0.776787
16.839	-0.827718
16.84	-0.874226
16.841	-0.91906
16.842	-0.968053
16.843	-1.028669
16.844	-1.108547
16.845	-1.210031
16.846	-1.325246
16.847	-1.438952
16.848	-1.537048
16.849	-1.612687
16.85	-1.665877
16.851	-1.699114
16.852	-1.713989
16.853	-1.711125
16.854	-1.692164
16.855	-1.661225
16.856	-1.623695
16.857	-1.582491
16.858	-1.536011
16.859	-1.481719
16.86	-1.422441
16.861	-1.366854
16.862	-1.321575
16.863	-1.285491
16.864	-1.254263
16.865	-1.226673
16.866	-1.204308
16.867	-1.188953
16.868	-1.182606
16.869	-1.18674
16.87	-1.199084
16.871	-1.213201
16.872	-1.222938
16.873	-1.226181
16.874	-1.223764
16.875	-1.217243
16.876	-1.209138
16.877	-1.202448
16.878	-1.197763
16.879	-1.192433
16.88	-1.183196
16.881	-1.167163
16.882	-1.139417
16.883	-1.094778
16.884	-1.038103
16.885	-0.991306
16.886	-0.981414
16.887	-1.015479
16.888	-1.070277
16.889	-1.111288
16.89	-1.11976
16.891	-1.100732
16.892	-1.072096
16.893	-1.05081
16.894	-1.044698
16.895	-1.04997
16.896	-1.055204
16.897	-1.050175
16.898	-1.031469
16.899	-1.000789
16.9	-0.961808
16.901	-0.919074
16.902	-0.876649
16.903	-0.837081
16.904	-0.801259
16.905	-0.767163
16.906	-0.729989
16.907	-0.686751
16.908	-0.640804
16.909	-0.599521
16.91	-0.566804
16.911	-0.538903
16.912	-0.507836
16.913	-0.467883
16.914	-0.418722
16.915	-0.363924
16.916	-0.307343
16.917	-0.249917
16.918	-0.189306
16.919	-0.123292
16.92	-0.053443
16.921	0.015728
16.922	0.081246
16.923	0.143867
16.924	0.206326
16.925	0.271452
16.926	0.34108
16.927	0.414271
16.928	0.486535
16.929	0.552107
16.93	0.607875
16.931	0.655719
16.932	0.700983
16.933	0.747942
16.934	0.796343
16.935	0.842308
16.936	0.882595
16.937	0.918225
16.938	0.954163
16.939	0.995193
16.94	1.041766
16.941	1.089751
16.942	1.133757
16.943	1.170003
16.944	1.197254
16.945	1.217061
16.946	1.232117
16.947	1.2425
16.948	1.243957
16.949	1.230677
16.95	1.200134
16.951	1.155891
16.952	1.10587
16.953	1.057575
16.954	1.014919
16.955	0.978931
16.956	0.950117
16.957	0.929834
16.958	0.919981
16.959	0.921495
16.96	0.932822
16.961	0.950118
16.962	0.969251
16.963	0.986867
16.964	0.999922
16.965	1.006113
16.966	1.004779
16.967	0.996353
16.968	0.980982
16.969	0.95834
16.97	0.92993
16.971	0.901817
16.972	0.883434
16.973	0.881858
16.974	0.896592
16.975	0.919445
16.976	0.939134
16.977	0.947228
16.978	0.941669
16.979	0.925423
16.98	0.901834
16.981	0.871681
16.982	0.834123
16.983	0.78789
16.984	0.731196
16.985	0.663676
16.986	0.589934
16.987	0.520343
16.988	0.467293
16.989	0.438705
16.99	0.432273
16.991	0.43331
16.992	0.419635
16.993	0.376221
16.994	0.311083
16.995	0.253769
16.996	0.232997
16.997	0.255493
16.998	0.30527
16.999	0.357821
17.0	0.393052
17.001	0.400919
17.002	0.382908
17.003	0.349576
17.004	0.313705
17.005	0.284134
17.006	0.263873
17.007	0.25095
17.008	0.24033
17.009	0.226856
17.01	0.208291
17.011	0.18616
17.012	0.164069
17.013	0.145292
17.014	0.130883
17.015	0.119225
17.016	0.107954
17.017	0.097073
17.018	0.089692
17.019	0.089038
17.02	0.094954
17.021	0.104132
17.022	0.113735
17.023	0.122815
17.024	0.129843
17.025	0.131712
17.026	0.125916
17.027	0.112113
17.028	0.09124
17.029	0.064102
17.03	0.031317
17.031	-0.005501
17.032	-0.042935
17.033	-0.076993
17.034	-0.105861
17.035	-0.131118
17.036	-0.155573
17.037	-0.179879
17.038	-0.201455
17.039	-0.216655
17.04	-0.224246
17.041	-0.226844
17.042	-0.228956
17.043	-0.234929
17.044	-0.248699
17.045	-0.272813
17.046	-0.307235
17.047	-0.350469
17.048	-0.401509
17.049	-0.459949
17.05	-0.524139
17.051	-0.588685
17.052	-0.643538
17.053	-0.677414
17.054	-0.684764
17.055	-0.67017
17.056	-0.645288
17.057	-0.621314
17.058	-0.603816
17.059	-0.592821
17.06	-0.585992
17.061	-0.580601
17.062	-0.57313
17.063	-0.56041
17.064	-0.542486
17.065	-0.522185
17.066	-0.501733
17.067	-0.481126
17.068	-0.459235
17.069	-0.435459
17.07	-0.410165
17.071	-0.383851
17.072	-0.356583
17.073	-0.328799
17.074	-0.302466
17.075	-0.280811
17.076	-0.266524
17.077	-0.259892
17.078	-0.258237
17.079	-0.257421
17.08	-0.254707
17.081	-0.249732
17.082	-0.242636
17.083	-0.233455
17.084	-0.22333
17.085	-0.213282
17.086	-0.202007
17.087	-0.186949
17.088	-0.167107
17.089	-0.143829
17.09	-0.119308
17.091	-0.094876
17.092	-0.070808
17.093	-0.047197
17.094	-0.023672
17.095	0.002588
17.096	0.037509
17.097	0.086369
17.098	0.146822
17.099	0.204841
17.1	0.241898
17.101	0.252497
17.102	0.253939
17.103	0.272752
17.104	0.321276
17.105	0.390737
17.106	0.463303
17.107	0.525374
17.108	0.571657
17.109	0.602744
17.11	0.621996
17.111	0.634164
17.112	0.644467
17.113	0.656714
17.114	0.671548
17.115	0.686591
17.116	0.698467
17.117	0.705562
17.118	0.709898
17.119	0.716373
17.12	0.73005
17.121	0.754072
17.122	0.788726
17.123	0.830657
17.124	0.874153
17.125	0.915344
17.126	0.953936
17.127	0.989732
17.128	1.019608
17.129	1.039263
17.13	1.046905
17.131	1.044259
17.132	1.034508
17.133	1.020135
17.134	1.00226
17.135	0.980566
17.136	0.953705
17.137	0.921869
17.138	0.890525
17.139	0.870261
17.14	0.87061
17.141	0.893039
17.142	0.929299
17.143	0.965125
17.144	0.986328
17.145	0.985129
17.146	0.963114
17.147	0.928582
17.148	0.890603
17.149	0.85401
17.15	0.81843
17.151	0.781096
17.152	0.740534
17.153	0.698757
17.154	0.660993
17.155	0.632998
17.156	0.617992
17.157	0.615929
17.158	0.624997
17.159	0.643129
17.16	0.668478
17.161	0.699345
17.162	0.733898
17.163	0.768749
17.164	0.797759
17.165	0.814448
17.166	0.815988
17.167	0.803975
17.168	0.781863
17.169	0.752463
17.17	0.717662
17.171	0.679759
17.172	0.642666
17.173	0.611675
17.174	0.591363
17.175	0.583326
17.176	0.586457
17.177	0.599551
17.178	0.623058
17.179	0.658157
17.18	0.704246
17.181	0.757472
17.182	0.81201
17.183	0.862114
17.184	0.903482
17.185	0.935279
17.186	0.960665
17.187	0.983202
17.188	1.0029
17.189	1.016644
17.19	1.022089
17.191	1.020428
17.192	1.015932
17.193	1.013827
17.194	1.018312
17.195	1.031388
17.196	1.052936
17.197	1.082017
17.198	1.118219
17.199	1.161734
17.2	1.211865
17.201	1.266427
17.202	1.32421
17.203	1.386768
17.204	1.455451
17.205	1.52591
17.206	1.585241
17.207	1.617761
17.208	1.619331
17.209	1.605773
17.21	1.602235
17.211	1.623577
17.212	1.666904
17.213	1.720486
17.214	1.77601
17.215	1.833451
17.216	1.89872
17.217	1.979322
17.218	2.08144
17.219	2.207817
17.22	2.355088
17.221	2.513938
17.222	2.674984
17.223	2.83424
17.224	2.992674
17.225	3.15363
17.226	3.320997
17.227	3.496507
17.228	3.676839
17.229	3.853128
17.23	4.01264
17.231	4.140899
17.232	4.224855
17.233	4.25768
17.234	4.242036
17.235	4.188767
17.236	4.112084
17.237	4.024308
17.238	3.933263
17.239	3.843697
17.24	3.759951
17.241	3.686315
17.242	3.624665
17.243	3.570705
17.244	3.512939
17.245	3.438279
17.246	3.339647
17.247	3.217482
17.248	3.075205
17.249	2.915068
17.25	2.739085
17.251	2.553616
17.252	2.3713
17.253	2.20686
17.254	2.071414
17.255	1.971173
17.256	1.909415
17.257	1.887462
17.258	1.904142
17.259	1.955117
17.26	2.033044
17.261	2.129251
17.262	2.234739
17.263	2.337586
17.264	2.421476
17.265	2.471171
17.266	2.479505
17.267	2.448234
17.268	2.38394
17.269	2.293605
17.27	2.182482
17.271	2.055024
17.272	1.917273
17.273	1.778334
17.274	1.650187
17.275	1.545912
17.276	1.476333
17.277	1.446884
17.278	1.457098
17.279	1.502145
17.28	1.574445
17.281	1.664835
17.282	1.762517
17.283	1.853237
17.284	1.919633
17.285	1.946733
17.286	1.927474
17.287	1.863327
17.288	1.761281
17.289	1.630079
17.29	1.4784
17.291	1.315638
17.292	1.15269
17.293	1.001487
17.294	0.873927
17.295	0.779735
17.296	0.723724
17.297	0.705275
17.298	0.720412
17.299	0.763823
17.3	0.829504
17.301	0.910729
17.302	0.999132
17.303	1.08245
17.304	1.144308
17.305	1.169379
17.306	1.150067
17.307	1.089287
17.308	0.99853
17.309	0.893327
17.31	0.788548
17.311	0.693442
17.312	0.60671
17.313	0.517587
17.314	0.417909
17.315	0.317222
17.316	0.243546
17.317	0.22442
17.318	0.265773
17.319	0.349229
17.32	0.447403
17.321	0.540135
17.322	0.618965
17.323	0.680402
17.324	0.718249
17.325	0.724202
17.326	0.694431
17.327	0.633681
17.328	0.553061
17.329	0.46428
17.33	0.375411
17.331	0.290225
17.332	0.21046
17.333	0.139727
17.334	0.085432
17.335	0.055851
17.336	0.055273
17.337	0.082182
17.338	0.131221
17.339	0.196504
17.34	0.274003
17.341	0.362788
17.342	0.466862
17.343	0.598097
17.344	0.779467
17.345	1.042846
17.346	1.407858
17.347	1.844172
17.348	2.257159
17.349	2.532842
17.35	2.611473
17.351	2.517999
17.352	2.326284
17.353	2.102013
17.354	1.873928
17.355	1.643416
17.356	1.411073
17.357	1.192871
17.358	1.014513
17.359	0.894795
17.36	0.834829
17.361	0.819011
17.362	0.823059
17.363	0.821421
17.364	0.792292
17.365	0.724218
17.366	0.622352
17.367	0.507394
17.368	0.406317
17.369	0.340309
17.37	0.316093
17.371	0.325021
17.372	0.350177
17.373	0.376152
17.374	0.394574
17.375	0.403079
17.376	0.401
17.377	0.386052
17.378	0.354067
17.379	0.301774
17.38	0.230412
17.381	0.147247
17.382	0.063248
17.383	-0.013138
17.384	-0.080861
17.385	-0.143459
17.386	-0.201636
17.387	-0.249269
17.388	-0.275772
17.389	-0.272366
17.39	-0.237487
17.391	-0.177269
17.392	-0.101423
17.393	-0.018676
17.394	0.064668
17.395	0.142712
17.396	0.20703
17.397	0.245988
17.398	0.247478
17.399	0.203306
17.4	0.112337
17.401	-0.018548
17.402	-0.175906
17.403	-0.344913
17.404	-0.515041
17.405	-0.679922
17.406	-0.832182
17.407	-0.95971
17.408	-1.047592
17.409	-1.084896
17.41	-1.070415
17.411	-1.012282
17.412	-0.92351
17.413	-0.818347
17.414	-0.710549
17.415	-0.612059
17.416	-0.531598
17.417	-0.474195
17.418	-0.443138
17.419	-0.444311
17.42	-0.487973
17.421	-0.580204
17.422	-0.707455
17.423	-0.833783
17.424	-0.920041
17.425	-0.946015
17.426	-0.913977
17.427	-0.835416
17.428	-0.717173
17.429	-0.558104
17.43	-0.35496
17.431	-0.109142
17.432	0.17137
17.433	0.472825
17.434	0.774167
17.435	1.045159
17.436	1.252119
17.437	1.37094
17.438	1.396341
17.439	1.340089
17.44	1.222231
17.441	1.063815
17.442	0.884094
17.443	0.697802
17.444	0.511292
17.445	0.322922
17.446	0.128268
17.447	-0.0762
17.448	-0.294238
17.449	-0.530867
17.45	-0.786732
17.451	-1.049515
17.452	-1.294149
17.453	-1.494247
17.454	-1.633698
17.455	-1.709048
17.456	-1.723335
17.457	-1.67751
17.458	-1.56752
17.459	-1.391312
17.46	-1.158507
17.461	-0.891512
17.462	-0.618224
17.463	-0.364749
17.464	-0.15032
17.465	0.017457
17.466	0.143657
17.467	0.241126
17.468	0.323395
17.469	0.398838
17.47	0.467602
17.471	0.522993
17.472	0.557566
17.473	0.570419
17.474	0.570149
17.475	0.570775
17.476	0.584184
17.477	0.615584
17.478	0.664305
17.479	0.727007
17.48	0.800167
17.481	0.881018
17.482	0.966848
17.483	1.052835
17.484	1.131389
17.485	1.195
17.486	1.238693
17.487	1.259529
17.488	1.255856
17.489	1.227727
17.49	1.177235
17.491	1.108125
17.492	1.02563
17.493	0.937393
17.494	0.853491
17.495	0.783491
17.496	0.732965
17.497	0.703191
17.498	0.693175
17.499	0.701059
17.5	0.724287
17.501	0.759674
17.502	0.803554
17.503	0.850488
17.504	0.892084
17.505	0.919762
17.506	0.929146
17.507	0.920996
17.508	0.898704
17.509	0.865374
17.51	0.822405
17.511	0.769924
17.512	0.708974
17.513	0.644249
17.514	0.584244
17.515	0.537884
17.516	0.511254
17.517	0.507217
17.518	0.526475
17.519	0.568115
17.52	0.629217
17.521	0.704556
17.522	0.787912
17.523	0.873507
17.524	0.956196
17.525	1.03112
17.526	1.090567
17.527	1.119193
17.528	1.097736
17.529	1.018936
17.53	0.899649
17.531	0.771696
17.532	0.659386
17.533	0.567074
17.534	0.484979
17.535	0.402647
17.536	0.317958
17.537	0.237323
17.538	0.169829
17.539	0.12148
17.54	0.093277
17.541	0.08283
17.542	0.086715
17.543	0.099508
17.544	0.111066
17.545	0.108748
17.546	0.08405
17.547	0.036437
17.548	-0.028723
17.549	-0.105525
17.55	-0.191506
17.551	-0.286679
17.552	-0.388363
17.553	-0.487662
17.554	-0.572216
17.555	-0.632099
17.556	-0.662957
17.557	-0.665461
17.558	-0.643311
17.559	-0.601376
17.56	-0.545021
17.561	-0.47953
17.562	-0.40917
17.563	-0.339112
17.564	-0.278381
17.565	-0.237137
17.566	-0.22031
17.567	-0.225443
17.568	-0.24599
17.569	-0.275852
17.57	-0.311992
17.571	-0.353939
17.572	-0.400599
17.573	-0.447263
17.574	-0.485937
17.575	-0.508614
17.576	-0.510551
17.577	-0.491571
17.578	-0.455327
17.579	-0.407743
17.58	-0.355438
17.581	-0.303255
17.582	-0.252485
17.583	-0.203945
17.584	-0.162477
17.585	-0.135196
17.586	-0.125617
17.587	-0.13103
17.588	-0.144645
17.589	-0.160017
17.59	-0.175111
17.591	-0.193172
17.592	-0.219376
17.593	-0.25621
17.594	-0.301484
17.595	-0.349376
17.596	-0.392798
17.597	-0.425975
17.598	-0.446311
17.599	-0.454942
17.6	-0.455666
17.601	-0.452209
17.602	-0.446149
17.603	-0.43873
17.604	-0.43388
17.605	-0.436868
17.606	-0.450407
17.607	-0.473512
17.608	-0.50326
17.609	-0.537048
17.61	-0.573958
17.611	-0.614483
17.612	-0.658784
17.613	-0.704709
17.614	-0.74691
17.615	-0.77807
17.616	-0.79197
17.617	-0.786097
17.618	-0.762104
17.619	-0.724873
17.62	-0.680627
17.621	-0.633776
17.622	-0.585213
17.623	-0.535527
17.624	-0.489227
17.625	-0.453543
17.626	-0.434069
17.627	-0.432435
17.628	-0.4464
17.629	-0.471514
17.63	-0.502665
17.631	-0.533039
17.632	-0.552856
17.633	-0.554061
17.634	-0.540149
17.635	-0.529197
17.636	-0.5398
17.637	-0.569069
17.638	-0.58814
17.639	-0.565207
17.64	-0.492716
17.641	-0.390354
17.642	-0.285936
17.643	-0.198749
17.644	-0.137387
17.645	-0.103585
17.646	-0.094268
17.647	-0.102718
17.648	-0.12109
17.649	-0.144301
17.65	-0.172361
17.651	-0.208296
17.652	-0.253134
17.653	-0.301867
17.654	-0.343259
17.655	-0.364546
17.656	-0.358445
17.657	-0.326917
17.658	-0.27902
17.659	-0.224729
17.66	-0.169012
17.661	-0.110164
17.662	-0.043795
17.663	0.02975
17.664	0.102118
17.665	0.163031
17.666	0.207674
17.667	0.23598
17.668	0.247792
17.669	0.242338
17.67	0.221949
17.671	0.193273
17.672	0.163594
17.673	0.137133
17.674	0.115122
17.675	0.098813
17.676	0.092587
17.677	0.103684
17.678	0.13729
17.679	0.191246
17.68	0.256274
17.681	0.322041
17.682	0.383088
17.683	0.438453
17.684	0.486859
17.685	0.524772
17.686	0.548234
17.687	0.554524
17.688	0.542767
17.689	0.514419
17.69	0.473123
17.691	0.423416
17.692	0.369701
17.693	0.316709
17.694	0.270078
17.695	0.235558
17.696	0.217416
17.697	0.217249
17.698	0.233574
17.699	0.262286
17.7	0.297727
17.701	0.334301
17.702	0.368224
17.703	0.397157
17.704	0.417918
17.705	0.42631
17.706	0.419385
17.707	0.397029
17.708	0.362002
17.709	0.31871
17.71	0.270725
17.711	0.218786
17.712	0.161962
17.713	0.101259
17.714	0.041458
17.715	-0.010705
17.716	-0.049469
17.717	-0.072024
17.718	-0.079573
17.719	-0.077007
17.72	-0.07084
17.721	-0.066015
17.722	-0.063411
17.723	-0.061668
17.724	-0.062319
17.725	-0.071351
17.726	-0.0953
17.727	-0.136601
17.728	-0.192223
17.729	-0.256273
17.73	-0.324006
17.731	-0.393369
17.732	-0.463312
17.733	-0.531859
17.734	-0.596388
17.735	-0.654821
17.736	-0.705222
17.737	-0.744325
17.738	-0.767325
17.739	-0.770247
17.74	-0.755472
17.741	-0.737233
17.742	-0.73891
17.743	-0.778642
17.744	-0.852866
17.745	-0.935375
17.746	-0.99743
17.747	-1.029953
17.748	-1.046179
17.749	-1.066609
17.75	-1.103698
17.751	-1.15746
17.752	-1.220369
17.753	-1.284351
17.754	-1.344723
17.755	-1.400454
17.756	-1.453267
17.757	-1.50717
17.758	-1.566706
17.759	-1.632885
17.76	-1.700209
17.761	-1.75797
17.762	-1.795122
17.763	-1.806602
17.764	-1.796672
17.765	-1.774714
17.766	-1.746987
17.767	-1.712458
17.768	-1.665291
17.769	-1.600675
17.77	-1.519322
17.771	-1.427873
17.772	-1.335797
17.773	-1.251598
17.774	-1.180826
17.775	-1.126132
17.776	-1.088274
17.777	-1.067242
17.778	-1.062902
17.779	-1.074847
17.78	-1.101506
17.781	-1.138406
17.782	-1.177048
17.783	-1.207974
17.784	-1.226542
17.785	-1.234226
17.786	-1.2345
17.787	-1.229013
17.788	-1.217066
17.789	-1.197348
17.79	-1.169925
17.791	-1.137116
17.792	-1.102993
17.793	-1.072183
17.794	-1.048635
17.795	-1.034664
17.796	-1.030899
17.797	-1.037229
17.798	-1.053724
17.799	-1.081006
17.8	-1.11982
17.801	-1.168932
17.802	-1.222664
17.803	-1.272434
17.804	-1.311705
17.805	-1.337728
17.806	-1.349119
17.807	-1.344326
17.808	-1.322236
17.809	-1.2829
17.81	-1.227677
17.811	-1.159207
17.812	-1.081322
17.813	-0.99899
17.814	-0.91804
17.815	-0.844137
17.816	-0.781668
17.817	-0.733507
17.818	-0.701608
17.819	-0.687551
17.82	-0.691751
17.821	-0.710516
17.822	-0.733581
17.823	-0.747443
17.824	-0.742784
17.825	-0.717621
17.826	-0.674656
17.827	-0.617509
17.828	-0.54806
17.829	-0.465926
17.83	-0.370474
17.831	-0.263375
17.832	-0.14992
17.833	-0.038978
17.834	0.05894
17.835	0.135587
17.836	0.188285
17.837	0.219988
17.838	0.236276
17.839	0.241817
17.84	0.23915
17.841	0.230864
17.842	0.222529
17.843	0.221547
17.844	0.233268
17.845	0.260989
17.846	0.309198
17.847	0.383208
17.848	0.482479
17.849	0.592606
17.85	0.687203
17.851	0.745142
17.852	0.768769
17.853	0.781554
17.854	0.805891
17.855	0.844888
17.856	0.884621
17.857	0.909436
17.858	0.913445
17.859	0.900714
17.86	0.879001
17.861	0.855093
17.862	0.834126
17.863	0.819356
17.864	0.811452
17.865	0.809746
17.866	0.813606
17.867	0.821523
17.868	0.830381
17.869	0.836822
17.87	0.838974
17.871	0.83643
17.872	0.828717
17.873	0.814515
17.874	0.792987
17.875	0.765551
17.876	0.735931
17.877	0.708698
17.878	0.687433
17.879	0.673197
17.88	0.664161
17.881	0.65737
17.882	0.65143
17.883	0.64627
17.884	0.640449
17.885	0.631031
17.886	0.616018
17.887	0.595544
17.888	0.57124
17.889	0.545267
17.89	0.519709
17.891	0.495814
17.892	0.472772
17.893	0.447624
17.894	0.417765
17.895	0.384268
17.896	0.352875
17.897	0.331579
17.898	0.326474
17.899	0.338591
17.9	0.363474
17.901	0.393996
17.902	0.424725
17.903	0.453298
17.904	0.478281
17.905	0.498189
17.906	0.512291
17.907	0.520376
17.908	0.521855
17.909	0.516097
17.91	0.503582
17.911	0.485922
17.912	0.464455
17.913	0.439393
17.914	0.410406
17.915	0.377552
17.916	0.342085
17.917	0.306728
17.918	0.27418
17.919	0.244801
17.92	0.216243
17.921	0.185822
17.922	0.153183
17.923	0.119619
17.924	0.084652
17.925	0.044824
17.926	-0.004277
17.927	-0.06576
17.928	-0.14017
17.929	-0.225017
17.93	-0.315288
17.931	-0.405149
17.932	-0.490219
17.933	-0.568793
17.934	-0.640728
17.935	-0.704815
17.936	-0.757428
17.937	-0.793933
17.938	-0.811401
17.939	-0.810589
17.94	-0.79631
17.941	-0.775242
17.942	-0.752046
17.943	-0.728241
17.944	-0.704797
17.945	-0.683383
17.946	-0.665326
17.947	-0.651703
17.948	-0.644189
17.949	-0.644405
17.95	-0.652489
17.951	-0.666468
17.952	-0.682339
17.953	-0.694221
17.954	-0.695074
17.955	-0.679623
17.956	-0.650028
17.957	-0.619215
17.958	-0.603647
17.959	-0.607256
17.96	-0.613718
17.961	-0.598825
17.962	-0.550644
17.963	-0.478155
17.964	-0.403783
17.965	-0.348532
17.966	-0.321843
17.967	-0.321358
17.968	-0.338418
17.969	-0.36391
17.97	-0.391882
17.971	-0.42013
17.972	-0.448638
17.973	-0.477759
17.974	-0.506907
17.975	-0.533378
17.976	-0.55186
17.977	-0.555803
17.978	-0.540383
17.979	-0.505338
17.98	-0.455758
17.981	-0.399383
17.982	-0.34181
17.983	-0.285107
17.984	-0.230896
17.985	-0.181972
17.986	-0.14105
17.987	-0.110026
17.988	-0.089987
17.989	-0.080974
17.99	-0.081671
17.991	-0.089382
17.992	-0.100945
17.993	-0.11412
17.994	-0.126948
17.995	-0.134961
17.996	-0.130558
17.997	-0.106657
17.998	-0.061001
17.999	0.002387
18.0	0.074623
18.001	0.145889
18.002	0.210281
18.003	0.266745
18.004	0.315554
18.005	0.356089
18.006	0.387229
18.007	0.40746
18.008	0.414887
18.009	0.408124
18.01	0.387409
18.011	0.355094
18.012	0.314522
18.013	0.267496
18.014	0.213311
18.015	0.151021
18.016	0.08212
18.017	0.010434
18.018	-0.061547
18.019	-0.138174
18.02	-0.233064
18.021	-0.363649
18.022	-0.540129
18.023	-0.75695
18.024	-0.991514
18.025	-1.211956
18.026	-1.394521
18.027	-1.539419
18.028	-1.669135
18.029	-1.810091
18.03	-1.972522
18.031	-2.139468
18.032	-2.270221
18.033	-2.321122
18.034	-2.274115
18.035	-2.150247
18.036	-1.996306
18.037	-1.857971
18.038	-1.761484
18.039	-1.712685
18.04	-1.705825
18.041	-1.730565
18.042	-1.774426
18.043	-1.825328
18.044	-1.874415
18.045	-1.915427
18.046	-1.942523
18.047	-1.950598
18.048	-1.937342
18.049	-1.90442
18.05	-1.856607
18.051	-1.800431
18.052	-1.744779
18.053	-1.701814
18.054	-1.684895
18.055	-1.705595
18.056	-1.77313
18.057	-1.894008
18.058	-2.068469
18.059	-2.284665
18.06	-2.516633
18.061	-2.732843
18.062	-2.912768
18.063	-3.059134
18.064	-3.195317
18.065	-3.34644
18.066	-3.51426
18.067	-3.664867
18.068	-3.742357
18.069	-3.700285
18.07	-3.52741
18.071	-3.25189
18.072	-2.926614
18.073	-2.607454
18.074	-2.335753
18.075	-2.13239
18.076	-2.001874
18.077	-1.939204
18.078	-1.935998
18.079	-1.985136
18.08	-2.081528
18.081	-2.218008
18.082	-2.379487
18.083	-2.541628
18.084	-2.677083
18.085	-2.764085
18.086	-2.790826
18.087	-2.755019
18.088	-2.661028
18.089	-2.51619
18.09	-2.328821
18.091	-2.11029
18.092	-1.877999
18.093	-1.653565
18.094	-1.457143
18.095	-1.303409
18.096	-1.200959
18.097	-1.15301
18.098	-1.157914
18.099	-1.209533
18.1	-1.298361
18.101	-1.412728
18.102	-1.537458
18.103	-1.651897
18.104	-1.732661
18.105	-1.759852
18.106	-1.721031
18.107	-1.611783
18.108	-1.434585
18.109	-1.196647
18.11	-0.908489
18.111	-0.585117
18.112	-0.247131
18.113	0.081421
18.114	0.376584
18.115	0.617533
18.116	0.790145
18.117	0.890175
18.118	0.923443
18.119	0.902918
18.12	0.844532
18.121	0.764649
18.122	0.681259
18.123	0.614519
18.124	0.582342
18.125	0.59639
18.126	0.662982
18.127	0.784306
18.128	0.956854
18.129	1.170095
18.13	1.407576
18.131	1.65046
18.132	1.882054
18.133	2.089379
18.134	2.261165
18.135	2.387589
18.136	2.463198
18.137	2.488701
18.138	2.469981
18.139	2.415556
18.14	2.333398
18.141	2.230601
18.142	2.118127
18.143	2.013264
18.144	1.933558
18.145	1.8898
18.146	1.886092
18.147	1.923514
18.148	2.002078
18.149	2.12075
18.15	2.276618
18.151	2.463308
18.152	2.668336
18.153	2.870481
18.154	3.041924
18.155	3.157838
18.156	3.206553
18.157	3.192013
18.158	3.128745
18.159	3.033159
18.16	2.915496
18.161	2.779081
18.162	2.627712
18.163	2.4708
18.164	2.320478
18.165	2.188115
18.166	2.084626
18.167	2.020444
18.168	2.002905
18.169	2.031529
18.17	2.092099
18.171	2.154839
18.172	2.183909
18.173	2.155874
18.174	2.072027
18.175	1.950797
18.176	1.806571
18.177	1.637652
18.178	1.434004
18.179	1.19174
18.18	0.91947
18.181	0.635946
18.182	0.363812
18.183	0.121434
18.184	-0.082407
18.185	-0.246161
18.186	-0.370577
18.187	-0.457966
18.188	-0.513781
18.189	-0.546458
18.19	-0.565316
18.191	-0.578571
18.192	-0.593573
18.193	-0.618255
18.194	-0.659497
18.195	-0.718876
18.196	-0.791946
18.197	-0.872108
18.198	-0.954651
18.199	-1.038996
18.2	-1.128923
18.201	-1.229265
18.202	-1.340005
18.203	-1.453346
18.204	-1.556507
18.205	-1.636648
18.206	-1.684937
18.207	-1.698893
18.208	-1.68241
18.209	-1.643678
18.21	-1.591024
18.211	-1.528627
18.212	-1.456765
18.213	-1.376975
18.214	-1.295368
18.215	-1.22048
18.216	-1.159727
18.217	-1.117617
18.218	-1.095211
18.219	-1.090731
18.22	-1.101023
18.221	-1.122053
18.222	-1.147992
18.223	-1.171763
18.224	-1.187746
18.225	-1.192872
18.226	-1.185212
18.227	-1.163487
18.228	-1.128837
18.229	-1.085768
18.23	-1.039461
18.231	-0.9924
18.232	-0.945051
18.233	-0.899331
18.234	-0.859988
18.235	-0.833082
18.236	-0.824211
18.237	-0.836913
18.238	-0.870509
18.239	-0.919035
18.24	-0.973607
18.241	-1.026782
18.242	-1.074634
18.243	-1.11535
18.244	-1.147182
18.245	-1.167588
18.246	-1.173618
18.247	-1.163477
18.248	-1.138467
18.249	-1.102886
18.25	-1.060902
18.251	-1.013906
18.252	-0.961829
18.253	-0.906634
18.254	-0.8539
18.255	-0.811441
18.256	-0.786129
18.257	-0.780367
18.258	-0.790653
18.259	-0.809907
18.26	-0.832066
18.261	-0.854784
18.262	-0.877504
18.263	-0.898022
18.264	-0.912127
18.265	-0.915054
18.266	-0.902318
18.267	-0.871502
18.268	-0.825091
18.269	-0.770232
18.27	-0.714271
18.271	-0.660603
18.272	-0.608208
18.273	-0.553849
18.274	-0.494369
18.275	-0.427529
18.276	-0.352762
18.277	-0.274753
18.278	-0.207173
18.279	-0.167845
18.28	-0.163832
18.281	-0.180599
18.282	-0.189855
18.283	-0.171221
18.284	-0.126942
18.285	-0.076148
18.286	-0.037486
18.287	-0.018331
18.288	-0.016414
18.289	-0.026503
18.29	-0.044627
18.291	-0.068191
18.292	-0.094474
18.293	-0.120653
18.294	-0.1454
18.295	-0.169154
18.296	-0.192153
18.297	-0.212573
18.298	-0.227111
18.299	-0.234045
18.3	-0.236081
18.301	-0.239395
18.302	-0.248551
18.303	-0.26305
18.304	-0.279563
18.305	-0.29521
18.306	-0.307865
18.307	-0.316135
18.308	-0.32101
18.309	-0.32674
18.31	-0.33849
18.311	-0.357849
18.312	-0.380611
18.313	-0.400152
18.314	-0.413187
18.315	-0.421306
18.316	-0.427588
18.317	-0.432938
18.318	-0.434979
18.319	-0.429947
18.32	-0.416601
18.321	-0.397807
18.322	-0.37702
18.323	-0.354869
18.324	-0.330194
18.325	-0.3015
18.326	-0.266558
18.327	-0.223018
18.328	-0.170439
18.329	-0.111345
18.33	-0.049949
18.331	0.010632
18.332	0.069616
18.333	0.126107
18.334	0.176173
18.335	0.213777
18.336	0.23381
18.337	0.233978
18.338	0.215846
18.339	0.1847
18.34	0.147252
18.341	0.1106
18.342	0.085188
18.343	0.085021
18.344	0.119285
18.345	0.183713
18.346	0.262586
18.347	0.339416
18.348	0.405368
18.349	0.459122
18.35	0.502419
18.351	0.537848
18.352	0.568668
18.353	0.597279
18.354	0.623248
18.355	0.643425
18.356	0.653533
18.357	0.650398
18.358	0.634132
18.359	0.60791
18.36	0.575246
18.361	0.538671
18.362	0.500948
18.363	0.464771
18.364	0.430545
18.365	0.397214
18.366	0.365509
18.367	0.338109
18.368	0.316288
18.369	0.297838
18.37	0.279199
18.371	0.259294
18.372	0.239993
18.373	0.222738
18.374	0.206242
18.375	0.187551
18.376	0.164204
18.377	0.136607
18.378	0.109388
18.379	0.087848
18.38	0.069777
18.381	0.041547
18.382	-0.013792
18.383	-0.103457
18.384	-0.221994
18.385	-0.360895
18.386	-0.516346
18.387	-0.682363
18.388	-0.839363
18.389	-0.960206
18.39	-1.031667
18.391	-1.065522
18.392	-1.087715
18.393	-1.119671
18.394	-1.168278
18.395	-1.228754
18.396	-1.293903
18.397	-1.36009
18.398	-1.426589
18.399	-1.492506
18.4	-1.555423
18.401	-1.611569
18.402	-1.656658
18.403	-1.688828
18.404	-1.711926
18.405	-1.734139
18.406	-1.763386
18.407	-1.805006
18.408	-1.862229
18.409	-1.935973
18.41	-2.022252
18.411	-2.109502
18.412	-2.180723
18.413	-2.221676
18.414	-2.229071
18.415	-2.21151
18.416	-2.182385
18.417	-2.150245
18.418	-2.113996
18.419	-2.066174
18.42	-2.00046
18.421	-1.916495
18.422	-1.818746
18.423	-1.713496
18.424	-1.607962
18.425	-1.508727
18.426	-1.418534
18.427	-1.336164
18.428	-1.260088
18.429	-1.190832
18.43	-1.129818
18.431	-1.07768
18.432	-1.034236
18.433	-0.998833
18.434	-0.97014
18.435	-0.946471
18.436	-0.926753
18.437	-0.910402
18.438	-0.895807
18.439	-0.879804
18.44	-0.860082
18.441	-0.838062
18.442	-0.817906
18.443	-0.803008
18.444	-0.794544
18.445	-0.791481
18.446	-0.789978
18.447	-0.784308
18.448	-0.770553
18.449	-0.749805
18.45	-0.727524
18.451	-0.709433
18.452	-0.697085
18.453	-0.687052
18.454	-0.674698
18.455	-0.658358
18.456	-0.639493
18.457	-0.619451
18.458	-0.59746
18.459	-0.57348
18.46	-0.552869
18.461	-0.545011
18.462	-0.554956
18.463	-0.578435
18.464	-0.606545
18.465	-0.632108
18.466	-0.650617
18.467	-0.659516
18.468	-0.659208
18.469	-0.653258
18.47	-0.64589
18.471	-0.638665
18.472	-0.629485
18.473	-0.615663
18.474	-0.598289
18.475	-0.582851
18.476	-0.575818
18.477	-0.580683
18.478	-0.595655
18.479	-0.614525
18.48	-0.631072
18.481	-0.642766
18.482	-0.649745
18.483	-0.652645
18.484	-0.652954
18.485	-0.652234
18.486	-0.649359
18.487	-0.640404
18.488	-0.621521
18.489	-0.590842
18.49	-0.548222
18.491	-0.495527
18.492	-0.43965
18.493	-0.393668
18.494	-0.367033
18.495	-0.349226
18.496	-0.309637
18.497	-0.223888
18.498	-0.102603
18.499	0.009215
18.5	0.063168
18.501	0.039738
18.502	-0.043998
18.503	-0.152483
18.504	-0.25561
18.505	-0.33762
18.506	-0.391958
18.507	-0.417003
18.508	-0.417446
18.509	-0.404507
18.51	-0.390218
18.511	-0.379464
18.512	-0.367943
18.513	-0.349
18.514	-0.322003
18.515	-0.293747
18.516	-0.273412
18.517	-0.266101
18.518	-0.268619
18.519	-0.27124
18.52	-0.265949
18.521	-0.253266
18.522	-0.240115
18.523	-0.233084
18.524	-0.234513
18.525	-0.240982
18.526	-0.243726
18.527	-0.232935
18.528	-0.203704
18.529	-0.158817
18.53	-0.105564
18.531	-0.048955
18.532	0.011289
18.533	0.076392
18.534	0.14335
18.535	0.205287
18.536	0.255014
18.537	0.288364
18.538	0.306364
18.539	0.314578
18.54	0.319494
18.541	0.325696
18.542	0.336062
18.543	0.351961
18.544	0.372132
18.545	0.393779
18.546	0.415978
18.547	0.441018
18.548	0.4718
18.549	0.508234
18.55	0.547346
18.551	0.587093
18.552	0.628298
18.553	0.672059
18.554	0.716882
18.555	0.758891
18.556	0.793475
18.557	0.816782
18.558	0.827271
18.559	0.826808
18.56	0.820018
18.561	0.812058
18.562	0.806418
18.563	0.803322
18.564	0.799758
18.565	0.792975
18.566	0.784595
18.567	0.779862
18.568	0.782179
18.569	0.789421
18.57	0.796682
18.571	0.801847
18.572	0.806848
18.573	0.813628
18.574	0.820447
18.575	0.822278
18.576	0.814084
18.577	0.794349
18.578	0.766863
18.579	0.739266
18.58	0.718566
18.581	0.707095
18.582	0.702581
18.583	0.700791
18.584	0.697367
18.585	0.689437
18.586	0.677827
18.587	0.667306
18.588	0.662847
18.589	0.665183
18.59	0.670688
18.591	0.675136
18.592	0.677023
18.593	0.678001
18.594	0.681098
18.595	0.688887
18.596	0.703055
18.597	0.724441
18.598	0.750808
18.599	0.772641
18.6	0.774347
18.601	0.747155
18.602	0.703539
18.603	0.672678
18.604	0.676627
18.605	0.713265
18.606	0.76296
18.607	0.806733
18.608	0.83679
18.609	0.855342
18.61	0.86842
18.611	0.880934
18.612	0.895158
18.613	0.911349
18.614	0.92835
18.615	0.943657
18.616	0.953847
18.617	0.956117
18.618	0.950577
18.619	0.940925
18.62	0.931789
18.621	0.925318
18.622	0.92094
18.623	0.917278
18.624	0.913013
18.625	0.907648
18.626	0.903226
18.627	0.904263
18.628	0.914789
18.629	0.93522
18.63	0.96156
18.631	0.987788
18.632	1.010107
18.633	1.028922
18.634	1.046497
18.635	1.063692
18.636	1.079241
18.637	1.091889
18.638	1.103425
18.639	1.117305
18.64	1.131096
18.641	1.133457
18.642	1.113875
18.643	1.073236
18.644	1.021954
18.645	0.971795
18.646	0.931377
18.647	0.90509
18.648	0.892708
18.649	0.88993
18.65	0.890662
18.651	0.890731
18.652	0.890854
18.653	0.895773
18.654	0.909271
18.655	0.929266
18.656	0.947393
18.657	0.954253
18.658	0.94725
18.659	0.93388
18.66	0.925721
18.661	0.928729
18.662	0.940104
18.663	0.952511
18.664	0.959107
18.665	0.956746
18.666	0.947024
18.667	0.934502
18.668	0.924424
18.669	0.922222
18.67	0.932889
18.671	0.957209
18.672	0.987396
18.673	1.009743
18.674	1.015331
18.675	1.0073
18.676	0.995011
18.677	0.982586
18.678	0.966151
18.679	0.941812
18.68	0.913269
18.681	0.888928
18.682	0.871989
18.683	0.856522
18.684	0.835235
18.685	0.809422
18.686	0.788213
18.687	0.778692
18.688	0.780394
18.689	0.789257
18.69	0.802371
18.691	0.817485
18.692	0.831611
18.693	0.84213
18.694	0.848281
18.695	0.851603
18.696	0.85469
18.697	0.858216
18.698	0.859428
18.699	0.85425
18.7	0.840575
18.701	0.820987
18.702	0.803881
18.703	0.799519
18.704	0.812523
18.705	0.837826
18.706	0.862151
18.707	0.870715
18.708	0.859028
18.709	0.840581
18.71	0.838523
18.711	0.866729
18.712	0.918949
18.713	0.974911
18.714	1.015948
18.715	1.036746
18.716	1.044649
18.717	1.048941
18.718	1.050933
18.719	1.043976
18.72	1.021596
18.721	0.984064
18.722	0.937972
18.723	0.891128
18.724	0.848743
18.725	0.81472
18.726	0.794478
18.727	0.793489
18.728	0.812644
18.729	0.84698
18.73	0.890631
18.731	0.943298
18.732	1.011425
18.733	1.101774
18.734	1.211225
18.735	1.320802
18.736	1.401551
18.737	1.430635
18.738	1.404022
18.739	1.334724
18.74	1.241092
18.741	1.137667
18.742	1.034201
18.743	0.938197
18.744	0.855601
18.745	0.790561
18.746	0.745974
18.747	0.723259
18.748	0.720686
18.749	0.732976
18.75	0.754045
18.751	0.780418
18.752	0.8117
18.753	0.847812
18.754	0.885665
18.755	0.91828
18.756	0.937631
18.757	0.939488
18.758	0.926471
18.759	0.906434
18.76	0.886986
18.761	0.871169
18.762	0.858299
18.763	0.846873
18.764	0.835675
18.765	0.825242
18.766	0.820253
18.767	0.828326
18.768	0.854502
18.769	0.896861
18.77	0.947134
18.771	0.99506
18.772	1.033433
18.773	1.060963
18.774	1.081356
18.775	1.099365
18.776	1.116499
18.777	1.129687
18.778	1.133809
18.779	1.125029
18.78	1.101557
18.781	1.062957
18.782	1.011077
18.783	0.95112
18.784	0.889757
18.785	0.832814
18.786	0.785689
18.787	0.753895
18.788	0.740566
18.789	0.743634
18.79	0.757288
18.791	0.776866
18.792	0.80168
18.793	0.832782
18.794	0.868777
18.795	0.904592
18.796	0.9338
18.797	0.95179
18.798	0.958084
18.799	0.956823
18.8	0.954866
18.801	0.959091
18.802	0.973687
18.803	0.995765
18.804	1.013357
18.805	1.013622
18.806	0.995369
18.807	0.971013
18.808	0.956952
18.809	0.964262
18.81	0.996164
18.811	1.048291
18.812	1.107152
18.813	1.149999
18.814	1.154529
18.815	1.116667
18.816	1.057461
18.817	1.006754
18.818	0.979271
18.819	0.96648
18.82	0.947533
18.821	0.906082
18.822	0.840444
18.823	0.76195
18.824	0.685518
18.825	0.622796
18.826	0.581848
18.827	0.567831
18.828	0.580781
18.829	0.61367
18.83	0.655149
18.831	0.696054
18.832	0.733879
18.833	0.771091
18.834	0.810022
18.835	0.850063
18.836	0.887959
18.837	0.918642
18.838	0.936074
18.839	0.93464
18.84	0.910513
18.841	0.862814
18.842	0.794737
18.843	0.71269
18.844	0.622917
18.845	0.530044
18.846	0.438692
18.847	0.353702
18.848	0.277283
18.849	0.206403
18.85	0.133506
18.851	0.0501
18.852	-0.04965
18.853	-0.167998
18.854	-0.305264
18.855	-0.461617
18.856	-0.637215
18.857	-0.831031
18.858	-1.039985
18.859	-1.259379
18.86	-1.483618
18.861	-1.706247
18.862	-1.920149
18.863	-2.119242
18.864	-2.300111
18.865	-2.461017
18.866	-2.599927
18.867	-2.714501
18.868	-2.803311
18.869	-2.866112
18.87	-2.902771
18.871	-2.912401
18.872	-2.894656
18.873	-2.853023
18.874	-2.797171
18.875	-2.741725
18.876	-2.701342
18.877	-2.684239
18.878	-2.689103
18.879	-2.708546
18.88	-2.73486
18.881	-2.761349
18.882	-2.778972
18.883	-2.775266
18.884	-2.739268
18.885	-2.666945
18.886	-2.561228
18.887	-2.42824
18.888	-2.275145
18.889	-2.110887
18.89	-1.945373
18.891	-1.785098
18.892	-1.62999
18.893	-1.475937
18.894	-1.320436
18.895	-1.165902
18.896	-1.018387
18.897	-0.883126
18.898	-0.760462
18.899	-0.646211
18.9	-0.536885
18.901	-0.434026
18.902	-0.342695
18.903	-0.267752
18.904	-0.212494
18.905	-0.177116
18.906	-0.155867
18.907	-0.137397
18.908	-0.110494
18.909	-0.071008
18.91	-0.024242
18.911	0.018865
18.912	0.048105
18.913	0.057923
18.914	0.047246
18.915	0.017807
18.916	-0.025815
18.917	-0.075726
18.918	-0.12417
18.919	-0.170603
18.92	-0.225707
18.921	-0.304879
18.922	-0.412284
18.923	-0.530736
18.924	-0.631239
18.925	-0.6937
18.926	-0.718125
18.927	-0.719805
18.928	-0.718581
18.929	-0.731441
18.93	-0.769073
18.931	-0.834783
18.932	-0.926262
18.933	-1.03984
18.934	-1.173378
18.935	-1.324203
18.936	-1.485222
18.937	-1.645432
18.938	-1.794474
18.939	-1.926378
18.94	-2.041245
18.941	-2.145016
18.942	-2.246449
18.943	-2.353853
18.944	-2.474298
18.945	-2.61287
18.946	-2.770672
18.947	-2.944152
18.948	-3.126366
18.949	-3.308478
18.95	-3.480515
18.951	-3.631859
18.952	-3.753348
18.953	-3.841359
18.954	-3.900264
18.955	-3.939885
18.956	-3.969366
18.957	-3.991531
18.958	-4.001641
18.959	-3.992285
18.96	-3.960952
18.961	-3.913503
18.962	-3.860834
18.963	-3.813262
18.964	-3.776826
18.965	-3.751097
18.966	-3.729253
18.967	-3.702269
18.968	-3.66449
18.969	-3.616163
18.97	-3.561239
18.971	-3.502294
18.972	-3.437166
18.973	-3.360799
18.974	-3.270018
18.975	-3.166155
18.976	-3.054046
18.977	-2.939242
18.978	-2.825509
18.979	-2.714456
18.98	-2.607397
18.981	-2.506779
18.982	-2.414912
18.983	-2.332038
18.984	-2.256314
18.985	-2.184457
18.986	-2.112265
18.987	-2.035853
18.988	-1.953008
18.989	-1.863739
18.99	-1.769406
18.991	-1.670444
18.992	-1.565052
18.993	-1.451342
18.994	-1.331097
18.995	-1.210703
18.996	-1.098143
18.997	-0.999224
18.998	-0.916221
18.999	-0.849547
19.0	-0.800534
19.001	-0.772138
19.002	-0.765946
19.003	-0.77852
19.004	-0.800791
19.005	-0.819878
19.006	-0.822282
19.007	-0.79831
19.008	-0.745719
19.009	-0.670115
19.01	-0.581525
19.011	-0.489359
19.012	-0.399202
19.013	-0.313013
19.014	-0.231476
19.015	-0.156115
19.016	-0.090005
19.017	-0.037117
19.018	-0.001158
19.019	0.01461
19.02	0.006245
19.021	-0.030511
19.022	-0.09558
19.023	-0.179099
19.024	-0.261938
19.025	-0.323045
19.026	-0.349537
19.027	-0.343988
19.028	-0.32175
19.029	-0.296135
19.03	-0.263416
19.031	-0.205104
19.032	-0.107322
19.033	0.022468
19.034	0.156911
19.035	0.26475
19.036	0.326901
19.037	0.342668
19.038	0.325366
19.039	0.291529
19.04	0.250012
19.041	0.198234
19.042	0.128872
19.043	0.040794
19.044	-0.055778
19.045	-0.143563
19.046	-0.209345
19.047	-0.254622
19.048	-0.294647
19.049	-0.342386
19.05	-0.390625
19.051	-0.409878
19.052	-0.365279
19.053	-0.239961
19.054	-0.048161
19.055	0.170957
19.056	0.37376
19.057	0.53313
19.058	0.646797
19.059	0.72796
19.06	0.786866
19.061	0.820941
19.062	0.822827
19.063	0.795493
19.064	0.757538
19.065	0.736041
19.066	0.755028
19.067	0.826417
19.068	0.947198
19.069	1.103712
19.07	1.28044
19.071	1.467675
19.072	1.662074
19.073	1.859788
19.074	2.050373
19.075	2.219445
19.076	2.357991
19.077	2.469739
19.078	2.572226
19.079	2.695574
19.08	2.886242
19.081	3.217316
19.082	3.788796
19.083	4.682676
19.084	5.866395
19.085	7.126292
19.086	8.158626
19.087	8.795102
19.088	9.106537
19.089	9.244875
19.09	9.237836
19.091	8.975396
19.092	8.370022
19.093	7.483502
19.094	6.481078
19.095	5.515527
19.096	4.679699
19.097	4.017198
19.098	3.540011
19.099	3.238965
19.1	3.087192
19.101	3.042206
19.102	3.053962
19.103	3.076037
19.104	3.072466
19.105	3.019729
19.106	2.905536
19.107	2.725505
19.108	2.480464
19.109	2.176008
19.11	1.82511
19.111	1.452463
19.112	1.093354
19.113	0.782965
19.114	0.544811
19.115	0.388993
19.116	0.318869
19.117	0.337354
19.118	0.446979
19.119	0.643066
19.12	0.905879
19.121	1.200987
19.122	1.488416
19.123	1.73201
19.124	1.905129
19.125	1.993663
19.126	1.99345
19.127	1.902955
19.128	1.719827
19.129	1.445864
19.13	1.096385
19.131	0.705298
19.132	0.317685
19.133	-0.027474
19.134	-0.309997
19.135	-0.525176
19.136	-0.66715
19.137	-0.715644
19.138	-0.643707
19.139	-0.443114
19.14	-0.141775
19.141	0.204638
19.142	0.536876
19.143	0.811411
19.144	1.006611
19.145	1.119047
19.146	1.154383
19.147	1.118452
19.148	1.013846
19.149	0.842587
19.15	0.612553
19.151	0.34254
19.152	0.060468
19.153	-0.203354
19.154	-0.422197
19.155	-0.57679
19.156	-0.656793
19.157	-0.658747
19.158	-0.58406
19.159	-0.441257
19.16	-0.24924
19.161	-0.035453
19.162	0.17116
19.163	0.347074
19.164	0.477139
19.165	0.55397
19.166	0.575432
19.167	0.541853
19.168	0.454745
19.169	0.318413
19.17	0.143704
19.171	-0.05101
19.172	-0.244288
19.173	-0.416353
19.174	-0.550696
19.175	-0.635428
19.176	-0.664727
19.177	-0.637943
19.178	-0.557897
19.179	-0.431357
19.18	-0.270966
19.181	-0.095739
19.182	0.072236
19.183	0.213562
19.184	0.31543
19.185	0.371945
19.186	0.38225
19.187	0.348056
19.188	0.272286
19.189	0.160009
19.19	0.020154
19.191	-0.13489
19.192	-0.291076
19.193	-0.433509
19.194	-0.548049
19.195	-0.624698
19.196	-0.658511
19.197	-0.647147
19.198	-0.590352
19.199	-0.492896
19.2	-0.367039
19.201	-0.230894
19.202	-0.10197
19.203	0.008639
19.204	0.095414
19.205	0.15445
19.206	0.182503
19.207	0.178475
19.208	0.144489
19.209	0.085878
19.21	0.010104
19.211	-0.074559
19.212	-0.158639
19.213	-0.230753
19.214	-0.280358
19.215	-0.302069
19.216	-0.296062
19.217	-0.265095
19.218	-0.212701
19.219	-0.143473
19.22	-0.064305
19.221	0.015166
19.222	0.085247
19.223	0.139203
19.224	0.172533
19.225	0.181905
19.226	0.16683
19.227	0.130671
19.228	0.079138
19.229	0.01841
19.23	-0.045833
19.231	-0.108456
19.232	-0.16383
19.233	-0.205455
19.234	-0.228163
19.235	-0.230368
19.236	-0.212859
19.237	-0.175918
19.238	-0.118316
19.239	-0.039451
19.24	0.055239
19.241	0.150067
19.242	0.223798
19.243	0.262407
19.244	0.269324
19.245	0.262925
19.246	0.260938
19.247	0.265559
19.248	0.263758
19.249	0.240087
19.25	0.188022
19.251	0.112619
19.252	0.026988
19.253	-0.053787
19.254	-0.118572
19.255	-0.162424
19.256	-0.184744
19.257	-0.186915
19.258	-0.171467
19.259	-0.142475
19.26	-0.106347
19.261	-0.070276
19.262	-0.038401
19.263	-0.01209
19.264	0.005415
19.265	0.0087
19.266	-0.004856
19.267	-0.032419
19.268	-0.067528
19.269	-0.103338
19.27	-0.135123
19.271	-0.160823
19.272	-0.179837
19.273	-0.19187
19.274	-0.196511
19.275	-0.192905
19.276	-0.179709
19.277	-0.155517
19.278	-0.119355
19.279	-0.072032
19.28	-0.018223
19.281	0.034379
19.282	0.079318
19.283	0.113033
19.284	0.132732
19.285	0.136355
19.286	0.124842
19.287	0.102186
19.288	0.07325
19.289	0.041649
19.29	0.008994
19.291	-0.023842
19.292	-0.055055
19.293	-0.081786
19.294	-0.100902
19.295	-0.109909
19.296	-0.10798
19.297	-0.096131
19.298	-0.076547
19.299	-0.052679
19.3	-0.029308
19.301	-0.009977
19.302	0.006395
19.303	0.024546
19.304	0.048062
19.305	0.076697
19.306	0.107283
19.307	0.13553
19.308	0.157918
19.309	0.173071
19.31	0.181795
19.311	0.186593
19.312	0.19107
19.313	0.198915
19.314	0.212715
19.315	0.233293
19.316	0.260316
19.317	0.293512
19.318	0.332508
19.319	0.375439
19.32	0.418928
19.321	0.460262
19.322	0.499043
19.323	0.535614
19.324	0.568307
19.325	0.593814
19.326	0.610079
19.327	0.618142
19.328	0.621462
19.329	0.6233
19.33	0.624176
19.331	0.621316
19.332	0.61065
19.333	0.590957
19.334	0.56686
19.335	0.546864
19.336	0.538658
19.337	0.54682
19.338	0.57307
19.339	0.616308
19.34	0.67213
19.341	0.733438
19.342	0.793144
19.343	0.846698
19.344	0.891463
19.345	0.925198
19.346	0.94687
19.347	0.957349
19.348	0.955853
19.349	0.935874
19.35	0.890509
19.351	0.825433
19.352	0.762242
19.353	0.723835
19.354	0.716242
19.355	0.725391
19.356	0.730136
19.357	0.717694
19.358	0.688921
19.359	0.652878
19.36	0.617936
19.361	0.586489
19.362	0.556371
19.363	0.525162
19.364	0.491393
19.365	0.453666
19.366	0.411414
19.367	0.36638
19.368	0.322637
19.369	0.285161
19.37	0.2575
19.371	0.239414
19.372	0.227097
19.373	0.216616
19.374	0.206702
19.375	0.198724
19.376	0.196346
19.377	0.205222
19.378	0.229954
19.379	0.269615
19.38	0.316375
19.381	0.359598
19.382	0.393284
19.383	0.419185
19.384	0.441651
19.385	0.461817
19.386	0.478021
19.387	0.489355
19.388	0.497303
19.389	0.504725
19.39	0.513705
19.391	0.524116
19.392	0.534738
19.393	0.546387
19.394	0.563027
19.395	0.588361
19.396	0.621523
19.397	0.657127
19.398	0.689025
19.399	0.712613
19.4	0.724116
19.401	0.721055
19.402	0.705763
19.403	0.685687
19.404	0.667333
19.405	0.651895
19.406	0.637759
19.407	0.624593
19.408	0.614467
19.409	0.610752
19.41	0.616066
19.411	0.630272
19.412	0.650257
19.413	0.67162
19.414	0.690138
19.415	0.702297
19.416	0.70609
19.417	0.701968
19.418	0.692726
19.419	0.682077
19.42	0.672584
19.421	0.66542
19.422	0.662698
19.423	0.667219
19.424	0.678199
19.425	0.689973
19.426	0.696121
19.427	0.69347
19.428	0.682903
19.429	0.667498
19.43	0.649234
19.431	0.627296
19.432	0.599802
19.433	0.566579
19.434	0.530241
19.435	0.495783
19.436	0.469457
19.437	0.456692
19.438	0.459858
19.439	0.477125
19.44	0.502944
19.441	0.531417
19.442	0.561199
19.443	0.595469
19.444	0.6362
19.445	0.680826
19.446	0.724451
19.447	0.763184
19.448	0.795694
19.449	0.822926
19.45	0.847085
19.451	0.871508
19.452	0.901264
19.453	0.942761
19.454	1.001091
19.455	1.075123
19.456	1.154909
19.457	1.228742
19.458	1.29732
19.459	1.378012
19.46	1.489526
19.461	1.632633
19.462	1.787178
19.463	1.924106
19.464	2.01954
19.465	2.063515
19.466	2.060128
19.467	2.020245
19.468	1.953798
19.469	1.866991
19.47	1.763982
19.471	1.649108
19.472	1.526315
19.473	1.398051
19.474	1.267472
19.475	1.141171
19.476	1.027422
19.477	0.931942
19.478	0.855972
19.479	0.796618
19.48	0.748031
19.481	0.704617
19.482	0.664961
19.483	0.631361
19.484	0.604934
19.485	0.582706
19.486	0.5594
19.487	0.530697
19.488	0.49513
19.489	0.453951
19.49	0.409757
19.491	0.364767
19.492	0.319682
19.493	0.274639
19.494	0.231298
19.495	0.192874
19.496	0.162074
19.497	0.140027
19.498	0.126749
19.499	0.121197
19.5	0.121104
19.501	0.124306
19.502	0.130877
19.503	0.1426
19.504	0.159452
19.505	0.177827
19.506	0.192597
19.507	0.200129
19.508	0.199893
19.509	0.194332
19.51	0.187383
19.511	0.182075
19.512	0.178744
19.513	0.175928
19.514	0.172744
19.515	0.169831
19.516	0.16925
19.517	0.174705
19.518	0.190522
19.519	0.218567
19.52	0.255803
19.521	0.295191
19.522	0.330026
19.523	0.3578
19.524	0.3798
19.525	0.398343
19.526	0.415082
19.527	0.430865
19.528	0.446533
19.529	0.463547
19.53	0.483332
19.531	0.505877
19.532	0.529473
19.533	0.552138
19.534	0.572682
19.535	0.590192
19.536	0.603885
19.537	0.614213
19.538	0.622858
19.539	0.63087
19.54	0.63739
19.541	0.640818
19.542	0.641746
19.543	0.64337
19.544	0.647027
19.545	0.648686
19.546	0.6412
19.547	0.618783
19.548	0.579474
19.549	0.525526
19.55	0.462213
19.551	0.395211
19.552	0.328552
19.553	0.264681
19.554	0.204991
19.555	0.149724
19.556	0.09873
19.557	0.052981
19.558	0.014622
19.559	-0.014196
19.56	-0.032326
19.561	-0.041044
19.562	-0.046269
19.563	-0.059714
19.564	-0.093269
19.565	-0.145423
19.566	-0.195005
19.567	-0.215901
19.568	-0.198997
19.569	-0.157652
19.57	-0.114545
19.571	-0.086155
19.572	-0.076944
19.573	-0.082928
19.574	-0.098211
19.575	-0.118722
19.576	-0.141771
19.577	-0.164774
19.578	-0.185934
19.579	-0.20583
19.58	-0.228102
19.581	-0.257309
19.582	-0.294024
19.583	-0.333264
19.584	-0.369379
19.585	-0.400709
19.586	-0.429035
19.587	-0.456474
19.588	-0.48316
19.589	-0.506987
19.59	-0.525353
19.591	-0.537165
19.592	-0.543501
19.593	-0.547303
19.594	-0.553049
19.595	-0.566076
19.596	-0.591
19.597	-0.629961
19.598	-0.681793
19.599	-0.74294
19.6	-0.810008
19.601	-0.881077
19.602	-0.953915
19.603	-1.024977
19.604	-1.091811
19.605	-1.154581
19.606	-1.214163
19.607	-1.269975
19.608	-1.319544
19.609	-1.359257
19.61	-1.38576
19.611	-1.397395
19.612	-1.395597
19.613	-1.386075
19.614	-1.377695
19.615	-1.378329
19.616	-1.39135
19.617	-1.416297
19.618	-1.452441
19.619	-1.501444
19.62	-1.566777
19.621	-1.650086
19.622	-1.747203
19.623	-1.847491
19.624	-1.936793
19.625	-2.001053
19.626	-2.029539
19.627	-2.01767
19.628	-1.967383
19.629	-1.884635
19.63	-1.776681
19.631	-1.650787
19.632	-1.514059
19.633	-1.373772
19.634	-1.237742
19.635	-1.114083
19.636	-1.010008
19.637	-0.93083
19.638	-0.880464
19.639	-0.861736
19.64	-0.874214
19.641	-0.911419
19.642	-0.960901
19.643	-1.008266
19.644	-1.04238
19.645	-1.057575
19.646	-1.052727
19.647	-1.029161
19.648	-0.987473
19.649	-0.925597
19.65	-0.841273
19.651	-0.737021
19.652	-0.62273
19.653	-0.512977
19.654	-0.421189
19.655	-0.355491
19.656	-0.318122
19.657	-0.306969
19.658	-0.317684
19.659	-0.345824
19.66	-0.388855
19.661	-0.447156
19.662	-0.521942
19.663	-0.61061
19.664	-0.703771
19.665	-0.7865
19.666	-0.843102
19.667	-0.863017
19.668	-0.844663
19.669	-0.796645
19.67	-0.736895
19.671	-0.685996
19.672	-0.653395
19.673	-0.628918
19.674	-0.592799
19.675	-0.536016
19.676	-0.471113
19.677	-0.42603
19.678	-0.427609
19.679	-0.486176
19.68	-0.59122
19.681	-0.719197
19.682	-0.844491
19.683	-0.946758
19.684	-1.015815
19.685	-1.053591
19.686	-1.069492
19.687	-1.071528
19.688	-1.060962
19.689	-1.033866
19.69	-0.986061
19.691	-0.917221
19.692	-0.832876
19.693	-0.743935
19.694	-0.663282
19.695	-0.601205
19.696	-0.562864
19.697	-0.548742
19.698	-0.556462
19.699	-0.582885
19.7	-0.625966
19.701	-0.684259
19.702	-0.753268
19.703	-0.823761
19.704	-0.885798
19.705	-0.933048
19.706	-0.962289
19.707	-0.971059
19.708	-0.957236
19.709	-0.919818
19.71	-0.859629
19.711	-0.780474
19.712	-0.690266
19.713	-0.600163
19.714	-0.521527
19.715	-0.462866
19.716	-0.428544
19.717	-0.41925
19.718	-0.433687
19.719	-0.47075
19.72	-0.53021
19.721	-0.61005
19.722	-0.702339
19.723	-0.793473
19.724	-0.870345
19.725	-0.925459
19.726	-0.956174
19.727	-0.96156
19.728	-0.940983
19.729	-0.894252
19.73	-0.822098
19.731	-0.727122
19.732	-0.615276
19.733	-0.496714
19.734	-0.384895
19.735	-0.293681
19.736	-0.233074
19.737	-0.205855
19.738	-0.207908
19.739	-0.232221
19.74	-0.273107
19.741	-0.3265
19.742	-0.386263
19.743	-0.442404
19.744	-0.484467
19.745	-0.505093
19.746	-0.499954
19.747	-0.466878
19.748	-0.40609
19.749	-0.320016
19.75	-0.21268
19.751	-0.09046
19.752	0.036487
19.753	0.154943
19.754	0.252226
19.755	0.320346
19.756	0.358134
19.757	0.369883
19.758	0.361305
19.759	0.336067
19.76	0.295155
19.761	0.239208
19.762	0.172192
19.763	0.10246
19.764	0.039746
19.765	-0.007925
19.766	-0.035173
19.767	-0.039975
19.768	-0.024159
19.769	0.008023
19.77	0.052056
19.771	0.103918
19.772	0.159924
19.773	0.21709
19.774	0.273217
19.775	0.324275
19.776	0.3598
19.777	0.363131
19.778	0.322744
19.779	0.246818
19.78	0.162075
19.781	0.093992
19.782	0.049594
19.783	0.0187
19.784	-0.013083
19.785	-0.053087
19.786	-0.098625
19.787	-0.141588
19.788	-0.174629
19.789	-0.193774
19.79	-0.197877
19.791	-0.18825
19.792	-0.169691
19.793	-0.150698
19.794	-0.140527
19.795	-0.144583
19.796	-0.162148
19.797	-0.188168
19.798	-0.217029
19.799	-0.24562
19.8	-0.27422
19.801	-0.30414
19.802	-0.333601
19.803	-0.357055
19.804	-0.369258
19.805	-0.368423
19.806	-0.355558
19.807	-0.332991
19.808	-0.303348
19.809	-0.267737
19.81	-0.224481
19.811	-0.171215
19.812	-0.109473
19.813	-0.046521
19.814	0.008417
19.815	0.049834
19.816	0.0785
19.817	0.100135
19.818	0.122144
19.819	0.149837
19.82	0.183631
19.821	0.219696
19.822	0.254094
19.823	0.286089
19.824	0.317894
19.825	0.352987
19.826	0.394254
19.827	0.441817
19.828	0.492746
19.829	0.543754
19.83	0.593776
19.831	0.643214
19.832	0.690591
19.833	0.730445
19.834	0.754967
19.835	0.758112
19.836	0.738993
19.837	0.702776
19.838	0.658667
19.839	0.614826
19.84	0.572807
19.841	0.526991
19.842	0.470182
19.843	0.399137
19.844	0.315031
19.845	0.221282
19.846	0.122082
19.847	0.02142
19.848	-0.077395
19.849	-0.1711
19.85	-0.256201
19.851	-0.33067
19.852	-0.396295
19.853	-0.458868
19.854	-0.525651
19.855	-0.601973
19.856	-0.688283
19.857	-0.778748
19.858	-0.863781
19.859	-0.936143
19.86	-0.995494
19.861	-1.04694
19.862	-1.095173
19.863	-1.14099
19.864	-1.183919
19.865	-1.226391
19.866	-1.274975
19.867	-1.340106
19.868	-1.436185
19.869	-1.580897
19.87	-1.790251
19.871	-2.0656
19.872	-2.376819
19.873	-2.659836
19.874	-2.842652
19.875	-2.883925
19.876	-2.791122
19.877	-2.606712
19.878	-2.379335
19.879	-2.141813
19.88	-1.906042
19.881	-1.670742
19.882	-1.431813
19.883	-1.191609
19.884	-0.966069
19.885	-0.7803
19.886	-0.649744
19.887	-0.566175
19.888	-0.506592
19.889	-0.454743
19.89	-0.41206
19.891	-0.391697
19.892	-0.406461
19.893	-0.460285
19.894	-0.545432
19.895	-0.644767
19.896	-0.737894
19.897	-0.808689
19.898	-0.850834
19.899	-0.868544
19.9	-0.872333
19.901	-0.87212
19.902	-0.871286
19.903	-0.865902
19.904	-0.849657
19.905	-0.818644
19.906	-0.771896
19.907	-0.710091
19.908	-0.634575
19.909	-0.546145
19.91	-0.444505
19.911	-0.330437
19.912	-0.209627
19.913	-0.093921
19.914	0.002086
19.915	0.066626
19.916	0.095039
19.917	0.090721
19.918	0.062152
19.919	0.017885
19.92	-0.036996
19.921	-0.100089
19.922	-0.16721
19.923	-0.229933
19.924	-0.27878
19.925	-0.307797
19.926	-0.315553
19.927	-0.303473
19.928	-0.273971
19.929	-0.228978
19.93	-0.169376
19.931	-0.096301
19.932	-0.01364
19.933	0.070645
19.934	0.145796
19.935	0.201698
19.936	0.233004
19.937	0.241418
19.938	0.233976
19.939	0.218102
19.94	0.197138
19.941	0.17068
19.942	0.139503
19.943	0.108757
19.944	0.085817
19.945	0.076797
19.946	0.085152
19.947	0.111013
19.948	0.151194
19.949	0.201253
19.95	0.257963
19.951	0.319177
19.952	0.381586
19.953	0.439863
19.954	0.488352
19.955	0.52308
19.956	0.542849
19.957	0.549463
19.958	0.546375
19.959	0.535836
19.96	0.517284
19.961	0.489612
19.962	0.455463
19.963	0.422135
19.964	0.397545
19.965	0.386287
19.966	0.389344
19.967	0.405372
19.968	0.431837
19.969	0.466529
19.97	0.508902
19.971	0.559803
19.972	0.619009
19.973	0.682284
19.974	0.740865
19.975	0.784701
19.976	0.807576
19.977	0.810422
19.978	0.799815
19.979	0.782303
19.98	0.75927
19.981	0.727134
19.982	0.682603
19.983	0.627169
19.984	0.566616
19.985	0.508307
19.986	0.459714
19.987	0.427478
19.988	0.416173
19.989	0.426209
19.99	0.450189
19.991	0.471864
19.992	0.474439
19.993	0.455033
19.994	0.429368
19.995	0.417568
19.996	0.425145
19.997	0.4395
19.998	0.442521
19.999	0.423748
20.0	0.383557
20.001	0.328799
20.002	0.268314
20.003	0.210637
20.004	0.162107
20.005	0.125771
20.006	0.101872
20.007	0.088754
20.008	0.083842
20.009	0.084919
20.01	0.091236
20.011	0.103496
20.012	0.122179
20.013	0.14543
20.014	0.168423
20.015	0.184558
20.016	0.18814
20.017	0.177783
20.018	0.157663
20.019	0.134141
20.02	0.110378
20.021	0.085063
20.022	0.057084
20.023	0.02963
20.024	0.007928
20.025	-0.005154
20.026	-0.009685
20.027	-0.006678
20.028	0.003089
20.029	0.019112
20.03	0.041034
20.031	0.0682
20.032	0.098628
20.033	0.128511
20.034	0.152934
20.035	0.167251
20.036	0.168837
20.037	0.158587
20.038	0.140491
20.039	0.118857
20.04	0.095207
20.041	0.067925
20.042	0.035624
20.043	0.000188
20.044	-0.034389
20.045	-0.064587
20.046	-0.087776
20.047	-0.101966
20.048	-0.106406
20.049	-0.101515
20.05	-0.087648
20.051	-0.064591
20.052	-0.032557
20.053	0.006479
20.054	0.04795
20.055	0.084704
20.056	0.108892
20.057	0.115573
20.058	0.10498
20.059	0.080948
20.06	0.047291
20.061	0.006446
20.062	-0.038256
20.063	-0.081128
20.064	-0.116783
20.065	-0.142967
20.066	-0.159803
20.067	-0.167845
20.068	-0.167515
20.069	-0.159089
20.07	-0.142474
20.071	-0.117595
20.072	-0.085667
20.073	-0.050243
20.074	-0.017148
20.075	0.006979
20.076	0.017561
20.077	0.014551
20.078	0.001696
20.079	-0.016982
20.08	-0.040294
20.081	-0.069597
20.082	-0.105116
20.083	-0.143357
20.084	-0.178896
20.085	-0.207177
20.086	-0.225128
20.087	-0.231298
20.088	-0.226297
20.089	-0.211915
20.09	-0.189497
20.091	-0.159756
20.092	-0.124011
20.093	-0.084617
20.094	-0.04376
20.095	-0.002369
20.096	0.038336
20.097	0.07219
20.098	0.085587
20.099	0.065067
20.1	0.01199
20.101	-0.052329
20.102	-0.100342
20.103	-0.118309
20.104	-0.113173
20.105	-0.101833
20.106	-0.095981
20.107	-0.096565
20.108	-0.098146
20.109	-0.094915
20.11	-0.083501
20.111	-0.062854
20.112	-0.03361
20.113	0.001435
20.114	0.03673
20.115	0.065268
20.116	0.08163
20.117	0.084377
20.118	0.075945
20.119	0.060253
20.12	0.039691
20.121	0.014391
20.122	-0.014924
20.123	-0.044346
20.124	-0.067903
20.125	-0.079664
20.126	-0.07437
20.127	-0.048717
20.128	-0.003136
20.129	0.058851
20.13	0.13313
20.131	0.216316
20.132	0.305016
20.133	0.394824
20.134	0.48055
20.135	0.557387
20.136	0.622149
20.137	0.673886
20.138	0.713523
20.139	0.742688
20.14	0.762424
20.141	0.772784
20.142	0.773437
20.143	0.764006
20.144	0.744222
20.145	0.715483
20.146	0.68225
20.147	0.650281
20.148	0.623084
20.149	0.600146
20.15	0.578228
20.151	0.553867
20.152	0.524249
20.153	0.486609
20.154	0.43856
20.155	0.3795
20.156	0.311509
20.157	0.23955
20.158	0.171077
20.159	0.113665
20.16	0.071056
20.161	0.04168
20.162	0.021702
20.163	0.008319
20.164	-0.000517
20.165	-0.007282
20.166	-0.014263
20.167	-0.022935
20.168	-0.034406
20.169	-0.049489
20.17	-0.067894
20.171	-0.087891
20.172	-0.107359
20.173	-0.125018
20.174	-0.140807
20.175	-0.155829
20.176	-0.171492
20.177	-0.187312
20.178	-0.199604
20.179	-0.203588
20.18	-0.197456
20.181	-0.184171
20.182	-0.169104
20.183	-0.156292
20.184	-0.147161
20.185	-0.141469
20.186	-0.138554
20.187	-0.138773
20.188	-0.144215
20.189	-0.15715
20.19	-0.177466
20.191	-0.202174
20.192	-0.227502
20.193	-0.250898
20.194	-0.271393
20.195	-0.289293
20.196	-0.305202
20.197	-0.318015
20.198	-0.324204
20.199	-0.31991
20.2	-0.303439
20.201	-0.275332
20.202	-0.235944
20.203	-0.185057
20.204	-0.127618
20.205	-0.079
20.206	-0.058347
20.207	-0.071866
20.208	-0.10393
20.209	-0.12897
20.21	-0.13312
20.211	-0.122999
20.212	-0.115254
20.213	-0.12077
20.214	-0.138608
20.215	-0.161247
20.216	-0.181684
20.217	-0.195155
20.218	-0.197854
20.219	-0.187285
20.22	-0.164143
20.221	-0.132833
20.222	-0.098779
20.223	-0.065351
20.224	-0.034428
20.225	-0.008038
20.226	0.012154
20.227	0.024943
20.228	0.028186
20.229	0.019028
20.23	-0.003657
20.231	-0.037392
20.232	-0.076427
20.233	-0.113821
20.234	-0.144424
20.235	-0.166867
20.236	-0.182113
20.237	-0.189751
20.238	-0.186553
20.239	-0.168901
20.24	-0.136535
20.241	-0.093936
20.242	-0.047465
20.243	-0.001977
20.244	0.039054
20.245	0.072563
20.246	0.096732
20.247	0.110864
20.248	0.113529
20.249	0.102258
20.25	0.075776
20.251	0.036349
20.252	-0.009765
20.253	-0.054282
20.254	-0.090338
20.255	-0.114925
20.256	-0.128164
20.257	-0.130577
20.258	-0.12139
20.259	-0.099355
20.26	-0.065393
20.261	-0.023719
20.262	0.020778
20.263	0.064719
20.264	0.104849
20.265	0.137592
20.266	0.161645
20.267	0.178302
20.268	0.188018
20.269	0.188371
20.27	0.1759
20.271	0.149213
20.272	0.110753
20.273	0.066376
20.274	0.022951
20.275	-0.014147
20.276	-0.041412
20.277	-0.055899
20.278	-0.054549
20.279	-0.035446
20.28	-0.000129
20.281	0.046006
20.282	0.096234
20.283	0.14451
20.284	0.185478
20.285	0.215515
20.286	0.234309
20.287	0.243074
20.288	0.241166
20.289	0.226049
20.29	0.196523
20.291	0.155609
20.292	0.110411
20.293	0.068894
20.294	0.036259
20.295	0.01363
20.296	-0.000534
20.297	-0.007442
20.298	-0.005547
20.299	0.008484
20.3	0.035855
20.301	0.073457
20.302	0.115814
20.303	0.157493
20.304	0.193415
20.305	0.219637
20.306	0.234883
20.307	0.239951
20.308	0.236334
20.309	0.22685
20.31	0.215958
20.311	0.205958
20.312	0.191165
20.313	0.159025
20.314	0.103485
20.315	0.038698
20.316	-0.006053
20.317	-0.008486
20.318	0.030561
20.319	0.091294
20.32	0.151131
20.321	0.197088
20.322	0.227422
20.323	0.246015
20.324	0.256529
20.325	0.260912
20.326	0.260542
20.327	0.255738
20.328	0.244338
20.329	0.222783
20.33	0.189567
20.331	0.147653
20.332	0.103357
20.333	0.063105
20.334	0.031134
20.335	0.008758
20.336	-0.005169
20.337	-0.012145
20.338	-0.011533
20.339	-0.000553
20.34	0.022785
20.341	0.056738
20.342	0.095968
20.343	0.134064
20.344	0.16552
20.345	0.186974
20.346	0.197966
20.347	0.199767
20.348	0.192852
20.349	0.175903
20.35	0.147644
20.351	0.10975
20.352	0.0678
20.353	0.029484
20.354	0.001132
20.355	-0.015651
20.356	-0.024142
20.357	-0.028268
20.358	-0.028153
20.359	-0.020242
20.36	-0.001396
20.361	0.027545
20.362	0.062184
20.363	0.097285
20.364	0.127892
20.365	0.149703
20.366	0.16078
20.367	0.161991
20.368	0.154567
20.369	0.138228
20.37	0.112511
20.371	0.07906
20.372	0.042129
20.373	0.00762
20.374	-0.018608
20.375	-0.03324
20.376	-0.036879
20.377	-0.032342
20.378	-0.021831
20.379	-0.006103
20.38	0.014088
20.381	0.036606
20.382	0.058924
20.383	0.079628
20.384	0.097371
20.385	0.109868
20.386	0.115691
20.387	0.115264
20.388	0.108763
20.389	0.094544
20.39	0.070768
20.391	0.038084
20.392	0.000764
20.393	-0.03436
20.394	-0.061143
20.395	-0.077775
20.396	-0.086895
20.397	-0.091395
20.398	-0.090935
20.399	-0.083022
20.4	-0.066484
20.401	-0.043209
20.402	-0.016481
20.403	0.010869
20.404	0.035356
20.405	0.052438
20.406	0.059622
20.407	0.058192
20.408	0.05075
20.409	0.038431
20.41	0.020607
20.411	-0.00368
20.412	-0.03373
20.413	-0.06592
20.414	-0.094593
20.415	-0.114212
20.416	-0.119916
20.417	-0.107276
20.418	-0.075238
20.419	-0.031951
20.42	0.004041
20.421	0.015198
20.422	0.002743
20.423	-0.01086
20.424	-0.002434
20.425	0.031237
20.426	0.074208
20.427	0.106713
20.428	0.117337
20.429	0.105563
20.43	0.077814
20.431	0.042179
20.432	0.005428
20.433	-0.027566
20.434	-0.053889
20.435	-0.072775
20.436	-0.08508
20.437	-0.091902
20.438	-0.093367
20.439	-0.088588
20.44	-0.077149
20.441	-0.060372
20.442	-0.040477
20.443	-0.019734
20.444	-0.00146
20.445	0.010391
20.446	0.014265
20.447	0.012157
20.448	0.007093
20.449	0.000189
20.45	-0.009986
20.451	-0.025318
20.452	-0.045102
20.453	-0.065123
20.454	-0.080135
20.455	-0.087519
20.456	-0.088563
20.457	-0.08649
20.458	-0.08338
20.459	-0.07874
20.46	-0.070751
20.461	-0.058423
20.462	-0.04241
20.463	-0.02507
20.464	-0.010564
20.465	-0.002979
20.466	-0.002957
20.467	-0.007278
20.468	-0.012079
20.469	-0.016006
20.47	-0.020599
20.471	-0.028141
20.472	-0.039459
20.473	-0.053314
20.474	-0.06689
20.475	-0.07712
20.476	-0.082463
20.477	-0.083553
20.478	-0.081813
20.479	-0.077622
20.48	-0.06999
20.481	-0.057508
20.482	-0.039424
20.483	-0.017048
20.484	0.005253
20.485	0.021779
20.486	0.029027
20.487	0.02705
20.488	0.018003
20.489	0.004303
20.49	-0.012219
20.491	-0.030193
20.492	-0.048071
20.493	-0.063431
20.494	-0.073203
20.495	-0.07569
20.496	-0.072589
20.497	-0.067961
20.498	-0.064652
20.499	-0.062356
20.5	-0.059288
20.501	-0.054599
20.502	-0.048495
20.503	-0.041443
20.504	-0.034651
20.505	-0.029925
20.506	-0.027554
20.507	-0.025505
20.508	-0.021605
20.509	-0.016012
20.51	-0.011307
20.511	-0.010648
20.512	-0.015786
20.513	-0.025684
20.514	-0.036547
20.515	-0.04441
20.516	-0.04819
20.517	-0.04958
20.518	-0.050424
20.519	-0.051066
20.52	-0.050716
20.521	-0.048412
20.522	-0.043093
20.523	-0.032937
20.524	-0.015682
20.525	0.009351
20.526	0.037588
20.527	0.056473
20.528	0.051229
20.529	0.019926
20.53	-0.018362
20.531	-0.036575
20.532	-0.022221
20.533	0.014531
20.534	0.05227
20.535	0.074089
20.536	0.074804
20.537	0.059299
20.538	0.036829
20.539	0.015444
20.54	-0.00077
20.541	-0.011304
20.542	-0.017082
20.543	-0.018916
20.544	-0.018346
20.545	-0.018219
20.546	-0.020308
20.547	-0.0232
20.548	-0.0239
20.549	-0.021174
20.55	-0.017049
20.551	-0.015288
20.552	-0.018169
20.553	-0.024139
20.554	-0.028949
20.555	-0.029783
20.556	-0.027708
20.557	-0.025758
20.558	-0.025815
20.559	-0.027594
20.56	-0.029571
20.561	-0.030544
20.562	-0.030154
20.563	-0.02864
20.564	-0.027473
20.565	-0.028924
20.566	-0.033209
20.567	-0.037224
20.568	-0.037161
20.569	-0.031864
20.57	-0.023642
20.571	-0.016424
20.572	-0.013021
20.573	-0.013401
20.574	-0.015193
20.575	-0.015912
20.576	-0.014715
20.577	-0.012549
20.578	-0.011247
20.579	-0.011964
20.58	-0.014285
20.581	-0.017065
20.582	-0.019228
20.583	-0.020228
20.584	-0.021436
20.585	-0.025685
20.586	-0.03353
20.587	-0.041317
20.588	-0.043974
20.589	-0.038896
20.59	-0.027315
20.591	-0.013173
20.592	-0.000909
20.593	0.006652
20.594	0.00904
20.595	0.007268
20.596	0.002729
20.597	-0.003273
20.598	-0.009759
20.599	-0.016295
20.6	-0.023301
20.601	-0.031549
20.602	-0.040332
20.603	-0.047364
20.604	-0.051959
20.605	-0.056244
20.606	-0.061596
20.607	-0.066046
20.608	-0.06648
20.609	-0.061996
20.61	-0.054552
20.611	-0.04714
20.612	-0.04162
20.613	-0.037721
20.614	-0.033679
20.615	-0.02804
20.616	-0.021172
20.617	-0.015355
20.618	-0.013267
20.619	-0.016118
20.62	-0.023149
20.621	-0.032383
20.622	-0.041326
20.623	-0.048065
20.624	-0.052896
20.625	-0.057786
20.626	-0.063459
20.627	-0.068268
20.628	-0.069807
20.629	-0.066126
20.63	-0.055308
20.631	-0.03463
20.632	-0.001698
20.633	0.040369
20.634	0.077531
20.635	0.089299
20.636	0.06615
20.637	0.023682
20.638	-0.006547
20.639	-0.003502
20.64	0.027228
20.641	0.062138
20.642	0.080495
20.643	0.076468
20.644	0.056247
20.645	0.029484
20.646	0.004543
20.647	-0.0126
20.648	-0.01879
20.649	-0.014084
20.65	-0.002047
20.651	0.01134
20.652	0.021012
20.653	0.026262
20.654	0.031082
20.655	0.040329
20.656	0.054238
20.657	0.066584
20.658	0.069077
20.659	0.058279
20.66	0.038889
20.661	0.020414
20.662	0.009785
20.663	0.006364
20.664	0.003917
20.665	-0.001966
20.666	-0.008772
20.667	-0.010429
20.668	-0.004602
20.669	0.005495
20.67	0.016374
20.671	0.028733
20.672	0.044829
20.673	0.063741
20.674	0.081985
20.675	0.097531
20.676	0.11065
20.677	0.120653
20.678	0.124288
20.679	0.119296
20.68	0.10787
20.681	0.094537
20.682	0.082149
20.683	0.07147
20.684	0.062919
20.685	0.057164
20.686	0.055287
20.687	0.059664
20.688	0.073235
20.689	0.095724
20.69	0.121397
20.691	0.142611
20.692	0.15581
20.693	0.163698
20.694	0.172028
20.695	0.184476
20.696	0.199999
20.697	0.21451
20.698	0.2244
20.699	0.227956
20.7	0.224238
20.701	0.212562
20.702	0.194541
20.703	0.175335
20.704	0.160207
20.705	0.150358
20.706	0.144029
20.707	0.140504
20.708	0.141365
20.709	0.148384
20.71	0.161268
20.711	0.177178
20.712	0.191904
20.713	0.202305
20.714	0.208379
20.715	0.212388
20.716	0.215697
20.717	0.217245
20.718	0.215084
20.719	0.208674
20.72	0.199527
20.721	0.190211
20.722	0.183398
20.723	0.180881
20.724	0.181671
20.725	0.182148
20.726	0.179995
20.727	0.177026
20.728	0.177219
20.729	0.182917
20.73	0.193103
20.731	0.204245
20.732	0.212578
20.733	0.216487
20.734	0.217028
20.735	0.216049
20.736	0.214629
20.737	0.214439
20.738	0.219707
20.739	0.234686
20.74	0.256057
20.741	0.268658
20.742	0.255336
20.743	0.215657
20.744	0.171396
20.745	0.149934
20.746	0.16309
20.747	0.201062
20.748	0.24291
20.749	0.271412
20.75	0.280623
20.751	0.273984
20.752	0.258704
20.753	0.241608
20.754	0.227059
20.755	0.216077
20.756	0.207112
20.757	0.198148
20.758	0.188274
20.759	0.178043
20.76	0.169061
20.761	0.163149
20.762	0.161685
20.763	0.16448
20.764	0.168144
20.765	0.167501
20.766	0.160481
20.767	0.150284
20.768	0.142125
20.769	0.139108
20.77	0.140778
20.771	0.144098
20.772	0.145623
20.773	0.143532
20.774	0.138276
20.775	0.13154
20.776	0.124679
20.777	0.11792
20.778	0.110648
20.779	0.102311
20.78	0.093096
20.781	0.084153
20.782	0.077763
20.783	0.076201
20.784	0.078814
20.785	0.081584
20.786	0.081119
20.787	0.077826
20.788	0.074625
20.789	0.073651
20.79	0.074183
20.791	0.073287
20.792	0.068381
20.793	0.059342
20.794	0.048692
20.795	0.04004
20.796	0.035729
20.797	0.035271
20.798	0.035861
20.799	0.03452
20.8	0.029806
20.801	0.022561
20.802	0.016499
20.803	0.016794
20.804	0.025275
20.805	0.037603
20.806	0.046919
20.807	0.049071
20.808	0.044061
20.809	0.034611
20.81	0.024066
20.811	0.014575
20.812	0.006182
20.813	-0.002319
20.814	-0.011069
20.815	-0.01805
20.816	-0.020961
20.817	-0.019873
20.818	-0.017376
20.819	-0.016297
20.82	-0.017884
20.821	-0.021453
20.822	-0.024539
20.823	-0.024275
20.824	-0.020474
20.825	-0.016665
20.826	-0.016742
20.827	-0.021213
20.828	-0.027032
20.829	-0.030446
20.83	-0.030085
20.831	-0.028049
20.832	-0.0284
20.833	-0.03379
20.834	-0.042692
20.835	-0.050342
20.836	-0.052836
20.837	-0.050013
20.838	-0.044694
20.839	-0.040435
20.84	-0.040199
20.841	-0.045289
20.842	-0.053715
20.843	-0.060227
20.844	-0.059543
20.845	-0.048943
20.846	-0.027809
20.847	0.00102
20.848	0.02693
20.849	0.033461
20.85	0.011939
20.851	-0.025637
20.852	-0.052697
20.853	-0.049825
20.854	-0.019373
20.855	0.019578
20.856	0.047045
20.857	0.053841
20.858	0.042692
20.859	0.022195
20.86	0.000487
20.861	-0.017436
20.862	-0.029222
20.863	-0.034389
20.864	-0.035081
20.865	-0.035884
20.866	-0.040456
20.867	-0.048447
20.868	-0.056084
20.869	-0.059183
20.87	-0.056112
20.871	-0.049091
20.872	-0.042886
20.873	-0.041381
20.874	-0.044703
20.875	-0.049812
20.876	-0.053572
20.877	-0.054619
20.878	-0.053294
20.879	-0.051281
20.88	-0.051136
20.881	-0.054914
20.882	-0.061889
20.883	-0.067936
20.884	-0.069379
20.885	-0.067154
20.886	-0.065223
20.887	-0.065699
20.888	-0.066846
20.889	-0.065393
20.89	-0.060094
20.891	-0.053078
20.892	-0.04791
20.893	-0.046365
20.894	-0.047152
20.895	-0.047868
20.896	-0.047434
20.897	-0.046237
20.898	-0.045106
20.899	-0.044766
20.9	-0.04556
20.901	-0.047389
20.902	-0.0494
20.903	-0.049961
20.904	-0.048728
20.905	-0.048181
20.906	-0.05109
20.907	-0.057216
20.908	-0.063466
20.909	-0.066175
20.91	-0.062841
20.911	-0.053066
20.912	-0.039084
20.913	-0.02512
20.914	-0.015445
20.915	-0.012703
20.916	-0.017137
20.917	-0.026628
20.918	-0.03806
20.919	-0.049227
20.92	-0.059717
20.921	-0.070032
20.922	-0.07938
20.923	-0.085217
20.924	-0.086525
20.925	-0.08598
20.926	-0.086908
20.927	-0.089484
20.928	-0.09109
20.929	-0.089311
20.93	-0.084103
20.931	-0.077891
20.932	-0.073778
20.933	-0.073004
20.934	-0.0739
20.935	-0.073432
20.936	-0.069684
20.937	-0.063117
20.938	-0.056032
20.939	-0.051127
20.94	-0.050554
20.941	-0.055124
20.942	-0.06287
20.943	-0.069427
20.944	-0.07204
20.945	-0.072321
20.946	-0.073536
20.947	-0.076811
20.948	-0.080927
20.949	-0.083813
20.95	-0.083127
20.951	-0.076302
20.952	-0.060789
20.953	-0.034823
20.954	-0.000319
20.955	0.032578
20.956	0.046675
20.957	0.030611
20.958	-0.006587
20.959	-0.038461
20.96	-0.042771
20.961	-0.019151
20.962	0.014647
20.963	0.039368
20.964	0.045377
20.965	0.033264
20.966	0.009888
20.967	-0.016179
20.968	-0.038146
20.969	-0.052176
20.97	-0.057534
20.971	-0.056618
20.972	-0.053759
20.973	-0.052509
20.974	-0.053387
20.975	-0.054219
20.976	-0.052708
20.977	-0.048598
20.978	-0.043843
20.979	-0.041589
20.98	-0.044888
20.981	-0.054904
20.982	-0.069003
20.983	-0.081342
20.984	-0.087375
20.985	-0.087541
20.986	-0.085437
20.987	-0.083831
20.988	-0.083036
20.989	-0.081628
20.99	-0.078151
20.991	-0.072494
20.992	-0.06595
20.993	-0.06014
20.994	-0.055678
20.995	-0.051878
20.996	-0.047781
20.997	-0.043232
20.998	-0.039159
20.999	-0.037259
21.0	-0.039234
21.001	-0.045646
21.002	-0.054867
21.003	-0.063463
21.004	-0.068892
21.005	-0.0716
21.006	-0.073585
21.007	-0.075884
21.008	-0.077865
21.009	-0.077872
21.01	-0.07439
21.011	-0.067269
21.012	-0.058357
21.013	-0.050738
21.014	-0.04653
21.015	-0.045288
21.016	-0.044579
21.017	-0.041594
21.018	-0.034563
21.019	-0.024076
21.02	-0.013674
21.021	-0.008489
21.022	-0.011727
21.023	-0.021908
21.024	-0.034745
21.025	-0.047274
21.026	-0.058669
21.027	-0.068276
21.028	-0.074678
21.029	-0.07647
21.03	-0.073353
21.031	-0.066565
21.032	-0.058388
21.033	-0.050812
21.034	-0.044351
21.035	-0.038465
21.036	-0.033152
21.037	-0.0296
21.038	-0.029274
21.039	-0.033041
21.04	-0.041161
21.041	-0.053028
21.042	-0.065741
21.043	-0.074047
21.044	-0.074456
21.045	-0.069093
21.046	-0.063368
21.047	-0.060772
21.048	-0.061022
21.049	-0.061491
21.05	-0.059143
21.051	-0.052319
21.052	-0.042141
21.053	-0.032
21.054	-0.025208
21.055	-0.023286
21.056	-0.025947
21.057	-0.031231
21.058	-0.035375
21.059	-0.033385
21.06	-0.020999
21.061	0.001459
21.062	0.025367
21.063	0.035328
21.064	0.019145
21.065	-0.01877
21.066	-0.055233
21.067	-0.06521
21.068	-0.042208
21.069	-0.001046
21.07	0.036511
21.071	0.056629
21.072	0.057783
21.073	0.046455
21.074	0.030835
21.075	0.016549
21.076	0.005602
21.077	-0.002175
21.078	-0.007709
21.079	-0.01276
21.08	-0.02013
21.081	-0.032228
21.082	-0.048213
21.083	-0.063116
21.084	-0.071933
21.085	-0.07425
21.086	-0.073448
21.087	-0.072796
21.088	-0.073257
21.089	-0.073429
21.09	-0.070838
21.091	-0.064145
21.092	-0.054673
21.093	-0.045611
21.094	-0.039634
21.095	-0.037253
21.096	-0.036822
21.097	-0.035876
21.098	-0.033292
21.099	-0.030458
21.1	-0.030182
21.101	-0.034334
21.102	-0.041871
21.103	-0.049105
21.104	-0.053217
21.105	-0.055111
21.106	-0.057626
21.107	-0.062049
21.108	-0.066899
21.109	-0.068949
21.11	-0.065478
21.111	-0.056188
21.112	-0.0432
21.113	-0.029794
21.114	-0.019191
21.115	-0.013512
21.116	-0.012945
21.117	-0.015772
21.118	-0.019723
21.119	-0.0238
21.12	-0.02917
21.121	-0.038052
21.122	-0.050635
21.123	-0.063102
21.124	-0.070089
21.125	-0.068714
21.126	-0.0594
21.127	-0.044783
21.128	-0.029108
21.129	-0.01699
21.13	-0.011254
21.131	-0.011513
21.132	-0.014631
21.133	-0.01699
21.134	-0.016939
21.135	-0.01537
21.136	-0.014224
21.137	-0.01467
21.138	-0.016611
21.139	-0.01964
21.14	-0.024207
21.141	-0.031414
21.142	-0.040985
21.143	-0.049935
21.144	-0.055074
21.145	-0.056482
21.146	-0.056908
21.147	-0.058486
21.148	-0.06073
21.149	-0.06071
21.15	-0.054951
21.151	-0.042194
21.152	-0.025283
21.153	-0.010104
21.154	-0.001745
21.155	-0.001263
21.156	-0.005835
21.157	-0.011431
21.158	-0.015276
21.159	-0.016997
21.16	-0.018869
21.161	-0.024474
21.162	-0.035262
21.163	-0.048208
21.164	-0.058084
21.165	-0.061228
21.166	-0.055632
21.167	-0.039193
21.168	-0.011003
21.169	0.023624
21.17	0.050109
21.171	0.052184
21.172	0.028105
21.173	-0.002192
21.174	-0.011538
21.175	0.011291
21.176	0.053644
21.177	0.092001
21.178	0.109903
21.179	0.104741
21.18	0.082743
21.181	0.051861
21.182	0.019328
21.183	-0.008146
21.184	-0.026286
21.185	-0.035732
21.186	-0.040618
21.187	-0.044774
21.188	-0.049359
21.189	-0.052535
21.19	-0.051013
21.191	-0.04297
21.192	-0.030324
21.193	-0.017991
21.194	-0.010554
21.195	-0.009671
21.196	-0.01406
21.197	-0.020758
21.198	-0.026612
21.199	-0.029991
21.2	-0.031846
21.201	-0.034873
21.202	-0.040795
21.203	-0.04833
21.204	-0.054878
21.205	-0.059565
21.206	-0.063223
21.207	-0.066512
21.208	-0.069071
21.209	-0.069556
21.21	-0.066234
21.211	-0.058224
21.212	-0.046659
21.213	-0.034695
21.214	-0.026073
21.215	-0.023225
21.216	-0.025944
21.217	-0.031277
21.218	-0.035488
21.219	-0.037108
21.22	-0.038161
21.221	-0.04238
21.222	-0.051427
21.223	-0.062355
21.224	-0.07005
21.225	-0.07213
21.226	-0.070093
21.227	-0.066823
21.228	-0.06433
21.229	-0.062947
21.23	-0.061459
21.231	-0.057803
21.232	-0.050188
21.233	-0.038173
21.234	-0.023267
21.235	-0.009005
21.236	0.000184
21.237	0.001453
21.238	-0.004781
21.239	-0.015596
21.24	-0.027922
21.241	-0.040389
21.242	-0.052625
21.243	-0.063252
21.244	-0.07047
21.245	-0.074176
21.246	-0.075519
21.247	-0.075213
21.248	-0.073517
21.249	-0.070623
21.25	-0.066106
21.251	-0.058959
21.252	-0.049299
21.253	-0.039723
21.254	-0.034054
21.255	-0.034583
21.256	-0.040389
21.257	-0.047878
21.258	-0.053122
21.259	-0.054339
21.26	-0.053106
21.261	-0.053643
21.262	-0.05942
21.263	-0.069598
21.264	-0.080018
21.265	-0.087158
21.266	-0.089657
21.267	-0.087711
21.268	-0.083038
21.269	-0.078437
21.27	-0.075896
21.271	-0.075068
21.272	-0.073509
21.273	-0.067563
21.274	-0.053124
21.275	-0.027685
21.276	0.00539
21.277	0.033446
21.278	0.038941
21.279	0.013863
21.28	-0.02857
21.281	-0.061155
21.282	-0.063972
21.283	-0.038078
21.284	-0.001377
21.285	0.025892
21.286	0.033733
21.287	0.024452
21.288	0.006062
21.289	-0.013842
21.29	-0.029711
21.291	-0.03821
21.292	-0.039235
21.293	-0.036185
21.294	-0.033883
21.295	-0.035573
21.296	-0.041324
21.297	-0.048583
21.298	-0.054089
21.299	-0.056049
21.3	-0.05562
21.301	-0.056309
21.302	-0.060872
21.303	-0.068565
21.304	-0.076157
21.305	-0.080875
21.306	-0.08147
21.307	-0.078264
21.308	-0.073223
21.309	-0.068616
21.31	-0.065216
21.311	-0.062285
21.312	-0.05887
21.313	-0.054783
21.314	-0.050735
21.315	-0.047846
21.316	-0.046734
21.317	-0.046731
21.318	-0.04619
21.319	-0.044248
21.32	-0.042675
21.321	-0.045357
21.322	-0.054627
21.323	-0.067905
21.324	-0.079392
21.325	-0.084867
21.326	-0.083706
21.327	-0.077926
21.328	-0.070761
21.329	-0.06503
21.33	-0.06184
21.331	-0.060426
21.332	-0.058949
21.333	-0.055764
21.334	-0.050598
21.335	-0.045003
21.336	-0.04143
21.337	-0.041108
21.338	-0.042458
21.339	-0.041911
21.34	-0.036834
21.341	-0.027963
21.342	-0.018718
21.343	-0.012365
21.344	-0.010864
21.345	-0.015262
21.346	-0.024857
21.347	-0.036733
21.348	-0.047479
21.349	-0.054977
21.35	-0.058523
21.351	-0.058023
21.352	-0.053825
21.353	-0.047303
21.354	-0.040841
21.355	-0.036879
21.356	-0.036775
21.357	-0.039891
21.358	-0.043591
21.359	-0.04498
21.36	-0.043585
21.361	-0.042414
21.362	-0.045255
21.363	-0.052419
21.364	-0.060368
21.365	-0.0653
21.366	-0.065401
21.367	-0.060808
21.368	-0.053554
21.369	-0.047134
21.37	-0.044529
21.371	-0.045914
21.372	-0.048348
21.373	-0.047917
21.374	-0.042658
21.375	-0.03431
21.376	-0.027442
21.377	-0.025978
21.378	-0.029989
21.379	-0.03595
21.38	-0.03969
21.381	-0.038309
21.382	-0.029257
21.383	-0.01048
21.384	0.013935
21.385	0.029626
21.386	0.021401
21.387	-0.009266
21.388	-0.040116
21.389	-0.045687
21.39	-0.01854
21.391	0.027123
21.392	0.069001
21.393	0.091652
21.394	0.091935
21.395	0.075326
21.396	0.049646
21.397	0.021827
21.398	-0.002411
21.399	-0.019295
21.4	-0.028621
21.401	-0.033944
21.402	-0.039701
21.403	-0.047409
21.404	-0.05529
21.405	-0.06081
21.406	-0.062143
21.407	-0.058738
21.408	-0.052287
21.409	-0.046247
21.41	-0.043318
21.411	-0.043363
21.412	-0.043699
21.413	-0.041256
21.414	-0.035044
21.415	-0.027413
21.416	-0.022636
21.417	-0.023335
21.418	-0.028123
21.419	-0.033078
21.42	-0.035515
21.421	-0.03632
21.422	-0.038267
21.423	-0.042155
21.424	-0.046016
21.425	-0.047704
21.426	-0.046513
21.427	-0.043063
21.428	-0.039116
21.429	-0.036853
21.43	-0.037384
21.431	-0.039849
21.432	-0.042002
21.433	-0.041625
21.434	-0.037975
21.435	-0.032622
21.436	-0.028429
21.437	-0.027169
21.438	-0.028401
21.439	-0.030401
21.44	-0.031853
21.441	-0.03295
21.442	-0.034652
21.443	-0.036987
21.444	-0.039172
21.445	-0.040701
21.446	-0.040623
21.447	-0.036995
21.448	-0.02871
21.449	-0.017088
21.45	-0.005137
21.451	0.004004
21.452	0.007977
21.453	0.005914
21.454	-0.001122
21.455	-0.010793
21.456	-0.020793
21.457	-0.029717
21.458	-0.036916
21.459	-0.041533
21.46	-0.042673
21.461	-0.041285
21.462	-0.040229
21.463	-0.041383
21.464	-0.044224
21.465	-0.047094
21.466	-0.048099
21.467	-0.045865
21.468	-0.041054
21.469	-0.03655
21.47	-0.035287
21.471	-0.037604
21.472	-0.0407
21.473	-0.040746
21.474	-0.035731
21.475	-0.026995
21.476	-0.018444
21.477	-0.013935
21.478	-0.01456
21.479	-0.017832
21.48	-0.020019
21.481	-0.019722
21.482	-0.018411
21.483	-0.017727
21.484	-0.018291
21.485	-0.020521
21.486	-0.023828
21.487	-0.025317
21.488	-0.020452
21.489	-0.004686
21.49	0.024206
21.491	0.062027
21.492	0.094869
21.493	0.104019
21.494	0.081442
21.495	0.041754
21.496	0.013262
21.497	0.014541
21.498	0.041615
21.499	0.075844
21.5	0.099577
21.501	0.104947
21.502	0.093644
21.503	0.072629
21.504	0.049282
21.505	0.028638
21.506	0.013776
21.507	0.006124
21.508	0.004236
21.509	0.004072
21.51	0.00184
21.511	-0.003299
21.512	-0.008946
21.513	-0.011287
21.514	-0.007688
21.515	0.000879
21.516	0.009523
21.517	0.012763
21.518	0.009158
21.519	0.002201
21.52	-0.003622
21.521	-0.006858
21.522	-0.008634
21.523	-0.009466
21.524	-0.008764
21.525	-0.006819
21.526	-0.004709
21.527	-0.002934
21.528	-0.001684
21.529	-0.001666
21.53	-0.003717
21.531	-0.007498
21.532	-0.010881
21.533	-0.011049
21.534	-0.006771
21.535	-0.000134
21.536	0.004273
21.537	0.002908
21.538	-0.003543
21.539	-0.010653
21.54	-0.013771
21.541	-0.011371
21.542	-0.005654
21.543	-0.000342
21.544	0.001443
21.545	-0.001651
21.546	-0.007752
21.547	-0.012374
21.548	-0.012224
21.549	-0.008004
21.55	-0.003417
21.551	-0.00184
21.552	-0.003455
21.553	-0.004964
21.554	-0.002154
21.555	0.006576
21.556	0.018754
21.557	0.029781
21.558	0.035896
21.559	0.035531
21.56	0.029167
21.561	0.018653
21.562	0.006809
21.563	-0.003071
21.564	-0.00931
21.565	-0.013217
21.566	-0.016715
21.567	-0.019769
21.568	-0.02132
21.569	-0.02131
21.57	-0.020685
21.571	-0.020113
21.572	-0.019313
21.573	-0.017127
21.574	-0.012316
21.575	-0.005529
21.576	-0.00031
21.577	-0.000521
21.578	-0.006155
21.579	-0.012191
21.58	-0.013028
21.581	-0.008976
21.582	-0.006027
21.583	-0.008161
21.584	-0.01382
21.585	-0.020072
21.586	-0.024928
21.587	-0.026383
21.588	-0.024247
21.589	-0.021619
21.59	-0.020966
21.591	-0.020722
21.592	-0.018636
21.593	-0.015862
21.594	-0.014947
21.595	-0.015562
21.596	-0.012704
21.597	0.002614
21.598	0.037313
21.599	0.083867
21.6	0.114871
21.601	0.101206
21.602	0.043692
21.603	-0.019112
21.604	-0.04317
21.605	-0.016818
21.606	0.036401
21.607	0.084
21.608	0.106908
21.609	0.103179
21.61	0.081241
21.611	0.053441
21.612	0.031628
21.613	0.022881
21.614	0.027564
21.615	0.040943
21.616	0.05553
21.617	0.06373
21.618	0.061999
21.619	0.053658
21.62	0.046412
21.621	0.046034
21.622	0.052495
21.623	0.061584
21.624	0.068201
21.625	0.068644
21.626	0.063059
21.627	0.055976
21.628	0.052735
21.629	0.055473
21.63	0.06263
21.631	0.071296
21.632	0.079488
21.633	0.086886
21.634	0.09405
21.635	0.100737
21.636	0.10501
21.637	0.104407
21.638	0.098152
21.639	0.088288
21.64	0.078562
21.641	0.071709
21.642	0.067666
21.643	0.064369
21.644	0.059371
21.645	0.051408
21.646	0.042392
21.647	0.036863
21.648	0.038132
21.649	0.045593
21.65	0.055469
21.651	0.063479
21.652	0.067475
21.653	0.068407
21.654	0.068953
21.655	0.070842
21.656	0.07306
21.657	0.072737
21.658	0.068201
21.659	0.061196
21.66	0.055811
21.661	0.05516
21.662	0.059407
21.663	0.066547
21.664	0.073318
21.665	0.075862
21.666	0.072359
21.667	0.064993
21.668	0.058129
21.669	0.054749
21.67	0.054308
21.671	0.053686
21.672	0.05067
21.673	0.046553
21.674	0.044883
21.675	0.047457
21.676	0.051946
21.677	0.053887
21.678	0.050987
21.679	0.045417
21.68	0.041882
21.681	0.043254
21.682	0.048153
21.683	0.052735
21.684	0.053514
21.685	0.048964
21.686	0.041009
21.687	0.034666
21.688	0.034369
21.689	0.040315
21.69	0.04847
21.691	0.054097
21.692	0.05538
21.693	0.053973
21.694	0.052829
21.695	0.053649
21.696	0.055554
21.697	0.055872
21.698	0.052704
21.699	0.046829
21.7	0.040851
21.701	0.036813
21.702	0.035876
21.703	0.0405
21.704	0.054165
21.705	0.076466
21.706	0.0985
21.707	0.104929
21.708	0.085506
21.709	0.048023
21.71	0.016332
21.711	0.011422
21.712	0.035038
21.713	0.071682
21.714	0.102942
21.715	0.118565
21.716	0.117635
21.717	0.104463
21.718	0.085113
21.719	0.065427
21.72	0.049352
21.721	0.037917
21.722	0.030145
21.723	0.02508
21.724	0.021823
21.725	0.018586
21.726	0.014463
21.727	0.011315
21.728	0.011707
21.729	0.015468
21.73	0.019436
21.731	0.020478
21.732	0.018213
21.733	0.014934
21.734	0.013385
21.735	0.014344
21.736	0.01584
21.737	0.015009
21.738	0.010932
21.739	0.00559
21.74	0.002218
21.741	0.002558
21.742	0.005715
21.743	0.009519
21.744	0.0117
21.745	0.010476
21.746	0.006413
21.747	0.003006
21.748	0.003539
21.749	0.007787
21.75	0.01222
21.751	0.01301
21.752	0.009154
21.753	0.003434
21.754	0.000309
21.755	0.002168
21.756	0.0073
21.757	0.011659
21.758	0.012412
21.759	0.009833
21.76	0.006266
21.761	0.0034
21.762	0.001159
21.763	-0.000673
21.764	-0.001907
21.765	-0.003172
21.766	-0.004866
21.767	-0.0051
21.768	-0.000813
21.769	0.009126
21.77	0.022379
21.771	0.034413
21.772	0.04135
21.773	0.0422
21.774	0.038727
21.775	0.033257
21.776	0.0269
21.777	0.019733
21.778	0.012002
21.779	0.004976
21.78	0.000639
21.781	4.1e-05
21.782	0.002271
21.783	0.005507
21.784	0.007931
21.785	0.007843
21.786	0.005129
21.787	0.002222
21.788	0.001998
21.789	0.005081
21.79	0.009383
21.791	0.011947
21.792	0.011503
21.793	0.009441
21.794	0.008411
21.795	0.010014
21.796	0.013465
21.797	0.015986
21.798	0.014868
21.799	0.010025
21.8	0.004342
21.801	0.000824
21.802	0.000168
21.803	0.001505
21.804	0.003459
21.805	0.004203
21.806	0.002946
21.807	0.001167
21.808	0.001154
21.809	0.004435
21.81	0.012347
21.811	0.027208
21.812	0.050827
21.813	0.079189
21.814	0.098949
21.815	0.094778
21.816	0.065303
21.817	0.029668
21.818	0.013465
21.819	0.027695
21.82	0.062009
21.821	0.095567
21.822	0.112614
21.823	0.110268
21.824	0.09491
21.825	0.074178
21.826	0.05361
21.827	0.037068
21.828	0.02632
21.829	0.020702
21.83	0.018203
21.831	0.016557
21.832	0.013963
21.833	0.010051
21.834	0.006385
21.835	0.005288
21.836	0.007509
21.837	0.011055
21.838	0.012854
21.839	0.011663
21.84	0.008822
21.841	0.006375
21.842	0.005647
21.843	0.007443
21.844	0.011384
21.845	0.014993
21.846	0.015749
21.847	0.013767
21.848	0.011277
21.849	0.010017
21.85	0.009475
21.851	0.007427
21.852	0.002299
21.853	-0.004546
21.854	-0.008925
21.855	-0.00713
21.856	0.000394
21.857	0.00911
21.858	0.014332
21.859	0.014717
21.86	0.012089
21.861	0.008985
21.862	0.007244
21.863	0.008174
21.864	0.011691
21.865	0.015186
21.866	0.015662
21.867	0.012974
21.868	0.009728
21.869	0.00846
21.87	0.009299
21.871	0.010115
21.872	0.008738
21.873	0.005196
21.874	0.002183
21.875	0.003256
21.876	0.010142
21.877	0.021628
21.878	0.034635
21.879	0.045868
21.88	0.052812
21.881	0.05412
21.882	0.049963
21.883	0.042211
21.884	0.032927
21.885	0.022557
21.886	0.011176
21.887	0.000799
21.888	-0.00528
21.889	-0.005371
21.89	-0.001091
21.891	0.003865
21.892	0.006446
21.893	0.006032
21.894	0.004339
21.895	0.003671
21.896	0.004768
21.897	0.006302
21.898	0.006378
21.899	0.004346
21.9	0.001334
21.901	-0.000948
21.902	-0.001334
21.903	0.000961
21.904	0.005418
21.905	0.008893
21.906	0.007958
21.907	0.00276
21.908	-0.002981
21.909	-0.005702
21.91	-0.0051
21.911	-0.003779
21.912	-0.004484
21.913	-0.007693
21.914	-0.011313
21.915	-0.012425
21.916	-0.00897
21.917	0.00056
21.918	0.018249
21.919	0.045431
21.92	0.077555
21.921	0.100345
21.922	0.097146
21.923	0.065965
21.924	0.026361
21.925	0.004538
21.926	0.012641
21.927	0.042801
21.928	0.076747
21.929	0.098967
21.93	0.103784
21.931	0.094412
21.932	0.077786
21.933	0.060148
21.934	0.045464
21.935	0.035453
21.936	0.029722
21.937	0.026003
21.938	0.021375
21.939	0.0145
21.94	0.006724
21.941	0.000677
21.942	-0.001448
21.943	0.001487
21.944	0.008154
21.945	0.01402
21.946	0.014809
21.947	0.010647
21.948	0.005291
21.949	0.002131
21.95	0.001605
21.951	0.00143
21.952	-0.001075
21.953	-0.006145
21.954	-0.010801
21.955	-0.011299
21.956	-0.006532
21.957	0.000821
21.958	0.006443
21.959	0.007871
21.96	0.005836
21.961	0.002615
21.962	0.000336
21.963	0.000742
21.964	0.003955
21.965	0.007062
21.966	0.006542
21.967	0.00212
21.968	-0.003122
21.969	-0.005648
21.97	-0.004073
21.971	0.000136
21.972	0.004001
21.973	0.005341
21.974	0.004212
21.975	0.002377
21.976	0.001473
21.977	0.001629
21.978	0.001808
21.979	0.001265
21.98	0.000344
21.981	-3.3e-05
21.982	0.001359
21.983	0.006304
21.984	0.015506
21.985	0.026378
21.986	0.034675
21.987	0.038008
21.988	0.036708
21.989	0.03247
21.99	0.026677
21.991	0.019583
21.992	0.011091
21.993	0.002156
21.994	-0.004967
21.995	-0.008068
21.996	-0.006808
21.997	-0.003321
21.998	-0.00074
21.999	-0.001001
22.0	-0.004046
22.001	-0.00874
22.002	-0.013546
22.003	-0.016331
22.004	-0.015796
22.005	-0.013653
22.006	-0.013105
22.007	-0.015039
22.008	-0.016978
22.009	-0.015722
22.01	-0.010905
22.011	-0.005737
22.012	-0.003938
22.013	-0.006217
22.014	-0.009808
22.015	-0.011104
22.016	-0.008745
22.017	-0.004432
22.018	-0.001102
22.019	-0.000572
22.02	-0.002885
22.021	-0.007358
22.022	-0.01298
22.023	-0.01708
22.024	-0.01537
22.025	-0.004265
22.026	0.017399
22.027	0.046034
22.028	0.070077
22.029	0.073736
22.03	0.051156
22.031	0.017122
22.032	-0.002135
22.033	0.008842
22.034	0.043125
22.035	0.080033
22.036	0.101682
22.037	0.102236
22.038	0.086597
22.039	0.064033
22.04	0.042435
22.041	0.025684
22.042	0.014486
22.043	0.008665
22.044	0.007208
22.045	0.006909
22.046	0.004227
22.047	-0.001096
22.048	-0.005789
22.049	-0.006537
22.05	-0.003288
22.051	0.000691
22.052	0.001582
22.053	-0.001954
22.054	-0.007785
22.055	-0.012158
22.056	-0.012808
22.057	-0.010213
22.058	-0.006221
22.059	-0.002611
22.06	-0.001065
22.061	-0.002924
22.062	-0.00748
22.063	-0.011227
22.064	-0.011163
22.065	-0.008761
22.066	-0.008148
22.067	-0.010494
22.068	-0.012677
22.069	-0.011299
22.07	-0.006031
22.071	0.000671
22.072	0.005528
22.073	0.006369
22.074	0.003361
22.075	-0.001286
22.076	-0.005075
22.077	-0.006821
22.078	-0.006933
22.079	-0.00659
22.08	-0.006585
22.081	-0.006969
22.082	-0.007228
22.083	-0.006342
22.084	-0.004175
22.085	-0.00292
22.086	-0.00496
22.087	-0.00968
22.088	-0.013835
22.089	-0.01408
22.09	-0.008478
22.091	0.002965
22.092	0.017909
22.093	0.032108
22.094	0.041166
22.095	0.042599
22.096	0.036915
22.097	0.027125
22.098	0.016884
22.099	0.008366
22.1	0.001451
22.101	-0.005244
22.102	-0.012105
22.103	-0.017133
22.104	-0.018159
22.105	-0.016162
22.106	-0.013988
22.107	-0.012593
22.108	-0.010751
22.109	-0.007424
22.11	-0.003119
22.111	0.000381
22.112	0.001229
22.113	-0.001037
22.114	-0.004921
22.115	-0.007834
22.116	-0.007674
22.117	-0.004225
22.118	0.000517
22.119	0.003832
22.12	0.004498
22.121	0.003315
22.122	0.00199
22.123	0.002165
22.124	0.004112
22.125	0.005803
22.126	0.004964
22.127	0.001768
22.128	-0.001698
22.129	-0.00349
22.13	-0.002421
22.131	0.002804
22.132	0.014532
22.133	0.035219
22.134	0.06323
22.135	0.088138
22.136	0.093226
22.137	0.068995
22.138	0.026713
22.139	-0.005751
22.14	-0.005937
22.141	0.025302
22.142	0.067656
22.143	0.099923
22.144	0.112866
22.145	0.108167
22.146	0.092031
22.147	0.071138
22.148	0.051048
22.149	0.035475
22.15	0.02564
22.151	0.019976
22.152	0.015185
22.153	0.008763
22.154	0.0013
22.155	-0.003805
22.156	-0.003356
22.157	0.002553
22.158	0.010272
22.159	0.015198
22.16	0.014412
22.161	0.007608
22.162	-0.002443
22.163	-0.010043
22.164	-0.010236
22.165	-0.003618
22.166	0.004402
22.167	0.008936
22.168	0.009141
22.169	0.007811
22.17	0.008688
22.171	0.013893
22.172	0.023028
22.173	0.034021
22.174	0.044773
22.175	0.054206
22.176	0.061977
22.177	0.067508
22.178	0.069706
22.179	0.067634
22.18	0.061094
22.181	0.050881
22.182	0.039387
22.183	0.030704
22.184	0.027816
22.185	0.029139
22.186	0.029794
22.187	0.026241
22.188	0.018765
22.189	0.010375
22.19	0.004027
22.191	0.000465
22.192	-0.001811
22.193	-0.004624
22.194	-0.008091
22.195	-0.010342
22.196	-0.009047
22.197	-0.002936
22.198	0.007927
22.199	0.022086
22.2	0.036223
22.201	0.045492
22.202	0.046136
22.203	0.038904
22.204	0.028411
22.205	0.018332
22.206	0.009173
22.207	0.00049
22.208	-0.006885
22.209	-0.011169
22.21	-0.011625
22.211	-0.009764
22.212	-0.00824
22.213	-0.008621
22.214	-0.010422
22.215	-0.012078
22.216	-0.012429
22.217	-0.01127
22.218	-0.009135
22.219	-0.007101
22.22	-0.006389
22.221	-0.007654
22.222	-0.010184
22.223	-0.011466
22.224	-0.009149
22.225	-0.004327
22.226	-0.001115
22.227	-0.00261
22.228	-0.008191
22.229	-0.014281
22.23	-0.017064
22.231	-0.01486
22.232	-0.009007
22.233	-0.003097
22.234	-0.00079
22.235	-0.003552
22.236	-0.009965
22.237	-0.016473
22.238	-0.018798
22.239	-0.013018
22.24	0.003823
22.241	0.031156
22.242	0.060826
22.243	0.077728
22.244	0.068927
22.245	0.036413
22.246	0.000789
22.247	-0.012758
22.248	0.005255
22.249	0.042606
22.25	0.077331
22.251	0.093664
22.252	0.088909
22.253	0.070165
22.254	0.047391
22.255	0.028173
22.256	0.015801
22.257	0.009885
22.258	0.007925
22.259	0.006846
22.26	0.004102
22.261	-0.001815
22.262	-0.010394
22.263	-0.017936
22.264	-0.020049
22.265	-0.016699
22.266	-0.012551
22.267	-0.012109
22.268	-0.01628
22.269	-0.02277
22.27	-0.02795
22.271	-0.028801
22.272	-0.024813
22.273	-0.018553
22.274	-0.013849
22.275	-0.012943
22.276	-0.014995
22.277	-0.017143
22.278	-0.017068
22.279	-0.014525
22.28	-0.011015
22.281	-0.008686
22.282	-0.008581
22.283	-0.009069
22.284	-0.0075
22.285	-0.003918
22.286	-0.00123
22.287	-0.001982
22.288	-0.00639
22.289	-0.012603
22.29	-0.017809
22.291	-0.019806
22.292	-0.018444
22.293	-0.015665
22.294	-0.013877
22.295	-0.014079
22.296	-0.015312
22.297	-0.015813
22.298	-0.014542
22.299	-0.011785
22.3	-0.009137
22.301	-0.009062
22.302	-0.012865
22.303	-0.018077
22.304	-0.019648
22.305	-0.014605
22.306	-0.003887
22.307	0.009517
22.308	0.022169
22.309	0.030866
22.31	0.033379
22.311	0.029113
22.312	0.019402
22.313	0.007052
22.314	-0.004959
22.315	-0.014629
22.316	-0.020962
22.317	-0.023506
22.318	-0.022385
22.319	-0.018602
22.32	-0.013912
22.321	-0.010294
22.322	-0.008835
22.323	-0.008445
22.324	-0.007014
22.325	-0.00448
22.326	-0.003174
22.327	-0.00531
22.328	-0.011072
22.329	-0.018211
22.33	-0.02298
22.331	-0.022221
22.332	-0.015455
22.333	-0.00566
22.334	0.0022
22.335	0.004446
22.336	0.001101
22.337	-0.004696
22.338	-0.009221
22.339	-0.010425
22.34	-0.009046
22.341	-0.008208
22.342	-0.010808
22.343	-0.016222
22.344	-0.020749
22.345	-0.021356
22.346	-0.01662
22.347	-0.004457
22.348	0.017732
22.349	0.047874
22.35	0.073588
22.351	0.076419
22.352	0.048612
22.353	0.006062
22.354	-0.021024
22.355	-0.013047
22.356	0.024224
22.357	0.067764
22.358	0.096342
22.359	0.102285
22.36	0.090007
22.361	0.068069
22.362	0.043867
22.363	0.023361
22.364	0.010705
22.365	0.005623
22.366	0.003501
22.367	-0.000472
22.368	-0.007766
22.369	-0.016381
22.37	-0.022934
22.371	-0.024737
22.372	-0.021345
22.373	-0.01544
22.374	-0.011676
22.375	-0.013603
22.376	-0.02143
22.377	-0.032269
22.378	-0.041811
22.379	-0.046467
22.38	-0.045392
22.381	-0.041238
22.382	-0.038086
22.383	-0.037585
22.384	-0.038152
22.385	-0.038258
22.386	-0.038323
22.387	-0.03941
22.388	-0.041915
22.389	-0.04553
22.39	-0.049391
22.391	-0.052151
22.392	-0.052771
22.393	-0.05168
22.394	-0.050872
22.395	-0.052706
22.396	-0.058311
22.397	-0.066409
22.398	-0.07351
22.399	-0.07615
22.4	-0.073712
22.401	-0.069358
22.402	-0.0675
22.403	-0.069399
22.404	-0.072414
22.405	-0.073975
22.406	-0.074145
22.407	-0.074353
22.408	-0.075577
22.409	-0.077473
22.41	-0.077972
22.411	-0.073758
22.412	-0.062274
22.413	-0.04412
22.414	-0.023652
22.415	-0.007129
22.416	0.000426
22.417	-0.002151
22.418	-0.012
22.419	-0.024737
22.42	-0.037146
22.421	-0.048182
22.422	-0.057997
22.423	-0.065804
22.424	-0.069762
22.425	-0.069442
22.426	-0.066614
22.427	-0.063496
22.428	-0.061495
22.429	-0.060773
22.43	-0.060055
22.431	-0.057691
22.432	-0.053602
22.433	-0.049958
22.434	-0.049662
22.435	-0.05383
22.436	-0.060419
22.437	-0.065234
22.438	-0.064631
22.439	-0.057896
22.44	-0.047935
22.441	-0.040291
22.442	-0.039984
22.443	-0.047018
22.444	-0.055564
22.445	-0.059107
22.446	-0.055782
22.447	-0.048696
22.448	-0.042548
22.449	-0.040305
22.45	-0.042456
22.451	-0.048388
22.452	-0.056941
22.453	-0.064437
22.454	-0.063005
22.455	-0.043929
22.456	-0.006435
22.457	0.035109
22.458	0.056172
22.459	0.041473
22.46	0.002017
22.461	-0.031639
22.462	-0.035041
22.463	-0.006994
22.464	0.034949
22.465	0.06963
22.466	0.084165
22.467	0.077265
22.468	0.055726
22.469	0.029099
22.47	0.005671
22.471	-0.010048
22.472	-0.018332
22.473	-0.02305
22.474	-0.028174
22.475	-0.034712
22.476	-0.041184
22.477	-0.045878
22.478	-0.047226
22.479	-0.043407
22.48	-0.034563
22.481	-0.025533
22.482	-0.02255
22.483	-0.025669
22.484	-0.028598
22.485	-0.027189
22.486	-0.023771
22.487	-0.023108
22.488	-0.027683
22.489	-0.036011
22.49	-0.042986
22.491	-0.043264
22.492	-0.036336
22.493	-0.02681
22.494	-0.018704
22.495	-0.01193
22.496	-0.005226
22.497	0.000895
22.498	0.006117
22.499	0.012194
22.5	0.019937
22.501	0.025843
22.502	0.024815
22.503	0.016708
22.504	0.007744
22.505	0.004546
22.506	0.008711
22.507	0.016885
22.508	0.024054
22.509	0.027203
22.51	0.027155
22.511	0.027064
22.512	0.029034
22.513	0.032279
22.514	0.034278
22.515	0.033146
22.516	0.029065
22.517	0.024372
22.518	0.022793
22.519	0.027667
22.52	0.039353
22.521	0.053884
22.522	0.065068
22.523	0.068801
22.524	0.065106
22.525	0.056383
22.526	0.045411
22.527	0.034576
22.528	0.025196
22.529	0.017413
22.53	0.011031
22.531	0.006358
22.532	0.004244
22.533	0.005145
22.534	0.008074
22.535	0.01076
22.536	0.01136
22.537	0.010259
22.538	0.010003
22.539	0.012847
22.54	0.018061
22.541	0.021862
22.542	0.020593
22.543	0.014638
22.544	0.008439
22.545	0.006055
22.546	0.007917
22.547	0.011651
22.548	0.014482
22.549	0.014869
22.55	0.01288
22.551	0.009844
22.552	0.007785
22.553	0.008412
22.554	0.011686
22.555	0.015124
22.556	0.015196
22.557	0.010354
22.558	0.002771
22.559	-0.003179
22.56	-0.003537
22.561	0.004337
22.562	0.021805
22.563	0.046819
22.564	0.069435
22.565	0.073237
22.566	0.049469
22.567	0.010822
22.568	-0.015206
22.569	-0.009506
22.57	0.023726
22.571	0.064011
22.572	0.092268
22.573	0.101195
22.574	0.093688
22.575	0.076393
22.576	0.055537
22.577	0.036322
22.578	0.022827
22.579	0.016741
22.58	0.01651
22.581	0.01792
22.582	0.016499
22.583	0.01112
22.584	0.004662
22.585	0.000443
22.586	-0.000644
22.587	0.00025
22.588	0.001155
22.589	-2e-06
22.59	-0.004337
22.591	-0.010755
22.592	-0.016286
22.593	-0.018318
22.594	-0.016608
22.595	-0.013272
22.596	-0.01097
22.597	-0.010802
22.598	-0.011611
22.599	-0.01126
22.6	-0.009023
22.601	-0.007135
22.602	-0.008977
22.603	-0.014724
22.604	-0.02029
22.605	-0.021565
22.606	-0.018121
22.607	-0.012722
22.608	-0.008937
22.609	-0.009018
22.61	-0.012538
22.611	-0.016641
22.612	-0.018186
22.613	-0.016213
22.614	-0.012661
22.615	-0.01084
22.616	-0.012836
22.617	-0.017938
22.618	-0.023282
22.619	-0.025753
22.62	-0.023935
22.621	-0.019313
22.622	-0.01525
22.623	-0.013903
22.624	-0.014601
22.625	-0.015138
22.626	-0.01328
22.627	-0.007672
22.628	0.000894
22.629	0.009345
22.63	0.014261
22.631	0.013903
22.632	0.008892
22.633	0.0017
22.634	-0.004841
22.635	-0.009217
22.636	-0.011723
22.637	-0.013369
22.638	-0.014273
22.639	-0.013287
22.64	-0.009818
22.641	-0.00594
22.642	-0.005293
22.643	-0.00901
22.644	-0.014198
22.645	-0.017168
22.646	-0.016533
22.647	-0.01342
22.648	-0.010398
22.649	-0.0099
22.65	-0.012695
22.651	-0.017431
22.652	-0.021258
22.653	-0.021463
22.654	-0.017612
22.655	-0.012317
22.656	-0.009357
22.657	-0.010652
22.658	-0.014723
22.659	-0.01786
22.66	-0.017222
22.661	-0.01345
22.662	-0.010055
22.663	-0.009843
22.664	-0.01281
22.665	-0.017438
22.666	-0.021791
22.667	-0.022875
22.668	-0.016311
22.669	0.002234
22.67	0.032653
22.671	0.065119
22.672	0.081659
22.673	0.069208
22.674	0.03425
22.675	0.001326
22.676	-0.0067
22.677	0.013461
22.678	0.046611
22.679	0.073889
22.68	0.084978
22.681	0.079641
22.682	0.062967
22.683	0.04176
22.684	0.022679
22.685	0.00983
22.686	0.003526
22.687	0.001441
22.688	0.000564
22.689	-0.001314
22.69	-0.004921
22.691	-0.009289
22.692	-0.011999
22.693	-0.010693
22.694	-0.005213
22.695	0.001848
22.696	0.006767
22.697	0.007142
22.698	0.003886
22.699	0.001124
22.7	0.003143
22.701	0.010946
22.702	0.022604
22.703	0.037182
22.704	0.055988
22.705	0.078707
22.706	0.100942
22.707	0.116938
22.708	0.123216
22.709	0.119436
22.71	0.107726
22.711	0.092223
22.712	0.077908
22.713	0.067862
22.714	0.061135
22.715	0.053746
22.716	0.042043
22.717	0.025675
22.718	0.008275
22.719	-0.004618
22.72	-0.009348
22.721	-0.007037
22.722	-0.002684
22.723	-0.000696
22.724	-0.001898
22.725	-0.004868
22.726	-0.008059
22.727	-0.010283
22.728	-0.011152
22.729	-0.011697
22.73	-0.013533
22.731	-0.016692
22.732	-0.018506
22.733	-0.015192
22.734	-0.004948
22.735	0.010057
22.736	0.024477
22.737	0.032882
22.738	0.033001
22.739	0.026655
22.74	0.017571
22.741	0.00802
22.742	-0.002022
22.743	-0.012171
22.744	-0.01995
22.745	-0.023077
22.746	-0.021802
22.747	-0.018346
22.748	-0.015333
22.749	-0.014828
22.75	-0.017545
22.751	-0.022316
22.752	-0.02685
22.753	-0.029461
22.754	-0.030241
22.755	-0.030903
22.756	-0.033301
22.757	-0.037366
22.758	-0.040588
22.759	-0.039926
22.76	-0.034255
22.761	-0.025504
22.762	-0.01764
22.763	-0.013754
22.764	-0.014104
22.765	-0.016886
22.766	-0.019771
22.767	-0.020896
22.768	-0.019927
22.769	-0.018326
22.77	-0.017832
22.771	-0.018864
22.772	-0.020734
22.773	-0.022628
22.774	-0.023367
22.775	-0.020086
22.776	-0.008359
22.777	0.01356
22.778	0.038261
22.779	0.049509
22.78	0.035186
22.781	0.001869
22.782	-0.027165
22.783	-0.030697
22.784	-0.006125
22.785	0.03093
22.786	0.060678
22.787	0.072197
22.788	0.065806
22.789	0.047813
22.79	0.025037
22.791	0.002567
22.792	-0.016006
22.793	-0.028366
22.794	-0.03428
22.795	-0.036036
22.796	-0.037024
22.797	-0.039279
22.798	-0.042264
22.799	-0.043765
22.8	-0.042223
22.801	-0.038968
22.802	-0.037723
22.803	-0.04082
22.804	-0.046651
22.805	-0.051576
22.806	-0.053072
22.807	-0.050862
22.808	-0.046546
22.809	-0.042517
22.81	-0.040512
22.811	-0.040533
22.812	-0.040902
22.813	-0.039734
22.814	-0.036826
22.815	-0.034124
22.816	-0.034143
22.817	-0.037879
22.818	-0.043844
22.819	-0.048557
22.82	-0.048808
22.821	-0.044612
22.822	-0.039511
22.823	-0.0371
22.824	-0.03795
22.825	-0.040081
22.826	-0.040954
22.827	-0.038983
22.828	-0.034608
22.829	-0.030227
22.83	-0.028536
22.831	-0.03048
22.832	-0.034585
22.833	-0.038288
22.834	-0.039997
22.835	-0.040036
22.836	-0.040079
22.837	-0.041787
22.838	-0.044998
22.839	-0.046842
22.84	-0.043843
22.841	-0.035599
22.842	-0.025397
22.843	-0.016761
22.844	-0.010935
22.845	-0.008027
22.846	-0.008266
22.847	-0.011477
22.848	-0.016789
22.849	-0.023235
22.85	-0.030182
22.851	-0.036958
22.852	-0.042348
22.853	-0.04497
22.854	-0.044511
22.855	-0.042582
22.856	-0.041959
22.857	-0.044345
22.858	-0.048511
22.859	-0.051007
22.86	-0.04925
22.861	-0.044044
22.862	-0.038949
22.863	-0.03691
22.864	-0.037818
22.865	-0.039468
22.866	-0.039771
22.867	-0.037918
22.868	-0.034653
22.869	-0.031856
22.87	-0.031378
22.871	-0.033525
22.872	-0.036374
22.873	-0.037133
22.874	-0.034754
22.875	-0.031179
22.876	-0.029958
22.877	-0.033443
22.878	-0.040856
22.879	-0.048858
22.88	-0.053786
22.881	-0.053131
22.882	-0.044968
22.883	-0.027016
22.884	0.000399
22.885	0.028313
22.886	0.040168
22.887	0.025427
22.888	-0.006593
22.889	-0.03087
22.89	-0.027773
22.891	0.001111
22.892	0.037613
22.893	0.063467
22.894	0.071362
22.895	0.064146
22.896	0.048162
22.897	0.028995
22.898	0.01128
22.899	-0.001159
22.9	-0.006678
22.901	-0.007223
22.902	-0.007366
22.903	-0.010456
22.904	-0.015962
22.905	-0.0212
22.906	-0.024155
22.907	-0.02418
22.908	-0.021907
22.909	-0.019411
22.91	-0.019341
22.911	-0.022612
22.912	-0.027093
22.913	-0.029415
22.914	-0.028182
22.915	-0.025217
22.916	-0.023715
22.917	-0.025191
22.918	-0.028213
22.919	-0.029774
22.92	-0.027612
22.921	-0.022151
22.922	-0.016547
22.923	-0.013853
22.924	-0.014528
22.925	-0.017035
22.926	-0.01931
22.927	-0.019549
22.928	-0.017401
22.929	-0.014824
22.93	-0.014789
22.931	-0.018525
22.932	-0.024106
22.933	-0.027899
22.934	-0.027549
22.935	-0.023853
22.936	-0.020067
22.937	-0.019286
22.938	-0.021969
22.939	-0.025569
22.94	-0.02689
22.941	-0.025527
22.942	-0.024402
22.943	-0.026105
22.944	-0.029989
22.945	-0.033531
22.946	-0.034381
22.947	-0.030567
22.948	-0.021256
22.949	-0.008273
22.95	0.004374
22.951	0.012826
22.952	0.01516
22.953	0.011883
22.954	0.005208
22.955	-0.002713
22.956	-0.011145
22.957	-0.020277
22.958	-0.029526
22.959	-0.036538
22.96	-0.038404
22.961	-0.034446
22.962	-0.027419
22.963	-0.021393
22.964	-0.018895
22.965	-0.020001
22.966	-0.02266
22.967	-0.023999
22.968	-0.022897
22.969	-0.021148
22.97	-0.021449
22.971	-0.024648
22.972	-0.029071
22.973	-0.03203
22.974	-0.031943
22.975	-0.02952
22.976	-0.027172
22.977	-0.027037
22.978	-0.029121
22.979	-0.031099
22.98	-0.030364
22.981	-0.026854
22.982	-0.023349
22.983	-0.022375
22.984	-0.023828
22.985	-0.026183
22.986	-0.028365
22.987	-0.029555
22.988	-0.027908
22.989	-0.019737
22.99	-0.001007
22.991	0.027593
22.992	0.055454
22.993	0.064864
22.994	0.045124
22.995	0.00651
22.996	-0.023894
22.997	-0.024318
22.998	0.004538
22.999	0.044027
23.0	0.074527
23.001	0.086512
23.002	0.080475
23.003	0.062356
23.004	0.039437
23.005	0.017334
23.006	-0.000867
23.007	-0.013744
23.008	-0.021338
23.009	-0.02568
23.01	-0.029988
23.011	-0.036374
23.012	-0.044364
23.013	-0.051857
23.014	-0.057373
23.015	-0.06145
23.016	-0.066111
23.017	-0.072987
23.018	-0.08171
23.019	-0.089899
23.02	-0.094761
23.021	-0.095183
23.022	-0.092369
23.023	-0.088158
23.024	-0.08344
23.025	-0.078632
23.026	-0.074261
23.027	-0.070384
23.028	-0.066452
23.029	-0.062348
23.03	-0.059165
23.031	-0.058112
23.032	-0.05847
23.033	-0.057354
23.034	-0.052008
23.035	-0.042713
23.036	-0.033653
23.037	-0.030218
23.038	-0.03433
23.039	-0.04227
23.04	-0.047713
23.041	-0.047305
23.042	-0.042924
23.043	-0.03821
23.044	-0.034527
23.045	-0.031336
23.046	-0.028309
23.047	-0.025705
23.048	-0.023854
23.049	-0.023189
23.05	-0.024544
23.051	-0.028475
23.052	-0.033976
23.053	-0.038365
23.054	-0.038486
23.055	-0.032473
23.056	-0.021166
23.057	-0.007779
23.058	0.004063
23.059	0.012046
23.06	0.015529
23.061	0.014891
23.062	0.010961
23.063	0.005161
23.064	-0.000849
23.065	-0.006236
23.066	-0.0108
23.067	-0.013784
23.068	-0.014252
23.069	-0.012801
23.07	-0.011658
23.071	-0.012559
23.072	-0.015086
23.073	-0.017256
23.074	-0.017385
23.075	-0.015713
23.076	-0.014488
23.077	-0.015902
23.078	-0.019703
23.079	-0.023065
23.08	-0.022895
23.081	-0.01865
23.082	-0.01295
23.083	-0.009032
23.084	-0.008297
23.085	-0.010517
23.086	-0.014527
23.087	-0.018041
23.088	-0.018555
23.089	-0.015418
23.09	-0.010647
23.091	-0.007462
23.092	-0.007921
23.093	-0.011418
23.094	-0.014932
23.095	-0.014768
23.096	-0.007886
23.097	0.008322
23.098	0.034737
23.099	0.06545
23.1	0.085252
23.101	0.078587
23.102	0.045963
23.103	0.009312
23.104	-0.00437
23.105	0.014355
23.106	0.052344
23.107	0.088128
23.108	0.107405
23.109	0.10771
23.11	0.094519
23.111	0.075495
23.112	0.056929
23.113	0.042659
23.114	0.033768
23.115	0.028527
23.116	0.02365
23.117	0.016846
23.118	0.008567
23.119	0.001773
23.12	0.000123
23.121	0.00514
23.122	0.014415
23.123	0.023293
23.124	0.028171
23.125	0.027894
23.126	0.023769
23.127	0.019172
23.128	0.017658
23.129	0.020531
23.13	0.02639
23.131	0.033231
23.132	0.041611
23.133	0.056051
23.134	0.082197
23.135	0.120998
23.136	0.165333
23.137	0.20316
23.138	0.22477
23.139	0.227999
23.14	0.217566
23.141	0.199754
23.142	0.177951
23.143	0.15329
23.144	0.127452
23.145	0.102787
23.146	0.081094
23.147	0.063755
23.148	0.051954
23.149	0.045847
23.15	0.043704
23.151	0.042391
23.152	0.039221
23.153	0.033678
23.154	0.02751
23.155	0.023045
23.156	0.021158
23.157	0.020662
23.158	0.019775
23.159	0.018389
23.16	0.018594
23.161	0.022531
23.162	0.030243
23.163	0.040069
23.164	0.049914
23.165	0.057277
23.166	0.059689
23.167	0.056404
23.168	0.048959
23.169	0.039725
23.17	0.03025
23.171	0.020951
23.172	0.012044
23.173	0.004439
23.174	-0.000463
23.175	-0.001983
23.176	-0.001233
23.177	-0.000793
23.178	-0.002605
23.179	-0.005939
23.18	-0.008241
23.181	-0.008261
23.182	-0.007401
23.183	-0.007608
23.184	-0.009387
23.185	-0.012533
23.186	-0.016749
23.187	-0.020615
23.188	-0.021742
23.189	-0.019
23.19	-0.014232
23.191	-0.011206
23.192	-0.01249
23.193	-0.017136
23.194	-0.021487
23.195	-0.022457
23.196	-0.020284
23.197	-0.018186
23.198	-0.019226
23.199	-0.023596
23.2	-0.028849
23.201	-0.032106
23.202	-0.031427
23.203	-0.02496
23.204	-0.010188
23.205	0.013691
23.206	0.041354
23.207	0.059656
23.208	0.054116
23.209	0.02293
23.21	-0.015327
23.211	-0.033514
23.212	-0.017884
23.213	0.022255
23.214	0.064304
23.215	0.089151
23.216	0.090545
23.217	0.073641
23.218	0.048465
23.219	0.024153
23.22	0.006104
23.221	-0.004426
23.222	-0.009391
23.223	-0.011921
23.224	-0.0144
23.225	-0.018181
23.226	-0.023426
23.227	-0.028343
23.228	-0.03017
23.229	-0.028093
23.23	-0.024892
23.231	-0.025041
23.232	-0.030844
23.233	-0.040342
23.234	-0.048822
23.235	-0.052416
23.236	-0.050836
23.237	-0.047007
23.238	-0.044207
23.239	-0.04357
23.24	-0.043899
23.241	-0.043581
23.242	-0.042471
23.243	-0.041454
23.244	-0.0411
23.245	-0.04185
23.246	-0.043965
23.247	-0.046116
23.248	-0.045617
23.249	-0.041282
23.25	-0.035326
23.251	-0.031626
23.252	-0.032298
23.253	-0.036158
23.254	-0.04008
23.255	-0.041587
23.256	-0.040493
23.257	-0.038534
23.258	-0.037727
23.259	-0.038662
23.26	-0.039778
23.261	-0.038737
23.262	-0.034752
23.263	-0.029091
23.264	-0.024095
23.265	-0.022283
23.266	-0.024641
23.267	-0.028771
23.268	-0.030017
23.269	-0.025198
23.27	-0.014788
23.271	-0.001771
23.272	0.010533
23.273	0.019469
23.274	0.023326
23.275	0.021674
23.276	0.015423
23.277	0.006298
23.278	-0.003657
23.279	-0.011999
23.28	-0.016031
23.281	-0.014229
23.282	-0.007582
23.283	0.001234
23.284	0.009562
23.285	0.015374
23.286	0.01821
23.287	0.020344
23.288	0.024924
23.289	0.032069
23.29	0.037775
23.291	0.036854
23.292	0.027201
23.293	0.012111
23.294	-0.001477
23.295	-0.007748
23.296	-0.005832
23.297	0.000145
23.298	0.004506
23.299	0.004376
23.3	0.001318
23.301	-0.001152
23.302	-0.00111
23.303	0.000886
23.304	0.003135
23.305	0.003916
23.306	0.002518
23.307	0.000115
23.308	-0.001258
23.309	-9.8e-05
23.31	0.005429
23.311	0.018975
23.312	0.044438
23.313	0.07994
23.314	0.11191
23.315	0.119385
23.316	0.091626
23.317	0.04311
23.318	0.006063
23.319	0.004922
23.32	0.038315
23.321	0.083944
23.322	0.117273
23.323	0.1262
23.324	0.113119
23.325	0.088141
23.326	0.062001
23.327	0.042191
23.328	0.031247
23.329	0.026991
23.33	0.024614
23.331	0.019531
23.332	0.00962
23.333	-0.00408
23.334	-0.017679
23.335	-0.025869
23.336	-0.025356
23.337	-0.017975
23.338	-0.009595
23.339	-0.006027
23.34	-0.010116
23.341	-0.020636
23.342	-0.031849
23.343	-0.035391
23.344	-0.026364
23.345	-0.00925
23.346	0.004236
23.347	0.005114
23.348	-0.004573
23.349	-0.013537
23.35	-0.012044
23.351	-0.001181
23.352	0.008655
23.353	0.00805
23.354	-0.002417
23.355	-0.012956
23.356	-0.01458
23.357	-0.008343
23.358	-0.004325
23.359	-0.011238
23.36	-0.026612
23.361	-0.038058
23.362	-0.035608
23.363	-0.021249
23.364	-0.005084
23.365	0.004786
23.366	0.007143
23.367	0.005776
23.368	0.005112
23.369	0.007056
23.37	0.0107
23.371	0.013936
23.372	0.015077
23.373	0.014402
23.374	0.015263
23.375	0.022159
23.376	0.036343
23.377	0.054318
23.378	0.070862
23.379	0.08219
23.38	0.086431
23.381	0.082909
23.382	0.072373
23.383	0.058235
23.384	0.045788
23.385	0.038286
23.386	0.034985
23.387	0.033989
23.388	0.035137
23.389	0.039042
23.39	0.044616
23.391	0.048911
23.392	0.049404
23.393	0.046052
23.394	0.041312
23.395	0.038154
23.396	0.037591
23.397	0.038161
23.398	0.037843
23.399	0.036052
23.4	0.033934
23.401	0.033318
23.402	0.035416
23.403	0.040187
23.404	0.046058
23.405	0.049911
23.406	0.048994
23.407	0.043966
23.408	0.038807
23.409	0.037001
23.41	0.0387
23.411	0.041531
23.412	0.042938
23.413	0.041563
23.414	0.037549
23.415	0.032243
23.416	0.027833
23.417	0.027872
23.418	0.037599
23.419	0.061007
23.42	0.094267
23.421	0.121625
23.422	0.123343
23.423	0.094433
23.424	0.054124
23.425	0.031259
23.426	0.040373
23.427	0.073364
23.428	0.110214
23.429	0.1341
23.43	0.138935
23.431	0.127884
23.432	0.107955
23.433	0.086019
23.434	0.067376
23.435	0.054977
23.436	0.048779
23.437	0.046281
23.438	0.044244
23.439	0.040645
23.44	0.035875
23.441	0.032047
23.442	0.031018
23.443	0.033334
23.444	0.038127
23.445	0.042776
23.446	0.044062
23.447	0.041268
23.448	0.037189
23.449	0.035351
23.45	0.036843
23.451	0.039714
23.452	0.040948
23.453	0.038938
23.454	0.034331
23.455	0.028927
23.456	0.024185
23.457	0.020462
23.458	0.016997
23.459	0.012821
23.46	0.008258
23.461	0.005085
23.462	0.004885
23.463	0.007765
23.464	0.012267
23.465	0.015585
23.466	0.014964
23.467	0.010361
23.468	0.005022
23.469	0.002713
23.47	0.004569
23.471	0.008463
23.472	0.011049
23.473	0.010301
23.474	0.006516
23.475	0.001737
23.476	-0.001712
23.477	-0.002963
23.478	-0.00323
23.479	-0.004193
23.48	-0.006049
23.481	-0.007833
23.482	-0.008629
23.483	-0.007082
23.484	-0.00122
23.485	0.009117
23.486	0.020658
23.487	0.028885
23.488	0.031205
23.489	0.027926
23.49	0.020944
23.491	0.011855
23.492	0.001391
23.493	-0.009602
23.494	-0.019213
23.495	-0.024992
23.496	-0.025761
23.497	-0.023007
23.498	-0.019974
23.499	-0.018847
23.5	-0.019025
23.501	-0.018299
23.502	-0.01512
23.503	-0.009571
23.504	-0.003201
23.505	0.00127
23.506	0.001366
23.507	-0.002735
23.508	-0.007736
23.509	-0.009747
23.51	-0.007294
23.511	-0.002205
23.512	0.001988
23.513	0.002563
23.514	-0.000702
23.515	-0.005525
23.516	-0.009115
23.517	-0.010752
23.518	-0.012025
23.519	-0.014498
23.52	-0.018157
23.521	-0.022224
23.522	-0.026145
23.523	-0.028749
23.524	-0.027159
23.525	-0.017613
23.526	0.002507
23.527	0.031501
23.528	0.059182
23.529	0.06852
23.53	0.048793
23.531	0.009688
23.532	-0.022336
23.533	-0.02516
23.534	0.002086
23.535	0.04162
23.536	0.072312
23.537	0.08234
23.538	0.072243
23.539	0.050484
23.54	0.02659
23.541	0.006603
23.542	-0.007458
23.543	-0.015596
23.544	-0.018431
23.545	-0.018036
23.546	-0.018065
23.547	-0.020828
23.548	-0.024844
23.549	-0.026463
23.55	-0.023892
23.551	-0.019194
23.552	-0.016401
23.553	-0.018188
23.554	-0.024427
23.555	-0.032815
23.556	-0.040091
23.557	-0.043474
23.558	-0.042267
23.559	-0.038377
23.56	-0.034629
23.561	-0.032315
23.562	-0.030526
23.563	-0.027508
23.564	-0.022697
23.565	-0.018145
23.566	-0.017369
23.567	-0.021811
23.568	-0.028842
23.569	-0.033832
23.57	-0.034205
23.571	-0.03152
23.572	-0.029639
23.573	-0.030991
23.574	-0.034663
23.575	-0.037765
23.576	-0.038173
23.577	-0.035988
23.578	-0.032974
23.579	-0.031044
23.58	-0.030957
23.581	-0.032248
23.582	-0.034154
23.583	-0.035774
23.584	-0.035878
23.585	-0.034273
23.586	-0.032733
23.587	-0.03292
23.588	-0.033921
23.589	-0.03291
23.59	-0.027957
23.591	-0.019649
23.592	-0.01027
23.593	-0.002212
23.594	0.002635
23.595	0.002982
23.596	-0.001372
23.597	-0.009173
23.598	-0.018321
23.599	-0.026941
23.6	-0.03381
23.601	-0.038332
23.602	-0.040367
23.603	-0.039687
23.604	-0.036274
23.605	-0.031952
23.606	-0.030192
23.607	-0.032772
23.608	-0.037659
23.609	-0.040921
23.61	-0.039963
23.611	-0.035203
23.612	-0.029731
23.613	-0.027256
23.614	-0.029304
23.615	-0.033871
23.616	-0.036945
23.617	-0.035749
23.618	-0.030979
23.619	-0.025967
23.62	-0.023801
23.621	-0.025431
23.622	-0.029517
23.623	-0.03299
23.624	-0.032859
23.625	-0.029126
23.626	-0.025168
23.627	-0.02437
23.628	-0.027315
23.629	-0.032144
23.63	-0.036159
23.631	-0.03676
23.632	-0.031143
23.633	-0.016089
23.634	0.008829
23.635	0.035416
23.636	0.047444
23.637	0.033786
23.638	0.002802
23.639	-0.021021
23.64	-0.017899
23.641	0.010896
23.642	0.046927
23.643	0.071388
23.644	0.077
23.645	0.067008
23.646	0.048242
23.647	0.027125
23.648	0.00889
23.649	-0.003005
23.65	-0.007869
23.651	-0.008247
23.652	-0.008619
23.653	-0.012465
23.654	-0.019846
23.655	-0.027544
23.656	-0.031739
23.657	-0.031089
23.658	-0.027669
23.659	-0.025026
23.66	-0.025299
23.661	-0.028037
23.662	-0.031079
23.663	-0.031971
23.664	-0.029466
23.665	-0.025081
23.666	-0.02256
23.667	-0.024598
23.668	-0.030208
23.669	-0.035381
23.67	-0.036446
23.671	-0.033283
23.672	-0.029171
23.673	-0.02748
23.674	-0.028711
23.675	-0.030377
23.676	-0.029369
23.677	-0.024754
23.678	-0.018693
23.679	-0.01477
23.68	-0.015412
23.681	-0.020597
23.682	-0.028113
23.683	-0.034198
23.684	-0.035009
23.685	-0.029711
23.686	-0.02197
23.687	-0.016884
23.688	-0.016496
23.689	-0.018729
23.69	-0.02041
23.691	-0.020759
23.692	-0.021615
23.693	-0.024797
23.694	-0.029794
23.695	-0.033776
23.696	-0.033425
23.697	-0.026953
23.698	-0.014909
23.699	0.000282
23.7	0.015072
23.701	0.025357
23.702	0.027735
23.703	0.021807
23.704	0.010872
23.705	-0.001078
23.706	-0.012437
23.707	-0.023074
23.708	-0.031774
23.709	-0.036145
23.71	-0.034917
23.711	-0.0295
23.712	-0.023187
23.713	-0.019111
23.714	-0.018463
23.715	-0.019843
23.716	-0.02052
23.717	-0.018994
23.718	-0.016259
23.719	-0.014567
23.72	-0.01548
23.721	-0.019133
23.722	-0.024492
23.723	-0.029279
23.724	-0.030648
23.725	-0.028013
23.726	-0.024435
23.727	-0.02336
23.728	-0.024866
23.729	-0.026165
23.73	-0.024974
23.731	-0.0217
23.732	-0.01886
23.733	-0.018793
23.734	-0.021682
23.735	-0.025711
23.736	-0.029014
23.737	-0.030588
23.738	-0.028854
23.739	-0.020163
23.74	-0.000413
23.741	0.029391
23.742	0.057984
23.743	0.067668
23.744	0.048862
23.745	0.012036
23.746	-0.017824
23.747	-0.02058
23.748	0.004514
23.749	0.041194
23.75	0.070318
23.751	0.081852
23.752	0.076562
23.753	0.060663
23.754	0.040689
23.755	0.021452
23.756	0.005911
23.757	-0.004522
23.758	-0.010051
23.759	-0.012596
23.76	-0.014616
23.761	-0.01721
23.762	-0.019483
23.763	-0.01945
23.764	-0.01589
23.765	-0.010366
23.766	-0.00692
23.767	-0.008603
23.768	-0.014656
23.769	-0.021325
23.77	-0.024812
23.771	-0.023849
23.772	-0.020316
23.773	-0.017338
23.774	-0.016594
23.775	-0.017464
23.776	-0.018208
23.777	-0.017589
23.778	-0.015832
23.779	-0.01441
23.78	-0.014859
23.781	-0.017724
23.782	-0.022174
23.783	-0.025805
23.784	-0.025565
23.785	-0.020818
23.786	-0.014934
23.787	-0.012193
23.788	-0.013674
23.789	-0.016649
23.79	-0.017268
23.791	-0.013857
23.792	-0.008051
23.793	-0.003129
23.794	-0.001461
23.795	-0.00301
23.796	-0.005581
23.797	-0.006714
23.798	-0.00584
23.799	-0.004502
23.8	-0.00439
23.801	-0.005781
23.802	-0.007704
23.803	-0.00826
23.804	-0.004974
23.805	0.003051
23.806	0.013334
23.807	0.021778
23.808	0.025498
23.809	0.023785
23.81	0.017872
23.811	0.010221
23.812	0.003351
23.813	-0.001405
23.814	-0.00437
23.815	-0.006431
23.816	-0.007548
23.817	-0.007065
23.818	-0.005255
23.819	-0.003476
23.82	-0.002806
23.821	-0.003418
23.822	-0.004961
23.823	-0.006434
23.824	-0.006264
23.825	-0.004214
23.826	-0.002639
23.827	-0.004315
23.828	-0.009379
23.829	-0.014932
23.83	-0.017455
23.831	-0.015701
23.832	-0.011478
23.833	-0.00782
23.834	-0.006387
23.835	-0.006302
23.836	-0.005333
23.837	-0.002342
23.838	0.001646
23.839	0.004867
23.84	0.006288
23.841	0.005458
23.842	0.002226
23.843	-0.002346
23.844	-0.005547
23.845	-0.004454
23.846	0.003227
23.847	0.019718
23.848	0.044672
23.849	0.069614
23.85	0.078595
23.851	0.061034
23.852	0.025991
23.853	-0.000858
23.854	0.001846
23.855	0.033907
23.856	0.076315
23.857	0.107412
23.858	0.116269
23.859	0.105117
23.86	0.083323
23.861	0.060048
23.862	0.040649
23.863	0.026988
23.864	0.018796
23.865	0.013943
23.866	0.009065
23.867	0.00207
23.868	-0.005979
23.869	-0.011869
23.87	-0.013051
23.871	-0.009854
23.872	-0.005367
23.873	-0.003227
23.874	-0.005253
23.875	-0.010446
23.876	-0.015852
23.877	-0.01856
23.878	-0.017022
23.879	-0.011553
23.88	-0.004799
23.881	-0.000925
23.882	-0.002657
23.883	-0.008475
23.884	-0.013331
23.885	-0.013441
23.886	-0.010054
23.887	-0.007444
23.888	-0.008071
23.889	-0.010557
23.89	-0.011749
23.891	-0.010148
23.892	-0.007301
23.893	-0.006223
23.894	-0.008762
23.895	-0.014252
23.896	-0.020064
23.897	-0.023061
23.898	-0.021211
23.899	-0.0151
23.9	-0.007853
23.901	-0.002773
23.902	-0.001046
23.903	-0.001262
23.904	-0.000676
23.905	0.001951
23.906	0.004565
23.907	0.003914
23.908	-0.000963
23.909	-0.007774
23.91	-0.012509
23.911	-0.011507
23.912	-0.003304
23.913	0.01005
23.914	0.023485
23.915	0.031603
23.916	0.031695
23.917	0.024983
23.918	0.015263
23.919	0.00605
23.92	-0.001099
23.921	-0.006367
23.922	-0.01071
23.923	-0.014203
23.924	-0.015129
23.925	-0.012209
23.926	-0.00727
23.927	-0.003843
23.928	-0.003677
23.929	-0.00571
23.93	-0.007649
23.931	-0.00801
23.932	-0.007297
23.933	-0.007566
23.934	-0.010409
23.935	-0.015149
23.936	-0.019029
23.937	-0.019182
23.938	-0.01485
23.939	-0.008051
23.94	-0.002148
23.941	2e-06
23.942	-0.002662
23.943	-0.008317
23.944	-0.012715
23.945	-0.012696
23.946	-0.009166
23.947	-0.005467
23.948	-0.003913
23.949	-0.004639
23.95	-0.006091
23.951	-0.005798
23.952	-0.00152
23.953	0.008229
23.954	0.024748
23.955	0.047895
23.956	0.0715
23.957	0.081726
23.958	0.0664
23.959	0.030101
23.96	-0.003634
23.961	-0.010633
23.962	0.013577
23.963	0.052944
23.964	0.086583
23.965	0.102275
23.966	0.098858
23.967	0.081997
23.968	0.059192
23.969	0.036697
23.97	0.018572
23.971	0.006287
23.972	-0.001419
23.973	-0.007295
23.974	-0.013419
23.975	-0.019834
23.976	-0.024795
23.977	-0.026237
23.978	-0.023491
23.979	-0.01799
23.98	-0.012676
23.981	-0.010696
23.982	-0.013756
23.983	-0.020338
23.984	-0.025671
23.985	-0.025411
23.986	-0.019703
23.987	-0.012623
23.988	-0.008294
23.989	-0.007903
23.99	-0.00969
23.991	-0.011468
23.992	-0.012857
23.993	-0.014943
23.994	-0.018544
23.995	-0.023144
23.996	-0.027019
23.997	-0.028258
23.998	-0.026047
23.999	-0.021238
24.0	-0.015884
24.001	-0.012208
24.002	-0.011509
24.003	-0.013134
24.004	-0.014491
24.005	-0.013388
24.006	-0.010471
24.007	-0.008393
24.008	-0.008988
24.009	-0.01156
24.01	-0.013566
24.011	-0.012984
24.012	-0.009977
24.013	-0.006434
24.014	-0.004448
24.015	-0.005119
24.016	-0.008078
24.017	-0.011673
24.018	-0.013532
24.019	-0.0114
24.02	-0.004395
24.021	0.005839
24.022	0.015326
24.023	0.020155
24.024	0.019394
24.025	0.01494
24.026	0.008769
24.027	0.001607
24.028	-0.006129
24.029	-0.013329
24.03	-0.018644
24.031	-0.021757
24.032	-0.023575
24.033	-0.024976
24.034	-0.025797
24.035	-0.025157
24.036	-0.022403
24.037	-0.017683
24.038	-0.0119
24.039	-0.006505
24.04	-0.003394
24.041	-0.00437
24.042	-0.009869
24.043	-0.017551
24.044	-0.022618
24.045	-0.021522
24.046	-0.015595
24.047	-0.009671
24.048	-0.007675
24.049	-0.010248
24.05	-0.015223
24.051	-0.01911
24.052	-0.018867
24.053	-0.013956
24.054	-0.007249
24.055	-0.003217
24.056	-0.004797
24.057	-0.011596
24.058	-0.020153
24.059	-0.025445
24.06	-0.022575
24.061	-0.008096
24.062	0.017942
24.063	0.048924
24.064	0.070741
24.065	0.068204
24.066	0.038846
24.067	0.001013
24.068	-0.01791
24.069	-0.004253
24.07	0.032207
24.071	0.06919
24.072	0.08923
24.073	0.088107
24.074	0.071944
24.075	0.049648
24.076	0.027745
24.077	0.009737
24.078	-0.002636
24.079	-0.009115
24.08	-0.011359
24.081	-0.012596
24.082	-0.015998
24.083	-0.022026
24.084	-0.027202
24.085	-0.027429
24.086	-0.022648
24.087	-0.016712
24.088	-0.013581
24.089	-0.014837
24.09	-0.019508
24.091	-0.025102
24.092	-0.029167
24.093	-0.030403
24.094	-0.029033
24.095	-0.026887
24.096	-0.026418
24.097	-0.028397
24.098	-0.030899
24.099	-0.031369
24.1	-0.029119
24.101	-0.025522
24.102	-0.022496
24.103	-0.020755
24.104	-0.019192
24.105	-0.016605
24.106	-0.013728
24.107	-0.012434
24.108	-0.013842
24.109	-0.017817
24.11	-0.023046
24.111	-0.02728
24.112	-0.028366
24.113	-0.025577
24.114	-0.020415
24.115	-0.01609
24.116	-0.015372
24.117	-0.018302
24.118	-0.022234
24.119	-0.024213
24.12	-0.023236
24.121	-0.020857
24.122	-0.020063
24.123	-0.022525
24.124	-0.026274
24.125	-0.027072
24.126	-0.022067
24.127	-0.011591
24.128	0.001206
24.129	0.012005
24.13	0.017642
24.131	0.017026
24.132	0.010613
24.133	0.00013
24.134	-0.011754
24.135	-0.02242
24.136	-0.030025
24.137	-0.033332
24.138	-0.031719
24.139	-0.02586
24.14	-0.018019
24.141	-0.011426
24.142	-0.008967
24.143	-0.01099
24.144	-0.01408
24.145	-0.013992
24.146	-0.010204
24.147	-0.006209
24.148	-0.005913
24.149	-0.010466
24.15	-0.017629
24.151	-0.023445
24.152	-0.024806
24.153	-0.021555
24.154	-0.016838
24.155	-0.014943
24.156	-0.017976
24.157	-0.024241
24.158	-0.029704
24.159	-0.030873
24.16	-0.026946
24.161	-0.020336
24.162	-0.015123
24.163	-0.013766
24.164	-0.015066
24.165	-0.016079
24.166	-0.015098
24.167	-0.011182
24.168	-0.001787
24.169	0.016613
24.17	0.042974
24.171	0.065919
24.172	0.067705
24.173	0.040314
24.174	-0.001547
24.175	-0.028559
24.176	-0.020988
24.177	0.016072
24.178	0.060245
24.179	0.090703
24.18	0.099523
24.181	0.089988
24.182	0.069506
24.183	0.045506
24.184	0.024832
24.185	0.012123
24.186	0.007223
24.187	0.00574
24.188	0.00264
24.189	-0.004508
24.19	-0.014424
24.191	-0.023363
24.192	-0.027865
24.193	-0.0272
24.194	-0.023754
24.195	-0.021239
24.196	-0.022331
24.197	-0.02703
24.198	-0.032382
24.199	-0.034294
24.2	-0.030736
24.201	-0.023584
24.202	-0.017265
24.203	-0.015077
24.204	-0.016351
24.205	-0.017938
24.206	-0.018253
24.207	-0.018613
24.208	-0.021193
24.209	-0.026603
24.21	-0.033043
24.211	-0.037303
24.212	-0.036787
24.213	-0.031476
24.214	-0.024517
24.215	-0.020473
24.216	-0.022335
24.217	-0.029357
24.218	-0.037
24.219	-0.039758
24.22	-0.035384
24.221	-0.026652
24.222	-0.019156
24.223	-0.016821
24.224	-0.018668
24.225	-0.020561
24.226	-0.019993
24.227	-0.017821
24.228	-0.016014
24.229	-0.01514
24.23	-0.013995
24.231	-0.010873
24.232	-0.004555
24.233	0.005511
24.234	0.018875
24.235	0.033322
24.236	0.044781
24.237	0.049028
24.238	0.044332
24.239	0.032576
24.24	0.017853
24.241	0.003848
24.242	-0.007981
24.243	-0.01755
24.244	-0.023699
24.245	-0.024555
24.246	-0.020486
24.247	-0.014698
24.248	-0.010867
24.249	-0.01097
24.25	-0.014435
24.251	-0.018416
24.252	-0.019464
24.253	-0.016176
24.254	-0.010658
24.255	-0.00712
24.256	-0.008611
24.257	-0.014383
24.258	-0.020072
24.259	-0.020814
24.26	-0.014608
24.261	-0.003752
24.262	0.006268
24.263	0.010566
24.264	0.008733
24.265	0.004265
24.266	0.000473
24.267	-0.001862
24.268	-0.003881
24.269	-0.007155
24.27	-0.012243
24.271	-0.018116
24.272	-0.02305
24.273	-0.02547
24.274	-0.023065
24.275	-0.011495
24.276	0.013729
24.277	0.05078
24.278	0.085805
24.279	0.097991
24.28	0.076898
24.281	0.035829
24.282	0.003737
24.283	0.002199
24.284	0.030403
24.285	0.068964
24.286	0.095861
24.287	0.101524
24.288	0.09131
24.289	0.075344
24.29	0.058805
24.291	0.041524
24.292	0.022547
24.293	0.002942
24.294	-0.0143
24.295	-0.026003
24.296	-0.030723
24.297	-0.029605
24.298	-0.02565
24.299	-0.021293
24.3	-0.016904
24.301	-0.01304
24.302	-0.01232
24.303	-0.016385
24.304	-0.02301
24.305	-0.028631
24.306	-0.03128
24.307	-0.02963
24.308	-0.023307
24.309	-0.015645
24.31	-0.012421
24.311	-0.016372
24.312	-0.023912
24.313	-0.027653
24.314	-0.023028
24.315	-0.012491
24.316	-0.002205
24.317	0.004399
24.318	0.008378
24.319	0.012413
24.32	0.017555
24.321	0.020959
24.322	0.016976
24.323	0.004243
24.324	-0.008782
24.325	-0.010603
24.326	0.00127
24.327	0.019081
24.328	0.033394
24.329	0.039413
24.33	0.037461
24.331	0.030908
24.332	0.02423
24.333	0.021943
24.334	0.026876
24.335	0.037476
24.336	0.048042
24.337	0.053521
24.338	0.054064
24.339	0.054647
24.34	0.060516
24.341	0.072903
24.342	0.088159
24.343	0.100124
24.344	0.103954
24.345	0.098493
24.346	0.085933
24.347	0.070301
24.348	0.055664
24.349	0.044674
24.35	0.038332
24.351	0.03665
24.352	0.039301
24.353	0.045409
24.354	0.052673
24.355	0.057632
24.356	0.057661
24.357	0.052835
24.358	0.046038
24.359	0.041348
24.36	0.041559
24.361	0.046312
24.362	0.052106
24.363	0.05471
24.364	0.052573
24.365	0.047527
24.366	0.042273
24.367	0.038387
24.368	0.036194
24.369	0.035175
24.37	0.034526
24.371	0.034064
24.372	0.034899
24.373	0.038601
24.374	0.045178
24.375	0.052323
24.376	0.056809
24.377	0.056356
24.378	0.050942
24.379	0.043246
24.38	0.037608
24.381	0.038134
24.382	0.047382
24.383	0.06592
24.384	0.090516
24.385	0.110577
24.386	0.111254
24.387	0.088003
24.388	0.056578
24.389	0.041852
24.39	0.056129
24.391	0.090625
24.392	0.125667
24.393	0.145571
24.394	0.145555
24.395	0.129744
24.396	0.105694
24.397	0.080478
24.398	0.059542
24.399	0.046243
24.4	0.041039
24.401	0.041441
24.402	0.043244
24.403	0.043031
24.404	0.040626
24.405	0.038424
24.406	0.038229
24.407	0.039731
24.408	0.041231
24.409	0.040737
24.41	0.037313
24.411	0.032267
24.412	0.028478
24.413	0.02783
24.414	0.029435
24.415	0.030456
24.416	0.028444
24.417	0.023254
24.418	0.017201
24.419	0.013247
24.42	0.012731
24.421	0.014335
24.422	0.014862
24.423	0.012023
24.424	0.007276
24.425	0.004692
24.426	0.006611
24.427	0.011652
24.428	0.016346
24.429	0.01761
24.43	0.014463
24.431	0.008344
24.432	0.001851
24.433	-0.002974
24.434	-0.005559
24.435	-0.006816
24.436	-0.008444
24.437	-0.011476
24.438	-0.015196
24.439	-0.017607
24.44	-0.016862
24.441	-0.012778
24.442	-0.007649
24.443	-0.004764
24.444	-0.005205
24.445	-0.00697
24.446	-0.00726
24.447	-0.004302
24.448	0.002084
24.449	0.010232
24.45	0.017412
24.451	0.02127
24.452	0.020784
24.453	0.016492
24.454	0.009924
24.455	0.002358
24.456	-0.005683
24.457	-0.01356
24.458	-0.019746
24.459	-0.022348
24.46	-0.020222
24.461	-0.014024
24.462	-0.006781
24.463	-0.002336
24.464	-0.001911
24.465	-0.003266
24.466	-0.00376
24.467	-0.002914
24.468	-0.002268
24.469	-0.003681
24.47	-0.007599
24.471	-0.012808
24.472	-0.01736
24.473	-0.019475
24.474	-0.018415
24.475	-0.015155
24.476	-0.011994
24.477	-0.011087
24.478	-0.01301
24.479	-0.016187
24.48	-0.017893
24.481	-0.016935
24.482	-0.015508
24.483	-0.01695
24.484	-0.021404
24.485	-0.025689
24.486	-0.027293
24.487	-0.02586
24.488	-0.020866
24.489	-0.009526
24.49	0.011667
24.491	0.041043
24.492	0.06664
24.493	0.070843
24.494	0.045926
24.495	0.005895
24.496	-0.021924
24.497	-0.019684
24.498	0.007881
24.499	0.041611
24.5	0.064705
24.501	0.071297
24.502	0.064043
24.503	0.048693
24.504	0.031354
24.505	0.016913
24.506	0.007249
24.507	0.001268
24.508	-0.003426
24.509	-0.009051
24.51	-0.016628
24.511	-0.025466
24.512	-0.033457
24.513	-0.038235
24.514	-0.038787
24.515	-0.036369
24.516	-0.033851
24.517	-0.033922
24.518	-0.037125
24.519	-0.040954
24.52	-0.041646
24.521	-0.037972
24.522	-0.033113
24.523	-0.031679
24.524	-0.0346
24.525	-0.038303
24.526	-0.038897
24.527	-0.035496
24.528	-0.030185
24.529	-0.026212
24.53	-0.025849
24.531	-0.029064
24.532	-0.033622
24.533	-0.036492
24.534	-0.035879
24.535	-0.032648
24.536	-0.030002
24.537	-0.031177
24.538	-0.036438
24.539	-0.042239
24.54	-0.043908
24.541	-0.039452
24.542	-0.031267
24.543	-0.024128
24.544	-0.020902
24.545	-0.020835
24.546	-0.021813
24.547	-0.022366
24.548	-0.021972
24.549	-0.021236
24.55	-0.021591
24.551	-0.023818
24.552	-0.026556
24.553	-0.026686
24.554	-0.02178
24.555	-0.012382
24.556	-0.001998
24.557	0.005107
24.558	0.006504
24.559	0.002643
24.56	-0.004031
24.561	-0.010861
24.562	-0.016763
24.563	-0.022469
24.564	-0.028459
24.565	-0.033745
24.566	-0.037019
24.567	-0.037619
24.568	-0.035701
24.569	-0.032525
24.57	-0.030165
24.571	-0.030235
24.572	-0.03258
24.573	-0.035247
24.574	-0.036213
24.575	-0.035416
24.576	-0.034902
24.577	-0.036775
24.578	-0.040985
24.579	-0.045207
24.58	-0.046763
24.581	-0.044958
24.582	-0.042205
24.583	-0.04207
24.584	-0.045265
24.585	-0.048986
24.586	-0.050393
24.587	-0.048722
24.588	-0.044743
24.589	-0.040271
24.59	-0.037682
24.591	-0.038497
24.592	-0.04215
24.593	-0.04626
24.594	-0.047846
24.595	-0.044021
24.596	-0.031878
24.597	-0.009539
24.598	0.019648
24.599	0.043352
24.6	0.045672
24.601	0.022028
24.602	-0.011994
24.603	-0.031043
24.604	-0.020551
24.605	0.01285
24.606	0.049159
24.607	0.071336
24.608	0.074422
24.609	0.062761
24.61	0.043371
24.611	0.022437
24.612	0.004702
24.613	-0.006973
24.614	-0.012467
24.615	-0.01435
24.616	-0.016255
24.617	-0.02072
24.618	-0.027879
24.619	-0.035353
24.62	-0.039619
24.621	-0.039058
24.622	-0.036264
24.623	-0.035901
24.624	-0.039637
24.625	-0.044773
24.626	-0.047729
24.627	-0.046872
24.628	-0.042838
24.629	-0.037932
24.63	-0.034647
24.631	-0.034111
24.632	-0.035722
24.633	-0.037737
24.634	-0.03835
24.635	-0.037063
24.636	-0.035263
24.637	-0.03511
24.638	-0.03748
24.639	-0.040757
24.64	-0.041893
24.641	-0.039224
24.642	-0.034461
24.643	-0.031355
24.644	-0.03188
24.645	-0.03473
24.646	-0.037512
24.647	-0.038702
24.648	-0.038126
24.649	-0.036872
24.65	-0.036321
24.651	-0.036978
24.652	-0.038024
24.653	-0.037845
24.654	-0.035532
24.655	-0.03202
24.656	-0.029479
24.657	-0.02988
24.658	-0.033827
24.659	-0.039506
24.66	-0.042696
24.661	-0.03932
24.662	-0.029075
24.663	-0.01605
24.664	-0.005327
24.665	-0.000106
24.666	-0.001466
24.667	-0.008321
24.668	-0.017741
24.669	-0.026795
24.67	-0.034286
24.671	-0.040893
24.672	-0.047452
24.673	-0.052896
24.674	-0.054567
24.675	-0.050945
24.676	-0.043629
24.677	-0.036377
24.678	-0.032049
24.679	-0.030293
24.68	-0.028547
24.681	-0.025477
24.682	-0.023095
24.683	-0.02482
24.684	-0.031213
24.685	-0.038998
24.686	-0.044418
24.687	-0.045776
24.688	-0.043389
24.689	-0.039123
24.69	-0.035848
24.691	-0.036004
24.692	-0.039466
24.693	-0.042922
24.694	-0.042487
24.695	-0.037361
24.696	-0.030669
24.697	-0.027009
24.698	-0.02912
24.699	-0.03616
24.7	-0.044467
24.701	-0.04959
24.702	-0.047953
24.703	-0.037174
24.704	-0.016179
24.705	0.01132
24.706	0.032756
24.707	0.032268
24.708	0.006221
24.709	-0.028229
24.71	-0.045036
24.711	-0.030977
24.712	0.00558
24.713	0.044644
24.714	0.069717
24.715	0.075408
24.716	0.065848
24.717	0.048557
24.718	0.02963
24.719	0.012727
24.72	-0.000227
24.721	-0.009123
24.722	-0.016137
24.723	-0.024063
24.724	-0.032874
24.725	-0.039389
24.726	-0.040921
24.727	-0.037588
24.728	-0.031569
24.729	-0.025893
24.73	-0.023537
24.731	-0.026015
24.732	-0.032053
24.733	-0.038108
24.734	-0.040731
24.735	-0.038921
24.736	-0.034911
24.737	-0.032634
24.738	-0.03443
24.739	-0.038844
24.74	-0.041936
24.741	-0.040976
24.742	-0.037049
24.743	-0.033833
24.744	-0.033704
24.745	-0.036026
24.746	-0.038827
24.747	-0.040271
24.748	-0.039268
24.749	-0.036472
24.75	-0.034153
24.751	-0.034105
24.752	-0.035859
24.753	-0.037193
24.754	-0.036335
24.755	-0.033673
24.756	-0.031553
24.757	-0.032288
24.758	-0.036141
24.759	-0.041162
24.76	-0.044706
24.761	-0.045305
24.762	-0.044003
24.763	-0.043588
24.764	-0.045596
24.765	-0.048838
24.766	-0.050906
24.767	-0.049429
24.768	-0.042545
24.769	-0.030179
24.77	-0.014849
24.771	-0.000883
24.772	0.007293
24.773	0.007411
24.774	0.00083
24.775	-0.008718
24.776	-0.018138
24.777	-0.026538
24.778	-0.034363
24.779	-0.04168
24.78	-0.047295
24.781	-0.049685
24.782	-0.049143
24.783	-0.048145
24.784	-0.048575
24.785	-0.049868
24.786	-0.050452
24.787	-0.049207
24.788	-0.045816
24.789	-0.041272
24.79	-0.037579
24.791	-0.036267
24.792	-0.037048
24.793	-0.037849
24.794	-0.036499
24.795	-0.032767
24.796	-0.028752
24.797	-0.027212
24.798	-0.029543
24.799	-0.034725
24.8	-0.039547
24.801	-0.040536
24.802	-0.036935
24.803	-0.031512
24.804	-0.027771
24.805	-0.027414
24.806	-0.030433
24.807	-0.035367
24.808	-0.039169
24.809	-0.037719
24.81	-0.026635
24.811	-0.003215
24.812	0.029331
24.813	0.058426
24.814	0.066531
24.815	0.045599
24.816	0.008905
24.817	-0.016516
24.818	-0.012379
24.819	0.01733
24.82	0.053566
24.821	0.078105
24.822	0.082678
24.823	0.069241
24.824	0.046425
24.825	0.024056
24.826	0.007815
24.827	-0.001688
24.828	-0.006409
24.829	-0.008934
24.83	-0.011836
24.831	-0.017088
24.832	-0.024895
24.833	-0.033012
24.834	-0.038025
24.835	-0.038011
24.836	-0.034261
24.837	-0.030597
24.838	-0.030606
24.839	-0.03461
24.84	-0.039104
24.841	-0.039829
24.842	-0.035708
24.843	-0.029454
24.844	-0.024442
24.845	-0.022316
24.846	-0.023195
24.847	-0.025854
24.848	-0.028089
24.849	-0.028568
24.85	-0.028127
24.851	-0.028653
24.852	-0.030757
24.853	-0.032763
24.854	-0.03223
24.855	-0.028463
24.856	-0.023554
24.857	-0.021122
24.858	-0.023585
24.859	-0.029843
24.86	-0.03577
24.861	-0.037539
24.862	-0.034779
24.863	-0.030455
24.864	-0.027641
24.865	-0.027367
24.866	-0.02928
24.867	-0.032178
24.868	-0.034051
24.869	-0.033415
24.87	-0.03088
24.871	-0.02891
24.872	-0.02956
24.873	-0.032137
24.874	-0.033187
24.875	-0.028934
24.876	-0.018295
24.877	-0.004229
24.878	0.008124
24.879	0.014996
24.88	0.015709
24.881	0.011657
24.882	0.00438
24.883	-0.005065
24.884	-0.015001
24.885	-0.023257
24.886	-0.028971
24.887	-0.032439
24.888	-0.033485
24.889	-0.031731
24.89	-0.028227
24.891	-0.02553
24.892	-0.025545
24.893	-0.027522
24.894	-0.028754
24.895	-0.02746
24.896	-0.024857
24.897	-0.024245
24.898	-0.027895
24.899	-0.034782
24.9	-0.040983
24.901	-0.042066
24.902	-0.03644
24.903	-0.02708
24.904	-0.019147
24.905	-0.016541
24.906	-0.020445
24.907	-0.028529
24.908	-0.035451
24.909	-0.036397
24.91	-0.030984
24.911	-0.023466
24.912	-0.019013
24.913	-0.019826
24.914	-0.024442
24.915	-0.029666
24.916	-0.032164
24.917	-0.028307
24.918	-0.0142
24.919	0.010977
24.92	0.039516
24.921	0.055009
24.922	0.043488
24.923	0.009017
24.924	-0.024432
24.925	-0.03198
24.926	-0.00875
24.927	0.029562
24.928	0.062608
24.929	0.07857
24.93	0.07622
24.931	0.060682
24.932	0.039098
24.933	0.018248
24.934	0.003106
24.935	-0.004628
24.936	-0.00718
24.937	-0.009259
24.938	-0.015031
24.939	-0.025179
24.94	-0.035849
24.941	-0.041114
24.942	-0.037979
24.943	-0.028988
24.944	-0.019684
24.945	-0.014854
24.946	-0.016745
24.947	-0.023826
24.948	-0.031158
24.949	-0.03418
24.95	-0.032288
24.951	-0.028404
24.952	-0.025805
24.953	-0.02558
24.954	-0.026565
24.955	-0.027175
24.956	-0.026822
24.957	-0.025898
24.958	-0.025227
24.959	-0.025231
24.96	-0.025035
24.961	-0.02326
24.962	-0.020173
24.963	-0.017721
24.964	-0.016932
24.965	-0.017024
24.966	-0.017236
24.967	-0.017432
24.968	-0.017195
24.969	-0.015916
24.97	-0.013677
24.971	-0.011878
24.972	-0.012869
24.973	-0.018112
24.974	-0.026285
24.975	-0.033766
24.976	-0.037565
24.977	-0.03765
24.978	-0.036298
24.979	-0.035364
24.98	-0.034354
24.981	-0.03112
24.982	-0.024261
24.983	-0.014419
24.984	-0.003213
24.985	0.007718
24.986	0.016287
24.987	0.020442
24.988	0.019397
24.989	0.013811
24.99	0.005152
24.991	-0.005039
24.992	-0.015458
24.993	-0.024823
24.994	-0.031937
24.995	-0.036158
24.996	-0.037504
24.997	-0.036437
24.998	-0.034075
24.999	-0.032196
25.0	-0.031846
25.001	-0.031635
25.002	-0.028607
25.003	-0.021729
25.004	-0.013773
25.005	-0.009178
25.006	-0.010397
25.007	-0.016083
25.008	-0.022097
25.009	-0.023926
25.01	-0.019683
25.011	-0.012839
25.012	-0.01071
25.013	-0.017739
25.014	-0.030698
25.015	-0.042068
25.016	-0.047747
25.017	-0.04986
25.018	-0.051809
25.019	-0.052874
25.02	-0.050301
25.021	-0.045422
25.022	-0.043576
25.023	-0.04592
25.024	-0.043233
25.025	-0.022019
25.026	0.021123
25.027	0.071311
25.028	0.101272
25.029	0.089526
25.03	0.039674
25.031	-0.018423
25.032	-0.051055
25.033	-0.045061
25.034	-0.011409
25.035	0.029532
25.036	0.062388
25.037	0.079816
25.038	0.07898
25.039	0.060429
25.04	0.030295
25.041	0.000806
25.042	-0.01507
25.043	-0.012426
25.044	0.00266
25.045	0.019078
25.046	0.028456
25.047	0.029709
25.048	0.028562
25.049	0.03131
25.05	0.03816
25.051	0.043807
25.052	0.044177
25.053	0.040296
25.054	0.035446
25.055	0.031794
25.056	0.031153
25.057	0.036103
25.058	0.04779
25.059	0.063284
25.06	0.076992
25.061	0.085079
25.062	0.08742
25.063	0.085731
25.064	0.081593
25.065	0.075724
25.066	0.068079
25.067	0.05951
25.068	0.053001
25.069	0.051762
25.07	0.056022
25.071	0.062441
25.072	0.066744
25.073	0.066885
25.074	0.064279
25.075	0.062467
25.076	0.064214
25.077	0.069281
25.078	0.0748
25.079	0.077901
25.08	0.078109
25.081	0.077216
25.082	0.07669
25.083	0.075986
25.084	0.073934
25.085	0.070081
25.086	0.064164
25.087	0.056677
25.088	0.050211
25.089	0.048361
25.09	0.053093
25.091	0.063474
25.092	0.076355
25.093	0.087942
25.094	0.095232
25.095	0.096648
25.096	0.092016
25.097	0.082681
25.098	0.071417
25.099	0.061355
25.1	0.054903
25.101	0.053541
25.102	0.057208
25.103	0.063489
25.104	0.068626
25.105	0.069421
25.106	0.064474
25.107	0.055462
25.108	0.046964
25.109	0.043261
25.11	0.045108
25.111	0.04946
25.112	0.051966
25.113	0.050411
25.114	0.046578
25.115	0.044706
25.116	0.047835
25.117	0.055386
25.118	0.063656
25.119	0.06852
25.12	0.068501
25.121	0.065486
25.122	0.062078
25.123	0.059054
25.124	0.056171
25.125	0.053452
25.126	0.050448
25.127	0.046352
25.128	0.04141
25.129	0.037108
25.13	0.03546
25.131	0.03865
25.132	0.049106
25.133	0.068358
25.134	0.092645
25.135	0.109131
25.136	0.102538
25.137	0.071589
25.138	0.036204
25.139	0.022619
25.14	0.041369
25.141	0.080814
25.142	0.118721
25.143	0.138166
25.144	0.13577
25.145	0.118506
25.146	0.094928
25.147	0.07083
25.148	0.050478
25.149	0.037396
25.15	0.032717
25.151	0.033898
25.152	0.036414
25.153	0.037277
25.154	0.03683
25.155	0.037551
25.156	0.041466
25.157	0.047919
25.158	0.053337
25.159	0.054096
25.16	0.050065
25.161	0.044568
25.162	0.040747
25.163	0.039084
25.164	0.038629
25.165	0.038417
25.166	0.037196
25.167	0.034276
25.168	0.03109
25.169	0.030327
25.17	0.033178
25.171	0.037649
25.172	0.039931
25.173	0.037999
25.174	0.033962
25.175	0.032581
25.176	0.037105
25.177	0.046095
25.178	0.054257
25.179	0.056905
25.18	0.053763
25.181	0.048372
25.182	0.044335
25.183	0.042784
25.184	0.043029
25.185	0.043595
25.186	0.042321
25.187	0.037997
25.188	0.032427
25.189	0.029403
25.19	0.03147
25.191	0.037892
25.192	0.045665
25.193	0.052495
25.194	0.058705
25.195	0.066643
25.196	0.078759
25.197	0.095509
25.198	0.113885
25.199	0.127993
25.2	0.131891
25.201	0.122998
25.202	0.103624
25.203	0.079604
25.204	0.057441
25.205	0.041181
25.206	0.030731
25.207	0.023793
25.208	0.019288
25.209	0.018164
25.21	0.021285
25.211	0.02735
25.212	0.033373
25.213	0.037046
25.214	0.038424
25.215	0.039398
25.216	0.041556
25.217	0.044589
25.218	0.046846
25.219	0.047034
25.22	0.045127
25.221	0.04221
25.222	0.039684
25.223	0.038636
25.224	0.039979
25.225	0.043698
25.226	0.047405
25.227	0.047787
25.228	0.044302
25.229	0.040136
25.23	0.039009
25.231	0.041505
25.232	0.044776
25.233	0.045421
25.234	0.042461
25.235	0.037805
25.236	0.034173
25.237	0.033384
25.238	0.037358
25.239	0.049534
25.24	0.072898
25.241	0.104266
25.242	0.129955
25.243	0.132057
25.244	0.105421
25.245	0.066978
25.246	0.043079
25.247	0.047984
25.248	0.075667
25.249	0.108502
25.25	0.130717
25.251	0.135934
25.252	0.1265
25.253	0.108489
25.254	0.087637
25.255	0.068182
25.256	0.052988
25.257	0.043285
25.258	0.038083
25.259	0.034478
25.26	0.029819
25.261	0.024
25.262	0.019015
25.263	0.016959
25.264	0.019177
25.265	0.025524
25.266	0.0333
25.267	0.038884
25.268	0.041212
25.269	0.042509
25.27	0.045608
25.271	0.051184
25.272	0.057184
25.273	0.060526
25.274	0.059891
25.275	0.057206
25.276	0.055964
25.277	0.057974
25.278	0.06172
25.279	0.063591
25.28	0.060802
25.281	0.05332
25.282	0.04328
25.283	0.033537
25.284	0.026836
25.285	0.024235
25.286	0.023525
25.287	0.021202
25.288	0.016289
25.289	0.011036
25.29	0.008419
25.291	0.009618
25.292	0.013259
25.293	0.016548
25.294	0.01741
25.295	0.015924
25.296	0.013842
25.297	0.012733
25.298	0.01244
25.299	0.011368
25.3	0.008512
25.301	0.004885
25.302	0.00276
25.303	0.004206
25.304	0.010352
25.305	0.020362
25.306	0.03075
25.307	0.037409
25.308	0.038432
25.309	0.03454
25.31	0.027872
25.311	0.020429
25.312	0.012843
25.313	0.004691
25.314	-0.003812
25.315	-0.010829
25.316	-0.013907
25.317	-0.012108
25.318	-0.007235
25.319	-0.00261
25.32	-0.000408
25.321	-0.000449
25.322	-0.001466
25.323	-0.00256
25.324	-0.003045
25.325	-0.002639
25.326	-0.002641
25.327	-0.005032
25.328	-0.009838
25.329	-0.01438
25.33	-0.015385
25.331	-0.01216
25.332	-0.0078
25.333	-0.006583
25.334	-0.009678
25.335	-0.0136
25.336	-0.013055
25.337	-0.005317
25.338	0.007789
25.339	0.021636
25.34	0.032177
25.341	0.037879
25.342	0.039206
25.343	0.037562
25.344	0.035623
25.345	0.037474
25.346	0.047058
25.347	0.06603
25.348	0.090664
25.349	0.109428
25.35	0.10819
25.351	0.083798
25.352	0.0521
25.353	0.037318
25.354	0.051492
25.355	0.085286
25.356	0.117072
25.357	0.128623
25.358	0.114465
25.359	0.081635
25.36	0.043224
25.361	0.010907
25.362	-0.009533
25.363	-0.01829
25.364	-0.018671
25.365	-0.014976
25.366	-0.012196
25.367	-0.014331
25.368	-0.021324
25.369	-0.028778
25.37	-0.03192
25.371	-0.030164
25.372	-0.027439
25.373	-0.028097
25.374	-0.032792
25.375	-0.038033
25.376	-0.039463
25.377	-0.035779
25.378	-0.029617
25.379	-0.024796
25.38	-0.023126
25.381	-0.023752
25.382	-0.024912
25.383	-0.025421
25.384	-0.0243
25.385	-0.021041
25.386	-0.017278
25.387	-0.016037
25.388	-0.01834
25.389	-0.021876
25.39	-0.023475
25.391	-0.022152
25.392	-0.01956
25.393	-0.018286
25.394	-0.020022
25.395	-0.024701
25.396	-0.030831
25.397	-0.036351
25.398	-0.039269
25.399	-0.03867
25.4	-0.035594
25.401	-0.031987
25.402	-0.028961
25.403	-0.026248
25.404	-0.022746
25.405	-0.01829
25.406	-0.015183
25.407	-0.016441
25.408	-0.022134
25.409	-0.028379
25.41	-0.029964
25.411	-0.02374
25.412	-0.010479
25.413	0.005308
25.414	0.017709
25.415	0.022874
25.416	0.020704
25.417	0.01331
25.418	0.002802
25.419	-0.009039
25.42	-0.020141
25.421	-0.028358
25.422	-0.032593
25.423	-0.033315
25.424	-0.031461
25.425	-0.027851
25.426	-0.024072
25.427	-0.022064
25.428	-0.022442
25.429	-0.024191
25.43	-0.025682
25.431	-0.025935
25.432	-0.025627
25.433	-0.026676
25.434	-0.030207
25.435	-0.035035
25.436	-0.038435
25.437	-0.038287
25.438	-0.03467
25.439	-0.029962
25.44	-0.027131
25.441	-0.027281
25.442	-0.028921
25.443	-0.029414
25.444	-0.026783
25.445	-0.021215
25.446	-0.015669
25.447	-0.013917
25.448	-0.017434
25.449	-0.024567
25.45	-0.031855
25.451	-0.035432
25.452	-0.031748
25.453	-0.018011
25.454	0.005964
25.455	0.033526
25.456	0.04975
25.457	0.040529
25.458	0.007895
25.459	-0.026313
25.46	-0.036739
25.461	-0.01515
25.462	0.024855
25.463	0.060984
25.464	0.078778
25.465	0.077243
25.466	0.062892
25.467	0.042608
25.468	0.02169
25.469	0.004546
25.47	-0.005783
25.471	-0.009664
25.472	-0.011586
25.473	-0.017107
25.474	-0.028036
25.475	-0.040582
25.476	-0.048292
25.477	-0.047191
25.478	-0.039052
25.479	-0.030148
25.48	-0.026384
25.481	-0.029431
25.482	-0.037063
25.483	-0.045407
25.484	-0.050173
25.485	-0.048492
25.486	-0.041678
25.487	-0.034493
25.488	-0.030578
25.489	-0.029468
25.49	-0.028128
25.491	-0.024722
25.492	-0.02055
25.493	-0.018694
25.494	-0.021155
25.495	-0.027014
25.496	-0.032971
25.497	-0.035925
25.498	-0.035582
25.499	-0.03448
25.5	-0.035164
25.501	-0.037758
25.502	-0.040387
25.503	-0.04095
25.504	-0.038053
25.505	-0.031863
25.506	-0.025018
25.507	-0.02127
25.508	-0.02234
25.509	-0.026506
25.51	-0.030323
25.511	-0.031645
25.512	-0.031128
25.513	-0.031039
25.514	-0.032686
25.515	-0.034893
25.516	-0.034792
25.517	-0.030182
25.518	-0.021264
25.519	-0.010213
25.52	0.000336
25.521	0.007795
25.522	0.009488
25.523	0.004009
25.524	-0.006488
25.525	-0.017023
25.526	-0.024068
25.527	-0.027865
25.528	-0.0303
25.529	-0.032022
25.53	-0.032203
25.531	-0.030478
25.532	-0.028287
25.533	-0.02779
25.534	-0.029582
25.535	-0.031866
25.536	-0.032195
25.537	-0.029935
25.538	-0.02671
25.539	-0.024749
25.54	-0.025392
25.541	-0.02856
25.542	-0.032733
25.543	-0.035555
25.544	-0.03485
25.545	-0.030235
25.546	-0.024544
25.547	-0.022099
25.548	-0.024464
25.549	-0.0288
25.55	-0.030622
25.551	-0.027649
25.552	-0.021301
25.553	-0.015395
25.554	-0.013543
25.555	-0.017012
25.556	-0.024313
25.557	-0.0323
25.558	-0.036981
25.559	-0.033686
25.56	-0.018136
25.561	0.010191
25.562	0.043033
25.563	0.062983
25.564	0.054961
25.565	0.022011
25.566	-0.013143
25.567	-0.025466
25.568	-0.006701
25.569	0.031348
25.57	0.068422
25.571	0.089229
25.572	0.089331
25.573	0.073285
25.574	0.04972
25.575	0.027043
25.576	0.010672
25.577	0.001991
25.578	-0.000959
25.579	-0.001896
25.58	-0.004352
25.581	-0.009682
25.582	-0.016705
25.583	-0.022981
25.584	-0.025755
25.585	-0.023438
25.586	-0.018048
25.587	-0.014558
25.588	-0.016294
25.589	-0.021849
25.59	-0.026888
25.591	-0.028191
25.592	-0.025864
25.593	-0.02254
25.594	-0.02085
25.595	-0.021445
25.596	-0.023056
25.597	-0.02398
25.598	-0.023617
25.599	-0.023116
25.6	-0.024258
25.601	-0.027422
25.602	-0.031141
25.603	-0.033323
25.604	-0.032342
25.605	-0.028262
25.606	-0.024037
25.607	-0.023784
25.608	-0.028783
25.609	-0.036058
25.61	-0.041009
25.611	-0.04088
25.612	-0.036281
25.613	-0.030218
25.614	-0.025657
25.615	-0.023573
25.616	-0.022765
25.617	-0.02134
25.618	-0.018767
25.619	-0.016602
25.62	-0.016917
25.621	-0.02054
25.622	-0.027024
25.623	-0.034738
25.624	-0.040016
25.625	-0.038384
25.626	-0.028612
25.627	-0.01439
25.628	-0.00142
25.629	0.006148
25.63	0.007151
25.631	0.002811
25.632	-0.004972
25.633	-0.014708
25.634	-0.024926
25.635	-0.033483
25.636	-0.038054
25.637	-0.037642
25.638	-0.033588
25.639	-0.028784
25.64	-0.025611
25.641	-0.024625
25.642	-0.024981
25.643	-0.025517
25.644	-0.025292
25.645	-0.024355
25.646	-0.024592
25.647	-0.0283
25.648	-0.035398
25.649	-0.042756
25.65	-0.046135
25.651	-0.043037
25.652	-0.034529
25.653	-0.024565
25.654	-0.017424
25.655	-0.015297
25.656	-0.017351
25.657	-0.020811
25.658	-0.023329
25.659	-0.024396
25.66	-0.024827
25.661	-0.025667
25.662	-0.027728
25.663	-0.031249
25.664	-0.035033
25.665	-0.036258
25.666	-0.031575
25.667	-0.017895
25.668	0.005866
25.669	0.03407
25.67	0.052093
25.671	0.044739
25.672	0.012086
25.673	-0.024693
25.674	-0.038413
25.675	-0.018021
25.676	0.024427
25.677	0.065684
25.678	0.087841
25.679	0.086445
25.68	0.068145
25.681	0.043335
25.682	0.020098
25.683	0.002416
25.684	-0.008345
25.685	-0.012439
25.686	-0.012674
25.687	-0.013681
25.688	-0.018461
25.689	-0.025971
25.69	-0.032137
25.691	-0.033475
25.692	-0.030234
25.693	-0.02619
25.694	-0.025607
25.695	-0.030019
25.696	-0.037133
25.697	-0.042672
25.698	-0.043561
25.699	-0.039666
25.7	-0.032848
25.701	-0.024701
25.702	-0.015573
25.703	-0.005438
25.704	0.005441
25.705	0.016232
25.706	0.024657
25.707	0.027534
25.708	0.02383
25.709	0.016686
25.71	0.011359
25.711	0.011143
25.712	0.015386
25.713	0.020613
25.714	0.023007
25.715	0.020769
25.716	0.015258
25.717	0.009915
25.718	0.00761
25.719	0.008519
25.72	0.010115
25.721	0.009095
25.722	0.00356
25.723	-0.005641
25.724	-0.014677
25.725	-0.018999
25.726	-0.017443
25.727	-0.01333
25.728	-0.010731
25.729	-0.010528
25.73	-0.010313
25.731	-0.007092
25.732	2.3e-05
25.733	0.008615
25.734	0.014189
25.735	0.013206
25.736	0.005094
25.737	-0.008024
25.738	-0.022462
25.739	-0.034513
25.74	-0.042269
25.741	-0.046189
25.742	-0.047924
25.743	-0.048543
25.744	-0.047496
25.745	-0.043858
25.746	-0.038938
25.747	-0.036077
25.748	-0.037281
25.749	-0.04124
25.75	-0.044572
25.751	-0.044219
25.752	-0.039454
25.753	-0.032706
25.754	-0.028159
25.755	-0.028645
25.756	-0.033412
25.757	-0.038734
25.758	-0.040798
25.759	-0.038615
25.76	-0.034513
25.761	-0.031858
25.762	-0.032554
25.763	-0.036081
25.764	-0.039708
25.765	-0.04038
25.766	-0.037722
25.767	-0.034493
25.768	-0.033645
25.769	-0.035899
25.77	-0.039787
25.771	-0.042853
25.772	-0.042776
25.773	-0.037341
25.774	-0.023562
25.775	0.000614
25.776	0.030425
25.777	0.051067
25.778	0.046411
25.779	0.015788
25.78	-0.019963
25.781	-0.034115
25.782	-0.016578
25.783	0.020043
25.784	0.054366
25.785	0.072521
25.786	0.072368
25.787	0.058581
25.788	0.037679
25.789	0.015822
25.79	-0.002051
25.791	-0.013121
25.792	-0.017715
25.793	-0.019079
25.794	-0.021271
25.795	-0.026484
25.796	-0.033583
25.797	-0.038964
25.798	-0.039621
25.799	-0.036028
25.8	-0.031729
25.801	-0.030186
25.802	-0.032491
25.803	-0.037246
25.804	-0.041284
25.805	-0.04146
25.806	-0.037538
25.807	-0.032816
25.808	-0.031051
25.809	-0.033116
25.81	-0.036596
25.811	-0.038246
25.812	-0.036788
25.813	-0.033534
25.814	-0.030912
25.815	-0.030504
25.816	-0.031795
25.817	-0.032625
25.818	-0.031406
25.819	-0.028789
25.82	-0.026889
25.821	-0.027555
25.822	-0.031685
25.823	-0.038709
25.824	-0.045549
25.825	-0.047761
25.826	-0.043745
25.827	-0.036882
25.828	-0.032322
25.829	-0.032222
25.83	-0.034546
25.831	-0.03598
25.832	-0.03518
25.833	-0.033129
25.834	-0.031389
25.835	-0.030697
25.836	-0.030621
25.837	-0.029863
25.838	-0.026891
25.839	-0.020457
25.84	-0.010385
25.841	0.001157
25.842	0.009861
25.843	0.012135
25.844	0.008062
25.845	0.000863
25.846	-0.006628
25.847	-0.013803
25.848	-0.020835
25.849	-0.027114
25.85	-0.031473
25.851	-0.03312
25.852	-0.032035
25.853	-0.02899
25.854	-0.025464
25.855	-0.022977
25.856	-0.021953
25.857	-0.021632
25.858	-0.021378
25.859	-0.021592
25.86	-0.023459
25.861	-0.028053
25.862	-0.035047
25.863	-0.042014
25.864	-0.045254
25.865	-0.042192
25.866	-0.034028
25.867	-0.02551
25.868	-0.021286
25.869	-0.022537
25.87	-0.026769
25.871	-0.030369
25.872	-0.031616
25.873	-0.031478
25.874	-0.03179
25.875	-0.033745
25.876	-0.038475
25.877	-0.047157
25.878	-0.058119
25.879	-0.064164
25.88	-0.055304
25.881	-0.025648
25.882	0.020577
25.883	0.066919
25.884	0.089914
25.885	0.073263
25.886	0.022783
25.887	-0.033048
25.888	-0.06185
25.889	-0.049572
25.89	-0.007216
25.891	0.03978
25.892	0.068411
25.893	0.069936
25.894	0.050826
25.895	0.024923
25.896	0.004319
25.897	-0.005113
25.898	-0.003795
25.899	0.002462
25.9	0.004436
25.901	-0.005001
25.902	-0.024504
25.903	-0.043458
25.904	-0.049149
25.905	-0.037099
25.906	-0.015236
25.907	0.003396
25.908	0.011724
25.909	0.011536
25.91	0.008338
25.911	0.006326
25.912	0.006834
25.913	0.009046
25.914	0.011634
25.915	0.014038
25.916	0.016884
25.917	0.021781
25.918	0.030147
25.919	0.041185
25.92	0.051291
25.921	0.056221
25.922	0.053784
25.923	0.04497
25.924	0.033826
25.925	0.025483
25.926	0.022447
25.927	0.023149
25.928	0.024591
25.929	0.025186
25.93	0.025042
25.931	0.02507
25.932	0.026062
25.933	0.027841
25.934	0.029351
25.935	0.029756
25.936	0.029221
25.937	0.028642
25.938	0.028703
25.939	0.029145
25.94	0.029135
25.941	0.028108
25.942	0.025793
25.943	0.022419
25.944	0.020087
25.945	0.02241
25.946	0.030852
25.947	0.042552
25.948	0.052728
25.949	0.057894
25.95	0.05711
25.951	0.052059
25.952	0.045935
25.953	0.040999
25.954	0.036877
25.955	0.031648
25.956	0.024686
25.957	0.018014
25.958	0.014607
25.959	0.015562
25.96	0.019263
25.961	0.022838
25.962	0.023882
25.963	0.021795
25.964	0.01873
25.965	0.018236
25.966	0.021513
25.967	0.025758
25.968	0.026966
25.969	0.023742
25.97	0.018611
25.971	0.016085
25.972	0.018828
25.973	0.025141
25.974	0.030222
25.975	0.030123
25.976	0.0249
25.977	0.01832
25.978	0.014588
25.979	0.015262
25.98	0.018819
25.981	0.022005
25.982	0.02131
25.983	0.014931
25.984	0.005062
25.985	-0.00248
25.986	-0.002296
25.987	0.007695
25.988	0.027003
25.989	0.052298
25.99	0.073952
25.991	0.0767
25.992	0.05154
25.993	0.009409
25.994	-0.022727
25.995	-0.023666
25.996	0.005153
25.997	0.043802
25.998	0.071148
25.999	0.077723
26.0	0.066487
26.001	0.046044
26.002	0.024197
26.003	0.005786
26.004	-0.006406
26.005	-0.011295
26.006	-0.010941
26.007	-0.010475
26.008	-0.014421
26.009	-0.02286
26.01	-0.031453
26.011	-0.035328
26.012	-0.033178
26.013	-0.027953
26.014	-0.024165
26.015	-0.024637
26.016	-0.028944
26.017	-0.034227
26.018	-0.037443
26.019	-0.037079
26.02	-0.033562
26.021	-0.028902
26.022	-0.025816
26.023	-0.026127
26.024	-0.028778
26.025	-0.03006
26.026	-0.02755
26.027	-0.023239
26.028	-0.021351
26.029	-0.023686
26.03	-0.028029
26.031	-0.030872
26.032	-0.030923
26.033	-0.029888
26.034	-0.030522
26.035	-0.034121
26.036	-0.039391
26.037	-0.043482
26.038	-0.044217
26.039	-0.041522
26.04	-0.037122
26.041	-0.033212
26.042	-0.031258
26.043	-0.031364
26.044	-0.031873
26.045	-0.03021
26.046	-0.025782
26.047	-0.021614
26.048	-0.021661
26.049	-0.026788
26.05	-0.033865
26.051	-0.037948
26.052	-0.035055
26.053	-0.024384
26.054	-0.009385
26.055	0.003687
26.056	0.009406
26.057	0.00609
26.058	-0.003916
26.059	-0.016152
26.06	-0.026708
26.061	-0.033914
26.062	-0.038256
26.063	-0.040879
26.064	-0.04173
26.065	-0.039624
26.066	-0.034857
26.067	-0.03048
26.068	-0.029664
26.069	-0.03268
26.07	-0.037188
26.071	-0.040724
26.072	-0.042597
26.073	-0.044023
26.074	-0.046571
26.075	-0.050257
26.076	-0.053186
26.077	-0.053002
26.078	-0.048753
26.079	-0.041742
26.08	-0.034908
26.081	-0.031382
26.082	-0.03329
26.083	-0.040702
26.084	-0.050353
26.085	-0.056538
26.086	-0.055587
26.087	-0.049123
26.088	-0.041877
26.089	-0.03747
26.09	-0.036731
26.091	-0.038355
26.092	-0.040023
26.093	-0.038846
26.094	-0.030914
26.095	-0.012188
26.096	0.016618
26.097	0.044484
26.098	0.053251
26.099	0.032783
26.1	-0.005347
26.101	-0.033751
26.102	-0.032012
26.103	-0.002585
26.104	0.035025
26.105	0.061416
26.106	0.067911
26.107	0.056449
26.108	0.034756
26.109	0.01133
26.11	-0.007789
26.111	-0.019909
26.112	-0.025475
26.113	-0.027246
26.114	-0.028594
26.115	-0.031716
26.116	-0.036622
26.117	-0.041225
26.118	-0.043016
26.119	-0.041398
26.12	-0.038226
26.121	-0.036149
26.122	-0.037097
26.123	-0.041694
26.124	-0.048424
26.125	-0.053752
26.126	-0.055116
26.127	-0.053456
26.128	-0.051693
26.129	-0.051599
26.13	-0.052558
26.131	-0.052676
26.132	-0.051
26.133	-0.048719
26.134	-0.04806
26.135	-0.050061
26.136	-0.053439
26.137	-0.055342
26.138	-0.053248
26.139	-0.046664
26.14	-0.037182
26.141	-0.027015
26.142	-0.017675
26.143	-0.009364
26.144	-0.000666
26.145	0.010549
26.146	0.024435
26.147	0.037663
26.148	0.045759
26.149	0.046946
26.15	0.043587
26.151	0.0402
26.152	0.040062
26.153	0.043148
26.154	0.046497
26.155	0.046506
26.156	0.041762
26.157	0.034373
26.158	0.028547
26.159	0.02771
26.16	0.032685
26.161	0.041442
26.162	0.049662
26.163	0.052663
26.164	0.048691
26.165	0.04031
26.166	0.031566
26.167	0.024327
26.168	0.018035
26.169	0.012071
26.17	0.007379
26.171	0.005635
26.172	0.006918
26.173	0.008538
26.174	0.006618
26.175	-0.000784
26.176	-0.011949
26.177	-0.02281
26.178	-0.029999
26.179	-0.032719
26.18	-0.032458
26.181	-0.031887
26.182	-0.033629
26.183	-0.038562
26.184	-0.044236
26.185	-0.045796
26.186	-0.040359
26.187	-0.030379
26.188	-0.021485
26.189	-0.017388
26.19	-0.017393
26.191	-0.018057
26.192	-0.016548
26.193	-0.012638
26.194	-0.008232
26.195	-0.005519
26.196	-0.005538
26.197	-0.008072
26.198	-0.011904
26.199	-0.014331
26.2	-0.010852
26.201	0.0035
26.202	0.03083
26.203	0.065662
26.204	0.093163
26.205	0.096391
26.206	0.07056
26.207	0.031286
26.208	0.005134
26.209	0.008955
26.21	0.038273
26.211	0.074245
26.212	0.098986
26.213	0.10494
26.214	0.094306
26.215	0.073831
26.216	0.050584
26.217	0.030115
26.218	0.01605
26.219	0.009759
26.22	0.009622
26.221	0.011386
26.222	0.010544
26.223	0.005225
26.224	-0.002215
26.225	-0.006595
26.226	-0.004708
26.227	0.001073
26.228	0.005079
26.229	0.003763
26.23	-0.001742
26.231	-0.007497
26.232	-0.01029
26.233	-0.009644
26.234	-0.007235
26.235	-0.004964
26.236	-0.003707
26.237	-0.003376
26.238	-0.003352
26.239	-0.00298
26.24	-0.00235
26.241	-0.00243
26.242	-0.004311
26.243	-0.008231
26.244	-0.012476
26.245	-0.013631
26.246	-0.009771
26.247	-0.003176
26.248	0.001694
26.249	0.002484
26.25	0.000489
26.251	-0.001171
26.252	-0.000278
26.253	0.002957
26.254	0.006283
26.255	0.007194
26.256	0.004735
26.257	0.000241
26.258	-0.003483
26.259	-0.004355
26.26	-0.002684
26.261	-0.000457
26.262	0.000448
26.263	-0.000578
26.264	-0.002055
26.265	-0.00076
26.266	0.00558
26.267	0.015979
26.268	0.027162
26.269	0.035733
26.27	0.03921
26.271	0.036741
26.272	0.029411
26.273	0.019273
26.274	0.008202
26.275	-0.002134
26.276	-0.009875
26.277	-0.013216
26.278	-0.011393
26.279	-0.005594
26.28	0.001387
26.281	0.006466
26.282	0.007318
26.283	0.00332
26.284	-0.003293
26.285	-0.008149
26.286	-0.008581
26.287	-0.00629
26.288	-0.005087
26.289	-0.006986
26.29	-0.010851
26.291	-0.013679
26.292	-0.013197
26.293	-0.009844
26.294	-0.00628
26.295	-0.004937
26.296	-0.006195
26.297	-0.008524
26.298	-0.009905
26.299	-0.009188
26.3	-0.006481
26.301	-0.00285
26.302	4.5e-05
26.303	0.000671
26.304	-0.001175
26.305	-0.003884
26.306	-0.005073
26.307	-0.00213
26.308	0.00847
26.309	0.029369
26.31	0.05691
26.311	0.078392
26.312	0.0794
26.313	0.058552
26.314	0.033608
26.315	0.027994
26.316	0.050454
26.317	0.089156
26.318	0.123397
26.319	0.138824
26.32	0.133691
26.321	0.114925
26.322	0.090586
26.323	0.065609
26.324	0.042734
26.325	0.024736
26.326	0.013485
26.327	0.007633
26.328	0.00344
26.329	-0.001901
26.33	-0.008132
26.331	-0.012879
26.332	-0.0145
26.333	-0.013791
26.334	-0.013102
26.335	-0.014337
26.336	-0.017681
26.337	-0.021766
26.338	-0.024896
26.339	-0.026071
26.34	-0.025276
26.341	-0.023671
26.342	-0.023411
26.343	-0.02627
26.344	-0.031523
26.345	-0.035624
26.346	-0.03555
26.347	-0.032259
26.348	-0.029491
26.349	-0.0297
26.35	-0.032026
26.351	-0.033726
26.352	-0.032732
26.353	-0.028979
26.354	-0.024234
26.355	-0.02109
26.356	-0.02131
26.357	-0.024498
26.358	-0.02844
26.359	-0.030801
26.36	-0.030642
26.361	-0.028689
26.362	-0.026488
26.363	-0.025466
26.364	-0.026015
26.365	-0.027042
26.366	-0.027505
26.367	-0.028068
26.368	-0.030157
26.369	-0.034125
26.37	-0.038637
26.371	-0.041012
26.372	-0.038444
26.373	-0.029802
26.374	-0.016857
26.375	-0.003593
26.376	0.006148
26.377	0.010398
26.378	0.009135
26.379	0.003788
26.38	-0.003462
26.381	-0.010904
26.382	-0.018303
26.383	-0.026207
26.384	-0.033539
26.385	-0.036789
26.386	-0.033559
26.387	-0.026208
26.388	-0.020101
26.389	-0.018817
26.39	-0.022013
26.391	-0.026773
26.392	-0.030078
26.393	-0.030956
26.394	-0.03112
26.395	-0.033201
26.396	-0.038128
26.397	-0.044125
26.398	-0.047748
26.399	-0.046247
26.4	-0.039775
26.401	-0.031482
26.402	-0.025398
26.403	-0.02381
26.404	-0.025526
26.405	-0.026646
26.406	-0.024363
26.407	-0.019917
26.408	-0.01701
26.409	-0.018233
26.41	-0.023549
26.411	-0.030673
26.412	-0.036106
26.413	-0.036597
26.414	-0.029954
26.415	-0.014538
26.416	0.009927
26.417	0.038089
26.418	0.056326
26.419	0.05018
26.42	0.01955
26.421	-0.0152
26.422	-0.027891
26.423	-0.00863
26.424	0.030174
26.425	0.06702
26.426	0.086612
26.427	0.085246
26.428	0.068153
26.429	0.04404
26.43	0.020511
26.431	0.002248
26.432	-0.009218
26.433	-0.015402
26.434	-0.019551
26.435	-0.024244
26.436	-0.029796
26.437	-0.03441
26.438	-0.03553
26.439	-0.031822
26.44	-0.024545
26.441	-0.017095
26.442	-0.013353
26.443	-0.015865
26.444	-0.023772
26.445	-0.032178
26.446	-0.035773
26.447	-0.033673
26.448	-0.029428
26.449	-0.027069
26.45	-0.02796
26.451	-0.030348
26.452	-0.031342
26.453	-0.02959
26.454	-0.026212
26.455	-0.023575
26.456	-0.023338
26.457	-0.02512
26.458	-0.026627
26.459	-0.02553
26.46	-0.021468
26.461	-0.016152
26.462	-0.012022
26.463	-0.010924
26.464	-0.012854
26.465	-0.015491
26.466	-0.016329
26.467	-0.015476
26.468	-0.01539
26.469	-0.018239
26.47	-0.023875
26.471	-0.029876
26.472	-0.03354
26.473	-0.034035
26.474	-0.032951
26.475	-0.032947
26.476	-0.035383
26.477	-0.038899
26.478	-0.040405
26.479	-0.037163
26.48	-0.027965
26.481	-0.013692
26.482	0.002035
26.483	0.013684
26.484	0.017334
26.485	0.013802
26.486	0.007086
26.487	0.000146
26.488	-0.006601
26.489	-0.013645
26.49	-0.020687
26.491	-0.026476
26.492	-0.02984
26.493	-0.030603
26.494	-0.029629
26.495	-0.028173
26.496	-0.027072
26.497	-0.0263
26.498	-0.025308
26.499	-0.02368
26.5	-0.021375
26.501	-0.018995
26.502	-0.018114
26.503	-0.020318
26.504	-0.024814
26.505	-0.02765
26.506	-0.025163
26.507	-0.018048
26.508	-0.010692
26.509	-0.007186
26.51	-0.008765
26.511	-0.013814
26.512	-0.019189
26.513	-0.022003
26.514	-0.021324
26.515	-0.018721
26.516	-0.017071
26.517	-0.018646
26.518	-0.023803
26.519	-0.030361
26.52	-0.03391
26.521	-0.029427
26.522	-0.013289
26.523	0.014433
26.524	0.046997
26.525	0.070112
26.526	0.068435
26.527	0.039365
26.528	0.001111
26.529	-0.018768
26.53	-0.005832
26.531	0.030895
26.532	0.068942
26.533	0.089956
26.534	0.089114
26.535	0.07266
26.536	0.050259
26.537	0.029247
26.538	0.013096
26.539	0.00278
26.54	-0.001898
26.541	-0.002406
26.542	-0.001665
26.543	-0.003026
26.544	-0.007926
26.545	-0.014177
26.546	-0.018085
26.547	-0.018482
26.548	-0.017264
26.549	-0.016805
26.55	-0.018247
26.551	-0.021459
26.552	-0.025334
26.553	-0.028136
26.554	-0.028321
26.555	-0.025619
26.556	-0.021478
26.557	-0.018265
26.558	-0.017551
26.559	-0.018869
26.56	-0.020425
26.561	-0.021012
26.562	-0.020982
26.563	-0.021448
26.564	-0.022274
26.565	-0.021164
26.566	-0.01626
26.567	-0.00949
26.568	-0.005579
26.569	-0.007917
26.57	-0.015998
26.571	-0.025837
26.572	-0.031944
26.573	-0.029529
26.574	-0.016639
26.575	0.004045
26.576	0.025577
26.577	0.040498
26.578	0.045399
26.579	0.042186
26.58	0.035429
26.581	0.028885
26.582	0.023589
26.583	0.018079
26.584	0.01114
26.585	0.004811
26.586	0.003333
26.587	0.009105
26.588	0.021008
26.589	0.035924
26.59	0.050262
26.591	0.060502
26.592	0.063926
26.593	0.059609
26.594	0.048732
26.595	0.034107
26.596	0.019269
26.597	0.007481
26.598	0.00093
26.599	8.5e-05
26.6	0.003527
26.601	0.008577
26.602	0.012087
26.603	0.011414
26.604	0.006419
26.605	0.000675
26.606	-0.001396
26.607	0.000989
26.608	0.004696
26.609	0.006153
26.61	0.004118
26.611	0.000325
26.612	-0.001608
26.613	0.001253
26.614	0.008486
26.615	0.016013
26.616	0.019008
26.617	0.015576
26.618	0.007827
26.619	-0.000158
26.62	-0.004848
26.621	-0.004699
26.622	-0.000996
26.623	0.002675
26.624	0.003371
26.625	0.001413
26.626	-0.000752
26.627	-0.000937
26.628	0.003412
26.629	0.016623
26.63	0.042481
26.631	0.077824
26.632	0.107613
26.633	0.111242
26.634	0.081048
26.635	0.035066
26.636	0.005778
26.637	0.013388
26.638	0.050903
26.639	0.093652
26.64	0.119666
26.641	0.121534
26.642	0.104336
26.643	0.077507
26.644	0.04971
26.645	0.028056
26.646	0.016817
26.647	0.014993
26.648	0.016975
26.649	0.016499
26.65	0.010512
26.651	0.000496
26.652	-0.00957
26.653	-0.016503
26.654	-0.019523
26.655	-0.020121
26.656	-0.021165
26.657	-0.025141
26.658	-0.032163
26.659	-0.039281
26.66	-0.042038
26.661	-0.038325
26.662	-0.031462
26.663	-0.027665
26.664	-0.029086
26.665	-0.031111
26.666	-0.028741
26.667	-0.02389
26.668	-0.022988
26.669	-0.028521
26.67	-0.036456
26.671	-0.041649
26.672	-0.042549
26.673	-0.040463
26.674	-0.036747
26.675	-0.031925
26.676	-0.02726
26.677	-0.025683
26.678	-0.029167
26.679	-0.034947
26.68	-0.036405
26.681	-0.02969
26.682	-0.019596
26.683	-0.016964
26.684	-0.027392
26.685	-0.042837
26.686	-0.048667
26.687	-0.039133
26.688	-0.021702
26.689	-0.007283
26.69	-0.000817
26.691	-0.000704
26.692	-0.002416
26.693	-0.00124
26.694	0.005486
26.695	0.017077
26.696	0.030348
26.697	0.041029
26.698	0.045452
26.699	0.043084
26.7	0.03692
26.701	0.030179
26.702	0.023139
26.703	0.013896
26.704	0.002846
26.705	-0.004558
26.706	-0.002661
26.707	0.00736
26.708	0.018818
26.709	0.026594
26.71	0.029868
26.711	0.029851
26.712	0.028323
26.713	0.027888
26.714	0.030905
26.715	0.037188
26.716	0.043481
26.717	0.045809
26.718	0.042642
26.719	0.036166
26.72	0.03083
26.721	0.030444
26.722	0.035543
26.723	0.042491
26.724	0.046101
26.725	0.044371
26.726	0.039713
26.727	0.035653
26.728	0.034076
26.729	0.0349
26.73	0.036498
26.731	0.036729
26.732	0.034546
26.733	0.030646
26.734	0.027204
26.735	0.028022
26.736	0.038321
26.737	0.061641
26.738	0.093653
26.739	0.118756
26.74	0.118264
26.741	0.088261
26.742	0.048148
26.743	0.026069
26.744	0.035589
26.745	0.068011
26.746	0.103104
26.747	0.124009
26.748	0.125538
26.749	0.112808
26.75	0.094093
26.751	0.075519
26.752	0.060421
26.753	0.050353
26.754	0.045451
26.755	0.044361
26.756	0.044527
26.757	0.043273
26.758	0.039468
26.759	0.034457
26.76	0.031091
26.761	0.031532
26.762	0.03542
26.763	0.039532
26.764	0.039859
26.765	0.035079
26.766	0.027486
26.767	0.020518
26.768	0.016612
26.769	0.016456
26.77	0.018799
26.771	0.021632
26.772	0.023967
26.773	0.026151
26.774	0.028662
26.775	0.030565
26.776	0.029182
26.777	0.022412
26.778	0.011975
26.779	0.003061
26.78	1.2e-05
26.781	0.003104
26.782	0.008874
26.783	0.012294
26.784	0.010059
26.785	0.003564
26.786	-0.002338
26.787	-0.00407
26.788	-0.001861
26.789	0.001406
26.79	0.002736
26.791	0.001127
26.792	-0.002356
26.793	-0.006147
26.794	-0.009409
26.795	-0.012157
26.796	-0.014737
26.797	-0.017233
26.798	-0.019279
26.799	-0.020191
26.8	-0.018776
26.801	-0.013483
26.802	-0.004045
26.803	0.006954
26.804	0.015606
26.805	0.02012
26.806	0.021201
26.807	0.019421
26.808	0.014479
26.809	0.006494
26.81	-0.003419
26.811	-0.013461
26.812	-0.021697
26.813	-0.026618
26.814	-0.027748
26.815	-0.026096
26.816	-0.0238
26.817	-0.022885
26.818	-0.024038
26.819	-0.026212
26.82	-0.027171
26.821	-0.025028
26.822	-0.020282
26.823	-0.016062
26.824	-0.015171
26.825	-0.016858
26.826	-0.017777
26.827	-0.01593
26.828	-0.012298
26.829	-0.009383
26.83	-0.009373
26.831	-0.013064
26.832	-0.019449
26.833	-0.026176
26.834	-0.030915
26.835	-0.032743
26.836	-0.032351
26.837	-0.031291
26.838	-0.031169
26.839	-0.032704
26.84	-0.034775
26.841	-0.034762
26.842	-0.030076
26.843	-0.01876
26.844	0.000824
26.845	0.027689
26.846	0.052834
26.847	0.060085
26.848	0.040151
26.849	0.004336
26.85	-0.021675
26.851	-0.019765
26.852	0.006679
26.853	0.039108
26.854	0.059835
26.855	0.062056
26.856	0.049163
26.857	0.028415
26.858	0.005908
26.859	-0.014095
26.86	-0.028235
26.861	-0.03491
26.862	-0.035742
26.863	-0.035053
26.864	-0.036899
26.865	-0.041735
26.866	-0.046672
26.867	-0.04909
26.868	-0.048563
26.869	-0.046182
26.87	-0.043738
26.871	-0.042911
26.872	-0.043937
26.873	-0.045071
26.874	-0.04411
26.875	-0.040655
26.876	-0.036684
26.877	-0.035077
26.878	-0.037434
26.879	-0.042378
26.88	-0.046048
26.881	-0.045132
26.882	-0.039669
26.883	-0.033141
26.884	-0.029538
26.885	-0.02965
26.886	-0.030857
26.887	-0.030482
26.888	-0.028029
26.889	-0.024992
26.89	-0.023876
26.891	-0.026618
26.892	-0.032981
26.893	-0.040416
26.894	-0.045543
26.895	-0.046143
26.896	-0.042483
26.897	-0.037137
26.898	-0.033064
26.899	-0.031253
26.9	-0.030216
26.901	-0.027804
26.902	-0.023671
26.903	-0.020383
26.904	-0.021286
26.905	-0.026462
26.906	-0.032244
26.907	-0.034705
26.908	-0.031695
26.909	-0.022827
26.91	-0.010124
26.911	0.001921
26.912	0.008573
26.913	0.007637
26.914	0.00042
26.915	-0.009573
26.916	-0.019074
26.917	-0.026725
26.918	-0.032635
26.919	-0.036829
26.92	-0.038548
26.921	-0.036798
26.922	-0.03173
26.923	-0.02579
26.924	-0.022419
26.925	-0.022775
26.926	-0.025115
26.927	-0.027513
26.928	-0.029385
26.929	-0.031119
26.93	-0.03378
26.931	-0.038175
26.932	-0.0432
26.933	-0.045841
26.934	-0.043556
26.935	-0.036681
26.936	-0.02845
26.937	-0.022722
26.938	-0.021597
26.939	-0.024544
26.94	-0.028742
26.941	-0.030408
26.942	-0.027627
26.943	-0.02264
26.944	-0.019901
26.945	-0.021339
26.946	-0.025179
26.947	-0.028913
26.948	-0.030699
26.949	-0.028127
26.95	-0.017446
26.951	0.004853
26.952	0.036835
26.953	0.065972
26.954	0.073865
26.955	0.052658
26.956	0.01697
26.957	-0.005584
26.958	0.002094
26.959	0.033843
26.96	0.069381
26.961	0.091793
26.962	0.095877
26.963	0.0848
26.964	0.064258
26.965	0.040507
26.966	0.019522
26.967	0.004775
26.968	-0.003506
26.969	-0.007276
26.97	-0.009597
26.971	-0.013061
26.972	-0.018055
26.973	-0.022409
26.974	-0.023034
26.975	-0.018778
26.976	-0.012087
26.977	-0.007653
26.978	-0.009269
26.979	-0.017243
26.98	-0.027675
26.981	-0.03468
26.982	-0.034787
26.983	-0.029744
26.984	-0.024555
26.985	-0.022425
26.986	-0.022534
26.987	-0.022551
26.988	-0.021424
26.989	-0.019719
26.99	-0.018404
26.991	-0.017787
26.992	-0.017714
26.993	-0.018064
26.994	-0.018555
26.995	-0.018757
26.996	-0.018669
26.997	-0.01894
26.998	-0.020208
26.999	-0.021994
27.0	-0.022361
27.001	-0.019422
27.002	-0.013632
27.003	-0.008312
27.004	-0.007113
27.005	-0.010312
27.006	-0.014555
27.007	-0.01663
27.008	-0.016187
27.009	-0.015039
27.01	-0.015256
27.011	-0.017945
27.012	-0.022848
27.013	-0.028072
27.014	-0.030291
27.015	-0.026272
27.016	-0.015073
27.017	0.000811
27.018	0.016336
27.019	0.026531
27.02	0.029117
27.021	0.025232
27.022	0.017898
27.023	0.009479
27.024	0.000709
27.025	-0.00768
27.026	-0.014026
27.027	-0.017296
27.028	-0.018063
27.029	-0.017685
27.03	-0.01755
27.031	-0.018772
27.032	-0.021433
27.033	-0.023835
27.034	-0.023564
27.035	-0.020089
27.036	-0.015915
27.037	-0.014806
27.038	-0.018785
27.039	-0.02634
27.04	-0.033125
27.041	-0.03487
27.042	-0.030483
27.043	-0.02317
27.044	-0.017944
27.045	-0.016975
27.046	-0.018303
27.047	-0.019105
27.048	-0.018169
27.049	-0.015729
27.05	-0.013165
27.051	-0.01281
27.052	-0.016532
27.053	-0.024016
27.054	-0.032655
27.055	-0.038541
27.056	-0.037267
27.057	-0.024826
27.058	0.000371
27.059	0.033864
27.06	0.062417
27.061	0.069113
27.062	0.047665
27.063	0.012307
27.064	-0.010901
27.065	-0.004447
27.066	0.028412
27.067	0.069289
27.068	0.100426
27.069	0.114829
27.07	0.114421
27.071	0.104092
27.072	0.089099
27.073	0.074546
27.074	0.064049
27.075	0.058182
27.076	0.054451
27.077	0.049202
27.078	0.040426
27.079	0.029392
27.08	0.019738
27.081	0.014995
27.082	0.016208
27.083	0.020717
27.084	0.023617
27.085	0.021592
27.086	0.015066
27.087	0.006961
27.088	0.000871
27.089	-0.000672
27.09	0.001857
27.091	0.005427
27.092	0.007521
27.093	0.008136
27.094	0.00905
27.095	0.011744
27.096	0.015772
27.097	0.018895
27.098	0.019037
27.099	0.016137
27.1	0.012319
27.101	0.010425
27.102	0.011659
27.103	0.01382
27.104	0.012829
27.105	0.007222
27.106	-0.000164
27.107	-0.005391
27.108	-0.006336
27.109	-0.003214
27.11	0.001711
27.111	0.005441
27.112	0.006114
27.113	0.003965
27.114	0.001145
27.115	0.000345
27.116	0.002695
27.117	0.0067
27.118	0.009319
27.119	0.00827
27.12	0.004079
27.121	0.000465
27.122	0.001851
27.123	0.009361
27.124	0.019646
27.125	0.028044
27.126	0.031457
27.127	0.028423
27.128	0.019227
27.129	0.00612
27.13	-0.007998
27.131	-0.020944
27.132	-0.031376
27.133	-0.03812
27.134	-0.03983
27.135	-0.036
27.136	-0.028311
27.137	-0.020312
27.138	-0.015535
27.139	-0.015475
27.14	-0.01845
27.141	-0.020366
27.142	-0.017977
27.143	-0.012247
27.144	-0.007729
27.145	-0.007907
27.146	-0.012227
27.147	-0.017572
27.148	-0.020712
27.149	-0.020002
27.15	-0.016699
27.151	-0.014501
27.152	-0.016811
27.153	-0.024053
27.154	-0.033438
27.155	-0.040911
27.156	-0.043555
27.157	-0.04118
27.158	-0.036305
27.159	-0.032264
27.16	-0.030469
27.161	-0.02945
27.162	-0.02679
27.163	-0.020991
27.164	-0.010217
27.165	0.008998
27.166	0.036801
27.167	0.062656
27.168	0.068945
27.169	0.047592
27.17	0.012187
27.171	-0.010959
27.172	-0.00511
27.173	0.024682
27.174	0.059076
27.175	0.080328
27.176	0.082011
27.177	0.068015
27.178	0.046092
27.179	0.02321
27.18	0.004661
27.181	-0.006159
27.182	-0.00889
27.183	-0.006631
27.184	-0.00405
27.185	-0.004148
27.186	-0.006928
27.187	-0.010858
27.188	-0.014314
27.189	-0.016286
27.19	-0.01722
27.191	-0.018974
27.192	-0.023122
27.193	-0.029104
27.194	-0.034378
27.195	-0.036471
27.196	-0.03478
27.197	-0.030957
27.198	-0.02793
27.199	-0.027657
27.2	-0.029379
27.201	-0.030562
27.202	-0.029561
27.203	-0.027354
27.204	-0.026436
27.205	-0.027569
27.206	-0.028834
27.207	-0.028346
27.208	-0.026049
27.209	-0.022996
27.21	-0.020682
27.211	-0.020838
27.212	-0.024438
27.213	-0.030436
27.214	-0.035798
27.215	-0.03715
27.216	-0.032963
27.217	-0.024779
27.218	-0.016253
27.219	-0.010517
27.22	-0.008386
27.221	-0.008789
27.222	-0.010208
27.223	-0.01193
27.224	-0.014208
27.225	-0.016968
27.226	-0.019383
27.227	-0.020952
27.228	-0.021127
27.229	-0.018162
27.23	-0.010491
27.231	0.0008
27.232	0.012058
27.233	0.019591
27.234	0.021642
27.235	0.018481
27.236	0.01144
27.237	0.001934
27.238	-0.008613
27.239	-0.01817
27.24	-0.024344
27.241	-0.025362
27.242	-0.020932
27.243	-0.013145
27.244	-0.006137
27.245	-0.003329
27.246	-0.005381
27.247	-0.010856
27.248	-0.017129
27.249	-0.021255
27.25	-0.021974
27.251	-0.020682
27.252	-0.019762
27.253	-0.020306
27.254	-0.021485
27.255	-0.02161
27.256	-0.019668
27.257	-0.016229
27.258	-0.013198
27.259	-0.012699
27.26	-0.015423
27.261	-0.019397
27.262	-0.021429
27.263	-0.020701
27.264	-0.019541
27.265	-0.019833
27.266	-0.020967
27.267	-0.021937
27.268	-0.022589
27.269	-0.022309
27.27	-0.019198
27.271	-0.010215
27.272	0.007692
27.273	0.033485
27.274	0.057157
27.275	0.062436
27.276	0.040572
27.277	0.003084
27.278	-0.023748
27.279	-0.020379
27.28	0.011069
27.281	0.05222
27.282	0.084268
27.283	0.098133
27.284	0.094696
27.285	0.080301
27.286	0.061863
27.287	0.043979
27.288	0.029338
27.289	0.019456
27.29	0.013637
27.291	0.009057
27.292	0.003243
27.293	-0.003652
27.294	-0.008853
27.295	-0.009212
27.296	-0.004067
27.297	0.003677
27.298	0.009106
27.299	0.008255
27.3	0.000833
27.301	-0.009189
27.302	-0.016393
27.303	-0.018189
27.304	-0.016241
27.305	-0.013699
27.306	-0.012412
27.307	-0.012723
27.308	-0.013719
27.309	-0.013697
27.31	-0.011795
27.311	-0.009138
27.312	-0.008317
27.313	-0.011414
27.314	-0.01761
27.315	-0.022925
27.316	-0.023214
27.317	-0.017897
27.318	-0.010871
27.319	-0.007376
27.32	-0.009254
27.321	-0.013413
27.322	-0.015228
27.323	-0.013124
27.324	-0.009407
27.325	-0.006895
27.326	-0.006367
27.327	-0.007436
27.328	-0.009456
27.329	-0.011228
27.33	-0.011494
27.331	-0.010131
27.332	-0.00852
27.333	-0.008138
27.334	-0.008473
27.335	-0.006889
27.336	-0.000843
27.337	0.009834
27.338	0.022434
27.339	0.032994
27.34	0.038884
27.341	0.040105
27.342	0.038299
27.343	0.034574
27.344	0.028542
27.345	0.019819
27.346	0.009287
27.347	-0.001621
27.348	-0.011102
27.349	-0.016677
27.35	-0.016754
27.351	-0.012796
27.352	-0.008895
27.353	-0.008285
27.354	-0.01017
27.355	-0.010578
27.356	-0.006532
27.357	0.000758
27.358	0.006557
27.359	0.006482
27.36	0.000333
27.361	-0.007646
27.362	-0.012307
27.363	-0.011729
27.364	-0.007974
27.365	-0.003892
27.366	-0.000693
27.367	0.001143
27.368	0.001285
27.369	0.000676
27.37	0.001161
27.371	0.003047
27.372	0.004031
27.373	0.001243
27.374	-0.006076
27.375	-0.0157
27.376	-0.023272
27.377	-0.024202
27.378	-0.015287
27.379	0.004897
27.38	0.034543
27.381	0.064774
27.382	0.079382
27.383	0.065253
27.384	0.02774
27.385	-0.007552
27.386	-0.014431
27.387	0.011825
27.388	0.053526
27.389	0.088085
27.39	0.103164
27.391	0.098821
27.392	0.081937
27.393	0.060509
27.394	0.040507
27.395	0.025185
27.396	0.015564
27.397	0.010686
27.398	0.007816
27.399	0.00387
27.4	-0.002253
27.401	-0.008457
27.402	-0.01094
27.403	-0.007733
27.404	-0.000867
27.405	0.00537
27.406	0.007561
27.407	0.004687
27.408	-0.001295
27.409	-0.006054
27.41	-0.005928
27.411	-0.000906
27.412	0.005427
27.413	0.008427
27.414	0.005596
27.415	-0.001182
27.416	-0.006839
27.417	-0.007737
27.418	-0.005011
27.419	-0.002876
27.42	-0.004173
27.421	-0.007853
27.422	-0.010175
27.423	-0.008267
27.424	-0.002601
27.425	0.004168
27.426	0.009482
27.427	0.011643
27.428	0.010884
27.429	0.010169
27.43	0.01295
27.431	0.020091
27.432	0.029334
27.433	0.036922
27.434	0.040112
27.435	0.039276
27.436	0.037393
27.437	0.036737
27.438	0.036282
27.439	0.033211
27.44	0.027414
27.441	0.023197
27.442	0.024826
27.443	0.031119
27.444	0.036555
27.445	0.037795
27.446	0.036404
27.447	0.034481
27.448	0.03108
27.449	0.023838
27.45	0.012064
27.451	-0.00175
27.452	-0.013466
27.453	-0.020624
27.454	-0.023051
27.455	-0.021094
27.456	-0.015778
27.457	-0.010222
27.458	-0.008768
27.459	-0.013918
27.46	-0.023827
27.461	-0.032684
27.462	-0.035125
27.463	-0.031562
27.464	-0.027559
27.465	-0.026813
27.466	-0.02748
27.467	-0.026491
27.468	-0.023973
27.469	-0.021691
27.47	-0.018756
27.471	-0.010914
27.472	0.004338
27.473	0.022713
27.474	0.036022
27.475	0.040322
27.476	0.03924
27.477	0.039686
27.478	0.045525
27.479	0.054664
27.48	0.061781
27.481	0.063854
27.482	0.06221
27.483	0.05965
27.484	0.058151
27.485	0.060753
27.486	0.073036
27.487	0.09898
27.488	0.133617
27.489	0.160422
27.49	0.161064
27.491	0.133328
27.492	0.097865
27.493	0.082564
27.494	0.099712
27.495	0.138716
27.496	0.177861
27.497	0.200278
27.498	0.200755
27.499	0.183106
27.5	0.155311
27.501	0.12616
27.502	0.102576
27.503	0.087631
27.504	0.080489
27.505	0.078293
27.506	0.077885
27.507	0.076574
27.508	0.073546
27.509	0.070909
27.51	0.071829
27.511	0.07694
27.512	0.082888
27.513	0.084866
27.514	0.080952
27.515	0.074118
27.516	0.069902
27.517	0.071602
27.518	0.077091
27.519	0.080497
27.52	0.077524
27.521	0.068974
27.522	0.059175
27.523	0.051734
27.524	0.047241
27.525	0.044704
27.526	0.043354
27.527	0.042428
27.528	0.041589
27.529	0.042386
27.53	0.047444
27.531	0.057379
27.532	0.068938
27.533	0.076695
27.534	0.077132
27.535	0.071513
27.536	0.064773
27.537	0.061175
27.538	0.061017
27.539	0.061495
27.54	0.059898
27.541	0.05565
27.542	0.050413
27.543	0.046606
27.544	0.045478
27.545	0.046634
27.546	0.048544
27.547	0.049008
27.548	0.046761
27.549	0.043476
27.55	0.043126
27.551	0.048663
27.552	0.059344
27.553	0.071084
27.554	0.078941
27.555	0.079711
27.556	0.073384
27.557	0.06261
27.558	0.050635
27.559	0.039718
27.56	0.030701
27.561	0.023513
27.562	0.018327
27.563	0.015697
27.564	0.015433
27.565	0.01649
27.566	0.017627
27.567	0.017517
27.568	0.015695
27.569	0.013979
27.57	0.015392
27.571	0.020892
27.572	0.027686
27.573	0.031064
27.574	0.028136
27.575	0.020335
27.576	0.012559
27.577	0.009387
27.578	0.011652
27.579	0.016134
27.58	0.018228
27.581	0.015588
27.582	0.009709
27.583	0.00375
27.584	-0.000263
27.585	-0.001332
27.586	0.000925
27.587	0.004834
27.588	0.007177
27.589	0.006573
27.59	0.004814
27.591	0.005058
27.592	0.01062
27.593	0.025124
27.594	0.050472
27.595	0.081311
27.596	0.102119
27.597	0.095898
27.598	0.061529
27.599	0.020254
27.6	-0.000338
27.601	0.011457
27.602	0.04556
27.603	0.081661
27.604	0.103843
27.605	0.10746
27.606	0.096742
27.607	0.078407
27.608	0.058009
27.609	0.039865
27.61	0.026883
27.611	0.019497
27.612	0.015517
27.613	0.011561
27.614	0.005442
27.615	-0.002031
27.616	-0.007594
27.617	-0.008291
27.618	-0.004199
27.619	0.001074
27.62	0.002915
27.621	-0.000431
27.622	-0.006703
27.623	-0.01253
27.624	-0.016399
27.625	-0.018318
27.626	-0.018644
27.627	-0.018367
27.628	-0.018732
27.629	-0.019891
27.63	-0.020951
27.631	-0.021407
27.632	-0.02249
27.633	-0.02695
27.634	-0.036489
27.635	-0.049007
27.636	-0.059134
27.637	-0.062201
27.638	-0.058126
27.639	-0.051598
27.64	-0.048036
27.641	-0.049056
27.642	-0.051852
27.643	-0.052527
27.644	-0.049454
27.645	-0.043698
27.646	-0.037713
27.647	-0.034309
27.648	-0.035264
27.649	-0.039927
27.65	-0.045791
27.651	-0.050798
27.652	-0.054979
27.653	-0.059781
27.654	-0.065825
27.655	-0.071597
27.656	-0.074328
27.657	-0.072012
27.658	-0.064993
27.659	-0.055962
27.66	-0.048102
27.661	-0.043193
27.662	-0.041424
27.663	-0.042328
27.664	-0.045436
27.665	-0.049957
27.666	-0.05481
27.667	-0.059733
27.668	-0.065086
27.669	-0.06997
27.67	-0.071852
27.671	-0.069022
27.672	-0.063154
27.673	-0.058472
27.674	-0.057887
27.675	-0.06036
27.676	-0.06217
27.677	-0.060584
27.678	-0.056586
27.679	-0.053965
27.68	-0.05537
27.681	-0.060017
27.682	-0.065161
27.683	-0.068456
27.684	-0.068878
27.685	-0.066074
27.686	-0.06012
27.687	-0.052929
27.688	-0.048112
27.689	-0.047624
27.69	-0.04949
27.691	-0.050109
27.692	-0.048301
27.693	-0.046178
27.694	-0.046634
27.695	-0.050877
27.696	-0.057674
27.697	-0.064122
27.698	-0.066893
27.699	-0.062521
27.7	-0.047344
27.701	-0.019886
27.702	0.013995
27.703	0.038712
27.704	0.037567
27.705	0.009645
27.706	-0.02439
27.707	-0.038723
27.708	-0.023704
27.709	0.010223
27.71	0.044707
27.711	0.066024
27.712	0.069726
27.713	0.05903
27.714	0.040541
27.715	0.020359
27.716	0.002538
27.717	-0.010869
27.718	-0.019706
27.719	-0.025446
27.72	-0.030148
27.721	-0.034908
27.722	-0.038981
27.723	-0.040803
27.724	-0.039732
27.725	-0.036213
27.726	-0.031414
27.727	-0.027633
27.728	-0.027307
27.729	-0.030393
27.73	-0.033942
27.731	-0.034909
27.732	-0.032803
27.733	-0.029814
27.734	-0.028857
27.735	-0.030938
27.736	-0.033968
27.737	-0.03468
27.738	-0.031882
27.739	-0.027615
27.74	-0.025321
27.741	-0.026843
27.742	-0.030814
27.743	-0.034092
27.744	-0.034573
27.745	-0.032133
27.746	-0.027955
27.747	-0.024291
27.748	-0.023375
27.749	-0.025158
27.75	-0.027096
27.751	-0.026587
27.752	-0.023048
27.753	-0.018079
27.754	-0.014039
27.755	-0.012158
27.756	-0.011949
27.757	-0.01242
27.758	-0.013333
27.759	-0.015306
27.76	-0.019271
27.761	-0.025357
27.762	-0.031703
27.763	-0.03508
27.764	-0.033039
27.765	-0.025065
27.766	-0.012559
27.767	0.001135
27.768	0.011926
27.769	0.017393
27.77	0.017712
27.771	0.014594
27.772	0.009586
27.773	0.002841
27.774	-0.006217
27.775	-0.016718
27.776	-0.025602
27.777	-0.029553
27.778	-0.02766
27.779	-0.022348
27.78	-0.017635
27.781	-0.015878
27.782	-0.016284
27.783	-0.016936
27.784	-0.017292
27.785	-0.017744
27.786	-0.018298
27.787	-0.019224
27.788	-0.021316
27.789	-0.02419
27.79	-0.025448
27.791	-0.022512
27.792	-0.015602
27.793	-0.008607
27.794	-0.006202
27.795	-0.009805
27.796	-0.016387
27.797	-0.020959
27.798	-0.0204
27.799	-0.015712
27.8	-0.010806
27.801	-0.00877
27.802	-0.009547
27.803	-0.011384
27.804	-0.013175
27.805	-0.013957
27.806	-0.01113
27.807	-0.000976
27.808	0.018505
27.809	0.043582
27.81	0.062508
27.811	0.061517
27.812	0.038724
27.813	0.011074
27.814	0.002134
27.815	0.021671
27.816	0.05875
27.817	0.092993
27.818	0.109659
27.819	0.10551
27.82	0.0858
27.821	0.059261
27.822	0.034308
27.823	0.016312
27.824	0.006536
27.825	0.003296
27.826	0.003557
27.827	0.003557
27.828	0.000164
27.829	-0.006604
27.83	-0.013135
27.831	-0.015432
27.832	-0.013013
27.833	-0.009475
27.834	-0.009195
27.835	-0.013466
27.836	-0.019567
27.837	-0.023378
27.838	-0.023202
27.839	-0.020942
27.84	-0.019198
27.841	-0.018574
27.842	-0.018525
27.843	-0.018816
27.844	-0.019167
27.845	-0.018378
27.846	-0.015039
27.847	-0.009805
27.848	-0.005765
27.849	-0.005273
27.85	-0.007244
27.851	-0.00853
27.852	-0.007536
27.853	-0.00587
27.854	-0.006665
27.855	-0.011551
27.856	-0.019003
27.857	-0.025497
27.858	-0.028291
27.859	-0.027111
27.86	-0.023749
27.861	-0.020684
27.862	-0.019533
27.863	-0.020095
27.864	-0.020807
27.865	-0.01993
27.866	-0.016916
27.867	-0.013602
27.868	-0.013106
27.869	-0.016294
27.87	-0.020058
27.871	-0.019768
27.872	-0.012923
27.873	-0.000611
27.874	0.013262
27.875	0.023594
27.876	0.026354
27.877	0.020824
27.878	0.009972
27.879	-0.001571
27.88	-0.010423
27.881	-0.016005
27.882	-0.01942
27.883	-0.021504
27.884	-0.022333
27.885	-0.021541
27.886	-0.018991
27.887	-0.016004
27.888	-0.01492
27.889	-0.016367
27.89	-0.018133
27.891	-0.01754
27.892	-0.014299
27.893	-0.01088
27.894	-0.010476
27.895	-0.014217
27.896	-0.019777
27.897	-0.022936
27.898	-0.020902
27.899	-0.014444
27.9	-0.00758
27.901	-0.004888
27.902	-0.007928
27.903	-0.014254
27.904	-0.019927
27.905	-0.022107
27.906	-0.020127
27.907	-0.016042
27.908	-0.013514
27.909	-0.014628
27.91	-0.018244
27.911	-0.021483
27.912	-0.021456
27.913	-0.015299
27.914	-3.7e-05
27.915	0.025153
27.916	0.054189
27.917	0.072332
27.918	0.064926
27.919	0.032881
27.92	-0.002746
27.921	-0.016185
27.922	0.002427
27.923	0.041363
27.924	0.079076
27.925	0.100017
27.926	0.101149
27.927	0.087637
27.928	0.066376
27.929	0.043557
27.93	0.024287
27.931	0.011568
27.932	0.005373
27.933	0.002931
27.934	0.000397
27.935	-0.004694
27.936	-0.011727
27.937	-0.017423
27.938	-0.018415
27.939	-0.014452
27.94	-0.009302
27.941	-0.007683
27.942	-0.011388
27.943	-0.018824
27.944	-0.026962
27.945	-0.03255
27.946	-0.0331
27.947	-0.028773
27.948	-0.022553
27.949	-0.017569
27.95	-0.014865
27.951	-0.013617
27.952	-0.01278
27.953	-0.012534
27.954	-0.013986
27.955	-0.017283
27.956	-0.020536
27.957	-0.021002
27.958	-0.017444
27.959	-0.011637
27.96	-0.007367
27.961	-0.007414
27.962	-0.011475
27.963	-0.016947
27.964	-0.020984
27.965	-0.021715
27.966	-0.018907
27.967	-0.014692
27.968	-0.012608
27.969	-0.014582
27.97	-0.019087
27.971	-0.022478
27.972	-0.022103
27.973	-0.018309
27.974	-0.013616
27.975	-0.010331
27.976	-0.009015
27.977	-0.008405
27.978	-0.00643
27.979	-0.001793
27.98	0.005217
27.981	0.013213
27.982	0.020191
27.983	0.023618
27.984	0.021409
27.985	0.013853
27.986	0.003921
27.987	-0.005392
27.988	-0.013353
27.989	-0.020423
27.99	-0.025916
27.991	-0.027928
27.992	-0.025806
27.993	-0.02178
27.994	-0.019124
27.995	-0.018959
27.996	-0.01942
27.997	-0.017813
27.998	-0.013541
27.999	-0.009036
28.0	-0.007607
28.001	-0.010587
28.002	-0.01668
28.003	-0.023309
28.004	-0.028102
28.005	-0.029305
28.006	-0.026125
28.007	-0.020328
28.008	-0.016426
28.009	-0.017984
28.01	-0.023874
28.011	-0.029388
28.012	-0.030889
28.013	-0.028544
28.014	-0.024784
28.015	-0.021366
28.016	-0.018406
28.017	-0.01559
28.018	-0.013376
28.019	-0.012145
28.02	-0.009817
28.021	-0.001064
28.022	0.019038
28.023	0.047608
28.024	0.069905
28.025	0.068051
28.026	0.038756
28.027	0.00033
28.028	-0.021263
28.029	-0.012778
28.03	0.018972
28.031	0.055447
28.032	0.079785
28.033	0.085048
28.034	0.073827
28.035	0.052985
28.036	0.029468
28.037	0.008927
28.038	-0.004877
28.039	-0.01098
28.04	-0.011632
28.041	-0.011043
28.042	-0.012689
28.043	-0.017413
28.044	-0.023534
28.045	-0.027756
28.046	-0.027074
28.047	-0.021998
28.048	-0.017153
28.049	-0.016889
28.05	-0.020989
28.051	-0.025615
28.052	-0.02739
28.053	-0.026034
28.054	-0.024196
28.055	-0.025139
28.056	-0.029832
28.057	-0.036069
28.058	-0.040515
28.059	-0.041265
28.06	-0.038879
28.061	-0.03561
28.062	-0.033641
28.063	-0.033798
28.064	-0.03523
28.065	-0.03553
28.066	-0.03233
28.067	-0.026418
28.068	-0.022181
28.069	-0.023425
28.07	-0.029727
28.071	-0.037318
28.072	-0.04219
28.073	-0.042486
28.074	-0.03936
28.075	-0.036019
28.076	-0.035331
28.077	-0.037799
28.078	-0.041483
28.079	-0.043754
28.08	-0.043497
28.081	-0.041727
28.082	-0.039962
28.083	-0.038531
28.084	-0.036473
28.085	-0.03212
28.086	-0.024015
28.087	-0.012684
28.088	-0.001128
28.089	0.007397
28.09	0.011252
28.091	0.01025
28.092	0.005141
28.093	-0.002785
28.094	-0.012246
28.095	-0.022093
28.096	-0.031084
28.097	-0.037743
28.098	-0.040564
28.099	-0.038878
28.1	-0.033885
28.101	-0.028275
28.102	-0.024448
28.103	-0.023332
28.104	-0.024458
28.105	-0.026087
28.106	-0.02586
28.107	-0.02323
28.108	-0.020833
28.109	-0.021836
28.11	-0.026323
28.111	-0.030909
28.112	-0.031696
28.113	-0.027802
28.114	-0.022185
28.115	-0.019061
28.116	-0.02049
28.117	-0.025014
28.118	-0.0291
28.119	-0.030111
28.12	-0.028276
28.121	-0.0258
28.122	-0.024585
28.123	-0.025399
28.124	-0.028267
28.125	-0.031961
28.126	-0.033342
28.127	-0.028684
28.128	-0.015257
28.129	0.008082
28.13	0.038018
28.131	0.062769
28.132	0.066073
28.133	0.042272
28.134	0.007316
28.135	-0.011487
28.136	0.001187
28.137	0.037486
28.138	0.076086
28.139	0.098769
28.14	0.099336
28.141	0.082625
28.142	0.058273
28.143	0.034418
28.144	0.015131
28.145	0.001685
28.146	-0.005665
28.147	-0.007898
28.148	-0.007834
28.149	-0.008525
28.15	-0.010755
28.151	-0.012904
28.152	-0.013221
28.153	-0.011775
28.154	-0.010544
28.155	-0.01192
28.156	-0.016381
28.157	-0.021068
28.158	-0.021645
28.159	-0.016719
28.16	-0.009638
28.161	-0.005135
28.162	-0.005307
28.163	-0.009033
28.164	-0.013276
28.165	-0.01423
28.166	-0.009697
28.167	-0.002587
28.168	-0.000136
28.169	-0.00684
28.17	-0.019212
28.171	-0.029652
28.172	-0.034298
28.173	-0.034528
28.174	-0.032023
28.175	-0.026473
28.176	-0.018572
28.177	-0.011844
28.178	-0.009819
28.179	-0.012577
28.18	-0.017143
28.181	-0.02075
28.182	-0.022439
28.183	-0.022206
28.184	-0.020894
28.185	-0.020043
28.186	-0.019822
28.187	-0.018706
28.188	-0.016542
28.189	-0.015824
28.19	-0.01835
28.191	-0.021189
28.192	-0.017889
28.193	-0.005588
28.194	0.010169
28.195	0.020121
28.196	0.020054
28.197	0.013682
28.198	0.008503
28.199	0.00969
28.2	0.016413
28.201	0.023504
28.202	0.027109
28.203	0.027559
28.204	0.026605
28.205	0.025001
28.206	0.023761
28.207	0.024279
28.208	0.0262
28.209	0.027696
28.21	0.027866
28.211	0.027351
28.212	0.027208
28.213	0.02793
28.214	0.02881
28.215	0.028152
28.216	0.025064
28.217	0.020951
28.218	0.018747
28.219	0.020993
28.22	0.028201
28.221	0.03811
28.222	0.046738
28.223	0.050647
28.224	0.04871
28.225	0.043066
28.226	0.038425
28.227	0.038335
28.228	0.041733
28.229	0.044479
28.23	0.043693
28.231	0.03966
28.232	0.034812
28.233	0.032219
28.234	0.034992
28.235	0.046564
28.236	0.069679
28.237	0.101568
28.238	0.128912
28.239	0.132666
28.24	0.104907
28.241	0.061372
28.242	0.031983
28.243	0.036087
28.244	0.06795
28.245	0.105696
28.246	0.130549
28.247	0.136584
28.248	0.127725
28.249	0.111387
28.25	0.094308
28.251	0.08063
28.252	0.071802
28.253	0.067275
28.254	0.064982
28.255	0.062079
28.256	0.056578
28.257	0.04905
28.258	0.042645
28.259	0.040627
28.26	0.04335
28.261	0.047841
28.262	0.050116
28.263	0.047382
28.264	0.039197
28.265	0.028558
28.266	0.021296
28.267	0.021646
28.268	0.028222
28.269	0.035784
28.27	0.040113
28.271	0.040576
28.272	0.039333
28.273	0.038616
28.274	0.038521
28.275	0.037389
28.276	0.033967
28.277	0.028855
28.278	0.024086
28.279	0.021476
28.28	0.021246
28.281	0.02218
28.282	0.022717
28.283	0.021551
28.284	0.017996
28.285	0.012917
28.286	0.008903
28.287	0.007949
28.288	0.009128
28.289	0.009607
28.29	0.007513
28.291	0.003511
28.292	0.000167
28.293	-0.000242
28.294	0.002549
28.295	0.006861
28.296	0.010267
28.297	0.011098
28.298	0.009629
28.299	0.007959
28.3	0.008734
28.301	0.013821
28.302	0.023052
28.303	0.033505
28.304	0.040556
28.305	0.04088
28.306	0.034943
28.307	0.025875
28.308	0.01626
28.309	0.007042
28.31	-0.001224
28.311	-0.007225
28.312	-0.009346
28.313	-0.007408
28.314	-0.003421
28.315	-0.000177
28.316	0.00073
28.317	-0.000322
28.318	-0.001725
28.319	-0.002114
28.32	-0.001211
28.321	0.000272
28.322	0.000906
28.323	-0.000932
28.324	-0.005846
28.325	-0.012033
28.326	-0.015417
28.327	-0.013027
28.328	-0.006597
28.329	-0.001227
28.33	-0.000559
28.331	-0.004064
28.332	-0.008524
28.333	-0.011159
28.334	-0.011114
28.335	-0.009009
28.336	-0.006257
28.337	-0.004561
28.338	-0.005267
28.339	-0.008555
28.34	-0.012696
28.341	-0.013968
28.342	-0.007496
28.343	0.010993
28.344	0.041336
28.345	0.074468
28.346	0.093578
28.347	0.084887
28.348	0.051587
28.349	0.015769
28.35	0.001975
28.351	0.017628
28.352	0.049828
28.353	0.078766
28.354	0.092044
28.355	0.088196
28.356	0.071968
28.357	0.049655
28.358	0.027306
28.359	0.009908
28.36	0.000125
28.361	-0.002879
28.362	-0.002902
28.363	-0.004292
28.364	-0.009426
28.365	-0.016927
28.366	-0.021815
28.367	-0.019733
28.368	-0.011788
28.369	-0.003578
28.37	8.9e-05
28.371	-0.001712
28.372	-0.006811
28.373	-0.012076
28.374	-0.015435
28.375	-0.017004
28.376	-0.018208
28.377	-0.01986
28.378	-0.021452
28.379	-0.021731
28.38	-0.019691
28.381	-0.015621
28.382	-0.01131
28.383	-0.009081
28.384	-0.010389
28.385	-0.014247
28.386	-0.016972
28.387	-0.015335
28.388	-0.010229
28.389	-0.005663
28.39	-0.00481
28.391	-0.007967
28.392	-0.012751
28.393	-0.015408
28.394	-0.013422
28.395	-0.007878
28.396	-0.002898
28.397	-0.002372
28.398	-0.006958
28.399	-0.013831
28.4	-0.019254
28.401	-0.021488
28.402	-0.021336
28.403	-0.020836
28.404	-0.021961
28.405	-0.025149
28.406	-0.028158
28.407	-0.027597
28.408	-0.02184
28.409	-0.011664
28.41	0.000598
28.411	0.011584
28.412	0.018187
28.413	0.019214
28.414	0.015445
28.415	0.008419
28.416	-0.000381
28.417	-0.009524
28.418	-0.017371
28.419	-0.022314
28.42	-0.023754
28.421	-0.022719
28.422	-0.021333
28.423	-0.021854
28.424	-0.02573
28.425	-0.032105
28.426	-0.037131
28.427	-0.036882
28.428	-0.03142
28.429	-0.024628
28.43	-0.02068
28.431	-0.021062
28.432	-0.023944
28.433	-0.026359
28.434	-0.026958
28.435	-0.026379
28.436	-0.025961
28.437	-0.026726
28.438	-0.028752
28.439	-0.031066
28.44	-0.032557
28.441	-0.032865
28.442	-0.032231
28.443	-0.03125
28.444	-0.0311
28.445	-0.032822
28.446	-0.03574
28.447	-0.037768
28.448	-0.036983
28.449	-0.031003
28.45	-0.016022
28.451	0.009939
28.452	0.040525
28.453	0.059484
28.454	0.051901
28.455	0.020805
28.456	-0.011061
28.457	-0.019756
28.458	0.000389
28.459	0.035153
28.46	0.06423
28.461	0.075404
28.462	0.068656
28.463	0.050922
28.464	0.02919
28.465	0.008202
28.466	-0.008319
28.467	-0.018118
28.468	-0.022486
28.469	-0.025407
28.47	-0.029962
28.471	-0.03604
28.472	-0.041181
28.473	-0.043082
28.474	-0.041203
28.475	-0.036771
28.476	-0.032069
28.477	-0.029315
28.478	-0.029518
28.479	-0.032414
28.48	-0.036899
28.481	-0.040924
28.482	-0.042367
28.483	-0.041269
28.484	-0.040372
28.485	-0.042066
28.486	-0.045038
28.487	-0.045815
28.488	-0.04343
28.489	-0.040432
28.49	-0.039634
28.491	-0.041531
28.492	-0.044476
28.493	-0.046092
28.494	-0.044517
28.495	-0.039514
28.496	-0.033072
28.497	-0.028381
28.498	-0.027457
28.499	-0.029449
28.5	-0.031088
28.501	-0.029086
28.502	-0.023039
28.503	-0.016141
28.504	-0.012657
28.505	-0.014155
28.506	-0.017955
28.507	-0.020166
28.508	-0.020106
28.509	-0.020338
28.51	-0.023145
28.511	-0.02841
28.512	-0.034062
28.513	-0.037269
28.514	-0.035606
28.515	-0.028492
28.516	-0.018016
28.517	-0.007894
28.518	-0.001408
28.519	1.3e-05
28.52	-0.002769
28.521	-0.007495
28.522	-0.012507
28.523	-0.017872
28.524	-0.024602
28.525	-0.032408
28.526	-0.038016
28.527	-0.037424
28.528	-0.030459
28.529	-0.021343
28.53	-0.014963
28.531	-0.013694
28.532	-0.016817
28.533	-0.021767
28.534	-0.02622
28.535	-0.029522
28.536	-0.032463
28.537	-0.036179
28.538	-0.041036
28.539	-0.045592
28.54	-0.046923
28.541	-0.043146
28.542	-0.035526
28.543	-0.027778
28.544	-0.023717
28.545	-0.024738
28.546	-0.028332
28.547	-0.030301
28.548	-0.029075
28.549	-0.026496
28.55	-0.025144
28.551	-0.026453
28.552	-0.030295
28.553	-0.034971
28.554	-0.03782
28.555	-0.036288
28.556	-0.028196
28.557	-0.011566
28.558	0.013415
28.559	0.039971
28.56	0.053602
28.561	0.041453
28.562	0.007566
28.563	-0.024686
28.564	-0.031268
28.565	-0.007709
28.566	0.030626
28.567	0.063312
28.568	0.07756
28.569	0.072077
28.57	0.053747
28.571	0.031406
28.572	0.011549
28.573	-0.002724
28.574	-0.011143
28.575	-0.015399
28.576	-0.018137
28.577	-0.021662
28.578	-0.026499
28.579	-0.030897
28.58	-0.032406
28.581	-0.030121
28.582	-0.025423
28.583	-0.021458
28.584	-0.021906
28.585	-0.028142
28.586	-0.036643
28.587	-0.041378
28.588	-0.039591
28.589	-0.033637
28.59	-0.027901
28.591	-0.025424
28.592	-0.026478
28.593	-0.0292
28.594	-0.031522
28.595	-0.032747
28.596	-0.03371
28.597	-0.035727
28.598	-0.039042
28.599	-0.042208
28.6	-0.043211
28.601	-0.040951
28.602	-0.035717
28.603	-0.029247
28.604	-0.024454
28.605	-0.023586
28.606	-0.025757
28.607	-0.027647
28.608	-0.027084
28.609	-0.024692
28.61	-0.022644
28.611	-0.022783
28.612	-0.025049
28.613	-0.027312
28.614	-0.02703
28.615	-0.023403
28.616	-0.018256
28.617	-0.014768
28.618	-0.014971
28.619	-0.018338
28.62	-0.022227
28.621	-0.023018
28.622	-0.017878
28.623	-0.007154
28.624	0.004778
28.625	0.012234
28.626	0.012666
28.627	0.007789
28.628	0.000536
28.629	-0.007429
28.63	-0.01562
28.631	-0.023644
28.632	-0.030425
28.633	-0.034629
28.634	-0.035578
28.635	-0.033463
28.636	-0.029273
28.637	-0.024733
28.638	-0.021746
28.639	-0.021503
28.64	-0.023679
28.641	-0.026307
28.642	-0.027387
28.643	-0.027211
28.644	-0.028531
28.645	-0.033536
28.646	-0.040376
28.647	-0.044259
28.648	-0.042622
28.649	-0.037482
28.65	-0.03293
28.651	-0.031812
28.652	-0.034509
28.653	-0.03961
28.654	-0.044744
28.655	-0.047189
28.656	-0.045439
28.657	-0.040896
28.658	-0.037408
28.659	-0.038602
28.66	-0.0451
28.661	-0.053686
28.662	-0.05891
28.663	-0.055431
28.664	-0.039866
28.665	-0.012893
28.666	0.017901
28.667	0.037392
28.668	0.031163
28.669	0.000713
28.67	-0.032304
28.671	-0.042818
28.672	-0.02341
28.673	0.012109
28.674	0.042827
28.675	0.055716
28.676	0.049785
28.677	0.031473
28.678	0.008643
28.679	-0.012506
28.68	-0.027747
28.681	-0.034966
28.682	-0.035071
28.683	-0.032025
28.684	-0.031061
28.685	-0.035256
28.686	-0.042585
28.687	-0.04781
28.688	-0.048106
28.689	-0.045296
28.69	-0.043102
28.691	-0.044054
28.692	-0.048575
28.693	-0.055183
28.694	-0.061204
28.695	-0.064316
28.696	-0.06389
28.697	-0.060997
28.698	-0.057577
28.699	-0.055186
28.7	-0.053817
28.701	-0.052199
28.702	-0.049483
28.703	-0.046497
28.704	-0.045384
28.705	-0.047295
28.706	-0.050094
28.707	-0.050076
28.708	-0.046312
28.709	-0.041453
28.71	-0.038796
28.711	-0.040147
28.712	-0.045164
28.713	-0.051083
28.714	-0.053943
28.715	-0.051553
28.716	-0.045456
28.717	-0.039849
28.718	-0.038466
28.719	-0.041853
28.72	-0.047185
28.721	-0.050747
28.722	-0.050641
28.723	-0.047822
28.724	-0.045423
28.725	-0.046243
28.726	-0.049777
28.727	-0.052593
28.728	-0.051643
28.729	-0.045788
28.73	-0.035489
28.731	-0.023175
28.732	-0.012931
28.733	-0.008389
28.734	-0.010786
28.735	-0.018475
28.736	-0.027876
28.737	-0.035593
28.738	-0.040223
28.739	-0.042187
28.74	-0.042199
28.741	-0.040307
28.742	-0.036448
28.743	-0.031919
28.744	-0.029888
28.745	-0.032951
28.746	-0.039603
28.747	-0.045029
28.748	-0.045995
28.749	-0.043304
28.75	-0.040242
28.751	-0.040062
28.752	-0.043771
28.753	-0.049415
28.754	-0.053627
28.755	-0.053856
28.756	-0.049724
28.757	-0.043278
28.758	-0.037813
28.759	-0.035581
28.76	-0.036225
28.761	-0.037204
28.762	-0.035724
28.763	-0.031138
28.764	-0.026167
28.765	-0.024926
28.766	-0.028989
28.767	-0.03643
28.768	-0.044329
28.769	-0.049824
28.77	-0.049041
28.771	-0.037125
28.772	-0.011346
28.773	0.022917
28.774	0.049392
28.775	0.050075
28.776	0.022503
28.777	-0.013503
28.778	-0.03063
28.779	-0.016436
28.78	0.019121
28.781	0.055256
28.782	0.07644
28.783	0.078926
28.784	0.066927
28.785	0.046877
28.786	0.025335
28.787	0.007739
28.788	-0.003903
28.789	-0.011153
28.79	-0.01678
28.791	-0.022728
28.792	-0.029442
28.793	-0.036081
28.794	-0.040877
28.795	-0.041878
28.796	-0.038537
28.797	-0.03272
28.798	-0.027773
28.799	-0.026564
28.8	-0.029698
28.801	-0.03447
28.802	-0.036016
28.803	-0.031004
28.804	-0.020704
28.805	-0.009806
28.806	-0.001816
28.807	0.003237
28.808	0.006697
28.809	0.009218
28.81	0.010811
28.811	0.011139
28.812	0.009782
28.813	0.007202
28.814	0.005623
28.815	0.008015
28.816	0.015398
28.817	0.025304
28.818	0.033039
28.819	0.034457
28.82	0.028539
28.821	0.018428
28.822	0.009338
28.823	0.00423
28.824	0.001689
28.825	-0.00138
28.826	-0.005414
28.827	-0.008005
28.828	-0.007632
28.829	-0.005315
28.83	-0.002793
28.831	-0.00098
28.832	-0.000196
28.833	-0.000393
28.834	-0.000558
28.835	0.001243
28.836	0.006474
28.837	0.014838
28.838	0.024164
28.839	0.031497
28.84	0.034939
28.841	0.034604
28.842	0.031464
28.843	0.02567
28.844	0.016439
28.845	0.003918
28.846	-0.008763
28.847	-0.016619
28.848	-0.01655
28.849	-0.008906
28.85	0.003735
28.851	0.017737
28.852	0.029356
28.853	0.036452
28.854	0.039806
28.855	0.04203
28.856	0.044743
28.857	0.046903
28.858	0.045853
28.859	0.040145
28.86	0.031708
28.861	0.024886
28.862	0.023004
28.863	0.025862
28.864	0.029841
28.865	0.030501
28.866	0.026411
28.867	0.020186
28.868	0.01529
28.869	0.01308
28.87	0.012688
28.871	0.012116
28.872	0.009682
28.873	0.005656
28.874	0.002446
28.875	0.00246
28.876	0.006204
28.877	0.013417
28.878	0.025839
28.879	0.046903
28.88	0.075696
28.881	0.100233
28.882	0.101798
28.883	0.072782
28.884	0.029503
28.885	0.001808
28.886	0.008715
28.887	0.04451
28.888	0.085959
28.889	0.111261
28.89	0.113216
28.891	0.098232
28.892	0.077227
28.893	0.057986
28.894	0.043256
28.895	0.033193
28.896	0.027639
28.897	0.025675
28.898	0.024877
28.899	0.022592
28.9	0.017625
28.901	0.010951
28.902	0.005752
28.903	0.005112
28.904	0.007592
28.905	0.007013
28.906	-0.001044
28.907	-0.014129
28.908	-0.0253
28.909	-0.029088
28.91	-0.025821
28.911	-0.021178
28.912	-0.01962
28.913	-0.01872
28.914	-0.01357
28.915	-0.004898
28.916	0.002639
28.917	0.007942
28.918	0.013398
28.919	0.018831
28.92	0.019857
28.921	0.012865
28.922	0.000578
28.923	-0.00918
28.924	-0.011215
28.925	-0.007553
28.926	-0.003791
28.927	-0.003316
28.928	-0.005463
28.929	-0.006915
28.93	-0.004487
28.931	0.002018
28.932	0.009504
28.933	0.014911
28.934	0.018821
28.935	0.02476
28.936	0.034572
28.937	0.04549
28.938	0.052506
28.939	0.052798
28.94	0.047655
28.941	0.041839
28.942	0.041293
28.943	0.049026
28.944	0.062098
28.945	0.073745
28.946	0.078887
28.947	0.076862
28.948	0.070093
28.949	0.062268
28.95	0.056579
28.951	0.053823
28.952	0.052448
28.953	0.050598
28.954	0.048038
28.955	0.046528
28.956	0.048332
28.957	0.053901
28.958	0.06084
28.959	0.065266
28.96	0.064656
28.961	0.059975
28.962	0.054815
28.963	0.051903
28.964	0.050488
28.965	0.04753
28.966	0.041723
28.967	0.035407
28.968	0.032098
28.969	0.03363
28.97	0.039533
28.971	0.047573
28.972	0.054725
28.973	0.058492
28.974	0.058609
28.975	0.057893
28.976	0.060121
28.977	0.066186
28.978	0.072708
28.979	0.074604
28.98	0.069199
28.981	0.058579
28.982	0.048118
28.983	0.042793
28.984	0.045321
28.985	0.057357
28.986	0.080043
28.987	0.109535
28.988	0.132069
28.989	0.130589
28.99	0.102329
28.991	0.067211
28.992	0.052842
28.993	0.070548
28.994	0.108094
28.995	0.143286
28.996	0.160878
28.997	0.158479
28.998	0.142184
28.999	0.120038
29.0	0.098776
29.001	0.083148
29.002	0.075147
29.003	0.073202
29.004	0.072799
29.005	0.069269
29.006	0.061628
29.007	0.053275
29.008	0.048175
29.009	0.047524
29.01	0.050104
29.011	0.053792
29.012	0.055977
29.013	0.054179
29.014	0.047978
29.015	0.039952
29.016	0.033775
29.017	0.031387
29.018	0.031824
29.019	0.032385
29.02	0.031186
29.021	0.028742
29.022	0.027047
29.023	0.027344
29.024	0.028652
29.025	0.028714
29.026	0.026922
29.027	0.025114
29.028	0.024987
29.029	0.026534
29.03	0.029011
29.031	0.031368
29.032	0.031893
29.033	0.029335
29.034	0.02474
29.035	0.02106
29.036	0.020484
29.037	0.022469
29.038	0.02432
29.039	0.023531
29.04	0.019737
29.041	0.014702
29.042	0.010861
29.043	0.009758
29.044	0.01087
29.045	0.01207
29.046	0.012153
29.047	0.011957
29.048	0.012682
29.049	0.015141
29.05	0.020514
29.051	0.029463
29.052	0.040341
29.053	0.049504
29.054	0.053372
29.055	0.050294
29.056	0.041469
29.057	0.030302
29.058	0.020096
29.059	0.012222
29.06	0.006432
29.061	0.002464
29.062	0.001013
29.063	0.002715
29.064	0.006088
29.065	0.007768
29.066	0.006011
29.067	0.002758
29.068	0.001382
29.069	0.003824
29.07	0.009642
29.071	0.016132
29.072	0.019822
29.073	0.018874
29.074	0.014186
29.075	0.00871
29.076	0.005797
29.077	0.007053
29.078	0.010893
29.079	0.013568
29.08	0.012204
29.081	0.007313
29.082	0.00272
29.083	0.002673
29.084	0.008012
29.085	0.015235
29.086	0.019927
29.087	0.020238
29.088	0.016917
29.089	0.012252
29.09	0.009511
29.091	0.012173
29.092	0.02351
29.093	0.045653
29.094	0.075852
29.095	0.102478
29.096	0.108511
29.097	0.085401
29.098	0.045308
29.099	0.014749
29.1	0.012777
29.101	0.03691
29.102	0.069446
29.103	0.09291
29.104	0.099023
29.105	0.088556
29.106	0.067905
29.107	0.045136
29.108	0.02601
29.109	0.012484
29.11	0.003842
29.111	-0.001792
29.112	-0.006471
29.113	-0.011973
29.114	-0.019031
29.115	-0.026105
29.116	-0.029747
29.117	-0.027395
29.118	-0.020084
29.119	-0.012357
29.12	-0.009268
29.121	-0.01243
29.122	-0.018529
29.123	-0.022362
29.124	-0.021775
29.125	-0.018991
29.126	-0.016945
29.127	-0.016076
29.128	-0.015382
29.129	-0.014332
29.13	-0.012972
29.131	-0.011652
29.132	-0.011308
29.133	-0.013349
29.134	-0.018079
29.135	-0.023038
29.136	-0.024211
29.137	-0.019658
29.138	-0.011677
29.139	-0.00541
29.14	-0.005098
29.141	-0.010566
29.142	-0.01705
29.143	-0.019201
29.144	-0.015494
29.145	-0.008585
29.146	-0.001866
29.147	0.00313
29.148	0.00614
29.149	0.007045
29.15	0.006075
29.151	0.003996
29.152	0.001267
29.153	-0.002674
29.154	-0.008593
29.155	-0.015829
29.156	-0.021702
29.157	-0.022664
29.158	-0.016642
29.159	-0.004915
29.16	0.008459
29.161	0.019359
29.162	0.025575
29.163	0.026485
29.164	0.021976
29.165	0.012724
29.166	0.001475
29.167	-0.007588
29.168	-0.011758
29.169	-0.011152
29.17	-0.007276
29.171	-0.001816
29.172	0.002994
29.173	0.004431
29.174	0.001049
29.175	-0.005681
29.176	-0.012024
29.177	-0.014673
29.178	-0.013361
29.179	-0.011002
29.18	-0.010743
29.181	-0.012799
29.182	-0.014434
29.183	-0.012765
29.184	-0.00762
29.185	-0.001802
29.186	0.001741
29.187	0.002203
29.188	0.000194
29.189	-0.003132
29.19	-0.005778
29.191	-0.005983
29.192	-0.004305
29.193	-0.003384
29.194	-0.005174
29.195	-0.009129
29.196	-0.013128
29.197	-0.015115
29.198	-0.013235
29.199	-0.004628
29.2	0.014446
29.201	0.04396
29.202	0.073974
29.203	0.08696
29.204	0.072047
29.205	0.038379
29.206	0.010804
29.207	0.009364
29.208	0.033486
29.209	0.066085
29.21	0.089546
29.211	0.096229
29.212	0.088003
29.213	0.070858
29.214	0.050712
29.215	0.032138
29.216	0.018485
29.217	0.011263
29.218	0.009133
29.219	0.008644
29.22	0.006723
29.221	0.002658
29.222	-0.001556
29.223	-0.002702
29.224	0.000514
29.225	0.005581
29.226	0.008597
29.227	0.007832
29.228	0.003959
29.229	-0.00127
29.23	-0.005566
29.231	-0.007178
29.232	-0.006304
29.233	-0.004852
29.234	-0.004714
29.235	-0.006207
29.236	-0.007813
29.237	-0.00759
29.238	-0.005094
29.239	-0.001912
29.24	-0.000428
29.241	-0.001871
29.242	-0.004683
29.243	-0.005135
29.244	-0.000904
29.245	0.006221
29.246	0.012205
29.247	0.01428
29.248	0.012006
29.249	0.006977
29.25	0.002182
29.251	8e-06
29.252	0.000432
29.253	0.001459
29.254	0.001171
29.255	-0.00065
29.256	-0.002723
29.257	-0.003761
29.258	-0.003524
29.259	-0.002899
29.26	-0.003564
29.261	-0.006607
29.262	-0.010469
29.263	-0.011227
29.264	-0.006089
29.265	0.003985
29.266	0.01568
29.267	0.025881
29.268	0.032263
29.269	0.033582
29.27	0.030483
29.271	0.025033
29.272	0.019162
29.273	0.013501
29.274	0.007595
29.275	0.001485
29.276	-0.003055
29.277	-0.003523
29.278	0.000705
29.279	0.006883
29.28	0.010383
29.281	0.008531
29.282	0.003245
29.283	-0.000827
29.284	-0.001065
29.285	0.000934
29.286	0.002123
29.287	0.001434
29.288	-0.000214
29.289	-0.001308
29.29	-0.00037
29.291	0.00329
29.292	0.008703
29.293	0.013375
29.294	0.014958
29.295	0.013577
29.296	0.012224
29.297	0.014026
29.298	0.019095
29.299	0.024026
29.3	0.024487
29.301	0.019062
29.302	0.010748
29.303	0.004347
29.304	0.002856
29.305	0.007039
29.306	0.01813
29.307	0.038527
29.308	0.06681
29.309	0.092104
29.31	0.097673
29.311	0.075646
29.312	0.038894
29.313	0.013618
29.314	0.017732
29.315	0.047723
29.316	0.085
29.317	0.111328
29.318	0.118671
29.319	0.108982
29.32	0.089059
29.321	0.066501
29.322	0.047593
29.323	0.035655
29.324	0.030129
29.325	0.027652
29.326	0.025242
29.327	0.022592
29.328	0.020808
29.329	0.020184
29.33	0.020159
29.331	0.020354
29.332	0.020335
29.333	0.018582
29.334	0.013212
29.335	0.004442
29.336	-0.00439
29.337	-0.008859
29.338	-0.006885
29.339	-0.000524
29.34	0.005999
29.341	0.010211
29.342	0.012996
29.343	0.016601
29.344	0.021468
29.345	0.025346
29.346	0.025927
29.347	0.023429
29.348	0.01964
29.349	0.016034
29.35	0.013861
29.351	0.014271
29.352	0.01688
29.353	0.019209
29.354	0.018798
29.355	0.015607
29.356	0.011947
29.357	0.01046
29.358	0.011959
29.359	0.014559
29.36	0.015115
29.361	0.011898
29.362	0.006137
29.363	0.001199
29.364	-0.000161
29.365	0.002053
29.366	0.005967
29.367	0.009729
29.368	0.011864
29.369	0.011882
29.37	0.011827
29.371	0.015477
29.372	0.024725
29.373	0.037383
29.374	0.048639
29.375	0.054079
29.376	0.05214
29.377	0.044929
29.378	0.036356
29.379	0.028998
29.38	0.022958
29.381	0.017441
29.382	0.012715
29.383	0.010121
29.384	0.010139
29.385	0.011229
29.386	0.011529
29.387	0.010705
29.388	0.009266
29.389	0.007854
29.39	0.007779
29.391	0.010087
29.392	0.013772
29.393	0.016236
29.394	0.015418
29.395	0.011345
29.396	0.00628
29.397	0.003302
29.398	0.003976
29.399	0.006972
29.4	0.009068
29.401	0.007821
29.402	0.003899
29.403	0.00095
29.404	0.002412
29.405	0.008227
29.406	0.01511
29.407	0.019306
29.408	0.018474
29.409	0.012743
29.41	0.005096
29.411	-0.000215
29.412	0.000538
29.413	0.010691
29.414	0.032719
29.415	0.064204
29.416	0.093233
29.417	0.101876
29.418	0.081119
29.419	0.043833
29.42	0.01759
29.421	0.021741
29.422	0.053113
29.423	0.092514
29.424	0.120665
29.425	0.128343
29.426	0.117193
29.427	0.095068
29.428	0.070235
29.429	0.048394
29.43	0.032755
29.431	0.024279
29.432	0.021453
29.433	0.020647
29.434	0.017796
29.435	0.01132
29.436	0.003869
29.437	0.000284
29.438	0.003233
29.439	0.010521
29.44	0.016386
29.441	0.015953
29.442	0.009352
29.443	0.001414
29.444	-0.003026
29.445	-0.003178
29.446	-0.001547
29.447	-0.000708
29.448	-0.00194
29.449	-0.005125
29.45	-0.008436
29.451	-0.009187
29.452	-0.006153
29.453	-0.001137
29.454	0.002423
29.455	0.002954
29.456	0.002464
29.457	0.004368
29.458	0.009883
29.459	0.016494
29.46	0.019649
29.461	0.016522
29.462	0.008745
29.463	0.001163
29.464	-0.002279
29.465	-0.001084
29.466	0.002834
29.467	0.007098
29.468	0.009378
29.469	0.007977
29.47	0.003359
29.471	-0.001696
29.472	-0.004469
29.473	-0.004773
29.474	-0.004716
29.475	-0.006199
29.476	-0.008773
29.477	-0.009467
29.478	-0.00468
29.479	0.006813
29.48	0.022293
29.481	0.036865
29.482	0.046534
29.483	0.049362
29.484	0.044982
29.485	0.034531
29.486	0.021242
29.487	0.009524
29.488	0.002041
29.489	-0.001453
29.49	-0.001935
29.491	0.000572
29.492	0.005786
29.493	0.011557
29.494	0.014775
29.495	0.01394
29.496	0.010439
29.497	0.007356
29.498	0.006845
29.499	0.008121
29.5	0.008177
29.501	0.00487
29.502	-0.000849
29.503	-0.005574
29.504	-0.005931
29.505	-0.00105
29.506	0.006902
29.507	0.014178
29.508	0.017115
29.509	0.013969
29.51	0.006725
29.511	0.000113
29.512	-0.00228
29.513	-0.00054
29.514	0.002824
29.515	0.005457
29.516	0.00621
29.517	0.00505
29.518	0.003105
29.519	0.002904
29.52	0.008561
29.521	0.024438
29.522	0.050366
29.523	0.076408
29.524	0.085272
29.525	0.066105
29.526	0.028644
29.527	-0.000764
29.528	-0.001183
29.529	0.026444
29.53	0.064164
29.531	0.093123
29.532	0.104023
29.533	0.097476
29.534	0.079374
29.535	0.056668
29.536	0.035388
29.537	0.019818
29.538	0.011523
29.539	0.008808
29.54	0.007869
29.541	0.005134
29.542	-0.00061
29.543	-0.007424
29.544	-0.011967
29.545	-0.012726
29.546	-0.010897
29.547	-0.008571
29.548	-0.007546
29.549	-0.008789
29.55	-0.011293
29.551	-0.012378
29.552	-0.010158
29.553	-0.005411
29.554	-0.001012
29.555	0.000401
29.556	-0.00135
29.557	-0.003975
29.558	-0.005078
29.559	-0.004351
29.56	-0.003558
29.561	-0.004901
29.562	-0.008856
29.563	-0.013
29.564	-0.013841
29.565	-0.010365
29.566	-0.004961
29.567	-0.001204
29.568	-0.001709
29.569	-0.006823
29.57	-0.013921
29.571	-0.01897
29.572	-0.019541
29.573	-0.01618
29.574	-0.011435
29.575	-0.007885
29.576	-0.006573
29.577	-0.006719
29.578	-0.006665
29.579	-0.005475
29.58	-0.004233
29.581	-0.005388
29.582	-0.009906
29.583	-0.015589
29.584	-0.018983
29.585	-0.017949
29.586	-0.011827
29.587	-0.001164
29.588	0.011222
29.589	0.020708
29.59	0.024018
29.591	0.02141
29.592	0.015573
29.593	0.008862
29.594	0.001647
29.595	-0.006651
29.596	-0.015056
29.597	-0.020162
29.598	-0.018368
29.599	-0.00952
29.6	0.001593
29.601	0.008274
29.602	0.007338
29.603	0.00131
29.604	-0.004626
29.605	-0.006963
29.606	-0.005351
29.607	-0.001755
29.608	0.000524
29.609	-0.001417
29.61	-0.00745
29.611	-0.013959
29.612	-0.016731
29.613	-0.014494
29.614	-0.009846
29.615	-0.006628
29.616	-0.006303
29.617	-0.007005
29.618	-0.005978
29.619	-0.00295
29.62	-0.001043
29.621	-0.003644
29.622	-0.010225
29.623	-0.016306
29.624	-0.017966
29.625	-0.015055
29.626	-0.009012
29.627	0.001608
29.628	0.021794
29.629	0.054405
29.63	0.091538
29.631	0.112362
29.632	0.095967
29.633	0.04162
29.634	-0.025726
29.635	-0.074365
29.636	-0.091207
29.637	-0.08859
29.638	-0.08899
29.639	-0.105972
29.64	-0.138147
29.641	-0.175684
29.642	-0.208986
29.643	-0.232522
29.644	-0.244958
29.645	-0.249392
29.646	-0.251928
29.647	-0.25648
29.648	-0.261826
29.649	-0.265124
29.65	-0.265725
29.651	-0.263491
29.652	-0.25597
29.653	-0.241019
29.654	-0.221639
29.655	-0.204907
29.656	-0.195722
29.657	-0.192943
29.658	-0.190882
29.659	-0.183264
29.66	-0.167137
29.661	-0.145671
29.662	-0.126426
29.663	-0.11422
29.664	-0.106737
29.665	-0.098865
29.666	-0.08899
29.667	-0.079659
29.668	-0.07424
29.669	-0.07365
29.67	-0.07509
29.671	-0.074023
29.672	-0.067911
29.673	-0.057979
29.674	-0.047658
29.675	-0.039881
29.676	-0.035532
29.677	-0.033271
29.678	-0.030635
29.679	-0.026208
29.68	-0.020682
29.681	-0.015519
29.682	-0.011374
29.683	-0.007934
29.684	-0.00477
29.685	-0.002119
29.686	-0.00031
29.687	0.001038
29.688	0.001851
29.689	0.000854
29.69	-0.002069
29.691	-0.004013
29.692	-0.001361
29.693	0.006583
29.694	0.017014
29.695	0.025883
29.696	0.030332
29.697	0.0301
29.698	0.027214
29.699	0.023979
29.7	0.02121
29.701	0.018231
29.702	0.014185
29.703	0.009412
29.704	0.005408
29.705	0.003464
29.706	0.004015
29.707	0.006738
29.708	0.009966
29.709	0.011185
29.71	0.009691
29.711	0.00761
29.712	0.007483
29.713	0.009924
29.714	0.013709
29.715	0.017362
29.716	0.020881
29.717	0.026241
29.718	0.035625
29.719	0.048642
29.72	0.061506
29.721	0.069222
29.722	0.069077
29.723	0.06273
29.724	0.054982
29.725	0.050085
29.726	0.048965
29.727	0.049087
29.728	0.046122
29.729	0.037104
29.73	0.023344
29.731	0.00948
29.732	-7.5e-05
29.733	-0.002524
29.734	0.004482
29.735	0.023186
29.736	0.052404
29.737	0.08206
29.738	0.094269
29.739	0.077222
29.74	0.040297
29.741	0.010249
29.742	0.008856
29.743	0.035137
29.744	0.068363
29.745	0.085261
29.746	0.074934
29.747	0.041564
29.748	-0.003449
29.749	-0.049634
29.75	-0.089168
29.751	-0.115948
29.752	-0.126725
29.753	-0.123301
29.754	-0.112742
29.755	-0.103778
29.756	-0.101159
29.757	-0.102935
29.758	-0.103316
29.759	-0.098372
29.76	-0.089511
29.761	-0.081826
29.762	-0.079091
29.763	-0.080464
29.764	-0.081849
29.765	-0.079697
29.766	-0.072983
29.767	-0.062887
29.768	-0.052587
29.769	-0.046334
29.77	-0.046453
29.771	-0.051393
29.772	-0.057272
29.773	-0.061169
29.774	-0.063001
29.775	-0.064298
29.776	-0.065558
29.777	-0.065316
29.778	-0.061703
29.779	-0.054803
29.78	-0.047563
29.781	-0.043833
29.782	-0.044897
29.783	-0.048275
29.784	-0.050181
29.785	-0.048419
29.786	-0.042799
29.787	-0.034438
29.788	-0.026102
29.789	-0.021784
29.79	-0.023753
29.791	-0.030193
29.792	-0.036658
29.793	-0.039955
29.794	-0.040456
29.795	-0.040938
29.796	-0.043682
29.797	-0.048247
29.798	-0.051323
29.799	-0.049065
29.8	-0.040198
29.801	-0.026789
29.802	-0.012451
29.803	-0.000818
29.804	0.004807
29.805	0.002568
29.806	-0.005776
29.807	-0.014995
29.808	-0.020689
29.809	-0.022912
29.81	-0.02438
29.811	-0.026354
29.812	-0.027679
29.813	-0.027201
29.814	-0.025779
29.815	-0.025657
29.816	-0.028235
29.817	-0.032307
29.818	-0.034582
29.819	-0.032704
29.82	-0.027641
29.821	-0.022566
29.822	-0.020044
29.823	-0.020649
29.824	-0.023166
29.825	-0.025428
29.826	-0.025178
29.827	-0.021197
29.828	-0.015139
29.829	-0.011437
29.83	-0.013261
29.831	-0.019075
29.832	-0.024323
29.833	-0.025662
29.834	-0.023085
29.835	-0.019106
29.836	-0.016807
29.837	-0.017947
29.838	-0.022184
29.839	-0.027879
29.84	-0.032577
29.841	-0.031994
29.842	-0.020272
29.843	0.005675
29.844	0.03951
29.845	0.063714
29.846	0.060406
29.847	0.029092
29.848	-0.008883
29.849	-0.027255
29.85	-0.015322
29.851	0.017373
29.852	0.051705
29.853	0.072407
29.854	0.074511
29.855	0.061589
29.856	0.040886
29.857	0.019849
29.858	0.004147
29.859	-0.003878
29.86	-0.005603
29.861	-0.004819
29.862	-0.005496
29.863	-0.00942
29.864	-0.015213
29.865	-0.019868
29.866	-0.020991
29.867	-0.017993
29.868	-0.013103
29.869	-0.010743
29.87	-0.013643
29.871	-0.019971
29.872	-0.025234
29.873	-0.026125
29.874	-0.022512
29.875	-0.016985
29.876	-0.01279
29.877	-0.011519
29.878	-0.012389
29.879	-0.013607
29.88	-0.014147
29.881	-0.014518
29.882	-0.016025
29.883	-0.018845
29.884	-0.021202
29.885	-0.021054
29.886	-0.017914
29.887	-0.013039
29.888	-0.009278
29.889	-0.009913
29.89	-0.015553
29.891	-0.022867
29.892	-0.027237
29.893	-0.026074
29.894	-0.020115
29.895	-0.012595
29.896	-0.0072
29.897	-0.006025
29.898	-0.00845
29.899	-0.011712
29.9	-0.013392
29.901	-0.013728
29.902	-0.014794
29.903	-0.017578
29.904	-0.020991
29.905	-0.023344
29.906	-0.023005
29.907	-0.018098
29.908	-0.008195
29.909	0.00386
29.91	0.013693
29.911	0.018428
29.912	0.017828
29.913	0.013661
29.914	0.008004
29.915	0.001806
29.916	-0.004808
29.917	-0.011187
29.918	-0.015646
29.919	-0.016668
29.92	-0.014796
29.921	-0.012928
29.922	-0.013928
29.923	-0.017976
29.924	-0.022803
29.925	-0.025986
29.926	-0.0263
29.927	-0.023887
29.928	-0.020895
29.929	-0.020915
29.93	-0.025671
29.931	-0.032745
29.932	-0.037293
29.933	-0.035725
29.934	-0.02831
29.935	-0.018751
29.936	-0.010983
29.937	-0.006175
29.938	-0.002591
29.939	0.001914
29.94	0.007272
29.941	0.011293
29.942	0.012453
29.943	0.011529
29.944	0.010003
29.945	0.00823
29.946	0.006316
29.947	0.006064
29.948	0.010718
29.949	0.023091
29.95	0.043417
29.951	0.065841
29.952	0.077053
29.953	0.064324
29.954	0.029533
29.955	-0.007168
29.956	-0.02232
29.957	-0.008085
29.958	0.024027
29.959	0.054761
29.96	0.07037
29.961	0.068075
29.962	0.053554
29.963	0.034818
29.964	0.017552
29.965	0.004175
29.966	-0.004726
29.967	-0.009101
29.968	-0.010095
29.969	-0.010774
29.97	-0.013772
29.971	-0.018236
29.972	-0.020442
29.973	-0.017811
29.974	-0.012042
29.975	-0.008006
29.976	-0.009578
29.977	-0.016425
29.978	-0.02456
29.979	-0.02998
29.98	-0.031623
29.981	-0.030826
29.982	-0.029151
29.983	-0.027431
29.984	-0.025818
29.985	-0.024104
29.986	-0.021985
29.987	-0.019246
29.988	-0.016935
29.989	-0.017924
29.99	-0.024092
29.991	-0.033114
29.992	-0.039541
29.993	-0.039257
29.994	-0.032706
29.995	-0.024181
29.996	-0.018522
29.997	-0.018049
29.998	-0.021437
29.999	-0.025158
