animal_id,start_sample,start_s,start_min,end_s,hr,rr_std,n_beats,mains_ratio,passes_gate,within_120s_of_annotation
102,0,0.0,0.0,30.0,277.4,366.0,139,1.4581,False,True
102,5000,5.0,0.083,35.0,256.2,347.1,124,84.4467,False,True
102,10000,10.0,0.167,40.0,290.6,265.4,140,54.1904,False,True
102,15000,15.0,0.25,45.0,307.4,331.0,152,34.1686,False,True
102,20000,20.0,0.333,50.0,309.8,339.4,152,38.1608,False,True
102,25000,25.0,0.417,55.0,281.9,332.2,141,44.2004,False,True
102,30000,30.0,0.5,60.0,292.2,245.0,147,52.1651,False,True
102,35000,35.0,0.583,65.0,289.4,308.1,141,21.0806,False,True
102,40000,40.0,0.667,70.0,305.8,248.4,151,18.0132,False,True
102,45000,45.0,0.75,75.0,293.0,299.7,147,23.1741,False,True
102,50000,50.0,0.833,80.0,290.3,298.6,146,17.0294,False,True
102,55000,55.0,0.917,85.0,274.2,287.2,138,24.5216,False,True
102,60000,60.0,1.0,90.0,312.6,205.5,157,38.1388,False,True
102,65000,65.0,1.083,95.0,314.5,182.7,158,33.5467,False,True
102,70000,70.0,1.167,100.0,309.6,210.7,150,1.6281,False,True
102,75000,75.0,1.25,105.0,318.2,314.6,152,1.6525,False,True
102,80000,80.0,1.333,110.0,339.2,262.2,166,1.6958,False,True
102,85000,85.0,1.417,115.0,369.2,245.6,181,3.9612,False,True
102,90000,90.0,1.5,120.0,383.9,267.0,187,1.7666,False,True
102,95000,95.0,1.583,125.0,341.4,321.1,165,1.643,False,True
102,100000,100.0,1.667,130.0,334.6,319.9,165,3.174,False,True
102,105000,105.0,1.75,135.0,316.4,295.6,144,3.7184,False,True
102,110000,110.0,1.833,140.0,300.2,438.2,151,3.4366,False,True
102,115000,115.0,1.917,145.0,353.1,317.6,167,3.407,False,True
102,120000,120.0,2.0,150.0,334.4,308.4,166,16.8614,False,True
102,125000,125.0,2.083,155.0,362.7,230.3,179,12.7175,False,True
102,130000,130.0,2.167,160.0,342.4,235.3,171,23.7561,False,True
102,135000,135.0,2.25,165.0,356.3,195.5,179,14.1421,False,True
102,140000,140.0,2.333,170.0,361.8,224.9,180,17.0839,False,True
102,145000,145.0,2.417,175.0,343.8,238.6,171,15.0737,False,True
102,150000,150.0,2.5,180.0,317.0,282.0,155,12.1547,False,True
102,155000,155.0,2.583,185.0,328.6,253.2,165,12.7254,False,True
102,160000,160.0,2.667,190.0,344.5,242.2,173,11.0655,False,True
102,165000,165.0,2.75,195.0,340.3,239.8,171,12.0304,False,True
102,170000,170.0,2.833,200.0,339.6,235.1,168,12.4288,False,True
102,175000,175.0,2.917,205.0,345.7,216.8,168,14.1958,False,True
102,180000,180.0,3.0,210.0,364.5,180.8,181,17.8294,False,True
102,185000,185.0,3.083,215.0,346.6,180.4,172,22.2753,False,True
102,190000,190.0,3.167,220.0,356.2,169.6,179,36.8857,False,True
102,195000,195.0,3.25,225.0,338.2,198.9,168,40.4464,False,True
102,200000,200.0,3.333,230.0,382.7,132.9,192,48.7367,False,True
102,205000,205.0,3.417,235.0,380.2,137.8,191,56.7933,False,False
102,210000,210.0,3.5,240.0,381.8,144.8,190,60.8391,False,False
102,215000,215.0,3.583,245.0,390.0,139.7,193,77.0594,False,False
102,220000,220.0,3.667,250.0,376.2,148.5,189,81.3684,False,False
102,225000,225.0,3.75,255.0,356.7,190.7,179,107.604,False,False
102,230000,230.0,3.833,260.0,360.9,157.8,177,109.1915,False,False
102,235000,235.0,3.917,265.0,370.3,148.7,186,118.0443,False,False
102,240000,240.0,4.0,270.0,352.4,170.1,175,70.8252,False,False
102,245000,245.0,4.083,275.0,362.5,155.6,180,80.1969,False,False
102,250000,250.0,4.167,280.0,355.9,174.6,176,66.9554,False,False
102,255000,255.0,4.25,285.0,344.5,177.1,171,76.7511,False,False
102,260000,260.0,4.333,290.0,347.8,175.1,174,78.3988,False,False
102,265000,265.0,4.417,295.0,338.4,195.1,170,123.4922,False,False
102,270000,270.0,4.5,300.0,334.4,200.7,168,130.0011,False,False
102,275000,275.0,4.583,305.0,360.7,181.3,181,192.2047,False,False
102,280000,280.0,4.667,310.0,357.1,204.9,175,54.0681,False,False
102,285000,285.0,4.75,315.0,359.4,200.7,180,37.5714,False,False
102,290000,290.0,4.833,320.0,372.3,197.4,185,48.065,False,False
102,295000,295.0,4.917,325.0,355.8,197.3,177,24.2733,False,False
102,300000,300.0,5.0,330.0,386.6,179.7,192,27.2701,False,False
102,305000,305.0,5.083,335.0,379.5,172.5,189,25.6108,False,False
102,310000,310.0,5.167,340.0,384.3,168.8,193,25.3382,False,False
102,315000,315.0,5.25,345.0,381.0,167.5,191,22.4621,False,False
102,320000,320.0,5.333,350.0,383.2,163.9,189,23.2476,False,False
102,325000,325.0,5.417,355.0,368.5,183.3,180,26.7339,False,False
102,330000,330.0,5.5,360.0,374.4,156.0,187,35.7136,False,False
102,335000,335.0,5.583,365.0,376.6,146.2,186,40.7872,False,False
102,340000,340.0,5.667,370.0,370.9,147.5,184,56.4371,False,False
102,345000,345.0,5.75,375.0,392.9,136.2,197,53.2522,False,False
102,350000,350.0,5.833,380.0,352.7,154.9,172,55.1724,False,False
102,355000,355.0,5.917,385.0,370.7,133.2,182,66.2704,False,False
102,360000,360.0,6.0,390.0,352.3,155.7,177,58.3479,False,False
102,365000,365.0,6.083,395.0,348.3,163.3,175,69.1769,False,False
102,370000,370.0,6.167,400.0,367.1,157.3,184,65.5058,False,False
102,375000,375.0,6.25,405.0,368.6,158.6,185,90.3389,False,False
102,380000,380.0,6.333,410.0,384.2,148.3,193,70.3046,False,False
102,385000,385.0,6.417,415.0,361.2,158.2,181,84.7764,False,False
102,390000,390.0,6.5,420.0,378.5,155.4,187,72.1542,False,False
102,395000,395.0,6.583,425.0,390.1,145.6,193,74.6663,False,False
102,400000,400.0,6.667,430.0,366.8,163.0,182,71.179,False,False
102,405000,405.0,6.75,435.0,366.9,144.9,179,67.5622,False,False
102,410000,410.0,6.833,440.0,359.8,145.5,180,54.5007,False,False
102,415000,415.0,6.917,445.0,340.6,195.1,171,43.7788,False,False
102,420000,420.0,7.0,450.0,349.5,153.6,175,53.8795,False,False
102,425000,425.0,7.083,455.0,352.1,141.9,175,48.6066,False,False
102,430000,430.0,7.167,460.0,368.1,141.5,182,50.2783,False,False
102,435000,435.0,7.25,465.0,341.5,179.5,169,35.7661,False,False
102,440000,440.0,7.333,470.0,371.3,159.9,185,31.1964,False,False
102,445000,445.0,7.417,475.0,367.5,155.6,182,26.8125,False,False
102,450000,450.0,7.5,480.0,374.1,161.8,186,35.8132,False,False
102,455000,455.0,7.583,485.0,349.8,192.8,174,26.5893,False,False
102,460000,460.0,7.667,490.0,361.5,210.0,175,24.2984,False,False
102,465000,465.0,7.75,495.0,340.1,233.0,169,18.4808,False,False
102,470000,470.0,7.833,500.0,354.7,183.2,178,14.4132,False,False
102,475000,475.0,7.917,505.0,342.3,224.8,172,14.6457,False,False
102,480000,480.0,8.0,510.0,336.7,216.0,169,14.3645,False,False
102,485000,485.0,8.083,515.0,347.5,182.3,174,15.5612,False,False
102,490000,490.0,8.167,520.0,364.6,181.7,183,27.2178,False,False
102,495000,495.0,8.25,525.0,350.3,184.0,176,53.4591,False,False
102,500000,500.0,8.333,530.0,361.7,169.2,181,69.4279,False,False
102,505000,505.0,8.417,535.0,368.2,176.7,185,47.8157,False,False
102,510000,510.0,8.5,540.0,366.5,178.4,181,34.6928,False,False
102,515000,515.0,8.583,545.0,363.9,176.1,180,50.9869,False,False
102,520000,520.0,8.667,550.0,380.2,161.6,191,40.9149,False,False
102,525000,525.0,8.75,555.0,366.2,182.7,184,39.7474,False,False
102,530000,530.0,8.833,560.0,345.7,205.4,172,46.2203,False,False
102,535000,535.0,8.917,565.0,356.9,184.6,179,61.7532,False,False
102,540000,540.0,9.0,570.0,394.3,155.7,198,46.6414,False,False
102,545000,545.0,9.083,575.0,380.9,153.7,191,53.3868,False,False
102,550000,550.0,9.167,580.0,397.3,153.0,197,82.7788,False,False
102,555000,555.0,9.25,585.0,413.5,148.3,206,93.1285,False,False
102,560000,560.0,9.333,590.0,405.9,150.1,203,54.8017,False,False
102,565000,565.0,9.417,595.0,394.2,151.1,195,38.578,False,False
102,570000,570.0,9.5,600.0,371.0,160.1,184,52.6462,False,False
102,575000,575.0,9.583,605.0,321.6,177.0,157,48.1939,False,False
102,580000,580.0,9.667,610.0,325.6,194.2,163,43.2951,False,False
102,585000,585.0,9.75,615.0,316.9,173.3,159,111.0594,False,False
102,590000,590.0,9.833,620.0,334.3,158.6,168,118.5812,False,False
102,595000,595.0,9.917,625.0,335.6,157.7,167,81.6978,False,False
102,600000,600.0,10.0,630.0,346.2,165.7,174,70.1207,False,False
102,605000,605.0,10.083,635.0,372.9,140.9,187,58.7326,False,False
102,610000,610.0,10.167,640.0,367.5,153.0,182,39.5291,False,False
102,615000,615.0,10.25,645.0,374.7,135.2,184,23.0698,False,False
102,620000,620.0,10.333,650.0,383.5,135.3,191,18.467,False,False
102,625000,625.0,10.417,655.0,382.2,129.1,190,23.3267,False,False
102,630000,630.0,10.5,660.0,376.7,137.8,184,22.8098,False,False
102,635000,635.0,10.583,665.0,349.5,189.6,171,20.8777,False,False
102,640000,640.0,10.667,670.0,352.4,172.6,174,31.3108,False,False
102,645000,645.0,10.75,675.0,354.7,164.4,178,38.6685,False,False
102,650000,650.0,10.833,680.0,348.1,164.8,175,43.7821,False,False
102,655000,655.0,10.917,685.0,324.2,211.7,162,36.7471,False,False
102,660000,660.0,11.0,690.0,363.4,153.3,180,64.8895,False,False
102,665000,665.0,11.083,695.0,380.8,147.1,186,71.8241,False,False
102,670000,670.0,11.167,700.0,392.7,140.0,197,90.4535,False,False
102,675000,675.0,11.25,705.0,392.1,138.3,197,74.6396,False,False
102,680000,680.0,11.333,710.0,412.8,123.6,205,116.8609,False,False
102,685000,685.0,11.417,715.0,422.4,105.6,208,112.3302,True,False
102,690000,690.0,11.5,720.0,409.9,127.7,203,128.0533,False,False
102,695000,695.0,11.583,725.0,415.8,132.9,206,84.4684,False,False
102,700000,700.0,11.667,730.0,397.9,139.6,196,81.2631,False,False
102,705000,705.0,11.75,735.0,388.6,145.5,189,84.9135,False,False
102,710000,710.0,11.833,740.0,394.8,140.2,195,80.8513,False,False
102,715000,715.0,11.917,745.0,397.2,132.1,198,97.2893,False,False
102,720000,720.0,12.0,750.0,396.4,123.8,195,80.253,False,False
102,725000,725.0,12.083,755.0,405.2,120.7,201,69.7411,False,False
102,730000,730.0,12.167,760.0,403.9,119.1,200,81.1106,True,False
102,735000,735.0,12.25,765.0,414.1,114.4,205,58.3188,True,False
102,740000,740.0,12.333,770.0,409.4,134.8,203,69.5901,False,False
102,745000,745.0,12.417,775.0,403.4,129.3,200,69.9942,False,False
102,750000,750.0,12.5,780.0,411.6,125.8,205,96.9964,False,False
102,755000,755.0,12.583,785.0,368.9,192.4,183,19.9496,False,False
102,760000,760.0,12.667,790.0,364.2,212.9,182,23.1527,False,False
102,765000,765.0,12.75,795.0,319.3,235.3,159,19.1296,False,False
102,770000,770.0,12.833,800.0,332.9,237.1,162,22.4973,False,False
102,775000,775.0,12.917,805.0,322.5,285.5,162,17.4411,False,False
102,780000,780.0,13.0,810.0,349.9,238.5,173,44.1654,False,False
102,785000,785.0,13.083,815.0,381.5,196.6,188,41.8201,False,False
102,790000,790.0,13.167,820.0,358.2,271.7,180,14.5156,False,False
102,795000,795.0,13.25,825.0,346.3,303.9,170,8.878,False,False
102,800000,800.0,13.333,830.0,361.5,293.9,174,7.8054,False,False
102,805000,805.0,13.417,835.0,376.3,319.2,189,7.1616,False,False
102,810000,810.0,13.5,840.0,366.2,280.9,177,6.8981,False,False
102,815000,815.0,13.583,845.0,370.2,228.8,184,10.5644,False,False
102,820000,820.0,13.667,850.0,375.0,150.4,188,16.7197,False,False
102,825000,825.0,13.75,855.0,361.1,243.1,179,17.0669,False,False
102,830000,830.0,13.833,860.0,335.0,256.1,166,20.8909,False,False
102,835000,835.0,13.917,865.0,335.5,255.8,167,25.6247,False,False
102,840000,840.0,14.0,870.0,362.2,304.0,181,12.6413,False,False
102,845000,845.0,14.083,875.0,351.0,477.9,176,1.2875,False,False
102,850000,850.0,14.167,880.0,348.6,519.7,174,0.8453,False,False
102,855000,855.0,14.25,885.0,436.5,481.3,186,0.5355,False,False
102,860000,860.0,14.333,890.0,353.5,197.5,140,0.6402,False,False
102,865000,865.0,14.417,895.0,115.3,612.1,50,0.5392,False,False
102,870000,870.0,14.5,900.0,20.3,2503.8,9,0.5416,False,False
102,875000,875.0,14.583,905.0,131.6,593.1,62,0.5616,False,False
102,880000,880.0,14.667,910.0,384.8,199.8,150,0.8347,False,False
102,885000,885.0,14.75,915.0,394.7,811.3,198,0.9322,False,False
102,890000,890.0,14.833,920.0,386.8,819.2,194,0.911,False,False
102,895000,895.0,14.917,925.0,352.4,404.9,177,1.1611,False,False
102,900000,900.0,15.0,930.0,330.9,280.4,163,3.4373,False,False
102,905000,905.0,15.083,935.0,366.4,208.5,184,6.3112,False,False
102,910000,910.0,15.167,940.0,382.9,183.0,192,7.7627,False,False
102,915000,915.0,15.25,945.0,340.9,251.4,171,7.2226,False,False
102,920000,920.0,15.333,950.0,364.7,239.4,162,9.2027,False,False
102,925000,925.0,15.417,955.0,285.6,478.1,142,12.9991,False,False
102,930000,930.0,15.5,960.0,269.4,416.9,135,20.7044,False,False
102,935000,935.0,15.583,965.0,254.0,478.1,126,13.0641,False,False
102,940000,940.0,15.667,970.0,270.5,708.6,136,17.9149,False,False
102,945000,945.0,15.75,975.0,277.1,831.1,138,3.9398,False,False
102,950000,950.0,15.833,980.0,322.2,476.8,151,4.0753,False,False
102,955000,955.0,15.917,985.0,327.1,509.3,161,3.6067,False,False
102,960000,960.0,16.0,990.0,449.1,500.5,186,2.7735,False,False
102,965000,965.0,16.083,995.0,374.4,688.2,185,2.0759,False,False
102,970000,970.0,16.167,1000.0,353.0,717.1,177,2.7721,False,False
102,975000,975.0,16.25,1005.0,502.8,209.0,185,3.1636,False,False
102,980000,980.0,16.333,1010.0,437.3,329.4,189,3.362,False,False
102,985000,985.0,16.417,1015.0,368.2,539.1,185,4.7926,False,False
102,990000,990.0,16.5,1020.0,332.4,831.3,163,6.2868,False,False
102,995000,995.0,16.583,1025.0,321.0,645.0,160,7.4418,False,False
102,1000000,1000.0,16.667,1030.0,322.2,583.4,162,11.7139,False,False
102,1005000,1005.0,16.75,1035.0,320.3,658.3,161,20.7217,False,False
102,1010000,1010.0,16.833,1040.0,328.3,1065.6,165,9.7525,False,False
102,1015000,1015.0,16.917,1045.0,338.5,704.8,170,8.1652,False,False
102,1020000,1020.0,17.0,1050.0,362.3,410.7,180,7.7758,False,False
102,1025000,1025.0,17.083,1055.0,350.5,386.6,175,5.9971,False,False
102,1030000,1030.0,17.167,1060.0,395.7,355.7,183,3.8869,False,False
102,1035000,1035.0,17.25,1065.0,384.3,351.0,190,2.6454,False,False
102,1040000,1040.0,17.333,1070.0,403.9,325.1,185,2.9767,False,False
102,1045000,1045.0,17.417,1075.0,369.4,406.6,183,2.8287,False,False
102,1050000,1050.0,17.5,1080.0,345.4,259.5,172,3.7803,False,False
102,1055000,1055.0,17.583,1085.0,330.3,251.0,166,9.5164,False,False
102,1060000,1060.0,17.667,1090.0,332.2,229.8,167,10.9457,False,False
102,1065000,1065.0,17.75,1095.0,308.2,257.9,155,12.3659,False,False
102,1070000,1070.0,17.833,1100.0,347.4,175.0,173,11.5407,False,False
102,1075000,1075.0,17.917,1105.0,285.2,343.2,140,12.3806,False,False
102,1080000,1080.0,18.0,1110.0,267.9,338.0,133,11.7771,False,False
102,1085000,1085.0,18.083,1115.0,308.4,177.0,155,114.3179,False,False
102,1090000,1090.0,18.167,1120.0,330.5,137.6,166,117.1574,False,False
102,1095000,1095.0,18.25,1125.0,326.5,136.2,164,75.3265,False,False
102,1100000,1100.0,18.333,1130.0,335.8,157.3,167,69.9584,False,False
102,1105000,1105.0,18.417,1135.0,310.0,197.2,154,78.2173,False,False
102,1110000,1110.0,18.5,1140.0,306.2,213.1,150,72.4452,False,False
102,1115000,1115.0,18.583,1145.0,313.1,191.7,154,73.1525,False,False
102,1120000,1120.0,18.667,1150.0,336.1,168.7,169,97.4023,False,False
102,1125000,1125.0,18.75,1155.0,372.2,130.5,187,109.2505,False,False
102,1130000,1130.0,18.833,1160.0,320.2,183.6,159,108.378,False,False
102,1135000,1135.0,18.917,1165.0,340.3,153.9,171,115.4831,False,False
102,1140000,1140.0,19.0,1170.0,312.6,212.0,153,123.2663,False,False
102,1145000,1145.0,19.083,1175.0,319.2,200.2,160,125.8562,False,False
102,1150000,1150.0,19.167,1180.0,348.4,138.5,175,122.136,False,False
102,1155000,1155.0,19.25,1185.0,300.2,200.1,151,118.1608,False,False
102,1160000,1160.0,19.333,1190.0,304.6,218.0,151,116.1248,False,False
102,1165000,1165.0,19.417,1195.0,308.0,211.8,153,116.4193,False,False
102,1170000,1170.0,19.5,1200.0,325.5,168.8,163,93.1464,False,False
102,1175000,1175.0,19.583,1205.0,324.0,158.5,161,79.9798,False,False
102,1180000,1180.0,19.667,1210.0,320.2,158.0,161,81.0456,False,False
102,1185000,1185.0,19.75,1215.0,337.2,140.6,168,82.2027,False,False
102,1190000,1190.0,19.833,1220.0,333.6,163.2,160,84.6367,False,False
102,1195000,1195.0,19.917,1225.0,371.1,118.5,184,105.2157,True,False
102,1200000,1200.0,20.0,1230.0,374.7,122.5,188,107.6594,False,False
102,1205000,1205.0,20.083,1235.0,399.1,127.3,200,91.4159,False,False
102,1210000,1210.0,20.167,1240.0,390.9,155.3,196,56.6847,False,False
102,1215000,1215.0,20.25,1245.0,344.0,189.5,171,58.9849,False,False
102,1220000,1220.0,20.333,1250.0,392.3,143.1,193,53.3321,False,False
102,1225000,1225.0,20.417,1255.0,362.1,175.6,182,61.6953,False,False
102,1230000,1230.0,20.5,1260.0,376.7,115.9,189,66.1445,True,False
102,1235000,1235.0,20.583,1265.0,363.5,114.0,178,103.6617,True,False
102,1240000,1240.0,20.667,1270.0,398.1,107.7,199,111.9595,True,False
102,1245000,1245.0,20.75,1275.0,372.4,132.9,187,114.8169,False,False
102,1250000,1250.0,20.833,1280.0,390.5,117.1,196,116.1269,True,False
102,1255000,1255.0,20.917,1285.0,387.3,123.8,192,117.8227,False,False
102,1260000,1260.0,21.0,1290.0,412.4,118.6,207,107.6342,True,False
102,1265000,1265.0,21.083,1295.0,406.6,123.6,204,111.9122,False,False
102,1270000,1270.0,21.167,1300.0,432.7,114.2,217,112.2814,True,False
102,1275000,1275.0,21.25,1305.0,403.8,116.4,200,106.737,True,False
102,1280000,1280.0,21.333,1310.0,445.9,100.7,223,110.9206,True,False
102,1285000,1285.0,21.417,1315.0,419.4,98.3,207,112.643,True,False
102,1290000,1290.0,21.5,1320.0,432.2,95.1,217,117.4212,True,False
102,1295000,1295.0,21.583,1325.0,440.0,94.4,218,119.0139,True,False
102,1300000,1300.0,21.667,1330.0,446.3,107.6,224,115.5276,True,False
102,1305000,1305.0,21.75,1335.0,437.0,109.5,218,112.8646,True,False
102,1310000,1310.0,21.833,1340.0,408.9,132.5,204,105.9743,False,False
102,1315000,1315.0,21.917,1345.0,404.7,122.0,199,102.296,False,False
102,1320000,1320.0,22.0,1350.0,452.2,96.6,225,97.1198,True,False
102,1325000,1325.0,22.083,1355.0,398.9,114.5,198,92.6779,True,False
102,1330000,1330.0,22.167,1360.0,417.2,96.1,205,91.7264,True,False
102,1335000,1335.0,22.25,1365.0,448.3,97.9,225,91.3771,True,False
102,1340000,1340.0,22.333,1370.0,410.4,109.7,206,85.2506,True,False
102,1345000,1345.0,22.417,1375.0,389.4,101.9,193,76.5421,True,False
102,1350000,1350.0,22.5,1380.0,416.8,85.2,209,75.6941,True,False
102,1355000,1355.0,22.583,1385.0,390.7,91.3,192,68.8993,True,False
102,1360000,1360.0,22.667,1390.0,378.4,119.6,190,64.8523,True,False
102,1365000,1365.0,22.75,1395.0,388.7,109.5,194,69.1953,True,False
102,1370000,1370.0,22.833,1400.0,406.5,105.0,204,53.4005,True,False
102,1375000,1375.0,22.917,1405.0,389.5,113.7,190,60.892,True,False
102,1380000,1380.0,23.0,1410.0,386.6,110.3,193,57.4394,True,False
102,1385000,1385.0,23.083,1415.0,376.2,175.4,189,43.9501,False,False
102,1390000,1390.0,23.167,1420.0,367.8,184.5,182,21.0537,False,False
102,1395000,1395.0,23.25,1425.0,414.6,106.3,208,17.759,True,False
102,1400000,1400.0,23.333,1430.0,431.3,86.9,216,22.4611,True,False
102,1405000,1405.0,23.417,1435.0,382.2,139.9,192,17.9204,False,False
102,1410000,1410.0,23.5,1440.0,410.3,106.0,206,23.7985,True,False
102,1415000,1415.0,23.583,1445.0,420.6,71.6,211,96.4916,True,False
102,1420000,1420.0,23.667,1450.0,423.9,74.7,208,91.9802,True,False
102,1425000,1425.0,23.75,1455.0,417.1,73.9,206,101.8536,True,False
102,1430000,1430.0,23.833,1460.0,402.7,93.7,200,83.9515,True,False
102,1435000,1435.0,23.917,1465.0,380.7,121.7,191,71.9324,False,False
102,1440000,1440.0,24.0,1470.0,395.9,122.6,198,66.3063,False,False
102,1445000,1445.0,24.083,1475.0,340.9,179.8,168,61.9786,False,False
102,1450000,1450.0,24.167,1480.0,346.4,198.3,174,70.1006,False,False
102,1455000,1455.0,24.25,1485.0,324.3,221.5,163,70.2792,False,False
102,1460000,1460.0,24.333,1490.0,294.2,261.4,148,140.5736,False,False
102,1465000,1465.0,24.417,1495.0,324.3,213.9,163,130.8516,False,False
102,1470000,1470.0,24.5,1500.0,326.4,211.9,159,143.9344,False,False
102,1475000,1475.0,24.583,1505.0,367.7,179.8,179,121.0713,False,False
102,1480000,1480.0,24.667,1510.0,376.2,163.2,189,85.9808,False,False
102,1485000,1485.0,24.75,1515.0,398.6,132.9,200,77.4328,False,False
102,1490000,1490.0,24.833,1520.0,364.1,128.2,183,78.3269,False,False
102,1495000,1495.0,24.917,1525.0,369.4,113.4,183,79.647,True,False
102,1500000,1500.0,25.0,1530.0,396.3,103.5,199,80.8697,True,False
102,1505000,1505.0,25.083,1535.0,414.7,115.4,208,69.8287,True,False
102,1510000,1510.0,25.167,1540.0,427.4,99.7,209,64.8246,True,False
102,1515000,1515.0,25.25,1545.0,394.8,131.3,198,66.8082,False,False
102,1520000,1520.0,25.333,1550.0,396.5,117.0,196,63.5511,True,False
102,1525000,1525.0,25.417,1555.0,402.9,113.4,197,54.9135,True,False
102,1530000,1530.0,25.5,1560.0,394.8,112.0,198,73.413,True,False
102,1535000,1535.0,25.583,1565.0,354.3,166.9,178,79.648,False,False
102,1540000,1540.0,25.667,1570.0,344.2,214.9,173,83.1078,False,False
102,1545000,1545.0,25.75,1575.0,308.3,238.0,155,96.7983,False,False
102,1550000,1550.0,25.833,1580.0,280.2,259.8,141,96.5714,False,False
102,1555000,1555.0,25.917,1585.0,284.6,240.3,143,127.2456,False,False
102,1560000,1560.0,26.0,1590.0,284.3,233.3,143,105.0644,False,False
102,1565000,1565.0,26.083,1595.0,276.2,236.8,139,146.0066,False,False
102,1570000,1570.0,26.167,1600.0,288.2,225.6,145,135.4685,False,False
102,1575000,1575.0,26.25,1605.0,276.3,244.3,137,132.5292,False,False
102,1580000,1580.0,26.333,1610.0,274.0,245.0,136,164.9328,False,False
102,1585000,1585.0,26.417,1615.0,287.4,217.0,141,185.0632,False,False
102,1590000,1590.0,26.5,1620.0,295.5,191.8,143,182.2173,False,False
102,1595000,1595.0,26.583,1625.0,299.0,189.8,150,167.2845,False,False
102,1600000,1600.0,26.667,1630.0,287.4,213.1,141,148.3828,False,False
102,1605000,1605.0,26.75,1635.0,319.1,187.4,157,123.7299,False,False
102,1610000,1610.0,26.833,1640.0,354.5,154.1,176,86.6552,False,False
102,1615000,1615.0,26.917,1645.0,354.6,158.1,178,68.3618,False,False
102,1620000,1620.0,27.0,1650.0,342.4,189.1,172,77.4095,False,False
102,1625000,1625.0,27.083,1655.0,346.5,185.2,174,74.6121,False,False
102,1630000,1630.0,27.167,1660.0,318.3,201.0,160,82.341,False,False
102,1635000,1635.0,27.25,1665.0,296.1,219.2,149,117.149,False,False
102,1640000,1640.0,27.333,1670.0,262.2,270.5,132,185.2213,False,False
107,0,0.0,0.0,30.0,358.5,375.1,176,1.0328,False,False
107,5000,5.0,0.083,35.0,347.3,424.8,172,0.9568,False,False
107,10000,10.0,0.167,40.0,367.4,546.4,178,0.8517,False,False
107,15000,15.0,0.25,45.0,332.5,476.2,167,1.7009,False,False
107,20000,20.0,0.333,50.0,322.5,336.5,161,4.8506,False,False
107,25000,25.0,0.417,55.0,316.2,364.5,159,4.7414,False,False
107,30000,30.0,0.5,60.0,310.7,328.0,153,4.8602,False,False
107,35000,35.0,0.583,65.0,350.0,391.2,173,5.2837,False,False
107,40000,40.0,0.667,70.0,308.4,394.2,155,8.3746,False,False
107,45000,45.0,0.75,75.0,302.7,381.2,152,12.7237,False,False
107,50000,50.0,0.833,80.0,303.6,393.9,150,10.1078,False,False
107,55000,55.0,0.917,85.0,303.5,375.7,150,10.0508,False,False
107,60000,60.0,1.0,90.0,348.6,211.6,173,9.1413,False,False
107,65000,65.0,1.083,95.0,304.1,244.9,152,26.6433,False,False
107,70000,70.0,1.167,100.0,386.2,197.6,194,30.6533,False,False
107,75000,75.0,1.25,105.0,355.7,226.9,175,15.899,False,False
107,80000,80.0,1.333,110.0,380.2,191.4,191,20.0057,False,False
107,85000,85.0,1.417,115.0,397.6,177.8,199,27.5624,False,False
107,90000,90.0,1.5,120.0,385.2,208.3,192,25.4552,False,False
107,95000,95.0,1.583,125.0,359.7,235.8,177,29.0664,False,False
107,100000,100.0,1.667,130.0,354.8,248.5,176,61.7017,False,False
107,105000,105.0,1.75,135.0,350.9,241.5,176,116.5099,False,False
107,110000,110.0,1.833,140.0,346.0,236.5,172,112.9174,False,False
107,115000,115.0,1.917,145.0,339.2,237.4,168,123.5219,False,False
107,120000,120.0,2.0,150.0,335.9,244.4,165,113.3389,False,False
107,125000,125.0,2.083,155.0,344.2,231.5,170,124.2026,False,False
107,130000,130.0,2.167,160.0,356.7,225.6,179,51.1914,False,False
107,135000,135.0,2.25,165.0,357.9,245.7,178,26.0624,False,False
107,140000,140.0,2.333,170.0,411.8,233.3,141,21.6728,False,False
107,145000,145.0,2.417,175.0,391.4,207.0,149,8.0004,False,False
107,150000,150.0,2.5,180.0,329.6,225.8,141,7.9331,False,False
107,155000,155.0,2.583,185.0,279.9,361.6,133,10.3966,False,False
107,160000,160.0,2.667,190.0,317.0,311.6,157,8.488,False,False
107,165000,165.0,2.75,195.0,321.7,295.0,157,8.0116,False,False
107,170000,170.0,2.833,200.0,308.2,350.7,152,24.4645,False,False
107,175000,175.0,2.917,205.0,326.8,400.3,160,19.6243,False,False
107,180000,180.0,3.0,210.0,337.5,323.8,161,19.9266,False,False
107,185000,185.0,3.083,215.0,348.5,260.4,170,23.1254,False,True
107,190000,190.0,3.167,220.0,334.6,181.7,168,34.3508,False,True
107,195000,195.0,3.25,225.0,318.5,174.8,160,201.9739,False,True
107,200000,200.0,3.333,230.0,320.6,186.5,159,116.7308,False,True
107,205000,205.0,3.417,235.0,313.9,190.8,153,128.6154,False,True
107,210000,210.0,3.5,240.0,313.1,190.7,151,107.2212,False,True
107,215000,215.0,3.583,245.0,314.2,181.1,158,111.5238,False,True
107,220000,220.0,3.667,250.0,321.8,169.2,161,116.001,False,True
107,225000,225.0,3.75,255.0,310.5,168.4,156,107.9855,False,True
107,230000,230.0,3.833,260.0,348.6,130.0,173,159.7757,False,True
107,235000,235.0,3.917,265.0,324.0,173.1,157,164.0319,False,True
107,240000,240.0,4.0,270.0,327.5,205.6,158,167.7109,False,True
107,245000,245.0,4.083,275.0,301.6,301.9,151,152.5813,False,True
107,250000,250.0,4.167,280.0,279.0,363.9,135,153.1262,False,True
107,255000,255.0,4.25,285.0,254.2,353.0,126,135.0558,False,True
107,260000,260.0,4.333,290.0,244.2,291.9,123,177.2821,False,True
107,265000,265.0,4.417,295.0,279.1,248.5,137,142.758,False,True
107,270000,270.0,4.5,300.0,317.9,214.8,154,162.6539,False,True
107,275000,275.0,4.583,305.0,341.5,309.5,166,112.1013,False,True
107,280000,280.0,4.667,310.0,335.0,171.4,167,129.6527,False,True
107,285000,285.0,4.75,315.0,314.5,175.6,158,19.8131,False,True
107,290000,290.0,4.833,320.0,314.1,226.3,156,8.0609,False,True
107,295000,295.0,4.917,325.0,302.6,238.9,152,8.2984,False,True
107,300000,300.0,5.0,330.0,297.0,304.9,149,5.4041,False,True
107,305000,305.0,5.083,335.0,306.7,394.4,154,5.0441,False,True
107,310000,310.0,5.167,340.0,300.7,315.6,147,5.6695,False,True
107,315000,315.0,5.25,345.0,298.2,357.7,148,9.0458,False,True
107,320000,320.0,5.333,350.0,329.0,316.2,163,8.7552,False,True
107,325000,325.0,5.417,355.0,340.6,305.9,169,15.064,False,True
107,330000,330.0,5.5,360.0,324.2,345.0,163,18.5087,False,True
107,335000,335.0,5.583,365.0,336.3,310.9,169,24.8548,False,True
107,340000,340.0,5.667,370.0,346.5,304.4,172,34.8028,False,True
107,345000,345.0,5.75,375.0,332.9,249.5,161,41.3138,False,True
107,350000,350.0,5.833,380.0,337.9,268.3,167,58.3562,False,True
107,355000,355.0,5.917,385.0,301.0,278.0,149,52.923,False,True
107,360000,360.0,6.0,390.0,314.3,227.9,158,57.9744,False,True
107,365000,365.0,6.083,395.0,332.3,208.3,167,61.9825,False,True
107,370000,370.0,6.167,400.0,315.4,224.5,156,54.699,False,True
107,375000,375.0,6.25,405.0,312.4,232.2,157,54.267,False,True
107,380000,380.0,6.333,410.0,339.2,188.3,167,51.1603,False,True
107,385000,385.0,6.417,415.0,302.1,228.5,149,50.5541,False,True
107,390000,390.0,6.5,420.0,343.2,200.4,165,48.8697,False,True
107,395000,395.0,6.583,425.0,330.4,206.3,165,56.4863,False,True
107,400000,400.0,6.667,430.0,306.6,228.4,152,49.3088,False,True
107,405000,405.0,6.75,435.0,291.0,240.9,144,46.3165,False,True
107,410000,410.0,6.833,440.0,305.1,210.2,150,54.0899,False,True
107,415000,415.0,6.917,445.0,296.3,218.2,147,62.6794,False,True
107,420000,420.0,7.0,450.0,282.1,229.7,137,71.2008,False,True
107,425000,425.0,7.083,455.0,296.0,241.1,147,61.0258,False,False
107,430000,430.0,7.167,460.0,342.5,171.4,171,63.8888,False,False
107,435000,435.0,7.25,465.0,332.6,192.8,166,58.8862,False,False
107,440000,440.0,7.333,470.0,323.6,197.8,162,52.092,False,False
107,445000,445.0,7.417,475.0,315.4,246.5,157,59.8809,False,False
107,450000,450.0,7.5,480.0,331.0,244.9,164,70.4175,False,False
107,455000,455.0,7.583,485.0,313.0,253.6,154,83.1711,False,False
107,460000,460.0,7.667,490.0,310.1,244.6,156,81.3899,False,False
107,465000,465.0,7.75,495.0,312.2,236.8,155,111.2656,False,False
107,470000,470.0,7.833,500.0,317.8,230.3,158,105.205,False,False
107,475000,475.0,7.917,505.0,336.3,201.8,169,58.9152,False,False
107,480000,480.0,8.0,510.0,331.1,202.1,162,51.6719,False,False
107,485000,485.0,8.083,515.0,342.3,194.0,169,32.1664,False,False
107,490000,490.0,8.167,520.0,330.5,192.6,164,29.9712,False,False
107,495000,495.0,8.25,525.0,312.7,239.8,157,18.5002,False,False
107,500000,500.0,8.333,530.0,299.8,267.2,150,11.4216,False,False
107,505000,505.0,8.417,535.0,303.6,264.3,150,8.819,False,False
107,510000,510.0,8.5,540.0,326.5,263.4,160,8.7241,False,False
107,515000,515.0,8.583,545.0,314.9,262.7,156,8.5135,False,False
107,520000,520.0,8.667,550.0,317.7,279.5,149,8.5725,False,False
107,525000,525.0,8.75,555.0,300.4,231.1,151,21.7678,False,False
107,530000,530.0,8.833,560.0,319.1,162.7,155,30.5002,False,False
107,535000,535.0,8.917,565.0,357.1,134.9,176,53.599,False,False
107,540000,540.0,9.0,570.0,376.2,124.2,189,64.4577,False,False
107,545000,545.0,9.083,575.0,376.2,126.3,187,189.3153,False,False
107,550000,550.0,9.167,580.0,421.9,99.3,210,189.4891,True,False
107,555000,555.0,9.25,585.0,436.1,93.4,214,176.6749,True,False
107,560000,560.0,9.333,590.0,412.7,124.4,203,128.6853,False,False
107,565000,565.0,9.417,595.0,300.5,187.8,150,71.0915,False,False
107,570000,570.0,9.5,600.0,410.8,125.3,203,40.3304,False,False
107,575000,575.0,9.583,605.0,308.4,212.2,155,33.7603,False,False
107,580000,580.0,9.667,610.0,356.3,214.8,179,17.6054,False,False
107,585000,585.0,9.75,615.0,307.9,287.4,151,24.0503,False,False
107,590000,590.0,9.833,620.0,307.9,252.6,151,19.7035,False,False
107,595000,595.0,9.917,625.0,330.5,286.8,164,23.8165,False,False
107,600000,600.0,10.0,630.0,324.7,262.5,163,29.7272,False,False
107,605000,605.0,10.083,635.0,320.6,264.6,161,44.0777,False,False
107,610000,610.0,10.167,640.0,360.5,193.1,179,100.4582,False,False
107,615000,615.0,10.25,645.0,310.6,257.7,154,100.992,False,False
107,620000,620.0,10.333,650.0,317.0,247.5,155,141.1444,False,False
107,625000,625.0,10.417,655.0,320.4,239.2,157,136.4566,False,False
107,630000,630.0,10.5,660.0,304.2,240.2,153,112.3444,False,False
107,635000,635.0,10.583,665.0,305.6,237.1,153,92.6267,False,False
107,640000,640.0,10.667,670.0,309.5,246.4,152,99.5153,False,False
107,645000,645.0,10.75,675.0,298.5,244.6,147,73.6023,False,False
107,650000,650.0,10.833,680.0,304.3,238.1,153,76.28,False,False
107,655000,655.0,10.917,685.0,292.2,240.4,147,86.5861,False,False
107,660000,660.0,11.0,690.0,308.2,222.1,155,60.2266,False,False
107,665000,665.0,11.083,695.0,287.2,261.1,139,71.7253,False,False
107,670000,670.0,11.167,700.0,323.0,230.0,162,69.6724,False,False
107,675000,675.0,11.25,705.0,350.9,187.2,171,67.9811,False,False
107,680000,680.0,11.333,710.0,353.8,198.7,171,77.3828,False,False
107,685000,685.0,11.417,715.0,424.3,148.0,212,115.5941,False,False
107,690000,690.0,11.5,720.0,397.6,112.3,197,124.0592,True,False
107,695000,695.0,11.583,725.0,427.5,99.6,213,157.5221,True,False
107,700000,700.0,11.667,730.0,412.7,102.7,206,154.4098,True,False
107,705000,705.0,11.75,735.0,417.4,112.4,207,126.5752,True,False
107,710000,710.0,11.833,740.0,384.3,124.8,193,131.6073,False,False
107,715000,715.0,11.917,745.0,394.1,127.7,195,107.978,False,False
107,720000,720.0,12.0,750.0,404.5,110.6,201,100.9952,True,False
107,725000,725.0,12.083,755.0,408.6,112.0,201,86.4196,True,False
107,730000,730.0,12.167,760.0,392.1,110.8,193,122.4906,True,False
107,735000,735.0,12.25,765.0,301.4,185.8,150,107.7727,False,False
107,740000,740.0,12.333,770.0,379.5,138.0,189,84.3239,False,False
107,745000,745.0,12.417,775.0,363.3,164.9,180,94.8011,False,False
107,750000,750.0,12.5,780.0,310.3,219.9,156,105.1068,False,False
107,755000,755.0,12.583,785.0,320.4,220.9,161,102.0151,False,False
107,760000,760.0,12.667,790.0,368.1,173.4,185,95.2562,False,False
107,765000,765.0,12.75,795.0,360.3,167.5,181,143.784,False,False
107,770000,770.0,12.833,800.0,315.5,220.3,153,117.078,False,False
107,775000,775.0,12.917,805.0,362.0,166.5,176,84.2292,False,False
107,780000,780.0,13.0,810.0,300.4,245.6,151,72.893,False,False
107,785000,785.0,13.083,815.0,340.3,178.8,166,67.7163,False,False
107,790000,790.0,13.167,820.0,313.5,264.5,154,77.3689,False,False
107,795000,795.0,13.25,825.0,322.1,251.1,156,76.6747,False,False
107,800000,800.0,13.333,830.0,320.9,233.7,159,100.9865,False,False
107,805000,805.0,13.417,835.0,295.8,223.7,146,170.7769,False,False
107,810000,810.0,13.5,840.0,304.2,233.8,153,196.638,False,False
107,815000,815.0,13.583,845.0,302.2,220.7,146,136.5386,False,False
107,820000,820.0,13.667,850.0,309.3,180.5,154,148.0883,False,False
107,825000,825.0,13.75,855.0,316.6,187.8,156,139.097,False,False
107,830000,830.0,13.833,860.0,322.7,195.6,162,125.8139,False,False
107,835000,835.0,13.917,865.0,350.2,171.0,176,118.9454,False,False
107,840000,840.0,14.0,870.0,354.4,151.4,178,151.0433,False,False
107,845000,845.0,14.083,875.0,304.1,267.0,153,156.003,False,False
107,850000,850.0,14.167,880.0,306.2,242.4,154,179.9884,False,False
107,855000,855.0,14.25,885.0,320.3,190.5,161,158.3563,False,False
107,860000,860.0,14.333,890.0,312.9,209.0,155,157.082,False,False
107,865000,865.0,14.417,895.0,350.2,157.2,176,170.0701,False,False
107,870000,870.0,14.5,900.0,356.2,165.2,179,164.262,False,False
107,875000,875.0,14.583,905.0,321.7,255.9,158,155.9608,False,False
107,880000,880.0,14.667,910.0,306.2,269.8,154,204.6671,False,False
107,885000,885.0,14.75,915.0,292.1,233.8,144,197.8843,False,False
107,890000,890.0,14.833,920.0,300.8,288.8,151,227.0926,False,False
107,895000,895.0,14.917,925.0,312.3,206.6,157,257.6586,False,False
107,900000,900.0,15.0,930.0,310.7,289.5,146,188.3663,False,False
107,905000,905.0,15.083,935.0,330.7,191.1,166,170.0119,False,False
107,910000,910.0,15.167,940.0,384.7,139.8,193,129.1615,False,False
107,915000,915.0,15.25,945.0,353.6,168.9,171,131.5673,False,False
107,920000,920.0,15.333,950.0,374.3,143.5,186,125.1237,False,False
107,925000,925.0,15.417,955.0,326.0,217.0,158,130.5791,False,False
107,930000,930.0,15.5,960.0,334.7,187.8,168,188.1186,False,False
107,935000,935.0,15.583,965.0,323.5,197.1,160,117.8683,False,False
107,940000,940.0,15.667,970.0,300.7,290.0,145,121.8794,False,False
107,945000,945.0,15.75,975.0,305.2,313.1,148,78.0961,False,False
107,950000,950.0,15.833,980.0,312.5,267.3,157,66.7727,False,False
107,955000,955.0,15.917,985.0,317.7,270.7,159,66.7014,False,False
107,960000,960.0,16.0,990.0,341.1,263.0,168,26.3822,False,False
107,965000,965.0,16.083,995.0,354.1,252.0,176,20.1415,False,False
107,970000,970.0,16.167,1000.0,339.6,264.8,164,18.143,False,False
107,975000,975.0,16.25,1005.0,309.6,301.2,152,22.9377,False,False
107,980000,980.0,16.333,1010.0,310.2,287.6,156,19.9955,False,False
107,985000,985.0,16.417,1015.0,308.3,280.5,155,26.6473,False,False
107,990000,990.0,16.5,1020.0,317.5,178.6,156,41.485,False,False
107,995000,995.0,16.583,1025.0,321.0,164.9,160,202.3072,False,False
107,1000000,1000.0,16.667,1030.0,298.1,183.4,148,236.6064,False,False
107,1005000,1005.0,16.75,1035.0,310.6,155.2,155,165.565,False,False
107,1010000,1010.0,16.833,1040.0,336.9,152.3,168,106.1299,False,False
107,1015000,1015.0,16.917,1045.0,326.3,161.8,161,108.6689,False,False
107,1020000,1020.0,17.0,1050.0,336.3,163.6,169,111.2231,False,False
107,1025000,1025.0,17.083,1055.0,351.3,161.0,174,108.2138,False,False
107,1030000,1030.0,17.167,1060.0,306.6,257.9,154,125.6958,False,False
107,1035000,1035.0,17.25,1065.0,323.5,232.8,161,161.258,False,False
107,1040000,1040.0,17.333,1070.0,331.7,216.0,166,195.9776,False,False
107,1045000,1045.0,17.417,1075.0,332.7,207.2,162,179.5068,False,False
107,1050000,1050.0,17.5,1080.0,325.5,203.2,160,180.9946,False,False
107,1055000,1055.0,17.583,1085.0,327.0,201.2,163,138.307,False,False
107,1060000,1060.0,17.667,1090.0,325.6,199.6,162,86.8432,False,False
107,1065000,1065.0,17.75,1095.0,314.6,269.9,156,6.8624,False,False
107,1070000,1070.0,17.833,1100.0,320.5,225.6,155,7.498,False,False
107,1075000,1075.0,17.917,1105.0,308.6,242.8,155,6.3203,False,False
107,1080000,1080.0,18.0,1110.0,308.5,267.7,152,5.7878,False,False
107,1085000,1085.0,18.083,1115.0,305.5,256.5,153,5.7113,False,False
107,1090000,1090.0,18.167,1120.0,319.2,239.8,159,6.9482,False,False
107,1095000,1095.0,18.25,1125.0,328.2,278.1,165,25.2086,False,False
107,1100000,1100.0,18.333,1130.0,322.7,268.2,157,29.6249,False,False
107,1105000,1105.0,18.417,1135.0,316.8,256.0,159,56.2501,False,False
107,1110000,1110.0,18.5,1140.0,322.4,243.5,162,63.9019,False,False
107,1115000,1115.0,18.583,1145.0,312.3,312.7,155,8.0637,False,False
107,1120000,1120.0,18.667,1150.0,304.7,353.3,148,5.9222,False,False
107,1125000,1125.0,18.75,1155.0,327.1,281.4,163,6.8432,False,False
107,1130000,1130.0,18.833,1160.0,316.1,319.1,157,7.3858,False,False
107,1135000,1135.0,18.917,1165.0,315.6,259.8,157,6.7618,False,False
107,1140000,1140.0,19.0,1170.0,316.3,192.2,156,62.2122,False,False
107,1145000,1145.0,19.083,1175.0,308.9,184.6,153,106.232,False,False
107,1150000,1150.0,19.167,1180.0,322.9,147.3,157,121.3273,False,False
107,1155000,1155.0,19.25,1185.0,296.3,240.0,149,172.1483,False,False
107,1160000,1160.0,19.333,1190.0,286.4,232.3,144,240.3954,False,False
107,1165000,1165.0,19.417,1195.0,292.4,215.5,145,206.8251,False,False
107,1170000,1170.0,19.5,1200.0,311.5,193.4,156,169.5058,False,False
107,1175000,1175.0,19.583,1205.0,341.9,155.6,169,213.257,False,False
107,1180000,1180.0,19.667,1210.0,340.3,135.5,166,168.5356,False,False
107,1185000,1185.0,19.75,1215.0,275.3,243.0,137,212.4523,False,False
107,1190000,1190.0,19.833,1220.0,286.2,261.3,144,28.662,False,False
107,1195000,1195.0,19.917,1225.0,274.8,296.9,138,22.3586,False,False
107,1200000,1200.0,20.0,1230.0,258.4,613.7,130,13.8913,False,False
107,1205000,1205.0,20.083,1235.0,290.5,348.0,144,13.7636,False,False
107,1210000,1210.0,20.167,1240.0,287.5,322.7,141,13.7544,False,False
107,1215000,1215.0,20.25,1245.0,304.5,312.3,151,20.2244,False,False
107,1220000,1220.0,20.333,1250.0,326.2,244.3,164,39.2327,False,False
107,1225000,1225.0,20.417,1255.0,330.6,233.9,162,42.4727,False,False
107,1230000,1230.0,20.5,1260.0,350.5,187.4,173,135.2616,False,False
107,1235000,1235.0,20.583,1265.0,338.2,197.4,170,141.3153,False,False
107,1240000,1240.0,20.667,1270.0,359.6,173.8,177,165.7845,False,False
107,1245000,1245.0,20.75,1275.0,390.1,139.6,196,218.6052,False,False
107,1250000,1250.0,20.833,1280.0,391.7,139.4,194,231.5144,False,False
107,1255000,1255.0,20.917,1285.0,441.6,107.6,220,214.0225,True,False
107,1260000,1260.0,21.0,1290.0,461.6,90.6,229,202.8009,True,False
107,1265000,1265.0,21.083,1295.0,448.2,88.8,225,202.5467,True,False
107,1270000,1270.0,21.167,1300.0,420.3,103.4,208,185.2095,True,False
107,1275000,1275.0,21.25,1305.0,437.6,94.1,219,94.0664,True,False
107,1280000,1280.0,21.333,1310.0,420.5,102.6,205,71.6969,True,False
107,1285000,1285.0,21.417,1315.0,386.2,143.5,194,89.5932,False,False
107,1290000,1290.0,21.5,1320.0,346.3,185.6,170,49.2873,False,False
107,1295000,1295.0,21.583,1325.0,355.3,188.2,177,46.3349,False,False
107,1300000,1300.0,21.667,1330.0,332.3,200.5,164,37.7562,False,False
107,1305000,1305.0,21.75,1335.0,350.9,208.7,175,38.3694,False,False
107,1310000,1310.0,21.833,1340.0,314.7,236.2,156,36.4672,False,False
107,1315000,1315.0,21.917,1345.0,334.2,195.0,164,38.4189,False,False
107,1320000,1320.0,22.0,1350.0,313.6,232.5,156,19.4046,False,False
107,1325000,1325.0,22.083,1355.0,343.9,216.7,169,22.1709,False,False
107,1330000,1330.0,22.167,1360.0,346.1,195.1,172,27.4727,False,False
107,1335000,1335.0,22.25,1365.0,346.4,181.9,174,13.6242,False,False
107,1340000,1340.0,22.333,1370.0,318.4,219.7,160,15.2477,False,False
107,1345000,1345.0,22.417,1375.0,336.7,210.3,169,23.048,False,False
107,1350000,1350.0,22.5,1380.0,326.7,253.3,162,20.5911,False,False
107,1355000,1355.0,22.583,1385.0,332.2,224.6,167,28.3215,False,False
107,1360000,1360.0,22.667,1390.0,321.8,275.2,159,34.1686,False,False
107,1365000,1365.0,22.75,1395.0,333.3,230.0,167,35.564,False,False
107,1370000,1370.0,22.833,1400.0,343.3,230.2,170,30.1079,False,False
107,1375000,1375.0,22.917,1405.0,375.1,198.3,186,28.3914,False,False
107,1380000,1380.0,23.0,1410.0,428.8,143.4,213,16.7247,False,False
107,1385000,1385.0,23.083,1415.0,462.7,116.8,232,15.0571,True,False
107,1390000,1390.0,23.167,1420.0,489.2,89.0,245,12.8931,True,False
107,1395000,1395.0,23.25,1425.0,507.2,74.8,250,9.9495,True,False
107,1400000,1400.0,23.333,1430.0,467.7,117.5,232,7.8745,True,False
107,1405000,1405.0,23.417,1435.0,442.0,129.6,221,6.721,False,False
107,1410000,1410.0,23.5,1440.0,439.9,135.2,220,7.8112,False,False
107,1415000,1415.0,23.583,1445.0,433.8,121.6,211,6.0766,False,False
107,1420000,1420.0,23.667,1450.0,407.8,141.9,204,6.3338,False,False
107,1425000,1425.0,23.75,1455.0,388.2,152.0,195,7.3539,False,False
107,1430000,1430.0,23.833,1460.0,389.0,155.8,193,7.6076,False,False
107,1435000,1435.0,23.917,1465.0,374.9,173.9,186,5.4419,False,False
107,1440000,1440.0,24.0,1470.0,358.8,209.6,179,2.6122,False,False
107,1445000,1445.0,24.083,1475.0,346.5,264.2,174,2.454,False,False
107,1450000,1450.0,24.167,1480.0,356.5,277.6,174,2.0841,False,False
107,1455000,1455.0,24.25,1485.0,364.4,288.6,183,2.2842,False,False
107,1460000,1460.0,24.333,1490.0,378.8,274.7,190,1.9959,False,False
107,1465000,1465.0,24.417,1495.0,347.4,307.3,174,2.7033,False,False
107,1470000,1470.0,24.5,1500.0,356.4,300.3,177,5.3706,False,False
107,1475000,1475.0,24.583,1505.0,351.8,310.5,171,7.7783,False,False
107,1480000,1480.0,24.667,1510.0,362.7,254.3,170,11.2093,False,False
107,1485000,1485.0,24.75,1515.0,337.8,263.9,169,18.6273,False,False
107,1490000,1490.0,24.833,1520.0,324.2,273.0,161,23.7754,False,False
107,1495000,1495.0,24.917,1525.0,338.5,315.9,164,37.7526,False,False
107,1500000,1500.0,25.0,1530.0,309.6,364.8,149,45.399,False,False
107,1505000,1505.0,25.083,1535.0,327.6,345.2,150,41.2803,False,False
107,1510000,1510.0,25.167,1540.0,332.5,330.2,158,42.0287,False,False
107,1515000,1515.0,25.25,1545.0,315.7,336.4,158,50.9555,False,False
107,1520000,1520.0,25.333,1550.0,311.7,327.5,155,33.4859,False,False
107,1525000,1525.0,25.417,1555.0,322.9,315.2,159,25.0241,False,False
107,1530000,1530.0,25.5,1560.0,342.3,261.2,169,21.0824,False,False
107,1535000,1535.0,25.583,1565.0,357.4,228.8,170,11.2281,False,False
107,1540000,1540.0,25.667,1570.0,337.6,226.8,163,13.6621,False,False
107,1545000,1545.0,25.75,1575.0,344.4,232.0,173,12.1408,False,False
107,1550000,1550.0,25.833,1580.0,363.0,234.2,180,23.8263,False,False
107,1555000,1555.0,25.917,1585.0,382.1,222.8,180,26.5559,False,False
107,1560000,1560.0,26.0,1590.0,334.3,418.0,164,35.4334,False,False
107,1565000,1565.0,26.083,1595.0,362.7,301.6,174,30.079,False,False
107,1570000,1570.0,26.167,1600.0,362.6,380.7,173,34.8223,False,False
107,1575000,1575.0,26.25,1605.0,318.3,351.7,160,38.5448,False,False
107,1580000,1580.0,26.333,1610.0,303.6,315.3,151,38.4633,False,False
107,1585000,1585.0,26.417,1615.0,293.9,303.6,142,20.8285,False,False
107,1590000,1590.0,26.5,1620.0,300.8,296.6,149,11.7684,False,False
107,1595000,1595.0,26.583,1625.0,286.4,341.4,139,10.9696,False,False
107,1600000,1600.0,26.667,1630.0,319.6,266.7,158,13.1762,False,False
107,1605000,1605.0,26.75,1635.0,309.1,285.4,152,12.9933,False,False
107,1610000,1610.0,26.833,1640.0,321.7,250.6,153,11.7908,False,False
107,1615000,1615.0,26.917,1645.0,334.3,260.9,168,10.5921,False,False
107,1620000,1620.0,27.0,1650.0,348.6,251.3,175,9.4049,False,False
107,1625000,1625.0,27.083,1655.0,347.7,265.9,168,9.1257,False,False
107,1630000,1630.0,27.167,1660.0,370.2,246.6,180,7.7515,False,False
107,1635000,1635.0,27.25,1665.0,377.5,236.8,186,10.3346,False,False
107,1640000,1640.0,27.333,1670.0,364.4,160.1,182,12.4742,False,False
107,1645000,1645.0,27.417,1675.0,341.1,206.4,166,7.5172,False,False
107,1650000,1650.0,27.5,1680.0,330.7,233.7,166,4.1024,False,False
107,1655000,1655.0,27.583,1685.0,306.0,336.6,146,4.4261,False,False
107,1660000,1660.0,27.667,1690.0,310.9,356.9,152,4.1649,False,False
107,1665000,1665.0,27.75,1695.0,328.1,347.3,157,3.4906,False,False
107,1670000,1670.0,27.833,1700.0,329.4,335.3,154,1.8616,False,False
107,1675000,1675.0,27.917,1705.0,304.5,327.9,153,2.3684,False,False
107,1680000,1680.0,28.0,1710.0,331.7,253.2,166,3.7188,False,False
107,1685000,1685.0,28.083,1715.0,326.3,245.5,164,3.4765,False,False
107,1690000,1690.0,28.167,1720.0,322.2,225.0,162,11.3543,False,False
107,1695000,1695.0,28.25,1725.0,304.3,267.4,149,8.5745,False,False
107,1700000,1700.0,28.333,1730.0,346.7,243.7,171,43.4517,False,False
107,1705000,1705.0,28.417,1735.0,341.0,241.6,165,45.1668,False,False
107,1710000,1710.0,28.5,1740.0,344.9,228.7,173,111.581,False,False
107,1715000,1715.0,28.583,1745.0,310.2,260.6,153,182.2623,False,False
107,1720000,1720.0,28.667,1750.0,302.8,258.0,149,211.479,False,False
107,1725000,1725.0,28.75,1755.0,287.8,277.1,143,195.4536,False,False
107,1730000,1730.0,28.833,1760.0,332.5,210.7,167,152.5487,False,False
107,1735000,1735.0,28.917,1765.0,336.3,204.8,162,157.2196,False,False
107,1740000,1740.0,29.0,1770.0,309.0,221.0,155,135.4384,False,False
107,1745000,1745.0,29.083,1775.0,325.4,242.7,162,111.4637,False,False
107,1750000,1750.0,29.167,1780.0,352.3,176.8,172,83.5506,False,False
107,1755000,1755.0,29.25,1785.0,318.4,241.3,160,94.7366,False,False
107,1760000,1760.0,29.333,1790.0,336.2,206.3,169,80.6368,False,False
107,1765000,1765.0,29.417,1795.0,313.2,231.9,152,93.548,False,False
107,1770000,1770.0,29.5,1800.0,319.1,214.9,159,83.2296,False,False
107,1775000,1775.0,29.583,1805.0,303.5,238.6,151,104.9482,False,False
107,1780000,1780.0,29.667,1810.0,317.1,227.2,157,99.5691,False,False
107,1785000,1785.0,29.75,1815.0,317.6,219.3,158,109.5191,False,False
107,1790000,1790.0,29.833,1820.0,330.4,211.0,166,84.8843,False,False
107,1795000,1795.0,29.917,1825.0,322.5,218.0,162,75.9737,False,False
107,1800000,1800.0,30.0,1830.0,307.0,231.5,150,64.941,False,False
107,1805000,1805.0,30.083,1835.0,354.0,186.5,175,67.801,False,False
107,1810000,1810.0,30.167,1840.0,335.1,183.3,167,69.4096,False,False
107,1815000,1815.0,30.25,1845.0,304.4,216.7,142,62.4431,False,False
107,1820000,1820.0,30.333,1850.0,362.8,197.6,182,70.7753,False,False
107,1825000,1825.0,30.417,1855.0,390.5,162.5,196,79.9242,False,False
107,1830000,1830.0,30.5,1860.0,356.8,202.7,174,77.8834,False,False
107,1835000,1835.0,30.583,1865.0,362.9,178.0,180,71.8319,False,False
107,1840000,1840.0,30.667,1870.0,350.8,199.3,168,61.1161,False,False
107,1845000,1845.0,30.75,1875.0,358.4,236.9,178,42.9028,False,False
107,1850000,1850.0,30.833,1880.0,350.2,242.8,176,35.9679,False,False
107,1855000,1855.0,30.917,1885.0,324.8,244.8,162,15.2874,False,False
107,1860000,1860.0,31.0,1890.0,318.6,256.9,154,11.0361,False,False
107,1865000,1865.0,31.083,1895.0,321.6,276.5,158,13.3987,False,False
107,1870000,1870.0,31.167,1900.0,318.0,218.0,156,15.6814,False,False
107,1875000,1875.0,31.25,1905.0,302.0,247.1,150,15.936,False,False
107,1880000,1880.0,31.333,1910.0,301.6,194.7,150,48.1661,False,False
107,1885000,1885.0,31.417,1915.0,322.7,166.6,162,81.0466,False,False
107,1890000,1890.0,31.5,1920.0,340.9,180.6,169,110.0827,False,False
107,1895000,1895.0,31.583,1925.0,345.0,153.3,172,121.6468,False,False
107,1900000,1900.0,31.667,1930.0,331.8,204.1,160,117.3079,False,False
107,1905000,1905.0,31.75,1935.0,334.1,211.9,162,108.4085,False,False
107,1910000,1910.0,31.833,1940.0,338.2,149.7,168,94.9119,False,False
107,1915000,1915.0,31.917,1945.0,314.2,185.9,158,97.3137,False,False
107,1920000,1920.0,32.0,1950.0,346.1,204.7,170,114.4968,False,False
107,1925000,1925.0,32.083,1955.0,314.8,151.5,158,117.8282,False,False
107,1930000,1930.0,32.167,1960.0,304.6,154.4,152,118.7748,False,False
107,1935000,1935.0,32.25,1965.0,327.2,229.2,164,144.851,False,False
107,1940000,1940.0,32.333,1970.0,323.1,239.3,160,127.0094,False,False
107,1945000,1945.0,32.417,1975.0,322.7,227.5,160,106.9608,False,False
107,1950000,1950.0,32.5,1980.0,326.7,179.3,164,99.5116,False,False
107,1955000,1955.0,32.583,1985.0,314.8,202.0,156,96.0685,False,False
107,1960000,1960.0,32.667,1990.0,319.8,219.5,155,68.849,False,False
107,1965000,1965.0,32.75,1995.0,318.7,295.6,157,46.3913,False,False
107,1970000,1970.0,32.833,2000.0,284.7,355.5,141,42.5298,False,False
107,1975000,1975.0,32.917,2005.0,281.3,379.3,135,45.7846,False,False
107,1980000,1980.0,33.0,2010.0,302.0,332.8,151,41.989,False,False
107,1985000,1985.0,33.083,2015.0,281.4,436.6,138,29.7477,False,False
107,1990000,1990.0,33.167,2020.0,274.2,422.3,138,39.103,False,False
107,1995000,1995.0,33.25,2025.0,292.5,298.4,143,26.6008,False,False
107,2000000,2000.0,33.333,2030.0,320.2,319.6,161,19.5064,False,False
107,2005000,2005.0,33.417,2035.0,316.0,314.4,157,16.3321,False,False
107,2010000,2010.0,33.5,2040.0,314.2,229.2,153,18.4971,False,False
107,2015000,2015.0,33.583,2045.0,319.7,188.8,156,13.9853,False,False
107,2020000,2020.0,33.667,2050.0,311.4,231.9,148,15.9967,False,False
107,2025000,2025.0,33.75,2055.0,317.8,217.0,156,14.4425,False,False
107,2030000,2030.0,33.833,2060.0,306.5,222.5,151,17.3956,False,False
107,2035000,2035.0,33.917,2065.0,315.3,244.3,152,17.2241,False,False
107,2040000,2040.0,34.0,2070.0,337.2,275.8,168,21.309,False,False
107,2045000,2045.0,34.083,2075.0,330.1,289.4,160,20.6678,False,False
107,2050000,2050.0,34.167,2080.0,373.4,246.9,185,22.2549,False,False
107,2055000,2055.0,34.25,2085.0,359.8,222.1,179,35.1191,False,False
107,2060000,2060.0,34.333,2090.0,336.8,217.7,167,39.6522,False,False
107,2065000,2065.0,34.417,2095.0,338.2,197.4,169,46.3925,False,False
107,2070000,2070.0,34.5,2100.0,328.3,213.7,165,44.168,False,False
107,2075000,2075.0,34.583,2105.0,324.3,251.5,163,42.222,False,False
107,2080000,2080.0,34.667,2110.0,306.4,519.6,154,29.8449,False,False
107,2085000,2085.0,34.75,2115.0,382.5,325.0,154,24.4495,False,False
107,2090000,2090.0,34.833,2120.0,376.0,247.0,148,22.5278,False,False
107,2095000,2095.0,34.917,2125.0,280.3,310.2,140,20.1067,False,False
107,2100000,2100.0,35.0,2130.0,307.9,251.7,152,17.9588,False,False
107,2105000,2105.0,35.083,2135.0,295.5,264.1,145,15.6421,False,False
107,2110000,2110.0,35.167,2140.0,303.0,240.2,139,20.5207,False,False
107,2115000,2115.0,35.25,2145.0,338.0,474.4,165,19.8944,False,False
107,2120000,2120.0,35.333,2150.0,352.3,452.8,177,22.33,False,False
107,2125000,2125.0,35.417,2155.0,328.3,479.6,165,24.7005,False,False
107,2130000,2130.0,35.5,2160.0,335.9,473.5,166,30.4718,False,False
107,2135000,2135.0,35.583,2165.0,309.5,432.6,155,33.795,False,False
107,2140000,2140.0,35.667,2170.0,320.7,383.7,161,29.6557,False,False
107,2145000,2145.0,35.75,2175.0,309.3,294.2,154,25.0617,False,False
107,2150000,2150.0,35.833,2180.0,308.8,286.5,146,21.6869,False,False
107,2155000,2155.0,35.917,2185.0,302.4,348.7,152,18.838,False,False
107,2160000,2160.0,36.0,2190.0,317.2,345.5,156,16.3927,False,False
107,2165000,2165.0,36.083,2195.0,304.4,326.6,153,21.4475,False,False
107,2170000,2170.0,36.167,2200.0,304.8,409.6,149,15.9382,False,False
107,2175000,2175.0,36.25,2205.0,299.3,381.7,147,18.9981,False,False
107,2180000,2180.0,36.333,2210.0,286.2,394.4,136,18.1595,False,False
107,2185000,2185.0,36.417,2215.0,272.4,417.7,134,22.5757,False,False
107,2190000,2190.0,36.5,2220.0,276.0,433.5,135,17.0702,False,False
107,2195000,2195.0,36.583,2225.0,295.7,386.1,144,18.3044,False,False
107,2200000,2200.0,36.667,2230.0,311.8,255.1,142,19.2799,False,False
107,2205000,2205.0,36.75,2235.0,275.6,336.9,134,17.6893,False,False
107,2210000,2210.0,36.833,2240.0,261.2,328.8,123,21.105,False,False
107,2215000,2215.0,36.917,2245.0,264.8,325.9,131,21.7603,False,False
107,2220000,2220.0,37.0,2250.0,270.5,317.3,136,21.4462,False,False
107,2225000,2225.0,37.083,2255.0,273.4,405.4,136,16.4559,False,False
107,2230000,2230.0,37.167,2260.0,265.2,368.8,129,19.3651,False,False
107,2235000,2235.0,37.25,2265.0,279.8,435.1,131,19.3992,False,False
107,2240000,2240.0,37.333,2270.0,311.7,375.8,134,16.4497,False,False
107,2245000,2245.0,37.417,2275.0,346.5,742.1,174,19.2071,False,False
107,2250000,2250.0,37.5,2280.0,314.3,646.8,158,18.0106,False,False
107,2255000,2255.0,37.583,2285.0,317.2,374.9,159,19.2849,False,False
107,2260000,2260.0,37.667,2290.0,377.0,198.9,187,39.2108,False,False
107,2265000,2265.0,37.75,2295.0,388.2,186.7,195,70.3113,False,False
107,2270000,2270.0,37.833,2300.0,418.4,145.2,205,44.7463,False,False
107,2275000,2275.0,37.917,2305.0,368.3,198.4,185,35.2906,False,False
107,2280000,2280.0,38.0,2310.0,384.3,183.0,193,44.6619,False,False
107,2285000,2285.0,38.083,2315.0,328.3,294.2,165,47.5881,False,False
107,2290000,2290.0,38.167,2320.0,341.2,223.5,169,66.1878,False,False
107,2295000,2295.0,38.25,2325.0,312.3,317.1,157,98.6522,False,False
107,2300000,2300.0,38.333,2330.0,300.1,274.1,151,136.6865,False,False
107,2305000,2305.0,38.417,2335.0,294.2,286.4,148,135.0391,False,False
107,2310000,2310.0,38.5,2340.0,291.6,288.8,145,165.9192,False,False
107,2315000,2315.0,38.583,2345.0,287.4,293.6,139,141.2672,False,False
107,2320000,2320.0,38.667,2350.0,276.8,284.8,133,172.1348,False,False
107,2325000,2325.0,38.75,2355.0,301.9,220.5,150,288.618,False,False
107,2330000,2330.0,38.833,2360.0,309.6,202.9,147,220.2572,False,False
107,2335000,2335.0,38.917,2365.0,282.6,225.5,138,221.0342,False,False
107,2340000,2340.0,39.0,2370.0,288.0,209.5,143,260.8563,False,False
107,2345000,2345.0,39.083,2375.0,282.6,214.4,137,202.917,False,False
107,2350000,2350.0,39.167,2380.0,295.9,212.4,143,204.868,False,False
107,2355000,2355.0,39.25,2385.0,277.6,216.0,138,286.9323,False,False
107,2360000,2360.0,39.333,2390.0,272.2,217.3,137,292.8951,False,False
107,2365000,2365.0,39.417,2395.0,289.4,234.0,143,249.5944,False,False
107,2370000,2370.0,39.5,2400.0,294.9,268.3,146,272.363,False,False
107,2375000,2375.0,39.583,2405.0,271.4,314.8,135,324.6659,False,False
107,2380000,2380.0,39.667,2410.0,244.9,360.5,122,343.6738,False,False
107,2385000,2385.0,39.75,2415.0,258.2,355.5,129,150.8999,False,False
107,2390000,2390.0,39.833,2420.0,276.2,357.1,139,78.4512,False,False
107,2395000,2395.0,39.917,2425.0,279.0,376.3,137,113.2555,False,False
107,2400000,2400.0,40.0,2430.0,273.1,352.5,134,72.5193,False,False
107,2405000,2405.0,40.083,2435.0,303.1,474.1,151,111.5694,False,False
107,2410000,2410.0,40.167,2440.0,293.4,224.4,142,76.2014,False,False
107,2415000,2415.0,40.25,2445.0,305.0,268.5,148,190.4838,False,False
107,2420000,2420.0,40.333,2450.0,292.3,260.9,147,298.2535,False,False
107,2425000,2425.0,40.417,2455.0,278.0,292.6,135,313.7599,False,False
107,2430000,2430.0,40.5,2460.0,276.4,332.1,137,295.5452,False,False
107,2435000,2435.0,40.583,2465.0,274.4,330.7,138,319.3933,False,False
107,2440000,2440.0,40.667,2470.0,278.9,335.6,136,292.9248,False,False
107,2445000,2445.0,40.75,2475.0,305.8,274.2,150,277.0676,False,False
107,2450000,2450.0,40.833,2480.0,290.2,294.0,140,294.7377,False,False
107,2455000,2455.0,40.917,2485.0,300.3,269.6,149,225.9358,False,False
107,2460000,2460.0,41.0,2490.0,305.0,336.4,152,254.9907,False,False
107,2465000,2465.0,41.083,2495.0,308.2,335.2,155,235.8369,False,False
107,2470000,2470.0,41.167,2500.0,316.4,317.3,159,244.0216,False,False
107,2475000,2475.0,41.25,2505.0,314.4,316.4,158,206.9779,False,False
107,2480000,2480.0,41.333,2510.0,314.3,317.9,154,212.218,False,False
107,2485000,2485.0,41.417,2515.0,304.4,323.2,149,222.4356,False,False
107,2490000,2490.0,41.5,2520.0,311.9,215.0,151,207.0739,False,False
107,2495000,2495.0,41.583,2525.0,306.2,213.9,154,188.629,False,False
107,2500000,2500.0,41.667,2530.0,270.2,264.6,136,143.6698,False,False
107,2505000,2505.0,41.75,2535.0,282.5,226.8,142,83.8464,False,False
107,2510000,2510.0,41.833,2540.0,288.8,226.5,144,131.4601,False,False
107,2515000,2515.0,41.917,2545.0,258.9,236.3,128,91.0398,False,False
107,2520000,2520.0,42.0,2550.0,273.7,227.9,134,116.7189,False,False
107,2525000,2525.0,42.083,2555.0,278.9,231.4,137,112.3879,False,False
107,2530000,2530.0,42.167,2560.0,300.2,215.4,151,328.8492,False,False
107,2535000,2535.0,42.25,2565.0,288.2,236.1,145,301.9699,False,False
107,2540000,2540.0,42.333,2570.0,300.4,228.1,148,285.174,False,False
107,2545000,2545.0,42.417,2575.0,271.0,261.2,131,299.2181,False,False
107,2550000,2550.0,42.5,2580.0,291.2,245.9,141,286.3008,False,False
107,2555000,2555.0,42.583,2585.0,278.2,258.3,140,293.5839,False,False
107,2560000,2560.0,42.667,2590.0,268.3,265.7,131,311.2015,False,False
107,2565000,2565.0,42.75,2595.0,281.9,235.0,141,303.7964,False,False
107,2570000,2570.0,42.833,2600.0,272.3,264.1,137,301.8447,False,False
107,2575000,2575.0,42.917,2605.0,279.8,260.8,134,245.3409,False,False
107,2580000,2580.0,43.0,2610.0,265.9,291.3,129,297.7902,False,False
107,2585000,2585.0,43.083,2615.0,289.4,275.5,140,253.4302,False,False
107,2590000,2590.0,43.167,2620.0,287.5,273.8,139,274.0696,False,False
107,2595000,2595.0,43.25,2625.0,292.0,271.6,145,282.032,False,False
107,2600000,2600.0,43.333,2630.0,294.3,277.3,148,248.2443,False,False
107,2605000,2605.0,43.417,2635.0,293.5,229.3,144,286.9831,False,False
107,2610000,2610.0,43.5,2640.0,291.2,230.9,145,278.4173,False,False
107,2615000,2615.0,43.583,2645.0,302.3,274.4,148,270.895,False,False
107,2620000,2620.0,43.667,2650.0,287.8,299.5,140,284.1918,False,False
107,2625000,2625.0,43.75,2655.0,289.1,287.2,143,272.8653,False,False
107,2630000,2630.0,43.833,2660.0,290.8,284.8,145,304.2431,False,False
107,2635000,2635.0,43.917,2665.0,279.1,288.9,139,230.4387,False,False
107,2640000,2640.0,44.0,2670.0,281.8,290.2,137,251.7982,False,False
107,2645000,2645.0,44.083,2675.0,284.2,288.3,143,226.8677,False,False
107,2650000,2650.0,44.167,2680.0,299.0,278.8,146,235.3692,False,False
107,2655000,2655.0,44.25,2685.0,291.9,288.6,145,275.2163,False,False
107,2660000,2660.0,44.333,2690.0,271.9,272.4,133,285.119,False,False
107,2665000,2665.0,44.417,2695.0,307.3,211.1,144,311.2991,False,False
107,2670000,2670.0,44.5,2700.0,283.4,255.5,137,320.9279,False,False
107,2675000,2675.0,44.583,2705.0,290.2,252.1,146,275.9068,False,False
107,2680000,2680.0,44.667,2710.0,270.2,305.6,136,305.5254,False,False
107,2685000,2685.0,44.75,2715.0,277.9,290.7,136,278.26,False,False
107,2690000,2690.0,44.833,2720.0,276.3,309.5,139,266.0592,False,False
107,2695000,2695.0,44.917,2725.0,270.2,345.8,131,274.2251,False,False
107,2700000,2700.0,45.0,2730.0,277.2,327.2,138,236.5719,False,False
107,2705000,2705.0,45.083,2735.0,282.3,304.1,142,273.4294,False,False
107,2710000,2710.0,45.167,2740.0,288.2,254.1,145,272.9482,False,False
107,2715000,2715.0,45.25,2745.0,298.2,224.1,150,278.075,False,False
107,2720000,2720.0,45.333,2750.0,296.7,211.6,144,283.7084,False,False
107,2725000,2725.0,45.417,2755.0,298.2,213.0,149,297.8517,False,False
107,2730000,2730.0,45.5,2760.0,288.7,206.6,138,295.9631,False,False
107,2735000,2735.0,45.583,2765.0,281.2,200.2,132,282.1194,False,False
107,2740000,2740.0,45.667,2770.0,290.6,222.3,146,286.5271,False,False
107,2745000,2745.0,45.75,2775.0,255.0,276.7,122,243.7465,False,False
107,2750000,2750.0,45.833,2780.0,288.4,249.0,145,282.6064,False,False
107,2755000,2755.0,45.917,2785.0,288.8,248.8,143,247.5748,False,False
107,2760000,2760.0,46.0,2790.0,278.0,259.5,138,256.0732,False,False
107,2765000,2765.0,46.083,2795.0,276.9,241.2,135,271.7332,False,False
107,2770000,2770.0,46.167,2800.0,282.3,235.6,142,267.2518,False,False
107,2775000,2775.0,46.25,2805.0,214.2,315.4,108,277.1689,False,False
107,2780000,2780.0,46.333,2810.0,210.1,262.5,106,278.3346,False,False
107,2785000,2785.0,46.417,2815.0,206.2,296.4,104,275.7292,False,False
107,2790000,2790.0,46.5,2820.0,277.2,216.9,136,208.7553,False,False
107,2795000,2795.0,46.583,2825.0,269.9,235.8,132,238.1431,False,False
107,2800000,2800.0,46.667,2830.0,277.2,241.1,136,208.0021,False,False
107,2805000,2805.0,46.75,2835.0,261.5,264.9,127,199.3919,False,False
107,2810000,2810.0,46.833,2840.0,271.6,262.9,130,158.4711,False,False
107,2815000,2815.0,46.917,2845.0,272.5,234.8,129,193.5097,False,False
107,2820000,2820.0,47.0,2850.0,275.6,227.0,135,197.8901,False,False
107,2825000,2825.0,47.083,2855.0,271.8,261.5,135,209.8306,False,False
107,2830000,2830.0,47.167,2860.0,270.8,239.3,132,197.191,False,False
107,2835000,2835.0,47.25,2865.0,270.2,229.5,136,270.1838,False,False
107,2840000,2840.0,47.333,2870.0,269.0,223.9,134,257.5847,False,False
107,2845000,2845.0,47.417,2875.0,285.7,200.4,141,268.987,False,False
107,2850000,2850.0,47.5,2880.0,283.5,246.8,138,269.9494,False,False
107,2855000,2855.0,47.583,2885.0,316.7,260.3,150,241.2263,False,False
107,2860000,2860.0,47.667,2890.0,301.6,286.7,148,244.605,False,False
107,2865000,2865.0,47.75,2895.0,292.9,326.6,146,240.0185,False,False
107,2870000,2870.0,47.833,2900.0,284.3,362.6,140,226.0351,False,False
107,2875000,2875.0,47.917,2905.0,282.2,338.6,140,252.3977,False,False
107,2880000,2880.0,48.0,2910.0,279.6,352.0,139,240.9806,False,False
107,2885000,2885.0,48.083,2915.0,280.3,329.9,141,246.0685,False,False
107,2890000,2890.0,48.167,2920.0,284.4,317.0,143,271.3857,False,False
107,2895000,2895.0,48.25,2925.0,280.6,350.8,141,257.1006,False,False
107,2900000,2900.0,48.333,2930.0,276.3,284.3,139,273.946,False,False
107,2905000,2905.0,48.417,2935.0,271.8,266.1,134,248.3108,False,False
107,2910000,2910.0,48.5,2940.0,277.0,355.6,138,252.959,False,False
107,2915000,2915.0,48.583,2945.0,258.9,403.3,125,272.8347,False,False
107,2920000,2920.0,48.667,2950.0,252.7,339.2,127,252.6221,False,False
107,2925000,2925.0,48.75,2955.0,252.2,334.8,127,345.0266,False,False
107,2930000,2930.0,48.833,2960.0,246.1,304.6,124,300.733,False,False
107,2935000,2935.0,48.917,2965.0,236.2,313.2,119,387.8302,False,False
107,2940000,2940.0,49.0,2970.0,232.3,286.7,117,348.7808,False,False
107,2945000,2945.0,49.083,2975.0,231.8,255.9,115,387.1601,False,False
107,2950000,2950.0,49.167,2980.0,242.3,235.8,122,371.9209,False,False
107,2955000,2955.0,49.25,2985.0,226.2,304.5,114,280.1383,False,False
107,2960000,2960.0,49.333,2990.0,240.8,286.0,116,335.8664,False,False
107,2965000,2965.0,49.417,2995.0,235.4,299.2,117,319.4156,False,False
107,2970000,2970.0,49.5,3000.0,242.2,251.3,122,343.4733,False,False
107,2975000,2975.0,49.583,3005.0,255.6,259.5,127,336.3066,False,False
107,2980000,2980.0,49.667,3010.0,248.2,257.0,125,392.3683,False,False
107,2985000,2985.0,49.75,3015.0,272.6,212.5,137,367.3623,False,False
107,2990000,2990.0,49.833,3020.0,260.2,239.3,131,335.7541,False,False
107,2995000,2995.0,49.917,3025.0,250.2,230.0,126,357.3493,False,False
107,3000000,3000.0,50.0,3030.0,248.2,271.5,125,401.0197,False,False
107,3005000,3005.0,50.083,3035.0,255.3,221.4,128,416.1587,False,False
107,3010000,3010.0,50.167,3040.0,265.2,231.2,131,418.6564,False,False
107,3015000,3015.0,50.25,3045.0,268.9,223.9,130,403.9565,False,False
107,3020000,3020.0,50.333,3050.0,235.7,273.7,114,351.3782,False,False
107,3025000,3025.0,50.417,3055.0,243.5,261.6,118,262.1311,False,False
107,3030000,3030.0,50.5,3060.0,272.3,246.5,137,224.4814,False,False
107,3035000,3035.0,50.583,3065.0,272.3,208.0,137,227.8756,False,False
107,3040000,3040.0,50.667,3070.0,261.8,257.5,126,229.481,False,False
107,3045000,3045.0,50.75,3075.0,253.5,252.6,125,260.0895,False,False
107,3050000,3050.0,50.833,3080.0,261.4,236.9,130,296.5617,False,False
107,3055000,3055.0,50.917,3085.0,262.3,243.8,128,262.9426,False,False
107,3060000,3060.0,51.0,3090.0,254.6,232.3,128,223.265,False,False
107,3065000,3065.0,51.083,3095.0,290.5,198.2,146,178.744,False,False
107,3070000,3070.0,51.167,3100.0,304.9,191.7,152,147.6551,False,False
107,3075000,3075.0,51.25,3105.0,316.6,187.7,157,133.5848,False,False
107,3080000,3080.0,51.333,3110.0,337.3,175.0,167,113.0809,False,False
107,3085000,3085.0,51.417,3115.0,337.6,164.0,168,114.6948,False,False
107,3090000,3090.0,51.5,3120.0,321.2,183.0,160,106.4977,False,False
107,3095000,3095.0,51.583,3125.0,342.8,160.2,168,95.764,False,False
107,3100000,3100.0,51.667,3130.0,315.3,177.6,155,98.4897,False,False
107,3105000,3105.0,51.75,3135.0,326.3,227.8,162,103.4942,False,False
107,3110000,3110.0,51.833,3140.0,288.2,375.6,145,108.6375,False,False
107,3115000,3115.0,51.917,3145.0,274.5,393.7,138,112.7295,False,False
107,3120000,3120.0,52.0,3150.0,265.8,248.4,132,154.3731,False,False
107,3125000,3125.0,52.083,3155.0,283.1,224.7,137,181.3041,False,False
107,3130000,3130.0,52.167,3160.0,283.8,236.5,141,205.8927,False,False
107,3135000,3135.0,52.25,3165.0,300.2,232.0,146,198.5191,False,False
107,3140000,3140.0,52.333,3170.0,279.1,234.5,137,229.9442,False,False
107,3145000,3145.0,52.417,3175.0,271.2,235.9,133,190.9561,False,False
107,3150000,3150.0,52.5,3180.0,261.0,391.5,126,147.6232,False,False
107,3155000,3155.0,52.583,3185.0,263.5,390.6,127,97.2447,False,False
107,3160000,3160.0,52.667,3190.0,277.0,258.0,118,66.8676,False,False
107,3165000,3165.0,52.75,3195.0,297.7,258.0,140,35.0948,False,False
107,3170000,3170.0,52.833,3200.0,291.3,261.9,143,25.7965,False,False
107,3175000,3175.0,52.917,3205.0,302.2,304.6,152,19.6683,False,False
107,3180000,3180.0,53.0,3210.0,332.1,223.3,159,17.1562,False,False
107,3185000,3185.0,53.083,3215.0,319.1,264.5,157,10.1132,False,False
107,3190000,3190.0,53.167,3220.0,322.3,265.5,160,16.7126,False,False
107,3195000,3195.0,53.25,3225.0,304.2,395.5,153,8.5606,False,False
107,3200000,3200.0,53.333,3230.0,324.4,352.1,163,8.994,False,False
107,3205000,3205.0,53.417,3235.0,285.5,389.7,142,10.67,False,False
107,3210000,3210.0,53.5,3240.0,272.0,388.3,137,10.0219,False,False
107,3215000,3215.0,53.583,3245.0,257.4,416.5,129,6.9052,False,False
107,3220000,3220.0,53.667,3250.0,248.1,384.3,123,59.7605,False,False
107,3225000,3225.0,53.75,3255.0,252.0,296.0,125,70.5056,False,False
107,3230000,3230.0,53.833,3260.0,272.2,273.9,135,49.7586,False,False
107,3235000,3235.0,53.917,3265.0,271.4,266.5,134,47.9228,False,False
107,3240000,3240.0,54.0,3270.0,267.2,300.4,131,36.6042,False,False
107,3245000,3245.0,54.083,3275.0,276.6,303.8,137,30.6494,False,False
112,0,0.0,0.0,30.0,330.5,254.5,166,0.8492,False,True
112,5000,5.0,0.083,35.0,304.5,282.1,153,0.84,False,True
112,10000,10.0,0.167,40.0,338.5,258.1,168,0.8313,False,True
112,15000,15.0,0.25,45.0,326.6,261.0,164,0.8454,False,True
112,20000,20.0,0.333,50.0,333.5,258.0,167,0.8473,False,True
112,25000,25.0,0.417,55.0,323.9,262.8,162,0.8441,False,True
112,30000,30.0,0.5,60.0,332.3,254.1,166,0.8386,False,True
112,35000,35.0,0.583,65.0,325.4,257.9,163,0.8881,False,True
112,40000,40.0,0.667,70.0,326.0,255.4,158,0.8947,False,True
112,45000,45.0,0.75,75.0,332.5,241.9,167,0.981,False,True
112,50000,50.0,0.833,80.0,330.3,238.7,165,0.9815,False,True
112,55000,55.0,0.917,85.0,315.4,249.9,158,0.9584,False,True
112,60000,60.0,1.0,90.0,308.8,252.9,155,0.9322,False,True
112,65000,65.0,1.083,95.0,321.5,243.6,161,0.8678,False,True
112,70000,70.0,1.167,100.0,316.4,256.8,159,0.9516,False,True
112,75000,75.0,1.25,105.0,342.8,229.0,168,0.8726,False,True
112,80000,80.0,1.333,110.0,313.7,266.1,153,1.0776,False,True
112,85000,85.0,1.417,115.0,325.9,244.9,159,1.0285,False,True
112,90000,90.0,1.5,120.0,322.9,243.1,157,1.146,False,True
112,95000,95.0,1.583,125.0,326.4,246.1,161,1.0546,False,True
112,100000,100.0,1.667,130.0,312.1,257.6,156,1.0262,False,True
112,105000,105.0,1.75,135.0,314.1,256.4,157,0.9159,False,True
112,110000,110.0,1.833,140.0,323.9,254.6,159,0.8825,False,True
112,115000,115.0,1.917,145.0,346.7,218.9,169,0.9864,False,True
112,120000,120.0,2.0,150.0,347.1,224.5,170,0.944,False,True
112,125000,125.0,2.083,155.0,343.4,220.3,168,0.9861,False,True
112,130000,130.0,2.167,160.0,344.5,227.9,169,1.2109,False,True
112,135000,135.0,2.25,165.0,325.2,247.7,162,1.1768,False,True
112,140000,140.0,2.333,170.0,318.8,256.9,159,1.1777,False,True
112,145000,145.0,2.417,175.0,332.2,244.7,163,1.0305,False,True
112,150000,150.0,2.5,180.0,335.9,239.9,165,1.0858,False,True
112,155000,155.0,2.583,185.0,336.5,236.2,167,0.8946,False,True
112,160000,160.0,2.667,190.0,340.0,236.3,167,0.861,False,False
112,165000,165.0,2.75,195.0,308.0,279.8,150,0.8841,False,False
112,170000,170.0,2.833,200.0,337.1,241.2,164,0.9318,False,False
112,175000,175.0,2.917,205.0,313.9,249.7,153,1.169,False,False
112,180000,180.0,3.0,210.0,300.6,246.6,147,1.2288,False,False
112,185000,185.0,3.083,215.0,289.4,247.7,143,1.3002,False,False
112,190000,190.0,3.167,220.0,301.1,237.2,147,1.2946,False,False
112,195000,195.0,3.25,225.0,299.9,241.9,146,1.2075,False,False
112,200000,200.0,3.333,230.0,322.8,224.7,157,1.0706,False,False
112,205000,205.0,3.417,235.0,311.6,242.0,154,0.9758,False,False
112,210000,210.0,3.5,240.0,319.0,245.8,155,0.8582,False,False
112,215000,215.0,3.583,245.0,318.6,245.8,160,0.9107,False,False
112,220000,220.0,3.667,250.0,316.3,256.5,157,0.8672,False,False
112,225000,225.0,3.75,255.0,304.4,257.5,151,0.8885,False,False
112,230000,230.0,3.833,260.0,304.4,257.7,153,0.8237,False,False
112,235000,235.0,3.917,265.0,305.8,255.8,152,0.8173,False,False
112,240000,240.0,4.0,270.0,287.6,263.0,143,0.8054,False,False
112,245000,245.0,4.083,275.0,290.5,258.5,144,0.8156,False,False
112,250000,250.0,4.167,280.0,277.4,256.9,138,0.8049,False,False
112,255000,255.0,4.25,285.0,301.7,251.8,147,0.8618,False,False
112,260000,260.0,4.333,290.0,299.3,251.1,146,0.9162,False,False
112,265000,265.0,4.417,295.0,300.8,244.7,147,0.8933,False,False
112,270000,270.0,4.5,300.0,287.1,260.2,140,0.8835,False,False
112,275000,275.0,4.583,305.0,305.9,244.5,152,0.8681,False,False
112,280000,280.0,4.667,310.0,326.1,234.8,160,0.84,False,False
112,285000,285.0,4.75,315.0,312.3,248.5,153,0.9415,False,False
112,290000,290.0,4.833,320.0,323.0,247.2,157,0.9318,False,False
112,295000,295.0,4.917,325.0,312.4,263.5,153,0.9575,False,False
112,300000,300.0,5.0,330.0,338.1,247.7,165,1.0919,False,False
112,305000,305.0,5.083,335.0,332.4,255.3,167,1.1137,False,False
112,310000,310.0,5.167,340.0,332.7,253.3,166,1.0229,False,False
112,315000,315.0,5.25,345.0,339.8,246.0,170,0.9623,False,False
112,320000,320.0,5.333,350.0,312.8,265.3,157,0.9405,False,False
112,325000,325.0,5.417,355.0,308.7,274.7,155,0.9879,False,False
112,330000,330.0,5.5,360.0,308.3,267.9,155,0.8665,False,False
112,335000,335.0,5.583,365.0,300.2,260.3,151,0.9647,False,False
112,340000,340.0,5.667,370.0,310.8,252.4,156,0.8888,False,False
112,345000,345.0,5.75,375.0,318.7,253.5,160,0.8709,False,False
112,350000,350.0,5.833,380.0,314.2,257.2,158,0.8589,False,False
112,355000,355.0,5.917,385.0,323.0,247.9,162,0.9515,False,False
112,360000,360.0,6.0,390.0,324.6,253.2,162,0.9502,False,False
112,365000,365.0,6.083,395.0,328.0,253.1,164,1.0684,False,False
112,370000,370.0,6.167,400.0,322.3,256.1,161,1.0013,False,False
112,375000,375.0,6.25,405.0,329.2,246.8,160,1.0252,False,False
112,380000,380.0,6.333,410.0,323.2,252.8,140,1.8441,False,False
112,385000,385.0,6.417,415.0,412.1,194.8,145,1.861,False,False
112,390000,390.0,6.5,420.0,550.3,123.9,155,2.1497,False,False
112,395000,395.0,6.583,425.0,588.9,31.0,294,2.2313,True,False
112,400000,400.0,6.667,430.0,571.6,29.5,286,4.5489,True,False
112,405000,405.0,6.75,435.0,547.9,27.6,274,38.7689,True,False
112,410000,410.0,6.833,440.0,529.0,25.4,264,1.0322,True,False
112,415000,415.0,6.917,445.0,528.3,25.7,264,0.7813,True,False
112,420000,420.0,7.0,450.0,534.0,26.4,267,0.5465,True,False
112,425000,425.0,7.083,455.0,520.1,24.5,260,0.6844,True,False
112,430000,430.0,7.167,460.0,518.1,24.2,259,0.819,True,False
112,435000,435.0,7.25,465.0,512.4,23.0,256,0.9908,True,False
112,440000,440.0,7.333,470.0,508.4,22.0,255,0.9273,True,False
112,445000,445.0,7.417,475.0,512.0,22.5,256,1.0779,True,False
112,450000,450.0,7.5,480.0,516.9,23.3,258,0.9992,True,False
112,455000,455.0,7.583,485.0,512.9,21.7,256,0.9473,True,False
112,460000,460.0,7.667,490.0,507.2,19.2,254,0.9355,True,False
112,465000,465.0,7.75,495.0,515.3,20.7,258,0.8885,True,False
112,470000,470.0,7.833,500.0,520.6,21.5,260,0.9575,True,False
112,475000,475.0,7.917,505.0,524.5,21.9,263,0.8065,True,False
112,480000,480.0,8.0,510.0,517.2,21.6,258,0.9085,True,False
112,485000,485.0,8.083,515.0,526.2,20.9,263,1.0106,True,False
112,490000,490.0,8.167,520.0,531.1,21.4,266,0.958,True,False
112,495000,495.0,8.25,525.0,532.6,20.2,267,1.1933,True,False
112,500000,500.0,8.333,530.0,536.1,19.5,268,1.1322,True,False
112,505000,505.0,8.417,535.0,538.3,18.9,269,1.4368,True,False
112,510000,510.0,8.5,540.0,541.7,18.1,271,1.3678,True,False
112,515000,515.0,8.583,545.0,540.1,17.5,270,1.236,True,False
112,520000,520.0,8.667,550.0,525.5,21.3,263,1.0017,True,False
112,525000,525.0,8.75,555.0,522.0,26.1,261,1.0324,True,False
112,530000,530.0,8.833,560.0,513.0,26.5,257,0.861,True,False
112,535000,535.0,8.917,565.0,511.2,26.3,255,0.4943,True,False
112,540000,540.0,9.0,570.0,512.2,50.5,228,0.7448,True,False
112,545000,545.0,9.083,575.0,394.8,539.2,198,0.9074,False,False
112,550000,550.0,9.167,580.0,410.2,408.5,204,1.1995,False,False
112,555000,555.0,9.25,585.0,410.8,401.8,205,1.5512,False,False
112,560000,560.0,9.333,590.0,415.4,384.6,208,1.2437,False,False
112,565000,565.0,9.417,595.0,416.5,312.7,209,1.1533,False,False
112,570000,570.0,9.5,600.0,490.1,126.7,225,1.01,False,False
112,575000,575.0,9.583,605.0,522.6,30.3,261,0.6561,True,False
112,580000,580.0,9.667,610.0,521.9,37.1,261,0.7844,True,False
112,585000,585.0,9.75,615.0,515.2,44.9,258,1.4693,True,False
112,590000,590.0,9.833,620.0,510.9,55.2,255,1.594,True,False
112,595000,595.0,9.917,625.0,522.7,53.7,260,1.8976,True,False
112,600000,600.0,10.0,630.0,550.6,29.2,275,1.6641,True,False
112,605000,605.0,10.083,635.0,547.3,30.6,274,1.6573,True,False
112,610000,610.0,10.167,640.0,517.4,45.2,259,1.1027,True,False
112,615000,615.0,10.25,645.0,464.4,72.9,230,0.997,True,False
112,620000,620.0,10.333,650.0,402.8,110.5,202,0.5459,True,False
112,625000,625.0,10.417,655.0,457.3,76.2,229,0.193,True,False
112,630000,630.0,10.5,660.0,468.9,71.4,235,0.2352,True,False
112,635000,635.0,10.583,665.0,486.2,61.1,241,0.8988,True,False
112,640000,640.0,10.667,670.0,509.9,49.4,255,1.1547,True,False
112,645000,645.0,10.75,675.0,554.0,19.0,277,0.9367,True,False
112,650000,650.0,10.833,680.0,565.4,8.9,283,1.0588,True,False
112,655000,655.0,10.917,685.0,567.3,5.9,284,1.2238,True,False
112,660000,660.0,11.0,690.0,563.9,8.0,282,0.5243,True,False
112,665000,665.0,11.083,695.0,562.5,10.4,280,0.5488,True,False
112,670000,670.0,11.167,700.0,567.6,5.0,284,0.6065,True,False
112,675000,675.0,11.25,705.0,565.8,10.4,283,0.5473,True,False
112,680000,680.0,11.333,710.0,569.1,8.2,285,0.3453,True,False
112,685000,685.0,11.417,715.0,571.4,8.3,285,0.3169,True,False
112,690000,690.0,11.5,720.0,575.2,4.9,285,0.2518,True,False
112,695000,695.0,11.583,725.0,577.3,1.3,288,0.1426,True,False
112,700000,700.0,11.667,730.0,580.4,1.2,290,0.1545,True,False
112,705000,705.0,11.75,735.0,584.3,1.6,292,0.1531,True,False
112,710000,710.0,11.833,740.0,587.7,1.6,294,0.2018,True,False
112,715000,715.0,11.917,745.0,591.4,1.7,296,0.2665,True,False
112,720000,720.0,12.0,750.0,596.4,1.6,297,0.4442,True,False
112,725000,725.0,12.083,755.0,600.5,1.5,301,0.5262,True,False
112,730000,730.0,12.167,760.0,606.6,3.6,303,0.5419,True,False
112,735000,735.0,12.25,765.0,607.4,5.7,304,0.5004,True,False
112,740000,740.0,12.333,770.0,610.5,6.0,305,0.572,True,False
112,745000,745.0,12.417,775.0,611.7,6.0,306,0.5086,True,False
112,750000,750.0,12.5,780.0,613.4,6.0,304,0.4859,True,False
112,755000,755.0,12.583,785.0,612.3,6.5,307,0.7014,True,False
112,760000,760.0,12.667,790.0,612.6,7.8,307,1.2378,True,False
112,765000,765.0,12.75,795.0,613.4,6.2,304,1.551,True,False
112,770000,770.0,12.833,800.0,616.2,6.2,308,1.4562,True,False
112,775000,775.0,12.917,805.0,618.3,6.1,309,1.3157,True,False
112,780000,780.0,13.0,810.0,617.9,5.5,306,1.1292,True,False
112,785000,785.0,13.083,815.0,619.3,3.9,310,0.8211,True,False
112,790000,790.0,13.167,820.0,617.8,0.8,309,0.0971,True,False
112,795000,795.0,13.25,825.0,619.1,0.7,308,0.0358,True,False
112,800000,800.0,13.333,830.0,618.9,0.7,310,0.0511,True,False
112,805000,805.0,13.417,835.0,618.7,0.7,309,0.0539,True,False
112,810000,810.0,13.5,840.0,619.8,0.6,310,0.0569,True,False
112,815000,815.0,13.583,845.0,620.6,0.6,310,0.064,True,False
112,820000,820.0,13.667,850.0,620.6,0.5,311,0.1564,True,False
112,825000,825.0,13.75,855.0,620.6,0.5,310,0.1909,True,False
112,830000,830.0,13.833,860.0,620.2,0.6,310,0.1821,True,False
112,835000,835.0,13.917,865.0,617.3,4.1,309,0.1751,True,False
112,840000,840.0,14.0,870.0,614.1,6.8,307,0.2065,True,False
112,845000,845.0,14.083,875.0,613.3,6.8,307,0.2039,True,False
112,850000,850.0,14.167,880.0,615.0,6.4,307,0.3862,True,False
112,855000,855.0,14.25,885.0,612.3,6.8,307,0.3338,True,False
112,860000,860.0,14.333,890.0,612.4,6.8,306,0.4334,True,False
112,865000,865.0,14.417,895.0,615.2,5.5,308,0.3725,True,False
112,870000,870.0,14.5,900.0,617.4,0.5,309,0.3926,True,False
112,875000,875.0,14.583,905.0,618.6,2.1,310,0.316,True,False
112,880000,880.0,14.667,910.0,620.7,5.3,311,0.1896,True,False
112,885000,885.0,14.75,915.0,608.5,21.2,304,0.459,True,False
112,890000,890.0,14.833,920.0,604.6,23.4,302,0.3172,True,False
112,895000,895.0,14.917,925.0,604.3,23.4,302,0.4615,True,False
112,900000,900.0,15.0,930.0,606.1,23.9,303,0.4327,True,False
112,905000,905.0,15.083,935.0,599.6,26.3,300,0.5823,True,False
112,910000,910.0,15.167,940.0,597.1,25.0,299,0.3863,True,False
112,915000,915.0,15.25,945.0,613.1,12.4,306,0.7359,True,False
112,920000,920.0,15.333,950.0,615.7,9.9,308,0.7166,True,False
112,925000,925.0,15.417,955.0,616.4,9.9,308,0.8271,True,False
112,930000,930.0,15.5,960.0,615.3,8.8,308,0.5126,True,False
112,935000,935.0,15.583,965.0,618.2,6.6,309,0.6873,True,False
112,940000,940.0,15.667,970.0,621.0,0.6,310,0.5861,True,False
112,945000,945.0,15.75,975.0,623.1,3.2,312,0.6199,True,False
112,950000,950.0,15.833,980.0,622.6,3.2,312,0.3256,True,False
112,955000,955.0,15.917,985.0,624.8,4.8,312,0.2366,True,False
112,960000,960.0,16.0,990.0,625.3,4.8,311,0.2927,True,False
112,965000,965.0,16.083,995.0,626.0,4.8,313,0.2585,True,False
112,970000,970.0,16.167,1000.0,627.0,4.8,314,0.1907,True,False
112,975000,975.0,16.25,1005.0,626.0,3.6,313,0.1914,True,False
112,980000,980.0,16.333,1010.0,626.8,3.6,313,0.3949,True,False
112,985000,985.0,16.417,1015.0,627.4,3.2,312,0.5877,True,False
112,990000,990.0,16.5,1020.0,627.2,4.1,311,0.7313,True,False
112,995000,995.0,16.583,1025.0,626.7,4.1,313,0.8425,True,False
112,1000000,1000.0,16.667,1030.0,627.0,4.1,313,0.8987,True,False
112,1005000,1005.0,16.75,1035.0,629.7,6.1,314,0.5477,True,False
112,1010000,1010.0,16.833,1040.0,631.5,6.1,316,0.4848,True,False
112,1015000,1015.0,16.917,1045.0,629.7,4.6,315,0.2941,True,False
112,1020000,1020.0,17.0,1050.0,627.5,7.2,314,0.2985,True,False
112,1025000,1025.0,17.083,1055.0,626.8,7.2,313,0.1927,True,False
112,1030000,1030.0,17.167,1060.0,626.3,7.2,313,0.2053,True,False
112,1035000,1035.0,17.25,1065.0,622.7,5.8,312,0.1395,True,False
112,1040000,1040.0,17.333,1070.0,621.6,5.6,309,0.1222,True,False
112,1045000,1045.0,17.417,1075.0,621.9,5.6,311,0.1448,True,False
112,1050000,1050.0,17.5,1080.0,624.7,1.1,312,0.0863,True,False
112,1055000,1055.0,17.583,1085.0,597.4,37.5,295,0.1397,True,False
112,1060000,1060.0,17.667,1090.0,503.5,135.4,252,0.0934,False,False
112,1065000,1065.0,17.75,1095.0,502.7,174.3,252,0.1488,False,False
112,1070000,1070.0,17.833,1100.0,503.0,180.4,252,0.0939,False,False
112,1075000,1075.0,17.917,1105.0,500.1,181.6,250,0.0916,False,False
112,1080000,1080.0,18.0,1110.0,490.8,187.1,238,0.0831,False,False
112,1085000,1085.0,18.083,1115.0,535.9,145.9,262,0.118,False,False
112,1090000,1090.0,18.167,1120.0,587.1,106.6,294,0.1075,True,False
112,1095000,1095.0,18.25,1125.0,585.7,106.8,293,0.0953,True,False
112,1100000,1100.0,18.333,1130.0,585.3,106.8,293,0.0907,True,False
112,1105000,1105.0,18.417,1135.0,583.7,107.1,292,0.1455,True,False
112,1110000,1110.0,18.5,1140.0,626.8,24.1,303,0.1906,True,False
112,1115000,1115.0,18.583,1145.0,635.4,2.5,318,0.1722,True,False
112,1120000,1120.0,18.667,1150.0,634.9,2.5,317,0.1504,True,False
112,1125000,1125.0,18.75,1155.0,634.5,3.5,317,0.4347,True,False
112,1130000,1130.0,18.833,1160.0,633.7,3.5,317,0.4278,True,False
112,1135000,1135.0,18.917,1165.0,633.4,3.1,317,0.4966,True,False
112,1140000,1140.0,19.0,1170.0,632.7,2.6,316,0.5069,True,False
112,1145000,1145.0,19.083,1175.0,635.5,3.9,317,0.6606,True,False
112,1150000,1150.0,19.167,1180.0,636.4,3.9,319,0.8611,True,False
112,1155000,1155.0,19.25,1185.0,631.0,10.6,315,0.482,True,False
112,1160000,1160.0,19.333,1190.0,636.3,9.9,318,0.8611,True,False
112,1165000,1165.0,19.417,1195.0,633.4,11.3,316,0.8109,True,False
112,1170000,1170.0,19.5,1200.0,635.3,9.9,318,0.8754,True,False
112,1175000,1175.0,19.583,1205.0,632.9,9.5,317,0.6848,True,False
112,1180000,1180.0,19.667,1210.0,632.6,9.5,316,0.5534,True,False
112,1185000,1185.0,19.75,1215.0,638.9,6.3,319,0.8301,True,False
112,1190000,1190.0,19.833,1220.0,637.5,6.0,319,0.5008,True,False
112,1195000,1195.0,19.917,1225.0,639.0,5.8,320,0.557,True,False
112,1200000,1200.0,20.0,1230.0,637.2,6.3,319,0.5223,True,False
112,1205000,1205.0,20.083,1235.0,639.6,6.5,320,0.0729,True,False
112,1210000,1210.0,20.167,1240.0,632.2,14.4,316,0.123,True,False
112,1215000,1215.0,20.25,1245.0,628.5,14.6,314,0.07,True,False
112,1220000,1220.0,20.333,1250.0,631.1,13.3,316,0.0747,True,False
112,1225000,1225.0,20.417,1255.0,631.4,13.2,316,0.0671,True,False
112,1230000,1230.0,20.5,1260.0,632.5,13.4,317,0.3002,True,False
112,1235000,1235.0,20.583,1265.0,632.6,13.5,316,0.5336,True,False
112,1240000,1240.0,20.667,1270.0,638.8,6.6,319,0.6946,True,False
112,1245000,1245.0,20.75,1275.0,641.6,5.2,321,0.672,True,False
112,1250000,1250.0,20.833,1280.0,642.3,5.2,321,0.677,True,False
112,1255000,1255.0,20.917,1285.0,639.2,13.7,320,1.0834,True,False
112,1260000,1260.0,21.0,1290.0,625.5,38.5,313,1.0369,True,False
112,1265000,1265.0,21.083,1295.0,559.4,178.4,280,0.8141,False,False
112,1270000,1270.0,21.167,1300.0,563.7,177.7,282,0.9866,False,False
112,1275000,1275.0,21.25,1305.0,561.2,228.9,281,1.1942,False,False
112,1280000,1280.0,21.333,1310.0,568.1,227.5,284,1.3898,False,False
112,1285000,1285.0,21.417,1315.0,575.5,175.6,288,1.2709,False,False
112,1290000,1290.0,21.5,1320.0,652.5,11.3,293,1.9475,True,False
112,1295000,1295.0,21.583,1325.0,656.0,12.5,327,2.1576,True,False
112,1300000,1300.0,21.667,1330.0,653.8,16.5,327,2.2807,True,False
112,1305000,1305.0,21.75,1335.0,661.0,11.8,331,1.9648,True,False
112,1310000,1310.0,21.833,1340.0,663.0,12.0,331,2.0008,True,False
112,1315000,1315.0,21.917,1345.0,663.8,11.5,332,1.7406,True,False
112,1320000,1320.0,22.0,1350.0,664.8,10.5,332,1.208,True,False
112,1325000,1325.0,22.083,1355.0,663.7,9.6,332,0.9716,True,False
112,1330000,1330.0,22.167,1360.0,661.6,5.5,331,0.9121,True,False
112,1335000,1335.0,22.25,1365.0,662.2,5.5,331,0.9073,True,False
112,1340000,1340.0,22.333,1370.0,661.3,4.7,331,0.7431,True,False
112,1345000,1345.0,22.417,1375.0,662.1,4.7,331,0.7408,True,False
112,1350000,1350.0,22.5,1380.0,663.0,4.7,331,0.6382,True,False
112,1355000,1355.0,22.583,1385.0,660.4,0.7,330,0.3403,True,False
112,1360000,1360.0,22.667,1390.0,660.9,0.5,331,0.2655,True,False
112,1365000,1365.0,22.75,1395.0,661.4,0.5,331,0.3153,True,False
112,1370000,1370.0,22.833,1400.0,662.1,6.2,331,0.9272,True,False
112,1375000,1375.0,22.917,1405.0,661.3,5.9,331,1.0116,True,False
112,1380000,1380.0,23.0,1410.0,661.9,5.9,331,0.9178,True,False
112,1385000,1385.0,23.083,1415.0,660.6,8.1,330,1.1978,True,False
112,1390000,1390.0,23.167,1420.0,659.7,12.0,327,1.45,True,False
112,1395000,1395.0,23.25,1425.0,662.9,12.3,330,2.4351,True,False
112,1400000,1400.0,23.333,1430.0,663.3,11.5,332,1.7221,True,False
112,1405000,1405.0,23.417,1435.0,658.8,15.5,328,1.7053,True,False
112,1410000,1410.0,23.5,1440.0,656.1,18.7,328,1.6475,True,False
112,1415000,1415.0,23.583,1445.0,657.3,17.3,328,1.5482,True,False
112,1420000,1420.0,23.667,1450.0,648.1,27.1,325,0.8216,True,False
112,1425000,1425.0,23.75,1455.0,645.2,27.0,323,0.548,True,False
112,1430000,1430.0,23.833,1460.0,649.5,25.2,324,0.6365,True,False
112,1435000,1435.0,23.917,1465.0,657.0,21.8,329,0.6732,True,False
112,1440000,1440.0,24.0,1470.0,657.1,21.3,329,0.2736,True,False
112,1445000,1445.0,24.083,1475.0,640.9,28.3,321,0.1996,True,False
112,1450000,1450.0,24.167,1480.0,647.1,20.6,324,0.5226,True,False
112,1455000,1455.0,24.25,1485.0,648.9,20.7,324,0.628,True,False
112,1460000,1460.0,24.333,1490.0,649.8,20.6,325,0.5559,True,False
112,1465000,1465.0,24.417,1495.0,648.1,22.1,324,0.7226,True,False
112,1470000,1470.0,24.5,1500.0,652.4,21.5,326,0.9516,True,False
112,1475000,1475.0,24.583,1505.0,674.6,9.8,337,1.1274,True,False
112,1480000,1480.0,24.667,1510.0,678.7,5.9,339,1.25,True,False
112,1485000,1485.0,24.75,1515.0,678.7,5.8,340,1.1643,True,False
112,1490000,1490.0,24.833,1520.0,681.0,6.4,341,1.2314,True,False
112,1495000,1495.0,24.917,1525.0,673.3,17.0,336,0.1504,True,False
112,1500000,1500.0,25.0,1530.0,672.0,16.6,336,0.1056,True,False
112,1505000,1505.0,25.083,1535.0,672.3,16.8,336,0.1344,True,False
112,1510000,1510.0,25.167,1540.0,672.4,16.6,337,0.0927,True,False
112,1515000,1515.0,25.25,1545.0,668.7,16.9,334,0.1778,True,False
112,1520000,1520.0,25.333,1550.0,663.1,17.4,332,0.3637,True,False
112,1525000,1525.0,25.417,1555.0,667.4,6.1,334,0.399,True,False
112,1530000,1530.0,25.5,1560.0,664.4,6.1,332,0.3581,True,False
112,1535000,1535.0,25.583,1565.0,660.8,5.3,331,0.4127,True,False
112,1540000,1540.0,25.667,1570.0,660.4,6.0,330,0.4356,True,False
112,1545000,1545.0,25.75,1575.0,659.8,7.7,330,0.4869,True,False
112,1550000,1550.0,25.833,1580.0,602.3,117.1,302,0.711,True,False
112,1555000,1555.0,25.917,1585.0,586.1,124.3,293,0.751,False,False
112,1560000,1560.0,26.0,1590.0,579.5,126.9,290,0.8366,False,False
112,1565000,1565.0,26.083,1595.0,569.9,143.2,285,0.9472,False,False
112,1570000,1570.0,26.167,1600.0,567.6,143.9,284,0.7015,False,False
112,1575000,1575.0,26.25,1605.0,574.4,143.6,285,0.5453,False,False
112,1580000,1580.0,26.333,1610.0,670.3,28.7,333,0.5276,True,False
112,1585000,1585.0,26.417,1615.0,681.7,12.9,341,0.412,True,False
112,1590000,1590.0,26.5,1620.0,683.8,9.2,342,0.7885,True,False
112,1595000,1595.0,26.583,1625.0,686.7,6.3,343,0.8354,True,False
112,1600000,1600.0,26.667,1630.0,682.1,10.2,341,1.9326,True,False
112,1605000,1605.0,26.75,1635.0,680.4,10.2,340,1.5329,True,False
112,1610000,1610.0,26.833,1640.0,675.5,17.5,338,1.7825,True,False
112,1615000,1615.0,26.917,1645.0,675.2,17.6,336,1.7017,True,False
112,1620000,1620.0,27.0,1650.0,670.8,20.2,335,2.5526,True,False
112,1625000,1625.0,27.083,1655.0,666.7,23.7,333,2.2597,True,False
112,1630000,1630.0,27.167,1660.0,682.5,16.4,341,3.5332,True,False
112,1635000,1635.0,27.25,1665.0,676.2,20.0,338,3.2603,True,False
112,1640000,1640.0,27.333,1670.0,659.0,23.7,330,3.7263,True,False
112,1645000,1645.0,27.417,1675.0,634.6,35.0,314,3.5669,True,False
112,1650000,1650.0,27.5,1680.0,641.4,37.5,321,2.5844,True,False
112,1655000,1655.0,27.583,1685.0,680.5,19.5,341,2.1325,True,False
112,1660000,1660.0,27.667,1690.0,678.2,18.9,339,1.9,True,False
112,1665000,1665.0,27.75,1695.0,682.8,15.2,341,1.626,True,False
112,1670000,1670.0,27.833,1700.0,688.8,14.6,342,1.3223,True,False
112,1675000,1675.0,27.917,1705.0,685.1,15.6,338,0.9988,True,False
112,1680000,1680.0,28.0,1710.0,689.5,13.3,344,1.3172,True,False
112,1685000,1685.0,28.083,1715.0,695.0,12.6,347,1.4645,True,False
112,1690000,1690.0,28.167,1720.0,696.9,10.5,349,1.2254,True,False
112,1695000,1695.0,28.25,1725.0,694.7,10.6,348,1.3421,True,False
112,1700000,1700.0,28.333,1730.0,682.8,15.6,342,1.1012,True,False
112,1705000,1705.0,28.417,1735.0,687.9,8.3,344,1.0007,True,False
112,1710000,1710.0,28.5,1740.0,687.6,5.4,344,1.0432,True,False
112,1715000,1715.0,28.583,1745.0,687.7,5.6,344,1.3498,True,False
112,1720000,1720.0,28.667,1750.0,688.7,5.5,345,1.2146,True,False
112,1725000,1725.0,28.75,1755.0,690.3,5.5,345,1.4148,True,False
112,1730000,1730.0,28.833,1760.0,690.1,7.2,345,0.9213,True,False
112,1735000,1735.0,28.917,1765.0,691.8,7.1,346,0.6025,True,False
112,1740000,1740.0,29.0,1770.0,694.6,4.9,347,0.4063,True,False
112,1745000,1745.0,29.083,1775.0,695.2,4.7,347,0.2159,True,False
112,1750000,1750.0,29.167,1780.0,695.6,4.7,348,0.1274,True,False
112,1755000,1755.0,29.25,1785.0,696.3,4.7,348,0.3333,True,False
112,1760000,1760.0,29.333,1790.0,689.5,18.7,345,0.3698,True,False
112,1765000,1765.0,29.417,1795.0,687.8,18.8,344,0.6804,True,False
112,1770000,1770.0,29.5,1800.0,687.9,18.8,344,0.7028,True,False
112,1775000,1775.0,29.583,1805.0,687.9,18.8,341,0.8338,True,False
112,1780000,1780.0,29.667,1810.0,687.8,19.3,344,0.6822,True,False
112,1785000,1785.0,29.75,1815.0,689.3,19.3,345,0.6445,True,False
112,1790000,1790.0,29.833,1820.0,699.2,4.7,349,0.2685,True,False
112,1795000,1795.0,29.917,1825.0,701.3,5.8,351,0.249,False,False
112,1800000,1800.0,30.0,1830.0,699.1,5.7,350,0.2522,True,False
112,1805000,1805.0,30.083,1835.0,699.2,3.4,345,0.2423,True,False
112,1810000,1810.0,30.167,1840.0,695.9,3.4,348,0.2398,True,False
112,1815000,1815.0,30.25,1845.0,692.3,3.4,346,0.2496,True,False
112,1820000,1820.0,30.333,1850.0,691.4,3.4,346,0.2303,True,False
112,1825000,1825.0,30.417,1855.0,692.8,1.1,347,0.3482,True,False
112,1830000,1830.0,30.5,1860.0,695.2,1.2,347,0.2813,True,False
112,1835000,1835.0,30.583,1865.0,698.0,1.2,349,0.2885,True,False
112,1840000,1840.0,30.667,1870.0,701.3,1.1,351,0.2582,False,False
112,1845000,1845.0,30.75,1875.0,704.5,0.9,351,0.2397,False,False
112,1850000,1850.0,30.833,1880.0,706.0,0.6,351,0.0941,False,False
112,1855000,1855.0,30.917,1885.0,706.8,0.6,353,0.1845,False,False
112,1860000,1860.0,31.0,1890.0,707.6,0.5,354,0.236,False,False
112,1865000,1865.0,31.083,1895.0,707.7,0.5,354,0.2745,False,False
112,1870000,1870.0,31.167,1900.0,708.4,1.9,354,0.2777,False,False
112,1875000,1875.0,31.25,1905.0,709.5,1.9,355,0.3977,False,False
112,1880000,1880.0,31.333,1910.0,711.5,3.0,356,0.6693,False,False
112,1885000,1885.0,31.417,1915.0,712.9,5.3,355,0.4448,False,False
112,1890000,1890.0,31.5,1920.0,717.5,5.3,359,0.4752,False,False
112,1895000,1895.0,31.583,1925.0,722.1,5.3,361,0.6272,False,False
112,1900000,1900.0,31.667,1930.0,723.5,6.6,362,0.7284,False,False
112,1905000,1905.0,31.75,1935.0,724.5,8.4,362,0.7531,False,False
112,1910000,1910.0,31.833,1940.0,725.4,8.2,360,1.0567,False,False
112,1915000,1915.0,31.917,1945.0,724.8,8.2,360,1.718,False,False
112,1920000,1920.0,32.0,1950.0,713.0,13.8,356,2.227,False,False
112,1925000,1925.0,32.083,1955.0,711.9,11.8,356,2.1929,False,False
112,1930000,1930.0,32.167,1960.0,707.6,14.5,354,2.1703,False,False
112,1935000,1935.0,32.25,1965.0,709.6,11.4,355,2.0358,False,False
112,1940000,1940.0,32.333,1970.0,709.2,11.4,350,1.5236,False,False
112,1945000,1945.0,32.417,1975.0,716.2,8.5,358,0.8183,False,False
112,1950000,1950.0,32.5,1980.0,720.1,8.1,357,0.6029,False,False
112,1955000,1955.0,32.583,1985.0,717.4,9.9,358,1.102,False,False
112,1960000,1960.0,32.667,1990.0,725.2,6.3,362,0.7157,False,False
112,1965000,1965.0,32.75,1995.0,712.5,16.1,356,0.7649,False,False
112,1970000,1970.0,32.833,2000.0,713.3,16.1,357,0.7682,False,False
112,1975000,1975.0,32.917,2005.0,718.8,14.7,359,0.6114,False,False
112,1980000,1980.0,33.0,2010.0,725.3,11.5,363,0.3439,False,False
112,1985000,1985.0,33.083,2015.0,719.8,15.3,358,0.0634,False,False
112,1990000,1990.0,33.167,2020.0,704.7,22.2,353,0.1401,False,False
112,1995000,1995.0,33.25,2025.0,710.6,17.2,354,0.0978,False,False
112,2000000,2000.0,33.333,2030.0,705.1,18.4,352,0.2685,False,False
112,2005000,2005.0,33.417,2035.0,680.7,28.6,341,0.5001,True,False
112,2010000,2010.0,33.5,2040.0,671.1,35.5,336,0.5505,True,False
112,2015000,2015.0,33.583,2045.0,630.0,102.7,315,0.5989,True,False
112,2020000,2020.0,33.667,2050.0,533.5,242.4,267,0.7123,False,False
112,2025000,2025.0,33.75,2055.0,447.5,283.7,224,0.7128,False,False
112,2030000,2030.0,33.833,2060.0,429.4,290.9,213,0.4895,False,False
112,2035000,2035.0,33.917,2065.0,441.6,285.0,221,0.4986,False,False
112,2040000,2040.0,34.0,2070.0,420.8,291.5,211,0.9279,False,False
112,2045000,2045.0,34.083,2075.0,463.6,248.9,220,1.326,False,False
112,2050000,2050.0,34.167,2080.0,405.2,172.1,203,1.6719,False,False
112,2055000,2055.0,34.25,2085.0,445.4,125.7,223,1.8741,False,False
112,2060000,2060.0,34.333,2090.0,410.3,150.6,204,1.9705,False,False
112,2065000,2065.0,34.417,2095.0,398.9,155.2,200,1.7073,False,False
112,2070000,2070.0,34.5,2100.0,379.0,177.1,188,1.759,False,False
112,2075000,2075.0,34.583,2105.0,349.8,181.2,174,1.5485,False,False
112,2080000,2080.0,34.667,2110.0,441.7,129.9,221,1.8047,False,False
112,2085000,2085.0,34.75,2115.0,371.6,178.0,185,1.6317,False,False
112,2090000,2090.0,34.833,2120.0,349.9,188.9,169,1.2034,False,False
112,2095000,2095.0,34.917,2125.0,359.9,189.4,178,1.2508,False,False
112,2100000,2100.0,35.0,2130.0,387.2,168.6,192,0.9107,False,False
112,2105000,2105.0,35.083,2135.0,428.7,136.4,210,0.5275,False,False
112,2110000,2110.0,35.167,2140.0,408.1,139.0,199,0.6386,False,False
112,2115000,2115.0,35.25,2145.0,521.6,107.8,261,0.6049,True,False
112,2120000,2120.0,35.333,2150.0,558.3,76.3,277,0.8563,True,False
112,2125000,2125.0,35.417,2155.0,554.2,70.0,268,0.9042,True,False
112,2130000,2130.0,35.5,2160.0,538.8,70.4,269,0.5266,True,False
112,2135000,2135.0,35.583,2165.0,526.8,76.2,261,0.4431,True,False
112,2140000,2140.0,35.667,2170.0,400.7,174.9,199,0.3801,False,False
112,2145000,2145.0,35.75,2175.0,270.5,330.3,136,0.4344,False,False
112,2150000,2150.0,35.833,2180.0,283.3,347.1,142,0.6449,False,False
112,2155000,2155.0,35.917,2185.0,226.6,404.1,109,0.5824,False,False
112,2160000,2160.0,36.0,2190.0,183.2,522.6,91,1.0279,False,False
112,2165000,2165.0,36.083,2195.0,156.7,597.9,79,0.9568,False,False
112,2170000,2170.0,36.167,2200.0,206.3,465.6,102,0.9104,False,False
112,2175000,2175.0,36.25,2205.0,254.9,328.8,126,0.8622,False,False
112,2180000,2180.0,36.333,2210.0,251.5,310.6,126,1.0903,False,False
112,2185000,2185.0,36.417,2215.0,199.0,444.6,99,1.3234,False,False
112,2190000,2190.0,36.5,2220.0,206.0,421.0,100,1.7054,False,False
112,2195000,2195.0,36.583,2225.0,242.8,404.8,122,1.6209,False,False
112,2200000,2200.0,36.667,2230.0,274.4,319.3,128,1.73,False,False
112,2205000,2205.0,36.75,2235.0,235.9,391.8,114,1.6794,False,False
112,2210000,2210.0,36.833,2240.0,300.8,319.3,151,1.6265,False,False
112,2215000,2215.0,36.917,2245.0,340.0,288.4,170,0.6147,False,False
112,2220000,2220.0,37.0,2250.0,272.3,526.3,125,0.2474,False,False
112,2225000,2225.0,37.083,2255.0,268.9,556.6,117,0.2505,False,False
112,2230000,2230.0,37.167,2260.0,259.0,571.2,101,0.1148,False,False
112,2235000,2235.0,37.25,2265.0,178.9,944.8,83,0.0498,False,False
112,2240000,2240.0,37.333,2270.0,99.4,1356.4,50,0.1221,False,False
112,2245000,2245.0,37.417,2275.0,79.3,1267.8,39,0.4866,False,False
112,2250000,2250.0,37.5,2280.0,78.9,1046.5,32,0.3932,False,False
112,2255000,2255.0,37.583,2285.0,92.1,841.5,42,0.6243,False,False
112,2260000,2260.0,37.667,2290.0,85.4,979.5,41,0.5946,False,False
112,2265000,2265.0,37.75,2295.0,102.9,751.5,47,0.6098,False,False
112,2270000,2270.0,37.833,2300.0,155.4,762.7,77,0.2462,False,False
112,2275000,2275.0,37.917,2305.0,180.3,690.2,85,0.3629,False,False
112,2280000,2280.0,38.0,2310.0,188.6,297.9,95,1.502,False,False
112,2285000,2285.0,38.083,2315.0,240.4,243.3,120,1.9923,False,False
112,2290000,2290.0,38.167,2320.0,262.4,233.8,131,3.0683,False,False
112,2295000,2295.0,38.25,2325.0,288.3,184.8,144,4.2208,False,False
112,2300000,2300.0,38.333,2330.0,303.1,184.7,151,10.2281,False,False
112,2305000,2305.0,38.417,2335.0,310.6,152.4,152,9.049,False,False
112,2310000,2310.0,38.5,2340.0,322.1,170.2,160,10.7645,False,False
112,2315000,2315.0,38.583,2345.0,287.4,200.2,143,13.8887,False,False
112,2320000,2320.0,38.667,2350.0,273.0,122.3,137,5.1021,False,False
112,2325000,2325.0,38.75,2355.0,268.3,126.5,134,4.2448,False,False
112,2330000,2330.0,38.833,2360.0,251.3,122.9,123,2.9522,False,False
112,2335000,2335.0,38.917,2365.0,262.5,120.5,131,1.6788,False,False
112,2340000,2340.0,39.0,2370.0,252.0,114.0,126,0.8615,False,False
112,2345000,2345.0,39.083,2375.0,245.4,190.7,123,0.4333,False,False
112,2350000,2350.0,39.167,2380.0,281.6,266.3,141,0.3384,False,False
112,2355000,2355.0,39.25,2385.0,319.7,206.5,144,0.1606,False,False
112,2360000,2360.0,39.333,2390.0,250.8,289.9,116,0.1413,False,False
112,2365000,2365.0,39.417,2395.0,223.7,328.2,85,0.1197,False,False
112,2370000,2370.0,39.5,2400.0,162.0,403.9,68,0.2099,False,False
112,2375000,2375.0,39.583,2405.0,169.4,277.8,85,0.3336,False,False
112,2380000,2380.0,39.667,2410.0,173.5,295.1,87,0.2695,False,False
112,2385000,2385.0,39.75,2415.0,183.1,279.6,92,0.1334,False,False
112,2390000,2390.0,39.833,2420.0,200.4,197.5,101,0.0949,False,False
112,2395000,2395.0,39.917,2425.0,324.6,128.4,114,0.0727,False,False
112,2400000,2400.0,40.0,2430.0,326.6,83.7,135,0.0921,False,False
112,2405000,2405.0,40.083,2435.0,292.7,129.5,142,0.0922,False,False
112,2410000,2410.0,40.167,2440.0,223.2,274.2,111,0.1768,False,False
112,2415000,2415.0,40.25,2445.0,199.2,137.8,100,0.1532,False,False
112,2420000,2420.0,40.333,2450.0,207.9,220.4,103,0.2204,False,False
112,2425000,2425.0,40.417,2455.0,192.5,303.2,96,0.2371,False,False
112,2430000,2430.0,40.5,2460.0,196.4,299.2,97,0.2633,False,False
112,2435000,2435.0,40.583,2465.0,198.0,299.6,99,0.3139,False,False
112,2440000,2440.0,40.667,2470.0,237.2,106.1,119,0.5828,False,False
112,2445000,2445.0,40.75,2475.0,244.5,107.7,121,0.648,False,False
112,2450000,2450.0,40.833,2480.0,232.7,108.9,116,0.422,False,False
112,2455000,2455.0,40.917,2485.0,218.2,109.0,108,0.4216,False,False
112,2460000,2460.0,41.0,2490.0,205.5,113.5,103,0.3483,False,False
112,2465000,2465.0,41.083,2495.0,188.2,101.1,95,0.0467,False,False
112,2470000,2470.0,41.167,2500.0,237.9,135.9,119,0.2568,False,False
112,2475000,2475.0,41.25,2505.0,258.8,141.4,130,0.4652,False,False
112,2480000,2480.0,41.333,2510.0,251.4,145.3,125,0.5215,False,False
112,2485000,2485.0,41.417,2515.0,236.5,145.8,119,0.3495,False,False
112,2490000,2490.0,41.5,2520.0,247.0,196.5,112,0.1185,False,False
112,2495000,2495.0,41.583,2525.0,237.7,208.1,89,0.1113,False,False
112,2500000,2500.0,41.667,2530.0,123.2,1069.2,61,0.037,False,False
112,2505000,2505.0,41.75,2535.0,124.4,1077.5,61,0.0255,False,False
112,2510000,2510.0,41.833,2540.0,118.5,1191.7,59,0.0793,False,False
112,2515000,2515.0,41.917,2545.0,130.3,980.7,60,0.3049,False,False
112,2520000,2520.0,42.0,2550.0,94.0,1007.0,39,1.1651,False,False
112,2525000,2525.0,42.083,2555.0,104.3,936.6,45,0.8304,False,False
112,2530000,2530.0,42.167,2560.0,135.4,659.9,56,1.4611,False,False
112,2535000,2535.0,42.25,2565.0,128.8,1076.7,55,0.7249,False,False
112,2540000,2540.0,42.333,2570.0,89.7,1600.4,45,0.3919,False,False
112,2545000,2545.0,42.417,2575.0,61.5,1444.1,29,0.1522,False,False
112,2550000,2550.0,42.5,2580.0,60.5,1458.9,31,1.5402,False,False
112,2555000,2555.0,42.583,2585.0,76.8,1416.2,33,1.8167,False,False
112,2560000,2560.0,42.667,2590.0,113.4,721.1,32,3.0545,False,False
112,2565000,2565.0,42.75,2595.0,84.1,991.1,34,4.6045,False,False
112,2570000,2570.0,42.833,2600.0,77.7,1296.3,28,3.3862,False,False
112,2575000,2575.0,42.917,2605.0,95.3,959.1,47,4.9357,False,False
112,2580000,2580.0,43.0,2610.0,101.6,868.8,47,4.6497,False,False
112,2585000,2585.0,43.083,2615.0,99.4,829.7,45,5.3558,False,False
112,2590000,2590.0,43.167,2620.0,92.3,757.9,45,3.5544,False,False
112,2595000,2595.0,43.25,2625.0,110.4,657.7,46,3.8863,False,False
112,2600000,2600.0,43.333,2630.0,86.3,1170.1,43,2.9239,False,False
112,2605000,2605.0,43.417,2635.0,107.4,1017.1,51,2.7289,False,False
112,2610000,2610.0,43.5,2640.0,107.9,995.4,51,2.001,False,False
112,2615000,2615.0,43.583,2645.0,149.8,740.2,62,2.2701,False,False
112,2620000,2620.0,43.667,2650.0,125.1,953.9,54,2.4949,False,False
112,2625000,2625.0,43.75,2655.0,117.5,1059.1,57,2.6226,False,False
112,2630000,2630.0,43.833,2660.0,117.9,934.8,59,3.0722,False,False
112,2635000,2635.0,43.917,2665.0,108.2,967.2,52,3.7526,False,False
112,2640000,2640.0,44.0,2670.0,115.0,651.2,43,2.8937,False,False
112,2645000,2645.0,44.083,2675.0,84.8,837.6,40,2.7821,False,False
112,2650000,2650.0,44.167,2680.0,83.4,980.4,42,2.5776,False,False
112,2655000,2655.0,44.25,2685.0,87.0,1040.1,42,2.3137,False,False
112,2660000,2660.0,44.333,2690.0,82.9,1068.2,37,1.8066,False,False
112,2665000,2665.0,44.417,2695.0,67.2,1331.0,34,1.5205,False,False
112,2670000,2670.0,44.5,2700.0,72.8,1288.4,36,1.3217,False,False
112,2675000,2675.0,44.583,2705.0,79.7,1255.4,34,1.2389,False,False
112,2680000,2680.0,44.667,2710.0,85.2,1173.1,38,1.0688,False,False
112,2685000,2685.0,44.75,2715.0,110.6,751.1,48,0.6377,False,False
112,2690000,2690.0,44.833,2720.0,112.7,1021.0,56,0.6768,False,False
112,2695000,2695.0,44.917,2725.0,118.6,950.1,49,0.413,False,False
112,2700000,2700.0,45.0,2730.0,119.9,766.4,60,0.3131,False,False
112,2705000,2705.0,45.083,2735.0,152.5,693.0,75,0.9045,False,False
112,2710000,2710.0,45.167,2740.0,165.9,658.8,83,1.6107,False,False
112,2715000,2715.0,45.25,2745.0,168.0,855.9,79,1.8652,False,False
112,2720000,2720.0,45.333,2750.0,208.0,572.9,82,3.8478,False,False
112,2725000,2725.0,45.417,2755.0,161.8,636.8,78,3.167,False,False
112,2730000,2730.0,45.5,2760.0,148.6,575.6,62,1.7169,False,False
112,2735000,2735.0,45.583,2765.0,144.3,888.9,65,1.1452,False,False
112,2740000,2740.0,45.667,2770.0,118.4,1076.8,57,1.2277,False,False
112,2745000,2745.0,45.75,2775.0,128.4,1172.0,64,1.0182,False,False
112,2750000,2750.0,45.833,2780.0,145.5,1109.5,72,2.27,False,False
112,2755000,2755.0,45.917,2785.0,162.5,914.9,81,3.5509,False,False
112,2760000,2760.0,46.0,2790.0,217.3,736.8,104,2.0799,False,False
112,2765000,2765.0,46.083,2795.0,333.2,332.5,131,22.9801,False,False
112,2770000,2770.0,46.167,2800.0,326.6,518.3,154,15.9812,False,False
112,2775000,2775.0,46.25,2805.0,578.5,154.0,177,14.6117,False,False
112,2780000,2780.0,46.333,2810.0,423.3,343.3,165,11.7149,False,False
112,2785000,2785.0,46.417,2815.0,389.6,354.2,164,7.018,False,False
112,2790000,2790.0,46.5,2820.0,328.8,575.2,161,7.951,False,False
112,2795000,2795.0,46.583,2825.0,473.0,316.6,158,6.4021,False,False
112,2800000,2800.0,46.667,2830.0,295.3,704.6,145,6.8784,False,False
112,2805000,2805.0,46.75,2835.0,240.3,563.1,116,7.1491,False,False
112,2810000,2810.0,46.833,2840.0,224.2,542.8,113,12.0674,False,False
112,2815000,2815.0,46.917,2845.0,236.2,311.1,119,174.3429,False,False
112,2820000,2820.0,47.0,2850.0,245.2,324.6,122,155.4833,False,False
112,2825000,2825.0,47.083,2855.0,278.0,231.0,139,162.5723,False,False
112,2830000,2830.0,47.167,2860.0,240.1,372.2,121,121.3058,False,False
112,2835000,2835.0,47.25,2865.0,250.2,394.8,126,20.8365,False,False
112,2840000,2840.0,47.333,2870.0,261.4,472.5,130,19.8364,False,False
112,2845000,2845.0,47.417,2875.0,258.1,418.1,130,19.9809,False,False
112,2850000,2850.0,47.5,2880.0,273.0,392.5,130,19.6002,False,False
112,2855000,2855.0,47.583,2885.0,270.2,397.4,134,20.3893,False,False
112,2860000,2860.0,47.667,2890.0,256.3,352.8,127,40.9707,False,False
112,2865000,2865.0,47.75,2895.0,242.7,288.3,121,187.1982,False,False
112,2870000,2870.0,47.833,2900.0,239.5,259.6,118,217.1706,False,False
112,2875000,2875.0,47.917,2905.0,259.1,231.6,130,172.2728,False,False
112,2880000,2880.0,48.0,2910.0,246.0,275.7,123,192.8354,False,False
112,2885000,2885.0,48.083,2915.0,249.7,256.4,124,170.0482,False,False
112,2890000,2890.0,48.167,2920.0,258.0,231.5,126,182.7446,False,False
112,2895000,2895.0,48.25,2925.0,254.9,240.7,127,166.9697,False,False
112,2900000,2900.0,48.333,2930.0,268.2,244.9,135,145.7055,False,False
112,2905000,2905.0,48.417,2935.0,268.4,243.7,133,136.2875,False,False
112,2910000,2910.0,48.5,2940.0,278.3,225.4,140,140.298,False,False
112,2915000,2915.0,48.583,2945.0,272.7,263.8,133,139.0397,False,False
112,2920000,2920.0,48.667,2950.0,294.8,217.2,148,127.3273,False,False
112,2925000,2925.0,48.75,2955.0,279.2,331.6,140,34.5607,False,False
112,2930000,2930.0,48.833,2960.0,292.3,368.6,146,18.1623,False,False
112,2935000,2935.0,48.917,2965.0,311.6,566.5,141,10.5628,False,False
112,2940000,2940.0,49.0,2970.0,444.4,178.4,157,15.2789,False,False
112,2945000,2945.0,49.083,2975.0,374.5,233.6,162,10.0759,False,False
112,2950000,2950.0,49.167,2980.0,294.5,303.3,148,9.2136,False,False
112,2955000,2955.0,49.25,2985.0,324.0,248.3,159,7.4532,False,False
112,2960000,2960.0,49.333,2990.0,316.7,246.5,158,5.7993,False,False
112,2965000,2965.0,49.417,2995.0,323.4,422.6,160,6.4534,False,False
